region,data_type,year,month,value
Kagera,rainfall,2000,Jan.,
Kagera,rainfall,2001,Jan.,6.532
Kagera,rainfall,2002,Jan.,1.805
Kagera,rainfall,2003,Jan.,7.727
Kagera,rainfall,2004,Jan.,1.912
Kagera,rainfall,2005,Jan.,0.642
Kagera,rainfall,2006,Jan.,3.01
Kagera,rainfall,2007,Jan.,0.452
Kagera,rainfall,2008,Jan.,0.636
Kagera,rainfall,2009,Jan.,1.256
Kagera,rainfall,2010,Jan.,9.289
Kagera,rainfall,2011,Jan.,1.788
Kagera,rainfall,2012,Jan.,0.458
Kagera,rainfall,2013,Jan.,2.435
Kagera,rainfall,2014,Jan.,1.243
Kagera,rainfall,2015,Jan.,0.84
Kagera,rainfall,2016,Jan.,0.09
Kagera,rainfall,2017,Jan.,2.828
Kagera,rainfall,2018,Jan.,1.229
Kagera,rainfall,2019,Jan.,0.852
Kagera,rainfall,2020,Jan.,2.138
Kagera,rainfall,2021,Jan.,0.717
Kagera,rainfall,2022,Jan.,3.365
Kagera,rainfall,2023,Jan.,0.505
Kagera,rainfall,2024,Jan.,0.711
Kagera,rainfall,2025,Jan.,1.404
Kagera,rainfall,2026,Jan.,10.385
Kagera,rainfall,2027,Jan.,1.999
Kagera,rainfall,2028,Jan.,0.512
Kagera,rainfall,2029,Jan.,2.722
Kagera,rainfall,2030,Jan.,1.389
Kagera,rainfall,2031,Jan.,0.94
Kagera,rainfall,2032,Jan.,0.101
Kagera,rainfall,2033,Jan.,3.161
Kagera,rainfall,2034,Jan.,1.374
Kagera,rainfall,2035,Jan.,0.953
Kagera,rainfall,2000,Feb.,
Kagera,rainfall,2001,Feb.,0.252
Kagera,rainfall,2002,Feb.,0.13
Kagera,rainfall,2003,Feb.,0.207
Kagera,rainfall,2004,Feb.,7.162
Kagera,rainfall,2005,Feb.,5.139
Kagera,rainfall,2006,Feb.,1.432
Kagera,rainfall,2007,Feb.,4.596
Kagera,rainfall,2008,Feb.,0.113
Kagera,rainfall,2009,Feb.,2.88
Kagera,rainfall,2010,Feb.,0.148
Kagera,rainfall,2011,Feb.,5.952
Kagera,rainfall,2012,Feb.,0.174
Kagera,rainfall,2013,Feb.,3.807
Kagera,rainfall,2014,Feb.,3.372
Kagera,rainfall,2015,Feb.,0.425
Kagera,rainfall,2016,Feb.,0.7
Kagera,rainfall,2017,Feb.,1.482
Kagera,rainfall,2018,Feb.,0.046
Kagera,rainfall,2019,Feb.,0.166
Kagera,rainfall,2020,Feb.,7.685
Kagera,rainfall,2021,Feb.,5.514
Kagera,rainfall,2022,Feb.,1.537
Kagera,rainfall,2023,Feb.,4.931
Kagera,rainfall,2024,Feb.,0.121
Kagera,rainfall,2025,Feb.,3.09
Kagera,rainfall,2026,Feb.,0.159
Kagera,rainfall,2027,Feb.,6.386
Kagera,rainfall,2028,Feb.,0.187
Kagera,rainfall,2029,Feb.,4.085
Kagera,rainfall,2030,Feb.,3.618
Kagera,rainfall,2031,Feb.,0.456
Kagera,rainfall,2032,Feb.,0.751
Kagera,rainfall,2033,Feb.,1.59
Kagera,rainfall,2034,Feb.,0.05
Kagera,rainfall,2035,Feb.,0.178
Kagera,rainfall,2000,March,
Kagera,rainfall,2001,March,1.093
Kagera,rainfall,2002,March,3.157
Kagera,rainfall,2003,March,2.288
Kagera,rainfall,2004,March,10.909
Kagera,rainfall,2005,March,1.898
Kagera,rainfall,2006,March,4.493
Kagera,rainfall,2007,March,1.735
Kagera,rainfall,2008,March,3.804
Kagera,rainfall,2009,March,2.605
Kagera,rainfall,2010,March,5.614
Kagera,rainfall,2011,March,0.567
Kagera,rainfall,2012,March,12.006
Kagera,rainfall,2013,March,0.34
Kagera,rainfall,2014,March,0.102
Kagera,rainfall,2015,March,0.833
Kagera,rainfall,2016,March,0.797
Kagera,rainfall,2017,March,4.145
Kagera,rainfall,2018,March,5.688
Kagera,rainfall,2019,March,0.569
Kagera,rainfall,2020,March,11.536
Kagera,rainfall,2021,March,2.007
Kagera,rainfall,2022,March,4.752
Kagera,rainfall,2023,March,1.835
Kagera,rainfall,2024,March,4.022
Kagera,rainfall,2025,March,2.755
Kagera,rainfall,2026,March,5.936
Kagera,rainfall,2027,March,0.599
Kagera,rainfall,2028,March,12.696
Kagera,rainfall,2029,March,0.359
Kagera,rainfall,2030,March,0.108
Kagera,rainfall,2031,March,0.881
Kagera,rainfall,2032,March,0.843
Kagera,rainfall,2033,March,4.383
Kagera,rainfall,2034,March,6.015
Kagera,rainfall,2035,March,0.602
Kagera,rainfall,2000,April,
Kagera,rainfall,2001,April,6.323
Kagera,rainfall,2002,April,6.455
Kagera,rainfall,2003,April,4.336
Kagera,rainfall,2004,April,3.386
Kagera,rainfall,2005,April,0.247
Kagera,rainfall,2006,April,2.698
Kagera,rainfall,2007,April,0.414
Kagera,rainfall,2008,April,2.188
Kagera,rainfall,2009,April,1.379
Kagera,rainfall,2010,April,5.85
Kagera,rainfall,2011,April,5.909
Kagera,rainfall,2012,April,3.387
Kagera,rainfall,2013,April,1.101
Kagera,rainfall,2014,April,16.452
Kagera,rainfall,2015,April,6.38
Kagera,rainfall,2016,April,17.529
Kagera,rainfall,2017,April,2.328
Kagera,rainfall,2018,April,6.223
Kagera,rainfall,2019,April,4.817
Kagera,rainfall,2020,April,3.171
Kagera,rainfall,2021,April,0.231
Kagera,rainfall,2022,April,2.527
Kagera,rainfall,2023,April,0.387
Kagera,rainfall,2024,April,2.049
Kagera,rainfall,2025,April,1.292
Kagera,rainfall,2026,April,5.478
Kagera,rainfall,2027,April,5.534
Kagera,rainfall,2028,April,3.172
Kagera,rainfall,2029,April,1.031
Kagera,rainfall,2030,April,15.408
Kagera,rainfall,2031,April,5.974
Kagera,rainfall,2032,April,16.416
Kagera,rainfall,2033,April,2.18
Kagera,rainfall,2034,April,5.827
Kagera,rainfall,2035,April,4.511
Kagera,rainfall,2000,May,
Kagera,rainfall,2001,May,4.482
Kagera,rainfall,2002,May,1.155
Kagera,rainfall,2003,May,9.235
Kagera,rainfall,2004,May,2.86
Kagera,rainfall,2005,May,6.104
Kagera,rainfall,2006,May,3.827
Kagera,rainfall,2007,May,0.49
Kagera,rainfall,2008,May,2.265
Kagera,rainfall,2009,May,3.346
Kagera,rainfall,2010,May,8.852
Kagera,rainfall,2011,May,3.575
Kagera,rainfall,2012,May,3.626
Kagera,rainfall,2013,May,5.533
Kagera,rainfall,2014,May,0.46
Kagera,rainfall,2015,May,1.836
Kagera,rainfall,2016,May,3.718
Kagera,rainfall,2017,May,4.094
Kagera,rainfall,2018,May,3.795
Kagera,rainfall,2019,May,3.278
Kagera,rainfall,2020,May,2.78
Kagera,rainfall,2021,May,5.933
Kagera,rainfall,2022,May,3.72
Kagera,rainfall,2023,May,0.476
Kagera,rainfall,2024,May,2.202
Kagera,rainfall,2025,May,3.252
Kagera,rainfall,2026,May,8.604
Kagera,rainfall,2027,May,3.475
Kagera,rainfall,2028,May,3.524
Kagera,rainfall,2029,May,5.378
Kagera,rainfall,2030,May,0.447
Kagera,rainfall,2031,May,1.784
Kagera,rainfall,2032,May,3.614
Kagera,rainfall,2033,May,3.98
Kagera,rainfall,2034,May,3.689
Kagera,rainfall,2035,May,3.186
Kagera,rainfall,2000,June,
Kagera,rainfall,2001,June,0.254
Kagera,rainfall,2002,June,0.02
Kagera,rainfall,2003,June,2.262
Kagera,rainfall,2004,June,0.454
Kagera,rainfall,2005,June,0.277
Kagera,rainfall,2006,June,0.022
Kagera,rainfall,2007,June,5.142
Kagera,rainfall,2008,June,1.524
Kagera,rainfall,2009,June,2.944
Kagera,rainfall,2010,June,0.263
Kagera,rainfall,2011,June,0.109
Kagera,rainfall,2012,June,0.197
Kagera,rainfall,2013,June,0.934
Kagera,rainfall,2014,June,0.388
Kagera,rainfall,2015,June,1.935
Kagera,rainfall,2016,June,0.175
Kagera,rainfall,2017,June,0.12
Kagera,rainfall,2018,June,0.19
Kagera,rainfall,2019,June,4.417
Kagera,rainfall,2020,June,0.486
Kagera,rainfall,2021,June,0.297
Kagera,rainfall,2022,June,0.023
Kagera,rainfall,2023,June,5.512
Kagera,rainfall,2024,June,1.633
Kagera,rainfall,2025,June,3.156
Kagera,rainfall,2026,June,0.281
Kagera,rainfall,2027,June,0.116
Kagera,rainfall,2028,June,0.211
Kagera,rainfall,2029,June,1.001
Kagera,rainfall,2030,June,0.416
Kagera,rainfall,2031,June,2.074
Kagera,rainfall,2032,June,0.187
Kagera,rainfall,2033,June,0.129
Kagera,rainfall,2034,June,0.204
Kagera,rainfall,2035,June,4.735
Kagera,rainfall,2000,July,
Kagera,rainfall,2001,July,0.092
Kagera,rainfall,2002,July,0.045
Kagera,rainfall,2003,July,0.19
Kagera,rainfall,2004,July,0.107
Kagera,rainfall,2005,July,0.4
Kagera,rainfall,2006,July,0.055
Kagera,rainfall,2007,July,0.75
Kagera,rainfall,2008,July,0.034
Kagera,rainfall,2009,July,0.17
Kagera,rainfall,2010,July,0.153
Kagera,rainfall,2011,July,0.14
Kagera,rainfall,2012,July,0.142
Kagera,rainfall,2013,July,0.255
Kagera,rainfall,2014,July,0.138
Kagera,rainfall,2015,July,0.536
Kagera,rainfall,2016,July,0.331
Kagera,rainfall,2017,July,0.021
Kagera,rainfall,2018,July,0.064
Kagera,rainfall,2019,July,0.167
Kagera,rainfall,2020,July,0.209
Kagera,rainfall,2021,July,0.776
Kagera,rainfall,2022,July,0.106
Kagera,rainfall,2023,July,1.455
Kagera,rainfall,2024,July,0.066
Kagera,rainfall,2025,July,0.329
Kagera,rainfall,2026,July,0.297
Kagera,rainfall,2027,July,0.272
Kagera,rainfall,2028,July,0.276
Kagera,rainfall,2029,July,0.494
Kagera,rainfall,2030,July,0.267
Kagera,rainfall,2031,July,1.041
Kagera,rainfall,2032,July,0.642
Kagera,rainfall,2033,July,0.042
Kagera,rainfall,2034,July,0.124
Kagera,rainfall,2035,July,0.324
Kagera,rainfall,2000,Aug.,
Kagera,rainfall,2001,Aug.,0.088
Kagera,rainfall,2002,Aug.,1.06
Kagera,rainfall,2003,Aug.,0.234
Kagera,rainfall,2004,Aug.,1.097
Kagera,rainfall,2005,Aug.,0.085
Kagera,rainfall,2006,Aug.,0.331
Kagera,rainfall,2007,Aug.,0.214
Kagera,rainfall,2008,Aug.,0.579
Kagera,rainfall,2009,Aug.,0.103
Kagera,rainfall,2010,Aug.,0.2
Kagera,rainfall,2011,Aug.,0.21
Kagera,rainfall,2012,Aug.,0.143
Kagera,rainfall,2013,Aug.,0.226
Kagera,rainfall,2014,Aug.,0.192
Kagera,rainfall,2015,Aug.,0.282
Kagera,rainfall,2016,Aug.,0.219
Kagera,rainfall,2017,Aug.,1.112
Kagera,rainfall,2018,Aug.,1.323
Kagera,rainfall,2019,Aug.,1.109
Kagera,rainfall,2020,Aug.,1.634
Kagera,rainfall,2021,Aug.,0.127
Kagera,rainfall,2022,Aug.,0.493
Kagera,rainfall,2023,Aug.,0.319
Kagera,rainfall,2024,Aug.,0.862
Kagera,rainfall,2025,Aug.,0.153
Kagera,rainfall,2026,Aug.,0.298
Kagera,rainfall,2027,Aug.,0.312
Kagera,rainfall,2028,Aug.,0.214
Kagera,rainfall,2029,Aug.,0.337
Kagera,rainfall,2030,Aug.,0.285
Kagera,rainfall,2031,Aug.,0.42
Kagera,rainfall,2032,Aug.,0.326
Kagera,rainfall,2033,Aug.,1.655
Kagera,rainfall,2034,Aug.,1.97
Kagera,rainfall,2035,Aug.,1.651
Kagera,rainfall,2000,Sept.,3.584
Kagera,rainfall,2001,Sept.,0.72
Kagera,rainfall,2002,Sept.,1.034
Kagera,rainfall,2003,Sept.,1.375
Kagera,rainfall,2004,Sept.,1.846
Kagera,rainfall,2005,Sept.,0.158
Kagera,rainfall,2006,Sept.,0.492
Kagera,rainfall,2007,Sept.,3.975
Kagera,rainfall,2008,Sept.,1.664
Kagera,rainfall,2009,Sept.,0.849
Kagera,rainfall,2010,Sept.,0.333
Kagera,rainfall,2011,Sept.,3.993
Kagera,rainfall,2012,Sept.,1.365
Kagera,rainfall,2013,Sept.,5.266
Kagera,rainfall,2014,Sept.,1.875
Kagera,rainfall,2015,Sept.,2.405
Kagera,rainfall,2016,Sept.,0.177
Kagera,rainfall,2017,Sept.,1.69
Kagera,rainfall,2018,Sept.,0.081
Kagera,rainfall,2019,Sept.,3.146
Kagera,rainfall,2020,Sept.,2.253
Kagera,rainfall,2021,Sept.,0.192
Kagera,rainfall,2022,Sept.,0.601
Kagera,rainfall,2023,Sept.,4.851
Kagera,rainfall,2024,Sept.,2.031
Kagera,rainfall,2025,Sept.,1.036
Kagera,rainfall,2026,Sept.,0.407
Kagera,rainfall,2027,Sept.,4.874
Kagera,rainfall,2028,Sept.,1.666
Kagera,rainfall,2029,Sept.,6.427
Kagera,rainfall,2030,Sept.,2.288
Kagera,rainfall,2031,Sept.,2.935
Kagera,rainfall,2032,Sept.,0.216
Kagera,rainfall,2033,Sept.,2.062
Kagera,rainfall,2034,Sept.,0.099
Kagera,rainfall,2035,Sept.,3.839
Kagera,rainfall,2000,Oct.,1.646
Kagera,rainfall,2001,Oct.,0.524
Kagera,rainfall,2002,Oct.,3.32
Kagera,rainfall,2003,Oct.,1.329
Kagera,rainfall,2004,Oct.,1.445
Kagera,rainfall,2005,Oct.,0.43
Kagera,rainfall,2006,Oct.,2.309
Kagera,rainfall,2007,Oct.,6.146
Kagera,rainfall,2008,Oct.,0.696
Kagera,rainfall,2009,Oct.,1.358
Kagera,rainfall,2010,Oct.,0.311
Kagera,rainfall,2011,Oct.,4.344
Kagera,rainfall,2012,Oct.,0.802
Kagera,rainfall,2013,Oct.,1.495
Kagera,rainfall,2014,Oct.,3.257
Kagera,rainfall,2015,Oct.,3.041
Kagera,rainfall,2016,Oct.,7.912
Kagera,rainfall,2017,Oct.,0.899
Kagera,rainfall,2018,Oct.,0.167
Kagera,rainfall,2019,Oct.,1.31
Kagera,rainfall,2020,Oct.,1.519
Kagera,rainfall,2021,Oct.,0.452
Kagera,rainfall,2022,Oct.,2.427
Kagera,rainfall,2023,Oct.,6.46
Kagera,rainfall,2024,Oct.,0.732
Kagera,rainfall,2025,Oct.,1.428
Kagera,rainfall,2026,Oct.,0.327
Kagera,rainfall,2027,Oct.,4.566
Kagera,rainfall,2028,Oct.,0.843
Kagera,rainfall,2029,Oct.,1.572
Kagera,rainfall,2030,Oct.,3.423
Kagera,rainfall,2031,Oct.,3.196
Kagera,rainfall,2032,Oct.,8.315
Kagera,rainfall,2033,Oct.,0.945
Kagera,rainfall,2034,Oct.,0.175
Kagera,rainfall,2035,Oct.,1.377
Kagera,rainfall,2000,Nov.,1.415
Kagera,rainfall,2001,Nov.,2.974
Kagera,rainfall,2002,Nov.,2.322
Kagera,rainfall,2003,Nov.,5.169
Kagera,rainfall,2004,Nov.,2.859
Kagera,rainfall,2005,Nov.,2.133
Kagera,rainfall,2006,Nov.,10.331
Kagera,rainfall,2007,Nov.,2.364
Kagera,rainfall,2008,Nov.,2.009
Kagera,rainfall,2009,Nov.,5.497
Kagera,rainfall,2010,Nov.,1.943
Kagera,rainfall,2011,Nov.,0.841
Kagera,rainfall,2012,Nov.,8.968
Kagera,rainfall,2013,Nov.,2.763
Kagera,rainfall,2014,Nov.,0.953
Kagera,rainfall,2015,Nov.,2.653
Kagera,rainfall,2016,Nov.,8.806
Kagera,rainfall,2017,Nov.,0.179
Kagera,rainfall,2018,Nov.,3.875
Kagera,rainfall,2019,Nov.,2.003
Kagera,rainfall,2020,Nov.,2.941
Kagera,rainfall,2021,Nov.,2.195
Kagera,rainfall,2022,Nov.,10.631
Kagera,rainfall,2023,Nov.,2.432
Kagera,rainfall,2024,Nov.,2.067
Kagera,rainfall,2025,Nov.,5.656
Kagera,rainfall,2026,Nov.,1.999
Kagera,rainfall,2027,Nov.,0.865
Kagera,rainfall,2028,Nov.,9.228
Kagera,rainfall,2029,Nov.,2.843
Kagera,rainfall,2030,Nov.,0.98
Kagera,rainfall,2031,Nov.,2.729
Kagera,rainfall,2032,Nov.,9.062
Kagera,rainfall,2033,Nov.,0.184
Kagera,rainfall,2034,Nov.,3.988
Kagera,rainfall,2035,Nov.,2.062
Kagera,rainfall,2000,Dec.,0.123
Kagera,rainfall,2001,Dec.,4.383
Kagera,rainfall,2002,Dec.,0.375
Kagera,rainfall,2003,Dec.,1.98
Kagera,rainfall,2004,Dec.,1.99
Kagera,rainfall,2005,Dec.,1.753
Kagera,rainfall,2006,Dec.,1.976
Kagera,rainfall,2007,Dec.,0.908
Kagera,rainfall,2008,Dec.,0.393
Kagera,rainfall,2009,Dec.,2.267
Kagera,rainfall,2010,Dec.,1.686
Kagera,rainfall,2011,Dec.,1.613
Kagera,rainfall,2012,Dec.,0.383
Kagera,rainfall,2013,Dec.,1.066
Kagera,rainfall,2014,Dec.,2.913
Kagera,rainfall,2015,Dec.,0.973
Kagera,rainfall,2016,Dec.,0.385
Kagera,rainfall,2017,Dec.,0.405
Kagera,rainfall,2018,Dec.,2.37
Kagera,rainfall,2019,Dec.,2.945
Kagera,rainfall,2020,Dec.,2.122
Kagera,rainfall,2021,Dec.,1.87
Kagera,rainfall,2022,Dec.,2.107
Kagera,rainfall,2023,Dec.,0.968
Kagera,rainfall,2024,Dec.,0.42
Kagera,rainfall,2025,Dec.,2.417
Kagera,rainfall,2026,Dec.,1.799
Kagera,rainfall,2027,Dec.,1.721
Kagera,rainfall,2028,Dec.,0.408
Kagera,rainfall,2029,Dec.,1.137
Kagera,rainfall,2030,Dec.,3.107
Kagera,rainfall,2031,Dec.,1.038
Kagera,rainfall,2032,Dec.,0.411
Kagera,rainfall,2033,Dec.,0.432
Kagera,rainfall,2034,Dec.,2.528
Kagera,rainfall,2035,Dec.,3.14
Lake Victoria,rainfall,2000,Jan.,
Lake Victoria,rainfall,2001,Jan.,5.157
Lake Victoria,rainfall,2002,Jan.,3.202
Lake Victoria,rainfall,2003,Jan.,6.092
Lake Victoria,rainfall,2004,Jan.,1.413
Lake Victoria,rainfall,2005,Jan.,0.166
Lake Victoria,rainfall,2006,Jan.,0.715
Lake Victoria,rainfall,2007,Jan.,1.967
Lake Victoria,rainfall,2008,Jan.,0.509
Lake Victoria,rainfall,2009,Jan.,1.166
Lake Victoria,rainfall,2010,Jan.,15.081
Lake Victoria,rainfall,2011,Jan.,2.047
Lake Victoria,rainfall,2012,Jan.,0.23
Lake Victoria,rainfall,2013,Jan.,0.632
Lake Victoria,rainfall,2014,Jan.,7.851
Lake Victoria,rainfall,2015,Jan.,1.855
Lake Victoria,rainfall,2016,Jan.,0.221
Lake Victoria,rainfall,2017,Jan.,6.04
Lake Victoria,rainfall,2018,Jan.,4.783
Lake Victoria,rainfall,2019,Jan.,1.223
Lake Victoria,rainfall,2020,Jan.,1.765
Lake Victoria,rainfall,2021,Jan.,0.208
Lake Victoria,rainfall,2022,Jan.,0.894
Lake Victoria,rainfall,2023,Jan.,2.457
Lake Victoria,rainfall,2024,Jan.,0.636
Lake Victoria,rainfall,2025,Jan.,1.456
Lake Victoria,rainfall,2026,Jan.,18.836
Lake Victoria,rainfall,2027,Jan.,2.557
Lake Victoria,rainfall,2028,Jan.,0.287
Lake Victoria,rainfall,2029,Jan.,0.789
Lake Victoria,rainfall,2030,Jan.,9.806
Lake Victoria,rainfall,2031,Jan.,2.317
Lake Victoria,rainfall,2032,Jan.,0.276
Lake Victoria,rainfall,2033,Jan.,7.544
Lake Victoria,rainfall,2034,Jan.,5.975
Lake Victoria,rainfall,2035,Jan.,1.527
Lake Victoria,rainfall,2000,Feb.,
Lake Victoria,rainfall,2001,Feb.,0.185
Lake Victoria,rainfall,2002,Feb.,0.155
Lake Victoria,rainfall,2003,Feb.,0.124
Lake Victoria,rainfall,2004,Feb.,6.107
Lake Victoria,rainfall,2005,Feb.,7.219
Lake Victoria,rainfall,2006,Feb.,2.824
Lake Victoria,rainfall,2007,Feb.,3.246
Lake Victoria,rainfall,2008,Feb.,0.634
Lake Victoria,rainfall,2009,Feb.,3.091
Lake Victoria,rainfall,2010,Feb.,0.279
Lake Victoria,rainfall,2011,Feb.,13.321
Lake Victoria,rainfall,2012,Feb.,0.241
Lake Victoria,rainfall,2013,Feb.,20.059
Lake Victoria,rainfall,2014,Feb.,1.805
Lake Victoria,rainfall,2015,Feb.,0.264
Lake Victoria,rainfall,2016,Feb.,0.855
Lake Victoria,rainfall,2017,Feb.,5.101
Lake Victoria,rainfall,2018,Feb.,0.244
Lake Victoria,rainfall,2019,Feb.,0.302
Lake Victoria,rainfall,2020,Feb.,6.638
Lake Victoria,rainfall,2021,Feb.,7.847
Lake Victoria,rainfall,2022,Feb.,3.07
Lake Victoria,rainfall,2023,Feb.,3.529
Lake Victoria,rainfall,2024,Feb.,0.689
Lake Victoria,rainfall,2025,Feb.,3.36
Lake Victoria,rainfall,2026,Feb.,0.304
Lake Victoria,rainfall,2027,Feb.,14.479
Lake Victoria,rainfall,2028,Feb.,0.262
Lake Victoria,rainfall,2029,Feb.,21.804
Lake Victoria,rainfall,2030,Feb.,1.962
Lake Victoria,rainfall,2031,Feb.,0.287
Lake Victoria,rainfall,2032,Feb.,0.929
Lake Victoria,rainfall,2033,Feb.,5.544
Lake Victoria,rainfall,2034,Feb.,0.265
Lake Victoria,rainfall,2035,Feb.,0.329
Lake Victoria,rainfall,2000,March,
Lake Victoria,rainfall,2001,March,1.094
Lake Victoria,rainfall,2002,March,5.257
Lake Victoria,rainfall,2003,March,1.886
Lake Victoria,rainfall,2004,March,5.996
Lake Victoria,rainfall,2005,March,2.646
Lake Victoria,rainfall,2006,March,4.714
Lake Victoria,rainfall,2007,March,2.843
Lake Victoria,rainfall,2008,March,1.548
Lake Victoria,rainfall,2009,March,12.229
Lake Victoria,rainfall,2010,March,13.662
Lake Victoria,rainfall,2011,March,0.327
Lake Victoria,rainfall,2012,March,11.011
Lake Victoria,rainfall,2013,March,0.207
Lake Victoria,rainfall,2014,March,0.776
Lake Victoria,rainfall,2015,March,0.485
Lake Victoria,rainfall,2016,March,0.609
Lake Victoria,rainfall,2017,March,8.465
Lake Victoria,rainfall,2018,March,13.828
Lake Victoria,rainfall,2019,March,1.471
Lake Victoria,rainfall,2020,March,6.881
Lake Victoria,rainfall,2021,March,3.037
Lake Victoria,rainfall,2022,March,5.409
Lake Victoria,rainfall,2023,March,3.263
Lake Victoria,rainfall,2024,March,1.777
Lake Victoria,rainfall,2025,March,14.032
Lake Victoria,rainfall,2026,March,15.677
Lake Victoria,rainfall,2027,March,0.376
Lake Victoria,rainfall,2028,March,12.635
Lake Victoria,rainfall,2029,March,0.237
Lake Victoria,rainfall,2030,March,0.89
Lake Victoria,rainfall,2031,March,0.557
Lake Victoria,rainfall,2032,March,0.699
Lake Victoria,rainfall,2033,March,9.713
Lake Victoria,rainfall,2034,March,15.867
Lake Victoria,rainfall,2035,March,1.688
Lake Victoria,rainfall,2000,April,
Lake Victoria,rainfall,2001,April,6.969
Lake Victoria,rainfall,2002,April,12.94
Lake Victoria,rainfall,2003,April,2.304
Lake Victoria,rainfall,2004,April,3.856
Lake Victoria,rainfall,2005,April,0.284
Lake Victoria,rainfall,2006,April,5.523
Lake Victoria,rainfall,2007,April,0.528
Lake Victoria,rainfall,2008,April,0.436
Lake Victoria,rainfall,2009,April,9.067
Lake Victoria,rainfall,2010,April,11.599
Lake Victoria,rainfall,2011,April,7.266
Lake Victoria,rainfall,2012,April,9.41
Lake Victoria,rainfall,2013,April,6.945
Lake Victoria,rainfall,2014,April,12.133
Lake Victoria,rainfall,2015,April,10.113
Lake Victoria,rainfall,2016,April,22.771
Lake Victoria,rainfall,2017,April,2.008
Lake Victoria,rainfall,2018,April,5.8
Lake Victoria,rainfall,2019,April,3.134
Lake Victoria,rainfall,2020,April,3.81
Lake Victoria,rainfall,2021,April,0.281
Lake Victoria,rainfall,2022,April,5.457
Lake Victoria,rainfall,2023,April,0.522
Lake Victoria,rainfall,2024,April,0.431
Lake Victoria,rainfall,2025,April,8.958
Lake Victoria,rainfall,2026,April,11.46
Lake Victoria,rainfall,2027,April,7.179
Lake Victoria,rainfall,2028,April,9.297
Lake Victoria,rainfall,2029,April,6.861
Lake Victoria,rainfall,2030,April,11.987
Lake Victoria,rainfall,2031,April,9.991
Lake Victoria,rainfall,2032,April,22.497
Lake Victoria,rainfall,2033,April,1.984
Lake Victoria,rainfall,2034,April,5.73
Lake Victoria,rainfall,2035,April,3.096
Lake Victoria,rainfall,2000,May,
Lake Victoria,rainfall,2001,May,6.494
Lake Victoria,rainfall,2002,May,6.173
Lake Victoria,rainfall,2003,May,17.843
Lake Victoria,rainfall,2004,May,14.348
Lake Victoria,rainfall,2005,May,11.189
Lake Victoria,rainfall,2006,May,7.193
Lake Victoria,rainfall,2007,May,4.509
Lake Victoria,rainfall,2008,May,4.913
Lake Victoria,rainfall,2009,May,18.085
Lake Victoria,rainfall,2010,May,10.518
Lake Victoria,rainfall,2011,May,10.1
Lake Victoria,rainfall,2012,May,8.065
Lake Victoria,rainfall,2013,May,10.836
Lake Victoria,rainfall,2014,May,3.809
Lake Victoria,rainfall,2015,May,6.286
Lake Victoria,rainfall,2016,May,11.018
Lake Victoria,rainfall,2017,May,14.321
Lake Victoria,rainfall,2018,May,11.101
Lake Victoria,rainfall,2019,May,1.092
Lake Victoria,rainfall,2020,May,13.832
Lake Victoria,rainfall,2021,May,10.786
Lake Victoria,rainfall,2022,May,6.934
Lake Victoria,rainfall,2023,May,4.346
Lake Victoria,rainfall,2024,May,4.736
Lake Victoria,rainfall,2025,May,17.434
Lake Victoria,rainfall,2026,May,10.14
Lake Victoria,rainfall,2027,May,9.737
Lake Victoria,rainfall,2028,May,7.775
Lake Victoria,rainfall,2029,May,10.446
Lake Victoria,rainfall,2030,May,3.672
Lake Victoria,rainfall,2031,May,6.059
Lake Victoria,rainfall,2032,May,10.621
Lake Victoria,rainfall,2033,May,13.805
Lake Victoria,rainfall,2034,May,10.701
Lake Victoria,rainfall,2035,May,1.053
Lake Victoria,rainfall,2000,June,
Lake Victoria,rainfall,2001,June,2.879
Lake Victoria,rainfall,2002,June,1.082
Lake Victoria,rainfall,2003,June,6.615
Lake Victoria,rainfall,2004,June,0.275
Lake Victoria,rainfall,2005,June,0.414
Lake Victoria,rainfall,2006,June,2.054
Lake Victoria,rainfall,2007,June,13.67
Lake Victoria,rainfall,2008,June,2.98
Lake Victoria,rainfall,2009,June,6.643
Lake Victoria,rainfall,2010,June,1.012
Lake Victoria,rainfall,2011,June,2.128
Lake Victoria,rainfall,2012,June,1.892
Lake Victoria,rainfall,2013,June,1.238
Lake Victoria,rainfall,2014,June,1.837
Lake Victoria,rainfall,2015,June,9.752
Lake Victoria,rainfall,2016,June,0.513
Lake Victoria,rainfall,2017,June,1.836
Lake Victoria,rainfall,2018,June,2.739
Lake Victoria,rainfall,2019,June,5.615
Lake Victoria,rainfall,2020,June,0.3
Lake Victoria,rainfall,2021,June,0.452
Lake Victoria,rainfall,2022,June,2.24
Lake Victoria,rainfall,2023,June,14.907
Lake Victoria,rainfall,2024,June,3.25
Lake Victoria,rainfall,2025,June,7.244
Lake Victoria,rainfall,2026,June,1.104
Lake Victoria,rainfall,2027,June,2.32
Lake Victoria,rainfall,2028,June,2.064
Lake Victoria,rainfall,2029,June,1.35
Lake Victoria,rainfall,2030,June,2.003
Lake Victoria,rainfall,2031,June,10.634
Lake Victoria,rainfall,2032,June,0.559
Lake Victoria,rainfall,2033,June,2.002
Lake Victoria,rainfall,2034,June,2.987
Lake Victoria,rainfall,2035,June,6.124
Lake Victoria,rainfall,2000,July,
Lake Victoria,rainfall,2001,July,2.088
Lake Victoria,rainfall,2002,July,0.412
Lake Victoria,rainfall,2003,July,3.155
Lake Victoria,rainfall,2004,July,0.13
Lake Victoria,rainfall,2005,July,4.943
Lake Victoria,rainfall,2006,July,0.413
Lake Victoria,rainfall,2007,July,1.037
Lake Victoria,rainfall,2008,July,0.309
Lake Victoria,rainfall,2009,July,3.955
Lake Victoria,rainfall,2010,July,2.276
Lake Victoria,rainfall,2011,July,3.773
Lake Victoria,rainfall,2012,July,2.934
Lake Victoria,rainfall,2013,July,2.387
Lake Victoria,rainfall,2014,July,0.61
Lake Victoria,rainfall,2015,July,1.116
Lake Victoria,rainfall,2016,July,1.054
Lake Victoria,rainfall,2017,July,0.92
Lake Victoria,rainfall,2018,July,1.405
Lake Victoria,rainfall,2019,July,0.607
Lake Victoria,rainfall,2020,July,0.178
Lake Victoria,rainfall,2021,July,6.745
Lake Victoria,rainfall,2022,July,0.563
Lake Victoria,rainfall,2023,July,1.414
Lake Victoria,rainfall,2024,July,0.421
Lake Victoria,rainfall,2025,July,5.397
Lake Victoria,rainfall,2026,July,3.105
Lake Victoria,rainfall,2027,July,5.148
Lake Victoria,rainfall,2028,July,4.004
Lake Victoria,rainfall,2029,July,3.257
Lake Victoria,rainfall,2030,July,0.833
Lake Victoria,rainfall,2031,July,1.523
Lake Victoria,rainfall,2032,July,1.438
Lake Victoria,rainfall,2033,July,1.255
Lake Victoria,rainfall,2034,July,1.917
Lake Victoria,rainfall,2035,July,0.828
Lake Victoria,rainfall,2000,Aug.,
Lake Victoria,rainfall,2001,Aug.,0.525
Lake Victoria,rainfall,2002,Aug.,4.697
Lake Victoria,rainfall,2003,Aug.,0.201
Lake Victoria,rainfall,2004,Aug.,5.424
Lake Victoria,rainfall,2005,Aug.,0.805
Lake Victoria,rainfall,2006,Aug.,2.2
Lake Victoria,rainfall,2007,Aug.,6.141
Lake Victoria,rainfall,2008,Aug.,3.812
Lake Victoria,rainfall,2009,Aug.,1.475
Lake Victoria,rainfall,2010,Aug.,1.673
Lake Victoria,rainfall,2011,Aug.,2.667
Lake Victoria,rainfall,2012,Aug.,5.263
Lake Victoria,rainfall,2013,Aug.,2.251
Lake Victoria,rainfall,2014,Aug.,1.222
Lake Victoria,rainfall,2015,Aug.,2.597
Lake Victoria,rainfall,2016,Aug.,0.297
Lake Victoria,rainfall,2017,Aug.,3.058
Lake Victoria,rainfall,2018,Aug.,7.423
Lake Victoria,rainfall,2019,Aug.,1.709
Lake Victoria,rainfall,2020,Aug.,8.012
Lake Victoria,rainfall,2021,Aug.,1.188
Lake Victoria,rainfall,2022,Aug.,3.249
Lake Victoria,rainfall,2023,Aug.,9.07
Lake Victoria,rainfall,2024,Aug.,5.631
Lake Victoria,rainfall,2025,Aug.,2.179
Lake Victoria,rainfall,2026,Aug.,2.471
Lake Victoria,rainfall,2027,Aug.,3.939
Lake Victoria,rainfall,2028,Aug.,7.773
Lake Victoria,rainfall,2029,Aug.,3.324
Lake Victoria,rainfall,2030,Aug.,1.805
Lake Victoria,rainfall,2031,Aug.,3.836
Lake Victoria,rainfall,2032,Aug.,0.438
Lake Victoria,rainfall,2033,Aug.,4.516
Lake Victoria,rainfall,2034,Aug.,10.963
Lake Victoria,rainfall,2035,Aug.,2.525
Lake Victoria,rainfall,2000,Sept.,4.637
Lake Victoria,rainfall,2001,Sept.,3.471
Lake Victoria,rainfall,2002,Sept.,5.234
Lake Victoria,rainfall,2003,Sept.,0.667
Lake Victoria,rainfall,2004,Sept.,3.391
Lake Victoria,rainfall,2005,Sept.,1.88
Lake Victoria,rainfall,2006,Sept.,0.675
Lake Victoria,rainfall,2007,Sept.,8.004
Lake Victoria,rainfall,2008,Sept.,6.356
Lake Victoria,rainfall,2009,Sept.,1.039
Lake Victoria,rainfall,2010,Sept.,2.806
Lake Victoria,rainfall,2011,Sept.,6.127
Lake Victoria,rainfall,2012,Sept.,3.322
Lake Victoria,rainfall,2013,Sept.,4.43
Lake Victoria,rainfall,2014,Sept.,4.649
Lake Victoria,rainfall,2015,Sept.,6.381
Lake Victoria,rainfall,2016,Sept.,0.469
Lake Victoria,rainfall,2017,Sept.,10.894
Lake Victoria,rainfall,2018,Sept.,2.6
Lake Victoria,rainfall,2019,Sept.,3.204
Lake Victoria,rainfall,2020,Sept.,4.049
Lake Victoria,rainfall,2021,Sept.,2.245
Lake Victoria,rainfall,2022,Sept.,0.806
Lake Victoria,rainfall,2023,Sept.,9.556
Lake Victoria,rainfall,2024,Sept.,7.589
Lake Victoria,rainfall,2025,Sept.,1.241
Lake Victoria,rainfall,2026,Sept.,3.351
Lake Victoria,rainfall,2027,Sept.,7.316
Lake Victoria,rainfall,2028,Sept.,3.967
Lake Victoria,rainfall,2029,Sept.,5.289
Lake Victoria,rainfall,2030,Sept.,5.551
Lake Victoria,rainfall,2031,Sept.,7.619
Lake Victoria,rainfall,2032,Sept.,0.56
Lake Victoria,rainfall,2033,Sept.,13.008
Lake Victoria,rainfall,2034,Sept.,3.104
Lake Victoria,rainfall,2035,Sept.,3.825
Lake Victoria,rainfall,2000,Oct.,3.035
Lake Victoria,rainfall,2001,Oct.,2.926
Lake Victoria,rainfall,2002,Oct.,12.24
Lake Victoria,rainfall,2003,Oct.,1.486
Lake Victoria,rainfall,2004,Oct.,2.524
Lake Victoria,rainfall,2005,Oct.,4.241
Lake Victoria,rainfall,2006,Oct.,8.154
Lake Victoria,rainfall,2007,Oct.,15.029
Lake Victoria,rainfall,2008,Oct.,8.543
Lake Victoria,rainfall,2009,Oct.,1.167
Lake Victoria,rainfall,2010,Oct.,2.294
Lake Victoria,rainfall,2011,Oct.,6.844
Lake Victoria,rainfall,2012,Oct.,1.737
Lake Victoria,rainfall,2013,Oct.,3.029
Lake Victoria,rainfall,2014,Oct.,4.731
Lake Victoria,rainfall,2015,Oct.,8.415
Lake Victoria,rainfall,2016,Oct.,4.994
Lake Victoria,rainfall,2017,Oct.,2.75
Lake Victoria,rainfall,2018,Oct.,0.732
Lake Victoria,rainfall,2019,Oct.,9.214
Lake Victoria,rainfall,2020,Oct.,2.796
Lake Victoria,rainfall,2021,Oct.,4.697
Lake Victoria,rainfall,2022,Oct.,9.03
Lake Victoria,rainfall,2023,Oct.,16.645
Lake Victoria,rainfall,2024,Oct.,9.461
Lake Victoria,rainfall,2025,Oct.,1.293
Lake Victoria,rainfall,2026,Oct.,2.541
Lake Victoria,rainfall,2027,Oct.,7.58
Lake Victoria,rainfall,2028,Oct.,1.924
Lake Victoria,rainfall,2029,Oct.,3.355
Lake Victoria,rainfall,2030,Oct.,5.24
Lake Victoria,rainfall,2031,Oct.,9.32
Lake Victoria,rainfall,2032,Oct.,5.53
Lake Victoria,rainfall,2033,Oct.,3.045
Lake Victoria,rainfall,2034,Oct.,0.811
Lake Victoria,rainfall,2035,Oct.,10.205
Lake Victoria,rainfall,2000,Nov.,9.887
Lake Victoria,rainfall,2001,Nov.,8.48
Lake Victoria,rainfall,2002,Nov.,3.87
Lake Victoria,rainfall,2003,Nov.,5.152
Lake Victoria,rainfall,2004,Nov.,4.211
Lake Victoria,rainfall,2005,Nov.,4.759
Lake Victoria,rainfall,2006,Nov.,11.107
Lake Victoria,rainfall,2007,Nov.,3.637
Lake Victoria,rainfall,2008,Nov.,2.99
Lake Victoria,rainfall,2009,Nov.,3.574
Lake Victoria,rainfall,2010,Nov.,4.69
Lake Victoria,rainfall,2011,Nov.,3.476
Lake Victoria,rainfall,2012,Nov.,15.818
Lake Victoria,rainfall,2013,Nov.,1.473
Lake Victoria,rainfall,2014,Nov.,2.157
Lake Victoria,rainfall,2015,Nov.,6.66
Lake Victoria,rainfall,2016,Nov.,3.68
Lake Victoria,rainfall,2017,Nov.,0.402
Lake Victoria,rainfall,2018,Nov.,5.83
Lake Victoria,rainfall,2019,Nov.,5.285
Lake Victoria,rainfall,2020,Nov.,4.177
Lake Victoria,rainfall,2021,Nov.,4.721
Lake Victoria,rainfall,2022,Nov.,11.019
Lake Victoria,rainfall,2023,Nov.,3.608
Lake Victoria,rainfall,2024,Nov.,2.966
Lake Victoria,rainfall,2025,Nov.,3.546
Lake Victoria,rainfall,2026,Nov.,4.653
Lake Victoria,rainfall,2027,Nov.,3.448
Lake Victoria,rainfall,2028,Nov.,15.691
Lake Victoria,rainfall,2029,Nov.,1.461
Lake Victoria,rainfall,2030,Nov.,2.14
Lake Victoria,rainfall,2031,Nov.,6.606
Lake Victoria,rainfall,2032,Nov.,3.651
Lake Victoria,rainfall,2033,Nov.,0.399
Lake Victoria,rainfall,2034,Nov.,5.783
Lake Victoria,rainfall,2035,Nov.,5.243
Lake Victoria,rainfall,2000,Dec.,0.966
Lake Victoria,rainfall,2001,Dec.,7.966
Lake Victoria,rainfall,2002,Dec.,0.656
Lake Victoria,rainfall,2003,Dec.,1.827
Lake Victoria,rainfall,2004,Dec.,5.853
Lake Victoria,rainfall,2005,Dec.,5.22
Lake Victoria,rainfall,2006,Dec.,6.963
Lake Victoria,rainfall,2007,Dec.,0.375
Lake Victoria,rainfall,2008,Dec.,2.441
Lake Victoria,rainfall,2009,Dec.,3.546
Lake Victoria,rainfall,2010,Dec.,4.601
Lake Victoria,rainfall,2011,Dec.,4.398
Lake Victoria,rainfall,2012,Dec.,0.143
Lake Victoria,rainfall,2013,Dec.,2.172
Lake Victoria,rainfall,2014,Dec.,7.665
Lake Victoria,rainfall,2015,Dec.,2.279
Lake Victoria,rainfall,2016,Dec.,5.093
Lake Victoria,rainfall,2017,Dec.,5.825
Lake Victoria,rainfall,2018,Dec.,1.118
Lake Victoria,rainfall,2019,Dec.,11.053
Lake Victoria,rainfall,2020,Dec.,6.186
Lake Victoria,rainfall,2021,Dec.,5.517
Lake Victoria,rainfall,2022,Dec.,7.36
Lake Victoria,rainfall,2023,Dec.,0.396
Lake Victoria,rainfall,2024,Dec.,2.581
Lake Victoria,rainfall,2025,Dec.,3.748
Lake Victoria,rainfall,2026,Dec.,4.863
Lake Victoria,rainfall,2027,Dec.,4.649
Lake Victoria,rainfall,2028,Dec.,0.151
Lake Victoria,rainfall,2029,Dec.,2.296
Lake Victoria,rainfall,2030,Dec.,8.102
Lake Victoria,rainfall,2031,Dec.,2.409
Lake Victoria,rainfall,2032,Dec.,5.383
Lake Victoria,rainfall,2033,Dec.,6.157
Lake Victoria,rainfall,2034,Dec.,1.182
Lake Victoria,rainfall,2035,Dec.,11.683
Kagera,runoff,2000,Jan.,
Kagera,runoff,2001,Jan.,245.636
Kagera,runoff,2002,Jan.,65.728
Kagera,runoff,2003,Jan.,191.348
Kagera,runoff,2004,Jan.,2.204
Kagera,runoff,2005,Jan.,17.418
Kagera,runoff,2006,Jan.,0.004
Kagera,runoff,2007,Jan.,193.842
Kagera,runoff,2008,Jan.,1.302
Kagera,runoff,2009,Jan.,0.925
Kagera,runoff,2010,Jan.,920.382
Kagera,runoff,2011,Jan.,38.479
Kagera,runoff,2012,Jan.,0.585
Kagera,runoff,2013,Jan.,23.919
Kagera,runoff,2014,Jan.,19.823
Kagera,runoff,2015,Jan.,56.329
Kagera,runoff,2016,Jan.,0.07
Kagera,runoff,2017,Jan.,0.052
Kagera,runoff,2018,Jan.,0.8
Kagera,runoff,2019,Jan.,19.016
Kagera,runoff,2020,Jan.,6.389
Kagera,runoff,2021,Jan.,51.562
Kagera,runoff,2022,Jan.,1.226
Kagera,runoff,2023,Jan.,313.432
Kagera,runoff,2024,Jan.,10.055
Kagera,runoff,2025,Jan.,10.705
Kagera,runoff,2026,Jan.,1504.135
Kagera,runoff,2027,Jan.,90.297
Kagera,runoff,2028,Jan.,81.658
Kagera,runoff,2029,Jan.,78.997
Kagera,runoff,2030,Jan.,101.852
Kagera,runoff,2031,Jan.,133.634
Kagera,runoff,2032,Jan.,0.201
Kagera,runoff,2033,Jan.,2.683
Kagera,runoff,2034,Jan.,4.765
Kagera,runoff,2035,Jan.,23.208
Kagera,runoff,2000,Feb.,
Kagera,runoff,2001,Feb.,118.053
Kagera,runoff,2002,Feb.,6.765
Kagera,runoff,2003,Feb.,10.135
Kagera,runoff,2004,Feb.,21.984
Kagera,runoff,2005,Feb.,40.294
Kagera,runoff,2006,Feb.,0.002
Kagera,runoff,2007,Feb.,111.663
Kagera,runoff,2008,Feb.,4.191
Kagera,runoff,2009,Feb.,35.266
Kagera,runoff,2010,Feb.,4.865
Kagera,runoff,2011,Feb.,23.918
Kagera,runoff,2012,Feb.,0.785
Kagera,runoff,2013,Feb.,30.344
Kagera,runoff,2014,Feb.,0.184
Kagera,runoff,2015,Feb.,0.022
Kagera,runoff,2016,Feb.,0.033
Kagera,runoff,2017,Feb.,0.902
Kagera,runoff,2018,Feb.,0.0
Kagera,runoff,2019,Feb.,14.72
Kagera,runoff,2020,Feb.,70.793
Kagera,runoff,2021,Feb.,99.292
Kagera,runoff,2022,Feb.,0.862
Kagera,runoff,2023,Feb.,242.611
Kagera,runoff,2024,Feb.,14.849
Kagera,runoff,2025,Feb.,120.548
Kagera,runoff,2026,Feb.,10.69
Kagera,runoff,2027,Feb.,75.715
Kagera,runoff,2028,Feb.,64.126
Kagera,runoff,2029,Feb.,210.067
Kagera,runoff,2030,Feb.,4.66
Kagera,runoff,2031,Feb.,0.489
Kagera,runoff,2032,Feb.,0.13
Kagera,runoff,2033,Feb.,8.515
Kagera,runoff,2034,Feb.,0.007
Kagera,runoff,2035,Feb.,17.868
Kagera,runoff,2000,March,
Kagera,runoff,2001,March,130.492
Kagera,runoff,2002,March,49.5
Kagera,runoff,2003,March,9.444
Kagera,runoff,2004,March,710.557
Kagera,runoff,2005,March,25.888
Kagera,runoff,2006,March,9.458
Kagera,runoff,2007,March,59.733
Kagera,runoff,2008,March,15.517
Kagera,runoff,2009,March,25.784
Kagera,runoff,2010,March,1134.053
Kagera,runoff,2011,March,8.752
Kagera,runoff,2012,March,1217.688
Kagera,runoff,2013,March,1.901
Kagera,runoff,2014,March,3.112
Kagera,runoff,2015,March,1.594
Kagera,runoff,2016,March,0.554
Kagera,runoff,2017,March,36.544
Kagera,runoff,2018,March,20.004
Kagera,runoff,2019,March,13.047
Kagera,runoff,2020,March,1547.162
Kagera,runoff,2021,March,72.54
Kagera,runoff,2022,March,83.331
Kagera,runoff,2023,March,184.052
Kagera,runoff,2024,March,27.885
Kagera,runoff,2025,March,71.14
Kagera,runoff,2026,March,1478.048
Kagera,runoff,2027,March,19.345
Kagera,runoff,2028,March,1747.594
Kagera,runoff,2029,March,5.851
Kagera,runoff,2030,March,17.685
Kagera,runoff,2031,March,8.185
Kagera,runoff,2032,March,1.473
Kagera,runoff,2033,March,77.676
Kagera,runoff,2034,March,96.365
Kagera,runoff,2035,March,15.969
Kagera,runoff,2000,April,
Kagera,runoff,2001,April,1671.967
Kagera,runoff,2002,April,569.888
Kagera,runoff,2003,April,78.888
Kagera,runoff,2004,April,473.562
Kagera,runoff,2005,April,103.005
Kagera,runoff,2006,April,127.58
Kagera,runoff,2007,April,91.045
Kagera,runoff,2008,April,440.895
Kagera,runoff,2009,April,276.896
Kagera,runoff,2010,April,1333.626
Kagera,runoff,2011,April,968.042
Kagera,runoff,2012,April,328.52
Kagera,runoff,2013,April,411.906
Kagera,runoff,2014,April,1829.733
Kagera,runoff,2015,April,583.119
Kagera,runoff,2016,April,1716.925
Kagera,runoff,2017,April,134.82
Kagera,runoff,2018,April,152.694
Kagera,runoff,2019,April,60.862
Kagera,runoff,2020,April,694.3
Kagera,runoff,2021,April,128.98
Kagera,runoff,2022,April,176.478
Kagera,runoff,2023,April,161.275
Kagera,runoff,2024,April,535.447
Kagera,runoff,2025,April,405.771
Kagera,runoff,2026,April,1381.322
Kagera,runoff,2027,April,1189.443
Kagera,runoff,2028,April,504.466
Kagera,runoff,2029,April,570.182
Kagera,runoff,2030,April,2220.192
Kagera,runoff,2031,April,736.549
Kagera,runoff,2032,April,2164.038
Kagera,runoff,2033,April,170.047
Kagera,runoff,2034,April,187.352
Kagera,runoff,2035,April,97.991
Kagera,runoff,2000,May,
Kagera,runoff,2001,May,267.086
Kagera,runoff,2002,May,856.549
Kagera,runoff,2003,May,1984.795
Kagera,runoff,2004,May,164.611
Kagera,runoff,2005,May,719.523
Kagera,runoff,2006,May,139.92
Kagera,runoff,2007,May,109.56
Kagera,runoff,2008,May,2.557
Kagera,runoff,2009,May,99.066
Kagera,runoff,2010,May,3027.686
Kagera,runoff,2011,May,301.982
Kagera,runoff,2012,May,128.743
Kagera,runoff,2013,May,730.107
Kagera,runoff,2014,May,0.075
Kagera,runoff,2015,May,196.343
Kagera,runoff,2016,May,832.562
Kagera,runoff,2017,May,77.76
Kagera,runoff,2018,May,414.58
Kagera,runoff,2019,May,309.587
Kagera,runoff,2020,May,194.105
Kagera,runoff,2021,May,805.212
Kagera,runoff,2022,May,151.768
Kagera,runoff,2023,May,173.215
Kagera,runoff,2024,May,48.531
Kagera,runoff,2025,May,118.228
Kagera,runoff,2026,May,3259.169
Kagera,runoff,2027,May,359.141
Kagera,runoff,2028,May,164.755
Kagera,runoff,2029,May,875.607
Kagera,runoff,2030,May,0.736
Kagera,runoff,2031,May,213.843
Kagera,runoff,2032,May,948.19
Kagera,runoff,2033,May,84.588
Kagera,runoff,2034,May,445.869
Kagera,runoff,2035,May,373.739
Kagera,runoff,2000,June,
Kagera,runoff,2001,June,44.969
Kagera,runoff,2002,June,69.675
Kagera,runoff,2003,June,3.814
Kagera,runoff,2004,June,0.201
Kagera,runoff,2005,June,54.867
Kagera,runoff,2006,June,20.149
Kagera,runoff,2007,June,136.67
Kagera,runoff,2008,June,0.212
Kagera,runoff,2009,June,3.124
Kagera,runoff,2010,June,59.653
Kagera,runoff,2011,June,3.579
Kagera,runoff,2012,June,0.203
Kagera,runoff,2013,June,0.009
Kagera,runoff,2014,June,0.003
Kagera,runoff,2015,June,0.01
Kagera,runoff,2016,June,0.0
Kagera,runoff,2017,June,0.0
Kagera,runoff,2018,June,104.183
Kagera,runoff,2019,June,21.847
Kagera,runoff,2020,June,1.673
Kagera,runoff,2021,June,67.448
Kagera,runoff,2022,June,43.953
Kagera,runoff,2023,June,219.708
Kagera,runoff,2024,June,30.645
Kagera,runoff,2025,June,70.132
Kagera,runoff,2026,June,138.483
Kagera,runoff,2027,June,9.375
Kagera,runoff,2028,June,24.544
Kagera,runoff,2029,June,9.201
Kagera,runoff,2030,June,0.524
Kagera,runoff,2031,June,12.247
Kagera,runoff,2032,June,0.004
Kagera,runoff,2033,June,0.0
Kagera,runoff,2034,June,125.914
Kagera,runoff,2035,June,49.581
Kagera,runoff,2000,July,
Kagera,runoff,2001,July,36.155
Kagera,runoff,2002,July,54.802
Kagera,runoff,2003,July,2.971
Kagera,runoff,2004,July,0.158
Kagera,runoff,2005,July,0.009
Kagera,runoff,2006,July,15.852
Kagera,runoff,2007,July,1.533
Kagera,runoff,2008,July,0.092
Kagera,runoff,2009,July,0.004
Kagera,runoff,2010,July,46.921
Kagera,runoff,2011,July,30.39
Kagera,runoff,2012,July,0.143
Kagera,runoff,2013,July,0.007
Kagera,runoff,2014,July,0.0
Kagera,runoff,2015,July,0.0
Kagera,runoff,2016,July,0.0
Kagera,runoff,2017,July,0.0
Kagera,runoff,2018,July,81.946
Kagera,runoff,2019,July,4.421
Kagera,runoff,2020,July,1.329
Kagera,runoff,2021,July,1.529
Kagera,runoff,2022,July,34.919
Kagera,runoff,2023,July,35.954
Kagera,runoff,2024,July,24.058
Kagera,runoff,2025,July,11.289
Kagera,runoff,2026,July,108.893
Kagera,runoff,2027,July,72.309
Kagera,runoff,2028,July,19.973
Kagera,runoff,2029,July,7.242
Kagera,runoff,2030,July,0.397
Kagera,runoff,2031,July,0.038
Kagera,runoff,2032,July,0.003
Kagera,runoff,2033,July,0.006
Kagera,runoff,2034,July,99.025
Kagera,runoff,2035,July,9.021
Kagera,runoff,2000,Aug.,
Kagera,runoff,2001,Aug.,27.646
Kagera,runoff,2002,Aug.,42.771
Kagera,runoff,2003,Aug.,2.337
Kagera,runoff,2004,Aug.,0.124
Kagera,runoff,2005,Aug.,0.324
Kagera,runoff,2006,Aug.,12.444
Kagera,runoff,2007,Aug.,15.593
Kagera,runoff,2008,Aug.,0.062
Kagera,runoff,2009,Aug.,0.007
Kagera,runoff,2010,Aug.,36.615
Kagera,runoff,2011,Aug.,2.021
Kagera,runoff,2012,Aug.,0.123
Kagera,runoff,2013,Aug.,0.006
Kagera,runoff,2014,Aug.,0.15
Kagera,runoff,2015,Aug.,0.0
Kagera,runoff,2016,Aug.,0.0
Kagera,runoff,2017,Aug.,0.0
Kagera,runoff,2018,Aug.,64.16
Kagera,runoff,2019,Aug.,3.452
Kagera,runoff,2020,Aug.,1.239
Kagera,runoff,2021,Aug.,2.793
Kagera,runoff,2022,Aug.,27.839
Kagera,runoff,2023,Aug.,273.825
Kagera,runoff,2024,Aug.,18.577
Kagera,runoff,2025,Aug.,8.778
Kagera,runoff,2026,Aug.,85.005
Kagera,runoff,2027,Aug.,40.288
Kagera,runoff,2028,Aug.,15.392
Kagera,runoff,2029,Aug.,12.525
Kagera,runoff,2030,Aug.,1.328
Kagera,runoff,2031,Aug.,8.124
Kagera,runoff,2032,Aug.,0.003
Kagera,runoff,2033,Aug.,0.001
Kagera,runoff,2034,Aug.,78.134
Kagera,runoff,2035,Aug.,8.115
Kagera,runoff,2000,Sept.,1808.545
Kagera,runoff,2001,Sept.,21.478
Kagera,runoff,2002,Sept.,33.388
Kagera,runoff,2003,Sept.,1.84
Kagera,runoff,2004,Sept.,0.101
Kagera,runoff,2005,Sept.,0.031
Kagera,runoff,2006,Sept.,9.694
Kagera,runoff,2007,Sept.,1.748
Kagera,runoff,2008,Sept.,0.055
Kagera,runoff,2009,Sept.,0.003
Kagera,runoff,2010,Sept.,28.575
Kagera,runoff,2011,Sept.,2.721
Kagera,runoff,2012,Sept.,4.284
Kagera,runoff,2013,Sept.,0.004
Kagera,runoff,2014,Sept.,86.028
Kagera,runoff,2015,Sept.,0.0
Kagera,runoff,2016,Sept.,0.0
Kagera,runoff,2017,Sept.,0.0
Kagera,runoff,2018,Sept.,57.651
Kagera,runoff,2019,Sept.,6.234
Kagera,runoff,2020,Sept.,1.227
Kagera,runoff,2021,Sept.,1.231
Kagera,runoff,2022,Sept.,53.476
Kagera,runoff,2023,Sept.,46.072
Kagera,runoff,2024,Sept.,24.713
Kagera,runoff,2025,Sept.,6.77
Kagera,runoff,2026,Sept.,71.195
Kagera,runoff,2027,Sept.,49.808
Kagera,runoff,2028,Sept.,86.469
Kagera,runoff,2029,Sept.,18.276
Kagera,runoff,2030,Sept.,398.86
Kagera,runoff,2031,Sept.,0.684
Kagera,runoff,2032,Sept.,0.002
Kagera,runoff,2033,Sept.,0.0
Kagera,runoff,2034,Sept.,91.138
Kagera,runoff,2035,Sept.,250.111
Kagera,runoff,2000,Oct.,1564.32
Kagera,runoff,2001,Oct.,16.961
Kagera,runoff,2002,Oct.,26.261
Kagera,runoff,2003,Oct.,1.418
Kagera,runoff,2004,Oct.,0.11
Kagera,runoff,2005,Oct.,0.467
Kagera,runoff,2006,Oct.,7.725
Kagera,runoff,2007,Oct.,1.281
Kagera,runoff,2008,Oct.,0.068
Kagera,runoff,2009,Oct.,0.002
Kagera,runoff,2010,Oct.,22.667
Kagera,runoff,2011,Oct.,11.39
Kagera,runoff,2012,Oct.,0.08
Kagera,runoff,2013,Oct.,0.003
Kagera,runoff,2014,Oct.,0.607
Kagera,runoff,2015,Oct.,0.003
Kagera,runoff,2016,Oct.,0.009
Kagera,runoff,2017,Oct.,0.004
Kagera,runoff,2018,Oct.,39.263
Kagera,runoff,2019,Oct.,2.434
Kagera,runoff,2020,Oct.,27.036
Kagera,runoff,2021,Oct.,17.69
Kagera,runoff,2022,Oct.,28.103
Kagera,runoff,2023,Oct.,41.064
Kagera,runoff,2024,Oct.,20.896
Kagera,runoff,2025,Oct.,5.306
Kagera,runoff,2026,Oct.,52.848
Kagera,runoff,2027,Oct.,272.556
Kagera,runoff,2028,Oct.,9.382
Kagera,runoff,2029,Oct.,22.822
Kagera,runoff,2030,Oct.,4.111
Kagera,runoff,2031,Oct.,6.066
Kagera,runoff,2032,Oct.,29.312
Kagera,runoff,2033,Oct.,0.016
Kagera,runoff,2034,Oct.,47.724
Kagera,runoff,2035,Oct.,20.556
Kagera,runoff,2000,Nov.,1041.783
Kagera,runoff,2001,Nov.,30.039
Kagera,runoff,2002,Nov.,24.73
Kagera,runoff,2003,Nov.,1.198
Kagera,runoff,2004,Nov.,2.377
Kagera,runoff,2005,Nov.,0.003
Kagera,runoff,2006,Nov.,350.015
Kagera,runoff,2007,Nov.,1.21
Kagera,runoff,2008,Nov.,1.645
Kagera,runoff,2009,Nov.,0.874
Kagera,runoff,2010,Nov.,24.048
Kagera,runoff,2011,Nov.,35.812
Kagera,runoff,2012,Nov.,247.463
Kagera,runoff,2013,Nov.,0.215
Kagera,runoff,2014,Nov.,2.795
Kagera,runoff,2015,Nov.,1.853
Kagera,runoff,2016,Nov.,0.273
Kagera,runoff,2017,Nov.,0.12
Kagera,runoff,2018,Nov.,33.096
Kagera,runoff,2019,Nov.,35.132
Kagera,runoff,2020,Nov.,36.951
Kagera,runoff,2021,Nov.,1.181
Kagera,runoff,2022,Nov.,761.748
Kagera,runoff,2023,Nov.,15.031
Kagera,runoff,2024,Nov.,34.088
Kagera,runoff,2025,Nov.,14.341
Kagera,runoff,2026,Nov.,68.105
Kagera,runoff,2027,Nov.,120.779
Kagera,runoff,2028,Nov.,981.354
Kagera,runoff,2029,Nov.,7.424
Kagera,runoff,2030,Nov.,12.143
Kagera,runoff,2031,Nov.,24.869
Kagera,runoff,2032,Nov.,8.087
Kagera,runoff,2033,Nov.,0.377
Kagera,runoff,2034,Nov.,62.551
Kagera,runoff,2035,Nov.,77.4
Kagera,runoff,2000,Dec.,816.334
Kagera,runoff,2001,Dec.,18.428
Kagera,runoff,2002,Dec.,32.173
Kagera,runoff,2003,Dec.,8.108
Kagera,runoff,2004,Dec.,1.229
Kagera,runoff,2005,Dec.,0.003
Kagera,runoff,2006,Dec.,223.526
Kagera,runoff,2007,Dec.,1.633
Kagera,runoff,2008,Dec.,0.074
Kagera,runoff,2009,Dec.,40.664
Kagera,runoff,2010,Dec.,83.937
Kagera,runoff,2011,Dec.,467.837
Kagera,runoff,2012,Dec.,41.155
Kagera,runoff,2013,Dec.,0.629
Kagera,runoff,2014,Dec.,135.132
Kagera,runoff,2015,Dec.,117.698
Kagera,runoff,2016,Dec.,75.227
Kagera,runoff,2017,Dec.,7.056
Kagera,runoff,2018,Dec.,24.561
Kagera,runoff,2019,Dec.,185.187
Kagera,runoff,2020,Dec.,4.369
Kagera,runoff,2021,Dec.,3.144
Kagera,runoff,2022,Dec.,303.542
Kagera,runoff,2023,Dec.,23.195
Kagera,runoff,2024,Dec.,7.172
Kagera,runoff,2025,Dec.,83.053
Kagera,runoff,2026,Dec.,201.333
Kagera,runoff,2027,Dec.,843.331
Kagera,runoff,2028,Dec.,118.606
Kagera,runoff,2029,Dec.,5.631
Kagera,runoff,2030,Dec.,251.784
Kagera,runoff,2031,Dec.,162.862
Kagera,runoff,2032,Dec.,126.385
Kagera,runoff,2033,Dec.,30.158
Kagera,runoff,2034,Dec.,30.301
Kagera,runoff,2035,Dec.,276.526
Lake Victoria,runoff,2000,Jan.,
Lake Victoria,runoff,2001,Jan.,397.92
Lake Victoria,runoff,2002,Jan.,186.679
Lake Victoria,runoff,2003,Jan.,1344.156
Lake Victoria,runoff,2004,Jan.,114.279
Lake Victoria,runoff,2005,Jan.,273.431
Lake Victoria,runoff,2006,Jan.,67.077
Lake Victoria,runoff,2007,Jan.,979.534
Lake Victoria,runoff,2008,Jan.,150.322
Lake Victoria,runoff,2009,Jan.,322.878
Lake Victoria,runoff,2010,Jan.,4180.696
Lake Victoria,runoff,2011,Jan.,214.773
Lake Victoria,runoff,2012,Jan.,599.497
Lake Victoria,runoff,2013,Jan.,668.83
Lake Victoria,runoff,2014,Jan.,2233.917
Lake Victoria,runoff,2015,Jan.,296.074
Lake Victoria,runoff,2016,Jan.,410.276
Lake Victoria,runoff,2017,Jan.,97.234
Lake Victoria,runoff,2018,Jan.,144.813
Lake Victoria,runoff,2019,Jan.,114.813
Lake Victoria,runoff,2020,Jan.,21.353
Lake Victoria,runoff,2021,Jan.,371.771
Lake Victoria,runoff,2022,Jan.,2.255
Lake Victoria,runoff,2023,Jan.,157.4
Lake Victoria,runoff,2024,Jan.,6.884
Lake Victoria,runoff,2025,Jan.,44.339
Lake Victoria,runoff,2026,Jan.,1439.778
Lake Victoria,runoff,2027,Jan.,20.4
Lake Victoria,runoff,2028,Jan.,31.354
Lake Victoria,runoff,2029,Jan.,256.238
Lake Victoria,runoff,2030,Jan.,290.551
Lake Victoria,runoff,2031,Jan.,41.244
Lake Victoria,runoff,2032,Jan.,0.861
Lake Victoria,runoff,2033,Jan.,9.687
Lake Victoria,runoff,2034,Jan.,83.105
Lake Victoria,runoff,2035,Jan.,8.31
Lake Victoria,runoff,2000,Feb.,
Lake Victoria,runoff,2001,Feb.,306.293
Lake Victoria,runoff,2002,Feb.,104.908
Lake Victoria,runoff,2003,Feb.,175.964
Lake Victoria,runoff,2004,Feb.,107.408
Lake Victoria,runoff,2005,Feb.,263.036
Lake Victoria,runoff,2006,Feb.,54.172
Lake Victoria,runoff,2007,Feb.,894.134
Lake Victoria,runoff,2008,Feb.,140.957
Lake Victoria,runoff,2009,Feb.,372.064
Lake Victoria,runoff,2010,Feb.,196.759
Lake Victoria,runoff,2011,Feb.,166.521
Lake Victoria,runoff,2012,Feb.,467.915
Lake Victoria,runoff,2013,Feb.,3789.189
Lake Victoria,runoff,2014,Feb.,132.014
Lake Victoria,runoff,2015,Feb.,230.908
Lake Victoria,runoff,2016,Feb.,319.276
Lake Victoria,runoff,2017,Feb.,183.162
Lake Victoria,runoff,2018,Feb.,91.66
Lake Victoria,runoff,2019,Feb.,89.373
Lake Victoria,runoff,2020,Feb.,7.899
Lake Victoria,runoff,2021,Feb.,231.333
Lake Victoria,runoff,2022,Feb.,2.679
Lake Victoria,runoff,2023,Feb.,194.884
Lake Victoria,runoff,2024,Feb.,24.05
Lake Victoria,runoff,2025,Feb.,86.841
Lake Victoria,runoff,2026,Feb.,6.48
Lake Victoria,runoff,2027,Feb.,22.778
Lake Victoria,runoff,2028,Feb.,25.81
Lake Victoria,runoff,2029,Feb.,68.734
Lake Victoria,runoff,2030,Feb.,5.835
Lake Victoria,runoff,2031,Feb.,0.625
Lake Victoria,runoff,2032,Feb.,4.31
Lake Victoria,runoff,2033,Feb.,7.496
Lake Victoria,runoff,2034,Feb.,0.23
Lake Victoria,runoff,2035,Feb.,6.443
Lake Victoria,runoff,2000,March,
Lake Victoria,runoff,2001,March,292.853
Lake Victoria,runoff,2002,March,152.357
Lake Victoria,runoff,2003,March,148.024
Lake Victoria,runoff,2004,March,145.405
Lake Victoria,runoff,2005,March,517.948
Lake Victoria,runoff,2006,March,233.57
Lake Victoria,runoff,2007,March,545.109
Lake Victoria,runoff,2008,March,103.402
Lake Victoria,runoff,2009,March,254.392
Lake Victoria,runoff,2010,March,3615.21
Lake Victoria,runoff,2011,March,75.964
Lake Victoria,runoff,2012,March,885.841
Lake Victoria,runoff,2013,March,318.694
Lake Victoria,runoff,2014,March,107.645
Lake Victoria,runoff,2015,March,186.354
Lake Victoria,runoff,2016,March,254.161
Lake Victoria,runoff,2017,March,700.39
Lake Victoria,runoff,2018,March,1766.451
Lake Victoria,runoff,2019,March,71.849
Lake Victoria,runoff,2020,March,14.325
Lake Victoria,runoff,2021,March,116.777
Lake Victoria,runoff,2022,March,149.767
Lake Victoria,runoff,2023,March,83.483
Lake Victoria,runoff,2024,March,19.842
Lake Victoria,runoff,2025,March,43.084
Lake Victoria,runoff,2026,March,259.237
Lake Victoria,runoff,2027,March,3.275
Lake Victoria,runoff,2028,March,568.805
Lake Victoria,runoff,2029,March,8.834
Lake Victoria,runoff,2030,March,5.492
Lake Victoria,runoff,2031,March,0.386
Lake Victoria,runoff,2032,March,2.335
Lake Victoria,runoff,2033,March,62.869
Lake Victoria,runoff,2034,March,179.717
Lake Victoria,runoff,2035,March,5.199
Lake Victoria,runoff,2000,April,
Lake Victoria,runoff,2001,April,1989.319
Lake Victoria,runoff,2002,April,2595.307
Lake Victoria,runoff,2003,April,364.632
Lake Victoria,runoff,2004,April,536.638
Lake Victoria,runoff,2005,April,154.614
Lake Victoria,runoff,2006,April,237.903
Lake Victoria,runoff,2007,April,437.471
Lake Victoria,runoff,2008,April,414.644
Lake Victoria,runoff,2009,April,1667.387
Lake Victoria,runoff,2010,April,3310.798
Lake Victoria,runoff,2011,April,1847.278
Lake Victoria,runoff,2012,April,1030.109
Lake Victoria,runoff,2013,April,2998.293
Lake Victoria,runoff,2014,April,1312.623
Lake Victoria,runoff,2015,April,1968.771
Lake Victoria,runoff,2016,April,2483.891
Lake Victoria,runoff,2017,April,204.556
Lake Victoria,runoff,2018,April,263.923
Lake Victoria,runoff,2019,April,86.705
Lake Victoria,runoff,2020,April,590.378
Lake Victoria,runoff,2021,April,28.763
Lake Victoria,runoff,2022,April,46.288
Lake Victoria,runoff,2023,April,44.181
Lake Victoria,runoff,2024,April,88.472
Lake Victoria,runoff,2025,April,474.751
Lake Victoria,runoff,2026,April,708.806
Lake Victoria,runoff,2027,April,272.714
Lake Victoria,runoff,2028,April,40.763
Lake Victoria,runoff,2029,April,798.847
Lake Victoria,runoff,2030,April,116.852
Lake Victoria,runoff,2031,April,152.401
Lake Victoria,runoff,2032,April,939.541
Lake Victoria,runoff,2033,April,7.527
Lake Victoria,runoff,2034,April,29.257
Lake Victoria,runoff,2035,April,245.87
Lake Victoria,runoff,2000,May,
Lake Victoria,runoff,2001,May,1755.369
Lake Victoria,runoff,2002,May,2399.329
Lake Victoria,runoff,2003,May,5488.226
Lake Victoria,runoff,2004,May,4628.086
Lake Victoria,runoff,2005,May,2845.187
Lake Victoria,runoff,2006,May,578.209
Lake Victoria,runoff,2007,May,499.979
Lake Victoria,runoff,2008,May,353.6
Lake Victoria,runoff,2009,May,5411.223
Lake Victoria,runoff,2010,May,3275.131
Lake Victoria,runoff,2011,May,2738.749
Lake Victoria,runoff,2012,May,2414.359
Lake Victoria,runoff,2013,May,3586.94
Lake Victoria,runoff,2014,May,86.937
Lake Victoria,runoff,2015,May,1954.855
Lake Victoria,runoff,2016,May,3569.624
Lake Victoria,runoff,2017,May,4547.758
Lake Victoria,runoff,2018,May,3754.558
Lake Victoria,runoff,2019,May,406.027
Lake Victoria,runoff,2020,May,3.635
Lake Victoria,runoff,2021,May,671.154
Lake Victoria,runoff,2022,May,11.85
Lake Victoria,runoff,2023,May,32.78
Lake Victoria,runoff,2024,May,7.321
Lake Victoria,runoff,2025,May,148.211
Lake Victoria,runoff,2026,May,19.102
Lake Victoria,runoff,2027,May,66.019
Lake Victoria,runoff,2028,May,648.736
Lake Victoria,runoff,2029,May,52.261
Lake Victoria,runoff,2030,May,2.817
Lake Victoria,runoff,2031,May,248.438
Lake Victoria,runoff,2032,May,1599.826
Lake Victoria,runoff,2033,May,29.994
Lake Victoria,runoff,2034,May,98.258
Lake Victoria,runoff,2035,May,32.876
Lake Victoria,runoff,2000,June,
Lake Victoria,runoff,2001,June,412.93
Lake Victoria,runoff,2002,June,433.905
Lake Victoria,runoff,2003,June,552.531
Lake Victoria,runoff,2004,June,405.413
Lake Victoria,runoff,2005,June,612.442
Lake Victoria,runoff,2006,June,690.305
Lake Victoria,runoff,2007,June,4596.516
Lake Victoria,runoff,2008,June,385.838
Lake Victoria,runoff,2009,June,1532.576
Lake Victoria,runoff,2010,June,616.145
Lake Victoria,runoff,2011,June,456.878
Lake Victoria,runoff,2012,June,701.995
Lake Victoria,runoff,2013,June,682.525
Lake Victoria,runoff,2014,June,313.694
Lake Victoria,runoff,2015,June,2600.597
Lake Victoria,runoff,2016,June,391.897
Lake Victoria,runoff,2017,June,286.744
Lake Victoria,runoff,2018,June,662.509
Lake Victoria,runoff,2019,June,961.334
Lake Victoria,runoff,2020,June,3.67
Lake Victoria,runoff,2021,June,190.223
Lake Victoria,runoff,2022,June,0.672
Lake Victoria,runoff,2023,June,345.758
Lake Victoria,runoff,2024,June,5.753
Lake Victoria,runoff,2025,June,102.533
Lake Victoria,runoff,2026,June,18.324
Lake Victoria,runoff,2027,June,1.39
Lake Victoria,runoff,2028,June,62.341
Lake Victoria,runoff,2029,June,40.622
Lake Victoria,runoff,2030,June,2.202
Lake Victoria,runoff,2031,June,0.442
Lake Victoria,runoff,2032,June,1.82
Lake Victoria,runoff,2033,June,0.099
Lake Victoria,runoff,2034,June,33.614
Lake Victoria,runoff,2035,June,5.738
Lake Victoria,runoff,2000,July,
Lake Victoria,runoff,2001,July,403.724
Lake Victoria,runoff,2002,July,343.329
Lake Victoria,runoff,2003,July,580.621
Lake Victoria,runoff,2004,July,256.796
Lake Victoria,runoff,2005,July,312.984
Lake Victoria,runoff,2006,July,404.299
Lake Victoria,runoff,2007,July,568.233
Lake Victoria,runoff,2008,July,284.924
Lake Victoria,runoff,2009,July,693.472
Lake Victoria,runoff,2010,July,491.27
Lake Victoria,runoff,2011,July,532.411
Lake Victoria,runoff,2012,July,752.257
Lake Victoria,runoff,2013,July,536.897
Lake Victoria,runoff,2014,July,162.593
Lake Victoria,runoff,2015,July,435.65
Lake Victoria,runoff,2016,July,307.972
Lake Victoria,runoff,2017,July,266.148
Lake Victoria,runoff,2018,July,590.362
Lake Victoria,runoff,2019,July,472.628
Lake Victoria,runoff,2020,July,1.852
Lake Victoria,runoff,2021,July,9.579
Lake Victoria,runoff,2022,July,0.526
Lake Victoria,runoff,2023,July,28.983
Lake Victoria,runoff,2024,July,4.475
Lake Victoria,runoff,2025,July,34.485
Lake Victoria,runoff,2026,July,14.153
Lake Victoria,runoff,2027,July,7.552
Lake Victoria,runoff,2028,July,48.954
Lake Victoria,runoff,2029,July,31.952
Lake Victoria,runoff,2030,July,1.723
Lake Victoria,runoff,2031,July,0.107
Lake Victoria,runoff,2032,July,1.428
Lake Victoria,runoff,2033,July,0.078
Lake Victoria,runoff,2034,July,26.441
Lake Victoria,runoff,2035,July,2.567
Lake Victoria,runoff,2000,Aug.,
Lake Victoria,runoff,2001,Aug.,237.401
Lake Victoria,runoff,2002,Aug.,630.093
Lake Victoria,runoff,2003,Aug.,355.257
Lake Victoria,runoff,2004,Aug.,212.685
Lake Victoria,runoff,2005,Aug.,275.394
Lake Victoria,runoff,2006,Aug.,320.252
Lake Victoria,runoff,2007,Aug.,1352.084
Lake Victoria,runoff,2008,Aug.,344.405
Lake Victoria,runoff,2009,Aug.,298.526
Lake Victoria,runoff,2010,Aug.,463.178
Lake Victoria,runoff,2011,Aug.,452.395
Lake Victoria,runoff,2012,Aug.,528.824
Lake Victoria,runoff,2013,Aug.,526.989
Lake Victoria,runoff,2014,Aug.,136.006
Lake Victoria,runoff,2015,Aug.,443.945
Lake Victoria,runoff,2016,Aug.,252.868
Lake Victoria,runoff,2017,Aug.,229.227
Lake Victoria,runoff,2018,Aug.,479.873
Lake Victoria,runoff,2019,Aug.,187.474
Lake Victoria,runoff,2020,Aug.,1.445
Lake Victoria,runoff,2021,Aug.,7.628
Lake Victoria,runoff,2022,Aug.,0.699
Lake Victoria,runoff,2023,Aug.,56.111
Lake Victoria,runoff,2024,Aug.,3.487
Lake Victoria,runoff,2025,Aug.,4.462
Lake Victoria,runoff,2026,Aug.,11.044
Lake Victoria,runoff,2027,Aug.,1.001
Lake Victoria,runoff,2028,Aug.,38.021
Lake Victoria,runoff,2029,Aug.,24.944
Lake Victoria,runoff,2030,Aug.,1.582
Lake Victoria,runoff,2031,Aug.,4.978
Lake Victoria,runoff,2032,Aug.,1.114
Lake Victoria,runoff,2033,Aug.,0.062
Lake Victoria,runoff,2034,Aug.,28.386
Lake Victoria,runoff,2035,Aug.,1.488
Lake Victoria,runoff,2000,Sept.,1434.269
Lake Victoria,runoff,2001,Sept.,194.072
Lake Victoria,runoff,2002,Sept.,236.119
Lake Victoria,runoff,2003,Sept.,288.152
Lake Victoria,runoff,2004,Sept.,163.45
Lake Victoria,runoff,2005,Sept.,175.451
Lake Victoria,runoff,2006,Sept.,375.822
Lake Victoria,runoff,2007,Sept.,512.271
Lake Victoria,runoff,2008,Sept.,296.885
Lake Victoria,runoff,2009,Sept.,233.944
Lake Victoria,runoff,2010,Sept.,347.372
Lake Victoria,runoff,2011,Sept.,532.012
Lake Victoria,runoff,2012,Sept.,519.32
Lake Victoria,runoff,2013,Sept.,383.119
Lake Victoria,runoff,2014,Sept.,994.009
Lake Victoria,runoff,2015,Sept.,290.841
Lake Victoria,runoff,2016,Sept.,187.74
Lake Victoria,runoff,2017,Sept.,1336.878
Lake Victoria,runoff,2018,Sept.,467.192
Lake Victoria,runoff,2019,Sept.,688.122
Lake Victoria,runoff,2020,Sept.,1.209
Lake Victoria,runoff,2021,Sept.,5.847
Lake Victoria,runoff,2022,Sept.,2.103
Lake Victoria,runoff,2023,Sept.,17.358
Lake Victoria,runoff,2024,Sept.,2.745
Lake Victoria,runoff,2025,Sept.,3.49
Lake Victoria,runoff,2026,Sept.,8.647
Lake Victoria,runoff,2027,Sept.,0.474
Lake Victoria,runoff,2028,Sept.,40.085
Lake Victoria,runoff,2029,Sept.,22.076
Lake Victoria,runoff,2030,Sept.,25.138
Lake Victoria,runoff,2031,Sept.,0.076
Lake Victoria,runoff,2032,Sept.,0.869
Lake Victoria,runoff,2033,Sept.,0.409
Lake Victoria,runoff,2034,Sept.,26.732
Lake Victoria,runoff,2035,Sept.,183.906
Lake Victoria,runoff,2000,Oct.,1447.993
Lake Victoria,runoff,2001,Oct.,231.199
Lake Victoria,runoff,2002,Oct.,186.145
Lake Victoria,runoff,2003,Oct.,217.749
Lake Victoria,runoff,2004,Oct.,353.128
Lake Victoria,runoff,2005,Oct.,152.065
Lake Victoria,runoff,2006,Oct.,433.387
Lake Victoria,runoff,2007,Oct.,710.612
Lake Victoria,runoff,2008,Oct.,334.566
Lake Victoria,runoff,2009,Oct.,183.78
Lake Victoria,runoff,2010,Oct.,239.886
Lake Victoria,runoff,2011,Oct.,549.508
Lake Victoria,runoff,2012,Oct.,318.49
Lake Victoria,runoff,2013,Oct.,710.03
Lake Victoria,runoff,2014,Oct.,237.963
Lake Victoria,runoff,2015,Oct.,248.786
Lake Victoria,runoff,2016,Oct.,206.987
Lake Victoria,runoff,2017,Oct.,122.52
Lake Victoria,runoff,2018,Oct.,239.752
Lake Victoria,runoff,2019,Oct.,2123.547
Lake Victoria,runoff,2020,Oct.,2.644
Lake Victoria,runoff,2021,Oct.,4.607
Lake Victoria,runoff,2022,Oct.,0.247
Lake Victoria,runoff,2023,Oct.,13.569
Lake Victoria,runoff,2024,Oct.,6.675
Lake Victoria,runoff,2025,Oct.,2.738
Lake Victoria,runoff,2026,Oct.,6.854
Lake Victoria,runoff,2027,Oct.,222.214
Lake Victoria,runoff,2028,Oct.,23.649
Lake Victoria,runoff,2029,Oct.,23.941
Lake Victoria,runoff,2030,Oct.,7.166
Lake Victoria,runoff,2031,Oct.,0.07
Lake Victoria,runoff,2032,Oct.,0.723
Lake Victoria,runoff,2033,Oct.,0.336
Lake Victoria,runoff,2034,Oct.,16.789
Lake Victoria,runoff,2035,Oct.,2.058
Lake Victoria,runoff,2000,Nov.,2200.189
Lake Victoria,runoff,2001,Nov.,2391.339
Lake Victoria,runoff,2002,Nov.,258.046
Lake Victoria,runoff,2003,Nov.,206.383
Lake Victoria,runoff,2004,Nov.,476.42
Lake Victoria,runoff,2005,Nov.,117.135
Lake Victoria,runoff,2006,Nov.,1819.608
Lake Victoria,runoff,2007,Nov.,239.409
Lake Victoria,runoff,2008,Nov.,278.419
Lake Victoria,runoff,2009,Nov.,247.742
Lake Victoria,runoff,2010,Nov.,200.816
Lake Victoria,runoff,2011,Nov.,527.235
Lake Victoria,runoff,2012,Nov.,4935.878
Lake Victoria,runoff,2013,Nov.,242.589
Lake Victoria,runoff,2014,Nov.,407.075
Lake Victoria,runoff,2015,Nov.,1525.962
Lake Victoria,runoff,2016,Nov.,116.404
Lake Victoria,runoff,2017,Nov.,104.384
Lake Victoria,runoff,2018,Nov.,221.769
Lake Victoria,runoff,2019,Nov.,1196.17
Lake Victoria,runoff,2020,Nov.,24.777
Lake Victoria,runoff,2021,Nov.,3.586
Lake Victoria,runoff,2022,Nov.,4.443
Lake Victoria,runoff,2023,Nov.,10.691
Lake Victoria,runoff,2024,Nov.,4.015
Lake Victoria,runoff,2025,Nov.,2.642
Lake Victoria,runoff,2026,Nov.,5.323
Lake Victoria,runoff,2027,Nov.,3.925
Lake Victoria,runoff,2028,Nov.,300.321
Lake Victoria,runoff,2029,Nov.,12.148
Lake Victoria,runoff,2030,Nov.,1.006
Lake Victoria,runoff,2031,Nov.,170.53
Lake Victoria,runoff,2032,Nov.,3.474
Lake Victoria,runoff,2033,Nov.,2.148
Lake Victoria,runoff,2034,Nov.,15.34
Lake Victoria,runoff,2035,Nov.,12.265
Lake Victoria,runoff,2000,Dec.,972.481
Lake Victoria,runoff,2001,Dec.,241.274
Lake Victoria,runoff,2002,Dec.,149.666
Lake Victoria,runoff,2003,Dec.,285.812
Lake Victoria,runoff,2004,Dec.,206.344
Lake Victoria,runoff,2005,Dec.,94.357
Lake Victoria,runoff,2006,Dec.,1454.517
Lake Victoria,runoff,2007,Dec.,189.937
Lake Victoria,runoff,2008,Dec.,447.077
Lake Victoria,runoff,2009,Dec.,201.46
Lake Victoria,runoff,2010,Dec.,237.326
Lake Victoria,runoff,2011,Dec.,1681.41
Lake Victoria,runoff,2012,Dec.,649.437
Lake Victoria,runoff,2013,Dec.,201.509
Lake Victoria,runoff,2014,Dec.,2313.835
Lake Victoria,runoff,2015,Dec.,557.881
Lake Victoria,runoff,2016,Dec.,494.747
Lake Victoria,runoff,2017,Dec.,1060.44
Lake Victoria,runoff,2018,Dec.,149.17
Lake Victoria,runoff,2019,Dec.,3227.697
Lake Victoria,runoff,2020,Dec.,74.111
Lake Victoria,runoff,2021,Dec.,2.841
Lake Victoria,runoff,2022,Dec.,682.708
Lake Victoria,runoff,2023,Dec.,9.29
Lake Victoria,runoff,2024,Dec.,138.72
Lake Victoria,runoff,2025,Dec.,9.059
Lake Victoria,runoff,2026,Dec.,12.654
Lake Victoria,runoff,2027,Dec.,1231.059
Lake Victoria,runoff,2028,Dec.,74.394
Lake Victoria,runoff,2029,Dec.,27.437
Lake Victoria,runoff,2030,Dec.,600.132
Lake Victoria,runoff,2031,Dec.,11.88
Lake Victoria,runoff,2032,Dec.,34.499
Lake Victoria,runoff,2033,Dec.,5.375
Lake Victoria,runoff,2034,Dec.,10.607
Lake Victoria,runoff,2035,Dec.,969.972
Simiyu,runoff,2000,Jan.,
Simiyu,runoff,2001,Jan.,118.059
Simiyu,runoff,2002,Jan.,139.654
Simiyu,runoff,2003,Jan.,234.731
Simiyu,runoff,2004,Jan.,6.264
Simiyu,runoff,2005,Jan.,201.268
Simiyu,runoff,2006,Jan.,0.159
Simiyu,runoff,2007,Jan.,102.887
Simiyu,runoff,2008,Jan.,1.606
Simiyu,runoff,2009,Jan.,23.075
Simiyu,runoff,2010,Jan.,1141.776
Simiyu,runoff,2011,Jan.,7.69
Simiyu,runoff,2012,Jan.,0.005
Simiyu,runoff,2013,Jan.,157.581
Simiyu,runoff,2014,Jan.,171.957
Simiyu,runoff,2015,Jan.,6.609
Simiyu,runoff,2016,Jan.,0.603
Simiyu,runoff,2017,Jan.,2.863
Simiyu,runoff,2018,Jan.,32.258
Simiyu,runoff,2019,Jan.,2.979
Simiyu,runoff,2020,Jan.,21.353
Simiyu,runoff,2021,Jan.,371.771
Simiyu,runoff,2022,Jan.,2.255
Simiyu,runoff,2023,Jan.,157.4
Simiyu,runoff,2024,Jan.,6.884
Simiyu,runoff,2025,Jan.,44.339
Simiyu,runoff,2026,Jan.,1439.778
Simiyu,runoff,2027,Jan.,20.4
Simiyu,runoff,2028,Jan.,31.354
Simiyu,runoff,2029,Jan.,256.238
Simiyu,runoff,2030,Jan.,290.551
Simiyu,runoff,2031,Jan.,41.244
Simiyu,runoff,2032,Jan.,0.861
Simiyu,runoff,2033,Jan.,9.687
Simiyu,runoff,2034,Jan.,83.105
Simiyu,runoff,2035,Jan.,8.31
Simiyu,runoff,red values = projected (climate change),Jan.,
Simiyu,runoff,2000,Feb.,
Simiyu,runoff,2001,Feb.,59.51
Simiyu,runoff,2002,Feb.,14.773
Simiyu,runoff,2003,Feb.,13.353
Simiyu,runoff,2004,Feb.,1.176
Simiyu,runoff,2005,Feb.,156.785
Simiyu,runoff,2006,Feb.,0.123
Simiyu,runoff,2007,Feb.,131.043
Simiyu,runoff,2008,Feb.,11.801
Simiyu,runoff,2009,Feb.,67.145
Simiyu,runoff,2010,Feb.,1.374
Simiyu,runoff,2011,Feb.,10.27
Simiyu,runoff,2012,Feb.,0.298
Simiyu,runoff,2013,Feb.,38.922
Simiyu,runoff,2014,Feb.,1.316
Simiyu,runoff,2015,Feb.,0.097
Simiyu,runoff,2016,Feb.,1.055
Simiyu,runoff,2017,Feb.,2.357
Simiyu,runoff,2018,Feb.,0.075
Simiyu,runoff,2019,Feb.,2.272
Simiyu,runoff,2020,Feb.,7.899
Simiyu,runoff,2021,Feb.,231.333
Simiyu,runoff,2022,Feb.,2.679
Simiyu,runoff,2023,Feb.,194.884
Simiyu,runoff,2024,Feb.,24.05
Simiyu,runoff,2025,Feb.,86.841
Simiyu,runoff,2026,Feb.,6.48
Simiyu,runoff,2027,Feb.,22.778
Simiyu,runoff,2028,Feb.,25.81
Simiyu,runoff,2029,Feb.,68.734
Simiyu,runoff,2030,Feb.,5.835
Simiyu,runoff,2031,Feb.,0.625
Simiyu,runoff,2032,Feb.,4.31
Simiyu,runoff,2033,Feb.,7.496
Simiyu,runoff,2034,Feb.,0.23
Simiyu,runoff,2035,Feb.,6.443
Simiyu,runoff,red values = projected (climate change),Feb.,
Simiyu,runoff,2000,March,
Simiyu,runoff,2001,March,52.898
Simiyu,runoff,2002,March,252.567
Simiyu,runoff,2003,March,13.725
Simiyu,runoff,2004,March,2.883
Simiyu,runoff,2005,March,74.217
Simiyu,runoff,2006,March,64.423
Simiyu,runoff,2007,March,34.379
Simiyu,runoff,2008,March,7.848
Simiyu,runoff,2009,March,28.885
Simiyu,runoff,2010,March,183.169
Simiyu,runoff,2011,March,0.653
Simiyu,runoff,2012,March,362.728
Simiyu,runoff,2013,March,3.881
Simiyu,runoff,2014,March,1.487
Simiyu,runoff,2015,March,0.101
Simiyu,runoff,2016,March,0.812
Simiyu,runoff,2017,March,30.145
Simiyu,runoff,2018,March,94.566
Simiyu,runoff,2019,March,1.864
Simiyu,runoff,2020,March,14.325
Simiyu,runoff,2021,March,116.777
Simiyu,runoff,2022,March,149.767
Simiyu,runoff,2023,March,83.483
Simiyu,runoff,2024,March,19.842
Simiyu,runoff,2025,March,43.084
Simiyu,runoff,2026,March,259.237
Simiyu,runoff,2027,March,3.275
Simiyu,runoff,2028,March,568.805
Simiyu,runoff,2029,March,8.834
Simiyu,runoff,2030,March,5.492
Simiyu,runoff,2031,March,0.386
Simiyu,runoff,2032,March,2.335
Simiyu,runoff,2033,March,62.869
Simiyu,runoff,2034,March,179.717
Simiyu,runoff,2035,March,5.199
Simiyu,runoff,red values = projected (climate change),March,
Simiyu,runoff,2000,April,
Simiyu,runoff,2001,April,314.243
Simiyu,runoff,2002,April,11.538
Simiyu,runoff,2003,April,778.762
Simiyu,runoff,2004,April,422.514
Simiyu,runoff,2005,April,9.437
Simiyu,runoff,2006,April,20.054
Simiyu,runoff,2007,April,15.316
Simiyu,runoff,2008,April,64.768
Simiyu,runoff,2009,April,311.192
Simiyu,runoff,2010,April,567.745
Simiyu,runoff,2011,April,184.712
Simiyu,runoff,2012,April,18.388
Simiyu,runoff,2013,April,584.825
Simiyu,runoff,2014,April,51.097
Simiyu,runoff,2015,April,99.991
Simiyu,runoff,2016,April,657.011
Simiyu,runoff,2017,April,2.014
Simiyu,runoff,2018,April,16.441
Simiyu,runoff,2019,April,97.824
Simiyu,runoff,2020,April,590.378
Simiyu,runoff,2021,April,28.763
Simiyu,runoff,2022,April,46.288
Simiyu,runoff,2023,April,44.181
Simiyu,runoff,2024,April,88.472
Simiyu,runoff,2025,April,474.751
Simiyu,runoff,2026,April,708.806
Simiyu,runoff,2027,April,272.714
Simiyu,runoff,2028,April,40.763
Simiyu,runoff,2029,April,798.847
Simiyu,runoff,2030,April,116.852
Simiyu,runoff,2031,April,152.401
Simiyu,runoff,2032,April,939.541
Simiyu,runoff,2033,April,7.527
Simiyu,runoff,2034,April,29.257
Simiyu,runoff,2035,April,245.87
Simiyu,runoff,red values = projected (climate change),April,
Simiyu,runoff,2000,May,
Simiyu,runoff,2001,May,32.997
Simiyu,runoff,2002,May,1411.182
Simiyu,runoff,2003,May,1114.898
Simiyu,runoff,2004,May,0.529
Simiyu,runoff,2005,May,571.612
Simiyu,runoff,2006,May,8.317
Simiyu,runoff,2007,May,10.33
Simiyu,runoff,2008,May,0.547
Simiyu,runoff,2009,May,109.962
Simiyu,runoff,2010,May,0.661
Simiyu,runoff,2011,May,38.153
Simiyu,runoff,2012,May,594.783
Simiyu,runoff,2013,May,11.723
Simiyu,runoff,2014,May,0.625
Simiyu,runoff,2015,May,222.797
Simiyu,runoff,2016,May,1430.984
Simiyu,runoff,2017,May,22.251
Simiyu,runoff,2018,May,74.012
Simiyu,runoff,2019,May,27.258
Simiyu,runoff,2020,May,3.635
Simiyu,runoff,2021,May,671.154
Simiyu,runoff,2022,May,11.85
Simiyu,runoff,2023,May,32.78
Simiyu,runoff,2024,May,7.321
Simiyu,runoff,2025,May,148.211
Simiyu,runoff,2026,May,19.102
Simiyu,runoff,2027,May,66.019
Simiyu,runoff,2028,May,648.736
Simiyu,runoff,2029,May,52.261
Simiyu,runoff,2030,May,2.817
Simiyu,runoff,2031,May,248.438
Simiyu,runoff,2032,May,1599.826
Simiyu,runoff,2033,May,29.994
Simiyu,runoff,2034,May,98.258
Simiyu,runoff,2035,May,32.876
Simiyu,runoff,red values = projected (climate change),May,
Simiyu,runoff,2000,June,
Simiyu,runoff,2001,June,21.632
Simiyu,runoff,2002,June,88.245
Simiyu,runoff,2003,June,5.008
Simiyu,runoff,2004,June,0.605
Simiyu,runoff,2005,June,158.413
Simiyu,runoff,2006,June,0.046
Simiyu,runoff,2007,June,52.88
Simiyu,runoff,2008,June,0.411
Simiyu,runoff,2009,June,40.95
Simiyu,runoff,2010,June,0.031
Simiyu,runoff,2011,June,0.013
Simiyu,runoff,2012,June,25.712
Simiyu,runoff,2013,June,8.941
Simiyu,runoff,2014,June,0.483
Simiyu,runoff,2015,June,0.055
Simiyu,runoff,2016,June,0.001
Simiyu,runoff,2017,June,0.0
Simiyu,runoff,2018,June,15.478
Simiyu,runoff,2019,June,0.836
Simiyu,runoff,2020,June,3.67
Simiyu,runoff,2021,June,190.223
Simiyu,runoff,2022,June,0.672
Simiyu,runoff,2023,June,345.758
Simiyu,runoff,2024,June,5.753
Simiyu,runoff,2025,June,102.533
Simiyu,runoff,2026,June,18.324
Simiyu,runoff,2027,June,1.39
Simiyu,runoff,2028,June,62.341
Simiyu,runoff,2029,June,40.622
Simiyu,runoff,2030,June,2.202
Simiyu,runoff,2031,June,0.442
Simiyu,runoff,2032,June,1.82
Simiyu,runoff,2033,June,0.099
Simiyu,runoff,2034,June,33.614
Simiyu,runoff,2035,June,5.738
Simiyu,runoff,red values = projected (climate change),June,
Simiyu,runoff,2000,July,
Simiyu,runoff,2001,July,17.024
Simiyu,runoff,2002,July,69.408
Simiyu,runoff,2003,July,3.83
Simiyu,runoff,2004,July,0.205
Simiyu,runoff,2005,July,0.662
Simiyu,runoff,2006,July,0.036
Simiyu,runoff,2007,July,6.247
Simiyu,runoff,2008,July,0.319
Simiyu,runoff,2009,July,0.306
Simiyu,runoff,2010,July,0.001
Simiyu,runoff,2011,July,0.3
Simiyu,runoff,2012,July,20.292
Simiyu,runoff,2013,July,7.033
Simiyu,runoff,2014,July,0.379
Simiyu,runoff,2015,July,0.021
Simiyu,runoff,2016,July,0.001
Simiyu,runoff,2017,July,0.0
Simiyu,runoff,2018,July,12.175
Simiyu,runoff,2019,July,0.657
Simiyu,runoff,2020,July,1.852
Simiyu,runoff,2021,July,9.579
Simiyu,runoff,2022,July,0.526
Simiyu,runoff,2023,July,28.983
Simiyu,runoff,2024,July,4.475
Simiyu,runoff,2025,July,34.485
Simiyu,runoff,2026,July,14.153
Simiyu,runoff,2027,July,7.552
Simiyu,runoff,2028,July,48.954
Simiyu,runoff,2029,July,31.952
Simiyu,runoff,2030,July,1.723
Simiyu,runoff,2031,July,0.107
Simiyu,runoff,2032,July,1.428
Simiyu,runoff,2033,July,0.078
Simiyu,runoff,2034,July,26.441
Simiyu,runoff,2035,July,2.567
Simiyu,runoff,red values = projected (climate change),July,
Simiyu,runoff,2000,Aug.,
Simiyu,runoff,2001,Aug.,13.283
Simiyu,runoff,2002,Aug.,54.17
Simiyu,runoff,2003,Aug.,3.093
Simiyu,runoff,2004,Aug.,0.16
Simiyu,runoff,2005,Aug.,0.517
Simiyu,runoff,2006,Aug.,0.047
Simiyu,runoff,2007,Aug.,7.022
Simiyu,runoff,2008,Aug.,0.249
Simiyu,runoff,2009,Aug.,0.013
Simiyu,runoff,2010,Aug.,0.001
Simiyu,runoff,2011,Aug.,0.0
Simiyu,runoff,2012,Aug.,15.597
Simiyu,runoff,2013,Aug.,5.488
Simiyu,runoff,2014,Aug.,0.3
Simiyu,runoff,2015,Aug.,0.084
Simiyu,runoff,2016,Aug.,0.001
Simiyu,runoff,2017,Aug.,0.0
Simiyu,runoff,2018,Aug.,9.533
Simiyu,runoff,2019,Aug.,0.512
Simiyu,runoff,2020,Aug.,1.445
Simiyu,runoff,2021,Aug.,7.628
Simiyu,runoff,2022,Aug.,0.699
Simiyu,runoff,2023,Aug.,56.111
Simiyu,runoff,2024,Aug.,3.487
Simiyu,runoff,2025,Aug.,4.462
Simiyu,runoff,2026,Aug.,11.044
Simiyu,runoff,2027,Aug.,1.001
Simiyu,runoff,2028,Aug.,38.021
Simiyu,runoff,2029,Aug.,24.944
Simiyu,runoff,2030,Aug.,1.582
Simiyu,runoff,2031,Aug.,4.978
Simiyu,runoff,2032,Aug.,1.114
Simiyu,runoff,2033,Aug.,0.062
Simiyu,runoff,2034,Aug.,28.386
Simiyu,runoff,2035,Aug.,1.488
Simiyu,runoff,red values = projected (climate change),Aug.,
Simiyu,runoff,2000,Sept.,864.41
Simiyu,runoff,2001,Sept.,10.372
Simiyu,runoff,2002,Sept.,42.287
Simiyu,runoff,2003,Sept.,2.338
Simiyu,runoff,2004,Sept.,0.125
Simiyu,runoff,2005,Sept.,0.403
Simiyu,runoff,2006,Sept.,0.022
Simiyu,runoff,2007,Sept.,3.633
Simiyu,runoff,2008,Sept.,0.194
Simiyu,runoff,2009,Sept.,0.01
Simiyu,runoff,2010,Sept.,0.001
Simiyu,runoff,2011,Sept.,0.0
Simiyu,runoff,2012,Sept.,12.17
Simiyu,runoff,2013,Sept.,4.283
Simiyu,runoff,2014,Sept.,0.234
Simiyu,runoff,2015,Sept.,0.012
Simiyu,runoff,2016,Sept.,0.001
Simiyu,runoff,2017,Sept.,0.0
Simiyu,runoff,2018,Sept.,7.545
Simiyu,runoff,2019,Sept.,0.401
Simiyu,runoff,2020,Sept.,1.209
Simiyu,runoff,2021,Sept.,5.847
Simiyu,runoff,2022,Sept.,2.103
Simiyu,runoff,2023,Sept.,17.358
Simiyu,runoff,2024,Sept.,2.745
Simiyu,runoff,2025,Sept.,3.49
Simiyu,runoff,2026,Sept.,8.647
Simiyu,runoff,2027,Sept.,0.474
Simiyu,runoff,2028,Sept.,40.085
Simiyu,runoff,2029,Sept.,22.076
Simiyu,runoff,2030,Sept.,25.138
Simiyu,runoff,2031,Sept.,0.076
Simiyu,runoff,2032,Sept.,0.869
Simiyu,runoff,2033,Sept.,0.409
Simiyu,runoff,2034,Sept.,26.732
Simiyu,runoff,2035,Sept.,183.906
Simiyu,runoff,red values = projected (climate change),Sept.,
Simiyu,runoff,2000,Oct.,635.375
Simiyu,runoff,2001,Oct.,9.169
Simiyu,runoff,2002,Oct.,33.261
Simiyu,runoff,2003,Oct.,1.849
Simiyu,runoff,2004,Oct.,0.157
Simiyu,runoff,2005,Oct.,0.317
Simiyu,runoff,2006,Oct.,0.017
Simiyu,runoff,2007,Oct.,2.858
Simiyu,runoff,2008,Oct.,0.155
Simiyu,runoff,2009,Oct.,0.008
Simiyu,runoff,2010,Oct.,0.004
Simiyu,runoff,2011,Oct.,13.962
Simiyu,runoff,2012,Oct.,9.717
Simiyu,runoff,2013,Oct.,3.369
Simiyu,runoff,2014,Oct.,0.21
Simiyu,runoff,2015,Oct.,0.011
Simiyu,runoff,2016,Oct.,0.012
Simiyu,runoff,2017,Oct.,0.1
Simiyu,runoff,2018,Oct.,5.832
Simiyu,runoff,2019,Oct.,0.321
Simiyu,runoff,2020,Oct.,2.644
Simiyu,runoff,2021,Oct.,4.607
Simiyu,runoff,2022,Oct.,0.247
Simiyu,runoff,2023,Oct.,13.569
Simiyu,runoff,2024,Oct.,6.675
Simiyu,runoff,2025,Oct.,2.738
Simiyu,runoff,2026,Oct.,6.854
Simiyu,runoff,2027,Oct.,222.214
Simiyu,runoff,2028,Oct.,23.649
Simiyu,runoff,2029,Oct.,23.941
Simiyu,runoff,2030,Oct.,7.166
Simiyu,runoff,2031,Oct.,0.07
Simiyu,runoff,2032,Oct.,0.723
Simiyu,runoff,2033,Oct.,0.336
Simiyu,runoff,2034,Oct.,16.789
Simiyu,runoff,2035,Oct.,2.058
Simiyu,runoff,red values = projected (climate change),Oct.,
Simiyu,runoff,2000,Nov.,498.359
Simiyu,runoff,2001,Nov.,288.793
Simiyu,runoff,2002,Nov.,28.56
Simiyu,runoff,2003,Nov.,1.487
Simiyu,runoff,2004,Nov.,6.527
Simiyu,runoff,2005,Nov.,0.248
Simiyu,runoff,2006,Nov.,3.7
Simiyu,runoff,2007,Nov.,2.252
Simiyu,runoff,2008,Nov.,1.71
Simiyu,runoff,2009,Nov.,0.39
Simiyu,runoff,2010,Nov.,0.0
Simiyu,runoff,2011,Nov.,1.641
Simiyu,runoff,2012,Nov.,154.622
Simiyu,runoff,2013,Nov.,2.763
Simiyu,runoff,2014,Nov.,0.235
Simiyu,runoff,2015,Nov.,47.527
Simiyu,runoff,2016,Nov.,0.297
Simiyu,runoff,2017,Nov.,0.841
Simiyu,runoff,2018,Nov.,4.551
Simiyu,runoff,2019,Nov.,1.215
Simiyu,runoff,2020,Nov.,24.777
Simiyu,runoff,2021,Nov.,3.586
Simiyu,runoff,2022,Nov.,4.443
Simiyu,runoff,2023,Nov.,10.691
Simiyu,runoff,2024,Nov.,4.015
Simiyu,runoff,2025,Nov.,2.642
Simiyu,runoff,2026,Nov.,5.323
Simiyu,runoff,2027,Nov.,3.925
Simiyu,runoff,2028,Nov.,300.321
Simiyu,runoff,2029,Nov.,12.148
Simiyu,runoff,2030,Nov.,1.006
Simiyu,runoff,2031,Nov.,170.53
Simiyu,runoff,2032,Nov.,3.474
Simiyu,runoff,2033,Nov.,2.148
Simiyu,runoff,2034,Nov.,15.34
Simiyu,runoff,2035,Nov.,12.265
Simiyu,runoff,red values = projected (climate change),Nov.,
Simiyu,runoff,2000,Dec.,393.089
Simiyu,runoff,2001,Dec.,15.0
Simiyu,runoff,2002,Dec.,28.231
Simiyu,runoff,2003,Dec.,4.563
Simiyu,runoff,2004,Dec.,31.87
Simiyu,runoff,2005,Dec.,0.196
Simiyu,runoff,2006,Dec.,509.102
Simiyu,runoff,2007,Dec.,2.315
Simiyu,runoff,2008,Dec.,111.263
Simiyu,runoff,2009,Dec.,3.531
Simiyu,runoff,2010,Dec.,0.207
Simiyu,runoff,2011,Dec.,859.141
Simiyu,runoff,2012,Dec.,43.436
Simiyu,runoff,2013,Dec.,15.007
Simiyu,runoff,2014,Dec.,277.052
Simiyu,runoff,2015,Dec.,5.453
Simiyu,runoff,2016,Dec.,23.18
Simiyu,runoff,2017,Dec.,1.412
Simiyu,runoff,2018,Dec.,3.695
Simiyu,runoff,2019,Dec.,724.176
Simiyu,runoff,2020,Dec.,74.111
Simiyu,runoff,2021,Dec.,2.841
Simiyu,runoff,2022,Dec.,682.708
Simiyu,runoff,2023,Dec.,9.29
Simiyu,runoff,2024,Dec.,138.72
Simiyu,runoff,2025,Dec.,9.059
Simiyu,runoff,2026,Dec.,12.654
Simiyu,runoff,2027,Dec.,1231.059
Simiyu,runoff,2028,Dec.,74.394
Simiyu,runoff,2029,Dec.,27.437
Simiyu,runoff,2030,Dec.,600.132
Simiyu,runoff,2031,Dec.,11.88
Simiyu,runoff,2032,Dec.,34.499
Simiyu,runoff,2033,Dec.,5.375
Simiyu,runoff,2034,Dec.,10.607
Simiyu,runoff,2035,Dec.,969.972
Simiyu,runoff,red values = projected (climate change),Dec.,
Victoria Nile,runoff,2000,Jan.,
Victoria Nile,runoff,2001,Jan.,135.065
Victoria Nile,runoff,2002,Jan.,7.324
Victoria Nile,runoff,2003,Jan.,1.203
Victoria Nile,runoff,2004,Jan.,0.028
Victoria Nile,runoff,2005,Jan.,0.001
Victoria Nile,runoff,2006,Jan.,0.0
Victoria Nile,runoff,2007,Jan.,34.203
Victoria Nile,runoff,2008,Jan.,1.845
Victoria Nile,runoff,2009,Jan.,63.096
Victoria Nile,runoff,2010,Jan.,320.747
Victoria Nile,runoff,2011,Jan.,3.66
Victoria Nile,runoff,2012,Jan.,150.174
Victoria Nile,runoff,2013,Jan.,8.045
Victoria Nile,runoff,2014,Jan.,0.433
Victoria Nile,runoff,2015,Jan.,0.023
Victoria Nile,runoff,2016,Jan.,0.005
Victoria Nile,runoff,2017,Jan.,0.0
Victoria Nile,runoff,2018,Jan.,0.0
Victoria Nile,runoff,2019,Jan.,0.0
Victoria Nile,runoff,2020,Jan.,364.582
Victoria Nile,runoff,2021,Jan.,726.719
Victoria Nile,runoff,2022,Jan.,134.256
Victoria Nile,runoff,2023,Jan.,1437.526
Victoria Nile,runoff,2024,Jan.,385.662
Victoria Nile,runoff,2025,Jan.,661.951
Victoria Nile,runoff,2026,Jan.,5564.265
Victoria Nile,runoff,2027,Jan.,518.681
Victoria Nile,runoff,2028,Jan.,988.444
Victoria Nile,runoff,2029,Jan.,1155.599
Victoria Nile,runoff,2030,Jan.,3390.944
Victoria Nile,runoff,2031,Jan.,632.586
Victoria Nile,runoff,2032,Jan.,666.467
Victoria Nile,runoff,2033,Jan.,231.945
Victoria Nile,runoff,2034,Jan.,470.924
Victoria Nile,runoff,2035,Jan.,329.651
Victoria Nile,runoff,2000,Feb.,
Victoria Nile,runoff,2001,Feb.,105.657
Victoria Nile,runoff,2002,Feb.,5.721
Victoria Nile,runoff,2003,Feb.,0.309
Victoria Nile,runoff,2004,Feb.,0.017
Victoria Nile,runoff,2005,Feb.,0.001
Victoria Nile,runoff,2006,Feb.,0.0
Victoria Nile,runoff,2007,Feb.,26.89
Victoria Nile,runoff,2008,Feb.,1.445
Victoria Nile,runoff,2009,Feb.,49.246
Victoria Nile,runoff,2010,Feb.,3.243
Victoria Nile,runoff,2011,Feb.,2.81
Victoria Nile,runoff,2012,Feb.,117.216
Victoria Nile,runoff,2013,Feb.,10.806
Victoria Nile,runoff,2014,Feb.,0.338
Victoria Nile,runoff,2015,Feb.,0.018
Victoria Nile,runoff,2016,Feb.,0.001
Victoria Nile,runoff,2017,Feb.,0.0
Victoria Nile,runoff,2018,Feb.,0.016
Victoria Nile,runoff,2019,Feb.,0.005
Victoria Nile,runoff,2020,Feb.,427.793
Victoria Nile,runoff,2021,Feb.,614.659
Victoria Nile,runoff,2022,Feb.,132.219
Victoria Nile,runoff,2023,Feb.,1303.479
Victoria Nile,runoff,2024,Feb.,458.227
Victoria Nile,runoff,2025,Feb.,703.24
Victoria Nile,runoff,2026,Feb.,501.831
Victoria Nile,runoff,2027,Feb.,478.223
Victoria Nile,runoff,2028,Feb.,771.498
Victoria Nile,runoff,2029,Feb.,5101.226
Victoria Nile,runoff,2030,Feb.,419.267
Victoria Nile,runoff,2031,Feb.,493.024
Victoria Nile,runoff,2032,Feb.,521.784
Victoria Nile,runoff,2033,Feb.,438.278
Victoria Nile,runoff,2034,Feb.,317.417
Victoria Nile,runoff,2035,Feb.,253.952
Victoria Nile,runoff,2000,March,
Victoria Nile,runoff,2001,March,86.597
Victoria Nile,runoff,2002,March,4.712
Victoria Nile,runoff,2003,March,0.332
Victoria Nile,runoff,2004,March,0.013
Victoria Nile,runoff,2005,March,0.461
Victoria Nile,runoff,2006,March,0.161
Victoria Nile,runoff,2007,March,21.372
Victoria Nile,runoff,2008,March,2.496
Victoria Nile,runoff,2009,March,39.349
Victoria Nile,runoff,2010,March,133.432
Victoria Nile,runoff,2011,March,2.3
Victoria Nile,runoff,2012,March,92.926
Victoria Nile,runoff,2013,March,5.85
Victoria Nile,runoff,2014,March,0.285
Victoria Nile,runoff,2015,March,0.025
Victoria Nile,runoff,2016,March,0.013
Victoria Nile,runoff,2017,March,0.024
Victoria Nile,runoff,2018,March,4.906
Victoria Nile,runoff,2019,March,0.0
Victoria Nile,runoff,2020,March,472.257
Victoria Nile,runoff,2021,March,880.004
Victoria Nile,runoff,2022,March,565.984
Victoria Nile,runoff,2023,March,941.269
Victoria Nile,runoff,2024,March,331.081
Victoria Nile,runoff,2025,March,610.662
Victoria Nile,runoff,2026,March,4723.488
Victoria Nile,runoff,2027,March,251.309
Victoria Nile,runoff,2028,March,1406.446
Victoria Nile,runoff,2029,March,581.506
Victoria Nile,runoff,2030,March,338.872
Victoria Nile,runoff,2031,March,396.908
Victoria Nile,runoff,2032,March,417.039
Victoria Nile,runoff,2033,March,1083.421
Victoria Nile,runoff,2034,March,2530.916
Victoria Nile,runoff,2035,March,203.83
Victoria Nile,runoff,2000,April,
Victoria Nile,runoff,2001,April,718.826
Victoria Nile,runoff,2002,April,7.752
Victoria Nile,runoff,2003,April,5.267
Victoria Nile,runoff,2004,April,5.507
Victoria Nile,runoff,2005,April,0.265
Victoria Nile,runoff,2006,April,10.916
Victoria Nile,runoff,2007,April,17.79
Victoria Nile,runoff,2008,April,86.826
Victoria Nile,runoff,2009,April,53.481
Victoria Nile,runoff,2010,April,208.382
Victoria Nile,runoff,2011,April,3.368
Victoria Nile,runoff,2012,April,94.034
Victoria Nile,runoff,2013,April,355.634
Victoria Nile,runoff,2014,April,0.247
Victoria Nile,runoff,2015,April,34.717
Victoria Nile,runoff,2016,April,28.351
Victoria Nile,runoff,2017,April,0.37
Victoria Nile,runoff,2018,April,2.581
Victoria Nile,runoff,2019,April,0.11
Victoria Nile,runoff,2020,April,950.532
Victoria Nile,runoff,2021,April,409.718
Victoria Nile,runoff,2022,April,474.862
Victoria Nile,runoff,2023,April,726.28
Victoria Nile,runoff,2024,April,793.446
Victoria Nile,runoff,2025,April,2723.418
Victoria Nile,runoff,2026,April,3611.252
Victoria Nile,runoff,2027,April,2337.6
Victoria Nile,runoff,2028,April,1459.633
Victoria Nile,runoff,2029,April,3587.961
Victoria Nile,runoff,2030,April,2190.651
Victoria Nile,runoff,2031,April,2565.392
Victoria Nile,runoff,2032,April,4004.259
Victoria Nile,runoff,2033,April,355.787
Victoria Nile,runoff,2034,April,513.318
Victoria Nile,runoff,2035,April,217.362
Victoria Nile,runoff,2000,May,
Victoria Nile,runoff,2001,May,332.277
Victoria Nile,runoff,2002,May,72.696
Victoria Nile,runoff,2003,May,98.161
Victoria Nile,runoff,2004,May,348.799
Victoria Nile,runoff,2005,May,608.244
Victoria Nile,runoff,2006,May,116.114
Victoria Nile,runoff,2007,May,30.064
Victoria Nile,runoff,2008,May,0.823
Victoria Nile,runoff,2009,May,74.149
Victoria Nile,runoff,2010,May,1083.105
Victoria Nile,runoff,2011,May,633.195
Victoria Nile,runoff,2012,May,159.994
Victoria Nile,runoff,2013,May,907.13
Victoria Nile,runoff,2014,May,0.569
Victoria Nile,runoff,2015,May,38.947
Victoria Nile,runoff,2016,May,511.55
Victoria Nile,runoff,2017,May,69.981
Victoria Nile,runoff,2018,May,2199.036
Victoria Nile,runoff,2019,May,1.194
Victoria Nile,runoff,2020,May,4600.79
Victoria Nile,runoff,2021,May,2950.99
Victoria Nile,runoff,2022,May,697.979
Victoria Nile,runoff,2023,May,689.775
Victoria Nile,runoff,2024,May,572.706
Victoria Nile,runoff,2025,May,5023.69
Victoria Nile,runoff,2026,May,3417.707
Victoria Nile,runoff,2027,May,2838.271
Victoria Nile,runoff,2028,May,2566.166
Victoria Nile,runoff,2029,May,3742.57
Victoria Nile,runoff,2030,May,248.054
Victoria Nile,runoff,2031,May,2060.089
Victoria Nile,runoff,2032,May,3577.95
Victoria Nile,runoff,2033,May,4488.343
Victoria Nile,runoff,2034,May,3886.885
Victoria Nile,runoff,2035,May,485.727
Victoria Nile,runoff,2000,June,
Victoria Nile,runoff,2001,June,41.289
Victoria Nile,runoff,2002,June,2.203
Victoria Nile,runoff,2003,June,133.53
Victoria Nile,runoff,2004,June,5.101
Victoria Nile,runoff,2005,June,84.841
Victoria Nile,runoff,2006,June,0.636
Victoria Nile,runoff,2007,June,100.6
Victoria Nile,runoff,2008,June,50.04
Victoria Nile,runoff,2009,June,19.396
Victoria Nile,runoff,2010,June,1.244
Victoria Nile,runoff,2011,June,27.167
Victoria Nile,runoff,2012,June,45.009
Victoria Nile,runoff,2013,June,2.443
Victoria Nile,runoff,2014,June,0.225
Victoria Nile,runoff,2015,June,22.398
Victoria Nile,runoff,2016,June,0.174
Victoria Nile,runoff,2017,June,0.021
Victoria Nile,runoff,2018,June,0.629
Victoria Nile,runoff,2019,June,6.968
Victoria Nile,runoff,2020,June,566.752
Victoria Nile,runoff,2021,June,817.133
Victoria Nile,runoff,2022,June,811.604
Victoria Nile,runoff,2023,June,5544.254
Victoria Nile,runoff,2024,June,524.806
Victoria Nile,runoff,2025,June,1584.603
Victoria Nile,runoff,2026,June,740.173
Victoria Nile,runoff,2027,June,590.032
Victoria Nile,runoff,2028,June,857.237
Victoria Nile,runoff,2029,June,831.6
Victoria Nile,runoff,2030,June,436.503
Victoria Nile,runoff,2031,June,3243.37
Victoria Nile,runoff,2032,June,467.806
Victoria Nile,runoff,2033,June,345.063
Victoria Nile,runoff,2034,June,758.382
Victoria Nile,runoff,2035,June,1547.604
Victoria Nile,runoff,2000,July,
Victoria Nile,runoff,2001,July,33.138
Victoria Nile,runoff,2002,July,1.793
Victoria Nile,runoff,2003,July,40.381
Victoria Nile,runoff,2004,July,0.271
Victoria Nile,runoff,2005,July,0.305
Victoria Nile,runoff,2006,July,0.328
Victoria Nile,runoff,2007,July,9.473
Victoria Nile,runoff,2008,July,0.833
Victoria Nile,runoff,2009,July,43.999
Victoria Nile,runoff,2010,July,1.791
Victoria Nile,runoff,2011,July,35.342
Victoria Nile,runoff,2012,July,38.419
Victoria Nile,runoff,2013,July,4.649
Victoria Nile,runoff,2014,July,0.121
Victoria Nile,runoff,2015,July,0.056
Victoria Nile,runoff,2016,July,0.029
Victoria Nile,runoff,2017,July,0.175
Victoria Nile,runoff,2018,July,0.008
Victoria Nile,runoff,2019,July,16.279
Victoria Nile,runoff,2020,July,337.572
Victoria Nile,runoff,2021,July,506.455
Victoria Nile,runoff,2022,July,534.143
Victoria Nile,runoff,2023,July,759.579
Victoria Nile,runoff,2024,July,453.423
Victoria Nile,runoff,2025,July,1388.539
Victoria Nile,runoff,2026,July,676.113
Victoria Nile,runoff,2027,July,1130.019
Victoria Nile,runoff,2028,July,1267.622
Victoria Nile,runoff,2029,July,675.717
Victoria Nile,runoff,2030,July,312.532
Victoria Nile,runoff,2031,July,565.61
Victoria Nile,runoff,2032,July,368.018
Victoria Nile,runoff,2033,July,423.737
Victoria Nile,runoff,2034,July,776.816
Victoria Nile,runoff,2035,July,707.286
Victoria Nile,runoff,2000,Aug.,
Victoria Nile,runoff,2001,Aug.,26.294
Victoria Nile,runoff,2002,Aug.,11.641
Victoria Nile,runoff,2003,Aug.,8.185
Victoria Nile,runoff,2004,Aug.,151.319
Victoria Nile,runoff,2005,Aug.,21.936
Victoria Nile,runoff,2006,Aug.,12.396
Victoria Nile,runoff,2007,Aug.,377.992
Victoria Nile,runoff,2008,Aug.,66.282
Victoria Nile,runoff,2009,Aug.,12.56
Victoria Nile,runoff,2010,Aug.,33.63
Victoria Nile,runoff,2011,Aug.,102.448
Victoria Nile,runoff,2012,Aug.,68.854
Victoria Nile,runoff,2013,Aug.,59.3
Victoria Nile,runoff,2014,Aug.,0.923
Victoria Nile,runoff,2015,Aug.,23.287
Victoria Nile,runoff,2016,Aug.,2.035
Victoria Nile,runoff,2017,Aug.,81.17
Victoria Nile,runoff,2018,Aug.,12.425
Victoria Nile,runoff,2019,Aug.,0.193
Victoria Nile,runoff,2020,Aug.,669.743
Victoria Nile,runoff,2021,Aug.,698.311
Victoria Nile,runoff,2022,Aug.,567.961
Victoria Nile,runoff,2023,Aug.,2837.02
Victoria Nile,runoff,2024,Aug.,1048.128
Victoria Nile,runoff,2025,Aug.,381.556
Victoria Nile,runoff,2026,Aug.,801.495
Victoria Nile,runoff,2027,Aug.,920.991
Victoria Nile,runoff,2028,Aug.,1457.533
Victoria Nile,runoff,2029,Aug.,1037.908
Victoria Nile,runoff,2030,Aug.,350.465
Victoria Nile,runoff,2031,Aug.,975.184
Victoria Nile,runoff,2032,Aug.,417.24
Victoria Nile,runoff,2033,Aug.,516.624
Victoria Nile,runoff,2034,Aug.,1835.124
Victoria Nile,runoff,2035,Aug.,540.193
Victoria Nile,runoff,2000,Sept.,1412.807
Victoria Nile,runoff,2001,Sept.,169.513
Victoria Nile,runoff,2002,Sept.,6.647
Victoria Nile,runoff,2003,Sept.,113.818
Victoria Nile,runoff,2004,Sept.,4.853
Victoria Nile,runoff,2005,Sept.,4.945
Victoria Nile,runoff,2006,Sept.,71.941
Victoria Nile,runoff,2007,Sept.,256.87
Victoria Nile,runoff,2008,Sept.,104.639
Victoria Nile,runoff,2009,Sept.,9.284
Victoria Nile,runoff,2010,Sept.,151.184
Victoria Nile,runoff,2011,Sept.,1812.792
Victoria Nile,runoff,2012,Sept.,469.556
Victoria Nile,runoff,2013,Sept.,52.722
Victoria Nile,runoff,2014,Sept.,390.548
Victoria Nile,runoff,2015,Sept.,0.143
Victoria Nile,runoff,2016,Sept.,0.11
Victoria Nile,runoff,2017,Sept.,991.86
Victoria Nile,runoff,2018,Sept.,117.619
Victoria Nile,runoff,2019,Sept.,61.408
Victoria Nile,runoff,2020,Sept.,305.357
Victoria Nile,runoff,2021,Sept.,341.779
Victoria Nile,runoff,2022,Sept.,655.85
Victoria Nile,runoff,2023,Sept.,3027.765
Victoria Nile,runoff,2024,Sept.,1829.509
Victoria Nile,runoff,2025,Sept.,355.117
Victoria Nile,runoff,2026,Sept.,568.611
Victoria Nile,runoff,2027,Sept.,2286.356
Victoria Nile,runoff,2028,Sept.,869.242
Victoria Nile,runoff,2029,Sept.,1274.223
Victoria Nile,runoff,2030,Sept.,2399.55
Victoria Nile,runoff,2031,Sept.,544.177
Victoria Nile,runoff,2032,Sept.,226.536
Victoria Nile,runoff,2033,Sept.,3859.64
Victoria Nile,runoff,2034,Sept.,811.627
Victoria Nile,runoff,2035,Sept.,1474.566
Victoria Nile,runoff,2000,Oct.,1175.014
Victoria Nile,runoff,2001,Oct.,22.057
Victoria Nile,runoff,2002,Oct.,206.751
Victoria Nile,runoff,2003,Oct.,0.318
Victoria Nile,runoff,2004,Oct.,278.252
Victoria Nile,runoff,2005,Oct.,25.44
Victoria Nile,runoff,2006,Oct.,61.601
Victoria Nile,runoff,2007,Oct.,113.544
Victoria Nile,runoff,2008,Oct.,84.005
Victoria Nile,runoff,2009,Oct.,41.614
Victoria Nile,runoff,2010,Oct.,8.487
Victoria Nile,runoff,2011,Oct.,245.141
Victoria Nile,runoff,2012,Oct.,100.516
Victoria Nile,runoff,2013,Oct.,293.375
Victoria Nile,runoff,2014,Oct.,19.267
Victoria Nile,runoff,2015,Oct.,8.786
Victoria Nile,runoff,2016,Oct.,12.486
Victoria Nile,runoff,2017,Oct.,7.592
Victoria Nile,runoff,2018,Oct.,0.314
Victoria Nile,runoff,2019,Oct.,280.041
Victoria Nile,runoff,2020,Oct.,829.358
Victoria Nile,runoff,2021,Oct.,333.43
Victoria Nile,runoff,2022,Oct.,1382.109
Victoria Nile,runoff,2023,Oct.,1666.753
Victoria Nile,runoff,2024,Oct.,1686.606
Victoria Nile,runoff,2025,Oct.,304.576
Victoria Nile,runoff,2026,Oct.,440.296
Victoria Nile,runoff,2027,Oct.,2238.748
Victoria Nile,runoff,2028,Oct.,742.864
Victoria Nile,runoff,2029,Oct.,1371.398
Victoria Nile,runoff,2030,Oct.,680.388
Victoria Nile,runoff,2031,Oct.,533.532
Victoria Nile,runoff,2032,Oct.,518.477
Victoria Nile,runoff,2033,Oct.,611.14
Victoria Nile,runoff,2034,Oct.,405.034
Victoria Nile,runoff,2035,Oct.,3204.099
Victoria Nile,runoff,2000,Nov.,1598.86
Victoria Nile,runoff,2001,Nov.,1025.033
Victoria Nile,runoff,2002,Nov.,80.915
Victoria Nile,runoff,2003,Nov.,10.116
Victoria Nile,runoff,2004,Nov.,196.213
Victoria Nile,runoff,2005,Nov.,63.766
Victoria Nile,runoff,2006,Nov.,183.878
Victoria Nile,runoff,2007,Nov.,4.438
Victoria Nile,runoff,2008,Nov.,167.183
Victoria Nile,runoff,2009,Nov.,9.74
Victoria Nile,runoff,2010,Nov.,23.341
Victoria Nile,runoff,2011,Nov.,1380.494
Victoria Nile,runoff,2012,Nov.,3359.848
Victoria Nile,runoff,2013,Nov.,73.807
Victoria Nile,runoff,2014,Nov.,12.707
Victoria Nile,runoff,2015,Nov.,1359.596
Victoria Nile,runoff,2016,Nov.,0.237
Victoria Nile,runoff,2017,Nov.,2.492
Victoria Nile,runoff,2018,Nov.,0.106
Victoria Nile,runoff,2019,Nov.,239.823
Victoria Nile,runoff,2020,Nov.,936.881
Victoria Nile,runoff,2021,Nov.,239.128
Victoria Nile,runoff,2022,Nov.,2450.873
Victoria Nile,runoff,2023,Nov.,587.242
Victoria Nile,runoff,2024,Nov.,771.986
Victoria Nile,runoff,2025,Nov.,451.571
Victoria Nile,runoff,2026,Nov.,529.917
Victoria Nile,runoff,2027,Nov.,1012.194
Victoria Nile,runoff,2028,Nov.,5601.258
Victoria Nile,runoff,2029,Nov.,547.267
Victoria Nile,runoff,2030,Nov.,926.166
Victoria Nile,runoff,2031,Nov.,2009.317
Victoria Nile,runoff,2032,Nov.,176.401
Victoria Nile,runoff,2033,Nov.,439.129
Victoria Nile,runoff,2034,Nov.,440.019
Victoria Nile,runoff,2035,Nov.,1747.364
Victoria Nile,runoff,2000,Dec.,744.105
Victoria Nile,runoff,2001,Dec.,9.382
Victoria Nile,runoff,2002,Dec.,5.452
Victoria Nile,runoff,2003,Dec.,26.358
Victoria Nile,runoff,2004,Dec.,0.095
Victoria Nile,runoff,2005,Dec.,0.002
Victoria Nile,runoff,2006,Dec.,167.039
Victoria Nile,runoff,2007,Dec.,2.423
Victoria Nile,runoff,2008,Dec.,80.838
Victoria Nile,runoff,2009,Dec.,13.044
Victoria Nile,runoff,2010,Dec.,4.655
Victoria Nile,runoff,2011,Dec.,240.057
Victoria Nile,runoff,2012,Dec.,68.965
Victoria Nile,runoff,2013,Dec.,0.598
Victoria Nile,runoff,2014,Dec.,366.44
Victoria Nile,runoff,2015,Dec.,183.237
Victoria Nile,runoff,2016,Dec.,1.82
Victoria Nile,runoff,2017,Dec.,1.851
Victoria Nile,runoff,2018,Dec.,0.332
Victoria Nile,runoff,2019,Dec.,108.343
Victoria Nile,runoff,2020,Dec.,559.648
Victoria Nile,runoff,2021,Dec.,195.018
Victoria Nile,runoff,2022,Dec.,2063.458
Victoria Nile,runoff,2023,Dec.,462.974
Victoria Nile,runoff,2024,Dec.,888.29
Victoria Nile,runoff,2025,Dec.,428.451
Victoria Nile,runoff,2026,Dec.,554.523
Victoria Nile,runoff,2027,Dec.,2445.612
Victoria Nile,runoff,2028,Dec.,1053.553
Victoria Nile,runoff,2029,Dec.,580.721
Victoria Nile,runoff,2030,Dec.,3095.509
Victoria Nile,runoff,2031,Dec.,808.066
Victoria Nile,runoff,2032,Dec.,914.751
Victoria Nile,runoff,2033,Dec.,1699.954
Victoria Nile,runoff,2034,Dec.,265.086
Victoria Nile,runoff,2035,Dec.,3909.812
Simiyu,rainfall,2000,Jan.,
Simiyu,rainfall,2001,Jan.,11.382
Simiyu,rainfall,2002,Jan.,4.705
Simiyu,rainfall,2003,Jan.,1.55
Simiyu,rainfall,2004,Jan.,6.224
Simiyu,rainfall,2005,Jan.,0.982
Simiyu,rainfall,2006,Jan.,0.09
Simiyu,rainfall,2007,Jan.,2.867
Simiyu,rainfall,2008,Jan.,0.902
Simiyu,rainfall,2009,Jan.,2.483
Simiyu,rainfall,2010,Jan.,10.175
Simiyu,rainfall,2011,Jan.,0.283
Simiyu,rainfall,2012,Jan.,0.327
Simiyu,rainfall,2013,Jan.,4.071
Simiyu,rainfall,2014,Jan.,2.747
Simiyu,rainfall,2015,Jan.,1.379
Simiyu,rainfall,2016,Jan.,0.377
Simiyu,rainfall,2017,Jan.,1.406
Simiyu,rainfall,2018,Jan.,1.805
Simiyu,rainfall,2019,Jan.,1.506
Simiyu,rainfall,2020,Jan.,6.538
Simiyu,rainfall,2021,Jan.,1.032
Simiyu,rainfall,2022,Jan.,0.095
Simiyu,rainfall,2023,Jan.,3.012
Simiyu,rainfall,2024,Jan.,0.948
Simiyu,rainfall,2025,Jan.,2.608
Simiyu,rainfall,2026,Jan.,10.689
Simiyu,rainfall,2027,Jan.,0.298
Simiyu,rainfall,2028,Jan.,0.344
Simiyu,rainfall,2029,Jan.,4.276
Simiyu,rainfall,2030,Jan.,2.886
Simiyu,rainfall,2031,Jan.,1.448
Simiyu,rainfall,2032,Jan.,0.396
Simiyu,rainfall,2033,Jan.,1.477
Simiyu,rainfall,2034,Jan.,1.896
Simiyu,rainfall,2035,Jan.,1.583
Simiyu,rainfall,2000,Feb.,
Simiyu,rainfall,2001,Feb.,0.27
Simiyu,rainfall,2002,Feb.,0.299
Simiyu,rainfall,2003,Feb.,0.091
Simiyu,rainfall,2004,Feb.,1.386
Simiyu,rainfall,2005,Feb.,2.96
Simiyu,rainfall,2006,Feb.,1.389
Simiyu,rainfall,2007,Feb.,2.843
Simiyu,rainfall,2008,Feb.,0.933
Simiyu,rainfall,2009,Feb.,3.394
Simiyu,rainfall,2010,Feb.,0.116
Simiyu,rainfall,2011,Feb.,7.126
Simiyu,rainfall,2012,Feb.,0.061
Simiyu,rainfall,2013,Feb.,6.05
Simiyu,rainfall,2014,Feb.,0.504
Simiyu,rainfall,2015,Feb.,1.175
Simiyu,rainfall,2016,Feb.,3.67
Simiyu,rainfall,2017,Feb.,1.787
Simiyu,rainfall,2018,Feb.,0.029
Simiyu,rainfall,2019,Feb.,0.125
Simiyu,rainfall,2020,Feb.,1.5
Simiyu,rainfall,2021,Feb.,3.204
Simiyu,rainfall,2022,Feb.,1.503
Simiyu,rainfall,2023,Feb.,3.077
Simiyu,rainfall,2024,Feb.,1.01
Simiyu,rainfall,2025,Feb.,3.674
Simiyu,rainfall,2026,Feb.,0.126
Simiyu,rainfall,2027,Feb.,7.714
Simiyu,rainfall,2028,Feb.,0.066
Simiyu,rainfall,2029,Feb.,6.549
Simiyu,rainfall,2030,Feb.,0.546
Simiyu,rainfall,2031,Feb.,1.272
Simiyu,rainfall,2032,Feb.,3.973
Simiyu,rainfall,2033,Feb.,1.934
Simiyu,rainfall,2034,Feb.,0.031
Simiyu,rainfall,2035,Feb.,0.135
Simiyu,rainfall,2000,March,
Simiyu,rainfall,2001,March,0.29
Simiyu,rainfall,2002,March,4.341
Simiyu,rainfall,2003,March,4.11
Simiyu,rainfall,2004,March,0.816
Simiyu,rainfall,2005,March,1.173
Simiyu,rainfall,2006,March,9.776
Simiyu,rainfall,2007,March,5.341
Simiyu,rainfall,2008,March,5.751
Simiyu,rainfall,2009,March,11.208
Simiyu,rainfall,2010,March,0.958
Simiyu,rainfall,2011,March,0.194
Simiyu,rainfall,2012,March,6.533
Simiyu,rainfall,2013,March,0.221
Simiyu,rainfall,2014,March,0.302
Simiyu,rainfall,2015,March,0.338
Simiyu,rainfall,2016,March,0.323
Simiyu,rainfall,2017,March,3.239
Simiyu,rainfall,2018,March,1.67
Simiyu,rainfall,2019,March,0.056
Simiyu,rainfall,2020,March,0.926
Simiyu,rainfall,2021,March,1.331
Simiyu,rainfall,2022,March,11.096
Simiyu,rainfall,2023,March,6.062
Simiyu,rainfall,2024,March,6.527
Simiyu,rainfall,2025,March,12.721
Simiyu,rainfall,2026,March,1.088
Simiyu,rainfall,2027,March,0.22
Simiyu,rainfall,2028,March,7.415
Simiyu,rainfall,2029,March,0.251
Simiyu,rainfall,2030,March,0.342
Simiyu,rainfall,2031,March,0.384
Simiyu,rainfall,2032,March,0.367
Simiyu,rainfall,2033,March,3.676
Simiyu,rainfall,2034,March,1.896
Simiyu,rainfall,2035,March,0.063
Simiyu,rainfall,2000,April,
Simiyu,rainfall,2001,April,4.074
Simiyu,rainfall,2002,April,2.655
Simiyu,rainfall,2003,April,10.559
Simiyu,rainfall,2004,April,7.012
Simiyu,rainfall,2005,April,0.235
Simiyu,rainfall,2006,April,1.467
Simiyu,rainfall,2007,April,0.512
Simiyu,rainfall,2008,April,0.126
Simiyu,rainfall,2009,April,4.989
Simiyu,rainfall,2010,April,4.675
Simiyu,rainfall,2011,April,3.761
Simiyu,rainfall,2012,April,3.437
Simiyu,rainfall,2013,April,6.278
Simiyu,rainfall,2014,April,3.699
Simiyu,rainfall,2015,April,4.931
Simiyu,rainfall,2016,April,16.017
Simiyu,rainfall,2017,April,0.152
Simiyu,rainfall,2018,April,7.333
Simiyu,rainfall,2019,April,8.406
Simiyu,rainfall,2020,April,6.801
Simiyu,rainfall,2021,April,0.228
Simiyu,rainfall,2022,April,1.423
Simiyu,rainfall,2023,April,0.496
Simiyu,rainfall,2024,April,0.122
Simiyu,rainfall,2025,April,4.84
Simiyu,rainfall,2026,April,4.534
Simiyu,rainfall,2027,April,3.648
Simiyu,rainfall,2028,April,3.334
Simiyu,rainfall,2029,April,6.09
Simiyu,rainfall,2030,April,3.588
Simiyu,rainfall,2031,April,4.783
Simiyu,rainfall,2032,April,15.536
Simiyu,rainfall,2033,April,0.147
Simiyu,rainfall,2034,April,7.113
Simiyu,rainfall,2035,April,8.154
Simiyu,rainfall,2000,May,
Simiyu,rainfall,2001,May,2.814
Simiyu,rainfall,2002,May,7.199
Simiyu,rainfall,2003,May,16.406
Simiyu,rainfall,2004,May,0.874
Simiyu,rainfall,2005,May,6.626
Simiyu,rainfall,2006,May,3.621
Simiyu,rainfall,2007,May,0.127
Simiyu,rainfall,2008,May,0.25
Simiyu,rainfall,2009,May,3.481
Simiyu,rainfall,2010,May,1.857
Simiyu,rainfall,2011,May,7.831
Simiyu,rainfall,2012,May,7.782
Simiyu,rainfall,2013,May,0.451
Simiyu,rainfall,2014,May,0.105
Simiyu,rainfall,2015,May,2.192
Simiyu,rainfall,2016,May,8.43
Simiyu,rainfall,2017,May,6.853
Simiyu,rainfall,2018,May,0.335
Simiyu,rainfall,2019,May,0.238
Simiyu,rainfall,2020,May,0.887
Simiyu,rainfall,2021,May,6.726
Simiyu,rainfall,2022,May,3.676
Simiyu,rainfall,2023,May,0.129
Simiyu,rainfall,2024,May,0.254
Simiyu,rainfall,2025,May,3.533
Simiyu,rainfall,2026,May,1.884
Simiyu,rainfall,2027,May,7.948
Simiyu,rainfall,2028,May,7.899
Simiyu,rainfall,2029,May,0.458
Simiyu,rainfall,2030,May,0.107
Simiyu,rainfall,2031,May,2.225
Simiyu,rainfall,2032,May,8.557
Simiyu,rainfall,2033,May,6.956
Simiyu,rainfall,2034,May,0.34
Simiyu,rainfall,2035,May,0.242
Simiyu,rainfall,2000,June,
Simiyu,rainfall,2001,June,0.246
Simiyu,rainfall,2002,June,0.265
Simiyu,rainfall,2003,June,0.034
Simiyu,rainfall,2004,June,0.111
Simiyu,rainfall,2005,June,0.053
Simiyu,rainfall,2006,June,0.102
Simiyu,rainfall,2007,June,8.403
Simiyu,rainfall,2008,June,0.933
Simiyu,rainfall,2009,June,5.703
Simiyu,rainfall,2010,June,0.258
Simiyu,rainfall,2011,June,0.25
Simiyu,rainfall,2012,June,0.244
Simiyu,rainfall,2013,June,0.082
Simiyu,rainfall,2014,June,0.262
Simiyu,rainfall,2015,June,0.489
Simiyu,rainfall,2016,June,0.01
Simiyu,rainfall,2017,June,0.027
Simiyu,rainfall,2018,June,0.075
Simiyu,rainfall,2019,June,2.345
Simiyu,rainfall,2020,June,0.181
Simiyu,rainfall,2021,June,0.086
Simiyu,rainfall,2022,June,0.167
Simiyu,rainfall,2023,June,13.74
Simiyu,rainfall,2024,June,1.526
Simiyu,rainfall,2025,June,9.325
Simiyu,rainfall,2026,June,0.422
Simiyu,rainfall,2027,June,0.409
Simiyu,rainfall,2028,June,0.399
Simiyu,rainfall,2029,June,0.133
Simiyu,rainfall,2030,June,0.429
Simiyu,rainfall,2031,June,0.799
Simiyu,rainfall,2032,June,0.016
Simiyu,rainfall,2033,June,0.044
Simiyu,rainfall,2034,June,0.123
Simiyu,rainfall,2035,June,3.834
Simiyu,rainfall,2000,July,
Simiyu,rainfall,2001,July,0.25
Simiyu,rainfall,2002,July,0.395
Simiyu,rainfall,2003,July,0.553
Simiyu,rainfall,2004,July,0.157
Simiyu,rainfall,2005,July,0.124
Simiyu,rainfall,2006,July,0.196
Simiyu,rainfall,2007,July,0.386
Simiyu,rainfall,2008,July,0.026
Simiyu,rainfall,2009,July,0.169
Simiyu,rainfall,2010,July,0.154
Simiyu,rainfall,2011,July,0.104
Simiyu,rainfall,2012,July,0.156
Simiyu,rainfall,2013,July,0.262
Simiyu,rainfall,2014,July,0.143
Simiyu,rainfall,2015,July,0.027
Simiyu,rainfall,2016,July,0.2
Simiyu,rainfall,2017,July,0.194
Simiyu,rainfall,2018,July,0.13
Simiyu,rainfall,2019,July,0.083
Simiyu,rainfall,2020,July,0.2
Simiyu,rainfall,2021,July,0.158
Simiyu,rainfall,2022,July,0.249
Simiyu,rainfall,2023,July,0.491
Simiyu,rainfall,2024,July,0.033
Simiyu,rainfall,2025,July,0.215
Simiyu,rainfall,2026,July,0.196
Simiyu,rainfall,2027,July,0.132
Simiyu,rainfall,2028,July,0.198
Simiyu,rainfall,2029,July,0.333
Simiyu,rainfall,2030,July,0.181
Simiyu,rainfall,2031,July,0.034
Simiyu,rainfall,2032,July,0.254
Simiyu,rainfall,2033,July,0.247
Simiyu,rainfall,2034,July,0.165
Simiyu,rainfall,2035,July,0.106
Simiyu,rainfall,2000,Aug.,
Simiyu,rainfall,2001,Aug.,0.092
Simiyu,rainfall,2002,Aug.,0.053
Simiyu,rainfall,2003,Aug.,0.208
Simiyu,rainfall,2004,Aug.,0.395
Simiyu,rainfall,2005,Aug.,0.031
Simiyu,rainfall,2006,Aug.,0.751
Simiyu,rainfall,2007,Aug.,0.706
Simiyu,rainfall,2008,Aug.,0.199
Simiyu,rainfall,2009,Aug.,0.389
Simiyu,rainfall,2010,Aug.,0.038
Simiyu,rainfall,2011,Aug.,0.154
Simiyu,rainfall,2012,Aug.,0.784
Simiyu,rainfall,2013,Aug.,0.043
Simiyu,rainfall,2014,Aug.,0.113
Simiyu,rainfall,2015,Aug.,0.994
Simiyu,rainfall,2016,Aug.,0.06
Simiyu,rainfall,2017,Aug.,0.111
Simiyu,rainfall,2018,Aug.,1.065
Simiyu,rainfall,2019,Aug.,0.153
Simiyu,rainfall,2020,Aug.,0.727
Simiyu,rainfall,2021,Aug.,0.058
Simiyu,rainfall,2022,Aug.,1.383
Simiyu,rainfall,2023,Aug.,1.301
Simiyu,rainfall,2024,Aug.,0.367
Simiyu,rainfall,2025,Aug.,0.716
Simiyu,rainfall,2026,Aug.,0.071
Simiyu,rainfall,2027,Aug.,0.283
Simiyu,rainfall,2028,Aug.,1.445
Simiyu,rainfall,2029,Aug.,0.079
Simiyu,rainfall,2030,Aug.,0.208
Simiyu,rainfall,2031,Aug.,1.83
Simiyu,rainfall,2032,Aug.,0.11
Simiyu,rainfall,2033,Aug.,0.204
Simiyu,rainfall,2034,Aug.,1.962
Simiyu,rainfall,2035,Aug.,0.283
Simiyu,rainfall,2000,Sept.,3.435
Simiyu,rainfall,2001,Sept.,0.254
Simiyu,rainfall,2002,Sept.,0.47
Simiyu,rainfall,2003,Sept.,0.102
Simiyu,rainfall,2004,Sept.,4.387
Simiyu,rainfall,2005,Sept.,0.226
Simiyu,rainfall,2006,Sept.,0.347
Simiyu,rainfall,2007,Sept.,1.577
Simiyu,rainfall,2008,Sept.,1.282
Simiyu,rainfall,2009,Sept.,0.116
Simiyu,rainfall,2010,Sept.,0.906
Simiyu,rainfall,2011,Sept.,0.109
Simiyu,rainfall,2012,Sept.,0.42
Simiyu,rainfall,2013,Sept.,5.001
Simiyu,rainfall,2014,Sept.,0.45
Simiyu,rainfall,2015,Sept.,0.123
Simiyu,rainfall,2016,Sept.,0.094
Simiyu,rainfall,2017,Sept.,0.447
Simiyu,rainfall,2018,Sept.,0.068
Simiyu,rainfall,2019,Sept.,6.532
Simiyu,rainfall,2020,Sept.,6.098
Simiyu,rainfall,2021,Sept.,0.314
Simiyu,rainfall,2022,Sept.,0.482
Simiyu,rainfall,2023,Sept.,2.192
Simiyu,rainfall,2024,Sept.,1.782
Simiyu,rainfall,2025,Sept.,0.162
Simiyu,rainfall,2026,Sept.,1.259
Simiyu,rainfall,2027,Sept.,0.151
Simiyu,rainfall,2028,Sept.,0.584
Simiyu,rainfall,2029,Sept.,6.951
Simiyu,rainfall,2030,Sept.,0.626
Simiyu,rainfall,2031,Sept.,0.171
Simiyu,rainfall,2032,Sept.,0.131
Simiyu,rainfall,2033,Sept.,0.621
Simiyu,rainfall,2034,Sept.,0.095
Simiyu,rainfall,2035,Sept.,9.079
Simiyu,rainfall,2000,Oct.,1.21
Simiyu,rainfall,2001,Oct.,0.252
Simiyu,rainfall,2002,Oct.,0.882
Simiyu,rainfall,2003,Oct.,0.416
Simiyu,rainfall,2004,Oct.,0.386
Simiyu,rainfall,2005,Oct.,0.4
Simiyu,rainfall,2006,Oct.,0.168
Simiyu,rainfall,2007,Oct.,0.999
Simiyu,rainfall,2008,Oct.,8.324
Simiyu,rainfall,2009,Oct.,0.032
Simiyu,rainfall,2010,Oct.,0.21
Simiyu,rainfall,2011,Oct.,12.61
Simiyu,rainfall,2012,Oct.,0.151
Simiyu,rainfall,2013,Oct.,3.263
Simiyu,rainfall,2014,Oct.,6.878
Simiyu,rainfall,2015,Oct.,3.46
Simiyu,rainfall,2016,Oct.,3.97
Simiyu,rainfall,2017,Oct.,0.291
Simiyu,rainfall,2018,Oct.,0.43
Simiyu,rainfall,2019,Oct.,3.518
Simiyu,rainfall,2020,Oct.,0.441
Simiyu,rainfall,2021,Oct.,0.456
Simiyu,rainfall,2022,Oct.,0.192
Simiyu,rainfall,2023,Oct.,1.14
Simiyu,rainfall,2024,Oct.,9.502
Simiyu,rainfall,2025,Oct.,0.037
Simiyu,rainfall,2026,Oct.,0.239
Simiyu,rainfall,2027,Oct.,14.394
Simiyu,rainfall,2028,Oct.,0.172
Simiyu,rainfall,2029,Oct.,3.725
Simiyu,rainfall,2030,Oct.,7.851
Simiyu,rainfall,2031,Oct.,3.95
Simiyu,rainfall,2032,Oct.,4.532
Simiyu,rainfall,2033,Oct.,0.332
Simiyu,rainfall,2034,Oct.,0.491
Simiyu,rainfall,2035,Oct.,4.016
Simiyu,rainfall,2000,Nov.,1.121
Simiyu,rainfall,2001,Nov.,6.435
Simiyu,rainfall,2002,Nov.,4.839
Simiyu,rainfall,2003,Nov.,7.707
Simiyu,rainfall,2004,Nov.,0.064
Simiyu,rainfall,2005,Nov.,1.218
Simiyu,rainfall,2006,Nov.,3.905
Simiyu,rainfall,2007,Nov.,2.171
Simiyu,rainfall,2008,Nov.,0.844
Simiyu,rainfall,2009,Nov.,1.341
Simiyu,rainfall,2010,Nov.,1.522
Simiyu,rainfall,2011,Nov.,0.392
Simiyu,rainfall,2012,Nov.,5.788
Simiyu,rainfall,2013,Nov.,1.525
Simiyu,rainfall,2014,Nov.,0.394
Simiyu,rainfall,2015,Nov.,8.156
Simiyu,rainfall,2016,Nov.,10.581
Simiyu,rainfall,2017,Nov.,0.15
Simiyu,rainfall,2018,Nov.,1.398
Simiyu,rainfall,2019,Nov.,0.307
Simiyu,rainfall,2020,Nov.,0.066
Simiyu,rainfall,2021,Nov.,1.254
Simiyu,rainfall,2022,Nov.,4.022
Simiyu,rainfall,2023,Nov.,2.236
Simiyu,rainfall,2024,Nov.,0.869
Simiyu,rainfall,2025,Nov.,1.381
Simiyu,rainfall,2026,Nov.,1.568
Simiyu,rainfall,2027,Nov.,0.404
Simiyu,rainfall,2028,Nov.,5.961
Simiyu,rainfall,2029,Nov.,1.571
Simiyu,rainfall,2030,Nov.,0.406
Simiyu,rainfall,2031,Nov.,8.4
Simiyu,rainfall,2032,Nov.,10.898
Simiyu,rainfall,2033,Nov.,0.154
Simiyu,rainfall,2034,Nov.,1.44
Simiyu,rainfall,2035,Nov.,0.317
Simiyu,rainfall,2000,Dec.,0.096
Simiyu,rainfall,2001,Dec.,4.617
Simiyu,rainfall,2002,Dec.,0.61
Simiyu,rainfall,2003,Dec.,1.517
Simiyu,rainfall,2004,Dec.,8.113
Simiyu,rainfall,2005,Dec.,2.134
Simiyu,rainfall,2006,Dec.,7.588
Simiyu,rainfall,2007,Dec.,0.428
Simiyu,rainfall,2008,Dec.,1.997
Simiyu,rainfall,2009,Dec.,0.351
Simiyu,rainfall,2010,Dec.,6.08
Simiyu,rainfall,2011,Dec.,7.123
Simiyu,rainfall,2012,Dec.,0.191
Simiyu,rainfall,2013,Dec.,3.155
Simiyu,rainfall,2014,Dec.,10.075
Simiyu,rainfall,2015,Dec.,2.714
Simiyu,rainfall,2016,Dec.,4.175
Simiyu,rainfall,2017,Dec.,3.806
Simiyu,rainfall,2018,Dec.,1.835
Simiyu,rainfall,2019,Dec.,7.402
Simiyu,rainfall,2020,Dec.,8.925
Simiyu,rainfall,2021,Dec.,2.348
Simiyu,rainfall,2022,Dec.,8.347
Simiyu,rainfall,2023,Dec.,0.471
Simiyu,rainfall,2024,Dec.,2.197
Simiyu,rainfall,2025,Dec.,0.386
Simiyu,rainfall,2026,Dec.,6.688
Simiyu,rainfall,2027,Dec.,7.835
Simiyu,rainfall,2028,Dec.,0.211
Simiyu,rainfall,2029,Dec.,3.47
Simiyu,rainfall,2030,Dec.,11.082
Simiyu,rainfall,2031,Dec.,2.986
Simiyu,rainfall,2032,Dec.,4.592
Simiyu,rainfall,2033,Dec.,4.186
Simiyu,rainfall,2034,Dec.,2.018
Simiyu,rainfall,2035,Dec.,8.143
