2025-06-26 12:03:52,490:WARNING:
'cuml' is a soft dependency and not included in the pycaret installation. Please run: `pip install cuml` to install.
2025-06-26 12:03:52,490:WARNING:
'cuml' is a soft dependency and not included in the pycaret installation. Please run: `pip install cuml` to install.
2025-06-26 12:03:52,490:WARNING:
'cuml' is a soft dependency and not included in the pycaret installation. Please run: `pip install cuml` to install.
2025-06-26 12:03:52,490:WARNING:
'cuml' is a soft dependency and not included in the pycaret installation. Please run: `pip install cuml` to install.
2025-06-26 12:10:18,566:INFO:PyCaret RegressionExperiment
2025-06-26 12:10:18,566:INFO:Logging name: reg-default-name
2025-06-26 12:10:18,566:INFO:ML Usecase: MLUsecase.REGRESSION
2025-06-26 12:10:18,566:INFO:version 3.3.2
2025-06-26 12:10:18,566:INFO:Initializing setup()
2025-06-26 12:10:18,566:INFO:self.USI: 1672
2025-06-26 12:10:18,566:INFO:self._variable_keys: {'X_train', 'fold_generator', 'data', 'logging_param', 'log_plots_param', 'fold_shuffle_param', 'n_jobs_param', 'gpu_n_jobs_param', 'exp_name_log', '_ml_usecase', 'pipeline', 'transform_target_param', 'X_test', '_available_plots', 'y', 'exp_id', 'gpu_param', 'seed', 'memory', 'fold_groups_param', 'target_param', 'X', 'idx', 'USI', 'y_test', 'html_param', 'y_train'}
2025-06-26 12:10:18,566:INFO:Checking environment
2025-06-26 12:10:18,567:INFO:python_version: 3.11.11
2025-06-26 12:10:18,567:INFO:python_build: ('main', 'Dec 11 2024 16:28:39')
2025-06-26 12:10:18,567:INFO:machine: x86_64
2025-06-26 12:10:18,567:INFO:platform: Linux-6.1.0-37-amd64-x86_64-with-glibc2.36
2025-06-26 12:10:18,567:INFO:Memory: svmem(total=16387018752, available=6449778688, percent=60.6, used=8703627264, free=535105536, active=2135941120, inactive=11843436544, buffers=257908736, cached=6890377216, shared=883875840, slab=575512576)
2025-06-26 12:10:18,568:INFO:Physical Core: 8
2025-06-26 12:10:18,568:INFO:Logical Core: 12
2025-06-26 12:10:18,568:INFO:Checking libraries
2025-06-26 12:10:18,568:INFO:System:
2025-06-26 12:10:18,568:INFO:    python: 3.11.11 (main, Dec 11 2024, 16:28:39) [GCC 11.2.0]
2025-06-26 12:10:18,568:INFO:executable: /home/tj/miniconda3/envs/day1ML/bin/python
2025-06-26 12:10:18,568:INFO:   machine: Linux-6.1.0-37-amd64-x86_64-with-glibc2.36
2025-06-26 12:10:18,568:INFO:PyCaret required dependencies:
2025-06-26 12:10:18,592:INFO:                 pip: 25.1
2025-06-26 12:10:18,592:INFO:          setuptools: 78.1.1
2025-06-26 12:10:18,592:INFO:             pycaret: 3.3.2
2025-06-26 12:10:18,592:INFO:             IPython: 9.1.0
2025-06-26 12:10:18,592:INFO:          ipywidgets: 8.1.7
2025-06-26 12:10:18,592:INFO:                tqdm: 4.67.1
2025-06-26 12:10:18,592:INFO:               numpy: 1.26.4
2025-06-26 12:10:18,592:INFO:              pandas: 2.1.4
2025-06-26 12:10:18,592:INFO:              jinja2: 3.1.6
2025-06-26 12:10:18,592:INFO:               scipy: 1.11.4
2025-06-26 12:10:18,592:INFO:              joblib: 1.3.2
2025-06-26 12:10:18,592:INFO:             sklearn: 1.4.2
2025-06-26 12:10:18,592:INFO:                pyod: 2.0.5
2025-06-26 12:10:18,593:INFO:            imblearn: 0.13.0
2025-06-26 12:10:18,593:INFO:   category_encoders: 2.7.0
2025-06-26 12:10:18,593:INFO:            lightgbm: 4.6.0
2025-06-26 12:10:18,593:INFO:               numba: 0.61.0
2025-06-26 12:10:18,593:INFO:            requests: 2.32.4
2025-06-26 12:10:18,593:INFO:          matplotlib: 3.7.5
2025-06-26 12:10:18,593:INFO:          scikitplot: 0.3.7
2025-06-26 12:10:18,593:INFO:         yellowbrick: 1.5
2025-06-26 12:10:18,593:INFO:              plotly: 5.24.1
2025-06-26 12:10:18,593:INFO:    plotly-resampler: Not installed
2025-06-26 12:10:18,593:INFO:             kaleido: 1.0.0
2025-06-26 12:10:18,593:INFO:           schemdraw: 0.15
2025-06-26 12:10:18,593:INFO:         statsmodels: 0.14.4
2025-06-26 12:10:18,593:INFO:              sktime: 0.26.0
2025-06-26 12:10:18,593:INFO:               tbats: 1.1.3
2025-06-26 12:10:18,593:INFO:            pmdarima: 2.0.4
2025-06-26 12:10:18,593:INFO:              psutil: 5.9.0
2025-06-26 12:10:18,593:INFO:          markupsafe: 3.0.2
2025-06-26 12:10:18,593:INFO:             pickle5: Not installed
2025-06-26 12:10:18,593:INFO:         cloudpickle: 3.1.1
2025-06-26 12:10:18,593:INFO:         deprecation: 2.1.0
2025-06-26 12:10:18,593:INFO:              xxhash: 3.5.0
2025-06-26 12:10:18,593:INFO:           wurlitzer: 3.1.1
2025-06-26 12:10:18,593:INFO:PyCaret optional dependencies:
2025-06-26 12:10:18,607:INFO:                shap: Not installed
2025-06-26 12:10:18,607:INFO:           interpret: Not installed
2025-06-26 12:10:18,607:INFO:                umap: Not installed
2025-06-26 12:10:18,607:INFO:     ydata_profiling: 4.16.1
2025-06-26 12:10:18,607:INFO:  explainerdashboard: Not installed
2025-06-26 12:10:18,607:INFO:             autoviz: Not installed
2025-06-26 12:10:18,607:INFO:           fairlearn: Not installed
2025-06-26 12:10:18,607:INFO:          deepchecks: Not installed
2025-06-26 12:10:18,607:INFO:             xgboost: Not installed
2025-06-26 12:10:18,607:INFO:            catboost: Not installed
2025-06-26 12:10:18,607:INFO:              kmodes: Not installed
2025-06-26 12:10:18,607:INFO:             mlxtend: Not installed
2025-06-26 12:10:18,607:INFO:       statsforecast: Not installed
2025-06-26 12:10:18,607:INFO:        tune_sklearn: Not installed
2025-06-26 12:10:18,607:INFO:                 ray: Not installed
2025-06-26 12:10:18,607:INFO:            hyperopt: Not installed
2025-06-26 12:10:18,607:INFO:              optuna: Not installed
2025-06-26 12:10:18,607:INFO:               skopt: Not installed
2025-06-26 12:10:18,607:INFO:              mlflow: Not installed
2025-06-26 12:10:18,607:INFO:              gradio: Not installed
2025-06-26 12:10:18,607:INFO:             fastapi: Not installed
2025-06-26 12:10:18,607:INFO:             uvicorn: Not installed
2025-06-26 12:10:18,607:INFO:              m2cgen: Not installed
2025-06-26 12:10:18,607:INFO:           evidently: Not installed
2025-06-26 12:10:18,607:INFO:               fugue: Not installed
2025-06-26 12:10:18,607:INFO:           streamlit: Not installed
2025-06-26 12:10:18,607:INFO:             prophet: Not installed
2025-06-26 12:10:18,607:INFO:None
2025-06-26 12:10:18,607:INFO:Set up data.
2025-06-26 12:10:18,614:INFO:Set up folding strategy.
2025-06-26 12:10:18,614:INFO:Set up train/test split.
2025-06-26 12:10:18,618:INFO:Set up index.
2025-06-26 12:10:18,619:INFO:Assigning column types.
2025-06-26 12:10:18,622:INFO:Engine successfully changes for model 'lr' to 'sklearn'.
2025-06-26 12:10:18,623:INFO:Engine for model 'lasso' has not been set explicitly, hence returning None.
2025-06-26 12:10:18,626:INFO:Engine for model 'ridge' has not been set explicitly, hence returning None.
2025-06-26 12:10:18,629:INFO:Engine for model 'en' has not been set explicitly, hence returning None.
2025-06-26 12:10:18,658:INFO:Engine for model 'svm' has not been set explicitly, hence returning None.
2025-06-26 12:10:18,678:INFO:Engine for model 'knn' has not been set explicitly, hence returning None.
2025-06-26 12:10:18,680:WARNING:
'xgboost' is a soft dependency and not included in the pycaret installation. Please run: `pip install xgboost` to install.
Alternately, you can install this by running `pip install pycaret[models]`
2025-06-26 12:10:18,680:WARNING:
'catboost' is a soft dependency and not included in the pycaret installation. Please run: `pip install catboost` to install.
Alternately, you can install this by running `pip install pycaret[models]`
2025-06-26 12:10:18,681:INFO:Engine for model 'lasso' has not been set explicitly, hence returning None.
2025-06-26 12:10:18,683:INFO:Engine for model 'ridge' has not been set explicitly, hence returning None.
2025-06-26 12:10:18,685:INFO:Engine for model 'en' has not been set explicitly, hence returning None.
2025-06-26 12:10:18,710:INFO:Engine for model 'svm' has not been set explicitly, hence returning None.
2025-06-26 12:10:18,729:INFO:Engine for model 'knn' has not been set explicitly, hence returning None.
2025-06-26 12:10:18,730:WARNING:
'xgboost' is a soft dependency and not included in the pycaret installation. Please run: `pip install xgboost` to install.
Alternately, you can install this by running `pip install pycaret[models]`
2025-06-26 12:10:18,730:WARNING:
'catboost' is a soft dependency and not included in the pycaret installation. Please run: `pip install catboost` to install.
Alternately, you can install this by running `pip install pycaret[models]`
2025-06-26 12:10:18,730:INFO:Engine successfully changes for model 'lasso' to 'sklearn'.
2025-06-26 12:10:18,732:INFO:Engine for model 'ridge' has not been set explicitly, hence returning None.
2025-06-26 12:10:18,734:INFO:Engine for model 'en' has not been set explicitly, hence returning None.
2025-06-26 12:10:18,759:INFO:Engine for model 'svm' has not been set explicitly, hence returning None.
2025-06-26 12:10:18,779:INFO:Engine for model 'knn' has not been set explicitly, hence returning None.
2025-06-26 12:10:18,779:WARNING:
'xgboost' is a soft dependency and not included in the pycaret installation. Please run: `pip install xgboost` to install.
Alternately, you can install this by running `pip install pycaret[models]`
2025-06-26 12:10:18,779:WARNING:
'catboost' is a soft dependency and not included in the pycaret installation. Please run: `pip install catboost` to install.
Alternately, you can install this by running `pip install pycaret[models]`
2025-06-26 12:10:18,782:INFO:Engine for model 'ridge' has not been set explicitly, hence returning None.
2025-06-26 12:10:18,785:INFO:Engine for model 'en' has not been set explicitly, hence returning None.
2025-06-26 12:10:18,810:INFO:Engine for model 'svm' has not been set explicitly, hence returning None.
2025-06-26 12:10:18,829:INFO:Engine for model 'knn' has not been set explicitly, hence returning None.
2025-06-26 12:10:18,829:WARNING:
'xgboost' is a soft dependency and not included in the pycaret installation. Please run: `pip install xgboost` to install.
Alternately, you can install this by running `pip install pycaret[models]`
2025-06-26 12:10:18,829:WARNING:
'catboost' is a soft dependency and not included in the pycaret installation. Please run: `pip install catboost` to install.
Alternately, you can install this by running `pip install pycaret[models]`
2025-06-26 12:10:18,829:INFO:Engine successfully changes for model 'ridge' to 'sklearn'.
2025-06-26 12:10:18,834:INFO:Engine for model 'en' has not been set explicitly, hence returning None.
2025-06-26 12:10:18,858:INFO:Engine for model 'svm' has not been set explicitly, hence returning None.
2025-06-26 12:10:18,878:INFO:Engine for model 'knn' has not been set explicitly, hence returning None.
2025-06-26 12:10:18,878:WARNING:
'xgboost' is a soft dependency and not included in the pycaret installation. Please run: `pip install xgboost` to install.
Alternately, you can install this by running `pip install pycaret[models]`
2025-06-26 12:10:18,878:WARNING:
'catboost' is a soft dependency and not included in the pycaret installation. Please run: `pip install catboost` to install.
Alternately, you can install this by running `pip install pycaret[models]`
2025-06-26 12:10:18,882:INFO:Engine for model 'en' has not been set explicitly, hence returning None.
2025-06-26 12:10:18,909:INFO:Engine for model 'svm' has not been set explicitly, hence returning None.
2025-06-26 12:10:18,928:INFO:Engine for model 'knn' has not been set explicitly, hence returning None.
2025-06-26 12:10:18,928:WARNING:
'xgboost' is a soft dependency and not included in the pycaret installation. Please run: `pip install xgboost` to install.
Alternately, you can install this by running `pip install pycaret[models]`
2025-06-26 12:10:18,929:WARNING:
'catboost' is a soft dependency and not included in the pycaret installation. Please run: `pip install catboost` to install.
Alternately, you can install this by running `pip install pycaret[models]`
2025-06-26 12:10:18,929:INFO:Engine successfully changes for model 'en' to 'sklearn'.
2025-06-26 12:10:18,958:INFO:Engine for model 'svm' has not been set explicitly, hence returning None.
2025-06-26 12:10:18,977:INFO:Engine for model 'knn' has not been set explicitly, hence returning None.
2025-06-26 12:10:18,978:WARNING:
'xgboost' is a soft dependency and not included in the pycaret installation. Please run: `pip install xgboost` to install.
Alternately, you can install this by running `pip install pycaret[models]`
2025-06-26 12:10:18,978:WARNING:
'catboost' is a soft dependency and not included in the pycaret installation. Please run: `pip install catboost` to install.
Alternately, you can install this by running `pip install pycaret[models]`
2025-06-26 12:10:19,008:INFO:Engine for model 'svm' has not been set explicitly, hence returning None.
2025-06-26 12:10:19,028:INFO:Engine for model 'knn' has not been set explicitly, hence returning None.
2025-06-26 12:10:19,028:WARNING:
'xgboost' is a soft dependency and not included in the pycaret installation. Please run: `pip install xgboost` to install.
Alternately, you can install this by running `pip install pycaret[models]`
2025-06-26 12:10:19,028:WARNING:
'catboost' is a soft dependency and not included in the pycaret installation. Please run: `pip install catboost` to install.
Alternately, you can install this by running `pip install pycaret[models]`
2025-06-26 12:10:19,029:INFO:Engine successfully changes for model 'knn' to 'sklearn'.
2025-06-26 12:10:19,058:INFO:Engine for model 'svm' has not been set explicitly, hence returning None.
2025-06-26 12:10:19,077:WARNING:
'xgboost' is a soft dependency and not included in the pycaret installation. Please run: `pip install xgboost` to install.
Alternately, you can install this by running `pip install pycaret[models]`
2025-06-26 12:10:19,078:WARNING:
'catboost' is a soft dependency and not included in the pycaret installation. Please run: `pip install catboost` to install.
Alternately, you can install this by running `pip install pycaret[models]`
2025-06-26 12:10:19,109:INFO:Engine for model 'svm' has not been set explicitly, hence returning None.
2025-06-26 12:10:19,130:WARNING:
'xgboost' is a soft dependency and not included in the pycaret installation. Please run: `pip install xgboost` to install.
Alternately, you can install this by running `pip install pycaret[models]`
2025-06-26 12:10:19,130:WARNING:
'catboost' is a soft dependency and not included in the pycaret installation. Please run: `pip install catboost` to install.
Alternately, you can install this by running `pip install pycaret[models]`
2025-06-26 12:10:19,131:INFO:Engine successfully changes for model 'svm' to 'sklearn'.
2025-06-26 12:10:19,183:WARNING:
'xgboost' is a soft dependency and not included in the pycaret installation. Please run: `pip install xgboost` to install.
Alternately, you can install this by running `pip install pycaret[models]`
2025-06-26 12:10:19,183:WARNING:
'catboost' is a soft dependency and not included in the pycaret installation. Please run: `pip install catboost` to install.
Alternately, you can install this by running `pip install pycaret[models]`
2025-06-26 12:10:19,237:WARNING:
'xgboost' is a soft dependency and not included in the pycaret installation. Please run: `pip install xgboost` to install.
Alternately, you can install this by running `pip install pycaret[models]`
2025-06-26 12:10:19,237:WARNING:
'catboost' is a soft dependency and not included in the pycaret installation. Please run: `pip install catboost` to install.
Alternately, you can install this by running `pip install pycaret[models]`
2025-06-26 12:10:19,238:INFO:Preparing preprocessing pipeline...
2025-06-26 12:10:19,238:INFO:Set up simple imputation.
2025-06-26 12:10:19,239:INFO:Set up encoding of categorical features.
2025-06-26 12:10:19,280:INFO:Finished creating preprocessing pipeline.
2025-06-26 12:10:19,283:INFO:Pipeline: Pipeline(memory=FastMemory(location=/tmp/joblib),
         steps=[('numerical_imputer',
                 TransformerWrapper(include=['year', 'rainfall'],
                                    transformer=SimpleImputer())),
                ('categorical_imputer',
                 TransformerWrapper(include=['month', 'region'],
                                    transformer=SimpleImputer(strategy='most_frequent'))),
                ('onehot_encoding',
                 TransformerWrapper(include=['month', 'region'],
                                    transformer=OneHotEncoder(cols=['month',
                                                                    'region'],
                                                              handle_missing='return_nan',
                                                              use_cat_names=True)))])
2025-06-26 12:10:19,283:INFO:Creating final display dataframe.
2025-06-26 12:10:19,390:INFO:Setup _display_container:                     Description             Value
0                    Session id               123
1                        Target            runoff
2                   Target type        Regression
3           Original data shape         (1216, 5)
4        Transformed data shape        (1216, 19)
5   Transformed train set shape         (851, 19)
6    Transformed test set shape         (365, 19)
7              Numeric features                 2
8          Categorical features                 2
9      Rows with missing values             25.0%
10                   Preprocess              True
11              Imputation type            simple
12           Numeric imputation              mean
13       Categorical imputation              mode
14     Maximum one-hot encoding                25
15              Encoding method              None
16               Fold Generator             KFold
17                  Fold Number                10
18                     CPU Jobs                -1
19                      Use GPU             False
20               Log Experiment             False
21              Experiment Name  reg-default-name
22                          USI              1672
2025-06-26 12:10:19,464:WARNING:
'xgboost' is a soft dependency and not included in the pycaret installation. Please run: `pip install xgboost` to install.
Alternately, you can install this by running `pip install pycaret[models]`
2025-06-26 12:10:19,465:WARNING:
'catboost' is a soft dependency and not included in the pycaret installation. Please run: `pip install catboost` to install.
Alternately, you can install this by running `pip install pycaret[models]`
2025-06-26 12:10:19,517:WARNING:
'xgboost' is a soft dependency and not included in the pycaret installation. Please run: `pip install xgboost` to install.
Alternately, you can install this by running `pip install pycaret[models]`
2025-06-26 12:10:19,517:WARNING:
'catboost' is a soft dependency and not included in the pycaret installation. Please run: `pip install catboost` to install.
Alternately, you can install this by running `pip install pycaret[models]`
2025-06-26 12:10:19,517:INFO:setup() successfully completed in 0.95s...............
2025-06-26 12:10:49,999:INFO:Initializing compare_models()
2025-06-26 12:10:49,999:INFO:compare_models(self=<pycaret.regression.oop.RegressionExperiment object at 0x7f0a6704a490>, include=None, exclude=None, fold=None, round=4, cross_validation=True, sort=R2, n_select=1, budget_time=None, turbo=True, errors=ignore, fit_kwargs=None, groups=None, experiment_custom_tags=None, probability_threshold=None, verbose=True, parallel=None, caller_params={'self': <pycaret.regression.oop.RegressionExperiment object at 0x7f0a6704a490>, 'include': None, 'exclude': None, 'fold': None, 'round': 4, 'cross_validation': True, 'sort': 'R2', 'n_select': 1, 'budget_time': None, 'turbo': True, 'errors': 'ignore', 'fit_kwargs': None, 'groups': None, 'experiment_custom_tags': None, 'engine': None, 'verbose': True, 'parallel': None, '__class__': <class 'pycaret.regression.oop.RegressionExperiment'>})
2025-06-26 12:10:49,999:INFO:Checking exceptions
2025-06-26 12:10:50,002:INFO:Preparing display monitor
2025-06-26 12:10:50,024:INFO:Initializing Linear Regression
2025-06-26 12:10:50,024:INFO:Total runtime is 4.323323567708333e-06 minutes
2025-06-26 12:10:50,030:INFO:SubProcess create_model() called ==================================
2025-06-26 12:10:50,030:INFO:Initializing create_model()
2025-06-26 12:10:50,030:INFO:create_model(self=<pycaret.regression.oop.RegressionExperiment object at 0x7f0a6704a490>, estimator=lr, fold=KFold(n_splits=10, random_state=None, shuffle=False), round=4, cross_validation=True, predict=True, fit_kwargs={}, groups=None, refit=False, probability_threshold=None, experiment_custom_tags=None, verbose=False, system=False, add_to_model_list=True, metrics=None, display=<pycaret.internal.display.display.CommonDisplay object at 0x7f0a66223dd0>, model_only=True, return_train_score=False, error_score=0.0, kwargs={})
2025-06-26 12:10:50,030:INFO:Checking exceptions
2025-06-26 12:10:50,030:INFO:Importing libraries
2025-06-26 12:10:50,030:INFO:Copying training dataset
2025-06-26 12:10:50,033:INFO:Defining folds
2025-06-26 12:10:50,033:INFO:Declaring metric variables
2025-06-26 12:10:50,036:INFO:Importing untrained model
2025-06-26 12:10:50,042:INFO:Linear Regression Imported successfully
2025-06-26 12:10:50,048:INFO:Starting cross validation
2025-06-26 12:10:50,051:INFO:Cross validating with KFold(n_splits=10, random_state=None, shuffle=False), n_jobs=-1
2025-06-26 12:10:53,214:INFO:Calculating mean and std
2025-06-26 12:10:53,218:INFO:Creating metrics dataframe
2025-06-26 12:10:53,225:INFO:Uploading results into container
2025-06-26 12:10:53,229:INFO:Uploading model into container now
2025-06-26 12:10:53,231:INFO:_master_model_container: 1
2025-06-26 12:10:53,233:INFO:_display_container: 2
2025-06-26 12:10:53,234:INFO:LinearRegression(n_jobs=-1)
2025-06-26 12:10:53,235:INFO:create_model() successfully completed......................................
2025-06-26 12:10:53,422:INFO:SubProcess create_model() end ==================================
2025-06-26 12:10:53,422:INFO:Creating metrics dataframe
2025-06-26 12:10:53,428:INFO:Initializing Lasso Regression
2025-06-26 12:10:53,428:INFO:Total runtime is 0.05673387447992961 minutes
2025-06-26 12:10:53,430:INFO:SubProcess create_model() called ==================================
2025-06-26 12:10:53,430:INFO:Initializing create_model()
2025-06-26 12:10:53,430:INFO:create_model(self=<pycaret.regression.oop.RegressionExperiment object at 0x7f0a6704a490>, estimator=lasso, fold=KFold(n_splits=10, random_state=None, shuffle=False), round=4, cross_validation=True, predict=True, fit_kwargs={}, groups=None, refit=False, probability_threshold=None, experiment_custom_tags=None, verbose=False, system=False, add_to_model_list=True, metrics=None, display=<pycaret.internal.display.display.CommonDisplay object at 0x7f0a66223dd0>, model_only=True, return_train_score=False, error_score=0.0, kwargs={})
2025-06-26 12:10:53,431:INFO:Checking exceptions
2025-06-26 12:10:53,431:INFO:Importing libraries
2025-06-26 12:10:53,431:INFO:Copying training dataset
2025-06-26 12:10:53,436:INFO:Defining folds
2025-06-26 12:10:53,436:INFO:Declaring metric variables
2025-06-26 12:10:53,439:INFO:Importing untrained model
2025-06-26 12:10:53,444:INFO:Lasso Regression Imported successfully
2025-06-26 12:10:53,451:INFO:Starting cross validation
2025-06-26 12:10:53,455:INFO:Cross validating with KFold(n_splits=10, random_state=None, shuffle=False), n_jobs=-1
2025-06-26 12:10:54,702:INFO:Calculating mean and std
2025-06-26 12:10:54,703:INFO:Creating metrics dataframe
2025-06-26 12:10:54,705:INFO:Uploading results into container
2025-06-26 12:10:54,706:INFO:Uploading model into container now
2025-06-26 12:10:54,707:INFO:_master_model_container: 2
2025-06-26 12:10:54,707:INFO:_display_container: 2
2025-06-26 12:10:54,708:INFO:Lasso(random_state=123)
2025-06-26 12:10:54,708:INFO:create_model() successfully completed......................................
2025-06-26 12:10:54,865:INFO:SubProcess create_model() end ==================================
2025-06-26 12:10:54,865:INFO:Creating metrics dataframe
2025-06-26 12:10:54,870:INFO:Initializing Ridge Regression
2025-06-26 12:10:54,870:INFO:Total runtime is 0.08077245950698853 minutes
2025-06-26 12:10:54,873:INFO:SubProcess create_model() called ==================================
2025-06-26 12:10:54,873:INFO:Initializing create_model()
2025-06-26 12:10:54,873:INFO:create_model(self=<pycaret.regression.oop.RegressionExperiment object at 0x7f0a6704a490>, estimator=ridge, fold=KFold(n_splits=10, random_state=None, shuffle=False), round=4, cross_validation=True, predict=True, fit_kwargs={}, groups=None, refit=False, probability_threshold=None, experiment_custom_tags=None, verbose=False, system=False, add_to_model_list=True, metrics=None, display=<pycaret.internal.display.display.CommonDisplay object at 0x7f0a66223dd0>, model_only=True, return_train_score=False, error_score=0.0, kwargs={})
2025-06-26 12:10:54,873:INFO:Checking exceptions
2025-06-26 12:10:54,873:INFO:Importing libraries
2025-06-26 12:10:54,873:INFO:Copying training dataset
2025-06-26 12:10:54,877:INFO:Defining folds
2025-06-26 12:10:54,878:INFO:Declaring metric variables
2025-06-26 12:10:54,880:INFO:Importing untrained model
2025-06-26 12:10:54,885:INFO:Ridge Regression Imported successfully
2025-06-26 12:10:54,894:INFO:Starting cross validation
2025-06-26 12:10:54,897:INFO:Cross validating with KFold(n_splits=10, random_state=None, shuffle=False), n_jobs=-1
2025-06-26 12:10:55,031:INFO:Calculating mean and std
2025-06-26 12:10:55,032:INFO:Creating metrics dataframe
2025-06-26 12:10:55,035:INFO:Uploading results into container
2025-06-26 12:10:55,036:INFO:Uploading model into container now
2025-06-26 12:10:55,037:INFO:_master_model_container: 3
2025-06-26 12:10:55,037:INFO:_display_container: 2
2025-06-26 12:10:55,037:INFO:Ridge(random_state=123)
2025-06-26 12:10:55,037:INFO:create_model() successfully completed......................................
2025-06-26 12:10:55,153:INFO:SubProcess create_model() end ==================================
2025-06-26 12:10:55,154:INFO:Creating metrics dataframe
2025-06-26 12:10:55,159:INFO:Initializing Elastic Net
2025-06-26 12:10:55,159:INFO:Total runtime is 0.08558574120203653 minutes
2025-06-26 12:10:55,162:INFO:SubProcess create_model() called ==================================
2025-06-26 12:10:55,162:INFO:Initializing create_model()
2025-06-26 12:10:55,162:INFO:create_model(self=<pycaret.regression.oop.RegressionExperiment object at 0x7f0a6704a490>, estimator=en, fold=KFold(n_splits=10, random_state=None, shuffle=False), round=4, cross_validation=True, predict=True, fit_kwargs={}, groups=None, refit=False, probability_threshold=None, experiment_custom_tags=None, verbose=False, system=False, add_to_model_list=True, metrics=None, display=<pycaret.internal.display.display.CommonDisplay object at 0x7f0a66223dd0>, model_only=True, return_train_score=False, error_score=0.0, kwargs={})
2025-06-26 12:10:55,162:INFO:Checking exceptions
2025-06-26 12:10:55,162:INFO:Importing libraries
2025-06-26 12:10:55,162:INFO:Copying training dataset
2025-06-26 12:10:55,165:INFO:Defining folds
2025-06-26 12:10:55,166:INFO:Declaring metric variables
2025-06-26 12:10:55,169:INFO:Importing untrained model
2025-06-26 12:10:55,171:INFO:Elastic Net Imported successfully
2025-06-26 12:10:55,178:INFO:Starting cross validation
2025-06-26 12:10:55,181:INFO:Cross validating with KFold(n_splits=10, random_state=None, shuffle=False), n_jobs=-1
2025-06-26 12:10:55,328:INFO:Calculating mean and std
2025-06-26 12:10:55,329:INFO:Creating metrics dataframe
2025-06-26 12:10:55,331:INFO:Uploading results into container
2025-06-26 12:10:55,331:INFO:Uploading model into container now
2025-06-26 12:10:55,332:INFO:_master_model_container: 4
2025-06-26 12:10:55,332:INFO:_display_container: 2
2025-06-26 12:10:55,332:INFO:ElasticNet(random_state=123)
2025-06-26 12:10:55,332:INFO:create_model() successfully completed......................................
2025-06-26 12:10:55,450:INFO:SubProcess create_model() end ==================================
2025-06-26 12:10:55,451:INFO:Creating metrics dataframe
2025-06-26 12:10:55,456:INFO:Initializing Least Angle Regression
2025-06-26 12:10:55,456:INFO:Total runtime is 0.09053845405578613 minutes
2025-06-26 12:10:55,460:INFO:SubProcess create_model() called ==================================
2025-06-26 12:10:55,460:INFO:Initializing create_model()
2025-06-26 12:10:55,460:INFO:create_model(self=<pycaret.regression.oop.RegressionExperiment object at 0x7f0a6704a490>, estimator=lar, fold=KFold(n_splits=10, random_state=None, shuffle=False), round=4, cross_validation=True, predict=True, fit_kwargs={}, groups=None, refit=False, probability_threshold=None, experiment_custom_tags=None, verbose=False, system=False, add_to_model_list=True, metrics=None, display=<pycaret.internal.display.display.CommonDisplay object at 0x7f0a66223dd0>, model_only=True, return_train_score=False, error_score=0.0, kwargs={})
2025-06-26 12:10:55,460:INFO:Checking exceptions
2025-06-26 12:10:55,460:INFO:Importing libraries
2025-06-26 12:10:55,461:INFO:Copying training dataset
2025-06-26 12:10:55,465:INFO:Defining folds
2025-06-26 12:10:55,465:INFO:Declaring metric variables
2025-06-26 12:10:55,469:INFO:Importing untrained model
2025-06-26 12:10:55,474:INFO:Least Angle Regression Imported successfully
2025-06-26 12:10:55,482:INFO:Starting cross validation
2025-06-26 12:10:55,483:INFO:Cross validating with KFold(n_splits=10, random_state=None, shuffle=False), n_jobs=-1
2025-06-26 12:10:55,631:INFO:Calculating mean and std
2025-06-26 12:10:55,633:INFO:Creating metrics dataframe
2025-06-26 12:10:55,635:INFO:Uploading results into container
2025-06-26 12:10:55,635:INFO:Uploading model into container now
2025-06-26 12:10:55,635:INFO:_master_model_container: 5
2025-06-26 12:10:55,635:INFO:_display_container: 2
2025-06-26 12:10:55,636:INFO:Lars(random_state=123)
2025-06-26 12:10:55,636:INFO:create_model() successfully completed......................................
2025-06-26 12:10:55,752:INFO:SubProcess create_model() end ==================================
2025-06-26 12:10:55,752:INFO:Creating metrics dataframe
2025-06-26 12:10:55,758:INFO:Initializing Lasso Least Angle Regression
2025-06-26 12:10:55,758:INFO:Total runtime is 0.09556759595870971 minutes
2025-06-26 12:10:55,760:INFO:SubProcess create_model() called ==================================
2025-06-26 12:10:55,761:INFO:Initializing create_model()
2025-06-26 12:10:55,761:INFO:create_model(self=<pycaret.regression.oop.RegressionExperiment object at 0x7f0a6704a490>, estimator=llar, fold=KFold(n_splits=10, random_state=None, shuffle=False), round=4, cross_validation=True, predict=True, fit_kwargs={}, groups=None, refit=False, probability_threshold=None, experiment_custom_tags=None, verbose=False, system=False, add_to_model_list=True, metrics=None, display=<pycaret.internal.display.display.CommonDisplay object at 0x7f0a66223dd0>, model_only=True, return_train_score=False, error_score=0.0, kwargs={})
2025-06-26 12:10:55,761:INFO:Checking exceptions
2025-06-26 12:10:55,761:INFO:Importing libraries
2025-06-26 12:10:55,761:INFO:Copying training dataset
2025-06-26 12:10:55,766:INFO:Defining folds
2025-06-26 12:10:55,766:INFO:Declaring metric variables
2025-06-26 12:10:55,769:INFO:Importing untrained model
2025-06-26 12:10:55,774:INFO:Lasso Least Angle Regression Imported successfully
2025-06-26 12:10:55,780:INFO:Starting cross validation
2025-06-26 12:10:55,782:INFO:Cross validating with KFold(n_splits=10, random_state=None, shuffle=False), n_jobs=-1
2025-06-26 12:10:55,927:INFO:Calculating mean and std
2025-06-26 12:10:55,927:INFO:Creating metrics dataframe
2025-06-26 12:10:55,929:INFO:Uploading results into container
2025-06-26 12:10:55,930:INFO:Uploading model into container now
2025-06-26 12:10:55,931:INFO:_master_model_container: 6
2025-06-26 12:10:55,931:INFO:_display_container: 2
2025-06-26 12:10:55,932:INFO:LassoLars(random_state=123)
2025-06-26 12:10:55,932:INFO:create_model() successfully completed......................................
2025-06-26 12:10:56,047:INFO:SubProcess create_model() end ==================================
2025-06-26 12:10:56,048:INFO:Creating metrics dataframe
2025-06-26 12:10:56,056:INFO:Initializing Orthogonal Matching Pursuit
2025-06-26 12:10:56,056:INFO:Total runtime is 0.10053977568944295 minutes
2025-06-26 12:10:56,059:INFO:SubProcess create_model() called ==================================
2025-06-26 12:10:56,060:INFO:Initializing create_model()
2025-06-26 12:10:56,060:INFO:create_model(self=<pycaret.regression.oop.RegressionExperiment object at 0x7f0a6704a490>, estimator=omp, fold=KFold(n_splits=10, random_state=None, shuffle=False), round=4, cross_validation=True, predict=True, fit_kwargs={}, groups=None, refit=False, probability_threshold=None, experiment_custom_tags=None, verbose=False, system=False, add_to_model_list=True, metrics=None, display=<pycaret.internal.display.display.CommonDisplay object at 0x7f0a66223dd0>, model_only=True, return_train_score=False, error_score=0.0, kwargs={})
2025-06-26 12:10:56,060:INFO:Checking exceptions
2025-06-26 12:10:56,060:INFO:Importing libraries
2025-06-26 12:10:56,060:INFO:Copying training dataset
2025-06-26 12:10:56,065:INFO:Defining folds
2025-06-26 12:10:56,065:INFO:Declaring metric variables
2025-06-26 12:10:56,069:INFO:Importing untrained model
2025-06-26 12:10:56,073:INFO:Orthogonal Matching Pursuit Imported successfully
2025-06-26 12:10:56,080:INFO:Starting cross validation
2025-06-26 12:10:56,082:INFO:Cross validating with KFold(n_splits=10, random_state=None, shuffle=False), n_jobs=-1
2025-06-26 12:10:56,228:INFO:Calculating mean and std
2025-06-26 12:10:56,230:INFO:Creating metrics dataframe
2025-06-26 12:10:56,231:INFO:Uploading results into container
2025-06-26 12:10:56,232:INFO:Uploading model into container now
2025-06-26 12:10:56,232:INFO:_master_model_container: 7
2025-06-26 12:10:56,232:INFO:_display_container: 2
2025-06-26 12:10:56,232:INFO:OrthogonalMatchingPursuit()
2025-06-26 12:10:56,232:INFO:create_model() successfully completed......................................
2025-06-26 12:10:56,363:INFO:SubProcess create_model() end ==================================
2025-06-26 12:10:56,363:INFO:Creating metrics dataframe
2025-06-26 12:10:56,370:INFO:Initializing Bayesian Ridge
2025-06-26 12:10:56,370:INFO:Total runtime is 0.1057690938313802 minutes
2025-06-26 12:10:56,372:INFO:SubProcess create_model() called ==================================
2025-06-26 12:10:56,372:INFO:Initializing create_model()
2025-06-26 12:10:56,372:INFO:create_model(self=<pycaret.regression.oop.RegressionExperiment object at 0x7f0a6704a490>, estimator=br, fold=KFold(n_splits=10, random_state=None, shuffle=False), round=4, cross_validation=True, predict=True, fit_kwargs={}, groups=None, refit=False, probability_threshold=None, experiment_custom_tags=None, verbose=False, system=False, add_to_model_list=True, metrics=None, display=<pycaret.internal.display.display.CommonDisplay object at 0x7f0a66223dd0>, model_only=True, return_train_score=False, error_score=0.0, kwargs={})
2025-06-26 12:10:56,372:INFO:Checking exceptions
2025-06-26 12:10:56,372:INFO:Importing libraries
2025-06-26 12:10:56,372:INFO:Copying training dataset
2025-06-26 12:10:56,376:INFO:Defining folds
2025-06-26 12:10:56,377:INFO:Declaring metric variables
2025-06-26 12:10:56,380:INFO:Importing untrained model
2025-06-26 12:10:56,384:INFO:Bayesian Ridge Imported successfully
2025-06-26 12:10:56,390:INFO:Starting cross validation
2025-06-26 12:10:56,391:INFO:Cross validating with KFold(n_splits=10, random_state=None, shuffle=False), n_jobs=-1
2025-06-26 12:10:56,543:INFO:Calculating mean and std
2025-06-26 12:10:56,544:INFO:Creating metrics dataframe
2025-06-26 12:10:56,546:INFO:Uploading results into container
2025-06-26 12:10:56,547:INFO:Uploading model into container now
2025-06-26 12:10:56,548:INFO:_master_model_container: 8
2025-06-26 12:10:56,548:INFO:_display_container: 2
2025-06-26 12:10:56,548:INFO:BayesianRidge()
2025-06-26 12:10:56,548:INFO:create_model() successfully completed......................................
2025-06-26 12:10:56,732:INFO:SubProcess create_model() end ==================================
2025-06-26 12:10:56,733:INFO:Creating metrics dataframe
2025-06-26 12:10:56,739:INFO:Initializing Passive Aggressive Regressor
2025-06-26 12:10:56,739:INFO:Total runtime is 0.11191758712132771 minutes
2025-06-26 12:10:56,743:INFO:SubProcess create_model() called ==================================
2025-06-26 12:10:56,743:INFO:Initializing create_model()
2025-06-26 12:10:56,743:INFO:create_model(self=<pycaret.regression.oop.RegressionExperiment object at 0x7f0a6704a490>, estimator=par, fold=KFold(n_splits=10, random_state=None, shuffle=False), round=4, cross_validation=True, predict=True, fit_kwargs={}, groups=None, refit=False, probability_threshold=None, experiment_custom_tags=None, verbose=False, system=False, add_to_model_list=True, metrics=None, display=<pycaret.internal.display.display.CommonDisplay object at 0x7f0a66223dd0>, model_only=True, return_train_score=False, error_score=0.0, kwargs={})
2025-06-26 12:10:56,743:INFO:Checking exceptions
2025-06-26 12:10:56,743:INFO:Importing libraries
2025-06-26 12:10:56,743:INFO:Copying training dataset
2025-06-26 12:10:56,747:INFO:Defining folds
2025-06-26 12:10:56,748:INFO:Declaring metric variables
2025-06-26 12:10:56,751:INFO:Importing untrained model
2025-06-26 12:10:56,754:INFO:Passive Aggressive Regressor Imported successfully
2025-06-26 12:10:56,760:INFO:Starting cross validation
2025-06-26 12:10:56,763:INFO:Cross validating with KFold(n_splits=10, random_state=None, shuffle=False), n_jobs=-1
2025-06-26 12:10:56,919:INFO:Calculating mean and std
2025-06-26 12:10:56,919:INFO:Creating metrics dataframe
2025-06-26 12:10:56,921:INFO:Uploading results into container
2025-06-26 12:10:56,922:INFO:Uploading model into container now
2025-06-26 12:10:56,923:INFO:_master_model_container: 9
2025-06-26 12:10:56,923:INFO:_display_container: 2
2025-06-26 12:10:56,924:INFO:PassiveAggressiveRegressor(random_state=123)
2025-06-26 12:10:56,924:INFO:create_model() successfully completed......................................
2025-06-26 12:10:57,036:INFO:SubProcess create_model() end ==================================
2025-06-26 12:10:57,036:INFO:Creating metrics dataframe
2025-06-26 12:10:57,042:INFO:Initializing Huber Regressor
2025-06-26 12:10:57,042:INFO:Total runtime is 0.11697059472401936 minutes
2025-06-26 12:10:57,044:INFO:SubProcess create_model() called ==================================
2025-06-26 12:10:57,044:INFO:Initializing create_model()
2025-06-26 12:10:57,044:INFO:create_model(self=<pycaret.regression.oop.RegressionExperiment object at 0x7f0a6704a490>, estimator=huber, fold=KFold(n_splits=10, random_state=None, shuffle=False), round=4, cross_validation=True, predict=True, fit_kwargs={}, groups=None, refit=False, probability_threshold=None, experiment_custom_tags=None, verbose=False, system=False, add_to_model_list=True, metrics=None, display=<pycaret.internal.display.display.CommonDisplay object at 0x7f0a66223dd0>, model_only=True, return_train_score=False, error_score=0.0, kwargs={})
2025-06-26 12:10:57,044:INFO:Checking exceptions
2025-06-26 12:10:57,044:INFO:Importing libraries
2025-06-26 12:10:57,044:INFO:Copying training dataset
2025-06-26 12:10:57,048:INFO:Defining folds
2025-06-26 12:10:57,049:INFO:Declaring metric variables
2025-06-26 12:10:57,052:INFO:Importing untrained model
2025-06-26 12:10:57,058:INFO:Huber Regressor Imported successfully
2025-06-26 12:10:57,066:INFO:Starting cross validation
2025-06-26 12:10:57,068:INFO:Cross validating with KFold(n_splits=10, random_state=None, shuffle=False), n_jobs=-1
2025-06-26 12:10:57,176:WARNING:/home/tj/miniconda3/envs/day1ML/lib/python3.11/site-packages/sklearn/linear_model/_huber.py:342: ConvergenceWarning: lbfgs failed to converge (status=1):
STOP: TOTAL NO. of ITERATIONS REACHED LIMIT.

Increase the number of iterations (max_iter) or scale the data as shown in:
    https://scikit-learn.org/stable/modules/preprocessing.html
  self.n_iter_ = _check_optimize_result("lbfgs", opt_res, self.max_iter)

2025-06-26 12:10:57,200:WARNING:/home/tj/miniconda3/envs/day1ML/lib/python3.11/site-packages/sklearn/linear_model/_huber.py:342: ConvergenceWarning: lbfgs failed to converge (status=1):
STOP: TOTAL NO. of ITERATIONS REACHED LIMIT.

Increase the number of iterations (max_iter) or scale the data as shown in:
    https://scikit-learn.org/stable/modules/preprocessing.html
  self.n_iter_ = _check_optimize_result("lbfgs", opt_res, self.max_iter)

2025-06-26 12:10:57,205:WARNING:/home/tj/miniconda3/envs/day1ML/lib/python3.11/site-packages/sklearn/linear_model/_huber.py:342: ConvergenceWarning: lbfgs failed to converge (status=1):
STOP: TOTAL NO. of ITERATIONS REACHED LIMIT.

Increase the number of iterations (max_iter) or scale the data as shown in:
    https://scikit-learn.org/stable/modules/preprocessing.html
  self.n_iter_ = _check_optimize_result("lbfgs", opt_res, self.max_iter)

2025-06-26 12:10:57,243:INFO:Calculating mean and std
2025-06-26 12:10:57,243:INFO:Creating metrics dataframe
2025-06-26 12:10:57,246:INFO:Uploading results into container
2025-06-26 12:10:57,247:INFO:Uploading model into container now
2025-06-26 12:10:57,248:INFO:_master_model_container: 10
2025-06-26 12:10:57,248:INFO:_display_container: 2
2025-06-26 12:10:57,248:INFO:HuberRegressor()
2025-06-26 12:10:57,248:INFO:create_model() successfully completed......................................
2025-06-26 12:10:57,356:INFO:SubProcess create_model() end ==================================
2025-06-26 12:10:57,356:INFO:Creating metrics dataframe
2025-06-26 12:10:57,362:INFO:Initializing K Neighbors Regressor
2025-06-26 12:10:57,362:INFO:Total runtime is 0.12230367263158161 minutes
2025-06-26 12:10:57,364:INFO:SubProcess create_model() called ==================================
2025-06-26 12:10:57,364:INFO:Initializing create_model()
2025-06-26 12:10:57,364:INFO:create_model(self=<pycaret.regression.oop.RegressionExperiment object at 0x7f0a6704a490>, estimator=knn, fold=KFold(n_splits=10, random_state=None, shuffle=False), round=4, cross_validation=True, predict=True, fit_kwargs={}, groups=None, refit=False, probability_threshold=None, experiment_custom_tags=None, verbose=False, system=False, add_to_model_list=True, metrics=None, display=<pycaret.internal.display.display.CommonDisplay object at 0x7f0a66223dd0>, model_only=True, return_train_score=False, error_score=0.0, kwargs={})
2025-06-26 12:10:57,364:INFO:Checking exceptions
2025-06-26 12:10:57,364:INFO:Importing libraries
2025-06-26 12:10:57,364:INFO:Copying training dataset
2025-06-26 12:10:57,368:INFO:Defining folds
2025-06-26 12:10:57,369:INFO:Declaring metric variables
2025-06-26 12:10:57,371:INFO:Importing untrained model
2025-06-26 12:10:57,375:INFO:K Neighbors Regressor Imported successfully
2025-06-26 12:10:57,381:INFO:Starting cross validation
2025-06-26 12:10:57,383:INFO:Cross validating with KFold(n_splits=10, random_state=None, shuffle=False), n_jobs=-1
2025-06-26 12:10:57,572:INFO:Calculating mean and std
2025-06-26 12:10:57,574:INFO:Creating metrics dataframe
2025-06-26 12:10:57,577:INFO:Uploading results into container
2025-06-26 12:10:57,578:INFO:Uploading model into container now
2025-06-26 12:10:57,578:INFO:_master_model_container: 11
2025-06-26 12:10:57,578:INFO:_display_container: 2
2025-06-26 12:10:57,579:INFO:KNeighborsRegressor(n_jobs=-1)
2025-06-26 12:10:57,579:INFO:create_model() successfully completed......................................
2025-06-26 12:10:57,696:INFO:SubProcess create_model() end ==================================
2025-06-26 12:10:57,696:INFO:Creating metrics dataframe
2025-06-26 12:10:57,704:INFO:Initializing Decision Tree Regressor
2025-06-26 12:10:57,704:INFO:Total runtime is 0.12801127433776854 minutes
2025-06-26 12:10:57,708:INFO:SubProcess create_model() called ==================================
2025-06-26 12:10:57,708:INFO:Initializing create_model()
2025-06-26 12:10:57,708:INFO:create_model(self=<pycaret.regression.oop.RegressionExperiment object at 0x7f0a6704a490>, estimator=dt, fold=KFold(n_splits=10, random_state=None, shuffle=False), round=4, cross_validation=True, predict=True, fit_kwargs={}, groups=None, refit=False, probability_threshold=None, experiment_custom_tags=None, verbose=False, system=False, add_to_model_list=True, metrics=None, display=<pycaret.internal.display.display.CommonDisplay object at 0x7f0a66223dd0>, model_only=True, return_train_score=False, error_score=0.0, kwargs={})
2025-06-26 12:10:57,708:INFO:Checking exceptions
2025-06-26 12:10:57,709:INFO:Importing libraries
2025-06-26 12:10:57,709:INFO:Copying training dataset
2025-06-26 12:10:57,711:INFO:Defining folds
2025-06-26 12:10:57,712:INFO:Declaring metric variables
2025-06-26 12:10:57,716:INFO:Importing untrained model
2025-06-26 12:10:57,719:INFO:Decision Tree Regressor Imported successfully
2025-06-26 12:10:57,726:INFO:Starting cross validation
2025-06-26 12:10:57,729:INFO:Cross validating with KFold(n_splits=10, random_state=None, shuffle=False), n_jobs=-1
2025-06-26 12:10:57,883:INFO:Calculating mean and std
2025-06-26 12:10:57,884:INFO:Creating metrics dataframe
2025-06-26 12:10:57,887:INFO:Uploading results into container
2025-06-26 12:10:57,888:INFO:Uploading model into container now
2025-06-26 12:10:57,889:INFO:_master_model_container: 12
2025-06-26 12:10:57,889:INFO:_display_container: 2
2025-06-26 12:10:57,889:INFO:DecisionTreeRegressor(random_state=123)
2025-06-26 12:10:57,890:INFO:create_model() successfully completed......................................
2025-06-26 12:10:58,005:INFO:SubProcess create_model() end ==================================
2025-06-26 12:10:58,006:INFO:Creating metrics dataframe
2025-06-26 12:10:58,012:INFO:Initializing Random Forest Regressor
2025-06-26 12:10:58,012:INFO:Total runtime is 0.13314621845881144 minutes
2025-06-26 12:10:58,015:INFO:SubProcess create_model() called ==================================
2025-06-26 12:10:58,015:INFO:Initializing create_model()
2025-06-26 12:10:58,015:INFO:create_model(self=<pycaret.regression.oop.RegressionExperiment object at 0x7f0a6704a490>, estimator=rf, fold=KFold(n_splits=10, random_state=None, shuffle=False), round=4, cross_validation=True, predict=True, fit_kwargs={}, groups=None, refit=False, probability_threshold=None, experiment_custom_tags=None, verbose=False, system=False, add_to_model_list=True, metrics=None, display=<pycaret.internal.display.display.CommonDisplay object at 0x7f0a66223dd0>, model_only=True, return_train_score=False, error_score=0.0, kwargs={})
2025-06-26 12:10:58,015:INFO:Checking exceptions
2025-06-26 12:10:58,015:INFO:Importing libraries
2025-06-26 12:10:58,015:INFO:Copying training dataset
2025-06-26 12:10:58,020:INFO:Defining folds
2025-06-26 12:10:58,020:INFO:Declaring metric variables
2025-06-26 12:10:58,022:INFO:Importing untrained model
2025-06-26 12:10:58,028:INFO:Random Forest Regressor Imported successfully
2025-06-26 12:10:58,034:INFO:Starting cross validation
2025-06-26 12:10:58,036:INFO:Cross validating with KFold(n_splits=10, random_state=None, shuffle=False), n_jobs=-1
2025-06-26 12:10:58,702:INFO:Calculating mean and std
2025-06-26 12:10:58,703:INFO:Creating metrics dataframe
2025-06-26 12:10:58,706:INFO:Uploading results into container
2025-06-26 12:10:58,706:INFO:Uploading model into container now
2025-06-26 12:10:58,707:INFO:_master_model_container: 13
2025-06-26 12:10:58,707:INFO:_display_container: 2
2025-06-26 12:10:58,707:INFO:RandomForestRegressor(n_jobs=-1, random_state=123)
2025-06-26 12:10:58,707:INFO:create_model() successfully completed......................................
2025-06-26 12:10:58,825:INFO:SubProcess create_model() end ==================================
2025-06-26 12:10:58,825:INFO:Creating metrics dataframe
2025-06-26 12:10:58,832:INFO:Initializing Extra Trees Regressor
2025-06-26 12:10:58,832:INFO:Total runtime is 0.14680833021799725 minutes
2025-06-26 12:10:58,835:INFO:SubProcess create_model() called ==================================
2025-06-26 12:10:58,836:INFO:Initializing create_model()
2025-06-26 12:10:58,836:INFO:create_model(self=<pycaret.regression.oop.RegressionExperiment object at 0x7f0a6704a490>, estimator=et, fold=KFold(n_splits=10, random_state=None, shuffle=False), round=4, cross_validation=True, predict=True, fit_kwargs={}, groups=None, refit=False, probability_threshold=None, experiment_custom_tags=None, verbose=False, system=False, add_to_model_list=True, metrics=None, display=<pycaret.internal.display.display.CommonDisplay object at 0x7f0a66223dd0>, model_only=True, return_train_score=False, error_score=0.0, kwargs={})
2025-06-26 12:10:58,836:INFO:Checking exceptions
2025-06-26 12:10:58,836:INFO:Importing libraries
2025-06-26 12:10:58,836:INFO:Copying training dataset
2025-06-26 12:10:58,841:INFO:Defining folds
2025-06-26 12:10:58,841:INFO:Declaring metric variables
2025-06-26 12:10:58,846:INFO:Importing untrained model
2025-06-26 12:10:58,849:INFO:Extra Trees Regressor Imported successfully
2025-06-26 12:10:58,858:INFO:Starting cross validation
2025-06-26 12:10:58,860:INFO:Cross validating with KFold(n_splits=10, random_state=None, shuffle=False), n_jobs=-1
2025-06-26 12:10:59,342:INFO:Calculating mean and std
2025-06-26 12:10:59,343:INFO:Creating metrics dataframe
2025-06-26 12:10:59,345:INFO:Uploading results into container
2025-06-26 12:10:59,346:INFO:Uploading model into container now
2025-06-26 12:10:59,346:INFO:_master_model_container: 14
2025-06-26 12:10:59,346:INFO:_display_container: 2
2025-06-26 12:10:59,346:INFO:ExtraTreesRegressor(n_jobs=-1, random_state=123)
2025-06-26 12:10:59,346:INFO:create_model() successfully completed......................................
2025-06-26 12:10:59,463:INFO:SubProcess create_model() end ==================================
2025-06-26 12:10:59,463:INFO:Creating metrics dataframe
2025-06-26 12:10:59,469:INFO:Initializing AdaBoost Regressor
2025-06-26 12:10:59,470:INFO:Total runtime is 0.15743393500645958 minutes
2025-06-26 12:10:59,472:INFO:SubProcess create_model() called ==================================
2025-06-26 12:10:59,473:INFO:Initializing create_model()
2025-06-26 12:10:59,473:INFO:create_model(self=<pycaret.regression.oop.RegressionExperiment object at 0x7f0a6704a490>, estimator=ada, fold=KFold(n_splits=10, random_state=None, shuffle=False), round=4, cross_validation=True, predict=True, fit_kwargs={}, groups=None, refit=False, probability_threshold=None, experiment_custom_tags=None, verbose=False, system=False, add_to_model_list=True, metrics=None, display=<pycaret.internal.display.display.CommonDisplay object at 0x7f0a66223dd0>, model_only=True, return_train_score=False, error_score=0.0, kwargs={})
2025-06-26 12:10:59,473:INFO:Checking exceptions
2025-06-26 12:10:59,473:INFO:Importing libraries
2025-06-26 12:10:59,473:INFO:Copying training dataset
2025-06-26 12:10:59,479:INFO:Defining folds
2025-06-26 12:10:59,480:INFO:Declaring metric variables
2025-06-26 12:10:59,484:INFO:Importing untrained model
2025-06-26 12:10:59,489:INFO:AdaBoost Regressor Imported successfully
2025-06-26 12:10:59,495:INFO:Starting cross validation
2025-06-26 12:10:59,498:INFO:Cross validating with KFold(n_splits=10, random_state=None, shuffle=False), n_jobs=-1
2025-06-26 12:10:59,852:INFO:Calculating mean and std
2025-06-26 12:10:59,853:INFO:Creating metrics dataframe
2025-06-26 12:10:59,854:INFO:Uploading results into container
2025-06-26 12:10:59,854:INFO:Uploading model into container now
2025-06-26 12:10:59,855:INFO:_master_model_container: 15
2025-06-26 12:10:59,855:INFO:_display_container: 2
2025-06-26 12:10:59,856:INFO:AdaBoostRegressor(random_state=123)
2025-06-26 12:10:59,856:INFO:create_model() successfully completed......................................
2025-06-26 12:10:59,971:INFO:SubProcess create_model() end ==================================
2025-06-26 12:10:59,971:INFO:Creating metrics dataframe
2025-06-26 12:10:59,984:INFO:Initializing Gradient Boosting Regressor
2025-06-26 12:10:59,984:INFO:Total runtime is 0.16601442098617555 minutes
2025-06-26 12:10:59,989:INFO:SubProcess create_model() called ==================================
2025-06-26 12:10:59,989:INFO:Initializing create_model()
2025-06-26 12:10:59,989:INFO:create_model(self=<pycaret.regression.oop.RegressionExperiment object at 0x7f0a6704a490>, estimator=gbr, fold=KFold(n_splits=10, random_state=None, shuffle=False), round=4, cross_validation=True, predict=True, fit_kwargs={}, groups=None, refit=False, probability_threshold=None, experiment_custom_tags=None, verbose=False, system=False, add_to_model_list=True, metrics=None, display=<pycaret.internal.display.display.CommonDisplay object at 0x7f0a66223dd0>, model_only=True, return_train_score=False, error_score=0.0, kwargs={})
2025-06-26 12:10:59,989:INFO:Checking exceptions
2025-06-26 12:10:59,989:INFO:Importing libraries
2025-06-26 12:10:59,990:INFO:Copying training dataset
2025-06-26 12:10:59,994:INFO:Defining folds
2025-06-26 12:10:59,994:INFO:Declaring metric variables
2025-06-26 12:10:59,999:INFO:Importing untrained model
2025-06-26 12:11:00,004:INFO:Gradient Boosting Regressor Imported successfully
2025-06-26 12:11:00,013:INFO:Starting cross validation
2025-06-26 12:11:00,017:INFO:Cross validating with KFold(n_splits=10, random_state=None, shuffle=False), n_jobs=-1
2025-06-26 12:11:00,316:INFO:Calculating mean and std
2025-06-26 12:11:00,317:INFO:Creating metrics dataframe
2025-06-26 12:11:00,318:INFO:Uploading results into container
2025-06-26 12:11:00,319:INFO:Uploading model into container now
2025-06-26 12:11:00,320:INFO:_master_model_container: 16
2025-06-26 12:11:00,320:INFO:_display_container: 2
2025-06-26 12:11:00,320:INFO:GradientBoostingRegressor(random_state=123)
2025-06-26 12:11:00,321:INFO:create_model() successfully completed......................................
2025-06-26 12:11:00,434:INFO:SubProcess create_model() end ==================================
2025-06-26 12:11:00,435:INFO:Creating metrics dataframe
2025-06-26 12:11:00,441:INFO:Initializing Light Gradient Boosting Machine
2025-06-26 12:11:00,441:INFO:Total runtime is 0.17362542549769086 minutes
2025-06-26 12:11:00,443:INFO:SubProcess create_model() called ==================================
2025-06-26 12:11:00,443:INFO:Initializing create_model()
2025-06-26 12:11:00,444:INFO:create_model(self=<pycaret.regression.oop.RegressionExperiment object at 0x7f0a6704a490>, estimator=lightgbm, fold=KFold(n_splits=10, random_state=None, shuffle=False), round=4, cross_validation=True, predict=True, fit_kwargs={}, groups=None, refit=False, probability_threshold=None, experiment_custom_tags=None, verbose=False, system=False, add_to_model_list=True, metrics=None, display=<pycaret.internal.display.display.CommonDisplay object at 0x7f0a66223dd0>, model_only=True, return_train_score=False, error_score=0.0, kwargs={})
2025-06-26 12:11:00,444:INFO:Checking exceptions
2025-06-26 12:11:00,444:INFO:Importing libraries
2025-06-26 12:11:00,444:INFO:Copying training dataset
2025-06-26 12:11:00,448:INFO:Defining folds
2025-06-26 12:11:00,449:INFO:Declaring metric variables
2025-06-26 12:11:00,452:INFO:Importing untrained model
2025-06-26 12:11:00,456:INFO:Light Gradient Boosting Machine Imported successfully
2025-06-26 12:11:00,464:INFO:Starting cross validation
2025-06-26 12:11:00,465:INFO:Cross validating with KFold(n_splits=10, random_state=None, shuffle=False), n_jobs=-1
2025-06-26 12:28:02,928:INFO:PyCaret RegressionExperiment
2025-06-26 12:28:02,928:INFO:Logging name: reg-default-name
2025-06-26 12:28:02,928:INFO:ML Usecase: MLUsecase.REGRESSION
2025-06-26 12:28:02,928:INFO:version 3.3.2
2025-06-26 12:28:02,928:INFO:Initializing setup()
2025-06-26 12:28:02,928:INFO:self.USI: df97
2025-06-26 12:28:02,928:INFO:self._variable_keys: {'X_train', 'fold_generator', 'data', 'logging_param', 'log_plots_param', 'fold_shuffle_param', 'n_jobs_param', 'gpu_n_jobs_param', 'exp_name_log', '_ml_usecase', 'pipeline', 'transform_target_param', 'X_test', '_available_plots', 'y', 'exp_id', 'gpu_param', 'seed', 'memory', 'fold_groups_param', 'target_param', 'X', 'idx', 'USI', 'y_test', 'html_param', 'y_train'}
2025-06-26 12:28:02,929:INFO:Checking environment
2025-06-26 12:28:02,929:INFO:python_version: 3.11.11
2025-06-26 12:28:02,929:INFO:python_build: ('main', 'Dec 11 2024 16:28:39')
2025-06-26 12:28:02,929:INFO:machine: x86_64
2025-06-26 12:28:02,929:INFO:platform: Linux-6.1.0-37-amd64-x86_64-with-glibc2.36
2025-06-26 12:28:02,929:INFO:Memory: svmem(total=16387018752, available=6226894848, percent=62.0, used=8927047680, free=1893588992, active=2607476736, inactive=10488799232, buffers=249425920, cached=5316956160, shared=883331072, slab=562429952)
2025-06-26 12:28:02,929:INFO:Physical Core: 8
2025-06-26 12:28:02,929:INFO:Logical Core: 12
2025-06-26 12:28:02,929:INFO:Checking libraries
2025-06-26 12:28:02,929:INFO:System:
2025-06-26 12:28:02,929:INFO:    python: 3.11.11 (main, Dec 11 2024, 16:28:39) [GCC 11.2.0]
2025-06-26 12:28:02,929:INFO:executable: /home/tj/miniconda3/envs/day1ML/bin/python
2025-06-26 12:28:02,929:INFO:   machine: Linux-6.1.0-37-amd64-x86_64-with-glibc2.36
2025-06-26 12:28:02,929:INFO:PyCaret required dependencies:
2025-06-26 12:28:02,929:INFO:                 pip: 25.1
2025-06-26 12:28:02,929:INFO:          setuptools: 78.1.1
2025-06-26 12:28:02,929:INFO:             pycaret: 3.3.2
2025-06-26 12:28:02,929:INFO:             IPython: 9.1.0
2025-06-26 12:28:02,929:INFO:          ipywidgets: 8.1.7
2025-06-26 12:28:02,929:INFO:                tqdm: 4.67.1
2025-06-26 12:28:02,929:INFO:               numpy: 1.26.4
2025-06-26 12:28:02,929:INFO:              pandas: 2.1.4
2025-06-26 12:28:02,929:INFO:              jinja2: 3.1.6
2025-06-26 12:28:02,929:INFO:               scipy: 1.11.4
2025-06-26 12:28:02,929:INFO:              joblib: 1.3.2
2025-06-26 12:28:02,929:INFO:             sklearn: 1.4.2
2025-06-26 12:28:02,930:INFO:                pyod: 2.0.5
2025-06-26 12:28:02,930:INFO:            imblearn: 0.13.0
2025-06-26 12:28:02,930:INFO:   category_encoders: 2.7.0
2025-06-26 12:28:02,930:INFO:            lightgbm: 4.6.0
2025-06-26 12:28:02,930:INFO:               numba: 0.61.0
2025-06-26 12:28:02,930:INFO:            requests: 2.32.4
2025-06-26 12:28:02,930:INFO:          matplotlib: 3.7.5
2025-06-26 12:28:02,930:INFO:          scikitplot: 0.3.7
2025-06-26 12:28:02,930:INFO:         yellowbrick: 1.5
2025-06-26 12:28:02,930:INFO:              plotly: 5.24.1
2025-06-26 12:28:02,930:INFO:    plotly-resampler: Not installed
2025-06-26 12:28:02,930:INFO:             kaleido: 1.0.0
2025-06-26 12:28:02,930:INFO:           schemdraw: 0.15
2025-06-26 12:28:02,930:INFO:         statsmodels: 0.14.4
2025-06-26 12:28:02,930:INFO:              sktime: 0.26.0
2025-06-26 12:28:02,930:INFO:               tbats: 1.1.3
2025-06-26 12:28:02,930:INFO:            pmdarima: 2.0.4
2025-06-26 12:28:02,930:INFO:              psutil: 5.9.0
2025-06-26 12:28:02,930:INFO:          markupsafe: 3.0.2
2025-06-26 12:28:02,930:INFO:             pickle5: Not installed
2025-06-26 12:28:02,930:INFO:         cloudpickle: 3.1.1
2025-06-26 12:28:02,930:INFO:         deprecation: 2.1.0
2025-06-26 12:28:02,930:INFO:              xxhash: 3.5.0
2025-06-26 12:28:02,930:INFO:           wurlitzer: 3.1.1
2025-06-26 12:28:02,930:INFO:PyCaret optional dependencies:
2025-06-26 12:28:02,930:INFO:                shap: Not installed
2025-06-26 12:28:02,930:INFO:           interpret: Not installed
2025-06-26 12:28:02,930:INFO:                umap: Not installed
2025-06-26 12:28:02,930:INFO:     ydata_profiling: 4.16.1
2025-06-26 12:28:02,930:INFO:  explainerdashboard: Not installed
2025-06-26 12:28:02,930:INFO:             autoviz: Not installed
2025-06-26 12:28:02,930:INFO:           fairlearn: Not installed
2025-06-26 12:28:02,930:INFO:          deepchecks: Not installed
2025-06-26 12:28:02,930:INFO:             xgboost: Not installed
2025-06-26 12:28:02,930:INFO:            catboost: Not installed
2025-06-26 12:28:02,930:INFO:              kmodes: Not installed
2025-06-26 12:28:02,930:INFO:             mlxtend: Not installed
2025-06-26 12:28:02,930:INFO:       statsforecast: Not installed
2025-06-26 12:28:02,930:INFO:        tune_sklearn: Not installed
2025-06-26 12:28:02,930:INFO:                 ray: Not installed
2025-06-26 12:28:02,930:INFO:            hyperopt: Not installed
2025-06-26 12:28:02,930:INFO:              optuna: Not installed
2025-06-26 12:28:02,930:INFO:               skopt: Not installed
2025-06-26 12:28:02,930:INFO:              mlflow: Not installed
2025-06-26 12:28:02,930:INFO:              gradio: Not installed
2025-06-26 12:28:02,930:INFO:             fastapi: Not installed
2025-06-26 12:28:02,930:INFO:             uvicorn: Not installed
2025-06-26 12:28:02,930:INFO:              m2cgen: Not installed
2025-06-26 12:28:02,930:INFO:           evidently: Not installed
2025-06-26 12:28:02,930:INFO:               fugue: Not installed
2025-06-26 12:28:02,930:INFO:           streamlit: Not installed
2025-06-26 12:28:02,930:INFO:             prophet: Not installed
2025-06-26 12:28:02,930:INFO:None
2025-06-26 12:28:02,930:INFO:Set up GPU usage.
2025-06-26 12:28:02,930:WARNING:
'cuml' is a soft dependency and not included in the pycaret installation. Please run: `pip install cuml` to install.
2025-06-26 12:28:02,930:WARNING:cuML is outdated or not found. Required version is >=23.08.
                Please visit https://rapids.ai/install for installation instructions.
2025-06-26 12:28:02,930:INFO:Set up data.
2025-06-26 12:28:02,933:INFO:Set up folding strategy.
2025-06-26 12:28:02,933:INFO:Set up train/test split.
2025-06-26 12:28:02,936:INFO:Set up index.
2025-06-26 12:28:02,936:INFO:Assigning column types.
2025-06-26 12:28:02,938:INFO:Engine successfully changes for model 'lr' to 'sklearn'.
2025-06-26 12:28:02,939:WARNING:
'cuml' is a soft dependency and not included in the pycaret installation. Please run: `pip install cuml` to install.
2025-06-26 12:28:02,939:INFO:Engine for model 'lasso' has not been set explicitly, hence returning None.
2025-06-26 12:28:02,939:WARNING:
'cuml' is a soft dependency and not included in the pycaret installation. Please run: `pip install cuml` to install.
2025-06-26 12:28:02,942:INFO:Engine for model 'ridge' has not been set explicitly, hence returning None.
2025-06-26 12:28:02,942:WARNING:
'cuml' is a soft dependency and not included in the pycaret installation. Please run: `pip install cuml` to install.
2025-06-26 12:28:02,944:INFO:Engine for model 'en' has not been set explicitly, hence returning None.
2025-06-26 12:28:02,944:WARNING:
'cuml' is a soft dependency and not included in the pycaret installation. Please run: `pip install cuml` to install.
2025-06-26 12:28:02,974:INFO:Engine for model 'svm' has not been set explicitly, hence returning None.
2025-06-26 12:28:02,974:WARNING:
'cuml' is a soft dependency and not included in the pycaret installation. Please run: `pip install cuml` to install.
2025-06-26 12:28:02,994:INFO:Engine for model 'knn' has not been set explicitly, hence returning None.
2025-06-26 12:28:02,995:WARNING:
'cuml' is a soft dependency and not included in the pycaret installation. Please run: `pip install cuml` to install.
2025-06-26 12:28:02,995:WARNING:
'cuml' is a soft dependency and not included in the pycaret installation. Please run: `pip install cuml` to install.
2025-06-26 12:28:02,995:WARNING:
'xgboost' is a soft dependency and not included in the pycaret installation. Please run: `pip install xgboost` to install.
Alternately, you can install this by running `pip install pycaret[models]`
2025-06-26 12:28:03,001:WARNING:
'catboost' is a soft dependency and not included in the pycaret installation. Please run: `pip install catboost` to install.
Alternately, you can install this by running `pip install pycaret[models]`
2025-06-26 12:28:03,002:WARNING:
'cuml' is a soft dependency and not included in the pycaret installation. Please run: `pip install cuml` to install.
2025-06-26 12:28:03,002:INFO:Engine for model 'lasso' has not been set explicitly, hence returning None.
2025-06-26 12:28:03,002:WARNING:
'cuml' is a soft dependency and not included in the pycaret installation. Please run: `pip install cuml` to install.
2025-06-26 12:28:03,006:INFO:Engine for model 'ridge' has not been set explicitly, hence returning None.
2025-06-26 12:28:03,006:WARNING:
'cuml' is a soft dependency and not included in the pycaret installation. Please run: `pip install cuml` to install.
2025-06-26 12:28:03,012:INFO:Engine for model 'en' has not been set explicitly, hence returning None.
2025-06-26 12:28:03,012:WARNING:
'cuml' is a soft dependency and not included in the pycaret installation. Please run: `pip install cuml` to install.
2025-06-26 12:28:03,042:INFO:Engine for model 'svm' has not been set explicitly, hence returning None.
2025-06-26 12:28:03,042:WARNING:
'cuml' is a soft dependency and not included in the pycaret installation. Please run: `pip install cuml` to install.
2025-06-26 12:28:03,062:INFO:Engine for model 'knn' has not been set explicitly, hence returning None.
2025-06-26 12:28:03,062:WARNING:
'cuml' is a soft dependency and not included in the pycaret installation. Please run: `pip install cuml` to install.
2025-06-26 12:28:03,062:WARNING:
'cuml' is a soft dependency and not included in the pycaret installation. Please run: `pip install cuml` to install.
2025-06-26 12:28:03,062:WARNING:
'xgboost' is a soft dependency and not included in the pycaret installation. Please run: `pip install xgboost` to install.
Alternately, you can install this by running `pip install pycaret[models]`
2025-06-26 12:28:03,065:WARNING:
'catboost' is a soft dependency and not included in the pycaret installation. Please run: `pip install catboost` to install.
Alternately, you can install this by running `pip install pycaret[models]`
2025-06-26 12:28:03,065:INFO:Engine successfully changes for model 'lasso' to 'sklearn'.
2025-06-26 12:28:03,065:WARNING:
'cuml' is a soft dependency and not included in the pycaret installation. Please run: `pip install cuml` to install.
2025-06-26 12:28:03,065:WARNING:
'cuml' is a soft dependency and not included in the pycaret installation. Please run: `pip install cuml` to install.
2025-06-26 12:28:03,067:INFO:Engine for model 'ridge' has not been set explicitly, hence returning None.
2025-06-26 12:28:03,067:WARNING:
'cuml' is a soft dependency and not included in the pycaret installation. Please run: `pip install cuml` to install.
2025-06-26 12:28:03,070:INFO:Engine for model 'en' has not been set explicitly, hence returning None.
2025-06-26 12:28:03,070:WARNING:
'cuml' is a soft dependency and not included in the pycaret installation. Please run: `pip install cuml` to install.
2025-06-26 12:28:03,097:INFO:Engine for model 'svm' has not been set explicitly, hence returning None.
2025-06-26 12:28:03,097:WARNING:
'cuml' is a soft dependency and not included in the pycaret installation. Please run: `pip install cuml` to install.
2025-06-26 12:28:03,116:INFO:Engine for model 'knn' has not been set explicitly, hence returning None.
2025-06-26 12:28:03,116:WARNING:
'cuml' is a soft dependency and not included in the pycaret installation. Please run: `pip install cuml` to install.
2025-06-26 12:28:03,116:WARNING:
'cuml' is a soft dependency and not included in the pycaret installation. Please run: `pip install cuml` to install.
2025-06-26 12:28:03,117:WARNING:
'xgboost' is a soft dependency and not included in the pycaret installation. Please run: `pip install xgboost` to install.
Alternately, you can install this by running `pip install pycaret[models]`
2025-06-26 12:28:03,119:WARNING:
'catboost' is a soft dependency and not included in the pycaret installation. Please run: `pip install catboost` to install.
Alternately, you can install this by running `pip install pycaret[models]`
2025-06-26 12:28:03,119:WARNING:
'cuml' is a soft dependency and not included in the pycaret installation. Please run: `pip install cuml` to install.
2025-06-26 12:28:03,119:WARNING:
'cuml' is a soft dependency and not included in the pycaret installation. Please run: `pip install cuml` to install.
2025-06-26 12:28:03,122:INFO:Engine for model 'ridge' has not been set explicitly, hence returning None.
2025-06-26 12:28:03,122:WARNING:
'cuml' is a soft dependency and not included in the pycaret installation. Please run: `pip install cuml` to install.
2025-06-26 12:28:03,125:INFO:Engine for model 'en' has not been set explicitly, hence returning None.
2025-06-26 12:28:03,125:WARNING:
'cuml' is a soft dependency and not included in the pycaret installation. Please run: `pip install cuml` to install.
2025-06-26 12:28:03,155:INFO:Engine for model 'svm' has not been set explicitly, hence returning None.
2025-06-26 12:28:03,156:WARNING:
'cuml' is a soft dependency and not included in the pycaret installation. Please run: `pip install cuml` to install.
2025-06-26 12:28:03,174:INFO:Engine for model 'knn' has not been set explicitly, hence returning None.
2025-06-26 12:28:03,174:WARNING:
'cuml' is a soft dependency and not included in the pycaret installation. Please run: `pip install cuml` to install.
2025-06-26 12:28:03,174:WARNING:
'cuml' is a soft dependency and not included in the pycaret installation. Please run: `pip install cuml` to install.
2025-06-26 12:28:03,175:WARNING:
'xgboost' is a soft dependency and not included in the pycaret installation. Please run: `pip install xgboost` to install.
Alternately, you can install this by running `pip install pycaret[models]`
2025-06-26 12:28:03,177:WARNING:
'catboost' is a soft dependency and not included in the pycaret installation. Please run: `pip install catboost` to install.
Alternately, you can install this by running `pip install pycaret[models]`
2025-06-26 12:28:03,177:INFO:Engine successfully changes for model 'ridge' to 'sklearn'.
2025-06-26 12:28:03,177:WARNING:
'cuml' is a soft dependency and not included in the pycaret installation. Please run: `pip install cuml` to install.
2025-06-26 12:28:03,177:WARNING:
'cuml' is a soft dependency and not included in the pycaret installation. Please run: `pip install cuml` to install.
2025-06-26 12:28:03,180:WARNING:
'cuml' is a soft dependency and not included in the pycaret installation. Please run: `pip install cuml` to install.
2025-06-26 12:28:03,182:INFO:Engine for model 'en' has not been set explicitly, hence returning None.
2025-06-26 12:28:03,183:WARNING:
'cuml' is a soft dependency and not included in the pycaret installation. Please run: `pip install cuml` to install.
2025-06-26 12:28:03,210:INFO:Engine for model 'svm' has not been set explicitly, hence returning None.
2025-06-26 12:28:03,210:WARNING:
'cuml' is a soft dependency and not included in the pycaret installation. Please run: `pip install cuml` to install.
2025-06-26 12:28:03,230:INFO:Engine for model 'knn' has not been set explicitly, hence returning None.
2025-06-26 12:28:03,230:WARNING:
'cuml' is a soft dependency and not included in the pycaret installation. Please run: `pip install cuml` to install.
2025-06-26 12:28:03,231:WARNING:
'cuml' is a soft dependency and not included in the pycaret installation. Please run: `pip install cuml` to install.
2025-06-26 12:28:03,231:WARNING:
'xgboost' is a soft dependency and not included in the pycaret installation. Please run: `pip install xgboost` to install.
Alternately, you can install this by running `pip install pycaret[models]`
2025-06-26 12:28:03,234:WARNING:
'catboost' is a soft dependency and not included in the pycaret installation. Please run: `pip install catboost` to install.
Alternately, you can install this by running `pip install pycaret[models]`
2025-06-26 12:28:03,234:WARNING:
'cuml' is a soft dependency and not included in the pycaret installation. Please run: `pip install cuml` to install.
2025-06-26 12:28:03,234:WARNING:
'cuml' is a soft dependency and not included in the pycaret installation. Please run: `pip install cuml` to install.
2025-06-26 12:28:03,237:WARNING:
'cuml' is a soft dependency and not included in the pycaret installation. Please run: `pip install cuml` to install.
2025-06-26 12:28:03,239:INFO:Engine for model 'en' has not been set explicitly, hence returning None.
2025-06-26 12:28:03,239:WARNING:
'cuml' is a soft dependency and not included in the pycaret installation. Please run: `pip install cuml` to install.
2025-06-26 12:28:03,272:INFO:Engine for model 'svm' has not been set explicitly, hence returning None.
2025-06-26 12:28:03,272:WARNING:
'cuml' is a soft dependency and not included in the pycaret installation. Please run: `pip install cuml` to install.
2025-06-26 12:28:03,294:INFO:Engine for model 'knn' has not been set explicitly, hence returning None.
2025-06-26 12:28:03,294:WARNING:
'cuml' is a soft dependency and not included in the pycaret installation. Please run: `pip install cuml` to install.
2025-06-26 12:28:03,294:WARNING:
'cuml' is a soft dependency and not included in the pycaret installation. Please run: `pip install cuml` to install.
2025-06-26 12:28:03,295:WARNING:
'xgboost' is a soft dependency and not included in the pycaret installation. Please run: `pip install xgboost` to install.
Alternately, you can install this by running `pip install pycaret[models]`
2025-06-26 12:28:03,297:WARNING:
'catboost' is a soft dependency and not included in the pycaret installation. Please run: `pip install catboost` to install.
Alternately, you can install this by running `pip install pycaret[models]`
2025-06-26 12:28:03,297:INFO:Engine successfully changes for model 'en' to 'sklearn'.
2025-06-26 12:28:03,297:WARNING:
'cuml' is a soft dependency and not included in the pycaret installation. Please run: `pip install cuml` to install.
2025-06-26 12:28:03,297:WARNING:
'cuml' is a soft dependency and not included in the pycaret installation. Please run: `pip install cuml` to install.
2025-06-26 12:28:03,300:WARNING:
'cuml' is a soft dependency and not included in the pycaret installation. Please run: `pip install cuml` to install.
2025-06-26 12:28:03,302:WARNING:
'cuml' is a soft dependency and not included in the pycaret installation. Please run: `pip install cuml` to install.
2025-06-26 12:28:03,330:INFO:Engine for model 'svm' has not been set explicitly, hence returning None.
2025-06-26 12:28:03,330:WARNING:
'cuml' is a soft dependency and not included in the pycaret installation. Please run: `pip install cuml` to install.
2025-06-26 12:28:03,349:INFO:Engine for model 'knn' has not been set explicitly, hence returning None.
2025-06-26 12:28:03,350:WARNING:
'cuml' is a soft dependency and not included in the pycaret installation. Please run: `pip install cuml` to install.
2025-06-26 12:28:03,350:WARNING:
'cuml' is a soft dependency and not included in the pycaret installation. Please run: `pip install cuml` to install.
2025-06-26 12:28:03,350:WARNING:
'xgboost' is a soft dependency and not included in the pycaret installation. Please run: `pip install xgboost` to install.
Alternately, you can install this by running `pip install pycaret[models]`
2025-06-26 12:28:03,352:WARNING:
'catboost' is a soft dependency and not included in the pycaret installation. Please run: `pip install catboost` to install.
Alternately, you can install this by running `pip install pycaret[models]`
2025-06-26 12:28:03,353:WARNING:
'cuml' is a soft dependency and not included in the pycaret installation. Please run: `pip install cuml` to install.
2025-06-26 12:28:03,353:WARNING:
'cuml' is a soft dependency and not included in the pycaret installation. Please run: `pip install cuml` to install.
2025-06-26 12:28:03,356:WARNING:
'cuml' is a soft dependency and not included in the pycaret installation. Please run: `pip install cuml` to install.
2025-06-26 12:28:03,358:WARNING:
'cuml' is a soft dependency and not included in the pycaret installation. Please run: `pip install cuml` to install.
2025-06-26 12:28:03,385:INFO:Engine for model 'svm' has not been set explicitly, hence returning None.
2025-06-26 12:28:03,386:WARNING:
'cuml' is a soft dependency and not included in the pycaret installation. Please run: `pip install cuml` to install.
2025-06-26 12:28:03,406:INFO:Engine for model 'knn' has not been set explicitly, hence returning None.
2025-06-26 12:28:03,406:WARNING:
'cuml' is a soft dependency and not included in the pycaret installation. Please run: `pip install cuml` to install.
2025-06-26 12:28:03,406:WARNING:
'cuml' is a soft dependency and not included in the pycaret installation. Please run: `pip install cuml` to install.
2025-06-26 12:28:03,406:WARNING:
'xgboost' is a soft dependency and not included in the pycaret installation. Please run: `pip install xgboost` to install.
Alternately, you can install this by running `pip install pycaret[models]`
2025-06-26 12:28:03,408:WARNING:
'catboost' is a soft dependency and not included in the pycaret installation. Please run: `pip install catboost` to install.
Alternately, you can install this by running `pip install pycaret[models]`
2025-06-26 12:28:03,409:INFO:Engine successfully changes for model 'knn' to 'sklearn'.
2025-06-26 12:28:03,409:WARNING:
'cuml' is a soft dependency and not included in the pycaret installation. Please run: `pip install cuml` to install.
2025-06-26 12:28:03,409:WARNING:
'cuml' is a soft dependency and not included in the pycaret installation. Please run: `pip install cuml` to install.
2025-06-26 12:28:03,411:WARNING:
'cuml' is a soft dependency and not included in the pycaret installation. Please run: `pip install cuml` to install.
2025-06-26 12:28:03,414:WARNING:
'cuml' is a soft dependency and not included in the pycaret installation. Please run: `pip install cuml` to install.
2025-06-26 12:28:03,439:INFO:Engine for model 'svm' has not been set explicitly, hence returning None.
2025-06-26 12:28:03,439:WARNING:
'cuml' is a soft dependency and not included in the pycaret installation. Please run: `pip install cuml` to install.
2025-06-26 12:28:03,462:WARNING:
'cuml' is a soft dependency and not included in the pycaret installation. Please run: `pip install cuml` to install.
2025-06-26 12:28:03,462:WARNING:
'cuml' is a soft dependency and not included in the pycaret installation. Please run: `pip install cuml` to install.
2025-06-26 12:28:03,462:WARNING:
'xgboost' is a soft dependency and not included in the pycaret installation. Please run: `pip install xgboost` to install.
Alternately, you can install this by running `pip install pycaret[models]`
2025-06-26 12:28:03,467:WARNING:
'catboost' is a soft dependency and not included in the pycaret installation. Please run: `pip install catboost` to install.
Alternately, you can install this by running `pip install pycaret[models]`
2025-06-26 12:28:03,468:WARNING:
'cuml' is a soft dependency and not included in the pycaret installation. Please run: `pip install cuml` to install.
2025-06-26 12:28:03,468:WARNING:
'cuml' is a soft dependency and not included in the pycaret installation. Please run: `pip install cuml` to install.
2025-06-26 12:28:03,475:WARNING:
'cuml' is a soft dependency and not included in the pycaret installation. Please run: `pip install cuml` to install.
2025-06-26 12:28:03,484:WARNING:
'cuml' is a soft dependency and not included in the pycaret installation. Please run: `pip install cuml` to install.
2025-06-26 12:28:03,515:INFO:Engine for model 'svm' has not been set explicitly, hence returning None.
2025-06-26 12:28:03,515:WARNING:
'cuml' is a soft dependency and not included in the pycaret installation. Please run: `pip install cuml` to install.
2025-06-26 12:28:03,535:WARNING:
'cuml' is a soft dependency and not included in the pycaret installation. Please run: `pip install cuml` to install.
2025-06-26 12:28:03,535:WARNING:
'cuml' is a soft dependency and not included in the pycaret installation. Please run: `pip install cuml` to install.
2025-06-26 12:28:03,536:WARNING:
'xgboost' is a soft dependency and not included in the pycaret installation. Please run: `pip install xgboost` to install.
Alternately, you can install this by running `pip install pycaret[models]`
2025-06-26 12:28:03,538:WARNING:
'catboost' is a soft dependency and not included in the pycaret installation. Please run: `pip install catboost` to install.
Alternately, you can install this by running `pip install pycaret[models]`
2025-06-26 12:28:03,539:INFO:Engine successfully changes for model 'svm' to 'sklearn'.
2025-06-26 12:28:03,539:WARNING:
'cuml' is a soft dependency and not included in the pycaret installation. Please run: `pip install cuml` to install.
2025-06-26 12:28:03,539:WARNING:
'cuml' is a soft dependency and not included in the pycaret installation. Please run: `pip install cuml` to install.
2025-06-26 12:28:03,542:WARNING:
'cuml' is a soft dependency and not included in the pycaret installation. Please run: `pip install cuml` to install.
2025-06-26 12:28:03,544:WARNING:
'cuml' is a soft dependency and not included in the pycaret installation. Please run: `pip install cuml` to install.
2025-06-26 12:28:03,571:WARNING:
'cuml' is a soft dependency and not included in the pycaret installation. Please run: `pip install cuml` to install.
2025-06-26 12:28:03,592:WARNING:
'cuml' is a soft dependency and not included in the pycaret installation. Please run: `pip install cuml` to install.
2025-06-26 12:28:03,592:WARNING:
'cuml' is a soft dependency and not included in the pycaret installation. Please run: `pip install cuml` to install.
2025-06-26 12:28:03,592:WARNING:
'xgboost' is a soft dependency and not included in the pycaret installation. Please run: `pip install xgboost` to install.
Alternately, you can install this by running `pip install pycaret[models]`
2025-06-26 12:28:03,594:WARNING:
'catboost' is a soft dependency and not included in the pycaret installation. Please run: `pip install catboost` to install.
Alternately, you can install this by running `pip install pycaret[models]`
2025-06-26 12:28:03,594:WARNING:
'cuml' is a soft dependency and not included in the pycaret installation. Please run: `pip install cuml` to install.
2025-06-26 12:28:03,595:WARNING:
'cuml' is a soft dependency and not included in the pycaret installation. Please run: `pip install cuml` to install.
2025-06-26 12:28:03,597:WARNING:
'cuml' is a soft dependency and not included in the pycaret installation. Please run: `pip install cuml` to install.
2025-06-26 12:28:03,599:WARNING:
'cuml' is a soft dependency and not included in the pycaret installation. Please run: `pip install cuml` to install.
2025-06-26 12:28:03,626:WARNING:
'cuml' is a soft dependency and not included in the pycaret installation. Please run: `pip install cuml` to install.
2025-06-26 12:28:03,647:WARNING:
'cuml' is a soft dependency and not included in the pycaret installation. Please run: `pip install cuml` to install.
2025-06-26 12:28:03,647:WARNING:
'cuml' is a soft dependency and not included in the pycaret installation. Please run: `pip install cuml` to install.
2025-06-26 12:28:03,647:WARNING:
'xgboost' is a soft dependency and not included in the pycaret installation. Please run: `pip install xgboost` to install.
Alternately, you can install this by running `pip install pycaret[models]`
2025-06-26 12:28:03,650:WARNING:
'catboost' is a soft dependency and not included in the pycaret installation. Please run: `pip install catboost` to install.
Alternately, you can install this by running `pip install pycaret[models]`
2025-06-26 12:28:03,650:INFO:Preparing preprocessing pipeline...
2025-06-26 12:28:03,650:INFO:Set up simple imputation.
2025-06-26 12:28:03,652:INFO:Set up encoding of categorical features.
2025-06-26 12:28:03,681:INFO:Finished creating preprocessing pipeline.
2025-06-26 12:28:03,684:INFO:Pipeline: Pipeline(memory=FastMemory(location=/tmp/joblib),
         steps=[('numerical_imputer',
                 TransformerWrapper(include=['year', 'rainfall'],
                                    transformer=SimpleImputer())),
                ('categorical_imputer',
                 TransformerWrapper(include=['month', 'region'],
                                    transformer=SimpleImputer(strategy='most_frequent'))),
                ('onehot_encoding',
                 TransformerWrapper(include=['month', 'region'],
                                    transformer=OneHotEncoder(cols=['month',
                                                                    'region'],
                                                              handle_missing='return_nan',
                                                              use_cat_names=True)))])
2025-06-26 12:28:03,684:INFO:Creating final display dataframe.
2025-06-26 12:28:03,782:INFO:Setup _display_container:                     Description             Value
0                    Session id               123
1                        Target            runoff
2                   Target type        Regression
3           Original data shape         (1216, 5)
4        Transformed data shape        (1216, 19)
5   Transformed train set shape         (851, 19)
6    Transformed test set shape         (365, 19)
7              Numeric features                 2
8          Categorical features                 2
9      Rows with missing values             25.0%
10                   Preprocess              True
11              Imputation type            simple
12           Numeric imputation              mean
13       Categorical imputation              mode
14     Maximum one-hot encoding                25
15              Encoding method              None
16               Fold Generator             KFold
17                  Fold Number                10
18                     CPU Jobs                -1
19                      Use GPU              True
20               Log Experiment             False
21              Experiment Name  reg-default-name
22                          USI              df97
2025-06-26 12:28:03,785:WARNING:
'cuml' is a soft dependency and not included in the pycaret installation. Please run: `pip install cuml` to install.
2025-06-26 12:28:03,785:WARNING:
'cuml' is a soft dependency and not included in the pycaret installation. Please run: `pip install cuml` to install.
2025-06-26 12:28:03,787:WARNING:
'cuml' is a soft dependency and not included in the pycaret installation. Please run: `pip install cuml` to install.
2025-06-26 12:28:03,789:WARNING:
'cuml' is a soft dependency and not included in the pycaret installation. Please run: `pip install cuml` to install.
2025-06-26 12:28:03,819:WARNING:
'cuml' is a soft dependency and not included in the pycaret installation. Please run: `pip install cuml` to install.
2025-06-26 12:28:03,839:WARNING:
'cuml' is a soft dependency and not included in the pycaret installation. Please run: `pip install cuml` to install.
2025-06-26 12:28:03,839:WARNING:
'cuml' is a soft dependency and not included in the pycaret installation. Please run: `pip install cuml` to install.
2025-06-26 12:28:03,839:WARNING:
'xgboost' is a soft dependency and not included in the pycaret installation. Please run: `pip install xgboost` to install.
Alternately, you can install this by running `pip install pycaret[models]`
2025-06-26 12:28:03,845:WARNING:
'catboost' is a soft dependency and not included in the pycaret installation. Please run: `pip install catboost` to install.
Alternately, you can install this by running `pip install pycaret[models]`
2025-06-26 12:28:03,846:WARNING:
'cuml' is a soft dependency and not included in the pycaret installation. Please run: `pip install cuml` to install.
2025-06-26 12:28:03,846:WARNING:
'cuml' is a soft dependency and not included in the pycaret installation. Please run: `pip install cuml` to install.
2025-06-26 12:28:03,852:WARNING:
'cuml' is a soft dependency and not included in the pycaret installation. Please run: `pip install cuml` to install.
2025-06-26 12:28:03,859:WARNING:
'cuml' is a soft dependency and not included in the pycaret installation. Please run: `pip install cuml` to install.
2025-06-26 12:28:03,888:WARNING:
'cuml' is a soft dependency and not included in the pycaret installation. Please run: `pip install cuml` to install.
2025-06-26 12:28:03,907:WARNING:
'cuml' is a soft dependency and not included in the pycaret installation. Please run: `pip install cuml` to install.
2025-06-26 12:28:03,908:WARNING:
'cuml' is a soft dependency and not included in the pycaret installation. Please run: `pip install cuml` to install.
2025-06-26 12:28:03,908:WARNING:
'xgboost' is a soft dependency and not included in the pycaret installation. Please run: `pip install xgboost` to install.
Alternately, you can install this by running `pip install pycaret[models]`
2025-06-26 12:28:03,910:WARNING:
'catboost' is a soft dependency and not included in the pycaret installation. Please run: `pip install catboost` to install.
Alternately, you can install this by running `pip install pycaret[models]`
2025-06-26 12:28:03,911:INFO:setup() successfully completed in 0.98s...............
2025-06-26 12:30:39,762:INFO:PyCaret RegressionExperiment
2025-06-26 12:30:39,762:INFO:Logging name: reg-default-name
2025-06-26 12:30:39,762:INFO:ML Usecase: MLUsecase.REGRESSION
2025-06-26 12:30:39,762:INFO:version 3.3.2
2025-06-26 12:30:39,762:INFO:Initializing setup()
2025-06-26 12:30:39,762:INFO:self.USI: cd27
2025-06-26 12:30:39,763:INFO:self._variable_keys: {'X_train', 'fold_generator', 'data', 'logging_param', 'log_plots_param', 'fold_shuffle_param', 'n_jobs_param', 'gpu_n_jobs_param', 'exp_name_log', '_ml_usecase', 'pipeline', 'transform_target_param', 'X_test', '_available_plots', 'y', 'exp_id', 'gpu_param', 'seed', 'memory', 'fold_groups_param', 'target_param', 'X', 'idx', 'USI', 'y_test', 'html_param', 'y_train'}
2025-06-26 12:30:39,763:INFO:Checking environment
2025-06-26 12:30:39,763:INFO:python_version: 3.11.11
2025-06-26 12:30:39,763:INFO:python_build: ('main', 'Dec 11 2024 16:28:39')
2025-06-26 12:30:39,763:INFO:machine: x86_64
2025-06-26 12:30:39,763:INFO:platform: Linux-6.1.0-37-amd64-x86_64-with-glibc2.36
2025-06-26 12:30:39,763:INFO:Memory: svmem(total=16387018752, available=6115897344, percent=62.7, used=9003728896, free=1771081728, active=2655457280, inactive=10532237312, buffers=249942016, cached=5362266112, shared=917643264, slab=561700864)
2025-06-26 12:30:39,763:INFO:Physical Core: 8
2025-06-26 12:30:39,763:INFO:Logical Core: 12
2025-06-26 12:30:39,763:INFO:Checking libraries
2025-06-26 12:30:39,763:INFO:System:
2025-06-26 12:30:39,763:INFO:    python: 3.11.11 (main, Dec 11 2024, 16:28:39) [GCC 11.2.0]
2025-06-26 12:30:39,763:INFO:executable: /home/tj/miniconda3/envs/day1ML/bin/python
2025-06-26 12:30:39,763:INFO:   machine: Linux-6.1.0-37-amd64-x86_64-with-glibc2.36
2025-06-26 12:30:39,763:INFO:PyCaret required dependencies:
2025-06-26 12:30:39,763:INFO:                 pip: 25.1
2025-06-26 12:30:39,764:INFO:          setuptools: 78.1.1
2025-06-26 12:30:39,764:INFO:             pycaret: 3.3.2
2025-06-26 12:30:39,764:INFO:             IPython: 9.1.0
2025-06-26 12:30:39,764:INFO:          ipywidgets: 8.1.7
2025-06-26 12:30:39,764:INFO:                tqdm: 4.67.1
2025-06-26 12:30:39,764:INFO:               numpy: 1.26.4
2025-06-26 12:30:39,764:INFO:              pandas: 2.1.4
2025-06-26 12:30:39,764:INFO:              jinja2: 3.1.6
2025-06-26 12:30:39,764:INFO:               scipy: 1.11.4
2025-06-26 12:30:39,764:INFO:              joblib: 1.3.2
2025-06-26 12:30:39,764:INFO:             sklearn: 1.4.2
2025-06-26 12:30:39,764:INFO:                pyod: 2.0.5
2025-06-26 12:30:39,764:INFO:            imblearn: 0.13.0
2025-06-26 12:30:39,764:INFO:   category_encoders: 2.7.0
2025-06-26 12:30:39,764:INFO:            lightgbm: 4.6.0
2025-06-26 12:30:39,764:INFO:               numba: 0.61.0
2025-06-26 12:30:39,764:INFO:            requests: 2.32.4
2025-06-26 12:30:39,764:INFO:          matplotlib: 3.7.5
2025-06-26 12:30:39,764:INFO:          scikitplot: 0.3.7
2025-06-26 12:30:39,764:INFO:         yellowbrick: 1.5
2025-06-26 12:30:39,764:INFO:              plotly: 5.24.1
2025-06-26 12:30:39,764:INFO:    plotly-resampler: Not installed
2025-06-26 12:30:39,764:INFO:             kaleido: 1.0.0
2025-06-26 12:30:39,764:INFO:           schemdraw: 0.15
2025-06-26 12:30:39,764:INFO:         statsmodels: 0.14.4
2025-06-26 12:30:39,764:INFO:              sktime: 0.26.0
2025-06-26 12:30:39,764:INFO:               tbats: 1.1.3
2025-06-26 12:30:39,764:INFO:            pmdarima: 2.0.4
2025-06-26 12:30:39,764:INFO:              psutil: 5.9.0
2025-06-26 12:30:39,764:INFO:          markupsafe: 3.0.2
2025-06-26 12:30:39,764:INFO:             pickle5: Not installed
2025-06-26 12:30:39,764:INFO:         cloudpickle: 3.1.1
2025-06-26 12:30:39,764:INFO:         deprecation: 2.1.0
2025-06-26 12:30:39,764:INFO:              xxhash: 3.5.0
2025-06-26 12:30:39,764:INFO:           wurlitzer: 3.1.1
2025-06-26 12:30:39,764:INFO:PyCaret optional dependencies:
2025-06-26 12:30:39,764:INFO:                shap: Not installed
2025-06-26 12:30:39,764:INFO:           interpret: Not installed
2025-06-26 12:30:39,764:INFO:                umap: Not installed
2025-06-26 12:30:39,764:INFO:     ydata_profiling: 4.16.1
2025-06-26 12:30:39,764:INFO:  explainerdashboard: Not installed
2025-06-26 12:30:39,764:INFO:             autoviz: Not installed
2025-06-26 12:30:39,764:INFO:           fairlearn: Not installed
2025-06-26 12:30:39,764:INFO:          deepchecks: Not installed
2025-06-26 12:30:39,764:INFO:             xgboost: Not installed
2025-06-26 12:30:39,764:INFO:            catboost: Not installed
2025-06-26 12:30:39,764:INFO:              kmodes: Not installed
2025-06-26 12:30:39,764:INFO:             mlxtend: Not installed
2025-06-26 12:30:39,764:INFO:       statsforecast: Not installed
2025-06-26 12:30:39,764:INFO:        tune_sklearn: Not installed
2025-06-26 12:30:39,764:INFO:                 ray: Not installed
2025-06-26 12:30:39,764:INFO:            hyperopt: Not installed
2025-06-26 12:30:39,764:INFO:              optuna: Not installed
2025-06-26 12:30:39,764:INFO:               skopt: Not installed
2025-06-26 12:30:39,764:INFO:              mlflow: Not installed
2025-06-26 12:30:39,764:INFO:              gradio: Not installed
2025-06-26 12:30:39,764:INFO:             fastapi: Not installed
2025-06-26 12:30:39,764:INFO:             uvicorn: Not installed
2025-06-26 12:30:39,764:INFO:              m2cgen: Not installed
2025-06-26 12:30:39,764:INFO:           evidently: Not installed
2025-06-26 12:30:39,764:INFO:               fugue: Not installed
2025-06-26 12:30:39,764:INFO:           streamlit: Not installed
2025-06-26 12:30:39,764:INFO:             prophet: Not installed
2025-06-26 12:30:39,764:INFO:None
2025-06-26 12:30:39,764:INFO:Set up data.
2025-06-26 12:30:39,767:INFO:Set up folding strategy.
2025-06-26 12:30:39,767:INFO:Set up train/test split.
2025-06-26 12:30:39,770:INFO:Set up index.
2025-06-26 12:30:39,770:INFO:Assigning column types.
2025-06-26 12:30:39,772:INFO:Engine successfully changes for model 'lr' to 'sklearn'.
2025-06-26 12:30:39,772:INFO:Engine for model 'lasso' has not been set explicitly, hence returning None.
2025-06-26 12:30:39,774:INFO:Engine for model 'ridge' has not been set explicitly, hence returning None.
2025-06-26 12:30:39,777:INFO:Engine for model 'en' has not been set explicitly, hence returning None.
2025-06-26 12:30:39,810:INFO:Engine for model 'svm' has not been set explicitly, hence returning None.
2025-06-26 12:30:39,829:INFO:Engine for model 'knn' has not been set explicitly, hence returning None.
2025-06-26 12:30:39,831:WARNING:
'xgboost' is a soft dependency and not included in the pycaret installation. Please run: `pip install xgboost` to install.
Alternately, you can install this by running `pip install pycaret[models]`
2025-06-26 12:30:39,831:WARNING:
'catboost' is a soft dependency and not included in the pycaret installation. Please run: `pip install catboost` to install.
Alternately, you can install this by running `pip install pycaret[models]`
2025-06-26 12:30:39,831:INFO:Engine for model 'lasso' has not been set explicitly, hence returning None.
2025-06-26 12:30:39,833:INFO:Engine for model 'ridge' has not been set explicitly, hence returning None.
2025-06-26 12:30:39,835:INFO:Engine for model 'en' has not been set explicitly, hence returning None.
2025-06-26 12:30:39,865:INFO:Engine for model 'svm' has not been set explicitly, hence returning None.
2025-06-26 12:30:39,884:INFO:Engine for model 'knn' has not been set explicitly, hence returning None.
2025-06-26 12:30:39,885:WARNING:
'xgboost' is a soft dependency and not included in the pycaret installation. Please run: `pip install xgboost` to install.
Alternately, you can install this by running `pip install pycaret[models]`
2025-06-26 12:30:39,885:WARNING:
'catboost' is a soft dependency and not included in the pycaret installation. Please run: `pip install catboost` to install.
Alternately, you can install this by running `pip install pycaret[models]`
2025-06-26 12:30:39,885:INFO:Engine successfully changes for model 'lasso' to 'sklearn'.
2025-06-26 12:30:39,887:INFO:Engine for model 'ridge' has not been set explicitly, hence returning None.
2025-06-26 12:30:39,889:INFO:Engine for model 'en' has not been set explicitly, hence returning None.
2025-06-26 12:30:39,914:INFO:Engine for model 'svm' has not been set explicitly, hence returning None.
2025-06-26 12:30:39,934:INFO:Engine for model 'knn' has not been set explicitly, hence returning None.
2025-06-26 12:30:39,934:WARNING:
'xgboost' is a soft dependency and not included in the pycaret installation. Please run: `pip install xgboost` to install.
Alternately, you can install this by running `pip install pycaret[models]`
2025-06-26 12:30:39,934:WARNING:
'catboost' is a soft dependency and not included in the pycaret installation. Please run: `pip install catboost` to install.
Alternately, you can install this by running `pip install pycaret[models]`
2025-06-26 12:30:39,936:INFO:Engine for model 'ridge' has not been set explicitly, hence returning None.
2025-06-26 12:30:39,938:INFO:Engine for model 'en' has not been set explicitly, hence returning None.
2025-06-26 12:30:39,964:INFO:Engine for model 'svm' has not been set explicitly, hence returning None.
2025-06-26 12:30:39,986:INFO:Engine for model 'knn' has not been set explicitly, hence returning None.
2025-06-26 12:30:39,992:WARNING:
'xgboost' is a soft dependency and not included in the pycaret installation. Please run: `pip install xgboost` to install.
Alternately, you can install this by running `pip install pycaret[models]`
2025-06-26 12:30:39,992:WARNING:
'catboost' is a soft dependency and not included in the pycaret installation. Please run: `pip install catboost` to install.
Alternately, you can install this by running `pip install pycaret[models]`
2025-06-26 12:30:39,992:INFO:Engine successfully changes for model 'ridge' to 'sklearn'.
2025-06-26 12:30:39,996:INFO:Engine for model 'en' has not been set explicitly, hence returning None.
2025-06-26 12:30:40,021:INFO:Engine for model 'svm' has not been set explicitly, hence returning None.
2025-06-26 12:30:40,040:INFO:Engine for model 'knn' has not been set explicitly, hence returning None.
2025-06-26 12:30:40,040:WARNING:
'xgboost' is a soft dependency and not included in the pycaret installation. Please run: `pip install xgboost` to install.
Alternately, you can install this by running `pip install pycaret[models]`
2025-06-26 12:30:40,040:WARNING:
'catboost' is a soft dependency and not included in the pycaret installation. Please run: `pip install catboost` to install.
Alternately, you can install this by running `pip install pycaret[models]`
2025-06-26 12:30:40,044:INFO:Engine for model 'en' has not been set explicitly, hence returning None.
2025-06-26 12:30:40,069:INFO:Engine for model 'svm' has not been set explicitly, hence returning None.
2025-06-26 12:30:40,090:INFO:Engine for model 'knn' has not been set explicitly, hence returning None.
2025-06-26 12:30:40,091:WARNING:
'xgboost' is a soft dependency and not included in the pycaret installation. Please run: `pip install xgboost` to install.
Alternately, you can install this by running `pip install pycaret[models]`
2025-06-26 12:30:40,091:WARNING:
'catboost' is a soft dependency and not included in the pycaret installation. Please run: `pip install catboost` to install.
Alternately, you can install this by running `pip install pycaret[models]`
2025-06-26 12:30:40,092:INFO:Engine successfully changes for model 'en' to 'sklearn'.
2025-06-26 12:30:40,141:INFO:Engine for model 'svm' has not been set explicitly, hence returning None.
2025-06-26 12:30:40,161:INFO:Engine for model 'knn' has not been set explicitly, hence returning None.
2025-06-26 12:30:40,161:WARNING:
'xgboost' is a soft dependency and not included in the pycaret installation. Please run: `pip install xgboost` to install.
Alternately, you can install this by running `pip install pycaret[models]`
2025-06-26 12:30:40,162:WARNING:
'catboost' is a soft dependency and not included in the pycaret installation. Please run: `pip install catboost` to install.
Alternately, you can install this by running `pip install pycaret[models]`
2025-06-26 12:30:40,192:INFO:Engine for model 'svm' has not been set explicitly, hence returning None.
2025-06-26 12:30:40,212:INFO:Engine for model 'knn' has not been set explicitly, hence returning None.
2025-06-26 12:30:40,212:WARNING:
'xgboost' is a soft dependency and not included in the pycaret installation. Please run: `pip install xgboost` to install.
Alternately, you can install this by running `pip install pycaret[models]`
2025-06-26 12:30:40,212:WARNING:
'catboost' is a soft dependency and not included in the pycaret installation. Please run: `pip install catboost` to install.
Alternately, you can install this by running `pip install pycaret[models]`
2025-06-26 12:30:40,212:INFO:Engine successfully changes for model 'knn' to 'sklearn'.
2025-06-26 12:30:40,242:INFO:Engine for model 'svm' has not been set explicitly, hence returning None.
2025-06-26 12:30:40,261:WARNING:
'xgboost' is a soft dependency and not included in the pycaret installation. Please run: `pip install xgboost` to install.
Alternately, you can install this by running `pip install pycaret[models]`
2025-06-26 12:30:40,261:WARNING:
'catboost' is a soft dependency and not included in the pycaret installation. Please run: `pip install catboost` to install.
Alternately, you can install this by running `pip install pycaret[models]`
2025-06-26 12:30:40,291:INFO:Engine for model 'svm' has not been set explicitly, hence returning None.
2025-06-26 12:30:40,312:WARNING:
'xgboost' is a soft dependency and not included in the pycaret installation. Please run: `pip install xgboost` to install.
Alternately, you can install this by running `pip install pycaret[models]`
2025-06-26 12:30:40,313:WARNING:
'catboost' is a soft dependency and not included in the pycaret installation. Please run: `pip install catboost` to install.
Alternately, you can install this by running `pip install pycaret[models]`
2025-06-26 12:30:40,313:INFO:Engine successfully changes for model 'svm' to 'sklearn'.
2025-06-26 12:30:40,366:WARNING:
'xgboost' is a soft dependency and not included in the pycaret installation. Please run: `pip install xgboost` to install.
Alternately, you can install this by running `pip install pycaret[models]`
2025-06-26 12:30:40,367:WARNING:
'catboost' is a soft dependency and not included in the pycaret installation. Please run: `pip install catboost` to install.
Alternately, you can install this by running `pip install pycaret[models]`
2025-06-26 12:30:40,419:WARNING:
'xgboost' is a soft dependency and not included in the pycaret installation. Please run: `pip install xgboost` to install.
Alternately, you can install this by running `pip install pycaret[models]`
2025-06-26 12:30:40,419:WARNING:
'catboost' is a soft dependency and not included in the pycaret installation. Please run: `pip install catboost` to install.
Alternately, you can install this by running `pip install pycaret[models]`
2025-06-26 12:30:40,420:INFO:Preparing preprocessing pipeline...
2025-06-26 12:30:40,420:INFO:Set up simple imputation.
2025-06-26 12:30:40,422:INFO:Set up encoding of categorical features.
2025-06-26 12:30:40,453:INFO:Finished creating preprocessing pipeline.
2025-06-26 12:30:40,457:INFO:Pipeline: Pipeline(memory=FastMemory(location=/tmp/joblib),
         steps=[('numerical_imputer',
                 TransformerWrapper(include=['year', 'rainfall'],
                                    transformer=SimpleImputer())),
                ('categorical_imputer',
                 TransformerWrapper(include=['month', 'region'],
                                    transformer=SimpleImputer(strategy='most_frequent'))),
                ('onehot_encoding',
                 TransformerWrapper(include=['month', 'region'],
                                    transformer=OneHotEncoder(cols=['month',
                                                                    'region'],
                                                              handle_missing='return_nan',
                                                              use_cat_names=True)))])
2025-06-26 12:30:40,457:INFO:Creating final display dataframe.
2025-06-26 12:30:40,568:INFO:Setup _display_container:                     Description             Value
0                    Session id               123
1                        Target            runoff
2                   Target type        Regression
3           Original data shape         (1216, 5)
4        Transformed data shape        (1216, 19)
5   Transformed train set shape         (851, 19)
6    Transformed test set shape         (365, 19)
7              Numeric features                 2
8          Categorical features                 2
9      Rows with missing values             25.0%
10                   Preprocess              True
11              Imputation type            simple
12           Numeric imputation              mean
13       Categorical imputation              mode
14     Maximum one-hot encoding                25
15              Encoding method              None
16               Fold Generator             KFold
17                  Fold Number                10
18                     CPU Jobs                -1
19                      Use GPU             False
20               Log Experiment             False
21              Experiment Name  reg-default-name
22                          USI              cd27
2025-06-26 12:30:40,637:WARNING:
'xgboost' is a soft dependency and not included in the pycaret installation. Please run: `pip install xgboost` to install.
Alternately, you can install this by running `pip install pycaret[models]`
2025-06-26 12:30:40,637:WARNING:
'catboost' is a soft dependency and not included in the pycaret installation. Please run: `pip install catboost` to install.
Alternately, you can install this by running `pip install pycaret[models]`
2025-06-26 12:30:40,691:WARNING:
'xgboost' is a soft dependency and not included in the pycaret installation. Please run: `pip install xgboost` to install.
Alternately, you can install this by running `pip install pycaret[models]`
2025-06-26 12:30:40,691:WARNING:
'catboost' is a soft dependency and not included in the pycaret installation. Please run: `pip install catboost` to install.
Alternately, you can install this by running `pip install pycaret[models]`
2025-06-26 12:30:40,692:INFO:setup() successfully completed in 0.93s...............
2025-06-26 12:32:34,804:INFO:Initializing compare_models()
2025-06-26 12:32:34,804:INFO:compare_models(self=<pycaret.regression.oop.RegressionExperiment object at 0x7f0a663d5090>, include=None, exclude=None, fold=None, round=4, cross_validation=True, sort=MAE, n_select=1, budget_time=None, turbo=True, errors=ignore, fit_kwargs=None, groups=None, experiment_custom_tags=None, probability_threshold=None, verbose=True, parallel=None, caller_params={'self': <pycaret.regression.oop.RegressionExperiment object at 0x7f0a663d5090>, 'include': None, 'exclude': None, 'fold': None, 'round': 4, 'cross_validation': True, 'sort': 'MAE', 'n_select': 1, 'budget_time': None, 'turbo': True, 'errors': 'ignore', 'fit_kwargs': None, 'groups': None, 'experiment_custom_tags': None, 'engine': None, 'verbose': True, 'parallel': None, '__class__': <class 'pycaret.regression.oop.RegressionExperiment'>})
2025-06-26 12:32:34,804:INFO:Checking exceptions
2025-06-26 12:32:34,807:INFO:Preparing display monitor
2025-06-26 12:32:34,830:INFO:Initializing Linear Regression
2025-06-26 12:32:34,831:INFO:Total runtime is 1.1146068572998047e-05 minutes
2025-06-26 12:32:34,836:INFO:SubProcess create_model() called ==================================
2025-06-26 12:32:34,837:INFO:Initializing create_model()
2025-06-26 12:32:34,837:INFO:create_model(self=<pycaret.regression.oop.RegressionExperiment object at 0x7f0a663d5090>, estimator=lr, fold=KFold(n_splits=10, random_state=None, shuffle=False), round=4, cross_validation=True, predict=True, fit_kwargs={}, groups=None, refit=False, probability_threshold=None, experiment_custom_tags=None, verbose=False, system=False, add_to_model_list=True, metrics=None, display=<pycaret.internal.display.display.CommonDisplay object at 0x7f0ab08614d0>, model_only=True, return_train_score=False, error_score=0.0, kwargs={})
2025-06-26 12:32:34,837:INFO:Checking exceptions
2025-06-26 12:32:34,837:INFO:Importing libraries
2025-06-26 12:32:34,837:INFO:Copying training dataset
2025-06-26 12:32:34,840:INFO:Defining folds
2025-06-26 12:32:34,840:INFO:Declaring metric variables
2025-06-26 12:32:34,844:INFO:Importing untrained model
2025-06-26 12:32:34,846:INFO:Linear Regression Imported successfully
2025-06-26 12:32:34,852:INFO:Starting cross validation
2025-06-26 12:32:34,854:INFO:Cross validating with KFold(n_splits=10, random_state=None, shuffle=False), n_jobs=-1
2025-06-26 12:32:38,105:INFO:Calculating mean and std
2025-06-26 12:32:38,109:INFO:Creating metrics dataframe
2025-06-26 12:32:38,115:INFO:Uploading results into container
2025-06-26 12:32:38,117:INFO:Uploading model into container now
2025-06-26 12:32:38,118:INFO:_master_model_container: 1
2025-06-26 12:32:38,119:INFO:_display_container: 2
2025-06-26 12:32:38,120:INFO:LinearRegression(n_jobs=-1)
2025-06-26 12:32:38,121:INFO:create_model() successfully completed......................................
2025-06-26 12:32:38,380:INFO:SubProcess create_model() end ==================================
2025-06-26 12:32:38,380:INFO:Creating metrics dataframe
2025-06-26 12:32:38,386:INFO:Initializing Lasso Regression
2025-06-26 12:32:38,386:INFO:Total runtime is 0.05926564534505208 minutes
2025-06-26 12:32:38,390:INFO:SubProcess create_model() called ==================================
2025-06-26 12:32:38,390:INFO:Initializing create_model()
2025-06-26 12:32:38,391:INFO:create_model(self=<pycaret.regression.oop.RegressionExperiment object at 0x7f0a663d5090>, estimator=lasso, fold=KFold(n_splits=10, random_state=None, shuffle=False), round=4, cross_validation=True, predict=True, fit_kwargs={}, groups=None, refit=False, probability_threshold=None, experiment_custom_tags=None, verbose=False, system=False, add_to_model_list=True, metrics=None, display=<pycaret.internal.display.display.CommonDisplay object at 0x7f0ab08614d0>, model_only=True, return_train_score=False, error_score=0.0, kwargs={})
2025-06-26 12:32:38,391:INFO:Checking exceptions
2025-06-26 12:32:38,391:INFO:Importing libraries
2025-06-26 12:32:38,391:INFO:Copying training dataset
2025-06-26 12:32:38,397:INFO:Defining folds
2025-06-26 12:32:38,397:INFO:Declaring metric variables
2025-06-26 12:32:38,400:INFO:Importing untrained model
2025-06-26 12:32:38,405:INFO:Lasso Regression Imported successfully
2025-06-26 12:32:38,413:INFO:Starting cross validation
2025-06-26 12:32:38,417:INFO:Cross validating with KFold(n_splits=10, random_state=None, shuffle=False), n_jobs=-1
2025-06-26 12:32:39,761:INFO:Calculating mean and std
2025-06-26 12:32:39,763:INFO:Creating metrics dataframe
2025-06-26 12:32:39,767:INFO:Uploading results into container
2025-06-26 12:32:39,768:INFO:Uploading model into container now
2025-06-26 12:32:39,770:INFO:_master_model_container: 2
2025-06-26 12:32:39,770:INFO:_display_container: 2
2025-06-26 12:32:39,770:INFO:Lasso(random_state=123)
2025-06-26 12:32:39,770:INFO:create_model() successfully completed......................................
2025-06-26 12:32:39,981:INFO:SubProcess create_model() end ==================================
2025-06-26 12:32:39,981:INFO:Creating metrics dataframe
2025-06-26 12:32:39,987:INFO:Initializing Ridge Regression
2025-06-26 12:32:39,987:INFO:Total runtime is 0.08594894011815389 minutes
2025-06-26 12:32:39,989:INFO:SubProcess create_model() called ==================================
2025-06-26 12:32:39,989:INFO:Initializing create_model()
2025-06-26 12:32:39,989:INFO:create_model(self=<pycaret.regression.oop.RegressionExperiment object at 0x7f0a663d5090>, estimator=ridge, fold=KFold(n_splits=10, random_state=None, shuffle=False), round=4, cross_validation=True, predict=True, fit_kwargs={}, groups=None, refit=False, probability_threshold=None, experiment_custom_tags=None, verbose=False, system=False, add_to_model_list=True, metrics=None, display=<pycaret.internal.display.display.CommonDisplay object at 0x7f0ab08614d0>, model_only=True, return_train_score=False, error_score=0.0, kwargs={})
2025-06-26 12:32:39,989:INFO:Checking exceptions
2025-06-26 12:32:39,989:INFO:Importing libraries
2025-06-26 12:32:39,989:INFO:Copying training dataset
2025-06-26 12:32:39,994:INFO:Defining folds
2025-06-26 12:32:39,995:INFO:Declaring metric variables
2025-06-26 12:32:39,999:INFO:Importing untrained model
2025-06-26 12:32:40,002:INFO:Ridge Regression Imported successfully
2025-06-26 12:32:40,012:INFO:Starting cross validation
2025-06-26 12:32:40,013:INFO:Cross validating with KFold(n_splits=10, random_state=None, shuffle=False), n_jobs=-1
2025-06-26 12:32:40,304:INFO:Calculating mean and std
2025-06-26 12:32:40,305:INFO:Creating metrics dataframe
2025-06-26 12:32:40,306:INFO:Uploading results into container
2025-06-26 12:32:40,307:INFO:Uploading model into container now
2025-06-26 12:32:40,307:INFO:_master_model_container: 3
2025-06-26 12:32:40,307:INFO:_display_container: 2
2025-06-26 12:32:40,307:INFO:Ridge(random_state=123)
2025-06-26 12:32:40,307:INFO:create_model() successfully completed......................................
2025-06-26 12:32:40,493:INFO:SubProcess create_model() end ==================================
2025-06-26 12:32:40,493:INFO:Creating metrics dataframe
2025-06-26 12:32:40,498:INFO:Initializing Elastic Net
2025-06-26 12:32:40,498:INFO:Total runtime is 0.09447718063990275 minutes
2025-06-26 12:32:40,501:INFO:SubProcess create_model() called ==================================
2025-06-26 12:32:40,501:INFO:Initializing create_model()
2025-06-26 12:32:40,501:INFO:create_model(self=<pycaret.regression.oop.RegressionExperiment object at 0x7f0a663d5090>, estimator=en, fold=KFold(n_splits=10, random_state=None, shuffle=False), round=4, cross_validation=True, predict=True, fit_kwargs={}, groups=None, refit=False, probability_threshold=None, experiment_custom_tags=None, verbose=False, system=False, add_to_model_list=True, metrics=None, display=<pycaret.internal.display.display.CommonDisplay object at 0x7f0ab08614d0>, model_only=True, return_train_score=False, error_score=0.0, kwargs={})
2025-06-26 12:32:40,501:INFO:Checking exceptions
2025-06-26 12:32:40,501:INFO:Importing libraries
2025-06-26 12:32:40,501:INFO:Copying training dataset
2025-06-26 12:32:40,506:INFO:Defining folds
2025-06-26 12:32:40,506:INFO:Declaring metric variables
2025-06-26 12:32:40,510:INFO:Importing untrained model
2025-06-26 12:32:40,515:INFO:Elastic Net Imported successfully
2025-06-26 12:32:40,522:INFO:Starting cross validation
2025-06-26 12:32:40,524:INFO:Cross validating with KFold(n_splits=10, random_state=None, shuffle=False), n_jobs=-1
2025-06-26 12:32:40,688:INFO:Calculating mean and std
2025-06-26 12:32:40,689:INFO:Creating metrics dataframe
2025-06-26 12:32:40,691:INFO:Uploading results into container
2025-06-26 12:32:40,692:INFO:Uploading model into container now
2025-06-26 12:32:40,693:INFO:_master_model_container: 4
2025-06-26 12:32:40,693:INFO:_display_container: 2
2025-06-26 12:32:40,694:INFO:ElasticNet(random_state=123)
2025-06-26 12:32:40,694:INFO:create_model() successfully completed......................................
2025-06-26 12:32:40,875:INFO:SubProcess create_model() end ==================================
2025-06-26 12:32:40,875:INFO:Creating metrics dataframe
2025-06-26 12:32:40,881:INFO:Initializing Least Angle Regression
2025-06-26 12:32:40,882:INFO:Total runtime is 0.10086156527201334 minutes
2025-06-26 12:32:40,884:INFO:SubProcess create_model() called ==================================
2025-06-26 12:32:40,885:INFO:Initializing create_model()
2025-06-26 12:32:40,885:INFO:create_model(self=<pycaret.regression.oop.RegressionExperiment object at 0x7f0a663d5090>, estimator=lar, fold=KFold(n_splits=10, random_state=None, shuffle=False), round=4, cross_validation=True, predict=True, fit_kwargs={}, groups=None, refit=False, probability_threshold=None, experiment_custom_tags=None, verbose=False, system=False, add_to_model_list=True, metrics=None, display=<pycaret.internal.display.display.CommonDisplay object at 0x7f0ab08614d0>, model_only=True, return_train_score=False, error_score=0.0, kwargs={})
2025-06-26 12:32:40,885:INFO:Checking exceptions
2025-06-26 12:32:40,885:INFO:Importing libraries
2025-06-26 12:32:40,885:INFO:Copying training dataset
2025-06-26 12:32:40,890:INFO:Defining folds
2025-06-26 12:32:40,890:INFO:Declaring metric variables
2025-06-26 12:32:40,894:INFO:Importing untrained model
2025-06-26 12:32:40,897:INFO:Least Angle Regression Imported successfully
2025-06-26 12:32:40,908:INFO:Starting cross validation
2025-06-26 12:32:40,910:INFO:Cross validating with KFold(n_splits=10, random_state=None, shuffle=False), n_jobs=-1
2025-06-26 12:32:41,084:INFO:Calculating mean and std
2025-06-26 12:32:41,086:INFO:Creating metrics dataframe
2025-06-26 12:32:41,089:INFO:Uploading results into container
2025-06-26 12:32:41,090:INFO:Uploading model into container now
2025-06-26 12:32:41,090:INFO:_master_model_container: 5
2025-06-26 12:32:41,090:INFO:_display_container: 2
2025-06-26 12:32:41,090:INFO:Lars(random_state=123)
2025-06-26 12:32:41,090:INFO:create_model() successfully completed......................................
2025-06-26 12:32:41,270:INFO:SubProcess create_model() end ==================================
2025-06-26 12:32:41,271:INFO:Creating metrics dataframe
2025-06-26 12:32:41,277:INFO:Initializing Lasso Least Angle Regression
2025-06-26 12:32:41,278:INFO:Total runtime is 0.10746397972106933 minutes
2025-06-26 12:32:41,282:INFO:SubProcess create_model() called ==================================
2025-06-26 12:32:41,283:INFO:Initializing create_model()
2025-06-26 12:32:41,283:INFO:create_model(self=<pycaret.regression.oop.RegressionExperiment object at 0x7f0a663d5090>, estimator=llar, fold=KFold(n_splits=10, random_state=None, shuffle=False), round=4, cross_validation=True, predict=True, fit_kwargs={}, groups=None, refit=False, probability_threshold=None, experiment_custom_tags=None, verbose=False, system=False, add_to_model_list=True, metrics=None, display=<pycaret.internal.display.display.CommonDisplay object at 0x7f0ab08614d0>, model_only=True, return_train_score=False, error_score=0.0, kwargs={})
2025-06-26 12:32:41,283:INFO:Checking exceptions
2025-06-26 12:32:41,283:INFO:Importing libraries
2025-06-26 12:32:41,283:INFO:Copying training dataset
2025-06-26 12:32:41,286:INFO:Defining folds
2025-06-26 12:32:41,286:INFO:Declaring metric variables
2025-06-26 12:32:41,291:INFO:Importing untrained model
2025-06-26 12:32:41,293:INFO:Lasso Least Angle Regression Imported successfully
2025-06-26 12:32:41,302:INFO:Starting cross validation
2025-06-26 12:32:41,305:INFO:Cross validating with KFold(n_splits=10, random_state=None, shuffle=False), n_jobs=-1
2025-06-26 12:32:41,472:INFO:Calculating mean and std
2025-06-26 12:32:41,473:INFO:Creating metrics dataframe
2025-06-26 12:32:41,476:INFO:Uploading results into container
2025-06-26 12:32:41,477:INFO:Uploading model into container now
2025-06-26 12:32:41,478:INFO:_master_model_container: 6
2025-06-26 12:32:41,478:INFO:_display_container: 2
2025-06-26 12:32:41,478:INFO:LassoLars(random_state=123)
2025-06-26 12:32:41,478:INFO:create_model() successfully completed......................................
2025-06-26 12:32:41,690:INFO:SubProcess create_model() end ==================================
2025-06-26 12:32:41,690:INFO:Creating metrics dataframe
2025-06-26 12:32:41,696:INFO:Initializing Orthogonal Matching Pursuit
2025-06-26 12:32:41,697:INFO:Total runtime is 0.11444482405980427 minutes
2025-06-26 12:32:41,700:INFO:SubProcess create_model() called ==================================
2025-06-26 12:32:41,700:INFO:Initializing create_model()
2025-06-26 12:32:41,700:INFO:create_model(self=<pycaret.regression.oop.RegressionExperiment object at 0x7f0a663d5090>, estimator=omp, fold=KFold(n_splits=10, random_state=None, shuffle=False), round=4, cross_validation=True, predict=True, fit_kwargs={}, groups=None, refit=False, probability_threshold=None, experiment_custom_tags=None, verbose=False, system=False, add_to_model_list=True, metrics=None, display=<pycaret.internal.display.display.CommonDisplay object at 0x7f0ab08614d0>, model_only=True, return_train_score=False, error_score=0.0, kwargs={})
2025-06-26 12:32:41,700:INFO:Checking exceptions
2025-06-26 12:32:41,700:INFO:Importing libraries
2025-06-26 12:32:41,700:INFO:Copying training dataset
2025-06-26 12:32:41,703:INFO:Defining folds
2025-06-26 12:32:41,704:INFO:Declaring metric variables
2025-06-26 12:32:41,708:INFO:Importing untrained model
2025-06-26 12:32:41,714:INFO:Orthogonal Matching Pursuit Imported successfully
2025-06-26 12:32:41,722:INFO:Starting cross validation
2025-06-26 12:32:41,726:INFO:Cross validating with KFold(n_splits=10, random_state=None, shuffle=False), n_jobs=-1
2025-06-26 12:32:41,900:INFO:Calculating mean and std
2025-06-26 12:32:41,901:INFO:Creating metrics dataframe
2025-06-26 12:32:41,903:INFO:Uploading results into container
2025-06-26 12:32:41,903:INFO:Uploading model into container now
2025-06-26 12:32:41,905:INFO:_master_model_container: 7
2025-06-26 12:32:41,906:INFO:_display_container: 2
2025-06-26 12:32:41,906:INFO:OrthogonalMatchingPursuit()
2025-06-26 12:32:41,906:INFO:create_model() successfully completed......................................
2025-06-26 12:32:42,092:INFO:SubProcess create_model() end ==================================
2025-06-26 12:32:42,092:INFO:Creating metrics dataframe
2025-06-26 12:32:42,098:INFO:Initializing Bayesian Ridge
2025-06-26 12:32:42,098:INFO:Total runtime is 0.12114352385203044 minutes
2025-06-26 12:32:42,103:INFO:SubProcess create_model() called ==================================
2025-06-26 12:32:42,103:INFO:Initializing create_model()
2025-06-26 12:32:42,103:INFO:create_model(self=<pycaret.regression.oop.RegressionExperiment object at 0x7f0a663d5090>, estimator=br, fold=KFold(n_splits=10, random_state=None, shuffle=False), round=4, cross_validation=True, predict=True, fit_kwargs={}, groups=None, refit=False, probability_threshold=None, experiment_custom_tags=None, verbose=False, system=False, add_to_model_list=True, metrics=None, display=<pycaret.internal.display.display.CommonDisplay object at 0x7f0ab08614d0>, model_only=True, return_train_score=False, error_score=0.0, kwargs={})
2025-06-26 12:32:42,103:INFO:Checking exceptions
2025-06-26 12:32:42,103:INFO:Importing libraries
2025-06-26 12:32:42,103:INFO:Copying training dataset
2025-06-26 12:32:42,107:INFO:Defining folds
2025-06-26 12:32:42,108:INFO:Declaring metric variables
2025-06-26 12:32:42,110:INFO:Importing untrained model
2025-06-26 12:32:42,115:INFO:Bayesian Ridge Imported successfully
2025-06-26 12:32:42,122:INFO:Starting cross validation
2025-06-26 12:32:42,123:INFO:Cross validating with KFold(n_splits=10, random_state=None, shuffle=False), n_jobs=-1
2025-06-26 12:32:42,281:INFO:Calculating mean and std
2025-06-26 12:32:42,282:INFO:Creating metrics dataframe
2025-06-26 12:32:42,283:INFO:Uploading results into container
2025-06-26 12:32:42,284:INFO:Uploading model into container now
2025-06-26 12:32:42,284:INFO:_master_model_container: 8
2025-06-26 12:32:42,285:INFO:_display_container: 2
2025-06-26 12:32:42,285:INFO:BayesianRidge()
2025-06-26 12:32:42,285:INFO:create_model() successfully completed......................................
2025-06-26 12:32:42,472:INFO:SubProcess create_model() end ==================================
2025-06-26 12:32:42,472:INFO:Creating metrics dataframe
2025-06-26 12:32:42,481:INFO:Initializing Passive Aggressive Regressor
2025-06-26 12:32:42,482:INFO:Total runtime is 0.12753198941548666 minutes
2025-06-26 12:32:42,485:INFO:SubProcess create_model() called ==================================
2025-06-26 12:32:42,485:INFO:Initializing create_model()
2025-06-26 12:32:42,485:INFO:create_model(self=<pycaret.regression.oop.RegressionExperiment object at 0x7f0a663d5090>, estimator=par, fold=KFold(n_splits=10, random_state=None, shuffle=False), round=4, cross_validation=True, predict=True, fit_kwargs={}, groups=None, refit=False, probability_threshold=None, experiment_custom_tags=None, verbose=False, system=False, add_to_model_list=True, metrics=None, display=<pycaret.internal.display.display.CommonDisplay object at 0x7f0ab08614d0>, model_only=True, return_train_score=False, error_score=0.0, kwargs={})
2025-06-26 12:32:42,485:INFO:Checking exceptions
2025-06-26 12:32:42,485:INFO:Importing libraries
2025-06-26 12:32:42,485:INFO:Copying training dataset
2025-06-26 12:32:42,490:INFO:Defining folds
2025-06-26 12:32:42,491:INFO:Declaring metric variables
2025-06-26 12:32:42,493:INFO:Importing untrained model
2025-06-26 12:32:42,499:INFO:Passive Aggressive Regressor Imported successfully
2025-06-26 12:32:42,505:INFO:Starting cross validation
2025-06-26 12:32:42,507:INFO:Cross validating with KFold(n_splits=10, random_state=None, shuffle=False), n_jobs=-1
2025-06-26 12:32:42,677:INFO:Calculating mean and std
2025-06-26 12:32:42,678:INFO:Creating metrics dataframe
2025-06-26 12:32:42,679:INFO:Uploading results into container
2025-06-26 12:32:42,680:INFO:Uploading model into container now
2025-06-26 12:32:42,681:INFO:_master_model_container: 9
2025-06-26 12:32:42,681:INFO:_display_container: 2
2025-06-26 12:32:42,681:INFO:PassiveAggressiveRegressor(random_state=123)
2025-06-26 12:32:42,681:INFO:create_model() successfully completed......................................
2025-06-26 12:32:42,866:INFO:SubProcess create_model() end ==================================
2025-06-26 12:32:42,866:INFO:Creating metrics dataframe
2025-06-26 12:32:42,873:INFO:Initializing Huber Regressor
2025-06-26 12:32:42,873:INFO:Total runtime is 0.13405232826868693 minutes
2025-06-26 12:32:42,875:INFO:SubProcess create_model() called ==================================
2025-06-26 12:32:42,875:INFO:Initializing create_model()
2025-06-26 12:32:42,875:INFO:create_model(self=<pycaret.regression.oop.RegressionExperiment object at 0x7f0a663d5090>, estimator=huber, fold=KFold(n_splits=10, random_state=None, shuffle=False), round=4, cross_validation=True, predict=True, fit_kwargs={}, groups=None, refit=False, probability_threshold=None, experiment_custom_tags=None, verbose=False, system=False, add_to_model_list=True, metrics=None, display=<pycaret.internal.display.display.CommonDisplay object at 0x7f0ab08614d0>, model_only=True, return_train_score=False, error_score=0.0, kwargs={})
2025-06-26 12:32:42,875:INFO:Checking exceptions
2025-06-26 12:32:42,876:INFO:Importing libraries
2025-06-26 12:32:42,876:INFO:Copying training dataset
2025-06-26 12:32:42,880:INFO:Defining folds
2025-06-26 12:32:42,880:INFO:Declaring metric variables
2025-06-26 12:32:42,883:INFO:Importing untrained model
2025-06-26 12:32:42,888:INFO:Huber Regressor Imported successfully
2025-06-26 12:32:42,898:INFO:Starting cross validation
2025-06-26 12:32:42,900:INFO:Cross validating with KFold(n_splits=10, random_state=None, shuffle=False), n_jobs=-1
2025-06-26 12:32:43,013:WARNING:/home/tj/miniconda3/envs/day1ML/lib/python3.11/site-packages/sklearn/linear_model/_huber.py:342: ConvergenceWarning: lbfgs failed to converge (status=1):
STOP: TOTAL NO. of ITERATIONS REACHED LIMIT.

Increase the number of iterations (max_iter) or scale the data as shown in:
    https://scikit-learn.org/stable/modules/preprocessing.html
  self.n_iter_ = _check_optimize_result("lbfgs", opt_res, self.max_iter)

2025-06-26 12:32:43,017:WARNING:/home/tj/miniconda3/envs/day1ML/lib/python3.11/site-packages/sklearn/linear_model/_huber.py:342: ConvergenceWarning: lbfgs failed to converge (status=1):
STOP: TOTAL NO. of ITERATIONS REACHED LIMIT.

Increase the number of iterations (max_iter) or scale the data as shown in:
    https://scikit-learn.org/stable/modules/preprocessing.html
  self.n_iter_ = _check_optimize_result("lbfgs", opt_res, self.max_iter)

2025-06-26 12:32:43,053:WARNING:/home/tj/miniconda3/envs/day1ML/lib/python3.11/site-packages/sklearn/linear_model/_huber.py:342: ConvergenceWarning: lbfgs failed to converge (status=1):
STOP: TOTAL NO. of ITERATIONS REACHED LIMIT.

Increase the number of iterations (max_iter) or scale the data as shown in:
    https://scikit-learn.org/stable/modules/preprocessing.html
  self.n_iter_ = _check_optimize_result("lbfgs", opt_res, self.max_iter)

2025-06-26 12:32:43,087:INFO:Calculating mean and std
2025-06-26 12:32:43,088:INFO:Creating metrics dataframe
2025-06-26 12:32:43,090:INFO:Uploading results into container
2025-06-26 12:32:43,091:INFO:Uploading model into container now
2025-06-26 12:32:43,091:INFO:_master_model_container: 10
2025-06-26 12:32:43,092:INFO:_display_container: 2
2025-06-26 12:32:43,092:INFO:HuberRegressor()
2025-06-26 12:32:43,092:INFO:create_model() successfully completed......................................
2025-06-26 12:32:43,276:INFO:SubProcess create_model() end ==================================
2025-06-26 12:32:43,276:INFO:Creating metrics dataframe
2025-06-26 12:32:43,287:INFO:Initializing K Neighbors Regressor
2025-06-26 12:32:43,287:INFO:Total runtime is 0.1409542759259542 minutes
2025-06-26 12:32:43,290:INFO:SubProcess create_model() called ==================================
2025-06-26 12:32:43,291:INFO:Initializing create_model()
2025-06-26 12:32:43,291:INFO:create_model(self=<pycaret.regression.oop.RegressionExperiment object at 0x7f0a663d5090>, estimator=knn, fold=KFold(n_splits=10, random_state=None, shuffle=False), round=4, cross_validation=True, predict=True, fit_kwargs={}, groups=None, refit=False, probability_threshold=None, experiment_custom_tags=None, verbose=False, system=False, add_to_model_list=True, metrics=None, display=<pycaret.internal.display.display.CommonDisplay object at 0x7f0ab08614d0>, model_only=True, return_train_score=False, error_score=0.0, kwargs={})
2025-06-26 12:32:43,291:INFO:Checking exceptions
2025-06-26 12:32:43,291:INFO:Importing libraries
2025-06-26 12:32:43,291:INFO:Copying training dataset
2025-06-26 12:32:43,302:INFO:Defining folds
2025-06-26 12:32:43,303:INFO:Declaring metric variables
2025-06-26 12:32:43,312:INFO:Importing untrained model
2025-06-26 12:32:43,319:INFO:K Neighbors Regressor Imported successfully
2025-06-26 12:32:43,339:INFO:Starting cross validation
2025-06-26 12:32:43,344:INFO:Cross validating with KFold(n_splits=10, random_state=None, shuffle=False), n_jobs=-1
2025-06-26 12:32:43,558:INFO:Calculating mean and std
2025-06-26 12:32:43,559:INFO:Creating metrics dataframe
2025-06-26 12:32:43,561:INFO:Uploading results into container
2025-06-26 12:32:43,561:INFO:Uploading model into container now
2025-06-26 12:32:43,561:INFO:_master_model_container: 11
2025-06-26 12:32:43,561:INFO:_display_container: 2
2025-06-26 12:32:43,562:INFO:KNeighborsRegressor(n_jobs=-1)
2025-06-26 12:32:43,562:INFO:create_model() successfully completed......................................
2025-06-26 12:32:43,764:INFO:SubProcess create_model() end ==================================
2025-06-26 12:32:43,765:INFO:Creating metrics dataframe
2025-06-26 12:32:43,772:INFO:Initializing Decision Tree Regressor
2025-06-26 12:32:43,772:INFO:Total runtime is 0.14903796513875325 minutes
2025-06-26 12:32:43,775:INFO:SubProcess create_model() called ==================================
2025-06-26 12:32:43,776:INFO:Initializing create_model()
2025-06-26 12:32:43,776:INFO:create_model(self=<pycaret.regression.oop.RegressionExperiment object at 0x7f0a663d5090>, estimator=dt, fold=KFold(n_splits=10, random_state=None, shuffle=False), round=4, cross_validation=True, predict=True, fit_kwargs={}, groups=None, refit=False, probability_threshold=None, experiment_custom_tags=None, verbose=False, system=False, add_to_model_list=True, metrics=None, display=<pycaret.internal.display.display.CommonDisplay object at 0x7f0ab08614d0>, model_only=True, return_train_score=False, error_score=0.0, kwargs={})
2025-06-26 12:32:43,776:INFO:Checking exceptions
2025-06-26 12:32:43,776:INFO:Importing libraries
2025-06-26 12:32:43,776:INFO:Copying training dataset
2025-06-26 12:32:43,781:INFO:Defining folds
2025-06-26 12:32:43,781:INFO:Declaring metric variables
2025-06-26 12:32:43,783:INFO:Importing untrained model
2025-06-26 12:32:43,788:INFO:Decision Tree Regressor Imported successfully
2025-06-26 12:32:43,795:INFO:Starting cross validation
2025-06-26 12:32:43,798:INFO:Cross validating with KFold(n_splits=10, random_state=None, shuffle=False), n_jobs=-1
2025-06-26 12:32:43,976:INFO:Calculating mean and std
2025-06-26 12:32:43,977:INFO:Creating metrics dataframe
2025-06-26 12:32:43,979:INFO:Uploading results into container
2025-06-26 12:32:43,981:INFO:Uploading model into container now
2025-06-26 12:32:43,981:INFO:_master_model_container: 12
2025-06-26 12:32:43,981:INFO:_display_container: 2
2025-06-26 12:32:43,982:INFO:DecisionTreeRegressor(random_state=123)
2025-06-26 12:32:43,982:INFO:create_model() successfully completed......................................
2025-06-26 12:32:44,221:INFO:SubProcess create_model() end ==================================
2025-06-26 12:32:44,221:INFO:Creating metrics dataframe
2025-06-26 12:32:44,231:INFO:Initializing Random Forest Regressor
2025-06-26 12:32:44,231:INFO:Total runtime is 0.1566852807998657 minutes
2025-06-26 12:32:44,234:INFO:SubProcess create_model() called ==================================
2025-06-26 12:32:44,234:INFO:Initializing create_model()
2025-06-26 12:32:44,234:INFO:create_model(self=<pycaret.regression.oop.RegressionExperiment object at 0x7f0a663d5090>, estimator=rf, fold=KFold(n_splits=10, random_state=None, shuffle=False), round=4, cross_validation=True, predict=True, fit_kwargs={}, groups=None, refit=False, probability_threshold=None, experiment_custom_tags=None, verbose=False, system=False, add_to_model_list=True, metrics=None, display=<pycaret.internal.display.display.CommonDisplay object at 0x7f0ab08614d0>, model_only=True, return_train_score=False, error_score=0.0, kwargs={})
2025-06-26 12:32:44,234:INFO:Checking exceptions
2025-06-26 12:32:44,234:INFO:Importing libraries
2025-06-26 12:32:44,234:INFO:Copying training dataset
2025-06-26 12:32:44,239:INFO:Defining folds
2025-06-26 12:32:44,240:INFO:Declaring metric variables
2025-06-26 12:32:44,242:INFO:Importing untrained model
2025-06-26 12:32:44,246:INFO:Random Forest Regressor Imported successfully
2025-06-26 12:32:44,252:INFO:Starting cross validation
2025-06-26 12:32:44,253:INFO:Cross validating with KFold(n_splits=10, random_state=None, shuffle=False), n_jobs=-1
2025-06-26 12:32:44,934:INFO:Calculating mean and std
2025-06-26 12:32:44,935:INFO:Creating metrics dataframe
2025-06-26 12:32:44,940:INFO:Uploading results into container
2025-06-26 12:32:44,941:INFO:Uploading model into container now
2025-06-26 12:32:44,942:INFO:_master_model_container: 13
2025-06-26 12:32:44,942:INFO:_display_container: 2
2025-06-26 12:32:44,942:INFO:RandomForestRegressor(n_jobs=-1, random_state=123)
2025-06-26 12:32:44,942:INFO:create_model() successfully completed......................................
2025-06-26 12:32:45,082:INFO:SubProcess create_model() end ==================================
2025-06-26 12:32:45,082:INFO:Creating metrics dataframe
2025-06-26 12:32:45,089:INFO:Initializing Extra Trees Regressor
2025-06-26 12:32:45,089:INFO:Total runtime is 0.17098643779754638 minutes
2025-06-26 12:32:45,092:INFO:SubProcess create_model() called ==================================
2025-06-26 12:32:45,093:INFO:Initializing create_model()
2025-06-26 12:32:45,093:INFO:create_model(self=<pycaret.regression.oop.RegressionExperiment object at 0x7f0a663d5090>, estimator=et, fold=KFold(n_splits=10, random_state=None, shuffle=False), round=4, cross_validation=True, predict=True, fit_kwargs={}, groups=None, refit=False, probability_threshold=None, experiment_custom_tags=None, verbose=False, system=False, add_to_model_list=True, metrics=None, display=<pycaret.internal.display.display.CommonDisplay object at 0x7f0ab08614d0>, model_only=True, return_train_score=False, error_score=0.0, kwargs={})
2025-06-26 12:32:45,093:INFO:Checking exceptions
2025-06-26 12:32:45,093:INFO:Importing libraries
2025-06-26 12:32:45,093:INFO:Copying training dataset
2025-06-26 12:32:45,096:INFO:Defining folds
2025-06-26 12:32:45,096:INFO:Declaring metric variables
2025-06-26 12:32:45,097:INFO:Importing untrained model
2025-06-26 12:32:45,099:INFO:Extra Trees Regressor Imported successfully
2025-06-26 12:32:45,105:INFO:Starting cross validation
2025-06-26 12:32:45,108:INFO:Cross validating with KFold(n_splits=10, random_state=None, shuffle=False), n_jobs=-1
2025-06-26 12:32:45,572:INFO:Calculating mean and std
2025-06-26 12:32:45,574:INFO:Creating metrics dataframe
2025-06-26 12:32:45,577:INFO:Uploading results into container
2025-06-26 12:32:45,577:INFO:Uploading model into container now
2025-06-26 12:32:45,577:INFO:_master_model_container: 14
2025-06-26 12:32:45,577:INFO:_display_container: 2
2025-06-26 12:32:45,578:INFO:ExtraTreesRegressor(n_jobs=-1, random_state=123)
2025-06-26 12:32:45,578:INFO:create_model() successfully completed......................................
2025-06-26 12:32:45,720:INFO:SubProcess create_model() end ==================================
2025-06-26 12:32:45,720:INFO:Creating metrics dataframe
2025-06-26 12:32:45,726:INFO:Initializing AdaBoost Regressor
2025-06-26 12:32:45,726:INFO:Total runtime is 0.18160025278727213 minutes
2025-06-26 12:32:45,728:INFO:SubProcess create_model() called ==================================
2025-06-26 12:32:45,728:INFO:Initializing create_model()
2025-06-26 12:32:45,728:INFO:create_model(self=<pycaret.regression.oop.RegressionExperiment object at 0x7f0a663d5090>, estimator=ada, fold=KFold(n_splits=10, random_state=None, shuffle=False), round=4, cross_validation=True, predict=True, fit_kwargs={}, groups=None, refit=False, probability_threshold=None, experiment_custom_tags=None, verbose=False, system=False, add_to_model_list=True, metrics=None, display=<pycaret.internal.display.display.CommonDisplay object at 0x7f0ab08614d0>, model_only=True, return_train_score=False, error_score=0.0, kwargs={})
2025-06-26 12:32:45,728:INFO:Checking exceptions
2025-06-26 12:32:45,728:INFO:Importing libraries
2025-06-26 12:32:45,728:INFO:Copying training dataset
2025-06-26 12:32:45,730:INFO:Defining folds
2025-06-26 12:32:45,731:INFO:Declaring metric variables
2025-06-26 12:32:45,732:INFO:Importing untrained model
2025-06-26 12:32:45,735:INFO:AdaBoost Regressor Imported successfully
2025-06-26 12:32:45,739:INFO:Starting cross validation
2025-06-26 12:32:45,741:INFO:Cross validating with KFold(n_splits=10, random_state=None, shuffle=False), n_jobs=-1
2025-06-26 12:32:45,992:INFO:Calculating mean and std
2025-06-26 12:32:45,993:INFO:Creating metrics dataframe
2025-06-26 12:32:45,995:INFO:Uploading results into container
2025-06-26 12:32:45,995:INFO:Uploading model into container now
2025-06-26 12:32:45,996:INFO:_master_model_container: 15
2025-06-26 12:32:45,996:INFO:_display_container: 2
2025-06-26 12:32:45,996:INFO:AdaBoostRegressor(random_state=123)
2025-06-26 12:32:45,996:INFO:create_model() successfully completed......................................
2025-06-26 12:32:46,121:INFO:SubProcess create_model() end ==================================
2025-06-26 12:32:46,122:INFO:Creating metrics dataframe
2025-06-26 12:32:46,128:INFO:Initializing Gradient Boosting Regressor
2025-06-26 12:32:46,128:INFO:Total runtime is 0.18830448786417642 minutes
2025-06-26 12:32:46,130:INFO:SubProcess create_model() called ==================================
2025-06-26 12:32:46,130:INFO:Initializing create_model()
2025-06-26 12:32:46,130:INFO:create_model(self=<pycaret.regression.oop.RegressionExperiment object at 0x7f0a663d5090>, estimator=gbr, fold=KFold(n_splits=10, random_state=None, shuffle=False), round=4, cross_validation=True, predict=True, fit_kwargs={}, groups=None, refit=False, probability_threshold=None, experiment_custom_tags=None, verbose=False, system=False, add_to_model_list=True, metrics=None, display=<pycaret.internal.display.display.CommonDisplay object at 0x7f0ab08614d0>, model_only=True, return_train_score=False, error_score=0.0, kwargs={})
2025-06-26 12:32:46,130:INFO:Checking exceptions
2025-06-26 12:32:46,130:INFO:Importing libraries
2025-06-26 12:32:46,130:INFO:Copying training dataset
2025-06-26 12:32:46,133:INFO:Defining folds
2025-06-26 12:32:46,133:INFO:Declaring metric variables
2025-06-26 12:32:46,135:INFO:Importing untrained model
2025-06-26 12:32:46,137:INFO:Gradient Boosting Regressor Imported successfully
2025-06-26 12:32:46,143:INFO:Starting cross validation
2025-06-26 12:32:46,144:INFO:Cross validating with KFold(n_splits=10, random_state=None, shuffle=False), n_jobs=-1
2025-06-26 12:32:46,403:INFO:Calculating mean and std
2025-06-26 12:32:46,404:INFO:Creating metrics dataframe
2025-06-26 12:32:46,406:INFO:Uploading results into container
2025-06-26 12:32:46,406:INFO:Uploading model into container now
2025-06-26 12:32:46,407:INFO:_master_model_container: 16
2025-06-26 12:32:46,407:INFO:_display_container: 2
2025-06-26 12:32:46,407:INFO:GradientBoostingRegressor(random_state=123)
2025-06-26 12:32:46,407:INFO:create_model() successfully completed......................................
2025-06-26 12:32:46,540:INFO:SubProcess create_model() end ==================================
2025-06-26 12:32:46,540:INFO:Creating metrics dataframe
2025-06-26 12:32:46,546:INFO:Initializing Light Gradient Boosting Machine
2025-06-26 12:32:46,546:INFO:Total runtime is 0.19527543783187865 minutes
2025-06-26 12:32:46,549:INFO:SubProcess create_model() called ==================================
2025-06-26 12:32:46,549:INFO:Initializing create_model()
2025-06-26 12:32:46,549:INFO:create_model(self=<pycaret.regression.oop.RegressionExperiment object at 0x7f0a663d5090>, estimator=lightgbm, fold=KFold(n_splits=10, random_state=None, shuffle=False), round=4, cross_validation=True, predict=True, fit_kwargs={}, groups=None, refit=False, probability_threshold=None, experiment_custom_tags=None, verbose=False, system=False, add_to_model_list=True, metrics=None, display=<pycaret.internal.display.display.CommonDisplay object at 0x7f0ab08614d0>, model_only=True, return_train_score=False, error_score=0.0, kwargs={})
2025-06-26 12:32:46,549:INFO:Checking exceptions
2025-06-26 12:32:46,549:INFO:Importing libraries
2025-06-26 12:32:46,549:INFO:Copying training dataset
2025-06-26 12:32:46,551:INFO:Defining folds
2025-06-26 12:32:46,551:INFO:Declaring metric variables
2025-06-26 12:32:46,553:INFO:Importing untrained model
2025-06-26 12:32:46,555:INFO:Light Gradient Boosting Machine Imported successfully
2025-06-26 12:32:46,562:INFO:Starting cross validation
2025-06-26 12:32:46,564:INFO:Cross validating with KFold(n_splits=10, random_state=None, shuffle=False), n_jobs=-1
2025-06-26 12:42:54,831:INFO:Initializing compare_models()
2025-06-26 12:42:54,831:INFO:compare_models(self=<pycaret.regression.oop.RegressionExperiment object at 0x7f0a663d5090>, include=None, exclude=['lightgbm'], fold=None, round=4, cross_validation=True, sort=MAE, n_select=1, budget_time=None, turbo=True, errors=ignore, fit_kwargs=None, groups=None, experiment_custom_tags=None, probability_threshold=None, verbose=True, parallel=None, caller_params={'self': <pycaret.regression.oop.RegressionExperiment object at 0x7f0a663d5090>, 'include': None, 'exclude': ['lightgbm'], 'fold': None, 'round': 4, 'cross_validation': True, 'sort': 'MAE', 'n_select': 1, 'budget_time': None, 'turbo': True, 'errors': 'ignore', 'fit_kwargs': None, 'groups': None, 'experiment_custom_tags': None, 'engine': None, 'verbose': True, 'parallel': None, '__class__': <class 'pycaret.regression.oop.RegressionExperiment'>})
2025-06-26 12:42:54,831:INFO:Checking exceptions
2025-06-26 12:42:54,834:INFO:Preparing display monitor
2025-06-26 12:42:54,858:INFO:Initializing Linear Regression
2025-06-26 12:42:54,858:INFO:Total runtime is 3.6001205444335937e-06 minutes
2025-06-26 12:42:54,863:INFO:SubProcess create_model() called ==================================
2025-06-26 12:42:54,863:INFO:Initializing create_model()
2025-06-26 12:42:54,863:INFO:create_model(self=<pycaret.regression.oop.RegressionExperiment object at 0x7f0a663d5090>, estimator=lr, fold=KFold(n_splits=10, random_state=None, shuffle=False), round=4, cross_validation=True, predict=True, fit_kwargs={}, groups=None, refit=False, probability_threshold=None, experiment_custom_tags=None, verbose=False, system=False, add_to_model_list=True, metrics=None, display=<pycaret.internal.display.display.CommonDisplay object at 0x7f0ab08e10d0>, model_only=True, return_train_score=False, error_score=0.0, kwargs={})
2025-06-26 12:42:54,863:INFO:Checking exceptions
2025-06-26 12:42:54,863:INFO:Importing libraries
2025-06-26 12:42:54,863:INFO:Copying training dataset
2025-06-26 12:42:54,867:INFO:Defining folds
2025-06-26 12:42:54,867:INFO:Declaring metric variables
2025-06-26 12:42:54,870:INFO:Importing untrained model
2025-06-26 12:42:54,872:INFO:Linear Regression Imported successfully
2025-06-26 12:42:54,877:INFO:Starting cross validation
2025-06-26 12:42:54,880:INFO:Cross validating with KFold(n_splits=10, random_state=None, shuffle=False), n_jobs=-1
2025-06-26 12:42:58,334:INFO:Calculating mean and std
2025-06-26 12:42:58,337:INFO:Creating metrics dataframe
2025-06-26 12:42:58,341:INFO:Uploading results into container
2025-06-26 12:42:58,342:INFO:Uploading model into container now
2025-06-26 12:42:58,343:INFO:_master_model_container: 17
2025-06-26 12:42:58,343:INFO:_display_container: 2
2025-06-26 12:42:58,344:INFO:LinearRegression(n_jobs=-1)
2025-06-26 12:42:58,344:INFO:create_model() successfully completed......................................
2025-06-26 12:42:58,572:INFO:SubProcess create_model() end ==================================
2025-06-26 12:42:58,572:INFO:Creating metrics dataframe
2025-06-26 12:42:58,578:INFO:Initializing Lasso Regression
2025-06-26 12:42:58,578:INFO:Total runtime is 0.06200417677561442 minutes
2025-06-26 12:42:58,580:INFO:SubProcess create_model() called ==================================
2025-06-26 12:42:58,580:INFO:Initializing create_model()
2025-06-26 12:42:58,580:INFO:create_model(self=<pycaret.regression.oop.RegressionExperiment object at 0x7f0a663d5090>, estimator=lasso, fold=KFold(n_splits=10, random_state=None, shuffle=False), round=4, cross_validation=True, predict=True, fit_kwargs={}, groups=None, refit=False, probability_threshold=None, experiment_custom_tags=None, verbose=False, system=False, add_to_model_list=True, metrics=None, display=<pycaret.internal.display.display.CommonDisplay object at 0x7f0ab08e10d0>, model_only=True, return_train_score=False, error_score=0.0, kwargs={})
2025-06-26 12:42:58,580:INFO:Checking exceptions
2025-06-26 12:42:58,581:INFO:Importing libraries
2025-06-26 12:42:58,581:INFO:Copying training dataset
2025-06-26 12:42:58,584:INFO:Defining folds
2025-06-26 12:42:58,585:INFO:Declaring metric variables
2025-06-26 12:42:58,587:INFO:Importing untrained model
2025-06-26 12:42:58,591:INFO:Lasso Regression Imported successfully
2025-06-26 12:42:58,597:INFO:Starting cross validation
2025-06-26 12:42:58,600:INFO:Cross validating with KFold(n_splits=10, random_state=None, shuffle=False), n_jobs=-1
2025-06-26 12:42:59,754:INFO:Calculating mean and std
2025-06-26 12:42:59,755:INFO:Creating metrics dataframe
2025-06-26 12:42:59,758:INFO:Uploading results into container
2025-06-26 12:42:59,758:INFO:Uploading model into container now
2025-06-26 12:42:59,758:INFO:_master_model_container: 18
2025-06-26 12:42:59,758:INFO:_display_container: 2
2025-06-26 12:42:59,759:INFO:Lasso(random_state=123)
2025-06-26 12:42:59,759:INFO:create_model() successfully completed......................................
2025-06-26 12:42:59,979:INFO:SubProcess create_model() end ==================================
2025-06-26 12:42:59,979:INFO:Creating metrics dataframe
2025-06-26 12:42:59,984:INFO:Initializing Ridge Regression
2025-06-26 12:42:59,985:INFO:Total runtime is 0.08544847965240479 minutes
2025-06-26 12:42:59,987:INFO:SubProcess create_model() called ==================================
2025-06-26 12:42:59,987:INFO:Initializing create_model()
2025-06-26 12:42:59,987:INFO:create_model(self=<pycaret.regression.oop.RegressionExperiment object at 0x7f0a663d5090>, estimator=ridge, fold=KFold(n_splits=10, random_state=None, shuffle=False), round=4, cross_validation=True, predict=True, fit_kwargs={}, groups=None, refit=False, probability_threshold=None, experiment_custom_tags=None, verbose=False, system=False, add_to_model_list=True, metrics=None, display=<pycaret.internal.display.display.CommonDisplay object at 0x7f0ab08e10d0>, model_only=True, return_train_score=False, error_score=0.0, kwargs={})
2025-06-26 12:42:59,987:INFO:Checking exceptions
2025-06-26 12:42:59,987:INFO:Importing libraries
2025-06-26 12:42:59,987:INFO:Copying training dataset
2025-06-26 12:42:59,990:INFO:Defining folds
2025-06-26 12:42:59,991:INFO:Declaring metric variables
2025-06-26 12:42:59,993:INFO:Importing untrained model
2025-06-26 12:42:59,996:INFO:Ridge Regression Imported successfully
2025-06-26 12:43:00,002:INFO:Starting cross validation
2025-06-26 12:43:00,004:INFO:Cross validating with KFold(n_splits=10, random_state=None, shuffle=False), n_jobs=-1
2025-06-26 12:43:00,137:INFO:Calculating mean and std
2025-06-26 12:43:00,138:INFO:Creating metrics dataframe
2025-06-26 12:43:00,139:INFO:Uploading results into container
2025-06-26 12:43:00,140:INFO:Uploading model into container now
2025-06-26 12:43:00,140:INFO:_master_model_container: 19
2025-06-26 12:43:00,140:INFO:_display_container: 2
2025-06-26 12:43:00,140:INFO:Ridge(random_state=123)
2025-06-26 12:43:00,141:INFO:create_model() successfully completed......................................
2025-06-26 12:43:00,306:INFO:SubProcess create_model() end ==================================
2025-06-26 12:43:00,306:INFO:Creating metrics dataframe
2025-06-26 12:43:00,312:INFO:Initializing Elastic Net
2025-06-26 12:43:00,312:INFO:Total runtime is 0.09090079863866171 minutes
2025-06-26 12:43:00,314:INFO:SubProcess create_model() called ==================================
2025-06-26 12:43:00,314:INFO:Initializing create_model()
2025-06-26 12:43:00,314:INFO:create_model(self=<pycaret.regression.oop.RegressionExperiment object at 0x7f0a663d5090>, estimator=en, fold=KFold(n_splits=10, random_state=None, shuffle=False), round=4, cross_validation=True, predict=True, fit_kwargs={}, groups=None, refit=False, probability_threshold=None, experiment_custom_tags=None, verbose=False, system=False, add_to_model_list=True, metrics=None, display=<pycaret.internal.display.display.CommonDisplay object at 0x7f0ab08e10d0>, model_only=True, return_train_score=False, error_score=0.0, kwargs={})
2025-06-26 12:43:00,314:INFO:Checking exceptions
2025-06-26 12:43:00,314:INFO:Importing libraries
2025-06-26 12:43:00,314:INFO:Copying training dataset
2025-06-26 12:43:00,318:INFO:Defining folds
2025-06-26 12:43:00,318:INFO:Declaring metric variables
2025-06-26 12:43:00,320:INFO:Importing untrained model
2025-06-26 12:43:00,326:INFO:Elastic Net Imported successfully
2025-06-26 12:43:00,332:INFO:Starting cross validation
2025-06-26 12:43:00,334:INFO:Cross validating with KFold(n_splits=10, random_state=None, shuffle=False), n_jobs=-1
2025-06-26 12:43:00,472:INFO:Calculating mean and std
2025-06-26 12:43:00,472:INFO:Creating metrics dataframe
2025-06-26 12:43:00,474:INFO:Uploading results into container
2025-06-26 12:43:00,474:INFO:Uploading model into container now
2025-06-26 12:43:00,475:INFO:_master_model_container: 20
2025-06-26 12:43:00,475:INFO:_display_container: 2
2025-06-26 12:43:00,475:INFO:ElasticNet(random_state=123)
2025-06-26 12:43:00,475:INFO:create_model() successfully completed......................................
2025-06-26 12:43:00,643:INFO:SubProcess create_model() end ==================================
2025-06-26 12:43:00,643:INFO:Creating metrics dataframe
2025-06-26 12:43:00,651:INFO:Initializing Least Angle Regression
2025-06-26 12:43:00,651:INFO:Total runtime is 0.09654891093571982 minutes
2025-06-26 12:43:00,653:INFO:SubProcess create_model() called ==================================
2025-06-26 12:43:00,653:INFO:Initializing create_model()
2025-06-26 12:43:00,653:INFO:create_model(self=<pycaret.regression.oop.RegressionExperiment object at 0x7f0a663d5090>, estimator=lar, fold=KFold(n_splits=10, random_state=None, shuffle=False), round=4, cross_validation=True, predict=True, fit_kwargs={}, groups=None, refit=False, probability_threshold=None, experiment_custom_tags=None, verbose=False, system=False, add_to_model_list=True, metrics=None, display=<pycaret.internal.display.display.CommonDisplay object at 0x7f0ab08e10d0>, model_only=True, return_train_score=False, error_score=0.0, kwargs={})
2025-06-26 12:43:00,653:INFO:Checking exceptions
2025-06-26 12:43:00,653:INFO:Importing libraries
2025-06-26 12:43:00,653:INFO:Copying training dataset
2025-06-26 12:43:00,658:INFO:Defining folds
2025-06-26 12:43:00,658:INFO:Declaring metric variables
2025-06-26 12:43:00,660:INFO:Importing untrained model
2025-06-26 12:43:00,663:INFO:Least Angle Regression Imported successfully
2025-06-26 12:43:00,669:INFO:Starting cross validation
2025-06-26 12:43:00,672:INFO:Cross validating with KFold(n_splits=10, random_state=None, shuffle=False), n_jobs=-1
2025-06-26 12:43:00,806:INFO:Calculating mean and std
2025-06-26 12:43:00,806:INFO:Creating metrics dataframe
2025-06-26 12:43:00,808:INFO:Uploading results into container
2025-06-26 12:43:00,810:INFO:Uploading model into container now
2025-06-26 12:43:00,810:INFO:_master_model_container: 21
2025-06-26 12:43:00,810:INFO:_display_container: 2
2025-06-26 12:43:00,810:INFO:Lars(random_state=123)
2025-06-26 12:43:00,810:INFO:create_model() successfully completed......................................
2025-06-26 12:43:00,979:INFO:SubProcess create_model() end ==================================
2025-06-26 12:43:00,979:INFO:Creating metrics dataframe
2025-06-26 12:43:00,985:INFO:Initializing Lasso Least Angle Regression
2025-06-26 12:43:00,985:INFO:Total runtime is 0.10211748282114666 minutes
2025-06-26 12:43:00,987:INFO:SubProcess create_model() called ==================================
2025-06-26 12:43:00,988:INFO:Initializing create_model()
2025-06-26 12:43:00,988:INFO:create_model(self=<pycaret.regression.oop.RegressionExperiment object at 0x7f0a663d5090>, estimator=llar, fold=KFold(n_splits=10, random_state=None, shuffle=False), round=4, cross_validation=True, predict=True, fit_kwargs={}, groups=None, refit=False, probability_threshold=None, experiment_custom_tags=None, verbose=False, system=False, add_to_model_list=True, metrics=None, display=<pycaret.internal.display.display.CommonDisplay object at 0x7f0ab08e10d0>, model_only=True, return_train_score=False, error_score=0.0, kwargs={})
2025-06-26 12:43:00,988:INFO:Checking exceptions
2025-06-26 12:43:00,988:INFO:Importing libraries
2025-06-26 12:43:00,988:INFO:Copying training dataset
2025-06-26 12:43:00,992:INFO:Defining folds
2025-06-26 12:43:00,993:INFO:Declaring metric variables
2025-06-26 12:43:00,996:INFO:Importing untrained model
2025-06-26 12:43:00,999:INFO:Lasso Least Angle Regression Imported successfully
2025-06-26 12:43:01,006:INFO:Starting cross validation
2025-06-26 12:43:01,008:INFO:Cross validating with KFold(n_splits=10, random_state=None, shuffle=False), n_jobs=-1
2025-06-26 12:43:01,159:INFO:Calculating mean and std
2025-06-26 12:43:01,160:INFO:Creating metrics dataframe
2025-06-26 12:43:01,162:INFO:Uploading results into container
2025-06-26 12:43:01,163:INFO:Uploading model into container now
2025-06-26 12:43:01,164:INFO:_master_model_container: 22
2025-06-26 12:43:01,164:INFO:_display_container: 2
2025-06-26 12:43:01,164:INFO:LassoLars(random_state=123)
2025-06-26 12:43:01,164:INFO:create_model() successfully completed......................................
2025-06-26 12:43:01,335:INFO:SubProcess create_model() end ==================================
2025-06-26 12:43:01,335:INFO:Creating metrics dataframe
2025-06-26 12:43:01,340:INFO:Initializing Orthogonal Matching Pursuit
2025-06-26 12:43:01,340:INFO:Total runtime is 0.10804214477539063 minutes
2025-06-26 12:43:01,344:INFO:SubProcess create_model() called ==================================
2025-06-26 12:43:01,344:INFO:Initializing create_model()
2025-06-26 12:43:01,344:INFO:create_model(self=<pycaret.regression.oop.RegressionExperiment object at 0x7f0a663d5090>, estimator=omp, fold=KFold(n_splits=10, random_state=None, shuffle=False), round=4, cross_validation=True, predict=True, fit_kwargs={}, groups=None, refit=False, probability_threshold=None, experiment_custom_tags=None, verbose=False, system=False, add_to_model_list=True, metrics=None, display=<pycaret.internal.display.display.CommonDisplay object at 0x7f0ab08e10d0>, model_only=True, return_train_score=False, error_score=0.0, kwargs={})
2025-06-26 12:43:01,344:INFO:Checking exceptions
2025-06-26 12:43:01,344:INFO:Importing libraries
2025-06-26 12:43:01,344:INFO:Copying training dataset
2025-06-26 12:43:01,347:INFO:Defining folds
2025-06-26 12:43:01,347:INFO:Declaring metric variables
2025-06-26 12:43:01,351:INFO:Importing untrained model
2025-06-26 12:43:01,353:INFO:Orthogonal Matching Pursuit Imported successfully
2025-06-26 12:43:01,357:INFO:Starting cross validation
2025-06-26 12:43:01,358:INFO:Cross validating with KFold(n_splits=10, random_state=None, shuffle=False), n_jobs=-1
2025-06-26 12:43:01,520:INFO:Calculating mean and std
2025-06-26 12:43:01,522:INFO:Creating metrics dataframe
2025-06-26 12:43:01,525:INFO:Uploading results into container
2025-06-26 12:43:01,526:INFO:Uploading model into container now
2025-06-26 12:43:01,526:INFO:_master_model_container: 23
2025-06-26 12:43:01,526:INFO:_display_container: 2
2025-06-26 12:43:01,526:INFO:OrthogonalMatchingPursuit()
2025-06-26 12:43:01,527:INFO:create_model() successfully completed......................................
2025-06-26 12:43:01,703:INFO:SubProcess create_model() end ==================================
2025-06-26 12:43:01,704:INFO:Creating metrics dataframe
2025-06-26 12:43:01,710:INFO:Initializing Bayesian Ridge
2025-06-26 12:43:01,711:INFO:Total runtime is 0.11421486934026083 minutes
2025-06-26 12:43:01,714:INFO:SubProcess create_model() called ==================================
2025-06-26 12:43:01,714:INFO:Initializing create_model()
2025-06-26 12:43:01,714:INFO:create_model(self=<pycaret.regression.oop.RegressionExperiment object at 0x7f0a663d5090>, estimator=br, fold=KFold(n_splits=10, random_state=None, shuffle=False), round=4, cross_validation=True, predict=True, fit_kwargs={}, groups=None, refit=False, probability_threshold=None, experiment_custom_tags=None, verbose=False, system=False, add_to_model_list=True, metrics=None, display=<pycaret.internal.display.display.CommonDisplay object at 0x7f0ab08e10d0>, model_only=True, return_train_score=False, error_score=0.0, kwargs={})
2025-06-26 12:43:01,714:INFO:Checking exceptions
2025-06-26 12:43:01,714:INFO:Importing libraries
2025-06-26 12:43:01,714:INFO:Copying training dataset
2025-06-26 12:43:01,718:INFO:Defining folds
2025-06-26 12:43:01,718:INFO:Declaring metric variables
2025-06-26 12:43:01,722:INFO:Importing untrained model
2025-06-26 12:43:01,726:INFO:Bayesian Ridge Imported successfully
2025-06-26 12:43:01,732:INFO:Starting cross validation
2025-06-26 12:43:01,734:INFO:Cross validating with KFold(n_splits=10, random_state=None, shuffle=False), n_jobs=-1
2025-06-26 12:43:01,974:INFO:Calculating mean and std
2025-06-26 12:43:01,976:INFO:Creating metrics dataframe
2025-06-26 12:43:01,977:INFO:Uploading results into container
2025-06-26 12:43:01,977:INFO:Uploading model into container now
2025-06-26 12:43:01,978:INFO:_master_model_container: 24
2025-06-26 12:43:01,978:INFO:_display_container: 2
2025-06-26 12:43:01,978:INFO:BayesianRidge()
2025-06-26 12:43:01,978:INFO:create_model() successfully completed......................................
2025-06-26 12:43:02,208:INFO:SubProcess create_model() end ==================================
2025-06-26 12:43:02,208:INFO:Creating metrics dataframe
2025-06-26 12:43:02,214:INFO:Initializing Passive Aggressive Regressor
2025-06-26 12:43:02,214:INFO:Total runtime is 0.12260519663492839 minutes
2025-06-26 12:43:02,217:INFO:SubProcess create_model() called ==================================
2025-06-26 12:43:02,218:INFO:Initializing create_model()
2025-06-26 12:43:02,218:INFO:create_model(self=<pycaret.regression.oop.RegressionExperiment object at 0x7f0a663d5090>, estimator=par, fold=KFold(n_splits=10, random_state=None, shuffle=False), round=4, cross_validation=True, predict=True, fit_kwargs={}, groups=None, refit=False, probability_threshold=None, experiment_custom_tags=None, verbose=False, system=False, add_to_model_list=True, metrics=None, display=<pycaret.internal.display.display.CommonDisplay object at 0x7f0ab08e10d0>, model_only=True, return_train_score=False, error_score=0.0, kwargs={})
2025-06-26 12:43:02,218:INFO:Checking exceptions
2025-06-26 12:43:02,218:INFO:Importing libraries
2025-06-26 12:43:02,218:INFO:Copying training dataset
2025-06-26 12:43:02,221:INFO:Defining folds
2025-06-26 12:43:02,221:INFO:Declaring metric variables
2025-06-26 12:43:02,224:INFO:Importing untrained model
2025-06-26 12:43:02,227:INFO:Passive Aggressive Regressor Imported successfully
2025-06-26 12:43:02,235:INFO:Starting cross validation
2025-06-26 12:43:02,237:INFO:Cross validating with KFold(n_splits=10, random_state=None, shuffle=False), n_jobs=-1
2025-06-26 12:43:02,381:INFO:Calculating mean and std
2025-06-26 12:43:02,382:INFO:Creating metrics dataframe
2025-06-26 12:43:02,384:INFO:Uploading results into container
2025-06-26 12:43:02,385:INFO:Uploading model into container now
2025-06-26 12:43:02,385:INFO:_master_model_container: 25
2025-06-26 12:43:02,385:INFO:_display_container: 2
2025-06-26 12:43:02,385:INFO:PassiveAggressiveRegressor(random_state=123)
2025-06-26 12:43:02,385:INFO:create_model() successfully completed......................................
2025-06-26 12:43:02,556:INFO:SubProcess create_model() end ==================================
2025-06-26 12:43:02,556:INFO:Creating metrics dataframe
2025-06-26 12:43:02,562:INFO:Initializing Huber Regressor
2025-06-26 12:43:02,563:INFO:Total runtime is 0.12841333945592245 minutes
2025-06-26 12:43:02,567:INFO:SubProcess create_model() called ==================================
2025-06-26 12:43:02,568:INFO:Initializing create_model()
2025-06-26 12:43:02,568:INFO:create_model(self=<pycaret.regression.oop.RegressionExperiment object at 0x7f0a663d5090>, estimator=huber, fold=KFold(n_splits=10, random_state=None, shuffle=False), round=4, cross_validation=True, predict=True, fit_kwargs={}, groups=None, refit=False, probability_threshold=None, experiment_custom_tags=None, verbose=False, system=False, add_to_model_list=True, metrics=None, display=<pycaret.internal.display.display.CommonDisplay object at 0x7f0ab08e10d0>, model_only=True, return_train_score=False, error_score=0.0, kwargs={})
2025-06-26 12:43:02,568:INFO:Checking exceptions
2025-06-26 12:43:02,568:INFO:Importing libraries
2025-06-26 12:43:02,568:INFO:Copying training dataset
2025-06-26 12:43:02,572:INFO:Defining folds
2025-06-26 12:43:02,573:INFO:Declaring metric variables
2025-06-26 12:43:02,575:INFO:Importing untrained model
2025-06-26 12:43:02,580:INFO:Huber Regressor Imported successfully
2025-06-26 12:43:02,586:INFO:Starting cross validation
2025-06-26 12:43:02,587:INFO:Cross validating with KFold(n_splits=10, random_state=None, shuffle=False), n_jobs=-1
2025-06-26 12:43:02,690:WARNING:/home/tj/miniconda3/envs/day1ML/lib/python3.11/site-packages/sklearn/linear_model/_huber.py:342: ConvergenceWarning: lbfgs failed to converge (status=1):
STOP: TOTAL NO. of ITERATIONS REACHED LIMIT.

Increase the number of iterations (max_iter) or scale the data as shown in:
    https://scikit-learn.org/stable/modules/preprocessing.html
  self.n_iter_ = _check_optimize_result("lbfgs", opt_res, self.max_iter)

2025-06-26 12:43:02,696:WARNING:/home/tj/miniconda3/envs/day1ML/lib/python3.11/site-packages/sklearn/linear_model/_huber.py:342: ConvergenceWarning: lbfgs failed to converge (status=1):
STOP: TOTAL NO. of ITERATIONS REACHED LIMIT.

Increase the number of iterations (max_iter) or scale the data as shown in:
    https://scikit-learn.org/stable/modules/preprocessing.html
  self.n_iter_ = _check_optimize_result("lbfgs", opt_res, self.max_iter)

2025-06-26 12:43:02,696:WARNING:/home/tj/miniconda3/envs/day1ML/lib/python3.11/site-packages/sklearn/linear_model/_huber.py:342: ConvergenceWarning: lbfgs failed to converge (status=1):
STOP: TOTAL NO. of ITERATIONS REACHED LIMIT.

Increase the number of iterations (max_iter) or scale the data as shown in:
    https://scikit-learn.org/stable/modules/preprocessing.html
  self.n_iter_ = _check_optimize_result("lbfgs", opt_res, self.max_iter)

2025-06-26 12:43:02,747:INFO:Calculating mean and std
2025-06-26 12:43:02,748:INFO:Creating metrics dataframe
2025-06-26 12:43:02,750:INFO:Uploading results into container
2025-06-26 12:43:02,751:INFO:Uploading model into container now
2025-06-26 12:43:02,751:INFO:_master_model_container: 26
2025-06-26 12:43:02,751:INFO:_display_container: 2
2025-06-26 12:43:02,752:INFO:HuberRegressor()
2025-06-26 12:43:02,752:INFO:create_model() successfully completed......................................
2025-06-26 12:43:02,923:INFO:SubProcess create_model() end ==================================
2025-06-26 12:43:02,923:INFO:Creating metrics dataframe
2025-06-26 12:43:02,929:INFO:Initializing K Neighbors Regressor
2025-06-26 12:43:02,930:INFO:Total runtime is 0.13452840248743694 minutes
2025-06-26 12:43:02,933:INFO:SubProcess create_model() called ==================================
2025-06-26 12:43:02,933:INFO:Initializing create_model()
2025-06-26 12:43:02,933:INFO:create_model(self=<pycaret.regression.oop.RegressionExperiment object at 0x7f0a663d5090>, estimator=knn, fold=KFold(n_splits=10, random_state=None, shuffle=False), round=4, cross_validation=True, predict=True, fit_kwargs={}, groups=None, refit=False, probability_threshold=None, experiment_custom_tags=None, verbose=False, system=False, add_to_model_list=True, metrics=None, display=<pycaret.internal.display.display.CommonDisplay object at 0x7f0ab08e10d0>, model_only=True, return_train_score=False, error_score=0.0, kwargs={})
2025-06-26 12:43:02,933:INFO:Checking exceptions
2025-06-26 12:43:02,933:INFO:Importing libraries
2025-06-26 12:43:02,933:INFO:Copying training dataset
2025-06-26 12:43:02,935:INFO:Defining folds
2025-06-26 12:43:02,936:INFO:Declaring metric variables
2025-06-26 12:43:02,939:INFO:Importing untrained model
2025-06-26 12:43:02,942:INFO:K Neighbors Regressor Imported successfully
2025-06-26 12:43:02,947:INFO:Starting cross validation
2025-06-26 12:43:02,948:INFO:Cross validating with KFold(n_splits=10, random_state=None, shuffle=False), n_jobs=-1
2025-06-26 12:43:03,115:INFO:Calculating mean and std
2025-06-26 12:43:03,115:INFO:Creating metrics dataframe
2025-06-26 12:43:03,117:INFO:Uploading results into container
2025-06-26 12:43:03,118:INFO:Uploading model into container now
2025-06-26 12:43:03,119:INFO:_master_model_container: 27
2025-06-26 12:43:03,119:INFO:_display_container: 2
2025-06-26 12:43:03,119:INFO:KNeighborsRegressor(n_jobs=-1)
2025-06-26 12:43:03,119:INFO:create_model() successfully completed......................................
2025-06-26 12:43:03,286:INFO:SubProcess create_model() end ==================================
2025-06-26 12:43:03,286:INFO:Creating metrics dataframe
2025-06-26 12:43:03,292:INFO:Initializing Decision Tree Regressor
2025-06-26 12:43:03,292:INFO:Total runtime is 0.1405713438987732 minutes
2025-06-26 12:43:03,294:INFO:SubProcess create_model() called ==================================
2025-06-26 12:43:03,295:INFO:Initializing create_model()
2025-06-26 12:43:03,295:INFO:create_model(self=<pycaret.regression.oop.RegressionExperiment object at 0x7f0a663d5090>, estimator=dt, fold=KFold(n_splits=10, random_state=None, shuffle=False), round=4, cross_validation=True, predict=True, fit_kwargs={}, groups=None, refit=False, probability_threshold=None, experiment_custom_tags=None, verbose=False, system=False, add_to_model_list=True, metrics=None, display=<pycaret.internal.display.display.CommonDisplay object at 0x7f0ab08e10d0>, model_only=True, return_train_score=False, error_score=0.0, kwargs={})
2025-06-26 12:43:03,295:INFO:Checking exceptions
2025-06-26 12:43:03,295:INFO:Importing libraries
2025-06-26 12:43:03,295:INFO:Copying training dataset
2025-06-26 12:43:03,297:INFO:Defining folds
2025-06-26 12:43:03,298:INFO:Declaring metric variables
2025-06-26 12:43:03,301:INFO:Importing untrained model
2025-06-26 12:43:03,304:INFO:Decision Tree Regressor Imported successfully
2025-06-26 12:43:03,310:INFO:Starting cross validation
2025-06-26 12:43:03,312:INFO:Cross validating with KFold(n_splits=10, random_state=None, shuffle=False), n_jobs=-1
2025-06-26 12:43:03,455:INFO:Calculating mean and std
2025-06-26 12:43:03,456:INFO:Creating metrics dataframe
2025-06-26 12:43:03,458:INFO:Uploading results into container
2025-06-26 12:43:03,458:INFO:Uploading model into container now
2025-06-26 12:43:03,459:INFO:_master_model_container: 28
2025-06-26 12:43:03,459:INFO:_display_container: 2
2025-06-26 12:43:03,460:INFO:DecisionTreeRegressor(random_state=123)
2025-06-26 12:43:03,460:INFO:create_model() successfully completed......................................
2025-06-26 12:43:03,629:INFO:SubProcess create_model() end ==================================
2025-06-26 12:43:03,629:INFO:Creating metrics dataframe
2025-06-26 12:43:03,635:INFO:Initializing Random Forest Regressor
2025-06-26 12:43:03,635:INFO:Total runtime is 0.14629234472910566 minutes
2025-06-26 12:43:03,638:INFO:SubProcess create_model() called ==================================
2025-06-26 12:43:03,639:INFO:Initializing create_model()
2025-06-26 12:43:03,639:INFO:create_model(self=<pycaret.regression.oop.RegressionExperiment object at 0x7f0a663d5090>, estimator=rf, fold=KFold(n_splits=10, random_state=None, shuffle=False), round=4, cross_validation=True, predict=True, fit_kwargs={}, groups=None, refit=False, probability_threshold=None, experiment_custom_tags=None, verbose=False, system=False, add_to_model_list=True, metrics=None, display=<pycaret.internal.display.display.CommonDisplay object at 0x7f0ab08e10d0>, model_only=True, return_train_score=False, error_score=0.0, kwargs={})
2025-06-26 12:43:03,639:INFO:Checking exceptions
2025-06-26 12:43:03,639:INFO:Importing libraries
2025-06-26 12:43:03,639:INFO:Copying training dataset
2025-06-26 12:43:03,643:INFO:Defining folds
2025-06-26 12:43:03,643:INFO:Declaring metric variables
2025-06-26 12:43:03,645:INFO:Importing untrained model
2025-06-26 12:43:03,649:INFO:Random Forest Regressor Imported successfully
2025-06-26 12:43:03,656:INFO:Starting cross validation
2025-06-26 12:43:03,657:INFO:Cross validating with KFold(n_splits=10, random_state=None, shuffle=False), n_jobs=-1
2025-06-26 12:43:04,181:INFO:Calculating mean and std
2025-06-26 12:43:04,182:INFO:Creating metrics dataframe
2025-06-26 12:43:04,183:INFO:Uploading results into container
2025-06-26 12:43:04,183:INFO:Uploading model into container now
2025-06-26 12:43:04,184:INFO:_master_model_container: 29
2025-06-26 12:43:04,184:INFO:_display_container: 2
2025-06-26 12:43:04,184:INFO:RandomForestRegressor(n_jobs=-1, random_state=123)
2025-06-26 12:43:04,184:INFO:create_model() successfully completed......................................
2025-06-26 12:43:04,357:INFO:SubProcess create_model() end ==================================
2025-06-26 12:43:04,357:INFO:Creating metrics dataframe
2025-06-26 12:43:04,363:INFO:Initializing Extra Trees Regressor
2025-06-26 12:43:04,364:INFO:Total runtime is 0.15842852592468265 minutes
2025-06-26 12:43:04,365:INFO:SubProcess create_model() called ==================================
2025-06-26 12:43:04,365:INFO:Initializing create_model()
2025-06-26 12:43:04,366:INFO:create_model(self=<pycaret.regression.oop.RegressionExperiment object at 0x7f0a663d5090>, estimator=et, fold=KFold(n_splits=10, random_state=None, shuffle=False), round=4, cross_validation=True, predict=True, fit_kwargs={}, groups=None, refit=False, probability_threshold=None, experiment_custom_tags=None, verbose=False, system=False, add_to_model_list=True, metrics=None, display=<pycaret.internal.display.display.CommonDisplay object at 0x7f0ab08e10d0>, model_only=True, return_train_score=False, error_score=0.0, kwargs={})
2025-06-26 12:43:04,366:INFO:Checking exceptions
2025-06-26 12:43:04,366:INFO:Importing libraries
2025-06-26 12:43:04,366:INFO:Copying training dataset
2025-06-26 12:43:04,371:INFO:Defining folds
2025-06-26 12:43:04,371:INFO:Declaring metric variables
2025-06-26 12:43:04,375:INFO:Importing untrained model
2025-06-26 12:43:04,378:INFO:Extra Trees Regressor Imported successfully
2025-06-26 12:43:04,385:INFO:Starting cross validation
2025-06-26 12:43:04,387:INFO:Cross validating with KFold(n_splits=10, random_state=None, shuffle=False), n_jobs=-1
2025-06-26 12:43:04,791:INFO:Calculating mean and std
2025-06-26 12:43:04,792:INFO:Creating metrics dataframe
2025-06-26 12:43:04,793:INFO:Uploading results into container
2025-06-26 12:43:04,794:INFO:Uploading model into container now
2025-06-26 12:43:04,794:INFO:_master_model_container: 30
2025-06-26 12:43:04,794:INFO:_display_container: 2
2025-06-26 12:43:04,794:INFO:ExtraTreesRegressor(n_jobs=-1, random_state=123)
2025-06-26 12:43:04,794:INFO:create_model() successfully completed......................................
2025-06-26 12:43:04,951:INFO:SubProcess create_model() end ==================================
2025-06-26 12:43:04,951:INFO:Creating metrics dataframe
2025-06-26 12:43:04,957:INFO:Initializing AdaBoost Regressor
2025-06-26 12:43:04,957:INFO:Total runtime is 0.16832510232925418 minutes
2025-06-26 12:43:04,959:INFO:SubProcess create_model() called ==================================
2025-06-26 12:43:04,959:INFO:Initializing create_model()
2025-06-26 12:43:04,959:INFO:create_model(self=<pycaret.regression.oop.RegressionExperiment object at 0x7f0a663d5090>, estimator=ada, fold=KFold(n_splits=10, random_state=None, shuffle=False), round=4, cross_validation=True, predict=True, fit_kwargs={}, groups=None, refit=False, probability_threshold=None, experiment_custom_tags=None, verbose=False, system=False, add_to_model_list=True, metrics=None, display=<pycaret.internal.display.display.CommonDisplay object at 0x7f0ab08e10d0>, model_only=True, return_train_score=False, error_score=0.0, kwargs={})
2025-06-26 12:43:04,959:INFO:Checking exceptions
2025-06-26 12:43:04,959:INFO:Importing libraries
2025-06-26 12:43:04,959:INFO:Copying training dataset
2025-06-26 12:43:04,961:INFO:Defining folds
2025-06-26 12:43:04,962:INFO:Declaring metric variables
2025-06-26 12:43:04,963:INFO:Importing untrained model
2025-06-26 12:43:04,966:INFO:AdaBoost Regressor Imported successfully
2025-06-26 12:43:04,971:INFO:Starting cross validation
2025-06-26 12:43:04,973:INFO:Cross validating with KFold(n_splits=10, random_state=None, shuffle=False), n_jobs=-1
2025-06-26 12:43:05,175:INFO:Calculating mean and std
2025-06-26 12:43:05,176:INFO:Creating metrics dataframe
2025-06-26 12:43:05,178:INFO:Uploading results into container
2025-06-26 12:43:05,179:INFO:Uploading model into container now
2025-06-26 12:43:05,179:INFO:_master_model_container: 31
2025-06-26 12:43:05,179:INFO:_display_container: 2
2025-06-26 12:43:05,180:INFO:AdaBoostRegressor(random_state=123)
2025-06-26 12:43:05,180:INFO:create_model() successfully completed......................................
2025-06-26 12:43:05,310:INFO:SubProcess create_model() end ==================================
2025-06-26 12:43:05,310:INFO:Creating metrics dataframe
2025-06-26 12:43:05,317:INFO:Initializing Gradient Boosting Regressor
2025-06-26 12:43:05,317:INFO:Total runtime is 0.17431809504826867 minutes
2025-06-26 12:43:05,319:INFO:SubProcess create_model() called ==================================
2025-06-26 12:43:05,320:INFO:Initializing create_model()
2025-06-26 12:43:05,320:INFO:create_model(self=<pycaret.regression.oop.RegressionExperiment object at 0x7f0a663d5090>, estimator=gbr, fold=KFold(n_splits=10, random_state=None, shuffle=False), round=4, cross_validation=True, predict=True, fit_kwargs={}, groups=None, refit=False, probability_threshold=None, experiment_custom_tags=None, verbose=False, system=False, add_to_model_list=True, metrics=None, display=<pycaret.internal.display.display.CommonDisplay object at 0x7f0ab08e10d0>, model_only=True, return_train_score=False, error_score=0.0, kwargs={})
2025-06-26 12:43:05,320:INFO:Checking exceptions
2025-06-26 12:43:05,320:INFO:Importing libraries
2025-06-26 12:43:05,320:INFO:Copying training dataset
2025-06-26 12:43:05,322:INFO:Defining folds
2025-06-26 12:43:05,322:INFO:Declaring metric variables
2025-06-26 12:43:05,324:INFO:Importing untrained model
2025-06-26 12:43:05,327:INFO:Gradient Boosting Regressor Imported successfully
2025-06-26 12:43:05,332:INFO:Starting cross validation
2025-06-26 12:43:05,334:INFO:Cross validating with KFold(n_splits=10, random_state=None, shuffle=False), n_jobs=-1
2025-06-26 12:43:05,606:INFO:Calculating mean and std
2025-06-26 12:43:05,607:INFO:Creating metrics dataframe
2025-06-26 12:43:05,608:INFO:Uploading results into container
2025-06-26 12:43:05,609:INFO:Uploading model into container now
2025-06-26 12:43:05,609:INFO:_master_model_container: 32
2025-06-26 12:43:05,609:INFO:_display_container: 2
2025-06-26 12:43:05,609:INFO:GradientBoostingRegressor(random_state=123)
2025-06-26 12:43:05,609:INFO:create_model() successfully completed......................................
2025-06-26 12:43:05,745:INFO:SubProcess create_model() end ==================================
2025-06-26 12:43:05,745:INFO:Creating metrics dataframe
2025-06-26 12:43:05,751:INFO:Initializing Dummy Regressor
2025-06-26 12:43:05,751:INFO:Total runtime is 0.1815539598464966 minutes
2025-06-26 12:43:05,753:INFO:SubProcess create_model() called ==================================
2025-06-26 12:43:05,753:INFO:Initializing create_model()
2025-06-26 12:43:05,754:INFO:create_model(self=<pycaret.regression.oop.RegressionExperiment object at 0x7f0a663d5090>, estimator=dummy, fold=KFold(n_splits=10, random_state=None, shuffle=False), round=4, cross_validation=True, predict=True, fit_kwargs={}, groups=None, refit=False, probability_threshold=None, experiment_custom_tags=None, verbose=False, system=False, add_to_model_list=True, metrics=None, display=<pycaret.internal.display.display.CommonDisplay object at 0x7f0ab08e10d0>, model_only=True, return_train_score=False, error_score=0.0, kwargs={})
2025-06-26 12:43:05,754:INFO:Checking exceptions
2025-06-26 12:43:05,754:INFO:Importing libraries
2025-06-26 12:43:05,754:INFO:Copying training dataset
2025-06-26 12:43:05,758:INFO:Defining folds
2025-06-26 12:43:05,758:INFO:Declaring metric variables
2025-06-26 12:43:05,760:INFO:Importing untrained model
2025-06-26 12:43:05,763:INFO:Dummy Regressor Imported successfully
2025-06-26 12:43:05,767:INFO:Starting cross validation
2025-06-26 12:43:05,768:INFO:Cross validating with KFold(n_splits=10, random_state=None, shuffle=False), n_jobs=-1
2025-06-26 12:43:05,894:INFO:Calculating mean and std
2025-06-26 12:43:05,895:INFO:Creating metrics dataframe
2025-06-26 12:43:05,897:INFO:Uploading results into container
2025-06-26 12:43:05,898:INFO:Uploading model into container now
2025-06-26 12:43:05,898:INFO:_master_model_container: 33
2025-06-26 12:43:05,898:INFO:_display_container: 2
2025-06-26 12:43:05,898:INFO:DummyRegressor()
2025-06-26 12:43:05,899:INFO:create_model() successfully completed......................................
2025-06-26 12:43:06,026:INFO:SubProcess create_model() end ==================================
2025-06-26 12:43:06,026:INFO:Creating metrics dataframe
2025-06-26 12:43:06,032:WARNING:/home/tj/miniconda3/envs/day1ML/lib/python3.11/site-packages/pycaret/internal/pycaret_experiment/supervised_experiment.py:339: FutureWarning: Styler.applymap has been deprecated. Use Styler.map instead.
  .applymap(highlight_cols, subset=["TT (Sec)"])

2025-06-26 12:43:06,039:INFO:Initializing create_model()
2025-06-26 12:43:06,039:INFO:create_model(self=<pycaret.regression.oop.RegressionExperiment object at 0x7f0a663d5090>, estimator=GradientBoostingRegressor(random_state=123), fold=KFold(n_splits=10, random_state=None, shuffle=False), round=4, cross_validation=False, predict=False, fit_kwargs={}, groups=None, refit=True, probability_threshold=None, experiment_custom_tags=None, verbose=False, system=False, add_to_model_list=True, metrics=None, display=None, model_only=True, return_train_score=False, error_score=0.0, kwargs={})
2025-06-26 12:43:06,039:INFO:Checking exceptions
2025-06-26 12:43:06,041:INFO:Importing libraries
2025-06-26 12:43:06,041:INFO:Copying training dataset
2025-06-26 12:43:06,044:INFO:Defining folds
2025-06-26 12:43:06,044:INFO:Declaring metric variables
2025-06-26 12:43:06,044:INFO:Importing untrained model
2025-06-26 12:43:06,044:INFO:Declaring custom model
2025-06-26 12:43:06,045:INFO:Gradient Boosting Regressor Imported successfully
2025-06-26 12:43:06,046:INFO:Cross validation set to False
2025-06-26 12:43:06,046:INFO:Fitting Model
2025-06-26 12:43:06,150:INFO:GradientBoostingRegressor(random_state=123)
2025-06-26 12:43:06,150:INFO:create_model() successfully completed......................................
2025-06-26 12:43:06,297:INFO:_master_model_container: 33
2025-06-26 12:43:06,297:INFO:_display_container: 2
2025-06-26 12:43:06,298:INFO:GradientBoostingRegressor(random_state=123)
2025-06-26 12:43:06,298:INFO:compare_models() successfully completed......................................
2025-06-26 12:44:10,890:INFO:Initializing compare_models()
2025-06-26 12:44:10,890:INFO:compare_models(self=<pycaret.regression.oop.RegressionExperiment object at 0x7f0a663d5090>, include=None, exclude=['lightgbm'], fold=None, round=4, cross_validation=True, sort=MAE, n_select=1, budget_time=None, turbo=True, errors=ignore, fit_kwargs=None, groups=None, experiment_custom_tags=None, probability_threshold=None, verbose=True, parallel=None, caller_params={'self': <pycaret.regression.oop.RegressionExperiment object at 0x7f0a663d5090>, 'include': None, 'exclude': ['lightgbm'], 'fold': None, 'round': 4, 'cross_validation': True, 'sort': 'MAE', 'n_select': 1, 'budget_time': None, 'turbo': True, 'errors': 'ignore', 'fit_kwargs': None, 'groups': None, 'experiment_custom_tags': None, 'engine': None, 'verbose': True, 'parallel': None, '__class__': <class 'pycaret.regression.oop.RegressionExperiment'>})
2025-06-26 12:44:10,891:INFO:Checking exceptions
2025-06-26 12:44:10,893:INFO:Preparing display monitor
2025-06-26 12:44:10,908:INFO:Initializing Linear Regression
2025-06-26 12:44:10,909:INFO:Total runtime is 3.846486409505208e-06 minutes
2025-06-26 12:44:10,912:INFO:SubProcess create_model() called ==================================
2025-06-26 12:44:10,913:INFO:Initializing create_model()
2025-06-26 12:44:10,913:INFO:create_model(self=<pycaret.regression.oop.RegressionExperiment object at 0x7f0a663d5090>, estimator=lr, fold=KFold(n_splits=10, random_state=None, shuffle=False), round=4, cross_validation=True, predict=True, fit_kwargs={}, groups=None, refit=False, probability_threshold=None, experiment_custom_tags=None, verbose=False, system=False, add_to_model_list=True, metrics=None, display=<pycaret.internal.display.display.CommonDisplay object at 0x7f0ab0881050>, model_only=True, return_train_score=False, error_score=0.0, kwargs={})
2025-06-26 12:44:10,913:INFO:Checking exceptions
2025-06-26 12:44:10,913:INFO:Importing libraries
2025-06-26 12:44:10,913:INFO:Copying training dataset
2025-06-26 12:44:10,918:INFO:Defining folds
2025-06-26 12:44:10,918:INFO:Declaring metric variables
2025-06-26 12:44:10,921:INFO:Importing untrained model
2025-06-26 12:44:10,925:INFO:Linear Regression Imported successfully
2025-06-26 12:44:10,933:INFO:Starting cross validation
2025-06-26 12:44:10,936:INFO:Cross validating with KFold(n_splits=10, random_state=None, shuffle=False), n_jobs=-1
2025-06-26 12:44:11,122:INFO:Calculating mean and std
2025-06-26 12:44:11,123:INFO:Creating metrics dataframe
2025-06-26 12:44:11,125:INFO:Uploading results into container
2025-06-26 12:44:11,125:INFO:Uploading model into container now
2025-06-26 12:44:11,125:INFO:_master_model_container: 34
2025-06-26 12:44:11,125:INFO:_display_container: 3
2025-06-26 12:44:11,125:INFO:LinearRegression(n_jobs=-1)
2025-06-26 12:44:11,125:INFO:create_model() successfully completed......................................
2025-06-26 12:44:11,230:INFO:SubProcess create_model() end ==================================
2025-06-26 12:44:11,230:INFO:Creating metrics dataframe
2025-06-26 12:44:11,233:INFO:Initializing Lasso Regression
2025-06-26 12:44:11,233:INFO:Total runtime is 0.005416043599446615 minutes
2025-06-26 12:44:11,235:INFO:SubProcess create_model() called ==================================
2025-06-26 12:44:11,235:INFO:Initializing create_model()
2025-06-26 12:44:11,235:INFO:create_model(self=<pycaret.regression.oop.RegressionExperiment object at 0x7f0a663d5090>, estimator=lasso, fold=KFold(n_splits=10, random_state=None, shuffle=False), round=4, cross_validation=True, predict=True, fit_kwargs={}, groups=None, refit=False, probability_threshold=None, experiment_custom_tags=None, verbose=False, system=False, add_to_model_list=True, metrics=None, display=<pycaret.internal.display.display.CommonDisplay object at 0x7f0ab0881050>, model_only=True, return_train_score=False, error_score=0.0, kwargs={})
2025-06-26 12:44:11,235:INFO:Checking exceptions
2025-06-26 12:44:11,235:INFO:Importing libraries
2025-06-26 12:44:11,235:INFO:Copying training dataset
2025-06-26 12:44:11,237:INFO:Defining folds
2025-06-26 12:44:11,237:INFO:Declaring metric variables
2025-06-26 12:44:11,239:INFO:Importing untrained model
2025-06-26 12:44:11,241:INFO:Lasso Regression Imported successfully
2025-06-26 12:44:11,245:INFO:Starting cross validation
2025-06-26 12:44:11,246:INFO:Cross validating with KFold(n_splits=10, random_state=None, shuffle=False), n_jobs=-1
2025-06-26 12:44:11,355:INFO:Calculating mean and std
2025-06-26 12:44:11,356:INFO:Creating metrics dataframe
2025-06-26 12:44:11,358:INFO:Uploading results into container
2025-06-26 12:44:11,358:INFO:Uploading model into container now
2025-06-26 12:44:11,359:INFO:_master_model_container: 35
2025-06-26 12:44:11,359:INFO:_display_container: 3
2025-06-26 12:44:11,359:INFO:Lasso(random_state=123)
2025-06-26 12:44:11,359:INFO:create_model() successfully completed......................................
2025-06-26 12:44:11,472:INFO:SubProcess create_model() end ==================================
2025-06-26 12:44:11,472:INFO:Creating metrics dataframe
2025-06-26 12:44:11,476:INFO:Initializing Ridge Regression
2025-06-26 12:44:11,476:INFO:Total runtime is 0.009466024239857991 minutes
2025-06-26 12:44:11,479:INFO:SubProcess create_model() called ==================================
2025-06-26 12:44:11,479:INFO:Initializing create_model()
2025-06-26 12:44:11,479:INFO:create_model(self=<pycaret.regression.oop.RegressionExperiment object at 0x7f0a663d5090>, estimator=ridge, fold=KFold(n_splits=10, random_state=None, shuffle=False), round=4, cross_validation=True, predict=True, fit_kwargs={}, groups=None, refit=False, probability_threshold=None, experiment_custom_tags=None, verbose=False, system=False, add_to_model_list=True, metrics=None, display=<pycaret.internal.display.display.CommonDisplay object at 0x7f0ab0881050>, model_only=True, return_train_score=False, error_score=0.0, kwargs={})
2025-06-26 12:44:11,479:INFO:Checking exceptions
2025-06-26 12:44:11,479:INFO:Importing libraries
2025-06-26 12:44:11,479:INFO:Copying training dataset
2025-06-26 12:44:11,482:INFO:Defining folds
2025-06-26 12:44:11,482:INFO:Declaring metric variables
2025-06-26 12:44:11,484:INFO:Importing untrained model
2025-06-26 12:44:11,487:INFO:Ridge Regression Imported successfully
2025-06-26 12:44:11,492:INFO:Starting cross validation
2025-06-26 12:44:11,493:INFO:Cross validating with KFold(n_splits=10, random_state=None, shuffle=False), n_jobs=-1
2025-06-26 12:44:11,620:INFO:Calculating mean and std
2025-06-26 12:44:11,620:INFO:Creating metrics dataframe
2025-06-26 12:44:11,621:INFO:Uploading results into container
2025-06-26 12:44:11,622:INFO:Uploading model into container now
2025-06-26 12:44:11,622:INFO:_master_model_container: 36
2025-06-26 12:44:11,622:INFO:_display_container: 3
2025-06-26 12:44:11,622:INFO:Ridge(random_state=123)
2025-06-26 12:44:11,622:INFO:create_model() successfully completed......................................
2025-06-26 12:44:11,789:INFO:SubProcess create_model() end ==================================
2025-06-26 12:44:11,789:INFO:Creating metrics dataframe
2025-06-26 12:44:11,794:INFO:Initializing Elastic Net
2025-06-26 12:44:11,795:INFO:Total runtime is 0.014768858750661213 minutes
2025-06-26 12:44:11,797:INFO:SubProcess create_model() called ==================================
2025-06-26 12:44:11,797:INFO:Initializing create_model()
2025-06-26 12:44:11,798:INFO:create_model(self=<pycaret.regression.oop.RegressionExperiment object at 0x7f0a663d5090>, estimator=en, fold=KFold(n_splits=10, random_state=None, shuffle=False), round=4, cross_validation=True, predict=True, fit_kwargs={}, groups=None, refit=False, probability_threshold=None, experiment_custom_tags=None, verbose=False, system=False, add_to_model_list=True, metrics=None, display=<pycaret.internal.display.display.CommonDisplay object at 0x7f0ab0881050>, model_only=True, return_train_score=False, error_score=0.0, kwargs={})
2025-06-26 12:44:11,798:INFO:Checking exceptions
2025-06-26 12:44:11,798:INFO:Importing libraries
2025-06-26 12:44:11,798:INFO:Copying training dataset
2025-06-26 12:44:11,801:INFO:Defining folds
2025-06-26 12:44:11,801:INFO:Declaring metric variables
2025-06-26 12:44:11,803:INFO:Importing untrained model
2025-06-26 12:44:11,806:INFO:Elastic Net Imported successfully
2025-06-26 12:44:11,810:INFO:Starting cross validation
2025-06-26 12:44:11,813:INFO:Cross validating with KFold(n_splits=10, random_state=None, shuffle=False), n_jobs=-1
2025-06-26 12:44:11,937:INFO:Calculating mean and std
2025-06-26 12:44:11,938:INFO:Creating metrics dataframe
2025-06-26 12:44:11,940:INFO:Uploading results into container
2025-06-26 12:44:11,940:INFO:Uploading model into container now
2025-06-26 12:44:11,940:INFO:_master_model_container: 37
2025-06-26 12:44:11,940:INFO:_display_container: 3
2025-06-26 12:44:11,940:INFO:ElasticNet(random_state=123)
2025-06-26 12:44:11,941:INFO:create_model() successfully completed......................................
2025-06-26 12:44:12,106:INFO:SubProcess create_model() end ==================================
2025-06-26 12:44:12,106:INFO:Creating metrics dataframe
2025-06-26 12:44:12,111:INFO:Initializing Least Angle Regression
2025-06-26 12:44:12,111:INFO:Total runtime is 0.020036582152048746 minutes
2025-06-26 12:44:12,112:INFO:SubProcess create_model() called ==================================
2025-06-26 12:44:12,112:INFO:Initializing create_model()
2025-06-26 12:44:12,113:INFO:create_model(self=<pycaret.regression.oop.RegressionExperiment object at 0x7f0a663d5090>, estimator=lar, fold=KFold(n_splits=10, random_state=None, shuffle=False), round=4, cross_validation=True, predict=True, fit_kwargs={}, groups=None, refit=False, probability_threshold=None, experiment_custom_tags=None, verbose=False, system=False, add_to_model_list=True, metrics=None, display=<pycaret.internal.display.display.CommonDisplay object at 0x7f0ab0881050>, model_only=True, return_train_score=False, error_score=0.0, kwargs={})
2025-06-26 12:44:12,113:INFO:Checking exceptions
2025-06-26 12:44:12,113:INFO:Importing libraries
2025-06-26 12:44:12,113:INFO:Copying training dataset
2025-06-26 12:44:12,116:INFO:Defining folds
2025-06-26 12:44:12,117:INFO:Declaring metric variables
2025-06-26 12:44:12,119:INFO:Importing untrained model
2025-06-26 12:44:12,122:INFO:Least Angle Regression Imported successfully
2025-06-26 12:44:12,130:INFO:Starting cross validation
2025-06-26 12:44:12,132:INFO:Cross validating with KFold(n_splits=10, random_state=None, shuffle=False), n_jobs=-1
2025-06-26 12:44:12,264:INFO:Calculating mean and std
2025-06-26 12:44:12,265:INFO:Creating metrics dataframe
2025-06-26 12:44:12,266:INFO:Uploading results into container
2025-06-26 12:44:12,266:INFO:Uploading model into container now
2025-06-26 12:44:12,267:INFO:_master_model_container: 38
2025-06-26 12:44:12,267:INFO:_display_container: 3
2025-06-26 12:44:12,267:INFO:Lars(random_state=123)
2025-06-26 12:44:12,267:INFO:create_model() successfully completed......................................
2025-06-26 12:44:12,435:INFO:SubProcess create_model() end ==================================
2025-06-26 12:44:12,435:INFO:Creating metrics dataframe
2025-06-26 12:44:12,440:INFO:Initializing Lasso Least Angle Regression
2025-06-26 12:44:12,440:INFO:Total runtime is 0.025530978043874105 minutes
2025-06-26 12:44:12,443:INFO:SubProcess create_model() called ==================================
2025-06-26 12:44:12,443:INFO:Initializing create_model()
2025-06-26 12:44:12,443:INFO:create_model(self=<pycaret.regression.oop.RegressionExperiment object at 0x7f0a663d5090>, estimator=llar, fold=KFold(n_splits=10, random_state=None, shuffle=False), round=4, cross_validation=True, predict=True, fit_kwargs={}, groups=None, refit=False, probability_threshold=None, experiment_custom_tags=None, verbose=False, system=False, add_to_model_list=True, metrics=None, display=<pycaret.internal.display.display.CommonDisplay object at 0x7f0ab0881050>, model_only=True, return_train_score=False, error_score=0.0, kwargs={})
2025-06-26 12:44:12,443:INFO:Checking exceptions
2025-06-26 12:44:12,443:INFO:Importing libraries
2025-06-26 12:44:12,443:INFO:Copying training dataset
2025-06-26 12:44:12,446:INFO:Defining folds
2025-06-26 12:44:12,447:INFO:Declaring metric variables
2025-06-26 12:44:12,449:INFO:Importing untrained model
2025-06-26 12:44:12,452:INFO:Lasso Least Angle Regression Imported successfully
2025-06-26 12:44:12,459:INFO:Starting cross validation
2025-06-26 12:44:12,460:INFO:Cross validating with KFold(n_splits=10, random_state=None, shuffle=False), n_jobs=-1
2025-06-26 12:44:12,614:INFO:Calculating mean and std
2025-06-26 12:44:12,615:INFO:Creating metrics dataframe
2025-06-26 12:44:12,617:INFO:Uploading results into container
2025-06-26 12:44:12,618:INFO:Uploading model into container now
2025-06-26 12:44:12,618:INFO:_master_model_container: 39
2025-06-26 12:44:12,618:INFO:_display_container: 3
2025-06-26 12:44:12,619:INFO:LassoLars(random_state=123)
2025-06-26 12:44:12,619:INFO:create_model() successfully completed......................................
2025-06-26 12:44:12,787:INFO:SubProcess create_model() end ==================================
2025-06-26 12:44:12,787:INFO:Creating metrics dataframe
2025-06-26 12:44:12,794:INFO:Initializing Orthogonal Matching Pursuit
2025-06-26 12:44:12,794:INFO:Total runtime is 0.03143038352330526 minutes
2025-06-26 12:44:12,797:INFO:SubProcess create_model() called ==================================
2025-06-26 12:44:12,797:INFO:Initializing create_model()
2025-06-26 12:44:12,797:INFO:create_model(self=<pycaret.regression.oop.RegressionExperiment object at 0x7f0a663d5090>, estimator=omp, fold=KFold(n_splits=10, random_state=None, shuffle=False), round=4, cross_validation=True, predict=True, fit_kwargs={}, groups=None, refit=False, probability_threshold=None, experiment_custom_tags=None, verbose=False, system=False, add_to_model_list=True, metrics=None, display=<pycaret.internal.display.display.CommonDisplay object at 0x7f0ab0881050>, model_only=True, return_train_score=False, error_score=0.0, kwargs={})
2025-06-26 12:44:12,798:INFO:Checking exceptions
2025-06-26 12:44:12,798:INFO:Importing libraries
2025-06-26 12:44:12,798:INFO:Copying training dataset
2025-06-26 12:44:12,801:INFO:Defining folds
2025-06-26 12:44:12,801:INFO:Declaring metric variables
2025-06-26 12:44:12,804:INFO:Importing untrained model
2025-06-26 12:44:12,808:INFO:Orthogonal Matching Pursuit Imported successfully
2025-06-26 12:44:12,814:INFO:Starting cross validation
2025-06-26 12:44:12,815:INFO:Cross validating with KFold(n_splits=10, random_state=None, shuffle=False), n_jobs=-1
2025-06-26 12:44:12,948:INFO:Calculating mean and std
2025-06-26 12:44:12,949:INFO:Creating metrics dataframe
2025-06-26 12:44:12,951:INFO:Uploading results into container
2025-06-26 12:44:12,952:INFO:Uploading model into container now
2025-06-26 12:44:12,952:INFO:_master_model_container: 40
2025-06-26 12:44:12,952:INFO:_display_container: 3
2025-06-26 12:44:12,952:INFO:OrthogonalMatchingPursuit()
2025-06-26 12:44:12,952:INFO:create_model() successfully completed......................................
2025-06-26 12:44:13,114:INFO:SubProcess create_model() end ==================================
2025-06-26 12:44:13,115:INFO:Creating metrics dataframe
2025-06-26 12:44:13,121:INFO:Initializing Bayesian Ridge
2025-06-26 12:44:13,121:INFO:Total runtime is 0.03687375783920288 minutes
2025-06-26 12:44:13,124:INFO:SubProcess create_model() called ==================================
2025-06-26 12:44:13,124:INFO:Initializing create_model()
2025-06-26 12:44:13,124:INFO:create_model(self=<pycaret.regression.oop.RegressionExperiment object at 0x7f0a663d5090>, estimator=br, fold=KFold(n_splits=10, random_state=None, shuffle=False), round=4, cross_validation=True, predict=True, fit_kwargs={}, groups=None, refit=False, probability_threshold=None, experiment_custom_tags=None, verbose=False, system=False, add_to_model_list=True, metrics=None, display=<pycaret.internal.display.display.CommonDisplay object at 0x7f0ab0881050>, model_only=True, return_train_score=False, error_score=0.0, kwargs={})
2025-06-26 12:44:13,124:INFO:Checking exceptions
2025-06-26 12:44:13,124:INFO:Importing libraries
2025-06-26 12:44:13,124:INFO:Copying training dataset
2025-06-26 12:44:13,127:INFO:Defining folds
2025-06-26 12:44:13,127:INFO:Declaring metric variables
2025-06-26 12:44:13,132:INFO:Importing untrained model
2025-06-26 12:44:13,135:INFO:Bayesian Ridge Imported successfully
2025-06-26 12:44:13,141:INFO:Starting cross validation
2025-06-26 12:44:13,143:INFO:Cross validating with KFold(n_splits=10, random_state=None, shuffle=False), n_jobs=-1
2025-06-26 12:44:13,284:INFO:Calculating mean and std
2025-06-26 12:44:13,285:INFO:Creating metrics dataframe
2025-06-26 12:44:13,286:INFO:Uploading results into container
2025-06-26 12:44:13,286:INFO:Uploading model into container now
2025-06-26 12:44:13,286:INFO:_master_model_container: 41
2025-06-26 12:44:13,286:INFO:_display_container: 3
2025-06-26 12:44:13,287:INFO:BayesianRidge()
2025-06-26 12:44:13,287:INFO:create_model() successfully completed......................................
2025-06-26 12:44:13,461:INFO:SubProcess create_model() end ==================================
2025-06-26 12:44:13,462:INFO:Creating metrics dataframe
2025-06-26 12:44:13,467:INFO:Initializing Passive Aggressive Regressor
2025-06-26 12:44:13,468:INFO:Total runtime is 0.04265420436859131 minutes
2025-06-26 12:44:13,471:INFO:SubProcess create_model() called ==================================
2025-06-26 12:44:13,471:INFO:Initializing create_model()
2025-06-26 12:44:13,471:INFO:create_model(self=<pycaret.regression.oop.RegressionExperiment object at 0x7f0a663d5090>, estimator=par, fold=KFold(n_splits=10, random_state=None, shuffle=False), round=4, cross_validation=True, predict=True, fit_kwargs={}, groups=None, refit=False, probability_threshold=None, experiment_custom_tags=None, verbose=False, system=False, add_to_model_list=True, metrics=None, display=<pycaret.internal.display.display.CommonDisplay object at 0x7f0ab0881050>, model_only=True, return_train_score=False, error_score=0.0, kwargs={})
2025-06-26 12:44:13,471:INFO:Checking exceptions
2025-06-26 12:44:13,471:INFO:Importing libraries
2025-06-26 12:44:13,471:INFO:Copying training dataset
2025-06-26 12:44:13,474:INFO:Defining folds
2025-06-26 12:44:13,474:INFO:Declaring metric variables
2025-06-26 12:44:13,477:INFO:Importing untrained model
2025-06-26 12:44:13,480:INFO:Passive Aggressive Regressor Imported successfully
2025-06-26 12:44:13,487:INFO:Starting cross validation
2025-06-26 12:44:13,488:INFO:Cross validating with KFold(n_splits=10, random_state=None, shuffle=False), n_jobs=-1
2025-06-26 12:44:13,625:INFO:Calculating mean and std
2025-06-26 12:44:13,626:INFO:Creating metrics dataframe
2025-06-26 12:44:13,627:INFO:Uploading results into container
2025-06-26 12:44:13,628:INFO:Uploading model into container now
2025-06-26 12:44:13,629:INFO:_master_model_container: 42
2025-06-26 12:44:13,629:INFO:_display_container: 3
2025-06-26 12:44:13,630:INFO:PassiveAggressiveRegressor(random_state=123)
2025-06-26 12:44:13,630:INFO:create_model() successfully completed......................................
2025-06-26 12:44:13,813:INFO:SubProcess create_model() end ==================================
2025-06-26 12:44:13,813:INFO:Creating metrics dataframe
2025-06-26 12:44:13,819:INFO:Initializing Huber Regressor
2025-06-26 12:44:13,820:INFO:Total runtime is 0.04851921399434408 minutes
2025-06-26 12:44:13,821:INFO:SubProcess create_model() called ==================================
2025-06-26 12:44:13,821:INFO:Initializing create_model()
2025-06-26 12:44:13,821:INFO:create_model(self=<pycaret.regression.oop.RegressionExperiment object at 0x7f0a663d5090>, estimator=huber, fold=KFold(n_splits=10, random_state=None, shuffle=False), round=4, cross_validation=True, predict=True, fit_kwargs={}, groups=None, refit=False, probability_threshold=None, experiment_custom_tags=None, verbose=False, system=False, add_to_model_list=True, metrics=None, display=<pycaret.internal.display.display.CommonDisplay object at 0x7f0ab0881050>, model_only=True, return_train_score=False, error_score=0.0, kwargs={})
2025-06-26 12:44:13,821:INFO:Checking exceptions
2025-06-26 12:44:13,821:INFO:Importing libraries
2025-06-26 12:44:13,822:INFO:Copying training dataset
2025-06-26 12:44:13,825:INFO:Defining folds
2025-06-26 12:44:13,825:INFO:Declaring metric variables
2025-06-26 12:44:13,827:INFO:Importing untrained model
2025-06-26 12:44:13,832:INFO:Huber Regressor Imported successfully
2025-06-26 12:44:13,840:INFO:Starting cross validation
2025-06-26 12:44:13,841:INFO:Cross validating with KFold(n_splits=10, random_state=None, shuffle=False), n_jobs=-1
2025-06-26 12:44:13,930:WARNING:/home/tj/miniconda3/envs/day1ML/lib/python3.11/site-packages/sklearn/linear_model/_huber.py:342: ConvergenceWarning: lbfgs failed to converge (status=1):
STOP: TOTAL NO. of ITERATIONS REACHED LIMIT.

Increase the number of iterations (max_iter) or scale the data as shown in:
    https://scikit-learn.org/stable/modules/preprocessing.html
  self.n_iter_ = _check_optimize_result("lbfgs", opt_res, self.max_iter)

2025-06-26 12:44:13,948:WARNING:/home/tj/miniconda3/envs/day1ML/lib/python3.11/site-packages/sklearn/linear_model/_huber.py:342: ConvergenceWarning: lbfgs failed to converge (status=1):
STOP: TOTAL NO. of ITERATIONS REACHED LIMIT.

Increase the number of iterations (max_iter) or scale the data as shown in:
    https://scikit-learn.org/stable/modules/preprocessing.html
  self.n_iter_ = _check_optimize_result("lbfgs", opt_res, self.max_iter)

2025-06-26 12:44:13,956:WARNING:/home/tj/miniconda3/envs/day1ML/lib/python3.11/site-packages/sklearn/linear_model/_huber.py:342: ConvergenceWarning: lbfgs failed to converge (status=1):
STOP: TOTAL NO. of ITERATIONS REACHED LIMIT.

Increase the number of iterations (max_iter) or scale the data as shown in:
    https://scikit-learn.org/stable/modules/preprocessing.html
  self.n_iter_ = _check_optimize_result("lbfgs", opt_res, self.max_iter)

2025-06-26 12:44:14,005:INFO:Calculating mean and std
2025-06-26 12:44:14,006:INFO:Creating metrics dataframe
2025-06-26 12:44:14,007:INFO:Uploading results into container
2025-06-26 12:44:14,007:INFO:Uploading model into container now
2025-06-26 12:44:14,008:INFO:_master_model_container: 43
2025-06-26 12:44:14,008:INFO:_display_container: 3
2025-06-26 12:44:14,008:INFO:HuberRegressor()
2025-06-26 12:44:14,008:INFO:create_model() successfully completed......................................
2025-06-26 12:44:14,223:INFO:SubProcess create_model() end ==================================
2025-06-26 12:44:14,224:INFO:Creating metrics dataframe
2025-06-26 12:44:14,232:INFO:Initializing K Neighbors Regressor
2025-06-26 12:44:14,232:INFO:Total runtime is 0.055394252141316734 minutes
2025-06-26 12:44:14,235:INFO:SubProcess create_model() called ==================================
2025-06-26 12:44:14,235:INFO:Initializing create_model()
2025-06-26 12:44:14,235:INFO:create_model(self=<pycaret.regression.oop.RegressionExperiment object at 0x7f0a663d5090>, estimator=knn, fold=KFold(n_splits=10, random_state=None, shuffle=False), round=4, cross_validation=True, predict=True, fit_kwargs={}, groups=None, refit=False, probability_threshold=None, experiment_custom_tags=None, verbose=False, system=False, add_to_model_list=True, metrics=None, display=<pycaret.internal.display.display.CommonDisplay object at 0x7f0ab0881050>, model_only=True, return_train_score=False, error_score=0.0, kwargs={})
2025-06-26 12:44:14,235:INFO:Checking exceptions
2025-06-26 12:44:14,235:INFO:Importing libraries
2025-06-26 12:44:14,235:INFO:Copying training dataset
2025-06-26 12:44:14,239:INFO:Defining folds
2025-06-26 12:44:14,239:INFO:Declaring metric variables
2025-06-26 12:44:14,242:INFO:Importing untrained model
2025-06-26 12:44:14,244:INFO:K Neighbors Regressor Imported successfully
2025-06-26 12:44:14,250:INFO:Starting cross validation
2025-06-26 12:44:14,252:INFO:Cross validating with KFold(n_splits=10, random_state=None, shuffle=False), n_jobs=-1
2025-06-26 12:44:14,384:INFO:Calculating mean and std
2025-06-26 12:44:14,386:INFO:Creating metrics dataframe
2025-06-26 12:44:14,388:INFO:Uploading results into container
2025-06-26 12:44:14,388:INFO:Uploading model into container now
2025-06-26 12:44:14,389:INFO:_master_model_container: 44
2025-06-26 12:44:14,389:INFO:_display_container: 3
2025-06-26 12:44:14,389:INFO:KNeighborsRegressor(n_jobs=-1)
2025-06-26 12:44:14,389:INFO:create_model() successfully completed......................................
2025-06-26 12:44:14,561:INFO:SubProcess create_model() end ==================================
2025-06-26 12:44:14,561:INFO:Creating metrics dataframe
2025-06-26 12:44:14,567:INFO:Initializing Decision Tree Regressor
2025-06-26 12:44:14,567:INFO:Total runtime is 0.06098412275314331 minutes
2025-06-26 12:44:14,569:INFO:SubProcess create_model() called ==================================
2025-06-26 12:44:14,569:INFO:Initializing create_model()
2025-06-26 12:44:14,569:INFO:create_model(self=<pycaret.regression.oop.RegressionExperiment object at 0x7f0a663d5090>, estimator=dt, fold=KFold(n_splits=10, random_state=None, shuffle=False), round=4, cross_validation=True, predict=True, fit_kwargs={}, groups=None, refit=False, probability_threshold=None, experiment_custom_tags=None, verbose=False, system=False, add_to_model_list=True, metrics=None, display=<pycaret.internal.display.display.CommonDisplay object at 0x7f0ab0881050>, model_only=True, return_train_score=False, error_score=0.0, kwargs={})
2025-06-26 12:44:14,569:INFO:Checking exceptions
2025-06-26 12:44:14,569:INFO:Importing libraries
2025-06-26 12:44:14,569:INFO:Copying training dataset
2025-06-26 12:44:14,572:INFO:Defining folds
2025-06-26 12:44:14,572:INFO:Declaring metric variables
2025-06-26 12:44:14,575:INFO:Importing untrained model
2025-06-26 12:44:14,578:INFO:Decision Tree Regressor Imported successfully
2025-06-26 12:44:14,585:INFO:Starting cross validation
2025-06-26 12:44:14,588:INFO:Cross validating with KFold(n_splits=10, random_state=None, shuffle=False), n_jobs=-1
2025-06-26 12:44:14,724:INFO:Calculating mean and std
2025-06-26 12:44:14,726:INFO:Creating metrics dataframe
2025-06-26 12:44:14,728:INFO:Uploading results into container
2025-06-26 12:44:14,729:INFO:Uploading model into container now
2025-06-26 12:44:14,729:INFO:_master_model_container: 45
2025-06-26 12:44:14,729:INFO:_display_container: 3
2025-06-26 12:44:14,730:INFO:DecisionTreeRegressor(random_state=123)
2025-06-26 12:44:14,730:INFO:create_model() successfully completed......................................
2025-06-26 12:44:14,899:INFO:SubProcess create_model() end ==================================
2025-06-26 12:44:14,899:INFO:Creating metrics dataframe
2025-06-26 12:44:14,904:INFO:Initializing Random Forest Regressor
2025-06-26 12:44:14,905:INFO:Total runtime is 0.06660510698954264 minutes
2025-06-26 12:44:14,907:INFO:SubProcess create_model() called ==================================
2025-06-26 12:44:14,908:INFO:Initializing create_model()
2025-06-26 12:44:14,908:INFO:create_model(self=<pycaret.regression.oop.RegressionExperiment object at 0x7f0a663d5090>, estimator=rf, fold=KFold(n_splits=10, random_state=None, shuffle=False), round=4, cross_validation=True, predict=True, fit_kwargs={}, groups=None, refit=False, probability_threshold=None, experiment_custom_tags=None, verbose=False, system=False, add_to_model_list=True, metrics=None, display=<pycaret.internal.display.display.CommonDisplay object at 0x7f0ab0881050>, model_only=True, return_train_score=False, error_score=0.0, kwargs={})
2025-06-26 12:44:14,908:INFO:Checking exceptions
2025-06-26 12:44:14,908:INFO:Importing libraries
2025-06-26 12:44:14,908:INFO:Copying training dataset
2025-06-26 12:44:14,910:INFO:Defining folds
2025-06-26 12:44:14,910:INFO:Declaring metric variables
2025-06-26 12:44:14,914:INFO:Importing untrained model
2025-06-26 12:44:14,916:INFO:Random Forest Regressor Imported successfully
2025-06-26 12:44:14,923:INFO:Starting cross validation
2025-06-26 12:44:14,924:INFO:Cross validating with KFold(n_splits=10, random_state=None, shuffle=False), n_jobs=-1
2025-06-26 12:44:15,418:INFO:Calculating mean and std
2025-06-26 12:44:15,419:INFO:Creating metrics dataframe
2025-06-26 12:44:15,421:INFO:Uploading results into container
2025-06-26 12:44:15,422:INFO:Uploading model into container now
2025-06-26 12:44:15,422:INFO:_master_model_container: 46
2025-06-26 12:44:15,422:INFO:_display_container: 3
2025-06-26 12:44:15,423:INFO:RandomForestRegressor(n_jobs=-1, random_state=123)
2025-06-26 12:44:15,423:INFO:create_model() successfully completed......................................
2025-06-26 12:44:15,590:INFO:SubProcess create_model() end ==================================
2025-06-26 12:44:15,590:INFO:Creating metrics dataframe
2025-06-26 12:44:15,596:INFO:Initializing Extra Trees Regressor
2025-06-26 12:44:15,596:INFO:Total runtime is 0.07813045183817545 minutes
2025-06-26 12:44:15,598:INFO:SubProcess create_model() called ==================================
2025-06-26 12:44:15,599:INFO:Initializing create_model()
2025-06-26 12:44:15,599:INFO:create_model(self=<pycaret.regression.oop.RegressionExperiment object at 0x7f0a663d5090>, estimator=et, fold=KFold(n_splits=10, random_state=None, shuffle=False), round=4, cross_validation=True, predict=True, fit_kwargs={}, groups=None, refit=False, probability_threshold=None, experiment_custom_tags=None, verbose=False, system=False, add_to_model_list=True, metrics=None, display=<pycaret.internal.display.display.CommonDisplay object at 0x7f0ab0881050>, model_only=True, return_train_score=False, error_score=0.0, kwargs={})
2025-06-26 12:44:15,599:INFO:Checking exceptions
2025-06-26 12:44:15,599:INFO:Importing libraries
2025-06-26 12:44:15,599:INFO:Copying training dataset
2025-06-26 12:44:15,603:INFO:Defining folds
2025-06-26 12:44:15,603:INFO:Declaring metric variables
2025-06-26 12:44:15,605:INFO:Importing untrained model
2025-06-26 12:44:15,610:INFO:Extra Trees Regressor Imported successfully
2025-06-26 12:44:15,616:INFO:Starting cross validation
2025-06-26 12:44:15,617:INFO:Cross validating with KFold(n_splits=10, random_state=None, shuffle=False), n_jobs=-1
2025-06-26 12:44:16,049:INFO:Calculating mean and std
2025-06-26 12:44:16,051:INFO:Creating metrics dataframe
2025-06-26 12:44:16,053:INFO:Uploading results into container
2025-06-26 12:44:16,053:INFO:Uploading model into container now
2025-06-26 12:44:16,054:INFO:_master_model_container: 47
2025-06-26 12:44:16,054:INFO:_display_container: 3
2025-06-26 12:44:16,054:INFO:ExtraTreesRegressor(n_jobs=-1, random_state=123)
2025-06-26 12:44:16,054:INFO:create_model() successfully completed......................................
2025-06-26 12:44:16,280:INFO:SubProcess create_model() end ==================================
2025-06-26 12:44:16,280:INFO:Creating metrics dataframe
2025-06-26 12:44:16,286:INFO:Initializing AdaBoost Regressor
2025-06-26 12:44:16,286:INFO:Total runtime is 0.08963004748026529 minutes
2025-06-26 12:44:16,289:INFO:SubProcess create_model() called ==================================
2025-06-26 12:44:16,289:INFO:Initializing create_model()
2025-06-26 12:44:16,289:INFO:create_model(self=<pycaret.regression.oop.RegressionExperiment object at 0x7f0a663d5090>, estimator=ada, fold=KFold(n_splits=10, random_state=None, shuffle=False), round=4, cross_validation=True, predict=True, fit_kwargs={}, groups=None, refit=False, probability_threshold=None, experiment_custom_tags=None, verbose=False, system=False, add_to_model_list=True, metrics=None, display=<pycaret.internal.display.display.CommonDisplay object at 0x7f0ab0881050>, model_only=True, return_train_score=False, error_score=0.0, kwargs={})
2025-06-26 12:44:16,289:INFO:Checking exceptions
2025-06-26 12:44:16,289:INFO:Importing libraries
2025-06-26 12:44:16,289:INFO:Copying training dataset
2025-06-26 12:44:16,292:INFO:Defining folds
2025-06-26 12:44:16,292:INFO:Declaring metric variables
2025-06-26 12:44:16,296:INFO:Importing untrained model
2025-06-26 12:44:16,299:INFO:AdaBoost Regressor Imported successfully
2025-06-26 12:44:16,305:INFO:Starting cross validation
2025-06-26 12:44:16,307:INFO:Cross validating with KFold(n_splits=10, random_state=None, shuffle=False), n_jobs=-1
2025-06-26 12:44:16,566:INFO:Calculating mean and std
2025-06-26 12:44:16,567:INFO:Creating metrics dataframe
2025-06-26 12:44:16,568:INFO:Uploading results into container
2025-06-26 12:44:16,569:INFO:Uploading model into container now
2025-06-26 12:44:16,570:INFO:_master_model_container: 48
2025-06-26 12:44:16,570:INFO:_display_container: 3
2025-06-26 12:44:16,570:INFO:AdaBoostRegressor(random_state=123)
2025-06-26 12:44:16,570:INFO:create_model() successfully completed......................................
2025-06-26 12:44:16,750:INFO:SubProcess create_model() end ==================================
2025-06-26 12:44:16,750:INFO:Creating metrics dataframe
2025-06-26 12:44:16,757:INFO:Initializing Gradient Boosting Regressor
2025-06-26 12:44:16,757:INFO:Total runtime is 0.09748374621073404 minutes
2025-06-26 12:44:16,760:INFO:SubProcess create_model() called ==================================
2025-06-26 12:44:16,761:INFO:Initializing create_model()
2025-06-26 12:44:16,761:INFO:create_model(self=<pycaret.regression.oop.RegressionExperiment object at 0x7f0a663d5090>, estimator=gbr, fold=KFold(n_splits=10, random_state=None, shuffle=False), round=4, cross_validation=True, predict=True, fit_kwargs={}, groups=None, refit=False, probability_threshold=None, experiment_custom_tags=None, verbose=False, system=False, add_to_model_list=True, metrics=None, display=<pycaret.internal.display.display.CommonDisplay object at 0x7f0ab0881050>, model_only=True, return_train_score=False, error_score=0.0, kwargs={})
2025-06-26 12:44:16,761:INFO:Checking exceptions
2025-06-26 12:44:16,761:INFO:Importing libraries
2025-06-26 12:44:16,761:INFO:Copying training dataset
2025-06-26 12:44:16,764:INFO:Defining folds
2025-06-26 12:44:16,764:INFO:Declaring metric variables
2025-06-26 12:44:16,767:INFO:Importing untrained model
2025-06-26 12:44:16,769:INFO:Gradient Boosting Regressor Imported successfully
2025-06-26 12:44:16,776:INFO:Starting cross validation
2025-06-26 12:44:16,780:INFO:Cross validating with KFold(n_splits=10, random_state=None, shuffle=False), n_jobs=-1
2025-06-26 12:44:17,038:INFO:Calculating mean and std
2025-06-26 12:44:17,039:INFO:Creating metrics dataframe
2025-06-26 12:44:17,042:INFO:Uploading results into container
2025-06-26 12:44:17,043:INFO:Uploading model into container now
2025-06-26 12:44:17,044:INFO:_master_model_container: 49
2025-06-26 12:44:17,044:INFO:_display_container: 3
2025-06-26 12:44:17,044:INFO:GradientBoostingRegressor(random_state=123)
2025-06-26 12:44:17,044:INFO:create_model() successfully completed......................................
2025-06-26 12:44:17,214:INFO:SubProcess create_model() end ==================================
2025-06-26 12:44:17,214:INFO:Creating metrics dataframe
2025-06-26 12:44:17,221:INFO:Initializing Dummy Regressor
2025-06-26 12:44:17,221:INFO:Total runtime is 0.10520756244659422 minutes
2025-06-26 12:44:17,224:INFO:SubProcess create_model() called ==================================
2025-06-26 12:44:17,225:INFO:Initializing create_model()
2025-06-26 12:44:17,225:INFO:create_model(self=<pycaret.regression.oop.RegressionExperiment object at 0x7f0a663d5090>, estimator=dummy, fold=KFold(n_splits=10, random_state=None, shuffle=False), round=4, cross_validation=True, predict=True, fit_kwargs={}, groups=None, refit=False, probability_threshold=None, experiment_custom_tags=None, verbose=False, system=False, add_to_model_list=True, metrics=None, display=<pycaret.internal.display.display.CommonDisplay object at 0x7f0ab0881050>, model_only=True, return_train_score=False, error_score=0.0, kwargs={})
2025-06-26 12:44:17,225:INFO:Checking exceptions
2025-06-26 12:44:17,225:INFO:Importing libraries
2025-06-26 12:44:17,225:INFO:Copying training dataset
2025-06-26 12:44:17,229:INFO:Defining folds
2025-06-26 12:44:17,229:INFO:Declaring metric variables
2025-06-26 12:44:17,232:INFO:Importing untrained model
2025-06-26 12:44:17,235:INFO:Dummy Regressor Imported successfully
2025-06-26 12:44:17,241:INFO:Starting cross validation
2025-06-26 12:44:17,245:INFO:Cross validating with KFold(n_splits=10, random_state=None, shuffle=False), n_jobs=-1
2025-06-26 12:44:17,393:INFO:Calculating mean and std
2025-06-26 12:44:17,393:INFO:Creating metrics dataframe
2025-06-26 12:44:17,395:INFO:Uploading results into container
2025-06-26 12:44:17,396:INFO:Uploading model into container now
2025-06-26 12:44:17,397:INFO:_master_model_container: 50
2025-06-26 12:44:17,397:INFO:_display_container: 3
2025-06-26 12:44:17,397:INFO:DummyRegressor()
2025-06-26 12:44:17,397:INFO:create_model() successfully completed......................................
2025-06-26 12:44:17,569:INFO:SubProcess create_model() end ==================================
2025-06-26 12:44:17,569:INFO:Creating metrics dataframe
2025-06-26 12:44:17,577:WARNING:/home/tj/miniconda3/envs/day1ML/lib/python3.11/site-packages/pycaret/internal/pycaret_experiment/supervised_experiment.py:339: FutureWarning: Styler.applymap has been deprecated. Use Styler.map instead.
  .applymap(highlight_cols, subset=["TT (Sec)"])

2025-06-26 12:44:17,584:INFO:Initializing create_model()
2025-06-26 12:44:17,585:INFO:create_model(self=<pycaret.regression.oop.RegressionExperiment object at 0x7f0a663d5090>, estimator=GradientBoostingRegressor(random_state=123), fold=KFold(n_splits=10, random_state=None, shuffle=False), round=4, cross_validation=False, predict=False, fit_kwargs={}, groups=None, refit=True, probability_threshold=None, experiment_custom_tags=None, verbose=False, system=False, add_to_model_list=True, metrics=None, display=None, model_only=True, return_train_score=False, error_score=0.0, kwargs={})
2025-06-26 12:44:17,585:INFO:Checking exceptions
2025-06-26 12:44:17,588:INFO:Importing libraries
2025-06-26 12:44:17,588:INFO:Copying training dataset
2025-06-26 12:44:17,591:INFO:Defining folds
2025-06-26 12:44:17,591:INFO:Declaring metric variables
2025-06-26 12:44:17,591:INFO:Importing untrained model
2025-06-26 12:44:17,591:INFO:Declaring custom model
2025-06-26 12:44:17,592:INFO:Gradient Boosting Regressor Imported successfully
2025-06-26 12:44:17,593:INFO:Cross validation set to False
2025-06-26 12:44:17,593:INFO:Fitting Model
2025-06-26 12:44:17,684:INFO:GradientBoostingRegressor(random_state=123)
2025-06-26 12:44:17,684:INFO:create_model() successfully completed......................................
2025-06-26 12:44:17,879:INFO:_master_model_container: 50
2025-06-26 12:44:17,879:INFO:_display_container: 3
2025-06-26 12:44:17,879:INFO:GradientBoostingRegressor(random_state=123)
2025-06-26 12:44:17,879:INFO:compare_models() successfully completed......................................
2025-06-26 12:48:41,059:INFO:Initializing evaluate_model()
2025-06-26 12:48:41,060:INFO:evaluate_model(self=<pycaret.regression.oop.RegressionExperiment object at 0x7f0a663d5090>, estimator=GradientBoostingRegressor(random_state=123), fold=None, fit_kwargs=None, plot_kwargs=None, feature_name=None, groups=None)
2025-06-26 12:48:41,068:INFO:Initializing plot_model()
2025-06-26 12:48:41,068:INFO:plot_model(self=<pycaret.regression.oop.RegressionExperiment object at 0x7f0a663d5090>, estimator=GradientBoostingRegressor(random_state=123), plot=pipeline, scale=1, save=False, fold=KFold(n_splits=10, random_state=None, shuffle=False), fit_kwargs={}, plot_kwargs=None, groups=None, feature_name=None, label=False, verbose=False, system=True, display=None, display_format=None)
2025-06-26 12:48:41,068:INFO:Checking exceptions
2025-06-26 12:48:41,073:INFO:Preloading libraries
2025-06-26 12:48:41,079:INFO:Copying training dataset
2025-06-26 12:48:41,079:INFO:Plot type: pipeline
2025-06-26 12:48:41,184:INFO:Visual Rendered Successfully
2025-06-26 12:48:41,299:INFO:plot_model() successfully completed......................................
2025-06-26 12:48:47,023:INFO:Initializing plot_model()
2025-06-26 12:48:47,023:INFO:plot_model(self=<pycaret.regression.oop.RegressionExperiment object at 0x7f0a663d5090>, estimator=GradientBoostingRegressor(random_state=123), plot=parameter, scale=1, save=False, fold=KFold(n_splits=10, random_state=None, shuffle=False), fit_kwargs={}, plot_kwargs=None, groups=None, feature_name=None, label=False, verbose=False, system=True, display=None, display_format=None)
2025-06-26 12:48:47,023:INFO:Checking exceptions
2025-06-26 12:48:47,026:INFO:Preloading libraries
2025-06-26 12:48:47,031:INFO:Copying training dataset
2025-06-26 12:48:47,031:INFO:Plot type: parameter
2025-06-26 12:48:47,035:INFO:Visual Rendered Successfully
2025-06-26 12:48:47,158:INFO:plot_model() successfully completed......................................
2025-06-26 12:48:50,192:INFO:Initializing plot_model()
2025-06-26 12:48:50,193:INFO:plot_model(self=<pycaret.regression.oop.RegressionExperiment object at 0x7f0a663d5090>, estimator=GradientBoostingRegressor(random_state=123), plot=residuals, scale=1, save=False, fold=KFold(n_splits=10, random_state=None, shuffle=False), fit_kwargs={}, plot_kwargs=None, groups=None, feature_name=None, label=False, verbose=False, system=True, display=None, display_format=None)
2025-06-26 12:48:50,193:INFO:Checking exceptions
2025-06-26 12:48:50,197:INFO:Preloading libraries
2025-06-26 12:48:50,202:INFO:Copying training dataset
2025-06-26 12:48:50,202:INFO:Plot type: residuals
2025-06-26 12:48:50,295:INFO:Fitting Model
2025-06-26 12:48:50,295:WARNING:/home/tj/miniconda3/envs/day1ML/lib/python3.11/site-packages/sklearn/base.py:493: UserWarning: X does not have valid feature names, but GradientBoostingRegressor was fitted with feature names
  warnings.warn(

2025-06-26 12:48:50,313:INFO:Scoring test/hold-out set
2025-06-26 12:48:50,653:INFO:Visual Rendered Successfully
2025-06-26 12:48:50,779:INFO:plot_model() successfully completed......................................
2025-06-26 12:48:54,222:INFO:Initializing plot_model()
2025-06-26 12:48:54,222:INFO:plot_model(self=<pycaret.regression.oop.RegressionExperiment object at 0x7f0a663d5090>, estimator=GradientBoostingRegressor(random_state=123), plot=error, scale=1, save=False, fold=KFold(n_splits=10, random_state=None, shuffle=False), fit_kwargs={}, plot_kwargs=None, groups=None, feature_name=None, label=False, verbose=False, system=True, display=None, display_format=None)
2025-06-26 12:48:54,222:INFO:Checking exceptions
2025-06-26 12:48:54,225:INFO:Preloading libraries
2025-06-26 12:48:54,230:INFO:Copying training dataset
2025-06-26 12:48:54,230:INFO:Plot type: error
2025-06-26 12:48:54,307:INFO:Fitting Model
2025-06-26 12:48:54,307:WARNING:/home/tj/miniconda3/envs/day1ML/lib/python3.11/site-packages/sklearn/base.py:493: UserWarning: X does not have valid feature names, but GradientBoostingRegressor was fitted with feature names
  warnings.warn(

2025-06-26 12:48:54,307:INFO:Scoring test/hold-out set
2025-06-26 12:48:54,416:INFO:Visual Rendered Successfully
2025-06-26 12:48:54,564:INFO:plot_model() successfully completed......................................
2025-06-26 12:49:04,208:INFO:Initializing plot_model()
2025-06-26 12:49:04,208:INFO:plot_model(self=<pycaret.regression.oop.RegressionExperiment object at 0x7f0a663d5090>, estimator=GradientBoostingRegressor(random_state=123), plot=cooks, scale=1, save=False, fold=KFold(n_splits=10, random_state=None, shuffle=False), fit_kwargs={}, plot_kwargs=None, groups=None, feature_name=None, label=False, verbose=False, system=True, display=None, display_format=None)
2025-06-26 12:49:04,208:INFO:Checking exceptions
2025-06-26 12:49:04,213:INFO:Preloading libraries
2025-06-26 12:49:04,217:INFO:Copying training dataset
2025-06-26 12:49:04,218:INFO:Plot type: cooks
2025-06-26 12:49:04,294:INFO:Fitting Model
2025-06-26 12:49:04,488:INFO:Visual Rendered Successfully
2025-06-26 12:49:04,618:INFO:plot_model() successfully completed......................................
2025-06-26 12:49:07,389:INFO:Initializing plot_model()
2025-06-26 12:49:07,389:INFO:plot_model(self=<pycaret.regression.oop.RegressionExperiment object at 0x7f0a663d5090>, estimator=GradientBoostingRegressor(random_state=123), plot=rfe, scale=1, save=False, fold=KFold(n_splits=10, random_state=None, shuffle=False), fit_kwargs={}, plot_kwargs=None, groups=None, feature_name=None, label=False, verbose=False, system=True, display=None, display_format=None)
2025-06-26 12:49:07,389:INFO:Checking exceptions
2025-06-26 12:49:07,390:INFO:Preloading libraries
2025-06-26 12:49:07,394:INFO:Copying training dataset
2025-06-26 12:49:07,394:INFO:Plot type: rfe
2025-06-26 12:49:07,472:INFO:Fitting Model
2025-06-26 12:50:30,713:INFO:Visual Rendered Successfully
2025-06-26 12:50:30,813:INFO:plot_model() successfully completed......................................
2025-06-26 12:50:30,831:INFO:Initializing evaluate_model()
2025-06-26 12:50:30,832:INFO:evaluate_model(self=<pycaret.regression.oop.RegressionExperiment object at 0x7f0a663d5090>, estimator=GradientBoostingRegressor(random_state=123), fold=None, fit_kwargs=None, plot_kwargs=None, feature_name=None, groups=None)
2025-06-26 12:50:30,841:INFO:Initializing plot_model()
2025-06-26 12:50:30,842:INFO:plot_model(self=<pycaret.regression.oop.RegressionExperiment object at 0x7f0a663d5090>, estimator=GradientBoostingRegressor(random_state=123), plot=pipeline, scale=1, save=False, fold=KFold(n_splits=10, random_state=None, shuffle=False), fit_kwargs={}, plot_kwargs=None, groups=None, feature_name=None, label=False, verbose=False, system=True, display=None, display_format=None)
2025-06-26 12:50:30,842:INFO:Checking exceptions
2025-06-26 12:50:30,845:INFO:Preloading libraries
2025-06-26 12:50:30,851:INFO:Copying training dataset
2025-06-26 12:50:30,851:INFO:Plot type: pipeline
2025-06-26 12:50:30,902:INFO:Visual Rendered Successfully
2025-06-26 12:50:31,007:INFO:plot_model() successfully completed......................................
2025-06-26 12:50:31,024:INFO:Initializing evaluate_model()
2025-06-26 12:50:31,025:INFO:evaluate_model(self=<pycaret.regression.oop.RegressionExperiment object at 0x7f0a663d5090>, estimator=GradientBoostingRegressor(random_state=123), fold=None, fit_kwargs=None, plot_kwargs=None, feature_name=None, groups=None)
2025-06-26 12:50:31,031:INFO:Initializing plot_model()
2025-06-26 12:50:31,031:INFO:plot_model(self=<pycaret.regression.oop.RegressionExperiment object at 0x7f0a663d5090>, estimator=GradientBoostingRegressor(random_state=123), plot=pipeline, scale=1, save=False, fold=KFold(n_splits=10, random_state=None, shuffle=False), fit_kwargs={}, plot_kwargs=None, groups=None, feature_name=None, label=False, verbose=False, system=True, display=None, display_format=None)
2025-06-26 12:50:31,031:INFO:Checking exceptions
2025-06-26 12:50:31,034:INFO:Preloading libraries
2025-06-26 12:50:31,038:INFO:Copying training dataset
2025-06-26 12:50:31,038:INFO:Plot type: pipeline
2025-06-26 12:50:31,082:INFO:Visual Rendered Successfully
2025-06-26 12:50:31,179:INFO:plot_model() successfully completed......................................
2025-06-26 12:50:31,184:INFO:Initializing plot_model()
2025-06-26 12:50:31,184:INFO:plot_model(self=<pycaret.regression.oop.RegressionExperiment object at 0x7f0a663d5090>, estimator=GradientBoostingRegressor(random_state=123), plot=parameter, scale=1, save=False, fold=KFold(n_splits=10, random_state=None, shuffle=False), fit_kwargs={}, plot_kwargs=None, groups=None, feature_name=None, label=False, verbose=False, system=True, display=None, display_format=None)
2025-06-26 12:50:31,184:INFO:Checking exceptions
2025-06-26 12:50:31,186:INFO:Preloading libraries
2025-06-26 12:50:31,190:INFO:Copying training dataset
2025-06-26 12:50:31,190:INFO:Plot type: parameter
2025-06-26 12:50:31,192:INFO:Visual Rendered Successfully
2025-06-26 12:50:31,334:INFO:plot_model() successfully completed......................................
2025-06-26 12:50:48,313:INFO:Initializing plot_model()
2025-06-26 12:50:48,313:INFO:plot_model(self=<pycaret.regression.oop.RegressionExperiment object at 0x7f0a663d5090>, estimator=GradientBoostingRegressor(random_state=123), plot=residuals_interactive, scale=1, save=False, fold=KFold(n_splits=10, random_state=None, shuffle=False), fit_kwargs={}, plot_kwargs=None, groups=None, feature_name=None, label=False, verbose=False, system=True, display=None, display_format=None)
2025-06-26 12:50:48,313:INFO:Checking exceptions
2025-06-26 12:50:48,316:INFO:Preloading libraries
2025-06-26 12:50:48,321:INFO:Copying training dataset
2025-06-26 12:50:48,321:INFO:Plot type: residuals_interactive
2025-06-26 12:50:48,453:INFO:Calculated model residuals
2025-06-26 12:50:48,717:INFO:Calculated Tunkey-Anscombe Plot
2025-06-26 12:50:48,810:INFO:Calculated Normal QQ Plot
2025-06-26 12:50:48,927:INFO:Calculated Scale-Location Plot
2025-06-26 12:50:49,086:INFO:Calculated Residual vs Leverage Plot inc. Cook's distance
2025-06-26 12:50:49,191:INFO:Visual Rendered Successfully
2025-06-26 12:50:49,332:INFO:plot_model() successfully completed......................................
2025-06-26 12:50:49,908:INFO:Initializing plot_model()
2025-06-26 12:50:49,908:INFO:plot_model(self=<pycaret.regression.oop.RegressionExperiment object at 0x7f0a663d5090>, estimator=GradientBoostingRegressor(random_state=123), plot=tree, scale=1, save=False, fold=KFold(n_splits=10, random_state=None, shuffle=False), fit_kwargs={}, plot_kwargs=None, groups=None, feature_name=None, label=False, verbose=False, system=True, display=None, display_format=None)
2025-06-26 12:50:49,908:INFO:Checking exceptions
2025-06-26 12:51:03,239:INFO:Initializing plot_model()
2025-06-26 12:51:03,239:INFO:plot_model(self=<pycaret.regression.oop.RegressionExperiment object at 0x7f0a663d5090>, estimator=GradientBoostingRegressor(random_state=123), plot=feature_all, scale=1, save=False, fold=KFold(n_splits=10, random_state=None, shuffle=False), fit_kwargs={}, plot_kwargs=None, groups=None, feature_name=None, label=False, verbose=False, system=True, display=None, display_format=None)
2025-06-26 12:51:03,240:INFO:Checking exceptions
2025-06-26 12:51:03,243:INFO:Preloading libraries
2025-06-26 12:51:03,251:INFO:Copying training dataset
2025-06-26 12:51:03,252:INFO:Plot type: feature_all
2025-06-26 12:51:03,275:WARNING:No coef_ found. Trying feature_importances_
2025-06-26 12:51:03,376:INFO:Visual Rendered Successfully
2025-06-26 12:51:03,521:INFO:plot_model() successfully completed......................................
2025-06-26 13:09:48,600:INFO:Initializing plot_model()
2025-06-26 13:09:48,601:INFO:plot_model(self=<pycaret.regression.oop.RegressionExperiment object at 0x7f0a663d5090>, estimator=GradientBoostingRegressor(random_state=123), plot=feature, scale=1, save=False, fold=KFold(n_splits=10, random_state=None, shuffle=False), fit_kwargs={}, plot_kwargs=None, groups=None, feature_name=None, label=False, verbose=False, system=True, display=None, display_format=None)
2025-06-26 13:09:48,601:INFO:Checking exceptions
2025-06-26 13:09:48,604:INFO:Preloading libraries
2025-06-26 13:09:48,608:INFO:Copying training dataset
2025-06-26 13:09:48,608:INFO:Plot type: feature
2025-06-26 13:09:48,608:WARNING:No coef_ found. Trying feature_importances_
2025-06-26 13:09:48,694:INFO:Visual Rendered Successfully
2025-06-26 13:09:48,831:INFO:plot_model() successfully completed......................................
2025-06-26 13:09:53,964:INFO:Initializing plot_model()
2025-06-26 13:09:53,964:INFO:plot_model(self=<pycaret.regression.oop.RegressionExperiment object at 0x7f0a663d5090>, estimator=GradientBoostingRegressor(random_state=123), plot=feature_all, scale=1, save=False, fold=KFold(n_splits=10, random_state=None, shuffle=False), fit_kwargs={}, plot_kwargs=None, groups=None, feature_name=None, label=False, verbose=False, system=True, display=None, display_format=None)
2025-06-26 13:09:53,964:INFO:Checking exceptions
2025-06-26 13:09:53,966:INFO:Preloading libraries
2025-06-26 13:09:53,970:INFO:Copying training dataset
2025-06-26 13:09:53,971:INFO:Plot type: feature_all
2025-06-26 13:09:53,994:WARNING:No coef_ found. Trying feature_importances_
2025-06-26 13:09:54,096:INFO:Visual Rendered Successfully
2025-06-26 13:09:54,251:INFO:plot_model() successfully completed......................................
2025-06-26 13:09:56,827:INFO:Initializing plot_model()
2025-06-26 13:09:56,828:INFO:plot_model(self=<pycaret.regression.oop.RegressionExperiment object at 0x7f0a663d5090>, estimator=GradientBoostingRegressor(random_state=123), plot=feature, scale=1, save=False, fold=KFold(n_splits=10, random_state=None, shuffle=False), fit_kwargs={}, plot_kwargs=None, groups=None, feature_name=None, label=False, verbose=False, system=True, display=None, display_format=None)
2025-06-26 13:09:56,828:INFO:Checking exceptions
2025-06-26 13:09:56,830:INFO:Preloading libraries
2025-06-26 13:09:56,834:INFO:Copying training dataset
2025-06-26 13:09:56,835:INFO:Plot type: feature
2025-06-26 13:09:56,835:WARNING:No coef_ found. Trying feature_importances_
2025-06-26 13:09:56,921:INFO:Visual Rendered Successfully
2025-06-26 13:09:57,060:INFO:plot_model() successfully completed......................................
2025-06-26 13:09:58,508:INFO:Initializing plot_model()
2025-06-26 13:09:58,508:INFO:plot_model(self=<pycaret.regression.oop.RegressionExperiment object at 0x7f0a663d5090>, estimator=GradientBoostingRegressor(random_state=123), plot=vc, scale=1, save=False, fold=KFold(n_splits=10, random_state=None, shuffle=False), fit_kwargs={}, plot_kwargs=None, groups=None, feature_name=None, label=False, verbose=False, system=True, display=None, display_format=None)
2025-06-26 13:09:58,508:INFO:Checking exceptions
2025-06-26 13:09:58,510:INFO:Preloading libraries
2025-06-26 13:09:58,514:INFO:Copying training dataset
2025-06-26 13:09:58,514:INFO:Plot type: vc
2025-06-26 13:09:58,514:INFO:Determining param_name
2025-06-26 13:09:58,514:INFO:param_name: alpha
2025-06-26 13:09:58,591:INFO:Fitting Model
2025-06-26 13:10:00,604:INFO:Visual Rendered Successfully
2025-06-26 13:10:00,747:INFO:plot_model() successfully completed......................................
2025-06-26 13:10:00,799:INFO:Initializing plot_model()
2025-06-26 13:10:00,799:INFO:plot_model(self=<pycaret.regression.oop.RegressionExperiment object at 0x7f0a663d5090>, estimator=GradientBoostingRegressor(random_state=123), plot=feature, scale=1, save=False, fold=KFold(n_splits=10, random_state=None, shuffle=False), fit_kwargs={}, plot_kwargs=None, groups=None, feature_name=None, label=False, verbose=False, system=True, display=None, display_format=None)
2025-06-26 13:10:00,799:INFO:Checking exceptions
2025-06-26 13:10:00,801:INFO:Preloading libraries
2025-06-26 13:10:00,804:INFO:Copying training dataset
2025-06-26 13:10:00,805:INFO:Plot type: feature
2025-06-26 13:10:00,806:WARNING:No coef_ found. Trying feature_importances_
2025-06-26 13:10:00,900:INFO:Visual Rendered Successfully
2025-06-26 13:10:01,044:INFO:plot_model() successfully completed......................................
2025-06-26 13:10:01,692:INFO:Initializing plot_model()
2025-06-26 13:10:01,692:INFO:plot_model(self=<pycaret.regression.oop.RegressionExperiment object at 0x7f0a663d5090>, estimator=GradientBoostingRegressor(random_state=123), plot=vc, scale=1, save=False, fold=KFold(n_splits=10, random_state=None, shuffle=False), fit_kwargs={}, plot_kwargs=None, groups=None, feature_name=None, label=False, verbose=False, system=True, display=None, display_format=None)
2025-06-26 13:10:01,693:INFO:Checking exceptions
2025-06-26 13:10:01,695:INFO:Preloading libraries
2025-06-26 13:10:01,699:INFO:Copying training dataset
2025-06-26 13:10:01,699:INFO:Plot type: vc
2025-06-26 13:10:01,700:INFO:Determining param_name
2025-06-26 13:10:01,700:INFO:param_name: alpha
2025-06-26 13:10:01,774:INFO:Fitting Model
2025-06-26 13:10:02,698:INFO:Visual Rendered Successfully
2025-06-26 13:10:02,848:INFO:plot_model() successfully completed......................................
2025-06-26 13:10:09,572:INFO:Initializing plot_model()
2025-06-26 13:10:09,572:INFO:plot_model(self=<pycaret.regression.oop.RegressionExperiment object at 0x7f0a663d5090>, estimator=GradientBoostingRegressor(random_state=123), plot=manifold, scale=1, save=False, fold=KFold(n_splits=10, random_state=None, shuffle=False), fit_kwargs={}, plot_kwargs=None, groups=None, feature_name=None, label=False, verbose=False, system=True, display=None, display_format=None)
2025-06-26 13:10:09,572:INFO:Checking exceptions
2025-06-26 13:10:09,576:INFO:Preloading libraries
2025-06-26 13:10:09,579:INFO:Copying training dataset
2025-06-26 13:10:09,579:INFO:Plot type: manifold
2025-06-26 13:10:09,663:INFO:Fitting & Transforming Model
2025-06-26 13:10:10,823:INFO:Visual Rendered Successfully
2025-06-26 13:10:10,964:INFO:plot_model() successfully completed......................................
2025-06-26 13:10:15,996:INFO:Initializing plot_model()
2025-06-26 13:10:15,997:INFO:plot_model(self=<pycaret.regression.oop.RegressionExperiment object at 0x7f0a663d5090>, estimator=GradientBoostingRegressor(random_state=123), plot=learning, scale=1, save=False, fold=KFold(n_splits=10, random_state=None, shuffle=False), fit_kwargs={}, plot_kwargs=None, groups=None, feature_name=None, label=False, verbose=False, system=True, display=None, display_format=None)
2025-06-26 13:10:15,997:INFO:Checking exceptions
2025-06-26 13:10:16,001:INFO:Preloading libraries
2025-06-26 13:10:16,007:INFO:Copying training dataset
2025-06-26 13:10:16,007:INFO:Plot type: learning
2025-06-26 13:10:16,083:INFO:Fitting Model
2025-06-26 13:10:16,929:INFO:Visual Rendered Successfully
2025-06-26 13:10:17,058:INFO:plot_model() successfully completed......................................
2025-06-26 13:10:28,573:INFO:Initializing plot_model()
2025-06-26 13:10:28,574:INFO:plot_model(self=<pycaret.regression.oop.RegressionExperiment object at 0x7f0a663d5090>, estimator=GradientBoostingRegressor(random_state=123), plot=rfe, scale=1, save=False, fold=KFold(n_splits=10, random_state=None, shuffle=False), fit_kwargs={}, plot_kwargs=None, groups=None, feature_name=None, label=False, verbose=False, system=True, display=None, display_format=None)
2025-06-26 13:10:28,574:INFO:Checking exceptions
2025-06-26 13:10:28,576:INFO:Preloading libraries
2025-06-26 13:10:28,582:INFO:Copying training dataset
2025-06-26 13:10:28,583:INFO:Plot type: rfe
2025-06-26 13:10:28,665:INFO:Fitting Model
2025-06-26 13:11:50,421:INFO:Visual Rendered Successfully
2025-06-26 13:11:50,621:INFO:plot_model() successfully completed......................................
2025-06-26 13:12:53,773:INFO:PyCaret RegressionExperiment
2025-06-26 13:12:53,773:INFO:Logging name: reg-default-name
2025-06-26 13:12:53,773:INFO:ML Usecase: MLUsecase.REGRESSION
2025-06-26 13:12:53,773:INFO:version 3.3.2
2025-06-26 13:12:53,773:INFO:Initializing setup()
2025-06-26 13:12:53,773:INFO:self.USI: 53a4
2025-06-26 13:12:53,773:INFO:self._variable_keys: {'X_train', 'fold_generator', 'data', 'logging_param', 'log_plots_param', 'fold_shuffle_param', 'n_jobs_param', 'gpu_n_jobs_param', 'exp_name_log', '_ml_usecase', 'pipeline', 'transform_target_param', 'X_test', '_available_plots', 'y', 'exp_id', 'gpu_param', 'seed', 'memory', 'fold_groups_param', 'target_param', 'X', 'idx', 'USI', 'y_test', 'html_param', 'y_train'}
2025-06-26 13:12:53,773:INFO:Checking environment
2025-06-26 13:12:53,773:INFO:python_version: 3.11.11
2025-06-26 13:12:53,773:INFO:python_build: ('main', 'Dec 11 2024 16:28:39')
2025-06-26 13:12:53,773:INFO:machine: x86_64
2025-06-26 13:12:53,773:INFO:platform: Linux-6.1.0-37-amd64-x86_64-with-glibc2.36
2025-06-26 13:12:53,773:INFO:Memory: svmem(total=16387018752, available=4411838464, percent=73.1, used=10735718400, free=518541312, active=2724745216, inactive=11738234880, buffers=253775872, cached=4878983168, shared=889724928, slab=554053632)
2025-06-26 13:12:53,773:INFO:Physical Core: 8
2025-06-26 13:12:53,773:INFO:Logical Core: 12
2025-06-26 13:12:53,773:INFO:Checking libraries
2025-06-26 13:12:53,773:INFO:System:
2025-06-26 13:12:53,773:INFO:    python: 3.11.11 (main, Dec 11 2024, 16:28:39) [GCC 11.2.0]
2025-06-26 13:12:53,774:INFO:executable: /home/tj/miniconda3/envs/day1ML/bin/python
2025-06-26 13:12:53,774:INFO:   machine: Linux-6.1.0-37-amd64-x86_64-with-glibc2.36
2025-06-26 13:12:53,774:INFO:PyCaret required dependencies:
2025-06-26 13:12:53,774:INFO:                 pip: 25.1
2025-06-26 13:12:53,774:INFO:          setuptools: 78.1.1
2025-06-26 13:12:53,774:INFO:             pycaret: 3.3.2
2025-06-26 13:12:53,774:INFO:             IPython: 9.1.0
2025-06-26 13:12:53,774:INFO:          ipywidgets: 8.1.7
2025-06-26 13:12:53,774:INFO:                tqdm: 4.67.1
2025-06-26 13:12:53,774:INFO:               numpy: 1.26.4
2025-06-26 13:12:53,774:INFO:              pandas: 2.1.4
2025-06-26 13:12:53,774:INFO:              jinja2: 3.1.6
2025-06-26 13:12:53,774:INFO:               scipy: 1.11.4
2025-06-26 13:12:53,774:INFO:              joblib: 1.3.2
2025-06-26 13:12:53,774:INFO:             sklearn: 1.4.2
2025-06-26 13:12:53,774:INFO:                pyod: 2.0.5
2025-06-26 13:12:53,774:INFO:            imblearn: 0.13.0
2025-06-26 13:12:53,774:INFO:   category_encoders: 2.7.0
2025-06-26 13:12:53,774:INFO:            lightgbm: 4.6.0
2025-06-26 13:12:53,774:INFO:               numba: 0.61.0
2025-06-26 13:12:53,774:INFO:            requests: 2.32.4
2025-06-26 13:12:53,774:INFO:          matplotlib: 3.7.5
2025-06-26 13:12:53,774:INFO:          scikitplot: 0.3.7
2025-06-26 13:12:53,774:INFO:         yellowbrick: 1.5
2025-06-26 13:12:53,774:INFO:              plotly: 5.24.1
2025-06-26 13:12:53,774:INFO:    plotly-resampler: Not installed
2025-06-26 13:12:53,774:INFO:             kaleido: 1.0.0
2025-06-26 13:12:53,774:INFO:           schemdraw: 0.15
2025-06-26 13:12:53,774:INFO:         statsmodels: 0.14.4
2025-06-26 13:12:53,774:INFO:              sktime: 0.26.0
2025-06-26 13:12:53,774:INFO:               tbats: 1.1.3
2025-06-26 13:12:53,774:INFO:            pmdarima: 2.0.4
2025-06-26 13:12:53,774:INFO:              psutil: 5.9.0
2025-06-26 13:12:53,774:INFO:          markupsafe: 3.0.2
2025-06-26 13:12:53,774:INFO:             pickle5: Not installed
2025-06-26 13:12:53,774:INFO:         cloudpickle: 3.1.1
2025-06-26 13:12:53,774:INFO:         deprecation: 2.1.0
2025-06-26 13:12:53,774:INFO:              xxhash: 3.5.0
2025-06-26 13:12:53,774:INFO:           wurlitzer: 3.1.1
2025-06-26 13:12:53,774:INFO:PyCaret optional dependencies:
2025-06-26 13:12:53,774:INFO:                shap: Not installed
2025-06-26 13:12:53,774:INFO:           interpret: Not installed
2025-06-26 13:12:53,774:INFO:                umap: Not installed
2025-06-26 13:12:53,774:INFO:     ydata_profiling: 4.16.1
2025-06-26 13:12:53,774:INFO:  explainerdashboard: Not installed
2025-06-26 13:12:53,774:INFO:             autoviz: Not installed
2025-06-26 13:12:53,774:INFO:           fairlearn: Not installed
2025-06-26 13:12:53,774:INFO:          deepchecks: Not installed
2025-06-26 13:12:53,774:INFO:             xgboost: Not installed
2025-06-26 13:12:53,774:INFO:            catboost: Not installed
2025-06-26 13:12:53,774:INFO:              kmodes: Not installed
2025-06-26 13:12:53,774:INFO:             mlxtend: Not installed
2025-06-26 13:12:53,774:INFO:       statsforecast: Not installed
2025-06-26 13:12:53,774:INFO:        tune_sklearn: Not installed
2025-06-26 13:12:53,774:INFO:                 ray: Not installed
2025-06-26 13:12:53,774:INFO:            hyperopt: Not installed
2025-06-26 13:12:53,774:INFO:              optuna: Not installed
2025-06-26 13:12:53,774:INFO:               skopt: Not installed
2025-06-26 13:12:53,774:INFO:              mlflow: Not installed
2025-06-26 13:12:53,774:INFO:              gradio: Not installed
2025-06-26 13:12:53,774:INFO:             fastapi: Not installed
2025-06-26 13:12:53,774:INFO:             uvicorn: Not installed
2025-06-26 13:12:53,774:INFO:              m2cgen: Not installed
2025-06-26 13:12:53,774:INFO:           evidently: Not installed
2025-06-26 13:12:53,774:INFO:               fugue: Not installed
2025-06-26 13:12:53,774:INFO:           streamlit: Not installed
2025-06-26 13:12:53,774:INFO:             prophet: Not installed
2025-06-26 13:12:53,774:INFO:None
2025-06-26 13:12:53,774:INFO:Set up data.
2025-06-26 13:12:53,778:INFO:Set up folding strategy.
2025-06-26 13:12:53,778:INFO:Set up train/test split.
2025-06-26 13:12:53,780:INFO:Set up index.
2025-06-26 13:12:53,780:INFO:Assigning column types.
2025-06-26 13:12:53,782:INFO:Engine successfully changes for model 'lr' to 'sklearn'.
2025-06-26 13:12:53,782:INFO:Engine for model 'lasso' has not been set explicitly, hence returning None.
2025-06-26 13:12:53,785:INFO:Engine for model 'ridge' has not been set explicitly, hence returning None.
2025-06-26 13:12:53,787:INFO:Engine for model 'en' has not been set explicitly, hence returning None.
2025-06-26 13:12:53,814:INFO:Engine for model 'svm' has not been set explicitly, hence returning None.
2025-06-26 13:12:53,834:INFO:Engine for model 'knn' has not been set explicitly, hence returning None.
2025-06-26 13:12:53,834:WARNING:
'xgboost' is a soft dependency and not included in the pycaret installation. Please run: `pip install xgboost` to install.
Alternately, you can install this by running `pip install pycaret[models]`
2025-06-26 13:12:53,834:WARNING:
'catboost' is a soft dependency and not included in the pycaret installation. Please run: `pip install catboost` to install.
Alternately, you can install this by running `pip install pycaret[models]`
2025-06-26 13:12:53,834:INFO:Engine for model 'lasso' has not been set explicitly, hence returning None.
2025-06-26 13:12:53,836:INFO:Engine for model 'ridge' has not been set explicitly, hence returning None.
2025-06-26 13:12:53,838:INFO:Engine for model 'en' has not been set explicitly, hence returning None.
2025-06-26 13:12:53,865:INFO:Engine for model 'svm' has not been set explicitly, hence returning None.
2025-06-26 13:12:53,885:INFO:Engine for model 'knn' has not been set explicitly, hence returning None.
2025-06-26 13:12:53,886:WARNING:
'xgboost' is a soft dependency and not included in the pycaret installation. Please run: `pip install xgboost` to install.
Alternately, you can install this by running `pip install pycaret[models]`
2025-06-26 13:12:53,886:WARNING:
'catboost' is a soft dependency and not included in the pycaret installation. Please run: `pip install catboost` to install.
Alternately, you can install this by running `pip install pycaret[models]`
2025-06-26 13:12:53,886:INFO:Engine successfully changes for model 'lasso' to 'sklearn'.
2025-06-26 13:12:53,888:INFO:Engine for model 'ridge' has not been set explicitly, hence returning None.
2025-06-26 13:12:53,890:INFO:Engine for model 'en' has not been set explicitly, hence returning None.
2025-06-26 13:12:53,915:INFO:Engine for model 'svm' has not been set explicitly, hence returning None.
2025-06-26 13:12:53,934:INFO:Engine for model 'knn' has not been set explicitly, hence returning None.
2025-06-26 13:12:53,935:WARNING:
'xgboost' is a soft dependency and not included in the pycaret installation. Please run: `pip install xgboost` to install.
Alternately, you can install this by running `pip install pycaret[models]`
2025-06-26 13:12:53,935:WARNING:
'catboost' is a soft dependency and not included in the pycaret installation. Please run: `pip install catboost` to install.
Alternately, you can install this by running `pip install pycaret[models]`
2025-06-26 13:12:53,937:INFO:Engine for model 'ridge' has not been set explicitly, hence returning None.
2025-06-26 13:12:53,939:INFO:Engine for model 'en' has not been set explicitly, hence returning None.
2025-06-26 13:12:53,963:INFO:Engine for model 'svm' has not been set explicitly, hence returning None.
2025-06-26 13:12:53,982:INFO:Engine for model 'knn' has not been set explicitly, hence returning None.
2025-06-26 13:12:53,983:WARNING:
'xgboost' is a soft dependency and not included in the pycaret installation. Please run: `pip install xgboost` to install.
Alternately, you can install this by running `pip install pycaret[models]`
2025-06-26 13:12:53,983:WARNING:
'catboost' is a soft dependency and not included in the pycaret installation. Please run: `pip install catboost` to install.
Alternately, you can install this by running `pip install pycaret[models]`
2025-06-26 13:12:53,983:INFO:Engine successfully changes for model 'ridge' to 'sklearn'.
2025-06-26 13:12:53,987:INFO:Engine for model 'en' has not been set explicitly, hence returning None.
2025-06-26 13:12:54,012:INFO:Engine for model 'svm' has not been set explicitly, hence returning None.
2025-06-26 13:12:54,031:INFO:Engine for model 'knn' has not been set explicitly, hence returning None.
2025-06-26 13:12:54,031:WARNING:
'xgboost' is a soft dependency and not included in the pycaret installation. Please run: `pip install xgboost` to install.
Alternately, you can install this by running `pip install pycaret[models]`
2025-06-26 13:12:54,031:WARNING:
'catboost' is a soft dependency and not included in the pycaret installation. Please run: `pip install catboost` to install.
Alternately, you can install this by running `pip install pycaret[models]`
2025-06-26 13:12:54,035:INFO:Engine for model 'en' has not been set explicitly, hence returning None.
2025-06-26 13:12:54,059:INFO:Engine for model 'svm' has not been set explicitly, hence returning None.
2025-06-26 13:12:54,079:INFO:Engine for model 'knn' has not been set explicitly, hence returning None.
2025-06-26 13:12:54,079:WARNING:
'xgboost' is a soft dependency and not included in the pycaret installation. Please run: `pip install xgboost` to install.
Alternately, you can install this by running `pip install pycaret[models]`
2025-06-26 13:12:54,079:WARNING:
'catboost' is a soft dependency and not included in the pycaret installation. Please run: `pip install catboost` to install.
Alternately, you can install this by running `pip install pycaret[models]`
2025-06-26 13:12:54,080:INFO:Engine successfully changes for model 'en' to 'sklearn'.
2025-06-26 13:12:54,124:INFO:Engine for model 'svm' has not been set explicitly, hence returning None.
2025-06-26 13:12:54,151:INFO:Engine for model 'knn' has not been set explicitly, hence returning None.
2025-06-26 13:12:54,151:WARNING:
'xgboost' is a soft dependency and not included in the pycaret installation. Please run: `pip install xgboost` to install.
Alternately, you can install this by running `pip install pycaret[models]`
2025-06-26 13:12:54,151:WARNING:
'catboost' is a soft dependency and not included in the pycaret installation. Please run: `pip install catboost` to install.
Alternately, you can install this by running `pip install pycaret[models]`
2025-06-26 13:12:54,181:INFO:Engine for model 'svm' has not been set explicitly, hence returning None.
2025-06-26 13:12:54,201:INFO:Engine for model 'knn' has not been set explicitly, hence returning None.
2025-06-26 13:12:54,201:WARNING:
'xgboost' is a soft dependency and not included in the pycaret installation. Please run: `pip install xgboost` to install.
Alternately, you can install this by running `pip install pycaret[models]`
2025-06-26 13:12:54,201:WARNING:
'catboost' is a soft dependency and not included in the pycaret installation. Please run: `pip install catboost` to install.
Alternately, you can install this by running `pip install pycaret[models]`
2025-06-26 13:12:54,201:INFO:Engine successfully changes for model 'knn' to 'sklearn'.
2025-06-26 13:12:54,231:INFO:Engine for model 'svm' has not been set explicitly, hence returning None.
2025-06-26 13:12:54,252:WARNING:
'xgboost' is a soft dependency and not included in the pycaret installation. Please run: `pip install xgboost` to install.
Alternately, you can install this by running `pip install pycaret[models]`
2025-06-26 13:12:54,252:WARNING:
'catboost' is a soft dependency and not included in the pycaret installation. Please run: `pip install catboost` to install.
Alternately, you can install this by running `pip install pycaret[models]`
2025-06-26 13:12:54,281:INFO:Engine for model 'svm' has not been set explicitly, hence returning None.
2025-06-26 13:12:54,302:WARNING:
'xgboost' is a soft dependency and not included in the pycaret installation. Please run: `pip install xgboost` to install.
Alternately, you can install this by running `pip install pycaret[models]`
2025-06-26 13:12:54,302:WARNING:
'catboost' is a soft dependency and not included in the pycaret installation. Please run: `pip install catboost` to install.
Alternately, you can install this by running `pip install pycaret[models]`
2025-06-26 13:12:54,302:INFO:Engine successfully changes for model 'svm' to 'sklearn'.
2025-06-26 13:12:54,353:WARNING:
'xgboost' is a soft dependency and not included in the pycaret installation. Please run: `pip install xgboost` to install.
Alternately, you can install this by running `pip install pycaret[models]`
2025-06-26 13:12:54,353:WARNING:
'catboost' is a soft dependency and not included in the pycaret installation. Please run: `pip install catboost` to install.
Alternately, you can install this by running `pip install pycaret[models]`
2025-06-26 13:12:54,406:WARNING:
'xgboost' is a soft dependency and not included in the pycaret installation. Please run: `pip install xgboost` to install.
Alternately, you can install this by running `pip install pycaret[models]`
2025-06-26 13:12:54,406:WARNING:
'catboost' is a soft dependency and not included in the pycaret installation. Please run: `pip install catboost` to install.
Alternately, you can install this by running `pip install pycaret[models]`
2025-06-26 13:12:54,407:INFO:Preparing preprocessing pipeline...
2025-06-26 13:12:54,407:INFO:Set up simple imputation.
2025-06-26 13:12:54,408:INFO:Set up encoding of categorical features.
2025-06-26 13:12:54,432:INFO:Finished creating preprocessing pipeline.
2025-06-26 13:12:54,435:INFO:Pipeline: Pipeline(memory=FastMemory(location=/tmp/joblib),
         steps=[('numerical_imputer',
                 TransformerWrapper(include=['year', 'rainfall'],
                                    transformer=SimpleImputer())),
                ('categorical_imputer',
                 TransformerWrapper(include=['month', 'region'],
                                    transformer=SimpleImputer(strategy='most_frequent'))),
                ('onehot_encoding',
                 TransformerWrapper(include=['month', 'region'],
                                    transformer=OneHotEncoder(cols=['month',
                                                                    'region'],
                                                              handle_missing='return_nan',
                                                              use_cat_names=True)))])
2025-06-26 13:12:54,435:INFO:Creating final display dataframe.
2025-06-26 13:12:54,548:INFO:Setup _display_container:                     Description             Value
0                    Session id               123
1                        Target            runoff
2                   Target type        Regression
3           Original data shape         (1216, 5)
4        Transformed data shape        (1216, 19)
5   Transformed train set shape         (851, 19)
6    Transformed test set shape         (365, 19)
7              Numeric features                 2
8          Categorical features                 2
9      Rows with missing values             25.0%
10                   Preprocess              True
11              Imputation type            simple
12           Numeric imputation              mean
13       Categorical imputation              mode
14     Maximum one-hot encoding                25
15              Encoding method              None
16               Fold Generator             KFold
17                  Fold Number                10
18                     CPU Jobs                -1
19                      Use GPU             False
20               Log Experiment             False
21              Experiment Name  reg-default-name
22                          USI              53a4
2025-06-26 13:12:54,612:WARNING:
'xgboost' is a soft dependency and not included in the pycaret installation. Please run: `pip install xgboost` to install.
Alternately, you can install this by running `pip install pycaret[models]`
2025-06-26 13:12:54,613:WARNING:
'catboost' is a soft dependency and not included in the pycaret installation. Please run: `pip install catboost` to install.
Alternately, you can install this by running `pip install pycaret[models]`
2025-06-26 13:12:54,667:WARNING:
'xgboost' is a soft dependency and not included in the pycaret installation. Please run: `pip install xgboost` to install.
Alternately, you can install this by running `pip install pycaret[models]`
2025-06-26 13:12:54,667:WARNING:
'catboost' is a soft dependency and not included in the pycaret installation. Please run: `pip install catboost` to install.
Alternately, you can install this by running `pip install pycaret[models]`
2025-06-26 13:12:54,667:INFO:setup() successfully completed in 0.89s...............
2025-06-26 13:12:59,396:INFO:Initializing compare_models()
2025-06-26 13:12:59,396:INFO:compare_models(self=<pycaret.regression.oop.RegressionExperiment object at 0x7f0a2230b7d0>, include=None, exclude=['lightgbm'], fold=None, round=4, cross_validation=True, sort=MAE, n_select=1, budget_time=None, turbo=True, errors=ignore, fit_kwargs=None, groups=None, experiment_custom_tags=None, probability_threshold=None, verbose=True, parallel=None, caller_params={'self': <pycaret.regression.oop.RegressionExperiment object at 0x7f0a2230b7d0>, 'include': None, 'exclude': ['lightgbm'], 'fold': None, 'round': 4, 'cross_validation': True, 'sort': 'MAE', 'n_select': 1, 'budget_time': None, 'turbo': True, 'errors': 'ignore', 'fit_kwargs': None, 'groups': None, 'experiment_custom_tags': None, 'engine': None, 'verbose': True, 'parallel': None, '__class__': <class 'pycaret.regression.oop.RegressionExperiment'>})
2025-06-26 13:12:59,396:INFO:Checking exceptions
2025-06-26 13:12:59,398:INFO:Preparing display monitor
2025-06-26 13:12:59,411:INFO:Initializing Linear Regression
2025-06-26 13:12:59,411:INFO:Total runtime is 4.382928212483724e-06 minutes
2025-06-26 13:12:59,414:INFO:SubProcess create_model() called ==================================
2025-06-26 13:12:59,415:INFO:Initializing create_model()
2025-06-26 13:12:59,415:INFO:create_model(self=<pycaret.regression.oop.RegressionExperiment object at 0x7f0a2230b7d0>, estimator=lr, fold=KFold(n_splits=10, random_state=None, shuffle=False), round=4, cross_validation=True, predict=True, fit_kwargs={}, groups=None, refit=False, probability_threshold=None, experiment_custom_tags=None, verbose=False, system=False, add_to_model_list=True, metrics=None, display=<pycaret.internal.display.display.CommonDisplay object at 0x7f0a223762d0>, model_only=True, return_train_score=False, error_score=0.0, kwargs={})
2025-06-26 13:12:59,415:INFO:Checking exceptions
2025-06-26 13:12:59,415:INFO:Importing libraries
2025-06-26 13:12:59,415:INFO:Copying training dataset
2025-06-26 13:12:59,418:INFO:Defining folds
2025-06-26 13:12:59,418:INFO:Declaring metric variables
2025-06-26 13:12:59,421:INFO:Importing untrained model
2025-06-26 13:12:59,425:INFO:Linear Regression Imported successfully
2025-06-26 13:12:59,432:INFO:Starting cross validation
2025-06-26 13:12:59,434:INFO:Cross validating with KFold(n_splits=10, random_state=None, shuffle=False), n_jobs=-1
2025-06-26 13:13:00,621:INFO:Calculating mean and std
2025-06-26 13:13:00,622:INFO:Creating metrics dataframe
2025-06-26 13:13:00,623:INFO:Uploading results into container
2025-06-26 13:13:00,624:INFO:Uploading model into container now
2025-06-26 13:13:00,624:INFO:_master_model_container: 1
2025-06-26 13:13:00,624:INFO:_display_container: 2
2025-06-26 13:13:00,624:INFO:LinearRegression(n_jobs=-1)
2025-06-26 13:13:00,624:INFO:create_model() successfully completed......................................
2025-06-26 13:13:00,791:INFO:SubProcess create_model() end ==================================
2025-06-26 13:13:00,791:INFO:Creating metrics dataframe
2025-06-26 13:13:00,795:INFO:Initializing Lasso Regression
2025-06-26 13:13:00,795:INFO:Total runtime is 0.023066818714141846 minutes
2025-06-26 13:13:00,797:INFO:SubProcess create_model() called ==================================
2025-06-26 13:13:00,798:INFO:Initializing create_model()
2025-06-26 13:13:00,798:INFO:create_model(self=<pycaret.regression.oop.RegressionExperiment object at 0x7f0a2230b7d0>, estimator=lasso, fold=KFold(n_splits=10, random_state=None, shuffle=False), round=4, cross_validation=True, predict=True, fit_kwargs={}, groups=None, refit=False, probability_threshold=None, experiment_custom_tags=None, verbose=False, system=False, add_to_model_list=True, metrics=None, display=<pycaret.internal.display.display.CommonDisplay object at 0x7f0a223762d0>, model_only=True, return_train_score=False, error_score=0.0, kwargs={})
2025-06-26 13:13:00,798:INFO:Checking exceptions
2025-06-26 13:13:00,798:INFO:Importing libraries
2025-06-26 13:13:00,798:INFO:Copying training dataset
2025-06-26 13:13:00,800:INFO:Defining folds
2025-06-26 13:13:00,800:INFO:Declaring metric variables
2025-06-26 13:13:00,802:INFO:Importing untrained model
2025-06-26 13:13:00,804:INFO:Lasso Regression Imported successfully
2025-06-26 13:13:00,809:INFO:Starting cross validation
2025-06-26 13:13:00,811:INFO:Cross validating with KFold(n_splits=10, random_state=None, shuffle=False), n_jobs=-1
2025-06-26 13:13:01,375:INFO:Calculating mean and std
2025-06-26 13:13:01,376:INFO:Creating metrics dataframe
2025-06-26 13:13:01,378:INFO:Uploading results into container
2025-06-26 13:13:01,379:INFO:Uploading model into container now
2025-06-26 13:13:01,379:INFO:_master_model_container: 2
2025-06-26 13:13:01,379:INFO:_display_container: 2
2025-06-26 13:13:01,379:INFO:Lasso(random_state=123)
2025-06-26 13:13:01,379:INFO:create_model() successfully completed......................................
2025-06-26 13:13:01,547:INFO:SubProcess create_model() end ==================================
2025-06-26 13:13:01,547:INFO:Creating metrics dataframe
2025-06-26 13:13:01,551:INFO:Initializing Ridge Regression
2025-06-26 13:13:01,552:INFO:Total runtime is 0.03567200104395549 minutes
2025-06-26 13:13:01,553:INFO:SubProcess create_model() called ==================================
2025-06-26 13:13:01,554:INFO:Initializing create_model()
2025-06-26 13:13:01,554:INFO:create_model(self=<pycaret.regression.oop.RegressionExperiment object at 0x7f0a2230b7d0>, estimator=ridge, fold=KFold(n_splits=10, random_state=None, shuffle=False), round=4, cross_validation=True, predict=True, fit_kwargs={}, groups=None, refit=False, probability_threshold=None, experiment_custom_tags=None, verbose=False, system=False, add_to_model_list=True, metrics=None, display=<pycaret.internal.display.display.CommonDisplay object at 0x7f0a223762d0>, model_only=True, return_train_score=False, error_score=0.0, kwargs={})
2025-06-26 13:13:01,554:INFO:Checking exceptions
2025-06-26 13:13:01,554:INFO:Importing libraries
2025-06-26 13:13:01,554:INFO:Copying training dataset
2025-06-26 13:13:01,556:INFO:Defining folds
2025-06-26 13:13:01,556:INFO:Declaring metric variables
2025-06-26 13:13:01,560:INFO:Importing untrained model
2025-06-26 13:13:01,563:INFO:Ridge Regression Imported successfully
2025-06-26 13:13:01,568:INFO:Starting cross validation
2025-06-26 13:13:01,570:INFO:Cross validating with KFold(n_splits=10, random_state=None, shuffle=False), n_jobs=-1
2025-06-26 13:13:01,693:INFO:Calculating mean and std
2025-06-26 13:13:01,693:INFO:Creating metrics dataframe
2025-06-26 13:13:01,695:INFO:Uploading results into container
2025-06-26 13:13:01,696:INFO:Uploading model into container now
2025-06-26 13:13:01,697:INFO:_master_model_container: 3
2025-06-26 13:13:01,697:INFO:_display_container: 2
2025-06-26 13:13:01,697:INFO:Ridge(random_state=123)
2025-06-26 13:13:01,697:INFO:create_model() successfully completed......................................
2025-06-26 13:13:01,859:INFO:SubProcess create_model() end ==================================
2025-06-26 13:13:01,859:INFO:Creating metrics dataframe
2025-06-26 13:13:01,863:INFO:Initializing Elastic Net
2025-06-26 13:13:01,863:INFO:Total runtime is 0.04086649417877197 minutes
2025-06-26 13:13:01,865:INFO:SubProcess create_model() called ==================================
2025-06-26 13:13:01,865:INFO:Initializing create_model()
2025-06-26 13:13:01,865:INFO:create_model(self=<pycaret.regression.oop.RegressionExperiment object at 0x7f0a2230b7d0>, estimator=en, fold=KFold(n_splits=10, random_state=None, shuffle=False), round=4, cross_validation=True, predict=True, fit_kwargs={}, groups=None, refit=False, probability_threshold=None, experiment_custom_tags=None, verbose=False, system=False, add_to_model_list=True, metrics=None, display=<pycaret.internal.display.display.CommonDisplay object at 0x7f0a223762d0>, model_only=True, return_train_score=False, error_score=0.0, kwargs={})
2025-06-26 13:13:01,865:INFO:Checking exceptions
2025-06-26 13:13:01,865:INFO:Importing libraries
2025-06-26 13:13:01,865:INFO:Copying training dataset
2025-06-26 13:13:01,867:INFO:Defining folds
2025-06-26 13:13:01,867:INFO:Declaring metric variables
2025-06-26 13:13:01,870:INFO:Importing untrained model
2025-06-26 13:13:01,873:INFO:Elastic Net Imported successfully
2025-06-26 13:13:01,878:INFO:Starting cross validation
2025-06-26 13:13:01,880:INFO:Cross validating with KFold(n_splits=10, random_state=None, shuffle=False), n_jobs=-1
2025-06-26 13:13:01,989:INFO:Calculating mean and std
2025-06-26 13:13:01,989:INFO:Creating metrics dataframe
2025-06-26 13:13:01,990:INFO:Uploading results into container
2025-06-26 13:13:01,991:INFO:Uploading model into container now
2025-06-26 13:13:01,991:INFO:_master_model_container: 4
2025-06-26 13:13:01,991:INFO:_display_container: 2
2025-06-26 13:13:01,992:INFO:ElasticNet(random_state=123)
2025-06-26 13:13:01,992:INFO:create_model() successfully completed......................................
2025-06-26 13:13:02,245:INFO:SubProcess create_model() end ==================================
2025-06-26 13:13:02,245:INFO:Creating metrics dataframe
2025-06-26 13:13:02,249:INFO:Initializing Least Angle Regression
2025-06-26 13:13:02,249:INFO:Total runtime is 0.047293492158253986 minutes
2025-06-26 13:13:02,251:INFO:SubProcess create_model() called ==================================
2025-06-26 13:13:02,251:INFO:Initializing create_model()
2025-06-26 13:13:02,252:INFO:create_model(self=<pycaret.regression.oop.RegressionExperiment object at 0x7f0a2230b7d0>, estimator=lar, fold=KFold(n_splits=10, random_state=None, shuffle=False), round=4, cross_validation=True, predict=True, fit_kwargs={}, groups=None, refit=False, probability_threshold=None, experiment_custom_tags=None, verbose=False, system=False, add_to_model_list=True, metrics=None, display=<pycaret.internal.display.display.CommonDisplay object at 0x7f0a223762d0>, model_only=True, return_train_score=False, error_score=0.0, kwargs={})
2025-06-26 13:13:02,252:INFO:Checking exceptions
2025-06-26 13:13:02,252:INFO:Importing libraries
2025-06-26 13:13:02,252:INFO:Copying training dataset
2025-06-26 13:13:02,254:INFO:Defining folds
2025-06-26 13:13:02,254:INFO:Declaring metric variables
2025-06-26 13:13:02,256:INFO:Importing untrained model
2025-06-26 13:13:02,259:INFO:Least Angle Regression Imported successfully
2025-06-26 13:13:02,263:INFO:Starting cross validation
2025-06-26 13:13:02,265:INFO:Cross validating with KFold(n_splits=10, random_state=None, shuffle=False), n_jobs=-1
2025-06-26 13:13:02,389:INFO:Calculating mean and std
2025-06-26 13:13:02,390:INFO:Creating metrics dataframe
2025-06-26 13:13:02,392:INFO:Uploading results into container
2025-06-26 13:13:02,392:INFO:Uploading model into container now
2025-06-26 13:13:02,392:INFO:_master_model_container: 5
2025-06-26 13:13:02,392:INFO:_display_container: 2
2025-06-26 13:13:02,393:INFO:Lars(random_state=123)
2025-06-26 13:13:02,393:INFO:create_model() successfully completed......................................
2025-06-26 13:13:02,566:INFO:SubProcess create_model() end ==================================
2025-06-26 13:13:02,566:INFO:Creating metrics dataframe
2025-06-26 13:13:02,570:INFO:Initializing Lasso Least Angle Regression
2025-06-26 13:13:02,570:INFO:Total runtime is 0.05264959335327148 minutes
2025-06-26 13:13:02,572:INFO:SubProcess create_model() called ==================================
2025-06-26 13:13:02,572:INFO:Initializing create_model()
2025-06-26 13:13:02,572:INFO:create_model(self=<pycaret.regression.oop.RegressionExperiment object at 0x7f0a2230b7d0>, estimator=llar, fold=KFold(n_splits=10, random_state=None, shuffle=False), round=4, cross_validation=True, predict=True, fit_kwargs={}, groups=None, refit=False, probability_threshold=None, experiment_custom_tags=None, verbose=False, system=False, add_to_model_list=True, metrics=None, display=<pycaret.internal.display.display.CommonDisplay object at 0x7f0a223762d0>, model_only=True, return_train_score=False, error_score=0.0, kwargs={})
2025-06-26 13:13:02,572:INFO:Checking exceptions
2025-06-26 13:13:02,572:INFO:Importing libraries
2025-06-26 13:13:02,572:INFO:Copying training dataset
2025-06-26 13:13:02,574:INFO:Defining folds
2025-06-26 13:13:02,574:INFO:Declaring metric variables
2025-06-26 13:13:02,577:INFO:Importing untrained model
2025-06-26 13:13:02,580:INFO:Lasso Least Angle Regression Imported successfully
2025-06-26 13:13:02,583:INFO:Starting cross validation
2025-06-26 13:13:02,585:INFO:Cross validating with KFold(n_splits=10, random_state=None, shuffle=False), n_jobs=-1
2025-06-26 13:13:02,700:INFO:Calculating mean and std
2025-06-26 13:13:02,701:INFO:Creating metrics dataframe
2025-06-26 13:13:02,703:INFO:Uploading results into container
2025-06-26 13:13:02,703:INFO:Uploading model into container now
2025-06-26 13:13:02,703:INFO:_master_model_container: 6
2025-06-26 13:13:02,703:INFO:_display_container: 2
2025-06-26 13:13:02,703:INFO:LassoLars(random_state=123)
2025-06-26 13:13:02,703:INFO:create_model() successfully completed......................................
2025-06-26 13:13:02,875:INFO:SubProcess create_model() end ==================================
2025-06-26 13:13:02,875:INFO:Creating metrics dataframe
2025-06-26 13:13:02,879:INFO:Initializing Orthogonal Matching Pursuit
2025-06-26 13:13:02,879:INFO:Total runtime is 0.05780067046483357 minutes
2025-06-26 13:13:02,881:INFO:SubProcess create_model() called ==================================
2025-06-26 13:13:02,882:INFO:Initializing create_model()
2025-06-26 13:13:02,882:INFO:create_model(self=<pycaret.regression.oop.RegressionExperiment object at 0x7f0a2230b7d0>, estimator=omp, fold=KFold(n_splits=10, random_state=None, shuffle=False), round=4, cross_validation=True, predict=True, fit_kwargs={}, groups=None, refit=False, probability_threshold=None, experiment_custom_tags=None, verbose=False, system=False, add_to_model_list=True, metrics=None, display=<pycaret.internal.display.display.CommonDisplay object at 0x7f0a223762d0>, model_only=True, return_train_score=False, error_score=0.0, kwargs={})
2025-06-26 13:13:02,882:INFO:Checking exceptions
2025-06-26 13:13:02,882:INFO:Importing libraries
2025-06-26 13:13:02,882:INFO:Copying training dataset
2025-06-26 13:13:02,886:INFO:Defining folds
2025-06-26 13:13:02,886:INFO:Declaring metric variables
2025-06-26 13:13:02,888:INFO:Importing untrained model
2025-06-26 13:13:02,890:INFO:Orthogonal Matching Pursuit Imported successfully
2025-06-26 13:13:02,895:INFO:Starting cross validation
2025-06-26 13:13:02,896:INFO:Cross validating with KFold(n_splits=10, random_state=None, shuffle=False), n_jobs=-1
2025-06-26 13:13:03,006:INFO:Calculating mean and std
2025-06-26 13:13:03,007:INFO:Creating metrics dataframe
2025-06-26 13:13:03,008:INFO:Uploading results into container
2025-06-26 13:13:03,009:INFO:Uploading model into container now
2025-06-26 13:13:03,009:INFO:_master_model_container: 7
2025-06-26 13:13:03,009:INFO:_display_container: 2
2025-06-26 13:13:03,009:INFO:OrthogonalMatchingPursuit()
2025-06-26 13:13:03,009:INFO:create_model() successfully completed......................................
2025-06-26 13:13:03,174:INFO:SubProcess create_model() end ==================================
2025-06-26 13:13:03,174:INFO:Creating metrics dataframe
2025-06-26 13:13:03,179:INFO:Initializing Bayesian Ridge
2025-06-26 13:13:03,179:INFO:Total runtime is 0.06280497312545776 minutes
2025-06-26 13:13:03,181:INFO:SubProcess create_model() called ==================================
2025-06-26 13:13:03,182:INFO:Initializing create_model()
2025-06-26 13:13:03,182:INFO:create_model(self=<pycaret.regression.oop.RegressionExperiment object at 0x7f0a2230b7d0>, estimator=br, fold=KFold(n_splits=10, random_state=None, shuffle=False), round=4, cross_validation=True, predict=True, fit_kwargs={}, groups=None, refit=False, probability_threshold=None, experiment_custom_tags=None, verbose=False, system=False, add_to_model_list=True, metrics=None, display=<pycaret.internal.display.display.CommonDisplay object at 0x7f0a223762d0>, model_only=True, return_train_score=False, error_score=0.0, kwargs={})
2025-06-26 13:13:03,182:INFO:Checking exceptions
2025-06-26 13:13:03,182:INFO:Importing libraries
2025-06-26 13:13:03,182:INFO:Copying training dataset
2025-06-26 13:13:03,184:INFO:Defining folds
2025-06-26 13:13:03,184:INFO:Declaring metric variables
2025-06-26 13:13:03,186:INFO:Importing untrained model
2025-06-26 13:13:03,189:INFO:Bayesian Ridge Imported successfully
2025-06-26 13:13:03,193:INFO:Starting cross validation
2025-06-26 13:13:03,194:INFO:Cross validating with KFold(n_splits=10, random_state=None, shuffle=False), n_jobs=-1
2025-06-26 13:13:03,303:INFO:Calculating mean and std
2025-06-26 13:13:03,304:INFO:Creating metrics dataframe
2025-06-26 13:13:03,306:INFO:Uploading results into container
2025-06-26 13:13:03,306:INFO:Uploading model into container now
2025-06-26 13:13:03,307:INFO:_master_model_container: 8
2025-06-26 13:13:03,307:INFO:_display_container: 2
2025-06-26 13:13:03,307:INFO:BayesianRidge()
2025-06-26 13:13:03,307:INFO:create_model() successfully completed......................................
2025-06-26 13:13:03,524:INFO:SubProcess create_model() end ==================================
2025-06-26 13:13:03,524:INFO:Creating metrics dataframe
2025-06-26 13:13:03,529:INFO:Initializing Passive Aggressive Regressor
2025-06-26 13:13:03,529:INFO:Total runtime is 0.06863797903060913 minutes
2025-06-26 13:13:03,531:INFO:SubProcess create_model() called ==================================
2025-06-26 13:13:03,532:INFO:Initializing create_model()
2025-06-26 13:13:03,532:INFO:create_model(self=<pycaret.regression.oop.RegressionExperiment object at 0x7f0a2230b7d0>, estimator=par, fold=KFold(n_splits=10, random_state=None, shuffle=False), round=4, cross_validation=True, predict=True, fit_kwargs={}, groups=None, refit=False, probability_threshold=None, experiment_custom_tags=None, verbose=False, system=False, add_to_model_list=True, metrics=None, display=<pycaret.internal.display.display.CommonDisplay object at 0x7f0a223762d0>, model_only=True, return_train_score=False, error_score=0.0, kwargs={})
2025-06-26 13:13:03,532:INFO:Checking exceptions
2025-06-26 13:13:03,532:INFO:Importing libraries
2025-06-26 13:13:03,532:INFO:Copying training dataset
2025-06-26 13:13:03,535:INFO:Defining folds
2025-06-26 13:13:03,535:INFO:Declaring metric variables
2025-06-26 13:13:03,538:INFO:Importing untrained model
2025-06-26 13:13:03,541:INFO:Passive Aggressive Regressor Imported successfully
2025-06-26 13:13:03,546:INFO:Starting cross validation
2025-06-26 13:13:03,548:INFO:Cross validating with KFold(n_splits=10, random_state=None, shuffle=False), n_jobs=-1
2025-06-26 13:13:03,669:INFO:Calculating mean and std
2025-06-26 13:13:03,669:INFO:Creating metrics dataframe
2025-06-26 13:13:03,670:INFO:Uploading results into container
2025-06-26 13:13:03,671:INFO:Uploading model into container now
2025-06-26 13:13:03,671:INFO:_master_model_container: 9
2025-06-26 13:13:03,671:INFO:_display_container: 2
2025-06-26 13:13:03,671:INFO:PassiveAggressiveRegressor(random_state=123)
2025-06-26 13:13:03,671:INFO:create_model() successfully completed......................................
2025-06-26 13:13:03,859:INFO:SubProcess create_model() end ==================================
2025-06-26 13:13:03,859:INFO:Creating metrics dataframe
2025-06-26 13:13:03,865:INFO:Initializing Huber Regressor
2025-06-26 13:13:03,865:INFO:Total runtime is 0.07422976891199748 minutes
2025-06-26 13:13:03,868:INFO:SubProcess create_model() called ==================================
2025-06-26 13:13:03,868:INFO:Initializing create_model()
2025-06-26 13:13:03,869:INFO:create_model(self=<pycaret.regression.oop.RegressionExperiment object at 0x7f0a2230b7d0>, estimator=huber, fold=KFold(n_splits=10, random_state=None, shuffle=False), round=4, cross_validation=True, predict=True, fit_kwargs={}, groups=None, refit=False, probability_threshold=None, experiment_custom_tags=None, verbose=False, system=False, add_to_model_list=True, metrics=None, display=<pycaret.internal.display.display.CommonDisplay object at 0x7f0a223762d0>, model_only=True, return_train_score=False, error_score=0.0, kwargs={})
2025-06-26 13:13:03,869:INFO:Checking exceptions
2025-06-26 13:13:03,869:INFO:Importing libraries
2025-06-26 13:13:03,869:INFO:Copying training dataset
2025-06-26 13:13:03,872:INFO:Defining folds
2025-06-26 13:13:03,872:INFO:Declaring metric variables
2025-06-26 13:13:03,875:INFO:Importing untrained model
2025-06-26 13:13:03,877:INFO:Huber Regressor Imported successfully
2025-06-26 13:13:03,880:INFO:Starting cross validation
2025-06-26 13:13:03,881:INFO:Cross validating with KFold(n_splits=10, random_state=None, shuffle=False), n_jobs=-1
2025-06-26 13:13:03,962:WARNING:/home/tj/miniconda3/envs/day1ML/lib/python3.11/site-packages/sklearn/linear_model/_huber.py:342: ConvergenceWarning: lbfgs failed to converge (status=1):
STOP: TOTAL NO. of ITERATIONS REACHED LIMIT.

Increase the number of iterations (max_iter) or scale the data as shown in:
    https://scikit-learn.org/stable/modules/preprocessing.html
  self.n_iter_ = _check_optimize_result("lbfgs", opt_res, self.max_iter)

2025-06-26 13:13:03,976:WARNING:/home/tj/miniconda3/envs/day1ML/lib/python3.11/site-packages/sklearn/linear_model/_huber.py:342: ConvergenceWarning: lbfgs failed to converge (status=1):
STOP: TOTAL NO. of ITERATIONS REACHED LIMIT.

Increase the number of iterations (max_iter) or scale the data as shown in:
    https://scikit-learn.org/stable/modules/preprocessing.html
  self.n_iter_ = _check_optimize_result("lbfgs", opt_res, self.max_iter)

2025-06-26 13:13:04,004:WARNING:/home/tj/miniconda3/envs/day1ML/lib/python3.11/site-packages/sklearn/linear_model/_huber.py:342: ConvergenceWarning: lbfgs failed to converge (status=1):
STOP: TOTAL NO. of ITERATIONS REACHED LIMIT.

Increase the number of iterations (max_iter) or scale the data as shown in:
    https://scikit-learn.org/stable/modules/preprocessing.html
  self.n_iter_ = _check_optimize_result("lbfgs", opt_res, self.max_iter)

2025-06-26 13:13:04,036:INFO:Calculating mean and std
2025-06-26 13:13:04,037:INFO:Creating metrics dataframe
2025-06-26 13:13:04,038:INFO:Uploading results into container
2025-06-26 13:13:04,038:INFO:Uploading model into container now
2025-06-26 13:13:04,038:INFO:_master_model_container: 10
2025-06-26 13:13:04,038:INFO:_display_container: 2
2025-06-26 13:13:04,039:INFO:HuberRegressor()
2025-06-26 13:13:04,039:INFO:create_model() successfully completed......................................
2025-06-26 13:13:04,252:INFO:SubProcess create_model() end ==================================
2025-06-26 13:13:04,252:INFO:Creating metrics dataframe
2025-06-26 13:13:04,257:INFO:Initializing K Neighbors Regressor
2025-06-26 13:13:04,258:INFO:Total runtime is 0.0807728131612142 minutes
2025-06-26 13:13:04,260:INFO:SubProcess create_model() called ==================================
2025-06-26 13:13:04,260:INFO:Initializing create_model()
2025-06-26 13:13:04,260:INFO:create_model(self=<pycaret.regression.oop.RegressionExperiment object at 0x7f0a2230b7d0>, estimator=knn, fold=KFold(n_splits=10, random_state=None, shuffle=False), round=4, cross_validation=True, predict=True, fit_kwargs={}, groups=None, refit=False, probability_threshold=None, experiment_custom_tags=None, verbose=False, system=False, add_to_model_list=True, metrics=None, display=<pycaret.internal.display.display.CommonDisplay object at 0x7f0a223762d0>, model_only=True, return_train_score=False, error_score=0.0, kwargs={})
2025-06-26 13:13:04,260:INFO:Checking exceptions
2025-06-26 13:13:04,260:INFO:Importing libraries
2025-06-26 13:13:04,260:INFO:Copying training dataset
2025-06-26 13:13:04,262:INFO:Defining folds
2025-06-26 13:13:04,263:INFO:Declaring metric variables
2025-06-26 13:13:04,264:INFO:Importing untrained model
2025-06-26 13:13:04,267:INFO:K Neighbors Regressor Imported successfully
2025-06-26 13:13:04,272:INFO:Starting cross validation
2025-06-26 13:13:04,274:INFO:Cross validating with KFold(n_splits=10, random_state=None, shuffle=False), n_jobs=-1
2025-06-26 13:13:04,414:INFO:Calculating mean and std
2025-06-26 13:13:04,415:INFO:Creating metrics dataframe
2025-06-26 13:13:04,417:INFO:Uploading results into container
2025-06-26 13:13:04,417:INFO:Uploading model into container now
2025-06-26 13:13:04,417:INFO:_master_model_container: 11
2025-06-26 13:13:04,418:INFO:_display_container: 2
2025-06-26 13:13:04,418:INFO:KNeighborsRegressor(n_jobs=-1)
2025-06-26 13:13:04,418:INFO:create_model() successfully completed......................................
2025-06-26 13:13:04,582:INFO:SubProcess create_model() end ==================================
2025-06-26 13:13:04,583:INFO:Creating metrics dataframe
2025-06-26 13:13:04,589:INFO:Initializing Decision Tree Regressor
2025-06-26 13:13:04,589:INFO:Total runtime is 0.08630427916844687 minutes
2025-06-26 13:13:04,591:INFO:SubProcess create_model() called ==================================
2025-06-26 13:13:04,592:INFO:Initializing create_model()
2025-06-26 13:13:04,592:INFO:create_model(self=<pycaret.regression.oop.RegressionExperiment object at 0x7f0a2230b7d0>, estimator=dt, fold=KFold(n_splits=10, random_state=None, shuffle=False), round=4, cross_validation=True, predict=True, fit_kwargs={}, groups=None, refit=False, probability_threshold=None, experiment_custom_tags=None, verbose=False, system=False, add_to_model_list=True, metrics=None, display=<pycaret.internal.display.display.CommonDisplay object at 0x7f0a223762d0>, model_only=True, return_train_score=False, error_score=0.0, kwargs={})
2025-06-26 13:13:04,592:INFO:Checking exceptions
2025-06-26 13:13:04,592:INFO:Importing libraries
2025-06-26 13:13:04,592:INFO:Copying training dataset
2025-06-26 13:13:04,595:INFO:Defining folds
2025-06-26 13:13:04,595:INFO:Declaring metric variables
2025-06-26 13:13:04,598:INFO:Importing untrained model
2025-06-26 13:13:04,601:INFO:Decision Tree Regressor Imported successfully
2025-06-26 13:13:04,606:INFO:Starting cross validation
2025-06-26 13:13:04,608:INFO:Cross validating with KFold(n_splits=10, random_state=None, shuffle=False), n_jobs=-1
2025-06-26 13:13:04,743:INFO:Calculating mean and std
2025-06-26 13:13:04,744:INFO:Creating metrics dataframe
2025-06-26 13:13:04,745:INFO:Uploading results into container
2025-06-26 13:13:04,745:INFO:Uploading model into container now
2025-06-26 13:13:04,746:INFO:_master_model_container: 12
2025-06-26 13:13:04,746:INFO:_display_container: 2
2025-06-26 13:13:04,746:INFO:DecisionTreeRegressor(random_state=123)
2025-06-26 13:13:04,746:INFO:create_model() successfully completed......................................
2025-06-26 13:13:04,914:INFO:SubProcess create_model() end ==================================
2025-06-26 13:13:04,914:INFO:Creating metrics dataframe
2025-06-26 13:13:04,919:INFO:Initializing Random Forest Regressor
2025-06-26 13:13:04,919:INFO:Total runtime is 0.09180330038070679 minutes
2025-06-26 13:13:04,922:INFO:SubProcess create_model() called ==================================
2025-06-26 13:13:04,923:INFO:Initializing create_model()
2025-06-26 13:13:04,923:INFO:create_model(self=<pycaret.regression.oop.RegressionExperiment object at 0x7f0a2230b7d0>, estimator=rf, fold=KFold(n_splits=10, random_state=None, shuffle=False), round=4, cross_validation=True, predict=True, fit_kwargs={}, groups=None, refit=False, probability_threshold=None, experiment_custom_tags=None, verbose=False, system=False, add_to_model_list=True, metrics=None, display=<pycaret.internal.display.display.CommonDisplay object at 0x7f0a223762d0>, model_only=True, return_train_score=False, error_score=0.0, kwargs={})
2025-06-26 13:13:04,923:INFO:Checking exceptions
2025-06-26 13:13:04,923:INFO:Importing libraries
2025-06-26 13:13:04,923:INFO:Copying training dataset
2025-06-26 13:13:04,925:INFO:Defining folds
2025-06-26 13:13:04,926:INFO:Declaring metric variables
2025-06-26 13:13:04,932:INFO:Importing untrained model
2025-06-26 13:13:04,938:INFO:Random Forest Regressor Imported successfully
2025-06-26 13:13:04,949:INFO:Starting cross validation
2025-06-26 13:13:04,952:INFO:Cross validating with KFold(n_splits=10, random_state=None, shuffle=False), n_jobs=-1
2025-06-26 13:13:05,425:INFO:Calculating mean and std
2025-06-26 13:13:05,426:INFO:Creating metrics dataframe
2025-06-26 13:13:05,428:INFO:Uploading results into container
2025-06-26 13:13:05,429:INFO:Uploading model into container now
2025-06-26 13:13:05,429:INFO:_master_model_container: 13
2025-06-26 13:13:05,430:INFO:_display_container: 2
2025-06-26 13:13:05,430:INFO:RandomForestRegressor(n_jobs=-1, random_state=123)
2025-06-26 13:13:05,430:INFO:create_model() successfully completed......................................
2025-06-26 13:13:05,591:INFO:SubProcess create_model() end ==================================
2025-06-26 13:13:05,592:INFO:Creating metrics dataframe
2025-06-26 13:13:05,597:INFO:Initializing Extra Trees Regressor
2025-06-26 13:13:05,597:INFO:Total runtime is 0.1030967911084493 minutes
2025-06-26 13:13:05,599:INFO:SubProcess create_model() called ==================================
2025-06-26 13:13:05,599:INFO:Initializing create_model()
2025-06-26 13:13:05,599:INFO:create_model(self=<pycaret.regression.oop.RegressionExperiment object at 0x7f0a2230b7d0>, estimator=et, fold=KFold(n_splits=10, random_state=None, shuffle=False), round=4, cross_validation=True, predict=True, fit_kwargs={}, groups=None, refit=False, probability_threshold=None, experiment_custom_tags=None, verbose=False, system=False, add_to_model_list=True, metrics=None, display=<pycaret.internal.display.display.CommonDisplay object at 0x7f0a223762d0>, model_only=True, return_train_score=False, error_score=0.0, kwargs={})
2025-06-26 13:13:05,599:INFO:Checking exceptions
2025-06-26 13:13:05,599:INFO:Importing libraries
2025-06-26 13:13:05,599:INFO:Copying training dataset
2025-06-26 13:13:05,602:INFO:Defining folds
2025-06-26 13:13:05,602:INFO:Declaring metric variables
2025-06-26 13:13:05,604:INFO:Importing untrained model
2025-06-26 13:13:05,606:INFO:Extra Trees Regressor Imported successfully
2025-06-26 13:13:05,611:INFO:Starting cross validation
2025-06-26 13:13:05,613:INFO:Cross validating with KFold(n_splits=10, random_state=None, shuffle=False), n_jobs=-1
2025-06-26 13:13:05,977:INFO:Calculating mean and std
2025-06-26 13:13:05,979:INFO:Creating metrics dataframe
2025-06-26 13:13:05,980:INFO:Uploading results into container
2025-06-26 13:13:05,981:INFO:Uploading model into container now
2025-06-26 13:13:05,982:INFO:_master_model_container: 14
2025-06-26 13:13:05,982:INFO:_display_container: 2
2025-06-26 13:13:05,982:INFO:ExtraTreesRegressor(n_jobs=-1, random_state=123)
2025-06-26 13:13:05,983:INFO:create_model() successfully completed......................................
2025-06-26 13:13:06,187:INFO:SubProcess create_model() end ==================================
2025-06-26 13:13:06,187:INFO:Creating metrics dataframe
2025-06-26 13:13:06,192:INFO:Initializing AdaBoost Regressor
2025-06-26 13:13:06,192:INFO:Total runtime is 0.11301894187927246 minutes
2025-06-26 13:13:06,194:INFO:SubProcess create_model() called ==================================
2025-06-26 13:13:06,194:INFO:Initializing create_model()
2025-06-26 13:13:06,195:INFO:create_model(self=<pycaret.regression.oop.RegressionExperiment object at 0x7f0a2230b7d0>, estimator=ada, fold=KFold(n_splits=10, random_state=None, shuffle=False), round=4, cross_validation=True, predict=True, fit_kwargs={}, groups=None, refit=False, probability_threshold=None, experiment_custom_tags=None, verbose=False, system=False, add_to_model_list=True, metrics=None, display=<pycaret.internal.display.display.CommonDisplay object at 0x7f0a223762d0>, model_only=True, return_train_score=False, error_score=0.0, kwargs={})
2025-06-26 13:13:06,195:INFO:Checking exceptions
2025-06-26 13:13:06,195:INFO:Importing libraries
2025-06-26 13:13:06,195:INFO:Copying training dataset
2025-06-26 13:13:06,197:INFO:Defining folds
2025-06-26 13:13:06,197:INFO:Declaring metric variables
2025-06-26 13:13:06,200:INFO:Importing untrained model
2025-06-26 13:13:06,202:INFO:AdaBoost Regressor Imported successfully
2025-06-26 13:13:06,207:INFO:Starting cross validation
2025-06-26 13:13:06,209:INFO:Cross validating with KFold(n_splits=10, random_state=None, shuffle=False), n_jobs=-1
2025-06-26 13:13:06,428:INFO:Calculating mean and std
2025-06-26 13:13:06,429:INFO:Creating metrics dataframe
2025-06-26 13:13:06,432:INFO:Uploading results into container
2025-06-26 13:13:06,433:INFO:Uploading model into container now
2025-06-26 13:13:06,434:INFO:_master_model_container: 15
2025-06-26 13:13:06,434:INFO:_display_container: 2
2025-06-26 13:13:06,434:INFO:AdaBoostRegressor(random_state=123)
2025-06-26 13:13:06,434:INFO:create_model() successfully completed......................................
2025-06-26 13:13:06,644:INFO:SubProcess create_model() end ==================================
2025-06-26 13:13:06,644:INFO:Creating metrics dataframe
2025-06-26 13:13:06,650:INFO:Initializing Gradient Boosting Regressor
2025-06-26 13:13:06,651:INFO:Total runtime is 0.12065554062525431 minutes
2025-06-26 13:13:06,652:INFO:SubProcess create_model() called ==================================
2025-06-26 13:13:06,653:INFO:Initializing create_model()
2025-06-26 13:13:06,653:INFO:create_model(self=<pycaret.regression.oop.RegressionExperiment object at 0x7f0a2230b7d0>, estimator=gbr, fold=KFold(n_splits=10, random_state=None, shuffle=False), round=4, cross_validation=True, predict=True, fit_kwargs={}, groups=None, refit=False, probability_threshold=None, experiment_custom_tags=None, verbose=False, system=False, add_to_model_list=True, metrics=None, display=<pycaret.internal.display.display.CommonDisplay object at 0x7f0a223762d0>, model_only=True, return_train_score=False, error_score=0.0, kwargs={})
2025-06-26 13:13:06,653:INFO:Checking exceptions
2025-06-26 13:13:06,653:INFO:Importing libraries
2025-06-26 13:13:06,653:INFO:Copying training dataset
2025-06-26 13:13:06,655:INFO:Defining folds
2025-06-26 13:13:06,655:INFO:Declaring metric variables
2025-06-26 13:13:06,657:INFO:Importing untrained model
2025-06-26 13:13:06,660:INFO:Gradient Boosting Regressor Imported successfully
2025-06-26 13:13:06,665:INFO:Starting cross validation
2025-06-26 13:13:06,666:INFO:Cross validating with KFold(n_splits=10, random_state=None, shuffle=False), n_jobs=-1
2025-06-26 13:13:06,882:INFO:Calculating mean and std
2025-06-26 13:13:06,883:INFO:Creating metrics dataframe
2025-06-26 13:13:06,885:INFO:Uploading results into container
2025-06-26 13:13:06,885:INFO:Uploading model into container now
2025-06-26 13:13:06,886:INFO:_master_model_container: 16
2025-06-26 13:13:06,886:INFO:_display_container: 2
2025-06-26 13:13:06,886:INFO:GradientBoostingRegressor(random_state=123)
2025-06-26 13:13:06,886:INFO:create_model() successfully completed......................................
2025-06-26 13:13:07,055:INFO:SubProcess create_model() end ==================================
2025-06-26 13:13:07,055:INFO:Creating metrics dataframe
2025-06-26 13:13:07,060:INFO:Initializing Dummy Regressor
2025-06-26 13:13:07,060:INFO:Total runtime is 0.1274880806605021 minutes
2025-06-26 13:13:07,062:INFO:SubProcess create_model() called ==================================
2025-06-26 13:13:07,062:INFO:Initializing create_model()
2025-06-26 13:13:07,062:INFO:create_model(self=<pycaret.regression.oop.RegressionExperiment object at 0x7f0a2230b7d0>, estimator=dummy, fold=KFold(n_splits=10, random_state=None, shuffle=False), round=4, cross_validation=True, predict=True, fit_kwargs={}, groups=None, refit=False, probability_threshold=None, experiment_custom_tags=None, verbose=False, system=False, add_to_model_list=True, metrics=None, display=<pycaret.internal.display.display.CommonDisplay object at 0x7f0a223762d0>, model_only=True, return_train_score=False, error_score=0.0, kwargs={})
2025-06-26 13:13:07,062:INFO:Checking exceptions
2025-06-26 13:13:07,062:INFO:Importing libraries
2025-06-26 13:13:07,062:INFO:Copying training dataset
2025-06-26 13:13:07,065:INFO:Defining folds
2025-06-26 13:13:07,065:INFO:Declaring metric variables
2025-06-26 13:13:07,067:INFO:Importing untrained model
2025-06-26 13:13:07,069:INFO:Dummy Regressor Imported successfully
2025-06-26 13:13:07,074:INFO:Starting cross validation
2025-06-26 13:13:07,075:INFO:Cross validating with KFold(n_splits=10, random_state=None, shuffle=False), n_jobs=-1
2025-06-26 13:13:07,190:INFO:Calculating mean and std
2025-06-26 13:13:07,191:INFO:Creating metrics dataframe
2025-06-26 13:13:07,193:INFO:Uploading results into container
2025-06-26 13:13:07,193:INFO:Uploading model into container now
2025-06-26 13:13:07,193:INFO:_master_model_container: 17
2025-06-26 13:13:07,193:INFO:_display_container: 2
2025-06-26 13:13:07,193:INFO:DummyRegressor()
2025-06-26 13:13:07,194:INFO:create_model() successfully completed......................................
2025-06-26 13:13:07,364:INFO:SubProcess create_model() end ==================================
2025-06-26 13:13:07,364:INFO:Creating metrics dataframe
2025-06-26 13:13:07,371:WARNING:/home/tj/miniconda3/envs/day1ML/lib/python3.11/site-packages/pycaret/internal/pycaret_experiment/supervised_experiment.py:339: FutureWarning:

Styler.applymap has been deprecated. Use Styler.map instead.


2025-06-26 13:13:07,377:INFO:Initializing create_model()
2025-06-26 13:13:07,377:INFO:create_model(self=<pycaret.regression.oop.RegressionExperiment object at 0x7f0a2230b7d0>, estimator=GradientBoostingRegressor(random_state=123), fold=KFold(n_splits=10, random_state=None, shuffle=False), round=4, cross_validation=False, predict=False, fit_kwargs={}, groups=None, refit=True, probability_threshold=None, experiment_custom_tags=None, verbose=False, system=False, add_to_model_list=True, metrics=None, display=None, model_only=True, return_train_score=False, error_score=0.0, kwargs={})
2025-06-26 13:13:07,377:INFO:Checking exceptions
2025-06-26 13:13:07,379:INFO:Importing libraries
2025-06-26 13:13:07,379:INFO:Copying training dataset
2025-06-26 13:13:07,381:INFO:Defining folds
2025-06-26 13:13:07,381:INFO:Declaring metric variables
2025-06-26 13:13:07,381:INFO:Importing untrained model
2025-06-26 13:13:07,381:INFO:Declaring custom model
2025-06-26 13:13:07,382:INFO:Gradient Boosting Regressor Imported successfully
2025-06-26 13:13:07,383:INFO:Cross validation set to False
2025-06-26 13:13:07,383:INFO:Fitting Model
2025-06-26 13:13:07,467:INFO:GradientBoostingRegressor(random_state=123)
2025-06-26 13:13:07,467:INFO:create_model() successfully completed......................................
2025-06-26 13:13:07,658:INFO:_master_model_container: 17
2025-06-26 13:13:07,658:INFO:_display_container: 2
2025-06-26 13:13:07,659:INFO:GradientBoostingRegressor(random_state=123)
2025-06-26 13:13:07,659:INFO:compare_models() successfully completed......................................
2025-06-26 13:14:00,860:INFO:Initializing predict_model()
2025-06-26 13:14:00,860:INFO:predict_model(self=<pycaret.regression.oop.RegressionExperiment object at 0x7f0a2230b7d0>, estimator=GradientBoostingRegressor(random_state=123), probability_threshold=None, encoded_labels=False, raw_score=False, round=4, verbose=True, ml_usecase=None, preprocess=True, encode_labels=<function _SupervisedExperiment.predict_model.<locals>.encode_labels at 0x7f0ab0695940>)
2025-06-26 13:14:00,860:INFO:Checking exceptions
2025-06-26 13:14:00,860:INFO:Preloading libraries
2025-06-26 13:14:00,861:INFO:Set up data.
2025-06-26 13:14:00,864:INFO:Set up index.
2025-06-26 13:14:00,915:WARNING:/home/tj/miniconda3/envs/day1ML/lib/python3.11/site-packages/sklearn/metrics/_regression.py:483: FutureWarning:

'squared' is deprecated in version 1.4 and will be removed in 1.6. To calculate the root mean squared error, use the function'root_mean_squared_error'.


2025-06-26 13:18:16,622:INFO:Initializing predict_model()
2025-06-26 13:18:16,622:INFO:predict_model(self=<pycaret.regression.oop.RegressionExperiment object at 0x7f0a2230b7d0>, estimator=GradientBoostingRegressor(random_state=123), probability_threshold=None, encoded_labels=False, raw_score=False, round=4, verbose=True, ml_usecase=None, preprocess=True, encode_labels=<function _SupervisedExperiment.predict_model.<locals>.encode_labels at 0x7f0ab0696a20>)
2025-06-26 13:18:16,622:INFO:Checking exceptions
2025-06-26 13:18:16,622:INFO:Preloading libraries
2025-06-26 13:18:16,624:INFO:Set up data.
2025-06-26 13:18:16,628:INFO:Set up index.
2025-06-26 13:22:42,571:INFO:Initializing predict_model()
2025-06-26 13:22:42,571:INFO:predict_model(self=<pycaret.regression.oop.RegressionExperiment object at 0x7f0a2230b7d0>, estimator=GradientBoostingRegressor(random_state=123), probability_threshold=None, encoded_labels=False, raw_score=False, round=4, verbose=True, ml_usecase=None, preprocess=True, encode_labels=<function _SupervisedExperiment.predict_model.<locals>.encode_labels at 0x7f0aa5c77880>)
2025-06-26 13:22:42,571:INFO:Checking exceptions
2025-06-26 13:22:42,571:INFO:Preloading libraries
2025-06-26 13:22:42,572:INFO:Set up data.
2025-06-26 13:22:42,575:INFO:Set up index.
2025-06-26 13:22:54,975:INFO:Initializing predict_model()
2025-06-26 13:22:54,975:INFO:predict_model(self=<pycaret.regression.oop.RegressionExperiment object at 0x7f0a2230b7d0>, estimator=GradientBoostingRegressor(random_state=123), probability_threshold=None, encoded_labels=False, raw_score=False, round=4, verbose=True, ml_usecase=None, preprocess=True, encode_labels=<function _SupervisedExperiment.predict_model.<locals>.encode_labels at 0x7f0a641c8680>)
2025-06-26 13:22:54,975:INFO:Checking exceptions
2025-06-26 13:22:54,975:INFO:Preloading libraries
2025-06-26 13:22:54,977:INFO:Set up data.
2025-06-26 13:22:54,979:INFO:Set up index.
2025-06-26 13:27:02,880:INFO:Initializing predict_model()
2025-06-26 13:27:02,880:INFO:predict_model(self=<pycaret.regression.oop.RegressionExperiment object at 0x7f0a2230b7d0>, estimator=GradientBoostingRegressor(random_state=123), probability_threshold=None, encoded_labels=False, raw_score=False, round=4, verbose=True, ml_usecase=None, preprocess=True, encode_labels=<function _SupervisedExperiment.predict_model.<locals>.encode_labels at 0x7f0abf6785e0>)
2025-06-26 13:27:02,880:INFO:Checking exceptions
2025-06-26 13:27:02,880:INFO:Preloading libraries
2025-06-26 13:27:02,881:INFO:Set up data.
2025-06-26 13:27:02,883:INFO:Set up index.
2025-06-26 13:27:11,483:INFO:Initializing predict_model()
2025-06-26 13:27:11,483:INFO:predict_model(self=<pycaret.regression.oop.RegressionExperiment object at 0x7f0a2230b7d0>, estimator=GradientBoostingRegressor(random_state=123), probability_threshold=None, encoded_labels=False, raw_score=False, round=4, verbose=True, ml_usecase=None, preprocess=True, encode_labels=<function _SupervisedExperiment.predict_model.<locals>.encode_labels at 0x7f0a224237e0>)
2025-06-26 13:27:11,483:INFO:Checking exceptions
2025-06-26 13:27:11,483:INFO:Preloading libraries
2025-06-26 13:27:11,484:INFO:Set up data.
2025-06-26 13:27:11,487:INFO:Set up index.
2025-06-26 13:30:45,219:INFO:Initializing predict_model()
2025-06-26 13:30:45,220:INFO:predict_model(self=<pycaret.regression.oop.RegressionExperiment object at 0x7f0a2230b7d0>, estimator=GradientBoostingRegressor(random_state=123), probability_threshold=None, encoded_labels=False, raw_score=False, round=4, verbose=True, ml_usecase=None, preprocess=True, encode_labels=<function _SupervisedExperiment.predict_model.<locals>.encode_labels at 0x7f0a2231e020>)
2025-06-26 13:30:45,220:INFO:Checking exceptions
2025-06-26 13:30:45,220:INFO:Preloading libraries
2025-06-26 13:30:45,222:INFO:Set up data.
2025-06-26 13:30:45,228:INFO:Set up index.
2025-06-26 13:31:04,320:INFO:Initializing predict_model()
2025-06-26 13:31:04,321:INFO:predict_model(self=<pycaret.regression.oop.RegressionExperiment object at 0x7f0a2230b7d0>, estimator=GradientBoostingRegressor(random_state=123), probability_threshold=None, encoded_labels=False, raw_score=False, round=4, verbose=True, ml_usecase=None, preprocess=True, encode_labels=<function _SupervisedExperiment.predict_model.<locals>.encode_labels at 0x7f0aa5c77880>)
2025-06-26 13:31:04,321:INFO:Checking exceptions
2025-06-26 13:31:04,321:INFO:Preloading libraries
2025-06-26 13:31:04,323:INFO:Set up data.
2025-06-26 13:31:04,327:INFO:Set up index.
2025-06-26 13:32:48,738:INFO:Initializing predict_model()
2025-06-26 13:32:48,738:INFO:predict_model(self=<pycaret.regression.oop.RegressionExperiment object at 0x7f0a2230b7d0>, estimator=GradientBoostingRegressor(random_state=123), probability_threshold=None, encoded_labels=False, raw_score=False, round=4, verbose=True, ml_usecase=None, preprocess=True, encode_labels=<function _SupervisedExperiment.predict_model.<locals>.encode_labels at 0x7f0abeacc360>)
2025-06-26 13:32:48,738:INFO:Checking exceptions
2025-06-26 13:32:48,738:INFO:Preloading libraries
2025-06-26 13:32:48,739:INFO:Set up data.
2025-06-26 13:32:48,741:INFO:Set up index.
2025-06-26 13:33:21,067:INFO:Initializing predict_model()
2025-06-26 13:33:21,068:INFO:predict_model(self=<pycaret.regression.oop.RegressionExperiment object at 0x7f0a2230b7d0>, estimator=GradientBoostingRegressor(random_state=123), probability_threshold=None, encoded_labels=False, raw_score=False, round=4, verbose=True, ml_usecase=None, preprocess=True, encode_labels=<function _SupervisedExperiment.predict_model.<locals>.encode_labels at 0x7f0a64255260>)
2025-06-26 13:33:21,068:INFO:Checking exceptions
2025-06-26 13:33:21,068:INFO:Preloading libraries
2025-06-26 13:33:21,072:INFO:Set up data.
2025-06-26 13:33:21,076:INFO:Set up index.
2025-06-26 13:33:55,368:INFO:Initializing predict_model()
2025-06-26 13:33:55,369:INFO:predict_model(self=<pycaret.regression.oop.RegressionExperiment object at 0x7f0a2230b7d0>, estimator=GradientBoostingRegressor(random_state=123), probability_threshold=None, encoded_labels=False, raw_score=False, round=4, verbose=True, ml_usecase=None, preprocess=True, encode_labels=<function _SupervisedExperiment.predict_model.<locals>.encode_labels at 0x7f0ab07d4720>)
2025-06-26 13:33:55,369:INFO:Checking exceptions
2025-06-26 13:33:55,369:INFO:Preloading libraries
2025-06-26 13:33:55,370:INFO:Set up data.
2025-06-26 13:33:55,375:INFO:Set up index.
2025-06-26 13:34:04,203:INFO:Initializing predict_model()
2025-06-26 13:34:04,204:INFO:predict_model(self=<pycaret.regression.oop.RegressionExperiment object at 0x7f0a2230b7d0>, estimator=GradientBoostingRegressor(random_state=123), probability_threshold=None, encoded_labels=False, raw_score=False, round=4, verbose=True, ml_usecase=None, preprocess=True, encode_labels=<function _SupervisedExperiment.predict_model.<locals>.encode_labels at 0x7f0a67030d60>)
2025-06-26 13:34:04,204:INFO:Checking exceptions
2025-06-26 13:34:04,204:INFO:Preloading libraries
2025-06-26 13:34:04,205:INFO:Set up data.
2025-06-26 13:34:04,208:INFO:Set up index.
2025-06-26 13:35:33,563:INFO:Initializing predict_model()
2025-06-26 13:35:33,563:INFO:predict_model(self=<pycaret.regression.oop.RegressionExperiment object at 0x7f0a2230b7d0>, estimator=GradientBoostingRegressor(random_state=123), probability_threshold=None, encoded_labels=False, raw_score=False, round=4, verbose=True, ml_usecase=None, preprocess=True, encode_labels=<function _SupervisedExperiment.predict_model.<locals>.encode_labels at 0x7f0a224b1b20>)
2025-06-26 13:35:33,563:INFO:Checking exceptions
2025-06-26 13:35:33,563:INFO:Preloading libraries
2025-06-26 13:35:33,565:INFO:Set up data.
2025-06-26 13:35:33,567:INFO:Set up index.
2025-06-26 13:35:51,717:INFO:Initializing predict_model()
2025-06-26 13:35:51,718:INFO:predict_model(self=<pycaret.regression.oop.RegressionExperiment object at 0x7f0a2230b7d0>, estimator=GradientBoostingRegressor(random_state=123), probability_threshold=None, encoded_labels=False, raw_score=False, round=4, verbose=True, ml_usecase=None, preprocess=True, encode_labels=<function _SupervisedExperiment.predict_model.<locals>.encode_labels at 0x7f0a224df420>)
2025-06-26 13:35:51,718:INFO:Checking exceptions
2025-06-26 13:35:51,718:INFO:Preloading libraries
2025-06-26 13:35:51,721:INFO:Set up data.
2025-06-26 13:35:51,726:INFO:Set up index.
2025-06-26 13:36:25,177:INFO:Initializing predict_model()
2025-06-26 13:36:25,177:INFO:predict_model(self=<pycaret.regression.oop.RegressionExperiment object at 0x7f0a2230b7d0>, estimator=GradientBoostingRegressor(random_state=123), probability_threshold=None, encoded_labels=False, raw_score=False, round=4, verbose=True, ml_usecase=None, preprocess=True, encode_labels=<function _SupervisedExperiment.predict_model.<locals>.encode_labels at 0x7f0ad87e59e0>)
2025-06-26 13:36:25,177:INFO:Checking exceptions
2025-06-26 13:36:25,177:INFO:Preloading libraries
2025-06-26 13:36:25,179:INFO:Set up data.
2025-06-26 13:36:25,182:INFO:Set up index.
2025-06-26 13:37:00,640:INFO:Initializing predict_model()
2025-06-26 13:37:00,640:INFO:predict_model(self=<pycaret.regression.oop.RegressionExperiment object at 0x7f0a2230b7d0>, estimator=GradientBoostingRegressor(random_state=123), probability_threshold=None, encoded_labels=False, raw_score=False, round=4, verbose=True, ml_usecase=None, preprocess=True, encode_labels=<function _SupervisedExperiment.predict_model.<locals>.encode_labels at 0x7f0ab08a4540>)
2025-06-26 13:37:00,640:INFO:Checking exceptions
2025-06-26 13:37:00,640:INFO:Preloading libraries
2025-06-26 13:37:00,643:INFO:Set up data.
2025-06-26 13:37:00,647:INFO:Set up index.
2025-06-26 13:37:31,789:INFO:Initializing predict_model()
2025-06-26 13:37:31,789:INFO:predict_model(self=<pycaret.regression.oop.RegressionExperiment object at 0x7f0a2230b7d0>, estimator=GradientBoostingRegressor(random_state=123), probability_threshold=None, encoded_labels=False, raw_score=False, round=4, verbose=True, ml_usecase=None, preprocess=True, encode_labels=<function _SupervisedExperiment.predict_model.<locals>.encode_labels at 0x7f0a224df420>)
2025-06-26 13:37:31,789:INFO:Checking exceptions
2025-06-26 13:37:31,789:INFO:Preloading libraries
2025-06-26 13:37:31,791:INFO:Set up data.
2025-06-26 13:37:31,795:INFO:Set up index.
2025-06-26 13:38:18,260:INFO:Initializing predict_model()
2025-06-26 13:38:18,260:INFO:predict_model(self=<pycaret.regression.oop.RegressionExperiment object at 0x7f0a2230b7d0>, estimator=GradientBoostingRegressor(random_state=123), probability_threshold=None, encoded_labels=False, raw_score=False, round=4, verbose=True, ml_usecase=None, preprocess=True, encode_labels=<function _SupervisedExperiment.predict_model.<locals>.encode_labels at 0x7f0a6c0bd080>)
2025-06-26 13:38:18,260:INFO:Checking exceptions
2025-06-26 13:38:18,260:INFO:Preloading libraries
2025-06-26 13:38:18,261:INFO:Set up data.
2025-06-26 13:38:18,265:INFO:Set up index.
2025-06-26 13:38:32,823:INFO:Initializing predict_model()
2025-06-26 13:38:32,823:INFO:predict_model(self=<pycaret.regression.oop.RegressionExperiment object at 0x7f0a2230b7d0>, estimator=GradientBoostingRegressor(random_state=123), probability_threshold=None, encoded_labels=False, raw_score=False, round=4, verbose=True, ml_usecase=None, preprocess=True, encode_labels=<function _SupervisedExperiment.predict_model.<locals>.encode_labels at 0x7f0a224df420>)
2025-06-26 13:38:32,823:INFO:Checking exceptions
2025-06-26 13:38:32,823:INFO:Preloading libraries
2025-06-26 13:38:32,825:INFO:Set up data.
2025-06-26 13:38:32,828:INFO:Set up index.
2025-06-26 13:38:53,464:INFO:Initializing predict_model()
2025-06-26 13:38:53,464:INFO:predict_model(self=<pycaret.regression.oop.RegressionExperiment object at 0x7f0a2230b7d0>, estimator=GradientBoostingRegressor(random_state=123), probability_threshold=None, encoded_labels=False, raw_score=False, round=4, verbose=True, ml_usecase=None, preprocess=True, encode_labels=<function _SupervisedExperiment.predict_model.<locals>.encode_labels at 0x7f0a1c282fc0>)
2025-06-26 13:38:53,464:INFO:Checking exceptions
2025-06-26 13:38:53,464:INFO:Preloading libraries
2025-06-26 13:38:53,466:INFO:Set up data.
2025-06-26 13:38:53,468:INFO:Set up index.
2025-06-26 13:39:42,016:INFO:Initializing predict_model()
2025-06-26 13:39:42,017:INFO:predict_model(self=<pycaret.regression.oop.RegressionExperiment object at 0x7f0a2230b7d0>, estimator=GradientBoostingRegressor(random_state=123), probability_threshold=None, encoded_labels=False, raw_score=False, round=4, verbose=True, ml_usecase=None, preprocess=True, encode_labels=<function _SupervisedExperiment.predict_model.<locals>.encode_labels at 0x7f0a67030d60>)
2025-06-26 13:39:42,017:INFO:Checking exceptions
2025-06-26 13:39:42,017:INFO:Preloading libraries
2025-06-26 13:39:42,018:INFO:Set up data.
2025-06-26 13:39:42,021:INFO:Set up index.
2025-06-26 13:40:14,449:INFO:Initializing predict_model()
2025-06-26 13:40:14,450:INFO:predict_model(self=<pycaret.regression.oop.RegressionExperiment object at 0x7f0a2230b7d0>, estimator=GradientBoostingRegressor(random_state=123), probability_threshold=None, encoded_labels=False, raw_score=False, round=4, verbose=True, ml_usecase=None, preprocess=True, encode_labels=<function _SupervisedExperiment.predict_model.<locals>.encode_labels at 0x7f0ab08a4540>)
2025-06-26 13:40:14,450:INFO:Checking exceptions
2025-06-26 13:40:14,450:INFO:Preloading libraries
2025-06-26 13:40:14,452:INFO:Set up data.
2025-06-26 13:40:14,456:INFO:Set up index.
2025-06-26 13:40:33,249:INFO:Initializing predict_model()
2025-06-26 13:40:33,249:INFO:predict_model(self=<pycaret.regression.oop.RegressionExperiment object at 0x7f0a2230b7d0>, estimator=GradientBoostingRegressor(random_state=123), probability_threshold=None, encoded_labels=False, raw_score=False, round=4, verbose=True, ml_usecase=None, preprocess=True, encode_labels=<function _SupervisedExperiment.predict_model.<locals>.encode_labels at 0x7f0abf6785e0>)
2025-06-26 13:40:33,249:INFO:Checking exceptions
2025-06-26 13:40:33,249:INFO:Preloading libraries
2025-06-26 13:40:33,250:INFO:Set up data.
2025-06-26 13:40:33,254:INFO:Set up index.
2025-06-26 13:41:04,228:INFO:Initializing predict_model()
2025-06-26 13:41:04,228:INFO:predict_model(self=<pycaret.regression.oop.RegressionExperiment object at 0x7f0a2230b7d0>, estimator=GradientBoostingRegressor(random_state=123), probability_threshold=None, encoded_labels=False, raw_score=False, round=4, verbose=True, ml_usecase=None, preprocess=True, encode_labels=<function _SupervisedExperiment.predict_model.<locals>.encode_labels at 0x7f0abf6785e0>)
2025-06-26 13:41:04,228:INFO:Checking exceptions
2025-06-26 13:41:04,228:INFO:Preloading libraries
2025-06-26 13:41:04,230:INFO:Set up data.
2025-06-26 13:41:04,232:INFO:Set up index.
2025-06-26 13:47:57,570:INFO:Initializing predict_model()
2025-06-26 13:47:57,570:INFO:predict_model(self=<pycaret.regression.oop.RegressionExperiment object at 0x7f0a2230b7d0>, estimator=GradientBoostingRegressor(random_state=123), probability_threshold=None, encoded_labels=False, raw_score=False, round=4, verbose=True, ml_usecase=None, preprocess=True, encode_labels=<function _SupervisedExperiment.predict_model.<locals>.encode_labels at 0x7f0a67030d60>)
2025-06-26 13:47:57,570:INFO:Checking exceptions
2025-06-26 13:47:57,570:INFO:Preloading libraries
2025-06-26 13:47:57,572:INFO:Set up data.
2025-06-26 13:47:57,574:INFO:Set up index.
2025-06-26 13:48:15,357:INFO:Initializing predict_model()
2025-06-26 13:48:15,357:INFO:predict_model(self=<pycaret.regression.oop.RegressionExperiment object at 0x7f0a2230b7d0>, estimator=GradientBoostingRegressor(random_state=123), probability_threshold=None, encoded_labels=False, raw_score=False, round=4, verbose=True, ml_usecase=None, preprocess=True, encode_labels=<function _SupervisedExperiment.predict_model.<locals>.encode_labels at 0x7f0a224df420>)
2025-06-26 13:48:15,357:INFO:Checking exceptions
2025-06-26 13:48:15,357:INFO:Preloading libraries
2025-06-26 13:48:15,359:INFO:Set up data.
2025-06-26 13:48:15,363:INFO:Set up index.
2025-06-26 13:48:50,152:INFO:Initializing predict_model()
2025-06-26 13:48:50,152:INFO:predict_model(self=<pycaret.regression.oop.RegressionExperiment object at 0x7f0a2230b7d0>, estimator=GradientBoostingRegressor(random_state=123), probability_threshold=None, encoded_labels=False, raw_score=False, round=4, verbose=True, ml_usecase=None, preprocess=True, encode_labels=<function _SupervisedExperiment.predict_model.<locals>.encode_labels at 0x7f0ab07d4720>)
2025-06-26 13:48:50,152:INFO:Checking exceptions
2025-06-26 13:48:50,152:INFO:Preloading libraries
2025-06-26 13:48:50,153:INFO:Set up data.
2025-06-26 13:48:50,156:INFO:Set up index.
2025-06-26 13:49:00,410:INFO:Initializing predict_model()
2025-06-26 13:49:00,411:INFO:predict_model(self=<pycaret.regression.oop.RegressionExperiment object at 0x7f0a2230b7d0>, estimator=GradientBoostingRegressor(random_state=123), probability_threshold=None, encoded_labels=False, raw_score=False, round=4, verbose=True, ml_usecase=None, preprocess=True, encode_labels=<function _SupervisedExperiment.predict_model.<locals>.encode_labels at 0x7f0a1c2874c0>)
2025-06-26 13:49:00,411:INFO:Checking exceptions
2025-06-26 13:49:00,411:INFO:Preloading libraries
2025-06-26 13:49:00,414:INFO:Set up data.
2025-06-26 13:49:00,418:INFO:Set up index.
2025-06-26 13:49:30,073:INFO:Initializing predict_model()
2025-06-26 13:49:30,073:INFO:predict_model(self=<pycaret.regression.oop.RegressionExperiment object at 0x7f0a2230b7d0>, estimator=GradientBoostingRegressor(random_state=123), probability_threshold=None, encoded_labels=False, raw_score=False, round=4, verbose=True, ml_usecase=None, preprocess=True, encode_labels=<function _SupervisedExperiment.predict_model.<locals>.encode_labels at 0x7f0a1c286c00>)
2025-06-26 13:49:30,074:INFO:Checking exceptions
2025-06-26 13:49:30,074:INFO:Preloading libraries
2025-06-26 13:49:30,075:INFO:Set up data.
2025-06-26 13:49:30,079:INFO:Set up index.
2025-06-26 13:49:46,870:INFO:Initializing predict_model()
2025-06-26 13:49:46,871:INFO:predict_model(self=<pycaret.regression.oop.RegressionExperiment object at 0x7f0a2230b7d0>, estimator=GradientBoostingRegressor(random_state=123), probability_threshold=None, encoded_labels=False, raw_score=False, round=4, verbose=True, ml_usecase=None, preprocess=True, encode_labels=<function _SupervisedExperiment.predict_model.<locals>.encode_labels at 0x7f0a224b1b20>)
2025-06-26 13:49:46,871:INFO:Checking exceptions
2025-06-26 13:49:46,871:INFO:Preloading libraries
2025-06-26 13:49:46,873:INFO:Set up data.
2025-06-26 13:49:46,876:INFO:Set up index.
2025-06-26 13:50:45,934:INFO:Initializing predict_model()
2025-06-26 13:50:45,934:INFO:predict_model(self=<pycaret.regression.oop.RegressionExperiment object at 0x7f0a2230b7d0>, estimator=GradientBoostingRegressor(random_state=123), probability_threshold=None, encoded_labels=False, raw_score=False, round=4, verbose=True, ml_usecase=None, preprocess=True, encode_labels=<function _SupervisedExperiment.predict_model.<locals>.encode_labels at 0x7f0abeacc360>)
2025-06-26 13:50:45,934:INFO:Checking exceptions
2025-06-26 13:50:45,934:INFO:Preloading libraries
2025-06-26 13:50:45,936:INFO:Set up data.
2025-06-26 13:50:45,938:INFO:Set up index.
2025-06-26 13:50:51,830:INFO:Initializing predict_model()
2025-06-26 13:50:51,830:INFO:predict_model(self=<pycaret.regression.oop.RegressionExperiment object at 0x7f0a2230b7d0>, estimator=GradientBoostingRegressor(random_state=123), probability_threshold=None, encoded_labels=False, raw_score=False, round=4, verbose=True, ml_usecase=None, preprocess=True, encode_labels=<function _SupervisedExperiment.predict_model.<locals>.encode_labels at 0x7f0a6c0bd080>)
2025-06-26 13:50:51,830:INFO:Checking exceptions
2025-06-26 13:50:51,830:INFO:Preloading libraries
2025-06-26 13:50:51,832:INFO:Set up data.
2025-06-26 13:50:51,834:INFO:Set up index.
2025-06-26 13:51:54,577:INFO:Initializing predict_model()
2025-06-26 13:51:54,577:INFO:predict_model(self=<pycaret.regression.oop.RegressionExperiment object at 0x7f0a2230b7d0>, estimator=GradientBoostingRegressor(random_state=123), probability_threshold=None, encoded_labels=False, raw_score=False, round=4, verbose=True, ml_usecase=None, preprocess=True, encode_labels=<function _SupervisedExperiment.predict_model.<locals>.encode_labels at 0x7f09f8d4f420>)
2025-06-26 13:51:54,577:INFO:Checking exceptions
2025-06-26 13:51:54,577:INFO:Preloading libraries
2025-06-26 13:51:54,578:INFO:Set up data.
2025-06-26 13:51:54,583:INFO:Set up index.
2025-06-26 13:52:54,953:INFO:Initializing predict_model()
2025-06-26 13:52:54,954:INFO:predict_model(self=<pycaret.regression.oop.RegressionExperiment object at 0x7f0a2230b7d0>, estimator=GradientBoostingRegressor(random_state=123), probability_threshold=None, encoded_labels=False, raw_score=False, round=4, verbose=True, ml_usecase=None, preprocess=True, encode_labels=<function _SupervisedExperiment.predict_model.<locals>.encode_labels at 0x7f0ab08a4540>)
2025-06-26 13:52:54,954:INFO:Checking exceptions
2025-06-26 13:52:54,954:INFO:Preloading libraries
2025-06-26 13:52:54,955:INFO:Set up data.
2025-06-26 13:52:54,959:INFO:Set up index.
2025-06-26 13:53:22,588:INFO:Initializing predict_model()
2025-06-26 13:53:22,588:INFO:predict_model(self=<pycaret.regression.oop.RegressionExperiment object at 0x7f0a2230b7d0>, estimator=GradientBoostingRegressor(random_state=123), probability_threshold=None, encoded_labels=False, raw_score=False, round=4, verbose=True, ml_usecase=None, preprocess=True, encode_labels=<function _SupervisedExperiment.predict_model.<locals>.encode_labels at 0x7f0ab07d4720>)
2025-06-26 13:53:22,589:INFO:Checking exceptions
2025-06-26 13:53:22,589:INFO:Preloading libraries
2025-06-26 13:53:22,591:INFO:Set up data.
2025-06-26 13:53:22,594:INFO:Set up index.
2025-06-26 13:53:46,232:INFO:Initializing predict_model()
2025-06-26 13:53:46,232:INFO:predict_model(self=<pycaret.regression.oop.RegressionExperiment object at 0x7f0a2230b7d0>, estimator=GradientBoostingRegressor(random_state=123), probability_threshold=None, encoded_labels=False, raw_score=False, round=4, verbose=True, ml_usecase=None, preprocess=True, encode_labels=<function _SupervisedExperiment.predict_model.<locals>.encode_labels at 0x7f0a64256200>)
2025-06-26 13:53:46,232:INFO:Checking exceptions
2025-06-26 13:53:46,232:INFO:Preloading libraries
2025-06-26 13:53:46,234:INFO:Set up data.
2025-06-26 13:53:46,237:INFO:Set up index.
2025-06-26 13:54:03,074:INFO:Initializing predict_model()
2025-06-26 13:54:03,074:INFO:predict_model(self=<pycaret.regression.oop.RegressionExperiment object at 0x7f0a2230b7d0>, estimator=GradientBoostingRegressor(random_state=123), probability_threshold=None, encoded_labels=False, raw_score=False, round=4, verbose=True, ml_usecase=None, preprocess=True, encode_labels=<function _SupervisedExperiment.predict_model.<locals>.encode_labels at 0x7f0a1c2874c0>)
2025-06-26 13:54:03,074:INFO:Checking exceptions
2025-06-26 13:54:03,074:INFO:Preloading libraries
2025-06-26 13:54:03,076:INFO:Set up data.
2025-06-26 13:54:03,080:INFO:Set up index.
2025-06-26 13:54:16,379:INFO:Initializing predict_model()
2025-06-26 13:54:16,379:INFO:predict_model(self=<pycaret.regression.oop.RegressionExperiment object at 0x7f0a2230b7d0>, estimator=GradientBoostingRegressor(random_state=123), probability_threshold=None, encoded_labels=False, raw_score=False, round=4, verbose=True, ml_usecase=None, preprocess=True, encode_labels=<function _SupervisedExperiment.predict_model.<locals>.encode_labels at 0x7f0abf6785e0>)
2025-06-26 13:54:16,379:INFO:Checking exceptions
2025-06-26 13:54:16,379:INFO:Preloading libraries
2025-06-26 13:54:16,382:INFO:Set up data.
2025-06-26 13:54:16,385:INFO:Set up index.
2025-06-26 13:54:27,862:INFO:Initializing predict_model()
2025-06-26 13:54:27,863:INFO:predict_model(self=<pycaret.regression.oop.RegressionExperiment object at 0x7f0a2230b7d0>, estimator=GradientBoostingRegressor(random_state=123), probability_threshold=None, encoded_labels=False, raw_score=False, round=4, verbose=True, ml_usecase=None, preprocess=True, encode_labels=<function _SupervisedExperiment.predict_model.<locals>.encode_labels at 0x7f0a224df420>)
2025-06-26 13:54:27,863:INFO:Checking exceptions
2025-06-26 13:54:27,863:INFO:Preloading libraries
2025-06-26 13:54:27,864:INFO:Set up data.
2025-06-26 13:54:27,866:INFO:Set up index.
2025-06-26 13:54:52,178:INFO:Initializing predict_model()
2025-06-26 13:54:52,178:INFO:predict_model(self=<pycaret.regression.oop.RegressionExperiment object at 0x7f0a2230b7d0>, estimator=GradientBoostingRegressor(random_state=123), probability_threshold=None, encoded_labels=False, raw_score=False, round=4, verbose=True, ml_usecase=None, preprocess=True, encode_labels=<function _SupervisedExperiment.predict_model.<locals>.encode_labels at 0x7f0a67030d60>)
2025-06-26 13:54:52,178:INFO:Checking exceptions
2025-06-26 13:54:52,178:INFO:Preloading libraries
2025-06-26 13:54:52,180:INFO:Set up data.
2025-06-26 13:54:52,183:INFO:Set up index.
2025-06-26 13:55:04,535:INFO:Initializing predict_model()
2025-06-26 13:55:04,535:INFO:predict_model(self=<pycaret.regression.oop.RegressionExperiment object at 0x7f0a2230b7d0>, estimator=GradientBoostingRegressor(random_state=123), probability_threshold=None, encoded_labels=False, raw_score=False, round=4, verbose=True, ml_usecase=None, preprocess=True, encode_labels=<function _SupervisedExperiment.predict_model.<locals>.encode_labels at 0x7f0abf6785e0>)
2025-06-26 13:55:04,535:INFO:Checking exceptions
2025-06-26 13:55:04,535:INFO:Preloading libraries
2025-06-26 13:55:04,536:INFO:Set up data.
2025-06-26 13:55:04,541:INFO:Set up index.
