city,date,geopotential_height,high_vegetation_cover,high_vegetation_type,lake_cover,land_sea_mask,low_vegetation_cover,low_vegetation_type,soil_type,target_latitude,target_longitude,grid_latitude,grid_longitude,total_precipitation,runoff,evaporation,dewpoint_temperature_2m,experiment_version,skin_reservoir_content,skin_temperature,soil_temperature_level1,soil_temperature_level2,soil_temperature_level3,soil_temperature_level4,soil_volume_water_content_level1,soil_volume_water_content_level2,soil_volume_water_content_level3,soil_volume_water_content_level4,surface_pressure,temperature_2m,u_component_wind_10m,v_component_wind_10m,rainfall_mm,rainfall_monthly_anomaly,rainfall_3month_avg,rainfall_6month_avg,monsoon_intensity,climate_change,siltation,landslide_risks
Kampala,2025-07-01,11573.29113153154,0.9109987845582922,19.0,0.0720095219202539,0.927990478079746,0.08476376294265023,1.00003,2.00003,0.3476,32.5825,-1.0,30.0,3.351151145816931,0.7363541276356783,0.0038617356988288154,288.148769937915,2.0,0.0006119400834994228,296.8141776854101,294.0578233916846,293.9560300707651,294.15533645253777,294.56764406007863,0.031392890040246785,0.10111071848467437,0.011657795516829631,0.39002102815734657,82876.58630430508,295.39505537860884,0.3837173645764544,-0.23473719296747605,3351.151145816931,-2.891207059706013,3346.634590383092,3306.7954861059084,0.23029370434187071,0.4391503868981621,0.2519346649614639,0.05988918437438569
Kampala,2025-08-01,11573.29113153154,0.49975909820277786,19.0,0.0720095219202539,0.927990478079746,0.34856665913588686,1.00003,2.00003,0.3476,32.5825,-1.0,30.0,0.899375942852706,0.15410866619744784,0.004343618289568462,284.8554397669559,2.0,1.0206153014098223e-05,293.5814247976195,290.8472011202492,291.0172852992353,290.6861360065336,291.04513755074504,0.2307507225216435,0.19362371648596102,0.17978117462419374,0.19768314692320543,82932.40839693949,292.03790126350043,-0.33846100015297936,0.30583814442043394,899.375942852706,-12.543926089613414,913.1069746182371,909.2384761424966,0.0581881368778667,0.4398409328982092,0.08878405496442737,0.04191712210739974
Kampala,2025-09-01,11573.29113153154,0.8638703378623277,19.0,0.0720095219202539,0.927990478079746,0.3581887554246956,1.00003,2.00003,0.3476,32.5825,-1.0,30.0,0.6432195037751204,0.1337050402195012,0.0045132674331133564,285.446920359184,2.0,0.00020045426532141678,292.39995589387195,289.60778679789536,289.7310042532341,289.85909407622887,289.70485899362626,0.17119154088525684,0.33418584651918204,0.4767530942596147,0.05874317205686834,82867.23378534023,291.0294702162414,-0.7317574740660593,0.14806013853228803,643.2195037751204,14.671427345006757,676.0763381622701,613.5034140211998,0.042493068655374736,0.526619360729755,0.08346893733033438,0.020563962805861362
Kampala,2025-10-01,11573.29113153154,0.6236948907717537,19.0,0.0720095219202539,0.927990478079746,0.09838522069692206,1.00003,2.00003,0.3476,32.5825,-1.0,30.0,0.3186273556459305,0.06951766675617516,0.0024493365689338673,285.8707936546401,2.0,0.00045729231258788785,293.76914736476573,289.6012841214925,289.93964165433164,290.48031527440423,290.06700081426317,0.1962951977486356,0.23568650663126414,0.31329412667520323,0.15258331470398612,82793.76962862739,291.33626010919335,-0.4597121171169016,0.7749672025087697,318.6273556459305,47.41982456634869,314.94653390588746,296.0152707152058,0.020560015326608776,0.5089229010105191,0.11604229429936133,0.02498160281100064
Kampala,2025-11-01,11573.29113153154,0.6421336591093032,19.0,0.0720095219202539,0.927990478079746,0.2923618255131976,1.00003,2.00003,0.3476,32.5825,-1.0,30.0,0.15237243544581439,0.027216695079717933,0.0031841897150345615,285.91503619899504,2.0,0.00045761853014722795,292.0412826999933,289.8316530202304,289.40330247458303,289.15845500332864,289.29433452083515,0.34992079717653546,0.4285600108782145,0.49537580627267397,0.15005086946000423,82982.7183249036,290.5156022702535,0.7267670385786584,-0.13232841661897804,152.37243544581438,14.272262767329174,169.40592004852337,180.99248835061044,0.00868983170366774,0.40973384976531274,0.220393512120508,0.03385059152844514
Kampala,2025-12-01,11573.29113153154,0.8146265747824504,19.0,0.0720095219202539,0.927990478079746,0.15511660819448217,1.00003,2.00003,0.3476,32.5825,-1.0,30.0,0.8161688330629777,0.136789105855989,0.0032271747854624284,285.4127212823211,2.0,0.00019548315582258285,292.61869179918494,289.57207621680703,289.0823833983378,289.6246185999579,290.2928833387849,0.3930300106619902,0.14740620467567095,0.5030168891435404,0.03439862200520179,82851.4636452171,290.8661981596947,1.1573292833367543,-0.933632596295874,816.1688330629777,25.81163151377867,793.3782835736674,801.6418108769901,0.05254996284425716,0.508661852370553,0.18049177265624436,0.02802758907296492
Kampala,2026-01-01,11573.29113153154,0.8111611725067758,19.0,0.0720095219202539,0.927990478079746,0.13074143774186434,1.00003,2.00003,0.3476,32.5825,-1.0,30.0,2.3373606315856206,0.28799678722357336,0.0032923305343812194,287.16572914221933,2.0,0.00043283076212435423,291.92316964192617,288.580367141706,289.0119129886883,288.91334847951686,289.9774068252858,0.08689357676059695,0.16857493242645563,0.42520287142485086,0.5140934729139176,82977.46340534293,290.3876834341063,-0.02976267803090004,-1.6206336700345363,2337.3606315856205,20.321552970974004,2346.8050642144744,2312.490781257958,0.14739847372491616,0.47353260567573363,0.18021253733634252,0.06215633202436366
Kampala,2026-02-01,11573.29113153154,0.566920700485776,19.0,0.0720095219202539,0.927990478079746,0.5198983348888652,1.00003,2.00003,0.3476,32.5825,-1.0,30.0,1.0430338919116888,0.27261458483666634,0.003979098406035852,287.6759910749632,2.0,0.00042837896101478867,293.7776742001059,290.22480997242883,290.81974738899316,290.9377392380934,291.1341672241972,0.4581289174048813,0.32571719431717255,0.07037242464726588,0.3565113583465801,83027.76648957885,291.790114333397,0.27354869058501896,-0.10109632621694703,1043.033891911689,5.801248433940907,1021.3126267892291,1000.8099786803922,0.07307775928564306,0.38192283190245546,0.1564775767983784,0.051137987772885515
Kampala,2026-03-01,11573.29113153154,0.6939766401164678,19.0,0.0720095219202539,0.927990478079746,0.14767705949212873,1.00003,2.00003,0.3476,32.5825,-1.0,30.0,1.26080421306409,0.26688810743836805,0.0037865528482881527,289.786489434803,2.0,0.0006098441599219884,295.4653351137573,291.89058295884075,292.2739961186182,292.12901126745106,292.7329845047891,0.6743366858705427,0.14194602741149745,0.36300301822654024,0.3141287816981801,82884.00614700366,293.4771805505168,-0.5012646823189044,-0.009256567996194965,1260.80421306409,23.760595954651258,1252.1506582291538,1233.8517729236391,0.08511500876998473,0.40008386766800325,0.23619259989972544,0.05500216104007209
Kampala,2026-04-01,11573.29113153154,0.9245438714512382,19.0,0.0720095219202539,0.927990478079746,0.133991005005476,1.00003,2.00003,0.3476,32.5825,-1.0,30.0,4.038744431080052,1.068277984950383,0.0026797667929793576,291.9792389563504,2.0,0.0005404697493434889,296.19941398748426,292.1346780714675,292.7403849186353,292.09071172740494,292.58922751815714,0.25975741915425515,0.15769075846845668,0.23739477340650603,0.04383395727507158,83017.94401207213,293.6690400250433,-0.8565672645454387,0.6769361870827064,4038.744431080052,-43.96848716057786,4020.995553390065,3977.567465747249,0.2881839176705651,0.470665630259883,0.37476711488432385,0.07723247643977563
Kampala,2026-05-01,11573.29113153154,0.5590878066818302,19.0,0.0720095219202539,0.927990478079746,0.26622874058586965,1.00003,2.00003,0.3476,32.5825,-1.0,30.0,2.4164933741027035,0.6203877999871891,0.0047175422557959625,291.9429233183569,2.0,0.00029175149244883825,293.9770081136448,290.9461326483456,290.53570844276186,291.32920506092,291.16460022262237,0.5018912856576796,0.18240444938145528,0.2922801209337737,0.32148935268145984,82761.98985417851,292.45594107277384,-0.02777384944830939,0.19203272446965364,2416.4933741027035,-6.876292428791101,2381.96455663167,2371.0376422367467,0.17065772016231598,0.28523778801995936,0.25201066875105255,0.0817759626727395
Kampala,2026-06-01,11573.29113153154,0.7442217306633206,19.0,0.0720095219202539,0.927990478079746,0.18419668745300458,1.00003,2.00003,0.3476,32.5825,-1.0,30.0,6.986846187856225,1.743177513712253,0.004576556963055766,289.6989260393842,2.0,0.0006663644919926072,297.3570253196357,293.5936068052131,294.33657979205054,294.2486354777051,294.2488645884111,0.26311745244807283,0.41885427714394874,0.3676105485399797,0.1329228085591569,83207.88808084553,295.5755407012904,-0.06395879574038327,-0.4777702203002129,6986.846187856225,9.756331724578555,6985.572555368787,6993.965919399017,0.49355934061732903,0.025559607997590963,0.5765324174515768,0.16051054813804008
Kampala,2026-07-01,11573.29113153154,0.683185269419193,19.0,0.0720095219202539,0.927990478079746,0.21331765191626603,1.00003,2.00003,0.3476,32.5825,-1.0,30.0,2.8635448786859934,0.38422334300896493,0.004528316609630377,288.8112552277387,2.0,7.810362836384022e-05,297.02839922872,293.7741674855439,293.84292056943616,294.4274617914608,293.72124813318686,0.2205835265394861,0.10010844150733396,0.27845384882018404,0.13363846712534477,83104.33204896824,295.4435345865248,0.4665060701941749,-0.3808674578639097,2863.5448786859934,-7.976425526658576,2871.69712598045,2894.5925064984112,0.18262917222851582,0.3008564878621005,0.15844031179468726,0.06892289210686929
Kampala,2026-08-01,11573.29113153154,0.4130978336410766,19.0,0.0720095219202539,0.927990478079746,0.14046660773070388,1.00003,2.00003,0.3476,32.5825,-1.0,30.0,2.177163838577785,0.5732905379018597,0.001961875464822146,285.9878705336239,2.0,0.0003838837660801729,294.09695379127936,290.67626203127963,290.7124536605078,291.22700549350543,290.514843226448,0.2333280416097433,0.04927096831835294,0.18591584017139418,0.2715695031402613,82712.92080789742,292.0781838191504,0.00920918959477585,0.8382186561376413,2177.163838577785,46.91989531395165,2165.5570005912314,2139.824197478443,0.15456896090548736,0.48327025869882,0.2286900406851777,0.07162853678411137
Kampala,2026-09-01,11573.29113153154,0.7767200530118427,19.0,0.0720095219202539,0.927990478079746,0.3902904125361203,1.00003,2.00003,0.3476,32.5825,-1.0,30.0,0.15810908737718507,0.04576572960044574,0.005496044311489184,286.91995293947974,2.0,0.00015542106792114355,294.7745336885512,293.1526323627098,293.2792051450612,293.402067582824,293.29776003890663,0.502690059778587,0.5505962989598872,0.1869248890088994,0.24828138477374673,82787.45109527017,294.4349023755402,0.06461059098761375,0.054697397302446445,158.10908737718506,-5.773363255216949,168.55218284938633,213.5777702255454,0.009936104772254055,-2.163185525045306e-07,0.1256908433921226,0.027396185894399818
Kampala,2026-10-01,11573.29113153154,0.5141048466300544,19.0,0.0720095219202539,0.927990478079746,0.2757920955115237,1.00003,2.00003,0.3476,32.5825,-1.0,30.0,1.1012772439135956,0.2562754460490062,0.0037311113094451696,284.1081603293186,2.0,0.000323191144014051,292.6998473452701,289.39843674147886,289.4957031896713,289.5669127111844,289.7749536308764,0.3116610941567272,0.1347012643177103,0.7239031844967967,0.11910027770778647,83157.33598032499,290.8390113132485,0.0069646459564731015,-0.012062543555001639,1101.2772439135956,11.106582787150995,1095.8627514263094,1136.0571380145232,0.07546847349398718,0.324906609529995,0.18880342126023533,0.057545499036840746
Kampala,2026-11-01,11573.29113153154,0.7185829742905239,19.0,0.0720095219202539,0.927990478079746,0.22078097776764183,1.00003,2.00003,0.3476,32.5825,-1.0,30.0,0.12486789047795399,0.034871501611507885,0.004615935606944264,285.9891995333632,2.0,0.000571874534053169,293.38476425070303,290.4235351907993,290.0975293158855,290.0862940341392,290.2418436709911,0.24576531835965876,0.01957939136663031,0.1284198140700268,0.5288492474603982,82774.88864236147,291.6088324230483,-0.09245106822149451,-0.26136151025951976,124.86789047795399,-15.62046444239197,125.2592562311165,140.39766109202768,0.007482825981964667,0.11270699691881331,0.052565883572940245,0.015878856817558653
Kampala,2026-12-01,11573.29113153154,0.7465099881788028,19.0,0.0720095219202539,0.927990478079746,0.17275000323213902,1.00003,2.00003,0.3476,32.5825,-1.0,30.0,0.27472218625951855,0.06061207185788118,0.0033884821970080518,283.6579575471588,2.0,0.000506044333900708,290.9568326468001,287.3611079990419,288.6356422851427,288.1939230359558,288.30137850279993,0.11016071995252517,0.17245945458117015,0.5236077465948994,0.14411306049989406,82807.67667538891,289.1459276656915,-0.48793662648866637,0.5268208983039198,274.72218625951854,11.479501980710918,273.66970058763883,224.8933582540388,0.017511522664823292,0.4365428037237522,0.11747904885357427,0.017927974882212868
Kampala,2027-01-01,11573.29113153154,0.8902578645208953,19.0,0.0720095219202539,0.927990478079746,0.11886389807223895,1.00003,2.00003,0.3476,32.5825,-1.0,30.0,1.3710601369536004,0.29284342681208647,0.004207687687163111,284.8784151893876,2.0,0.0002089335108577561,292.61081792030694,289.96146065722075,290.4340189571648,290.1977203969068,290.5813700484543,0.2921829054879629,0.4111230711418402,0.030016829514883672,0.243917511143926,83005.31528533329,291.452533815372,0.3407503486863122,0.014159188065230586,1371.0601369536005,-33.61126277585693,1357.2803577563375,1340.9359139510384,0.09281651282359939,0.312928907651753,0.1513652852282537,0.032141461027186166
Kampala,2027-02-01,11573.29113153154,0.869821539997903,19.0,0.0720095219202539,0.927990478079746,0.29943093239508206,1.00003,2.00003,0.3476,32.5825,-1.0,30.0,0.8589633374148492,0.08896694466775458,0.003965315112613219,287.85132209880476,2.0,0.0001731427114251972,293.57572775177846,289.7871360382177,290.2044209987634,289.8651585446447,290.51669807496864,0.245437714733953,0.21199825121014026,0.1116094689979561,0.5459467551137774,83055.0500492814,291.3019751511134,0.4921611992382919,-0.10699442211275448,858.9633374148492,-19.957431113461343,838.2735489946313,837.0354362165916,0.052222948522357135,0.5109268656533003,0.10908120598506078,0.026474159174441948
Kampala,2027-03-01,11573.29113153154,0.7007508493687397,19.0,0.0720095219202539,0.927990478079746,0.19290145091055239,1.00003,2.00003,0.3476,32.5825,-1.0,30.0,2.273970558196027,0.32753507954824296,0.005794557863517787,287.72358305144576,2.0,0.00015105274816050318,295.1804985393319,291.8210318928366,292.0334606919572,292.6935407878334,292.7848599716006,0.5077365378573371,0.2721120001197246,0.2778252975093544,0.5365884466520311,82922.3787951639,293.4802925247127,0.594196636724042,1.2634662129368108,2273.970558196027,-2.3823883096738023,2278.1558810825823,2292.2074534875233,0.14590377352303127,0.40108817285438125,0.2510859268232622,0.07776314214824571
Kampala,2027-04-01,11573.29113153154,0.4447083966321427,19.0,0.0720095219202539,0.927990478079746,0.2264955112090328,1.00003,2.00003,0.3476,32.5825,-1.0,30.0,3.2491520837887835,0.9339547868369832,0.003553566385449472,289.5231857969164,2.0,0.00043275032655629495,293.7374698628132,291.858746436953,291.24327637684047,291.7325558940941,292.21339601079495,0.5048526270125793,0.23308936394645524,0.0945684310647346,0.0683369109310005,83007.36317498598,293.0002324482756,0.066484837073438,-0.3500604074695866,3249.1520837887833,27.93239578970319,3254.2929639844488,3262.8546803633967,0.23573334544642716,0.338048586804974,0.32213953998230443,0.09559391678253225
Kampala,2027-05-01,11573.29113153154,0.657017431347532,19.0,0.0720095219202539,0.927990478079746,0.29030752204612376,1.00003,2.00003,0.3476,32.5825,-1.0,30.0,4.5283519813334765,1.0199844049755291,0.004447708560017315,289.7947817545522,2.0,8.98879677831107e-05,295.8810156221329,293.43259929672854,293.080269781662,292.8630846362199,293.53074849132855,0.2140549580651791,0.4348712480848089,0.113405985849554,0.11775890491463593,82970.90037575885,294.3923171668553,0.7200586077247364,-0.33819615102963485,4528.351981333477,44.942163171238064,4537.964624252482,4511.216611639993,0.3131133146613452,0.23637427601873884,0.33835189083972095,0.10813138712047726
Kampala,2027-06-01,11573.29113153154,0.7802605142603358,19.0,0.0720095219202539,0.927990478079746,0.20803315965701527,1.00003,2.00003,0.3476,32.5825,-1.0,30.0,4.266816339462795,0.5159159878905106,0.005399355436586002,290.619001331938,2.0,0.0005245865266254153,294.9747284134063,292.2242846403305,292.3462782148268,292.670592488918,292.39515611085403,0.4399464109094162,0.497787642697174,0.20598588339659363,0.40813906184891696,82905.96303699202,293.4557266743222,0.34911165680679496,0.1967426927108748,4266.816339462795,39.34966908225082,4248.429854517761,4222.8850930565,0.26963715911296476,0.35367321055789297,0.24356203771844634,0.11237162116207204
Kampala,2027-07-01,11573.29113153154,0.8844663210143422,19.0,0.0720095219202539,0.927990478079746,0.08575359616064851,1.00003,2.00003,0.3476,32.5825,-1.0,30.0,2.7629699883623746,0.677070028747624,0.005047098302612155,290.11802125014697,2.0,0.0002679318130260363,294.6566492548211,291.3199295929757,292.4358093449888,292.60687464631525,292.2051784296182,0.292355418840138,0.23309597753672803,0.5712042791608061,0.24154824961780258,82896.14915304993,293.292847240071,0.4418299687433362,0.3261614392067098,2762.969988362375,-8.040876280434565,2794.1212081157873,2774.4280519293216,0.193504681715983,0.3223475499824411,0.27578506223903093,0.06998793974316098
Kampala,2027-08-01,11573.29113153154,0.7554339899599442,19.0,0.0720095219202539,0.927990478079746,0.3934712790501914,1.00003,2.00003,0.3476,32.5825,-1.0,30.0,2.2857749391926254,0.6255120406028418,0.003740957854179297,287.2054752263725,2.0,0.00039441588289699137,295.15704110880733,291.1751253393529,291.1311183421556,291.37892387328304,290.9558731108286,0.36614580595245383,0.5816434885743039,0.5621775612709531,0.08844444030069641,82892.8398740586,292.4553333161882,0.3638147718184899,0.025972942903649716,2285.7749391926254,-28.6586348254672,2290.3144711712107,2263.1466636920445,0.1635898781900424,0.45625917028975105,0.3321167707419332,0.07477164004349578
Kampala,2027-09-01,11573.29113153154,0.0895714128815408,19.0,0.0720095219202539,0.927990478079746,0.18480186641013244,1.00003,2.00003,0.3476,32.5825,-1.0,30.0,0.951136854180606,0.24394481903081194,0.00432876241030348,288.920566903588,2.0,0.0005259105253471786,292.36551587247567,289.3387296931101,290.0862320586062,290.31736386034447,290.2177429866432,0.45685073225205663,0.21470854582167653,0.13411986552866315,0.20554285194834154,82945.3534301514,291.2070120376512,0.48204358414417864,0.5947352444623203,951.136854180606,14.868858541632148,963.9380875623106,973.9047118742089,0.06621983218238776,0.5505138003123785,0.16311407631115474,0.07332659008988832
Kampala,2027-10-01,11573.29113153154,0.6095852126292297,19.0,0.0720095219202539,0.927990478079746,0.10697325946884088,1.00003,2.00003,0.3476,32.5825,-1.0,30.0,0.6317694652617242,0.18031137025519414,0.003246035411133324,285.3469365771309,2.0,0.00038700471644784613,292.1743716754403,289.20390988562343,289.7675423261808,289.8254366220781,289.2787914591905,0.0893599737131797,0.46363683666539046,0.15705087510767646,0.21580144196764312,82730.70431858047,290.6499416402774,-0.49429555357545873,-0.5517946586078855,631.7694652617241,22.37310942361103,627.3452200873437,669.2017274419361,0.04455887387107236,0.4671831883138986,0.10639783868523124,0.03292439847423978
Kampala,2027-11-01,11573.29113153154,0.6524997323535698,19.0,0.0720095219202539,0.927990478079746,0.18727519902269188,1.00003,2.00003,0.3476,32.5825,-1.0,30.0,0.18792529319256251,0.035772244015579685,0.004278994162223802,283.71860237145575,2.0,0.00019860288981346337,292.3810120335142,289.7215860471985,289.97367569871227,290.11643165662997,290.64969599215704,0.42940602871808575,0.41486319852294423,0.3042627840764287,0.36683433051323155,82930.9820710227,291.26053225711854,0.20689954872574912,-0.09264382943885414,187.92529319256252,48.66357093786914,184.01781476348168,239.73030845912535,0.011129401388238718,0.41750327778996643,0.14475181615262875,0.036266804168288265
Kampala,2027-12-01,11573.29113153154,0.9416364048862348,19.0,0.0720095219202539,0.927990478079746,0.3014724521579329,1.00003,2.00003,0.3476,32.5825,-1.0,30.0,0.5511686886096829,0.07444116743070632,0.003319112717960918,284.28191060947455,2.0,0.000289757138980161,291.4239939745482,288.07796419323046,288.76420115348503,288.20563526417396,288.60982558069685,0.05221029451693542,0.26709409153878366,0.16934940183695033,0.5051295998717548,82962.94135848868,289.6699983110919,0.04063842138351395,0.7917325126920469,551.1686886096829,14.211025156403862,560.1626003089053,535.9549968079853,0.03397879682300752,0.31050621312449933,0.1328886005854663,0.012748240370531709
Kampala,2028-01-01,11573.29113153154,0.747075011909145,19.0,0.0720095219202539,0.927990478079746,0.20636262696150143,1.00003,2.00003,0.3476,32.5825,-1.0,30.0,0.8278658429492348,0.1115175880692561,0.0029634240836437027,288.4696027733831,2.0,0.0002070305563176073,292.92277216833537,290.94405997280586,290.3145545967308,290.40947277163554,290.96350462192015,0.014387172035824111,0.3351620231877905,0.00511378897355696,0.5058941471301561,82905.0535815594,291.70459668204853,-0.11257326367501062,0.09878946102570392,827.8658429492348,22.81088123147916,835.3587477256659,896.5263050131649,0.051795026776294266,0.38182056641840045,0.06205185297197795,0.02686266033496639
Kampala,2028-02-01,11573.29113153154,0.6851178090161817,19.0,0.0720095219202539,0.927990478079746,0.5782147584577965,1.00003,2.00003,0.3476,32.5825,-1.0,30.0,0.6495544194569137,0.12338736323484455,0.0037910395126679697,286.7393381588011,2.0,0.0003212806319578606,294.6425904712148,292.67803069039087,292.6404040279825,292.7970770586428,292.9319017282543,0.31491220326444763,0.324444179348966,0.24605704178525964,0.2804067695670871,82782.89581458241,293.9493711701532,-0.158325014630614,0.4393217548630215,649.5544194569137,35.26420012512897,667.7716064655239,657.8507294636937,0.042308143469343036,0.36978783977781543,0.1508338776474463,0.03477861224686281
Kampala,2028-03-01,11573.29113153154,0.7947289277620135,19.0,0.0720095219202539,0.927990478079746,0.26490977098893786,1.00003,2.00003,0.3476,32.5825,-1.0,30.0,4.097160479585994,0.46433286925240375,0.0028087098607121937,288.5940280953303,2.0,0.0004872273860925858,296.7748753407083,294.13764275153557,294.1301082320554,294.2258065068585,295.0561977242761,0.22830429224815557,0.23282501674168357,0.11029227654313646,0.24131225106073728,82908.8646697398,295.566554326822,-0.11449143074512329,0.04502141882664313,4097.160479585994,8.980235011446023,4105.512792197619,4090.8493748291626,0.25723624831036285,0.4482839069717649,0.17082884544984062,0.08924317563315355
Kampala,2028-04-01,11573.29113153154,0.7433990200613099,19.0,0.0720095219202539,0.927990478079746,0.46154315099265353,1.00003,2.00003,0.3476,32.5825,-1.0,30.0,1.7109285826776623,0.3214509695156506,0.0027187023265231453,290.1012146668698,2.0,0.00012714049389839436,295.1621132380876,292.10210852841703,291.94931149571846,292.8253775158019,292.84271530092053,0.3203768618742845,0.2616461141449531,0.35639372193893865,0.08073936672491931,82914.76993252267,293.6514774497196,-0.16572814886231946,0.10523527076524229,1710.9285826776622,-6.261700974797763,1710.634230390505,1735.7822181485155,0.11379953418198538,0.2994738394036609,0.1819764799978426,0.04908326973027846
Kampala,2028-05-01,11573.29113153154,0.7184126235821626,19.0,0.0720095219202539,0.927990478079746,0.45074564735850964,1.00003,2.00003,0.3476,32.5825,-1.0,30.0,1.320693695934942,0.158266147773423,0.005287982473801939,288.8657820583717,2.0,0.0006740948522996215,295.25004824628826,291.1649979829046,291.1863234317172,291.8027853670929,292.3558336411676,0.13296735647492133,0.36129563323290564,0.033237989661920826,0.5094883100655807,82926.06628331504,292.81939044767006,0.35991864543569524,0.7232519679732888,1320.693695934942,-16.23163945189811,1334.9110829775004,1341.15472943626,0.08226593059773317,0.3809752116967653,0.15671976791640355,0.04312332099338827
Kampala,2028-06-01,11573.29113153154,0.7247551210468212,19.0,0.0720095219202539,0.927990478079746,0.34118520478133824,1.00003,2.00003,0.3476,32.5825,-1.0,30.0,0.06453780603092028,0.0106899486577303,0.004800936639629463,287.9671599011283,2.0,0.0004693059563830134,296.2943648511476,293.48114972353085,294.0666640387738,293.3851152529054,293.8032386476396,0.34162853674506927,0.48721603782122525,0.10738439104718134,0.36195574219105253,82886.4757104368,294.8081223036729,-0.6827310110960901,0.09492391810623214,64.53780603092028,-5.091843754424147,51.368067229571864,39.73139540972448,0.0026791513123440402,0.3059175930588322,0.10248419627439564,0.023824877227495954
Kampala,2028-07-01,11573.29113153154,0.6249328942419576,19.0,0.0720095219202539,0.927990478079746,0.14302137381826854,1.00003,2.00003,0.3476,32.5825,-1.0,30.0,1.9474671554609413,0.49052735034071276,0.004367365506816178,290.73903285343926,2.0,0.00015061259054774325,296.30595042184177,292.2395728656902,292.3954124159096,292.2899609796464,292.59445646194933,0.3535894239485565,0.2739966438523378,0.3415243866651347,0.3618826643789547,82872.88763989574,293.4743592467819,-0.3736058395739117,-1.2121201301364708,1947.4671554609413,-59.07331088854596,1932.3211948902922,1966.0417832910973,0.13671098229374856,0.43889933050222013,0.2590192766941196,0.06905390508179807
Kampala,2028-08-01,11573.29113153154,0.6284091095355111,19.0,0.0720095219202539,0.927990478079746,0.39306432244845596,1.00003,2.00003,0.3476,32.5825,-1.0,30.0,5.983856054897125,1.2117340210887455,0.00381710355889516,289.5623146287223,2.0,0.00046960787091744415,293.07489734728335,290.0777706868181,290.72837312956057,290.5378933739545,290.5652635413818,0.3925630761354347,0.40681077528351134,0.3925061229259954,0.4525634874391264,82835.40358208754,291.5409695920197,-0.2413717610910162,-0.4766643041293562,5983.856054897125,-10.091211581049917,5969.529216206885,5996.5640268649295,0.4065751118615474,0.44506991934370105,0.43876397289859714,0.1589212246163798
Kampala,2028-09-01,11573.29113153154,0.8572363309962323,19.0,0.0720095219202539,0.927990478079746,0.46633851375164403,1.00003,2.00003,0.3476,32.5825,-1.0,30.0,3.5994558725089547,0.9951893431032596,0.002932467085745727,286.53632918500915,2.0,0.0005515279603261802,292.69907600095394,290.0329224596674,290.0482870510038,290.6001493292091,290.86064614597456,0.7118679520841759,0.20782929368101122,0.33359883958595954,0.5205294522075224,83041.22205554154,291.40443033050514,0.22618589812486695,-0.5311967640734399,3599.4558725089546,-29.475994778995062,3617.271063335878,3585.5173535900026,0.25910947841912946,0.2624332475230282,0.40729840800771416,0.09974256515142738
Kampala,2028-10-01,11573.29113153154,0.6577075120297355,19.0,0.0720095219202539,0.927990478079746,0.4611801911229351,1.00003,2.00003,0.3476,32.5825,-1.0,30.0,0.5959545587921654,0.16159155999385955,0.004586693801475274,285.05559370749734,2.0,0.00022992009801037517,290.4350303908501,287.3526741787533,287.64945008497756,288.2069459310327,288.3066481107169,0.2713207760648829,0.3511336405465551,0.34405318893545533,0.4557743244342818,82987.12972974572,289.152773576135,0.06318978977320591,0.9694644995291424,595.9545587921654,-22.767595576618305,597.3325299768927,539.3985572315319,0.04138983281950594,0.42612181996058496,0.1363647604312438,0.041882282722282047
Kampala,2028-11-01,11573.29113153154,0.7971636383045273,19.0,0.0720095219202539,0.927990478079746,0.13910243637695435,1.00003,2.00003,0.3476,32.5825,-1.0,30.0,0.26253982636174866,0.041861335120968304,0.005050110596108914,284.2040731678688,2.0,0.0007613204300120941,292.57175341784097,290.29925425909346,290.0841634628489,290.503899596122,290.53883183438774,0.15756704912372066,0.24707003838081548,0.16759824552406383,0.5263449027957744,82942.83129624734,291.578962856425,0.4512346112508917,0.10722541698582055,262.5398263617487,2.6760595519678456,260.9568755817141,257.0091268402358,0.015662872495183115,0.45403105144568173,0.16110662223667097,0.018358329981517766
Kampala,2028-12-01,11573.29113153154,0.8438659292883216,19.0,0.0720095219202539,0.927990478079746,0.3496788408046318,1.00003,2.00003,0.3476,32.5825,-1.0,30.0,0.3566773349623827,0.045656417885404275,0.0017922490836174312,285.4376572519192,2.0,8.227478957870849e-05,293.064751717549,289.60956614748426,289.94890869459005,290.21244968241575,290.73573308085594,0.38004498052775165,0.2613583638874165,0.10545421749979744,0.33941958951777684,82693.2145273564,291.31038920593403,-0.6200301462352922,-0.4471663115442099,356.6773349623827,-22.203697393184417,352.0741177320721,402.31928989734035,0.02140201426380307,0.27183520717969156,0.04159105297221138,0.01711037091982532
Kampala,2029-01-01,11573.29113153154,0.7575462529545254,19.0,0.0720095219202539,0.927990478079746,0.2670788820929144,1.00003,2.00003,0.3476,32.5825,-1.0,30.0,0.6658886342947118,0.07726705544441707,0.004511924091029275,286.2475376490569,2.0,0.0002704701573684663,294.65254984642985,291.4505328767303,291.8161972425933,291.9029772313336,292.1794945603033,0.35011877692768384,0.07983482468551875,0.030293528481768053,0.2585997714424976,83022.64051438704,292.88851566255676,0.5880875526199598,-0.8669917647086763,665.8886342947118,37.05056234039476,662.0898106443336,629.4548558721319,0.04057790248312759,0.17569338446747584,0.05808111762144493,0.019325283150557884
Kampala,2029-02-01,11573.29113153154,0.9642655040010426,19.0,0.0720095219202539,0.927990478079746,0.4698081203814664,1.00003,2.00003,0.3476,32.5825,-1.0,30.0,0.7059183878539071,0.16177141833885436,0.003569843364408163,285.3809973727435,2.0,0.0002684905381991437,294.0431313595809,290.46425104019585,290.5306058416034,291.6010191306554,291.9866892515409,0.23451322076959652,0.3032847093133439,0.2702231958628253,0.42570532098434083,83021.33164091856,292.3192728966758,-0.35687692813532546,0.555151180991382,705.9183878539071,-31.536370841377725,692.9427994586722,707.7518561349287,0.04769444029599939,0.2545728041739308,0.11781755976522737,0.020616433067041702
Kampala,2029-03-01,11573.29113153154,0.9420581269541355,19.0,0.0720095219202539,0.927990478079746,0.23115501526914253,1.00003,2.00003,0.3476,32.5825,-1.0,30.0,3.344799925316196,0.7227895902220567,0.0038281370135367083,286.8377532032138,2.0,0.00024997203564597727,298.1208899620502,295.38920367780077,295.33920376910487,295.06662195224635,295.01824667018144,0.3147438348279828,0.1744358550235786,0.1898860722024825,0.37075943101484904,82879.47129085119,296.30099629615245,0.14593088100000748,0.44973248557412293,3344.799925316196,-4.933460507683153,3342.5308260613933,3338.9526769056156,0.22916606307496243,0.46773993266677055,0.28044261325443154,0.07097618731015432
Kampala,2029-04-01,11573.29113153154,0.627981057446404,19.0,0.0720095219202539,0.927990478079746,0.1821809595701715,1.00003,2.00003,0.3476,32.5825,-1.0,30.0,6.095247440247929,1.6982459014503628,0.004593556722280862,284.82146785557245,2.0,0.00026107880174776945,295.88420075925956,293.30296805722725,293.4499921798683,293.1338709408843,293.6878499273688,0.2353997711784638,0.35476652265808534,0.3219807096428471,0.310809260614259,82965.59007765297,294.4657342412314,-0.009354378222948708,-0.19425922654444291,6095.247440247929,-20.427215776704767,6105.1361252744155,6123.374544376726,0.44044189804156053,0.47471859054257176,0.5490898262986567,0.15049581312386107
Kampala,2029-05-01,11573.29113153154,0.595249365596861,19.0,0.0720095219202539,0.927990478079746,0.2640253166723505,1.00003,2.00003,0.3476,32.5825,-1.0,30.0,0.600388768849159,0.0937812659130914,0.0032372752214337858,290.74421226289763,2.0,0.0006022598435033904,295.66854025763075,292.3108046719712,292.90056197950713,293.1657952718147,293.69077976917885,0.09359723354167482,0.49455539279009136,0.22207340504864936,0.49108899420075625,82880.61738612271,294.18258219042724,-1.0019311822033767,0.3177090151046132,600.3887688491591,20.627456616690868,587.3818156134955,580.6452741769014,0.037871913724439994,0.3514136628506189,0.13158827495830436,0.04270817728886688
Kampala,2029-06-01,11573.29113153154,0.31894510458640846,19.0,0.0720095219202539,0.927990478079746,0.24754307919453483,1.00003,2.00003,0.3476,32.5825,-1.0,30.0,2.2082909923403014,0.340250510976478,0.003523779126455341,290.543634578638,2.0,0.0002522492239437799,295.6890902764642,293.0814981561886,293.1333921753302,293.44396740602986,293.38953110392646,0.01894419727687183,0.29200274973462004,0.2588994971682863,0.2500905754050853,82926.25613290019,294.46435870120996,0.4254489810839861,-0.06868589419969832,2208.2909923403013,-26.796430826003885,2184.98461085006,2232.827682081052,0.14302863711676903,0.671584513006225,0.17884652593238717,0.08003803493048565
Kampala,2029-07-01,11573.29113153154,0.6668894937052331,19.0,0.0720095219202539,0.927990478079746,0.16872348311764004,1.00003,2.00003,0.3476,32.5825,-1.0,30.0,3.081914257811891,0.5027387079611019,0.0030979484456424896,286.715882160699,2.0,0.0003345180716004838,294.693040165937,291.10021134774723,290.9560209177883,291.27041724660086,291.53153087104124,0.24547947712346535,0.12281223707245882,0.011838901144318502,0.13809238687939063,83064.2672953256,292.41925511842254,0.3191959628041915,-0.1643092378744923,3081.9142578118913,4.333541609260205,3085.5735557805187,3075.2181901728472,0.20181713251932396,0.41627935200039423,0.18552356563694136,0.06890367082442819
Kampala,2029-08-01,11573.29113153154,0.7899866117420713,19.0,0.0720095219202539,0.927990478079746,0.15020058285357396,1.00003,2.00003,0.3476,32.5825,-1.0,30.0,4.424844665890411,0.7105554759774126,0.0038967452398509525,285.03521678326877,2.0,7.960037145994943e-05,295.1899336853146,292.61571476932187,293.0088557764618,293.28120528477643,293.49844966984676,0.3965976125558355,0.23998651162648332,0.25215127857433545,0.42237847913487114,82882.4145595568,294.49376419887363,0.010443244147980894,0.11535045285934174,4424.84466589041,-6.66630823086037,4418.405999585931,4442.501263983532,0.2897243730730571,0.14514950357708975,0.25430262658980285,0.10887110401768234
Kampala,2029-09-01,11573.29113153154,0.7854432480009953,19.0,0.0720095219202539,0.927990478079746,0.1055672064555032,1.00003,2.00003,0.3476,32.5825,-1.0,30.0,0.20264064470633045,0.044319978594162986,0.004462172666081943,286.7845592514156,2.0,0.0002484177631834042,293.68056149008623,290.65742633289295,291.25236908036766,290.85379350991343,291.3269920300761,0.08672851106957866,0.08172918633541386,0.29856673231266356,0.12534025495832682,82833.80178222034,292.0110646474316,0.00957388870787603,-0.3207434545221548,202.64064470633045,-17.1157456440001,214.50002869377198,143.5375301749754,0.012438406910896888,0.14882732855379796,0.09395628996266796,0.004983167962228635
Kampala,2029-10-01,11573.29113153154,0.483519631491517,19.0,0.0720095219202539,0.927990478079746,0.35023918083371725,1.00003,2.00003,0.3476,32.5825,-1.0,30.0,0.9537879271548003,0.14123670887927312,0.004014273067836434,284.33704006333613,2.0,0.00022745920509913774,292.55600450095466,290.6844635161338,289.82225885726587,290.9766951132698,290.72283812203614,0.24369917696780016,0.17097774059130702,0.08072398199878913,0.4477791997522805,82859.29636870732,291.59153134077917,0.05294722655761712,0.2922064902362421,953.7879271548003,-18.28783509740825,938.4399944850259,922.8898870276279,0.06056281014019612,0.4854663522997695,0.04821062062786767,0.04760901918796234
Kampala,2029-11-01,11573.29113153154,0.7492842574927185,19.0,0.0720095219202539,0.927990478079746,0.2626766098332857,1.00003,2.00003,0.3476,32.5825,-1.0,30.0,0.17492619982495378,0.0430089226208807,0.00521737356975163,286.7308331285096,2.0,0.00044606792813358943,293.90131919610127,290.61942716400483,290.7342411350276,290.62226914575587,290.6197098981214,0.7016664786282043,0.4860781403415911,0.33914655658144083,0.049288996170837526,82874.82693180075,291.86034816623084,-0.531148577583187,-0.5991416928735791,174.92619982495378,-30.555295216823037,190.7993055291124,203.05300349109672,0.010749357553969488,0.3133151652799765,0.0976750975460788,0.031642297539962096
Kampala,2029-12-01,11573.29113153154,0.7967821718153315,19.0,0.0720095219202539,0.927990478079746,0.6475443160306562,1.00003,2.00003,0.3476,32.5825,-1.0,30.0,0.8065845505821488,0.14204239625900636,0.004087968821052831,286.4492239432159,2.0,0.00028511019657917437,291.54358142667814,288.54939471195394,288.845195599547,288.5125250381097,289.0709183878755,0.4617640825838227,0.14064735238709622,0.2249110056556696,0.09620692451496077,82846.52667524404,289.91295616106123,0.7222101940768458,-0.030144495695805892,806.5845505821488,-17.591363739162784,820.5642469065425,860.9848691416321,0.05225550426946238,0.3043681051296301,0.11114252220569576,0.024997533334047164
Kampala,2030-01-01,11573.29113153154,0.8092129693270196,19.0,0.0720095219202539,0.927990478079746,0.359768584824016,1.00003,2.00003,0.3476,32.5825,-1.0,30.0,0.5723074430087028,0.06370762273692959,0.004541056763492638,286.2697735815662,2.0,7.440974941936792e-05,294.4197378093511,291.83205047106713,291.4275144161442,291.68766923833624,291.8175376005184,0.3640992745151105,0.08904558910665783,0.5642227587090671,0.24005557529443208,83038.72574110526,292.8759486998743,-0.59273117679755,0.26048408278741436,572.3074430087029,25.341893513596585,548.6827509672075,600.0893143430619,0.03449963710014073,0.5169996376409218,0.14819427849816444,0.027963384247049534
Kampala,2030-02-01,11573.29113153154,0.3339962902769877,19.0,0.0720095219202539,0.927990478079746,0.18919132200126318,1.00003,2.00003,0.3476,32.5825,-1.0,30.0,2.664399644797372,0.7709353666919745,0.002463476385056217,287.17763446727486,2.0,0.00020745643769473526,295.6052976849563,293.50579705528514,293.2103144465637,293.3204281766786,293.4990450587729,0.47347413189411136,0.2756580127812975,0.18345192383592762,0.3796526993510353,82927.67934493253,294.49718051774954,0.3623619289471294,-0.4322828636391508,2664.399644797372,18.56706045899306,2671.6333790875815,2627.269772127553,0.19338436481382978,0.46733532100148495,0.31033881456751866,0.10091586241242416
Kampala,2030-03-01,11573.29113153154,0.371957409631976,19.0,0.0720095219202539,0.927990478079746,0.3484381751736213,1.00003,2.00003,0.3476,32.5825,-1.0,30.0,4.283145706175142,0.486958304570287,0.004887290837266742,289.5249934892166,2.0,0.00028615817453188635,296.09950746683216,292.8732602763731,293.57871923600067,293.9040424088571,293.8183137451658,0.39279551577594957,0.10127187406734832,0.340782059026411,0.07387033371894651,82879.06861804206,294.78757365731923,1.1819362473096804,-0.3929930163174912,4283.145706175142,-27.128763163944953,4270.7645482254575,4371.618538934404,0.2689499708851823,0.3641307406858815,0.18965511027890578,0.12126757274002059
Kampala,2030-04-01,11573.29113153154,0.4914518552976659,19.0,0.0720095219202539,0.927990478079746,0.07831509029810883,1.00003,2.00003,0.3476,32.5825,-1.0,30.0,6.509352025897426,1.1115228380220559,0.004481866061718492,290.05294800363583,2.0,0.00036371066360682655,295.07131392792985,292.45187175719246,291.9603137434802,292.7571639661319,292.7706819250264,0.11573063419370512,0.35328749698671374,0.6949652548988466,0.4578719367384771,82954.88838353174,293.92610385530446,-0.06272713000145011,0.1639397620796787,6509.352025897426,52.21106932174813,6485.562276213856,6452.954294343254,0.43065796211512786,0.32968468335814927,0.44667990125306384,0.1773946580823837
Kampala,2030-05-01,11573.29113153154,0.4842475681191817,19.0,0.0720095219202539,0.927990478079746,0.10123676310915995,1.00003,2.00003,0.3476,32.5825,-1.0,30.0,9.786242724221943,1.314671923437332,0.004389614177370904,285.54637839147466,2.0,0.00031239008779551414,296.4593958687205,293.4190915558327,293.31575801959383,293.870000534114,293.72478151070277,0.2429866150126237,0.34667217284130875,0.30708649759408013,0.24347090887900383,82900.33755065972,294.8933854074117,0.4621350697689149,-0.5069479761462689,9786.242724221942,30.93595336710348,9779.38319939564,9784.958022782595,0.6280379575394966,0.3024151957143383,0.43982966493701753,0.23224653516586577
Kampala,2030-06-01,11573.29113153154,0.6710043016626518,19.0,0.0720095219202539,0.927990478079746,0.47452258234070116,1.00003,2.00003,0.3476,32.5825,-1.0,30.0,2.950080536310078,0.8126589526930106,0.0048484308822052844,285.86171680659197,2.0,0.0002439232179308877,296.02750455226897,292.4226254264917,293.3715046720941,293.1949825216566,293.2286912405772,0.18689261626561332,0.28021975907890234,0.5039853388745347,0.2905356993774629,82839.32997052347,294.48559123830427,0.6000394782134306,-0.24595122375310258,2950.080536310078,7.7827168360721215,2975.579896928724,2982.2268308771245,0.21181824930704854,0.3922326547849714,0.321300276216275,0.08487404093175843
Kampala,2030-07-01,11573.29113153154,0.6489934194265455,19.0,0.0720095219202539,0.927990478079746,0.3603242645385174,1.00003,2.00003,0.3476,32.5825,-1.0,30.0,2.6951244468039577,0.35385728921177656,0.0049413105807674836,291.21395952459966,2.0,0.0004070964412263209,294.29177668588943,290.7474107132188,291.07168685608013,290.96116917990355,291.587524785842,0.3769502122626919,0.13015310090811202,0.34415022189893246,0.3393127354985834,82878.19541046076,292.4828392856571,-0.32604444429653034,-0.5448165186711942,2695.1244468039577,2.383604986032705,2691.172723562724,2715.4987300671037,0.17133132721015187,0.4537894021600624,0.14765268023466915,0.07922383902335206
Kampala,2030-08-01,11573.29113153154,0.5287958880981168,19.0,0.0720095219202539,0.927990478079746,0.24940757115429693,1.00003,2.00003,0.3476,32.5825,-1.0,30.0,1.3063475488291112,0.21562327527370614,0.004335058029084118,287.9742339357742,2.0,0.00014234473482438182,292.40724551402167,288.8523085135785,289.2840893100492,289.54552126586316,289.71696441683093,0.20097123645401038,0.24188964316220724,0.2295611941890383,0.2156860757163646,82946.92675898086,290.65731345215147,0.378394339993491,0.30623439700680116,1306.3475488291112,3.0886923988895583,1335.6599103353656,1291.175147701253,0.08475939787057372,0.4800784521097707,0.11663450577498999,0.05061744889498585
Kampala,2030-09-01,11573.29113153154,0.7542819278147314,19.0,0.0720095219202539,0.927990478079746,0.08782645533823519,1.00003,2.00003,0.3476,32.5825,-1.0,30.0,0.38359281753863544,0.05119867285998576,0.005481663402462599,289.4438807857962,2.0,0.0006646445555574144,294.77020847618047,291.06816389187964,291.78301799643646,292.1192599261026,291.9826199005423,0.09848985788707412,0.28570775575350793,0.5862538821875058,0.8323620767651596,82900.36956718478,292.71375564249,0.6707379577654405,-0.371242116269192,383.5928175386355,22.38388576906499,374.1191516011555,391.1877746797749,0.02303364531968581,0.4906398522479647,0.12808791260780478,0.04134483238082918
Kampala,2030-10-01,11573.29113153154,0.8824594793204144,19.0,0.0720095219202539,0.927990478079746,0.3553322641506153,1.00003,2.00003,0.3476,32.5825,-1.0,30.0,0.9110597958991807,0.1758362748156788,0.0034835703561124282,285.47324931728895,2.0,0.00041739271073667334,291.1922403403566,288.2247090524402,288.4865925285719,288.6952012508342,288.8996059428216,0.2155212649665496,0.1652300526988811,0.26401838088590207,0.41798536823710236,82879.41405691196,289.8720551765828,-0.08838708155789105,-0.7743091494318733,911.0597958991807,-13.738506864888372,909.308307162252,891.9930606570485,0.0601318879592702,0.4045060795533526,0.15777328515712571,0.025434391686693206
Kampala,2030-11-01,11573.29113153154,0.7675860949277648,19.0,0.0720095219202539,0.927990478079746,0.13582119848070492,1.00003,2.00003,0.3476,32.5825,-1.0,30.0,1.0140432223391844,0.2367207519124876,0.0036787572338820886,286.22310009100306,2.0,0.0005474885853807166,292.67360088696097,289.7261041492148,289.65788760281725,289.45099980381843,290.0568354226862,0.5664833067511766,0.4838611865045758,0.036568474531614055,0.17202543596502318,82936.87331473175,290.9725567578595,-0.963836289672805,-0.13944169707537826,1014.0432223391845,30.44897880763896,1006.3452768714835,992.5056556167564,0.06941478864653164,0.26228039290764316,0.16853230519701387,0.03952814879778241
Kampala,2030-12-01,11573.29113153154,0.8132142889143344,19.0,0.0720095219202539,0.927990478079746,0.1981494514488964,1.00003,2.00003,0.3476,32.5825,-1.0,30.0,0.425880991599046,0.11457228041113687,0.0034687857053924014,286.49376416921314,2.0,0.00028604679097346346,293.77974949406683,289.8340048654284,290.0195763282776,290.6460258058664,291.05427475570934,0.14504495653324995,0.354338047521501,0.17743415640634938,0.08105034586883751,82789.77078501636,291.5855806049626,0.2043036538508838,-0.15390423556944205,425.880991599046,29.99095197964785,422.6011754266074,379.2870299979811,0.02914054688092116,0.41517012970517764,0.08322586408658839,0.012037967286625664
Kampala,2031-01-01,11573.29113153154,0.6089943557883295,19.0,0.0720095219202539,0.927990478079746,0.557406885681536,1.00003,2.00003,0.3476,32.5825,-1.0,30.0,0.7841695265631156,0.1920585317654615,0.004249178671713897,285.15976014916856,2.0,8.195667110972747e-05,292.51015997763847,289.77322425981407,289.3600040228043,289.8419933951257,289.81061635198284,0.5180688355959586,0.18339375596900323,0.4770557053470048,0.32061019630162185,82818.54052068296,290.8444891542488,0.6106178300334802,-0.24357901132285306,784.1695265631156,-31.284456160684815,777.14301883891,749.5286842841297,0.053811792250512386,0.3906955151658328,0.14494051202878902,0.05063783188771567
Kampala,2031-02-01,11573.29113153154,0.567108008290665,19.0,0.0720095219202539,0.927990478079746,0.17271062004663917,1.00003,2.00003,0.3476,32.5825,-1.0,30.0,0.6147700988609714,0.11640235670316768,0.004298391846566304,285.02644984697605,2.0,0.0004869995309153429,296.4564480275563,293.7355671052313,293.9503246329994,293.9407635567162,294.26059084542226,0.48578060129834993,0.402055849828295,0.14389638507169325,0.10487597750144124,82900.98806098297,294.990765050599,-0.18613624214279956,0.41237450328614894,614.7700988609714,-5.41841286010601,627.659805727816,628.7715858811268,0.03991036927191226,0.672323492963603,0.14406812820408968,0.04052998588074293
Kampala,2031-03-01,11573.29113153154,0.4861604378550222,19.0,0.0720095219202539,0.927990478079746,0.40358643680310874,1.00003,2.00003,0.3476,32.5825,-1.0,30.0,3.373408694302333,0.7265360104073384,0.00297190359217807,288.3543226983873,2.0,0.00019549060967688568,294.80157950852663,290.6613716766985,291.5593442357511,291.5648785062147,291.9198675590824,0.21166532494841864,0.08203232755966,0.03097599546180812,0.03460834988837926,82914.89100758464,292.68467089248196,0.2116709743042877,1.0403829520195946,3373.408694302333,48.92936334099095,3373.0062166466973,3357.99353579705,0.23104969000988798,0.36976438804122563,0.24207277183017173,0.08182109012458592
Kampala,2031-04-01,11573.29113153154,0.5416939759817898,19.0,0.0720095219202539,0.927990478079746,0.34373937113770386,1.00003,2.00003,0.3476,32.5825,-1.0,30.0,0.9834186193601179,0.28935143883890085,0.003687578208504951,291.81724881766957,2.0,0.0002568145200230084,295.30562370553605,292.29818731424547,292.8242390856216,293.1165139398317,293.1053540949288,0.11343803500078885,0.3569482999794101,0.08720531597496316,0.23791157291652001,82949.9085565466,294.07028976176025,-0.3532802894167364,0.1333363818916602,983.4186193601179,36.61135780668249,974.9948003295186,1043.1142715602446,0.07066239063992158,0.6013546649686922,0.18387156906362054,0.04090649253022144
Kampala,2031-05-01,11573.29113153154,0.44692961580113894,19.0,0.0720095219202539,0.927990478079746,0.0539162581054153,1.00003,2.00003,0.3476,32.5825,-1.0,30.0,3.891645061395016,0.9585094264837815,0.0037014032623903736,289.9110410290081,2.0,0.0003656123689167462,297.7275251924553,294.72544468430283,294.6417566665809,295.1021773174077,294.9637948181131,0.878865238152791,0.23688781326089212,0.5733551452427532,0.5233899630543689,82915.18776096139,296.005774332163,-0.11606465927422717,0.5823074951551782,3891.645061395016,-5.618640512874615,3874.6550256168625,3901.9757344736545,0.2735573918480281,0.2616728700266614,0.3957282187253893,0.1418804616551185
Kampala,2031-06-01,11573.29113153154,0.8572583228890668,19.0,0.0720095219202539,0.927990478079746,0.05884741006975731,1.00003,2.00003,0.3476,32.5825,-1.0,30.0,2.081010033805331,0.5936970952813762,0.0034927285894061876,288.34119604953844,2.0,0.00040456964075231397,295.38390704453514,292.8077713101469,292.97750271753085,293.2415509482552,293.22922691721834,0.6444226651860859,0.38666083051023814,0.08978809229365226,0.02624101973556793,82889.3778506158,294.3322281581927,-0.2599875442037609,-0.1793829680475734,2081.010033805331,15.211051736854802,2091.724817843436,2075.851595757993,0.1501860377949805,0.45412084387980706,0.2186382525675789,0.05291674548860512
Kampala,2031-07-01,11573.29113153154,0.7604491534831461,19.0,0.0720095219202539,0.927990478079746,0.05492412177454415,1.00003,2.00003,0.3476,32.5825,-1.0,30.0,2.039914313919656,0.3513037319235065,0.005698092906333733,287.20239285924333,2.0,0.0002920964891552893,293.82846540000804,291.1256184573104,291.07092374509386,291.2748451040371,291.7516069031751,0.33845649566823327,0.25470188033259733,0.41650937611680433,0.2245169150868896,83056.77961311965,292.4685999522398,0.26259519516886415,-0.5689035798268174,2039.914313919656,13.570708781766912,2061.9580519800693,2048.7771325166027,0.13398252362511068,0.47849814378637534,0.21618722807131782,0.06020275676716281
Kampala,2031-08-01,11573.29113153154,0.7777229760329819,19.0,0.0720095219202539,0.927990478079746,0.3165573208017622,1.00003,2.00003,0.3476,32.5825,-1.0,30.0,2.678272803876479,0.7314697185693728,0.0032757534679416596,286.8203411980289,2.0,8.388785573558843e-05,296.0376575948411,292.35714259967887,291.7658143682002,293.03025234615615,292.95733835247114,0.23862236260259873,0.34926511547555156,0.18348662812958907,0.5023166737897836,82989.47235146472,293.58194805127124,0.8442210778730657,0.8116315927431005,2678.272803876479,15.709550900940572,2674.6801933450047,2646.2437583584497,0.19188678582433844,0.4467656286067237,0.27403357745415724,0.07313877525943323
Kampala,2031-09-01,11573.29113153154,0.9878915509400981,19.0,0.0720095219202539,0.927990478079746,0.43517449767331134,1.00003,2.00003,0.3476,32.5825,-1.0,30.0,0.798702889623458,0.12673073403951834,0.0059015592551136704,286.8672290608418,2.0,0.00016966577004528098,293.48712559714863,290.14822564968455,290.45869869846274,290.7787156424021,290.4416154832838,0.2841332851910854,0.5986063994811743,0.14001212268077284,0.18804477738929376,82911.12767680532,291.682921720249,0.5911170144691575,0.5803495017985916,798.7028896234581,6.8685475686586255,814.7372826525851,801.4385378387716,0.05083720621529781,0.39304991278073675,0.12936694635730678,0.020479001695952796
Kampala,2031-10-01,11573.29113153154,0.8440241471894666,19.0,0.0720095219202539,0.927990478079746,0.3654846251883142,1.00003,2.00003,0.3476,32.5825,-1.0,30.0,0.3198869188957846,0.05775262239694196,0.005014645386439412,287.57688321928794,2.0,0.00010781620121712764,291.5547749950338,288.4151783870557,289.0368059091966,288.9280556613647,289.2279085145611,0.23597733591697836,0.13388499894710104,0.12830424923502665,0.11955361079034603,83014.18532448109,289.81719112178615,-0.19954942691046276,-0.45846377266496474,319.88691889578456,-12.978933069842254,352.3470295044699,337.8490893755788,0.019818689299448806,0.3153031277760472,0.10875610173163193,0.004437955023739369
Kampala,2031-11-01,11573.29113153154,0.7511282857722444,19.0,0.0720095219202539,0.927990478079746,0.22531168250627426,1.00003,2.00003,0.3476,32.5825,-1.0,30.0,0.14771330115102274,0.02536596566197568,0.0036258197240098163,285.26665145821727,2.0,0.0007097669031436296,293.29875998296234,290.6402650163882,290.23878299065035,289.93562161107633,290.45896448744276,0.4075481130987422,0.28181509246962405,0.0483681533014185,0.16603697357092015,82976.61960091742,291.7124965915008,0.6118551703346454,-0.5874206541914683,147.71330115102273,-8.967594326222974,135.10742810794113,168.0065556458659,0.008295569134058673,0.28608999976479527,0.05308882193086112,0.013878253827494118
Kampala,2031-12-01,11573.29113153154,0.6315775517045605,19.0,0.0720095219202539,0.927990478079746,0.13093248853028094,1.00003,2.00003,0.3476,32.5825,-1.0,30.0,0.5446784406786451,0.14945029339298643,0.003318944839385321,282.998876816765,2.0,0.0002524720486694136,291.22366761044447,289.252277847884,289.62850205306376,290.1309664523185,289.858569535144,0.10075848030537371,0.0701863420833734,0.27787292488231896,0.19006216839104254,82991.97033140843,290.9897906530543,0.6953662437957713,0.061958713171322365,544.6784406786451,3.2911141729821134,535.834929918759,537.6483933473831,0.037864939311200926,0.2544036898231789,0.13889588197961406,0.022513665500296574
Kampala,2032-01-01,11573.29113153154,0.15880162023548686,19.0,0.0720095219202539,0.927990478079746,0.11572766242212952,1.00003,2.00003,0.3476,32.5825,-1.0,30.0,1.764898913119862,0.33271074667364603,0.004325840852147925,288.31252172636033,2.0,0.000285447856220867,292.4719014537593,289.7011482773989,289.70091018323603,289.27232502144545,290.45282575548777,0.2234702777325489,0.25696742503443487,0.41341824985011727,0.1632040189395164,83014.14643179723,290.8288040742353,0.6345863282291897,0.10647498683581144,1764.898913119862,1.7211432820963195,1796.454009665788,1782.7908251933916,0.11740798961306537,0.6838929369116182,0.18932452823454957,0.08682098716851687
Kampala,2032-02-01,11573.29113153154,0.7896523701891375,19.0,0.0720095219202539,0.927990478079746,0.07754374790946529,1.00003,2.00003,0.3476,32.5825,-1.0,30.0,1.112715256300542,0.14907871327387268,0.004820966884368401,285.043592623815,2.0,0.0006281882681641664,294.20465578102045,291.0793103410593,291.3461882444951,291.8136148229846,291.648936578382,0.5675177027847291,0.1524295832997067,0.401561690342304,0.1934741652155991,82911.96002626671,292.8829923481104,0.0655103810393491,-0.16688943541944365,1112.715256300542,-43.69091274570654,1119.2368072688953,1126.9781767763407,0.06997558664809282,0.5760080288838753,0.1886213695071244,0.04161381905647191
Kampala,2032-03-01,11573.29113153154,0.8863407701700704,19.0,0.0720095219202539,0.927990478079746,0.049816159720121,1.00003,2.00003,0.3476,32.5825,-1.0,30.0,1.1705847729484442,0.24549232635063228,0.004424393937861012,289.25411721123623,2.0,0.0006190284927371695,295.06195440685684,290.4890382464494,290.98182091707673,291.86157413722117,290.89169756161033,0.20155897353610072,0.4740734364018844,0.21592434878336725,0.13839653999104828,82650.672917967,292.34120223577213,0.8145831824504726,-0.290891016696027,1170.5847729484442,-2.82820131289351,1151.0965274967568,1177.5683752366492,0.0787484374172455,0.518423008669478,0.15304474029107454,0.029642767930014902
Kampala,2032-04-01,11573.29113153154,0.7636452256540001,19.0,0.0720095219202539,0.927990478079746,0.3646707258553313,1.00003,2.00003,0.3476,32.5825,-1.0,30.0,1.4696258867203884,0.26669757262015875,0.004958385819842042,289.30954227284553,2.0,0.0005643852941308357,297.55542208967455,293.93198776256537,294.61482754439976,294.5174681406074,294.6794480059093,0.08692531547352787,0.23155765402065892,0.6912091233940715,0.42384108652252667,82922.90746882057,295.52123242282755,0.1121698283890413,0.4520087773806572,1469.6258867203885,25.17833341182899,1474.6680611657819,1462.8015989217863,0.09688132005458966,0.46028045999719625,0.15635780584546902,0.053475767207319565
Kampala,2032-05-01,11573.29113153154,0.8349838226895789,19.0,0.0720095219202539,0.927990478079746,0.3013859442558872,1.00003,2.00003,0.3476,32.5825,-1.0,30.0,1.463784317773582,0.3978892953890491,0.003280890548550814,292.57471814367887,2.0,8.627621477479522e-05,296.2295260408533,294.26315144461273,293.73368313837227,294.2139918714662,294.5487642251594,0.20152128031602276,0.1702667327636461,0.27704033376975323,0.5881617460287799,82900.06828189574,295.43855600183775,-0.39544969083377657,-0.3899264731108194,1463.7843177735822,-12.423300627949455,1461.045783157889,1434.0855839970218,0.10408585038279662,0.4177943570713192,0.21625718258463755,0.04400572645332147
Kampala,2032-06-01,11573.29113153154,0.72876853879495,19.0,0.0720095219202539,0.927990478079746,0.49149642294398527,1.00003,2.00003,0.3476,32.5825,-1.0,30.0,2.745550268589812,0.4485914069231249,0.004258661147855388,289.5511604713554,2.0,0.0003762624746444975,295.1823558215625,292.34813226642825,292.1670040192381,292.6595091687601,292.92394221289516,0.5353262364559891,0.27591501320266276,0.6042379732951798,0.21507195100369753,82978.28737349485,293.7147001240788,0.20402642341837784,0.2753987861368316,2745.550268589812,-21.2633819686761,2782.828117339995,2753.4935279191513,0.17960297013663687,0.3900914615701831,0.2597826163275726,0.08656904067817454
Kampala,2032-07-01,11573.29113153154,0.837111306536636,19.0,0.0720095219202539,0.927990478079746,0.24492858313333166,1.00003,2.00003,0.3476,32.5825,-1.0,30.0,5.480878606735235,1.325702664152402,0.003848285566422771,290.3272920676314,2.0,0.00045506136907292607,295.76574515267254,293.1464186531848,293.5265748217899,293.37982018985457,293.9661879898019,0.37678531728349407,0.1588381705082374,0.3704928401333887,0.09889440053849909,83005.73683053782,294.54663640008755,-0.1575433655970543,-0.2858730209780307,5480.878606735235,-50.462196609715946,5483.054562924625,5504.673877381795,0.38451022751555447,0.5470564482867228,0.4134310947089119,0.11969379459940167
Kampala,2032-08-01,11573.29113153154,0.9412284905104445,19.0,0.0720095219202539,0.927990478079746,0.2846161678513917,1.00003,2.00003,0.3476,32.5825,-1.0,30.0,1.5140054001780623,0.1679736627879646,0.0036294172375992174,285.47792933208973,2.0,0.00013043555283476354,294.13785287237744,291.32699134146054,291.77108493737586,291.3724163720837,292.2790788851822,0.6652314964613286,0.5065476737517574,0.1452585093257124,0.307508825687034,82828.53193230096,293.12553588601656,0.16083927068825005,0.08402990298341012,1514.0054001780622,11.788559510455144,1486.538227002987,1477.1520852400893,0.09387448445526621,0.33009009348911234,0.12157935103552678,0.048398275064647965
Kampala,2032-09-01,11573.29113153154,0.6323080321585445,19.0,0.0720095219202539,0.927990478079746,0.1389195248940217,1.00003,2.00003,0.3476,32.5825,-1.0,30.0,0.09995256499031123,0.029054269151708865,0.003913930307209107,286.27451930959216,2.0,4.365945273076479e-05,291.2999129456231,288.5837411868828,289.04381426285613,288.88333216055804,289.4032255892266,0.4840027039916089,0.18029463864084722,0.33953151968236805,0.09821519472622743,82867.33037868136,290.2489067663953,-0.58611687671832,0.23218493177328708,99.95256499031123,-9.9419923403651,82.19210661697284,87.95559312637712,0.005779606022629835,0.38368189250402956,0.0936982225218239,0.025199608856026554
Kampala,2032-10-01,11573.29113153154,0.7611968492055172,19.0,0.0720095219202539,0.927990478079746,0.5105496545640418,1.00003,2.00003,0.3476,32.5825,-1.0,30.0,0.6263572349683264,0.11044137453689075,0.0033298847995457672,287.52552606450536,2.0,0.00018656630078063812,293.50105307982585,289.7922642808157,289.89453243493625,290.56384784424904,290.02612907135665,0.15385422849974512,0.1486458444325148,0.5890148840968601,0.48430161665482896,82782.38266634452,291.35302154893515,0.5909455464799808,0.2404540463744477,626.3572349683265,-19.73346264299186,626.2515601861181,619.8889476112857,0.04028439363142847,0.25193152980333544,0.12482395395381908,0.03500362100604308
Kampala,2032-11-01,11573.29113153154,0.4377857564568197,19.0,0.0720095219202539,0.927990478079746,0.4365609916533659,1.00003,2.00003,0.3476,32.5825,-1.0,30.0,0.24624355877352694,0.03258760432384913,0.0032715383783196573,285.97928700617445,2.0,0.0005000189816178676,292.743429382386,289.21519311119505,289.0386541837156,289.12478720114734,289.5460532571692,0.37801180678791957,0.5177667311895368,0.06567630003983319,0.4512896031517556,83065.36172684922,290.66786467940693,0.4980591074555645,-0.6951109625767313,246.24355877352693,48.499709786908376,235.11380735214775,284.9926155763403,0.014313512315735683,0.4169612293395765,0.10384597137132694,0.04794695808250102
Kampala,2032-12-01,11573.29113153154,0.22983095292574274,19.0,0.0720095219202539,0.927990478079746,0.4363126089392898,1.00003,2.00003,0.3476,32.5825,-1.0,30.0,0.1807901014590675,0.03781029605940896,0.004487905445074186,284.78634634967835,2.0,0.000422251357783789,291.7418523640366,288.3516117487535,289.34606708962673,289.81299361380303,289.4239949586228,0.42273250511124144,0.15229284112134703,0.27150653100697675,0.48509930163334536,82806.93357820396,290.62813673841475,0.8324009146202261,-0.44207923997188403,180.7901014590675,-30.204470591139703,177.01638899758382,190.22448563356966,0.010828462140544665,0.3907751161147508,0.12414502638617839,0.05724374733563642
Kampala,2033-01-01,11573.29113153154,0.45821783766840224,19.0,0.0720095219202539,0.927990478079746,0.35244812387156554,1.00003,2.00003,0.3476,32.5825,-1.0,30.0,3.2064078827157565,0.44664426021143677,0.004630148776427862,283.6849219039759,2.0,3.758874930891382e-05,293.795388719728,291.15631410573724,291.30729550395523,290.94950489328596,291.71433819220687,0.2723109301418722,0.09595349122935327,0.2635758469367221,0.28957213736882226,82941.05320144093,292.5563420947805,0.2943263396912174,-0.04196362743633769,3206.4078827157564,20.497203849544928,3224.156290321449,3180.643500878136,0.20560957586467535,0.5461460162010726,0.1961838455836459,0.09442289274536404
Kampala,2033-02-01,11573.29113153154,0.7941941664358713,19.0,0.0720095219202539,0.927990478079746,0.22153087051832474,1.00003,2.00003,0.3476,32.5825,-1.0,30.0,1.6285644568293585,0.46268685042573077,0.0034538889972614306,287.5438772195528,2.0,0.0005768746332004914,294.2644514137161,290.98578420943954,291.04266564737173,290.7939655530499,291.24453112137337,0.2901952632798083,0.47984139810788023,0.30096354758337374,0.21998463055148423,82872.97232389898,292.3726565813168,0.8523255029640676,1.195383082383862,1628.5644568293585,40.52439915623471,1626.868251791065,1599.6569534934572,0.11709682160830957,0.3513139002687057,0.2820592792533447,0.05121994349185067
Kampala,2033-03-01,11573.29113153154,0.8699648991462896,19.0,0.0720095219202539,0.927990478079746,0.319112007755751,1.00003,2.00003,0.3476,32.5825,-1.0,30.0,0.8065745467683947,0.08972727170419857,0.00487362850207453,288.45439585020426,2.0,0.0003130039450675953,297.5634615490393,294.7028428335145,295.18850264659045,294.762936676219,295.2554621847825,0.6791553494320408,0.22326400299719887,0.11483498415753185,0.23242009909429942,82992.6866885752,296.14507476315475,-0.3851914693580618,-0.615069121879044,806.5745467683947,36.78483870872009,801.119000026887,808.0646784574027,0.0492432601951276,0.40701274770298995,0.11211042526910174,0.028824376123009917
Kampala,2033-04-01,11573.29113153154,0.8035985008947052,19.0,0.0720095219202539,0.927990478079746,0.05402368871577694,1.00003,2.00003,0.3476,32.5825,-1.0,30.0,2.694880276447962,0.7466105864795817,0.003494983149632664,289.3516855979177,2.0,0.00049685712724724,296.16299309177975,292.53323597264614,292.73481249908366,293.00991993808594,293.25229667336987,0.1556667948880066,0.09771134409967953,0.32400239333565395,0.0935333237779513,82814.07668579035,293.98470139886575,0.3801609376749288,-0.08990831569002015,2694.880276447962,-31.7855194281284,2693.4043817066936,2660.1316965569818,0.19367499836390162,0.42812763982470237,0.25067017846358874,0.05657023424251794
Kampala,2033-05-01,11573.29113153154,0.4985338177875425,19.0,0.0720095219202539,0.927990478079746,0.5000386249341291,1.00003,2.00003,0.3476,32.5825,-1.0,30.0,0.5434418147500845,0.11774289137702885,0.005684348516124981,291.0000325726392,2.0,0.0006511459876994339,295.23910109732543,292.0983998003845,292.41249001899797,292.6291549379011,292.77022999142804,0.6567389897102601,0.4242409723176182,0.2534361865769636,0.2811928170913337,83069.74321813368,293.68294051459054,0.06806887006564367,-1.3103354798405265,543.4418147500845,-4.384461397467268,550.8143994587863,543.1631579030501,0.035862321197721495,0.3835032539458487,0.12903226257471248,0.0554437730529784
Kampala,2033-06-01,11573.29113153154,0.853438886699691,19.0,0.0720095219202539,0.927990478079746,0.19859470745612712,1.00003,2.00003,0.3476,32.5825,-1.0,30.0,3.546830873574378,0.9868277254080626,0.005813407698515423,288.71773251523257,2.0,0.00013736338427642187,294.8078371343584,291.9773672009934,292.42883751171405,293.22571750846015,292.50618174156716,0.20723311870103758,0.2979050442506653,0.12899233875418872,0.3257121702747576,82927.83486346446,293.62099477244993,-0.42317985994348645,-0.2924538267088849,3546.830873574378,21.173662544247822,3549.0285115887546,3537.216997081589,0.25548715086739965,0.42622719555493654,0.3537534770250344,0.07820602669735731
Kampala,2033-07-01,11573.29113153154,0.5859761417361388,19.0,0.0720095219202539,0.927990478079746,0.27347491456198403,1.00003,2.00003,0.3476,32.5825,-1.0,30.0,2.3783775448738833,0.4518649407552093,0.005091946171289575,289.85515829373173,2.0,0.00026098424471323987,296.2843669694846,295.49006104683417,294.9244339830985,295.2098624385372,294.88026018226475,0.15471038025129275,0.5318174273560357,0.3259634897496426,0.20749450885491494,83098.83339935806,296.23659916777314,-0.5880100661263802,-0.1676999601894142,2378.3775448738834,-5.9427760536469725,2344.4581794726314,2351.3118316597183,0.15891671642804556,0.5835842765732953,0.19716576367396663,0.07737431105840423
Kampala,2033-08-01,11573.29113153154,0.4755753485694364,19.0,0.0720095219202539,0.927990478079746,0.2819623403424147,1.00003,2.00003,0.3476,32.5825,-1.0,30.0,1.2216018829825603,0.35625285456036454,0.0045462736095576665,286.3744584571873,2.0,0.0002885431784158437,291.51980705641296,288.8162938268594,289.21683554009684,288.864945446591,288.86292678835963,0.26036176287442364,0.2539958542329512,0.22202626529068992,0.46568234016418153,82775.37359860656,290.2349617163903,-0.2982087592966591,0.9754259011839648,1221.6018829825603,-18.633087092677265,1211.4058845685545,1271.0953935697844,0.08791694383041432,0.39692610825184516,0.17257845218941564,0.06012466151514273
Kampala,2033-09-01,11573.29113153154,0.9779188693773901,19.0,0.0720095219202539,0.927990478079746,0.1115847187318426,1.00003,2.00003,0.3476,32.5825,-1.0,30.0,0.5403260101161529,0.09365782822436984,0.004293648773863071,286.39915565677353,2.0,0.00031281780457093403,292.13965877996327,288.9591101018525,289.1603006307261,289.7469920996816,289.2150401745221,0.2185241989881099,0.0882219678317452,0.4765980503276948,0.29906000504267144,82786.28212241974,290.4286044832183,0.7664666852677787,0.01635387813438395,540.3260101161529,-2.0715168133978854,540.5878420949427,500.0029256306805,0.034398465574330434,0.5822236116320813,0.0605725468342233,0.012566909221652895
Kampala,2033-10-01,11573.29113153154,0.7481680462474959,19.0,0.0720095219202539,0.927990478079746,0.3934729715500148,1.00003,2.00003,0.3476,32.5825,-1.0,30.0,0.17719522649968503,0.022442989509911134,0.0031548713891734,284.8635018422029,2.0,0.0005989311432548732,293.1353606631261,290.1326084407141,290.5578044267278,290.580935126258,291.2049590602078,0.47556658066166746,0.48368304932592737,0.12855478476553217,0.6899908444219669,82931.79083840956,291.54726575187476,0.2908894798594446,-0.2050631225923781,177.19522649968502,-34.92880766370379,195.5262056126278,186.82152183522234,0.009828603224852529,0.3283979001709628,0.1653601383746191,0.036883196628034035
Kampala,2033-11-01,11573.29113153154,0.9365951979757776,19.0,0.0720095219202539,0.927990478079746,0.034376929980175934,1.00003,2.00003,0.3476,32.5825,-1.0,30.0,0.29262365835470117,0.0700359019088479,0.004763334150933877,286.26698996624356,2.0,0.00010704186020490142,293.4242819027946,290.4228213858903,290.7637800202807,291.3097905943427,291.04835814762293,0.11045245736757017,0.3881170902617022,0.15543495469131935,0.03316185968887018,83033.0381685658,292.0852740860242,0.17614522208314318,-0.4358853440207886,292.62365835470115,-39.46688004757473,289.4361378843337,327.9921103318012,0.0189833345638459,0.5388733970190673,0.08856973218334765,-8.102430415843246e-08
Kampala,2033-12-01,11573.29113153154,0.6131440936121956,19.0,0.0720095219202539,0.927990478079746,0.3156818089033364,1.00003,2.00003,0.3476,32.5825,-1.0,30.0,0.7869582732493735,0.19778567971262948,0.001976346021987833,283.85737309134294,2.0,0.00034402476061461167,292.319772203809,288.4900984146118,288.9065845240422,288.89986630699326,289.1163253356955,0.6168089046891436,0.25704534872496765,0.6041340990775811,0.07846811578243269,82933.50212958021,290.1778637738822,-0.24276701931974887,0.06202255921336014,786.9582732493735,1.9725707786140911,780.0376900281717,802.5729085926005,0.05442368827054411,0.47351751998258246,0.16994097329380456,0.05189903947602187
Kampala,2034-01-01,11573.29113153154,0.6465779232386377,19.0,0.0720095219202539,0.927990478079746,0.11993786464190656,1.00003,2.00003,0.3476,32.5825,-1.0,30.0,0.4908178566849937,0.07218784728939426,0.004863946637269869,286.4824147451862,2.0,0.00025503459077113526,292.08792371625475,289.1809282650766,289.9545373652845,290.0934430673899,289.88699474644653,0.4241176319267296,0.3022955271920892,0.6581324785879936,0.3710106122217605,82853.91676602032,291.0518843659806,0.0019403083402035302,0.8110874594349269,490.8178566849937,-31.530296296307732,520.4100180057651,503.2731547546859,0.03034050769183448,0.3422055973032781,0.18774691096482365,0.048897195283285705
Kampala,2034-02-01,11573.29113153154,0.944865607050853,19.0,0.0720095219202539,0.927990478079746,0.523004321009627,1.00003,2.00003,0.3476,32.5825,-1.0,30.0,3.389429582017276,0.36538486148614935,0.005467071635043315,288.9589264640616,2.0,0.00019823774817896426,294.9781594113445,292.8212004181639,292.3339687960379,293.0995281126228,293.0066701974757,0.30547141323093174,0.6228419696011507,0.15458145356812236,0.3116669644207757,82888.94644029923,293.9612377730297,0.12729988493545968,0.5452423624538199,3389.429582017276,-17.158421173370623,3376.7785587904204,3396.096651116192,0.21133368356754104,0.42825540193146105,0.2174642283423118,0.08047860795517027
Kampala,2034-03-01,11573.29113153154,0.734341284875839,19.0,0.0720095219202539,0.927990478079746,0.4838214080600149,1.00003,2.00003,0.3476,32.5825,-1.0,30.0,2.4767166420454796,0.49676769808928983,0.0036055273065719786,288.9793889746925,2.0,0.0007191271514770296,294.05223012350075,290.8461634766559,291.5304028423454,291.30457358079406,291.38193261532075,0.25811051481633246,0.22734130437391903,0.3595988931407153,0.5803080646535541,82849.33971917242,292.4808046170047,-0.14237931424500927,-0.2493825935968158,2476.7166420454796,45.79055711645966,2465.7176656431843,2456.622541303204,0.16712515956848,0.5838520940073717,0.2119488958080399,0.0755426950401721
Kampala,2034-04-01,11573.29113153154,0.2901789047707742,19.0,0.0720095219202539,0.927990478079746,0.323489455098301,1.00003,2.00003,0.3476,32.5825,-1.0,30.0,1.307663117920987,0.17326825706080526,0.0051484459565337235,288.8336180748981,2.0,5.337229377471257e-05,295.7501437942523,292.7378139243741,292.18375391537484,292.45826065823655,293.1520579204261,0.2533808113962582,0.4604493989406266,0.30110227435041076,0.24097964885512327,83003.65155835044,293.5556316127709,0.20763628955663696,-0.5856080866886348,1307.663117920987,-26.874115693145452,1309.5313199513448,1283.6742231959756,0.08238566242014757,0.7521293080858045,0.1603950601150091,0.07455864643137812
Kampala,2034-05-01,11573.29113153154,0.6369896289157675,19.0,0.0720095219202539,0.927990478079746,0.3531544202561912,1.00003,2.00003,0.3476,32.5825,-1.0,30.0,2.460397398966404,0.4659373614039134,0.0033086153848217786,290.5313465279912,2.0,0.0005844931422086515,293.8073567108907,291.777492152739,291.0232384465504,291.63945047881197,292.49717060861923,0.12571187878786066,0.0738618793138573,0.27505732220718726,0.10891923837303202,82867.65205781233,293.10990419291267,0.0988246514497534,0.20034591854285336,2460.3973989664037,3.157854987080005,2453.3604361532475,2430.6114189338373,0.16446785252675064,0.5275888338415863,0.21257677671385156,0.05974645476930544
Kampala,2034-06-01,11573.29113153154,0.6591984297095251,19.0,0.0720095219202539,0.927990478079746,0.24359612884805262,1.00003,2.00003,0.3476,32.5825,-1.0,30.0,0.6949437990116349,0.1822052566107907,0.004577363525106661,289.03906163804083,2.0,0.0004102320125204225,294.55662690429966,291.96860338466337,292.5288677062625,292.67399944967235,292.8582004418472,0.2789410612672031,0.4770180100982217,0.361797462056256,0.2961979733556478,83040.69347458918,293.65110861406714,0.47763461860360273,-0.019371447494771512,694.943799011635,17.537369548117862,702.7268667182368,709.817949642462,0.04817379058137937,0.5336802328711275,0.12216145988146429,0.04359321016026253
Kampala,2034-07-01,11573.29113153154,0.7489451313785972,19.0,0.0720095219202539,0.927990478079746,0.17378302708345014,1.00003,2.00003,0.3476,32.5825,-1.0,30.0,2.3362607814514327,0.5856891795021406,0.004414772890788791,288.7079677755651,2.0,0.00010334492711121552,293.97136352298173,290.8812025988065,291.08731188728837,291.2360212727307,291.3976598448287,0.21200111448601708,0.13390746800843645,0.1182328388695328,0.36634789656068784,82791.38737008187,292.458086846082,0.04890664654665369,0.5519667733509536,2336.2607814514326,-42.2667906901613,2321.5832882634336,2418.9173137630296,0.16415642610925102,0.49716443537864835,0.2347585375366018,0.056668079123133985
Kampala,2034-08-01,11573.29113153154,0.8160648685915343,19.0,0.0720095219202539,0.927990478079746,0.4423199288608769,1.00003,2.00003,0.3476,32.5825,-1.0,30.0,1.302438801996621,0.337059462074882,0.0019096971011468432,287.24461262980617,2.0,0.0005338325700843681,293.6738189219519,290.4751110282218,290.3409442632137,291.0660015510665,290.5353345870012,0.026214263315348648,0.11682097420321055,0.12427787773595421,0.5280499551515648,82873.43954397138,292.02014611359795,-0.057320417753196226,0.13213413582281827,1302.4388019966211,6.031006210168233,1303.706379182014,1326.3786384849882,0.09156266942744426,0.28550093692896733,0.15686121568175326,0.03064856766818778
Kampala,2034-09-01,11573.29113153154,0.6351769740114134,19.0,0.0720095219202539,0.927990478079746,0.2662427753170681,1.00003,2.00003,0.3476,32.5825,-1.0,30.0,1.8994780291197435,0.5657121652505932,0.002949376678172199,287.80315875088615,2.0,0.0003487041358498011,293.73389027620067,290.7333208397241,290.76487823175717,290.87779748838466,291.710682764975,0.18378936475928567,0.1503939190011696,0.44130336052315194,0.15924736207325813,82781.36635728902,292.20542706576526,0.30986939235143435,-0.955658445831252,1899.4780291197435,4.772913103592767,1898.9330699991083,1903.8860880713441,0.13833384241972818,0.45042910401895203,0.18380663099708178,0.05737654946763564
Kampala,2034-10-01,11573.29113153154,0.9172719856196493,19.0,0.0720095219202539,0.927990478079746,0.12046510996227851,1.00003,2.00003,0.3476,32.5825,-1.0,30.0,0.33156600194855407,0.08862359611339536,0.007076860370180503,287.8081230427016,2.0,0.00014840651052909406,292.88284652148184,289.14536927600625,289.8770559045712,289.74297682682254,290.43773870455095,0.2847092354485523,0.12050179598449146,0.08613279899232847,0.24599334564447908,82775.54574999152,291.0473908973434,-0.3040030714686618,-0.507239863353707,331.56600194855406,-20.588374265646237,323.79221236563603,371.32428466166516,0.02211500735421127,0.539862116435307,0.09570658681236344,0.0032470561790497975
Kampala,2034-11-01,11573.29113153154,0.9313797112286163,19.0,0.0720095219202539,0.927990478079746,0.3523856612149051,1.00003,2.00003,0.3476,32.5825,-1.0,30.0,0.5957482996693553,0.08036626528022711,0.004157974312251452,287.0939859361813,2.0,0.00030095930586058046,293.62169122182434,290.7129098459435,290.99755441792587,291.4455930944834,291.35555508910477,0.19615775082486867,0.14719766447117272,0.1617211437029562,0.3546342254850221,82862.43663342345,292.1213369079841,0.6463726447591035,0.8318664160717367,595.7482996693552,-9.641815774446204,602.2658393607248,602.954474987742,0.0367956568201038,0.36301648530114283,0.059020869195745805,0.010871852276996993
Kampala,2034-12-01,11573.29113153154,0.8139240545598018,19.0,0.0720095219202539,0.927990478079746,0.2739916428539019,1.00003,2.00003,0.3476,32.5825,-1.0,30.0,1.187051805621772,0.2881229630877874,0.004326855400610437,283.6840010971146,2.0,8.871217064804191e-05,293.8224780596216,290.4444323857477,290.431113325759,290.90305366110766,291.2327711132313,0.1861952749290105,0.1331237035997312,0.3166374959268565,0.4577700442782343,82880.43014688531,292.0400568803215,-0.02576146426232303,0.2515451843118734,1187.051805621772,14.169293154604489,1177.1912173118512,1185.5828546960186,0.08210576689620384,0.4308436824189206,0.1622982503230968,0.03601870569687278
Kampala,2035-01-01,11573.29113153154,0.6356251490510657,19.0,0.0720095219202539,0.927990478079746,0.06216772632190615,1.00003,2.00003,0.3476,32.5825,-1.0,30.0,1.6584748753452814,0.41287756289517663,0.007112910201043841,285.86436047696594,2.0,0.0007392876549198124,290.00733230112576,287.46295855712094,288.3597729881592,288.3915606391693,288.22495819625266,0.23728443104828498,0.3663476564354805,0.26260562626553263,0.39140610689034033,82854.65858916161,289.345228192844,-0.16504509585071864,0.3664145409108725,1658.4748753452814,17.89335602927101,1694.3903038540182,1724.0277221963647,0.11576070670924248,0.5698327753071402,0.22376264960299688,0.06065753797265421
Kampala,2035-02-01,11573.29113153154,0.7922936454256607,19.0,0.0720095219202539,0.927990478079746,0.25916141687801886,1.00003,2.00003,0.3476,32.5825,-1.0,30.0,0.9280230603671208,0.23063897081334567,0.004499095816137749,284.961593752535,2.0,0.00018176281980308634,292.435149945947,289.40226578629125,290.21800123239484,290.7611701430344,290.5686080029021,0.33838537296563953,0.16928234233241538,0.28172084942822495,0.35304145845831564,82882.96142346118,291.52461169159614,0.4140294074466546,0.5355402502014025,928.0230603671208,3.398114180458699,929.29006216297,895.9454255544684,0.06414458644160503,0.4848280134107733,0.12686878311701336,0.03330793918389618
Kampala,2035-03-01,11573.29113153154,0.8860195441269915,19.0,0.0720095219202539,0.927990478079746,0.10499100473200729,1.00003,2.00003,0.3476,32.5825,-1.0,30.0,4.5236251528849145,0.8904422625905635,0.006324673305852818,288.626777713723,2.0,0.00011932619922019746,292.8088810568748,290.3263182900553,289.9805547584606,290.1113118679234,290.6818338140739,0.08261294396957712,0.1364233267656321,0.44018978632172256,0.36012951272899685,82828.64153300929,291.31508766663757,-0.35288674154768257,-0.6959791904758657,4523.625152884914,17.22911142685839,4513.370638650618,4515.413275319912,0.3053916294302612,0.43966558496815744,0.318778810156449,0.09760118389157171
Kampala,2035-04-01,11573.29113153154,0.19990469597173052,19.0,0.0720095219202539,0.927990478079746,0.4686759289760648,1.00003,2.00003,0.3476,32.5825,-1.0,30.0,2.7902952360924935,0.7297324468865747,0.004149597957518788,289.3787915696308,2.0,0.0001757630656398114,296.65258531129734,293.269991269115,293.95972652888867,294.2885104835394,294.5633405775101,0.2143792252366527,0.46879518898202327,0.2634747394337449,0.6856903132219153,82943.60057752226,295.24465821913896,0.196317057825484,0.22679276175460922,2790.2952360924937,-28.20156387019235,2794.9436577832034,2752.087669634596,0.1980921840215924,0.6584653529225629,0.2982658410352842,0.11979952093601522
Kampala,2035-05-01,11573.29113153154,0.6349013166942886,19.0,0.0720095219202539,0.927990478079746,0.31127342634658106,1.00003,2.00003,0.3476,32.5825,-1.0,30.0,2.135962508022072,0.4528735987725865,0.0030048260401007625,287.547618025795,2.0,4.241755084775935e-05,296.2123129932128,292.7162395830096,292.9899439479323,293.3603888607421,293.76226500537337,0.36908077774029807,0.140255728333557,0.2721089267523984,0.31886759362172107,82714.69815171024,294.35013573757993,0.00784889797887919,0.10932965337864886,2135.962508022072,-58.2360412780644,2127.346771265128,2146.007653872811,0.1453434284883142,0.4068297922886136,0.2104339484251695,0.06641429783532675
Kampala,2035-06-01,11573.29113153154,0.5693506917120322,19.0,0.0720095219202539,0.927990478079746,0.5840392095394881,1.00003,2.00003,0.3476,32.5825,-1.0,30.0,2.0238473028669417,0.5336321256587281,0.0014532678882378147,289.89765974447363,2.0,0.00051882493434627,296.1005515966966,293.86994224495203,293.68940765311254,293.50900860893387,294.6335556246222,0.30517342838570444,0.3162639626756733,0.43293747370668145,0.05060989203712428,82852.67238478217,294.8698384333449,0.9174100722933514,-0.3675364918136789,2023.8473028669416,-19.126558322773146,2041.3884263492885,2004.0950048133914,0.14365299421394737,0.5343133838647556,0.23909373790457428,0.06825275319225035
Kampala,2035-07-01,11573.29113153154,0.3887732704622555,19.0,0.0720095219202539,0.927990478079746,0.40259383540597493,1.00003,2.00003,0.3476,32.5825,-1.0,30.0,3.2729444602195223,0.553538065255869,0.0033949332118852604,289.60100057722036,2.0,0.0006712168849524143,295.9692047953187,293.7960476468245,293.4742739007494,293.7161246628483,293.6486718926829,0.5701566765319728,0.6387615581530763,0.5001149631543067,0.27470029412662283,82936.10251451428,294.66172319653185,0.1804930412685408,-0.8055847315871096,3272.944460219522,6.439374272229865,3260.622187370167,3267.849869653827,0.21551595142841296,0.432417673481357,0.3027007782485076,0.12702682800876158
Kampala,2035-08-01,11573.29113153154,0.8580520883461455,19.0,0.0720095219202539,0.927990478079746,0.3623025768812838,1.00003,2.00003,0.3476,32.5825,-1.0,30.0,0.38312378056763985,0.09748719125382797,0.0036532904671239983,290.3609467546398,2.0,0.0006106618883831297,293.4388086568364,291.09923201488755,290.59245293130607,290.95240842096644,291.4841413060622,0.19428850737272,0.3495093655024614,0.2538970213381382,0.049966501551172604,82756.3908487465,292.1877895802453,-0.3282149818070627,-0.09009041568643462,383.12378056763987,-6.299329678962241,365.06470860567333,413.1152246656031,0.025736052348766508,0.517895747585715,0.12261479315290398,0.010715148287364364
Kampala,2035-09-01,11573.29113153154,0.7582787595933406,19.0,0.0720095219202539,0.927990478079746,0.31548241620622397,1.00003,2.00003,0.3476,32.5825,-1.0,30.0,0.4531505853227025,0.13497361576686412,0.003841429907653781,285.769535549718,2.0,0.0005854391509797287,288.64577947745244,285.82391194394023,286.0080325563955,286.48401808562124,286.36084961167643,0.28930459638152767,0.1943172576655615,0.25680182863194956,0.28495778597402116,82962.01487804155,287.201524871015,0.5682352541835187,-0.45625388719701765,453.1505853227025,-26.829462736886743,463.4500082018949,448.6160167239996,0.03182312764425493,0.40023047072061346,0.13761610080498513,0.02274750873615011
Kampala,2035-10-01,11573.29113153154,0.8676713441714013,19.0,0.0720095219202539,0.927990478079746,0.3735177179906386,1.00003,2.00003,0.3476,32.5825,-1.0,30.0,0.5218635582094632,0.14655115019766973,0.003115710997011682,285.16797615068776,2.0,0.0005695707811502839,290.71229939408823,287.5841960873328,288.827203182538,288.0366908764968,288.90171827659736,0.07053065113404594,0.6286886160176819,0.26206862864688046,0.4623085619621206,82796.98577347772,289.47408738829154,0.18854511021338985,-0.1775582827215542,521.8635582094631,-76.7787746974757,533.5331436614628,516.7411590245139,0.03641806318076123,0.3445845433062002,0.13908988625797847,0.027595140526020766
Kampala,2035-11-01,11573.29113153154,0.5738199611817538,19.0,0.0720095219202539,0.927990478079746,0.04119536324293344,1.00003,2.00003,0.3476,32.5825,-1.0,30.0,0.17122852299447117,0.02395732290374342,0.0022260303838878706,285.66058617948846,2.0,0.0004967429730552713,292.395063801165,290.1807157994208,290.1280671306482,290.20750830395514,290.24493623388116,0.20317242985500336,0.08627880973882181,0.12509812120125405,0.30604128172855183,82865.4853118862,291.3255195664617,-0.30649163563534476,-0.02852058342647088,171.22852299447118,37.88612020880619,176.95453552890882,160.02747024437863,0.009628761910867976,0.4305737257081894,0.07358437541841749,0.02051933980955915
Kampala,2035-12-01,11573.29113153154,0.6732790632226916,19.0,0.0720095219202539,0.927990478079746,0.10764024875681556,1.00003,2.00003,0.3476,32.5825,-1.0,30.0,0.33811973349157587,0.03517268359522819,0.0038301476423222695,288.22305913517704,2.0,0.0003806806665973616,291.55318719466004,289.83214715542965,289.57937989383566,289.66902785014184,289.8552308289585,0.4618594710126317,0.2381965613494547,0.5796718810286503,0.13109086453011237,82881.66992904738,290.74419597900624,-0.24115678546815147,0.5494916787209824,338.11973349157586,44.98127614215488,351.00315544147395,330.5574545142766,0.019639317025589614,0.369990078104389,0.09828306281198021,0.035395587369933104
Kampala,2036-01-01,11573.29113153154,0.46999474898918053,19.0,0.0720095219202539,0.927990478079746,0.45046217396993515,1.00003,2.00003,0.3476,32.5825,-1.0,30.0,1.6161066513562576,0.17415147650689597,0.004441628648418916,285.8735910483422,2.0,0.0006625851217757769,294.21365781242275,291.26827740315275,291.4343364322539,291.6823767555185,292.3274388687899,0.4278170514213203,0.2910197812293517,0.2243050006034107,0.24856909880978417,82831.47494524629,292.9687181821622,0.3070564835990533,-1.1273054391463586,1616.1066513562575,-18.485360790067258,1631.9283185704073,1615.0260202836243,0.09996960005210716,0.5402898790419854,0.18015580269857792,0.06822701816130221
Kampala,2036-02-01,11573.29113153154,0.6313317958130126,19.0,0.0720095219202539,0.927990478079746,0.40421186686207966,1.00003,2.00003,0.3476,32.5825,-1.0,30.0,2.8728897399321136,0.5690902095875481,0.004048869183305153,287.81487330097525,2.0,0.00012213297409587075,295.24802713161426,291.5470262800528,291.54378082342953,291.9790740616084,291.94926270263994,0.31113217016281836,0.26731000106425495,0.16045474274024674,0.30505491860505535,82873.62649623686,292.97786514170434,-0.1260767329217874,1.0090386913589102,2872.8897399321136,12.154214949162514,2868.01025606726,2921.4841369593832,0.19367132318337787,0.2966853191524794,0.2550547681550547,0.08018973074239638
Kampala,2036-03-01,11573.29113153154,0.4749269963080798,19.0,0.0720095219202539,0.927990478079746,0.0930034955235538,1.00003,2.00003,0.3476,32.5825,-1.0,30.0,1.3848951528539661,0.2515081667738037,0.0040767629503307215,286.42336526846236,2.0,0.0004324668899121934,294.9794310162607,291.5310845455559,291.388256900526,291.8337246572675,292.3937625778455,0.15632595309986022,0.23586657136960038,0.3951186218026563,0.37076047686738733,82918.37993729934,293.0027322496417,0.4284981224581317,0.07560917199756989,1384.8951528539662,-9.92977416283581,1408.8809705861465,1401.7911049579857,0.09126422800139856,0.41307894455840455,0.1085565692849316,0.062367291271602565
Kampala,2036-04-01,11573.29113153154,0.5840572154245977,19.0,0.0720095219202539,0.927990478079746,0.24038945332594275,1.00003,2.00003,0.3476,32.5825,-1.0,30.0,8.738778553040266,2.1167450719304677,0.0027781929068365356,286.70945800457565,2.0,0.0006818353022071125,296.2767896915622,292.8661708235696,292.6869389634786,293.0768558280382,293.27902696615433,0.2606781649750245,0.05855693160632409,0.6014318584295841,0.542582950337692,82870.4497710467,294.104215881336,-0.8097780143837028,-0.13730116326021943,8738.778553040265,-13.388926992469868,8727.417091418973,8703.339948840081,0.6142116957425613,0.45896138782105683,0.714238162156461,0.21306176647887243
Kampala,2036-05-01,11573.29113153154,0.7654522122425895,19.0,0.0720095219202539,0.927990478079746,0.5717220352780182,1.00003,2.00003,0.3476,32.5825,-1.0,30.0,3.0715213588788637,0.6546931230478928,0.004285399376721687,289.70999061395463,2.0,0.0002393482672742931,295.2343986364726,292.49943532006057,292.7405158717857,292.7708716209386,293.12562627648754,0.02976464190408341,0.24535278864592253,0.04605565533704079,0.23136020637766871,82845.65268927465,294.0481200542108,0.31458754552535145,-0.15743766603153972,3071.521358878864,-27.661863902847543,3073.0476246404382,3081.523629250645,0.20977862135587733,0.32680389678372446,0.19048093742566533,0.06354973667975057
Kampala,2036-06-01,11573.29113153154,0.6486062846663663,19.0,0.0720095219202539,0.927990478079746,0.07915591995244427,1.00003,2.00003,0.3476,32.5825,-1.0,30.0,2.700626678965721,0.4328867918085548,0.003617406617112622,289.55128057789346,2.0,0.0004485556556977399,297.5423324248264,294.44076322292153,295.4109770841643,294.76807186417346,294.9186429927077,0.2911254002606858,0.29820374710933634,0.11032125402614003,0.1518890752929192,82866.60544036946,295.7840102018584,0.9749875204980503,-0.6228712251168351,2700.626678965721,-9.765913268783798,2703.378377608993,2683.3827864375867,0.17620073601552907,0.2816075639329615,0.2631297424300611,0.07073869462395724
Kampala,2036-07-01,11573.29113153154,0.5506741051713666,19.0,0.0720095219202539,0.927990478079746,0.7914362358873983,1.00003,2.00003,0.3476,32.5825,-1.0,30.0,1.3868613474788267,0.19114796419750096,0.002589200306372944,289.046162816364,2.0,0.00019672043516233745,294.68271473794516,292.53185730588575,292.54365014855745,293.2077624619775,292.6716726106768,0.879804968833943,0.5661073178266255,0.32189683242611555,0.2581843837952642,82681.55072649482,293.82823452537014,0.4245713029660956,-0.6372595536536847,1386.8613474788267,-21.07263910810775,1414.3743780166708,1404.8132877074393,0.08803670852816284,0.576832447700392,0.19778704670127192,0.07985401833255548
Kampala,2036-08-01,11573.29113153154,0.9230901831123479,19.0,0.0720095219202539,0.927990478079746,0.09436253126281392,1.00003,2.00003,0.3476,32.5825,-1.0,30.0,0.961091629076552,0.15113339543851637,0.0037202847106796275,290.2918860609708,2.0,0.00045173368175605743,291.62362768358577,289.08247256534025,289.2844499215849,289.81387388854347,288.9672209462105,0.09056840123215407,0.07909472550479474,0.26411880581258146,0.1450596760975019,82805.37243682699,290.3826621933233,0.1455034312319071,0.1568201837039101,961.091629076552,-18.74620525956501,947.1867132764335,971.1384623291207,0.06155502537367571,0.46586295693237845,0.10045745004325925,0.011667750714791047
Kampala,2036-09-01,11573.29113153154,0.4955457089401253,19.0,0.0720095219202539,0.927990478079746,0.647971964638813,1.00003,2.00003,0.3476,32.5825,-1.0,30.0,0.45414458650302336,0.0576039197326389,0.0026400308098808254,288.34169998177754,2.0,0.0006174660511268936,295.27750102718585,292.1499136469364,292.01631439850297,292.0255199959029,292.5868430569974,0.47523786031875975,0.14907957104337988,0.1567203800726703,0.14435198434404076,82948.80953813792,293.6210028749184,0.39198382560847295,-0.6340718258157492,454.14458650302333,31.440476408984004,460.2354283394445,447.09685835739407,0.027559524424466665,0.553339683880969,0.09052970292503684,0.036258884554765954
Kampala,2036-10-01,11573.29113153154,0.9239126710782561,19.0,0.0720095219202539,0.927990478079746,0.15593441848818965,1.00003,2.00003,0.3476,32.5825,-1.0,30.0,0.23308838215995498,0.04985678391986464,0.004645890420275893,284.1193820650988,2.0,0.0005378817786176815,292.16094536729196,288.93579551508407,289.4032898946078,290.0632254449098,290.1115053888343,0.39836736091044056,0.5924717736409679,0.6535663036221161,0.06796828775507222,83025.22836619566,290.96150864362636,0.32206188392505436,0.040994406912359685,233.088382159955,15.064506699458521,226.40362761450507,294.70294286255285,0.014468895009427296,0.41727394770817144,0.13983667633096067,0.025631555307975784
Kampala,2036-11-01,11573.29113153154,0.45974684776873975,19.0,0.0720095219202539,0.927990478079746,0.5929483893002673,1.00003,2.00003,0.3476,32.5825,-1.0,30.0,0.16447217419141835,0.0331542158743977,0.006105297429458312,287.5521190257329,2.0,0.0005195650168473275,293.3982167366455,289.8436766646124,290.51406293135705,290.42157557029265,290.8271062636388,0.026631705112599702,0.07045176333490988,0.43636429096268614,0.11511748375496175,82912.5901388395,291.5213489180563,0.6119279592712966,0.16897777707251263,164.47217419141836,-23.551504589356124,156.2522369103013,158.0476648700827,0.009547162962275348,0.340065864530384,0.05113877441088252,0.02551195644245564
Kampala,2036-12-01,11573.29113153154,0.33516469150991124,19.0,0.0720095219202539,0.927990478079746,0.4059577453778033,1.00003,2.00003,0.3476,32.5825,-1.0,30.0,0.9208845538814657,0.1746748263143283,0.00514006784649516,284.51231399200856,2.0,0.0005207344077045431,293.23506474306754,289.94749394377783,289.7454001268508,290.8573616529575,290.46209303976144,0.17336482164424982,0.6435866756871157,0.20752197434122818,0.053680119741308374,82894.12795728954,291.30379300076,0.0998052092013914,0.5470897737607378,920.8845538814658,-10.410960831200638,920.914206552803,966.8707545505551,0.06052928797297011,0.7570793433769287,0.13705253101663875,0.05942537432980741
Kampala,2037-01-01,11573.29113153154,0.7800927399067704,19.0,0.0720095219202539,0.927990478079746,0.2797013575382582,1.00003,2.00003,0.3476,32.5825,-1.0,30.0,0.27808545388801925,0.06634013254383432,0.0031389503278344247,285.95530252977437,2.0,0.0004900295066626118,294.0496251629263,290.7171486451522,291.4020625841382,290.98888875750464,291.02425746072885,0.48408207026420425,0.38035306608935543,0.13439725486265613,0.4431822794850461,82985.44020011208,291.9094590109904,0.750137304500494,0.03725479691338631,278.08545388801923,18.634018101946896,279.48830633459835,273.2043428409465,0.01804130111041994,0.534711575574929,0.12844434888005632,0.028449116629771683
Kampala,2037-02-01,11573.29113153154,0.9003051645519217,19.0,0.0720095219202539,0.927990478079746,0.325781827534648,1.00003,2.00003,0.3476,32.5825,-1.0,30.0,0.7759842699587222,0.16177511478483222,0.0028566610089161395,287.6312106305211,2.0,0.0001745894213792523,293.724227331295,289.79829595417027,290.4432993742329,290.2697159475603,291.05717836756804,0.6931096739874745,0.5832529900542386,0.3374725014487631,0.38550458843195307,82923.30429515295,291.6383222596581,-0.2939281524540001,0.11530542438310722,775.9842699587222,-14.279599352104663,776.6417019506285,804.6583523120966,0.051708972181799255,0.6098260203269387,0.22096114029633412,0.04541285898336888
Kampala,2037-03-01,11573.29113153154,0.8842117968101577,19.0,0.0720095219202539,0.927990478079746,0.20519381117795477,1.00003,2.00003,0.3476,32.5825,-1.0,30.0,1.5629636381402299,0.16036326191583958,0.00395407117125984,288.4751473852662,2.0,0.0005351703138856503,296.1538982660256,292.59735949915535,292.46560948053656,293.1861734598318,293.87655073086233,0.1720370925272953,0.2319914797741089,0.25003083885778055,0.552116421416855,82968.33245115161,294.2088932026124,-0.11005686562741426,0.031824530748258854,1562.96363814023,8.437051868159976,1559.0140210370612,1558.2528932868886,0.09620116505841968,0.44968941254532985,0.10371774175999866,0.04223549698141386
Kampala,2037-04-01,11573.29113153154,0.3835885791207543,19.0,0.0720095219202539,0.927990478079746,0.0599593299006663,1.00003,2.00003,0.3476,32.5825,-1.0,30.0,0.916957762929774,0.2185777725887811,0.004964155884171978,288.7738837539064,2.0,0.0004406940530732399,297.8758189213199,295.20059213890124,295.6256879029573,295.4686364997307,296.05912421693813,0.5634015339795546,0.010196305733309296,0.24975737013497698,0.28196937401071487,82727.08171104966,296.5755516665563,-0.030548754002934067,-0.3743998980100269,916.957762929774,-41.03450289005242,917.1411161560015,881.0577951612422,0.0628065621613868,0.5737369035167531,0.1238526959996414,0.057081244296869206
Kampala,2037-05-01,11573.29113153154,0.27827499863905536,19.0,0.0720095219202539,0.927990478079746,0.5967975038025918,1.00003,2.00003,0.3476,32.5825,-1.0,30.0,2.424239458305368,0.6539471200644424,0.005370101853610371,289.3693729107853,2.0,0.0002051584741806882,296.42262988565125,293.74306930987984,294.0737044762053,293.8354118870763,294.31226817097183,0.14512325502761445,0.19909636174718814,0.058656078366186276,0.09245728309932079,83087.98745494211,295.1249073444304,-0.16390322993826145,-0.713009058560226,2424.239458305368,-25.085972587487586,2419.26917381905,2466.731812056377,0.17296339656056853,0.6829022126299181,0.1870867045089141,0.0786589082490268
Kampala,2037-06-01,11573.29113153154,0.7576577745479736,19.0,0.0720095219202539,0.927990478079746,0.501668290764059,1.00003,2.00003,0.3476,32.5825,-1.0,30.0,4.871054286730417,0.7587854870454901,0.0033996143071288944,289.4415313419169,2.0,0.00011193270464831254,296.77385940002404,293.7858704151227,294.31712137070355,294.2669841425256,294.1700003717726,0.1980749629322979,0.42307013488049805,0.10168847227389954,0.3039864056944973,82907.33367447782,295.3945746823865,0.48358906121947476,0.2469886911028224,4871.0542867304175,-36.024540863122965,4885.436531327433,4904.88487556591,0.3177953241130943,0.4539282412787841,0.2802102652796782,0.11269195800415525
Kampala,2037-07-01,11573.29113153154,0.7099940811588394,19.0,0.0720095219202539,0.927990478079746,0.1423201089770203,1.00003,2.00003,0.3476,32.5825,-1.0,30.0,0.2867911746271827,0.04344114588741185,0.00497845780566655,288.3973302610004,2.0,0.00046779858923972413,294.5323679716555,291.960234922315,292.30828187016135,292.39278484485664,293.0752924949915,0.187290065881614,0.5962891682268131,0.18484791389731609,0.13031322591378838,82902.8775564081,293.2778828206945,0.6060646021167431,-0.6197940062625141,286.79117462718267,0.7939864145362687,287.92627773638344,273.82231925396275,0.01713198252509923,0.48100337854760983,0.09620560880115273,0.024175395484313272
Kampala,2037-08-01,11573.29113153154,0.7371954795117298,19.0,0.0720095219202539,0.927990478079746,0.16144888979377933,1.00003,2.00003,0.3476,32.5825,-1.0,30.0,3.9088118228625346,0.5741919538835002,0.0067799636242235565,285.94301296751615,2.0,0.00019009228165338984,295.3346441725564,292.5251195715244,291.61789131735543,291.6867827482798,292.0316177334141,0.29236430219456716,0.30150105331165417,0.1765610831964646,0.30856586735084324,82764.62453252902,293.38137209400145,-1.038559926886937,-0.11763695498621946,3908.8118228625344,18.873969153549112,3879.6839429718434,3908.6976988524107,0.25255938051813176,0.5576757584991016,0.2628824027282275,0.09569318085809705
Kampala,2037-09-01,11573.29113153154,0.8591157586002364,19.0,0.0720095219202539,0.927990478079746,0.4978733208548289,1.00003,2.00003,0.3476,32.5825,-1.0,30.0,0.2047813479521937,0.030397065283299073,0.0033353489024979376,286.6752452612583,2.0,0.00033708589760767324,293.6257942608375,290.8118759547613,291.1463760307896,291.6073603799603,291.81251397526665,0.3191000474746233,0.12127351859437482,0.2574127827935963,0.4954018856743464,82771.4408999244,292.5560791555488,-0.7169029119642072,0.16505689523547182,204.7813479521937,-33.63338718538104,200.56388731522534,219.94146238161414,0.011834073489667566,0.5177182572488234,0.09472991898390334,0.015808334072216934
Kampala,2037-10-01,11573.29113153154,0.2611416042154582,19.0,0.0720095219202539,0.927990478079746,0.25383698350912987,1.00003,2.00003,0.3476,32.5825,-1.0,30.0,0.7511141706348139,0.11994552122816379,0.0026166592230283895,287.1205422381415,2.0,0.00021959036667619863,291.2091039505097,287.5144785024223,288.4911069728739,288.5084631569397,289.0813690456121,0.1507186863848399,0.07237071182201152,0.3349120514525671,0.07559386621490898,82978.41464163535,289.69031652084175,-0.38302260120019993,-0.23063352524915362,751.114170634814,-50.69193179177122,737.8235669301383,741.1367892393177,0.04793962855061083,0.5506713586747406,0.10845496843955182,0.04918512118738662
Kampala,2037-11-01,11573.29113153154,0.2953438289830516,19.0,0.0720095219202539,0.927990478079746,0.17633617918396124,1.00003,2.00003,0.3476,32.5825,-1.0,30.0,0.5498384150208034,0.10467483336379498,0.006498430483721495,286.10340211580194,2.0,0.00028618562799670715,291.78160686437496,289.32868063072493,289.02179269191674,289.64404463043576,290.0287966154731,0.6704405140323658,0.10034118568958902,0.43954005442588073,0.5213889439251139,83032.09957895408,290.6296169451754,-0.4533242725771464,0.4789969707400095,549.8384150208035,-67.58370117768393,554.9287522121468,539.3936931162841,0.035437769548931616,0.7227418492488099,0.16281984572151872,0.0709261101495242
Kampala,2037-12-01,11573.29113153154,0.9014917544733135,19.0,0.0720095219202539,0.927990478079746,0.3784764368606893,1.00003,2.00003,0.3476,32.5825,-1.0,30.0,0.4828238369124766,0.1425315431632269,0.0036313806342143005,286.9785188173411,2.0,0.00013016925571838748,292.5995014283435,289.61349287211476,289.566883975182,290.18129158171286,290.3456256842996,0.3644192993516323,0.122205345472293,0.28017847303081744,0.060013400553736586,83011.96877785533,291.10761298714147,-0.16965559356907953,-0.020668602404585127,482.8238369124766,27.80251548053346,493.1031881831411,524.8841166900503,0.033946653242395784,0.515926114717345,0.10599585224830559,0.009562252109755545
Kampala,2038-01-01,11573.29113153154,0.22189883950021086,19.0,0.0720095219202539,0.927990478079746,0.027414891108452296,1.00003,2.00003,0.3476,32.5825,-1.0,30.0,0.7832556963920967,0.15076995689953665,0.005346099794514258,286.46721487883684,2.0,0.0008220124468738707,294.14901022143727,292.15679386473374,291.9302338879928,291.77386715242,293.0130369535473,0.3321804382339762,0.36698822665817754,0.3055377984279933,0.21403320788826977,82970.72313738042,293.27013483717184,-0.0967138142906028,0.10919449377208709,783.2556963920966,-1.49135779980479,757.7307085177854,758.9639513190781,0.05135601737996045,0.633245423316157,0.1483464397188534,0.06711272615265099
Kampala,2038-02-01,11573.29113153154,0.758886932642206,19.0,0.0720095219202539,0.927990478079746,0.3148383581718889,1.00003,2.00003,0.3476,32.5825,-1.0,30.0,1.921062203597915,0.22654386274718313,0.004681743408815142,288.94375432870015,2.0,0.00033568130978288045,296.2557934453667,293.96283624089773,294.5455975975748,293.6043592356577,294.16839647322735,0.018449496912116416,0.39066450129642516,0.2040474107613253,0.057802743014520895,82777.38206421873,295.13597526597476,0.3837396722770653,-0.0008570768345319786,1921.062203597915,44.91663004187543,1908.259771396995,1900.9790961889103,0.120223412232404,0.3030039135929739,0.09162028369519405,0.043558932547061356
Kampala,2038-03-01,11573.29113153154,0.6666013129240179,19.0,0.0720095219202539,0.927990478079746,0.2112230037060271,1.00003,2.00003,0.3476,32.5825,-1.0,30.0,0.9741806659805903,0.23168141538528042,0.005798480087138118,290.15934733828993,2.0,0.00033686893819030977,295.26634888890237,292.4100339350502,292.3451779363351,293.2537307942063,292.52791677376086,0.46689597516038855,0.2886150688218331,0.08324815306681974,0.07154736219328221,82920.06986942889,293.8087041053338,-0.17223860437622635,-0.37470799347848666,974.1806659805902,0.4031196975118109,976.3302605555903,958.70350658662,0.06674789951576995,0.6072486264176162,0.1367800812176607,0.03601508754603325
Kampala,2038-04-01,11573.29113153154,0.5927475161354895,19.0,0.0720095219202539,0.927990478079746,0.2504385035638041,1.00003,2.00003,0.3476,32.5825,-1.0,30.0,1.2437251882604896,0.20131538466074111,0.0044731454532677874,288.17768365050955,2.0,0.0004932188466796845,296.5759050410401,293.59088615939976,293.8299733792703,293.35281339529814,293.64461729157136,0.4609748390818546,0.34617474124403014,0.5172096787197256,0.44683894657488793,82876.2192962574,294.7917683524637,0.26034474821133435,-0.5397664260830195,1243.7251882604896,-22.096722378518233,1245.9346582663259,1223.3103668275683,0.08038837166649394,0.4206886571405723,0.23204421933423455,0.0678958331172917
Kampala,2038-05-01,11573.29113153154,0.46648997437735834,19.0,0.0720095219202539,0.927990478079746,0.5399323244711868,1.00003,2.00003,0.3476,32.5825,-1.0,30.0,4.667904954214264,1.3046038613946596,0.004509683077242329,290.7175583574199,2.0,0.0005622785706194136,299.51666467324907,296.4045603874557,296.2520909679981,296.47474876666433,296.82209305140674,0.1257928547782374,0.1982485474552628,0.2543042594625293,0.0728575437828165,82933.19184477079,298.02248744766615,-0.5139618825053694,-0.8553016772182571,4667.904954214264,-55.43977698396927,4650.382286796511,4634.998701832745,0.3371672639849725,0.5088653610510439,0.40721208067417064,0.11677734946411972
Kampala,2038-06-01,11573.29113153154,0.8721676805568054,19.0,0.0720095219202539,0.927990478079746,0.4995502668420447,1.00003,2.00003,0.3476,32.5825,-1.0,30.0,5.026240097597374,1.3847183321599614,0.004824102896855706,288.9858266884862,2.0,0.00018559548717381514,295.55478010836873,292.9479320820183,292.81623729374354,293.43552635188684,293.0029521965126,0.08841067401107656,0.47156252336881577,0.33683060364941414,0.19457492804201545,83020.19316695395,294.2425969387274,0.028932023713378236,-0.1327963166312057,5026.240097597374,-37.02864311554289,5026.204563855382,5009.931890714583,0.3620166437690253,0.45989058202230193,0.404645658521828,0.11050221012672615
Kampala,2038-07-01,11573.29113153154,0.6873926161543321,19.0,0.0720095219202539,0.927990478079746,0.15331402654568163,1.00003,2.00003,0.3476,32.5825,-1.0,30.0,8.103047504879049,1.0979334985249596,0.005833896546024376,289.6239238353192,2.0,0.00035638908828064915,294.4358482691234,290.07462080711093,290.5380452166515,290.38013127410045,290.4597508919284,0.328945446183746,0.5583529205173372,0.41945304397607186,0.09419320588335943,82840.25211419756,291.70535015620214,-0.006149224654028806,-0.08642283740705546,8103.047504879049,-20.64581933095119,8130.743443688038,8161.048297310479,0.5201989552788486,0.4316945667374204,0.42510511464247275,0.19223908511910973
Kampala,2038-08-01,11573.29113153154,0.6131527288381422,19.0,0.0720095219202539,0.927990478079746,0.21608101052319967,1.00003,2.00003,0.3476,32.5825,-1.0,30.0,2.020589744868881,0.40238711587113357,0.005094798502227325,286.2910124034109,2.0,0.00010179229714113015,292.05307706787664,289.00820538702163,289.4766234069352,289.40900690310565,289.7435431353069,0.43285157210767483,0.2957538439794727,0.37989473705845433,0.17944477709365572,82847.34448668633,290.91318307838003,0.20453246916702855,0.33331394172844536,2020.589744868881,-8.949760860333395,2007.6955421607042,1993.8726805511508,0.13581798070557763,0.5915484439176733,0.1776988004106089,0.07016566544600171
Kampala,2038-09-01,11573.29113153154,0.7250999550040099,19.0,0.0720095219202539,0.927990478079746,0.6479571264908374,1.00003,2.00003,0.3476,32.5825,-1.0,30.0,2.4375515397877465,0.7184401064954385,0.004733348232689038,285.4141377162686,2.0,0.0001726333812851135,292.38687945432537,289.751038987071,290.2835044622145,289.76334989379853,289.1077323582076,0.18698504861547927,0.1047969118137294,0.11718978551800346,0.44381078965564463,82809.86302851577,291.0119975371539,-0.21532462637691302,0.403174205537465,2437.5515397877466,-6.0487881164445785,2452.700872238353,2397.6029963014034,0.17741232154876704,0.6556976505180029,0.24681892457035912,0.06075061665977651
Kampala,2038-10-01,11573.29113153154,0.6778140026527055,19.0,0.0720095219202539,0.927990478079746,0.08731466035071206,1.00003,2.00003,0.3476,32.5825,-1.0,30.0,0.20487433390807094,0.034543615828406975,0.002394848569820008,288.16480798272573,2.0,0.00015569957287837142,293.6790896192801,289.9196263971253,290.5280662891263,290.5433628127798,290.7260827168688,0.14791543101246657,0.19844168444736782,0.35146957058792777,0.5224220920136249,82835.2622729352,291.5970595429871,0.008984753609435119,0.0019806404622938,204.87433390807095,9.78343952111556,192.34696983513334,171.09091463470875,0.012127865689521016,0.5991721173589477,0.10006575188247535,0.027562556368838
Kampala,2038-11-01,11573.29113153154,0.9656470248147622,19.0,0.0720095219202539,0.927990478079746,0.39254858603107845,1.00003,2.00003,0.3476,32.5825,-1.0,30.0,0.07790180686146075,0.016906587610146476,0.003500364596887517,285.408155937197,2.0,0.00034693815778813047,292.4280964378064,287.9847433017536,288.8429834482205,288.62106146341245,288.75645046293715,0.22225334959995144,0.1492909456011098,0.2640990281252531,0.3464905194491464,82999.5290399522,289.8061358000549,0.5566361563696963,0.4695794565720908,77.90180686146076,-34.10264984545896,69.92364060712083,92.92932673403648,0.0038634550837015227,0.36075575973837193,0.0943627570607242,0.0013594306921501818
Kampala,2038-12-01,11573.29113153154,0.9397093495179316,19.0,0.0720095219202539,0.927990478079746,0.25160326419130885,1.00003,2.00003,0.3476,32.5825,-1.0,30.0,0.2128604429745318,0.04868340229271359,0.0024285800016617,284.36939232765815,2.0,0.00018880819391704342,291.13664586907686,288.4670787304581,288.0721392618888,288.9682321337479,288.7623067889948,0.27350652432077155,0.3682565543636485,0.5020573965730817,0.47329916456668497,82671.4222755505,289.8288395573733,0.3831942382861997,-0.20694747113742845,212.8604429745318,51.49612504343505,221.24130052869907,208.16612169083703,0.013380850117733475,0.4114774454466329,0.1577651552422351,0.02183395589076086
Kampala,2039-01-01,11573.29113153154,0.8393021786398909,19.0,0.0720095219202539,0.927990478079746,0.11245470461962365,1.00003,2.00003,0.3476,32.5825,-1.0,30.0,1.2898434996334713,0.18153706105964187,0.005243469128345964,286.0365599781031,2.0,0.0001572306150551838,292.70709275003526,290.42528101694165,290.22263115190793,291.0688288511571,290.32754382027554,0.4514553941511437,0.7131138323893317,0.3633767032978081,0.3784890266708585,82689.54172012347,291.66569409010106,-0.9430643519755131,0.026529656466309517,1289.8434996334713,33.55450328112135,1260.8321834515777,1290.5359194019838,0.0818385868108526,0.4633364734603655,0.189860092175892,0.057226343407416176
Kampala,2039-02-01,11573.29113153154,0.24044387012524676,19.0,0.0720095219202539,0.927990478079746,0.15378287178450453,1.00003,2.00003,0.3476,32.5825,-1.0,30.0,2.6105827584298216,0.5467226739131273,0.003925654670241476,287.22317283672106,2.0,0.000168369520175762,294.0905413725306,290.9234180899766,291.1358234323358,291.3607783714119,292.12509732599153,0.29361221392548775,0.2216669158299189,0.22661367700726837,0.2584065917858716,82959.23295470134,292.61917657794163,-0.1952043691402355,0.25807201979318983,2610.5827584298218,-15.960310466738479,2626.4990578522047,2589.6036552567466,0.17753264389109163,0.6824673091056266,0.17761549813651675,0.09759842576105873
Kampala,2039-03-01,11573.29113153154,0.8642134404287588,19.0,0.0720095219202539,0.927990478079746,0.06168770513929186,1.00003,2.00003,0.3476,32.5825,-1.0,30.0,3.165813603800115,0.4082067404791241,0.003432636194392894,289.45500523054375,2.0,5.290397752183769e-05,295.98846395999846,291.5242582478471,292.1856084320477,293.2465704363953,292.5462543248068,0.6149163176186596,0.21065697691524646,0.16644086740792413,0.48142631645208356,82920.15801141996,293.61863133401323,1.2537476189294168,0.8698487035600334,3165.813603800115,-0.3809511625021654,3190.403162050651,3198.175175324205,0.20119510800245385,0.9367421674504774,0.1883709757405004,0.08285740429404417
Kampala,2039-04-01,11573.29113153154,0.816978480829258,19.0,0.0720095219202539,0.927990478079746,0.3723556992807381,1.00003,2.00003,0.3476,32.5825,-1.0,30.0,4.9833165055994355,1.264935031841275,0.0038058202627371356,289.8379241795425,2.0,0.000665723953135493,297.34028329142086,292.88162337486835,293.01502624688743,293.23423940144846,293.657667472323,0.16474707416487078,0.37542380568729466,0.05136233487976989,0.3369800542857604,82888.45906618002,294.6140983349865,0.14412578893466324,-0.27071582253713034,4983.316505599436,10.836641251390997,4953.23286300564,5009.5044916267,0.35284627416447606,0.4834740422145298,0.4124392576637101,0.10885575512733378
Kampala,2039-05-01,11573.29113153154,0.5313093337426859,19.0,0.0720095219202539,0.927990478079746,0.18379395584475328,1.00003,2.00003,0.3476,32.5825,-1.0,30.0,12.90730663993515,3.6126340181078884,0.0038387647453207306,290.56131352640125,2.0,0.0005827746720146537,297.2901596601771,294.5483891664137,294.14335942522473,294.4181031745854,294.6356996670435,0.36298590143164183,0.3218601826146428,0.19433813673043937,0.24557675109408264,82874.17113366848,295.542410325607,-0.08707035856512199,0.8570917333121686,12907.30663993515,-27.948190200918493,12930.394597937773,12879.46004091471,0.9354159664317981,0.5557348672281679,0.9999999288254113,0.29247089340484034
Kampala,2039-06-01,11573.29113153154,0.6217149308404817,19.0,0.0720095219202539,0.927990478079746,0.0874942841177164,1.00003,2.00003,0.3476,32.5825,-1.0,30.0,6.504578453625155,1.354497878859893,0.004635329195216207,289.0555498542796,2.0,0.00036007773381102463,295.57577508868627,293.37947517363966,293.3484400932088,293.01330909273935,293.4839056820799,0.5861858272039032,0.2720370809648643,0.46964897685473084,0.15198190487030147,82854.45329437502,294.5259993193753,0.23731674278339607,0.3537959109873098,6504.578453625155,16.591158675821035,6520.4719372145055,6487.920038717995,0.44415914935227674,0.6440903219475426,0.45449245188899673,0.1657372488543456
Kampala,2039-07-01,11573.29113153154,0.7907877987263512,19.0,0.0720095219202539,0.927990478079746,0.1397992089475471,1.00003,2.00003,0.3476,32.5825,-1.0,30.0,4.757169265151538,1.1573966976855452,0.004764213203338855,286.57120397408045,2.0,0.0006870453255622487,294.8099669198798,291.677865013348,292.5917691498799,293.24232759476587,292.9898996224781,0.31866425222587436,0.3164685946621758,0.17600843980482864,0.3118141116440008,82849.45102445554,293.7506242510412,0.029106363542528234,-0.19671894813727522,4757.169265151539,-19.304809695109483,4782.153313356836,4745.904263949272,0.3338665273886252,0.5117861433886283,0.3936373511803868,0.11079797889644231
Kampala,2039-08-01,11573.29113153154,0.6302009128146299,19.0,0.0720095219202539,0.927990478079746,0.22178913501230738,1.00003,2.00003,0.3476,32.5825,-1.0,30.0,2.742572207217502,0.43917118147076456,0.002124992612528064,289.26998279453466,2.0,0.00021255746230201266,293.3600056817344,291.80355813062084,290.78794992268575,291.751529148629,291.44343574171063,0.2833124351920375,0.07507033552871863,0.3326946708838734,0.4365090660224314,83005.2211155957,292.6169209323568,-0.11347123306896217,0.2000000028067832,2742.5722072175017,-12.098336123780825,2761.1299192218366,2734.9379249181416,0.17902079960682818,0.5099258626772621,0.22843348214557263,0.07973444050566365
Kampala,2039-09-01,11573.29113153154,0.8743416491471745,19.0,0.0720095219202539,0.927990478079746,0.2060335892142086,1.00003,2.00003,0.3476,32.5825,-1.0,30.0,0.6855186489274188,0.10840010002059518,0.004475334925427492,284.91601528210975,2.0,0.00030017234488436827,292.3551682742257,288.5039735185998,288.9266682539292,289.29875954270585,289.1540805088107,0.1706255348783038,0.39513790220363915,0.05106486657671179,0.06805184084955963,82794.99452101768,290.40837225391,0.3797500187580611,-0.30838768075985384,685.5186489274188,6.265705802582551,697.6472140307706,677.5879739313148,0.043459067410514474,0.6880493311003621,0.10261912390054516,0.011733268769587796
Kampala,2039-10-01,11573.29113153154,0.6205331154971544,19.0,0.0720095219202539,0.927990478079746,0.19446860955434983,1.00003,2.00003,0.3476,32.5825,-1.0,30.0,0.2622263770774515,0.028498614690552992,0.002940788291627098,285.0175576675511,2.0,0.0007028122873122795,294.78086301722146,292.3351248060703,292.05397000746564,292.44344191025226,292.44736456275587,0.4198707864938515,0.1848673399341691,0.3446433197370657,0.5555536043507401,82848.38833581285,293.3174166682259,-1.3869074699669584,-0.08980986070281663,262.2263770774515,-11.006865921270089,254.2914008644046,229.95427762420317,0.015006844429139857,0.40868188874936817,0.12597556562598547,0.03946382469014263
Kampala,2039-11-01,11573.29113153154,0.8501621939305726,19.0,0.0720095219202539,0.927990478079746,0.11605761118979938,1.00003,2.00003,0.3476,32.5825,-1.0,30.0,0.23388138965099342,0.028410092480644758,0.0018799127848798257,286.41482007078565,2.0,0.0003055674238898553,292.506134794292,290.0950606908642,290.15746654040487,290.05967133412656,290.77589095206446,0.48905946411221984,0.12930590514841245,0.08622655286824288,0.46049825225575997,82896.00735366266,291.45390773665065,0.6745675525567147,0.5290850469120508,233.8813896509934,-53.822837893937894,233.41959211479218,217.02348623525563,0.013454371608007895,0.4295022787943412,0.0637896649468041,0.016232228544043544
Kampala,2039-12-01,11573.29113153154,0.9522028621730126,19.0,0.0720095219202539,0.927990478079746,0.1839657384019185,1.00003,2.00003,0.3476,32.5825,-1.0,30.0,0.1286618880416774,0.03274439508154391,0.005189226461255785,286.768816913575,2.0,0.00022677825832435487,293.71743696219414,290.59337463623893,291.35053514877234,291.42405077237635,291.55606501582736,0.1152210842096911,0.5610282402714534,0.3870458993240168,0.43681112058992694,82897.17821210627,292.40514068543615,0.3312680166993065,-0.4114279507592162,128.6618880416774,9.84938064661006,116.6278105326596,113.52287577300037,0.0075448508695855785,0.6143932678684066,0.08951695666606335,0.01638334492873509
Kampala,2040-01-01,11573.29113153154,0.7896849397536114,19.0,0.0720095219202539,0.927990478079746,0.3339456025804262,1.00003,2.00003,0.3476,32.5825,-1.0,30.0,0.4979940248602848,0.10584253013399873,0.003268142691584114,288.1526067926793,2.0,0.0002777654831716616,291.2196882334858,287.8164720117059,288.562089854066,288.6837927168739,289.22810386736177,0.2292686931266738,0.1129412270551292,0.14271015127258446,0.5675829440984136,82949.19934868364,289.57249185391765,0.19747898516165358,0.5364648072536733,497.9940248602848,18.743636885958693,467.7705063726857,508.0238364968899,0.03274678793558847,0.5388817345702721,0.11302406775176839,0.02243275014301501
Kampala,2040-02-01,11573.29113153154,0.8057811272326612,19.0,0.0720095219202539,0.927990478079746,0.4315786388223158,1.00003,2.00003,0.3476,32.5825,-1.0,30.0,1.3196325211411115,0.1917240262386715,0.0037854623354820365,282.0983723433107,2.0,0.00029389489908715103,292.6205045919158,289.8844880703733,290.61170519872286,290.6473276663691,290.8197036304075,0.15635726196781882,0.3922074447459127,0.23270648589013807,0.602107206748992,82829.87104292084,291.44902221042446,0.2663916046613121,-0.40276334125526025,1319.6325211411115,-33.328700211930226,1315.9224816826652,1329.6294371908123,0.08418856702990396,0.6320739299749809,0.1678223326744377,0.04657783093812232
Kampala,2040-03-01,11573.29113153154,0.7741156259965805,19.0,0.0720095219202539,0.927990478079746,0.23940261270752008,1.00003,2.00003,0.3476,32.5825,-1.0,30.0,5.557109968938544,0.75623800095833,0.004667548080369996,287.4289023230267,2.0,0.00037681139753303693,294.4997582638155,292.0720327152867,291.89015396996245,292.04433851424193,292.7317454483539,0.04450726936490226,0.15732840617903185,0.3204344069883691,0.2058525666071645,83017.84193175637,293.140581954943,-0.6178515110247045,-0.08602067963273625,5557.109968938544,1.3512915711500235,5558.993197738311,5528.428212388042,0.35648942493515223,0.6460705434892272,0.24628081660305623,0.11804827783513883
Kampala,2040-04-01,11573.29113153154,0.9665630623049973,19.0,0.0720095219202539,0.927990478079746,0.2955737362592993,1.00003,2.00003,0.3476,32.5825,-1.0,30.0,11.521928956029962,1.9656520279707053,0.0053142265757035794,290.3019501837637,2.0,0.0003377631836508375,296.4318793195021,294.2404444957133,293.1435790824305,294.06894466184866,294.4107561265572,0.4226013112086941,0.1881101007522715,0.5491198284603409,0.14414643419034595,82797.40351825193,294.96079762569093,0.7339252224986549,-0.015131528798492878,11521.928956029962,-7.995656947218905,11524.093606321489,11466.91778300108,0.7633482520154802,0.5443585013835649,0.5899207526491529,0.24228423336229124
Kampala,2040-05-01,11573.29113153154,0.7897254462591489,19.0,0.0720095219202539,0.927990478079746,0.37926599193446736,1.00003,2.00003,0.3476,32.5825,-1.0,30.0,1.4499116541417105,0.17077915570212496,0.0033201114602638138,289.2591605857473,2.0,0.0001670227474680839,296.342731804039,292.93672362024444,293.8866768070137,293.860148164844,294.16010175472275,0.24920572756770668,0.25266650749923153,0.3126128920035,0.4630354318255933,82844.47138973989,295.01355515186316,0.8615373588231249,0.819628258370876,1449.9116541417104,16.45357590006408,1443.9824009214676,1497.700577022532,0.09041598798883776,0.531137040385745,0.13444590658330619,0.04751609301570793
Kampala,2040-06-01,11573.29113153154,0.7906879982877671,19.0,0.0720095219202539,0.927990478079746,0.05004680910087969,1.00003,2.00003,0.3476,32.5825,-1.0,30.0,7.387640390807792,0.8744754913255316,0.003349343378663805,288.74207946278597,2.0,0.0003195817582042397,295.5624871773532,292.06277629528495,292.3064364647072,292.4011583956075,292.6971738868606,0.5261826701604474,0.124777547929926,0.2507956364705972,0.28578641062653054,83100.24274676447,293.86296510702994,0.18011301853871436,0.27066064700413917,7387.640390807792,-5.189608628575996,7407.460133849843,7377.68055704139,0.4670909724909038,0.28999340410007224,0.34431794808138355,0.16595599545125284
Kampala,2040-07-01,11573.29113153154,0.36994647114172813,19.0,0.0720095219202539,0.927990478079746,0.08333335564029919,1.00003,2.00003,0.3476,32.5825,-1.0,30.0,0.2598893235819351,0.032466112788154804,0.003868022357968211,289.36266173148465,2.0,0.00028295913207930225,293.74656993619635,290.32661162007076,291.40575291234626,291.2604478299202,291.2899289662498,0.30189721291655897,0.5425422372350438,0.2285088911700033,0.2421236233485448,82843.56119012943,291.9839162049453,-0.4998244421571119,-0.2578836722647687,259.8893235819351,-62.39268459456162,219.39948834045063,224.52924649300945,0.015046727884970489,0.7185050619851733,0.1304259582311216,0.04988095459523535
Kampala,2040-08-01,11573.29113153154,0.7248590559299123,19.0,0.0720095219202539,0.927990478079746,0.3458663848808894,1.00003,2.00003,0.3476,32.5825,-1.0,30.0,1.866575347120647,0.2830318689938956,0.005532163769608547,287.6329095860871,2.0,0.0005310821443722921,294.13966972345463,290.67581136346524,290.5480118735316,291.2373151590197,291.0936795830642,0.4701718748221818,0.27424981718571895,0.3147057490708939,0.11641480154355668,82850.76812050209,291.8409710768438,-0.21073741871564625,0.6573942457595088,1866.575347120647,-12.603216841291593,1865.482481788031,1923.2537109857667,0.12028867727496252,0.4279616689848185,0.1447281840267573,0.057357455599213666
Kampala,2040-09-01,11573.29113153154,0.7418873022575357,19.0,0.0720095219202539,0.927990478079746,0.07971572994900748,1.00003,2.00003,0.3476,32.5825,-1.0,30.0,1.1960643727346845,0.30004048237879244,0.003159228110101375,286.98713735930033,2.0,0.000317965605437102,294.2303973809113,291.7234835754296,291.43884491322507,292.5140334763933,292.1491751306498,0.17868148567440803,0.15903932161897485,0.05713048958268242,0.3575666583194897,82958.05676870357,292.95107677666874,-0.012143247835012923,0.8194802637999166,1196.0643727346844,-40.62803147206312,1197.308050532265,1183.6168843910746,0.08335906607659331,0.38906376434510137,0.1474177684778335,0.03191948609764838
Kampala,2040-10-01,11573.29113153154,0.7437180901338216,19.0,0.0720095219202539,0.927990478079746,0.09193292968276054,1.00003,2.00003,0.3476,32.5825,-1.0,30.0,1.3684354243777708,0.3359764435417106,0.0036733862193387874,288.74601978532155,2.0,0.00047962809839773165,289.832155407276,287.5229771648937,287.72870526399197,287.5511057301212,288.46745771253586,0.32866482126390084,0.09219996496200467,0.24199911537895674,0.30310426110928274,82744.69647221602,289.08367883695473,-0.04189154994453233,1.1270190544605596,1368.4354243777707,-19.87234117504226,1337.3500966523306,1373.0563796282784,0.09514429499590607,0.5919879509854725,0.15313611878019984,0.04074427625568437
Kampala,2040-11-01,11573.29113153154,0.5481094845879312,19.0,0.0720095219202539,0.927990478079746,0.30456243134300215,1.00003,2.00003,0.3476,32.5825,-1.0,30.0,0.31243355012610785,0.06752437362078521,0.005136191374642543,284.4539536581257,2.0,0.0005353721535678415,290.9099790850304,288.43584093488425,287.96989396264064,288.68515909929187,289.09740654323775,0.14752680556584483,0.16677178971284154,0.18000579251074067,0.45304032115717074,83013.81503309676,289.8653003450744,0.38879803089613607,-0.7293791962653468,312.43355012610783,-25.35410545317421,317.5181885311317,305.46534504212366,0.019943285598428645,0.42238592206782116,0.09268559308277084,0.030726640062002313
Kampala,2040-12-01,11573.29113153154,0.7064857136094344,19.0,0.0720095219202539,0.927990478079746,0.34734706892468964,1.00003,2.00003,0.3476,32.5825,-1.0,30.0,0.5161596099680504,0.12152366095777697,0.004418704578292369,285.746989349717,2.0,0.00042952265204715737,293.07804543582165,290.2756086023129,290.6146202822455,290.6483547530635,291.1057631771566,0.17272747725048362,0.10919795876437816,0.2311963786845543,0.4311116916368805,82866.65137190303,291.83025677747025,0.4395070772785037,-0.47324539799421406,516.1596099680504,74.82026425151604,542.3474945221475,537.8398547146994,0.03460119077711936,0.17140174062418326,0.06405810535007993,0.025126596804564916
Kampala,2041-01-01,11573.29113153154,0.03390505119758663,19.0,0.0720095219202539,0.927990478079746,0.24212127530216018,1.00003,2.00003,0.3476,32.5825,-1.0,30.0,0.5226787435229517,0.09167262186669375,0.0038864078382980353,286.89375433627777,2.0,0.00040679312098425643,293.27814045821975,289.8935933500961,289.86220350056647,289.7593064204095,289.06263973345153,0.470057585291518,0.20575791299751142,0.3983323700030119,0.1111492981207551,82821.58361416402,290.93509388105025,0.5605940712849523,0.8000489234102391,522.6787435229518,-26.94301864479004,527.826121835913,541.367064435351,0.03330808274736559,0.6331992729575596,0.07770043648980338,0.07243427729267386
Kampala,2041-02-01,11573.29113153154,0.9190349270222743,19.0,0.0720095219202539,0.927990478079746,0.1736169932828987,1.00003,2.00003,0.3476,32.5825,-1.0,30.0,2.639660328973902,0.4163622303941874,0.0034933651662120806,287.85980912842706,2.0,0.0006017593127112009,291.64948757641014,288.0474025738691,289.03316237067855,289.1064627494249,289.2779054318593,0.46036374096096594,0.09475942530772673,0.4956365040135205,0.34285434964467326,83048.54773692726,290.0430753770751,-0.11036437847918328,-0.6663392205126019,2639.660328973902,-26.402789229677165,2611.45600281537,2608.903756401779,0.17181277823649801,1.000000305156004,0.20852000003565815,0.0667788961825724
Kampala,2041-03-01,11573.29113153154,0.8566281194425039,19.0,0.0720095219202539,0.927990478079746,0.12138555264611711,1.00003,2.00003,0.3476,32.5825,-1.0,30.0,2.54730460882355,0.6893075349221394,0.00542732865159477,288.01524850144625,2.0,0.00010375460519581533,294.433329829771,291.3517330455445,290.9128876755123,291.7190039490617,292.228579644408,0.11149888170540266,0.3215150819062752,0.25940007461251785,0.2790982086138345,82926.88123564121,292.87763440301853,0.8591819978819378,-0.09459509063753999,2547.3046088235496,49.3519671936256,2552.9635577136833,2541.6877891783433,0.1819454528802402,0.6687656882334558,0.29127722039728976,0.05797554537583833
Kampala,2041-04-01,11573.29113153154,0.5518842919116503,19.0,0.0720095219202539,0.927990478079746,0.37202977272267873,1.00003,2.00003,0.3476,32.5825,-1.0,30.0,5.7333701048826855,1.4496776095647772,0.0032784309176599707,289.4403348562152,2.0,0.0003132008537003167,296.58216190418267,293.49741058714375,293.8102405668962,293.81896375796646,295.0992587167439,0.3952162577890432,0.1758743484229182,0.18075797370012864,0.3640557086995937,82983.14988669317,295.1897600659628,-0.7120838000937996,0.9558030335316609,5733.370104882685,-4.281407620623362,5734.680976316487,5732.888483705227,0.4058943077899356,0.5183829046587595,0.47977374645861287,0.14505626231034618
Kampala,2041-05-01,11573.29113153154,0.7015048731052838,19.0,0.0720095219202539,0.927990478079746,0.3623798560294576,1.00003,2.00003,0.3476,32.5825,-1.0,30.0,13.899120999775977,2.2842844815993457,0.002669773744358662,288.9353661681177,2.0,0.0002958164247796868,296.7109408619557,293.5336442573836,294.02928800440503,294.33179870544694,294.9586944918273,0.5881163609702552,0.26215796758848164,0.3464757536328679,0.4159878514177539,82931.60678697299,295.2006596267408,0.6420523475894487,-0.7536129101919692,13899.120999775978,3.085729542591219,13877.247803068696,13948.02489872221,0.9163952581613086,0.564780373949333,0.7639353633747925,0.3146683037572047
Kampala,2041-06-01,11573.29113153154,0.5451724135719153,19.0,0.0720095219202539,0.927990478079746,0.3335577472522925,1.00003,2.00003,0.3476,32.5825,-1.0,30.0,3.7105747738099564,0.6443861199216623,0.004395914220958045,289.0562928001073,2.0,0.00019406250035779946,295.0419996545365,292.5945466385837,292.5675574810517,292.91986918507115,292.905655934546,0.20592513278660787,0.7739604557651556,0.176459068556819,0.1086120056800174,83057.41467860324,293.8169620707687,-0.41869039484123344,0.44789810911796424,3710.5747738099562,-22.64493033427869,3683.8831899286047,3694.584651355166,0.24543248425405015,0.3128807096157557,0.29360259347437734,0.10810778613937921
Kampala,2041-07-01,11573.29113153154,0.8285831419659494,19.0,0.0720095219202539,0.927990478079746,0.13262581613370666,1.00003,2.00003,0.3476,32.5825,-1.0,30.0,1.2042282225490204,0.1790210319104377,0.0039212115999197,288.06777460636624,2.0,0.0006132560598959434,295.10034899080745,292.34234167725225,292.1504649299814,293.0089868481253,292.7182002551186,0.04768308655385286,0.4361252030699675,0.09412873752621526,0.09899450184144958,82915.04744987738,293.68916147012914,0.09747754620609367,-0.012064555227486702,1204.2282225490203,11.95351438889521,1195.5697916633617,1208.803999035949,0.07691510417834412,0.4658983045525359,0.09279674499872666,0.02487534709709441
Kampala,2041-08-01,11573.29113153154,0.5912385392754002,19.0,0.0720095219202539,0.927990478079746,0.29858605227620705,1.00003,2.00003,0.3476,32.5825,-1.0,30.0,0.3589116674837665,0.07749698961513439,0.0036782472960097917,287.45127844623687,2.0,0.0005994719037141833,292.41171512125,289.5353136602077,289.3147949567753,289.9815274354921,289.7931390761548,0.5759678575787021,0.0964281202642044,0.03449423479783808,0.5719257533122638,83091.26881343569,290.9101850628807,0.9918520677393756,0.3785884105510113,358.9116674837665,5.049975268933031,351.487199220406,328.4318045487256,0.02322764790689525,0.4704833758877028,0.11541764615104073,0.037468662952560045
Kampala,2041-09-01,11573.29113153154,0.4878176320975016,19.0,0.0720095219202539,0.927990478079746,0.3822011844735794,1.00003,2.00003,0.3476,32.5825,-1.0,30.0,0.16592601506711763,0.019809953153463424,0.0029446758414075408,288.0155689699249,2.0,6.512861913446346e-05,292.33608918665374,289.3566054374782,289.5215461632663,289.55462690732355,289.7332100780597,0.6315231599513972,0.32176728810143607,0.30198854442435547,0.2798639932703283,82855.42425402031,290.4416470828794,-0.7213573930013563,0.24003180895205195,165.92601506711762,30.761501193999386,173.83822756253358,179.30118132399502,0.009052041536656895,0.2425805992754975,0.12381852087471386,0.046372165229265155
Kampala,2041-10-01,11573.29113153154,0.36882622694934525,19.0,0.0720095219202539,0.927990478079746,0.4107760349660084,1.00003,2.00003,0.3476,32.5825,-1.0,30.0,0.08767178442036345,0.011124341024790443,0.004410383276786892,287.5899493626305,2.0,0.0001611420804347864,292.5628472635862,289.07820069711124,290.0842410040787,290.2071222589635,290.1694855838096,0.05059258945790459,0.7945363708814471,0.1781725144165805,0.5310129530485904,82885.5133244854,291.2549380964397,0.008187120965646852,-0.4934713682507784,87.67178442036345,14.543084124262649,90.95255841248577,82.66734219941165,0.004038011345423553,0.22416441838486076,0.11008660611442962,0.05252943597383464
Kampala,2041-11-01,11573.29113153154,0.7672998022094005,19.0,0.0720095219202539,0.927990478079746,0.21120140912218327,1.00003,2.00003,0.3476,32.5825,-1.0,30.0,0.33024521811415836,0.05118195458606049,0.003021976976477432,286.5405591688043,2.0,0.0004665770053006619,291.57836395362756,288.4091219793798,288.5585683168252,288.5153423035891,288.55012043682194,0.45139530696940044,0.4776050454278805,0.3533359883764254,0.13311892927101399,83058.44943751571,289.55197948382175,0.3464076051504613,-0.14185336418236588,330.2452181141584,-30.970375453107064,348.18678764677713,355.4016859035671,0.020146526157315606,0.40443490821766886,0.111925864724993,0.02961552589609228
Kampala,2041-12-01,11573.29113153154,0.7952433889560453,19.0,0.0720095219202539,0.927990478079746,0.18941327326765528,1.00003,2.00003,0.3476,32.5825,-1.0,30.0,0.8462857041942683,0.16213557552651572,0.003916255564618098,288.43535305138784,2.0,0.00018911659592564205,293.50529664396197,290.1378354034361,290.97561280115383,291.21386983458234,291.3479963327319,0.3520408516804339,0.3563200386196906,0.15060223045307608,0.3047319623815628,82964.01248756416,291.931758230239,0.11804908208535521,-0.6849928862334516,846.2857041942683,-28.529145391491227,849.5306874627634,884.4356611931632,0.05565655279026396,0.1677649141927395,0.10606204808074199,0.032005929986236185
Kampala,2042-01-01,11573.29113153154,0.2931114202301132,19.0,0.0720095219202539,0.927990478079746,0.20611416739718258,1.00003,2.00003,0.3476,32.5825,-1.0,30.0,0.9110519002432126,0.14083352952882125,0.004848298179304868,287.4723789844888,2.0,0.0003719723389531407,293.747780023052,290.806096145898,291.32276146393855,291.2305967330407,291.3541633770096,0.08369831065646555,0.18732948330267124,0.4214930877501552,0.6493747642049961,82913.98934234703,292.188772040998,0.12297185941591893,-0.07114024839638884,911.0519002432126,-9.955148092980583,895.0052145965753,864.8395683247021,0.058068813901418055,0.3181627747609172,0.12540711934805004,0.06849810119493732
Kampala,2042-02-01,11573.29113153154,0.863931647465457,19.0,0.0720095219202539,0.927990478079746,0.32939141594503535,1.00003,2.00003,0.3476,32.5825,-1.0,30.0,4.381113722377579,1.231031197164467,0.004795487694954888,284.8931163310513,2.0,0.00023311553693572688,294.8966642778936,290.8933830816348,292.0492175771991,291.58943890544543,292.2707207063748,0.3189090170953706,0.2504815421468936,0.22634544101240253,0.09787676083985698,83110.20447558379,293.0067499575161,0.06839460003849784,-0.17956651114853892,4381.1137223775795,-24.673787793144147,4363.296296177015,4400.789767751967,0.316712569869277,0.6204244937562156,0.4169466476163671,0.0928527754387484
Kampala,2042-03-01,11573.29113153154,0.82583663300958,19.0,0.0720095219202539,0.927990478079746,0.24257635194206076,1.00003,2.00003,0.3476,32.5825,-1.0,30.0,7.553741311638739,1.2236002029752338,0.00429885846375058,289.4528795972721,2.0,0.0003335613944224438,298.497953004897,293.95236440850687,295.0259358365348,295.18768867105484,294.9392834392018,0.33199293405559144,0.07874365916152397,0.103069235599335,0.42176007017628586,82863.57099041076,295.93010930019034,0.4508425610708395,-0.19063535301583345,7553.74131163874,23.723705570177415,7572.383327869639,7602.272823912013,0.49625877895896897,0.7425410712232353,0.3709901869498608,0.16078265447986403
Kampala,2042-04-01,11573.29113153154,0.8410194792028439,19.0,0.0720095219202539,0.927990478079746,0.0906463585220678,1.00003,2.00003,0.3476,32.5825,-1.0,30.0,2.03175391718011,0.2552817312648594,0.0035255495045310326,290.33135218125244,2.0,0.00040849503376898065,294.6544305356252,292.0923795389159,292.87430637602375,293.03334890037763,293.1756148409254,0.2800703390019056,0.25026789099081304,0.15483234317394687,0.16672949040985408,82848.66708133226,294.0618724503659,-1.026858897809532,0.754724525201325,2031.7539171801097,-23.28804321543162,2020.2987976400773,2029.4389739237718,0.12819690850794258,0.5519394131422967,0.16852364443667373,0.04539917050610282
Kampala,2042-05-01,11573.29113153154,0.8007034805743747,19.0,0.0720095219202539,0.927990478079746,0.17644892541605123,1.00003,2.00003,0.3476,32.5825,-1.0,30.0,3.2086433277267172,0.44097868604070656,0.0038554112830139456,291.81295852175793,2.0,0.000232150350223865,293.9401582218592,291.50221965550946,291.6275448193242,291.6501593422969,292.1395732300858,0.41883744157141983,0.5987785409229255,0.24836081012497344,0.19917319537334527,82770.66544836652,292.8367417512973,0.08785447130228334,0.5754383013636961,3208.6433277267174,-47.18342378587711,3208.289996723406,3200.4059877341288,0.20545897203999566,0.49890233598774525,0.24555928097432522,0.08739364824301027
Kampala,2042-06-01,11573.29113153154,0.8323249721429559,19.0,0.0720095219202539,0.927990478079746,0.24852048025858064,1.00003,2.00003,0.3476,32.5825,-1.0,30.0,3.731263846223217,0.6961427217392001,0.003152730723131206,289.564706981231,2.0,0.0001465539337091606,296.78234733567245,293.49508763336615,293.60517219620016,294.0628428047676,293.22992463828547,0.10178434773442809,0.5512029610499297,0.3366350955968097,0.2693737125125859,82761.71040807274,294.7569601904364,-0.3752735945015242,-1.570707270648273,3731.263846223217,3.414787934959821,3734.7072854460566,3774.10240329081,0.24961183901772496,0.7360431240361327,0.2961057844797723,0.09085312175615905
Kampala,2042-07-01,11573.29113153154,0.8135080862057271,19.0,0.0720095219202539,0.927990478079746,0.09701521625948364,1.00003,2.00003,0.3476,32.5825,-1.0,30.0,3.30429528793881,0.831661879182612,0.0026644309802985548,287.4964107740514,2.0,0.00045607713861012055,296.3680465827649,294.1679568663634,294.086559179956,294.81579902090664,294.42532313987687,0.07863030266515963,0.2309156621890969,0.17810950668554215,0.24593664045923852,82843.72030692479,295.42543351328356,0.36820687226800675,-0.3187282621588066,3304.29528793881,67.19940609518525,3290.1186549471145,3296.7398747789293,0.23310962007443564,0.7169149041801696,0.2912655103833801,0.06995610899932596
Kampala,2042-08-01,11573.29113153154,0.6628539641143398,19.0,0.0720095219202539,0.927990478079746,0.21791828022495258,1.00003,2.00003,0.3476,32.5825,-1.0,30.0,0.8899778937959291,0.16302909337446564,0.003857515418428204,288.2023564145453,2.0,3.544539041848121e-05,295.58415480145925,292.69734176337323,293.19597959333623,293.0492156011475,292.9803832415039,0.22522950268385775,0.23013529498540294,0.2541642128760858,0.2285472607984131,82878.58561279105,294.1145795614607,-0.3242785616443256,0.930686535659111,889.977893795929,14.861140100102856,885.7329335864312,879.0631220294921,0.058188617887788986,0.5432657979117764,0.09795188676050501,0.03523702635441782
Kampala,2042-09-01,11573.29113153154,0.5827967722164396,19.0,0.0720095219202539,0.927990478079746,0.4350483462359647,1.00003,2.00003,0.3476,32.5825,-1.0,30.0,1.4516248696488512,0.32723642487103705,0.005250658642938271,284.7161640226314,2.0,0.00020154843149283375,293.97246559114296,290.9258711732321,290.6443156939317,290.92332916658535,291.74168421892836,0.22198446404391467,0.09431831125813463,0.5431900152584817,0.3277398041057805,82796.85254560893,292.30202476141216,0.8755677987072217,-0.2887010961147193,1451.6248696488512,7.380925917338149,1472.8923492421575,1430.6395602160358,0.09927732940688427,0.4038650046257493,0.21034168144781942,0.057883288058311014
Kampala,2042-10-01,11573.29113153154,0.6524459894720769,19.0,0.0720095219202539,0.927990478079746,0.3930533659278727,1.00003,2.00003,0.3476,32.5825,-1.0,30.0,0.13053890908684176,0.03157276329481424,0.005455242640820464,286.42468351019653,2.0,0.00011158422735259604,293.41775531536456,289.49816461739516,289.6706445546469,290.17465618537585,289.9282051043196,0.1307159506507281,0.4116475289479562,0.39727100324553744,0.21891389079204032,82983.52595671994,290.91097816804023,-0.36451821401326906,-0.22063140242783782,130.53890908684176,-20.603337091793055,144.58199514990056,105.1759435726925,0.007569770457523395,0.4412256671059971,0.1011314879741521,0.026029629822752906
Kampala,2042-11-01,11573.29113153154,0.690474916314521,19.0,0.0720095219202539,0.927990478079746,0.45939990989543045,1.00003,2.00003,0.3476,32.5825,-1.0,30.0,0.30442355600618004,0.07802316336799982,0.004411143533319643,284.03987696224334,2.0,0.0001473928097520833,293.0840177769904,289.8138919650972,289.79654364324165,290.3475623079529,290.69203853283165,0.07093171933841814,0.11112413433830175,0.4145936910104011,0.25154649747577906,82924.43831271972,291.180696218629,-0.0210752658407339,0.01676314373915954,304.42355600618004,-4.9128228606542255,315.271450646611,300.2947195384568,0.0201255627082151,0.6173241399300948,0.03623427483781863,0.019354481508641014
Kampala,2042-12-01,11573.29113153154,0.735559762975788,19.0,0.0720095219202539,0.927990478079746,0.24812699868606475,1.00003,2.00003,0.3476,32.5825,-1.0,30.0,0.6196278567896142,0.1015753501311909,0.004484513130772773,287.95417563917863,2.0,0.0002741528416880368,291.9886558360511,288.8436739043959,288.9767167604766,289.6364600328251,289.1724315306745,0.5457037258264731,0.038365250487443985,0.04394597146740671,0.04959484484746865,82747.61413625526,290.35412948954325,1.1648087417268564,0.0852826916039997,619.6278567896142,0.38491342194738054,595.5982316040689,598.761406754858,0.03933439489814938,0.49254246904768545,0.07564405234712547,0.018677430318702417
Kampala,2043-01-01,11573.29113153154,0.8043896657134878,19.0,0.0720095219202539,0.927990478079746,0.21766650405328314,1.00003,2.00003,0.3476,32.5825,-1.0,30.0,0.9565204095320556,0.15856148690327548,0.0027061826349321074,287.85150798630315,2.0,0.00020752934138573467,292.81717188364047,290.3259006336342,290.04724923427347,290.5642939939149,291.0547159591728,0.15886052905885503,0.39222630180285684,0.10953700371778502,0.08611237936424479,83046.85022718854,291.9580696938162,-0.06872527847798866,0.12314090648624915,956.5204095320556,22.73084855457426,941.3412803343317,921.0837361038042,0.06177457245459079,0.5217760790024032,0.14366586475605117,0.023087845030950065
Kampala,2043-02-01,11573.29113153154,0.9341071770338637,19.0,0.0720095219202539,0.927990478079746,0.551787037858538,1.00003,2.00003,0.3476,32.5825,-1.0,30.0,1.0214447483336453,0.13578160815489151,0.003537263352003662,287.0394274886124,2.0,0.0006688739053024454,294.54287346252124,291.18709544643434,290.57131133590946,291.6562986504795,291.8453413886629,0.19768661418988404,0.059084508303298686,0.20806178701546574,0.4029740466041585,83014.35660449286,292.6277927763481,-0.42164915564247624,0.35101516183366327,1021.4447483336453,-38.413267259550956,1017.1729071909143,991.5267995945928,0.06411771189322675,0.4028490527439929,0.10635344543847983,0.01957088312850879
Kampala,2043-03-01,11573.29113153154,0.7956952151777799,19.0,0.0720095219202539,0.927990478079746,0.11815215636905586,1.00003,2.00003,0.3476,32.5825,-1.0,30.0,1.5913663483208524,0.4752363493724925,0.00290181361622185,287.8266374190305,2.0,0.00024327895979583887,295.2285813243461,292.2246801833457,292.0768744670055,292.8384648391955,292.78368681873104,0.3000463696896965,0.34902851779977884,0.1764510205959174,0.41208664812880746,82859.38896429766,293.61610590212655,-0.8073749311456655,-0.7227590738726617,1591.3663483208525,-9.876171304239186,1596.002050846213,1634.0849636870876,0.11573015685029339,0.6658619349497473,0.24458140312014634,0.04901450884632883
Kampala,2043-04-01,11573.29113153154,0.42536587676278753,19.0,0.0720095219202539,0.927990478079746,0.28089936600992255,1.00003,2.00003,0.3476,32.5825,-1.0,30.0,0.5319539981872684,0.14103256667442637,0.0029978960753695694,292.0959963835086,2.0,0.0005966031551822499,296.4524038490062,292.5496533679127,292.80726152175436,292.96165914264697,293.45480270069015,0.0638515709207462,0.4348106433917663,0.17132860606576608,0.40967806006642943,82796.22951779656,294.19526348114596,0.5815967594806886,-0.28291175517683914,531.9539981872684,19.429556802620567,515.9090437970815,508.49958228650377,0.03668404369681683,0.5751545091301956,0.11461912078340651,0.046047515939244915
Kampala,2043-05-01,11573.29113153154,0.9464461918152514,19.0,0.0720095219202539,0.927990478079746,0.401172186711996,1.00003,2.00003,0.3476,32.5825,-1.0,30.0,3.290843642334734,0.5844862588903468,0.004531925321368853,288.6415689411086,2.0,0.00033389263190838317,295.9055620086522,292.6828347003233,292.8369703199913,293.03884428235597,293.6894289003229,0.24238604485817367,0.34052160506748563,0.4107210431682903,0.2929794686771739,82815.5279029232,294.29074435111534,-0.44662474875919883,-0.017090664415244653,3290.843642334734,35.854425913008164,3264.7522636712497,3266.8369602727366,0.2182219048831099,0.45091748161709777,0.2591329015553486,0.07563167212861176
Kampala,2043-06-01,11573.29113153154,0.8811494888614068,19.0,0.0720095219202539,0.927990478079746,0.062492074666717044,1.00003,2.00003,0.3476,32.5825,-1.0,30.0,1.7776691330813121,0.5143832017959128,0.0036183689045867886,290.3422393037268,2.0,0.0005768925200294037,295.97716701423855,293.46435336769673,293.2113242135123,293.8654215143754,293.8467259090517,0.44571497864172016,0.22747652021012602,0.500595816073536,0.5622272456072901,82882.64555824386,294.7310140784334,-0.31288652186588817,0.11496217270896876,1777.669133081312,25.056731815462825,1771.4581665893072,1829.2770923469602,0.12847617172046938,0.6476685179332772,0.2352846587285395,0.0602625868951125
Kampala,2043-07-01,11573.29113153154,0.7354489448808028,19.0,0.0720095219202539,0.927990478079746,0.14521906785941335,1.00003,2.00003,0.3476,32.5825,-1.0,30.0,1.7490521168518651,0.3134386559301855,0.003501401964325826,287.3555889750018,2.0,0.00023998572325417065,293.14486863648403,290.8154542974186,290.61531849906663,290.49418191311236,290.9506626263267,0.34523436915970557,0.33178900575353043,0.4331921274202022,0.20782215245983612,83017.64488253662,291.90219004053466,0.402289817868821,0.4143300607588658,1749.052116851865,-9.933700797952778,1754.3096393041967,1780.5641029280982,0.11546293754480084,0.8648688635560193,0.17198867694367045,0.0579438479569707
Kampala,2043-08-01,11573.29113153154,0.446558524265346,19.0,0.0720095219202539,0.927990478079746,0.1449859368713775,1.00003,2.00003,0.3476,32.5825,-1.0,30.0,1.1346723737212048,0.28201847581658573,0.003547551794216393,285.9893029422939,2.0,0.00011492604579608381,292.9407218783165,290.4099199840107,290.2408373825358,290.11086774176516,290.8216023580354,0.20016247629630823,0.10946307751237666,0.30510604119360873,0.3727203612818418,83072.36729016919,291.7280228074082,0.48233711984321004,0.22585232494533858,1134.6723737212048,12.920631645611271,1167.0176181971444,1123.251535007352,0.07883297820897348,0.7199339397990044,0.13042003095269059,0.0546699585726664
Kampala,2043-09-01,11573.29113153154,0.5522799752131057,19.0,0.0720095219202539,0.927990478079746,0.06720102659883749,1.00003,2.00003,0.3476,32.5825,-1.0,30.0,0.7361222103110935,0.14537537281893773,0.0034389108690190025,287.10755307878355,2.0,0.0003007750189308525,290.99419093236736,287.9660835412847,288.70761697480646,288.0449195180425,288.2079047870705,0.220795151738374,0.47940115122205756,0.09171733168201547,0.30285496158509334,82815.44478236453,289.56768425744986,0.3765949748662744,-0.5410088925209681,736.1222103110935,-11.259204781416702,742.2249248381902,766.5839801713502,0.04848499145206965,0.513183970199558,0.07761801896565733,0.04283955906925798
Kampala,2043-10-01,11573.29113153154,0.5460307536701404,19.0,0.0720095219202539,0.927990478079746,0.18692520881658997,1.00003,2.00003,0.3476,32.5825,-1.0,30.0,0.1736806490044397,0.04489650618900585,0.0043624498815945266,285.0031082631327,2.0,0.00039943829772812276,293.8999159974633,290.3936911301181,291.25867745222456,290.4792454402654,291.5502425197145,0.5663661016439707,0.4136695450777487,0.19291010454033578,0.29717445860101327,82918.2170627712,291.83820235391545,-0.6135070386442679,-0.3399529483734157,173.6806490044397,7.033708687239426,168.50590157508367,180.49151481610804,0.010834259290862756,0.9030376546159683,0.12430004103645559,0.04132397449416735
Kampala,2043-11-01,11573.29113153154,0.9434934608093294,19.0,0.0720095219202539,0.927990478079746,0.3522301123160125,1.00003,2.00003,0.3476,32.5825,-1.0,30.0,0.20267638428333806,0.034991922843478185,0.00527427225873437,284.1126112764211,2.0,0.0004046539236030793,292.1503549307462,288.74417416050665,289.61220591090205,290.06992107871304,289.51662243343316,0.7098585774048717,0.20354163130636244,0.2159979620249407,0.2606677378364492,82926.87757891486,290.7245285201501,0.1942123068387532,-0.5136259437525644,202.67638428333805,-33.62319467662931,186.5498385615867,171.26873178013088,0.011865322465448148,0.7840398409374519,0.14412870421069132,0.015622386280293226
Kampala,2043-12-01,11573.29113153154,0.7894930481712246,19.0,0.0720095219202539,0.927990478079746,0.22569289164655393,1.00003,2.00003,0.3476,32.5825,-1.0,30.0,0.830637401173653,0.11432471991019887,0.004454704396416775,285.66870029061147,2.0,0.00041287725984024646,290.258834721208,287.89160003649323,288.2603054571844,288.4199094052719,288.5961799445173,0.17741513044104867,0.17002363745650054,0.6132621451820747,0.38163943419480917,82925.88875157127,289.4889859388126,0.29742718669862234,-0.30660594623799825,830.6374011736531,8.414576136475874,823.7721327484669,862.038782586926,0.05202684927900532,0.3891979381354541,0.10703941821071454,0.03658108471951374
Kampala,2044-01-01,11573.29113153154,0.4698255335468927,19.0,0.0720095219202539,0.927990478079746,0.2967456955774774,1.00003,2.00003,0.3476,32.5825,-1.0,30.0,1.7268413797264868,0.30966023522348574,0.0035042940534251005,284.3708502051825,2.0,5.38467088165572e-05,292.8188940020801,290.1473408770774,290.7177807749813,290.65692336463326,291.04883694169376,0.2715057030116862,0.13060210313243115,0.23948894627889564,0.23159001836781565,82814.25575704528,291.737860793265,0.16262974911479094,0.07427395179631945,1726.8413797264868,-1.1817594807357688,1709.6317824702517,1720.3839439836252,0.11398876626566665,0.46619415867016106,0.16092172966936086,0.062390573955250876
Kampala,2044-02-01,11573.29113153154,0.42723120207109444,19.0,0.0720095219202539,0.927990478079746,0.4127894408182319,1.00003,2.00003,0.3476,32.5825,-1.0,30.0,5.734358380986232,1.0995841957872852,0.003624780769866102,285.18806700864707,2.0,0.0004692119252185076,291.7929701309146,289.27706414447334,288.98960178518763,289.33283417082646,289.8925599822256,0.19929274481597473,0.2835372890608193,0.23833113131040587,0.41589341059948715,82962.0124050957,290.5933440962339,0.1995943584407298,-0.011204724199100742,5734.358380986232,30.54270348799884,5717.226659932453,5699.4033825134675,0.38607473419246996,0.43828751349796125,0.41105794495723713,0.15322133301978458
Kampala,2044-03-01,11573.29113153154,0.774135594577365,19.0,0.0720095219202539,0.927990478079746,0.3521019394259703,1.00003,2.00003,0.3476,32.5825,-1.0,30.0,1.3948242588166708,0.21538434256755928,0.0035998754152812566,289.2562285420647,2.0,0.0002796432033000799,295.0375466112439,291.99988951019293,292.1931864392055,292.03731961486085,292.09202764982103,0.46792538986114335,0.059010573886468284,0.15213697450992106,0.4729565855937241,82908.12255031502,293.32237419215835,-0.24158664746245637,-0.6539778749816885,1394.8242588166709,3.906656040487418,1382.1145483989037,1381.2944408228786,0.08980560940428658,0.6510302509667546,0.13777583636649904,0.044155931667603364
Kampala,2044-04-01,11573.29113153154,0.6728935065547187,19.0,0.0720095219202539,0.927990478079746,0.23118361514918187,1.00003,2.00003,0.3476,32.5825,-1.0,30.0,8.906940896242546,1.345359962418199,0.0048963993405043826,290.1731389186944,2.0,0.00034405162935404946,294.9959492430613,291.62861317250224,292.4116496700628,292.6967252476977,292.4696419218908,0.3373863518318578,0.0651676153764368,0.56371516539904,0.2643318198361509,82889.60804885211,293.3824832711612,-0.4107570562426188,0.11192008639161814,8906.940896242546,-12.887407775707018,8915.7346518755,8881.983121524543,0.579879033301236,0.6136793706184207,0.4627516485703761,0.20514543400805932
Kampala,2044-05-01,11573.29113153154,0.4326679489786535,19.0,0.0720095219202539,0.927990478079746,0.2723311210660144,1.00003,2.00003,0.3476,32.5825,-1.0,30.0,1.6892294163674748,0.48917282443940385,0.004628330045741797,290.03574260421607,2.0,0.0004378312342692746,297.57661083595053,295.4168812600862,294.4749105733426,294.7809667981147,295.62542515023216,0.04936915976081898,0.698422907389907,0.17837127289171223,0.3624893862974135,82772.23997348317,296.3928450441056,-0.37924882678657357,-0.06629677731066956,1689.2294163674749,7.693381720710531,1699.7584824746252,1662.2156770283914,0.12197308478545164,0.590740420303471,0.27902569542913014,0.07445744198513082
Kampala,2044-06-01,11573.29113153154,0.40755513933418225,19.0,0.0720095219202539,0.927990478079746,0.5016665623677085,1.00003,2.00003,0.3476,32.5825,-1.0,30.0,2.1040296428796705,0.38042116270842313,0.00527227037776655,290.90089696068117,2.0,0.0005006679680821188,294.3800259634504,291.02909251762674,291.46779376581236,291.9504562247156,291.75436527160065,0.21804886274097243,0.09154425757405586,0.19904814332855092,0.4056814305035176,82975.16239610464,292.8248169399773,-0.15599324203516085,0.32210441942206386,2104.0296428796705,5.423608189893662,2113.8515118046926,2119.750886000777,0.13929448603095101,0.6063056036053929,0.13885726735604012,0.07490957053829983
Kampala,2044-07-01,11573.29113153154,0.874689676681139,19.0,0.0720095219202539,0.927990478079746,0.1275738815993495,1.00003,2.00003,0.3476,32.5825,-1.0,30.0,1.0155813207791882,0.22170725153733772,0.004110896430163412,291.1048292791491,2.0,0.0002964698618383713,296.13439381250674,292.99248268405313,292.8644502321123,293.66298492970407,293.3576174612664,0.1391464027768016,0.1437990131671942,0.4545940412919934,0.298801816980845,82959.16570839354,294.5034634828616,-0.5265820745850677,0.17352322879843537,1015.5813207791882,3.908197888027567,1027.5753775587193,1051.3399998084774,0.06862600523923972,0.3706270585574723,0.1637207797275523,0.02736311278921175
Kampala,2044-08-01,11573.29113153154,0.5765177199701178,19.0,0.0720095219202539,0.927990478079746,0.5792588843279106,1.00003,2.00003,0.3476,32.5825,-1.0,30.0,1.2167435786372687,0.3394009981397798,0.00664684602298873,286.98187686390423,2.0,0.0001331011424164116,292.5813246019493,290.12718768918296,290.2892914538897,290.4824839915894,290.79834116457704,0.14213320185057657,0.19124471679002927,0.1099195514112278,0.6165984382505669,82878.74689741564,291.65085535575747,0.27269474046233694,-0.14525170948848745,1216.7435786372687,-0.778388457881892,1221.756562784845,1175.485794207833,0.08656648862990073,0.628703647465389,0.13349204726149458,0.05025058166760883
Kampala,2044-09-01,11573.29113153154,0.8337859192710136,19.0,0.0720095219202539,0.927990478079746,0.13466763045906113,1.00003,2.00003,0.3476,32.5825,-1.0,30.0,0.43697646920015043,0.11287748128705602,0.003897458228490026,287.31116627843846,2.0,0.00039872287965854274,292.70276773154563,289.7783666163105,289.83363099657737,289.97412006348543,290.531278031373,0.48082077454951266,0.04715608383659582,0.2984658719240479,0.10560329282282402,83103.68721717958,291.23385775870594,0.8845990394387214,-0.9793868306477967,436.9764692001504,-10.150283834509665,447.36343432061534,423.5217281065374,0.02964940530238496,0.4214393802214968,0.07455491767968749,0.015437228386661181
Kampala,2044-10-01,11573.29113153154,0.45599524803774905,19.0,0.0720095219202539,0.927990478079746,0.1938295242558583,1.00003,2.00003,0.3476,32.5825,-1.0,30.0,0.13042897134288683,0.02477439117618392,0.006257628546414343,286.0248444811614,2.0,0.0003814536471690204,290.69296262456606,287.34830240428676,287.00011590236886,287.9207519497106,288.1990454801083,0.3237720106656526,0.5698814329049452,0.4638750756807401,0.14949818151314423,82891.43966676873,288.91817546653385,0.046684430401582475,0.4918677556978232,130.42897134288683,6.038871711909896,128.91821253204716,149.72947672997935,0.007132448804246253,0.560025882548972,0.10598737413034048,0.04687715583169258
Kampala,2044-11-01,11573.29113153154,0.8829172850412256,19.0,0.0720095219202539,0.927990478079746,0.2146031636617201,1.00003,2.00003,0.3476,32.5825,-1.0,30.0,0.7232402558378611,0.09653341273212498,0.003946873861245544,285.80512201008435,2.0,0.00021308331606997852,291.0532018135305,287.9872714163595,288.20263503925236,288.2625192545123,288.7139654718577,0.017684521390555517,0.427297983792294,0.19598488052173257,0.5510786365892353,82898.45291552329,289.323204505324,0.7273747676852943,0.9403805731013242,723.2402558378611,-6.29787332177894,721.5561178081086,698.1296529446277,0.04495543349829669,0.44672217239050516,0.1299949725240942,0.024873368219865567
Kampala,2044-12-01,11573.29113153154,0.8939131061666358,19.0,0.0720095219202539,0.927990478079746,0.37300603948280137,1.00003,2.00003,0.3476,32.5825,-1.0,30.0,0.6628648020535884,0.12206790657331291,0.005050458280306959,285.31327771015606,2.0,0.00033611949183626156,291.70035369827787,289.1873172214956,288.9687174424294,288.68097551940167,289.26736361479027,0.2405875073251605,0.11974015409509732,0.26286058759952635,0.2113100941794713,82975.62867286023,290.26271277739613,-0.7487744805800806,0.3816214244596902,662.8648020535884,13.509601194341617,691.9089587432568,646.4780915196052,0.04291679417969997,0.600087779123396,0.11333585972061859,0.013882516604394055
Kampala,2045-01-01,11573.29113153154,0.5347899336621235,19.0,0.0720095219202539,0.927990478079746,0.21173895386224992,1.00003,2.00003,0.3476,32.5825,-1.0,30.0,0.6486354781069611,0.10442183271357515,0.002948468766415305,283.72235288059437,2.0,0.0002792163284545285,295.80113921025077,292.3037215644227,292.9553705318497,292.9150719669768,293.02572257919286,0.14975303248587163,0.3113788768868935,0.17980173862363585,0.47443769691309307,82942.66558105925,293.8853678777145,1.0257871609101101,-0.4261840620210004,648.635478106961,11.183638982658437,648.0669831736826,650.861046452626,0.04122815848071497,0.6708347975374022,0.14422375364268586,0.042651125581023845
Kampala,2045-02-01,11573.29113153154,0.8873400983931948,19.0,0.0720095219202539,0.927990478079746,0.17585005881022683,1.00003,2.00003,0.3476,32.5825,-1.0,30.0,1.5875989298397193,0.23089761106817813,0.0027157141815705504,285.61094308755105,2.0,0.0003056605556269147,292.1186252981803,289.61800558913,289.511366388465,290.08421656593606,290.0522068682056,0.12417853806161855,0.4577532835655074,0.05539188978329163,0.6616419142429724,82859.57767096248,291.23987571664,-0.22885947401940912,-0.07763465205187974,1587.5989298397192,-14.133748812527358,1589.7500192557886,1604.859631575323,0.1016690639708868,0.41129759630802176,0.17257327231447397,0.04490516185343007
Kampala,2045-03-01,11573.29113153154,0.7670430485628814,19.0,0.0720095219202539,0.927990478079746,0.14860525059555804,1.00003,2.00003,0.3476,32.5825,-1.0,30.0,4.53577077366563,0.4946073249728818,0.004791497435972957,288.242284304296,2.0,0.00014809139798532876,297.718813601935,294.8489267187597,294.9183873279966,295.17832999945307,295.0500817223176,0.1808052814698046,0.5956805154157737,0.5672794368892417,0.16631528318125194,82885.33682259564,296.31893026963,0.47494453412464605,-0.46091182816010684,4535.770773665629,21.37259806591006,4535.911703984267,4567.459428178013,0.283717170937496,0.7727854713577199,0.253751928126567,0.11758703570247131
Kampala,2045-04-01,11573.29113153154,0.7560964554684955,19.0,0.0720095219202539,0.927990478079746,0.2534853003520312,1.00003,2.00003,0.3476,32.5825,-1.0,30.0,3.7823550288144503,1.0252724856365756,0.003045561373709037,289.9924243877734,2.0,0.00028006573297029543,295.5874873574806,292.0029116867217,292.63797607998526,292.62431733762753,292.7153027770556,0.2843150007004395,0.5838730234306247,0.30684073743763796,0.3176823380610365,82895.97952654636,293.6296604553514,0.5532308854060358,-0.6251080129474006,3782.35502881445,-21.14223278616306,3778.336547802073,3761.091682732805,0.2711826188029253,0.5122598458851131,0.3697129018188099,0.10248725431572707
Kampala,2045-05-01,11573.29113153154,0.4557965181191677,19.0,0.0720095219202539,0.927990478079746,0.35753211244825744,1.00003,2.00003,0.3476,32.5825,-1.0,30.0,1.4704105899084432,0.3578638756980484,0.005158471996473328,290.2859984333765,2.0,0.0002328319561676078,296.0533574100335,292.0514740534369,292.30538689244827,293.14943714806236,293.5737578837175,0.2841715307227975,0.31192068484478336,0.15660276101117246,0.15194116146214762,82909.27430657795,293.9035631712009,-0.476578752377546,0.1814978517163437,1470.4105899084432,-9.79176523760081,1442.1727786364313,1485.1707115315319,0.10208508703872432,0.608213206861537,0.19164710026774226,0.0588300335830151
Kampala,2045-06-01,11573.29113153154,0.5577918617412699,19.0,0.0720095219202539,0.927990478079746,0.37704186564257997,1.00003,2.00003,0.3476,32.5825,-1.0,30.0,1.0011163466766866,0.12079479405934604,0.0039048751224465303,287.11393739809546,2.0,0.0006557713636996344,296.19450957666504,293.42336715306317,294.7266156439135,294.16804027145713,294.53510349965023,0.04688385963962417,0.26361517893068814,0.5570770868300599,0.11537978532801918,82916.54915641331,295.39141840060216,-0.5641707851328914,0.6362416654243797,1001.1163466766866,-36.55276137988537,1016.2601361950545,955.6791414049299,0.062093916169066905,0.4909281578562821,0.07895272017806942,0.04505060839237391
Kampala,2045-07-01,11573.29113153154,0.7843197460563882,19.0,0.0720095219202539,0.927990478079746,0.1889423576642676,1.00003,2.00003,0.3476,32.5825,-1.0,30.0,2.8645009679474196,0.5594274188171647,0.003734075805927567,287.8423589491771,2.0,0.00039007113022995684,294.38284273971203,291.61267349794275,292.6318155722886,292.6419979913043,292.5012185232678,0.41062313007604295,0.11644489701700045,0.15014297684565178,0.16478004595690926,82961.16015615496,293.54507602165734,-0.07600945281634894,1.1499845621932367,2864.5009679474197,12.488972706230069,2877.7676045081457,2873.1454691936274,0.1926653603570319,0.649500186636403,0.2340851482540226,0.06554732662828823
Kampala,2045-08-01,11573.29113153154,0.8737828455689838,19.0,0.0720095219202539,0.927990478079746,0.26557490721121985,1.00003,2.00003,0.3476,32.5825,-1.0,30.0,2.174187211485489,0.5541562003037467,0.0031442574200484926,285.7211176012197,2.0,0.0006172594538659532,292.38299336396454,289.1159132204834,288.77394611739754,289.11452582491177,289.71218231052507,0.5545594994567341,0.34768449567720106,0.17143929359393348,0.4785689783801049,82918.29145636203,290.27552131053704,0.23107704802983867,-0.05459654725027634,2174.187211485489,-15.012665885349083,2190.226467081417,2167.94105374579,0.1532478499225504,0.3347333282165633,0.2738925070173796,0.06410554050224751
Kampala,2045-09-01,11573.29113153154,0.7517289615652547,19.0,0.0720095219202539,0.927990478079746,0.4111480560393435,1.00003,2.00003,0.3476,32.5825,-1.0,30.0,0.5055205360029222,0.15079755320620555,0.004226292267243436,289.44532925031575,2.0,0.0008504551721374038,293.7790406161901,289.6350516846781,289.648298979775,289.46495785567936,289.90940363030063,0.5104777489158608,0.23314828670251297,0.3245753355892107,0.39393979347663816,82933.5160566535,291.06457324715166,-0.763730678059352,-0.10970616048603518,505.52053600292226,-4.490759318137883,517.2074953867475,458.2036848753372,0.035669000460926296,0.4956423201913641,0.15585900121342988,0.03531837014792123
Kampala,2045-10-01,11573.29113153154,0.8517296961180387,19.0,0.0720095219202539,0.927990478079746,0.535779622515379,1.00003,2.00003,0.3476,32.5825,-1.0,30.0,0.24340325097417134,0.03659613572710216,0.00521142750363243,285.0097783779508,2.0,0.00048406661000078834,293.3371243032875,290.519432957667,290.19093213918865,291.12741080162965,291.55863038963315,0.6255800618970409,0.1286465108658096,0.3636622248539545,0.25302961276328106,82848.93160618044,291.81401850145204,0.5342747792276499,-0.04428553363439496,243.40325097417133,-17.712202538227277,236.87746197063342,199.0631833150458,0.014269746350672586,0.6646802349760524,0.13387394848105047,0.021564019321757034
Kampala,2045-11-01,11573.29113153154,0.31266053403529226,19.0,0.0720095219202539,0.927990478079746,0.2990703725166015,1.00003,2.00003,0.3476,32.5825,-1.0,30.0,0.02270421065205001,0.003375907299583736,0.002891502909203217,284.7227989149997,2.0,0.000368690638731286,291.8985755009238,287.5186231877567,287.89497832363475,287.78223669500295,288.7102834476219,0.28794269535984135,0.12998581291161088,0.19418709903932654,0.19970815676467896,82846.17628699252,289.3187043445897,-1.6162827162562168,0.7541553743737752,22.70421065205001,-39.305763601953245,18.092297151822876,34.402578633553105,-2.1833344977407916e-08,0.8678077765183246,0.07661882298074484,0.0357555693673914
Kampala,2045-12-01,11573.29113153154,0.7044849567132091,19.0,0.0720095219202539,0.927990478079746,0.32709141574787837,1.00003,2.00003,0.3476,32.5825,-1.0,30.0,0.5422420299840341,0.09696732493348623,0.0032588373313651707,286.97955852640735,2.0,0.00040131097264783705,293.4809824328369,289.8452055916526,290.43126415469953,290.6902010054027,290.8187145829137,0.23411336969489283,0.19011277934933793,0.41634013422883975,0.32805813714323473,83058.03397708229,291.8678303289644,0.5287136435570681,-0.040407786581778835,542.2420299840342,-9.76187492359725,562.2070082209797,554.5073263384693,0.03475352782576064,0.6246895132971406,0.0938888711358929,0.0314850327095755
Kampala,2046-01-01,11573.29113153154,0.5193176000753997,19.0,0.0720095219202539,0.927990478079746,0.09934970988210243,1.00003,2.00003,0.3476,32.5825,-1.0,30.0,0.6607952398833272,0.09110169260035421,0.004281955198185499,284.355404015646,2.0,0.0003921202264196895,293.7709710377757,290.99987772726837,291.65872882040486,291.48713416016665,291.99574675349163,0.2719984442922603,0.284015482442678,0.18574652658179197,0.36576825466728163,82833.024470021,292.74247573976567,-0.03628324347959521,-0.42495412638006275,660.7952398833272,-0.7064438324559839,647.7265527061096,660.17005330019,0.041086715853946375,0.4423834915108006,0.09563290854259215,0.04364328622557291
Kampala,2046-02-01,11573.29113153154,0.7533272182215492,19.0,0.0720095219202539,0.927990478079746,0.4590290675052497,1.00003,2.00003,0.3476,32.5825,-1.0,30.0,4.344541454029555,0.9281750836182767,0.004520604718161004,288.350884603087,2.0,0.0006243211879911742,293.9780267040259,291.51673960618535,291.9410220179346,291.82107730331023,291.63040369765554,0.16988250292383936,0.3936368653823533,0.1411433759328875,0.3385241855634498,82966.44533843598,292.8219188514386,0.10714124586906557,-0.07009059680542869,4344.541454029555,-1.6591580442763227,4343.379658920561,4391.1263336355205,0.2974770594405833,0.9040351145193595,0.32784610472191433,0.10266197212176019
Kampala,2046-03-01,11573.29113153154,0.8506692133943191,19.0,0.0720095219202539,0.927990478079746,0.4922473457421574,1.00003,2.00003,0.3476,32.5825,-1.0,30.0,0.46340416516677896,0.091796613877418,0.0016201857175696384,287.39864007846256,2.0,0.00024944664362735384,294.575214563077,291.00094344917017,291.62215219664245,291.2638521637567,291.756859755119,0.04952050343105476,0.4079079588180417,0.2967272874523096,0.19274769568612227,82941.21638465035,292.54266312871096,0.1978825757625618,0.05323815225241362,463.40416516677897,-18.84924713226022,483.05136519466083,428.2617334039593,0.030081815630066483,0.6600350522394218,0.10410533473440242,0.015322286525032565
Kampala,2046-04-01,11573.29113153154,0.9145558284396711,19.0,0.0720095219202539,0.927990478079746,0.21805755508792624,1.00003,2.00003,0.3476,32.5825,-1.0,30.0,2.7769611906948173,0.641247436299563,0.004640170710882645,288.81737392707913,2.0,0.0004417205346695602,296.33062390979325,293.24502933106055,293.06900275337125,293.6622263050552,293.64567869147976,0.49596132359863854,0.2363587944781177,0.15985348476879685,0.16787517221705361,82855.53088666496,294.51821499826633,0.2939641339989324,0.5466566893341595,2776.961190694817,29.481578964480732,2788.828290760155,2768.4173239953943,0.19228956680894865,0.47037219230254135,0.26570038171591037,0.06136342261542507
Kampala,2046-05-01,11573.29113153154,0.7633489484898042,19.0,0.0720095219202539,0.927990478079746,0.3681577246176071,1.00003,2.00003,0.3476,32.5825,-1.0,30.0,1.0105684866573186,0.25534665755413827,0.004432850402519974,291.12671628728594,2.0,0.00037857398748136496,295.35017917165106,292.4164799993986,292.702060526751,292.8012680010786,292.9999689192712,0.18517145063020038,0.45389055157671426,0.26355197657901364,0.26333594434632596,82878.81104688018,293.94005723818924,-0.3684506761158995,-0.027948233306797753,1010.5684866573185,-0.1065734410969041,1023.4597004787104,1054.2305267891043,0.07023133667461565,0.5888346556976395,0.19003329682433168,0.0373515535578794
Kampala,2046-06-01,11573.29113153154,0.7999641046644567,19.0,0.0720095219202539,0.927990478079746,0.13503310650522732,1.00003,2.00003,0.3476,32.5825,-1.0,30.0,1.7215311952870944,0.20296108505032492,0.0038134267469446355,292.48884009916264,2.0,0.00013644137402713164,293.3975016149937,290.9731013098517,290.70167174634855,290.8732828649819,291.122344162006,0.13418293843284534,0.03481695570757121,0.4942917199299491,0.4389922169599189,83044.434341198,292.2251653765941,0.19357415803045327,0.00027999616984769984,1721.5311952870943,-10.749785215370975,1741.3813091244433,1720.5391552462413,0.10761848538666292,0.4811300565524883,0.15763045300819942,0.047960726292190385
Kampala,2046-07-01,11573.29113153154,0.7067009868984782,19.0,0.0720095219202539,0.927990478079746,0.19868186632301454,1.00003,2.00003,0.3476,32.5825,-1.0,30.0,2.7556734705130115,0.8079360178643652,0.003957175620924481,284.079643671074,2.0,0.00027050080458458766,296.4412599955827,292.6382330812651,292.6100210543954,293.17417854084147,292.7970752318295,0.19677327489661992,0.6819301199136395,0.36847172748802687,0.14831017548106146,83060.47350122948,294.0892047351493,0.16491153043425502,-0.03088803113528035,2755.6734705130116,9.063577277324034,2773.1131913933045,2761.0836312329284,0.20057489352271934,0.4108718755115205,0.33419834141259996,0.08214447558245397
Kampala,2046-08-01,11573.29113153154,0.7156599022251614,19.0,0.0720095219202539,0.927990478079746,0.3142859559155177,1.00003,2.00003,0.3476,32.5825,-1.0,30.0,0.46446929862115194,0.07649505907994063,0.00346205603366686,287.2256476488641,2.0,0.000622005558712074,295.71080254577646,293.12034329821455,293.2342851536895,292.9566644065338,293.46752965253586,0.06756085771118127,0.3265827832728985,0.21760553467915936,0.5843845700854552,82783.45584737789,294.2647943887828,-0.6626406859762205,0.6730517119312402,464.46929862115195,4.4667443804768014,413.835612118488,450.97979280586753,0.029169915420063173,0.6582980486586497,0.10624458077383468,0.029920493936218505
Kampala,2046-09-01,11573.29113153154,0.8051335642015134,19.0,0.0720095219202539,0.927990478079746,0.18797158297801903,1.00003,2.00003,0.3476,32.5825,-1.0,30.0,1.7160993985074764,0.2925821743115088,0.0036096055328828577,288.0050488390937,2.0,0.00046295387110757144,295.04675716286914,290.9064642150627,291.10632600540816,291.20568925427233,291.4866662358537,0.5776350415948414,0.040203624945402014,0.4509732057214641,0.3744927678695995,82954.84632735405,292.4904975173877,-0.8631069809789448,-0.08022502163281697,1716.0993985074763,71.34056456851124,1701.9307477086627,1735.775918228218,0.112404945275132,0.25405622604810263,0.2239367769398719,0.0562061575510543
Kampala,2046-10-01,11573.29113153154,0.7533070518627245,19.0,0.0720095219202539,0.927990478079746,0.08947130899953067,1.00003,2.00003,0.3476,32.5825,-1.0,30.0,0.5426275322661206,0.14175706436167954,0.0022309122679641433,288.06820045390157,2.0,0.00015108606493702005,291.0420155987212,289.0745421374878,289.0529866613407,289.2570102677547,289.2524646174996,0.23360843514069365,0.3080229107044208,0.40123952396741785,0.4102014581370166,82860.49781355617,290.2256788293637,0.7665344129256523,-0.032726989211085716,542.6275322661206,19.90449737440586,531.2757659849052,563.9975902705216,0.0373739976105356,0.668058611250061,0.15665537858090875,0.03320352527876742
Kampala,2046-11-01,11573.29113153154,0.6743314564519887,19.0,0.0720095219202539,0.927990478079746,0.11863954986086621,1.00003,2.00003,0.3476,32.5825,-1.0,30.0,0.507025965818191,0.10153019805058014,0.003191898354474292,286.22052674318667,2.0,0.0002972389564689071,291.3041916769791,289.00542537007766,289.6068896815716,289.5281614900487,289.7179308736933,0.20912096014441944,0.523590235520917,0.2898801421887009,0.16714025259162815,82833.95304800417,290.78545692423955,-0.050664511409045106,-0.6670803778746127,507.025965818191,-6.562026193672205,511.5378564729081,505.68391400573444,0.033018790685849425,0.4771282291448443,0.10297339948881486,0.03314553566600243
Kampala,2046-12-01,11573.29113153154,0.75710746284398,19.0,0.0720095219202539,0.927990478079746,0.1727127120638288,1.00003,2.00003,0.3476,32.5825,-1.0,30.0,0.8954559800733815,0.26005087881602656,0.0036392335868036577,286.69627641922875,2.0,0.00014486247568954483,292.2342790230861,289.6891859242242,290.0968337414158,290.23460067684084,290.4382090021153,0.23124870478773596,0.38806817355744005,0.330766553476626,0.4923074119205961,83012.49871063801,291.09646083898787,-0.010398915266105627,0.2071810420893942,895.4559800733814,44.22977923091659,865.2132631293731,909.3396016692307,0.06401440509077033,0.7799258768995077,0.19308212228553295,0.0424200844897772
Kampala,2047-01-01,11573.29113153154,0.7860250242422033,19.0,0.0720095219202539,0.927990478079746,0.31749721362695993,1.00003,2.00003,0.3476,32.5825,-1.0,30.0,2.322033891322501,0.5169089053748197,0.005389443133517794,287.6420228450601,2.0,0.00028431769958535245,292.46732061532106,290.0334536917661,290.0626160391186,290.7332883311499,291.00189960796996,0.3282381111042193,0.5739087701953813,0.16177789168944498,0.1351135552621585,82934.30119602135,291.6060295893873,0.9968510340743774,0.22225877186647588,2322.033891322501,-34.516304252753486,2328.2149583784912,2337.788970720366,0.15939329242942032,0.7112588417604386,0.2257599310413548,0.06348719231189946
Kampala,2047-02-01,11573.29113153154,0.8800144298347852,19.0,0.0720095219202539,0.927990478079746,0.5165487576473329,1.00003,2.00003,0.3476,32.5825,-1.0,30.0,1.3333393372664069,0.1529030929523879,0.004035272192645304,286.7656949920142,2.0,0.00044371507725583824,293.2845702035046,290.34166413034256,290.4120149757469,291.0690653966622,291.1110065202435,0.2352734081226348,0.44735325857918506,0.30428489764226346,0.1767651501707809,82889.91551816216,291.95557887640695,0.2619759369689998,0.40920269992471775,1333.3393372664068,-27.602332779263644,1308.158495831179,1365.6641516007917,0.08275002051858203,0.6289468747449279,0.09493978030667943,0.036739921871745386
Kampala,2047-03-01,11573.29113153154,0.5463088253408307,19.0,0.0720095219202539,0.927990478079746,0.27798903331369434,1.00003,2.00003,0.3476,32.5825,-1.0,30.0,1.5973957706467106,0.3270489993525347,0.0055480743985441075,288.39796566394267,2.0,0.0003945531594933711,293.8552779410533,290.3662824571666,290.56216881790965,290.75686359280553,291.43854060251925,0.3335730745032726,0.2795668516624863,0.3705589858139069,0.6161472985827332,82933.98473889653,292.2244687237802,0.2636449594186635,-0.18695707302760534,1597.3957706467106,-37.888161534639735,1596.6801482965723,1579.9176350297264,0.10751740809066777,0.6758658605217481,0.20676893744546102,0.07356717647990102
Kampala,2047-04-01,11573.29113153154,0.32944044497885766,19.0,0.0720095219202539,0.927990478079746,0.1394595720655908,1.00003,2.00003,0.3476,32.5825,-1.0,30.0,7.176142215551458,2.12779615085957,0.003589743964078913,289.75835660945796,2.0,0.000450356902447861,295.87409036920116,293.866101149246,293.10989877103975,293.35234880086756,293.88653151548976,0.12398339940836327,0.3418258051179807,0.14816725904353517,0.2810957214789361,82776.89580171846,294.51593347966474,-0.20752315430477472,-0.38813824198398816,7176.142215551458,41.31713661704861,7164.818087558762,7191.360780779478,0.5261655894332514,0.5543829696998349,0.6198230191595939,0.18236518827388734
Kampala,2047-05-01,11573.29113153154,0.6490368517251865,19.0,0.0720095219202539,0.927990478079746,0.19715204438705516,1.00003,2.00003,0.3476,32.5825,-1.0,30.0,11.469991410843285,2.885707013731668,0.005278066104765428,290.287301366828,2.0,0.0007037449328911454,295.32104890396346,292.1454717358575,292.86177563674045,292.33799803837985,293.4030663527329,0.12030940280853222,0.09289920818383836,0.1152029675283075,0.10406166189156638,82978.80704016029,294.0888924630352,0.5799812334207052,0.206740807939781,11469.991410843286,-6.899553577668743,11462.92151328973,11439.626789693617,0.8125866579287846,0.6344426167292528,0.8178190608700713,0.2384448535844831
Kampala,2047-06-01,11573.29113153154,0.540002235624157,19.0,0.0720095219202539,0.927990478079746,0.18452661377260854,1.00003,2.00003,0.3476,32.5825,-1.0,30.0,5.960547011222134,1.558301294482099,0.0035719880679457978,287.60750745068043,2.0,0.0002670718845984935,294.46160029652003,291.68806915655796,292.0432382825182,292.14975883799445,292.6814741169697,0.4885905464407547,0.6817790002015405,0.36288283132037175,0.33431552027251793,82955.51408106256,293.3360061320318,-0.2002436224335687,-0.6243442427142946,5960.547011222135,31.946608434753244,5966.416666034426,5931.663765684123,0.4249230044539991,0.737474117174655,0.546890950152086,0.16951580177936754
Kampala,2047-07-01,11573.29113153154,0.9613888010832622,19.0,0.0720095219202539,0.927990478079746,0.13577419070929117,1.00003,2.00003,0.3476,32.5825,-1.0,30.0,2.0217017896426563,0.3870749429669763,0.0030509597087844337,288.6838716030207,2.0,4.1526698548952734e-05,292.87470454604585,290.334697113598,290.9728227712248,291.1556865069006,291.1265220781218,0.3112703131543445,0.39076577413443314,0.1731158236047595,0.09949405575423456,82912.55088744822,291.8061091778499,-1.1893809636293509,0.7353812371603586,2021.7017896426564,-31.219365766874912,1995.311547310902,2036.2256272438333,0.13512852171116563,0.572519078564858,0.1738315567257912,0.04097010516730224
Kampala,2047-08-01,11573.29113153154,0.7043250664246006,19.0,0.0720095219202539,0.927990478079746,0.39091560626631044,1.00003,2.00003,0.3476,32.5825,-1.0,30.0,2.41334895112613,0.36431546800443276,0.004970215742271218,287.9918104094657,2.0,0.0005995290301746523,293.77351872682436,291.0076745437398,291.1800645376237,292.087814359991,291.9847656571421,0.03511644294667092,0.19067069713323653,0.09704833359164552,0.28153170365302294,82524.25646787407,293.1041209294163,-0.7287287322542803,-0.9338589990798407,2413.34895112613,7.325220181466376,2422.1317741189832,2363.2089830970867,0.1559415904077127,0.7813206627300928,0.18342275609983696,0.055209454159374956
Kampala,2047-09-01,11573.29113153154,0.7049990656367615,19.0,0.0720095219202539,0.927990478079746,0.3342127735630604,1.00003,2.00003,0.3476,32.5825,-1.0,30.0,1.3158325389067955,0.14285660211069667,0.003265024898742734,285.2304025413335,2.0,0.0003930021869037336,292.36563728296073,289.3533406336486,290.373641042784,289.9347714790752,290.50226568250827,0.44530249641588704,0.2990240238956632,0.09731858362921995,0.38419957484672423,83074.4103184466,291.24347570232516,-0.5016509154877483,-0.17956581405443736,1315.8325389067954,16.158004078395635,1337.9499994203532,1288.045365529139,0.0812309871500147,0.6710563744041368,0.0914534554699276,0.04864519159689038
Kampala,2047-10-01,11573.29113153154,0.5635232948828665,19.0,0.0720095219202539,0.927990478079746,0.049305098515428865,1.00003,2.00003,0.3476,32.5825,-1.0,30.0,0.4150112907653878,0.07169619284385251,0.004095027885272073,288.3604432632806,2.0,0.00037443444023954603,291.99070182584217,289.03758354972047,289.7844925958502,289.9378754760757,290.3765150573414,0.34195532379585475,0.03196187184808253,0.3056811827464516,0.08464783246678087,82941.37542029475,291.0588894091941,0.03410339130141817,0.40899604962866837,415.0112907653878,0.46976278269851907,434.8551831704208,398.46103662398747,0.026056769875508888,0.7795623530306531,0.12778447142113636,0.027216858039942574
Kampala,2047-11-01,11573.29113153154,0.5581880144499092,19.0,0.0720095219202539,0.927990478079746,0.5352804740464456,1.00003,2.00003,0.3476,32.5825,-1.0,30.0,0.04636748054704819,0.010227226468606082,0.003239715561378406,285.49928192289724,2.0,0.0003949337368013033,290.5492839043607,288.21578220465824,288.1578133580883,288.84894049012166,289.30644088197215,0.2723783394519043,0.13158722460941152,0.6286607942050515,0.4588573656075864,82903.41438933402,289.88443090723865,-0.22176079991855752,0.03612456711810136,46.36748054704819,46.880634712084714,47.935191088185505,64.31264505709203,0.0017109015388689624,0.6286465009377962,0.12701937059161833,0.038535451447588326
Kampala,2047-12-01,11573.29113153154,0.5392420103867552,19.0,0.0720095219202539,0.927990478079746,0.3290304848953652,1.00003,2.00003,0.3476,32.5825,-1.0,30.0,0.21436425840871665,0.05710930070501274,0.0040714208325810936,285.6046762548274,2.0,0.0005970469054632614,290.51776376691856,287.83653670425264,287.94165813992333,288.46563859840523,288.42718912943496,0.45802440190241117,0.20377382628164617,0.22137347362825946,0.5447813711987778,83003.2974234914,289.1959773271811,-1.1416193173075198,-0.10671634854396225,214.36425840871664,2.0090581490757535,214.97210254347178,237.1994795802658,0.01385085037667512,0.6749346033987227,0.11730829424787141,0.04149364729746103
Kampala,2048-01-01,11573.29113153154,0.6406186809943537,19.0,0.0720095219202539,0.927990478079746,0.40728410149822564,1.00003,2.00003,0.3476,32.5825,-1.0,30.0,0.9094310306852452,0.16241427636879463,0.0036501146508769967,285.96013335965,2.0,0.00019090773419330197,291.0609330559521,288.83063400349164,289.00541369450144,289.3885575175313,288.99173295674746,0.5003187212850928,0.7926547823005319,0.2532169877307543,0.133916763045289,83103.11587130732,290.404785487165,-0.1393281669396547,-0.1937443316348452,909.4310306852452,-12.421903183538205,910.5393347271136,982.6272646948103,0.0592688195055741,0.6623858142322406,0.15463637922666,0.055857889560743675
Kampala,2048-02-01,11573.29113153154,0.6834651868908248,19.0,0.0720095219202539,0.927990478079746,0.2843864529926231,1.00003,2.00003,0.3476,32.5825,-1.0,30.0,2.08660230758523,0.3227262585343691,0.003508233387343797,290.7659401713236,2.0,0.0007486712402799527,295.78068018842936,292.325768223735,292.1166737865894,292.29591114528654,293.18590554986895,0.33282769782619875,0.33625710609650883,0.551863502372246,0.24352592119138067,82860.0743354054,293.58824464153236,-0.1879641227356782,0.13059227063981432,2086.60230758523,1.1615318288547394,2087.77059348994,2132.9250874909512,0.13513388478903146,0.802813354659669,0.17726434760150472,0.0717063203946772
Kampala,2048-03-01,11573.29113153154,0.8915643416594222,19.0,0.0720095219202539,0.927990478079746,0.3463528528134088,1.00003,2.00003,0.3476,32.5825,-1.0,30.0,3.100763567946867,0.6522656030436814,0.0012924343063278922,287.0510436130827,2.0,0.00018341832727202038,293.968206660107,290.780753326258,291.5109942939602,292.27508533490374,291.405186294105,0.14080683281265205,0.1329561670217812,0.19410813811972802,0.20148848780146364,82818.78305282736,292.70399401178526,-0.6875746960201515,0.10174100172614382,3100.763567946867,0.39771645999077704,3103.4710087880385,3119.0767625411518,0.21146919935015782,0.6015910372892905,0.2328888980013237,0.059419019553006776
Kampala,2048-04-01,11573.29113153154,0.28687677769075315,19.0,0.0720095219202539,0.927990478079746,0.018612442258509658,1.00003,2.00003,0.3476,32.5825,-1.0,30.0,2.744692287890061,0.3783490264459555,0.0033884841979616455,290.4133657940592,2.0,0.0006179383802279206,297.61555753494054,293.933698303102,293.7299399609618,294.33963135059724,294.4119939747363,0.14598267573772183,0.3587720162410759,0.05787329392880902,0.25146716539175,82835.34715205235,295.24817613837877,0.009499541129935502,-0.2606274034280648,2744.692287890061,-11.572909487158178,2760.8231462063072,2778.0072838594824,0.175619778321072,0.7221910582622039,0.1978247447839074,0.09275810604851534
Kampala,2048-05-01,11573.29113153154,0.5937142909854656,19.0,0.0720095219202539,0.927990478079746,0.33087287182460823,1.00003,2.00003,0.3476,32.5825,-1.0,30.0,6.284231266737621,0.9031049417107472,0.003339852132663524,287.4437369327565,2.0,0.00028382942209442943,296.93293011427346,292.58720489198726,293.00405919415493,293.45102941608747,293.7872968036235,0.3811805487505233,0.26948199322332367,0.1683165768147924,0.39422182017279966,83059.4920208086,294.4852681597974,0.1419639438023608,-0.2885022198636015,6284.231266737621,-0.18139246164152914,6279.555652850613,6304.08336510053,0.40613405145442855,0.7221877194819568,0.3020260363200336,0.15618329414369872
Kampala,2048-06-01,11573.29113153154,0.45329180477583875,19.0,0.0720095219202539,0.927990478079746,0.39804512860115965,1.00003,2.00003,0.3476,32.5825,-1.0,30.0,3.3500110739253497,0.847680238121662,0.004709114389633284,289.47538563291715,2.0,0.0005431622146697383,295.21619490692336,291.76882797460837,291.47946081017705,291.98761618892706,292.8350529919791,0.3123410420915128,0.16388034115740843,0.24672146449373256,0.416456165090483,82736.47097299284,293.12971105734124,-0.07493901676108415,0.5561462249458639,3350.0110739253496,-27.719122385124876,3355.5214791625617,3398.0964013406888,0.23649498175622272,0.5263347540243849,0.28648465186307526,0.10318763472936411
Kampala,2048-07-01,11573.29113153154,0.6370982653306156,19.0,0.0720095219202539,0.927990478079746,0.192267067876598,1.00003,2.00003,0.3476,32.5825,-1.0,30.0,1.752315590453265,0.4391122730452511,0.004700972322703965,288.03318756623946,2.0,2.8171446255803284e-05,291.3735168816288,289.01369312576577,289.76100587545,289.4658971621788,289.9827646941104,0.2940004991073244,0.09156908070169385,0.5104783476273279,0.12206415275759688,82790.89532828059,290.85094292119436,-0.13142024973119662,0.5890436842810873,1752.315590453265,11.325991414301475,1768.4123608552557,1760.1415756949243,0.1227077291003252,0.45672327276653396,0.1763329049680213,0.056385807612707034
Kampala,2048-08-01,11573.29113153154,0.7940667995094145,19.0,0.0720095219202539,0.927990478079746,0.019085377221458852,1.00003,2.00003,0.3476,32.5825,-1.0,30.0,2.9272723831703247,0.7824282327444153,0.0033415264047387443,287.76088526796275,2.0,0.0003070131391654074,294.4925113952886,290.6279951512394,291.36536703284713,291.8652857210368,291.84856907330135,0.3305633175750634,0.5959795583187314,0.017975426044659293,0.21453027236190284,82815.16221961178,292.5209147435497,0.16543176553345595,0.8393919036934274,2927.2723831703247,-1.8119429898508768,2924.9248257171866,2910.720247615356,0.20889554993113235,0.6736164820705092,0.27829695899522017,0.07429147438217679
Kampala,2048-09-01,11573.29113153154,0.8557203665499722,19.0,0.0720095219202539,0.927990478079746,0.07076829164893489,1.00003,2.00003,0.3476,32.5825,-1.0,30.0,4.0523026850883745,1.2073616138148455,0.0032368936465545246,288.00739544110183,2.0,0.0005358745406989426,292.3898520137297,288.9721894458574,289.36471610653416,289.9796104603182,289.37119083446436,0.18603362134370519,0.1692224459676489,0.5899044966424444,0.1689239766806071,82860.71989831189,290.19603657333766,0.05140712157753445,0.3245466921937504,4052.3026850883743,-50.52505802190609,4054.8518557541465,4047.4755369400764,0.2968095928288366,0.5281834477876843,0.3906825288626089,0.0922712427964424
Kampala,2048-10-01,11573.29113153154,0.6305274689219138,19.0,0.0720095219202539,0.927990478079746,0.08209799361983372,1.00003,2.00003,0.3476,32.5825,-1.0,30.0,0.170507094968752,0.036507371461604696,0.00378443205658105,286.1701996171641,2.0,0.00014423508156340579,291.47032767191405,288.0195882603744,288.25351798298504,288.1808748616816,288.60479190733423,0.47391364916713263,0.32377231280443014,0.2836522654138102,0.2690996444466826,82927.33112495851,289.32275339981635,1.0282929103537979,-0.23542491506114194,170.507094968752,-32.74968779329419,164.6963687935313,193.10349836123672,0.010211250083941486,0.8701298244483913,0.0931838551950046,0.03305960897354535
Kampala,2048-11-01,11573.29113153154,0.6162079592775357,19.0,0.0720095219202539,0.927990478079746,0.2774827258851058,1.00003,2.00003,0.3476,32.5825,-1.0,30.0,0.4531525563855479,0.08411353192116204,0.004389256921426728,286.15476369788007,2.0,0.0005378972275744145,293.75951612752834,291.0138106927455,290.9834973596567,291.58960171512757,291.6562292770815,0.07567012808701722,0.12996466816351654,0.1819848038923347,0.16050173947235435,82872.61158868256,292.5654029545111,0.4935377014546425,-0.7991565923949154,453.15255638554794,33.00607418131668,454.54024544965426,442.2350816604773,0.02890757614851278,0.6187654584609282,0.07969159142040969,0.019281991867016582
Kampala,2048-12-01,11573.29113153154,0.5659099987474069,19.0,0.0720095219202539,0.927990478079746,0.10294483964148218,1.00003,2.00003,0.3476,32.5825,-1.0,30.0,0.5725057923781383,0.07989520170899622,0.0034382653359393556,284.89328197680146,2.0,0.0003662986132816152,293.1746542039764,290.06024678645775,290.6585976235599,290.85703642104676,290.7330381050899,0.16497442046203734,0.12390704813140406,0.05185588265785881,0.6441717749010755,82993.67532635304,291.7234645518634,0.08315825468756173,0.48544294454407905,572.5057923781383,-18.11411893852961,595.2127062051039,593.3807937768078,0.03549153148594529,0.6407982699103882,0.08538268372261781,0.03588596077178361
Kampala,2049-01-01,11573.29113153154,0.8515255068992765,19.0,0.0720095219202539,0.927990478079746,0.2837599958575016,1.00003,2.00003,0.3476,32.5825,-1.0,30.0,0.5195615331953645,0.1478355174265371,0.004119076568224609,282.9619817869795,2.0,0.0006588351232759031,292.33244968468875,288.52539759516895,288.87131163826587,289.6353719419783,289.7687352909677,0.10536603088220843,0.30865455344036463,0.40590839289597425,0.20777656148268683,82766.8395681388,290.5996535969912,-0.3874086318002575,0.6065073600400029,519.5615331953645,5.851532772357834,515.1165789556343,522.2799412471078,0.03630343833987471,0.6299089906490024,0.14121933686290672,0.018467012970079803
Kampala,2049-02-01,11573.29113153154,0.6589917762437301,19.0,0.0720095219202539,0.927990478079746,0.20892590100414116,1.00003,2.00003,0.3476,32.5825,-1.0,30.0,0.5971776674275022,0.1368652607009721,0.0048292150433882665,285.13112053385123,2.0,0.0003995375834841643,292.61185845348115,289.4761547086498,289.61080868655523,290.04621250469256,289.9653311689782,0.23342060421274677,0.358188964559464,0.26496122221242646,0.20523347860413124,82859.79115732522,291.034235427452,-0.6381088415505756,-0.7010092478239383,597.1776674275022,-10.84516467719546,569.7260700967383,604.8696542048174,0.04004306538134926,0.6794667501727741,0.11493551181621518,0.03266264370115879
Kampala,2049-03-01,11573.29113153154,0.4384655405284892,19.0,0.0720095219202539,0.927990478079746,0.5675957650430778,1.00003,2.00003,0.3476,32.5825,-1.0,30.0,1.8082307530911046,0.5068780464806255,0.0047057838852040314,288.4891394021088,2.0,0.0006228646142400916,295.4747907839431,292.9842942087853,293.27801946033804,293.99540873280824,293.90950353781255,0.1582835197057959,0.11109372623311867,0.4348859607219616,0.14452534257589417,82918.16778721556,294.6173515332254,-0.09619463216920524,0.2359274441007485,1808.2307530911046,-17.994674358730546,1817.8301484510275,1777.98542870956,0.12972217356396762,0.5888110140309977,0.22224117985564162,0.06533961781953358
Kampala,2049-04-01,11573.29113153154,0.49271510848941946,19.0,0.0720095219202539,0.927990478079746,0.4128020119281612,1.00003,2.00003,0.3476,32.5825,-1.0,30.0,3.2120586727368488,0.34520099578389113,0.0018194531775085083,290.99189444450917,2.0,0.00010535306040761994,293.0707971284659,290.54047278273936,290.9553323395486,291.06394875320933,291.18733084769815,0.16182241545965032,0.28372597271322236,0.1714536311561091,0.24436528411391417,82900.08755862406,292.31839592211753,0.3143771572639232,0.8160761219226472,3212.0586727368486,-13.396418164234936,3201.43937877731,3206.885149876,0.20033599920502157,0.6461545246870757,0.15645560133591743,0.09090577557509923
Kampala,2049-05-01,11573.29113153154,0.7182755323590672,19.0,0.0720095219202539,0.927990478079746,0.2894451721159875,1.00003,2.00003,0.3476,32.5825,-1.0,30.0,6.042774287082476,1.3165251880423403,0.003570850506333396,288.5424921467102,2.0,0.0003768573261634414,296.5247083867162,293.2301281346497,293.2974815654516,293.46845274652384,293.7948570389469,0.28623122192191064,0.3477844405127324,0.5478379849543062,0.11895211826532315,82743.76768384,294.830334234921,-0.0480456095843667,1.0114710381532928,6042.774287082476,-2.430538968452083,6053.014871798679,6046.127826022372,0.4158740595876945,0.8776411198011201,0.46397783597499836,0.1458975618031897
Kampala,2049-06-01,11573.29113153154,0.6192622957346274,19.0,0.0720095219202539,0.927990478079746,0.15108162095573188,1.00003,2.00003,0.3476,32.5825,-1.0,30.0,2.864516748113548,0.7133106006076513,0.0038668911364826367,289.00795948716524,2.0,0.0003457997196887908,295.5470822752756,292.7378743544997,292.6572352830184,292.69224063337435,293.4629220400477,0.14299025442689947,0.24575863762539427,0.4123718589604246,0.22973119936701492,82748.10154164446,294.2753300800277,-0.3589381797895646,-0.23678965990900322,2864.516748113548,19.217053422167997,2876.353563465901,2933.24996335211,0.20138639766446598,0.6870471143538674,0.2436589677954259,0.08042286593589948
Kampala,2049-07-01,11573.29113153154,0.9752314016844226,19.0,0.0720095219202539,0.927990478079746,0.2795658147794608,1.00003,2.00003,0.3476,32.5825,-1.0,30.0,3.291848637199287,0.8828920003596629,0.0033032952327012198,290.3741021447163,2.0,0.000285710330426018,295.23696274262437,291.6225266503198,292.03302096087623,292.13946683146287,292.3139365593119,0.3302119402585827,0.24660993823106075,0.35729073428805547,0.20661374847493652,82894.42538218762,293.26844937691993,-0.06740676284719928,-0.032971804166478234,3291.848637199287,-50.706826014469776,3286.850247388851,3258.396092987028,0.23527303862212706,0.6749571991103769,0.31789728645945764,0.07018600080294438
Kampala,2049-08-01,11573.29113153154,0.6369411916941328,19.0,0.0720095219202539,0.927990478079746,0.06688120256728594,1.00003,2.00003,0.3476,32.5825,-1.0,30.0,0.9167742089585489,0.24302115450979409,0.0028343167263495707,285.5785338483422,2.0,0.00022676460334468033,294.6065663359381,291.9855865847493,291.9980739956745,291.4502827013297,292.65806966600763,0.28574665988755005,0.40843224940048317,0.150992926166858,0.3279578735892859,82799.58875752415,293.25938236333093,-0.2548948644798681,-0.5539626130974311,916.7742089585489,40.18548367703376,939.3527892996451,877.4335922009524,0.064303284791342,0.6834272545626505,0.12159411353087644,0.04334037927219951
Kampala,2049-09-01,11573.29113153154,0.9809275217054146,19.0,0.0720095219202539,0.927990478079746,0.217980532337317,1.00003,2.00003,0.3476,32.5825,-1.0,30.0,0.14008261509416559,0.0273506490916438,0.003967819434870985,286.88993295981635,2.0,0.00035218151432542456,293.6797120994206,290.3481874709006,289.8765645088018,291.21701954751126,290.2801586996466,0.30145614821771083,0.19344686560200494,0.247565118800984,0.49461697420695505,82856.02884395637,291.6755348525736,0.4722385660992512,0.20605460256861885,140.0826150941656,7.814805753838276,119.13165499574369,106.49586386001897,0.007955952170682888,0.5682834589317163,0.11534660795315822,0.008174652483917235
Kampala,2049-10-01,11573.29113153154,0.4431750948235368,19.0,0.0720095219202539,0.927990478079746,0.4387986120846159,1.00003,2.00003,0.3476,32.5825,-1.0,30.0,0.3042859036463506,0.039178950625070846,0.004023143012565944,285.2652878744391,2.0,0.00021629603028155145,293.2869672126703,290.47912156834377,290.61390438162334,291.0615226409682,291.04078657044954,0.6378973694420116,0.09747648193606098,0.18835745920112393,0.06567946742755973,82931.06390995647,291.9385135725161,-0.4996469038131657,-0.48063524957523746,304.2859036463506,30.810227431167025,312.512621376617,289.74070592128464,0.01793666391454085,0.6940459861214614,0.09619650657641445,0.0380343411619189
Kampala,2049-11-01,11573.29113153154,0.35283444796248303,19.0,0.0720095219202539,0.927990478079746,0.20460289830666908,1.00003,2.00003,0.3476,32.5825,-1.0,30.0,0.21002041796032414,0.028418038845530173,0.0025955517491667367,286.86498552139176,2.0,0.0007430226590270275,292.3054779017812,289.55215551434117,289.89978911590504,290.227501064809,290.1148680854366,0.1515722626541387,0.19543002739531448,0.04928536776807596,0.048006887219953484,82958.91552112189,291.16894720056723,-0.6609135558738962,-0.07498170055506816,210.02041796032415,18.38103610724057,213.11172272789915,228.02237775089498,0.012060929406529091,0.6962807759619255,0.08827739913572077,0.027768866298914466
Kampala,2049-12-01,11573.29113153154,0.7031396858239105,19.0,0.0720095219202539,0.927990478079746,0.17909377556828074,1.00003,2.00003,0.3476,32.5825,-1.0,30.0,0.4881224416103059,0.1018235626036592,0.004184946769326079,287.12715756956817,2.0,0.0005331847052459373,290.4463681417259,288.43700918534626,288.54310317386904,288.6382819374923,288.93693345814836,0.3397240542021268,0.2929394082418495,0.15763405304611172,0.29748297603461327,82983.4340221157,289.83112325990214,0.6220512580783615,-1.1086573923303444,488.1224416103059,23.4336494523925,465.1770550552811,478.51400471147525,0.03190697047917784,0.5035038373714986,0.15010732807740118,0.028410536101837452
Kampala,2050-01-01,11573.29113153154,0.8421793039739275,19.0,0.0720095219202539,0.927990478079746,0.28088307460067646,1.00003,2.00003,0.3476,32.5825,-1.0,30.0,0.32649619698408033,0.06263747205706112,0.004105439226181371,287.37047876588935,2.0,9.344725891684661e-05,293.8506246408772,291.57316966471626,291.96377235661515,292.04359654806456,291.82124524653085,0.1735175219250046,0.19944552704911747,0.4071861976724794,0.2012171062388357,82867.65630468572,293.1489504710026,0.5147199563719761,-0.0626388185562903,326.4961969840803,-39.14927621518314,316.42633986922567,312.10695482227146,0.020522159732489925,0.8086711531825753,0.05703587607128991,0.01393170030393505
Kampala,2050-02-01,11573.29113153154,0.7928248323990419,19.0,0.0720095219202539,0.927990478079746,0.2614264534575827,1.00003,2.00003,0.3476,32.5825,-1.0,30.0,1.018648183150179,0.2702853185690301,0.004277497972433866,289.1728757399227,2.0,0.00036338559913676,293.02748750085954,290.0538167809388,290.1218773402451,290.52361042386934,290.3174480761007,0.5366606512882663,0.19141217485121356,0.05546888646756753,0.22360399035779838,82870.60047913964,291.5216193159986,0.40646155044497245,-0.14098224421460312,1018.648183150179,-8.56794442195361,1034.8245760672733,988.7154496703984,0.07154566231360707,0.5675501277974243,0.17212890616537854,0.03167905944605509
Kampala,2050-03-01,11573.29113153154,0.7386273049075682,19.0,0.0720095219202539,0.927990478079746,0.18644967094912626,1.00003,2.00003,0.3476,32.5825,-1.0,30.0,0.7232214935756521,0.1256980217600342,0.005926345405721134,285.8869190873423,2.0,0.00034499666720493727,295.3085352798605,291.8943174478088,291.73657563221514,292.6936507160577,292.2305627546242,0.4033428907879661,0.2710569768915734,0.4428854225811574,0.7290190637993533,83007.5103453809,293.0904345824079,-0.12685486753319924,-0.0796008557933198,723.2214935756522,-9.326466691597888,706.9443704282172,718.6289815853626,0.0464962080901723,0.552855495168508,0.17167034115462518,0.05031485733650367
Kampala,2050-04-01,11573.29113153154,0.6303749378121403,19.0,0.0720095219202539,0.927990478079746,0.3586377698117489,1.00003,2.00003,0.3476,32.5825,-1.0,30.0,3.8352135433408345,0.7929329471229696,0.00446446746972356,290.95725601308834,2.0,8.634285563809366e-05,297.97137894048376,294.4479198234766,294.78107602127886,295.2302978190736,295.48266693868726,0.32343351392196074,0.1840557924166858,0.46367778318171216,0.28368227474820756,82906.6094246299,296.24571752811204,1.1992246427940347,0.2655425654879749,3835.2135433408343,-39.1700375267371,3837.4852943949913,3838.0223791844937,0.2609226553858493,0.38972784376029196,0.3189340363682343,0.10518658363867255
Kampala,2050-05-01,11573.29113153154,0.7694544419000461,19.0,0.0720095219202539,0.927990478079746,0.24488119210998413,1.00003,2.00003,0.3476,32.5825,-1.0,30.0,1.8377661320899235,0.2506497624406399,0.0036628394485719133,289.3024427310981,2.0,0.0002437578711480624,296.51623371998005,293.6908294383473,294.1796482362227,294.01095674543365,295.1254137414518,0.20376565748625158,0.09963545820099387,0.45315808196019763,0.244429674828207,82910.54339061369,295.2023009906507,-0.1562761545109771,0.6398242173359974,1837.7661320899235,8.7456978170022,1851.277759066782,1820.3922669797173,0.11692415678307719,0.5921302919349766,0.16067466656107823,0.049611400451767124
Kampala,2050-06-01,11573.29113153154,0.5196722981217305,19.0,0.0720095219202539,0.927990478079746,0.3226626659206163,1.00003,2.00003,0.3476,32.5825,-1.0,30.0,1.9344536281218472,0.5419708357828786,0.0030937818738073055,291.19188190917066,2.0,0.0001370950431069838,296.7958309775942,293.20981259341374,294.21886770704725,294.04870220348204,294.16321174053377,0.23713354285105775,0.1940615457967129,0.06450710639740224,0.14822583187083999,82730.15494315997,295.1731925114854,-0.6326060179990983,0.9428942582427635,1934.4536281218473,-19.20638300979425,1926.6841186335996,1880.8813896634595,0.1389628178005567,0.3991018974523903,0.1799502441141657,0.05774234638981863
Kampala,2050-07-01,11573.29113153154,0.6694413006924904,19.0,0.0720095219202539,0.927990478079746,0.19518816772247197,1.00003,2.00003,0.3476,32.5825,-1.0,30.0,0.9490011104676594,0.23962765391122334,0.0025175234846363578,289.6789611482982,2.0,6.970868545343462e-05,294.8358782370066,292.2323620446111,292.6244787963482,292.20399837844417,293.7293378168437,0.17466872093558788,0.23810158135796444,0.31676060365305453,0.08533387282687306,82958.8831951542,293.700361148001,0.7303401660645685,-0.30538132786586863,949.0011104676595,5.059530677232725,953.3693972940928,972.1773650391991,0.06595657412907234,0.6933879053368028,0.16369203236050217,0.03290269220870627
Kampala,2050-08-01,11573.29113153154,0.9627456462804421,19.0,0.0720095219202539,0.927990478079746,0.34392920834645974,1.00003,2.00003,0.3476,32.5825,-1.0,30.0,2.1995959762483093,0.5050791127470388,0.005718453415569429,287.2439319981152,2.0,0.0001972208726433368,293.43199553980196,289.8343268237278,288.84949550246347,289.93470954969445,289.93531586482544,0.5010979386844503,0.37693928901547263,0.10611185191168829,0.26482097592105514,82983.65348805804,291.3688764455838,-0.7840303797261244,-0.38010228937769147,2199.5959762483094,0.7609890598694871,2183.84673257935,2204.338163161047,0.15175947299157327,0.4820039085088322,0.2369311515781359,0.05148151597602416
Kampala,2050-09-01,11573.29113153154,0.6539635766869772,19.0,0.0720095219202539,0.927990478079746,0.33222314421363647,1.00003,2.00003,0.3476,32.5825,-1.0,30.0,0.5184934654286559,0.06291554965829671,0.006197483721054582,288.30294995177746,2.0,0.0004850399789116066,291.4979867079847,289.55826154646724,289.3773575086186,289.8190254396701,290.1053056918676,0.27798842947951397,0.3556309879235232,0.4174029017923686,0.26175299523724505,82906.7259959525,290.98190176953096,0.252025168867631,0.38373795890709234,518.4934654286559,29.36994233454077,507.00490526446515,525.3142630322807,0.031308641051490574,0.7092379705435834,0.12187056748168705,0.03775052215244578
Kampala,2050-10-01,11573.29113153154,0.7359547017576059,19.0,0.0720095219202539,0.927990478079746,0.4248806999892067,1.00003,2.00003,0.3476,32.5825,-1.0,30.0,0.12161733331874953,0.02442307404905649,0.003635679837151038,286.6576233730316,2.0,0.00037466143277704015,293.1905705349929,290.46206721519366,290.2006671753145,290.99887780764453,291.2491219317867,0.05984170157368831,0.5507576268862954,0.2381966851116,0.22635663567052894,82976.02016326255,291.9812920781643,1.1671234486564694,0.20835717462945805,121.61733331874953,12.74689957266899,140.1756579620153,94.57940655135307,0.006761467528715003,0.6475009050871815,0.09143126527958123,0.018631319201156345
Kampala,2050-11-01,11573.29113153154,0.7148025784410943,19.0,0.0720095219202539,0.927990478079746,0.11171299308449752,1.00003,2.00003,0.3476,32.5825,-1.0,30.0,0.2209446846690612,0.029462777882910293,0.0023960382485733907,285.0554421593701,2.0,0.0005601453197903483,291.8752824347792,288.53223169804323,288.6572705567921,288.5549546141969,289.1358117298854,0.3298292104493669,0.10497254006859284,0.22872356826219872,0.36377773594987756,82956.75933646089,290.06291142153844,0.8799064615868387,0.058100859547904705,220.9446846690612,-3.3202652200619043,214.0446537073841,244.51107426600203,0.012751082035409539,0.5757069226871102,0.10318657094890338,0.020725992878561077
Kampala,2050-12-01,11573.29113153154,0.8265581575784529,19.0,0.0720095219202539,0.927990478079746,0.5608927351529738,1.00003,2.00003,0.3476,32.5825,-1.0,30.0,0.7798955782961139,0.08897672454830066,0.0036728629533617275,289.5811087154359,2.0,0.00039194574365663545,291.4607659580583,288.40470259760275,289.57017157094583,289.6910267895918,289.6695980202962,0.22780872988084266,0.6852299190007336,0.1779727879074285,0.37017307264000804,82749.02010915165,290.4893916890683,-0.3856986077216972,0.19208794066883203,779.8955782961139,7.283341082969969,819.1546783806932,735.1527761664331,0.04775566417357509,0.66359733563685,0.1687391345306756,0.0363088661641939
Kabale,2025-07-01,17455.652201526806,0.2840450201323267,19.0,0.0,1.0,0.10345526347801395,1.00003,2.00003,-1.2483,29.9856,-1.0,30.0,2.5594923792259987,0.29934830999106654,0.005751674453777894,291.2223709027495,2.0,0.000703855240728787,296.7274120223957,293.038112786464,293.0822838411791,293.4149858384545,293.3781906005664,0.25921720801143355,0.3388278177332217,0.2999717769214168,0.14442256496458541,82905.44603692964,294.53381666580253,0.10777500032264582,-0.5376469516652053,2559.492379225999,-41.89889927164619,2561.587311141296,2561.1515047851553,0.16050128163175378,0.3883217947552817,0.17026861991463013,0.2511671078089991
Kabale,2025-08-01,17455.652201526806,0.6460328247256006,19.0,0.0,1.0,0.22616841885525144,1.00003,2.00003,-1.2483,29.9856,-1.0,30.0,2.865057146085059,0.7145946512021543,0.003577071654997271,286.4311680190227,2.0,0.0002758402912047184,294.0216608724669,291.39371872723086,291.90791375066163,292.13706152649695,292.1284766250877,0.2611589569083338,0.607997928528496,0.7272204082086691,0.2726772241643029,82784.67223465886,292.95904898459406,0.5038815378257816,-0.31245498121154003,2865.057146085059,2.621625826965329,2872.535098967394,2895.04745899227,0.20150631099340563,0.4689946589095277,0.3587548729787274,0.2749586495007955
Kabale,2025-09-01,17455.652201526806,0.9102770843698885,19.0,0.0,1.0,0.1353255431697327,1.00003,2.00003,-1.2483,29.9856,-1.0,30.0,1.3336515893257153,0.32886051017703805,0.003367548606049134,284.54100014139715,2.0,0.0001171009397646009,291.29344988325187,288.9729168153386,288.9341622439987,289.27602400659976,289.035764979379,0.39686144297344245,0.2772540733004075,0.26200938263716606,0.35686709766368024,82901.9307529226,290.0826434441136,0.04156290893962469,-0.0037011980003256793,1333.6515893257153,-3.5481480901720137,1320.4965718847368,1327.3523704845095,0.09278524373359046,0.22862085415222458,0.1584014786157524,0.11957595215655141
Kabale,2025-10-01,17455.652201526806,0.6547161374894063,19.0,0.0,1.0,0.529538974637526,1.00003,2.00003,-1.2483,29.9856,-1.0,30.0,0.22612972130015202,0.04823806982513887,0.0040758946318400924,284.88505671558767,2.0,0.00020107397936792364,291.9734143152195,289.1704577610148,289.0053562386504,288.632497738492,289.05403784336204,0.4508004693790163,0.4893472907370844,0.43113928553151376,0.25284891154184325,83061.7826723568,289.7995752724632,-0.11900954022444563,0.882369876220898,226.12972130015203,0.8186911882350051,202.9154885997587,244.29107797455768,0.01401474659006103,0.08798820141293252,0.14653825352881683,0.05347441923404237
Kabale,2025-11-01,17455.652201526806,0.6290449088729075,19.0,0.0,1.0,0.46988096516410777,1.00003,2.00003,-1.2483,29.9856,-1.0,30.0,0.4898571979560376,0.06668364639275717,0.0025338608667083585,288.33396083356797,2.0,0.00027497092373304083,290.9126331155605,287.1561901832612,286.74452500241796,287.3816786799775,287.26069219236643,0.2563210698972565,0.5967136943257646,0.1283980295922483,0.16373266261943073,82975.11211907805,288.2316877639754,0.40943203279255297,0.39491303520884286,489.8571979560376,6.943141408362758,495.6739160964734,526.2347354152441,0.030105998875435337,0.3002341744246452,0.13524746989169528,0.06432110452054611
Kabale,2025-12-01,17455.652201526806,0.5783199830444226,19.0,0.0,1.0,0.2807069022622312,1.00003,2.00003,-1.2483,29.9856,-1.0,30.0,0.3660758621525072,0.041152061977149164,0.005555614961462726,286.71171897924296,2.0,0.00028326372361637246,293.5818418810644,291.5503745885119,291.1228964960817,291.8618428461256,291.7803677329891,0.3346275122995428,0.48634336765996694,0.2565645580578716,0.38776098230827444,82737.09067113693,292.4261668353828,0.23795041726249028,1.6504859471507638,366.0758621525072,16.722971908593056,357.1319488843329,394.0277636816327,0.02146614929178114,0.14162263911722822,0.10472215219208941,0.06548494685561804
Kabale,2026-01-01,17455.652201526806,0.7714828485273812,19.0,0.0,1.0,0.06618918393281048,1.00003,2.00003,-1.2483,29.9856,-1.0,30.0,3.428759078029005,0.9724485772437536,0.004548611527121179,285.6383962940925,2.0,0.0001265049184249528,292.63601791414646,289.11001678560166,289.79240684935303,289.817775669333,289.8521565825901,0.5029669527006624,0.028007515419602343,0.5055025637094005,0.12250933409000564,82835.26793984984,290.75899077172363,-0.5727887677173775,0.4498934253815089,3428.7590780290047,20.68062017184371,3440.652630029389,3358.640189411661,0.2480467661533168,0.19150275327716346,0.3533255283335039,0.2951151964516141
Kabale,2026-02-01,17455.652201526806,0.8025002243443733,19.0,0.0,1.0,0.5255262449144805,1.00003,2.00003,-1.2483,29.9856,-1.0,30.0,2.7046975885108373,0.43034578491848885,0.004206276405844901,287.4063577937873,2.0,0.00046066861739456425,294.18307706124887,291.30486776595643,291.29835103612663,292.4700250292924,292.0712525683633,0.41752708653955517,0.29941415192209375,0.08150282063448802,0.29037800300111305,82923.0598018894,292.9534587387375,-0.09864504456003445,-1.2621108401605605,2704.6975885108372,-0.8396243794998913,2702.9767658339283,2714.649246909536,0.17625410785916795,0.1454109730408625,0.17285208511564074,0.23252211115298477
Kabale,2026-03-01,17455.652201526806,0.7278654191651348,19.0,0.0,1.0,0.328557878028172,1.00003,2.00003,-1.2483,29.9856,-1.0,30.0,3.7872989568566195,0.826506042155316,0.004324023434222065,289.4530277169487,2.0,4.179847427053871e-05,293.6424732585367,288.9524423862081,290.60536993459715,290.04066525341153,291.1160009652902,0.3417801175261073,0.14268767586453082,0.17256096502033838,0.369584333245148,82857.27274182344,291.284294009137,0.5920345292219369,0.04415727473262081,3787.2989568566195,-55.91065508762909,3792.1685529738193,3831.0851021029575,0.2601172254063626,0.3457863808405819,0.3121008796551848,0.32358505478366106
Kabale,2026-04-01,17455.652201526806,0.6333603497914447,19.0,0.0,1.0,0.5527618190243329,1.00003,2.00003,-1.2483,29.9856,-1.0,30.0,2.784246410419939,0.7197784484465687,0.004190106292849279,290.9727985416839,2.0,0.00032969493001628176,292.90943031399377,289.76709273456805,290.33146915617573,290.4866510851176,290.4058497997419,0.09183536821169835,0.3615481724730148,0.22096282988705251,0.41365757063094266,82898.08213748329,291.5306885387568,0.5880088458920311,-0.11940094367528828,2784.246410419939,-15.951825881669638,2794.6714054532554,2797.5699032049915,0.1971822665665242,0.1787512956548996,0.3018306419687923,0.24929614935602237
Kabale,2026-05-01,17455.652201526806,0.4356381823579211,19.0,0.0,1.0,0.11111243020990266,1.00003,2.00003,-1.2483,29.9856,-1.0,30.0,1.9180908263937748,0.2618727114064925,0.0033074142800895013,291.16347035779063,2.0,0.0006890685596847123,296.6030193391723,293.2102622877833,293.5668384543436,293.05189491634917,293.77654364025875,0.18395218172668434,0.5822244470789439,0.34693490870569477,0.33331246670110204,82816.76500854119,294.9204203849666,-0.19510225298012762,0.002857055276394843,1918.0908263937747,7.783809575351268,1904.5686295608982,1957.088395735629,0.12213655304911755,0.34889045033852695,0.12511589108309784,0.1999981847368015
Kabale,2026-06-01,17455.652201526806,0.7808659053738473,19.0,0.0,1.0,0.11781460564766408,1.00003,2.00003,-1.2483,29.9856,-1.0,30.0,3.775434946129063,0.5229119899044677,0.0024802321171899606,288.77611971296307,2.0,0.00023042698435211964,296.0770804168746,292.6945041785993,292.9143420157586,292.7841164755171,293.74918129745265,0.7273665923302901,0.37926977082171043,0.18478983112639316,0.23393473640113363,82914.51203329276,294.20896669429203,0.4334105429583287,0.2197828873329697,3775.4349461290626,-6.70019356263393,3762.3233926861226,3762.5369870013365,0.24233020385893533,0.39425012017416067,0.2669238303450919,0.3320672992231737
Kabale,2026-07-01,17455.652201526806,0.8211002536004903,19.0,0.0,1.0,0.30078155950694313,1.00003,2.00003,-1.2483,29.9856,-1.0,30.0,5.983104942365623,1.4787129586477228,0.004634080936752976,289.1110957664666,2.0,0.0003986783935914979,295.1666514955648,292.0314701974389,292.34352594208156,293.02539282708085,293.04335361794585,0.17005935111527673,0.4150247241891296,0.08923076768277993,0.6153360403402338,82718.46292103032,293.87537598009243,-0.6648413036963142,-0.6291842971524415,5983.104942365623,-22.813500435514328,5969.236544942561,5991.275516993382,0.42162821655941674,0.5680366052770248,0.5272586881860681,0.5032539948627816
Kabale,2026-08-01,17455.652201526806,0.5212805274220356,19.0,0.0,1.0,0.39185482411722355,1.00003,2.00003,-1.2483,29.9856,-1.0,30.0,2.290311502003569,0.3891122417503359,0.002964402025220074,285.729986368979,2.0,0.0002519659786378411,292.87660738295074,290.64312868159647,290.4176845967478,291.0263143601097,291.2185029164377,0.23181630630850478,0.17495080167134852,0.232318354796203,0.15040078260460168,82934.1476739047,291.87895981330416,0.701290708521534,0.2902098782336793,2290.311502003569,-1.9874486467149888,2274.488550556215,2321.0634008851025,0.15048351112807656,0.44609146773700675,0.1323013984427487,0.20835443294581385
Kabale,2026-09-01,17455.652201526806,0.6757231042995182,19.0,0.0,1.0,0.2724191352685797,1.00003,2.00003,-1.2483,29.9856,-1.0,30.0,1.3188445161326683,0.34747499488818484,0.00474481104919676,284.8245295371142,2.0,0.00039575544804212545,293.608840053954,289.6477753768721,289.66561442589625,289.82675768323935,290.59903025262713,0.023435465487264794,0.515381923071199,0.42697745648570334,0.27434965897670394,82802.64741913526,291.28981225476855,-0.46736159040425046,0.35480244408139405,1318.8445161326683,-19.707731619374087,1305.7920687659698,1238.4449815537344,0.0929230726459376,0.42666686788833846,0.23349048511839338,0.1313413697649946
Kabale,2026-10-01,17455.652201526806,0.6104988262403405,19.0,0.0,1.0,0.4316315614720315,1.00003,2.00003,-1.2483,29.9856,-1.0,30.0,0.40414857428020995,0.10568578950031346,0.006143444818543648,285.3830569387468,2.0,0.0004080464226289761,291.2158234874127,287.84033488223713,288.0495539486038,288.44001292303415,287.92623488010287,0.2390274448422044,0.01679066832814199,0.38493062996831306,0.04714603868983877,82914.69922842886,289.13222549573317,0.14361017258763972,-0.9896598974263476,404.14857428020997,-7.8144356348672686,405.79909663920273,453.20000439879374,0.027252261004834754,0.41765404231819286,0.11798010173256572,0.046851518377680215
Kabale,2026-11-01,17455.652201526806,0.4535212680045581,19.0,0.0,1.0,0.5035839681611505,1.00003,2.00003,-1.2483,29.9856,-1.0,30.0,0.1300759638414733,0.033480504237336964,0.0042032477313054,284.8238232603598,2.0,0.0004561847027112884,290.5375684177443,288.0163483744728,287.16961360797933,287.5854322912248,288.4936646553402,0.0323158712883602,0.1098252787707485,0.22192555057772165,0.19882180590354243,83108.6264100808,288.94608173759167,0.7294426943162347,0.6075328027958193,130.0759638414733,-3.6997186880713393,155.72241261644191,164.96565171179344,0.007722722274338417,0.24554462626401644,0.07812610974366085,0.030951720677861498
Kabale,2026-12-01,17455.652201526806,0.653587791317789,19.0,0.0,1.0,0.240634810732873,1.00003,2.00003,-1.2483,29.9856,-1.0,30.0,0.45362724561311524,0.048348571396031846,0.004715609067973091,285.17809457868685,2.0,0.0004657285386037312,290.9612436405733,289.0738226189681,289.3108091371964,289.5111381879815,289.59960493351116,0.058749331866347884,0.16765584484057103,0.08809958837772006,0.2791365348761541,82903.39568851651,290.33422815681075,0.38322797992485436,0.716494138354789,453.62724561311524,3.61913727794101,437.9644379301549,479.06510821377367,0.02688753527061863,0.41478727338375465,0.13063475213681033,0.04585131043470686
Kabale,2027-01-01,17455.652201526806,0.7082845565069839,19.0,0.0,1.0,0.11243648715651547,1.00003,2.00003,-1.2483,29.9856,-1.0,30.0,3.253165117110892,0.7561966358089127,0.0036774512897733785,288.0255983159552,2.0,0.0006532170562167207,292.7652811646301,289.4342982473717,289.4620150045439,289.44785910018203,289.92844538698915,0.31956313613104576,0.4048808713615445,0.3227854231540174,0.32763769213953436,82912.55585224736,290.6618314901442,-0.040639774006792875,0.22930022693881535,3253.165117110892,-8.674336327627932,3240.0047810835686,3303.7453256040053,0.22587214978248082,0.37713643895889803,0.32000166228673615,0.2901734602038066
Kabale,2027-02-01,17455.652201526806,0.4784325815108699,19.0,0.0,1.0,0.07936091710789737,1.00003,2.00003,-1.2483,29.9856,-1.0,30.0,7.121142296021261,2.066329090730431,0.004143286671882025,286.3648294494687,2.0,0.0007573847577110448,292.4281730299996,288.91603080727066,289.3798842025293,289.40463984865363,289.8676878116504,0.3304205956732435,0.40360206942613897,0.23168625451913935,0.5541673014893483,83047.54541310424,290.7638914724058,-0.16738666235241378,-0.3480585256731509,7121.14229602126,29.61859746766702,7128.528856108573,7129.837197277382,0.5195286256821792,0.26115080085405323,0.7056686292043084,0.6226208087077985
Kabale,2027-03-01,17455.652201526806,0.9234504405520957,19.0,0.0,1.0,0.31283839792126084,1.00003,2.00003,-1.2483,29.9856,-1.0,30.0,0.7534195494440394,0.1404626066799343,0.0037541808732889427,290.08556512874804,2.0,0.00022503593430823365,296.68468350991236,293.6189955104513,293.45053612430024,294.3924853343096,294.0480679182083,0.22335051740361758,0.1273324790793151,0.2566429202701929,0.27068456059869445,82830.41700536077,294.9351302889224,0.44087320038000605,0.2783589883167094,753.4195494440395,6.692406358966547,766.2162034107856,750.2538012809109,0.049169516908141794,0.29184030003216166,0.16352821767874096,0.061007134684415786
Kabale,2027-04-01,17455.652201526806,0.5840122151555488,19.0,0.0,1.0,0.33404607502718386,1.00003,2.00003,-1.2483,29.9856,-1.0,30.0,2.275206061691278,0.5558189793472903,0.005451375461070382,289.61504306518646,2.0,0.00043839424460491563,294.80979952317585,291.6998008655264,292.5924643976508,292.2685782668677,292.67349711245214,0.37211286935466137,0.27982356147091053,0.3214742348677065,0.47702308536974597,82815.16334635769,293.53203928811473,0.051482621232305265,-0.31325010802166336,2275.206061691278,-8.619164496841412,2268.78854845551,2335.294474213567,0.15894071454958644,0.4054419269053282,0.2533270132457031,0.22010343999425633
Kabale,2027-05-01,17455.652201526806,0.5849813993560757,19.0,0.0,1.0,0.4036391370717513,1.00003,2.00003,-1.2483,29.9856,-1.0,30.0,2.088698940819947,0.336597520096327,0.0031917361749330755,287.0218465024606,2.0,0.0006565244930015907,297.32773936404476,295.37583134617694,295.0100917940184,294.923731559726,295.25156429107096,0.08525490360256124,0.4652170990393589,0.2814511752953458,0.2856183588006642,82823.73770835645,296.23618740813384,0.1219930939988234,0.09596100251805662,2088.698940819947,45.561583574844775,2074.496939407227,2141.950051453771,0.13605747423544898,0.3868808537361599,0.1764845446331628,0.1964037085930826
Kabale,2027-06-01,17455.652201526806,0.8323030260197013,19.0,0.0,1.0,0.20787156727713008,1.00003,2.00003,-1.2483,29.9856,-1.0,30.0,2.891400036300693,0.4553260631104774,0.004959496076599441,288.68446825836145,2.0,8.63702191040829e-05,296.1210805087292,292.7666533142338,292.417752247089,292.7228921528788,293.3616261089456,0.22554202992514294,0.385898958887302,0.3049842317063938,0.1273286543350983,82752.52214587617,294.0346333694135,-0.4285861869458529,0.2459072005439813,2891.400036300693,-7.057801048123238,2877.244454829242,2876.249518178338,0.18821723585671837,0.4154493498004417,0.18547539169699873,0.24474913180846192
Kabale,2027-07-01,17455.652201526806,0.7192884824439079,19.0,0.0,1.0,0.26407389386960595,1.00003,2.00003,-1.2483,29.9856,-1.0,30.0,2.0494180131037925,0.5491858254336786,0.0044022623446643774,290.50265692590295,2.0,0.0002120425820310192,295.6241553625032,292.9610279435326,293.1719864962605,293.4053966168478,293.21731064789583,0.33265594095776313,0.5916174117799733,0.46254074462370076,0.17255649617843777,82993.86110786255,294.1049125983327,0.07682456464830946,0.15956042093427067,2049.4180131037924,17.481190553801515,2072.176478478946,2000.4894167050234,0.14581816015320226,0.38675313189654814,0.2378830142390607,0.1962458806393375
Kabale,2027-08-01,17455.652201526806,0.798237038067561,19.0,0.0,1.0,0.1538121548370023,1.00003,2.00003,-1.2483,29.9856,-1.0,30.0,0.41594692061217253,0.11985483256924674,0.002555778679743259,288.66271682591713,2.0,0.00016962158616551598,292.5903839430948,290.25908623292406,290.2709550443909,289.9409625727956,290.30298300848875,0.1555900781507552,0.11023951875967677,0.23310224915823308,0.0990677288440618,82985.86029566245,291.3283928168943,1.1028931763386989,-0.19248326440422442,415.9469206121725,16.602155719255553,393.93035050234363,359.5495694510125,0.028928512557211853,0.5867292331563181,0.13842830665486136,0.03406866469768033
Kabale,2027-09-01,17455.652201526806,0.7548811695258583,19.0,0.0,1.0,0.21218811925568662,1.00003,2.00003,-1.2483,29.9856,-1.0,30.0,1.279131244582584,0.24612015035207052,0.004506802594552474,285.63676468035584,2.0,0.00023155009072216583,292.5905096504394,289.7313752425152,290.1931778904535,290.1067138532781,289.982413996767,0.31710012321133363,0.1422550655205084,0.20311943021753665,0.1543083697625557,82806.65288415749,291.19375263867244,0.7558367070927156,1.104023023771774,1279.131244582584,2.4216508118968907,1306.8122398013397,1309.992206059281,0.08493571879976541,0.10706013429171973,0.12192292376901588,0.11251405048700659
Kabale,2027-10-01,17455.652201526806,0.7112270421728116,19.0,0.0,1.0,0.2616855791332786,1.00003,2.00003,-1.2483,29.9856,-1.0,30.0,0.2265318061668595,0.06629035130919264,0.0064183557535724516,285.7212086452289,2.0,0.0005106774486573378,290.67914531717736,286.9068389526925,288.7155657937271,288.34629887121713,288.20454579001677,0.313366811376558,0.30463563602143007,0.3103084900989438,0.28069039865069256,83024.6329811075,289.3819389955512,-1.1990815476254488,-0.7042157451841804,226.5318061668595,14.900216824652999,219.5401831736968,208.36213716154052,0.014928553235277362,0.2566203370777963,0.09413079024403,0.03950251406122548
Kabale,2027-11-01,17455.652201526806,0.5726400973371948,19.0,0.0,1.0,0.4540551941721774,1.00003,2.00003,-1.2483,29.9856,-1.0,30.0,0.7505109574499642,0.2139634078639076,0.003450445604140414,283.89386843549227,2.0,0.00019818468137336716,292.8799109388797,289.44044504216475,290.20145966433853,289.6387171213805,290.16539398182584,0.24698799957875495,0.17256104093601404,0.20924839543680318,0.4992959088954197,82996.60928553563,291.17233707241473,-0.9931453059352104,0.1387105556186716,750.5109574499642,6.316408642473102,749.6795577336472,792.8498634287533,0.05319046813921292,0.6716218653496426,0.15498923751868945,0.08853830193810538
Kabale,2027-12-01,17455.652201526806,0.9684099005389663,19.0,0.0,1.0,0.6068149643939372,1.00003,2.00003,-1.2483,29.9856,-1.0,30.0,1.0942098449999598,0.16333738648102544,0.0036007657807028987,284.0359709150757,2.0,0.00044188515939039025,291.19435656318296,288.1749495556796,288.4985658330734,288.4942422551166,288.7409506183459,0.40356092234973967,0.011391517907418176,0.17036248133893783,0.4506898142298487,82902.36750563302,289.4769100818443,0.6282583180028503,0.3422113600218628,1094.2098449999598,-10.082869183042687,1112.3844393846973,1063.2305640562981,0.06980393285706528,0.25794908764278296,0.1548657424794103,0.09001057791773304
Kabale,2028-01-01,17455.652201526806,0.8363634988250817,19.0,0.0,1.0,0.22000886720420632,1.00003,2.00003,-1.2483,29.9856,-1.0,30.0,0.9074921205345797,0.23897511623366094,0.0035098326846234396,286.43632720648236,2.0,0.0001795209453348999,292.7578348909893,290.5288355050474,290.7494005560237,291.0620118741936,291.3291879224537,0.25233987731416924,0.21074587656458796,0.4283895344935662,0.4045878010817402,82950.68113976631,292.15431017963135,0.4434763037365858,0.10556238842233337,907.4921205345797,-38.235693000817236,919.0232873537541,897.4054481082937,0.06350905086701358,0.5079157251700839,0.1548542954025504,0.08948862193413543
Kabale,2028-02-01,17455.652201526806,0.5621044054008852,19.0,0.0,1.0,0.23133393521135615,1.00003,2.00003,-1.2483,29.9856,-1.0,30.0,2.4768509613262935,0.5947772903140212,0.005249537639352686,287.9641899940052,2.0,9.568673523331973e-05,294.85921102865325,292.04011584637124,291.7978923680909,292.4351775720802,292.62861415365444,0.5289897339252673,0.21963874760313173,0.3897597199471948,0.27847167701119957,83012.13940199703,293.33577175700157,0.39766513589427566,-0.8916617425942881,2476.8509613262936,-5.271818829735774,2471.346537408371,2467.221706244318,0.1725982708921187,0.37960471256960415,0.24760448743874114,0.23699431225820242
Kabale,2028-03-01,17455.652201526806,0.7593458668111751,19.0,0.0,1.0,0.36756550021212586,1.00003,2.00003,-1.2483,29.9856,-1.0,30.0,1.6318620838798465,0.4745148147981641,0.003565256936807675,285.92609139117167,2.0,6.104088856515665e-05,294.98383852212504,293.0524882879737,293.098483882312,292.68091461055803,293.4937226028892,0.2000056569628308,0.3638507279091349,0.457315908772004,0.27086691148787995,82930.0153741527,294.30968026637055,0.7491974787094251,0.43020047837777664,1631.8620838798465,-25.312349255090343,1658.124699954597,1594.8475498266257,0.11794837187482628,0.26652900701827237,0.26310737801193823,0.15302760890006098
Kabale,2028-04-01,17455.652201526806,0.6544195585226357,19.0,0.0,1.0,0.12328592221786337,1.00003,2.00003,-1.2483,29.9856,-1.0,30.0,5.46416033774389,0.9290837847310617,0.0035242040552913943,289.35467992726564,2.0,0.0001507253020128031,295.5026274317131,291.4314898544676,292.0434523723709,292.91725520760315,293.35439295304343,0.4758496308334596,0.12792443747720347,0.3345547325268665,0.5242749594316649,82904.34869286038,293.8995597419018,-0.29073127963021284,-0.08842293214584127,5464.1603377438905,-8.289844473288634,5475.471624819468,5459.410749366029,0.3610856802797732,0.2771052327826146,0.362574491675152,0.47559782484176083
Kabale,2028-05-01,17455.652201526806,0.389911936878115,19.0,0.0,1.0,0.20057687932881824,1.00003,2.00003,-1.2483,29.9856,-1.0,30.0,9.771262923654863,2.4642608477634114,0.003996087490704922,290.254633880005,2.0,0.0005579421819173533,296.33715915796733,293.0168984496028,293.32087438331786,293.2940438115207,293.6183730291452,0.20930868222299936,0.08321789847626347,0.1314672613425625,0.42983009255253873,82927.50934769437,294.4321926504089,-0.25087888058486013,-0.31901508282618724,9771.262923654864,-29.072382906195028,9784.958463424558,9782.825228962825,0.6924110375428919,0.41309567172743616,0.7679232478780608,0.8267240602550439
Kabale,2028-06-01,17455.652201526806,0.7623506846427953,19.0,0.0,1.0,0.3674717299055276,1.00003,2.00003,-1.2483,29.9856,-1.0,30.0,2.3808271769780145,0.42359450879863886,0.0029058646007962944,291.0123314933262,2.0,0.00011873771054003519,295.2898531695736,292.2905569954733,292.15311615811265,292.2656291013962,293.02929290443046,0.151015759304677,0.530814543664461,0.18267685386048918,0.24045162065804396,82909.17583267555,293.41968645829536,-0.7188012680557777,-0.2315231300125259,2380.8271769780144,42.49582534409463,2433.1718911191624,2371.3078069914345,0.15757624413027246,0.24922207330599633,0.18796429602499956,0.20902965012687974
Kabale,2028-07-01,17455.652201526806,0.4586328182280731,19.0,0.0,1.0,0.31425417368859443,1.00003,2.00003,-1.2483,29.9856,-1.0,30.0,1.7023473621641019,0.30942254211813797,0.00314274809954906,287.8324947761934,2.0,0.0002198881373116966,296.252408566517,292.64397587424685,293.00692280451153,293.118930559019,293.04814432142746,0.05515779312703758,0.32810016558720045,0.18018224524837834,0.13511582600530372,82897.45581845212,294.32816053206693,0.11043811304326312,0.3533542351011544,1702.347362164102,-33.54047439363493,1702.547177456951,1773.031231044424,0.11260658221331661,0.5185709739794091,0.12029705667554738,0.16202347393535094
Kabale,2028-08-01,17455.652201526806,0.7710032526190972,19.0,0.0,1.0,0.5228121747090315,1.00003,2.00003,-1.2483,29.9856,-1.0,30.0,2.8531726457832227,0.4906931553234183,0.0017551397334107464,284.86725118001505,2.0,0.00013237809772263781,294.37060282099,291.34057065180406,291.68419944176406,291.7213383020053,291.97362702956235,0.20429045042637256,0.06673684565200096,0.05802699807248031,0.4695288448693477,82871.75222892167,292.77450669626063,-0.6464906761175938,-0.11152205664923392,2853.172645783223,-16.20852960359987,2850.5456694486325,2873.337673250793,0.1882367495341884,0.41144802543422465,0.19202709445888874,0.23914538563259127
Kabale,2028-09-01,17455.652201526806,0.894113972351247,19.0,0.0,1.0,0.41434414967287275,1.00003,2.00003,-1.2483,29.9856,-1.0,30.0,1.7876998611577488,0.2632938510352999,0.0026697076436852634,286.22359579043086,2.0,0.000505651073908767,290.23986362723923,287.6413317332331,287.51052253285764,287.80433606454596,287.778934198159,0.304550667591694,0.3419959151578064,0.5464516489371513,0.5998265113630471,82939.43738453924,288.76038755309014,0.04045761276356031,-0.08410264531605732,1787.6998611577487,-12.25891491311708,1787.87322999932,1749.7953230059156,0.11485803809739499,0.4990069051345148,0.19400703089706442,0.17021736998654521
Kabale,2028-10-01,17455.652201526806,0.6009987523706789,19.0,0.0,1.0,0.23987177594214207,1.00003,2.00003,-1.2483,29.9856,-1.0,30.0,0.14801295773293327,0.02551084835601436,0.003978479005417343,284.9416291276236,2.0,0.0005788580854641001,293.18356460409154,290.6974579666825,291.53648198662194,291.81983599696923,291.8824990886127,0.20072984819578038,0.38461278705958507,0.04691602532376349,0.14855626477620015,82797.16782179599,292.7741522229244,0.23496811653969757,1.3584765171694209,148.01295773293327,12.24737766024109,142.84993376795822,175.38455494220153,0.008300780221660116,0.465075024413583,0.10847938976059711,0.02895255930599375
Kabale,2028-11-01,17455.652201526806,0.8165482376126513,19.0,0.0,1.0,0.5699166749797877,1.00003,2.00003,-1.2483,29.9856,-1.0,30.0,0.6143776448094691,0.16004863695823257,0.003992184082909421,283.70029073892664,2.0,0.000250622850209218,293.0159899784553,290.2747988435949,289.9411703072115,289.84786870879066,290.76563383973655,0.40616196916937014,0.2238464662626145,0.2478971086728327,0.14754497901098618,82721.49305408535,291.51087724132896,0.23933718379326147,0.30954941550595216,614.3776448094691,14.107533778547676,640.6545880655281,639.0561059086785,0.04238093050841808,0.46344850491279826,0.09671727242139264,0.05996640726865558
Kabale,2028-12-01,17455.652201526806,0.5519702973550055,19.0,0.0,1.0,0.10520831684251603,1.00003,2.00003,-1.2483,29.9856,-1.0,30.0,1.1482215694494557,0.2840653305551788,0.003621806314892709,285.31020574251664,2.0,0.00031461341126934724,293.15064793733546,290.1964055834208,290.14876881579266,290.17813501779375,290.3853722615452,0.17146252796453743,0.11564019198196245,0.4993906119758734,0.2339253738889198,82968.37091504024,291.3135759347755,0.34740807146154695,-0.5150379412405439,1148.2215694494557,-19.18767591684526,1116.0620669751258,1151.2930353998854,0.07971331607589095,0.4772011089560244,0.14736245997553685,0.11942305326970536
Kabale,2029-01-01,17455.652201526806,0.5637801871116898,19.0,0.0,1.0,0.669772550662766,1.00003,2.00003,-1.2483,29.9856,-1.0,30.0,0.5871520191606158,0.10192781814188288,0.004096430379528505,282.85331825404256,2.0,0.0005758484884292275,293.25512963820773,290.332847202163,290.8479821356466,291.2647016925002,290.2979827062347,0.4369129190995385,0.15529296407813392,0.19845492976843968,0.48231761492932884,83008.79402532686,292.1262694809621,-0.1393323857122939,0.2813599300410396,587.1520191606157,-9.017612511239339,583.8567134852582,621.740044469859,0.03753448882777859,0.191764366719162,0.1380167358313224,0.07947076355242913
Kabale,2029-02-01,17455.652201526806,0.7715600183370581,19.0,0.0,1.0,0.4249035159353122,1.00003,2.00003,-1.2483,29.9856,-1.0,30.0,0.9239925077249977,0.20529776001617622,0.0035443375019863395,288.60553428333446,2.0,0.0007107953771892021,294.4347039982185,291.9915374401367,292.042240311891,292.35390502178,292.6430597798748,0.41989855588181674,0.22672437077159666,0.06430599489490037,0.12752981830012947,82875.8182087471,293.60891775460897,-0.7857445937881365,-0.8227561225626732,923.9925077249977,-19.994103194697466,949.6940778607564,964.0554595940853,0.06253288082694473,0.49005659356596126,0.1344237500604195,0.08315011909759
Kabale,2029-03-01,17455.652201526806,0.32821766903409794,19.0,0.0,1.0,0.12667936338931587,1.00003,2.00003,-1.2483,29.9856,-1.0,30.0,1.1919005560687796,0.26390060737358384,0.004418680128864303,288.1919641641818,2.0,0.00034740184054931467,295.0293068926328,291.42707909099533,293.09834551984505,292.45535265106287,293.195591574833,0.1278669185824476,0.48414803788796107,0.22497576084114823,0.3867261241642281,83042.97307261924,293.8064081201091,-0.31393876951026234,-0.5750844200833962,1191.9005560687797,-6.19017869794615,1195.9835449650866,1151.6890305158902,0.0810017609435256,0.3924860234579322,0.2076745122581966,0.14180145969712785
Kabale,2029-04-01,17455.652201526806,0.673478948209246,19.0,0.0,1.0,0.4238595475274898,1.00003,2.00003,-1.2483,29.9856,-1.0,30.0,2.378259302731389,0.5797767214975565,0.003399618609487664,291.7186616326093,2.0,0.00032399223796377764,293.91462145559035,291.84487281852637,291.9357244144048,292.35204173108383,292.5336993924785,0.4221523759153847,0.026693265238554403,0.38414151499547083,0.1690576703747885,82893.45719055778,293.18875228970575,0.01607930978259079,0.3683877044515837,2378.259302731389,-25.00347303099892,2394.5101848851396,2417.9485019817557,0.1662606675795783,0.46022267307102677,0.25150364302673217,0.21162737768940576
Kabale,2029-05-01,17455.652201526806,0.5559535869244143,19.0,0.0,1.0,0.24956097434584723,1.00003,2.00003,-1.2483,29.9856,-1.0,30.0,1.385879361348383,0.27931870896325417,0.0038144514654071464,291.9140150634148,2.0,0.00018809896685410813,294.79563451189813,292.4726501331768,292.9465138222732,292.9345794681161,292.75479678838576,0.6225529983122685,0.26567864908562744,0.28508781955250184,0.4885638818361327,82731.45076071314,294.118183138968,-0.13300834778017348,-0.7003349274432739,1385.879361348383,8.95586485036132,1414.136526816155,1371.5700855497614,0.09291223524342637,0.3512100570341793,0.16450931583142187,0.1548289355607954
Kabale,2029-06-01,17455.652201526806,0.9320514085946242,19.0,0.0,1.0,0.19860168816975587,1.00003,2.00003,-1.2483,29.9856,-1.0,30.0,4.604354698949323,1.310619788839724,0.004006924721043715,287.8469069989868,2.0,0.0002912988263296837,293.51911827437067,291.3668915408666,291.4421222438966,291.530534326986,292.1948717081249,0.35812409943600737,0.10876812648557292,0.22503990498738716,0.36233835960721356,82671.83379275794,292.89782995957205,-0.19515207455584963,0.5487113437113534,4604.354698949323,-2.955211139273652,4604.2471307846035,4529.878379371999,0.3339326479403641,0.6711354706518714,0.35822651846516246,0.378310445957607
Kabale,2029-07-01,17455.652201526806,0.9413905242479332,19.0,0.0,1.0,0.42302276387688614,1.00003,2.00003,-1.2483,29.9856,-1.0,30.0,7.827705262700189,1.373964353862347,0.004286015807634625,285.8065801690365,2.0,0.0006336931985487787,292.4624617719168,289.4384739085507,289.53095374177167,289.8127836999395,289.8640766857649,0.27800425691919967,0.13464667774999128,0.42737137596229036,0.0951730687421903,82777.08289664816,290.7406533715961,0.900522598269667,0.16617318573600173,7827.7052627001885,0.7287978081253169,7812.331839209475,7806.178503524187,0.5203258007981051,0.4267911523025272,0.46662547163804474,0.6369931369876516
Kabale,2029-08-01,17455.652201526806,0.8776261425602637,19.0,0.0,1.0,0.44211390034841047,1.00003,2.00003,-1.2483,29.9856,-1.0,30.0,1.6608873853407866,0.43459656237543276,0.0032265850733849844,288.4725591665647,2.0,0.00017298335519715772,295.4578309790871,292.3089711541421,292.0448716066129,292.43481047606684,292.6773582922858,0.2615099094220162,0.2510002950916619,0.1858972452457485,0.4774375078148343,82861.30151611219,293.5684896062242,1.2635052091643026,-0.17941318547177476,1660.8873853407865,-43.84957051855449,1664.3534514580153,1690.4881219406216,0.11734977287374848,0.2794209222450954,0.1678426193656142,0.14521655333303596
Kabale,2029-09-01,17455.652201526806,0.6264963646125471,19.0,0.0,1.0,0.12982750004443153,1.00003,2.00003,-1.2483,29.9856,-1.0,30.0,1.8867247287984155,0.267564465691409,0.0031689521516889015,288.5332432993125,2.0,0.0001199934218870644,293.20259266976495,290.66024343318423,290.72978356643864,290.645234665115,291.19572933681764,0.24641338800843124,0.2956884175138657,0.3168090943741579,0.22200468027211764,83104.30422434703,292.22915811121777,0.7436398136364508,0.4365778022541892,1886.7247287984155,-14.428870938904028,1876.2257006594182,1879.7732797910733,0.12068825394457945,0.4490491649494038,0.16713223484038656,0.17650445569030385
Kabale,2029-10-01,17455.652201526806,0.6147677114232477,19.0,0.0,1.0,0.16322303891907297,1.00003,2.00003,-1.2483,29.9856,-1.0,30.0,0.3533820396563017,0.09692930557717058,0.0049529814950227905,285.3455434872804,2.0,0.00016210585519577775,292.7829651569766,290.508527150015,290.84552123626946,290.9149774523901,291.20323969683665,0.16627894430955223,0.19259416863350123,0.5092223823359892,0.12206948278851719,82970.32417288225,291.9810797220947,-0.9217008259051465,-0.08560625189105585,353.38203965630174,5.369975374482594,347.78686488405464,376.7463627121384,0.02394385794275173,0.4741182249106392,0.08166446508955068,0.05014624525192037
Kabale,2029-11-01,17455.652201526806,0.6897817919202558,19.0,0.0,1.0,0.19602561502434293,1.00003,2.00003,-1.2483,29.9856,-1.0,30.0,0.08406475598800521,0.013818745556884178,0.004209988194080497,287.4857369190814,2.0,0.00035375645309469885,292.78775451183634,289.90106019426867,289.76876429425846,290.3667955902631,290.17877886549104,0.1877693122346672,0.12832987184450892,0.20646144096566127,0.38249781416108874,82936.37446441603,291.11173495683255,-0.15475169137989764,-0.0968136798118234,84.06475598800522,9.246017268826142,72.57170963282468,49.6164509561679,0.003997616406578793,0.3568900629631574,0.08190075054113044,0.021490269038054212
Kabale,2029-12-01,17455.652201526806,0.8974405115607301,19.0,0.0,1.0,0.5427028305801977,1.00003,2.00003,-1.2483,29.9856,-1.0,30.0,0.17702246314204817,0.03649523169138335,0.0028010739285363032,284.19703813229455,2.0,0.0008121114224691001,292.4428387921134,289.3388039837493,289.50732089419677,289.8567191385654,290.2093896766519,0.3881866419935191,0.23382650203055796,0.36206834445698066,0.2177838650751571,82865.80541881688,291.01142124755046,-0.13950401075401533,0.16647510024506124,177.02246314204817,35.80196509761409,172.51769100356609,141.6693617541279,0.010635861104480395,0.23689049114152844,0.10475793486328805,0.023928555064181144
Kabale,2030-01-01,17455.652201526806,0.771810506313185,19.0,0.0,1.0,0.22893738359873642,1.00003,2.00003,-1.2483,29.9856,-1.0,30.0,0.7103779950490364,0.14310048715528795,0.005370791833805778,287.6069023893932,2.0,0.0007606027118484401,293.5146494072835,291.40501684066584,290.5668789183682,290.7196209620601,290.47433747076565,0.7191116886064431,0.5342830925072903,0.1833748569152285,0.420645196918643,82835.51910636065,291.5612915653581,-0.42660905907093977,-0.334216515324385,710.3779950490364,23.935246130804746,692.011998450721,701.9391854689493,0.04678628444670722,0.3498703552704993,0.18288183767246843,0.09166304585179585
Kabale,2030-02-01,17455.652201526806,0.7289961406330383,19.0,0.0,1.0,0.0951292813500719,1.00003,2.00003,-1.2483,29.9856,-1.0,30.0,1.5182753037473038,0.2460608075435567,0.0032796116411995284,286.6668994008365,2.0,0.00016026646348784527,295.9042624027356,292.90317802409555,292.48802096762137,293.0440846977365,293.4118727189545,0.42162786068410124,0.523717668770191,0.6773813092857349,0.33405340245154574,82829.0080867048,293.81046649372655,-0.24622205620610838,0.2300226954417781,1518.2753037473037,-0.4342001877274543,1509.4760677139075,1498.8228594785394,0.09856530603370933,0.4417751544151537,0.16925778721014068,0.16254020832427224
Kabale,2030-03-01,17455.652201526806,0.7122773196097462,19.0,0.0,1.0,0.2826157120814737,1.00003,2.00003,-1.2483,29.9856,-1.0,30.0,2.581456067908089,0.6016150093401078,0.003449548127310788,290.2727424409131,2.0,0.0006827719121515046,293.6414004172245,290.66235444936984,290.69228106409673,291.2325460073164,291.3237805630211,0.278244238759278,0.40478430893567346,0.11744540377193313,0.1938132650719181,82850.50898045096,292.3450013980968,0.041014964694057764,-0.0751741831431336,2581.456067908089,22.795339839270042,2571.4243943263723,2538.9463637176596,0.1790209773013612,0.3409282748112553,0.26432032430896146,0.22559627797313
Kabale,2030-04-01,17455.652201526806,0.7339600476936752,19.0,0.0,1.0,0.06885583659025946,1.00003,2.00003,-1.2483,29.9856,-1.0,30.0,4.292176920077438,0.6296725340114231,0.003552754895212693,291.06004862375227,2.0,0.0003808517022411577,297.29302217676207,294.6788808371245,293.9403642324636,294.5483890904927,295.48541309874645,0.26757809657009674,0.03709534380011404,0.4885623746403087,0.11884627688443102,82860.71561092327,295.56077837397345,-0.2571047221815131,0.4999955025298055,4292.176920077438,-11.562478829999232,4297.319722064162,4346.730851428886,0.2776320913626925,0.5867749662609995,0.21985983377323723,0.36138220820705724
Kabale,2030-05-01,17455.652201526806,0.7284570510739496,19.0,0.0,1.0,0.1698894778622002,1.00003,2.00003,-1.2483,29.9856,-1.0,30.0,2.0099494082208467,0.21712630799417654,0.004804787443527399,291.7730951238954,2.0,0.0002934949568960599,294.14820978858967,291.55300428549936,291.3657888368261,291.6647551392187,292.3214889295242,0.41093204113831194,0.3116371348387223,0.2731507920589824,0.35539080827251285,82976.42925814205,293.01044087271083,-0.28623751190579544,0.6281106722206794,2009.9494082208466,1.1205782983071189,2019.889583586139,1982.6954780951633,0.12472365318199338,0.29113186149409237,0.1565917203952365,0.18717925301018495
Kabale,2030-06-01,17455.652201526806,0.333155939067913,19.0,0.0,1.0,0.44894299040918906,1.00003,2.00003,-1.2483,29.9856,-1.0,30.0,0.8113646075079752,0.17879389662233625,0.005284979714762168,288.9981616613445,2.0,0.00047948752687560907,295.0503826578519,292.16155546893197,292.5775700539963,292.4948894436684,292.4744292413448,0.13434861627750577,0.401632092894705,0.04236274682406408,0.0728274191960856,82745.24689177255,293.6555465442847,0.1895618165346186,-0.26635054377748885,811.3646075079753,19.743303115800188,801.293900853301,861.467424525468,0.054543127986460084,0.6291595897734124,0.11067142857860188,0.09597773679807359
Kabale,2030-07-01,17455.652201526806,0.6218295752472256,19.0,0.0,1.0,0.3067970616674192,1.00003,2.00003,-1.2483,29.9856,-1.0,30.0,3.929655656038585,0.7869865427390405,0.003091658748292015,286.63615399580044,2.0,0.0003484320633978171,294.7312090196713,291.4968354101186,292.14838021824414,292.6790675550136,292.23258895793526,0.48401157316817894,0.040705753087654645,0.5033577371120517,0.1677711094837603,82952.8269938915,293.112706536732,0.35344814545925607,0.6336368231591909,3929.655656038585,12.317885486535024,3925.094677167599,3896.000792026208,0.2660196595511042,0.3340655007926045,0.3000559227750096,0.34594269544353
Kabale,2030-08-01,17455.652201526806,0.39541582465418784,19.0,0.0,1.0,0.7390119756654701,1.00003,2.00003,-1.2483,29.9856,-1.0,30.0,1.598882577305551,0.19694012116654463,0.005342776964423004,287.09424204385573,2.0,0.0006501503997958078,295.3877395003218,292.7021969357495,293.26396151334467,292.970905912457,293.59039027380425,0.5415671516955938,0.35926355860830433,0.2170732267481649,0.5642698968727424,83077.09575533477,294.2179631843256,-0.2896526542895216,-0.5555618832078878,1598.882577305551,-12.667604405255965,1596.0478586378615,1603.7033633294982,0.10023409181891937,0.40398241411191943,0.1899699783396873,0.1824737957133579
Kabale,2030-09-01,17455.652201526806,0.7088939971061557,19.0,0.0,1.0,0.2837837394860655,1.00003,2.00003,-1.2483,29.9856,-1.0,30.0,0.9948357150981184,0.21528429533779173,0.004735566898302572,284.46326518940185,2.0,0.00010823353778315622,295.5657118456427,292.03344650684323,292.2281369997038,292.6478222381017,293.2145834977889,0.32077676977319325,0.6613166836724513,0.5524521831284716,0.3037639749373839,82863.02833152407,293.6943503149302,-0.42579591625080115,-0.10411135480637644,994.8357150981184,45.500870319185985,994.5152795114963,979.2030462341909,0.06704967766957559,0.49573774411638066,0.22459962523443877,0.11816283466947922
Kabale,2030-10-01,17455.652201526806,0.5683366327337103,19.0,0.0,1.0,0.34793513343259663,1.00003,2.00003,-1.2483,29.9856,-1.0,30.0,0.7958532833146177,0.11519590008640304,0.00499938094639279,285.58175663020455,2.0,0.0006043749820607895,289.1951117397027,287.8187492472523,287.7134496648608,288.48285833972176,288.0487394042108,0.28407498368160944,0.2531977039764818,0.12345565364442232,0.39551310406126944,82779.18075416419,288.9801855139929,0.024358339696903646,0.5709482684840049,795.8532833146177,22.283491171119948,790.4423249409516,787.7044439222985,0.05007254304292414,0.45448457913717716,0.11467910525445184,0.09066334847937967
Kabale,2030-11-01,17455.652201526806,0.26289224660103566,19.0,0.0,1.0,0.05001288678149137,1.00003,2.00003,-1.2483,29.9856,-1.0,30.0,0.18918254874136847,0.02087071499951549,0.0038138904852440367,285.1534445965079,2.0,0.00037236025309160596,293.5320778967706,291.00557706696037,290.7353138594315,291.104272274065,291.4884337855268,0.06528396111373139,0.07146078265878608,0.662333806331937,0.705605529667993,82992.40979409662,292.30323743961304,-0.6409260786897862,0.7397307167348829,189.18254874136846,-20.179436280312586,202.47295954653924,198.0086993392567,0.010381928462995061,0.5738483544856935,0.08295043569286194,0.07134237819439852
Kabale,2030-12-01,17455.652201526806,0.7435542086829301,19.0,0.0,1.0,0.330867982880362,1.00003,2.00003,-1.2483,29.9856,-1.0,30.0,0.22484417803006193,0.056519832099012124,0.0022936005895285516,288.0237417215924,2.0,7.099683764738801e-05,292.0640299366427,288.9308126975325,289.33237383280795,289.82103523120367,289.86371047122236,0.3244024522364124,0.5720302481754189,0.37843252554395623,0.31933020743656265,82650.78792985991,290.9098106379896,0.45838413536218636,-0.21012296293561822,224.84417803006193,1.021418032845461,250.34147259934738,232.9001475979235,0.014512630821789668,0.17613706958726563,0.15052237789351056,0.0471870039612793
Kabale,2031-01-01,17455.652201526806,0.3738738456239824,19.0,0.0,1.0,0.20299480901123093,1.00003,2.00003,-1.2483,29.9856,-1.0,30.0,0.3357785744373585,0.09016478170067714,0.002209847633803316,288.396441880673,2.0,0.0006796892519074812,292.1172773839884,289.10257761466585,289.4901881500044,289.43459929630103,289.31004817999116,0.573233569982092,0.2834227839984764,0.12951498861887595,0.23308872579709936,82893.63759331476,290.4610348848897,-0.35983258458778644,0.6491720480526775,335.7785744373585,-8.891933681201134,332.54301477142934,394.3059995755733,0.022717377515144355,0.18928190745758333,0.09559357950086958,0.06924019863717626
Kabale,2031-02-01,17455.652201526806,0.3614076841920693,19.0,0.0,1.0,0.3029838206012588,1.00003,2.00003,-1.2483,29.9856,-1.0,30.0,1.3020782215920863,0.37111485360844176,0.002114557827175948,291.0729735541129,2.0,0.00029338085038816477,295.0526282334363,291.79132576897143,291.6957192389798,292.38598356875417,291.87368420541736,0.10800286684515747,0.5530920021144635,0.2947155081227806,0.18150243113592468,82922.74672678807,293.2855967552778,-0.8034289731814213,0.12888227670427596,1302.0782215920863,10.391584313465156,1317.316069376981,1258.0672030489247,0.09346209341183344,0.4256295232390458,0.18531558110788424,0.14654395514753898
Kabale,2031-03-01,17455.652201526806,0.6469564470293173,19.0,0.0,1.0,0.2748091230607042,1.00003,2.00003,-1.2483,29.9856,-1.0,30.0,2.3487981933912887,0.25378314525519413,0.005609541657038369,288.13968669349623,2.0,0.0007130714637980867,295.97968980715495,292.35012053163956,292.7978226002959,292.53207449648716,293.11081885067574,0.2385923503263381,0.4252734762033834,0.545156122232397,0.1775888270940355,82993.10118548691,294.09174103265923,0.47793030326249,-0.4048802707999662,2348.798193391289,5.248151310324945,2339.311607820146,2366.1143629671274,0.1459752766541188,0.2886822713466353,0.16481788910499648,0.2206273968689537
Kabale,2031-04-01,17455.652201526806,0.3245271974460522,19.0,0.0,1.0,0.35264265394920713,1.00003,2.00003,-1.2483,29.9856,-1.0,30.0,4.707011112308902,1.0975399416476963,0.003095408786286926,290.6312938637072,2.0,0.0002355976487814968,294.80033767460355,291.74933171031023,291.8091688715292,292.0959738122279,292.2438557398176,0.19442420263786508,0.2110585741640183,0.13152938478113754,0.3389314137978949,82830.43545498798,293.10292766439744,0.26605806709319085,0.6079367810994903,4707.011112308902,23.412665151425198,4673.41423785341,4663.717653633567,0.3277215439844524,0.35437280068690585,0.3518380700449715,0.4192042026647414
Kabale,2031-05-01,17455.652201526806,0.6446261314926912,19.0,0.0,1.0,0.07072093068801738,1.00003,2.00003,-1.2483,29.9856,-1.0,30.0,2.7573986527080385,0.3162781899545211,0.005551377721009493,289.838762751056,2.0,7.514960091036625e-05,294.0624001796838,291.2805110770368,292.206611856961,292.26672919044785,292.5456179817518,0.10772694476954088,0.3593634165433258,0.3970070314440908,0.33971123107321055,82764.84525457358,293.06340008877174,0.8364948514224764,-0.3105673993981204,2757.3986527080383,1.5611744165782324,2765.6572566135624,2743.614389749459,0.17269734003349943,0.6125578889400991,0.23772727288843887,0.24936871976925798
Kabale,2031-06-01,17455.652201526806,0.36940831572848226,19.0,0.0,1.0,0.10330457768404311,1.00003,2.00003,-1.2483,29.9856,-1.0,30.0,5.22423977682761,1.0139345363045686,0.0032092893805114333,287.0488405941429,2.0,0.0006827636378721358,298.7759221382697,295.19627924871554,294.63993074824964,295.1937834943858,295.33681463702794,0.5326595610979533,0.35855740405773917,0.6075970149188867,0.4004084411395416,83047.79267361596,296.4108637536653,-0.7014645362065555,0.6458578037606197,5224.2397768276105,5.172063243919762,5244.2018355622085,5214.059701495129,0.3523085649034628,0.4306403256608976,0.39554562282139355,0.48457128334685373
Kabale,2031-07-01,17455.652201526806,0.2993976535693928,19.0,0.0,1.0,0.2155097343715705,1.00003,2.00003,-1.2483,29.9856,-1.0,30.0,4.169004126916027,0.6122864542463857,0.002564631172953111,290.6570430828099,2.0,0.00040867033328345886,295.2070881669163,292.1647072269186,292.7542589672264,292.4985086355234,293.54275523145617,0.23831476287708803,0.17981823250599993,0.37192606651313403,0.19284902892074707,82906.88746395138,293.84777343467994,0.1390397977867636,0.5546039912933654,4169.004126916027,2.136931258707433,4166.168258103242,4118.407019623584,0.26971616358831485,0.41721052263926545,0.24335794980813785,0.3796806161511773
Kabale,2031-08-01,17455.652201526806,0.774711238671279,19.0,0.0,1.0,0.5171947022285487,1.00003,2.00003,-1.2483,29.9856,-1.0,30.0,0.8585269607521284,0.23006873396104124,0.0038441909178180936,287.0149694958419,2.0,0.0007916273239393665,292.96545444795186,290.5262941501694,290.5541155595628,290.49938407012075,290.5888560348528,0.7473869764887805,0.27006788923230324,0.30271741114576434,0.2612156931141254,82813.64016072682,291.9082806468285,-0.15341587219429736,0.002571570270924699,858.5269607521284,-3.5571423111287,863.0414864017646,834.6430155858397,0.060207831196332696,0.5280099634121552,0.1538495099644941,0.09652199054068186
Kabale,2031-09-01,17455.652201526806,0.5569821453436634,19.0,0.0,1.0,0.46041573966563687,1.00003,2.00003,-1.2483,29.9856,-1.0,30.0,0.46189640633225126,0.12003072508276155,0.003864955398137226,285.2078809062205,2.0,0.00037142749679807194,293.60484589015607,289.3337630800759,289.39366043424263,289.39640072638826,289.4718606235229,0.38133120934820913,0.29179291142931324,0.041097643131140914,0.2858195130022603,82965.21678851156,290.4968722686002,-0.8050848989967172,-0.18357178552361567,461.8964063322513,27.19316878347133,466.9109057885164,477.42802925306347,0.03147031889083885,0.5468635935683126,0.08751206870428913,0.06275353090993745
Kabale,2031-10-01,17455.652201526806,0.5926219019101129,19.0,0.0,1.0,0.28652925818868746,1.00003,2.00003,-1.2483,29.9856,-1.0,30.0,0.4167537492893481,0.0745998938271858,0.003753262719446525,285.1515465775703,2.0,0.00012033272621691776,292.65946477225606,289.31416612952086,289.9531598430747,289.6337869812927,289.57284539436523,0.0843338445456172,0.28841343298604777,0.406097733739192,0.4064011959825853,82891.98629321202,290.99957575169265,-0.5154125633597243,-0.2824357471034558,416.7537492893481,-29.276025991545406,448.8683037343034,417.1862461684145,0.026339666196418386,0.5302497238374702,0.13355330570565913,0.061614697386957386
Kabale,2031-11-01,17455.652201526806,0.860895662379902,19.0,0.0,1.0,0.4214397930268928,1.00003,2.00003,-1.2483,29.9856,-1.0,30.0,0.3461056807217506,0.07839527419848606,0.0033333548070420224,288.74733888365216,2.0,5.718372948304368e-05,292.78278562258237,290.54388165364065,290.55908735404375,290.2805230028463,290.58612760764385,0.25294722225769045,0.37104923124922823,0.07512903277803308,0.03500256155625511,83031.7351304652,291.6811557342364,-0.6952145028949047,0.10270663522887542,346.10568072175056,-37.55972454223793,347.7134776934868,356.09574460522174,0.022571848845169183,0.13821613138547084,0.11220352968126188,0.028023358475277392
Kabale,2031-12-01,17455.652201526806,0.7265306927724092,19.0,0.0,1.0,0.11915452367745531,1.00003,2.00003,-1.2483,29.9856,-1.0,30.0,0.6526967959970673,0.08518587731338804,0.004470967069785162,286.87039641605907,2.0,3.841313726987843e-05,293.2372435040983,289.6797660713988,289.94919710517115,289.8912912189445,290.3123659254842,0.173535509439258,0.3977239933464574,0.6461904763266416,0.17251062200858971,83073.34413393843,291.04898217422897,0.03202442250885094,-0.45336448267504703,652.6967959970673,23.66371319291956,658.0190677697432,670.4076622405156,0.040281159758619664,0.8891815908572623,0.12267421497228344,0.07784654513963765
Kabale,2032-01-01,17455.652201526806,0.6165736824970751,19.0,0.0,1.0,0.18093789514788766,1.00003,2.00003,-1.2483,29.9856,-1.0,30.0,1.2918268741380046,0.322091564724451,0.0030680088747164604,287.87329468758713,2.0,0.0003274422010688972,293.1322609532232,290.43549254437494,290.6992289476373,290.8940569903415,290.94539272415517,0.4846225665350602,0.4062020065034314,0.3122313684287954,0.046382997727466915,83026.40501705071,292.00121012078233,0.7404962020587464,0.18881978589332055,1291.8268741380045,8.669563864854904,1302.2782420787191,1257.016768455,0.09004618289726048,0.3651344063171876,0.2042070881855875,0.1329890030573186
Kabale,2032-02-01,17455.652201526806,0.8205626104192266,19.0,0.0,1.0,0.04611346261781873,1.00003,2.00003,-1.2483,29.9856,-1.0,30.0,4.282549667760569,1.139220820963513,0.0035730196284932377,285.849975036888,2.0,0.00038642531981983514,295.9872556201163,293.92288778691614,294.1359330760756,294.14607637136464,294.6234831160669,0.3925839102452283,0.13236188650773995,0.18021497377223272,0.1387303024784495,82856.07822351782,295.48051919110503,-0.19385843324578378,-0.16254823573546273,4282.549667760569,13.628521987763524,4268.064923166459,4276.864680468805,0.305984582206675,0.3761982070947256,0.35614848381707503,0.3535798379505936
Kabale,2032-03-01,17455.652201526806,0.8116311531914326,19.0,0.0,1.0,0.31674683887698407,1.00003,2.00003,-1.2483,29.9856,-1.0,30.0,2.9689421568020946,0.4235919858448337,0.00300347158338144,290.18462059901094,2.0,0.00037808226197033666,294.7760274688821,291.5240952743453,290.89275098203785,291.53049322478216,291.7976554805009,0.41901911802729735,0.3320869297327776,0.22471635990498917,0.04927296593614573,82892.09349805127,292.95122451213194,0.07783769384419341,0.027739959382690242,2968.942156802095,-10.544421609690762,2966.922495424723,2968.4422328031565,0.19092623407094955,0.349041913932661,0.22411783797607154,0.25184573892784273
Kabale,2032-04-01,17455.652201526806,0.5183819512927448,19.0,0.0,1.0,0.09198444561862122,1.00003,2.00003,-1.2483,29.9856,-1.0,30.0,2.1217885498635765,0.2945050206821491,0.004235865065749571,290.9593235264684,2.0,0.0004528413819632864,296.3152440608509,293.57982834469993,293.5330642013028,293.8623437523094,294.133034362609,0.17028903646144528,0.18233911935848457,0.25774831221858524,0.40876582862783695,82785.75181018816,294.8182749737377,0.08607933480322053,0.07688191477235312,2121.7885498635765,-50.38262249091881,2132.8110190165544,2167.4694590690515,0.13548764510381345,0.64917965748611,0.18904693219223595,0.2006584414198751
Kabale,2032-05-01,17455.652201526806,0.37778728386094723,19.0,0.0,1.0,0.006697142814345231,1.00003,2.00003,-1.2483,29.9856,-1.0,30.0,2.587231868046463,0.6236963369225783,0.004519739245365691,291.04976064111526,2.0,0.0005334806298062378,294.81907271054865,292.27484224066626,292.29484928249224,292.28798757020166,293.0481839729647,0.12680539034971586,0.16875597001011833,0.5282452781046739,0.4350887000260784,82780.89068378005,293.6526053518135,0.05082354147423648,0.15510926262740654,2587.231868046463,2.2449021747486015,2591.1869082167036,2602.843646783243,0.18054023156239768,0.35013846487660477,0.32477895106774957,0.25320745554037166
Kabale,2032-06-01,17455.652201526806,0.6601096325652995,19.0,0.0,1.0,0.08720775343938394,1.00003,2.00003,-1.2483,29.9856,-1.0,30.0,2.786858708811233,0.5837514453174643,0.0042819842426944235,286.2294466105378,2.0,0.0003403600835928598,293.0289181052872,290.84250932254264,290.97546112009206,291.84679078996083,291.6333508303468,0.23590267948098817,0.14899848707478672,0.3601359006079998,0.3090944783111693,82852.05195445697,292.8119777982534,0.3450473988013415,-0.39280364056223177,2786.858708811233,45.678918939482685,2792.020125286198,2840.4188829121376,0.18961027550116608,0.7087403684158592,0.27693735655334134,0.24701498996706825
Kabale,2032-07-01,17455.652201526806,0.290158427329766,19.0,0.0,1.0,0.18111249227568443,1.00003,2.00003,-1.2483,29.9856,-1.0,30.0,1.1029560017089333,0.16890564677047,0.003504101843704025,288.5619521267973,2.0,0.00030612680539348497,294.66882149175854,292.1556153137844,291.98461479425663,292.66459650441544,292.98393923672495,0.25992351556712323,0.1327620260193251,0.1189159388472735,0.5689215326638926,82920.39656009112,294.01718946313406,0.8723275309543446,-0.762315659860521,1102.9560017089332,4.26469532883184,1093.8668392662269,1104.1331433535324,0.07062127514752313,0.48728496296028134,0.12082991527705367,0.13324566835219165
Kabale,2032-08-01,17455.652201526806,0.701130481135717,19.0,0.0,1.0,0.24551716090077796,1.00003,2.00003,-1.2483,29.9856,-1.0,30.0,1.7770612379352773,0.4416129256187392,0.0036510782735589874,287.6730096855907,2.0,0.0005310681658999327,293.80980621737325,292.1031664334705,291.585326510025,292.01164456523486,291.97511308622256,0.46714586511726364,0.33932387726634367,0.17752811643867975,0.17717199773211506,83078.35000132963,292.8735583409165,-0.39826065385177145,0.17375789911345446,1777.0612379352772,11.46993748183348,1771.6246106189183,1831.9677902334934,0.12431258276844193,0.4470229815455396,0.18790411894758027,0.16506727638461285
Kabale,2032-09-01,17455.652201526806,0.7635475020529118,19.0,0.0,1.0,0.43505516450198584,1.00003,2.00003,-1.2483,29.9856,-1.0,30.0,0.6559432029100487,0.10755540565421819,0.0032557539388602284,284.6800620659191,2.0,0.000394933495902301,294.70531447310424,291.63756090835165,291.71278174003146,292.49724970542206,292.06780136408446,0.2628436428027982,0.1483549074450839,0.24730634978342347,0.5359342347719495,82938.75279582421,293.0989932319408,0.36867388002903567,-0.28587344470904097,655.9432029100487,47.91022030996445,660.7107673896692,686.9526182404109,0.0418029215455859,0.5319124544851357,0.14301651967525153,0.07088001311636989
Kabale,2032-10-01,17455.652201526806,0.8812137688490713,19.0,0.0,1.0,0.5390125885422853,1.00003,2.00003,-1.2483,29.9856,-1.0,30.0,0.5822862398212857,0.16461960507836676,0.004840818905675711,287.51035960313135,2.0,0.0004629596462301087,289.9493014396229,287.60300771174127,287.638738131687,288.0058618733145,287.72245841270296,0.30277956140753476,0.34416902446913933,0.07891643606894372,0.1269910227141988,83005.89280641174,288.95356684374923,-0.206908818027098,0.5859010852088394,582.2862398212857,54.46040520094682,576.4268101797855,586.5276601103254,0.04077194349780815,0.5049210796389774,0.14882405142172908,0.0490201499580279
Kabale,2032-11-01,17455.652201526806,0.7050716266952872,19.0,0.0,1.0,0.13498358819946135,1.00003,2.00003,-1.2483,29.9856,-1.0,30.0,0.6109346914002758,0.1809274199757319,0.0046117685069485765,288.0726322929988,2.0,0.0002482150886606818,291.2673139251557,288.68514667256886,288.7012696833823,289.20120375301093,288.8635514325534,0.5420335972692306,0.36994470330276163,0.37378633176864506,0.37103015915458937,82889.21389710736,290.0230745093436,0.6881480389063994,0.15152521181007483,610.9346914002758,10.550358985267346,607.6839662294794,666.9516300157001,0.04333468466588941,0.25502491587604503,0.18500747484325236,0.08254298463682778
Kabale,2032-12-01,17455.652201526806,0.8422132592629795,19.0,0.0,1.0,0.3620873069539175,1.00003,2.00003,-1.2483,29.9856,-1.0,30.0,0.10849423323767518,0.01906109336191719,0.004710424534091449,284.1841822362803,2.0,0.00010704067646514635,294.270156939911,290.6436034716845,290.481616909863,290.69547957362744,291.2521085776133,0.24879582091105484,0.22958982491414137,0.534844297733746,0.8754785591005432,82801.90290814739,291.9091747958449,0.23127396139887482,0.18853045481419992,108.49423323767518,11.977978194569301,117.92519146156974,102.86632323492682,0.005652107820148324,0.41174470758191795,0.11930104793400653,0.03918771849551615
Kabale,2033-01-01,17455.652201526806,0.8525025110555856,19.0,0.0,1.0,0.827048139620162,1.00003,2.00003,-1.2483,29.9856,-1.0,30.0,2.47750627660618,0.7305402070538688,0.003739569413504887,286.0458381823117,2.0,0.00010705481517883841,292.47667780281705,289.8461015134894,289.4929305168266,289.8748041267683,290.0404925364413,0.1019163763514245,0.16938299196778012,0.31999602495437646,0.06089370830660354,82966.04889823457,291.34108929806797,0.04239886451307172,-1.2602192353095325,2477.50627660618,3.1190965719346333,2459.465911172757,2474.2437459211715,0.18042103946948446,0.385298486831562,0.2160978373386468,0.1998817293132465
Kabale,2033-02-01,17455.652201526806,0.9312324214458797,19.0,0.0,1.0,0.14771404421775688,1.00003,2.00003,-1.2483,29.9856,-1.0,30.0,0.2039735970658305,0.022591100962658015,0.004617620665084651,289.33351788470196,2.0,0.00021120874084347706,294.2158879318566,290.8263931154192,291.26827907723833,291.60775573154444,291.1936226247615,0.15840945008098284,0.25338555501324833,0.22195273315269753,0.311895451434945,82861.60563779365,292.33784399150915,-0.08170361536565612,0.09045533761251262,203.9735970658305,-21.66831676650783,206.28131196908012,188.3114399308797,0.011272810341378087,0.5707056010697128,0.10746752365923032,0.017544171323571202
Kabale,2033-03-01,17455.652201526806,0.4651230914282766,19.0,0.0,1.0,0.13370251074414813,1.00003,2.00003,-1.2483,29.9856,-1.0,30.0,5.304092836003557,0.9174182188902115,0.0033236354969643942,286.95794201136073,2.0,0.00042184211000263343,292.96222114024783,289.5157495347152,289.8495869080289,290.36088470819044,290.23920294523197,0.2969860944019887,0.34122796121358734,0.2885988523391083,0.26952643939988885,82906.87500567635,291.31295878757606,-0.5439667293145374,0.19106563794540177,5304.092836003557,3.0087478844292783,5314.899689429698,5278.335249234658,0.3513570023084531,0.5311669163400962,0.3440871227368411,0.46735493054601396
Kabale,2033-04-01,17455.652201526806,0.8420148604634002,19.0,0.0,1.0,0.0536048875285829,1.00003,2.00003,-1.2483,29.9856,-1.0,30.0,8.38565907821435,1.535974423553584,0.003954814471574838,290.7359205289763,2.0,0.0004634474278459023,295.90096467405516,293.04864285268565,293.6577318398197,293.2219509135882,293.745692928664,0.29488197343351685,0.48056055943735365,0.125814568572762,0.25730173191728084,82936.38404342927,294.64729210066184,0.2771272380132605,0.40452714454388927,8385.659078214348,60.577653265338846,8379.6736592411,8397.672038030038,0.5611782280710982,0.695851075747434,0.5028617977734539,0.6941374180751283
Kabale,2033-05-01,17455.652201526806,0.542546737399054,19.0,0.0,1.0,0.24521278589926904,1.00003,2.00003,-1.2483,29.9856,-1.0,30.0,7.709197909310175,2.2374205369103124,0.0035409955397770906,287.42767641168086,2.0,0.00013568752981181367,298.75035352800865,295.1391626531869,295.95749366048193,295.6385239189158,295.92561296838477,0.2320390345097444,0.2756614392020129,0.1790340546316495,0.3816601101453013,82738.82829343811,296.9729918766832,-0.26451232531938884,-0.09286838170924931,7709.197909310175,-39.102544086982,7712.570160360548,7677.954971214239,0.5626187503700427,0.4555713117965292,0.6886417641799408,0.6550773924517833
Kabale,2033-06-01,17455.652201526806,0.7884194899642119,19.0,0.0,1.0,0.29726297397249934,1.00003,2.00003,-1.2483,29.9856,-1.0,30.0,1.3922128239039477,0.2933473062824595,0.00405135875880268,288.0064076196085,2.0,0.0004283638814060037,297.0920466211595,293.64428452583945,294.13455524054365,294.7235611825933,294.9047335676734,0.04194169511014404,0.41255902126308025,0.4771036821827574,0.45335595913752147,82918.867044751,295.35888579656785,0.3104987829363677,1.3715564362318728,1392.2128239039478,-33.45826567051159,1415.2045821754693,1403.1541771002023,0.09405365817904036,0.5093864807517227,0.21884241968372367,0.1341161278996826
Kabale,2033-07-01,17455.652201526806,0.40698092319793344,19.0,0.0,1.0,0.20035911075582338,1.00003,2.00003,-1.2483,29.9856,-1.0,30.0,2.8836723815001433,0.4684730962165568,0.005006624631596515,287.9348367953932,2.0,0.0005356591194234233,294.07177943833545,291.28571530202856,291.3594775011036,291.60272421488156,291.44012603897494,0.27608717303014446,0.4168914805777367,0.5932817385306541,0.06062187909024173,82752.50493202897,292.3026924650717,0.2835109164516133,-0.4727341699973291,2883.6723815001433,-13.559656592057365,2905.7446964777464,2866.367234190058,0.18852192965003547,0.3527824713747021,0.22182857116116597,0.27778421125158254
Kabale,2033-08-01,17455.652201526806,0.7639828117715541,19.0,0.0,1.0,0.3364748732451321,1.00003,2.00003,-1.2483,29.9856,-1.0,30.0,1.956808204083449,0.45160056070758453,0.0034303671964575127,286.4882078831272,2.0,0.0006644193321090653,293.637295219495,292.22239623591827,291.71119487555643,292.52958578096,292.51897304642404,0.3337468439477591,0.3371967111648457,0.47444719309450345,0.034179882498029064,82954.63388555558,293.2669883484471,0.06310025278864831,0.7627955763945085,1956.8082040834488,-25.936042410208138,1984.6157164459821,1874.1143201707275,0.135086133395716,0.5679800887519355,0.24788142806476146,0.17632530933196458
Kabale,2033-09-01,17455.652201526806,0.7660513357424626,19.0,0.0,1.0,0.3446625907736067,1.00003,2.00003,-1.2483,29.9856,-1.0,30.0,2.5562501629842123,0.6528018292439303,0.004486894811161965,289.33609477289104,2.0,0.00025738684200612885,291.4550581877683,288.9158343292642,288.6601952581128,289.29953761168076,289.3439752794032,0.21797442572788486,0.3444678254556795,0.47359198770538247,0.0803571693100165,82970.70588584011,290.41615566932546,-0.8594549780144407,0.0886486065736542,2556.2501629842122,7.132048779187357,2561.0804701790403,2521.0356230712596,0.1804356826475242,0.39650823679008224,0.26831241760853153,0.2233684908951913
Kabale,2033-10-01,17455.652201526806,0.4949778742105614,19.0,0.0,1.0,0.36098861866318893,1.00003,2.00003,-1.2483,29.9856,-1.0,30.0,0.093471544555344,0.011853739214113248,0.003272050132525687,285.2355671618823,2.0,0.0006536024943012409,289.3852393189866,287.0400609290671,287.041644981016,287.804071205769,287.67000966161004,0.1978028586243845,0.35203220820386727,0.28622523775216274,0.3060759788484725,83112.72974137496,288.5534405306657,-0.3775169979552493,0.9483020342869641,93.471544555344,-5.1978077516528565,92.00315847776196,56.49791283043722,0.004472882613378257,0.24052104188860243,0.05825397820179978,0.04017228457538461
Kabale,2033-11-01,17455.652201526806,0.5421905322612784,19.0,0.0,1.0,0.09183960020781172,1.00003,2.00003,-1.2483,29.9856,-1.0,30.0,0.4373696948877489,0.12206420485067065,0.004279811854302355,286.5947645526725,2.0,0.0001763556914405226,291.9891369842434,289.64361701807377,288.82901151838723,289.90517012559144,289.65597986621145,0.11292178549390425,0.2923706889953305,0.14286846084844715,0.0326400074185401,82882.0671972127,290.74214212884516,-0.198870142122766,-0.29224960781097514,437.3696948877489,27.03951820911955,461.2113989293195,361.5295572171342,0.030171058321257056,0.3577961634095426,0.09479688033663976,0.05100015299816753
Kabale,2033-12-01,17455.652201526806,0.3607825135781927,19.0,0.0,1.0,0.18230865679415464,1.00003,2.00003,-1.2483,29.9856,-1.0,30.0,0.24728973292692236,0.03685349096629315,0.0023496454958454706,284.29481058223075,2.0,0.00013975382094555454,292.47682227711357,289.47139341219787,289.6279116772526,289.78653701426106,290.16924400918043,0.013919694437497764,0.18140475713675108,0.32960758112743166,0.3203991660277879,82913.03572026572,290.86981508226313,0.1888092032100465,0.2218378634440581,247.28973292692237,14.155242478730013,251.08298208387362,254.6180317960382,0.014667078713764773,0.45778900730183986,0.1192758545738999,0.053330700833968965
Kabale,2034-01-01,17455.652201526806,0.40479119510951733,19.0,0.0,1.0,0.024521823387396408,1.00003,2.00003,-1.2483,29.9856,-1.0,30.0,5.959685194489305,0.9597403547611716,0.0037585569395836545,288.60703249699094,2.0,0.0002680622761940996,291.0493329960205,287.7229647636723,287.56660686987107,288.3619470911614,288.81391149015394,0.14509952384221858,0.1563348919749312,0.12922238811030126,0.47689603454390433,82653.61133053157,289.2153325590498,-0.19986399120746226,1.0600798539368377,5959.685194489305,29.85736425550153,5951.306111556732,5947.1144269440965,0.390915419489508,0.2577784727642933,0.3491483770802051,0.5170384053146466
Kabale,2034-02-01,17455.652201526806,0.5229223382369038,19.0,0.0,1.0,0.12519722986352094,1.00003,2.00003,-1.2483,29.9856,-1.0,30.0,0.8222792250881928,0.1359020682364133,0.006117181539989773,286.52957041882297,2.0,0.00047157523343087853,296.25977214866595,292.95273567052664,293.0130737573752,292.9543907077407,293.9453530108003,0.3279135926946254,0.34653265150168977,0.5228434492153491,0.3364544538499196,82867.48407660241,294.36714446888016,0.13841957406512057,0.6167753486845341,822.2792250881928,28.166916985753225,812.6384952565388,873.2015918813503,0.052682301544049445,0.4396796070327647,0.13489687549148763,0.10772691279369163
Kabale,2034-03-01,17455.652201526806,0.9275270389320995,19.0,0.0,1.0,0.5440279303409408,1.00003,2.00003,-1.2483,29.9856,-1.0,30.0,1.1373268696728263,0.33565671303186617,0.00388737994927087,289.5228845048261,2.0,0.00027131296172502693,295.4692955103255,292.2737168399624,292.76993159952343,293.67776025683963,293.2284051558098,0.5710185661647186,0.2364894202310237,0.20304472775428709,0.044932579440356335,82978.97857458626,294.143157291091,-0.5319424558399518,-0.585652297772471,1137.3268696728262,-29.34010249165448,1138.7386008753147,1151.8591961088925,0.08200641646423723,0.3388388596558687,0.14689916107437725,0.09650925406057158
Kabale,2034-04-01,17455.652201526806,0.36927970867265414,19.0,0.0,1.0,0.46846851239720466,1.00003,2.00003,-1.2483,29.9856,-1.0,30.0,0.9433654526229717,0.1959695506144394,0.004473715026538926,291.59557365340686,2.0,5.239280037289111e-05,296.7772520528207,294.15002853045036,293.88394168402795,294.51336801565003,294.4379577702616,0.15222747140947313,0.19689612363664075,0.305547537793212,0.37088974278092474,82970.22043139226,295.3794056571208,-0.5104408509957548,0.39357452494826844,943.3654526229717,-9.440570539932615,933.8428657586378,926.5849682288422,0.06304986963550868,0.6298810901343351,0.15853446232140977,0.11403389052710027
Kabale,2034-05-01,17455.652201526806,0.842603594113116,19.0,0.0,1.0,0.3848729519349124,1.00003,2.00003,-1.2483,29.9856,-1.0,30.0,0.8820579036681849,0.21411216487143628,0.003612862423349418,288.7489779002867,2.0,8.737178644529004e-05,294.46774445636424,292.6954804086222,292.86456914975656,292.6079542793444,293.1051044168521,0.47583682511696423,0.4734192068904832,0.26232955327807184,0.1278482963665178,82830.17262037686,293.95956150270746,-0.36758678093668956,-0.07760195643337904,882.057903668185,39.852558000232825,882.673230011837,935.5526572156938,0.06065054126382901,0.6711356928943212,0.16191853774929912,0.08814107868286636
Kabale,2034-06-01,17455.652201526806,0.7113735443570252,19.0,0.0,1.0,0.181266123604013,1.00003,2.00003,-1.2483,29.9856,-1.0,30.0,7.319807115678192,1.633217483212432,0.004516285897407374,291.0000947846478,2.0,0.0003040581392956971,295.70934156156994,292.3557830438464,293.1736511812999,292.878426890044,293.039572551312,0.11361951059850244,0.28849079295743274,0.24328967837630527,0.16735078154309133,82711.56699810471,293.9479581903866,-0.3468483585443504,0.5855652232073614,7319.8071156781925,-32.85041658950526,7322.878489500543,7309.547736098669,0.5062105308437485,0.3835736323684667,0.49398545948153005,0.6065897056152233
Kabale,2034-07-01,17455.652201526806,0.8911964357077782,19.0,0.0,1.0,0.6246628656745905,1.00003,2.00003,-1.2483,29.9856,-1.0,30.0,4.974886264067521,0.756856437935847,0.004114985368377276,284.77773119302185,2.0,0.00044460003995126394,295.7512454649578,292.85928855513055,292.81324098496174,293.3313372167457,292.3223484186277,0.592794666337981,0.03629283224147132,0.49125418285484274,0.23748291171318694,82756.485440713,293.9602485627492,0.16898090830668921,-0.034334927250470486,4974.886264067522,8.876191786377335,5000.07879170576,4965.871367098767,0.3235343016478613,0.6925980408081785,0.3354927602590702,0.41867213487098365
Kabale,2034-08-01,17455.652201526806,0.8212518381204645,19.0,0.0,1.0,0.5035103726534036,1.00003,2.00003,-1.2483,29.9856,-1.0,30.0,1.1107700674219856,0.19972783655583523,0.0032655445091951704,286.5267679546723,2.0,0.00021733117411922476,294.82227009248544,291.6605941826638,292.28604679517036,292.250986142024,292.7672183656307,0.12182243063567337,0.2798240022650746,0.4434481681888317,0.4906097732409713,82778.9517410058,293.36276404718654,0.740097259619602,0.11081982744466025,1110.7700674219857,15.288027342603144,1127.4050242088408,1114.2683912909538,0.07282610826895099,0.39370427466989866,0.20268219885334265,0.1079593257945008
Kabale,2034-09-01,17455.652201526806,0.5745394706448416,19.0,0.0,1.0,0.41337200363379467,1.00003,2.00003,-1.2483,29.9856,-1.0,30.0,1.63231356018105,0.320989942139851,0.0042742150351301675,286.0941948942581,2.0,0.0004334948901318393,292.95943725214005,289.5892333937502,289.65692270182615,290.20552073919674,290.2954057547444,0.29159444985021393,0.08433977088880636,0.13636646761983864,0.467554897470736,82962.32554234585,291.3526742891758,0.45116288056519294,0.19182751193339448,1632.31356018105,-6.664307123224633,1624.9353683588329,1608.2133009223357,0.10922641532029051,0.34769989408345375,0.14112585200137936,0.15640432750399866
Kabale,2034-10-01,17455.652201526806,0.656950144206808,19.0,0.0,1.0,0.245231100156398,1.00003,2.00003,-1.2483,29.9856,-1.0,30.0,0.4797179752875678,0.05330440341673674,0.002796923989243539,284.9598374556491,2.0,0.00024679828274865235,291.7893736509549,289.25124070536936,289.51810413543524,290.1006105441801,289.96483234762496,0.06465800915275982,0.12128005848996319,0.27310198591884677,0.08942527291805139,82929.21686518472,290.6056977766749,-0.07146011612868901,0.10363437656510742,479.7179752875678,-13.194683290263479,475.5426455442799,434.2711703152789,0.028757200039307807,0.21209478238101986,0.11614292400840721,0.046620366278565036
Kabale,2034-11-01,17455.652201526806,0.8350900657953649,19.0,0.0,1.0,0.07220501868936123,1.00003,2.00003,-1.2483,29.9856,-1.0,30.0,0.442813842701653,0.0461289340427626,0.0037391077305132013,285.5916464529337,2.0,0.00020443148513658873,292.2642610268271,289.71557344109556,290.212371641717,290.21874921076017,290.2039426639476,0.23550552741376407,0.5169258487532344,0.3131339004927776,0.3706975356908867,82821.28764496798,291.07697892782693,-0.41195870364205045,0.03938311481867068,442.813842701653,14.683894293830802,412.4907984311047,487.0812315922941,0.026203733744142407,0.544600710662215,0.12341371694808774,0.05532094916924089
Kabale,2034-12-01,17455.652201526806,0.7217184921001647,19.0,0.0,1.0,0.43069584956932044,1.00003,2.00003,-1.2483,29.9856,-1.0,30.0,0.46117690574480297,0.1203566112629999,0.00326503265132328,284.3033093048938,2.0,0.00040878440625131404,291.93994105137784,289.30670468405975,289.4737798655144,289.508640955017,289.6652994287462,0.3045477583037114,0.16972097828522803,0.4858835030578601,0.43881052680431437,82906.75397790699,290.81275128496395,-0.013958461983740341,0.8120098997363221,461.176905744803,-57.150063299840625,467.8521856434306,449.1415985817666,0.031482019923647436,0.5756694506148891,0.14959895576631116,0.06278536281048556
Kabale,2035-01-01,17455.652201526806,0.5772485891391579,19.0,0.0,1.0,0.2972416950465454,1.00003,2.00003,-1.2483,29.9856,-1.0,30.0,1.7295022461256346,0.3268904895244527,0.005729047256192631,288.8579519780814,2.0,0.0006779700965864507,294.7662177045201,290.84247567110754,290.4078439169789,291.22922858567995,291.2563348203346,0.31087201205299675,0.4484283186190939,0.2609656654755728,0.2053974707852865,82881.43204078157,291.94716636651583,-0.2296130552676162,-0.8532445638399985,1729.5022461256347,-19.38418961466436,1717.9323540022742,1706.6429291744353,0.11499073616223873,0.35284442960038365,0.13614224561450225,0.17039748193308166
Kabale,2035-02-01,17455.652201526806,0.8206472550400226,19.0,0.0,1.0,0.12140839836802744,1.00003,2.00003,-1.2483,29.9856,-1.0,30.0,3.13421810292507,0.5407991902122425,0.004342784043823959,290.33955421810526,2.0,0.0004035537746601181,295.2196855318128,291.97661908265354,292.4773420959005,292.65662094402245,293.057425669645,0.7239317937730971,0.4018000020465604,0.2170764936491064,0.5494097384650974,82729.49912272615,293.9131775813916,-0.08505903761561269,-0.4710066650592835,3134.21810292507,-4.743788931492075,3172.0137176097505,3138.265316415214,0.20687165478944455,0.20179337848858345,0.27194181958466107,0.28679283688340773
Kabale,2035-03-01,17455.652201526806,0.7386902844038191,19.0,0.0,1.0,0.13722276788874038,1.00003,2.00003,-1.2483,29.9856,-1.0,30.0,1.4154454560284437,0.22472827043174506,0.0028549320835174604,289.48196298923676,2.0,0.00040814425844119026,294.1863731950019,292.126484094533,292.02148621821254,292.8891712992386,292.3309036003388,0.5884929731448646,0.10400191952567202,0.33560871261694397,0.19207115177940598,82860.33038200348,293.48203549836285,-0.5852308546443119,0.06646423241375053,1415.4454560284437,-7.872639297955265,1412.8842797034238,1375.884904200658,0.09154736894092189,0.5157848920012795,0.1723403593440886,0.1348512173443459
Kabale,2035-04-01,17455.652201526806,0.6927582772997427,19.0,0.0,1.0,0.3287430664397776,1.00003,2.00003,-1.2483,29.9856,-1.0,30.0,3.8251429696789936,0.5595825911845453,0.006593385745449352,291.1008394293514,2.0,0.00023685232407164028,293.79051594374585,289.91522407783134,290.03829250271053,290.5697648319544,290.39256685545155,0.8760218844435868,0.539083975261458,0.4159559601363808,0.2766623084916133,82847.70228995368,291.32182382315614,0.34775574663166664,0.039655738201403556,3825.1429696789937,-0.13011085504178815,3828.5121746773434,3880.609191343461,0.2469959918701861,0.4353968345440674,0.26610619684790193,0.356297101543345
Kabale,2035-05-01,17455.652201526806,0.7199146762771443,19.0,0.0,1.0,0.33074111325738564,1.00003,2.00003,-1.2483,29.9856,-1.0,30.0,4.257509344072435,1.0927761155514826,0.0032753177575900747,287.9779835620654,2.0,0.00046077532318322,294.726441467809,292.0074867746827,292.52689950848526,291.90911147083443,293.09445778606846,0.29252158738965856,0.23648922645667325,0.12734875631384313,0.20838814012366227,82926.74378800052,293.60606280877226,-0.2842384150702411,-0.3740630579746211,4257.509344072435,-19.409100536563876,4269.728292721282,4270.21181973519,0.30194710484117476,0.35737776696231943,0.3438046391447614,0.35821488028019177
Kabale,2035-06-01,17455.652201526806,0.6565059162275713,19.0,0.0,1.0,0.21669425943160545,1.00003,2.00003,-1.2483,29.9856,-1.0,30.0,5.426984181075409,0.7565388305258143,0.00371624823717829,290.7730218165239,2.0,0.00018628406991262576,298.11529449531156,294.1595663042343,294.48715345402485,294.2484607592457,295.6218434373044,0.30089972665292486,0.449409580140237,0.5823807044354936,0.08581464131477945,82739.959560147,295.96570386899697,-0.555079821822668,0.38983825797144395,5426.984181075409,35.71629451572237,5477.633689704818,5405.269827139097,0.349180195901517,0.404485888190146,0.2761023300284809,0.4713241767156877
Kabale,2035-07-01,17455.652201526806,0.7293384936946539,19.0,0.0,1.0,0.09760630545757983,1.00003,2.00003,-1.2483,29.9856,-1.0,30.0,3.576869628864334,0.6029494129287485,0.00505969868580414,286.7853629467484,2.0,0.0003380381954635291,296.3949155515273,293.5966918241479,293.826154124689,294.1911156975452,294.2699187634228,0.2264791222562604,0.2656654970572781,0.3505343230086611,0.13391519651174982,82852.14094483694,294.94378667192404,0.2544174472704034,0.1636598713639446,3576.8696288643337,-5.945347053710517,3570.7067708772865,3607.1427312161754,0.23546145000774327,0.4440191597390056,0.21315427590926178,0.30510088740734753
Kabale,2035-08-01,17455.652201526806,0.8969655313331211,19.0,0.0,1.0,0.2812234832951653,1.00003,2.00003,-1.2483,29.9856,-1.0,30.0,1.2342350937184485,0.23271608484537668,0.004508267321463349,289.99405902400525,2.0,0.00022239563318315515,293.7167391465799,290.3952488336616,290.4318336890376,290.6256617924373,290.4446065808619,0.16898705489656682,0.14153454851274683,0.3149389171865342,0.292026231566285,83025.9045004064,291.4354048939646,0.4949754272000539,0.7626516460372957,1234.2350937184485,-5.965425712765129,1201.9399521387868,1242.8481128404862,0.0816290668019365,0.5122643789777027,0.16264912120043631,0.10275063897108022
Kabale,2035-09-01,17455.652201526806,0.4234067282939267,19.0,0.0,1.0,0.5732780996284671,1.00003,2.00003,-1.2483,29.9856,-1.0,30.0,0.4793482444032827,0.1262820342947793,0.0031919465709099627,286.124388009648,2.0,0.00015968089613741275,292.81813412744,290.41497521374004,289.8638788001906,290.07317230153603,290.4603258415381,0.22138747540723022,0.511890964993379,0.2636302201492131,0.13355576815901535,82850.16770270576,291.4588918170752,-0.04116527500860265,-0.9379045464238157,479.3482444032827,-5.2382095379263856,470.49785486692036,504.04709423394263,0.03285284275265181,0.6178739007554734,0.1336431780301177,0.0756416003432424
Kabale,2035-10-01,17455.652201526806,0.7527904709475137,19.0,0.0,1.0,0.5420740883546857,1.00003,2.00003,-1.2483,29.9856,-1.0,30.0,1.1924919223779649,0.2042030157098342,0.004694211042945226,283.59515277938056,2.0,0.000492043927075765,290.2920818546977,287.41106888898315,287.8520756034965,288.5854511957694,288.2112456401596,0.1097331072103983,0.22750273420150993,0.2020127696979587,0.2974569288979502,82769.4487562417,289.4927088617976,-0.20772524151937474,-0.6681659446077225,1192.4919223779648,-27.552298889813976,1194.6479839452777,1179.9572168136833,0.07763385114567388,0.4366742496267179,0.11941651905345627,0.10609847998201524
Kabale,2035-11-01,17455.652201526806,0.5631921338177541,19.0,0.0,1.0,0.13785902421316068,1.00003,2.00003,-1.2483,29.9856,-1.0,30.0,0.5107115511817156,0.08748296421948863,0.003980846909598659,285.50867767223997,2.0,0.0002900145623985602,289.87300547407193,286.89208763894004,287.012599002805,287.5796456769658,287.7666540033536,0.13825368874759977,0.3579362923584815,0.29065633434648014,0.25707837802551853,82909.01104292311,288.8131878307552,-0.7682298517730609,0.02812266878658943,510.7115511817156,6.535112563680266,504.4938079197008,544.5070879922866,0.03238637077568844,0.46084673946046756,0.0972706678579641,0.06746244765175907
Kabale,2035-12-01,17455.652201526806,0.9217929198284033,19.0,0.0,1.0,0.6121494090889728,1.00003,2.00003,-1.2483,29.9856,-1.0,30.0,0.21473441561395715,0.041232099724293786,0.0036531256081099063,283.2484959458712,2.0,0.00027710158244851165,293.8458773614184,289.92379259142473,290.147651523227,291.0468053294039,291.2184568439777,0.3346036882243078,0.1937523984001165,0.10710629939903613,0.17319171765107713,82974.6316522559,291.6877537128378,0.39208508686223814,0.014436240087233912,214.73441561395714,36.59751965435807,223.0638284641614,254.49368553198929,0.012995073328715172,0.5175661557992015,0.13171928340636782,0.015512500550537623
Kabale,2036-01-01,17455.652201526806,0.7349316328520192,19.0,0.0,1.0,0.45452930730363766,1.00003,2.00003,-1.2483,29.9856,-1.0,30.0,1.7547560302583332,0.2545328997410307,0.004181271159514055,285.99744316197246,2.0,0.00038254748324132153,290.8614351521375,287.8663861764518,288.1928417185412,288.96497195241835,288.5532963164171,0.2857430601285047,0.17347034772589728,0.3873918457661389,0.4403731107972937,82786.69248269078,289.7166052704721,0.24635967328351255,0.16225216118540647,1754.756030258333,9.704200835848557,1785.5119800250059,1740.9106362006858,0.1124069695657748,0.4768305451527304,0.18295874183268912,0.1643885856134841
Kabale,2036-02-01,17455.652201526806,0.9815037351637143,19.0,0.0,1.0,0.06398296357391793,1.00003,2.00003,-1.2483,29.9856,-1.0,30.0,2.2143557849199413,0.5477879417687669,0.006354711397744092,286.6221896546446,2.0,0.0003999149163811938,292.9363563323736,290.1801836696986,290.1103390563606,289.9855242206565,290.71831370798867,0.21330925238117615,0.43026150862373763,0.3353915598529698,0.3275187253650947,82914.51486961704,291.36614339865116,0.04104344981371576,-0.39010857406882077,2214.3557849199415,-22.14925206185322,2221.913683932529,2216.911662819065,0.15498279174285107,0.7826509654167133,0.28476100506715435,0.18723414226143956
Kabale,2036-03-01,17455.652201526806,0.891318583937674,19.0,0.0,1.0,0.13167321919834513,1.00003,2.00003,-1.2483,29.9856,-1.0,30.0,4.145190012877203,0.9431669260974609,0.003766208632400283,287.52323555916234,2.0,0.0007753400279070846,292.2789066826021,289.36123450100854,289.9071509372048,290.3987097056074,290.3439905573731,0.23645039134118398,0.1558310932052008,0.13840082450337965,0.08768777811244814,82924.22442324896,291.23456531533316,0.3512515095316789,0.9773312717312448,4145.190012877203,26.564300143334062,4154.030556986247,4147.435567243671,0.2870636631453783,0.3291411064861783,0.3799912380511666,0.33235053773946976
Kabale,2036-04-01,17455.652201526806,0.5039073578977173,19.0,0.0,1.0,0.10039334465241453,1.00003,2.00003,-1.2483,29.9856,-1.0,30.0,3.4623365342522283,0.3469895098977066,0.0025179267245175737,289.467609562864,2.0,0.00020635796428192626,295.4399714798703,291.60953171975865,292.4684355866071,291.5248803649009,292.0904451399794,0.12565199645773475,0.37811311631283545,0.3334903456911791,0.20447232355214648,82907.1231397459,293.1470841958471,-0.2692632267842393,0.7575881967217779,3462.3365342522284,49.46628218871258,3474.128342466202,3516.262879592808,0.214592640865434,0.3871595967263075,0.16385725333342616,0.3111949710536931
Kabale,2036-05-01,17455.652201526806,0.8437939397783425,19.0,0.0,1.0,0.438654504213658,1.00003,2.00003,-1.2483,29.9856,-1.0,30.0,2.046145365732073,0.6050182671909733,0.004405029604444193,288.04608120248344,2.0,0.0002458391789491038,297.7072351381412,294.29607810015636,294.1376007264534,294.6412636511951,294.5648824767983,0.19200885690976938,0.27121693008843323,0.40847797888206255,0.2368823073140049,82984.39892521192,295.57884983940454,1.1985119591005933,0.2410198986098246,2046.145365732073,-19.97247245232826,2061.5725508699247,2050.7411599488155,0.1487989969914079,0.28953567213480014,0.236297648474474,0.1769189882244191
Kabale,2036-06-01,17455.652201526806,0.5161457383212594,19.0,0.0,1.0,0.14340798138491515,1.00003,2.00003,-1.2483,29.9856,-1.0,30.0,7.049067173997398,1.0938458782156457,0.0068396229148079135,289.76609950825963,2.0,0.00033105884735141084,296.40440189750564,293.65620890083426,293.6863477896199,293.6990610923779,294.37246697673754,0.06004377406450274,0.20995765750593892,0.2971069241982288,0.3979536631554951,82986.16488623232,295.0642720046394,-0.7110376637129133,0.29290864873372535,7049.067173997398,-52.34243625325251,7072.097179746976,7023.160123206101,0.46013228094264846,0.6159350450045883,0.3815596399072719,0.6003469366787545
Kabale,2036-07-01,17455.652201526806,0.5486500960139131,19.0,0.0,1.0,0.16884054742645313,1.00003,2.00003,-1.2483,29.9856,-1.0,30.0,1.1859084815864127,0.2815912210456805,0.004156325143955444,289.859421680264,2.0,0.0003255747137348455,294.97202284200904,291.8736663408883,292.05590626803803,292.1842733650413,291.44908258415865,0.3639982768388718,0.1722246235337597,0.39277160753732393,0.20323295744440026,82868.81729471254,293.10687096868946,0.1729718339900333,-0.06503542064176634,1185.9084815864128,-13.353041040322392,1202.8053479433502,1190.1251736826152,0.08168013785948597,0.565766398628113,0.1656052979971158,0.1255352642575955
Kabale,2036-08-01,17455.652201526806,0.8270440297173607,19.0,0.0,1.0,0.08462693520657891,1.00003,2.00003,-1.2483,29.9856,-1.0,30.0,2.1498257348940912,0.23206472475520243,0.00515423480489976,287.3151370917233,2.0,0.0004461708250428372,293.29989483090134,290.617867466218,290.469862344712,291.1984918304482,290.9191522129963,0.37871172511240353,0.6350049367816798,0.0617354825198027,0.35177307902990523,83106.02140726247,291.96262199535386,0.9989741022564499,-0.4873675909562103,2149.825734894091,0.16369916591586114,2162.6387296232833,2142.8821684444615,0.1334843436155747,0.5779234777892608,0.15365783993859106,0.19447982051100113
Kabale,2036-09-01,17455.652201526806,0.7877580948212083,19.0,0.0,1.0,0.09047529448001891,1.00003,2.00003,-1.2483,29.9856,-1.0,30.0,1.7585043494879469,0.19164885745330157,0.0029936919944069133,288.3395849158829,2.0,0.0005335784081676429,294.9897135319154,292.14911243370716,292.4813209812291,292.2512850410183,293.20062692377627,0.24815913753146596,0.2946784641899481,0.03238335239913591,0.2108258072241383,82920.76273980159,293.595293021953,-0.6738423999737413,0.06495945220563984,1758.504349487947,-19.670690768375934,1755.1517435834992,1757.9200555289065,0.10912036886805117,0.5825446409933125,0.11526418211508681,0.14873218255697293
Kabale,2036-10-01,17455.652201526806,0.8023534608777159,19.0,0.0,1.0,0.5491727190846108,1.00003,2.00003,-1.2483,29.9856,-1.0,30.0,0.06469321012726888,0.012505995898360867,0.004659025952021096,283.42638532905096,2.0,0.0005139949166978478,293.009914775105,288.5171407758073,289.06057483561335,288.9573184769678,289.2099307556769,0.4622253760502188,0.24460073918110595,0.30737093643307223,0.09296980894867629,83001.2692204551,290.27695110937435,-0.27148785338600606,0.14722729865098602,64.69321012726888,-3.954734495554984,72.47090263130872,77.02083994372202,0.0027990132550729774,0.40473681761928076,0.12390450557386921,0.018183322341256827
Kabale,2036-11-01,17455.652201526806,0.7061851513336174,19.0,0.0,1.0,0.1752781872138589,1.00003,2.00003,-1.2483,29.9856,-1.0,30.0,0.5266667199912312,0.06415044609096558,0.0024434630657983753,284.25278199064775,2.0,0.00020749381816985443,293.34887545563487,290.51186145185244,290.75796474446213,291.01064852137614,290.7608311711933,0.442626945341908,0.45533086855303667,0.12706970415310964,0.24072311060682347,82942.90068480164,291.9242716931151,0.6725923276731489,-0.16960238260494181,526.6667199912312,1.315553250431528,529.0688824649618,497.2797605521946,0.03205514990619975,0.8725736089211877,0.1663134193031139,0.06567485546409699
Kabale,2036-12-01,17455.652201526806,0.8919834998324163,19.0,0.0,1.0,0.18860219001172185,1.00003,2.00003,-1.2483,29.9856,-1.0,30.0,0.2552855267387774,0.06415400463677873,0.004904149594851582,288.12247771389775,2.0,0.00014142040326821029,293.0245163521548,289.0469324489773,289.464631100849,290.07790660715455,290.29896128873173,0.22808902535318032,0.26620798384517275,0.3274777299607688,0.10328441357997444,82933.2620784781,290.890033839439,-0.8403898124553258,0.373805122636025,255.2855267387774,-17.34244919041668,251.96147588603768,307.2099825301197,0.016524070614024423,0.6535725428435329,0.07337587077292838,0.023591190279952316
Kabale,2037-01-01,17455.652201526806,0.6505634067108098,19.0,0.0,1.0,0.36935787495815886,1.00003,2.00003,-1.2483,29.9856,-1.0,30.0,0.5675764210671911,0.1684022293675535,0.005659270664219191,287.7732551939693,2.0,0.00014896881231360532,293.90130472310983,291.06783811768236,290.59834424319456,291.3866196182692,291.7329359816,0.4210561416169401,0.4199980935460665,0.6557531250324516,0.07798468877221296,82939.6271563586,292.3977440387022,0.006827831918728763,0.643025051931713,567.5764210671911,7.997199196360291,581.7178769444757,651.1537784870127,0.04010577463579102,0.3766597481669047,0.14395967548485755,0.08025627792164998
Kabale,2037-02-01,17455.652201526806,0.32391496797865377,19.0,0.0,1.0,0.049699568796954405,1.00003,2.00003,-1.2483,29.9856,-1.0,30.0,3.2826706386169,0.4882885006603264,0.006278517315955998,287.1784166020348,2.0,0.0002813981403436921,292.99024277685294,289.61511929114334,289.7493521088517,290.3396608792783,290.46076154797305,0.33429213223163473,0.29116360961836346,0.2423564336126799,0.2862319704992177,82904.75146347613,291.34749969550893,0.7825517027871219,0.2501666036603127,3282.6706386169,9.151397886519781,3258.708825341963,3280.4526676591927,0.21220332782304477,0.5280871652675875,0.22928557521098605,0.31041604791699745
Kabale,2037-03-01,17455.652201526806,0.7259902044094388,19.0,0.0,1.0,0.4288682845030748,1.00003,2.00003,-1.2483,29.9856,-1.0,30.0,1.0755999127755282,0.12302451322254614,0.004281356537538371,288.4105852319172,2.0,0.00013100433148828267,295.1371722175823,293.60275966409534,293.2909668326294,293.59945541495796,293.71262810779547,0.0775392449355484,0.3794023061353149,0.3411857693268806,0.37386639869980914,83094.68219623461,294.5999532264674,0.14225599126082245,-0.13346984356981298,1075.5999127755283,-37.05295926085033,1061.5442424976518,1078.6964005685059,0.06642345247395014,0.401173332494275,0.10410028821871706,0.10674827125183868
Kabale,2037-04-01,17455.652201526806,0.4335501945214673,19.0,0.0,1.0,0.22634373476020325,1.00003,2.00003,-1.2483,29.9856,-1.0,30.0,1.5335801838175351,0.3040275384550995,0.0023159062706525945,290.11589323489886,2.0,0.00023053079844651385,298.3319120442452,295.0622791185667,295.9237164915131,295.2301368581429,295.9301621680489,0.27494046840112135,0.3189982780620615,0.3175008002493276,0.22159478386926884,82903.12145896695,296.7728981872733,0.4984787407613099,-0.25230229774248714,1533.580183817535,-41.69458651368694,1546.4829456208063,1530.1356726280824,0.1027756538745262,0.3538316135125672,0.15494993073501173,0.1608696028004925
Kabale,2037-05-01,17455.652201526806,0.7772813569252346,19.0,0.0,1.0,0.3130366516095614,1.00003,2.00003,-1.2483,29.9856,-1.0,30.0,2.3494579349040894,0.5630649456128156,0.003454446219588473,290.32462683246763,2.0,0.0003701305778127709,295.5225627547789,292.886978272478,293.7844759324026,293.87307001980696,293.95645347999977,0.553030485179451,0.16838583866169732,0.5389674064923121,0.5560718185135545,82916.26156235822,294.82405953613426,0.6993123052797071,-0.1254273306138475,2349.4579349040896,38.96013056515422,2358.088178111808,2361.7288168444643,0.16367622369095752,0.31612792682779645,0.2968775363109992,0.22365778169093134
Kabale,2037-06-01,17455.652201526806,0.5934528974344203,19.0,0.0,1.0,0.2235089226445963,1.00003,2.00003,-1.2483,29.9856,-1.0,30.0,11.809495876812736,2.5094484659403222,0.003725215564199933,288.7851626941334,2.0,0.00022774662003350351,295.50363705709043,292.0336718756893,292.74369920011037,293.1139537263445,293.00873782614855,0.34002096682060784,0.2628018535303574,0.18448583962776516,0.8471058382489736,82980.48388411714,293.97380977458687,-0.71819770457257,-0.004019627560805861,11809.495876812736,-3.522040562667402,11816.345866403086,11851.908166955622,0.8105901765314932,0.484840151192486,0.7616441043712546,1.0000000597600007
Kabale,2037-07-01,17455.652201526806,0.5746484953503962,19.0,0.0,1.0,0.4882710073356054,1.00003,2.00003,-1.2483,29.9856,-1.0,30.0,6.7453187391806555,0.6790063195930066,0.0034323152719243433,287.558080877834,2.0,0.00017600957717271026,295.08800744068907,291.3653366682875,291.74175594926584,291.79671446796675,292.040337009531,0.31763364489108814,0.0751044866086777,0.2746128993302883,0.6797476659712198,82904.03901267785,292.84876361511476,0.6065162511085035,0.05034536942995373,6745.318739180656,-1.6232807067826496,6761.806323640911,6728.856335859852,0.4195699232375067,0.42240631236077764,0.2765500937202327,0.5817753804132284
Kabale,2037-08-01,17455.652201526806,0.5007370021837739,19.0,0.0,1.0,0.15711141579611027,1.00003,2.00003,-1.2483,29.9856,-1.0,30.0,1.6336444680060578,0.3527062723008577,0.005440991493498029,287.7099363845568,2.0,0.0004460694233121791,294.32845144222983,290.6307271947033,290.78960397457905,291.8388793040015,291.3926592225067,0.19572729088779556,0.2834696379206108,0.10280817811985313,0.3085239660144231,82749.20470857219,292.48259888542583,-0.14505222515762958,0.6255164842278778,1633.6444680060579,17.87607767536419,1623.1270046736038,1631.5289072161083,0.11103455515120506,0.2970455814752521,0.175201764656614,0.15874516580641984
Kabale,2037-09-01,17455.652201526806,0.5910041246006144,19.0,0.0,1.0,0.5290793950242473,1.00003,2.00003,-1.2483,29.9856,-1.0,30.0,1.1502219961790334,0.17439216430548604,0.004211900335417569,287.28671476447613,2.0,0.0005672682931548478,295.6741007604062,293.41579305703385,293.3065840221488,293.33162376471313,293.3674896386067,0.24697119815776308,0.05705810095244107,0.2223956530921493,0.6108096429951307,82967.99686647978,294.4109155976659,-0.5122990232478888,-0.4463841214308961,1150.2219961790333,47.972452113833455,1164.1951724668322,1147.486387893014,0.07357305548516073,0.5751794547745318,0.15697147848546097,0.12017408984652905
Kabale,2037-10-01,17455.652201526806,0.9134669450219545,19.0,0.0,1.0,0.5765356250560953,1.00003,2.00003,-1.2483,29.9856,-1.0,30.0,0.8518891129438603,0.19009630113731146,0.003168192206383848,285.5846711557779,2.0,0.00023373976485839562,293.050103657021,290.021558190564,290.4851390807991,290.87737754481486,290.7694485442666,0.23015691766003646,0.21283740461393497,0.310987022962466,0.12583806373384068,83007.56934280299,291.7423948788811,0.2842376058746789,0.2081384154761156,851.8891129438603,-48.11484696579921,861.0078461724532,846.4365177380865,0.057602611548775134,0.5222210350171254,0.15895980676415555,0.06967474980944273
Kabale,2037-11-01,17455.652201526806,0.3492526147305869,19.0,0.0,1.0,0.3994494784186754,1.00003,2.00003,-1.2483,29.9856,-1.0,30.0,0.07617411662716311,0.013482695968186303,0.0046322213684855,286.7028618756922,2.0,0.0002565301980412455,290.6619226441623,287.25103025522924,287.9805449464987,287.5880290572564,288.00923937673775,0.2559898216455436,0.15491546233787154,0.6489752044196535,0.18423266113200001,82995.89644432803,288.8718110193361,0.12286419590984812,0.5492093219355111,76.17411662716312,20.3484643630956,72.40607443427274,78.65625429480949,0.0035070820843820724,0.6809818627766449,0.09847208554432013,0.05025098353085076
Kabale,2037-12-01,17455.652201526806,0.3854554698312173,19.0,0.0,1.0,0.28993742986483206,1.00003,2.00003,-1.2483,29.9856,-1.0,30.0,1.1850912826830065,0.261469334854537,0.0036613408122106324,285.17882203550084,2.0,0.0003629019367827723,292.9623757984557,289.26565834570715,289.20010160412056,290.31238794164904,290.00126390916387,0.26902280550733587,0.32540927926090707,0.13082174457406856,0.06651245995666427,82763.4855497654,290.90798746830205,0.37549581088900286,-0.08060830279621785,1185.0912826830065,38.24994952703164,1190.6123918815726,1170.5735623298292,0.08052062538303072,0.6973524760853215,0.12632849867766838,0.12677082255932184
Kabale,2038-01-01,17455.652201526806,0.5967583231580813,19.0,0.0,1.0,0.3793155215924797,1.00003,2.00003,-1.2483,29.9856,-1.0,30.0,1.336767516136193,0.36294807598270673,0.003262417557442549,283.8186705087835,2.0,0.0006069503040994197,293.8298696003058,290.9776284197786,291.3928172983356,290.6673991269405,291.1430681572329,0.10243783603259364,0.1651827461521231,0.47124772044615504,0.34882770970690086,82857.57431271028,292.46916869706257,-0.5051669251182193,0.34058103229808173,1336.7675161361929,35.32293934479632,1325.5942132549715,1317.0823667084167,0.09490124849802398,0.5807794842614721,0.18799253001427202,0.13374227525492352
Kabale,2038-02-01,17455.652201526806,0.7498431425245524,19.0,0.0,1.0,0.049552555863791474,1.00003,2.00003,-1.2483,29.9856,-1.0,30.0,3.3899729739412976,0.48715674472655424,0.0037036273243023932,285.6386177727743,2.0,0.00021251952423287962,292.8079260408324,288.8222557203023,289.63270908246056,289.83798828291174,289.6902723881535,0.44086794858056316,0.4670133223588509,0.16979775251920132,0.47693231256737223,82956.14719778717,290.5891526653661,0.7210671313543968,0.09210422132557124,3389.972973941298,-28.710366865913212,3399.1170898485684,3380.682426453009,0.21837096170284542,0.5995692598600472,0.28867096338082715,0.3033396768154826
Kabale,2038-03-01,17455.652201526806,0.41357081754247155,19.0,0.0,1.0,0.5244071210320529,1.00003,2.00003,-1.2483,29.9856,-1.0,30.0,1.5191737674886239,0.3350180435603756,0.0039158246511934655,288.60640405711666,2.0,0.0005692824810039878,296.16285130999364,293.89425839486347,293.7987060281893,294.26729405610826,294.5236549971038,0.4087469230972377,0.14300575800194995,0.33669889636647765,0.42718939483164603,83016.05811769047,295.1529950853626,-0.2992730759458251,-0.1349701138105155,1519.173767488624,-11.363796285342016,1540.987913960156,1513.9150887547944,0.10362549964298863,0.44571253073903633,0.2025711502845451,0.165559924373698
Kabale,2038-04-01,17455.652201526806,0.7255722018356157,19.0,0.0,1.0,0.20024513435983962,1.00003,2.00003,-1.2483,29.9856,-1.0,30.0,1.2483814533357998,0.23569857061204616,0.004614520045675245,291.16693808396934,2.0,0.00026007428618728676,295.51247354140156,292.92030372675595,292.516029501095,292.5816686509617,291.9999356282081,0.08413708519586136,0.39567364912066916,0.22579290795573537,0.11756201872993866,82669.33277862633,293.747247614857,-0.8230890218585821,0.006564309088851254,1248.3814533357997,24.96487773600853,1243.044017152404,1264.5957392163739,0.08259452421185956,0.7566768634771038,0.1093058494759317,0.11196289994005366
Kabale,2038-05-01,17455.652201526806,0.7342760610494156,19.0,0.0,1.0,0.06665682545990469,1.00003,2.00003,-1.2483,29.9856,-1.0,30.0,2.9955476056116295,0.46484836864542745,0.0046057249608417224,288.06752720033415,2.0,0.0003179838337601062,296.9643221342407,293.27441725201595,294.386088180247,295.05745260255094,294.8024530294692,0.3376384449194415,0.3064618127891642,0.08210889800604886,0.22788647979371776,83132.17147523124,295.47462889720265,0.4104847219548805,0.4635858486006287,2995.5476056116295,-40.00203677536612,2982.160509334172,2999.4890006591804,0.19468422805350807,0.5677968816152978,0.23420947908555068,0.2569259523553391
Kabale,2038-06-01,17455.652201526806,0.7758704946986438,19.0,0.0,1.0,0.061426361807937445,1.00003,2.00003,-1.2483,29.9856,-1.0,30.0,4.67936017018485,1.2091666892541078,0.004092716902438869,287.5953909584236,2.0,0.0005019445088591218,295.75811450293725,293.6975205670724,293.9098749414077,293.6653292958459,293.73238479434656,0.4020867069930612,0.08474140765469339,0.11709974724569257,0.5786316203060736,83046.46126836464,294.83056863175676,-0.24386749778644895,-0.8268761675414076,4679.36017018485,13.309868059006133,4687.40558822438,4781.60169136023,0.33242777215706415,0.3827762913389644,0.39953796657955787,0.39720686145956396
Kabale,2038-07-01,17455.652201526806,0.610530681757977,19.0,0.0,1.0,0.29499601294450767,1.00003,2.00003,-1.2483,29.9856,-1.0,30.0,1.81871240137678,0.3671159341638208,0.00428634118771332,286.86788649092847,2.0,0.00039368984023924127,296.7403470738508,293.0576653923003,292.9082448548238,293.7112892733696,293.21070458386174,0.39744060363868544,0.5518385548051707,0.06965369394830666,0.43694737782417264,82934.19659799233,294.3457783754702,-0.1708476060959781,0.39763982865785436,1818.71240137678,-20.807085666090167,1862.881095737582,1788.6643461561762,0.122413661260166,0.5242498211211175,0.18293387987575355,0.18147921814273094
Kabale,2038-08-01,17455.652201526806,0.7175719111712077,19.0,0.0,1.0,0.17146217544311265,1.00003,2.00003,-1.2483,29.9856,-1.0,30.0,1.0483361208172468,0.21699717269428326,0.005383700387229434,288.64813887092606,2.0,0.0004903612518368122,293.2536768832058,290.6671889855235,290.9243142673801,291.1160432978915,291.5249811987405,0.47286490264724473,0.10092709354281496,0.17904701710350618,0.425107670243151,82880.4995235099,292.3207740947634,0.5825617917037724,-0.17408796388618988,1048.3361208172469,23.869869995375357,1041.9723450980655,1053.8707873253063,0.07014440765841061,0.45622950994618977,0.12909796816088764,0.10519495789925598
Kabale,2038-09-01,17455.652201526806,0.6897159999030974,19.0,0.0,1.0,0.2568547841255919,1.00003,2.00003,-1.2483,29.9856,-1.0,30.0,0.8456877687532766,0.1691241965201724,0.004571935769601069,284.667322482803,2.0,0.0004082561420349538,292.7365189245501,289.51441585668147,289.7056031245947,289.235398322839,290.50207803320444,0.2175585665478079,0.30120336842331313,0.1513088980996663,0.06754072455687068,82862.79177922632,291.0048645889558,0.10818574308958233,0.4543916648900664,845.6877687532766,-28.039793818369557,833.3562659205563,808.165547727025,0.055981820716221035,0.7145176225449545,0.07592890713197765,0.07920889757240786
Kabale,2038-10-01,17455.652201526806,0.6718509175012154,19.0,0.0,1.0,0.42385423648808335,1.00003,2.00003,-1.2483,29.9856,-1.0,30.0,1.1292657591660418,0.3015703541364249,0.0040489110980174705,285.45302339475774,2.0,0.0005085608069136252,291.33615071994916,289.1089593241901,288.8567270194939,289.26827590407703,289.11442908908816,0.31891742123465733,0.5283935922320875,0.17343015875687368,0.17678433491762327,82996.05038550768,290.18886758197783,-0.08398137066323044,-0.3539205928776221,1129.2657591660418,-4.517985390146759,1131.8692217986263,1186.2147804769108,0.07960680913621732,0.4948806526982152,0.15830993800063256,0.11506815799736268
Kabale,2038-11-01,17455.652201526806,0.8803500384785855,19.0,0.0,1.0,0.3281701154542062,1.00003,2.00003,-1.2483,29.9856,-1.0,30.0,0.5069309677208231,0.1026363111913755,0.004026211546301595,286.822762237692,2.0,0.0002098503486888272,290.5252623386936,287.62013293951406,287.7574350139594,287.49840625530385,288.1121124238199,0.22773965528166926,0.3419730404782801,0.28260099257823806,0.2549856903624258,82939.08393081895,289.24256679322076,-0.18822477312039135,0.03668646566733437,506.9309677208231,-52.76702118971036,526.211520136389,546.6838494039677,0.03302881822167354,0.43738930841358964,0.10174894588913148,0.049411214317166614
Kabale,2038-12-01,17455.652201526806,0.5480855179061608,19.0,0.0,1.0,0.09102745322036969,1.00003,2.00003,-1.2483,29.9856,-1.0,30.0,0.7791263277417223,0.17516912702671208,0.002661623465164232,286.3505224577889,2.0,0.00017799672289083327,294.3453743263604,291.1483257698264,291.2559979582164,291.5286349430417,291.72070666274897,0.25366493124666906,0.0793715629405856,0.3825379048020551,0.44907618537165117,82895.06393332902,292.46064567095897,-0.3545699383171476,-0.08441609908976004,779.1263277417223,-29.73989594575275,774.4045249424385,783.7338777427611,0.05265789765403322,0.6208693186039893,0.0863209861827475,0.09329475609472493
Kabale,2039-01-01,17455.652201526806,0.6829544386370099,19.0,0.0,1.0,0.2714183682467592,1.00003,2.00003,-1.2483,29.9856,-1.0,30.0,0.618745123721467,0.10391710110740206,0.005188690175062549,285.86340715228573,2.0,0.0005379063376568205,291.6402465327456,290.12683983559305,290.0751400181276,290.02407526934024,290.06131854153256,0.4770792373357465,0.2624294989702943,0.3280625948994766,0.24049446985716455,82860.58876249508,291.1555348386585,1.10887267827424,0.008481074777499369,618.7451237214669,23.900248440740228,622.836705836535,578.6921883349344,0.039377206631932116,0.4014163317187809,0.1494508506885986,0.07566084615306608
Kabale,2039-02-01,17455.652201526806,0.8091433670027652,19.0,0.0,1.0,0.33917110505813847,1.00003,2.00003,-1.2483,29.9856,-1.0,30.0,2.813289063163165,0.6974767504205132,0.005348222567056998,287.50148148873853,2.0,0.0004132045554684059,295.343241129855,291.47683594158804,292.48538161163503,291.9323923578875,292.28090269212396,0.27928265018710074,0.26676519285912753,0.3338004620196176,0.3796293172426961,82899.81084354041,293.12254157469414,-0.8205040980989611,0.3192897795835437,2813.289063163165,28.194836429594744,2833.5189277270597,2847.9139465758085,0.19749890415815782,0.39876721290668926,0.31325762882844016,0.24529206099106576
Kabale,2039-03-01,17455.652201526806,0.731295883155878,19.0,0.0,1.0,0.7054176312464455,1.00003,2.00003,-1.2483,29.9856,-1.0,30.0,2.7522491365992834,0.8020606200162369,0.0035399356105344434,289.60249849814966,2.0,0.0003500783637153606,295.8993174729664,292.4989603146194,292.22150548698875,292.375925144112,292.6944994394182,0.08231616537714116,0.4972118689528067,0.15306008634006638,0.1945602119868281,82855.8148910499,293.62634025692995,-0.19089011632108316,0.13331630623137478,2752.2491365992832,17.98452595932649,2729.8150739301723,2765.8142590180246,0.20007111201003114,0.4157712468356133,0.28286179513567694,0.2366256875213197
Kabale,2039-04-01,17455.652201526806,0.5994396466631078,19.0,0.0,1.0,0.2864793986472006,1.00003,2.00003,-1.2483,29.9856,-1.0,30.0,4.417134466500957,1.0438166441033083,0.004676946124385601,290.0438975385851,2.0,0.0005824719304131253,297.0522940763987,294.2348187801152,293.853253059606,294.4395532212218,294.8547542937633,0.15567872809172958,0.21876151283176318,0.4036379210545547,0.10838369564924309,83076.51609012394,295.9123745861846,0.9459778559013183,0.1205015821628971,4417.1344665009565,-16.796612690489987,4404.931196891316,4402.4846361969485,0.30814414910925036,0.48993551924775175,0.38120083715449027,0.37910773012643545
Kabale,2039-05-01,17455.652201526806,0.2192007130218609,19.0,0.0,1.0,0.17827166494458802,1.00003,2.00003,-1.2483,29.9856,-1.0,30.0,1.9581068592876936,0.5604641913153446,0.004121473112172261,288.62771658192196,2.0,0.00020830881036906662,297.15267555469893,294.39412585005186,294.5255658419579,294.58238761789397,294.4591026023291,0.5032808528044556,0.2826235639361543,0.3896021849591373,0.5457547410394269,82698.01911248299,295.9223776119185,0.25321047238901395,0.07454092089245734,1958.1068592876936,64.00988711748948,1956.7571598676138,1869.6858712344872,0.14129492684546077,0.24721279265093668,0.23664036325629048,0.22345120382232697
Kabale,2039-06-01,17455.652201526806,0.7677054581183564,19.0,0.0,1.0,0.244426171644233,1.00003,2.00003,-1.2483,29.9856,-1.0,30.0,7.343381444620082,1.6637595514813899,0.0016896339116977306,290.25414147773404,2.0,0.00029509879534511056,297.35023656433617,293.8285183064362,294.0486071859215,294.7646972296053,294.36078932305037,0.3263131459704782,0.07504155707746275,0.3402035633729821,0.21286073631134667,83055.60894868111,295.45260295809504,0.9283180283175181,-0.04649364151212614,7343.381444620082,-18.453601720976902,7346.745618836443,7315.5792734860715,0.5094401263518541,0.5657607435233519,0.5082743363110611,0.6086724820508498
Kabale,2039-07-01,17455.652201526806,0.737103343476131,19.0,0.0,1.0,0.02541086493993513,1.00003,2.00003,-1.2483,29.9856,-1.0,30.0,1.6437076430054738,0.32121763164968786,0.0027258209842169995,287.311044884079,2.0,8.595952060376643e-05,294.3829172932976,291.0603794639457,292.08691280646735,291.9367302824204,292.1837956505531,0.517227973179768,0.15310808381322957,0.34173307287690513,0.1780307912865715,82844.44232331218,292.95763858216804,0.4999044918145523,-0.12719395355149785,1643.7076430054738,1.55858799890045,1619.8564769036077,1664.3749976593838,0.10997337760627103,0.5469910503518491,0.17513626094941745,0.15275676649487854
Kabale,2039-08-01,17455.652201526806,0.5279363465757156,19.0,0.0,1.0,0.421755629288754,1.00003,2.00003,-1.2483,29.9856,-1.0,30.0,0.7762249462347689,0.17785482597548669,0.00441181172372798,289.1455801337126,2.0,8.061844713229608e-05,294.8139849170951,291.9427558339685,292.6674257533591,292.31923481662903,292.57704384043814,0.41514019321555345,0.17652754816048488,0.2768519996988612,0.2281754584530892,83065.66424064366,293.4785871987596,0.08386202481897938,-0.23633694896996507,776.2249462347689,20.263269069738726,772.4146377422088,794.2028309967928,0.05254640085769286,0.17628450975449048,0.11619243404314716,0.09256035627817732
Kabale,2039-09-01,17455.652201526806,0.8192323335816158,19.0,0.0,1.0,0.20896391806225914,1.00003,2.00003,-1.2483,29.9856,-1.0,30.0,0.8123104801965186,0.10653988851527264,0.005564014018211813,285.76694704465183,2.0,0.00018614907016130473,292.2244583497377,289.67285486296703,289.6731381742637,289.9475872235878,290.37484968482516,0.41001538182352226,0.058517886692023784,0.18300096436567553,0.39349609008702213,82871.84934385792,291.0055332142873,0.36930403304670767,0.45918155746693545,812.3104801965186,9.417921196733964,822.6794175616507,789.71350589658,0.050482973059139395,0.3560832490542981,0.10280784926007262,0.07640605074797395
Kabale,2039-10-01,17455.652201526806,0.8220255488304342,19.0,0.0,1.0,0.14817269196293192,1.00003,2.00003,-1.2483,29.9856,-1.0,30.0,0.35630255093607904,0.08293276326278867,0.004208457217052366,282.41298146260004,2.0,0.0002773898094535815,292.11218178550587,289.35694142960216,289.56000609519367,289.92921968038036,289.5662126691377,0.10912828265190239,0.10999428882872449,0.1978430223873634,0.3984371577405523,83151.113254769,290.7440313184424,-0.15628352901066345,-0.2611799629270574,356.30255093607906,-3.9561593110403956,348.8608412393284,358.8232037640719,0.023357893750739243,0.6935189223762924,0.12922924004452077,0.03329181479391482
Kabale,2039-11-01,17455.652201526806,0.6684763240381456,19.0,0.0,1.0,0.6065114722748804,1.00003,2.00003,-1.2483,29.9856,-1.0,30.0,0.31200369945231604,0.03909636509399918,0.003347263714436488,283.7449944703402,2.0,0.00031230803699151534,291.0117381844556,288.58913154161456,289.7180176501315,289.14906619605637,289.7204019531776,0.4678054605176131,0.616289847449265,0.16561161121408327,0.13407339849846134,82967.79632895993,290.4372434349148,-0.15418923461682343,-0.5551770804708387,312.003699452316,38.11691857118918,311.92530049037373,322.1318861265052,0.01840803764550926,0.7466185952778651,0.11240901041344664,0.053510441312164925
Kabale,2039-12-01,17455.652201526806,0.8577637243085351,19.0,0.0,1.0,0.26806389721094376,1.00003,2.00003,-1.2483,29.9856,-1.0,30.0,0.49848072483487094,0.0590323413799538,0.005379111403168567,282.2967032184224,2.0,0.00047100644631482505,291.70071639794634,288.77468623455735,288.77499268401976,288.6060419209581,289.3978987012396,0.030192982447553994,0.1840175649548472,0.45916126172773747,0.2451543755784762,82776.10340551952,289.8973831412014,-0.5391723962180106,0.7549898052077445,498.48072483487095,33.13806423385148,500.86626880584697,473.22870276504796,0.029999767736324855,0.5854511718126024,0.11895330084945008,0.04530191227660472
Kabale,2040-01-01,17455.652201526806,0.43366429794298544,19.0,0.0,1.0,0.2860830566688447,1.00003,2.00003,-1.2483,29.9856,-1.0,30.0,0.6947340033186582,0.0846667915918916,0.003369501485753247,287.3622397266928,2.0,0.00028258792852689437,293.2705135970803,289.6009577007667,290.23816163161143,290.2150334868802,290.18591819676874,0.3163812899828543,0.3491177620002945,0.291496774452568,0.2278066595532577,82949.02574444286,291.4901211625166,0.028526918412681915,-0.04077539754488939,694.7340033186582,12.494793262423999,716.2402538318718,710.0238965499619,0.04269838239192204,0.6948250020971168,0.08408821803292478,0.09392301012253125
Kabale,2040-02-01,17455.652201526806,0.8432615618386212,19.0,0.0,1.0,0.38342450672470874,1.00003,2.00003,-1.2483,29.9856,-1.0,30.0,2.363724170652466,0.27257565676218787,0.005236318179706405,287.99231345264315,2.0,0.00017629202198088715,293.2418940649351,290.48846861432975,290.48654533088285,291.20932974501716,291.55147377020353,0.3130923965095055,0.23666721288236464,0.5273531986078249,0.40657299033390887,82775.17252439703,291.95274999085683,0.6046397694444968,0.16237166017554763,2363.724170652466,7.215241282462327,2349.0701933361074,2367.567398712271,0.1479088303061484,0.6804315808394744,0.22549963933384132,0.21233046274100456
Kabale,2040-03-01,17455.652201526806,0.5157708347472024,19.0,0.0,1.0,0.32588924839232475,1.00003,2.00003,-1.2483,29.9856,-1.0,30.0,3.576203888782373,0.4938233063808787,0.004703807382251575,287.1004580437381,2.0,0.0005862957414547825,294.35017572633893,290.5336350293761,291.1319333117616,290.7523194429139,291.10976473628614,0.19481607276086732,0.4223040033406673,0.3612747639686232,0.3120117778357866,82795.67224058893,292.1610583463374,0.012312994278398515,-0.5889181775381518,3576.2038887823733,-18.32032902759248,3586.0957666489635,3625.656267013208,0.22925465436308082,0.46597827224470223,0.20295922319003618,0.32605959219685243
Kabale,2040-04-01,17455.652201526806,0.7873869710200043,19.0,0.0,1.0,0.3200775540680162,1.00003,2.00003,-1.2483,29.9856,-1.0,30.0,4.815352276589353,1.1618565184895393,0.004833130328398345,288.7253564129829,2.0,0.0003249062164996985,295.13508036129434,292.44137744209536,292.5543046110762,292.57875881771736,292.84396921888913,0.2678800269582772,0.43858229822890304,0.1840826366368937,0.26447521059455426,82914.0910878387,293.72730759662164,-0.1095535811668135,0.034083550193293045,4815.352276589353,-25.952674661525855,4814.938937541619,4786.033731628064,0.3374154844261745,0.5807320034023806,0.4442318304943481,0.40686931198581344
Kabale,2040-05-01,17455.652201526806,0.8580087766799355,19.0,0.0,1.0,0.21135415191241522,1.00003,2.00003,-1.2483,29.9856,-1.0,30.0,0.7360704912139262,0.21598050557241774,0.003707624646906314,288.09332000048823,2.0,4.796796817690907e-05,298.54274717264883,295.65472398575565,295.5770678399772,295.6754106090876,296.0820065004592,0.3013821120116149,0.2763959344301193,0.030540665484540232,0.35170055908529185,82830.83715745767,296.9073261169009,0.21244805208620143,0.46573475977699447,736.0704912139262,-10.6690707209642,740.7414215751064,751.4479857945829,0.052471275190272344,0.5472733931485244,0.08900631307642683,0.065674448859663
Kabale,2040-06-01,17455.652201526806,0.5593518579753693,19.0,0.0,1.0,0.28740570855430553,1.00003,2.00003,-1.2483,29.9856,-1.0,30.0,4.31432938964691,1.078242107818431,0.004045739129002663,287.66025134858546,2.0,0.0005178516933035561,295.17007520456065,292.0458449189374,292.21705471121925,292.59168355953676,292.59502182524886,0.22112699243002606,0.19255680340314774,0.19045051143058767,0.12755527921232274,82714.834303632,293.57602542148425,-0.06730771653161485,0.6269658985877402,4314.32938964691,-14.981861956628615,4299.041830327382,4318.817038214031,0.30430171440914794,0.6009166204533225,0.29135539772954544,0.3692535049190876
Kabale,2040-07-01,17455.652201526806,0.818415355543698,19.0,0.0,1.0,0.41806176502237485,1.00003,2.00003,-1.2483,29.9856,-1.0,30.0,0.25718327412439,0.058364432280960415,0.0019543771090543972,288.6815138647982,2.0,0.0002804324609660767,295.2408288878268,292.2315935563211,292.4438354888803,292.2615517209615,293.15870402621795,0.22341430042192728,0.0879060805691311,0.5164678318013971,0.6170955133915356,82936.3672647839,293.67560910849903,0.49867532827576294,-0.31622209603198936,257.18327412439004,-11.44473382147548,262.26188697561474,310.6801708767256,0.016470640941483646,0.2939851527442734,0.16250093389873613,0.04145320938403866
Kabale,2040-08-01,17455.652201526806,0.7224502442655412,19.0,0.0,1.0,0.1474709286513067,1.00003,2.00003,-1.2483,29.9856,-1.0,30.0,1.0405580284337386,0.11623693708761058,0.004029432700419993,290.33132702538376,2.0,0.0003401024956104032,293.9232334279781,291.83479986924465,291.8545964057265,291.7579399843142,292.70621292162616,0.3425288011414544,0.11365685200511483,0.20297643058908738,0.3147561716155248,83056.58205940941,293.2450504990881,0.724706884498434,-0.08910950628392801,1040.5580284337386,25.218801792101097,1026.2252469074501,1033.4624129715664,0.0640653310269257,0.5705278984429313,0.06455558325039493,0.09907636551487602
Kabale,2040-09-01,17455.652201526806,0.6167331552812687,19.0,0.0,1.0,0.11158225727215776,1.00003,2.00003,-1.2483,29.9856,-1.0,30.0,1.5380607059825155,0.20658460642489943,0.005460903426144534,288.57362794501074,2.0,0.0003366510895207651,293.8722022526445,290.7550550011478,290.748037203659,290.7030347431597,291.25225606323284,0.5365228451673308,0.19261816707435736,0.40988601150776793,0.33021266968904317,82946.37138792755,292.3054056308619,-0.5255658678880839,-0.18960476496327908,1538.0607059825156,33.840302738669145,1538.06528044645,1539.8827897499548,0.09732480334247336,0.39794373020459367,0.19577824101980232,0.1586040877873518
Kabale,2040-10-01,17455.652201526806,0.5389583946201003,19.0,0.0,1.0,0.1731981360036207,1.00003,2.00003,-1.2483,29.9856,-1.0,30.0,0.26392008643352255,0.07630953101092221,0.0034573391010259335,285.1554441714626,2.0,0.0004221465594090735,292.511049656411,289.42959128684487,289.3740808386617,290.02246828137623,290.01495684963794,0.15308535721444172,0.5428536077176521,0.41783598855653814,0.3423123159654742,83044.29400678379,290.68170424945816,-0.6610864783200042,0.1276771710560018,263.92008643352256,25.177860724540874,239.90983979828277,265.6593273319925,0.017785263723042063,0.4926738068728241,0.14574742978647168,0.05934058347779202
Kabale,2040-11-01,17455.652201526806,0.6483293791500376,19.0,0.0,1.0,0.2510337218728412,1.00003,2.00003,-1.2483,29.9856,-1.0,30.0,0.6504202284198918,0.09630394496908977,0.005506295914887156,287.05134001100714,2.0,4.249174661838038e-05,291.0369127376823,287.4008282904272,288.12503692804654,288.5763918467299,288.12920636332376,0.2913613327804606,0.306728152763742,0.026456063516114715,0.24952468499950894,82880.77216871886,289.4074987909963,-0.7749995892480038,-0.47435076733158343,650.4202284198918,-11.042709270278076,660.0967250629043,687.0901045864639,0.04072389642106896,0.4304131439766624,0.12439772404046061,0.06931572365833362
Kabale,2040-12-01,17455.652201526806,0.34656129061560026,19.0,0.0,1.0,0.2400810691656507,1.00003,2.00003,-1.2483,29.9856,-1.0,30.0,0.6852162048887331,0.20278528198435825,0.0046995666148515435,287.02365669900826,2.0,0.0004944663774639253,292.6121709492343,290.25492204016723,290.77816715279255,290.53606697878826,290.5866273219921,0.1175845233522833,0.5208805441114431,0.3286579941712443,0.47870700083523204,83060.9214144634,291.79393888109837,-0.09680972584705164,-0.08373134246552195,685.2162048887332,56.3327984215543,704.4969627365975,689.3055525035965,0.04878236875129503,0.7014456569860231,0.18012349162123123,0.10510151431148264
Kabale,2041-01-01,17455.652201526806,0.7302657397317305,19.0,0.0,1.0,0.25690041599191493,1.00003,2.00003,-1.2483,29.9856,-1.0,30.0,2.5483108377341033,0.5179275321911175,0.0036850564895064336,287.17956737568153,2.0,6.803762573808727e-05,292.800211942322,289.60513429527134,289.00503801028907,289.97082235937125,289.85055944037157,0.1321264962041437,0.07416641839570445,0.1306813930292492,0.11952742810171078,82839.92958646994,291.0427246962068,-0.17069718712353504,0.6181183530543843,2548.310837734103,0.6060443128886973,2532.8226022045374,2508.941553574416,0.1723813085647312,0.6810655487751207,0.17101531937435802,0.20812682523437764
Kabale,2041-02-01,17455.652201526806,0.6925610523123138,19.0,0.0,1.0,0.2603252918029962,1.00003,2.00003,-1.2483,29.9856,-1.0,30.0,5.4903940224085375,1.336391878452755,0.005903634270566796,288.6315526330606,2.0,0.00021172458885152293,293.7995265912222,291.6846554009519,291.71526951630324,291.3537087162669,291.8407882221725,0.22581091453512647,0.37671357277342155,0.37660817360552373,0.4147372289071646,82826.07025636395,292.84887449875646,-0.25189022447239523,-1.2948760973288025,5490.394022408537,-34.797318252384095,5483.225614898285,5506.465117045765,0.38553958646437064,0.4486818556124448,0.4658710753906566,0.473657032895279
Kabale,2041-03-01,17455.652201526806,0.8683257529653119,19.0,0.0,1.0,0.09335647668780782,1.00003,2.00003,-1.2483,29.9856,-1.0,30.0,2.835927367414354,0.5973933107706227,0.00291354982585111,289.9249781260814,2.0,0.0007510493606961321,295.98658669195993,292.4073050772925,293.17587106203234,292.88096660046676,293.0956965138837,0.22236467497027776,0.16326282453681548,0.3162758206092322,0.19504359023773732,83069.36067070365,294.1599523901056,-0.08615035805301853,0.6125166808896206,2835.9273674143537,-16.499468291825327,2837.395209720141,2887.188113557172,0.19324459293531912,0.4828539990332739,0.23369979720977196,0.23430406105400495
Kabale,2041-04-01,17455.652201526806,0.716608762586891,19.0,0.0,1.0,0.21408103219745264,1.00003,2.00003,-1.2483,29.9856,-1.0,30.0,2.5967192581443332,0.2898440658644481,0.0032442969964403797,288.9838552929329,2.0,0.0003027504794087245,293.6859652995152,291.18270752751374,290.83328488530327,290.9890089824328,291.20251727245187,0.3497166775198719,0.1279090934667975,0.5014837638523955,0.12923400302382915,82843.71708506391,292.2439646625955,0.3168339706242789,-0.446616391763346,2596.7192581443333,-16.040123776415374,2626.288496237047,2612.8780556392303,0.16221581418923092,0.5221064791789487,0.16858031644231103,0.22947409188551393
Kabale,2041-05-01,17455.652201526806,0.6689913388242454,19.0,0.0,1.0,0.23238986800896352,1.00003,2.00003,-1.2483,29.9856,-1.0,30.0,1.4922286989137854,0.20504570213563714,0.004438838301934468,292.26068178188683,2.0,1.805513283402899e-05,296.2075054263284,293.0135408034639,292.3723232720888,293.13094062987847,293.00248843032176,0.046485923168264595,0.26760924199605796,0.14204958104145887,0.39651643888193544,82907.58147676573,294.20853324460876,-0.4882862394071622,0.1851913190025164,1492.2286989137854,-3.3493456162821587,1465.7784256366153,1461.9197851762299,0.09469607116682531,0.548606555253478,0.18678615137943466,0.1360074253286296
Kabale,2041-06-01,17455.652201526806,0.5042477925458059,19.0,0.0,1.0,0.1877744139153738,1.00003,2.00003,-1.2483,29.9856,-1.0,30.0,4.655071027951188,0.8013509117291157,0.0032775740022787845,289.4867324654184,2.0,0.000342626987185499,292.8388185638537,289.7997654301057,289.2811612859207,289.6975697315262,290.09912866892546,0.5706100254362916,0.3828765402676755,0.3660274017206752,0.4083946158824007,82839.8781422135,290.909542828802,0.31016928837205054,0.007741257274906592,4655.071027951189,12.904559057593652,4660.811935713524,4645.354089585381,0.307966638696753,0.5496740237198653,0.33362596980806364,0.4256737234503731
Kabale,2041-07-01,17455.652201526806,0.5455113823762805,19.0,0.0,1.0,0.3721921723183145,1.00003,2.00003,-1.2483,29.9856,-1.0,30.0,5.375932262775214,0.8471294864002781,0.004156156830897241,287.9084103467486,2.0,0.0004968991710622091,296.68094550385695,292.77747861337036,293.1707985318363,293.24419106546895,293.4656546202542,0.21518799497604632,0.40570272232444865,0.5985996662097481,0.17967524067792426,83012.94218894286,294.16858329344893,-0.5378041238030017,0.18199030192482343,5375.9322627752135,51.21609547917372,5368.80212463713,5296.14354013693,0.35139773437600047,0.4999004526257953,0.30524832600295765,0.4734520166506619
Kabale,2041-08-01,17455.652201526806,0.49797967464256515,19.0,0.0,1.0,0.036973747615728886,1.00003,2.00003,-1.2483,29.9856,-1.0,30.0,2.122549429865795,0.398523875936179,0.00400082133677946,287.5437756370831,2.0,0.0002970325170805454,292.65183555325586,289.2344567715285,289.4015770152101,289.8637739559231,290.0106056348509,0.3591162963879335,0.2814399491213188,0.13067979426414056,0.5419772587763343,82920.75282778635,291.01634144591225,0.3124602320511785,-0.6275990574579153,2122.549429865795,9.806813166263707,2131.943093856745,2092.7079116447176,0.14144368826062895,0.7651668346397081,0.19375012876736164,0.20944300798640988
Kabale,2041-09-01,17455.652201526806,0.3534191941065409,19.0,0.0,1.0,0.05920025291015842,1.00003,2.00003,-1.2483,29.9856,-1.0,30.0,0.7951324694123899,0.11387437701539754,0.005100391824055466,283.7647608974256,2.0,0.00023525475756244827,292.4497475802371,289.7502747601462,290.3344420973726,290.2089069727683,290.67003821873533,0.17414671150603855,0.14568108995306372,0.3562444982492932,0.33324802687163085,82774.95714549594,291.288311535646,0.17683979775285225,-0.6788162224744535,795.1324694123899,-43.1709037005038,819.1260212434488,807.170941897706,0.04995098041694555,0.3762197596882641,0.11013946520253899,0.1025272911963539
Kabale,2041-10-01,17455.652201526806,0.38095516435239374,19.0,0.0,1.0,0.2162213409214449,1.00003,2.00003,-1.2483,29.9856,-1.0,30.0,0.5682288813179109,0.14630514075012332,0.004219571356141077,285.96553712452885,2.0,0.00012256817709969966,291.5049250058107,288.760231417193,288.84274635749495,288.6568628144164,289.72643461708657,0.11744806080990174,0.42440259115215473,0.6043618087611267,0.17569781683435906,82956.36343254431,290.1770195317256,-0.10714365368166619,0.405167314228723,568.2288813179109,16.113317182826172,592.7125602013939,559.349736201325,0.03897117032605842,0.6912621306178125,0.13329471095748166,0.09033243825853884
Kabale,2041-11-01,17455.652201526806,0.7976088768797549,19.0,0.0,1.0,0.0671569182305665,1.00003,2.00003,-1.2483,29.9856,-1.0,30.0,0.27440423288970217,0.07680455224992594,0.0046220649049902,285.0419393958595,2.0,0.00019775322796005166,290.24436648708274,287.9932184205799,288.18148282349847,288.4636724260733,288.40533636412255,0.5477545932553463,0.6835495897731465,0.5578427255986996,0.3781064187929846,82678.23534792803,289.56638930516016,-0.5696558360337752,0.3423124981559456,274.40423288970214,39.21704797103394,283.50793854400786,295.15948700996785,0.0183419019412912,0.5590138952823513,0.15570149093358776,0.06249246239729753
Kabale,2041-12-01,17455.652201526806,0.7603568032190772,19.0,0.0,1.0,0.3393168749628254,1.00003,2.00003,-1.2483,29.9856,-1.0,30.0,0.3420014818176448,0.06833458444470225,0.0041527823671002355,288.1708003695859,2.0,0.00010121519638634103,291.43823133831455,288.9397656334402,288.47226301357017,289.2540519535653,289.067994487496,0.25453568884665656,0.4258060370047224,0.028563271431746997,0.567387956345927,82879.62124305833,290.16247655374775,0.317126438235713,-0.632323636143256,342.0014818176448,-6.177162417582192,326.9493334058819,371.66916933190697,0.021721994806224533,0.6122711490506966,0.14974042361891485,0.047611003629248846
Kabale,2042-01-01,17455.652201526806,0.6167278214483672,19.0,0.0,1.0,0.1733672772372511,1.00003,2.00003,-1.2483,29.9856,-1.0,30.0,0.2715243440438572,0.07101031889898064,0.005947256738664282,286.54199931779186,2.0,0.0005294469099272533,291.9548899158259,288.5198400389941,288.35098108295927,288.81482099904525,288.71137711918465,0.5989698215763934,0.06763710098158163,0.4939385959618841,0.28826029341683457,82793.91157443004,290.02175773501205,-0.6388024120280298,0.07018145336042154,271.52434404385724,-11.643834826936562,280.4862869120775,297.7827868429125,0.01777477847086634,0.6623813374656023,0.10072368266581591,0.055028173503508096
Kabale,2042-02-01,17455.652201526806,0.5668931044203794,19.0,0.0,1.0,0.10147837029799636,1.00003,2.00003,-1.2483,29.9856,-1.0,30.0,1.4298134663338258,0.17951111542218068,0.003588793189429184,285.5168230878344,2.0,0.0003843741636546607,295.4755067368601,292.5672717266829,292.5065924382308,292.41887854805316,293.2356233970981,0.464072493566289,0.6551752336886975,0.44780808086371565,0.18606086280819695,82952.56399227271,294.0825356221761,1.2825770292998457,0.1932230917590231,1429.8134663338258,-19.680242194626587,1432.842564883858,1386.389598623011,0.08975609967916062,0.794386183012526,0.16715650563607032,0.16005606297326763
Kabale,2042-03-01,17455.652201526806,0.5457245634717443,19.0,0.0,1.0,0.4024807482248058,1.00003,2.00003,-1.2483,29.9856,-1.0,30.0,0.262996682421542,0.031242624844981127,0.0035406648759474333,287.5778890758232,2.0,0.00010350324661480781,292.65042809794153,289.8573381941282,290.0457362741601,290.64283884748147,290.48977562372454,0.2364071777328477,0.06929687228073211,0.10441195812402024,0.1090368190338976,83027.3946729475,291.7058324098193,-0.5691310674790494,0.24331797807240568,262.996682421542,-17.84635400732533,267.4569705639553,247.02601231355675,0.015172140439078715,0.550071580889647,-3.22145258724096e-08,0.035028370751533346
Kabale,2042-04-01,17455.652201526806,0.5775146575989168,19.0,0.0,1.0,0.2750823418395559,1.00003,2.00003,-1.2483,29.9856,-1.0,30.0,5.511773514143868,0.856687066184959,0.004913889741525953,290.6667955213312,2.0,0.0006243490103821013,295.80230642246715,292.98535384510564,293.0380207650275,293.7857393030469,293.8634331655018,0.15011499553850619,0.21310338175067456,0.2958950144672684,0.11478729479403511,82743.41436153457,294.60951416259775,-0.33437705926075745,-0.7030712209914506,5511.773514143868,0.14303202747806,5515.334693379032,5481.650231927684,0.3596012332711799,0.5496154144735865,0.2589658633059887,0.4666531175667861
Kabale,2042-05-01,17455.652201526806,0.8088167127727812,19.0,0.0,1.0,0.30743720507181915,1.00003,2.00003,-1.2483,29.9856,-1.0,30.0,10.144685708516567,1.8308479405892792,0.004063513261280459,289.58991433409574,2.0,0.0008628287499270414,296.74819229595926,294.44086457759704,294.2703365525959,294.26341647526425,294.5890406481787,0.2873761073718946,0.2324970055738546,0.176647259705756,0.26489140490597485,82873.95114671867,295.43964908874375,-0.07168513248598403,-0.5968593911343635,10144.685708516567,-32.66698326611979,10152.10232236897,10114.545030150319,0.6776615518552059,0.6389381253680843,0.5651725590975457,0.8342804146252184
Kabale,2042-06-01,17455.652201526806,0.5650853464134459,19.0,0.0,1.0,0.726530184751543,1.00003,2.00003,-1.2483,29.9856,-1.0,30.0,4.483550309054586,0.6524105188203936,0.0036386083594320854,290.24365800915433,2.0,0.0007118485753680635,295.50133292203986,292.44453910133984,292.6316958507383,292.6248567011733,293.1401965402842,0.437323041509321,0.4079549037235109,0.5812226528676239,0.4476118455518345,82917.59972521274,294.25605239415,0.9428343925276527,-0.9184915806125727,4483.550309054585,9.416414802681974,4500.865653346872,4525.193010025963,0.2897708136265041,0.4135799329295166,0.325122220364043,0.4117221999449817
Kabale,2042-07-01,17455.652201526806,0.772277138801153,19.0,0.0,1.0,0.38950498013057827,1.00003,2.00003,-1.2483,29.9856,-1.0,30.0,2.093722714705013,0.5952469284901944,0.004530394305924753,291.14731056567877,2.0,0.00041899423899899356,294.52733708796893,290.83182487322017,291.23961669236394,291.0839673823015,290.83399181508565,0.5159057373681878,0.26982018032175675,0.08242357743452541,0.1431775713436453,82893.48232330778,292.22027982992176,-0.19223405634971066,-0.6523229993072336,2093.722714705013,-19.28443065849023,2098.537504244084,2137.502604253059,0.15093610143865174,0.536345657288917,0.25313171971559056,0.18268165553747276
Kabale,2042-08-01,17455.652201526806,0.7066560673711496,19.0,0.0,1.0,0.1467330968409432,1.00003,2.00003,-1.2483,29.9856,-1.0,30.0,0.9584530356813524,0.2088988733810227,0.006022866118366792,287.90280389536684,2.0,0.00040419253809879046,291.81500779450454,289.9083025093517,290.81316133242757,291.00058744787486,291.38914951323477,0.25256954047625785,0.5238540915770271,0.10517891321876086,0.0326416027139041,82858.72061556477,292.1425510520566,-0.2550190872571677,-0.2294525820617466,958.4530356813524,32.16997131814753,953.7088875334887,949.7439376192966,0.06455102110178712,0.6230746855195681,0.13770127366908577,0.0918420598532105
Kabale,2042-09-01,17455.652201526806,0.6109351449815225,19.0,0.0,1.0,0.0959408903009134,1.00003,2.00003,-1.2483,29.9856,-1.0,30.0,0.13108340995745968,0.02617677611793452,0.005056164043810036,285.8917009623563,2.0,0.0002910334925996594,293.40465960929157,290.66620437394727,290.76469948742704,291.407587131953,290.9846813289569,0.2406421529468702,0.5528951537728848,0.44118059691626066,0.22154645594350386,82908.85781294167,292.1558059443301,-0.5509499864943564,0.17927385693961384,131.08340995745968,-22.750661163596646,137.00797918281665,123.06704924662031,0.007317246643977381,0.6022953189212208,0.1285494267627671,0.04414381328688127
Kabale,2042-10-01,17455.652201526806,0.5112453543963403,19.0,0.0,1.0,0.09201531659519997,1.00003,2.00003,-1.2483,29.9856,-1.0,30.0,0.28152408852770927,0.08230279423319538,0.004787375138223993,284.60246237489076,2.0,0.0003416148199406891,292.8295498543992,289.5128967123975,289.46511745185614,289.73086332534217,289.9397470425992,0.33841092730243993,0.02120309986406384,0.37528241771199944,0.04607456535601876,82854.33324100953,290.85441021265507,0.6871558103271194,0.09639203886214903,281.5240885277093,54.848128795111116,304.92959079028253,307.8381271090448,0.01904817718961858,0.5898402587215449,0.12239979424876457,0.045297530489225704
Kabale,2042-11-01,17455.652201526806,0.5731590088050301,19.0,0.0,1.0,0.46924219203157486,1.00003,2.00003,-1.2483,29.9856,-1.0,30.0,0.5098101180106867,0.11442163867888658,0.003493051309740374,286.06367320052715,2.0,0.0005879033599406264,289.5005553554344,286.6218728730965,286.95440048189516,286.6444691572313,287.0142265385701,0.1583659892889789,0.27664060749942426,0.05623719666624928,0.4796980576960737,82944.00506606935,288.1469858302382,0.019369304595853447,0.20743744954455262,509.81011801068667,-13.613529523876217,519.0223334212527,484.7014368197218,0.033890771070285465,0.6605845842931883,0.13174196753929324,0.06492506250281871
Kabale,2042-12-01,17455.652201526806,0.2938514673054025,19.0,0.0,1.0,0.30361374751956893,1.00003,2.00003,-1.2483,29.9856,-1.0,30.0,1.2367976846749584,0.15386300675771045,0.00381239085535572,284.2426074210747,2.0,0.00033620816244577927,290.9111558021147,288.26847761346255,289.14376354758065,289.30831256204203,288.9154115010867,0.24762026222857672,0.35966134577585707,0.5902956104799736,0.04844156096168612,82990.09157617853,290.03099102179095,-0.8500360824891532,-1.441006681584015,1236.7976846749584,16.419049459312806,1207.8379011539407,1228.234979046302,0.07734162490190576,0.49045667937327203,0.11772644462908109,0.14811903232645934
Kabale,2043-01-01,17455.652201526806,0.5876245903592858,19.0,0.0,1.0,0.06555021351164261,1.00003,2.00003,-1.2483,29.9856,-1.0,30.0,0.6494750745447693,0.09828802808275088,0.004375087571733847,288.1495293300599,2.0,0.0003501358332035782,292.77201870598014,289.7039822754558,290.1102986269008,289.2914849646347,290.20373297788444,0.4945820221465114,0.182763310549295,0.3066107828977448,0.028069498122684413,82945.93369247856,291.09570365855876,0.31571671260359674,0.3742956491252828,649.4750745447693,26.07273488962228,660.7784749206953,706.5744669874967,0.0408469784597847,0.5509635342178065,0.059726643882165156,0.07645132684673833
Kabale,2043-02-01,17455.652201526806,0.5919340721153422,19.0,0.0,1.0,0.1318009713325754,1.00003,2.00003,-1.2483,29.9856,-1.0,30.0,2.7473386435868963,0.3658267048359541,0.0032635899895419036,290.7712225745563,2.0,0.00015700142747789454,294.23979773286595,291.26999275512486,291.4632075709768,291.79551190734713,291.9639927059038,0.19924431901230003,0.17208728818888944,0.08838100750061433,0.6051564636914657,82904.76071644461,292.6083046708136,0.6897304581508398,-0.5822644130392618,2747.338643586896,16.18162885929233,2752.9424343360934,2760.510573362478,0.17506673422137586,0.25807664614899567,0.1993188226522589,0.24823284491646153
Kabale,2043-03-01,17455.652201526806,0.35482356986046193,19.0,0.0,1.0,0.0879911427585032,1.00003,2.00003,-1.2483,29.9856,-1.0,30.0,3.412493856128028,0.963606681713804,0.004569988905131879,288.0038906202694,2.0,0.00017092934978752244,293.26089279755877,290.8903363938484,290.3206970054813,290.2497970988081,291.0799142573156,0.08735543872952176,0.017589081155355284,0.30016607644109805,0.023276259497510388,82872.89690706319,291.86702100839557,0.3662445207030561,0.6511379288723835,3412.493856128028,-4.766221157854911,3440.1924308824437,3373.409327700432,0.24662157247111227,0.6771425705477507,0.31583627384872237,0.30064151808118506
Kabale,2043-04-01,17455.652201526806,0.48619593601330435,19.0,0.0,1.0,0.5258992525968624,1.00003,2.00003,-1.2483,29.9856,-1.0,30.0,1.504773351550959,0.3068193835230157,0.0068106179242462365,290.7604488342443,2.0,0.00035854752414228797,295.60763541760065,292.6423071636244,292.06068404044123,292.35554172959536,292.7084733896514,0.2521814916790406,0.2587424952766213,0.27411392639941734,0.3411857409182556,82797.68963935849,293.5428737028738,1.275470017596966,0.8277581123333344,1504.773351550959,2.3132847935269303,1520.1606445504874,1541.9072466653072,0.10104525854520742,0.5717492023120415,0.18544189029883262,0.15513964865740507
Kabale,2043-05-01,17455.652201526806,0.7698150054947054,19.0,0.0,1.0,0.7272971047222203,1.00003,2.00003,-1.2483,29.9856,-1.0,30.0,5.060269075943627,1.4429274734805313,0.003412548725144293,287.9129074240642,2.0,0.0005427354176559485,297.61086265269176,295.30832859449583,295.46674399642416,295.7221711365788,295.91673587355604,0.13633388884036482,0.08018357793783533,0.13114064436503287,0.5350291911061463,82845.60602330284,296.84438809757205,0.14084795691367677,1.0632209137631925,5060.269075943627,-4.323164575035172,5056.7992410282495,5024.989681830614,0.3673281009219515,0.631434734665411,0.4568687892152725,0.42094545792988847
Kabale,2043-06-01,17455.652201526806,0.6509157954598432,19.0,0.0,1.0,0.27897181976878943,1.00003,2.00003,-1.2483,29.9856,-1.0,30.0,1.5697807338883494,0.1693952679734922,0.0034431852423429336,287.928356943822,2.0,0.00011366363754678297,295.0868969779242,293.0408402058005,293.3957070827528,293.86930079032317,293.59566524595647,0.11472542014822679,0.14706074611267492,0.3088400642141755,0.27646941023770855,82975.97708591259,294.6767875739063,-0.26961476839478343,0.25313923574379366,1569.7807338883495,-34.059000847137085,1570.4105407663658,1614.940385668934,0.09712904200997234,0.5637448681962723,0.1354531963282446,0.14327931863454976
Kabale,2043-07-01,17455.652201526806,0.4424031695613014,19.0,0.0,1.0,0.21030307749031552,1.00003,2.00003,-1.2483,29.9856,-1.0,30.0,2.2198522683839252,0.6055620496757513,0.005061344371752831,288.8018373965314,2.0,0.0003202522013854916,295.0315582637039,292.2143257616027,292.2976511682478,292.3210034402262,293.0211593346913,0.26436980292838347,0.20910428751532104,0.19897456217867807,0.21830977670975588,83146.85848936626,293.7775316029138,-0.21787638961374792,0.7559734154347436,2219.852268383925,-44.19914014530044,2214.063027985476,2220.5067199006053,0.15864461654792217,0.6241256230586008,0.19397188053474623,0.21000999212993982
Kabale,2043-08-01,17455.652201526806,0.7577483146257898,19.0,0.0,1.0,0.16507725880798282,1.00003,2.00003,-1.2483,29.9856,-1.0,30.0,1.6284785755760691,0.31244656390219666,0.004734529218424488,289.9825633322031,2.0,6.204932615232303e-05,291.87488738151154,289.67481380805975,289.15477548651006,289.5621474197164,289.27922300044355,0.4422670591980239,0.08608530276134006,0.11029512904808379,0.6002790567641956,82815.2328050785,290.82353397222363,0.01000160991373195,-0.014327830517631954,1628.478575576069,-26.489712092552104,1643.8337883135082,1594.762092412103,0.108498253863572,0.6459944051963991,0.18457077098741312,0.15149925309753975
Kabale,2043-09-01,17455.652201526806,0.3051976545390283,19.0,0.0,1.0,0.405901372445275,1.00003,2.00003,-1.2483,29.9856,-1.0,30.0,1.487075981369981,0.4443409883161771,0.003919383635184918,285.6590626734372,2.0,0.00014990079887917634,294.37925493236276,291.0704567341549,291.48439466349646,291.4905755358073,291.36555543084506,0.14781757633955078,0.16243944626635498,0.08601874456357453,0.10152260092645425,82889.71684936807,292.79597980356107,-0.5961287044968949,-0.20607827759590835,1487.075981369981,-15.824925807407308,1501.2299821619001,1531.6379970770936,0.10800521823704795,0.6733915447643493,0.14088132031624753,0.14876589687597913
Kabale,2043-10-01,17455.652201526806,0.4974273806105664,19.0,0.0,1.0,0.04143707241737056,1.00003,2.00003,-1.2483,29.9856,-1.0,30.0,0.4981989056762033,0.09258489231164212,0.00403242611782243,285.41878912739134,2.0,0.0006496192276010955,292.03045112476343,289.0667118915206,289.36068092650265,288.82173935789626,289.0215773316334,0.4699850503138131,0.21307268907470633,0.2850281654329639,0.12098858905509059,82933.63385616655,290.19565727931433,0.41943543033901365,-0.583356636365521,498.1989056762033,-55.634448922642854,498.29695839223126,485.90808897762247,0.0319631373874302,0.4037321487856942,0.12786694302861612,0.07160577015687984
Kabale,2043-11-01,17455.652201526806,0.7563331238959842,19.0,0.0,1.0,0.2033151254207669,1.00003,2.00003,-1.2483,29.9856,-1.0,30.0,0.7588010876154825,0.22620844964585074,0.004727113763338743,283.0594971158277,2.0,0.000400088490600459,292.2934503080548,289.849877939949,289.3752169440202,290.35270330654583,289.68564147355397,0.24236324170303053,0.26108370247120133,0.34080060259894557,0.6020312207397043,83026.2625852349,291.03943010579223,-0.7736207987266092,0.02787655174638654,758.8010876154825,-11.755011185206435,744.0658079327412,736.3156744626796,0.05428273801595792,0.6393564860226262,0.1692277451114351,0.08609343585334966
Kabale,2043-12-01,17455.652201526806,0.4121726453806934,19.0,0.0,1.0,0.045982681261614394,1.00003,2.00003,-1.2483,29.9856,-1.0,30.0,0.23295539255316486,0.05427096116563004,0.00434993083998436,286.2600434985351,2.0,0.00035663100028398914,292.7953060430452,289.344879242639,289.6577792288936,290.2995077667388,289.6291459330634,0.11552386231186751,0.1172424247944131,0.00718922565820058,0.4025183466026172,82915.88039313036,290.8626185577469,0.3378289355433116,-1.05342786384944,232.95539255316487,-15.003912375220688,221.0511450583642,242.47314999153434,0.014728493578661904,0.8650696538352888,0.07045209520107999,0.04386995214450651
Kabale,2044-01-01,17455.652201526806,0.3941006965603201,19.0,0.0,1.0,0.27437042542670903,1.00003,2.00003,-1.2483,29.9856,-1.0,30.0,0.16489844644498938,0.031006546067936933,0.004789498759650042,289.23284297388903,2.0,0.00011700454430242425,292.2539417067915,288.67350853259296,289.0465585880988,289.2686053595258,290.01384950498266,0.46865472311028195,0.38422839467339914,0.1881174472414317,0.20625249497150486,82814.19129506544,290.63340900617396,0.5672691655040373,0.9272154502583206,164.8984464449894,-15.19900515502384,140.07142196430934,145.95547953336623,0.009524158919650744,0.6872993073945859,0.0800679667638237,0.05481329545397673
Kabale,2044-02-01,17455.652201526806,0.9065376725416107,19.0,0.0,1.0,0.42276929127756124,1.00003,2.00003,-1.2483,29.9856,-1.0,30.0,1.946694688360243,0.5085454410319465,0.001883853760013873,287.40598935623655,2.0,0.00036709568561984855,293.7231298709118,290.21340596167744,291.441418739106,291.44002140953313,291.505499892815,0.5942908061845533,0.1559976292251887,0.4208877081232464,0.13748956758239764,82783.11280194588,292.3772870555167,0.839599832468542,-0.19990208260983164,1946.694688360243,-28.984511265398588,1948.8963735511777,1930.2672461618515,0.13782994462125467,0.4368166730135377,0.22199190871116423,0.17008533713794657
Kabale,2044-03-01,17455.652201526806,0.7004611660657369,19.0,0.0,1.0,0.18101991146300508,1.00003,2.00003,-1.2483,29.9856,-1.0,30.0,3.6756454571832458,0.45947442714571973,0.003962400847138047,289.0940434163619,2.0,0.0007688060003673228,295.5821838986659,292.8617333529385,292.77235644602166,293.427594665762,293.16330829035434,0.30222747317873766,0.3071761420509805,0.08377541658345074,0.15866836258889622,82953.67135862989,294.2723735511943,0.41537858545065287,0.27114551209293536,3675.645457183246,-8.91066745569489,3681.9676881840314,3658.266369996499,0.23298851657726727,0.5361380156072416,0.17162624896451456,0.31172842104366894
Kabale,2044-04-01,17455.652201526806,0.768615190776392,19.0,0.0,1.0,0.17777513179303805,1.00003,2.00003,-1.2483,29.9856,-1.0,30.0,1.9649719375177337,0.33627687317127036,0.0033479497615380776,288.8461253495582,2.0,0.0002003108518732588,298.30190673987727,295.1290769472778,295.5222797631228,295.0858052728557,294.9342526283789,0.42148054710114286,0.03726710486136742,0.437870148593793,0.37960731367269734,83006.42338143839,296.1314219331726,0.6249076439299006,0.06884781393698991,1964.9719375177337,-1.699755607620855,1939.4674137847242,1960.7723929346416,0.12901309838409572,0.5415435648561218,0.1859703186758972,0.17916459319479486
Kabale,2044-05-01,17455.652201526806,0.3844471005766812,19.0,0.0,1.0,0.187169980146017,1.00003,2.00003,-1.2483,29.9856,-1.0,30.0,4.505077880976099,0.8358812660332751,0.004004885740930194,288.5597967336421,2.0,0.0006169994529811128,297.7046142426988,294.909524722659,295.01087859256523,294.875810681871,295.4963803934746,0.5034847123209473,0.5230373111722022,0.14134217585849448,0.4461071037311089,82834.27459764433,296.14461387114136,-0.4124033957209131,0.1490485839956938,4505.0778809761,6.956492465726045,4514.063382235356,4495.854738543394,0.3013767731278717,0.7154413482410297,0.3762957579357423,0.41788281316295894
Kabale,2044-06-01,17455.652201526806,0.8536966260155285,19.0,0.0,1.0,0.38376179925913856,1.00003,2.00003,-1.2483,29.9856,-1.0,30.0,0.9229010951593709,0.1664654989281551,0.005887278562205686,289.1341772235672,2.0,0.0002585235301811014,295.2887585104609,292.55873701122977,292.99978587012873,293.11667087117763,293.55244413089514,0.24554959303210955,0.678347235009832,0.2699401985210841,0.24882202932467626,83024.74396287007,294.25954999369463,0.46870538977008347,0.22442722695415546,922.9010951593709,35.22719583874773,929.7620747269141,900.4253993162041,0.060135677464133085,0.6479112507291384,0.14460020581411273,0.09341225957428055
Kabale,2044-07-01,17455.652201526806,0.6823879757937722,19.0,0.0,1.0,0.4477448814900599,1.00003,2.00003,-1.2483,29.9856,-1.0,30.0,1.0918534366386992,0.31455715836902715,0.005958916624082344,287.76107744959126,2.0,0.00017952175859844324,295.4681107748671,292.7514194862541,292.90295587905223,292.79316283835004,292.852852697754,0.24057229216694045,0.5807492520720764,0.22414613395131008,0.27669838630738436,82975.29450525303,293.952224661899,0.3594747885046779,0.9559067949466744,1091.8534366386991,10.33371946375632,1100.8114421981704,1132.6275671377598,0.07811315730978119,0.41034003197705604,0.17653605884686918,0.11455024975763502
Kabale,2044-08-01,17455.652201526806,0.6067220877957562,19.0,0.0,1.0,0.13388967415774947,1.00003,2.00003,-1.2483,29.9856,-1.0,30.0,0.6153379443562552,0.10858217582682997,0.0026612007884205544,286.55827188107,2.0,0.00020090140649196354,294.27631350437366,291.39172636927134,292.18997898435146,292.10603165127714,293.02458273533193,0.3435651714547617,0.1156870469291112,0.27289818188993475,0.05440213146107499,82936.66122442941,293.4256733218684,-0.4741770533108373,-0.40463795969361993,615.3379443562552,-9.274517736633515,604.481112519547,593.1204981501081,0.039591899412315675,0.5368036130150758,0.07588967311107403,0.06677489091903624
Kabale,2044-09-01,17455.652201526806,0.45142485543940836,19.0,0.0,1.0,0.2053104346169355,1.00003,2.00003,-1.2483,29.9856,-1.0,30.0,1.0192089743577772,0.12319727794954237,0.003897765790116988,285.4202796735101,2.0,5.212075691718233e-05,295.78945577972775,292.47971597821504,292.86682021854864,293.07526917925765,293.1278551002744,0.3468108916318992,0.14490616465590667,0.2416057394082495,0.22766932226202286,82940.17256377262,293.96623129110884,-0.4374206386166092,0.19698161186730234,1019.2089743577773,-33.254737888837596,1038.1616700002744,1004.8778628785444,0.06325672500123797,0.7048808191595848,0.1604296029846902,0.11355030913179565
Kabale,2044-10-01,17455.652201526806,0.23384504705695885,19.0,0.0,1.0,0.46129950103063405,1.00003,2.00003,-1.2483,29.9856,-1.0,30.0,0.6626878329910041,0.10277664995288982,0.0019946876031839375,286.2388518008963,2.0,0.0005635118287580676,292.7805668196167,289.6144828064107,289.63417251849336,290.09871344573827,290.068477109616,0.357360959902565,0.32711549784029775,0.2788482010449048,0.19997188924198164,82925.72560470294,290.9971583535857,-0.3674550753164647,0.2747633372148219,662.6878329910041,-39.33587097476285,668.1287764894937,639.867380794427,0.04198594148192779,0.4062954023970431,0.08783737363615732,0.10296290302680709
Kabale,2044-11-01,17455.652201526806,0.8454419265952173,19.0,0.0,1.0,0.06675100493175118,1.00003,2.00003,-1.2483,29.9856,-1.0,30.0,0.5375259558708799,0.09545087782643051,0.0026687800114928687,286.1519160733234,2.0,0.0004818525973393691,291.5142588655643,289.47664438574736,289.1000277667266,289.73400970584754,290.46142179516465,0.26950808910286944,0.18105680856265827,0.18539966140785222,0.19018766832093342,82964.88475406247,290.9063501891639,-0.5429681602019214,-0.372881872055333,537.5259558708799,-3.584487620999383,561.0704734395456,557.5879077965384,0.03443350850251933,0.8318318990441628,0.07709131715016242,0.04688207305015252
Kabale,2044-12-01,17455.652201526806,0.5260124239805707,19.0,0.0,1.0,0.030516397764766383,1.00003,2.00003,-1.2483,29.9856,-1.0,30.0,0.28157683589095367,0.03801911085873441,0.003261585295197122,286.1239713716654,2.0,0.00031939633394232426,293.1350124200844,288.9863245653746,289.8465363927699,290.35566669104827,289.77561072475766,0.4062069073991601,0.31836069918934773,0.4251620939976008,0.19715971054990994,82907.84345071977,291.1030344975615,-0.42040640077989117,-0.035416953762627566,281.57683589095365,38.59876511902862,265.48348415522986,281.94898538535125,0.016626101972646943,0.5153933747500841,0.10601879432020517,0.05879068414840802
Kabale,2045-01-01,17455.652201526806,0.5543526770580961,19.0,0.0,1.0,0.20939542272050887,1.00003,2.00003,-1.2483,29.9856,-1.0,30.0,1.5198805972849425,0.21296905667229807,0.005484060553220697,287.6666921275821,2.0,0.00011846155630686702,294.3712877747416,291.2917667562735,290.95021838371963,291.2632405076046,291.39621078208376,0.42950935899336584,0.012995876581958504,0.14671921155330542,0.24515706663323591,83009.39069516325,292.53716847062185,-0.6045614856980696,0.17984605215852337,1519.8805972849425,-20.467126080279957,1493.332227246584,1490.6798747019195,0.09665448459000085,0.6042778258514045,0.14976214215638156,0.14478863313633547
Kabale,2045-02-01,17455.652201526806,0.6722970590255289,19.0,0.0,1.0,0.1411101274961743,1.00003,2.00003,-1.2483,29.9856,-1.0,30.0,3.462535102338838,0.3974243395516799,0.0029463633859536133,287.5983305877254,2.0,0.0005854360286175022,292.2694179442266,290.1146167441294,290.32277593931803,289.8726372354234,290.5470631198196,0.4068895027425908,0.33295768994993397,0.13135131417898166,0.027752309185385255,82797.71873559273,291.4490624699367,-0.20124184141194015,0.22254862892107274,3462.535102338838,12.877798860794485,3489.6584624760753,3467.8927603038474,0.21744007736687856,0.4521387450282841,0.21078700467466202,0.2973043658546435
Kabale,2045-03-01,17455.652201526806,0.6129639422332852,19.0,0.0,1.0,0.17615568966358086,1.00003,2.00003,-1.2483,29.9856,-1.0,30.0,2.757631484247364,0.513547976604962,0.004321721372015799,288.85556183579456,2.0,0.0003223037418950458,295.93887728932054,292.83030088807004,293.16829374800307,293.7864148602462,294.1604891788946,0.04812314995319212,0.11554904453927914,0.24806707224320468,0.12562394410372266,82978.81800091451,294.633399824349,0.2142273407801637,0.2508581621170984,2757.631484247364,16.489348935166433,2785.5749175440715,2766.721209947336,0.18396868693574417,0.4819108292704013,0.18757949641046387,0.23437367773199794
Kabale,2045-04-01,17455.652201526806,0.45137648632441285,19.0,0.0,1.0,0.1977507645121844,1.00003,2.00003,-1.2483,29.9856,-1.0,30.0,5.645723619468975,1.062244844895032,0.004605686211129193,289.15764404083075,2.0,0.0005159077405724502,293.7344878642301,291.1067097186523,291.3009307227782,291.59274490431545,291.64395682424976,0.1848657542936301,0.31308678438891246,0.23718172391216807,0.38114224046766126,82883.5303952542,292.9034110501381,-0.41064339786008547,0.955217816066707,5645.723619468975,-26.33112900334679,5637.482982939874,5683.019380043321,0.3788743232350758,0.5822328814053678,0.3542189720811107,0.49395613581871806
Kabale,2045-05-01,17455.652201526806,0.3851391666896396,19.0,0.0,1.0,0.5124890299739557,1.00003,2.00003,-1.2483,29.9856,-1.0,30.0,0.7876627669185531,0.20508847303053374,0.003358298969577483,289.7686917206684,2.0,0.0005720003686734768,296.5173486027551,292.71258853481,293.47183445631225,293.41848393773563,293.7309599005413,0.26278504489284327,0.49045464684734563,0.03968768060158832,0.17406000717317713,82835.15538645837,294.5366057774005,-0.26891453422665035,-0.4296930655353755,787.6627669185531,6.339205703446146,787.5221935407416,760.8551231716006,0.05479945229013129,0.696181113934757,0.1638175574251027,0.09890729301177544
Kabale,2045-06-01,17455.652201526806,0.6269408718517008,19.0,0.0,1.0,0.06555191198413533,1.00003,2.00003,-1.2483,29.9856,-1.0,30.0,2.3747503031987947,0.3382600120949648,0.0031501240748825973,290.0790268898242,2.0,0.00044206900435341754,295.7516264755095,292.6123886892702,292.7831259898783,292.73594254056377,293.3657627029836,0.19136050797025364,0.43613948773134675,0.13452088619313404,0.34078406407447115,82816.10144372704,293.91722774257687,0.30802219850640833,-0.35189835999302194,2374.7503031987944,13.337999828559912,2384.896724778608,2401.648342044386,0.1523778816439245,0.5100847109272266,0.20968563098418275,0.2167440236527466
Kabale,2045-07-01,17455.652201526806,0.7370291846047458,19.0,0.0,1.0,0.4684693130084385,1.00003,2.00003,-1.2483,29.9856,-1.0,30.0,1.9247198216089783,0.42935224336470373,0.004329969924990186,288.97263641482357,2.0,0.00024171530057371431,295.48337073317754,291.5136407482574,292.0021104846963,291.79502042401145,292.5988337689967,0.4358322421036384,0.17073942299279615,0.13075572274816624,0.2275741855583235,83023.77106961497,293.09904011338796,0.07628462437046707,0.103354458005428,1924.7198216089782,-27.50081694943472,1905.5787313794197,1924.9033036192316,0.13195333813617915,0.6693633790343827,0.19222404135532264,0.16990064654445328
Kabale,2045-08-01,17455.652201526806,0.2919971754613754,19.0,0.0,1.0,0.6731845086126115,1.00003,2.00003,-1.2483,29.9856,-1.0,30.0,3.5412152280532183,0.956226649168125,0.0047880173575606385,287.33958845793796,2.0,0.00036092685824144066,295.6796801847755,293.5507362395238,293.73751605905596,293.55797033816935,294.04880513914145,0.28727710491519587,0.1432860104338276,0.21130408161679812,0.7639448592579622,83028.25719892296,294.5819514921226,0.24561074568179647,-0.18309581932431734,3541.215228053218,13.906434780237706,3541.2360158758634,3603.287896403949,0.2534912309529877,0.39246089710972687,0.37784620198089475,0.3398032674511538
Kabale,2045-09-01,17455.652201526806,0.6046885108541654,19.0,0.0,1.0,0.39996256800329,1.00003,2.00003,-1.2483,29.9856,-1.0,30.0,0.5135380124034679,0.14701606771911757,0.00486657362382332,286.9910122704406,2.0,0.0003631189749809668,292.31144359412684,289.3759622359554,289.7993644667321,289.8002818341737,290.05961891143863,0.5217511209189172,0.13455174200324582,0.1249498951186476,0.3180410745388212,82997.15217651024,290.8950958050438,-0.692334696517887,-0.3410057267100253,513.5380124034679,14.000537883492406,506.0886994184379,525.8983268807636,0.035872935578507716,0.7076390206169502,0.1556088566542029,0.06656796229886455
Kabale,2045-10-01,17455.652201526806,0.8148369038336886,19.0,0.0,1.0,0.127901094889211,1.00003,2.00003,-1.2483,29.9856,-1.0,30.0,0.2622131034098416,0.06873872999119528,0.0031199971059916007,289.809080495438,2.0,0.00020695132934410717,293.15233321466394,288.43890630764946,288.65744841628026,288.97933288338686,289.54952773025667,0.44876819319616484,0.18721410829747848,0.330697716449398,0.5617099280890279,82884.45300949963,290.133192407853,0.46137710917741226,-0.01252819995617168,262.2131034098416,-17.13000575721434,251.61799774335165,235.87771206924896,0.01727819548754527,0.8177978512457279,0.16769042904551268,0.044204239454763115
Kabale,2045-11-01,17455.652201526806,0.8784554023440913,19.0,0.0,1.0,0.35174958673152534,1.00003,2.00003,-1.2483,29.9856,-1.0,30.0,0.295928151182117,0.034822425060132306,0.00208672548240341,287.5481868417485,2.0,0.0002685810631070503,291.2222094268727,287.81556893704254,287.53247506998395,288.17272254137276,288.49974602697046,0.24295516798393701,0.19697331914355296,0.2837696596517977,0.5200583717575942,82797.54133068545,289.1222817591118,-0.2029158886603673,-0.6711915157308084,295.928151182117,5.299273391249583,277.70980154727664,237.49343918908858,0.017325384217620535,0.5133440897851405,0.12446566856270351,0.03582757538353827
Kabale,2045-12-01,17455.652201526806,0.9477817402923177,19.0,0.0,1.0,0.26470102844556165,1.00003,2.00003,-1.2483,29.9856,-1.0,30.0,0.5796326296854921,0.11909493755123417,0.003433569851698785,284.69983854335254,2.0,0.00018481801597240033,292.9894184784752,290.3654614283988,289.9979301610902,289.8830538813075,290.70177621330237,0.4243444925177914,0.30640074268886125,0.6351806933259991,0.3723613586211459,82978.64869531288,291.4136144441529,-0.063645104870545,0.20944660457537848,579.6326296854921,-19.31043130832776,568.6679980335016,540.8582357577625,0.03811926672625808,0.5846800209804809,0.1796896478317761,0.06725635525181763
Kabale,2046-01-01,17455.652201526806,0.7928323795103578,19.0,0.0,1.0,0.3194325365413491,1.00003,2.00003,-1.2483,29.9856,-1.0,30.0,0.9750163503756066,0.16933154928767388,0.003569059392206191,283.54647665576806,2.0,0.00046441654347710327,293.40500202665,289.9153501333122,290.19068316157586,290.35554993678187,290.93204256466095,0.3260159400184256,0.1697779699675066,0.11216927365610131,0.38294650842182615,82786.45744594246,291.66205202355644,0.32617746453429386,0.17696367786340278,975.0163503756066,-21.76547843879051,975.1967341474858,994.966691248586,0.0633854909241868,0.48022827363205434,0.08610555654059995,0.08988017980186631
Kabale,2046-02-01,17455.652201526806,0.5129792653278539,19.0,0.0,1.0,0.3501310512267745,1.00003,2.00003,-1.2483,29.9856,-1.0,30.0,2.6016112084575687,0.7585533034269689,0.004084496594256656,289.07404839552646,2.0,0.0007597061388505269,293.91039684201064,290.2781363813506,290.7407656872172,290.7548828222975,291.23484065739905,0.08541327511745668,0.07794499639061733,0.40720546372358396,0.7239837954626277,82844.37450358568,291.9684109206714,0.34471649088242845,0.78616993818726,2601.611208457569,-16.551273889957454,2597.401972039054,2635.3069086808005,0.18902903873011667,0.6252078128867061,0.3175061009479045,0.24703372681728397
Kabale,2046-03-01,17455.652201526806,0.7660425675218474,19.0,0.0,1.0,0.3536091810431934,1.00003,2.00003,-1.2483,29.9856,-1.0,30.0,2.588505316190262,0.5718355448393956,0.005630196800176051,286.766260414338,2.0,0.0003104167159132422,297.12525438975905,293.83109061469287,294.05504608131747,294.2199760178799,294.42396701888043,0.7011216780574112,0.13381224798321323,0.27893698686318186,0.3147960911996279,82850.84399438494,295.24969047404926,0.9962477043449882,-0.13097781562931088,2588.505316190262,-4.299241787734705,2586.9903665689703,2588.4215240104013,0.17760812676926904,0.330487468578518,0.2614871473835088,0.23393406592435456
Kabale,2046-04-01,17455.652201526806,0.9067372622048109,19.0,0.0,1.0,0.08996014274990365,1.00003,2.00003,-1.2483,29.9856,-1.0,30.0,2.219951196898056,0.5862119435342792,0.004555411525849279,290.58598182566783,2.0,0.0003504854268269533,296.1405856300712,293.35377643807453,293.4665183081204,293.58426408214564,293.93671135418435,0.3747481901369611,0.2885339611958397,0.09774815599265536,0.3688489562948974,82772.86281489335,294.83655958366836,0.27687586435439143,-0.04186527483760381,2219.951196898056,-6.228948289152068,2213.5432609068807,2192.5517050639114,0.15758145679096044,0.7631475594357805,0.27145340048757544,0.1877615924318644
Kabale,2046-05-01,17455.652201526806,0.950131172076849,19.0,0.0,1.0,0.040610424733029796,1.00003,2.00003,-1.2483,29.9856,-1.0,30.0,0.48611920894621363,0.06763043771442007,0.004772228101415589,290.5157909977998,2.0,0.00032472020854813977,292.50022586318465,289.9802105568804,289.88391900316304,290.05241237543504,289.9905918572948,0.3456612696458971,0.2562872257165157,0.0978436148340647,0.6441738596296207,82947.69750186647,291.09424462060446,-0.08860685204022875,0.31476823809509846,486.11920894621363,14.377132760990838,475.60656416316965,502.2603598639611,0.02982074087622719,0.7774395941250367,0.0944198672538766,0.04947718013356153
Kabale,2046-06-01,17455.652201526806,0.9163180776644858,19.0,0.0,1.0,0.23240771631376986,1.00003,2.00003,-1.2483,29.9856,-1.0,30.0,2.9231754611737415,0.4027934523297745,0.0032705098892385934,289.9281594172122,2.0,0.00037854427715356916,294.47520218909216,292.02393170681637,291.3553015193403,292.48861829832765,292.3803195536758,0.2268647510743051,0.053030779392874594,0.08989656762069283,0.2562272697199882,82884.21534437887,293.30310084482704,-0.24160704529142424,-0.5481145496267487,2923.1754611737415,-5.613290944201435,2914.021931567067,2919.985833459357,0.18713575931070925,0.806378314071335,0.12453080259950948,0.23158544468220435
Kabale,2046-07-01,17455.652201526806,0.7398152326611039,19.0,0.0,1.0,0.4224509446602344,1.00003,2.00003,-1.2483,29.9856,-1.0,30.0,5.923678937073744,1.2737549875381935,0.006211469952975141,286.15271271354266,2.0,0.00018763278547874275,295.9661707613298,292.57033042217546,292.9472696792339,292.8586048819106,293.6046304273573,0.170033961077223,0.637243769834997,0.17952924125061195,0.11678639151567129,82852.50587437872,294.1854713881339,0.13327572199557972,0.5243295141066753,5923.678937073743,-2.6882451952021524,5900.948116676554,5933.916915437922,0.4065438885650118,0.600606774618563,0.42890354848913426,0.49864809167404667
Kabale,2046-08-01,17455.652201526806,0.5906046502505764,19.0,0.0,1.0,0.22821794743989907,1.00003,2.00003,-1.2483,29.9856,-1.0,30.0,2.9766648172662142,0.7929798209459669,0.004315274070949333,287.18082623091686,2.0,0.0003267567425651113,294.3586058678096,291.4758916994775,291.1404884134387,291.5011127825413,291.7595497564318,0.06657880793976029,0.40885865031179536,0.32634112502953744,0.21390205450281577,82907.41755012472,292.67518843339354,-1.1748359289046642,-0.46044281520916475,2976.6648172662144,-17.433618337356442,3029.252888319388,2996.2288225916686,0.21224012203866696,0.45256625346062046,0.2855579597156586,0.26572323747962756
Kabale,2046-09-01,17455.652201526806,0.7589647150879705,19.0,0.0,1.0,0.550447392923225,1.00003,2.00003,-1.2483,29.9856,-1.0,30.0,0.3734993572486205,0.041958279189316425,0.0026322698907137653,283.8814490956198,2.0,0.0004033943083245317,291.7525622232845,289.231833819231,289.1217440574999,289.59535375968096,289.2619572855018,0.2947172654626732,0.6055824011777298,0.19887262153803958,0.18693050601979794,82786.02749308392,290.4814833507554,-0.48767664413371936,-0.23356894193274483,373.49935724862047,26.836865880473255,381.9649574030735,430.9681464038598,0.022098708744096796,0.6475701890747032,0.14583224260707742,0.05050834756227712
Kabale,2046-10-01,17455.652201526806,0.8021576167893454,19.0,0.0,1.0,0.2629208601099233,1.00003,2.00003,-1.2483,29.9856,-1.0,30.0,0.5159468259776506,0.07713875238108547,0.004631257919907218,285.93301528079206,2.0,0.0004782834252312822,291.64889676259077,289.44418785998135,289.53837139055156,290.1975856857375,290.61372756720436,0.35040439339314555,0.1388037138541182,0.47284712830492287,0.06984142610443221,82808.32875042474,291.0745761165857,-0.9843695352522379,0.2500658254111748,515.9468259776506,4.265718635263682,513.4735192126343,459.8052849861507,0.032059722223085306,0.5854754128468608,0.075537994049244,0.052999323837042124
Kabale,2046-11-01,17455.652201526806,0.7168994077342308,19.0,0.0,1.0,0.2923509813074722,1.00003,2.00003,-1.2483,29.9856,-1.0,30.0,0.7096620575894401,0.1548522061135249,0.004332425290982565,284.7138348565595,2.0,0.0006052131165588184,292.72897130746776,290.35536195873783,290.65034477765386,291.30825802923476,291.24767528049347,0.37934866908786585,0.10696866049964081,0.15426310752822975,0.32014592794108687,82920.14945178447,292.1646463220954,0.19937519495892753,-0.24353285557954718,709.6620575894401,8.931960293507446,725.0146692165207,710.2181792909994,0.04747108469588795,0.5479969276505611,0.11253388904268337,0.07215503790317462
Kabale,2046-12-01,17455.652201526806,0.8325371114767817,19.0,0.0,1.0,0.20311788041077086,1.00003,2.00003,-1.2483,29.9856,-1.0,30.0,0.9619117312979888,0.24722440797054854,0.0045373665288665046,285.3560899966439,2.0,0.00034566142599779627,294.18778876658894,291.3368027136496,291.4708714396389,291.2954145226698,291.6503076475979,0.5004116188651749,0.24713080290270628,0.5056510598194238,0.35435846220845735,82801.0855268193,292.6516548117045,0.3841640604268193,-0.034238438256245306,961.9117312979888,-5.204646007678362,933.772248857001,931.6581795951115,0.0670051173779216,0.6177948975732537,0.17401839186408163,0.10207066563218971
Kabale,2047-01-01,17455.652201526806,0.5786640672139515,19.0,0.0,1.0,0.39393552856549613,1.00003,2.00003,-1.2483,29.9856,-1.0,30.0,0.7901480799985642,0.1912684578228449,0.003022690218349996,288.92224081492856,2.0,0.0006664134023868042,291.6906715907931,288.2983262487887,288.5276009222431,289.58033757620717,289.32737020485337,0.2026803235365587,0.4556082332729348,0.19062683955422702,0.13365611672563463,82899.83931653808,290.1384419980559,-0.03945727123583452,0.4925439540414003,790.1480799985642,-10.411568386520804,790.2909756568612,797.1655274897659,0.05417562509676833,0.7111497258991875,0.09724870501173453,0.08769561099721018
Kabale,2047-02-01,17455.652201526806,0.982284403763516,19.0,0.0,1.0,0.6193181627717341,1.00003,2.00003,-1.2483,29.9856,-1.0,30.0,1.3322437725188105,0.1721299493800725,0.002347756433059022,287.15103784497677,2.0,0.00021353584964556278,294.54717310354505,290.72897819569584,291.3181272293839,291.6173194330693,292.1706814754885,0.661540113030918,0.24440976703053086,0.08958835790116161,0.3690096676101341,82855.86263863031,292.3388811918727,-0.27966098873784145,-0.7538404190781002,1332.2437725188106,6.339823542270162,1336.2835310865069,1310.8709148207126,0.08387406871035068,0.7090766251893234,0.14656362159482225,0.116886540869366
Kabale,2047-03-01,17455.652201526806,0.8704923756236177,19.0,0.0,1.0,0.14402782228667382,1.00003,2.00003,-1.2483,29.9856,-1.0,30.0,3.654831691722718,0.4041054114100499,0.0016806018601035616,287.9825760271783,2.0,0.000599462680698701,295.77060275244605,292.95554323363285,293.1155810006422,293.6603361322717,293.4936540865144,0.1911014283188118,0.049157880285372255,0.27806564617289586,0.27385290317148575,82717.3089696034,294.40963285451255,-0.6241939060635261,-0.03375700376414479,3654.831691722718,-8.154135202064463,3654.3876695060767,3640.4804380702226,0.22879713091115278,0.8139715918225442,0.13689952445942044,0.29814112705783385
Kabale,2047-04-01,17455.652201526806,0.9802004469653963,19.0,0.0,1.0,0.1793544196574854,1.00003,2.00003,-1.2483,29.9856,-1.0,30.0,2.350998018052007,0.5189634733071437,0.0025786251893648135,289.2658118315954,2.0,0.00014694767147915838,296.2078951754482,293.3873601233695,293.4995359685744,293.4388220380845,294.24140156119006,0.17706785916277734,0.22136717653234475,0.08949582284848207,0.3232978823354092,82923.39169923308,295.01072936632744,0.11367290176267264,-0.544150816089611,2350.998018052007,-25.067746356259978,2359.7913581748435,2374.6011816770138,0.16131197510439532,0.6184581592876958,0.21853673619053762,0.18583893878314878
Kabale,2047-05-01,17455.652201526806,0.843640662395497,19.0,0.0,1.0,0.40031366899406434,1.00003,2.00003,-1.2483,29.9856,-1.0,30.0,1.6285372388358945,0.16517520463885302,0.002570540299674931,288.8237648833843,2.0,0.0005262686562388502,296.57946851814216,293.24953145577496,293.6701871519391,293.889524041845,294.40136190265116,0.25413408139150767,0.31321958874086525,0.355964076493986,0.20846366675493694,82800.18396992602,295.21867201228605,-0.2444421173463927,0.3592042382134924,1628.5372388358944,12.163332569484115,1626.481356604689,1637.654292898747,0.10027163692845685,0.8730581550623909,0.1827904817099286,0.14353784049590484
Kabale,2047-06-01,17455.652201526806,0.6420742460839636,19.0,0.0,1.0,0.08542847447427344,1.00003,2.00003,-1.2483,29.9856,-1.0,30.0,3.572018498574432,0.6837624522391151,0.004208226862153564,288.75809222952245,2.0,0.0001836694398157848,295.2542273698053,292.27006578438096,292.2950750585934,292.26210046540155,292.70839080244315,0.1980080404718287,0.08820383246735246,0.35337573855477844,0.20970356706317062,82780.47432006164,293.6799797169047,0.3997594245367984,-0.01573111224768229,3572.0184985744318,1.3743967890571314,3564.588632416276,3576.2525452967907,0.2398180159668342,0.46394938969474525,0.26965851201317936,0.3067945710118923
Kabale,2047-07-01,17455.652201526806,0.42252255662651145,19.0,0.0,1.0,0.25208354101263925,1.00003,2.00003,-1.2483,29.9856,-1.0,30.0,2.8499610920335026,0.38606170613905916,0.0057899364863062824,288.927103335604,2.0,0.00010749005115916115,295.24535316969235,291.7005659512179,291.5572399868479,291.92120582365203,293.201338102345,0.38869201885872356,0.41177865780609724,0.26124786919177356,0.14047255379098028,82874.39462096048,293.37995075472327,0.5351759176818803,-1.4101332517146175,2849.9610920335026,25.945173538177624,2849.2285011666117,2823.469438385252,0.18189146166457365,0.8224076232774776,0.1977448581591611,0.2704135323944573
Kabale,2047-08-01,17455.652201526806,0.8954136887232286,19.0,0.0,1.0,0.16713651929261256,1.00003,2.00003,-1.2483,29.9856,-1.0,30.0,3.5799887363341716,0.8360610365246853,0.0029605690370993303,287.5599729013452,2.0,0.00037474099739709225,292.7864899094398,289.8496656974428,289.6000509210465,290.2709578675775,290.1919525242499,0.13123879304074448,0.5446442448467663,0.4725502118901714,0.18508515656235605,82995.6128605741,291.13941696749526,0.11350786847795294,-0.2952134770298759,3579.988736334172,17.50822926515506,3566.090879839058,3591.0661896347005,0.2489786230160593,0.8882864870950008,0.32985425605605506,0.30429546114375466
Kabale,2047-09-01,17455.652201526806,0.7218645840647647,19.0,0.0,1.0,0.5706105277254311,1.00003,2.00003,-1.2483,29.9856,-1.0,30.0,1.2219525131053441,0.16849019243615396,0.003815219167357207,287.555181816629,2.0,0.0003849402543627371,291.8794601206189,288.922185466137,288.44059028080846,288.9464960618511,289.19483533315974,0.2792004982789896,0.3383275601791803,0.12678971222277036,0.39977724052740715,82911.36020259779,290.2156371011424,-0.2637245164627271,-0.03016636121003329,1221.9525131053442,36.347112213703404,1252.8815374453984,1190.5759982798122,0.07732910115109237,0.37732978731640726,0.16055176334764115,0.11819918989621228
Kabale,2047-10-01,17455.652201526806,0.7714345982957409,19.0,0.0,1.0,0.29553457988959614,1.00003,2.00003,-1.2483,29.9856,-1.0,30.0,0.559916440049165,0.14692251501573036,0.003433012086157322,282.96892268211434,2.0,0.00011244546507775194,292.5187739036404,289.2907378970966,289.49531401584943,289.579706866445,290.33154373277205,0.14135373906642767,0.17672448117328896,0.3828458471926683,0.14166789979947847,83013.26224577718,290.74483628514304,-0.3646709294815312,0.14192864491443002,559.916440049165,-50.43222443197448,567.0953066972111,578.445064479386,0.03857934575997846,0.7934066128911003,0.1548323665242043,0.05363840815505953
Kabale,2047-11-01,17455.652201526806,0.49446297645237947,19.0,0.0,1.0,0.07022738058478664,1.00003,2.00003,-1.2483,29.9856,-1.0,30.0,0.2558286128591586,0.025990169497957523,0.0035099055399337104,286.50178086993174,2.0,0.0003088279436118919,291.39384995822104,288.9006960876609,288.9793461545226,288.9843815605,289.03612079370293,0.36150710381359574,0.1868842375180564,0.43273156221598685,0.10732579093377767,82838.50182465893,290.23930080589827,0.4062174504119608,0.8770215251634321,255.8286128591586,-4.541739240422276,235.0240561401967,226.20509879745205,0.014469439550965203,0.643869453504468,0.08232360679817129,0.05204936467543308
Kabale,2047-12-01,17455.652201526806,0.6174927516869121,19.0,0.0,1.0,0.5993909346433688,1.00003,2.00003,-1.2483,29.9856,-1.0,30.0,0.7360726755007767,0.15001878322457343,0.005324277763129671,283.93805284244576,2.0,0.00019917247174305302,291.0427150648316,288.62871208465657,288.3078966474568,289.3206720028066,289.19581391416745,0.3605166452414777,0.07920442369039303,0.41549322758278745,0.30834889363426105,82863.8409534136,290.16116165861695,0.3075188138805222,0.024081845568597167,736.0726755007767,12.246019118447304,734.8389242009767,689.0461643500455,0.0486386078751188,0.6190898623318349,0.10547122835721681,0.08552818647934977
Kabale,2048-01-01,17455.652201526806,0.578790839180219,19.0,0.0,1.0,0.7549619419494914,1.00003,2.00003,-1.2483,29.9856,-1.0,30.0,0.100026161801157,0.012188477603687988,0.0034299885014257457,284.1176022848377,2.0,0.00041336279167234353,294.6433099956511,291.29824129683726,291.2134133964446,291.8780558911867,291.9155529436627,0.2701282848825582,0.09661421010580266,0.09299778376730554,0.41506906011286177,82713.10885935293,292.8547630416825,-0.04885544493264641,-0.13272318911275155,100.026161801157,20.947252374906906,88.0371159324508,131.19887446045908,0.004854663274473368,0.6447192979449952,0.09418240957635848,0.02879327102205079
Kabale,2048-02-01,17455.652201526806,0.7498207775985258,19.0,0.0,1.0,0.09456120312420882,1.00003,2.00003,-1.2483,29.9856,-1.0,30.0,1.06823281953441,0.17779196536825181,0.0028636106492676686,289.8545793811313,2.0,0.000265370395171673,295.22162352442547,292.6696202286918,292.65580632745514,292.39251149504844,293.0394373037928,0.06823872744525039,0.658751388983643,0.7066244337390857,0.4724327990560928,82904.80178171581,293.80478205439033,0.5223556208823003,-0.4839701071364915,1068.23281953441,-14.107747353504262,1075.735570857434,1093.8278241249357,0.06919223170473947,0.4864143515245366,0.19716161837415438,0.123359870409313
Kabale,2048-03-01,17455.652201526806,0.7000843270182515,19.0,0.0,1.0,0.2262582303138274,1.00003,2.00003,-1.2483,29.9856,-1.0,30.0,2.436941148186494,0.35673427386679574,0.006491248330007266,286.738470556524,2.0,0.0004474530445501883,294.2344475603223,290.181979137306,290.1235880697509,290.3265971075696,290.64796234987153,0.16839582484306875,0.38454967471825524,0.18735810133691644,0.42620456337788376,82987.98459239569,291.60222948634936,-0.6669607713588492,-0.3165934702746023,2436.941148186494,15.562083364039045,2467.060969783546,2428.2376872365116,0.1567634070081012,0.902905517667563,0.22380384551275118,0.21896055352478577
Kabale,2048-04-01,17455.652201526806,0.3104561469256034,19.0,0.0,1.0,0.3159962301496087,1.00003,2.00003,-1.2483,29.9856,-1.0,30.0,1.3649158269294754,0.22698051745520026,0.00412180132231337,289.6817965037605,2.0,0.00011026560123654822,296.40089606190844,292.90314874524245,293.1938858239322,293.17437016595676,292.83245657541033,0.022733345268876447,0.2516814433593765,0.5875642800852677,0.35815219531018766,82920.08398386811,294.21713318495074,0.06657726408580773,0.8681619044249446,1364.9158269294755,11.46377146962766,1351.0503753285132,1326.8518895536088,0.08873740541148692,0.8182398510109973,0.16410349279698228,0.1568722725550629
Kabale,2048-05-01,17455.652201526806,0.3463335110291453,19.0,0.0,1.0,0.09983622403616962,1.00003,2.00003,-1.2483,29.9856,-1.0,30.0,2.4873326435285423,0.31909888291549965,0.005967366111091494,288.271128730907,2.0,0.0001957937944296513,299.5101793650492,295.0555334407516,295.16018465928397,295.04395637759706,295.3040467237426,0.42673914842860605,0.2531874945161931,0.059263631226726864,0.3304360031580364,83017.39282473548,296.4016875716541,0.022733263116596816,-0.33992396732672553,2487.332643528542,42.31783582703127,2485.1602311176403,2477.150739067544,0.1575165978840278,0.5773686990887896,0.18733616450054522,0.24218559444626211
Kabale,2048-06-01,17455.652201526806,0.7827765251303749,19.0,0.0,1.0,0.11427439189440186,1.00003,2.00003,-1.2483,29.9856,-1.0,30.0,2.3157168833772244,0.6872575472018405,0.005620111605006437,290.5150776180705,2.0,0.0003629274932647814,296.680898799411,293.42944562047376,293.2342625873737,293.9190011581571,293.8181472272698,0.013047313267917022,0.36568415555852457,0.14345316197261296,0.09783026775626413,83044.76799904711,294.60839806015,0.019659678388915976,0.21197201953531614,2315.7168833772243,13.259467295944702,2323.554080723636,2328.404741632563,0.16868346690332792,0.7930263475156033,0.19885746484881442,0.19015413263030456
Kabale,2048-07-01,17455.652201526806,0.6129862734757587,19.0,0.0,1.0,0.3179353148642853,1.00003,2.00003,-1.2483,29.9856,-1.0,30.0,2.086185273967348,0.5491334637015813,0.003059932544608148,287.174890759497,2.0,0.00026748709275782996,293.8959619803455,290.90904470582467,291.0349913595247,291.75058756379866,291.6745156907814,0.2961506867666034,0.153959403820771,0.4119040671691892,0.19936881660043032,82945.7468686088,292.6086640351201,-0.4745430141425606,-0.18773630610121936,2086.1852739673477,-29.561448681133335,2107.6845065581506,2111.887569242664,0.14797662299181674,0.6039898204768982,0.23101766344111027,0.19306214291037702
Kabale,2048-08-01,17455.652201526806,0.7872421302781641,19.0,0.0,1.0,0.26614626955992,1.00003,2.00003,-1.2483,29.9856,-1.0,30.0,4.280022921732226,1.106722087687898,0.0028577174912735575,290.2650807461078,2.0,9.466246286622897e-05,293.91266209170493,290.8495818691934,290.7578243067113,290.8958313629034,292.0382706216919,0.27202130684803616,0.2947336456695922,0.17509556209603222,0.15288137136221155,82807.23648491125,292.17791085111,0.3534511403134605,0.3782703935937025,4280.022921732227,32.90638040637881,4279.573770026361,4236.598929214008,0.3040386380462646,0.571396351330694,0.3536683947060243,0.35670044601467926
Kabale,2048-09-01,17455.652201526806,0.7369498908161183,19.0,0.0,1.0,0.14525771751887204,1.00003,2.00003,-1.2483,29.9856,-1.0,30.0,4.069622416001611,0.7141004014835106,0.002859838860634103,287.1227244489136,2.0,0.0004980614169310047,291.7714282838272,288.5244692280423,288.7796782338718,288.877763300098,289.1105955445101,0.19060720920028562,0.1639351078965244,0.4100641583779666,0.2975964268962234,82853.00770003757,290.0223596886874,-0.48334505446251336,-0.45324805953823294,4069.622416001611,-30.515002680670765,4073.81318340262,4071.2709728104555,0.26983736781214485,0.40761222108753187,0.2975613430277207,0.3469079746292191
Kabale,2048-10-01,17455.652201526806,0.21444764518191817,19.0,0.0,1.0,0.490250508284932,1.00003,2.00003,-1.2483,29.9856,-1.0,30.0,0.3792840047342527,0.09024334394853913,0.004755633482682066,286.19517351544084,2.0,0.00046488039139771755,292.54459350868683,289.83063862165454,289.51153532003985,289.3819615724378,289.71288760884005,0.07842029302966388,0.6734660608506535,0.09960476024698323,0.06684690848995879,82876.84605768825,290.745042692148,0.7292713828302418,0.5440526463002149,379.28400473425273,19.00190280971035,391.15692078516935,395.6392900031807,0.025044910196933508,0.6807336914210815,0.10124160740422491,0.07485765757822663
Kabale,2048-11-01,17455.652201526806,0.8363141312621416,19.0,0.0,1.0,0.3542565276261129,1.00003,2.00003,-1.2483,29.9856,-1.0,30.0,0.19779512029897867,0.04957959140982435,0.0033498709565728483,285.24200752185214,2.0,0.0003064695799234703,293.3196762826037,290.3596435596774,290.28643667782376,291.284390154142,291.0367156808543,0.09950486267761234,0.1904239111821819,0.2680312693458317,0.39345469347925544,82857.38280924343,291.90069651213486,-0.1799743324066234,0.37296611226189075,197.79512029897867,18.830375899973696,181.06896472283148,243.09433993828898,0.012524978015494884,0.8625896384013851,0.13238579331165273,0.022980739746210278
Kabale,2048-12-01,17455.652201526806,0.8278814747665528,19.0,0.0,1.0,0.29041591407869777,1.00003,2.00003,-1.2483,29.9856,-1.0,30.0,0.7118516735620551,0.19265309801598038,0.002493012815373896,283.9707077663108,2.0,0.00016172037485931063,293.1319346409884,289.98733398842194,290.4781387482691,290.6427183021531,290.3372490627552,0.6262196715079239,0.26735462117737313,0.23554035509545826,0.49035593471247735,82848.97818335917,291.5403168414708,-0.6902160411215731,-0.08767320747209532,711.8516735620551,-1.362202346445098,744.1314120671196,695.4661726588006,0.049843520397436857,0.6592758465292017,0.18787414633629101,0.08231074000251232
Kabale,2049-01-01,17455.652201526806,0.4906212600536147,19.0,0.0,1.0,0.07038192898375326,1.00003,2.00003,-1.2483,29.9856,-1.0,30.0,2.6026686871429927,0.5854211438981729,0.002645707073673063,283.63917139348814,2.0,0.0003906936329893616,293.9110004569389,290.89936379820585,290.73022250158436,291.9689105271395,291.3074354904981,0.5763547036691415,0.26936209426855684,0.1485798064588097,0.21702198636770234,82913.8950573055,292.35849684949284,0.1259818020640331,0.18907796780348168,2602.668687142993,31.08072857405986,2602.9400893664006,2607.1662182347286,0.17935121297415083,0.5466334982988099,0.29005812869001163,0.24636788026052667
Kabale,2049-02-01,17455.652201526806,0.5338076101523833,19.0,0.0,1.0,0.14016694137103414,1.00003,2.00003,-1.2483,29.9856,-1.0,30.0,0.5699507412095365,0.13710675279377116,0.004844741111123417,289.5280635529977,2.0,0.0005375598938092898,294.96858095092443,292.1085430944171,292.3410777820812,292.338237268545,292.5314585015256,0.3479049494241161,0.4994166330152431,0.11303503398784095,0.42197096602741685,82904.81555542196,293.66113363934664,0.9238198540128472,0.133984399605369,569.9507412095364,33.075231717701,550.4784885749749,536.3369717363826,0.038511672507523215,0.7773293675320757,0.09349297186586755,0.08268074699177741
Kabale,2049-03-01,17455.652201526806,0.6884128252798127,19.0,0.0,1.0,0.4512768790234217,1.00003,2.00003,-1.2483,29.9856,-1.0,30.0,2.5479763138848566,0.49736776891602885,0.004204159560242046,290.20002199040493,2.0,0.00028278482892205774,293.4056108772966,290.5868647943446,290.066612820838,291.08718535712495,291.1306138611933,0.49187361543978786,0.6402406599236623,0.5353950302022346,0.4349887324144235,82731.40507989307,291.72007721146184,-0.05349138597724065,-0.6321169909221939,2547.9763138848566,14.82118995649989,2555.7254917635087,2568.8575862177513,0.17116682163852887,0.865468583489808,0.3283231880147155,0.25250777534976665
Kabale,2049-04-01,17455.652201526806,0.8493698010661371,19.0,0.0,1.0,0.07768574695578301,1.00003,2.00003,-1.2483,29.9856,-1.0,30.0,5.570027060053977,0.6031257152093948,0.005298731939413243,288.87717468156313,2.0,0.00019256381267675904,296.52700408576464,293.3677636194817,293.61844361340036,293.42681938446975,294.1931384075794,0.3562162173396468,0.21637347036913565,0.5888475981282304,0.22607657113073126,83031.80612898374,294.6436449444545,0.3254658112499749,0.6909746607669974,5570.027060053977,15.878275974505799,5540.869987350585,5572.73980789294,0.3485022825917142,0.8986883661811387,0.24036688481044552,0.470405549810109
Kabale,2049-05-01,17455.652201526806,0.6578022032301577,19.0,0.0,1.0,0.33148302342517344,1.00003,2.00003,-1.2483,29.9856,-1.0,30.0,4.376406655568938,1.0018410273040086,0.003909458760251624,288.44836574793584,2.0,0.0006224360623296174,297.3903647141121,293.61353371419904,293.63677281371696,294.7919961781711,294.02601190811146,0.26715885965664543,0.30379106291967584,0.3553897047315742,0.13841639341773362,82866.99653537491,295.3552694832912,0.10925379302306033,1.071682991371209,4376.406655568938,-19.76071785873669,4395.002073519901,4376.006261625838,0.30349705084711054,0.5336923613248169,0.38194257284660343,0.37676570558809597
Kabale,2049-06-01,17455.652201526806,0.805497325244749,19.0,0.0,1.0,0.3960191036102473,1.00003,2.00003,-1.2483,29.9856,-1.0,30.0,0.3199747798601615,0.07991684374898185,0.003543419945511418,288.6751614399779,2.0,0.0004034930450328151,293.7370215906461,290.17464833219424,291.1784478652903,291.23298917275906,291.4920272266983,0.3262337900657495,0.025401372433861882,0.13420011788231143,0.2944094167894671,82884.04547201154,291.9218686324174,-1.1823640865475717,0.6508128190651946,319.9747798601615,2.0361808615708945,340.86775020643216,394.18755457353836,0.021164186058957767,0.5978596569838791,0.09797208259044357,0.030450535756552353
Kabale,2049-07-01,17455.652201526806,0.6982949883928135,19.0,0.0,1.0,0.18599163477010383,1.00003,2.00003,-1.2483,29.9856,-1.0,30.0,0.7142131829170004,0.2135475248720532,0.004147305213968446,286.87276314355177,2.0,0.00014985832041054903,295.4741401935832,292.21470179893566,292.53098410523575,292.402496593169,292.9357275069997,0.09421735086663632,0.44720074784502245,0.11555248909577377,0.29552388331565865,82808.28025543575,293.78848673429934,-0.4726750366536182,0.07963598608350386,714.2131829170004,-4.62527193746385,678.7454523691628,759.0203177937368,0.051068684360530664,0.7509261487020066,0.12956249365642866,0.07345140478077647
Kabale,2049-08-01,17455.652201526806,0.847377306043762,19.0,0.0,1.0,0.362497031605679,1.00003,2.00003,-1.2483,29.9856,-1.0,30.0,1.9054908718973111,0.2816906592494138,0.004344478440847024,289.3338162293995,2.0,0.00044530767222121173,293.80911568838303,290.7793481802238,290.94649812760224,291.3940560213923,291.24663615133517,0.3160240927440959,0.3663976431045187,0.334637236425517,0.38787825970024964,82869.03112307092,292.5143952827263,-0.3214039001189539,0.29897430699636907,1905.490871897311,-19.033183711528213,1886.762941662447,1898.4630881812777,0.12248711209742476,0.6204991992311834,0.21786534968561574,0.1727909590508225
Kabale,2049-09-01,17455.652201526806,0.8055908975923138,19.0,0.0,1.0,0.1866233351663539,1.00003,2.00003,-1.2483,29.9856,-1.0,30.0,1.2175862562134372,0.3440347845925709,0.0034892683179835867,283.3778442573501,2.0,0.00022972936801665236,292.5779931072673,289.47279904625975,288.96830749849556,289.514291518213,289.37527318189666,0.18521207635411852,0.3410050790550819,0.39994415000326866,0.28445851807067546,82955.2811979193,290.4409555290234,-0.18079869083825922,0.7765656017696778,1217.586256213437,4.50430888742372,1222.1179520728836,1224.2170131479686,0.08705617899236368,0.7156529294508966,0.20496783665668075,0.1144259529197747
Kabale,2049-10-01,17455.652201526806,0.5980442184272213,19.0,0.0,1.0,0.02417651420524364,1.00003,2.00003,-1.2483,29.9856,-1.0,30.0,0.5119418406609259,0.1411568143108514,0.003119284968893042,286.5612607707151,2.0,0.00033508803234997696,293.1739765074512,289.98322278986933,290.41880926110935,290.26470390034405,290.48546913889953,0.3920985332281985,0.2029823416898865,0.28165700215852413,0.19613565104302452,82924.72470663794,291.5016453551292,-0.05210345680751427,0.4058701568835789,511.94184066092583,-1.18226614271337,500.8936173228139,511.3174179810876,0.035549191552733714,0.7450398007440234,0.14701095122518296,0.06617175298504971
Kabale,2049-11-01,17455.652201526806,0.7136507669589008,19.0,0.0,1.0,0.056659751949906335,1.00003,2.00003,-1.2483,29.9856,-1.0,30.0,0.4547045746456962,0.0840001161465673,0.002546366101281705,287.0207617416022,2.0,0.0003253268797307748,292.1273462551032,288.8836373174168,289.7366165114303,289.4106870978452,289.8410646032317,0.18143494286620887,0.5049954845989982,0.29491141475785965,0.4520426308622248,82845.02915978433,290.89386439837716,-0.3500101464677883,0.7988496629804578,454.7045746456962,24.1474816123395,469.59626414708026,431.0574506905787,0.02909369010253341,0.6941683501577764,0.11336427539863016,0.06362633026049225
Kabale,2049-12-01,17455.652201526806,0.9239137681438969,19.0,0.0,1.0,0.31834015584452663,1.00003,2.00003,-1.2483,29.9856,-1.0,30.0,0.7533101617687736,0.20251666593752105,0.003703964310755648,286.56911930474877,2.0,0.00026954686674805154,290.58603846489706,288.2872104588466,287.56528898233285,288.46466172561975,288.8052335450169,0.28098476525661514,0.7724394436024937,0.21079181540200928,0.10036821896489281,82748.96702305858,289.4617285265903,-0.49488750393478076,-0.8981581824127477,753.3101617687736,-12.33275957389771,746.593293632664,738.5936964066184,0.052685633714374125,0.7108303987257376,0.17815533824986318,0.07334244759794815
Kabale,2050-01-01,17455.652201526806,0.5679422082949365,19.0,0.0,1.0,0.17702539544859996,1.00003,2.00003,-1.2483,29.9856,-1.0,30.0,1.38008094391684,0.25344583584722463,0.00246462372642431,284.63149669599,2.0,0.00026134592372066274,291.78464031475323,288.7471739406115,289.67200979712646,289.49894221504184,289.6840215001313,0.10394907991855323,0.4313647483331201,0.1912723139811174,0.1035235411604896,82917.28789609346,290.742320695675,-0.20184655973281673,0.8275761301949535,1380.08094391684,-15.291072205122768,1375.9644635122531,1439.6302503916963,0.0911925159542856,0.49023745570084365,0.14101433583172313,0.1324753443129283
Kabale,2050-02-01,17455.652201526806,0.4899902959356523,19.0,0.0,1.0,0.03865896801368598,1.00003,2.00003,-1.2483,29.9856,-1.0,30.0,0.5340201007865559,0.12075124971109208,0.0036923420587990858,288.61726350280674,2.0,0.000743800401986357,294.2124126566232,291.2422672923921,290.659555694459,291.70346044288345,291.6898105124636,0.43514844690507665,0.12645324075989633,0.21456450138518934,0.1177973442833805,82931.8163943473,292.2299612772461,-0.324900162632314,0.15803909607680713,534.020100786556,23.72912656725898,524.85416006808,582.5995201754764,0.03561155890754594,0.90457174813078,0.11320144803297641,0.07001312341800976
Kabale,2050-03-01,17455.652201526806,0.8928599778164541,19.0,0.0,1.0,0.3590839002881705,1.00003,2.00003,-1.2483,29.9856,-1.0,30.0,4.767922906281325,0.9675200417075613,0.005471451302567998,289.1905961594381,2.0,6.82184847201405e-05,294.4460547879322,291.6921416192362,291.83843827637855,291.9776673084431,291.7939497642241,0.5682647205358393,0.21212949362378075,0.45181401342268157,0.14752687074626805,82730.29801866764,293.09657703565364,0.09554021831612529,1.1886121462553838,4767.922906281325,30.47579179579395,4774.384276358463,4755.111489371369,0.32366723203414305,0.5570783623829577,0.3130881155243915,0.4022873722119288
Kabale,2050-04-01,17455.652201526806,0.7553755502846081,19.0,0.0,1.0,0.19675515235269145,1.00003,2.00003,-1.2483,29.9856,-1.0,30.0,1.7423189298945954,0.35099004644440074,0.005088492953244101,288.56061560927947,2.0,0.0006301186907019923,293.8911826172003,291.6080059601164,292.00675417647693,291.7878783239416,292.2250885327435,0.5003076159856582,0.15564773159731587,0.36245379804218425,0.21097844345531538,82942.5579115579,292.75436026816175,-0.2166240498690081,0.518754526218789,1742.3189298945954,12.0971574662204,1735.7387282654038,1768.102862352141,0.11712081627062673,0.7689926783208665,0.21256944926628984,0.16066456318080632
Kabale,2050-05-01,17455.652201526806,0.3737062276853868,19.0,0.0,1.0,0.24851353352486152,1.00003,2.00003,-1.2483,29.9856,-1.0,30.0,4.687010928351199,1.279021169807911,0.0020458674257069244,289.8169755441383,2.0,0.00029247177637863465,297.76257010241625,294.2040024832405,294.3113692825411,294.56563956736284,294.612020320043,0.09871238828291473,0.12296914884610219,0.42328648900978394,0.1048178612432515,83093.31564940071,295.6663101123963,0.5767273204397055,-0.35056110586454126,4687.010928351199,-19.766675007990468,4666.913816591295,4656.278159525306,0.33693966729310143,0.5477147662072225,0.4418763959048392,0.4113676683497049
Kabale,2050-06-01,17455.652201526806,0.5883413602260492,19.0,0.0,1.0,0.13881870595681262,1.00003,2.00003,-1.2483,29.9856,-1.0,30.0,4.153024160972154,0.6504949544821186,0.003505037091481718,289.4941869988918,2.0,0.0003518210029966902,294.6009802816817,291.30492828898787,291.1017324405881,290.98655572181366,291.60351460578204,0.40917627937055157,0.15255766487935077,0.45489547877418557,0.26495092303492374,82897.24608020727,292.52950041322254,-0.6927097668006028,-0.26343877797975873,4153.024160972154,-20.42515018659779,4162.608776848819,4108.80680108231,0.27092354613527275,0.5252368464587825,0.2613904754612412,0.36834164507918077
Kabale,2050-07-01,17455.652201526806,0.5971660929537864,19.0,0.0,1.0,0.20398005576195272,1.00003,2.00003,-1.2483,29.9856,-1.0,30.0,4.048186354531233,0.8423911134419465,0.005803012443766916,287.3031176169443,2.0,0.0004561222578667827,294.06699122470786,291.3833026384957,291.8275494253124,291.4265440264167,292.4771471233528,0.5042740629456846,0.1442575585535082,0.5410633181833582,0.10719943052811028,83023.68593065975,293.11076735991327,0.1522283307866953,0.8600456400835138,4048.186354531233,-16.83099745332355,4026.1636171649284,4017.1194539849303,0.27573083582602587,0.6512150649278284,0.33579175809849404,0.35965942447028654
Kabale,2050-08-01,17455.652201526806,0.843109474783786,19.0,0.0,1.0,0.2972089973977673,1.00003,2.00003,-1.2483,29.9856,-1.0,30.0,0.5490252577077521,0.0877842091481782,0.0052324539079778186,286.4731586350349,2.0,0.00017998941924375918,293.7378672310627,290.869796693593,290.52248887361,290.7085863755127,291.24693003759774,0.046688911684716304,0.060358348215425045,0.03363952376493962,0.30444830027867276,83003.53799615202,291.993519658189,0.015487763284514686,0.25868793958975433,549.0252577077521,29.477596753349538,563.8553797013744,560.3397528665107,0.03450547909753987,0.4257902296993891,0.08033372826781188,0.038271681378351144
Kabale,2050-09-01,17455.652201526806,0.8068491224128844,19.0,0.0,1.0,0.4154892781045397,1.00003,2.00003,-1.2483,29.9856,-1.0,30.0,1.1191204405373225,0.12078835654709676,0.004727352109581682,287.0768416521251,2.0,0.000724393848960406,292.1279674381733,289.43768053019636,289.4082766206204,289.74731282726117,290.58698598455294,0.3183384166811827,0.4943307867280992,0.20736707793913534,0.36161183858523605,82990.37409369575,290.8768459696821,0.5418023996032394,-0.30922296886064504,1119.1204405373226,-11.203940469630446,1101.8314915190542,1132.5080458360399,0.06873965148296443,0.5545637691994069,0.15888271093741707,0.11068598333133375
Kabale,2050-10-01,17455.652201526806,0.6289195171363686,19.0,0.0,1.0,0.1979819047893198,1.00003,2.00003,-1.2483,29.9856,-1.0,30.0,1.1167969197208953,0.3137172862701237,0.004536872162639845,282.08761583495544,2.0,0.0003593489709562447,292.039972800399,289.03006042134234,289.10321220427136,290.3272219445385,289.93302071513625,0.3607059036479165,0.22172941043894864,0.331533995097184,0.31158650051134357,82788.50104976029,290.8248874291946,-0.12214970263200765,-0.16363757696959827,1116.7969197208954,11.479713072290219,1111.8343127296775,1127.3047511599068,0.07956087644897249,0.6737783334068955,0.18967910196699028,0.11738629083993268
Kabale,2050-11-01,17455.652201526806,0.5277734645714156,19.0,0.0,1.0,0.48170780017181364,1.00003,2.00003,-1.2483,29.9856,-1.0,30.0,0.12920989948522085,0.01689143235052677,0.003200928943166112,285.7403492413344,2.0,0.0004527660889776307,293.14950454894614,289.5183547346564,289.7830113471343,289.78888114788447,290.4710948525476,0.1402925942379138,0.2040221808121394,0.21781311743167875,0.5336389345746119,82886.56404227561,291.3289239875023,0.1894310413711679,-0.14498838999143596,129.20989948522086,30.480753439800967,108.97107058815268,95.6695482441529,0.006789580370316279,0.6709900785077323,0.11117442948370804,0.039899797026273734
Kabale,2050-12-01,17455.652201526806,0.6773041375029618,19.0,0.0,1.0,0.22841491389717108,1.00003,2.00003,-1.2483,29.9856,-1.0,30.0,0.3975141154964986,0.08271648725058585,0.003878217056989431,286.695477087143,2.0,0.00026776126183454475,293.12996421848817,289.241864804754,290.0204374173507,289.87497426661184,289.6929561506742,0.13217678506312858,0.18707663278210326,0.12922649725383745,0.29772846642964457,82997.69289028135,290.9716913321768,0.5821737475201282,-0.5969855915129599,397.5141154964986,-21.124997727290626,406.4622662943445,344.7634946447257,0.02570172225605254,0.584310748599842,0.09953526235616088,0.043717559779441535
Kasese,2025-07-01,10529.614022288868,0.7054412862457664,19.0,0.02,1.0,0.1225642595794035,1.00003,2.00003,0.1833,30.0833,-1.0,30.0,0.6856900971965585,0.08664834928723976,0.005825724547168515,286.6157299599173,2.0,0.0003082714712047736,294.0232387892571,290.2355563423431,290.2848428518255,290.8400618379936,290.9914943276664,0.11531325230039999,0.33498198217311687,0.1305072228719418,0.19914365694990666,82704.00411479632,292.0223005971206,0.8700286345983671,-0.8959308701363575,685.6900971965584,-1.6613030916981735,666.6573654883492,654.5913723609565,0.04215852482975229,0.40731620094041726,0.07314141132585265,0.04538418781084549
Kasese,2025-08-01,10529.614022288868,0.5158455473746355,19.0,0.02,1.0,0.31987663304948494,1.00003,2.00003,0.1833,30.0833,-1.0,30.0,2.8118764676679833,0.5979733549716564,0.004119535130304903,286.5892799369091,2.0,0.00025323843217757674,295.84922322756245,292.4401424778729,292.59432187149764,292.94294405445004,292.75699077916124,0.35759889902932845,0.4086549787698695,0.5916932992416407,0.21643941611141182,82821.62398306298,293.89684127669796,0.3914387765943859,-0.010636424815547385,2811.8764676679834,31.336070576940333,2803.315987610017,2797.149948938161,0.19184501536637608,0.28491025602503284,0.2733878370066898,0.18528382216680386
Kasese,2025-09-01,10529.614022288868,0.5445657864392728,19.0,0.02,1.0,0.4444011045584597,1.00003,2.00003,0.1833,30.0833,-1.0,30.0,1.4212133598612129,0.2820019176882581,0.005568146705571757,284.15372489649167,2.0,0.0003577415359849952,291.2453490724009,287.495434594138,288.31632703106425,288.28080220050384,288.3804908524917,0.3605402835416841,0.17977175033478812,0.2753564856698589,0.2264213046482349,82929.79615561645,289.7302447678619,-0.43278141319820623,0.006170975319128491,1421.213359861213,13.914699992568123,1438.4118624057585,1429.805827995038,0.09496896520622729,0.33209053418344064,0.11841172806524378,0.09927305690244971
Kasese,2025-10-01,10529.614022288868,0.3586260648348306,19.0,0.02,1.0,0.40642503604561636,1.00003,2.00003,0.1833,30.0833,-1.0,30.0,0.9026068889228528,0.14293861552062256,0.0027338306354932757,287.30934437135426,2.0,0.00030730626820541033,292.53812006481684,290.90406021082214,290.713169714512,291.2248009029981,291.08585313611206,0.6334867412306419,0.4371175792493874,0.4465643302366119,0.15004888735435257,82949.40673364796,292.00533660862544,-0.30893688821105814,-0.5657393819375305,902.6068889228528,-27.61514012540241,908.8919455308495,907.210038053927,0.05782916183371434,0.021570985619951508,0.12696671402263107,0.10014192666855813
Kasese,2025-11-01,10529.614022288868,0.7628778458549706,19.0,0.02,1.0,0.192470771268377,1.00003,2.00003,0.1833,30.0833,-1.0,30.0,0.699811533686393,0.07034948433639769,0.002796663156414058,288.18018572815953,2.0,0.0002017997494546568,291.47916950088324,289.10196466251426,289.8073025709741,289.4140479082282,289.16791420678703,0.5882605989868939,0.4133856493804585,0.17903387644673638,0.2946304810706418,83069.43538935456,290.54252398005747,-0.3431251885317984,-0.31725153715161436,699.8115336863931,-20.262493522963517,696.727602220713,687.0128022750562,0.04220682624534687,0.42342327135150226,0.11397677441339119,0.060278752590723954
Kasese,2025-12-01,10529.614022288868,0.6003666436712777,19.0,0.02,1.0,0.26654717325871863,1.00003,2.00003,0.1833,30.0833,-1.0,30.0,0.6990029019961697,0.08455964126994264,0.004808492274428852,283.4744407375354,2.0,5.355989798022741e-05,291.6293278201629,287.635232775217,288.17230181995944,288.645911969876,288.84484372671767,0.11362286296008857,0.4515858070390932,0.12904579138724992,0.30463345048543966,82874.93494255631,289.6280396198756,-0.5425831605519462,-0.7844008175423238,699.0029019961696,22.82386550767295,703.7765865659816,702.174032157663,0.04285280695702261,0.20437974497858385,0.09785590185445639,0.0580407758567214
Kasese,2026-01-01,10529.614022288868,0.8114017059285938,19.0,0.02,1.0,0.008699504116476004,1.00003,2.00003,0.1833,30.0833,-1.0,30.0,0.5114686842164856,0.05390838929807901,0.005165471420769292,288.22692041260717,2.0,0.00015251762515005956,292.7727572976536,290.63148571730636,290.2826336777845,290.845349884154,291.1478610001417,0.11984801441953537,0.0702243675294718,0.5061937827288947,0.11854403665833911,83004.22088065348,291.8504455724001,0.0050522755279649185,0.5620661931160428,511.4686842164856,-16.658094538613106,524.2581676170929,461.6996154797062,0.03045790149885676,0.30823604874733407,0.07509150492434577,0.030944166795346142
Kasese,2026-02-01,10529.614022288868,0.8771044349048961,19.0,0.02,1.0,0.0775089850315289,1.00003,2.00003,0.1833,30.0833,-1.0,30.0,2.8480816904223896,0.7728825980496218,0.00414302290874689,287.70464495634906,2.0,0.00010361988035278184,292.75897790688066,289.8691512115205,290.18547480598795,289.963682359911,290.29110174550976,0.408488199805926,0.3571793440644787,0.4820588244822885,0.08581665697918683,82917.71637608625,291.1672939052147,-0.3256290923499123,0.8886528508962962,2848.08169042239,32.04013603739856,2859.6988123462747,2873.9854747115473,0.20381730143365967,0.2622136633203742,0.3304922962650522,0.15895451770233257
Kasese,2026-03-01,10529.614022288868,0.3965580372302618,19.0,0.02,1.0,0.2669515728535281,1.00003,2.00003,0.1833,30.0833,-1.0,30.0,0.23230004169080584,0.054792864482619726,0.003693014758075006,288.63750707425663,2.0,0.0006107301198903195,295.7691663264631,292.5856473610847,292.2925457303889,293.08351085322727,293.2168481607723,0.07490010272403448,0.18560539145857782,0.1646967855679107,0.2000103779941704,82951.94644406135,294.0314241926062,0.18439815397914994,0.2994563595227876,232.30004169080584,-30.384024565175142,248.74825068509918,214.06465776717025,0.014758182744558321,0.37585945393800274,0.09131089840527365,0.037242372169829396
Kasese,2026-04-01,10529.614022288868,0.5445821961258077,19.0,0.02,1.0,0.09009549806429057,1.00003,2.00003,0.1833,30.0833,-1.0,30.0,9.008090819157774,1.6078550561657017,0.001503201882880913,287.46935119343993,2.0,0.00014523029020698083,293.57676010775134,289.99786291486106,290.49032362085967,290.93705437879595,290.26419635475804,0.1123983100220779,0.34917504917168,0.3156518365990816,0.46295316956404453,82870.63928410024,291.795111209819,0.30044222442070206,0.15647906271812445,9008.090819157775,2.878870095944405,8987.64122531421,8985.124076460474,0.6006960598628881,0.4118402264546513,0.5165528008350311,0.4901438564500935
Kasese,2026-05-01,10529.614022288868,0.5237261236567416,19.0,0.02,1.0,0.14230955145919014,1.00003,2.00003,0.1833,30.0833,-1.0,30.0,2.2880044310908705,0.5623419209783023,0.002939160691048279,290.6801978881759,2.0,0.00035599708793722124,296.535474503911,292.97816086916566,292.91290823724296,292.8485962154727,293.2786028180853,0.31497705928102815,0.3439807206468713,0.12893162088909577,0.13549685280826484,82918.68362375315,294.5370223382126,0.7430818224825788,-1.1303001484637898,2288.0044310908706,17.28786766080421,2254.062281650509,2250.260029245411,0.16017902998661918,0.6060281098417838,0.21855829078451158,0.14160760351115945
Kasese,2026-06-01,10529.614022288868,0.49376810551587297,19.0,0.02,1.0,0.14327067761476633,1.00003,2.00003,0.1833,30.0833,-1.0,30.0,3.0252270037944617,0.5682899383055171,0.004597879687296553,290.68079827785607,2.0,0.00018903712590962385,294.61341742217485,291.3368265822098,291.92955878125065,292.1416256744939,292.12969557491436,0.02542374782427874,0.19789491452429325,0.11178262396297904,0.10860371330644003,82897.09735938394,293.0282011837325,-0.2594051410874402,0.12719023981317987,3025.227003794462,-11.114349650926874,3004.6913837048974,2996.3173229675867,0.20223479345010723,0.16340554059170542,0.22419786188008953,0.16873047538267835
Kasese,2026-07-01,10529.614022288868,0.7086870517005219,19.0,0.02,1.0,0.5977452683681089,1.00003,2.00003,0.1833,30.0833,-1.0,30.0,1.8221147410570047,0.285867784741182,0.0030877900981957818,289.58025115731107,2.0,0.000429929409274153,296.6937787978479,293.12465984701606,293.244151477648,293.20977503072356,293.742320102173,0.457197347867994,0.5113926499277115,0.39829180951219084,0.08043335164820314,82872.22646111336,294.6219644296301,-0.14145193080112356,0.3585395145328487,1822.1147410570047,7.073572171467479,1824.925720281911,1836.0161501886982,0.11806651712674353,0.399293614340373,0.21009473472498325,0.11994932439894983
Kasese,2026-08-01,10529.614022288868,0.8303021947463285,19.0,0.02,1.0,0.5659048627877675,1.00003,2.00003,0.1833,30.0833,-1.0,30.0,3.389897812416291,0.42495795780833817,0.004050568013208293,286.2394101037917,2.0,0.0002079876526241746,293.7132589047355,291.3783212178476,291.7611242367385,291.33599904491945,291.71031894558865,0.061002899671232,0.30279395102570916,0.0982914173658174,0.10489571732585283,82693.0930296175,292.7267200923771,0.25836450956290125,0.17343248318328333,3389.897812416291,-18.00699960302244,3398.622864160476,3413.9396421297924,0.21481934047587875,0.33601603119017154,0.14276372870734816,0.1698731688652032
Kasese,2026-09-01,10529.614022288868,0.5422101847869303,19.0,0.02,1.0,0.10921293879195186,1.00003,2.00003,0.1833,30.0833,-1.0,30.0,2.5651364936356638,0.5650198809699555,0.004469120354864754,286.0988807911672,2.0,7.483313150112613e-05,291.85804057597664,288.10417940517596,287.2263244769223,288.2569371128974,288.2143031733522,0.36483935800864964,0.40575016444643375,0.3907803898553667,0.2768746010758125,82872.52324056246,289.3710676252655,0.446707978344667,0.1057294725258735,2565.1364936356636,24.976808821346662,2580.5885914769024,2592.64076051218,0.1759620281528488,0.5017276780719345,0.25414162062323187,0.16766498805629254
Kasese,2026-10-01,10529.614022288868,0.8930951006549387,19.0,0.02,1.0,0.12679787088398892,1.00003,2.00003,0.1833,30.0833,-1.0,30.0,0.36515205717099997,0.08893648137939203,0.004717110094866911,287.38467385301243,2.0,0.0004625445019950256,293.8597829912626,290.1397851456399,291.2456808064576,290.816245769727,290.93222902759777,0.17188203476193437,0.2657854602989857,0.17992906693697086,0.06317682530928243,82879.69775220264,292.0550050067647,0.645032517938339,-0.22845771668458045,365.15205717099997,-19.17404016955103,369.497782519542,329.02752489332164,0.024171463874764026,0.23161106774639814,0.04279435777473253,0.015109420301550044
Kasese,2026-11-01,10529.614022288868,0.7189819227849992,19.0,0.02,1.0,0.021297452092839897,1.00003,2.00003,0.1833,30.0833,-1.0,30.0,0.19025733221175983,0.04824419109523643,0.0017884324228854363,283.8510781247883,2.0,0.00020382242365731855,291.66077638744196,287.7827204002032,288.5629580404179,288.93021586414125,288.8655300841129,0.2067124347434673,0.09555983497853966,0.21012979050433356,0.21153465135848057,82770.49772740414,289.9981437853539,-0.7900777934457198,0.9711898385743338,190.25733221175983,12.04406772684113,177.4197896826619,207.1215509008833,0.012110283072676515,0.3484434531070639,0.03932794870747546,0.017938146051766645
Kasese,2026-12-01,10529.614022288868,0.5155284602937066,19.0,0.02,1.0,0.11969452702613331,1.00003,2.00003,0.1833,30.0833,-1.0,30.0,0.9472338435709252,0.2611310894070503,0.003586222271981483,284.8296416520341,2.0,0.00018168820102797297,291.41821648808883,288.90413768923713,289.4146462877004,289.5170138299948,289.50486302339345,0.2365108820705173,0.15335447876044325,0.07909198797413797,0.09365599920122052,82827.74439115394,290.747273115378,-0.1046715311958698,-0.41265190791108286,947.2338435709252,19.819128591109397,938.4403099549293,950.8034362127753,0.06701532278237349,0.36914223493005316,0.12831509156278303,0.06474859685570473
Kasese,2027-01-01,10529.614022288868,0.8641570617002332,19.0,0.02,1.0,0.3371162378517857,1.00003,2.00003,0.1833,30.0833,-1.0,30.0,0.8915047727101514,0.23342824041291835,0.0056623666696104845,283.92495939905183,2.0,0.0003979503694421516,293.52556765037946,289.48765329860123,289.99357863891873,290.5482906187476,290.23682651433865,0.2770617800750826,0.356975708867605,0.031662823688516153,0.2915781807027335,82917.28373267676,291.3139838852905,-0.08182855528493642,-0.7817067363708202,891.5047727101514,-31.71147802306928,877.4396219592784,913.2444611009481,0.06216562709320259,0.40373105396807357,0.15332116004752644,0.05067428082806878
Kasese,2027-02-01,10529.614022288868,0.8847223200709174,19.0,0.02,1.0,0.5146770452118754,1.00003,2.00003,0.1833,30.0833,-1.0,30.0,2.4125188153267656,0.5500490909337009,0.004537887109590599,286.8777885592437,2.0,9.545567980071991e-05,296.2453306212593,293.1525427627563,293.40958903121214,293.39901437485867,293.9410326918157,0.37863566460146586,0.3527532424113359,0.25183561829633455,0.2362872080239077,82911.48494580819,294.4918765211129,1.3822244988926935,0.23154818287117968,2412.5188153267654,-11.820434888852095,2433.5643167396684,2462.3937783002752,0.16645314057096097,0.2774397478497972,0.22671564876561992,0.1334392704297023
Kasese,2027-03-01,10529.614022288868,0.5810538728662621,19.0,0.02,1.0,0.3350410712892873,1.00003,2.00003,0.1833,30.0833,-1.0,30.0,7.313422817759796,2.067581730950913,0.005090120621177512,289.1994068896599,2.0,0.00027870124365013047,295.32545488776105,292.2292136989513,291.99148110222876,291.37152764076365,292.5671160256203,0.4027837937646557,0.20936243394160559,0.20785171570628966,0.5359740705154328,82756.77144080668,293.2749703565196,1.0783772443118438,-0.21781078937632709,7313.422817759796,-30.451546135986224,7321.8810410541155,7311.0484669716725,0.5304513976207839,0.375910856167955,0.6515545253685594,0.4046792081182283
Kasese,2027-04-01,10529.614022288868,0.5138514102636274,19.0,0.02,1.0,0.557768122974643,1.00003,2.00003,0.1833,30.0833,-1.0,30.0,2.653656168480141,0.6334301308988057,0.002260744354082478,290.4875853171253,2.0,0.00022101596903657803,295.32628302684446,292.05626383901864,292.77548561890893,293.04828612615637,292.71415316274914,0.3733245666061203,0.395349163431118,0.25150037261002245,0.33520620814546476,82815.35556251841,294.06641217060655,0.6429524603326445,0.8897242961350569,2653.6561684801413,-21.527696951775383,2645.4890121035032,2690.9970042908567,0.18498775383138683,0.3948172904657785,0.24214571709046528,0.1717902940529186
Kasese,2027-05-01,10529.614022288868,0.8225024515531465,19.0,0.02,1.0,0.28691355763693266,1.00003,2.00003,0.1833,30.0833,-1.0,30.0,1.8592274315820991,0.5525303714996518,0.0027284597497217768,288.7619204819847,2.0,0.00014323011654615036,296.65529712791226,293.81636886783986,295.2374369217105,294.8868481662782,294.92658107215317,0.11519278792151709,0.2433114155677291,0.21147549639241622,0.13936827378592442,82883.87765341539,295.6714725031959,0.3353528826995883,0.29211510343686553,1859.2274315820991,-68.53542652072932,1891.4927971748866,1850.6082661753928,0.13531588779668074,0.1798475593025274,0.25094177111536886,0.0961260719614273
Kasese,2027-06-01,10529.614022288868,0.9300249464017448,19.0,0.02,1.0,0.39747408342392704,1.00003,2.00003,0.1833,30.0833,-1.0,30.0,2.427028621764493,0.44943563801180225,0.003999736798733157,289.031958024313,2.0,9.917662479629249e-05,296.393575138122,293.5679982042249,293.44718398559553,294.0484076311786,293.963494322903,0.2518176914319238,0.37468370812271873,0.34440400457163545,0.4908509513804637,83030.89183093562,294.9107661032699,-0.47940192718538066,0.3703369571678623,2427.028621764493,-2.1056940603395735,2429.8438687900125,2402.5338090930672,0.16160018755932518,0.3414498230525061,0.24656282846056934,0.13757224864519638
Kasese,2027-07-01,10529.614022288868,0.7361964479150888,19.0,0.02,1.0,0.25840582767577186,1.00003,2.00003,0.1833,30.0833,-1.0,30.0,2.5607520126222023,0.36896498479875894,0.004118545891591736,285.94990257962303,2.0,0.00019320198609563724,296.8877979461358,293.849483230106,294.8494298485365,294.9317266609713,294.46563422572194,0.3854290345714794,0.3589097468084595,0.09230828571969821,0.23798512932968827,82918.42380805977,295.6187112325906,0.3402752689095411,0.33714962301855206,2560.7520126222025,-4.649458677082617,2557.0233626119357,2570.8691799972316,0.16461374407588233,0.45299794890424144,0.17517031686831727,0.14635782563923183
Kasese,2027-08-01,10529.614022288868,0.5650314574589385,19.0,0.02,1.0,0.2965398129268893,1.00003,2.00003,0.1833,30.0833,-1.0,30.0,2.6401195941575004,0.5194207347770563,0.004760570457026549,287.5501058023125,2.0,9.423820526834655e-05,291.09132618735396,288.5669649387233,288.4049608072452,288.8776020316529,288.9241258415157,0.4205337622018672,0.3789260832612033,0.2199156036930323,0.45792003727109937,82755.91636212291,289.9376462999044,0.14894858773023675,-0.41473689943885195,2640.1195941575006,-39.542529343122474,2639.2674832067687,2655.0394470684573,0.1776120455350584,0.2981634273449818,0.20703513692322473,0.17107856839280458
Kasese,2027-09-01,10529.614022288868,0.3583887510310832,19.0,0.02,1.0,0.3192103016828864,1.00003,2.00003,0.1833,30.0833,-1.0,30.0,0.8513797393859776,0.15261549802094104,0.004430442703809069,289.88090387444134,2.0,0.00014219341516760842,294.2746688309601,290.9222630751381,291.51707010439316,291.4436011002117,291.68054041066455,0.2209261745076188,0.43565154671619966,0.28411986513812587,0.06142744104439574,83023.27842721366,292.4227662702782,-0.32986233536721954,-0.11900309536522534,851.3797393859776,20.91633429614886,851.7431273018846,859.5041978774655,0.05537636156278809,0.5512163320086249,0.09831824675387468,0.08063940035260432
Kasese,2027-10-01,10529.614022288868,0.2577353508736007,19.0,0.02,1.0,0.5269902254429857,1.00003,2.00003,0.1833,30.0833,-1.0,30.0,0.31181224560308946,0.09046462425604214,0.002542088931830672,284.32419918803123,2.0,0.0005227999434445588,291.303573893012,288.1283519663874,288.41472242347845,288.6106144456152,288.87553852907786,0.1676010253319249,0.3606809672523791,0.27553585092236577,0.07379204398928887,82845.90878889902,289.8619533706794,0.6264054726918257,0.003507091923749691,311.8122456030895,-9.085049580735607,324.644173565962,239.99401361276708,0.021356259979706978,0.17724722507253396,0.09384548378515077,0.05617579505042978
Kasese,2027-11-01,10529.614022288868,0.7737397092420872,19.0,0.02,1.0,0.22411465791725468,1.00003,2.00003,0.1833,30.0833,-1.0,30.0,1.056418883412167,0.29666988593558774,0.0038874629358054066,286.2381875764695,2.0,0.0004032095782829082,291.20969320439065,288.0470888248211,288.7565686208021,288.69251845488066,288.8665153772871,0.09920659588173192,0.6388392298709652,0.3077393984140423,0.11561564697311967,82667.85817413838,290.0381411526391,0.42388060567183933,0.1443661733568473,1056.4188834121671,-39.16994893712459,1059.9130099939705,1053.6613787500828,0.07520642903576154,0.3191130519411211,0.15921259582981193,0.06976932673205835
Kasese,2027-12-01,10529.614022288868,0.9113843208718012,19.0,0.02,1.0,0.13131842535537783,1.00003,2.00003,0.1833,30.0833,-1.0,30.0,0.3572206780946693,0.05456623343768483,0.0046183769205067,287.0904446650447,2.0,0.0004775185591494569,290.83097452254793,288.7582724354322,289.05934399833365,289.25651474356346,289.25666321837525,0.16758879096169715,0.3125219564630138,0.14415797978815054,0.12655503336576143,82867.28838437094,290.24897370453544,-0.4268240233071017,0.468410021787129,357.22067809466927,-34.20266169824712,331.3481607097675,299.4900002127236,0.021777874519966375,0.4118520497902137,0.12797851599250648,0.015371160778906665
Kasese,2028-01-01,10529.614022288868,0.38880445882709286,19.0,0.02,1.0,0.2559864989000728,1.00003,2.00003,0.1833,30.0833,-1.0,30.0,0.4749277076817824,0.05940540642213674,0.005007751432746839,287.86291565834097,2.0,8.672175115441975e-05,291.9102996089944,289.03060515471014,289.0631371469763,289.5158182925809,290.1632134892007,0.37865248841250854,0.373788175311721,0.5758619883226171,0.3718953395096665,82987.93783073427,290.3503367482228,0.19239855675182746,-0.36689513258541806,474.9277076817824,-22.11621550330657,463.107739027883,478.7274786284935,0.028706150205081507,0.3345241929501077,0.12053946522107124,0.07738899823854303
Kasese,2028-02-01,10529.614022288868,0.6412421363882123,19.0,0.02,1.0,0.3129653581980398,1.00003,2.00003,0.1833,30.0833,-1.0,30.0,1.4777011297524825,0.21672010688253404,0.004286560069626952,289.4059637694834,2.0,0.0004176597073594069,295.09139942328306,291.6058442738824,291.3932267365015,292.45893888893556,292.40296126665396,0.0667132174199483,0.35857477788666897,0.0844070500656343,0.2139368856337988,82937.15885500688,293.2483076450307,-0.12765051701311336,0.1474189062518339,1477.7011297524825,-0.6091960623960759,1510.389206431114,1500.2582565520765,0.09454288706438112,0.6146193758218161,0.11213351710369332,0.08814826242796071
Kasese,2028-03-01,10529.614022288868,0.8182824632291553,19.0,0.02,1.0,0.10991422689617153,1.00003,2.00003,0.1833,30.0833,-1.0,30.0,1.0200455230902439,0.22654463149412757,0.004028103903902103,289.63870493351385,2.0,0.0003665013700994114,292.9883277384603,290.1865585085311,290.1574716938931,290.39933129383064,291.1253990773027,0.44661944131506187,0.2459585693957563,0.2436263730445502,0.1183226696063244,82818.21912028556,291.68686507919193,0.038066776919889155,-0.041077929745177634,1020.0455230902439,-30.841791387731227,1024.1398830328444,1014.1103250634336,0.06915825166982355,0.241886947500219,0.16711057992428702,0.06248368014257984
Kasese,2028-04-01,10529.614022288868,0.4788378300512117,19.0,0.02,1.0,0.05753137344533476,1.00003,2.00003,0.1833,30.0833,-1.0,30.0,3.0497568813300355,0.41728998745099816,0.0041547812040097715,287.7288432404341,2.0,0.0001012878731506111,295.9207681737474,292.5790558158772,292.40144938247334,292.633792747104,292.50353291021196,0.3321414457547327,0.14617276504130858,0.1405209366714457,0.24501244128026192,82799.19779383333,293.8017914080028,-0.19873506985950373,-0.5026982319021872,3049.7568813300354,-6.879696966498061,3043.1775845023503,3014.4941095579925,0.19508701760086478,0.501332763702447,0.19228682752585974,0.18157239265829178
Kasese,2028-05-01,10529.614022288868,0.661705085248076,19.0,0.02,1.0,0.4251033895453426,1.00003,2.00003,0.1833,30.0833,-1.0,30.0,1.1409409013541008,0.3122072844605034,0.004488069922184174,289.371344068693,2.0,0.0008344101588791546,296.8955115828149,293.3419001024449,294.0844379617045,293.33717594167257,293.6075717361215,0.056864729471338464,0.03878048997177612,0.3059862923278661,0.5554534812385458,82793.60146780878,294.7947302727382,0.09280308142879926,0.00863162882733144,1140.9409013541008,-28.684952895708676,1119.2957839366704,1195.2551773272048,0.08084735850602738,0.44632058457118606,0.16974450842522418,0.07570954153724807
Kasese,2028-06-01,10529.614022288868,0.35961647559060317,19.0,0.02,1.0,0.10874830680049816,1.00003,2.00003,0.1833,30.0833,-1.0,30.0,0.7505086885861721,0.14985346451841675,0.0033633175162766714,290.41015002971466,2.0,0.00026967835424396525,294.36728489346814,291.64213830217875,291.7149136112558,291.92503441219935,292.0909298910325,0.17424398885648684,0.16668518138740607,0.3439880845323746,0.3090438475697048,82829.9277160525,293.0078475080024,0.4621950231077834,-0.6679358222727946,750.5086885861722,-12.223110249490272,763.3998358392217,772.1544815200416,0.04955920625559184,0.4156760920160884,0.10629420454376608,0.07522703287193283
Kasese,2028-07-01,10529.614022288868,0.7275000495001356,19.0,0.02,1.0,0.2388123393273302,1.00003,2.00003,0.1833,30.0833,-1.0,30.0,2.4820061907303455,0.42495585787863466,0.003473832751408672,287.6353026511418,2.0,0.0003326745822354627,294.73916233761184,292.3913618967827,293.0288015512298,293.1030160030653,292.85976326448395,0.3506434769883283,0.06952196203150286,0.11654550329885457,0.31896664527148766,83152.6082952921,293.9544423518893,-0.04110981913051965,-0.22216616949928233,2482.006190730345,15.429590340088234,2474.7894413189024,2504.772517025763,0.16335973469604895,0.41264725128994656,0.20014831916595682,0.13731634661869915
Kasese,2028-08-01,10529.614022288868,0.8626776000292045,19.0,0.02,1.0,0.3563830937104945,1.00003,2.00003,0.1833,30.0833,-1.0,30.0,5.1863727058299425,1.3976836901389063,0.0021221753913868947,286.5106456916787,2.0,0.0002256476347782452,294.577336520424,291.6558025604245,291.65264966794433,291.36275487219586,292.001995637075,0.16022369698000838,0.10762349277303547,0.3203423404298973,0.22207680301463706,82778.94413536944,292.955797372905,0.7912759418584846,-0.19446406596975127,5186.372705829943,-24.219798355133932,5163.869359891969,5202.959402787109,0.37198735231176583,0.46519715320513505,0.4945914912450935,0.265444259485867
Kasese,2028-09-01,10529.614022288868,0.46436388097347636,19.0,0.02,1.0,0.3786390954558618,1.00003,2.00003,0.1833,30.0833,-1.0,30.0,0.8226132528070226,0.17757709065797136,0.004761558732117613,288.7747827335517,2.0,0.0003839034646928243,293.92544362330716,291.21128391775585,291.4289102156563,291.3022457134532,291.51743480022947,0.19038038727503767,0.16393427548507974,0.16183248032638553,0.20308185045862073,82809.19201115807,292.5768472422188,-0.3862506984585691,0.8344671280658779,822.6132528070226,-23.63889837314413,812.1095499607035,801.7847043020585,0.05514178263858548,0.4182251463714744,0.10437544289874028,0.06551573900093109
Kasese,2028-10-01,10529.614022288868,0.9273260255229755,19.0,0.02,1.0,0.0969005611066092,1.00003,2.00003,0.1833,30.0833,-1.0,30.0,0.6528547424660289,0.15365509701273872,0.0031671467469587206,284.07918518599485,2.0,0.00022672306905670254,291.03246714047935,288.60969821834976,288.95071171872223,289.1501593557098,288.96062266366243,0.5503757483717703,0.5025684656930786,0.44451339435220344,0.06728276910456905,82769.50432184659,290.1247989088682,-0.20066360624200255,0.633031270959617,652.8547424660289,21.70760788568599,663.2128894296613,643.7087631193219,0.04424738220430543,0.25963915513229757,0.1341339821274348,0.05012901548324111
Kasese,2028-11-01,10529.614022288868,0.8352752201351277,19.0,0.02,1.0,0.4100261134170817,1.00003,2.00003,0.1833,30.0833,-1.0,30.0,1.0531284547146857,0.14297886342532187,0.0024409036789184717,285.3804630485317,2.0,0.00020789228040709614,293.92606575544727,290.52455561344897,290.4983502972024,290.24206422173614,290.6478080488891,0.08440558576760772,0.07444765505851518,0.5206531109321068,0.46943355124923697,82851.09598350595,291.65271178032503,0.17678293218758404,-0.8636475893332463,1053.1284547146859,-1.1157305512453983,1034.655236809152,1093.942185558306,0.06638507514822585,0.2147364093266062,0.13991802992252647,0.0655298285138678
Kasese,2028-12-01,10529.614022288868,0.8311934039819726,19.0,0.02,1.0,0.08250550261191184,1.00003,2.00003,0.1833,30.0833,-1.0,30.0,0.1874966626235336,0.03953101810224688,0.005803654811853507,286.5627656020165,2.0,0.00012533386520056951,292.5027317695414,289.1333229631101,289.55198160717345,290.08085164099913,289.3087601883216,0.16743547972814168,0.31658215830105274,0.9090084476987652,0.414459324113181,83050.57488824466,290.7159098729731,-0.13328450568567288,0.15235737587514067,187.49666262353358,10.96205687463879,158.21625661193244,231.90357236465525,0.011231801583569926,0.43663758303903033,0.14154948531080025,0.03850209254153154
Kasese,2029-01-01,10529.614022288868,0.6786885104425977,19.0,0.02,1.0,0.4691395934293889,1.00003,2.00003,0.1833,30.0833,-1.0,30.0,0.8465589424376986,0.19083509314606203,0.0038292365116432718,288.8969929577608,2.0,0.00043106772860947,291.74201592999225,289.9649625462809,289.09397538222845,289.76068033217916,289.6713860316242,0.6143768003580923,0.47282248742757227,0.2801897623338251,0.13855009206210173,82872.99781297026,290.99883202616974,0.3415941632296872,0.15520796760894598,846.5589424376985,39.78808872960176,841.3335300678314,854.2362252988847,0.05730471388910428,0.31997448457123656,0.16705358082937158,0.07365828307774232
Kasese,2029-02-01,10529.614022288868,0.4601964486730561,19.0,0.02,1.0,0.36191618467463893,1.00003,2.00003,0.1833,30.0833,-1.0,30.0,2.811379311443338,0.29856210568340363,0.004773447600382574,288.75165618479247,2.0,0.0003513793060236287,293.13952154279303,290.2410297366979,290.35259089279305,289.99308611228764,290.37661644916426,0.16892976917562016,0.47829537247634757,0.17702764461278764,0.13090394071312889,82943.51649729471,291.5955464951555,0.3222126058649354,0.7449631768001393,2811.379311443338,-15.649861745663296,2784.4640456449442,2842.54729779884,0.174798251524964,0.36580807683838823,0.12500880199257444,0.17290897916451103
Kasese,2029-03-01,10529.614022288868,0.7012882562885492,19.0,0.02,1.0,0.2766679309916939,1.00003,2.00003,0.1833,30.0833,-1.0,30.0,0.6708029420013648,0.177680604237418,0.0043886630123291925,288.55168859813546,2.0,0.00046106915565930347,295.06671012031603,291.9480173225531,291.99926228287853,292.0425633816648,291.97899235422807,0.35902166285039705,0.3071790075842764,0.20286726787109963,0.13820336717600268,82767.72346680006,293.1007741844271,0.6333872588701449,-0.4115770447449558,670.8029420013648,23.592124245097203,669.8297460068106,676.043028673312,0.04655869312326698,0.33113505230658496,0.13026738917318167,0.05066091303191825
Kasese,2029-04-01,10529.614022288868,0.696951414089649,19.0,0.02,1.0,0.18002074813152885,1.00003,2.00003,0.1833,30.0833,-1.0,30.0,0.6198882210753746,0.12321143704420544,0.003483855130641743,289.32732414415926,2.0,0.0003472566862553089,294.2331716908358,291.3408357157119,291.2689429989098,292.0200108625437,291.7754597734657,0.10508668557201632,0.6590368485950372,0.09361055574331408,0.44050778518369027,82976.70307944846,293.03305887542655,0.18684207173505105,0.7342467021810641,619.8882210753745,-3.6000227782216947,611.4384037565844,583.2380765618615,0.04063303278391018,0.18240953311772157,0.1002893980602058,0.05573501437965302
Kasese,2029-05-01,10529.614022288868,0.773991368080846,19.0,0.02,1.0,0.2960890796911033,1.00003,2.00003,0.1833,30.0833,-1.0,30.0,5.237015193581396,0.6479980468672365,0.004846627361201019,289.56647802460867,2.0,0.00032419519083969734,293.8605167947013,291.7009436608027,291.11986462601214,291.92113706146927,291.8300977960741,0.15418513256280045,0.34415523231826045,0.15674317699774007,0.262619971614732,82718.52382128722,292.82348872832716,0.6431422181833905,-0.5325634482512853,5237.015193581396,9.803858947720903,5229.386448897701,5176.634934161723,0.33218573394284934,0.2932239847513472,0.21518010255913655,0.2761638246870322
Kasese,2029-06-01,10529.614022288868,0.7195700475668663,19.0,0.02,1.0,0.3024916341785795,1.00003,2.00003,0.1833,30.0833,-1.0,30.0,0.9240962624931277,0.11710102740493472,0.0037564577496293494,288.65791664021754,2.0,0.00041951797343689603,295.2284993454173,291.8559781132933,292.02944335980226,292.3540193510097,291.94635415734245,0.3929631723096235,0.4298570296457044,0.24039152641005487,0.7381974122645844,82752.41462772636,293.18259257859006,0.5918884932420507,0.5181140634265329,924.0962624931277,-8.923955055658121,902.2238956227635,906.4488404536247,0.05752454790202003,0.29744527780136953,0.12520724523692534,0.08261976766172024
Kasese,2029-07-01,10529.614022288868,0.60107718630243,19.0,0.02,1.0,0.16471167873927567,1.00003,2.00003,0.1833,30.0833,-1.0,30.0,4.4144807029186195,1.0242078537645682,0.005231057903355565,290.88214899854063,2.0,0.0005749744415403121,293.35005762640867,290.4744034365514,290.8672437787001,291.16982420648475,291.29827986214474,0.29640445084386274,0.43607742043579667,0.23379990144042556,0.389568471964817,82841.64093662438,292.1371762098292,0.3482414839583917,0.22886702128485337,4414.4807029186195,21.019913095817326,4400.106703678168,4367.55829725127,0.3068500736760846,0.40533482348536015,0.3519121829659127,0.2560268510047305
Kasese,2029-08-01,10529.614022288868,0.46453232893645924,19.0,0.02,1.0,0.2968531204643115,1.00003,2.00003,0.1833,30.0833,-1.0,30.0,1.6627419170491815,0.4759007373589156,0.005907264424339979,284.75850380662615,2.0,9.472106026591597e-05,294.5476133765424,291.65178412371046,292.1456194490158,292.8263729734087,292.14465390168647,0.3486005932415399,0.26588100514314966,0.2524580207076978,0.604051741921682,82766.9012078431,293.40303079579303,-0.32116069980598017,0.30597428362327167,1662.7419170491814,12.283797354088662,1672.5908537581554,1652.6801854587109,0.11964553429014138,0.6027086911437121,0.24022192326914824,0.1273463126282305
Kasese,2029-09-01,10529.614022288868,0.7733716850879033,19.0,0.02,1.0,0.19107462693479346,1.00003,2.00003,0.1833,30.0833,-1.0,30.0,1.1856719174509014,0.23386679338484292,0.005593952592505445,283.5131295299541,2.0,0.0002377679795770632,291.57107410603294,288.1448186395707,288.34371837603044,288.49777551438564,288.5273939865598,0.1389893069279533,0.27916646140136836,0.3988332866598836,0.3648763658913967,83012.37606303192,289.67359484239284,0.5047044120167503,0.1953156102256356,1185.6719174509014,-42.1298632701977,1187.268207292072,1189.8727521176781,0.07887843403310235,0.41221708319606565,0.135042110761732,0.07688538855807615
Kasese,2029-10-01,10529.614022288868,0.470415254989638,19.0,0.02,1.0,0.17486788750976348,1.00003,2.00003,0.1833,30.0833,-1.0,30.0,0.7507456947894413,0.13273907570269902,0.0030346755302526514,287.35139982769084,2.0,0.0007464452456049023,291.3320828454559,288.5294887612068,288.67611494007645,289.5576489818371,289.5414822144695,0.31061506453400034,0.1193163338790854,0.09334001858411747,0.04717830974531756,82833.33886877925,290.2374520094666,-0.15620678191555595,-0.3096380846433952,750.7456947894414,6.333269002665444,741.3399872806319,719.847353077823,0.048620623950183156,0.5799046520290794,0.09790840610417964,0.057708453462954785
Kasese,2029-11-01,10529.614022288868,0.3861066180387422,19.0,0.02,1.0,0.3838314457292997,1.00003,2.00003,0.1833,30.0833,-1.0,30.0,0.1851014252263614,0.023551227784780755,0.0036739706834425312,285.8028428240964,2.0,0.00036580203149245684,292.14505758878295,289.72420050924933,289.7766652864927,290.1605797400895,290.50607862941496,0.37498474707772195,0.3410929233603922,0.18098518988898124,0.42659517062700225,82930.93234987202,290.92168967909896,0.5978319688922664,-0.004286446193550209,185.10142522636139,-32.22862525445547,197.08504031823833,167.8807549078714,0.01031042681678129,0.6207140514360845,0.1372752891553589,0.053239788563812715
Kasese,2029-12-01,10529.614022288868,0.5987211106369468,19.0,0.02,1.0,0.10931432476004779,1.00003,2.00003,0.1833,30.0833,-1.0,30.0,0.9671875040969939,0.13864508554162674,0.0035039264308409177,285.2229180497692,2.0,0.0004229220236545494,291.591435131349,288.5121073439375,288.98649323163323,288.3910012678639,288.7105851488722,0.2678852188911653,0.552052784406938,0.4782794534604537,0.4350282909969287,82871.16527322424,289.9791227824375,0.6996356876166521,0.4492634965407394,967.187504096994,-36.98038136112273,958.9283297011872,1000.8729469484748,0.061204741545964385,0.49873644196707245,0.15740221523619205,0.09045296050569951
Kasese,2030-01-01,10529.614022288868,0.5116491779832057,19.0,0.02,1.0,0.3332080388859563,1.00003,2.00003,0.1833,30.0833,-1.0,30.0,0.9900472701307926,0.16811418380637605,0.0036261259203762123,287.3176286346168,2.0,0.00014395870981767647,295.5753293850348,292.08762880829687,292.39335988592154,292.790366609903,292.44858336598077,0.3716286460968107,0.19334294635876884,0.18529443897644354,0.44400872956593007,82820.49479101905,293.4115740378582,0.0036424861207367356,-0.20089712147994962,990.0472701307926,42.358136256729075,977.516840931528,994.370056629628,0.06416570715176399,0.500394111933605,0.12387397177189091,0.08322438228047703
Kasese,2030-02-01,10529.614022288868,0.887957057349242,19.0,0.02,1.0,0.2488544467890135,1.00003,2.00003,0.1833,30.0833,-1.0,30.0,0.5178560648936399,0.10731709016487027,0.0037058708586707374,285.12010365801837,2.0,0.0004265594538168022,295.04459445966086,291.76769026975427,291.6393199533084,291.8614862975186,292.66175205729553,0.12443860854983325,0.1475560723630411,0.26395953365729935,0.3984658202756843,82979.98134003257,292.92753605968994,0.5437052768183496,-0.17390258231991798,517.8560648936399,-32.49196380825915,545.0139562071475,562.6377437543888,0.033932093319753914,0.38562507960603076,0.07213667678818812,0.02963849500402565
Kasese,2030-03-01,10529.614022288868,0.6608612356259803,19.0,0.02,1.0,0.32943014669531734,1.00003,2.00003,0.1833,30.0833,-1.0,30.0,1.1070211850414695,0.324860154029034,0.0020234056800042693,288.97537548048257,2.0,0.0005756162612757768,295.42722324338666,292.79819181667585,292.5248442271741,293.0320316847019,292.9762105288348,0.4639825651490063,0.06207381202398351,0.0973897698848554,0.3052881888243853,82974.13738924773,294.04204474407516,-0.5582197657501267,0.14702054358200883,1107.0211850414696,-27.761363274986607,1123.940227441377,1117.740415322533,0.07978096945578211,0.4509091087339471,0.14800619481051872,0.07331513875385426
Kasese,2030-04-01,10529.614022288868,0.8980068656027911,19.0,0.02,1.0,0.22162166237375305,1.00003,2.00003,0.1833,30.0833,-1.0,30.0,8.271011315260388,1.4351936230818965,0.003738862664579372,288.70176931524713,2.0,0.0002053129382812627,297.1531006467611,293.8610124556086,294.22337032343523,294.26493918200885,294.74388811423916,0.5048311384866793,0.21911029124223358,0.2266933750546978,0.19867192444174164,82823.51921598514,295.3115360242311,0.3067680886416123,-0.5711910125197203,8271.011315260388,45.45265519729976,8274.254336388309,8268.01088756878,0.5489721784552427,0.1675732928736919,0.5036847867596568,0.4287802784376989
Kasese,2030-05-01,10529.614022288868,0.9152666932056864,19.0,0.02,1.0,0.6280524040003393,1.00003,2.00003,0.1833,30.0833,-1.0,30.0,0.8568813151599455,0.2140367282377037,0.0034953998783512244,289.54252231118824,2.0,0.0005422683505652256,297.25147183493834,293.6051291469175,293.8672364642378,294.17365906936925,294.60278997685896,0.08112565078863347,0.2893092081071003,0.11429864902609387,0.27696569934034027,83031.21232091756,295.3355486581469,-0.07393657388988141,0.10812791783679851,856.8813151599455,-7.024362115017975,851.7690212790679,869.8045404458734,0.05922500343951642,0.5039340080215496,0.18966845108000016,0.040821289057278706
Kasese,2030-06-01,10529.614022288868,0.5933503269695745,19.0,0.02,1.0,0.11680076935807791,1.00003,2.00003,0.1833,30.0833,-1.0,30.0,1.4116448037992124,0.2625250306837019,0.0033868178715981707,290.80722760630096,2.0,0.0003075498276419174,295.1820003693664,292.94808236076597,293.13315748926124,293.4640976145753,293.6174366208398,0.16928635506509296,0.33868218555032875,0.16355497987052584,0.2017300965022643,82823.90132096893,294.37818576052155,0.42741597374434714,0.535175475535936,1411.6448037992125,-14.426682116124468,1413.839609853551,1360.6378232977768,0.09344533372040177,0.42718037149017973,0.14531828869401625,0.09151615558513122
Kasese,2030-07-01,10529.614022288868,0.5374918801364429,19.0,0.02,1.0,0.19006504592061568,1.00003,2.00003,0.1833,30.0833,-1.0,30.0,3.2519544549979695,0.6241054445032844,0.004016514011799223,290.82217212108276,2.0,0.00021142920764901372,294.05949674388717,291.9696599096051,291.6655753652447,291.98126367303064,292.26374279673917,0.6300336573120217,0.11358756731619593,0.14019326727979903,0.16499522582597786,82709.91318947899,293.20834754026043,-0.8110554027539486,0.12852711336056413,3251.9544549979696,-53.44497137406743,3260.859046963604,3299.606898711642,0.2182925398290887,0.1999995229728071,0.261198726135423,0.19297897680769294
Kasese,2030-08-01,10529.614022288868,0.579504076255472,19.0,0.02,1.0,0.033354815311766726,1.00003,2.00003,0.1833,30.0833,-1.0,30.0,3.4694648282122253,0.39356861787042735,0.0050180566740590975,285.0170144194061,2.0,4.305286065269376e-05,293.25900681090405,290.95192737436093,291.325215063058,290.8072730429274,291.737567973126,0.28833850390039384,0.28271805226936186,0.34973930300855705,0.40849646509686427,82829.56877904998,292.32619261256383,-0.355822428242868,-0.5799375173239782,3469.4648282122253,3.9436849171442967,3471.08149305459,3470.0839244229505,0.21749692467026419,0.15844378509478813,0.2621099120094251,0.20860877203587633
Kasese,2030-09-01,10529.614022288868,0.8149931280050645,19.0,0.02,1.0,0.29274086642220803,1.00003,2.00003,0.1833,30.0833,-1.0,30.0,0.7238809950075623,0.200485530668462,0.00431449067236487,282.76387239254876,2.0,0.0006720533118707641,295.3551347548713,292.76297518724385,293.2829009710793,293.1185633627387,293.67716130807406,0.40563238492087966,0.5978033155611686,0.16361513511010106,0.35002381491072315,82946.56175052788,294.0597512918241,-0.18813070402806534,-0.7355816913783018,723.8809950075623,0.647044054851155,716.8091818101893,731.2746938160284,0.05086669699115591,0.3553598993539939,0.16442663407418315,0.059384363354226886
Kasese,2030-10-01,10529.614022288868,0.5235960950395541,19.0,0.02,1.0,0.1433693938306414,1.00003,2.00003,0.1833,30.0833,-1.0,30.0,0.47840245822372124,0.12380219875922617,0.002935080247066041,284.7046463997739,2.0,0.0003272583860179783,293.1354677846546,290.2752136067273,290.7038526045018,290.8378607247336,291.21297058155665,0.2133005833257501,0.3535569661822727,0.2615609682002314,0.7240793003149534,83044.26567688517,291.9151090238792,0.6066895662995546,0.6413569790851098,478.4024582237212,-3.6615850499429032,471.43045328397983,504.21335120282197,0.0326731228689728,0.46232307161692565,0.22041918119145287,0.06558413772517109
Kasese,2030-11-01,10529.614022288868,0.9801218223841991,19.0,0.02,1.0,0.042610596472931306,1.00003,2.00003,0.1833,30.0833,-1.0,30.0,0.2722658609004929,0.037865944436209824,0.0040119277156478225,283.2934891316936,2.0,0.0005668212256434575,292.80524601698306,288.45218378684876,288.9577213929795,289.5432882136097,289.6682505734137,0.2717491798001546,0.1954251569941076,0.13142210613317568,0.42541364931019554,82890.35617788407,290.4815731149811,-0.21801942120991574,-0.87860737933075,272.2658609004929,-6.123839573983311,276.05873458896815,245.88395620408193,0.01604677488055162,0.37321506772271235,0.08626622858233615,0.01380243716889327
Kasese,2030-12-01,10529.614022288868,0.890338872365891,19.0,0.02,1.0,0.2327713529402559,1.00003,2.00003,0.1833,30.0833,-1.0,30.0,0.4345383275211599,0.07888581444059609,0.003996438814128348,284.2001899824297,2.0,0.00026252015804705296,292.80106143650414,288.8561680286558,289.1462874581138,289.95930205996405,289.47370319802224,0.29346355413985764,0.12183674567757705,0.542861330685091,0.20025250470494793,82758.81655084861,290.49452104476575,0.3413542695464354,0.741818853775167,434.5383275211599,10.450524666638131,416.8821109955241,433.3826807787035,0.027577629819788552,0.3009211390076553,0.12056244995271612,0.030951643096431256
Kasese,2031-01-01,10529.614022288868,0.3975350148739099,19.0,0.02,1.0,0.29075064054040073,1.00003,2.00003,0.1833,30.0833,-1.0,30.0,1.0099890213844904,0.25956348839968973,0.0038581980286800477,285.4444138895597,2.0,0.00027411821173772073,292.41731148333224,289.6051361943724,290.1037499723207,289.9402787859884,290.30453199385073,0.17175592936272688,0.5787188304558077,0.568621893325827,0.23075052078226377,82960.76247208404,291.19419927738693,-0.2833049639095751,-0.4900569484554243,1009.9890213844905,32.96902437097848,1008.8366058693184,961.4325914402394,0.07047022648526356,0.41386237819925153,0.17858026528215937,0.10024395360524735
Kasese,2031-02-01,10529.614022288868,0.49443248236521503,19.0,0.02,1.0,0.33448818265438146,1.00003,2.00003,0.1833,30.0833,-1.0,30.0,0.9757411848187635,0.14401754115078058,0.004672549674567936,286.5182849915445,2.0,0.00020854845143646752,293.8368426776653,290.9124582775748,291.54693674407514,291.1073304284942,291.4910195653881,0.08082691051570816,0.1936737218136763,0.1878258506134429,0.3116728836410978,82859.69670353654,292.1702816491942,0.07037124691762242,0.2580413893177622,975.7411848187635,11.619773477725916,989.4802135259947,923.2572897688303,0.061928299689448886,0.3580414243488871,0.09630565565785858,0.07286084706598385
Kasese,2031-03-01,10529.614022288868,0.5623049539192528,19.0,0.02,1.0,0.5535656929157898,1.00003,2.00003,0.1833,30.0833,-1.0,30.0,3.662969826409584,0.7923836839061744,0.0035423488144424435,292.1679484476818,2.0,0.00012584369876335785,297.0799632690537,293.795487625762,294.2246910576345,293.65014198392413,294.5264300789337,0.17713241646899044,0.1461736398132671,0.7102293567371154,0.15407312330329223,82811.3860066986,295.2159534241476,-0.034592309866416614,-0.4093333686000652,3662.9698264095837,-47.30892061265683,3659.536563276268,3603.5526673827717,0.25117478676828975,0.6111234854673959,0.2923986140789349,0.21589647710705814
Kasese,2031-04-01,10529.614022288868,0.9022981147257683,19.0,0.02,1.0,0.36417411665006627,1.00003,2.00003,0.1833,30.0833,-1.0,30.0,1.0867874832100208,0.12127992878535698,0.005024162326606878,290.2732547226265,2.0,0.0005017357739790043,295.23822963943235,292.20520752520963,291.9691730955738,292.3401758476282,292.76511413822834,0.3024700950932222,0.20802454778115,0.1389700717755846,0.019928181511888833,82782.06752015525,293.7859960929701,0.038187794351283284,-0.1311035622232497,1086.7874832100208,2.5287816668428853,1117.1640598277372,1089.729385704224,0.06691689396183455,0.36052974176116703,0.11311466293371167,0.050957579227867346
Kasese,2031-05-01,10529.614022288868,0.7227136471382928,19.0,0.02,1.0,0.08069860559851848,1.00003,2.00003,0.1833,30.0833,-1.0,30.0,0.6658833203309071,0.11282891447402899,0.0024476138915116956,289.69578368640543,2.0,0.0004081895129379048,295.55409629694594,293.48668391958205,293.32184139917797,293.70395774552287,293.8152577451286,0.3169599601068216,0.208344358281062,0.04868218102697708,0.26015096205668264,82858.18955304279,294.6793230380997,0.915052020259801,-0.06465119249352427,665.8833203309072,30.685745099018412,660.8338607691736,713.5975714999757,0.04271161584920651,0.5863896818498703,0.11122668887854631,0.044700794124755965
Kasese,2031-06-01,10529.614022288868,0.47757877941482346,19.0,0.02,1.0,0.4263158379368551,1.00003,2.00003,0.1833,30.0833,-1.0,30.0,1.0618731466585227,0.27560969555342824,0.003712743436747547,289.57336653881646,2.0,0.00025964009247487243,296.8973327584693,293.33782012611647,293.38168772582577,293.5601243515544,293.67378557298576,0.5086148721553257,0.17960432662583076,0.3023841452962671,0.2933037946408315,83024.77107633065,294.68408412211,-0.08917733649468565,0.6131506728021712,1061.8731466585227,37.318883840800595,1038.9100976665254,1035.830827819433,0.0743312289969253,0.5330856522685887,0.1796252607737579,0.09123548179329811
Kasese,2031-07-01,10529.614022288868,0.6449115140038126,19.0,0.02,1.0,0.18673880277667518,1.00003,2.00003,0.1833,30.0833,-1.0,30.0,1.561931094550305,0.4387840495965845,0.004425157600905404,287.5262788180353,2.0,0.0004462396194289479,294.61761660577736,291.14124265330327,291.30636626225834,291.5431834601979,291.2874950437868,0.39929487391910534,0.6345188083455497,0.4643938535912263,0.4359120492590508,82709.70421669263,292.58808423225946,0.7040978028065461,-0.31019456419105684,1561.931094550305,-6.000060061594845,1570.6245589672683,1539.5767850710547,0.1119068643688452,0.7772675182111358,0.2571849290478884,0.12298790361526002
Kasese,2031-08-01,10529.614022288868,0.9109176226907262,19.0,0.02,1.0,0.12055380291203081,1.00003,2.00003,0.1833,30.0833,-1.0,30.0,2.720663527152719,0.7532091386983567,0.004694531259822479,283.509105837229,2.0,0.0006478082214050095,294.1927732056448,290.71487101551173,291.4688486976105,291.56230996711446,292.1626069435216,0.10688369403845523,0.2846279551679007,0.23963846254949644,0.3386006440463541,82893.13377862581,292.7401497788025,0.3740409503924974,0.2744922602162115,2720.663527152719,25.072753367939722,2713.854403944396,2710.5451580667755,0.1954435385369112,0.4081465818154492,0.281800710538474,0.14116066193918278
Kasese,2031-09-01,10529.614022288868,0.5690215027554887,19.0,0.02,1.0,0.5624053651555388,1.00003,2.00003,0.1833,30.0833,-1.0,30.0,2.058807919429103,0.4181793686518163,0.0015353255153307283,288.54091680727845,2.0,0.00030979403307106765,294.90411098032894,290.5780908710019,290.69041103325833,291.303789937533,291.42242651572775,0.19852427704416914,0.41201030432562324,0.3289419185397569,0.34612848851616324,82847.17537050202,292.1199019634841,0.4607584846673471,-0.7462979970652052,2058.807919429103,-12.087371939275673,2065.0543769351852,2053.4826636644275,0.13908312885138494,0.3952201575640724,0.2236125119568285,0.13639787932014732
Kasese,2031-10-01,10529.614022288868,0.40574583514675866,19.0,0.02,1.0,0.676575402282052,1.00003,2.00003,0.1833,30.0833,-1.0,30.0,0.14971565125980021,0.04201105236077814,0.004122757821409358,284.9175243676155,2.0,0.0006364814514490657,293.5326126933422,289.696461315143,289.820343439335,289.80359792104423,289.4490351269517,0.19536930235136396,0.22529374455877504,0.33536859094291677,0.27054753815378957,82834.45974770091,290.95684216149465,-0.11529995602106739,0.8621391245846326,149.7156512598002,27.3473649405147,153.99806430909535,117.7658283401621,0.00932499713152915,0.28300663687991917,0.08152770891316043,0.04268765480873392
Kasese,2031-11-01,10529.614022288868,0.8965131025716006,19.0,0.02,1.0,0.2614631839438062,1.00003,2.00003,0.1833,30.0833,-1.0,30.0,0.14116880453118602,0.03519851828562805,0.005873415123612152,285.51837041146,2.0,0.0003994304250537169,290.86024444095705,287.60124626092954,288.09365103627584,288.03284700422165,288.1455042989877,0.12067099171553763,0.04434275756210551,0.09380642892524575,0.4865891472876505,83050.84732401204,289.1759142568261,0.37648375610224527,-0.22163675326278168,141.16880453118603,20.13078182417276,154.74260677607302,165.11203592371834,0.008354580144904424,0.3424878668876295,0.056936055357302076,0.005153587034932836
Kasese,2031-12-01,10529.614022288868,0.666579637011585,19.0,0.02,1.0,0.08292727675626826,1.00003,2.00003,0.1833,30.0833,-1.0,30.0,0.3610681607881321,0.10527089716118954,0.0030637396275615732,284.3782084281171,2.0,0.0002529701717702771,292.62219209067786,289.95350527643274,289.4709191738487,290.0927613493011,290.3284501346421,0.20790793372462427,0.24021011686233693,0.2668369488193454,0.41485981048295295,82941.19650445432,291.0036904896835,0.27667585542110573,0.3955115193468591,361.0681607881321,24.130642721666582,365.42322531675666,316.26744512167886,0.024960040196031732,0.5124536245182032,0.1045573144888849,0.04014333949493417
Kasese,2032-01-01,10529.614022288868,0.4794882210199027,19.0,0.02,1.0,0.25253269402450074,1.00003,2.00003,0.1833,30.0833,-1.0,30.0,1.3469154737944995,0.1481042455954261,0.0031608534208291427,285.71668166023176,2.0,0.000483726327521486,294.8903081871576,291.18351226789684,290.9427640214081,291.2413351201554,291.42071693321554,0.31182174916582023,0.10886069075402875,0.6863476409067687,0.5258770198454878,82997.17380125217,292.418604900537,0.5465499414127116,-0.01156675954210612,1346.9154737944996,-9.971943905211237,1366.8797378318418,1323.7782798170176,0.0832974290795548,0.38107940988760924,0.13703195255086567,0.11448923321353133
Kasese,2032-02-01,10529.614022288868,0.3508468954286845,19.0,0.02,1.0,0.3742104842679159,1.00003,2.00003,0.1833,30.0833,-1.0,30.0,2.5862430613940464,0.7474482440551159,0.004763423812984203,285.8805980221961,2.0,0.0002224532147594322,295.058894941406,292.8947272710347,292.77668180150255,292.70830125990483,293.1349512967435,0.1807838472657543,0.038458361929160016,0.03153980721830176,0.433039024496167,82815.66281254405,293.78273212438415,-0.46288201982534893,-0.02874287460540168,2586.2430613940464,-2.708589809823949,2594.424914936789,2584.117286394833,0.18748907186634578,0.5056664644526655,0.26979835926122675,0.16123332585422664
Kasese,2032-03-01,10529.614022288868,0.978732077609357,19.0,0.02,1.0,0.3014833428855457,1.00003,2.00003,0.1833,30.0833,-1.0,30.0,4.0023187161733835,0.7551399926319847,0.00493993257114918,285.7139196411678,2.0,1.0575147270855019e-05,294.8085675142087,291.49349095363607,292.1207214085288,291.94368920922693,292.0897506798071,0.2652728384490853,0.44400775692795524,0.11972157413086444,0.34399783854906174,82923.8944554642,293.1391499465752,0.6779142352933027,0.10362233090043861,4002.3187161733836,28.983239958267493,4000.75887833993,3987.669319799183,0.2682297912946937,0.264173191403786,0.33588396406870713,0.2073696321491027
Kasese,2032-04-01,10529.614022288868,0.3516451671246126,19.0,0.02,1.0,0.21736847103125992,1.00003,2.00003,0.1833,30.0833,-1.0,30.0,1.6880706937208143,0.3071429174625993,0.004780323590302844,289.4389039817336,2.0,0.000297162613565573,295.6875771009051,292.8422111092832,293.3011139901823,293.70576852974136,293.42336666486096,0.12033817027801381,0.2740886333950096,0.3157054358281397,0.20302761603251054,82891.36635654002,294.3921110177528,-0.4266129903787883,-0.24977761368516568,1688.0706937208142,40.25071789350297,1694.310159365871,1690.2875602239224,0.11157469443946126,0.13355084079684518,0.09494451549525564,0.12133913355858865
Kasese,2032-05-01,10529.614022288868,0.6316436495995702,19.0,0.02,1.0,0.12324696407548764,1.00003,2.00003,0.1833,30.0833,-1.0,30.0,2.1223728981951786,0.5692624596645616,0.004405294110493092,291.1019895667552,2.0,0.00039341711283228585,298.51590795388853,295.5150663264546,295.37298441872076,295.6213071546304,296.14928055079406,0.34398735474143727,0.22897040343995867,0.1772207432472218,0.3639501021652167,83029.52712338333,296.90671167634207,-0.4184210912243609,-0.28671075688360864,2122.3728981951785,7.770805727904011,2138.8383121093134,2147.223022228632,0.15109438595735716,0.5390575441531797,0.22294099727179412,0.13144862757505116
Kasese,2032-06-01,10529.614022288868,0.8399576896491817,19.0,0.02,1.0,0.5803974466673527,1.00003,2.00003,0.1833,30.0833,-1.0,30.0,3.268258610763997,0.6675033390312111,0.0048394432171563456,288.75931177177245,2.0,0.00057020344388908,293.45398450846113,291.4920330425408,292.3213151672892,292.0567891451457,291.9378152063744,0.35943663773321816,0.08674150281771537,0.3695591822733146,0.44896460295921503,82892.59629937354,292.9670691316592,1.1735179739731483,0.8019348627217718,3268.2586107639972,-3.5059987366185927,3249.8511657834515,3277.7417605746787,0.22163194205064085,0.3455651452976029,0.2662109560045126,0.18083931323830618
Kasese,2032-07-01,10529.614022288868,0.2800387159114547,19.0,0.02,1.0,0.3614129666111139,1.00003,2.00003,0.1833,30.0833,-1.0,30.0,0.5908612399866341,0.15957338238897684,0.0032441575419587462,289.52852276930207,2.0,7.519099904074992e-05,294.61109466552136,291.7953909434169,291.82523793941647,292.3536346309933,292.63492976961345,0.20725898134212561,0.25716177102736687,0.3120830059052141,0.4418730569659535,83115.03883928178,293.4284151876346,0.01073013001248885,-0.13216047792517027,590.8612399866341,-12.459817798840572,575.9375348472081,570.5743177322755,0.041062639104861916,0.5176509424195738,0.20109698209978397,0.07767083135572456
Kasese,2032-08-01,10529.614022288868,0.7802792346020517,19.0,0.02,1.0,0.4565936810473884,1.00003,2.00003,0.1833,30.0833,-1.0,30.0,5.106682532977739,1.2861376915169807,0.0016453487124061341,287.1912324454319,2.0,0.00028834509191311456,292.91059957499596,290.9722381447119,290.40217637302965,291.2310771751904,290.9408655612586,0.09176340865010993,0.3733882179286282,0.06706865424958303,0.17663285512973545,82798.67356914087,291.90727683421267,-0.5272045238729591,-0.8047690384895118,5106.682532977739,-38.02744755593189,5116.088635583701,5109.53353293564,0.3611681999872566,0.5907318870000988,0.3834977643834987,0.2638413568868949
Kasese,2032-09-01,10529.614022288868,0.7809238415965937,19.0,0.02,1.0,0.34669349900096685,1.00003,2.00003,0.1833,30.0833,-1.0,30.0,0.37826923727128875,0.10220742913320847,0.004304362558467662,284.3647614506905,2.0,0.0007094922941164805,291.8333586033419,288.97193186845885,289.74447199544454,289.56195546814547,289.8185758512396,0.2178332304589227,0.17011675012858912,0.4766396789621235,0.5679814318694693,82795.62369017325,290.64773440296204,0.2700681609224325,0.6997208396019515,378.2692372712888,2.6069384689155775,371.35612869149173,337.32717785219506,0.025691508691396428,0.5234977990043257,0.1294979576504171,0.041738483509015295
Kasese,2032-10-01,10529.614022288868,0.641177566247697,19.0,0.02,1.0,0.09290247278389736,1.00003,2.00003,0.1833,30.0833,-1.0,30.0,0.9910018765121982,0.15681365127242186,0.003915935372730703,283.5140312462442,2.0,0.0004726066920555197,292.46335779730066,288.7890271436855,289.262364108817,289.635616486799,289.82534117049306,0.3590109793180413,0.24716850701813037,0.0407486883106785,0.20133214963212298,82953.69495710876,290.4992104912838,-1.0299019863104395,-0.6868646362323393,991.0018765121981,-63.21789410734438,1000.2293245674467,979.4949095800149,0.06356248824410721,0.6535049681819564,0.14970018636778246,0.06656986612959379
Kasese,2032-11-01,10529.614022288868,0.7187431499093575,19.0,0.02,1.0,0.1723597962926834,1.00003,2.00003,0.1833,30.0833,-1.0,30.0,0.2212405090502625,0.027281018226149617,0.0033188730398642416,284.9541566245486,2.0,0.00038963312881947577,290.93897606141417,288.4152478721595,288.5060393992687,289.1128124957621,289.35666214064116,0.10132244127518514,0.21221311010679392,0.4079008642760399,0.458127571994116,82962.0817200912,289.85585623461367,0.8292960079068113,0.3119333921462023,221.2405090502625,39.87590660938967,231.64237165202854,241.66709542163093,0.012591779164924172,0.4782243306293318,0.08598136343040205,0.031113972735376846
Kasese,2032-12-01,10529.614022288868,0.598167117510145,19.0,0.02,1.0,0.1601262784484983,1.00003,2.00003,0.1833,30.0833,-1.0,30.0,0.30758070807367416,0.06830149347870623,0.003286189722709884,286.8280630878641,2.0,0.0004294780008932811,291.0607335245993,288.2870896117221,289.2062210606667,288.9291220646282,288.8823177304038,0.517317769683439,0.31105729833006773,0.5776169208271746,0.14607642156572992,82919.52281329404,289.7858880213417,1.0979235810442904,0.48779974909641893,307.58070807367415,28.39685692537433,313.5631690417418,301.7499726734009,0.019817051103296457,0.5034096949294626,0.14627495511253918,0.052335163536441555
Kasese,2033-01-01,10529.614022288868,0.8847711630243364,19.0,0.02,1.0,0.4197982781248676,1.00003,2.00003,0.1833,30.0833,-1.0,30.0,0.8608499682544986,0.16215750332530374,0.004432776778366051,284.5464941407482,2.0,0.00017549865034289177,290.9225706278352,287.2970123914054,287.3339132774972,287.82266470146925,288.3656244004689,0.14054477393017395,0.5066259109995588,0.12576584881626596,0.06330459209915876,83021.4143636061,289.2519191025008,0.07255114318061104,-0.1655213653117744,860.8499682544985,5.717783131860538,852.1623802428817,910.2305334355572,0.05645453157358555,0.5762313995079409,0.15677965577815478,0.04477959282337996
Kasese,2033-02-01,10529.614022288868,0.7472219542820889,19.0,0.02,1.0,0.5477334918164628,1.00003,2.00003,0.1833,30.0833,-1.0,30.0,1.5722095892529995,0.23841502459072073,0.002804981653011145,291.7503706441849,2.0,0.0001654122850564123,293.16080022405794,290.3546804211354,290.1970729117048,290.45820986729586,290.7997208103647,0.1923705566321736,0.7294999587254416,0.552124432226568,0.29306812168342644,83042.09578654607,291.71244802073966,0.8659129633609582,0.2666510867015755,1572.2095892529994,13.115462888852436,1577.8694603762456,1550.8570627795361,0.10121753496999619,0.04847457508303341,0.2569639894282775,0.11301908155014935
Kasese,2033-03-01,10529.614022288868,0.6780920999480906,19.0,0.02,1.0,0.48132296327889007,1.00003,2.00003,0.1833,30.0833,-1.0,30.0,0.24331102956301373,0.040108562111855185,0.0041530297923071625,291.02783617880544,2.0,0.0003550792822954573,295.5410099732804,292.3616938799877,292.63520248171625,292.83225045912593,293.29466908325037,0.09007691776289399,0.313010127486104,0.2643302028016208,0.2598535552644783,82924.3188370936,294.3036887507947,-0.2663110524822117,-0.22889949379030922,243.31102956301373,6.399539420799972,213.50677632921338,318.4561121653172,0.01452375584468268,0.3179556822941512,0.09609180289872685,0.02830192450039777
Kasese,2033-04-01,10529.614022288868,0.5029482013536679,19.0,0.02,1.0,0.23960087488663687,1.00003,2.00003,0.1833,30.0833,-1.0,30.0,3.304275926041985,0.6172211430852534,0.005156536863192615,288.70344355987186,2.0,0.00024786869956040157,293.4538541274242,290.6383605858876,291.4684411363674,291.4790105177881,291.7786884484796,0.337298477518724,0.17211640471715228,0.20874624050984406,0.11593677045072795,82669.66626176806,292.5253057260054,-0.6143220446520277,-0.38669672043097203,3304.275926041985,41.80666039651668,3325.592134937929,3254.814784423856,0.2208049073307181,0.577402922442296,0.2630558157454802,0.19228825532782137
Kasese,2033-05-01,10529.614022288868,0.5774336557360905,19.0,0.02,1.0,0.1018886134459779,1.00003,2.00003,0.1833,30.0833,-1.0,30.0,6.838378332968966,1.339335326391732,0.003661901446771741,288.12753190611875,2.0,0.0006179891940023667,296.77398437740777,292.7661714207901,292.94006272101404,292.9885690657991,293.610855739446,0.16244357419557381,0.4886086304735267,0.1601057471237302,0.2831809838306199,82871.52879639443,294.5774892231508,0.14505712139848065,0.4868158149191956,6838.378332968966,19.386664977668115,6822.256042388342,6852.955202551046,0.4622862688522037,0.5060981242824801,0.4459949393250384,0.37408874039223583
Kasese,2033-06-01,10529.614022288868,0.23130732305048757,19.0,0.02,1.0,0.19266650711076752,1.00003,2.00003,0.1833,30.0833,-1.0,30.0,1.74542500115333,0.34643082504079975,0.0036439219873392902,289.42274434267284,2.0,0.00018773106049409246,294.23132252088607,291.4494755318753,291.0758062880932,292.3205138519741,291.5547050534234,0.25895286039380266,0.1981383491186979,0.1461394835450084,0.19285037105700997,83025.77019596504,292.7727664252691,0.9288809277344906,-0.3237671926535175,1745.4250011533302,41.33744778876652,1744.8371958420648,1730.422056260699,0.11712032969187432,0.5033189592602109,0.13713957916563477,0.12862268238784746
Kasese,2033-07-01,10529.614022288868,0.39718266995576973,19.0,0.02,1.0,0.17111473999115992,1.00003,2.00003,0.1833,30.0833,-1.0,30.0,0.8030650218044291,0.23059442664226798,0.0045623529137228305,288.8838312234893,2.0,0.0003871687953758957,295.33595052059,292.2801694852257,292.3695272002012,292.50222272106674,292.4801090716681,0.5690207047447758,0.23180496622420962,0.2699927347022027,0.3297502796815075,82802.43531862539,293.6681074545114,0.24395136888769148,-0.19748957127833233,803.0650218044291,21.15620565518154,802.3513443878878,743.3329727167632,0.057051322553635785,0.612719430500205,0.18437291700848954,0.08594640152889355
Kasese,2033-08-01,10529.614022288868,0.5544656698198106,19.0,0.02,1.0,0.22072215520768082,1.00003,2.00003,0.1833,30.0833,-1.0,30.0,0.9523532685480411,0.13946730097128504,0.004781648593680662,287.5933665510365,2.0,0.00027349386060115005,294.99213746783204,291.658474325698,291.67950579905437,291.4841991836623,292.1938051899135,0.1988683726590541,0.3387914707673571,0.25736116229124295,0.1372346296268781,83009.33845517768,293.04961576937376,0.8703900584074553,0.20075511996861942,952.3532685480411,-11.39174512378449,947.6885966092575,972.5740712061062,0.060337564889793,0.47582614147922875,0.11179056103089623,0.07203192154435167
Kasese,2033-09-01,10529.614022288868,0.6563973186501463,19.0,0.02,1.0,0.1564395910816733,1.00003,2.00003,0.1833,30.0833,-1.0,30.0,0.8663129258087875,0.149952763034104,0.0030970929769814225,288.10227366116754,2.0,0.00022529785698042522,295.400342056131,291.9927059191456,291.7438679581144,292.44456510146745,293.36105280318674,0.3454416774762708,0.23202435066709276,0.4052802718617854,0.48227140499531396,82833.18066560505,293.67649499045297,0.31478331623492056,-0.4082479412923254,866.3129258087874,-8.884294038254994,869.2252249334814,873.951696865076,0.05614791798184966,0.41442057606819976,0.15764471621632994,0.0749826987337803
Kasese,2033-10-01,10529.614022288868,0.3895300855824042,19.0,0.02,1.0,0.2342111718742782,1.00003,2.00003,0.1833,30.0833,-1.0,30.0,0.08339392445940674,0.016836423658724814,0.003922296145604893,282.5836017881841,2.0,0.0002190862996116486,294.2604512994256,291.4721239303789,291.07202223837584,291.6848372954341,291.88735452272437,0.2590291563094774,0.3686788576431297,0.4028175004386823,0.06396355785210092,82866.79260809532,292.70416767179023,0.27527000475615615,-0.5263115778378403,83.39392445940675,23.63315979152579,118.25076072903525,69.67480951312133,0.004147037525024006,0.5230691424357535,0.13209410471428273,0.04203121747188384
Kasese,2033-11-01,10529.614022288868,0.4940848050892119,19.0,0.02,1.0,0.21489935148142447,1.00003,2.00003,0.1833,30.0833,-1.0,30.0,0.620833422327671,0.11469379318643107,0.001779938498615274,284.8028526277345,2.0,0.000789266383870249,289.73562062601485,286.609566609303,287.2097951647332,287.54723525909566,287.3945393574895,0.08671949742298243,0.22479587842870255,0.43477270278316144,0.11020584479025824,83006.50855965154,288.4412039837285,1.0488211606200946,0.20490252340048173,620.833422327671,0.27108139194497227,636.8270565454786,679.5009872246993,0.04030019207041699,0.5410027714724476,0.08028879626715514,0.05693068723413577
Kasese,2033-12-01,10529.614022288868,0.707033122310659,19.0,0.02,1.0,0.13205802004466902,1.00003,2.00003,0.1833,30.0833,-1.0,30.0,0.3659228193227755,0.07885571775390092,0.0026980135578055695,286.8835685582165,2.0,0.00019945104640954451,293.0427559067676,290.9030247640221,290.82749261564635,291.021504801821,291.4812911271855,0.12504440756027257,0.10101288638186898,0.23861091931218628,0.4770173658693448,82944.3561827175,292.3936717414139,0.5267665335680606,0.06978796216717124,365.92281932277547,-36.03343984538279,349.4577726989422,388.66242210921234,0.02375795117803146,0.5931437318594587,0.0794897649935314,0.033137776548013594
Kasese,2034-01-01,10529.614022288868,0.6810571942292151,19.0,0.02,1.0,0.08611739098904202,1.00003,2.00003,0.1833,30.0833,-1.0,30.0,0.7819043652259454,0.1217488643221627,0.005702020950501927,287.2662629691928,2.0,0.0005574613472830509,291.40315633005036,289.3049072047659,288.6684500834746,289.23429580450187,289.3453537859431,0.311677765920546,0.34199946735322856,0.1392405565302417,0.39647476128841996,82854.38491928199,290.4454292850009,-0.8659018494629739,0.2765603898400464,781.9043652259454,-5.920296869733118,761.2665311971879,830.7059967933428,0.04961322126947422,0.4679849729889126,0.13222566119335766,0.06217660992901304
Kasese,2034-02-01,10529.614022288868,0.8407415333445535,19.0,0.02,1.0,0.2733753051238471,1.00003,2.00003,0.1833,30.0833,-1.0,30.0,1.6386376058743295,0.33258261740888995,0.0033167147367824147,288.48322798707113,2.0,0.00033942171662076665,294.4003873309795,291.74767601036166,291.41136906769464,292.2102278472717,292.43146967662295,0.22675242719315644,0.07685006978558699,0.16603909718478832,0.18221450299232958,82820.770131643,292.88522539505453,0.10075287312567903,0.3953005485701583,1638.6376058743294,-4.741538128104876,1639.047750788393,1612.3867832264066,0.11029689013789343,0.4992382237946622,0.1913863750645703,0.08233289345511388
Kasese,2034-03-01,10529.614022288868,0.7019389460518084,19.0,0.02,1.0,0.40345291044817544,1.00003,2.00003,0.1833,30.0833,-1.0,30.0,2.5697412703119014,0.3787528352423381,0.002849846020699121,287.8496347747071,2.0,0.0007238141560595821,294.75628273945074,291.4211936225055,291.8352551953629,292.1558817234396,292.7175400342188,0.18173600497531867,0.17837724267302357,0.1387226445788599,0.45582768269460344,82991.72489220531,293.31579144802106,-0.6844200464354073,0.5841826378556505,2569.741270311901,-6.389132759269297,2551.836862115288,2511.551865855962,0.16575066688560305,0.4755253612918211,0.2036059659801456,0.14585506505598148
Kasese,2034-04-01,10529.614022288868,0.33141795866693763,19.0,0.02,1.0,0.09356181260668828,1.00003,2.00003,0.1833,30.0833,-1.0,30.0,1.2888119914273393,0.33920812657766397,0.004422519744057519,291.3942241626823,2.0,0.00016205910468938736,294.9881490323487,291.15394635869615,291.81201156666407,292.0354157742126,291.8240661707331,0.3782240107741659,0.05859219867045071,0.08623005313489047,0.5515650936176975,82905.40854127715,292.7757429391656,-0.43996030125253494,-0.42435296203215883,1288.8119914273393,28.270795579056525,1295.4795168302958,1286.7463026822006,0.09076915432181676,0.5391490182818015,0.13818519951085192,0.10637436314229629
Kasese,2034-05-01,10529.614022288868,0.6385073058858616,19.0,0.02,1.0,0.40647043347393924,1.00003,2.00003,0.1833,30.0833,-1.0,30.0,2.7771174380516266,0.7348002108493389,0.005028282471104942,289.94179248751385,2.0,0.0003982205313487708,295.05439830757706,292.49919870273135,292.30155173592976,292.8352473013696,292.66835648827845,0.3486165008266096,0.5342609604800711,0.2608099937013344,0.15835353020201873,82964.56121462685,293.6689203262315,-0.9586775044033724,0.3109568501042274,2777.117438051627,42.031203476537485,2766.432232267815,2774.714636246824,0.19758237772219422,0.4147224225923411,0.3033591419835793,0.16910535132610988
Kasese,2034-06-01,10529.614022288868,0.6182662668114043,19.0,0.02,1.0,0.4045286660661367,1.00003,2.00003,0.1833,30.0833,-1.0,30.0,1.0601209217944207,0.3119679779976947,0.003278052283655278,287.6010386551822,2.0,8.720464292239244e-05,296.22450084088234,293.39480425451893,293.4763513544298,293.62509558178004,293.4699944827031,0.2694100983985362,0.5055446764143146,0.15986321203985934,0.40458641528710987,82924.47850879666,294.74242133095544,0.3435246733619135,-0.3768248554531705,1060.1209217944208,-6.257109769302156,1075.6540070610522,1067.1030185246805,0.07631860842788885,0.32001905141941195,0.18677711809109449,0.08397185545319241
Kasese,2034-07-01,10529.614022288868,0.6123257383587886,19.0,0.02,1.0,0.25751700403670724,1.00003,2.00003,0.1833,30.0833,-1.0,30.0,3.4405025580248356,0.4663220621092428,0.0034746399962699813,289.66574357888965,2.0,0.00048674681498772225,294.1272000131292,291.44230693384316,291.72426026617694,292.3252523685539,292.12029414194683,0.2441902445071889,0.19214891358583835,0.07056813102836473,0.03842080459141661,82977.48906311518,292.98329491466114,-0.43037190232427897,-0.5283395624535933,3440.5025580248357,-4.471445639894071,3455.8722426564436,3475.0248030521466,0.22006813208972442,0.3568384164166084,0.1784684107389563,0.1851984159334666
Kasese,2034-08-01,10529.614022288868,0.5504400092826486,19.0,0.02,1.0,0.08548707722406351,1.00003,2.00003,0.1833,30.0833,-1.0,30.0,0.44874782546457903,0.11054318788064414,0.0026541687041358604,288.3692092283691,2.0,0.000186339999792431,292.7542717637574,290.0315614525755,289.7638922114114,290.6075260438904,289.851619595526,0.4032136759696857,0.11622108269912496,0.178892191345342,0.37104804012249,82989.59549177664,291.3604240345457,-0.11817081156051927,0.09315996791011083,448.747825464579,38.07154304257468,481.29591576711954,438.5733433127847,0.030255154705793718,0.5809876411177832,0.10702842747583431,0.050153101120455755
Kasese,2034-09-01,10529.614022288868,0.539249336419476,19.0,0.02,1.0,0.24844207260201098,1.00003,2.00003,0.1833,30.0833,-1.0,30.0,2.044123147319255,0.2578698963582473,0.0032932503410346976,287.5270240314095,2.0,0.00044993332702536324,295.58265836014255,291.7718126726043,292.3088033493621,291.38474821401417,292.5922274814529,0.4128935051180186,0.07543529048815349,0.20798103435014167,0.4579210562377239,82792.5086705661,293.3599570724051,0.46893612868651474,0.33075760271444044,2044.123147319255,-0.9219514823688183,2043.803003059161,2011.665326360366,0.12905841082443387,0.33414575130092544,0.14204772915656408,0.13412742177769563
Kasese,2034-10-01,10529.614022288868,0.6536210723652973,19.0,0.02,1.0,0.28227428089721207,1.00003,2.00003,0.1833,30.0833,-1.0,30.0,1.0718032621918812,0.26472199003197355,0.0037916339870833144,288.78225866862675,2.0,9.734841996977836e-05,293.1457123831746,290.1961701344062,289.9767606668589,290.1214938730093,290.3450646644521,0.614774135772146,0.5666794710577278,0.07592043096156094,0.4365231829872941,82916.05770378343,291.24277233867116,-0.3044677755655648,-0.15655605426417074,1071.8032621918812,26.567435033328646,1061.7593912872828,1108.3771281881275,0.0742724437204361,0.4966922654333536,0.21971476700667847,0.09142234569321044
Kasese,2034-11-01,10529.614022288868,0.6181586905819924,19.0,0.02,1.0,0.48250988472395334,1.00003,2.00003,0.1833,30.0833,-1.0,30.0,0.7054784182502252,0.15063660587248437,0.004128994161237473,285.632842915773,2.0,0.00014875631051877315,290.11423483133643,287.63518109727147,287.13569223466374,287.31836972125126,287.72380770650483,0.31924323795950826,0.3187428262404654,0.12526076736630817,0.14062535715232183,82946.70347923176,288.6920764978497,0.7780137184970786,-0.052376315344663596,705.4784182502252,18.605547478173214,711.1262894693177,694.3532324928506,0.047006249276455185,0.6979436628245207,0.06897359813823101,0.054868263974044956
Kasese,2034-12-01,10529.614022288868,0.9799811577137132,19.0,0.02,1.0,0.05147232043664989,1.00003,2.00003,0.1833,30.0833,-1.0,30.0,0.6525400137799224,0.1715648251119846,0.006158500605916299,285.9591715741216,2.0,0.0005331282329512219,291.93195921621776,289.0543533931468,289.25573960762927,289.4100080787804,289.46778880898165,0.35729335677593593,0.3454252891978468,0.11984073224839975,0.37674806680199024,82902.69051832904,290.5503906496274,0.27648941857294407,-0.016029130742973834,652.5400137799224,-43.652865814736366,631.3247976778222,687.6751036587876,0.04507564603543521,0.4561065907119689,0.1653202188763999,0.03760749577469449
Kasese,2035-01-01,10529.614022288868,0.9480802353358068,19.0,0.02,1.0,0.03659757509267189,1.00003,2.00003,0.1833,30.0833,-1.0,30.0,0.5084673327863007,0.0705005913231008,0.003327354155036441,285.9760259044733,2.0,0.000597916045645084,291.4712916576633,288.55440702905565,288.2804172021169,289.7177607789084,289.61884791499153,0.2120879507923099,0.24327409642326198,0.14066794364176954,0.012673267178003328,82806.25393123149,290.2363007061491,0.15933154608785294,-0.4038346334442146,508.46733278630074,-7.616277103146166,490.3396052839785,465.3809750204275,0.03133297450601518,0.5325433345584486,0.07909132811691764,0.017209655445541684
Kasese,2035-02-01,10529.614022288868,0.5606480241822905,19.0,0.02,1.0,0.24497358403186142,1.00003,2.00003,0.1833,30.0833,-1.0,30.0,6.383860190272168,1.1543264398074378,0.0031552408523840446,288.6850488513105,2.0,0.00022990740585590477,294.9084981773183,291.5955986426135,291.5880880525904,292.25529275861,292.00149914071847,0.0444935553243102,0.14298325668924342,0.09285085376701938,0.48880841031479194,82946.54330900808,293.2985024403557,0.36600713612009517,-0.8057828111687554,6383.860190272168,-11.780075994497523,6416.874047535739,6390.3971119690805,0.4260434377882267,0.511314303931453,0.3954672142114111,0.3437291542732244
Kasese,2035-03-01,10529.614022288868,0.7262854824267223,19.0,0.02,1.0,0.38729002157941256,1.00003,2.00003,0.1833,30.0833,-1.0,30.0,5.187978531052714,1.0465697278869162,0.002985389173196634,286.9500496372673,2.0,0.00030357187461989787,296.63946709750917,293.80311867528235,293.11070724814675,293.7089980271551,293.6497479371396,0.1474666818655642,0.32815928220126245,0.4726964793589279,0.4176716074407915,82902.03427118105,294.7622308386406,-0.16372500396174286,-0.4258762522863126,5187.978531052714,22.595061148765225,5177.370359367246,5154.124842351183,0.3521156075296722,0.7852336810694155,0.35586759252064887,0.2879804007567062
Kasese,2035-04-01,10529.614022288868,0.8834864708556884,19.0,0.02,1.0,0.40527188923207896,1.00003,2.00003,0.1833,30.0833,-1.0,30.0,1.003495681788157,0.21272017385594505,0.0033931542287065153,288.57144881146303,2.0,0.00012847306824699393,294.80527630267363,291.7772507911975,291.7177458894093,292.2650646254464,292.77602160394963,0.1720021029864294,0.17883856838186293,0.43126315012862304,0.4306784065176498,82826.00321601011,293.25694934432994,-1.2145798812592377,0.0434766450559345,1003.4956817881571,-2.6942250664655565,1018.8493157216809,1010.0998625398447,0.06747154767072909,0.6069491111576897,0.13751735245462657,0.06168692298112678
Kasese,2035-05-01,10529.614022288868,0.6979445054604843,19.0,0.02,1.0,0.2891076325063739,1.00003,2.00003,0.1833,30.0833,-1.0,30.0,7.296039014938252,0.8169317079767767,0.0036478985009572103,292.0367598169205,2.0,0.0004038293486737792,297.4767380100057,294.67053663671834,294.66101316732863,294.9587222092008,295.19364207121976,0.08903720170082426,0.26910737961985876,0.3848742720319235,0.10091065427297806,82822.21971001675,296.08114679517155,-1.1325546094496988,-0.5500960256670749,7296.039014938252,26.850341133650012,7267.679145606832,7256.370410344451,0.45861508727999806,0.09363183936766949,0.2802616769260204,0.38364159743183845
Kasese,2035-06-01,10529.614022288868,0.5232529069610635,19.0,0.02,1.0,0.3872643853455423,1.00003,2.00003,0.1833,30.0833,-1.0,30.0,2.478445956325937,0.3966507672703072,0.00454159410617316,288.4897076407095,2.0,0.00022414636236313168,293.82838036112616,290.0913017356817,290.45314914299956,290.48023242087123,290.97992875873774,0.18026671519922363,0.26366401488136904,0.04127979627714738,0.09729596374834952,82751.3275112602,291.72679173950036,1.1042038850318656,0.5641545272813355,2478.445956325937,-11.256664798286959,2458.393391506003,2463.021790651955,0.1614918939446098,0.43684145740021474,0.13683814316305132,0.14265367699002382
Kasese,2035-07-01,10529.614022288868,0.8285192227960239,19.0,0.02,1.0,0.15030243714080907,1.00003,2.00003,0.1833,30.0833,-1.0,30.0,6.276821173253367,1.174939205424166,0.00396860966417263,287.1040740204107,2.0,0.0006038000662599198,297.19954688752347,293.72495548816477,293.7655628185368,293.5195250934464,293.35610740606376,0.15071419157869403,0.4812045809291776,0.19638780242158876,0.21649940751063065,82803.81170331946,294.97538281816804,0.3306590298001599,-0.06502942626319315,6276.821173253367,-24.61882762396488,6288.685793335204,6296.842967893492,0.4210955347597292,0.3771703645395331,0.36818138041223286,0.32894801306937793
Kasese,2035-08-01,10529.614022288868,0.6772687273551928,19.0,0.02,1.0,0.3241135629320273,1.00003,2.00003,0.1833,30.0833,-1.0,30.0,0.7112130021888928,0.08179186823127516,0.006132644026343636,285.8854540501193,2.0,0.0006823694082639545,295.96480878732945,292.59923511881175,292.94497146693743,293.5478597604667,293.0636357832363,0.04211006813145649,0.0918723583081578,0.17799510979221717,0.1976035271106598,82999.94640847007,294.3235985270463,0.05487880299668218,-0.38486192179041545,711.2130021888928,-7.32501508328179,738.6781068960498,723.0123229954661,0.043313239322038156,0.5447085104740995,0.07704964710102909,0.04152666443278091
Kasese,2035-09-01,10529.614022288868,0.5787246219608017,19.0,0.02,1.0,0.16961362094314533,1.00003,2.00003,0.1833,30.0833,-1.0,30.0,1.7250028385828042,0.3614085369251061,0.005073079743972593,286.7490103272318,2.0,0.0006894641692343951,292.34128883251566,289.4236770685325,289.1468186204365,289.6426511456015,289.9883775749228,0.3480358792573734,0.33571356545660674,0.22786461181409898,0.31143181996625807,82899.3038654164,290.7205134946321,-0.12813696827999094,-0.3656122845255811,1725.0028385828043,31.818992316922685,1726.4446412592517,1664.9827388724468,0.11673048448223533,0.28252676944665767,0.1748985526405838,0.11723914917830704
Kasese,2035-10-01,10529.614022288868,0.20133566740944656,19.0,0.02,1.0,0.7195983976869136,1.00003,2.00003,0.1833,30.0833,-1.0,30.0,1.8444758570080317,0.24568178705745852,0.005500243280444373,285.3384668306287,2.0,0.0002566232256996022,291.4748729255613,290.0297961893571,289.6917675911968,289.7344896856625,290.58513893228957,0.03610489523184885,0.061122485237653595,0.5229390298952857,0.20744647164626787,82952.31569377735,291.00660280670957,-0.34064926932811646,0.6555508211394075,1844.4758570080317,-15.822508298316773,1848.83139273353,1847.553176476882,0.11691873163124383,0.3839528330585311,0.15956152530642215,0.13629082262326694
Kasese,2035-11-01,10529.614022288868,0.4780225754605249,19.0,0.02,1.0,0.2654226823803553,1.00003,2.00003,0.1833,30.0833,-1.0,30.0,0.02055379629640745,0.005731170196894681,0.0028059733868501394,287.8202625374661,2.0,0.0006162761832587801,290.9711844655729,288.1033540600783,287.7691513261537,288.5642969578131,288.93887005137424,0.22280208860431228,0.20162067319103977,0.1613556187423295,0.2848110823338187,82829.71184451773,289.59060892104645,-0.9004244185572303,0.29752018635953204,20.553796296407448,0.2526264800711885,53.019701246284555,-1.2016301742904894,1.644731792893806e-05,0.37598888151817156,0.05795175446207754,0.02774177732730917
Kasese,2035-12-01,10529.614022288868,0.557813229596737,19.0,0.02,1.0,0.18026192743331798,1.00003,2.00003,0.1833,30.0833,-1.0,30.0,0.30608907101249333,0.05938525414048945,0.004413157189855286,283.1654246285719,2.0,6.0305570784403276e-05,293.1645504443781,290.12954000027304,290.7194227704603,290.33945505224796,290.9449506377285,0.6016883369412076,0.17037844701294821,0.0511671889156832,0.3363146011883019,82713.8637490355,291.78798003021444,-0.5152282658878926,1.1849524661879356,306.0890710124933,-3.648322853539163,314.6150748910892,336.4807806546579,0.01916283815784114,0.30070769318652885,0.09874604555244805,0.0447410619598367
Kasese,2036-01-01,10529.614022288868,0.7512258359607527,19.0,0.02,1.0,0.2062722493437825,1.00003,2.00003,0.1833,30.0833,-1.0,30.0,1.6151538798207705,0.42681422871849284,0.004477050595965444,287.93516391555255,2.0,0.0003061374360218304,292.33812071305965,288.53433209280047,288.6441827196057,289.04034894469135,289.45490502330085,0.16917169386925623,0.04805755138158401,0.27217648488683865,0.04426656836401442,83069.18949156825,290.3328475000256,-0.22410816985175938,0.5052635285032776,1615.1538798207705,25.871806649651564,1618.7087757370978,1608.2684377089506,0.11424363412373828,0.802422474531984,0.13587874259435667,0.08359630871673913
Kasese,2036-02-01,10529.614022288868,0.4720962916778596,19.0,0.02,1.0,0.17769711719929984,1.00003,2.00003,0.1833,30.0833,-1.0,30.0,6.0280327478848585,0.7323533494844231,0.0034548686529256223,287.26733477069195,2.0,0.00017712724681285242,295.8967774876324,292.71672314654495,292.8872178484031,293.43713737618344,293.90674945192154,0.35866493680660505,0.22401882070493112,0.3011634254133664,0.5810848373418299,82844.13422467756,294.19052569020033,-0.5611222670980769,0.15487924211903484,6028.0327478848585,-2.948407534249647,6027.235395176618,6013.5721618357475,0.381912524205291,0.4799008979061492,0.3112618829049232,0.3487299134807083
Kasese,2036-03-01,10529.614022288868,0.9442959140824385,19.0,0.02,1.0,0.05248649583738133,1.00003,2.00003,0.1833,30.0833,-1.0,30.0,0.5292423211190183,0.08182297149842926,0.003677923924945541,290.6968734647729,2.0,0.00044922966328665844,293.54269858154737,290.6250094125813,290.50081013424864,291.0804694129437,291.11405058150535,0.5407854143163051,0.4956003849770416,0.3353944140183343,0.43812731960710527,82798.0727654836,292.1890472808253,-0.9102039467674345,0.25061943285949567,529.2423211190182,9.107722725418535,508.1229179674597,627.1710064450886,0.033133533486401114,0.5336724329518144,0.1374688704383084,0.04904107738707246
Kasese,2036-04-01,10529.614022288868,0.24623817304649187,19.0,0.02,1.0,0.05034970736786664,1.00003,2.00003,0.1833,30.0833,-1.0,30.0,6.7679496058269395,1.962573973713176,0.003381271955194703,287.26677144855006,2.0,0.0005097893508977374,295.8954852972101,291.7752369603141,291.78723999298785,292.2608595171825,292.4374676828312,0.13141796125433428,0.3387901958493421,0.17330530305351488,0.08372029178590139,82888.61773725106,293.20033804473474,-0.40072092432662293,-0.7083783198872716,6767.94960582694,6.403302341479285,6777.380080334031,6746.295262226845,0.49365548388365105,0.4409319249681683,0.571929976758913,0.3813841352919788
Kasese,2036-05-01,10529.614022288868,0.6791996055677696,19.0,0.02,1.0,0.32099316753312357,1.00003,2.00003,0.1833,30.0833,-1.0,30.0,15.05443028978044,2.6050750839745547,0.004680941043233798,289.63758453544045,2.0,0.0001626535239735005,298.66878904486657,295.452547672927,295.12229988319416,295.1919664406908,295.69971439510135,0.4058411299498764,0.6777495734898579,0.17893165730179328,0.2676888963276135,82778.40019893866,296.63875431661995,0.21562688620054027,-0.04399303370569741,15054.43028978044,5.888007230166544,15024.035473959097,15054.2420376065,1.000000024541783,0.36016669876908564,0.7871007376849507,0.7967934348956204
Kasese,2036-06-01,10529.614022288868,0.7909597131724658,19.0,0.02,1.0,0.20371472255307116,1.00003,2.00003,0.1833,30.0833,-1.0,30.0,7.155264220722451,1.980540356394468,0.00330174458625022,290.44062373473395,2.0,0.0004307197665679491,295.1353054142876,292.3454208352735,292.8716457354446,293.20868259326323,292.62615691611677,0.06075936742245342,0.3763557452664461,0.6188615794741328,0.37421408528284167,82930.60553660523,293.9363318644696,-0.2945154394530706,0.03819149484363709,7155.264220722451,28.987448839340846,7132.997852296517,7152.725129105528,0.5166460077315953,0.6457776922861315,0.678956407651733,0.38571333017817494
Kasese,2036-07-01,10529.614022288868,0.5400481478691475,19.0,0.02,1.0,0.14765886149375237,1.00003,2.00003,0.1833,30.0833,-1.0,30.0,6.074599295708485,1.1091423266361755,0.0037835790026924804,289.9806038664128,2.0,0.00015174137181651683,294.71630513983075,291.67065619145046,291.76459541459695,292.45464009271797,292.8992502418602,0.5558686449229127,0.09942987120699058,0.2007571408889109,0.08925659773561294,82993.53033453807,293.18561830099105,0.33144400813752345,0.7473727569776103,6074.599295708485,-42.724800281447834,6081.01395086763,6044.663389234353,0.4059050135362924,0.6017598116910226,0.3822455123977578,0.333738430648624
Kasese,2036-08-01,10529.614022288868,0.6943562651367284,19.0,0.02,1.0,0.07533195409385751,1.00003,2.00003,0.1833,30.0833,-1.0,30.0,2.303799183700898,0.5524303171897189,0.005083271199036486,285.65726902322143,2.0,0.00021608118008694508,296.1953625928579,293.7664512577284,293.4625001239354,294.0683794748036,294.22290781556745,0.05315557573843717,0.3166016110760167,0.2543048685698681,0.2936526684778866,82748.05808536622,294.9208445668748,0.1539075067781685,0.3183349705806688,2303.799183700898,-16.150227704316475,2311.98134297049,2279.530520866061,0.1603910941720141,0.2418311294176315,0.2177116997300453,0.1318536517271323
Kasese,2036-09-01,10529.614022288868,0.8590129920343846,19.0,0.02,1.0,0.2598619770093444,1.00003,2.00003,0.1833,30.0833,-1.0,30.0,0.47553043000894313,0.11696364428531883,0.0043964264217843,287.1743917133224,2.0,0.00026507846738531684,294.31063853699624,290.33797466261234,290.9231495411906,290.6919911817057,291.2288949720802,0.14763581598712244,0.27116294463491963,0.016513795786955884,0.5327542288047467,82795.3622940724,292.20651604262883,1.228361288561169,-0.23576261545253144,475.53043000894314,-25.084519385545978,463.53193463618413,524.7067579872951,0.03203949309706545,0.42103716903545285,0.11500484684090903,0.030107923222687613
Kasese,2036-10-01,10529.614022288868,0.9435621255714783,19.0,0.02,1.0,0.038781541580858496,1.00003,2.00003,0.1833,30.0833,-1.0,30.0,0.2708497098036049,0.0725581300517193,0.004509214463229974,284.57264942592707,2.0,0.0001767599942607752,291.5343731831522,288.5444059382852,288.6732879214204,289.8893500804919,289.7389930344577,0.5658169021398991,0.35373454710360386,0.17527642549858044,0.24430428043404845,82710.89067423478,290.6432695375498,0.30639759062734545,-0.1668641819481027,270.8497098036049,-14.37265616273134,300.66853128436384,276.06363803601107,0.017905862127482457,0.28663119528496955,0.12105229585928494,0.023974387755381178
Kasese,2036-11-01,10529.614022288868,0.6423259052659156,19.0,0.02,1.0,0.06260047648779304,1.00003,2.00003,0.1833,30.0833,-1.0,30.0,0.3958087474196267,0.07439935733503039,0.004485292467151448,287.7696682308487,2.0,0.0003780969088904792,292.2392213099265,288.82117960333665,288.85818306393634,288.5347071620043,289.1289993291228,0.2733976891575522,0.29036266888070456,0.30375490432494967,0.24411000651025572,83005.42961460736,290.03776115524835,0.3647842780106057,0.40705957101699275,395.8087474196267,72.23066636876788,388.871441954247,393.12745103390694,0.02509885284532634,0.29166866623530024,0.10623774848305077,0.04292769599207686
Kasese,2036-12-01,10529.614022288868,0.7622697898338605,19.0,0.02,1.0,0.1603325176933091,1.00003,2.00003,0.1833,30.0833,-1.0,30.0,0.6034436340752075,0.1294060714570031,0.004273155044155325,284.5663690811317,2.0,0.0001726682030668696,291.74891074559775,289.55895498186675,289.53304780951817,289.56524879454673,289.97855638754885,0.1552953456568191,0.3502938963777562,0.4156934056724769,0.38282513895414083,82943.86464147523,290.5706549724222,0.16517189490566975,0.5551867995377616,603.4436340752076,-4.5031597494126006,617.7443091572327,541.4256520034565,0.04000692791610393,0.38315318728130426,0.13977507586939283,0.05106171034574714
Kasese,2037-01-01,10529.614022288868,0.8470982317102572,19.0,0.02,1.0,0.24082170648706247,1.00003,2.00003,0.1833,30.0833,-1.0,30.0,2.4955164905255525,0.7320928043415973,0.0058577258289483815,288.13195930118866,2.0,0.0005510404523709125,293.79582652611793,290.4945745831926,291.42190840684145,291.8556724781943,291.5258410729544,0.06840739492847764,0.4676522424861735,0.19704156509886503,0.19317729258140445,82689.77146310893,292.41700135736056,0.8229992790093418,0.7713743938678777,2495.5164905255524,-29.044012584373895,2505.3011796746396,2505.355367737297,0.18141043465556092,0.5749597975983397,0.2594156647836905,0.13249996643638784
Kasese,2037-02-01,10529.614022288868,0.5458407404403268,19.0,0.02,1.0,0.08597264913052767,1.00003,2.00003,0.1833,30.0833,-1.0,30.0,1.3791568246196813,0.3079283616635694,0.005060599774555311,289.4385919578017,2.0,0.00021371729942549946,293.3114341222703,290.93796695437095,291.3517778162402,290.71946143309367,290.89255340389144,0.24787442979322102,0.465550423522888,0.12065706260098125,0.1478948706347478,82975.9304571337,292.0536170890876,0.02967339734170463,0.7844182240673815,1379.1568246196812,10.228746122876313,1391.3457450859098,1378.4438869825985,0.09408291326973903,0.3464142897659257,0.14212953935240463,0.09552790146020575
Kasese,2037-03-01,10529.614022288868,0.5058124058549095,19.0,0.02,1.0,0.27341504794112287,1.00003,2.00003,0.1833,30.0833,-1.0,30.0,1.9342278543946299,0.37571531484057713,0.00501587593838222,287.36354769186454,2.0,0.00018629929934932683,293.8189401121065,290.5177530910269,291.144471044273,291.48505012008457,291.07579639746086,0.1335231383966753,0.35902300876535465,0.3174098592329284,0.21814918836615568,82821.90865342392,292.41544386389876,-0.11942322834499139,0.0012520306831592801,1934.22785439463,21.42463369584972,1944.7149033131348,1956.7587193454528,0.12941161119186192,0.41306104982415615,0.2016065016370213,0.127372084285822
Kasese,2037-04-01,10529.614022288868,0.7151855418292906,19.0,0.02,1.0,0.1614151274604195,1.00003,2.00003,0.1833,30.0833,-1.0,30.0,3.964112871901109,0.8283157601025067,0.004853745957565162,292.1952370983057,2.0,0.0003313112639993877,294.8340541333825,291.65155768376127,292.10255953344324,292.011889614488,292.714082328132,0.29081973822172674,0.38853699788541807,0.30586752707038,0.46923712422127245,82837.81045250411,293.3515749775339,0.6431595064869017,-0.4633696697396411,3964.112871901109,1.3959944502059345,3965.6193060136497,3945.9533918987554,0.2702180419482396,0.5287157512358904,0.3738998501855674,0.2286669556993899
Kasese,2037-05-01,10529.614022288868,0.9324121091511776,19.0,0.02,1.0,0.18529215033472787,1.00003,2.00003,0.1833,30.0833,-1.0,30.0,9.61211655795082,2.2681962793465034,0.005498044567573533,290.57518503750237,2.0,0.0002599677981299805,297.09113053705516,293.67548712732906,293.9808483847468,293.8203740488127,294.6111903779329,0.2559964275066762,0.20747142521570566,0.2290213751119911,0.16893406799962013,82923.39605698244,295.2923758574185,0.5679157252849835,-0.37650916329871065,9612.11655795082,-47.287863043098056,9631.398902605195,9580.962709867215,0.6721796244494482,0.3050102475410447,0.6898200410134294,0.4875630545231745
Kasese,2037-06-01,10529.614022288868,0.5871243422524207,19.0,0.02,1.0,0.10441428064484191,1.00003,2.00003,0.1833,30.0833,-1.0,30.0,2.7426620807439313,0.5717033064890694,0.0032958086555273007,287.7899175052204,2.0,0.00029110690783190743,296.4947224383006,292.684680472828,293.14872026503946,293.3017943629529,293.19205192356105,0.1627042206335424,0.07725066256117666,0.24462611669449053,0.05477804984341076,82828.10572298383,294.39954858193244,0.7849996872653868,-0.21230670850331926,2742.6620807439313,15.40326601478023,2752.186909676382,2720.3481480916635,0.18647621610687112,0.48747393154698015,0.21581713770961167,0.15109553006678636
Kasese,2037-07-01,10529.614022288868,0.5578424808311444,19.0,0.02,1.0,0.5808539865758662,1.00003,2.00003,0.1833,30.0833,-1.0,30.0,1.1125681882912815,0.25291269180718984,0.004383357936777572,288.05611407144016,2.0,0.00018356312094752302,295.5804940924474,292.83071139759954,293.3125071811366,293.1839537446348,293.76863299076615,0.41911412727240166,0.10809137767971624,0.25369387254095915,0.2817531000992346,82953.58361524671,294.2148835105135,0.29232530020288794,0.6864400975228504,1112.5681882912816,-44.91113199774036,1142.019077011413,1114.0353922695433,0.07588113763480775,0.45146550957570847,0.12456201987243529,0.083289366169445
Kasese,2037-08-01,10529.614022288868,0.8403062291037369,19.0,0.02,1.0,0.3585886714123948,1.00003,2.00003,0.1833,30.0833,-1.0,30.0,7.750088234652183,0.9973061514049295,0.003224630988242895,286.53886590251085,2.0,9.144979673456924e-05,295.42417129119696,292.0117952727675,291.57704183618466,291.9224431904165,292.3160336025387,0.36980390715416084,0.276670995874177,0.28895666401697157,0.1559634961646526,82987.36037442094,293.17958875951723,0.43770471270888095,0.6711357960759703,7750.088234652183,42.701863509096135,7738.717053405399,7765.710887256438,0.4946212166409337,0.3495172232814799,0.3924732543762318,0.40433715946779253
Kasese,2037-09-01,10529.614022288868,0.9129631004801844,19.0,0.02,1.0,0.2207362123366445,1.00003,2.00003,0.1833,30.0833,-1.0,30.0,0.5421894840218981,0.10100219083505182,0.0033728366465754027,286.78524844400084,2.0,0.00013797860442272785,292.4719941593326,289.25841606127364,289.6589362461047,289.71862266596946,289.74333661574565,0.3944384609001706,0.2623778940900698,0.368756772017346,0.006881788104228899,82718.46404553381,290.8725037933961,2.007788793784441,-0.7705514025412183,542.1894840218981,29.798202498088706,553.154441612843,551.7915208893783,0.034972924417410775,0.45577071606156017,0.17285176360429202,0.03184275813879989
Kasese,2037-10-01,10529.614022288868,0.3971326837782703,19.0,0.02,1.0,0.4814364209852608,1.00003,2.00003,0.1833,30.0833,-1.0,30.0,0.5069298853950126,0.05676675943804055,0.0030933678359046208,284.17541355596904,2.0,0.00016016023117158297,291.01391996490185,288.11582286009974,288.1372989540533,288.6719762030607,288.6667114250241,0.3771597919520642,0.5295813704456351,0.298013644646684,0.3044529579202967,82843.20893234867,289.62341333666865,-0.3039064810099227,-0.05094781305978879,506.9298853950126,41.700710963622235,510.2510443543405,497.7493976133226,0.0304801158257387,0.31986891962263075,0.15624982520039726,0.0736517860950049
Kasese,2037-11-01,10529.614022288868,0.9564795725593136,19.0,0.02,1.0,0.2698211328131848,1.00003,2.00003,0.1833,30.0833,-1.0,30.0,0.4785543010668504,0.06232071579398052,0.0014025654837812496,285.84368201527707,2.0,0.0003897609043485415,293.32388247005065,289.94061882723645,289.9243742237821,290.24026625861245,290.8242418838718,0.20772171430683264,0.392001417442985,0.2433970123507887,0.15741187771279802,82795.38893998925,291.4529115786689,-1.0961494540904722,-0.3141879879546402,478.55430106685037,8.91117668817113,476.0037012959835,495.19833731342555,0.02928165489910888,0.4603092161206773,0.05547545316157232,0.025139162402040827
Kasese,2037-12-01,10529.614022288868,0.5911138702827259,19.0,0.02,1.0,0.33931009346367497,1.00003,2.00003,0.1833,30.0833,-1.0,30.0,0.9474961138561413,0.1825458460401527,0.00414423793223703,288.45578035854317,2.0,0.00031932282466674914,291.4232375718228,288.561112296494,288.5925882087185,288.8130687494567,289.7746563420223,0.345484002902099,0.2512082838065311,0.18566329178837426,0.02176429445719136,82862.94382471323,289.94346495481926,0.440365451555614,-0.46458990767135827,947.4961138561413,-23.14329309658724,912.4818957228913,957.0194446275378,0.06254148988247868,0.4567976283109338,0.16799266565914453,0.06629018331158588
Kasese,2038-01-01,10529.614022288868,0.7646279054084062,19.0,0.02,1.0,0.39152318898172866,1.00003,2.00003,0.1833,30.0833,-1.0,30.0,2.2485984150055027,0.5514588171604218,0.004219896626251031,286.6663666101144,2.0,0.0005132702694086488,293.8543559823512,290.17569942849656,290.8360828268522,290.8989499937326,291.55773765469473,0.3196177720102411,0.4977611111588633,0.08221288542982555,0.1436648194460564,82955.63076234484,292.1475342783844,-0.9793022986197437,0.05693344686489576,2248.598415005503,21.685692283674022,2235.366805608362,2216.945068955242,0.15725418178970205,0.5938854627073088,0.22321018453386998,0.12795019281058648
Kasese,2038-02-01,10529.614022288868,0.7249634425741931,19.0,0.02,1.0,0.06807954152399648,1.00003,2.00003,0.1833,30.0833,-1.0,30.0,1.3749741039286587,0.323151384607595,0.005049687019009196,285.0361177984222,2.0,0.0002991256284447385,292.222411732964,289.2509653148875,289.08517896762766,289.5493244900814,290.03685621555564,0.22515835096421602,0.22684083842347683,0.2636108900114665,0.45001208623269556,82875.32541244056,290.80430864747683,-1.304949682091616,0.18322590238762693,1374.9741039286587,-14.064767292015624,1358.9879092397248,1391.451348281521,0.09470969660597242,0.6387770673342678,0.23922127219068406,0.089053619636649
Kasese,2038-03-01,10529.614022288868,0.8082157057108761,19.0,0.02,1.0,0.14427704297922642,1.00003,2.00003,0.1833,30.0833,-1.0,30.0,1.91224830905216,0.3693698751530717,0.004665255694954432,292.02331395562135,2.0,0.0001422791696854506,297.70531270945463,294.74601253186984,293.9728607406464,294.886719789022,294.1594929665056,0.11806797391544338,0.1791680188546554,0.4844567898910472,0.22084280929542185,82604.56094009193,295.6842865004197,0.4666309521169636,-0.3727946457636073,1912.24830905216,-8.131448873033936,1914.7696107624786,1891.7771443878135,0.12782501047181827,0.3871747485962025,0.19311069944115852,0.1071494596992826
Kasese,2038-04-01,10529.614022288868,0.7237386127510881,19.0,0.02,1.0,0.4009621050872315,1.00003,2.00003,0.1833,30.0833,-1.0,30.0,0.3244003583718036,0.0750193394553075,0.003758005974541771,288.5033594130762,2.0,0.0005811157250087507,294.9252094737614,292.5465059912469,292.7033006286515,293.3976235880388,292.6207817036444,0.3195922081206344,0.2347035181831766,0.41023094584400843,0.06571000080883449,83047.71679108047,294.0304857966292,0.23928277435379047,0.3729626935274892,324.4003583718036,45.09836481127532,308.76631505193194,337.6523752777725,0.02112524969196386,0.5606613647518425,0.1409526075677017,0.032258305909416536
Kasese,2038-05-01,10529.614022288868,0.7311050901293058,19.0,0.02,1.0,0.07490749303473726,1.00003,2.00003,0.1833,30.0833,-1.0,30.0,1.6414044163813855,0.3330092326449651,0.004877751439623889,288.52131854462283,2.0,0.00038368637479179146,296.9219662449616,292.5735955308716,293.82008802429283,294.04972297659606,293.76415658010063,0.18425683914170088,0.1473728496176261,0.11002404437061633,0.5585329723841783,82829.11807373202,294.52035716800106,0.04249638743373289,0.06644911840709976,1641.4044163813855,-9.160607226038412,1644.64322081668,1654.2656053734922,0.11038947310256403,0.6227616446145724,0.14947031982851106,0.09802162037302341
Kasese,2038-06-01,10529.614022288868,0.8433921699122131,19.0,0.02,1.0,0.5303481922372013,1.00003,2.00003,0.1833,30.0833,-1.0,30.0,1.7896762272351707,0.24505474435394642,0.003792095890478599,290.2750531704717,2.0,0.0002448077506826217,296.3276894580123,293.56152385415766,294.0470817543946,294.40587972779724,294.88028022265536,0.017018845315391707,0.19254860967262,0.1358147674920447,0.3785535595052502,82990.64527335927,295.45384932446757,-0.002426887207011751,-0.09836091745721001,1789.6762272351707,-12.40647207110057,1789.8007481735228,1812.3987837285804,0.11387201899872806,0.43773698430395785,0.11498249352571466,0.09168511270471233
Kasese,2038-07-01,10529.614022288868,0.29834338786858466,19.0,0.02,1.0,0.6091563124809424,1.00003,2.00003,0.1833,30.0833,-1.0,30.0,0.5173046060539228,0.12495101246747627,0.00425618620415963,288.41277885743847,2.0,0.00012084786305843912,296.2497475584272,293.56278680762665,293.33752247895444,293.40284696726013,294.2819380615176,0.11769479469799922,0.3228820116888136,0.62521387104266,0.12282523699107024,82819.30841388536,294.8623797070445,-0.39708160904205236,0.709402001137168,517.3046060539228,-45.208297481323505,525.7173692955855,506.51401671106305,0.03486973456047833,0.5213126757815842,0.10143186528919863,0.07205624145229488
Kasese,2038-08-01,10529.614022288868,0.40582678345174966,19.0,0.02,1.0,0.19091317905190955,1.00003,2.00003,0.1833,30.0833,-1.0,30.0,0.8944361823649368,0.1574868840988781,0.006064318812281943,284.2689009039181,2.0,0.00041171386724088145,291.9786203627052,288.74882528887304,289.236768270071,289.62506211888933,289.52780287138756,0.25965865312573966,0.35998789858311353,0.34467468511629623,0.4154294252582932,82847.92529483007,290.46174786746514,-0.4100094818927521,-0.2704456313756677,894.4361823649368,-34.85689930417288,902.9390067461121,864.8685003183875,0.058001980397820896,0.5413837523330411,0.14444379940593904,0.08953625498814446
Kasese,2038-09-01,10529.614022288868,0.6156629331343247,19.0,0.02,1.0,0.2506105985543704,1.00003,2.00003,0.1833,30.0833,-1.0,30.0,0.9919483983278498,0.2792859782828105,0.001869518256497507,285.5271123267545,2.0,0.00040896000421245297,294.105904591576,291.2028639816145,291.4631431543167,291.2279881110395,291.6574696045275,0.16241195358131874,0.3227391950839133,0.37779866850112476,0.3081987370077905,82887.37567293795,292.1735763609962,-0.6177153170720906,-0.44559287999484315,991.9483983278498,-46.919026515643466,1002.2605612638295,988.4464243028202,0.0706784060782884,0.480283018073901,0.1429912104817953,0.07638540472342989
Kasese,2038-10-01,10529.614022288868,0.7149736759677623,19.0,0.02,1.0,0.15186244240726254,1.00003,2.00003,0.1833,30.0833,-1.0,30.0,0.9681096478265219,0.20498616724895977,0.004257744341654225,285.6210767624581,2.0,0.00043795405532587377,292.4905025283512,289.5452302475,289.48682274974226,289.55259180312623,289.9227887107666,0.4368503129531284,0.38816730163478125,0.11149729135284367,0.1073076685725063,82866.76359370897,290.76781434485304,0.420874228616133,-0.47091544262515644,968.1096478265218,-36.949075915436936,956.6918019148948,903.3545666232185,0.06497690490608654,0.4539805746597213,0.11910589904772176,0.06587485200636534
Kasese,2038-11-01,10529.614022288868,0.6985446994586207,19.0,0.02,1.0,0.5778135336138024,1.00003,2.00003,0.1833,30.0833,-1.0,30.0,0.14613670696595082,0.04145631463554167,0.004196103833159001,286.1805950494955,2.0,0.0004560326426361362,292.65046879555524,289.7358261523333,290.3616011695327,290.7128066239114,290.498224375757,0.17153711251256928,0.44427397402477936,0.32377775530896935,0.15612028282150325,82950.34507194269,291.6488247313473,0.5938056468975088,-0.5122668781652773,146.13670696595082,2.862625107066828,117.09847133664408,149.335136821692,0.009086390330127266,0.6488117962311767,0.05385588897131631,0.02639492866133113
Kasese,2038-12-01,10529.614022288868,0.5601795391196094,19.0,0.02,1.0,0.21615249093727837,1.00003,2.00003,0.1833,30.0833,-1.0,30.0,0.28008836428937745,0.04910652406571767,0.0038524018413997694,286.30869735209774,2.0,0.0001754636415721405,292.01306601667164,288.7188877931592,288.90604390610673,289.248193924977,290.10109500808676,0.15913596980555628,0.1959259052375353,0.3978759497669693,0.33877812726720097,82831.14917927147,290.552577157275,0.803041540391346,-0.4748860790437905,280.08836428937747,57.3472430641466,275.7664466788915,291.27022520443205,0.01713700893386775,0.2632648366800818,0.13720565205460208,0.04154954090579015
Kasese,2039-01-01,10529.614022288868,0.5476727191847559,19.0,0.02,1.0,0.5213165215372574,1.00003,2.00003,0.1833,30.0833,-1.0,30.0,1.090303222538221,0.18304100781052215,0.003725407753997826,283.4275313273884,2.0,0.00043772380230229464,290.2227019418124,288.6825863755958,289.07567891875095,289.3001712045501,288.6191303276483,0.2824118270517602,0.16863717489291136,0.4307612061217024,0.36867426919511914,82828.41231824044,289.82673717628006,0.06110896859572825,0.05811114490663163,1090.303222538221,7.4215253389979186,1078.4665396238065,1120.896278528143,0.07069280997450011,0.49041480596632236,0.16907665425947177,0.08755384576544423
Kasese,2039-02-01,10529.614022288868,0.8011356172583661,19.0,0.02,1.0,0.006152686141207522,1.00003,2.00003,0.1833,30.0833,-1.0,30.0,0.2194423497665708,0.0470523607600692,0.006152573033527894,286.7552063065047,2.0,1.9663436641383404e-05,293.59829678697344,290.11573592771157,290.3125391266101,290.67855794382547,291.7346704657418,0.5761278887330844,0.27526407329425256,0.42416357504610325,0.4406690216878665,82924.06705535545,291.7538121188044,0.215339092568752,0.009182656084582906,219.4423497665708,-31.038211703220675,232.6006746594635,206.0664670686594,0.013450433694499235,0.49245041562013137,0.13443594840613415,0.03964047404480987
Kasese,2039-03-01,10529.614022288868,0.3142570537753908,19.0,0.02,1.0,0.05132356497517302,1.00003,2.00003,0.1833,30.0833,-1.0,30.0,1.0897022911508791,0.2186841845954172,0.003912214003472316,285.049243996648,2.0,0.00018166797079208221,294.47535633869427,291.1763621729759,291.637268193307,292.4647080739628,292.4342215037044,0.07601971974276142,0.41521503391445264,0.6011153815073534,0.3420797131456988,83025.42998525446,293.16106446371066,0.4084599546156892,-0.4716354872106495,1089.702291150879,-12.88200145402164,1090.879637270513,1075.3497311547196,0.07266967934300046,0.6617178008608083,0.16145730754851065,0.10644518619517584
Kasese,2039-04-01,10529.614022288868,0.620054990800391,19.0,0.02,1.0,0.2479549394597252,1.00003,2.00003,0.1833,30.0833,-1.0,30.0,10.941317904983933,3.2175858754766344,0.0036144716252951353,287.6302265002586,2.0,0.00020254922939910196,294.81266437503444,292.03160799246086,291.95727757826756,292.43472172953085,292.2982182757247,0.2000463540017639,0.27351954323177113,0.28002290640594363,0.10911600040144223,83058.8415858333,293.54917660762436,0.39321505405836443,0.3376938030430353,10941.317904983933,-9.126736646692219,10927.642753705482,10953.291709222589,0.8015195589538502,0.3998273128768506,0.9282866098716976,0.5742550230052175
Kasese,2039-05-01,10529.614022288868,0.9416872828486629,19.0,0.02,1.0,0.22075615882081112,1.00003,2.00003,0.1833,30.0833,-1.0,30.0,1.9855899480642252,0.3209901502427607,0.00435379650799199,290.62036035419436,2.0,0.00026208166308152794,295.88893986896505,292.7371736700172,292.905916749231,293.4748553962915,292.75778753842184,0.13172765321644805,0.41001233802489007,0.33336847066231723,0.24894897635528962,82961.95308593637,294.2639354895792,0.45765915771218857,-0.6364794414779237,1985.5899480642252,-11.946044672683039,1962.689769022738,1989.084848935006,0.12925842111630564,0.5007822398580298,0.14469526637552704,0.1058239946149717
Kasese,2039-06-01,10529.614022288868,0.6228536718993636,19.0,0.02,1.0,0.32690496759213766,1.00003,2.00003,0.1833,30.0833,-1.0,30.0,2.4198119225543393,0.6475002904142323,0.003084204787951371,291.90994052081214,2.0,0.00011261042147563904,296.24382659644897,293.17323838171905,293.1762390255224,293.47690534753093,293.9179617250705,0.3164713524502123,0.3379491965686948,0.2291460200631526,0.04329801046772866,82875.45885169532,294.57591434046446,-0.3193165824227312,-0.20717401036865007,2419.811922554339,6.851115096120322,2410.6531985971574,2405.5064627796023,0.17247629094979675,0.6454187330282787,0.21221020191096715,0.1423497689352514
Kasese,2039-07-01,10529.614022288868,0.8773605102323333,19.0,0.02,1.0,0.2933811395220066,1.00003,2.00003,0.1833,30.0833,-1.0,30.0,1.1210851546292115,0.18968589204228362,0.0038760035521116514,288.44200283798114,2.0,0.00017738126336211058,292.3665768073977,290.53394926212536,290.4880188897498,291.002519907657,290.78321421328747,0.3722220124600156,0.3789304743502354,0.5097858175986828,0.2313383157539471,82853.27143987978,291.6421232010509,0.21653334323998516,-0.31716378014753793,1121.0851546292115,-20.097981378315982,1124.7428612565275,1155.9004485135144,0.07280697695473978,0.39780238342556,0.17582758350085667,0.0751477685616591
Kasese,2039-08-01,10529.614022288868,0.8278402344026433,19.0,0.02,1.0,0.10251520183564236,1.00003,2.00003,0.1833,30.0833,-1.0,30.0,0.9283509006189665,0.22870896104470073,0.0036318228398220668,286.86910903605155,2.0,7.815994605916152e-05,294.2905541429266,291.25229438176814,290.8550374182555,291.48442605433445,291.21872623999667,0.09275795330996675,0.2098676511393413,0.3720489555621803,0.16843866561693777,83127.8474237439,292.3464267438304,-0.08692845924327174,-0.043244266637803994,928.3509006189665,-20.843689180819762,939.0924004106696,926.8325347728435,0.0641029058748009,0.4100030958297224,0.1327251137036707,0.05186143693331696
Kasese,2039-09-01,10529.614022288868,0.720033630320076,19.0,0.02,1.0,0.2494698157329954,1.00003,2.00003,0.1833,30.0833,-1.0,30.0,0.4396713495400663,0.09931680425826099,0.0026849404965679368,287.6389160354972,2.0,0.000392168791793437,292.2806943951538,289.306615131818,289.74953433790796,290.0998993036768,290.1543107402534,0.19944002838247904,0.19489955250654056,0.1943400584219986,0.11603074538310582,82929.86311828493,290.9370197874338,0.6360365714224976,-0.37336858810843937,439.67134954006633,-27.337496098097425,452.805323195612,399.3050333690662,0.029101907639408328,0.32370588317364657,0.12250193811067249,0.03006916891768791
Kasese,2039-10-01,10529.614022288868,0.8560224657040151,19.0,0.02,1.0,0.38013431760216126,1.00003,2.00003,0.1833,30.0833,-1.0,30.0,1.3923138474512555,0.22996582359737858,0.003494681043240114,284.9292729665999,2.0,8.203226325343907e-05,290.53889706437457,288.7874361045681,288.48148199103315,288.43376245639007,288.90217543777845,0.24182251210196987,0.07061150990214324,0.40392978294520615,0.28913689664994374,83074.82676524592,290.08379665873036,0.44374002596486284,0.0579829965434675,1392.3138474512555,58.30124010660273,1395.7935523872757,1405.4408678203695,0.09049620128850182,0.447874140614205,0.10076894546463339,0.07786581413465356
Kasese,2039-11-01,10529.614022288868,0.7080573631833608,19.0,0.02,1.0,0.6341852407423658,1.00003,2.00003,0.1833,30.0833,-1.0,30.0,0.25302877073647684,0.0620089586052384,0.0031258453054423783,287.4527133161821,2.0,0.00010568647300866483,294.111529203383,290.8731720207746,290.85234118906453,291.15927883976457,290.72888601156035,0.4072502994458871,0.33023623308106737,0.15591929502135604,0.35095005988791544,83107.76176835148,292.2724268847883,-0.8832644617099795,-0.2302090704048964,253.02877073647684,22.946832578628133,268.1877835297304,195.6504454408228,0.01637527569259872,0.6091172891939773,0.0727273717925539,0.035030214231792124
Kasese,2039-12-01,10529.614022288868,0.9503566787252723,19.0,0.02,1.0,0.2615467000793167,1.00003,2.00003,0.1833,30.0833,-1.0,30.0,0.7116305879697994,0.170438319764165,0.004365240275018318,284.32447565324577,2.0,5.944507549736494e-05,293.98978978212966,291.6109011983384,291.1682991934937,291.24048904201715,291.48569433605655,0.47968607533639024,0.3349094885394693,0.20309542888759846,0.4211330680725534,82878.27670325301,292.76552503615187,-0.5539067379747866,0.1614289791755862,711.6305879697994,11.192533696627539,710.9021862475059,734.5398654862695,0.04846485691536525,0.6145239014575655,0.16267087720270765,0.048510837721022215
Kasese,2040-01-01,10529.614022288868,0.24802471664210438,19.0,0.02,1.0,0.1865273758315321,1.00003,2.00003,0.1833,30.0833,-1.0,30.0,2.849810614380611,0.8027883735506435,0.0015249347169269604,288.12692698610437,2.0,0.00038140037568896247,292.68597493619643,291.3098296035547,290.52978079149386,291.4565683687976,291.31842929482343,0.7310009975220897,0.22516870738713324,0.24374343820638975,0.7517526929076908,83054.70330638754,292.1012758974807,-0.3386812113524245,-0.5761362239500887,2849.810614380611,12.949235688731015,2855.370188860292,2844.8028105709873,0.20575999067666312,0.6634431202318724,0.3647003616677838,0.21315056826105627
Kasese,2040-02-01,10529.614022288868,0.5126487647688946,19.0,0.02,1.0,0.4234272903318567,1.00003,2.00003,0.1833,30.0833,-1.0,30.0,1.1972355526711942,0.2770510958406175,0.005487358277248642,287.08683578987825,2.0,0.00024886339334976736,292.87136317351997,290.1672081151579,290.3552857393515,290.6530070503221,290.9259621711457,0.40757387946885665,0.3409247114657617,0.19635862254192932,0.2762601890909275,82768.59464953023,291.84539417076405,-0.4372039435456369,-0.28783717605192505,1197.2355526711942,-16.00314013284756,1190.1853446801795,1236.1757569712008,0.08198957670315674,0.46018459929020233,0.18091305013732922,0.09438260423925067
Kasese,2040-03-01,10529.614022288868,0.9185165196832623,19.0,0.02,1.0,0.2561539357640694,1.00003,2.00003,0.1833,30.0833,-1.0,30.0,1.0341852597312122,0.18556759690608726,0.005565874547592364,287.66907748840697,2.0,0.0004083488368083218,296.8312661021089,293.88339142625557,293.1410935174486,293.9802370908268,294.19838654979657,0.2150371598731775,0.33911714111081825,0.0492971894457249,0.25201422144121566,82906.87749066224,295.00540463180886,0.3994124042816402,0.031953424917853995,1034.1852597312122,-7.255084427012946,1022.897819243253,1011.5311671932122,0.06754892453761134,0.23337617202457575,0.12979436734529357,0.052024126893899736
Kasese,2040-04-01,10529.614022288868,0.890786604143803,19.0,0.02,1.0,0.13295827847048233,1.00003,2.00003,0.1833,30.0833,-1.0,30.0,1.0420184516040714,0.26103964657679996,0.0022670652851657074,289.849306754228,2.0,0.0003949191145889262,297.0221978304384,294.1000257000293,293.82229300169547,293.76770221650156,293.995533072739,0.44094821080142865,0.5054311667452625,0.13664910165443042,0.24659660391261531,83007.02421147424,295.3076270706076,-0.6436852291945386,-0.5442616991420739,1042.0184516040713,41.06501447910118,1042.498900554319,1043.064784054815,0.07246078046055884,0.25338829512701166,0.17330252717920971,0.06617157098236941
Kasese,2040-05-01,10529.614022288868,0.9079921733039279,19.0,0.02,1.0,0.3446433914736716,1.00003,2.00003,0.1833,30.0833,-1.0,30.0,2.2400076807929636,0.6240975857754979,0.002900673079376413,289.75448728999714,2.0,0.0002708187531775397,294.3722988139099,291.1819673523209,291.6131104377282,291.3922252829775,291.72819997190095,0.2632491933281211,0.542517258623238,0.04759251411577765,0.5237267794509596,83055.24586905296,292.78711714380745,-0.4704947849598392,-0.05221624624733908,2240.0076807929636,15.53800864466667,2243.0623669978495,2253.8821392412024,0.16096156672305686,0.5721620481761165,0.27551903986554926,0.12725279652587906
Kasese,2040-06-01,10529.614022288868,0.7549459546073374,19.0,0.02,1.0,0.4044778728963195,1.00003,2.00003,0.1833,30.0833,-1.0,30.0,2.375809456184477,0.6187756598566532,0.004504823742435405,289.9432314272718,2.0,0.00042480079525415953,297.65862063059234,293.35416565220015,294.28292612355204,294.02469948272704,294.2621520112154,0.23178601229329113,0.07026459291876765,0.18781358195503725,0.15836091846718717,83021.48341721979,295.1995649664459,0.07731158324574705,0.2073773552397995,2375.8094561844773,-49.64621333857788,2375.9046358314868,2423.0961847259914,0.16827091147807305,0.5383871947200014,0.24660452438410402,0.12496566555846383
Kasese,2040-07-01,10529.614022288868,0.7385785007875418,19.0,0.02,1.0,0.3413122929428348,1.00003,2.00003,0.1833,30.0833,-1.0,30.0,3.779300798262363,0.3835563918576696,0.004980671995687863,289.0096002839449,2.0,0.00018548508194738992,295.6774811331621,292.1618688547152,291.5295138190098,292.49960555494044,292.6689222248781,0.7264268589784262,0.15441444567322468,0.37284489442977997,0.6768734946623065,82733.84659300993,293.699835007723,0.20424468003200213,-0.5391122720953869,3779.300798262363,-11.572028288283729,3768.237369849823,3792.777728657913,0.2345039196945912,0.43609627013512053,0.2600736524893866,0.22994676258579236
Kasese,2040-08-01,10529.614022288868,0.7492772966988077,19.0,0.02,1.0,0.07860602167076615,1.00003,2.00003,0.1833,30.0833,-1.0,30.0,2.206795894496066,0.2629546600353651,0.0044159478898799075,288.9534356745758,2.0,7.656400682403231e-05,291.95919202401967,289.25366347563516,289.9189391372281,290.1420150813661,290.38742183405924,0.12044930201787876,0.2839469822980256,0.1540143986848219,0.5275245238444206,82920.10856591538,291.0695593075475,-0.1107137463817256,-0.20357491889670845,2206.795894496066,-11.06626740121989,2224.9566825520487,2164.0100138428124,0.13850931048887702,0.4404556899505692,0.13635539824861806,0.1278463213269511
Kasese,2040-09-01,10529.614022288868,0.7947762432045534,19.0,0.02,1.0,0.20016623978435694,1.00003,2.00003,0.1833,30.0833,-1.0,30.0,0.550259537441714,0.07475600575489508,0.004495068429689332,286.7556065775326,2.0,0.0002915025404606059,293.70893791846225,291.19986516505344,291.22481880616846,291.2297017880919,291.8601033432026,0.11653572488908351,0.49995687762491947,0.23317145777775936,0.2289977805629126,82748.63543762578,292.66132254558016,-0.6312165465972844,0.38563954848646853,550.259537441714,-33.30374550723603,545.6106741204105,548.3678079899659,0.033878393850991104,0.36877314979093223,0.10496233115360915,0.04064065415414538
Kasese,2040-10-01,10529.614022288868,0.7108203420102609,19.0,0.02,1.0,0.07341991095918297,1.00003,2.00003,0.1833,30.0833,-1.0,30.0,0.03048880503253107,0.007055379457241805,0.003814040798829305,286.56869906114986,2.0,0.0003468580682519825,291.51183660039237,287.94251711885585,288.6251985578588,288.8438424948244,287.94175675498224,0.08115296723012394,0.290146086817673,0.11149993152343317,0.11822801596098934,83030.85497181791,289.8173655847837,-1.2545926304864476,0.5393318580056434,30.48880503253107,-8.625393006918411,1.5568567423811466,59.381288497830084,0.0005978540101892744,0.7300551161999886,0.04367673710718277,0.007185782627617314
Kasese,2040-11-01,10529.614022288868,0.762802293428462,19.0,0.02,1.0,0.47286233203720857,1.00003,2.00003,0.1833,30.0833,-1.0,30.0,0.4877655488731683,0.05043644384729199,0.00470806878531183,286.0809884305966,2.0,0.00035039907361353296,291.72250254335034,289.4248132300487,289.9723514326408,290.12280058330185,290.06144226316815,0.18807287169599857,0.15061919456635603,0.33556991238533385,0.13847053081829228,82748.40430463097,290.774798757615,-0.30456675117247456,-0.48142855261676964,487.7655488731683,7.430417322182674,477.2363107219487,477.42709029870485,0.02894257531619435,0.6528366442047077,0.0831468558185983,0.03265175965767318
Kasese,2040-12-01,10529.614022288868,0.8559745343993813,19.0,0.02,1.0,0.10421663461832673,1.00003,2.00003,0.1833,30.0833,-1.0,30.0,0.8111197085856157,0.15519068021776775,0.00411157405505228,286.3464617176887,2.0,0.00012310941228811754,293.96627852298525,290.582522695014,290.6938930626091,291.20286148253365,291.5635126516072,0.5001775983028808,0.08592545320141073,0.17902922891537632,0.4018800568151918,83037.2888525672,292.1510131148225,-0.03231777317693414,-0.27366758233212274,811.1197085856156,25.361867742078836,815.3590324412456,837.800871233428,0.053257103765381425,0.41161380932263164,0.14762656297604101,0.05241867159211791
Kasese,2041-01-01,10529.614022288868,0.7798708902354563,19.0,0.02,1.0,0.125254222566758,1.00003,2.00003,0.1833,30.0833,-1.0,30.0,2.2909580489754973,0.2767856289107137,0.004669301302302611,284.7790997360541,2.0,0.0005093182308414504,294.4660696782306,291.8743647083931,291.7902151688805,291.4128279422876,292.20847099368547,0.29765321857656063,0.3085858912430119,0.2171766515193372,0.392910211094142,83003.42432932295,293.1360008225289,-0.36907793792455484,1.4348643127031522,2290.958048975497,-30.51422951032708,2288.6198704391145,2311.1702685350238,0.1440527425042492,0.7819259361590414,0.16991953752286526,0.13357495655458282
Kasese,2041-02-01,10529.614022288868,0.8310668408066515,19.0,0.02,1.0,0.3897527410933036,1.00003,2.00003,0.1833,30.0833,-1.0,30.0,0.6157022452017361,0.14560642956265749,0.003037034559160077,290.52262504935896,2.0,0.0003500206466612295,293.32741723085405,290.62603465021493,290.89501009489396,290.91503197445064,290.95669130371346,0.32648307772849816,0.3879814621936582,0.3360850855475985,0.5339025527552268,82872.58146662515,292.20350971650896,0.4157935235757797,0.2852937968595428,615.7022452017361,0.25091106199299545,603.5090775141155,637.8688846048641,0.041691121680163715,0.7234248341909413,0.12390238675247663,0.05461520884881769
Kasese,2041-03-01,10529.614022288868,0.6419687168466316,19.0,0.02,1.0,0.19155279350118173,1.00003,2.00003,0.1833,30.0833,-1.0,30.0,0.49320093408446597,0.07956964426060212,0.003274797877061417,287.64359475197006,2.0,8.284126197189742e-05,296.13802041185136,292.8940282648988,293.28944633900375,293.3987144397582,293.15529123666823,0.13112969492751636,0.3090263365125232,0.10234316076228485,0.16374116411058123,82832.50355463625,294.3247664788805,-0.04236629310378406,0.7745463725112434,493.200934084466,-23.59841978421598,517.7926998651665,553.4581823702988,0.030984465165482755,0.5972829590905878,0.03759796002148325,0.037594390552389
Kasese,2041-04-01,10529.614022288868,0.6500022233045525,19.0,0.02,1.0,0.30741787193085535,1.00003,2.00003,0.1833,30.0833,-1.0,30.0,5.5610533224583385,0.6509083843750687,0.0036056515795715237,289.87180984050207,2.0,0.00016371431783124052,298.4975690611923,294.8605667109913,295.3331614790385,295.3730287232503,295.2572478993916,0.3200724672090275,0.07253895239709596,0.0811717319553966,0.5874431260250476,83026.21825758305,296.45734489777766,-0.5750033136313977,0.10205161277752711,5561.053322458339,4.124678494354573,5559.890581469218,5547.481432685973,0.35079940432375295,0.4406637141316298,0.24321137499550807,0.3038590715976089
Kasese,2041-05-01,10529.614022288868,0.9329316472698586,19.0,0.02,1.0,0.499754105433693,1.00003,2.00003,0.1833,30.0833,-1.0,30.0,4.587885450541763,0.7577599120873857,0.0032922876267919457,291.0639727889058,2.0,0.0004236538818566524,295.16129263849723,293.0766287984374,293.260236554494,293.22181545122953,293.6723437171804,0.06862431202235503,0.16025330814529803,0.3620655162498746,0.4613598925916891,82840.08509023974,294.417566516376,0.4229948436785224,0.022017163365374175,4587.885450541763,-0.5520118867082335,4583.120553106234,4585.199022388509,0.301682973530382,0.45122327606996787,0.24202163003150995,0.23687494397358347
Kasese,2041-06-01,10529.614022288868,0.9173892900656752,19.0,0.02,1.0,0.11721518318140749,1.00003,2.00003,0.1833,30.0833,-1.0,30.0,2.141386704185711,0.33355633395593703,0.0028783591040390947,290.36349468510804,2.0,0.00034548922276063723,296.04293634974476,293.8279544227963,294.09021929116574,294.2928181918343,294.75726415281366,0.33523602161641797,0.16595705563044288,0.21681054700203556,0.44036752229772114,82818.28812378299,295.4826287026105,-0.5183158358315946,0.592558961055917,2141.3867041857106,-28.158300852199503,2124.8705423213673,2116.205199068135,0.13889101487398126,0.5667847080119159,0.22108355739842267,0.11610247156870512
Kasese,2041-07-01,10529.614022288868,0.822014444390012,19.0,0.02,1.0,0.5780036709060968,1.00003,2.00003,0.1833,30.0833,-1.0,30.0,2.4009989936339236,0.28911444679114606,0.004034415844262481,287.6906476475739,2.0,0.0004438341330792508,293.57514520176824,291.0106717193523,290.69110045100047,291.7029419832779,291.50979889442215,0.27145734907976565,0.11832484576217643,0.23815794626007805,0.39108205237583743,82850.81999886195,292.5777742476657,-0.3802198692370925,-1.0004719174638002,2400.9989936339234,18.230379573269673,2412.457915620091,2391.265947908167,0.15102910334638886,0.6052239221236984,0.13393941808963844,0.13158227274610415
Kasese,2041-08-01,10529.614022288868,0.7629903857295102,19.0,0.02,1.0,0.22586490034982767,1.00003,2.00003,0.1833,30.0833,-1.0,30.0,0.15086954554031096,0.02443451518221502,0.004449352817541347,286.80245149071976,2.0,0.0005079006797489236,293.0716114347893,290.3797473768413,290.3346084227349,290.71153367906413,290.6277184733547,0.4525344596522897,0.24114159007909794,0.5626487143804567,0.3361629901073828,82855.43902837277,291.8204252761663,0.7346451389109792,0.02267598041492381,150.86954554031095,28.638319997899114,168.28164018821607,162.0749229318643,0.008375043375443321,0.5465827798356869,0.12045329046901672,0.03533469055486827
Kasese,2041-09-01,10529.614022288868,0.5848279536427394,19.0,0.02,1.0,0.4110892181302478,1.00003,2.00003,0.1833,30.0833,-1.0,30.0,0.7883552901984756,0.09474085823869566,0.004558982830224526,285.3862163361044,2.0,0.0001142117070016226,293.9939067864503,291.05976152742124,291.24287541709083,291.410743227152,291.15732110786996,0.15055594295024968,0.20837599692770195,0.4872710195797898,0.4316889732915758,82990.83664271641,292.43600715318996,-0.017341129522996747,0.865626154645282,788.3552901984756,-45.58241666006925,778.8922956294261,800.6197876180335,0.04851212979436942,0.5651509448787193,0.17307234455477455,0.07062756730029873
Kasese,2041-10-01,10529.614022288868,0.6353609702553893,19.0,0.02,1.0,0.41471718537019964,1.00003,2.00003,0.1833,30.0833,-1.0,30.0,0.550044263769546,0.05835946955696622,0.0019444537368029139,285.42358042157275,2.0,0.00011150010616432802,293.2278337726883,289.6372297628461,289.76054605915664,290.2998888481489,290.49034478466115,0.318177961595775,0.20642307827747944,0.05144444908012523,0.23285843402021214,83147.30175966187,291.0642445186272,0.3022179999993937,-0.3219715839625713,550.044263769546,-2.3364963935463017,548.891845620696,461.33331124017957,0.03308089576432981,0.6075646834216812,0.09984745029737924,0.04349894449044539
Kasese,2041-11-01,10529.614022288868,0.7090773170318848,19.0,0.02,1.0,0.12326463618905666,1.00003,2.00003,0.1833,30.0833,-1.0,30.0,0.18108440010598076,0.04618730334388661,0.004932573520335342,285.7468619266081,2.0,0.0004747227075853512,292.5267994786411,289.6264696180802,290.00399699602394,290.64810133038196,290.00491977713585,0.28051765540149504,0.42392770794912854,0.06393648949003702,0.7140610557345605,82881.07335779205,291.32752285445116,1.1043073816729492,0.35423428900096204,181.08440010598076,-39.141592428940214,162.10058027315796,178.81728336883202,0.011295046087871713,0.6189957453967855,0.15149055016531532,0.03736322266530951
Kasese,2041-12-01,10529.614022288868,0.9154571725654497,19.0,0.02,1.0,0.21599297988661686,1.00003,2.00003,0.1833,30.0833,-1.0,30.0,0.2019836642627817,0.06044674260137594,0.0028902779300150772,286.1757352612655,2.0,0.00036679692562561795,295.9041198039222,292.0663996230524,291.72475084655355,292.5296888145469,292.67957775584745,0.19195203271543515,0.7313080660662395,0.09107361054042945,0.24812093015049522,82808.39644355536,293.47713746089727,-0.2665829936469515,-0.1351160421038463,201.9836642627817,-10.306971583180504,197.99424736778758,231.31801050532852,0.013404946786508599,0.4736418217618579,0.13723736654214996,0.020237579696781992
Kasese,2042-01-01,10529.614022288868,0.7598695769089053,19.0,0.02,1.0,0.6420608047635311,1.00003,2.00003,0.1833,30.0833,-1.0,30.0,0.14135940031608632,0.03950132388486454,0.003558070890105302,286.7022950703104,2.0,0.0002651095765194328,292.55443502271163,288.58388837194997,289.49310884508293,289.52933150141746,289.24806627935146,0.2387219393141033,0.23491860083780225,0.396006136498726,0.35615539150820663,82695.88490543397,290.47462628519656,0.33972633607590436,-0.37550368853220667,141.35940031608632,-22.210657476869986,142.1551057902584,146.01395957450598,0.00874074657913719,0.7589864950767388,0.16021232399350466,0.02571749771276229
Kasese,2042-02-01,10529.614022288868,0.5899620516151296,19.0,0.02,1.0,0.16039616128754822,1.00003,2.00003,0.1833,30.0833,-1.0,30.0,2.776346977304555,0.6593369807396544,0.004064593360217372,284.4872231143451,2.0,0.00010519676912046634,293.4910153465858,290.4826953851095,291.172094467244,290.72588151734726,291.8605427180294,0.2738487705089633,0.11329735412384404,0.06472481405302104,0.06022100300562225,82981.07912830405,292.09365615801113,-0.6026910396510311,0.16627340497840598,2776.346977304555,-13.16238935263032,2767.1165365230636,2770.9286671335262,0.19331334641875195,0.6920695992021352,0.24184677402603283,0.15194207624773717
Kasese,2042-03-01,10529.614022288868,0.808705176223436,19.0,0.02,1.0,0.597045659768649,1.00003,2.00003,0.1833,30.0833,-1.0,30.0,2.0495757349416146,0.5400547917313843,0.004900767976193687,287.74175345260966,2.0,0.00020259660777476667,295.75882655715606,291.72731863058215,292.4590791823697,293.066569214834,293.1244532307875,0.022259719643087632,0.1663821410301605,0.4997653472769421,0.2904708408703781,82980.12400360242,294.0276461608653,-0.8369979936810257,0.14725383149165358,2049.5757349416144,-16.397219480908856,2035.1504191712277,2057.2375789673974,0.14528095430156107,0.7084572924632666,0.2010749912739829,0.11350189243093284
Kasese,2042-04-01,10529.614022288868,0.5900612940488087,19.0,0.02,1.0,0.43260028537920103,1.00003,2.00003,0.1833,30.0833,-1.0,30.0,4.778450805506477,1.3486948357872754,0.005704324515760631,292.83177705724904,2.0,0.0003155739824186827,295.76405710471505,293.23545676461237,293.2841163792399,293.6870953625282,293.5799306135937,0.016970628062506942,0.26090979343269305,0.2760936835704201,0.4432441924392266,82965.0180753188,294.67083583181216,-0.6086698660541059,0.9546515768654882,4778.450805506477,31.802904743536775,4769.552673255015,4803.424789774242,0.345869927365102,0.46116444157822106,0.44510330121469566,0.26608980202748533
Kasese,2042-05-01,10529.614022288868,0.9548102581289752,19.0,0.02,1.0,0.24658513725880096,1.00003,2.00003,0.1833,30.0833,-1.0,30.0,3.0635615577915556,0.5612547365904269,0.003325495357866326,288.1675289373557,2.0,0.0001756805346532585,297.13471211952026,293.14991033975303,293.44153336735764,293.13888300501145,293.6063928140492,0.03507390757860414,0.12420136352655965,0.2173017121517367,0.15250918225692725,82874.5655227547,294.58211157486335,-0.08302719127443421,-0.1326867905644203,3063.5615577915555,-25.188708511234147,3045.2242870806795,3002.9383638473655,0.20408213980292328,0.5013151908392534,0.20654366799531013,0.14471518910910525
Kasese,2042-06-01,10529.614022288868,0.7074754817410716,19.0,0.02,1.0,0.16518977278345653,1.00003,2.00003,0.1833,30.0833,-1.0,30.0,3.0018498520244017,0.8628614317563952,0.004863267588125194,290.95956448831504,2.0,0.0003756901556597557,294.5813046518547,291.99276191172873,292.7214226721855,293.113283218095,293.4292060093287,0.46811760585448403,0.38449499123114556,0.20373902518274167,0.15140153645658333,82983.76068926096,293.79141128836443,0.9295761084281473,-0.4743972620400583,3001.8498520244016,7.66482575268944,2973.93294965275,3055.3303876171603,0.21760086436638865,0.47177516046608325,0.3474021819919941,0.17392781508359395
Kasese,2042-07-01,10529.614022288868,0.552186811690404,19.0,0.02,1.0,0.5784277861678581,1.00003,2.00003,0.1833,30.0833,-1.0,30.0,1.566406425722367,0.1916025538339814,0.004902081659105705,290.2019967452917,2.0,0.0002659383981804234,297.74980744181596,295.02437064726917,295.1419460299051,295.39715662395645,296.0915238381397,0.23899529801965905,0.34371834519804134,0.08261597160035311,0.05841702618152762,82905.71687550904,296.54299452378507,1.4115310153147618,0.22398462757124765,1566.4064257223672,-20.98556480927584,1582.0639910661228,1538.6824889461307,0.09811443453186518,0.5819957791304164,0.1535944408101652,0.09809708549844101
Kasese,2042-08-01,10529.614022288868,0.7642704263964052,19.0,0.02,1.0,0.39312089180841636,1.00003,2.00003,0.1833,30.0833,-1.0,30.0,1.2879418335882347,0.2932783556852832,0.004757214179413181,288.29587771325714,2.0,0.000731207352186032,292.43456315517113,289.7750044874785,289.96630839018326,289.8563977806422,290.19481839952977,0.15580954702108143,0.6053006037315394,0.4714562571957534,0.2016864584439248,82682.7688193928,291.05962559905345,0.8727821213849638,-0.08484878209811639,1287.9418335882347,23.08534473201238,1290.5274169726952,1334.3706987712358,0.08809585583492992,0.4220312128668809,0.17088767689753848,0.08905945274078364
Kasese,2042-09-01,10529.614022288868,0.6344775646676911,19.0,0.02,1.0,0.1522292996794621,1.00003,2.00003,0.1833,30.0833,-1.0,30.0,0.919400049625462,0.12676681514746468,0.0062329144973874775,286.2244232570545,2.0,0.00035382182136500985,291.06131803025835,288.78351659168834,289.12689823387257,289.19367035622366,289.92942001410756,0.06274467331059982,0.16743198531451128,0.35170210660851864,0.20229042083366047,83019.78022536397,290.49210579295374,-0.32508286946400766,0.8458751127373909,919.400049625462,-44.45387460104502,896.7661685264188,910.8854846111327,0.05766594818209083,0.5127864829423965,0.06643556183810834,0.061707699218384614
Kasese,2042-10-01,10529.614022288868,0.743673406966751,19.0,0.02,1.0,0.24936607623595172,1.00003,2.00003,0.1833,30.0833,-1.0,30.0,0.42471941071797853,0.09462217959673812,0.0051347147783600555,287.4940418489022,2.0,0.0001612099779956978,292.2498246920571,289.48007943254737,290.29633159555186,290.20023356982244,290.81433956576285,0.7376601346557738,0.08666650398348694,0.22836151426243154,0.2867423909409137,83107.54288525382,291.31438272011576,0.2349694499079364,0.9135144979028139,424.7194107179785,-29.79701637209723,434.84144571558807,398.0765525262012,0.027848686496536282,0.7431737668824203,0.1316063223260308,0.04400564548915211
Kasese,2042-11-01,10529.614022288868,0.7150678119203326,19.0,0.02,1.0,0.29724905315060235,1.00003,2.00003,0.1833,30.0833,-1.0,30.0,0.18852378757365867,0.021233746536020046,0.0052928035788640665,286.4779338834574,2.0,0.0004226652788945399,295.38909253768355,290.1199358898891,290.7619352391018,291.21787101455516,291.91178734267424,0.583536677081111,0.4292301940789322,0.23295404998254707,0.1694112894140605,82789.99864640336,292.3151594820213,0.5305453122056693,0.2082969214072743,188.52378757365867,4.676975413391602,200.38521071441465,181.35589413682223,0.010281277404552364,0.517212951885165,0.09502921028992334,0.03566441552259904
Kasese,2042-12-01,10529.614022288868,0.6174225056611872,19.0,0.02,1.0,0.4685023143207413,1.00003,2.00003,0.1833,30.0833,-1.0,30.0,0.06334737633867801,0.008906291152969467,0.0034714263176320787,288.8436946783705,2.0,0.00038035962563880957,292.7574934613217,289.6226087579033,289.98128400682543,290.48170451620797,290.1146560472458,0.09478622971281893,0.28031579624115355,0.50620270947632,0.5387403204970294,82928.79188508,291.29716533507104,0.40650040825582745,0.6740231219072312,63.34737633867801,-25.036424962208486,70.34571286825623,104.21289596817054,0.0025858770995438258,0.6005631112789741,0.10443099761683618,0.035382389897163684
Kasese,2043-01-01,10529.614022288868,0.9166971139561009,19.0,0.02,1.0,0.18558316136568967,1.00003,2.00003,0.1833,30.0833,-1.0,30.0,0.6061504388499482,0.17229992458801788,0.0041071612475408826,287.75979183986885,2.0,0.00021282633921526856,294.0874671493575,290.8868332441473,291.8801594976878,291.7323644760554,292.4089486542719,0.10323288677677336,0.4543503662266589,0.15243795314928751,0.15894104704203763,83044.17840585961,292.99025277873926,-0.37478880737793185,-0.672143243863775,606.1504388499483,-13.335883590487091,627.2144421743299,581.7847341806778,0.04260264020837688,0.6339411682127701,0.12583556138634122,0.0307103986129456
Kasese,2043-02-01,10529.614022288868,0.8696302320141468,19.0,0.02,1.0,0.2629015147385905,1.00003,2.00003,0.1833,30.0833,-1.0,30.0,2.2714037521844106,0.24831701985472346,0.003914009350592462,288.56235651800864,2.0,2.4793278740038868e-05,294.39124732261416,291.130231046888,291.58715722266794,291.9224913718951,291.48260657984207,0.012043804609051618,0.34257864406444927,0.2900532770974353,0.21368337595087322,82711.26831084759,292.5571527011086,-0.4128921128788798,-0.3749061463652912,2271.4037521844107,37.48681698879704,2303.8600847196726,2257.882866789835,0.14137190128360425,0.5617545422288882,0.1313723413803665,0.11800049719584203
Kasese,2043-03-01,10529.614022288868,0.36435439741975606,19.0,0.02,1.0,0.10331550720098065,1.00003,2.00003,0.1833,30.0833,-1.0,30.0,2.9949838706876784,0.3288668911249636,0.003158722037443354,289.6514769572848,2.0,0.0001179694490244522,294.6977507174284,290.41082595788583,291.5671232381369,291.43638564100627,291.55287519051603,0.6252142551650155,0.37851045950734974,0.39680580539793814,0.4482592591246333,82852.35499380722,292.6466741642922,1.0007936329078484,-0.6780346214958028,2994.9838706876785,29.99647165487292,2981.905518217053,3021.8247225281075,0.1870219659024928,0.5551167016398977,0.2059202597841074,0.2108183128091224
Kasese,2043-04-01,10529.614022288868,0.7543097119686447,19.0,0.02,1.0,0.5567836229380533,1.00003,2.00003,0.1833,30.0833,-1.0,30.0,3.971418139065686,0.7294202393064729,0.005241662541817343,289.98274689360795,2.0,0.0004341983818984637,296.2576623792546,293.0970972788783,293.5351787522236,293.88675646137335,293.5896978765939,0.16419759066605472,0.02954487735197535,0.47814334505130734,0.38688075319791443,82822.80519792398,294.5255776290824,0.5030809493662429,0.05600939709844362,3971.418139065686,34.681208003276744,3983.566430003925,3957.471920590472,0.2650013861919408,0.6241530304272098,0.2850042834733736,0.21658921202356174
Kasese,2043-05-01,10529.614022288868,0.2886457030729843,19.0,0.02,1.0,0.09137743108732103,1.00003,2.00003,0.1833,30.0833,-1.0,30.0,6.307524427961884,1.80785292187075,0.003908026155083014,290.5403388871952,2.0,0.00015025503947124424,295.4142279469406,292.54174428398505,292.5752126087898,293.39338821426645,293.15498997089287,0.05149695901020512,0.36062118601384663,0.4346409582892907,0.3429326533858189,82929.56569434737,294.24424930601486,-0.6618058244296856,0.10168140172255044,6307.524427961884,29.112814855951807,6305.910692957782,6310.963555006515,0.45873682864224163,0.6235607301924329,0.588257437721893,0.36714024693340425
Kasese,2043-06-01,10529.614022288868,0.9124507737668915,19.0,0.02,1.0,0.3010263699254801,1.00003,2.00003,0.1833,30.0833,-1.0,30.0,1.3053490590742998,0.23353934865531759,0.0037294018533146076,289.43629722863847,2.0,0.00039003447203051985,297.067815839577,294.1075648266163,294.79033086302536,295.08383948095207,294.35648756654206,0.2448431724977481,0.08773915267879255,0.5250771857270201,0.4192585625632588,82994.19237626944,295.64795098876516,-0.40530607292504167,-0.018204900138632244,1305.3490590742997,-39.15302708883327,1307.4136836811451,1275.5058725220154,0.08575325010280116,0.5272466044307319,0.17090511614717127,0.07690108062392438
Kasese,2043-07-01,10529.614022288868,0.7863504865289096,19.0,0.02,1.0,0.3567515993941344,1.00003,2.00003,0.1833,30.0833,-1.0,30.0,2.189907672461307,0.415204292346552,0.004191203442539136,286.7179717498257,2.0,0.00016153607004757407,293.4306171950515,291.2717198000506,291.6353624438202,291.5286002458153,292.0511878428057,0.3321127374542094,0.37783691924733365,0.0597476447997119,0.251342514392543,82945.824362168,292.83106936738375,0.28042487639219826,0.004850645815784222,2189.907672461307,7.801676227214377,2226.187463686525,2206.85678653142,0.1461992470559491,0.6368858825530139,0.174769787749178,0.12307486286156845
Kasese,2043-08-01,10529.614022288868,0.8347438261100076,19.0,0.02,1.0,0.4784957985607109,1.00003,2.00003,0.1833,30.0833,-1.0,30.0,1.8705739389400426,0.28342631396585183,0.0048722268801817195,287.96908472018094,2.0,0.0002816232764988602,297.05743442999005,294.41911226373526,294.5595692919973,294.98867734071933,294.95928475874786,0.21822363398663194,0.17421419386867232,0.20013397658004584,0.1886316931833642,82911.40941190938,295.8990476174087,0.4277138745622032,0.6200141309214817,1870.5739389400426,-25.22335864402966,1884.6773785276253,1844.798768203748,0.12057526293084632,0.48717020317892634,0.1345780119634571,0.09778318082858499
Kasese,2043-09-01,10529.614022288868,0.7248012565274218,19.0,0.02,1.0,0.10232085443611777,1.00003,2.00003,0.1833,30.0833,-1.0,30.0,0.6189495640834214,0.15407918991355038,0.004282126525954609,285.8194266337441,2.0,0.000342267057096532,293.86029027050677,290.4099912324446,291.68613574084844,291.67018718966546,291.6946708418571,0.5305248947640856,0.5865460501055769,0.3756986980618494,0.42153623041327637,83135.94526224863,292.6166181887353,0.008603289157109157,0.18405069272350252,618.9495640834214,9.525291906137666,615.2811611013763,613.982681851919,0.04228522354682462,0.6238561104453935,0.21485169348397654,0.06965283318945836
Kasese,2043-10-01,10529.614022288868,0.4368803232981147,19.0,0.02,1.0,0.09527020696784032,1.00003,2.00003,0.1833,30.0833,-1.0,30.0,2.494899616736937,0.7034628964700355,0.0040826404479815965,286.66356273035245,2.0,0.0006233427037058467,291.2507338563506,288.43994056474565,288.25758330832014,288.3649655216588,288.656470038557,0.4544488694237593,0.4340482143897699,0.47397135924778017,0.19613566014709743,82697.88382400345,289.77512091464547,0.25938402231556235,-0.8072612617606955,2494.899616736937,-2.0321012809465047,2510.5608747696024,2529.738855112988,0.1798523434020152,0.4724400518370283,0.32590729486716435,0.17358145963083152
Kasese,2043-11-01,10529.614022288868,0.8458791204798802,19.0,0.02,1.0,0.19947000307533616,1.00003,2.00003,0.1833,30.0833,-1.0,30.0,0.1902842750083421,0.02106364950074189,0.004963029386164239,285.7143999245434,2.0,0.0001203956910266909,291.2392949829799,288.160002538971,288.8809108175419,288.85662078486104,289.3759444182156,0.26722001922466676,0.18862336654627937,0.11069961080604805,0.2199129141620238,82861.92191276593,289.9784906226088,0.49236042412434594,-0.7644694526750415,190.28427500834212,-32.762814117967366,182.6007723816921,184.09695215911617,0.01039018191579622,0.7696959248273765,0.06728391840817205,0.011785127852996262
Kasese,2043-12-01,10529.614022288868,0.6999258551941895,19.0,0.02,1.0,0.07355120831616173,1.00003,2.00003,0.1833,30.0833,-1.0,30.0,0.870411528184125,0.2593003538674298,0.00331923681938972,289.698467592407,2.0,0.00016158047969308447,293.0239651454074,290.112513430905,289.8664681709615,290.8520567914208,290.7326861424636,0.18598385352439187,0.3777234975383751,0.4950731582038814,0.5484577915140211,82806.28310174914,291.5023431471083,-0.986986370705806,-0.061849333129649756,870.411528184125,-42.455923554721245,874.9253947392382,893.3865995965663,0.06256956006814825,0.5740662753948553,0.17860472579622566,0.07615108759388099
Kasese,2044-01-01,10529.614022288868,0.5252356939428274,19.0,0.02,1.0,0.24061870231022295,1.00003,2.00003,0.1833,30.0833,-1.0,30.0,0.8854443859593975,0.14161011218724717,0.0017349218180944311,284.3426272311948,2.0,0.00015385193192345623,292.54652641334656,289.1248258930709,290.0957745864374,290.11025235572777,290.2589169548069,0.29220413727923644,0.44259140341468595,0.18340668030440352,0.3967683701304171,82969.58840221037,290.9655006459563,-0.009387575337470446,-0.34294975539193573,885.4443859593974,13.637362926306903,912.4987168448786,902.6066756862243,0.056837075876885496,0.7532322261718859,0.13212690816290004,0.08014463160605377
Kasese,2044-02-01,10529.614022288868,0.7362548412655568,19.0,0.02,1.0,0.5017279925815357,1.00003,2.00003,0.1833,30.0833,-1.0,30.0,3.6668093250102816,0.9747498736646223,0.0033793726607312764,286.41946653947747,2.0,0.00033211229478785555,293.960635510654,290.90988376468425,291.4589197118475,291.4011352127631,291.53322704665214,0.43120969600016223,0.21901400324481854,0.4651971977810222,0.1550372561427189,82884.0625871615,292.4364721377435,0.5354122585579724,-0.36484197459067735,3666.8093250102816,23.16761207066767,3670.8024886061157,3662.951589059745,0.2617449162266671,0.6124603777143682,0.3658992283816602,0.2075828371904206
Kasese,2044-03-01,10529.614022288868,0.8786426177182893,19.0,0.02,1.0,0.3636133608992296,1.00003,2.00003,0.1833,30.0833,-1.0,30.0,3.8189577487577204,0.9698471918124234,0.004843024769416151,289.46995331944345,2.0,0.0005813174146244664,295.05801633819925,291.49258967936083,291.89150420909226,292.0983272384569,292.3191515526235,0.2208758680823107,0.25272739314169274,0.14384484964613004,0.6548713641054507,82735.60732741507,293.07903374625226,0.18811696560433183,-0.14580374188718745,3818.9577487577203,51.182723773035875,3786.251131957712,3776.1447880296087,0.2700131278693511,0.3183508920906065,0.38253016887251134,0.20667830775622276
Kasese,2044-04-01,10529.614022288868,0.5295187069804902,19.0,0.02,1.0,0.3536654489111556,1.00003,2.00003,0.1833,30.0833,-1.0,30.0,3.2030570339724,0.3325723171555511,0.003981541189710547,288.6157830498612,2.0,0.0007213570775896225,296.51324460569174,293.5123733801801,292.9305722059567,293.51661958019054,293.8978103199737,0.12373288438611908,0.3557091968409411,0.33814393063197723,0.6254687962472991,82726.23799827488,294.62018700353906,0.44375692597348937,1.4234927243771156,3203.0570339724,62.61670362708679,3191.0895086871883,3199.5549680414456,0.1989865834869109,0.671818793968051,0.2139244043574145,0.20100362364373223
Kasese,2044-05-01,10529.614022288868,0.5817626723810729,19.0,0.02,1.0,0.4464583453794728,1.00003,2.00003,0.1833,30.0833,-1.0,30.0,1.1837634724228014,0.3363441679470922,0.003027063767897999,290.3121766408623,2.0,0.0003612493418306597,295.83024543119654,292.50688720532537,292.90019296364335,293.1763423891634,293.5304698640873,0.4368512498248695,0.3531460661915122,0.07659010046265118,0.5831590782313438,82951.97537274491,294.21723349661073,-0.12126953434908141,-0.4853993662359574,1183.7634724228014,-1.3402372767170811,1206.5340959276216,1202.980928100861,0.08472790961257963,0.4409165404256131,0.17513179894231162,0.09529321241717167
Kasese,2044-06-01,10529.614022288868,0.6111125480554493,19.0,0.02,1.0,0.7556134428601057,1.00003,2.00003,0.1833,30.0833,-1.0,30.0,1.630463342982644,0.24577934639449253,0.004251421785901597,289.1228806851857,2.0,0.00012101175113581804,295.39536227546245,292.710131913603,292.8898077326644,292.9207350541683,293.07107308421695,0.037401094404050206,0.2320125906025457,0.240601663903152,0.15265694646695763,83080.63916802316,294.0737385400388,-1.1410601870878847,-0.20356977908819424,1630.463342982644,-50.486206876693466,1632.5243977490156,1608.0515626944798,0.1048571086907842,0.5430987078486498,0.11277704526636725,0.09620570954300679
Kasese,2044-07-01,10529.614022288868,0.43882310915111383,19.0,0.02,1.0,0.537237843248476,1.00003,2.00003,0.1833,30.0833,-1.0,30.0,2.4960466044754654,0.49729880385141534,0.0020337259050957697,288.5812117418485,2.0,0.00016384285197728598,294.913063930754,291.875587351342,291.81445193914135,292.38187738237644,292.63409990146,0.3094111843038937,0.11870530261165677,0.06124936820085422,0.20750501537189286,82822.53178129495,293.4754399301082,-0.03212436809304311,1.0959165703781455,2496.0466044754653,24.55815158246846,2483.153727799361,2502.47965310532,0.16834075129287696,0.7871092593721908,0.19280359002548442,0.15160926848244777
Kasese,2044-08-01,10529.614022288868,0.22323106470772358,19.0,0.02,1.0,0.23258728389351901,1.00003,2.00003,0.1833,30.0833,-1.0,30.0,1.8594869739096953,0.23635362820389086,0.003676398972607367,286.196165779128,2.0,0.00011644125142298369,293.37849139159283,289.62864861785914,289.7546298672983,290.44775514470086,290.31706673427976,0.3705091062593006,0.21212385249696133,0.28505401417709997,0.2924517514388005,82593.31992691605,291.4850887098077,0.35025455678786666,-0.6976147744450817,1859.4869739096953,0.5911163949861287,1873.5279397834997,1862.460724907774,0.11734448921730618,0.5884929943307622,0.12723850633237135,0.1441734110511206
Kasese,2044-09-01,10529.614022288868,0.551375114556945,19.0,0.02,1.0,0.190668839041954,1.00003,2.00003,0.1833,30.0833,-1.0,30.0,0.7474129955905899,0.2174070972642747,0.005256520435317213,285.35011308983235,2.0,0.00045483315493416064,293.36991790020386,290.4232512903278,290.752533759685,291.37628371685804,290.8192854563496,0.2935495792523362,0.09123247230244311,0.2336728325419164,0.3347121568597964,82874.55572084682,292.0672966673083,-0.3901744380575456,-0.6168264693837462,747.41299559059,4.103591613683035,743.8255500849518,787.8257223847893,0.05310764273531906,0.8189559258596387,0.10264271402430551,0.06232990742867925
Kasese,2044-10-01,10529.614022288868,0.5399750052747289,19.0,0.02,1.0,0.45447032776915747,1.00003,2.00003,0.1833,30.0833,-1.0,30.0,0.12172439959332194,0.012421766123544026,0.004425634758135923,285.401601744589,2.0,0.000472202068273129,290.58017736150714,288.33009742819087,288.3628693131448,288.5581098483868,288.27744818353284,0.45601500082931096,0.09904202261771967,0.11387454419462469,0.12335845303053358,83052.9140949686,289.773678774964,0.2076591312472185,-0.41909577021892425,121.72439959332195,23.138082772560907,130.06177719782625,142.00770840707128,0.006042067622130904,0.5039249178993657,0.09537334280994537,0.027115133493779642
Kasese,2044-11-01,10529.614022288868,0.6738641856162095,19.0,0.02,1.0,0.2715420384324646,1.00003,2.00003,0.1833,30.0833,-1.0,30.0,0.16623968022178065,0.04195065864498691,0.00483300319548065,285.64192984667716,2.0,0.0005117873284906653,293.23664886917146,289.71461233758816,289.55650131965723,289.90524521151514,290.1040426488972,0.07169109444597131,0.1552740871361701,0.5522557116739161,0.30714804576703125,83006.06458181494,290.9702207235494,-1.0789010463501736,0.4456139356459386,166.23968022178065,-12.146903034641483,186.95525507731801,184.0070183441936,0.010218470134578382,0.24615485170966303,0.09307536527828654,0.028685945752273324
Kasese,2044-12-01,10529.614022288868,0.8038717857336135,19.0,0.02,1.0,0.2119850573094913,1.00003,2.00003,0.1833,30.0833,-1.0,30.0,0.442741453242308,0.07887788082354086,0.004223680823862682,283.237414635853,2.0,0.0005837201309986846,290.8897589688952,288.87537673452306,288.79367320866555,289.0119845438449,289.5030743896119,0.30408775095511764,0.17058191684775073,0.13192687346315046,0.3266655868407075,82966.13520448319,290.29330248771976,-0.4036893863808784,0.6571159199181285,442.741453242308,-2.3853187278452688,436.4673921992834,392.62413438809693,0.028029541970553837,0.47525753363453915,0.10632015954469472,0.03092050048451789
Kasese,2045-01-01,10529.614022288868,0.4603942440164291,19.0,0.02,1.0,0.433531651683434,1.00003,2.00003,0.1833,30.0833,-1.0,30.0,0.9160217739712749,0.2734248833025697,0.004744512497402503,285.0994248141223,2.0,0.0004040951346233531,293.2977931254981,290.0018414208808,290.1128183941678,290.1677234607948,290.1750730330196,0.2117043376139058,0.2058248008679943,0.5937804346781558,0.2876895290964728,82878.22161387018,291.41541520828684,0.5512203158908817,0.015053911928020308,916.0217739712749,-27.543550451089843,920.3778060328171,902.3536388951105,0.06587665549884864,0.554664706857464,0.16140068891726375,0.08525059949949104
Kasese,2045-02-01,10529.614022288868,0.9295864544394205,19.0,0.02,1.0,0.09872968817659745,1.00003,2.00003,0.1833,30.0833,-1.0,30.0,0.7151343820042277,0.2091685392616291,0.00448547519509269,288.77173299815996,2.0,0.0002996123064296857,296.6536920545342,292.9971404216639,293.41846970373524,293.17045071784804,293.4762245551526,0.0806480456060371,0.07910003543825915,0.26926355694124965,0.1889043705827187,82875.43629021998,294.6377836374222,1.107760349515587,0.2484450766806378,715.1343820042277,12.561022547578633,709.343645769951,716.0049440460039,0.050853391989498654,0.7019997898473442,0.09970246140598886,0.029082696060416375
Kasese,2045-03-01,10529.614022288868,0.6157728710739584,19.0,0.02,1.0,0.10089320638291899,1.00003,2.00003,0.1833,30.0833,-1.0,30.0,2.2507431076940416,0.45762013036675386,0.004744529923983464,286.41185929624515,2.0,0.0007812069802480454,295.51428465606864,292.2435244768441,293.14062949110064,292.3664900006413,293.15318098738163,0.35652569863380856,0.15582024343306497,0.39996514489711404,0.17244750636866346,82791.5833796801,294.0478536001343,0.27842621076137725,0.8351785923771022,2250.7431076940416,5.230553344794851,2226.528928981107,2222.1475775371446,0.15202388820644322,0.6132499701401979,0.20032619044602756,0.1381986921920664
Kasese,2045-04-01,10529.614022288868,0.9061535304095738,19.0,0.02,1.0,0.21279537011626093,1.00003,2.00003,0.1833,30.0833,-1.0,30.0,0.9884311348592865,0.20536815120798796,0.0031191804200277253,288.8791874521177,2.0,0.00040493539584042867,295.35331393901583,293.1970290815549,292.8303736151712,293.47897539119595,293.0593042895727,0.25322028165444666,0.2564455486249603,0.21179054739848355,0.27460233819324165,82830.65707573845,294.49752109653843,-0.30420432471007763,0.14138993837359362,988.4311348592864,20.29062148910012,999.0988688831802,950.9710788893076,0.06621570294798222,0.8137652355094798,0.1335749081435379,0.05402671504775967
Kasese,2045-05-01,10529.614022288868,0.8540026034136687,19.0,0.02,1.0,0.1522860469754484,1.00003,2.00003,0.1833,30.0833,-1.0,30.0,3.3064727667724236,0.5580056113135219,0.004473837945566427,289.36800862823145,2.0,0.0004059594654207932,293.9634905493431,291.48383757060617,291.6258332311361,291.5793407823848,291.8868067304865,0.18153290275341213,0.34205232156621307,0.19059996093181558,0.22048995283565528,82675.32490560443,292.9269302720334,0.48749221709640944,-0.12219012521116576,3306.4727667724237,-14.899781610752957,3313.5406765785146,3285.095428983873,0.2176097418157975,0.7631472025039597,0.2770845990133255,0.17353375363004747
Kasese,2045-06-01,10529.614022288868,0.4741142349992986,19.0,0.02,1.0,0.2571997204301094,1.00003,2.00003,0.1833,30.0833,-1.0,30.0,1.7394492906427186,0.20456947827372676,0.004685297358132487,290.50624430989615,2.0,0.0005173460356830951,295.8754797742673,293.30344268975205,293.599081172045,293.77909194029115,294.20882757042034,0.386675460704623,0.22437112971908688,0.09105084145818237,0.16050327164135625,82918.89326320161,294.7699613393342,-0.312357421773081,0.3332754487498725,1739.4492906427186,5.469902403434967,1729.181745641608,1755.403232983759,0.10867650513173129,0.48253201001148655,0.08964677346368745,0.11519253507635577
Kasese,2045-07-01,10529.614022288868,0.4567094884623836,19.0,0.02,1.0,0.16328092932474453,1.00003,2.00003,0.1833,30.0833,-1.0,30.0,1.3349974988160203,0.19440875051194942,0.003268007253784926,288.49709389411623,2.0,0.0001562455993650351,293.6772335305865,291.23577210697323,291.53379037853364,291.20639356280384,291.4713602222694,0.30154982497141475,0.2413767753463949,0.3141639308810433,0.34617944937448136,82923.91718746639,292.619400552325,-0.5853231211268511,0.24934097945602046,1334.9974988160202,-4.787581146531417,1345.4052438214514,1325.3036026366713,0.08524162631963425,0.4743500864133318,0.12443511173187442,0.10434853136016978
Kasese,2045-08-01,10529.614022288868,0.6537922273067752,19.0,0.02,1.0,0.15677639823368097,1.00003,2.00003,0.1833,30.0833,-1.0,30.0,0.8710144450470552,0.19548838023504314,0.00474763996489271,287.89699647620364,2.0,0.00028095131369135456,296.257483515922,292.46115529321133,292.935911183423,293.2694360572023,293.43092374143595,0.37579661620234234,0.22933232438098736,0.279873672258537,0.20576118267934,82778.52201839328,294.066191274259,-0.09945560908086451,0.4212250083379849,871.0144450470551,33.738483748456616,866.9971603905219,892.6916918270833,0.05890356653351805,0.7068461080058477,0.09823220177393704,0.06586433233776103
Kasese,2045-09-01,10529.614022288868,0.9983701437015715,19.0,0.02,1.0,0.35309168860271306,1.00003,2.00003,0.1833,30.0833,-1.0,30.0,1.0787542063026778,0.29935327890121555,0.006728929375206841,287.94770849240706,2.0,0.00010578812031955466,290.7495868505602,288.2746313576144,287.4022769278562,288.7522310698982,288.69104981621786,0.6230619037188222,0.2603057472128011,0.21222667334515027,0.28113015718185036,82774.19955905603,289.4859201702656,-0.8329547716056525,0.2974804677977569,1078.7542063026779,15.823073202114934,1102.2997742655596,1038.1769878977457,0.07646423918307556,0.42910461204362893,0.1983285061705162,0.06267195658960342
Kasese,2045-10-01,10529.614022288868,0.5915760359888059,19.0,0.02,1.0,0.5333617729308365,1.00003,2.00003,0.1833,30.0833,-1.0,30.0,0.7928583819960737,0.08209787297049431,0.004622982113071423,284.13836443532136,2.0,0.0003011055562814517,292.07535839233907,288.6999121791392,288.8503670932771,288.9130320479803,288.8996545730681,0.12837282945025694,0.4602060347058829,0.35092977705539385,0.3312431576382321,82926.06124139046,290.2644781712775,0.700983203723544,-0.2842500777840089,792.8583819960737,-6.688619930490999,778.9465948872013,820.6140246261969,0.04804683586369026,0.47480423553638457,0.1355651125378434,0.07026320384260437
Kasese,2045-11-01,10529.614022288868,0.7128630317334017,19.0,0.02,1.0,0.47275794811680677,1.00003,2.00003,0.1833,30.0833,-1.0,30.0,0.09497343192947949,0.009582229229400819,0.0038522462378645676,286.83548628134935,2.0,0.00012069781609584901,292.4621566545065,289.6197214396356,289.58047804577,290.0260095901952,289.6697070394891,0.07412563321000193,0.05494895061982597,0.20735176794224186,0.1356312298030773,82991.50372733208,291.0130312073451,-0.44003882883407974,0.08027219419542832,94.97343192947949,24.974833517095966,90.91035981846835,31.9521188473106,0.004396325974364585,0.7795656192897087,0.008026036004531214,0.0070611198635368005
Kasese,2045-12-01,10529.614022288868,0.3587672776120263,19.0,0.02,1.0,0.4295367583384261,1.00003,2.00003,0.1833,30.0833,-1.0,30.0,0.212304825899124,0.03925200836937729,0.004957565380026206,285.9665361657859,2.0,0.0004879815010090571,292.7348491919267,289.2277016760816,289.38019782421776,289.5890408245935,289.81212811527763,0.2002273795769039,0.48723467093190564,0.0882187400013393,0.31633462545903557,82870.13004823096,290.90052161134753,0.15978908067107156,-0.4081762679579602,212.304825899124,-38.53165311411234,221.67204782306212,206.2012634415039,0.012670989893363552,0.5334325095965601,0.0963569091265753,0.05040150463015831
Kasese,2046-01-01,10529.614022288868,0.5845535312011183,19.0,0.02,1.0,0.3170537166093573,1.00003,2.00003,0.1833,30.0833,-1.0,30.0,0.5924402951319186,0.09065024760963103,0.0038310656912775897,284.33725439678176,2.0,0.0004535128900068084,291.83324244420334,288.0567514909872,288.71686438905505,288.8190342691665,289.50624110676625,0.09491331751508941,0.10546282177492014,0.14858334751497826,0.592868426149308,82764.82426759717,290.17141169979004,-0.3100536665578894,-0.23198374760226675,592.4402951319187,-18.386376371564115,600.9456062287824,569.4612252263697,0.037209849061092294,0.6248019167015381,0.08045991613392976,0.052135588134693815
Kasese,2046-02-01,10529.614022288868,0.38375269813899715,19.0,0.02,1.0,0.287356759301486,1.00003,2.00003,0.1833,30.0833,-1.0,30.0,1.5125765916158294,0.36873949532102734,0.004486727886043027,290.1286632483383,2.0,0.0006298866366829161,295.0979431231085,291.7979302378795,292.0300755482354,291.6230936017871,292.3668548022821,0.27009509341013027,0.1998262270188272,0.3459911835870562,0.42979166895679893,82929.93628394166,293.3649630630004,0.13147537969700324,-0.10279706704991695,1512.5765916158293,-30.717392464115477,1533.3838554529248,1513.9719967417025,0.10513150703555363,0.7113886642754774,0.19058939127907654,0.11891073102698513
Kasese,2046-03-01,10529.614022288868,0.8172270505585193,19.0,0.02,1.0,0.5609312313983265,1.00003,2.00003,0.1833,30.0833,-1.0,30.0,0.17442448175225447,0.04976828756180081,0.004721810375656622,286.98386379328144,2.0,0.0005221892734002687,295.47146887134926,292.23635064153666,292.7914693498122,292.7237269904851,293.57193751848786,0.35347076102575176,0.669626674204151,0.14818759619260416,0.2627201407631015,82959.54374586752,294.1061396676871,0.0686824963340254,-0.6258544455301791,174.42448175225448,4.142601599543928,185.14936118274153,186.1881188574343,0.011132374220450833,0.6849957146625658,0.13711446179211298,0.0291928474703042
Kasese,2046-04-01,10529.614022288868,0.34343348792760026,19.0,0.02,1.0,0.4356642689962859,1.00003,2.00003,0.1833,30.0833,-1.0,30.0,2.4067399725780416,0.4716843587395022,0.0033907131997933443,289.05941938315726,2.0,0.00017874633168068338,294.78911134949004,291.8449605754324,291.8306907500131,292.56871746207673,292.9388949294568,0.2373780860821414,0.15866602065192068,0.26151075722844735,0.06407721850577242,82785.694982488,293.18067796884407,-0.15026850552598783,-0.26053550079246784,2406.7399725780415,0.7006161633554718,2378.4713203399583,2408.3502522430967,0.16174589696972233,0.8132816307054869,0.19909304698239008,0.15351846322548812
Kasese,2046-05-01,10529.614022288868,0.9214253526308686,19.0,0.02,1.0,0.31530901363940933,1.00003,2.00003,0.1833,30.0833,-1.0,30.0,2.477716031466759,0.6220466268604279,0.004782508542351104,291.6058322508649,2.0,9.960223995853549e-05,295.8373311496563,293.29474405494955,292.8716264577954,293.5536067671054,293.2064570095721,0.4598086133386788,0.29165981199059376,0.25424573353210084,0.5800446405149126,83033.9522036072,294.3955978202158,1.0644628304674717,-0.25304462032900277,2477.716031466759,34.644942803715416,2499.98736063308,2444.1998009417694,0.17422043671984108,0.49960296502042195,0.2831572108933583,0.14382789585748257
Kasese,2046-06-01,10529.614022288868,0.2670191627592399,19.0,0.02,1.0,0.1435684905043411,1.00003,2.00003,0.1833,30.0833,-1.0,30.0,1.9812399073133506,0.2330084855066871,0.004162522135431124,289.68792644147396,2.0,0.00016798405621528173,297.10132066982237,294.67625415577277,294.8777276431001,295.4020439243221,295.6705268763939,0.3516916226449943,0.018662758275768097,0.14189382463825384,0.2950126365224876,82802.6396019154,296.2750331535517,-0.2851299042488543,0.18444623907966548,1981.2399073133506,35.03579638127926,2002.6574523080635,1943.9143365935874,0.12403256253232364,0.34897410696791,0.09848918096532899,0.13872008234139652
Kasese,2046-07-01,10529.614022288868,0.4159915869130804,19.0,0.02,1.0,0.2852928522382344,1.00003,2.00003,0.1833,30.0833,-1.0,30.0,1.7733514477549235,0.520129430904899,0.00342409292283105,286.1643649392491,2.0,0.0007851048434468018,294.7776292142276,291.28752253341855,291.4380034163183,291.8285630260902,291.92673927747256,0.5470726939146147,0.5166634536986908,0.4072022831299203,0.20069086402621625,82987.70285187026,292.89059450083636,-0.8227331774954935,-0.02259549101625701,1773.3514477549236,-0.20627423501191408,1768.3326540264043,1725.998698472487,0.12856821195181226,0.45991599131426475,0.26160785785833324,0.14103547758876878
Kasese,2046-08-01,10529.614022288868,0.8630207875248064,19.0,0.02,1.0,0.469084143052218,1.00003,2.00003,0.1833,30.0833,-1.0,30.0,0.9714003989504729,0.17446277254295875,0.003365163648450204,288.4502559334564,2.0,0.00047498541360738806,291.9813729545916,289.7241336856782,289.42541905465356,289.21449357485386,289.50468572378253,0.18221698814003828,0.2436000062053907,0.24923205427719733,0.16049309527776623,82941.95792976985,290.63772510056305,-0.1935681790083895,-0.2501276040918782,971.4003989504729,0.8972847509198408,945.351882938494,942.0233938102031,0.06348299564078892,0.7333617887684271,0.14270180821822973,0.0517112754222283
Kasese,2046-09-01,10529.614022288868,0.5508122544704888,19.0,0.02,1.0,0.044089083476142904,1.00003,2.00003,0.1833,30.0833,-1.0,30.0,1.7347310672550547,0.2722274561367665,0.0033856288185646474,286.1428168818323,2.0,0.00019765736317818884,293.2020311266711,290.56948810945846,290.6573023358465,290.5905721589505,290.82113145170297,0.30899452721802506,0.6032419481632796,0.17987460669627398,0.14359065799721638,82861.90870630922,291.53836516104536,-0.537319411195012,-0.4377019744913124,1734.7310672550548,-21.484233876254745,1740.9986136827636,1748.8628677908305,0.11231992351096516,0.6024384420802386,0.20720929591021203,0.11975909276581106
Kasese,2046-10-01,10529.614022288868,0.5118758712608764,19.0,0.02,1.0,0.16620653932415705,1.00003,2.00003,0.1833,30.0833,-1.0,30.0,0.32399020528296363,0.0575655035199807,0.0024344186001522567,287.3968048600578,2.0,0.0005866878564961894,293.5755282221946,290.5349943431079,290.8853697597794,290.63794372548006,290.7838885670561,0.037337198712675164,0.3068073064375456,0.23371666485138298,0.02655314066972196,82818.73956940585,291.8849212850022,-0.3959692399354995,0.007789148465202583,323.99020528296364,-5.375144059009048,310.4628885374699,304.73808161521447,0.02018714034193607,0.48563108152556206,0.0623610220056347,0.03433900775046639
Kasese,2046-11-01,10529.614022288868,0.747781777500618,19.0,0.02,1.0,0.1211197760731337,1.00003,2.00003,0.1833,30.0833,-1.0,30.0,0.4109987568141079,0.052876048182396884,0.004707843227611056,285.8760751398622,2.0,0.00010785542103648284,292.007996455654,288.94410182251545,289.26647975991034,289.3146276206322,290.16882377584255,0.3142874276473306,0.315882078266675,0.4490519352648502,0.3892131766908009,82950.67599074138,290.6029662263401,-0.34744793876586044,-0.8634291551612812,410.99875681410794,-18.057858909951815,403.6559849222696,390.8829470627453,0.02472702966961905,0.7546978481560903,0.18275574025652333,0.04633744066927711
Kasese,2046-12-01,10529.614022288868,0.8080284112901635,19.0,0.02,1.0,0.11622546237046566,1.00003,2.00003,0.1833,30.0833,-1.0,30.0,0.2819268730935156,0.08049628965138814,0.004536924142720997,285.3555888937957,2.0,0.000547382939208658,292.9775223387123,290.0645712571565,289.8307796025065,290.3561356762533,290.1854158159457,0.3106578201471214,0.341956676626854,0.12184040173697129,0.27557652490159834,83094.43424248075,291.06456377257314,-0.4359893823039269,-0.49630635024035363,281.9268730935156,13.309438207141033,316.72675341230445,277.1229045240282,0.018982768109831145,0.779619241077813,0.09198374214448812,0.025457704618924694
Kasese,2047-01-01,10529.614022288868,0.5335351621192663,19.0,0.02,1.0,0.38796586988879417,1.00003,2.00003,0.1833,30.0833,-1.0,30.0,0.7448890512349007,0.1492899535329419,0.004725841670133567,286.81157889728416,2.0,0.0005977056203754338,290.9475467434586,288.49119298916895,288.493793116332,288.9225423283227,289.32374039628013,0.27820911955646727,0.41756630334133427,0.26549937287630043,0.1326626941212815,82625.34971473095,290.1655620695178,0.26605963963485174,-0.32165489997056507,744.8890512349006,-44.28759647553567,750.5747629795037,725.4488116794053,0.049131244101735826,0.6729651534109344,0.17162664037366007,0.06686974314484805
Kasese,2047-02-01,10529.614022288868,0.8179867340589076,19.0,0.02,1.0,0.5357944754750508,1.00003,2.00003,0.1833,30.0833,-1.0,30.0,0.7725474903051418,0.2023441106709785,0.0036484547386666987,288.0153638276783,2.0,8.643008723964456e-05,295.7136597626418,292.7494360500318,292.76086649971796,292.7032754322257,293.5840582725802,0.3557239547423708,0.28541890950789894,0.2582438019675352,0.16291854395635905,82684.74815469536,294.1258391278604,0.9522151570570676,0.457556722511116,772.5474903051418,-36.51705244177358,759.6270097557565,774.0641628526563,0.05377006421908424,0.8957509072739829,0.13338611034021472,0.05011285938203254
Kasese,2047-03-01,10529.614022288868,0.6359326106077884,19.0,0.02,1.0,0.20257339600993937,1.00003,2.00003,0.1833,30.0833,-1.0,30.0,1.7790965482662464,0.41233759353387733,0.005314017007131084,287.7683522519482,2.0,7.532821769206531e-05,296.2533826817732,293.48082013851916,293.49372894798614,293.53013920755,294.00239664143817,0.2977753248152156,0.17661734254426095,0.5287945214067992,0.24308314163202127,82796.8911761768,294.88708021530095,0.0795218023618739,0.01616558498117394,1779.0965482662464,-36.521185620986515,1762.295154089794,1754.7485068730807,0.12267331559398731,0.8456118803397931,0.19686105912858268,0.11708944824247525
Kasese,2047-04-01,10529.614022288868,0.8475645436007969,19.0,0.02,1.0,0.6285278234664354,1.00003,2.00003,0.1833,30.0833,-1.0,30.0,1.0045250154061929,0.2075811431574655,0.0028174773937109585,289.6514087980789,2.0,0.00014184956113330217,294.162943189688,291.44594831768336,291.35341508622946,292.27388499542553,291.84389562313606,0.5276409629487236,0.12554852503067487,0.27790534832261254,0.6488633378605422,82580.30972155924,292.982263581071,0.5685461192450079,-0.6718391586816254,1004.5250154061929,-15.011310172863288,996.4569056421408,956.4670884436008,0.06727111133879231,0.6520727541818467,0.16821343973339886,0.07326793360901687
Kasese,2047-05-01,10529.614022288868,0.7753857004940362,19.0,0.02,1.0,0.4747932253015317,1.00003,2.00003,0.1833,30.0833,-1.0,30.0,4.748775218892416,1.349625019034615,0.0040299521601023115,288.81908259290066,2.0,0.00039750984512189596,295.06922156982915,291.78180810274705,291.8356987798251,292.2972605417838,292.2422055045658,0.1384575047936164,0.11868200765983003,0.0334406066435077,0.3706134488657207,82778.35791534698,292.935158593008,-0.28419677220619444,-0.19628081402565598,4748.775218892416,-40.5287754908422,4761.513656065907,4726.88398253216,0.3443345603381041,0.6491743187111735,0.452658484587085,0.24472654166986602
Kasese,2047-06-01,10529.614022288868,0.8404822566133653,19.0,0.02,1.0,0.4054951606087446,1.00003,2.00003,0.1833,30.0833,-1.0,30.0,1.0836235275238606,0.3177922893744449,0.004026241421033496,289.74195082925866,2.0,0.0005394731984331857,292.74180742942383,289.93818054487974,290.1886468118217,290.1269808607651,290.9154238653752,0.1448547080876983,0.49323247546649035,0.2735111641998848,0.16042981576510737,82969.10198206641,291.8187373801473,0.06761421250997666,-0.6819745929281607,1083.6235275238605,12.909608838398572,1087.0541657857239,1111.0440471408378,0.07793948635377672,0.711921130081643,0.19824852136205065,0.06480720971789676
Kasese,2047-07-01,10529.614022288868,0.8735007856846748,19.0,0.02,1.0,0.3298686313867294,1.00003,2.00003,0.1833,30.0833,-1.0,30.0,3.0185363567287418,0.5215383229544829,0.004332095021258872,288.9595216823164,2.0,0.0004446340785401786,293.90219855590937,290.8944933670359,291.1189393082606,291.61112501317734,291.5057919499694,0.24427021699725332,0.2099824005366772,0.4353184572693755,0.2497540757923932,82936.49964607556,292.3156925739953,-0.10342431180470343,-0.6334228694054621,3018.536356728742,68.5800917553094,3035.0430275926424,3013.2121340763724,0.1992188237030749,0.7882247379454311,0.23574271354837337,0.16290447400736985
Kasese,2047-08-01,10529.614022288868,0.518432546427636,19.0,0.02,1.0,0.11435445669532902,1.00003,2.00003,0.1833,30.0833,-1.0,30.0,0.838158517023898,0.15471998859279487,0.005008448757990754,288.61819066659996,2.0,0.0002799566581551272,293.39341524917614,289.47372067155584,290.01784228935014,289.5800647653411,290.1525252221684,0.14740722325020186,0.3237252746092015,0.3872368581165649,0.18342084310736215,82664.65855526309,290.99038681237266,0.2404117389483935,0.8927618677403956,838.158517023898,-49.70919001412894,806.0702282074816,789.8599351004315,0.05471308003249284,0.7234731408617529,0.14052402667659003,0.07120868600908808
Kasese,2047-09-01,10529.614022288868,0.44430703866615756,19.0,0.02,1.0,0.5411572187971401,1.00003,2.00003,0.1833,30.0833,-1.0,30.0,1.1747166607461654,0.3123464474753984,0.004037786676196955,287.8550353909662,2.0,0.000181241904465977,292.5994681170657,289.8719129064103,289.9282925629583,290.10923915400764,290.0486977174178,0.32896236256863015,0.10580298946615306,0.12683528751945258,0.31496617048280384,83019.44432492471,291.1300153539556,0.2790931682759311,0.19200227320933333,1174.7166607461654,-35.09715812555079,1178.9929320382266,1197.046866288042,0.08279642367513658,0.6972656467462656,0.20923326194530628,0.08864690559039311
Kasese,2047-10-01,10529.614022288868,0.8927655067725099,19.0,0.02,1.0,0.7494064470623664,1.00003,2.00003,0.1833,30.0833,-1.0,30.0,1.0095060946702463,0.24054509646943933,0.0036887796213939898,288.2735994237312,2.0,0.00035196966344138147,292.16209638633376,288.1978726553757,289.1373219964244,288.89276314690903,289.663228471423,0.18941907718763126,0.42938990458375126,0.2232643489738328,0.5791704056919482,82883.70509426133,290.1718948888909,-0.3189042969441762,0.14871233992205332,1009.5060946702463,-17.442417496298884,990.872569643323,997.9319672570113,0.0693737938380809,0.7306101733049333,0.19442336293649426,0.06672702990763289
Kasese,2047-11-01,10529.614022288868,0.646408984050765,19.0,0.02,1.0,0.19859614013899754,1.00003,2.00003,0.1833,30.0833,-1.0,30.0,0.18365834902682562,0.03710817427518019,0.004661347973362755,286.6387493041399,2.0,0.0005779152098490582,295.78170982163863,292.5018663309112,292.35693948981066,292.6345146697461,292.601323760909,0.16430699540195215,0.4063850329977668,0.03168028410586966,0.16187293796292995,82899.57588410265,293.6722760609315,0.05826670284915509,0.3628058857617066,183.65834902682562,3.153168307177863,169.6204533185993,224.2304790739422,0.01094147963751762,0.4230000289168106,0.08324605125415842,0.02305639196328509
Kasese,2047-12-01,10529.614022288868,0.47107008347518786,19.0,0.02,1.0,0.30174011188939104,1.00003,2.00003,0.1833,30.0833,-1.0,30.0,0.9634937484493182,0.11912728502468233,0.004234049541480342,285.7449292991787,2.0,0.00018839631475914495,293.14803998289716,290.1885883227907,290.9048741282884,291.12336676368,290.7020658148422,0.10087493175005788,0.41797482345774545,0.4827557174549753,0.2988628602438658,82789.90621529447,291.79169382683034,0.6296675991596947,0.8545374790523956,963.4937484493182,3.5543749253414276,940.856799068873,926.1237023666339,0.059846859575559505,0.7085782152528315,0.16152277123433395,0.08705066142388708
Kasese,2048-01-01,10529.614022288868,0.5941782431996275,19.0,0.02,1.0,0.15659443651397434,1.00003,2.00003,0.1833,30.0833,-1.0,30.0,1.4140090975917872,0.2916161680847339,0.0036576503432814967,289.3496673236897,2.0,0.00038452213452273533,295.64068956224605,291.64227849743065,292.4699990333027,292.30582708249574,292.5868849554108,0.35891004573413293,0.4761309408023563,0.31442084386320496,0.7001754718612392,82993.15824859719,293.298336246513,-0.5896128718871227,0.8351973653715574,1414.0090975917872,-42.334370928639984,1413.8141209463242,1403.3127952841367,0.0952140068310874,0.6622550771639096,0.2328549434902753,0.11641313428483567
Kasese,2048-02-01,10529.614022288868,0.4731198176852751,19.0,0.02,1.0,0.5382654911609813,1.00003,2.00003,0.1833,30.0833,-1.0,30.0,0.48231573446516596,0.10715846311469703,0.0056914424061406165,287.712965496407,2.0,0.0003114116608322606,292.37260778548057,289.95023816885544,289.8078053442344,290.15647723777016,290.45299095278546,0.4371701189580654,0.16108075716781628,0.5020633104856962,0.17468940484123646,83148.68104916724,291.3055455766362,0.3289767797157306,-0.45727183105516556,482.315734465166,38.427162160860256,441.99912444354885,444.2494531192887,0.03179476861752879,0.5756691122041232,0.10852950088324022,0.06180748716656266
Kasese,2048-03-01,10529.614022288868,0.7608843498835629,19.0,0.02,1.0,0.4386234191312495,1.00003,2.00003,0.1833,30.0833,-1.0,30.0,9.851327345493768,1.0593718352213781,0.004984083652753956,288.95883978933716,2.0,0.0007078350630086199,294.9035862793124,291.53769274224675,291.28988477369705,291.1527429806971,292.0971955491844,0.30057531505681545,0.06218362097025752,0.20138314621647224,0.3477653683198487,82899.52914081521,292.79778916548264,-0.6382180266673373,0.18382341076548978,9851.327345493768,-2.1658054048238196,9853.218568141818,9792.75521003089,0.6172159358483992,0.795445677999215,0.35639637094473126,0.511479718139972
Kasese,2048-04-01,10529.614022288868,0.41240679039003664,19.0,0.02,1.0,0.12499196608274109,1.00003,2.00003,0.1833,30.0833,-1.0,30.0,2.773469923698921,0.6716178528186104,0.003993511557337127,287.410678099579,2.0,0.00033404037575518176,297.1029964199896,293.97543029429363,294.348453647892,294.25502103028595,294.45089937672054,0.19804807176448658,0.32955392636684755,0.1277655148357779,0.2731267490503563,82860.65757293336,295.4875891687844,-0.6513567519560833,0.8480018194417567,2773.469923698921,7.403035333236227,2771.4715107069555,2755.3468095391145,0.19385072711408746,0.6355313853653503,0.22677498208058522,0.17321955248738632
Kasese,2048-05-01,10529.614022288868,0.7343201577989447,19.0,0.02,1.0,0.6529067459406727,1.00003,2.00003,0.1833,30.0833,-1.0,30.0,6.915280979433495,1.2816582663015368,0.0038149838940604876,287.45686839081634,2.0,0.00039650730752258947,295.8284275972158,293.61353907144706,293.5811321686597,293.4736120871672,293.9387854964799,0.10658111895424259,0.2481634665872009,0.4756191837328046,0.2662913182759017,82938.98219047485,294.71931589943074,-0.0768949965130668,-0.3149320585899328,6915.280979433495,-15.580492518977623,6933.744968144376,6928.650807670676,0.4633679895166257,0.5959652050961247,0.4397243548239994,0.36848430179850855
Kasese,2048-06-01,10529.614022288868,0.8120938734715667,19.0,0.02,1.0,0.13336086508035244,1.00003,2.00003,0.1833,30.0833,-1.0,30.0,4.676506718766411,0.5657316634818137,0.003388709123414819,285.6543107430451,2.0,0.00019624092525311081,296.25993184928996,293.3968269005407,292.79354466111914,292.86052413939615,293.2038242236053,0.29569701051323716,0.10081784164229304,0.1253357688515313,0.1748292899720087,83022.31894872196,294.168180837519,0.694148262400258,-0.4748165594278374,4676.506718766411,-17.70504761272748,4688.4727174250565,4603.716926881433,0.2958126499967138,0.5559741354305667,0.19779048843317965,0.23971344859287086
Kasese,2048-07-01,10529.614022288868,0.7671894158993466,19.0,0.02,1.0,0.266346832984884,1.00003,2.00003,0.1833,30.0833,-1.0,30.0,1.1569170342623827,0.26709092705122156,0.00540930800237513,286.6968748617495,2.0,0.00016811500302318523,295.7670316528173,292.1427530308057,292.31974535812526,292.09611751023476,292.3854460699134,0.35305435546993147,0.5009337886109153,0.1221527576448509,0.1617239304297624,82983.97346679891,293.5933736159116,-0.10935522986259152,0.18699027866109602,1156.9170342623827,-10.244591937306167,1165.7201594177873,1168.0693515439027,0.07914238545156073,0.7094988395422378,0.1478812275337427,0.07468148919202003
Kasese,2048-08-01,10529.614022288868,0.4039680727947929,19.0,0.02,1.0,0.16165088720914939,1.00003,2.00003,0.1833,30.0833,-1.0,30.0,0.9785516725109791,0.10473406046783468,0.004451790755658157,289.8233419124081,2.0,0.00029301691767780685,295.00245665638664,291.69095153649346,291.8794929934914,292.64929269598593,292.72100213735445,0.1589096180428669,0.31196491486133593,0.08166964537040065,0.4573930147068422,82798.78164188734,293.4045296536277,-0.556552868847222,0.5877130311734046,978.5516725109791,-7.6779894543824305,978.8018431629581,932.363068724609,0.05987220936817009,0.5494041984206165,0.0852945790843424,0.08452389141240672
Kasese,2048-09-01,10529.614022288868,0.6905512426145983,19.0,0.02,1.0,0.29901480603643094,1.00003,2.00003,0.1833,30.0833,-1.0,30.0,0.3867133474604435,0.09289279714364784,0.0033399954639805824,286.4163125699339,2.0,0.0003322072007726382,291.70582317607375,288.6706522921924,289.54041947336634,289.6086853282394,289.64569561530294,0.4059240457479767,0.21542523295625382,0.06527094750897539,0.03249788722490071,82795.94362531396,290.5683161694229,-0.7205041857738474,0.33515117733683886,386.7133474604435,42.34854259202795,389.57276819067425,338.53268105626086,0.02569683124339352,0.3373990528834312,0.11484555987456392,0.029541528697685848
Kasese,2048-10-01,10529.614022288868,0.36857250434437583,19.0,0.02,1.0,0.33416127159309766,1.00003,2.00003,0.1833,30.0833,-1.0,30.0,0.8667268691687542,0.1010843514127116,0.00468550912739638,286.5876247617091,2.0,0.00023307048287291994,292.3337128346376,289.42218818923897,289.4372352344231,289.9792114875534,289.70494706679295,0.40711605179833193,0.08473042236997785,0.27467761241430383,0.6364193117991211,83008.085524986,290.94360596010654,0.08668080497851682,0.36839518722183007,866.7268691687542,58.29959240172941,868.1412064663307,859.5932011454149,0.05330967385917807,0.6792254344977466,0.1611644448142179,0.09099032662011403
Kasese,2048-11-01,10529.614022288868,0.940329449659026,19.0,0.02,1.0,0.5622086443737792,1.00003,2.00003,0.1833,30.0833,-1.0,30.0,0.500563342539783,0.08030195135996247,0.0038170374609323215,280.3585167075425,2.0,0.0003989299313493205,289.8703719471226,286.93797948314074,287.87922069626745,286.9816595295898,288.30604785028396,0.6493427150516009,0.5787670719357718,0.5042577242801229,0.2734663789342524,82973.48394302075,288.53443152151397,-0.4399267216471757,0.14622179559751253,500.563342539783,7.511854861698743,513.1906900453798,520.6426266155923,0.03141281318713851,0.7312440710878123,0.16529317530681226,0.052806623795935065
Kasese,2048-12-01,10529.614022288868,0.7668753880321729,19.0,0.02,1.0,0.0910521339519281,1.00003,2.00003,0.1833,30.0833,-1.0,30.0,1.1778557484221452,0.28342190334451267,0.004537841073660781,284.34104766011217,2.0,0.0003412666062830545,292.335189565525,289.48643748250095,289.8335373585145,290.1543425893099,290.27521210387647,0.4916680908663574,0.029789881939066887,0.32496174328251454,0.3751967732619521,82692.02106638394,291.02118966758024,0.11273157722785253,0.962964907555283,1177.8557484221453,24.00285885581567,1195.3003836875544,1166.1777509697129,0.0813056083961015,0.4527837484858608,0.18282505042243719,0.07789512158232799
Kasese,2049-01-01,10529.614022288868,0.7821085604958219,19.0,0.02,1.0,0.4544081468152914,1.00003,2.00003,0.1833,30.0833,-1.0,30.0,0.9507920576065525,0.1963969037498154,0.004329812406685908,288.1971957311958,2.0,8.987533085373245e-05,293.0906155772973,289.2776225350549,290.16216069827914,290.1985398623688,290.4013151424643,0.6373637557110197,0.33615717242047605,0.5666707126800344,0.16401448891239226,82999.5720729205,291.29878248220143,-0.26729588441979135,-0.57614469599306,950.7920576065525,-37.180617688946626,933.7793424595567,949.3148720113336,0.06350347820549154,0.6942166100699833,0.15966142020010746,0.07768922384425302
Kasese,2049-02-01,10529.614022288868,0.3848251220140619,19.0,0.02,1.0,0.2671912424984532,1.00003,2.00003,0.1833,30.0833,-1.0,30.0,2.1601587332556846,0.4872140969405487,0.004277687147104037,286.8352100816938,2.0,0.00037662558445861606,294.7261146680184,290.65960377445333,290.2158867244872,291.250677167959,291.03734591456003,0.3865695213452351,0.279907646600061,0.24462333184059454,0.3222346659261589,83003.90173070045,291.7624302189093,-0.7978072645156746,0.4695057562213357,2160.1587332556846,13.405378037307067,2136.8233227905725,2156.2228220653465,0.1485912193083131,0.7714047832562362,0.2633420969887864,0.1514639162404379
Kasese,2049-03-01,10529.614022288868,0.9885908394846823,19.0,0.02,1.0,0.22432606960435986,1.00003,2.00003,0.1833,30.0833,-1.0,30.0,0.2864465057486899,0.04079993630529908,0.0028367182877317328,288.10597132399306,2.0,0.00034219787435781426,294.8330065965045,291.7625164485509,292.3594084553046,292.9677925489087,292.68771399289403,0.3122771029937251,0.1954097415577973,0.4406430406112921,0.32787147661786636,82916.45830950761,293.6374548409532,-0.011929914700088484,0.1661927140240467,286.4465057486899,-27.432906011713747,288.8406901180879,274.21677555248556,0.01708410614025626,0.6786477604160801,0.12920967671513428,0.020419429102548577
Kasese,2049-04-01,10529.614022288868,0.664270346822824,19.0,0.02,1.0,0.2109185145476504,1.00003,2.00003,0.1833,30.0833,-1.0,30.0,1.080258468182531,0.18355483155279434,0.0026155420461974836,292.5679468938541,2.0,0.0005105305287475113,296.30362169018684,292.98320603241933,292.97904231336935,293.1770212271989,293.69629504460096,0.13338462340066798,0.7105935518604913,0.45973407896233365,0.5497004985825258,83030.40565788171,294.45028741674133,-0.1832001622709503,-0.2933132822485686,1080.2584681825308,18.6250185066153,1061.790958051751,1106.696695995823,0.07021519885643775,0.7030193578914018,0.15122654675940006,0.09525857548704116
Kasese,2049-05-01,10529.614022288868,0.6816793880680736,19.0,0.02,1.0,0.260407923168293,1.00003,2.00003,0.1833,30.0833,-1.0,30.0,2.4185659376042343,0.5430183848494402,0.00498791301088529,289.7173782046542,2.0,0.0004268478311347167,297.01964982234193,293.63299640098154,293.87875752879575,294.23502579824924,294.66704724402,0.3768396119039958,0.5836901695492862,0.21005403144906912,0.4020093107722999,83000.95739899688,295.41208570609336,-0.9683937381477647,-0.4354357430972987,2418.5659376042345,-3.7846309686449864,2407.079152653482,2432.5545170531273,0.1663718316221263,0.8121220934235098,0.24632191174590223,0.15511590762515307
Kasese,2049-06-01,10529.614022288868,0.54304891803464,19.0,0.02,1.0,0.1081586529329112,1.00003,2.00003,0.1833,30.0833,-1.0,30.0,2.523667260653539,0.36768823266510714,0.004733641518268149,288.6199515116732,2.0,0.00016428604990898998,294.64477522072093,292.41374666871815,292.6101671423386,292.77101574071406,293.09712959585136,0.37737452103216845,0.5556001291748369,0.2857260736903336,0.13178192878998315,82982.68260006073,293.94011497613315,0.132261087238089,0.5230477075155743,2523.667260653539,-0.12149031959792747,2512.471290507077,2444.0658876480657,0.1624031379846723,0.8912913746315154,0.20921677944944875,0.16327327319743673
Kasese,2049-07-01,10529.614022288868,0.502507137971958,19.0,0.02,1.0,0.30232864153746414,1.00003,2.00003,0.1833,30.0833,-1.0,30.0,0.9458813972274248,0.24616994630646372,0.004557068466295076,288.9259453976019,2.0,0.0001811598544717272,295.5702053204491,292.4203608419375,292.6224679169588,291.9415595611574,292.8172430658303,0.3495111860023661,0.29156606170496463,0.4608991477700481,0.2560622680874991,82996.5264000586,293.91421829083896,0.36800862129165085,0.3823660105053764,945.8813972274248,-4.810504056995246,929.9196849152701,944.6273092298292,0.0660350146238618,0.8067396633232858,0.15208363774344824,0.08570036251076683
Kasese,2049-08-01,10529.614022288868,0.6143096398953549,19.0,0.02,1.0,0.2200034917967094,1.00003,2.00003,0.1833,30.0833,-1.0,30.0,0.36589354916189526,0.10828876078530904,0.00415518473804793,288.68220196554125,2.0,0.0002540290672303811,293.0693972110621,289.369437115337,289.60607954453286,290.3543027087849,290.09797359016534,0.5904434484395493,0.16864831992132795,0.5858730522513553,0.5030337865518968,82922.48024892957,290.9678669563393,-0.27793638777014745,-0.04009078571512187,365.89354916189524,-20.41142859615727,341.79003395518384,366.9135101420893,0.025342977279710945,0.6844569781622658,0.1384093077291952,0.06184041796295102
Kasese,2049-09-01,10529.614022288868,0.6751280304186175,19.0,0.02,1.0,0.31010672741481854,1.00003,2.00003,0.1833,30.0833,-1.0,30.0,1.827206246823579,0.44677204773749085,0.005331481826457523,286.8750464482675,2.0,0.00043802514406519714,294.92971570853996,291.79136601880674,291.1427598683987,291.9470927974151,292.0214849151178,0.1655467428164201,0.2639923611806685,0.5398389387140254,0.17736535186931146,82859.7687658816,293.4771727426701,0.6517231500529026,0.08403571948863033,1827.206246823579,-22.96322226587564,1820.9589828689811,1805.8333346905515,0.1273539188359226,0.8678403567822102,0.24533397676334653,0.11461337918121393
Kasese,2049-10-01,10529.614022288868,0.5533426712568524,19.0,0.02,1.0,0.5378215459473089,1.00003,2.00003,0.1833,30.0833,-1.0,30.0,0.7022376737960512,0.16343259500930482,0.0035670695265845086,287.6501597940478,2.0,7.55987025667977e-05,291.97549735347985,289.3588570660004,289.6087836972792,290.21696373554147,289.8055286068202,0.20454712922427787,0.33687882316822937,0.08655832261659992,0.2414583074887695,83017.18220344612,290.54134850192645,-0.004729238961458735,0.770857042323386,702.2376737960511,22.997633950513148,715.6586779178458,689.104194367896,0.04758005705533102,0.6916760699047173,0.12291853533531182,0.057783491206096736
Kasese,2049-11-01,10529.614022288868,0.6916636409942881,19.0,0.02,1.0,0.28933484305634205,1.00003,2.00003,0.1833,30.0833,-1.0,30.0,0.2126032796226404,0.058310698261415286,0.002509846553616293,285.04843280432976,2.0,0.00025187648026658887,293.0028312081491,290.144250890374,289.43282246009176,289.94837815705677,290.24842624856825,0.29799286330219327,0.18420522708915188,0.5709784566660344,0.19107192642788334,83072.78751797775,291.2180666881413,0.1614493430845705,0.415098645237842,212.6032796226404,6.93701330860111,221.5339891205851,183.88766168056395,0.013907679652535873,0.8278365218639966,0.1439393411679031,0.03397207639420123
Kasese,2049-12-01,10529.614022288868,0.6789263624212997,19.0,0.02,1.0,0.3968961660888916,1.00003,2.00003,0.1833,30.0833,-1.0,30.0,0.4818089856597306,0.1016542296518512,0.004429422060319137,284.3291087305567,2.0,0.000215819236267701,292.2411586402635,288.88955956621686,288.8857919956414,289.61006023300087,289.3225906604887,0.451817015314898,0.09046398681161516,0.3230820573168498,0.21596737150231687,82815.04161094716,290.13256652383274,-0.015253333120328744,-0.6640142785157302,481.80898565973064,-13.710728102966662,495.46942103587435,466.9899726348113,0.031525425364764104,0.7896999018243807,0.09595098826763908,0.04429735151536382
Kasese,2050-01-01,10529.614022288868,0.7974891941236569,19.0,0.02,1.0,0.6128571077578621,1.00003,2.00003,0.1833,30.0833,-1.0,30.0,0.5938751581074607,0.09821870965646214,0.003407487403969894,286.714054613793,2.0,8.863499924493851e-05,293.3833786227488,289.6182592856188,290.6366887832696,290.731545090805,290.74847874598714,0.292969591941151,0.4315725720518516,0.1557944732034916,0.17707105516324112,82871.76853754985,291.53513796782806,0.10864525486233778,-0.373646760538276,593.8751581074607,33.462573186986795,597.121250879653,553.2129375518678,0.03774450754907034,0.5146072509502029,0.12674662300925366,0.042152742586020135
Kasese,2050-02-01,10529.614022288868,0.47378138647793744,19.0,0.02,1.0,0.4161298952908465,1.00003,2.00003,0.1833,30.0833,-1.0,30.0,0.9422103769488553,0.10756354957374285,0.003928120151663706,288.2428447051653,2.0,0.00048570652703969696,294.66795964181244,292.40246483180744,291.77964767198006,292.0189080832653,292.5409977369455,0.3435936773280042,0.1633322510963537,0.47899725820670874,0.28397236313772695,82999.9972830643,292.91369349382916,0.44904034628905176,-0.13485515551235513,942.2103769488554,7.023781221449886,973.6091768302772,905.0256590200277,0.05800124641707559,0.8280225639247268,0.13273898322862968,0.08502542411800844
Kasese,2050-03-01,10529.614022288868,0.7375720945156332,19.0,0.02,1.0,0.46924605169264244,1.00003,2.00003,0.1833,30.0833,-1.0,30.0,3.347381738185499,0.6544485033288303,0.004042231437257228,290.1590016069534,2.0,5.2166054017409416e-05,296.49297797549525,293.1819842954726,294.2771173482227,293.82623190047224,293.99308117823466,0.4049104610287016,0.45812471078314865,0.47064234487701806,0.22700606639598817,82953.1632086582,294.9822456411952,-0.12548059631460373,-0.024276109345514236,3347.3817381854988,-0.9036995426378498,3347.407896131661,3333.1141602115817,0.22542430183457585,0.6212337464271626,0.26994485735280654,0.1986375703896373
Kasese,2050-04-01,10529.614022288868,0.8672922125311725,19.0,0.02,1.0,0.457146260669258,1.00003,2.00003,0.1833,30.0833,-1.0,30.0,1.9398501299278956,0.25841943418937,0.005435915350705414,290.0087628703233,2.0,0.00024918198793085416,297.2703606951735,294.12290773001587,294.207925629375,294.1691509077968,294.2991366996263,0.4104516014698312,0.6876094875563051,0.08407869973248694,0.19903373557187942,82953.13502754447,295.4463822971609,0.4617612996009757,0.7123821959864517,1939.8501299278955,6.390234152845641,1954.102776267729,1978.2128137339419,0.12305408141482965,0.9084921515937605,0.22036539169861824,0.1145758441948457
Kasese,2050-05-01,10529.614022288868,0.8025312372477629,19.0,0.02,1.0,0.3500048205111108,1.00003,2.00003,0.1833,30.0833,-1.0,30.0,3.544961407756382,0.7926986297470106,0.004814230809875378,288.5076878587068,2.0,0.00028232033162130867,298.9513364729774,295.3605147253661,295.9066765328301,296.16309619519626,295.58694495106533,0.15164959084735743,0.14771524621800441,0.25151848524455445,0.10970661592338352,82917.30224469342,296.7642282021314,-0.4512474540289457,0.30843646229234983,3544.961407756382,20.365587623718415,3550.301023572269,3530.80568130734,0.2444275194384137,0.7059791954244513,0.2871706904410746,0.18183397391881684
Kasese,2050-06-01,10529.614022288868,0.6299606426249493,19.0,0.02,1.0,0.21058413439935939,1.00003,2.00003,0.1833,30.0833,-1.0,30.0,5.663688138757517,0.623688263346642,0.004717390606637718,289.14360569729547,2.0,0.0005042493280422056,297.0132339085383,293.6677684513347,294.7879196982788,294.45036621658437,294.5818211950143,0.29736161786245624,0.21219025151536405,0.5935775524676434,0.12590128623017074,82718.21521416701,295.48075581303317,0.6274644149575257,-0.9155580458002217,5663.688138757517,11.511662612029447,5640.709591768194,5644.640164056633,0.3550135884447199,0.6429290553052484,0.2617067742698133,0.3145685863237108
Kasese,2050-07-01,10529.614022288868,0.41816179227506417,19.0,0.02,1.0,0.1620296528678946,1.00003,2.00003,0.1833,30.0833,-1.0,30.0,10.597947956639718,1.894507228118469,0.004329237138865849,288.8388563680593,2.0,0.0002927812079613712,294.2815471291,291.21575363000403,291.75695569773694,291.9720184893552,292.2118305798022,0.17048186877961377,0.6392831366475777,0.04439731154621365,0.33936779724045535,82910.06660385743,292.79506863795893,1.096657478443988,1.3093644104343267,10597.947956639719,-26.24305464764906,10607.712291706379,10602.782978539408,0.7069643256351053,0.7396493521860994,0.5488277249251083,0.5775257747648526
Kasese,2050-08-01,10529.614022288868,0.7849572924577685,19.0,0.02,1.0,0.053597379679796484,1.00003,2.00003,0.1833,30.0833,-1.0,30.0,2.0679110449146885,0.5645838436305726,0.0040341146536773615,287.4923636536277,2.0,0.0006192089590697232,293.1009212125883,289.54687884186075,290.2915292816436,290.07853208573295,290.5115096214665,0.3190945834602299,0.24081912848996226,0.05208460005960308,0.5884966134873126,82910.29306484788,291.2327577788822,-0.11446348617246621,-0.6220523157144208,2067.9110449146883,-4.97933018802493,2041.3882435018531,2065.3790117833455,0.1477612129499949,0.509659182839207,0.24546177289139837,0.12151882330390221
Kasese,2050-09-01,10529.614022288868,0.5110696132188867,19.0,0.02,1.0,0.22807996488321888,1.00003,2.00003,0.1833,30.0833,-1.0,30.0,0.33202852757467066,0.08056600726258774,0.004158999476491758,286.85788014058204,2.0,0.00020544276206903373,293.2257633008068,290.55152908799505,290.5431278322959,290.6633432995586,291.2111974121902,0.4254292793674084,0.15361949921667195,0.137646368752197,0.10808369282536165,82999.77797620099,291.7643544743267,-0.2619914809251285,0.0051932026360567195,332.02852757467065,22.948459066794516,313.7590993441263,366.08798403199216,0.021849734035486023,0.8100218082215527,0.10928333946980676,0.04040038433539248
Kasese,2050-10-01,10529.614022288868,0.8559754876448978,19.0,0.02,1.0,0.3437351968511154,1.00003,2.00003,0.1833,30.0833,-1.0,30.0,1.032246191011259,0.18550002151905606,0.004272671623294287,283.37694989421965,2.0,0.00010407554352400763,291.84497372613237,288.19773474643637,288.7570637746834,288.8435859172071,289.0564697555023,0.1445767932507388,0.23794627020301728,0.3221992565013015,0.12951649968032988,82881.7194098088,290.1901371470955,0.04270964402394717,0.510563143866654,1032.246191011259,1.0991949000186751,1029.58959250319,961.347844317433,0.06750846083797792,0.547452917052961,0.1351610806949406,0.05520243234253877
Kasese,2050-11-01,10529.614022288868,0.23479721134100134,19.0,0.02,1.0,0.5053612509516021,1.00003,2.00003,0.1833,30.0833,-1.0,30.0,0.5067057501832616,0.058839949488098904,0.0038750293631186865,285.0608146534027,2.0,0.00030740581455412626,292.6260080968763,289.18433551279526,289.3382552553578,289.819469329761,289.67471394488916,0.5299489296380796,0.12987181856174648,0.07700311526120243,0.0450829186233411,82725.76068329818,290.60582166298974,0.29003676485000696,-0.27461670734036325,506.70575018326156,-28.168090499727384,495.0967188998855,542.2752075871817,0.030540654358387168,0.48397339603996287,0.07032199364963564,0.06505353297678733
Kasese,2050-12-01,10529.614022288868,0.911459569387362,19.0,0.02,1.0,0.28919373399803056,1.00003,2.00003,0.1833,30.0833,-1.0,30.0,1.2957585856150957,0.31091595479160755,0.004504854901234092,284.75944522829735,2.0,0.00031402905787197117,291.01719315347475,287.39528782616816,287.5317609993116,287.9000097760253,288.65747924181994,0.4998251788931525,0.05360223716651734,0.2737700023496465,0.06404534872623803,82923.81505041836,289.21357912426237,-0.47928474495730927,-0.04340077320538615,1295.7585856150956,10.568563875214812,1278.4683130803182,1372.9094712027445,0.08955384373062787,0.7173905078588578,0.16541272780898725,0.06666697616939489
