city,datetime,target_latitude,target_longitude,grid_latitude,grid_longitude,dewpoint_temperature_2m,evaporation,experiment_version,geopotential_height,high_vegetation_cover,high_vegetation_type,lake_cover,land_sea_mask,low_vegetation_cover,low_vegetation_type,runoff,skin_reservoir_content,skin_temperature,soil_temperature_level1,soil_temperature_level2,soil_temperature_level3,soil_temperature_level4,soil_type,soil_volume_water_content_level1,soil_volume_water_content_level2,soil_volume_water_content_level3,soil_volume_water_content_level4,surface_pressure,temperature_2m,total_precipitation,u_component_wind_10m,v_component_wind_10m
Kampala,1981-01-01,0.3152,32.5816,0.30000000000000104,32.60000000000005,291.43286,-0.003914899,0001,11573.29113153154,0.49881738971205347,19.0,0.0720095219202539,0.9279904780797461,0.5011826102879465,1.0000305189751728,0.0009862557,0.00010704994,294.75244,295.28784,295.22583,295.0005,294.729,3.000045778462759,0.36865234,0.36383057,0.36505127,0.3947754,88194.56,294.55518,0.0033457603,0.39601803,1.3032494
Kampala,1981-02-01,0.3152,32.5816,0.30000000000000104,32.60000000000005,291.458,-0.004061427,0001,11573.29113153154,0.49881738971205347,19.0,0.0720095219202539,0.9279904780797461,0.5011826102879465,1.0000305189751728,0.000713557,8.395314e-05,295.29102,295.81934,295.69995,295.42065,294.9817,3.000045778462759,0.353714,0.3486328,0.3385315,0.38381958,88122.56,294.9878,0.0032622805,0.19211483,1.1919355
Kampala,1981-03-01,0.3152,32.5816,0.30000000000000104,32.60000000000005,291.75537,-0.003518308,0001,11573.29113153154,0.49881738971205347,19.0,0.0720095219202539,0.9279904780797461,0.5011826102879465,1.0000305189751728,0.0011021867,0.00020851195,294.68433,295.28296,295.34326,295.45166,295.2461,3.000045778462759,0.39126587,0.3842926,0.35772705,0.37571716,88161.44,294.43018,0.0064124027,0.3963461,0.5717087
Kampala,1981-04-01,0.3152,32.5816,0.30000000000000104,32.60000000000005,292.10913,-0.0037534595,0001,11573.29113153154,0.49881738971205347,19.0,0.0720095219202539,0.9279904780797461,0.5011826102879465,1.0000305189751728,0.0015618652,0.00023457408,294.75098,295.28467,295.26587,295.19873,295.21826,3.000045778462759,0.41152954,0.41209412,0.40849304,0.38731384,88202.94,294.55493,0.0066135423,-0.19187164,1.4572229
Kampala,1981-05-01,0.3152,32.5816,0.30000000000000104,32.60000000000005,291.55542,-0.003686078,0001,11573.29113153154,0.49881738971205347,19.0,0.0720095219202539,0.9279904780797461,0.5011826102879465,1.0000305189751728,0.0026594698,0.00020009279,294.1919,294.75415,294.79053,294.92334,295.14648,3.000045778462759,0.4077301,0.4099884,0.41394043,0.40852356,88282.875,294.17236,0.0060349647,0.117572784,1.8527851
Kampala,1981-06-01,0.3152,32.5816,0.30000000000000104,32.60000000000005,290.8877,-0.0036539724,0001,11573.29113153154,0.49881738971205347,19.0,0.0720095219202539,0.9279904780797461,0.5011826102879465,1.0000305189751728,0.0015328303,0.000104784966,294.07642,294.67114,294.7207,294.85156,295.02563,3.000045778462759,0.366745,0.36558533,0.37521362,0.40618896,88385.81,294.05444,0.0028060726,-0.028264046,1.4169846
Kampala,1981-07-01,0.3152,32.5816,0.30000000000000104,32.60000000000005,290.84644,-0.0032077665,0001,11573.29113153154,0.49881738971205347,19.0,0.0720095219202539,0.9279904780797461,0.5011826102879465,1.0000305189751728,0.0010380596,0.00012680888,293.55786,294.1355,294.2124,294.44775,294.85376,3.000045778462759,0.3820343,0.37609863,0.3556671,0.3926239,88357.75,293.24268,0.0040334617,-0.094257355,0.0952816
Kampala,1981-08-01,0.3152,32.5816,0.30000000000000104,32.60000000000005,291.17334,-0.0033806963,0001,11573.29113153154,0.49881738971205347,19.0,0.0720095219202539,0.9279904780797461,0.5011826102879465,1.0000305189751728,0.00081557035,0.00014741719,293.85522,294.40918,294.42114,294.45752,294.64648,3.000045778462759,0.38427734,0.38093567,0.36941528,0.38510132,88302.81,293.4922,0.0040083257,0.014577866,-0.051829338
Kampala,1981-09-01,0.3152,32.5816,0.30000000000000104,32.60000000000005,291.38892,-0.003433681,0001,11573.29113153154,0.49881738971205347,19.0,0.0720095219202539,0.9279904780797461,0.5011826102879465,1.0000305189751728,0.0012191683,0.00016923249,293.90845,294.44092,294.43237,294.4082,294.51733,3.000045778462759,0.40350342,0.4030304,0.39427185,0.38502502,88286.625,293.4463,0.0053943424,0.028658867,-0.3215418
Kampala,1981-10-01,0.3152,32.5816,0.30000000000000104,32.60000000000005,291.80347,-0.003568001,0001,11573.29113153154,0.49881738971205347,19.0,0.0720095219202539,0.9279904780797461,0.5011826102879465,1.0000305189751728,0.0019252971,0.00020484626,294.31982,294.82227,294.80542,294.76392,294.58276,3.000045778462759,0.41029358,0.4114685,0.4084015,0.39468384,88208.31,294.0359,0.0065833163,0.35059834,0.39776134
Kampala,1981-11-01,0.3152,32.5816,0.30000000000000104,32.60000000000005,291.71387,-0.0036379471,0001,11573.29113153154,0.49881738971205347,19.0,0.0720095219202539,0.9279904780797461,0.5011826102879465,1.0000305189751728,0.0020025223,0.00018557906,294.46094,294.9751,294.937,294.81665,294.6687,3.000045778462759,0.40447998,0.40585327,0.40740967,0.4068451,88187.94,293.9629,0.0047660894,0.3194933,-0.3853159
Kampala,1981-12-01,0.3152,32.5816,0.30000000000000104,32.60000000000005,291.46875,-0.0036476208,0001,11573.29113153154,0.49881738971205347,19.0,0.0720095219202539,0.9279904780797461,0.5011826102879465,1.0000305189751728,0.0018688962,0.00016243756,294.1831,294.72217,294.73267,294.7583,294.74,3.000045778462759,0.39979553,0.39945984,0.39711,0.4037323,88211.125,294.0454,0.0052048927,0.2790041,0.9051657
Kampala,1982-01-01,0.3152,32.5816,0.30000000000000104,32.60000000000005,291.5183,-0.003617228,0001,11573.29113153154,0.49881738971205347,19.0,0.0720095219202539,0.9279904780797461,0.5011826102879465,1.0000305189751728,0.0019379407,0.00015242398,294.32764,294.8462,294.8235,294.75195,294.72607,3.000045778462759,0.4006958,0.4010315,0.4006195,0.40371704,88146.875,294.0713,0.0050178515,0.40642452,0.7833433
Kampala,1982-02-01,0.3152,32.5816,0.30000000000000104,32.60000000000005,291.02612,-0.0042574825,0001,11573.29113153154,0.49881738971205347,19.0,0.0720095219202539,0.9279904780797461,0.5011826102879465,1.0000305189751728,0.0013695434,0.00010302663,295.16357,295.68994,295.58032,295.2788,294.854,3.000045778462759,0.37879944,0.37953186,0.38308716,0.39900208,88109.94,295.0027,0.0038064409,0.059036255,0.4826479
Kampala,1982-03-01,0.3152,32.5816,0.30000000000000104,32.60000000000005,291.9956,-0.00409438,0001,11573.29113153154,0.49881738971205347,19.0,0.0720095219202539,0.9279904780797461,0.5011826102879465,1.0000305189751728,0.001147233,0.00011315942,295.31616,295.89917,295.84644,295.6211,295.14453,3.000045778462759,0.38041687,0.37835693,0.3777008,0.3920288,88110.44,295.00317,0.004457317,0.49585056,1.3077011
Kampala,1982-04-01,0.3152,32.5816,0.30000000000000104,32.60000000000005,291.91675,-0.0034277965,0001,11573.29113153154,0.49881738971205347,19.0,0.0720095219202539,0.9279904780797461,0.5011826102879465,1.0000305189751728,0.0013832077,0.00020375848,294.36572,294.93335,295.011,295.25586,295.33472,3.000045778462759,0.40411377,0.4019165,0.3859558,0.38809204,88200.94,294.30884,0.0063028373,0.015675545,1.2837868
Kampala,1982-05-01,0.3152,32.5816,0.30000000000000104,32.60000000000005,291.73315,-0.0031622536,0001,11573.29113153154,0.49881738971205347,19.0,0.0720095219202539,0.9279904780797461,0.5011826102879465,1.0000305189751728,0.003121771,0.00025215745,293.9275,294.45215,294.53223,294.7378,295.14087,3.000045778462759,0.41500854,0.4165802,0.41726685,0.4083252,88281.19,293.84985,0.007795022,0.051530838,1.425128
Kampala,1982-06-01,0.3152,32.5816,0.30000000000000104,32.60000000000005,291.3208,-0.0034533134,0001,11573.29113153154,0.49881738971205347,19.0,0.0720095219202539,0.9279904780797461,0.5011826102879465,1.0000305189751728,0.0026222616,0.00015348196,293.86548,294.40796,294.4629,294.62646,294.9087,3.000045778462759,0.40382385,0.40444946,0.40290833,0.41412354,88421.81,293.74512,0.004693498,-0.066794395,1.0221663
Kampala,1982-07-01,0.3152,32.5816,0.30000000000000104,32.60000000000005,290.65918,-0.003550822,0001,11573.29113153154,0.49881738971205347,19.0,0.0720095219202539,0.9279904780797461,0.5011826102879465,1.0000305189751728,0.0016407967,0.0001256764,293.54712,294.10693,294.1411,294.26758,294.66235,3.000045778462759,0.39808655,0.3971405,0.39112854,0.405838,88371.875,293.385,0.0042120917,-0.19645119,0.9339628
Kampala,1982-08-01,0.3152,32.5816,0.30000000000000104,32.60000000000005,290.7744,-0.0034730062,0001,11573.29113153154,0.49881738971205347,19.0,0.0720095219202539,0.9279904780797461,0.5011826102879465,1.0000305189751728,0.0012920722,0.00013035536,293.56958,294.15063,294.17798,294.2517,294.47095,3.000045778462759,0.3928833,0.39152527,0.38703918,0.3996277,88361.94,293.2732,0.0037825205,-0.24473,0.18844604
Kampala,1982-09-01,0.3152,32.5816,0.30000000000000104,32.60000000000005,291.45142,-0.0036947895,0001,11573.29113153154,0.49881738971205347,19.0,0.0720095219202539,0.9279904780797461,0.5011826102879465,1.0000305189751728,0.0011633784,0.000169456,294.20288,294.7439,294.7273,294.64453,294.46387,3.000045778462759,0.39326477,0.38987732,0.37702942,0.393219,88298.56,293.8894,0.004700641,-0.04349518,0.05051422
Kampala,1982-10-01,0.3152,32.5816,0.30000000000000104,32.60000000000005,291.3479,-0.0034058206,0001,11573.29113153154,0.49881738971205347,19.0,0.0720095219202539,0.9279904780797461,0.5011826102879465,1.0000305189751728,0.0013761371,0.00020426512,293.84912,294.3662,294.3872,294.44238,294.5078,3.000045778462759,0.405365,0.40454102,0.39907837,0.3922577,88212.44,293.39624,0.0052017327,0.28580666,-0.29851532
Kampala,1982-11-01,0.3152,32.5816,0.30000000000000104,32.60000000000005,291.5105,-0.0034710658,0001,11573.29113153154,0.49881738971205347,19.0,0.0720095219202539,0.9279904780797461,0.5011826102879465,1.0000305189751728,0.0020274147,0.00031155348,293.94385,294.4829,294.50146,294.53198,294.48975,3.000045778462759,0.4145813,0.41496277,0.41210938,0.40278625,88227.44,293.46533,0.0069376426,0.11994457,-0.6396923
Kampala,1982-12-01,0.3152,32.5816,0.30000000000000104,32.60000000000005,291.54346,-0.00371275,0001,11573.29113153154,0.49881738971205347,19.0,0.0720095219202539,0.9279904780797461,0.5011826102879465,1.0000305189751728,0.0023740977,0.00019365549,294.4253,294.8933,294.80518,294.5901,294.48535,3.000045778462759,0.39183044,0.3934784,0.40127563,0.41397095,88234.44,294.16406,0.0033571254,-0.0024614334,-0.11686993
Kampala,1983-01-01,0.3152,32.5816,0.30000000000000104,32.60000000000005,291.21118,-0.0038769124,0001,11573.29113153154,0.49881738971205347,19.0,0.0720095219202539,0.9279904780797461,0.5011826102879465,1.0000305189751728,0.001240246,0.00012035668,295.114,295.58496,295.48364,295.16455,294.69067,3.000045778462759,0.3571167,0.3554077,0.3590393,0.4000702,88274.125,295.0083,0.003104825,-0.36137676,0.09067631
Kampala,1983-02-01,0.3152,32.5816,0.30000000000000104,32.60000000000005,292.21313,-0.0039460296,0001,11573.29113153154,0.49881738971205347,19.0,0.0720095219202539,0.9279904780797461,0.5011826102879465,1.0000305189751728,0.00070203096,8.8095665e-05,295.92285,296.3562,296.18994,295.77588,295.08032,3.000045778462759,0.3478241,0.33836365,0.3313141,0.38635254,88204.0,295.7417,0.003048378,-0.10022354,1.0865049
Kampala,1983-03-01,0.3152,32.5816,0.30000000000000104,32.60000000000005,292.73413,-0.0037056282,0001,11573.29113153154,0.49881738971205347,19.0,0.0720095219202539,0.9279904780797461,0.5011826102879465,1.0000305189751728,0.0006919876,0.00012125075,295.7788,296.28638,296.26074,296.07837,295.50244,3.000045778462759,0.37660217,0.3661499,0.337265,0.3756256,88191.625,295.63135,0.004791754,0.32328796,1.5955067
Kampala,1983-04-01,0.3152,32.5816,0.30000000000000104,32.60000000000005,292.43164,-0.0035774438,0001,11573.29113153154,0.49881738971205347,19.0,0.0720095219202539,0.9279904780797461,0.5011826102879465,1.0000305189751728,0.001025103,0.00016199052,295.06714,295.61816,295.66162,295.75244,295.68213,3.000045778462759,0.40374756,0.40264893,0.38467407,0.37402344,88219.81,294.93042,0.0058708973,0.16632652,1.6629505
Kampala,1983-05-01,0.3152,32.5816,0.30000000000000104,32.60000000000005,292.2666,-0.0035293726,0001,11573.29113153154,0.49881738971205347,19.0,0.0720095219202539,0.9279904780797461,0.5011826102879465,1.0000305189751728,0.0023607612,0.00019821525,294.7832,295.323,295.3567,295.44336,295.62305,3.000045778462759,0.4091339,0.41036987,0.41012573,0.39237976,88241.69,294.62793,0.007032023,-0.09618187,1.6614628
Kampala,1983-06-01,0.3152,32.5816,0.30000000000000104,32.60000000000005,291.72998,-0.0034088865,0001,11573.29113153154,0.49881738971205347,19.0,0.0720095219202539,0.9279904780797461,0.5011826102879465,1.0000305189751728,0.0016752034,0.00015901029,294.32202,294.90308,294.99536,295.22778,295.4978,3.000045778462759,0.40319824,0.40385437,0.4016571,0.40055847,88341.5,294.10693,0.0049644625,0.047263145,0.7248049
Kampala,1983-07-01,0.3152,32.5816,0.30000000000000104,32.60000000000005,290.82007,-0.0035211816,0001,11573.29113153154,0.49881738971205347,19.0,0.0720095219202539,0.9279904780797461,0.5011826102879465,1.0000305189751728,0.0013312548,0.00012949109,293.88135,294.47046,294.5293,294.73853,295.21875,3.000045778462759,0.38154602,0.37919617,0.3848877,0.3986969,88348.44,293.70435,0.0032339396,-0.061131477,0.7276983
Kampala,1983-08-01,0.3152,32.5816,0.30000000000000104,32.60000000000005,291.3269,-0.0033853846,0001,11573.29113153154,0.49881738971205347,19.0,0.0720095219202539,0.9279904780797461,0.5011826102879465,1.0000305189751728,0.0010299832,0.00015996397,293.97168,294.5315,294.55786,294.66577,294.97266,3.000045778462759,0.39268494,0.39031982,0.37748718,0.39164734,88398.06,293.61548,0.0041223136,-0.011954308,-0.3372879
Kampala,1983-09-01,0.3152,32.5816,0.30000000000000104,32.60000000000005,291.54272,-0.00356959,0001,11573.29113153154,0.49881738971205347,19.0,0.0720095219202539,0.9279904780797461,0.5011826102879465,1.0000305189751728,0.0009058118,0.00014783442,294.23145,294.8025,294.79785,294.78784,294.84448,3.000045778462759,0.39404297,0.39149475,0.38082886,0.38737488,88306.19,293.78296,0.004192576,-0.09680271,-0.33959198
Kampala,1983-10-01,0.3152,32.5816,0.30000000000000104,32.60000000000005,291.65967,-0.0034559518,0001,11573.29113153154,0.49881738971205347,19.0,0.0720095219202539,0.9279904780797461,0.5011826102879465,1.0000305189751728,0.0014388636,0.000252828,294.0625,294.6162,294.63818,294.7058,294.81982,3.000045778462759,0.412323,0.4128723,0.40644836,0.39224243,88262.19,293.55957,0.006050407,0.26086235,-0.2562847
Kampala,1983-11-01,0.3152,32.5816,0.30000000000000104,32.60000000000005,291.6621,-0.0032274192,0001,11573.29113153154,0.49881738971205347,19.0,0.0720095219202539,0.9279904780797461,0.5011826102879465,1.0000305189751728,0.0023505166,0.00020687282,293.9519,294.49683,294.54858,294.6609,294.75195,3.000045778462759,0.4112854,0.41246033,0.41209412,0.40612793,88336.625,293.5432,0.00632357,0.29891396,-0.299675
Kampala,1983-12-01,0.3152,32.5816,0.30000000000000104,32.60000000000005,290.60303,-0.0037367223,0001,11573.29113153154,0.49881738971205347,19.0,0.0720095219202539,0.9279904780797461,0.5011826102879465,1.0000305189751728,0.0023007318,0.00016756356,293.85083,294.38672,294.3933,294.43726,294.63403,3.000045778462759,0.40045166,0.40377808,0.4103546,0.41288757,88255.0,293.6599,0.004249111,0.4115038,0.09837341
Kampala,1984-01-01,0.3152,32.5816,0.30000000000000104,32.60000000000005,290.31396,-0.003999764,0001,11573.29113153154,0.49881738971205347,19.0,0.0720095219202539,0.9279904780797461,0.5011826102879465,1.0000305189751728,0.0014129132,0.000107854605,294.34253,294.90112,294.84814,294.68457,294.59033,3.000045778462759,0.3597412,0.35714722,0.3653717,0.40275574,88123.75,294.16406,0.003526254,0.19331455,0.4728632
Kampala,1984-02-01,0.3152,32.5816,0.30000000000000104,32.60000000000005,291.36108,-0.00420863,0001,11573.29113153154,0.49881738971205347,19.0,0.0720095219202539,0.9279904780797461,0.5011826102879465,1.0000305189751728,0.0008653924,0.00010110438,294.7517,295.36426,295.32324,295.14844,294.73853,3.000045778462759,0.3717041,0.36372375,0.3497162,0.39001465,88015.94,294.656,0.0041140146,0.21181488,1.7568884
Kampala,1984-03-01,0.3152,32.5816,0.30000000000000104,32.60000000000005,291.68018,-0.0039113434,0001,11573.29113153154,0.49881738971205347,19.0,0.0720095219202539,0.9279904780797461,0.5011826102879465,1.0000305189751728,0.0008198023,0.00011405349,294.91724,295.46362,295.40796,295.2583,294.95288,3.000045778462759,0.3833313,0.3789978,0.3598938,0.3813324,88069.5,294.68018,0.0046632392,0.81674576,1.552947
Kampala,1984-04-01,0.3152,32.5816,0.30000000000000104,32.60000000000005,291.77368,-0.0034961114,0001,11573.29113153154,0.49881738971205347,19.0,0.0720095219202539,0.9279904780797461,0.5011826102879465,1.0000305189751728,0.002404064,0.00021800399,294.17676,294.71606,294.7478,294.88623,295.04395,3.000045778462759,0.41316223,0.41371155,0.40411377,0.38713074,88151.75,294.05615,0.008328475,0.25918674,2.0021257
Kampala,1984-05-01,0.3152,32.5816,0.30000000000000104,32.60000000000005,291.57227,-0.0036184937,0001,11573.29113153154,0.49881738971205347,19.0,0.0720095219202539,0.9279904780797461,0.5011826102879465,1.0000305189751728,0.0018517002,0.00016498566,294.08325,294.65283,294.71167,294.82568,294.95557,3.000045778462759,0.40766907,0.4080963,0.40602112,0.405365,88185.81,293.98364,0.0051153707,0.095760345,1.3794622
Kampala,1984-06-01,0.3152,32.5816,0.30000000000000104,32.60000000000005,290.39526,-0.003506449,0001,11573.29113153154,0.49881738971205347,19.0,0.0720095219202539,0.9279904780797461,0.5011826102879465,1.0000305189751728,0.0014513656,0.00012026727,293.27344,293.89014,293.9995,294.31274,294.75952,3.000045778462759,0.39367676,0.3927765,0.39093018,0.40187073,88347.81,293.33716,0.003771638,-0.086149216,1.3549528
Kampala,1984-07-01,0.3152,32.5816,0.30000000000000104,32.60000000000005,290.3047,-0.003237092,0001,11573.29113153154,0.49881738971205347,19.0,0.0720095219202539,0.9279904780797461,0.5011826102879465,1.0000305189751728,0.0017038956,0.00019711256,292.7915,293.35645,293.44263,293.72632,294.38403,3.000045778462759,0.40731812,0.40733337,0.40249634,0.40008545,88302.625,292.69434,0.005658723,-0.23822021,0.82751465
Kampala,1984-08-01,0.3152,32.5816,0.30000000000000104,32.60000000000005,290.86597,-0.003447109,0001,11573.29113153154,0.49881738971205347,19.0,0.0720095219202539,0.9279904780797461,0.5011826102879465,1.0000305189751728,0.0018004626,0.00018160045,293.4912,293.97827,293.958,293.91235,294.07153,3.000045778462759,0.4040985,0.40422058,0.40252686,0.40467834,88326.125,293.28613,0.0050593573,-0.22191334,0.571064
Kampala,1984-09-01,0.3152,32.5816,0.30000000000000104,32.60000000000005,291.18042,-0.0035748407,0001,11573.29113153154,0.49881738971205347,19.0,0.0720095219202539,0.9279904780797461,0.5011826102879465,1.0000305189751728,0.0018205047,0.00016510487,293.91748,294.4441,294.4065,294.29688,294.10742,3.000045778462759,0.39987183,0.40013123,0.39897156,0.40560913,88220.375,293.54297,0.0042695254,0.20240593,-0.25157356
Kampala,1984-10-01,0.3152,32.5816,0.30000000000000104,32.60000000000005,291.42773,-0.0035346039,0001,11573.29113153154,0.49881738971205347,19.0,0.0720095219202539,0.9279904780797461,0.5011826102879465,1.0000305189751728,0.0028194487,0.0002296716,293.91162,294.37524,294.32666,294.22925,294.1692,3.000045778462759,0.4122162,0.41362,0.41311646,0.41012573,88218.69,293.6858,0.006982467,0.36188793,0.7683811
Kampala,1984-11-01,0.3152,32.5816,0.30000000000000104,32.60000000000005,291.26685,-0.0032359222,0001,11573.29113153154,0.49881738971205347,19.0,0.0720095219202539,0.9279904780797461,0.5011826102879465,1.0000305189751728,0.004084356,0.00025984645,293.54834,294.0796,294.14087,294.2622,294.2588,3.000045778462759,0.41545105,0.4164734,0.4166565,0.41874695,88221.19,293.1626,0.007782408,0.5808687,0.13093376
Kampala,1984-12-01,0.3152,32.5816,0.30000000000000104,32.60000000000005,291.06934,-0.0035992712,0001,11573.29113153154,0.49881738971205347,19.0,0.0720095219202539,0.9279904780797461,0.5011826102879465,1.0000305189751728,0.0024140775,0.00017932057,293.90942,294.41162,294.38013,294.2998,294.23218,3.000045778462759,0.39826965,0.39735413,0.3934021,0.41368103,88115.625,293.5979,0.0042675897,0.21340942,0.24233627
Kampala,1985-01-01,0.3152,32.5816,0.30000000000000104,32.60000000000005,291.4497,-0.0036840457,0001,11573.29113153154,0.49881738971205347,19.0,0.0720095219202539,0.9279904780797461,0.5011826102879465,1.0000305189751728,0.0012902021,0.00012639165,294.4419,294.96436,294.91772,294.76978,294.3877,3.000045778462759,0.37039185,0.36502075,0.36393738,0.40060425,88087.375,294.27393,0.0035416833,0.40175343,1.0150585
Kampala,1985-02-01,0.3152,32.5816,0.30000000000000104,32.60000000000005,290.6277,-0.0040365364,0001,11573.29113153154,0.49881738971205347,19.0,0.0720095219202539,0.9279904780797461,0.5011826102879465,1.0000305189751728,0.0013910756,0.00018842518,294.33423,294.8933,294.82568,294.6062,294.48584,3.000045778462759,0.38442993,0.38537598,0.39022827,0.3959198,88107.625,294.3037,0.0052438756,0.31304836,1.1406384
Kampala,1985-03-01,0.3152,32.5816,0.30000000000000104,32.60000000000005,291.47437,-0.003852659,0001,11573.29113153154,0.49881738971205347,19.0,0.0720095219202539,0.9279904780797461,0.5011826102879465,1.0000305189751728,0.001503557,0.0002066195,294.67358,295.229,295.22437,295.17554,294.729,3.000045778462759,0.3905487,0.39105225,0.38920593,0.39268494,88084.69,294.6233,0.006735851,0.40517902,1.3569193
Kampala,1985-04-01,0.3152,32.5816,0.30000000000000104,32.60000000000005,291.31177,-0.0032897703,0001,11573.29113153154,0.49881738971205347,19.0,0.0720095219202539,0.9279904780797461,0.5011826102879465,1.0000305189751728,0.0056091696,0.00026218593,293.62622,294.1411,294.17188,294.32983,294.73682,3.000045778462759,0.4161682,0.41792297,0.41947937,0.41534424,88181.0,293.5205,0.0094775045,0.24674225,1.1527615
Kampala,1985-05-01,0.3152,32.5816,0.30000000000000104,32.60000000000005,291.2854,-0.0032604346,0001,11573.29113153154,0.49881738971205347,19.0,0.0720095219202539,0.9279904780797461,0.5011826102879465,1.0000305189751728,0.0053996667,0.000272125,293.53955,294.06738,294.1399,294.29492,294.53687,3.000045778462759,0.4176178,0.41905212,0.4198761,0.42248535,88249.19,293.5105,0.008872995,-0.09178543,1.7202148
Kampala,1985-06-01,0.3152,32.5816,0.30000000000000104,32.60000000000005,290.4436,-0.0034654085,0001,11573.29113153154,0.49881738971205347,19.0,0.0720095219202539,0.9279904780797461,0.5011826102879465,1.0000305189751728,0.0030678809,0.00018829107,293.33032,293.88647,293.93555,294.0791,294.35815,3.000045778462759,0.40126038,0.402771,0.4066162,0.41757202,88426.0,293.31055,0.004773316,-0.23825741,1.1717434
Kampala,1985-07-01,0.3152,32.5816,0.30000000000000104,32.60000000000005,289.76904,-0.0034428434,0001,11573.29113153154,0.49881738971205347,19.0,0.0720095219202539,0.9279904780797461,0.5011826102879465,1.0000305189751728,0.001880303,0.00014258921,292.81128,293.39453,293.4563,293.6726,294.11987,3.000045778462759,0.39520264,0.39372253,0.38754272,0.40756226,88380.69,292.68262,0.0045462,-0.14841461,0.8222351
Kampala,1985-08-01,0.3152,32.5816,0.30000000000000104,32.60000000000005,289.71045,-0.0038157068,0001,11573.29113153154,0.49881738971205347,19.0,0.0720095219202539,0.9279904780797461,0.5011826102879465,1.0000305189751728,0.0012306347,0.00010994077,293.14478,293.72095,293.7334,293.76538,293.90674,3.000045778462759,0.38893127,0.3868103,0.3833313,0.4000702,88357.625,293.1101,0.0037503466,-0.40440464,1.0722895
Kampala,1985-09-01,0.3152,32.5816,0.30000000000000104,32.60000000000005,290.95483,-0.003370855,0001,11573.29113153154,0.49881738971205347,19.0,0.0720095219202539,0.9279904780797461,0.5011826102879465,1.0000305189751728,0.0015019178,0.00017598271,293.57275,294.05518,294.0171,293.91748,293.86865,3.000045778462759,0.4038086,0.40290833,0.39134216,0.39463806,88236.125,293.2019,0.005304984,0.06981945,0.1561737
Kampala,1985-10-01,0.3152,32.5816,0.30000000000000104,32.60000000000005,291.35352,-0.0037117982,0001,11573.29113153154,0.49881738971205347,19.0,0.0720095219202539,0.9279904780797461,0.5011826102879465,1.0000305189751728,0.0018368661,0.00022688508,294.15308,294.62866,294.5498,294.33423,294.01245,3.000045778462759,0.40597534,0.40596008,0.4034729,0.39741516,88190.375,293.78223,0.006063469,0.27760506,0.30064678
Kampala,1985-11-01,0.3152,32.5816,0.30000000000000104,32.60000000000005,291.2556,-0.0033802055,0001,11573.29113153154,0.49881738971205347,19.0,0.0720095219202539,0.9279904780797461,0.5011826102879465,1.0000305189751728,0.002711311,0.00023841858,293.65796,294.1963,294.2351,294.2859,294.1748,3.000045778462759,0.4124298,0.4134674,0.41435242,0.40956116,88215.56,293.43896,0.0068118377,0.38118744,0.4130621
Kampala,1985-12-01,0.3152,32.5816,0.30000000000000104,32.60000000000005,291.30396,-0.0033203997,0001,11573.29113153154,0.49881738971205347,19.0,0.0720095219202539,0.9279904780797461,0.5011826102879465,1.0000305189751728,0.0036988296,0.00018113852,293.89233,294.3369,294.30078,294.21826,294.16528,3.000045778462759,0.40403748,0.40522766,0.40705872,0.4179535,88156.375,293.68262,0.0054892516,0.49317837,0.47855568
Kampala,1986-01-01,0.3152,32.5816,0.30000000000000104,32.60000000000005,291.20972,-0.0038646292,0001,11573.29113153154,0.49881738971205347,19.0,0.0720095219202539,0.9279904780797461,0.5011826102879465,1.0000305189751728,0.001677677,0.0001359731,294.45605,294.95483,294.8806,294.66284,294.3191,3.000045778462759,0.39283752,0.39178467,0.38516235,0.4069519,88181.375,294.35693,0.004158416,0.39823532,1.1408415
Kampala,1986-02-01,0.3152,32.5816,0.30000000000000104,32.60000000000005,291.46118,-0.003686904,0001,11573.29113153154,0.49881738971205347,19.0,0.0720095219202539,0.9279904780797461,0.5011826102879465,1.0000305189751728,0.0015548915,0.00013957918,294.3772,294.92578,294.90723,294.79224,294.5249,3.000045778462759,0.39131165,0.39074707,0.38879395,0.39897156,88114.31,294.12695,0.0048955753,0.5714674,0.807003
Kampala,1986-03-01,0.3152,32.5816,0.30000000000000104,32.60000000000005,291.54614,-0.0036961776,0001,11573.29113153154,0.49881738971205347,19.0,0.0720095219202539,0.9279904780797461,0.5011826102879465,1.0000305189751728,0.001900427,0.00018018484,294.27295,294.82056,294.812,294.76733,294.63647,3.000045778462759,0.4066162,0.4059906,0.4003296,0.39782715,88127.25,294.02124,0.0066089565,0.36610317,1.1821833
Kampala,1986-04-01,0.3152,32.5816,0.30000000000000104,32.60000000000005,291.71948,-0.0032303762,0001,11573.29113153154,0.49881738971205347,19.0,0.0720095219202539,0.9279904780797461,0.5011826102879465,1.0000305189751728,0.004220061,0.00026774406,293.8767,294.37622,294.42456,294.5769,294.68457,3.000045778462759,0.41711426,0.4188385,0.42071533,0.4156494,88170.31,293.93555,0.008588302,0.38259602,1.6757631
Kampala,1986-05-01,0.3152,32.5816,0.30000000000000104,32.60000000000005,291.60205,-0.0035961308,0001,11573.29113153154,0.49881738971205347,19.0,0.0720095219202539,0.9279904780797461,0.5011826102879465,1.0000305189751728,0.0044714883,0.0002399832,294.16675,294.67896,294.67847,294.67358,294.65503,3.000045778462759,0.41453552,0.41586304,0.41461182,0.42027283,88291.875,294.13306,0.007914315,-0.12286663,2.5095587
Kampala,1986-06-01,0.3152,32.5816,0.30000000000000104,32.60000000000005,290.39233,-0.0034645926,0001,11573.29113153154,0.49881738971205347,19.0,0.0720095219202539,0.9279904780797461,0.5011826102879465,1.0000305189751728,0.0031907707,0.00013130903,293.44702,293.99707,294.05225,294.2229,294.53516,3.000045778462759,0.3989563,0.4008484,0.40135193,0.41822815,88341.5,293.42896,0.004005613,0.0411911,1.2581129
Kampala,1986-07-01,0.3152,32.5816,0.30000000000000104,32.60000000000005,289.8899,-0.0033985218,0001,11573.29113153154,0.49881738971205347,19.0,0.0720095219202539,0.9279904780797461,0.5011826102879465,1.0000305189751728,0.001272738,0.00013303757,293.21582,293.83447,293.90625,294.0791,294.35132,3.000045778462759,0.35643005,0.349823,0.35514832,0.40219116,88470.5,293.06104,0.0031062418,-0.14821339,0.5696268
Kampala,1986-08-01,0.3152,32.5816,0.30000000000000104,32.60000000000005,290.88184,-0.003494328,0001,11573.29113153154,0.49881738971205347,19.0,0.0720095219202539,0.9279904780797461,0.5011826102879465,1.0000305189751728,0.00078094006,0.000102221966,293.80713,294.3108,294.25903,294.15332,294.20288,3.000045778462759,0.3688507,0.36402893,0.3510437,0.38867188,88321.81,293.5039,0.0028341096,-0.13331604,0.05124283
Kampala,1986-09-01,0.3152,32.5816,0.30000000000000104,32.60000000000005,291.16528,-0.0035245568,0001,11573.29113153154,0.49881738971205347,19.0,0.0720095219202539,0.9279904780797461,0.5011826102879465,1.0000305189751728,0.0012288541,0.0002027601,293.84888,294.3916,294.37256,294.3152,294.24072,3.000045778462759,0.39831543,0.39492798,0.37280273,0.38146973,88331.94,293.51,0.0058291103,0.020001411,-0.04576111
Kampala,1986-10-01,0.3152,32.5816,0.30000000000000104,32.60000000000005,291.68652,-0.0034629991,0001,11573.29113153154,0.49881738971205347,19.0,0.0720095219202539,0.9279904780797461,0.5011826102879465,1.0000305189751728,0.0019934624,0.0002233535,294.14893,294.67822,294.66772,294.59937,294.35522,3.000045778462759,0.4078369,0.4090271,0.40455627,0.38809204,88243.375,293.75415,0.006963637,0.5019884,-0.30293846
Kampala,1986-11-01,0.3152,32.5816,0.30000000000000104,32.60000000000005,291.50952,-0.003385418,0001,11573.29113153154,0.49881738971205347,19.0,0.0720095219202539,0.9279904780797461,0.5011826102879465,1.0000305189751728,0.003089033,0.00026769936,293.98608,294.46167,294.44556,294.40967,294.41406,3.000045778462759,0.4172058,0.41885376,0.41926575,0.41049194,88190.5,293.55737,0.007767084,0.41163635,0.49334908
Kampala,1986-12-01,0.3152,32.5816,0.30000000000000104,32.60000000000005,291.20142,-0.0036130613,0001,11573.29113153154,0.49881738971205347,19.0,0.0720095219202539,0.9279904780797461,0.5011826102879465,1.0000305189751728,0.0044868737,0.00022509694,294.17017,294.66113,294.61987,294.52734,294.4519,3.000045778462759,0.40742493,0.4098053,0.41355896,0.42066956,88256.69,293.90454,0.0067581157,0.3762951,-0.25565147
Kampala,1987-01-01,0.3152,32.5816,0.30000000000000104,32.60000000000005,291.52246,-0.003718635,0001,11573.29113153154,0.49881738971205347,19.0,0.0720095219202539,0.9279904780797461,0.5011826102879465,1.0000305189751728,0.0024635568,0.00018703938,294.56006,295.0747,295.04834,294.90015,294.57715,3.000045778462759,0.39814758,0.39653015,0.39160156,0.41197205,88270.31,294.4275,0.0055837296,0.21627617,1.0291452
Kampala,1987-02-01,0.3152,32.5816,0.30000000000000104,32.60000000000005,292.01855,-0.003666685,0001,11573.29113153154,0.49881738971205347,19.0,0.0720095219202539,0.9279904780797461,0.5011826102879465,1.0000305189751728,0.0018620789,0.00014491379,294.88477,295.37964,295.31787,295.16357,294.8169,3.000045778462759,0.39900208,0.4000244,0.3979187,0.4046631,88228.44,294.75073,0.0048099486,0.34491348,1.3792114
Kampala,1987-03-01,0.3152,32.5816,0.30000000000000104,32.60000000000005,292.3557,-0.0035680467,0001,11573.29113153154,0.49881738971205347,19.0,0.0720095219202539,0.9279904780797461,0.5011826102879465,1.0000305189751728,0.0029816628,0.00018629432,295.01367,295.49463,295.44507,295.29834,295.01538,3.000045778462759,0.40690613,0.40802002,0.4085846,0.4089203,88121.125,294.69556,0.006744443,0.49877167,0.9257841
Kampala,1987-04-01,0.3152,32.5816,0.30000000000000104,32.60000000000005,292.15674,-0.0035857977,0001,11573.29113153154,0.49881738971205347,19.0,0.0720095219202539,0.9279904780797461,0.5011826102879465,1.0000305189751728,0.0022773966,0.00020344555,294.88184,295.40747,295.41333,295.37036,295.177,3.000045778462759,0.40776062,0.40760803,0.4006195,0.40937805,88256.125,294.66602,0.006154158,0.06626892,1.0459375
Kampala,1987-05-01,0.3152,32.5816,0.30000000000000104,32.60000000000005,291.9121,-0.0033296756,0001,11573.29113153154,0.49881738971205347,19.0,0.0720095219202539,0.9279904780797461,0.5011826102879465,1.0000305189751728,0.005295597,0.00027152896,294.26636,294.79395,294.84937,295.0,295.17017,3.000045778462759,0.41810608,0.42012024,0.42214966,0.4196167,88271.69,294.2102,0.009210268,-0.09337807,1.9625196
Kampala,1987-06-01,0.3152,32.5816,0.30000000000000104,32.60000000000005,291.15503,-0.0035032844,0001,11573.29113153154,0.49881738971205347,19.0,0.0720095219202539,0.9279904780797461,0.5011826102879465,1.0000305189751728,0.0033177286,0.00018838048,294.01562,294.57886,294.6128,294.74023,295.0061,3.000045778462759,0.40315247,0.40403748,0.4046631,0.418396,88445.875,293.92554,0.0049753445,-0.039800644,1.1211176
Kampala,1987-07-01,0.3152,32.5816,0.30000000000000104,32.60000000000005,290.91284,-0.003686659,0001,11573.29113153154,0.49881738971205347,19.0,0.0720095219202539,0.9279904780797461,0.5011826102879465,1.0000305189751728,0.001551941,9.599328e-05,294.146,294.69678,294.69458,294.71533,294.8672,3.000045778462759,0.3707428,0.3692932,0.37080383,0.40594482,88323.125,294.06787,0.002681577,-0.23257828,0.99986553
Kampala,1987-08-01,0.3152,32.5816,0.30000000000000104,32.60000000000005,290.8152,-0.0037159184,0001,11573.29113153154,0.49881738971205347,19.0,0.0720095219202539,0.9279904780797461,0.5011826102879465,1.0000305189751728,0.00096687675,0.00013686717,294.0652,294.656,294.6765,294.7273,294.80396,3.000045778462759,0.36497498,0.35853577,0.34632874,0.39082336,88316.875,293.95215,0.0046316553,-0.20928669,1.000494
Kampala,1987-09-01,0.3152,32.5816,0.30000000000000104,32.60000000000005,291.7666,-0.0035153264,0001,11573.29113153154,0.49881738971205347,19.0,0.0720095219202539,0.9279904780797461,0.5011826102879465,1.0000305189751728,0.0009969175,0.00016131997,294.42236,294.95752,294.94238,294.88745,294.812,3.000045778462759,0.39405823,0.39198303,0.38189697,0.38430786,88280.19,294.1372,0.004668544,0.3182602,-0.19643211
Kampala,1987-10-01,0.3152,32.5816,0.30000000000000104,32.60000000000005,292.0349,-0.0036563054,0001,11573.29113153154,0.49881738971205347,19.0,0.0720095219202539,0.9279904780797461,0.5011826102879465,1.0000305189751728,0.0016143993,0.00016437471,294.68994,295.20386,295.15356,295.0193,294.86743,3.000045778462759,0.40544128,0.4064331,0.4013672,0.3889618,88210.75,294.2644,0.00565133,0.46240234,-0.30473804
Kampala,1987-11-01,0.3152,32.5816,0.30000000000000104,32.60000000000005,291.9331,-0.0036438713,0001,11573.29113153154,0.49881738971205347,19.0,0.0720095219202539,0.9279904780797461,0.5011826102879465,1.0000305189751728,0.0021392778,0.00021271408,294.5603,295.1057,295.10474,295.08398,294.97534,3.000045778462759,0.410141,0.41131592,0.40916443,0.40008545,88256.31,294.16333,0.0064882403,0.40562153,0.111169815
Kampala,1987-12-01,0.3152,32.5816,0.30000000000000104,32.60000000000005,291.90186,-0.0039562173,0001,11573.29113153154,0.49881738971205347,19.0,0.0720095219202539,0.9279904780797461,0.5011826102879465,1.0000305189751728,0.0016595721,0.00011590123,295.1819,295.68628,295.59277,295.36523,295.0769,3.000045778462759,0.38346863,0.38763428,0.39533997,0.40428162,88260.06,294.87402,0.003199366,0.36165905,0.11159229
Kampala,1988-01-01,0.3152,32.5816,0.30000000000000104,32.60000000000005,291.82935,-0.0037208544,0001,11573.29113153154,0.49881738971205347,19.0,0.0720095219202539,0.9279904780797461,0.5011826102879465,1.0000305189751728,0.0022551864,0.00015872717,294.72168,295.27686,295.29175,295.3081,295.24536,3.000045778462759,0.39271545,0.38835144,0.3801422,0.39620972,88183.5,294.54224,0.006615467,0.26802826,0.71856594
Kampala,1988-02-01,0.3152,32.5816,0.30000000000000104,32.60000000000005,292.1333,-0.0041069016,0001,11573.29113153154,0.49881738971205347,19.0,0.0720095219202539,0.9279904780797461,0.5011826102879465,1.0000305189751728,0.0009303391,0.00010083616,295.37866,295.91553,295.8401,295.63525,295.32544,3.000045778462759,0.3821106,0.37928772,0.37974548,0.39341736,88085.56,295.17627,0.003268816,0.47396183,1.1702547
Kampala,1988-03-01,0.3152,32.5816,0.30000000000000104,32.60000000000005,292.32446,-0.0038900655,0001,11573.29113153154,0.49881738971205347,19.0,0.0720095219202539,0.9279904780797461,0.5011826102879465,1.0000305189751728,0.0016372874,0.0001705885,295.30933,295.8855,295.88403,295.8335,295.5652,3.000045778462759,0.4028473,0.40278625,0.39570618,0.39167786,88188.69,295.05884,0.006733603,0.2767229,1.5941734
Kampala,1988-04-01,0.3152,32.5816,0.30000000000000104,32.60000000000005,292.2893,-0.003607416,0001,11573.29113153154,0.49881738971205347,19.0,0.0720095219202539,0.9279904780797461,0.5011826102879465,1.0000305189751728,0.0021957979,0.00020901859,294.86353,295.42676,295.4829,295.57495,295.6228,3.000045778462759,0.4091797,0.40957642,0.4086151,0.40151978,88161.81,294.8086,0.0069403728,0.14768124,1.9152288
Kampala,1988-05-01,0.3152,32.5816,0.30000000000000104,32.60000000000005,291.81274,-0.0036512678,0001,11573.29113153154,0.49881738971205347,19.0,0.0720095219202539,0.9279904780797461,0.5011826102879465,1.0000305189751728,0.002855286,0.00019398332,294.5056,295.05957,295.08472,295.1775,295.46167,3.000045778462759,0.40364075,0.40628052,0.412735,0.41488647,88318.125,294.45386,0.005231754,-0.10873985,2.0037642
Kampala,1988-06-01,0.3152,32.5816,0.30000000000000104,32.60000000000005,290.71753,-0.00381135,0001,11573.29113153154,0.49881738971205347,19.0,0.0720095219202539,0.9279904780797461,0.5011826102879465,1.0000305189751728,0.0015176684,0.00011497736,293.94238,294.6018,294.69995,294.9751,295.29443,3.000045778462759,0.37538147,0.3726654,0.371521,0.4058075,88353.81,293.92944,0.003149148,-0.12531662,1.5584135
Kampala,1988-07-01,0.3152,32.5816,0.30000000000000104,32.60000000000005,290.61475,-0.0033811135,0001,11573.29113153154,0.49881738971205347,19.0,0.0720095219202539,0.9279904780797461,0.5011826102879465,1.0000305189751728,0.0008763075,0.00013533235,293.82495,294.41016,294.4646,294.6328,295.0337,3.000045778462759,0.3610077,0.35180664,0.3425293,0.3914032,88357.25,293.58423,0.0033695365,-0.05902672,0.42465878
Kampala,1988-08-01,0.3152,32.5816,0.30000000000000104,32.60000000000005,290.92896,-0.0034795478,0001,11573.29113153154,0.49881738971205347,19.0,0.0720095219202539,0.9279904780797461,0.5011826102879465,1.0000305189751728,0.00090260804,0.00018590689,293.7356,294.30737,294.3369,294.45825,294.7932,3.000045778462759,0.3963318,0.39242554,0.36967468,0.38269043,88304.44,293.3811,0.0048506297,-0.13637638,0.14288425
Kampala,1988-09-01,0.3152,32.5816,0.30000000000000104,32.60000000000005,291.45337,-0.0035934728,0001,11573.29113153154,0.49881738971205347,19.0,0.0720095219202539,0.9279904780797461,0.5011826102879465,1.0000305189751728,0.0010313317,0.0002091527,294.1543,294.72192,294.71948,294.698,294.6919,3.000045778462759,0.4033966,0.40292358,0.39398193,0.38304138,88232.31,293.70435,0.0051061837,0.00568676,-0.25172615
Kampala,1988-10-01,0.3152,32.5816,0.30000000000000104,32.60000000000005,291.8877,-0.003484943,0001,11573.29113153154,0.49881738971205347,19.0,0.0720095219202539,0.9279904780797461,0.5011826102879465,1.0000305189751728,0.0019395426,0.00021658838,294.39233,294.91602,294.89844,294.82227,294.708,3.000045778462759,0.4116974,0.41264343,0.4105835,0.39871216,88175.44,293.90698,0.0065560685,0.29856968,0.048693657
Kampala,1988-11-01,0.3152,32.5816,0.30000000000000104,32.60000000000005,291.65088,-0.0032334095,0001,11573.29113153154,0.49881738971205347,19.0,0.0720095219202539,0.9279904780797461,0.5011826102879465,1.0000305189751728,0.003079459,0.00024159253,293.9702,294.4756,294.49316,294.5652,294.7151,3.000045778462759,0.41401672,0.4157257,0.4174652,0.41290283,88257.81,293.5852,0.0066931588,0.36176968,0.46641445
Kampala,1988-12-01,0.3152,32.5816,0.30000000000000104,32.60000000000005,291.3733,-0.0035930304,0001,11573.29113153154,0.49881738971205347,19.0,0.0720095219202539,0.9279904780797461,0.5011826102879465,1.0000305189751728,0.0027466714,0.0002001375,294.1433,294.6953,294.72144,294.76782,294.7085,3.000045778462759,0.40353394,0.40319824,0.39823914,0.4129181,88145.0,293.93994,0.0062328577,0.36382675,0.85550785
Kampala,1989-01-01,0.3152,32.5816,0.30000000000000104,32.60000000000005,288.75854,-0.0044425046,0001,11573.29113153154,0.49881738971205347,19.0,0.0720095219202539,0.9279904780797461,0.5011826102879465,1.0000305189751728,0.0022026822,8.547306e-05,294.2849,294.88013,294.7898,294.60303,294.64795,3.000045778462759,0.33091736,0.344635,0.38153076,0.4115448,88150.125,294.5857,0.002444385,0.3455162,-0.47693634
Kampala,1989-02-01,0.3152,32.5816,0.30000000000000104,32.60000000000005,291.1333,-0.0039713606,0001,11573.29113153154,0.49881738971205347,19.0,0.0720095219202539,0.9279904780797461,0.5011826102879465,1.0000305189751728,0.0012877658,0.00017432868,294.52173,295.07178,295.02393,294.90625,294.7168,3.000045778462759,0.38493347,0.37858582,0.3582611,0.39485168,88209.875,294.36963,0.0054568537,-0.24864101,1.0574102
Kampala,1989-03-01,0.3152,32.5816,0.30000000000000104,32.60000000000005,291.4585,-0.003604896,0001,11573.29113153154,0.49881738971205347,19.0,0.0720095219202539,0.9279904780797461,0.5011826102879465,1.0000305189751728,0.0015727207,0.0001642555,294.34424,294.95728,295.02002,295.125,294.92847,3.000045778462759,0.39312744,0.39234924,0.37947083,0.38813782,88084.375,294.1128,0.006482037,0.38717747,0.83638096
Kampala,1989-04-01,0.3152,32.5816,0.30000000000000104,32.60000000000005,291.62646,-0.0037978245,0001,11573.29113153154,0.49881738971205347,19.0,0.0720095219202539,0.9279904780797461,0.5011826102879465,1.0000305189751728,0.0021022782,0.00018653274,294.40015,294.92676,294.9126,294.85254,294.8838,3.000045778462759,0.41101074,0.41181946,0.4102173,0.39990234,88169.94,294.29565,0.0067175534,0.08108044,1.9472761
Kampala,1989-05-01,0.3152,32.5816,0.30000000000000104,32.60000000000005,291.36548,-0.0033355476,0001,11573.29113153154,0.49881738971205347,19.0,0.0720095219202539,0.9279904780797461,0.5011826102879465,1.0000305189751728,0.0044111162,0.00027431548,293.79004,294.32983,294.38257,294.56006,294.83105,3.000045778462759,0.4169922,0.41854858,0.41874695,0.41661072,88341.125,293.6765,0.0081632845,0.013662338,1.9278698
Kampala,1989-06-01,0.3152,32.5816,0.30000000000000104,32.60000000000005,290.07764,-0.0038722688,0001,11573.29113153154,0.49881738971205347,19.0,0.0720095219202539,0.9279904780797461,0.5011826102879465,1.0000305189751728,0.0020685047,9.560585e-05,293.61914,294.24243,294.30933,294.47266,294.67578,3.000045778462759,0.3776703,0.37687683,0.37963867,0.4119873,88401.56,293.81494,0.0028773095,-0.07898331,2.3281193
Kampala,1989-07-01,0.3152,32.5816,0.30000000000000104,32.60000000000005,289.74805,-0.0036246097,0001,11573.29113153154,0.49881738971205347,19.0,0.0720095219202539,0.9279904780797461,0.5011826102879465,1.0000305189751728,0.000988014,9.159744e-05,293.4746,294.03857,294.0569,294.1482,294.45776,3.000045778462759,0.36296082,0.36132812,0.35255432,0.39605713,88415.56,293.41968,0.0027052602,-0.15537548,1.2547369
Kampala,1989-08-01,0.3152,32.5816,0.30000000000000104,32.60000000000005,290.42407,-0.003539633,0001,11573.29113153154,0.49881738971205347,19.0,0.0720095219202539,0.9279904780797461,0.5011826102879465,1.0000305189751728,0.0006508827,0.0001320988,293.53882,294.1123,294.12793,294.1814,294.33228,3.000045778462759,0.36190796,0.35092163,0.33673096,0.38372803,88342.56,293.33447,0.0038262436,-0.23022461,0.55177784
Kampala,1989-09-01,0.3152,32.5816,0.30000000000000104,32.60000000000005,291.00195,-0.004022858,0001,11573.29113153154,0.49881738971205347,19.0,0.0720095219202539,0.9279904780797461,0.5011826102879465,1.0000305189751728,0.00067482144,0.00015538931,294.34155,294.8794,294.80347,294.56982,294.33423,3.000045778462759,0.37556458,0.3698578,0.35865784,0.3762207,88205.06,294.04053,0.004220031,0.06608009,0.3315363
Kampala,1989-10-01,0.3152,32.5816,0.30000000000000104,32.60000000000005,291.85938,-0.0035718596,0001,11573.29113153154,0.49881738971205347,19.0,0.0720095219202539,0.9279904780797461,0.5011826102879465,1.0000305189751728,0.0012455955,0.00024472177,294.49805,295.02856,295.0083,294.89648,294.55664,3.000045778462759,0.40356445,0.40126038,0.3805542,0.3740692,88242.44,293.93823,0.006676006,0.2661419,-0.0862875
Kampala,1989-11-01,0.3152,32.5816,0.30000000000000104,32.60000000000005,291.83252,-0.0035209786,0001,11573.29113153154,0.49881738971205347,19.0,0.0720095219202539,0.9279904780797461,0.5011826102879465,1.0000305189751728,0.0019922778,0.0002155155,294.5061,295.01294,295.01392,294.97974,294.74756,3.000045778462759,0.40480042,0.40570068,0.40663147,0.38887024,88200.81,294.16406,0.006960102,0.3632841,0.5806875
Kampala,1989-12-01,0.3152,32.5816,0.30000000000000104,32.60000000000005,291.6477,-0.0031440975,0001,11573.29113153154,0.49881738971205347,19.0,0.0720095219202539,0.9279904780797461,0.5011826102879465,1.0000305189751728,0.0036855116,0.000256747,294.04248,294.52417,294.5349,294.59668,294.74194,3.000045778462759,0.41203308,0.4141388,0.4181671,0.41462708,88234.375,293.73608,0.007181785,0.39530754,0.040244102
Kampala,1990-01-01,0.3152,32.5816,0.30000000000000104,32.60000000000005,291.31982,-0.0039592097,0001,11573.29113153154,0.49881738971205347,19.0,0.0720095219202539,0.9279904780797461,0.5011826102879465,1.0000305189751728,0.0021568239,0.00013273954,294.73315,295.2251,295.11865,294.86548,294.70117,3.000045778462759,0.369812,0.3713684,0.38391113,0.41252136,88185.19,294.6067,0.0027367629,0.1543312,0.7927084
Kampala,1990-02-01,0.3152,32.5816,0.30000000000000104,32.60000000000005,291.9319,-0.003206293,0001,11573.29113153154,0.49881738971205347,19.0,0.0720095219202539,0.9279904780797461,0.5011826102879465,1.0000305189751728,0.0015973896,0.00020261109,294.46387,294.9912,295.04443,295.1455,294.91455,3.000045778462759,0.40098572,0.3946228,0.37606812,0.39804077,88221.25,294.23853,0.0063633434,0.29961967,0.389863
Kampala,1990-03-01,0.3152,32.5816,0.30000000000000104,32.60000000000005,291.96387,-0.0033070762,0001,11573.29113153154,0.49881738971205347,19.0,0.0720095219202539,0.9279904780797461,0.5011826102879465,1.0000305189751728,0.004307933,0.00021320581,294.4292,294.89697,294.90356,294.87036,294.9087,3.000045778462759,0.4159546,0.4177246,0.41767883,0.40975952,88292.81,294.24707,0.009229177,0.13650322,1.1900711
Kampala,1990-04-01,0.3152,32.5816,0.30000000000000104,32.60000000000005,292.17847,-0.0033970587,0001,11573.29113153154,0.49881738971205347,19.0,0.0720095219202539,0.9279904780797461,0.5011826102879465,1.0000305189751728,0.004137799,0.00022950768,294.5713,295.02295,294.9922,294.937,294.91016,3.000045778462759,0.41378784,0.41531372,0.41589355,0.4209137,88191.375,294.5122,0.0068078227,-0.045664787,1.337307
Kampala,1990-05-01,0.3152,32.5816,0.30000000000000104,32.60000000000005,292.02612,-0.0034573898,0001,11573.29113153154,0.49881738971205347,19.0,0.0720095219202539,0.9279904780797461,0.5011826102879465,1.0000305189751728,0.003671497,0.00022505224,294.35596,294.87427,294.90796,294.95898,294.95752,3.000045778462759,0.41304016,0.41453552,0.4147339,0.41757202,88288.625,294.3838,0.0071180784,-0.040973663,1.831089
Kampala,1990-06-01,0.3152,32.5816,0.30000000000000104,32.60000000000005,290.69897,-0.0038358076,0001,11573.29113153154,0.49881738971205347,19.0,0.0720095219202539,0.9279904780797461,0.5011826102879465,1.0000305189751728,0.0022869408,7.970631e-05,294.13843,294.7024,294.70264,294.72754,294.86865,3.000045778462759,0.3720398,0.37512207,0.39050293,0.41394043,88419.625,294.19336,0.0025097872,-0.13343334,1.3642187
Kampala,1990-07-01,0.3152,32.5816,0.30000000000000104,32.60000000000005,289.77905,-0.0034883376,0001,11573.29113153154,0.49881738971205347,19.0,0.0720095219202539,0.9279904780797461,0.5011826102879465,1.0000305189751728,0.00094562024,7.036328e-05,293.78857,294.41406,294.48706,294.6853,294.8296,3.000045778462759,0.3187256,0.3154602,0.33314514,0.3954773,88388.625,293.77026,0.0018647094,-0.19649315,1.067131
Kampala,1990-08-01,0.3152,32.5816,0.30000000000000104,32.60000000000005,290.7566,-0.003573333,0001,11573.29113153154,0.49881738971205347,19.0,0.0720095219202539,0.9279904780797461,0.5011826102879465,1.0000305189751728,0.00057806075,0.0001348257,293.92407,294.46094,294.4441,294.4414,294.66235,3.000045778462759,0.36398315,0.34735107,0.32060242,0.3798523,88412.25,293.72925,0.0041834875,-0.24285889,0.5245962
Kampala,1990-09-01,0.3152,32.5816,0.30000000000000104,32.60000000000005,291.47437,-0.003707911,0001,11573.29113153154,0.49881738971205347,19.0,0.0720095219202539,0.9279904780797461,0.5011826102879465,1.0000305189751728,0.00075732917,0.000173226,294.25977,294.80664,294.79224,294.72974,294.64136,3.000045778462759,0.3960266,0.3901825,0.35849,0.37219238,88303.625,293.90698,0.0053066113,0.1370697,0.17726994
Kampala,1990-10-01,0.3152,32.5816,0.30000000000000104,32.60000000000005,291.87378,-0.0036190944,0001,11573.29113153154,0.49881738971205347,19.0,0.0720095219202539,0.9279904780797461,0.5011826102879465,1.0000305189751728,0.00078774244,0.00018309057,294.50415,295.03955,295.01978,294.95215,294.75073,3.000045778462759,0.39645386,0.39450073,0.38352966,0.3727417,88238.75,294.11597,0.0048520407,0.36838055,-0.07946491
Kampala,1990-11-01,0.3152,32.5816,0.30000000000000104,32.60000000000005,292.10718,-0.0036170483,0001,11573.29113153154,0.49881738971205347,19.0,0.0720095219202539,0.9279904780797461,0.5011826102879465,1.0000305189751728,0.001411438,0.00019316375,294.64526,295.11206,295.0681,294.92896,294.81665,3.000045778462759,0.40722656,0.40776062,0.4045105,0.38505554,88202.94,294.3462,0.006005731,0.27324772,0.80587006
Kampala,1990-12-01,0.3152,32.5816,0.30000000000000104,32.60000000000005,291.56494,-0.0034515616,0001,11573.29113153154,0.49881738971205347,19.0,0.0720095219202539,0.9279904780797461,0.5011826102879465,1.0000305189751728,0.0030049644,0.00021936,294.094,294.62964,294.65552,294.72412,294.83716,3.000045778462759,0.40112305,0.4031067,0.40982056,0.4063263,88189.375,294.0149,0.006252083,0.5293789,0.90502167
Kampala,1991-01-01,0.3152,32.5816,0.30000000000000104,32.60000000000005,291.8838,-0.0036245547,0001,11573.29113153154,0.49881738971205347,19.0,0.0720095219202539,0.9279904780797461,0.5011826102879465,1.0000305189751728,0.0016407669,0.00016884506,294.83862,295.33472,295.27686,295.12695,294.85767,3.000045778462759,0.3922119,0.38987732,0.38316345,0.40438843,88230.25,294.41577,0.004731342,0.26155853,0.4245901
Kampala,1991-02-01,0.3152,32.5816,0.30000000000000104,32.60000000000005,292.1687,-0.0041397884,0001,11573.29113153154,0.49881738971205347,19.0,0.0720095219202539,0.9279904780797461,0.5011826102879465,1.0000305189751728,0.0013646185,0.00012381375,295.34058,295.89355,295.82544,295.60474,295.1245,3.000045778462759,0.39620972,0.39492798,0.38362122,0.39630127,88215.31,295.06616,0.005129957,0.27974796,1.2306004
Kampala,1991-03-01,0.3152,32.5816,0.30000000000000104,32.60000000000005,292.32397,-0.003927622,0001,11573.29113153154,0.49881738971205347,19.0,0.0720095219202539,0.9279904780797461,0.5011826102879465,1.0000305189751728,0.0030471683,0.00017298758,295.43286,295.99512,295.96582,295.82837,295.38892,3.000045778462759,0.40107727,0.40148926,0.40171814,0.39616394,88128.19,295.17773,0.007972037,0.49355507,1.0614052
Kampala,1991-04-01,0.3152,32.5816,0.30000000000000104,32.60000000000005,292.04834,-0.0032799062,0001,11573.29113153154,0.49881738971205347,19.0,0.0720095219202539,0.9279904780797461,0.5011826102879465,1.0000305189751728,0.004947439,0.0002399534,294.2815,294.8296,294.8943,295.09692,295.4458,3.000045778462759,0.41775513,0.4197693,0.42236328,0.4176178,88209.56,294.11108,0.009101588,0.17887402,1.4214096
Kampala,1991-05-01,0.3152,32.5816,0.30000000000000104,32.60000000000005,292.07202,-0.003171457,0001,11573.29113153154,0.49881738971205347,19.0,0.0720095219202539,0.9279904780797461,0.5011826102879465,1.0000305189751728,0.0062378496,0.00029341877,294.17017,294.6631,294.71216,294.8672,295.20752,3.000045778462759,0.41796875,0.41966248,0.4207306,0.42453003,88271.5,294.05273,0.008983439,0.24490833,1.3931894
Kampala,1991-06-01,0.3152,32.5816,0.30000000000000104,32.60000000000005,291.88525,-0.0033578407,0001,11573.29113153154,0.49881738971205347,19.0,0.0720095219202539,0.9279904780797461,0.5011826102879465,1.0000305189751728,0.0031662434,0.00017364323,294.39185,294.9131,294.94067,294.99707,295.0747,3.000045778462759,0.40441895,0.4046173,0.4005432,0.4167328,88356.31,294.19092,0.005131123,-0.002465248,0.62726116
Kampala,1991-07-01,0.3152,32.5816,0.30000000000000104,32.60000000000005,290.19507,-0.0035319002,0001,11573.29113153154,0.49881738971205347,19.0,0.0720095219202539,0.9279904780797461,0.5011826102879465,1.0000305189751728,0.0016732216,0.00012525916,293.61133,294.229,294.30518,294.52075,294.91284,3.000045778462759,0.38311768,0.38284302,0.38728333,0.40731812,88442.69,293.46704,0.003496344,0.013409615,1.1266489
Kampala,1991-08-01,0.3152,32.5816,0.30000000000000104,32.60000000000005,291.04175,-0.0035121674,0001,11573.29113153154,0.49881738971205347,19.0,0.0720095219202539,0.9279904780797461,0.5011826102879465,1.0000305189751728,0.0010539293,0.00015565753,293.8684,294.4297,294.42993,294.46875,294.6897,3.000045778462759,0.37931824,0.3751526,0.36419678,0.3963318,88427.81,293.52026,0.0031909244,-0.046873093,-0.3831644
Kampala,1991-09-01,0.3152,32.5816,0.30000000000000104,32.60000000000005,291.55176,-0.003679309,0001,11573.29113153154,0.49881738971205347,19.0,0.0720095219202539,0.9279904780797461,0.5011826102879465,1.0000305189751728,0.0007768348,0.00011847913,294.65088,295.16504,295.0818,294.87402,294.6626,3.000045778462759,0.36050415,0.3572693,0.3513794,0.3868103,88319.75,294.2329,0.0029171624,0.052419662,-0.05893135
Kampala,1991-10-01,0.3152,32.5816,0.30000000000000104,32.60000000000005,291.23218,-0.0034989305,0001,11573.29113153154,0.49881738971205347,19.0,0.0720095219202539,0.9279904780797461,0.5011826102879465,1.0000305189751728,0.0010440946,0.0002478063,293.80664,294.4297,294.50806,294.69702,294.79663,3.000045778462759,0.39709473,0.39204407,0.37010193,0.3798828,88229.5,293.43115,0.0065141795,0.3746376,-0.07341385
Kampala,1991-11-01,0.3152,32.5816,0.30000000000000104,32.60000000000005,291.75977,-0.0034264196,0001,11573.29113153154,0.49881738971205347,19.0,0.0720095219202539,0.9279904780797461,0.5011826102879465,1.0000305189751728,0.001514323,0.00021472573,294.10962,294.58838,294.5747,294.55933,294.65576,3.000045778462759,0.41142273,0.41235352,0.40942383,0.3935089,88242.125,293.73193,0.005807422,0.2831707,0.3937559
Kampala,1991-12-01,0.3152,32.5816,0.30000000000000104,32.60000000000005,291.38208,-0.0036215615,0001,11573.29113153154,0.49881738971205347,19.0,0.0720095219202539,0.9279904780797461,0.5011826102879465,1.0000305189751728,0.001445692,0.00017131865,294.41992,294.91626,294.88452,294.7859,294.66797,3.000045778462759,0.39416504,0.3943329,0.39689636,0.40264893,88214.75,294.27588,0.003483605,0.21882534,0.25314426
Kampala,1992-01-01,0.3152,32.5816,0.30000000000000104,32.60000000000005,291.0835,-0.0037712129,0001,11573.29113153154,0.49881738971205347,19.0,0.0720095219202539,0.9279904780797461,0.5011826102879465,1.0000305189751728,0.0008897558,8.544326e-05,294.7732,295.26636,295.1997,295.01465,294.76172,3.000045778462759,0.35243225,0.34490967,0.35263062,0.39344788,88214.375,294.75146,0.0025190106,0.21499252,0.6953392
Kampala,1992-02-01,0.3152,32.5816,0.30000000000000104,32.60000000000005,291.31445,-0.0041316478,0001,11573.29113153154,0.49881738971205347,19.0,0.0720095219202539,0.9279904780797461,0.5011826102879465,1.0000305189751728,0.0006874949,0.00012649596,295.32007,295.8474,295.75977,295.47974,295.00098,3.000045778462759,0.37376404,0.3648224,0.33874512,0.3818817,88244.375,295.20142,0.0040301615,0.07587242,0.73107624
Kampala,1992-03-01,0.3152,32.5816,0.30000000000000104,32.60000000000005,292.22095,-0.0042205947,0001,11573.29113153154,0.49881738971205347,19.0,0.0720095219202539,0.9279904780797461,0.5011826102879465,1.0000305189751728,0.0005464554,0.00013265014,296.1665,296.71533,296.61084,296.21948,295.41235,3.000045778462759,0.36146545,0.35327148,0.33602905,0.37297058,88129.0,295.9004,0.0040156436,0.47808552,1.2005234
Kampala,1992-04-01,0.3152,32.5816,0.30000000000000104,32.60000000000005,292.3308,-0.0035564452,0001,11573.29113153154,0.49881738971205347,19.0,0.0720095219202539,0.9279904780797461,0.5011826102879465,1.0000305189751728,0.0011033565,0.00018557906,295.0127,295.58008,295.62427,295.73682,295.69604,3.000045778462759,0.39569092,0.3921051,0.3683777,0.3684845,88191.81,294.8557,0.0064268587,0.45891476,1.5256042
Kampala,1992-05-01,0.3152,32.5816,0.30000000000000104,32.60000000000005,291.74658,-0.0035273908,0001,11573.29113153154,0.49881738971205347,19.0,0.0720095219202539,0.9279904780797461,0.5011826102879465,1.0000305189751728,0.0013997406,0.00018948317,294.34155,294.92456,295.00195,295.22534,295.58447,3.000045778462759,0.40899658,0.41004944,0.40782166,0.38508606,88271.06,294.3501,0.0058426964,0.10815716,1.8394032
Kampala,1992-06-01,0.3152,32.5816,0.30000000000000104,32.60000000000005,291.43066,-0.003180625,0001,11573.29113153154,0.49881738971205347,19.0,0.0720095219202539,0.9279904780797461,0.5011826102879465,1.0000305189751728,0.0016961247,0.00022220612,293.79956,294.3828,294.489,294.8059,295.3125,3.000045778462759,0.40597534,0.4059906,0.4039917,0.39671326,88358.69,293.56543,0.005260449,0.09540081,0.606267
Kampala,1992-07-01,0.3152,32.5816,0.30000000000000104,32.60000000000005,290.27393,-0.003257839,0001,11573.29113153154,0.49881738971205347,19.0,0.0720095219202539,0.9279904780797461,0.5011826102879465,1.0000305189751728,0.0013452321,0.00012002885,293.20557,293.79663,293.88892,294.17505,294.88452,3.000045778462759,0.3865204,0.38789368,0.3949585,0.39987183,88448.25,293.02393,0.0031048476,-0.03850937,0.42231846
Kampala,1992-08-01,0.3152,32.5816,0.30000000000000104,32.60000000000005,290.22974,-0.0035789795,0001,11573.29113153154,0.49881738971205347,19.0,0.0720095219202539,0.9279904780797461,0.5011826102879465,1.0000305189751728,0.0008511394,0.00010845065,293.74414,294.33423,294.3369,294.3584,294.56372,3.000045778462759,0.35256958,0.34762573,0.354599,0.39193726,88426.56,293.39478,0.0024170196,-0.060112,0.33744812
Kampala,1992-09-01,0.3152,32.5816,0.30000000000000104,32.60000000000005,291.09082,-0.003445289,0001,11573.29113153154,0.49881738971205347,19.0,0.0720095219202539,0.9279904780797461,0.5011826102879465,1.0000305189751728,0.000921458,0.00015370548,293.76416,294.3225,294.32593,294.36816,294.48242,3.000045778462759,0.39465332,0.3892517,0.3619995,0.38256836,88248.5,293.40063,0.0048801573,0.06904411,0.0833168
Kampala,1992-10-01,0.3152,32.5816,0.30000000000000104,32.60000000000005,291.6194,-0.003663307,0001,11573.29113153154,0.49881738971205347,19.0,0.0720095219202539,0.9279904780797461,0.5011826102879465,1.0000305189751728,0.0008197874,0.00021860003,294.28027,294.8225,294.78174,294.65723,294.4944,3.000045778462759,0.40083313,0.3988037,0.3870697,0.38067627,88250.875,293.7517,0.0048072943,0.22229576,-0.7558603
Kampala,1992-11-01,0.3152,32.5816,0.30000000000000104,32.60000000000005,291.51416,-0.0034901705,0001,11573.29113153154,0.49881738971205347,19.0,0.0720095219202539,0.9279904780797461,0.5011826102879465,1.0000305189751728,0.0013049394,0.00021272898,294.0669,294.61377,294.63525,294.656,294.59277,3.000045778462759,0.4061737,0.4059906,0.4038391,0.3899536,88199.625,293.66235,0.005620681,0.3477335,0.23235607
Kampala,1992-12-01,0.3152,32.5816,0.30000000000000104,32.60000000000005,291.4724,-0.0032274611,0001,11573.29113153154,0.49881738971205347,19.0,0.0720095219202539,0.9279904780797461,0.5011826102879465,1.0000305189751728,0.0017872117,0.00019043684,294.0381,294.49634,294.48706,294.50903,294.57568,3.000045778462759,0.40852356,0.41026306,0.40971375,0.40151978,88241.31,293.7202,0.005316204,0.24287319,0.047558784
Kampala,1993-01-01,0.3152,32.5816,0.30000000000000104,32.60000000000005,290.61646,-0.004087925,0001,11573.29113153154,0.49881738971205347,19.0,0.0720095219202539,0.9279904780797461,0.5011826102879465,1.0000305189751728,0.0017768741,0.00013099611,294.60303,295.13086,295.06738,294.88257,294.63965,3.000045778462759,0.37483215,0.37704468,0.38809204,0.40338135,88247.31,294.54663,0.0046246774,0.24734783,-0.031841278
Kampala,1993-02-01,0.3152,32.5816,0.30000000000000104,32.60000000000005,291.21484,-0.0040210458,0001,11573.29113153154,0.49881738971205347,19.0,0.0720095219202539,0.9279904780797461,0.5011826102879465,1.0000305189751728,0.0010945648,9.596348e-05,295.0,295.5254,295.4441,295.21118,294.8208,3.000045778462759,0.37347412,0.37052917,0.37649536,0.3956604,88189.06,294.7229,0.0033104338,0.0980072,0.50431633
Kampala,1993-03-01,0.3152,32.5816,0.30000000000000104,32.60000000000005,291.73706,-0.0041406304,0001,11573.29113153154,0.49881738971205347,19.0,0.0720095219202539,0.9279904780797461,0.5011826102879465,1.0000305189751728,0.0014178455,0.00013534725,295.12866,295.71924,295.67822,295.52344,295.11353,3.000045778462759,0.39065552,0.38809204,0.3718567,0.38781738,88210.94,294.90527,0.005876364,0.28637695,1.5911074
Kampala,1993-04-01,0.3152,32.5816,0.30000000000000104,32.60000000000005,292.15625,-0.0034157764,0001,11573.29113153154,0.49881738971205347,19.0,0.0720095219202539,0.9279904780797461,0.5011826102879465,1.0000305189751728,0.0014969781,0.00017730892,294.7185,295.25146,295.2854,295.3369,295.27222,3.000045778462759,0.40544128,0.40525818,0.3988495,0.3889923,88175.0,294.53882,0.005724035,0.47933483,1.0595407
Kampala,1993-05-01,0.3152,32.5816,0.30000000000000104,32.60000000000005,292.1316,-0.0032411534,0001,11573.29113153154,0.49881738971205347,19.0,0.0720095219202539,0.9279904780797461,0.5011826102879465,1.0000305189751728,0.0020548105,0.0002180636,294.4038,294.90845,294.94238,295.02637,295.2063,3.000045778462759,0.41111755,0.412323,0.41122437,0.40222168,88267.875,294.2002,0.0056072045,-0.036622047,0.9538698
Kampala,1993-06-01,0.3152,32.5816,0.30000000000000104,32.60000000000005,291.44263,-0.0034358567,0001,11573.29113153154,0.49881738971205347,19.0,0.0720095219202539,0.9279904780797461,0.5011826102879465,1.0000305189751728,0.0016624779,0.00018565357,294.03052,294.6162,294.6858,294.8684,295.08325,3.000045778462759,0.40065002,0.40022278,0.39631653,0.40444946,88416.375,293.8108,0.0043727783,-0.0021677017,0.5737505
Kampala,1993-07-01,0.3152,32.5816,0.30000000000000104,32.60000000000005,290.08936,-0.0034349272,0001,11573.29113153154,0.49881738971205347,19.0,0.0720095219202539,0.9279904780797461,0.5011826102879465,1.0000305189751728,0.0010261536,6.134808e-05,293.6714,294.25903,294.3042,294.46533,294.8589,3.000045778462759,0.35391235,0.3558197,0.37057495,0.39775085,88411.625,293.48462,0.0015330686,0.018665314,0.76300716
Kampala,1993-08-01,0.3152,32.5816,0.30000000000000104,32.60000000000005,290.86963,-0.0035503851,0001,11573.29113153154,0.49881738971205347,19.0,0.0720095219202539,0.9279904780797461,0.5011826102879465,1.0000305189751728,0.00078088045,0.00014543533,293.80396,294.3982,294.4309,294.52954,294.69214,3.000045778462759,0.3781891,0.36723328,0.34588623,0.386261,88417.625,293.5254,0.004397939,0.010417938,0.12516117
Kampala,1993-09-01,0.3152,32.5816,0.30000000000000104,32.60000000000005,291.35596,-0.0037580123,0001,11573.29113153154,0.49881738971205347,19.0,0.0720095219202539,0.9279904780797461,0.5011826102879465,1.0000305189751728,0.0008870065,0.00014661252,294.22852,294.7649,294.7102,294.56787,294.58716,3.000045778462759,0.39282227,0.39024353,0.37402344,0.3801117,88292.25,293.87866,0.004594691,0.13519287,-0.16173172
Kampala,1993-10-01,0.3152,32.5816,0.30000000000000104,32.60000000000005,291.96655,-0.0037255017,0001,11573.29113153154,0.49881738971205347,19.0,0.0720095219202539,0.9279904780797461,0.5011826102879465,1.0000305189751728,0.000904046,0.00017178059,294.64795,295.18237,295.13013,294.97705,294.7036,3.000045778462759,0.3970337,0.3942871,0.38119507,0.37794495,88241.44,294.23633,0.004949654,0.32082367,-0.08011341
Kampala,1993-11-01,0.3152,32.5816,0.30000000000000104,32.60000000000005,291.96997,-0.0036697919,0001,11573.29113153154,0.49881738971205347,19.0,0.0720095219202539,0.9279904780797461,0.5011826102879465,1.0000305189751728,0.0015335009,0.00021594763,294.59546,295.13037,295.1233,295.05835,294.85425,3.000045778462759,0.4080963,0.4093628,0.40516663,0.38742065,88151.625,294.24756,0.00642875,0.4497242,0.120856285
Kampala,1993-12-01,0.3152,32.5816,0.30000000000000104,32.60000000000005,292.02515,-0.0037339563,0001,11573.29113153154,0.49881738971205347,19.0,0.0720095219202539,0.9279904780797461,0.5011826102879465,1.0000305189751728,0.0014108941,0.00015038252,295.16772,295.63892,295.54053,295.29785,294.99146,3.000045778462759,0.39413452,0.39648438,0.40292358,0.39935303,88184.5,294.7444,0.0037077242,0.49390125,0.4065447
Kampala,1994-01-01,0.3152,32.5816,0.30000000000000104,32.60000000000005,291.79736,-0.004002533,0001,11573.29113153154,0.49881738971205347,19.0,0.0720095219202539,0.9279904780797461,0.5011826102879465,1.0000305189751728,0.0012146384,0.00011780858,295.1797,295.76025,295.7268,295.636,295.2793,3.000045778462759,0.38290405,0.3801117,0.3730774,0.3946991,88118.19,294.89038,0.0044501876,0.4867878,1.382268
Kampala,1994-02-01,0.3152,32.5816,0.30000000000000104,32.60000000000005,291.34863,-0.0042704493,0001,11573.29113153154,0.49881738971205347,19.0,0.0720095219202539,0.9279904780797461,0.5011826102879465,1.0000305189751728,0.0008587539,9.9122524e-05,295.50415,296.12598,296.1018,295.93164,295.50708,3.000045778462759,0.36854553,0.36372375,0.3551941,0.38650513,88155.875,295.3015,0.003985001,0.3626032,1.5067129
Kampala,1994-03-01,0.3152,32.5816,0.30000000000000104,32.60000000000005,292.05103,-0.003935763,0001,11573.29113153154,0.49881738971205347,19.0,0.0720095219202539,0.9279904780797461,0.5011826102879465,1.0000305189751728,0.0010055527,0.00016327202,294.90112,295.49292,295.4978,295.5547,295.61475,3.000045778462759,0.4033966,0.4018097,0.38427734,0.381958,88209.56,294.65967,0.005646126,0.22679996,1.3538523
Kampala,1994-04-01,0.3152,32.5816,0.30000000000000104,32.60000000000005,291.97437,-0.0036850618,0001,11573.29113153154,0.49881738971205347,19.0,0.0720095219202539,0.9279904780797461,0.5011826102879465,1.0000305189751728,0.0014318824,0.00017048419,294.72583,295.30347,295.34668,295.4402,295.57642,3.000045778462759,0.4060974,0.40646362,0.40238953,0.38868713,88181.5,294.65283,0.006206193,0.23966885,1.8313684
Kampala,1994-05-01,0.3152,32.5816,0.30000000000000104,32.60000000000005,291.82642,-0.003493948,0001,11573.29113153154,0.49881738971205347,19.0,0.0720095219202539,0.9279904780797461,0.5011826102879465,1.0000305189751728,0.0037685111,0.0002747476,294.16943,294.739,294.80566,294.98657,295.36133,3.000045778462759,0.41629028,0.4176941,0.41836548,0.41203308,88333.31,294.0122,0.008196411,-0.07374096,1.2588377
Kampala,1994-06-01,0.3152,32.5816,0.30000000000000104,32.60000000000005,291.1145,-0.0033982592,0001,11573.29113153154,0.49881738971205347,19.0,0.0720095219202539,0.9279904780797461,0.5011826102879465,1.0000305189751728,0.0021543056,0.00012518466,293.99268,294.56055,294.6211,294.8235,295.14673,3.000045778462759,0.39068604,0.39059448,0.39105225,0.41236877,88360.25,293.8269,0.003186885,-0.05795288,0.4253893
Kampala,1994-07-01,0.3152,32.5816,0.30000000000000104,32.60000000000005,290.6682,-0.0032949606,0001,11573.29113153154,0.49881738971205347,19.0,0.0720095219202539,0.9279904780797461,0.5011826102879465,1.0000305189751728,0.0014197677,0.0001552254,293.51147,294.11328,294.19873,294.4265,294.87695,3.000045778462759,0.39134216,0.39108276,0.3857727,0.40208435,88407.125,293.2124,0.003963974,-0.16039658,0.41818237
Kampala,1994-08-01,0.3152,32.5816,0.30000000000000104,32.60000000000005,290.61792,-0.003546686,0001,11573.29113153154,0.49881738971205347,19.0,0.0720095219202539,0.9279904780797461,0.5011826102879465,1.0000305189751728,0.0010560006,0.00016014278,293.63696,294.2317,294.2578,294.35693,294.6316,3.000045778462759,0.37548828,0.37005615,0.36354065,0.39337158,88352.0,293.41357,0.0042643393,-0.13249779,-0.080779076
Kampala,1994-09-01,0.3152,32.5816,0.30000000000000104,32.60000000000005,291.6172,-0.003784541,0001,11573.29113153154,0.49881738971205347,19.0,0.0720095219202539,0.9279904780797461,0.5011826102879465,1.0000305189751728,0.0012297407,0.0001694262,294.49072,295.011,294.92285,294.6975,294.55957,3.000045778462759,0.3998413,0.39953613,0.39056396,0.38864136,88298.56,294.136,0.0049570818,0.15041828,-0.12486744
Kampala,1994-10-01,0.3152,32.5816,0.30000000000000104,32.60000000000005,291.68872,-0.003543152,0001,11573.29113153154,0.49881738971205347,19.0,0.0720095219202539,0.9279904780797461,0.5011826102879465,1.0000305189751728,0.0018984675,0.00020360947,294.313,294.88696,294.91675,294.93042,294.73413,3.000045778462759,0.40568542,0.40519714,0.39883423,0.39013672,88191.44,293.8015,0.006734345,0.5233803,-0.19381523
Kampala,1994-11-01,0.3152,32.5816,0.30000000000000104,32.60000000000005,291.46143,-0.0032688663,0001,11573.29113153154,0.49881738971205347,19.0,0.0720095219202539,0.9279904780797461,0.5011826102879465,1.0000305189751728,0.0034060031,0.00029300153,293.89868,294.42188,294.44995,294.52686,294.6931,3.000045778462759,0.4116974,0.41278076,0.41592407,0.41403198,88237.625,293.52197,0.0069291843,0.408453,-0.26082993
Kampala,1994-12-01,0.3152,32.5816,0.30000000000000104,32.60000000000005,291.56396,-0.003674931,0001,11573.29113153154,0.49881738971205347,19.0,0.0720095219202539,0.9279904780797461,0.5011826102879465,1.0000305189751728,0.0032043308,0.00020512938,294.5398,295.00464,294.92944,294.78418,294.6753,3.000045778462759,0.40553284,0.40737915,0.40950012,0.4152527,88265.81,294.27222,0.0058971928,0.44979858,0.4948387
Kampala,1995-01-01,0.3152,32.5816,0.30000000000000104,32.60000000000005,291.39697,-0.0039862385,0001,11573.29113153154,0.49881738971205347,19.0,0.0720095219202539,0.9279904780797461,0.5011826102879465,1.0000305189751728,0.001491271,0.000104650855,295.00366,295.52173,295.46338,295.26196,294.86963,3.000045778462759,0.3692932,0.3665619,0.37184143,0.40568542,88239.75,294.9817,0.003145277,0.1732912,0.9668579
Kampala,1995-02-01,0.3152,32.5816,0.30000000000000104,32.60000000000005,291.55518,-0.003886016,0001,11573.29113153154,0.49881738971205347,19.0,0.0720095219202539,0.9279904780797461,0.5011826102879465,1.0000305189751728,0.0011450201,0.00013497472,294.9944,295.5525,295.5266,295.41992,295.11206,3.000045778462759,0.3830719,0.3774109,0.35482788,0.39241028,88235.19,294.81885,0.004678776,0.5095959,1.1840487
Kampala,1995-03-01,0.3152,32.5816,0.30000000000000104,32.60000000000005,291.98047,-0.0039472887,0001,11573.29113153154,0.49881738971205347,19.0,0.0720095219202539,0.9279904780797461,0.5011826102879465,1.0000305189751728,0.0017861798,0.00017282367,295.1543,295.69092,295.64478,295.51392,295.2461,3.000045778462759,0.4032135,0.4037323,0.39711,0.39093018,88170.44,294.9187,0.0068423813,0.2932644,1.5300264
Kampala,1995-04-01,0.3152,32.5816,0.30000000000000104,32.60000000000005,292.26978,-0.0035531493,0001,11573.29113153154,0.49881738971205347,19.0,0.0720095219202539,0.9279904780797461,0.5011826102879465,1.0000305189751728,0.0031962842,0.00022235513,294.80298,295.35327,295.39404,295.448,295.4021,3.000045778462759,0.4129486,0.41415405,0.41477966,0.4058075,88118.75,294.63965,0.00831533,0.4035082,1.5485868
Kampala,1995-05-01,0.3152,32.5816,0.30000000000000104,32.60000000000005,291.85083,-0.0038367761,0001,11573.29113153154,0.49881738971205347,19.0,0.0720095219202539,0.9279904780797461,0.5011826102879465,1.0000305189751728,0.0034778565,0.0002322495,294.5376,295.1211,295.14526,295.21045,295.32422,3.000045778462759,0.411438,0.4127655,0.41410828,0.417984,88273.875,294.49683,0.0065256003,0.0021095276,2.356123
Kampala,1995-06-01,0.3152,32.5816,0.30000000000000104,32.60000000000005,291.60645,-0.0034501338,0001,11573.29113153154,0.49881738971205347,19.0,0.0720095219202539,0.9279904780797461,0.5011826102879465,1.0000305189751728,0.002198875,0.00014801323,294.30103,294.85303,294.88916,295.01147,295.22388,3.000045778462759,0.3950348,0.39512634,0.39723206,0.41210938,88328.81,294.20288,0.0039028833,0.097727776,0.6871805
Kampala,1995-07-01,0.3152,32.5816,0.30000000000000104,32.60000000000005,290.67944,-0.003426956,0001,11573.29113153154,0.49881738971205347,19.0,0.0720095219202539,0.9279904780797461,0.5011826102879465,1.0000305189751728,0.001356259,0.00011757016,293.58228,294.19043,294.28027,294.54224,295.01782,3.000045778462759,0.38708496,0.38487244,0.37483215,0.40118408,88282.06,293.40332,0.0038858594,-0.15000916,0.5537405
Kampala,1995-08-01,0.3152,32.5816,0.30000000000000104,32.60000000000005,290.5,-0.0038729142,0001,11573.29113153154,0.49881738971205347,19.0,0.0720095219202539,0.9279904780797461,0.5011826102879465,1.0000305189751728,0.0010752976,0.000105038285,293.9187,294.5088,294.51123,294.5349,294.75464,3.000045778462759,0.38278198,0.38102722,0.37338257,0.39297485,88303.375,293.79712,0.0035745052,-0.09971714,0.74067974
Kampala,1995-09-01,0.3152,32.5816,0.30000000000000104,32.60000000000005,291.53564,-0.0037891008,0001,11573.29113153154,0.49881738971205347,19.0,0.0720095219202539,0.9279904780797461,0.5011826102879465,1.0000305189751728,0.00082185864,0.00014720857,294.6521,295.20044,295.13672,294.95874,294.75684,3.000045778462759,0.37445068,0.36810303,0.3585968,0.3854065,88318.56,294.22974,0.003848243,0.0401783,-0.1842947
Kampala,1995-10-01,0.3152,32.5816,0.30000000000000104,32.60000000000005,291.83276,-0.0034715412,0001,11573.29113153154,0.49881738971205347,19.0,0.0720095219202539,0.9279904780797461,0.5011826102879465,1.0000305189751728,0.0006882623,0.000180915,294.46997,295.00903,295.02368,295.02148,294.8833,3.000045778462759,0.39775085,0.3937378,0.37252808,0.37973022,88173.56,294.00732,0.004758912,0.39199543,-0.31642723
Kampala,1995-11-01,0.3152,32.5816,0.30000000000000104,32.60000000000005,291.97437,-0.0036539529,0001,11573.29113153154,0.49881738971205347,19.0,0.0720095219202539,0.9279904780797461,0.5011826102879465,1.0000305189751728,0.0012989044,0.00023689866,294.563,295.08325,295.04272,294.9729,294.93164,3.000045778462759,0.4058838,0.40631104,0.40130615,0.384552,88206.81,294.18433,0.0055085868,0.29718113,-0.46700478
Kampala,1995-12-01,0.3152,32.5816,0.30000000000000104,32.60000000000005,291.50098,-0.0037480406,0001,11573.29113153154,0.49881738971205347,19.0,0.0720095219202539,0.9279904780797461,0.5011826102879465,1.0000305189751728,0.00090283155,0.00016784668,294.55127,295.11523,295.12817,295.12573,295.0083,3.000045778462759,0.38963318,0.38726807,0.38679504,0.38993835,88256.06,294.2417,0.003640258,0.30080318,-0.04181099
Kampala,1996-01-01,0.3152,32.5816,0.30000000000000104,32.60000000000005,291.511,-0.0038692579,0001,11573.29113153154,0.49881738971205347,19.0,0.0720095219202539,0.9279904780797461,0.5011826102879465,1.0000305189751728,0.00087247044,0.00014810264,294.52612,295.08008,295.06128,295.02344,295.02588,3.000045778462759,0.39094543,0.38876343,0.38009644,0.38616943,88104.375,294.3003,0.004040282,0.2767191,0.9462433
Kampala,1996-02-01,0.3152,32.5816,0.30000000000000104,32.60000000000005,291.89526,-0.0041429084,0001,11573.29113153154,0.49881738971205347,19.0,0.0720095219202539,0.9279904780797461,0.5011826102879465,1.0000305189751728,0.0011571571,0.0001360923,295.0327,295.59448,295.5349,295.36963,295.10815,3.000045778462759,0.39794922,0.39689636,0.3839569,0.38311768,88069.375,294.8745,0.0052457917,0.28710747,1.7388115
Kampala,1996-03-01,0.3152,32.5816,0.30000000000000104,32.60000000000005,292.10962,-0.0039280728,0001,11573.29113153154,0.49881738971205347,19.0,0.0720095219202539,0.9279904780797461,0.5011826102879465,1.0000305189751728,0.001072377,0.00016607344,295.08765,295.6714,295.67114,295.6194,295.32104,3.000045778462759,0.4018402,0.39964294,0.38974,0.38301086,88090.19,294.75928,0.0055542774,0.42423916,0.91277504
Kampala,1996-04-01,0.3152,32.5816,0.30000000000000104,32.60000000000005,291.86963,-0.003565587,0001,11573.29113153154,0.49881738971205347,19.0,0.0720095219202539,0.9279904780797461,0.5011826102879465,1.0000305189751728,0.002806045,0.00019152462,294.3899,294.9485,294.9995,295.12207,295.30933,3.000045778462759,0.41152954,0.41322327,0.41493225,0.40237427,88167.44,294.32007,0.007657776,0.17434788,1.7994204
Kampala,1996-05-01,0.3152,32.5816,0.30000000000000104,32.60000000000005,291.8567,-0.00326435,0001,11573.29113153154,0.49881738971205347,19.0,0.0720095219202539,0.9279904780797461,0.5011826102879465,1.0000305189751728,0.003602296,0.00024294853,293.97632,294.5088,294.59033,294.8181,295.1599,3.000045778462759,0.41661072,0.4184265,0.41853333,0.4151001,88272.81,293.95654,0.0074897427,0.034254074,1.3130035
Kampala,1996-06-01,0.3152,32.5816,0.30000000000000104,32.60000000000005,290.7893,-0.0035647964,0001,11573.29113153154,0.49881738971205347,19.0,0.0720095219202539,0.9279904780797461,0.5011826102879465,1.0000305189751728,0.0022487342,0.00012640655,294.04834,294.60205,294.60864,294.6543,294.9165,3.000045778462759,0.3748932,0.37290955,0.38031006,0.41374207,88353.81,293.83154,0.0026702846,-0.08062649,0.4565878
Kampala,1996-07-01,0.3152,32.5816,0.30000000000000104,32.60000000000005,290.38818,-0.0033401558,0001,11573.29113153154,0.49881738971205347,19.0,0.0720095219202539,0.9279904780797461,0.5011826102879465,1.0000305189751728,0.000979349,9.6425414e-05,293.6145,294.19653,294.24365,294.41455,294.75732,3.000045778462759,0.3612213,0.3587036,0.35125732,0.3965454,88404.06,293.38232,0.0021270958,0.024373055,0.28636742
Kampala,1996-08-01,0.3152,32.5816,0.30000000000000104,32.60000000000005,290.60376,-0.0035013473,0001,11573.29113153154,0.49881738971205347,19.0,0.0720095219202539,0.9279904780797461,0.5011826102879465,1.0000305189751728,0.000600785,0.00013333559,294.1748,294.78857,294.76782,294.70776,294.65527,3.000045778462759,0.3099823,0.30174255,0.3191223,0.38230896,88330.94,293.78613,0.0030749503,-0.01020813,-0.3421917
Kampala,1996-09-01,0.3152,32.5816,0.30000000000000104,32.60000000000005,291.42554,-0.0036692778,0001,11573.29113153154,0.49881738971205347,19.0,0.0720095219202539,0.9279904780797461,0.5011826102879465,1.0000305189751728,0.00055375695,0.00017113984,294.23413,294.7976,294.76953,294.698,294.66138,3.000045778462759,0.38731384,0.38124084,0.3476715,0.37245178,88231.25,293.8369,0.0046054954,0.09384155,-0.4980774
Kampala,1996-10-01,0.3152,32.5816,0.30000000000000104,32.60000000000005,291.56494,-0.0035974775,0001,11573.29113153154,0.49881738971205347,19.0,0.0720095219202539,0.9279904780797461,0.5011826102879465,1.0000305189751728,0.0010835975,0.00017648935,294.19678,294.7417,294.73096,294.7024,294.68262,3.000045778462759,0.40122986,0.40037537,0.38682556,0.37268066,88210.25,293.85718,0.0057089827,0.45203114,-0.12445831
Kampala,1996-11-01,0.3152,32.5816,0.30000000000000104,32.60000000000005,291.69946,-0.0034675589,0001,11573.29113153154,0.49881738971205347,19.0,0.0720095219202539,0.9279904780797461,0.5011826102879465,1.0000305189751728,0.0018615052,0.00024013221,294.2539,294.81885,294.854,294.91333,294.7732,3.000045778462759,0.41218567,0.41305542,0.40812683,0.3857727,88156.56,293.8186,0.007306538,0.51346207,-0.34668922
Kampala,1996-12-01,0.3152,32.5816,0.30000000000000104,32.60000000000005,291.52954,-0.0037600957,0001,11573.29113153154,0.49881738971205347,19.0,0.0720095219202539,0.9279904780797461,0.5011826102879465,1.0000305189751728,0.0014020726,0.00014683604,294.5205,295.02026,294.95483,294.812,294.78784,3.000045778462759,0.3908081,0.39076233,0.39331055,0.401474,88198.69,294.24878,0.0034119457,0.50329113,0.39006805
Kampala,1997-01-01,0.3152,32.5816,0.30000000000000104,32.60000000000005,290.86523,-0.003854446,0001,11573.29113153154,0.49881738971205347,19.0,0.0720095219202539,0.9279904780797461,0.5011826102879465,1.0000305189751728,0.0012464114,0.00011508167,294.51538,295.07104,295.05615,294.98828,294.85986,3.000045778462759,0.38049316,0.3809662,0.38171387,0.39527893,88162.5,294.42017,0.0038302445,0.4960289,0.5044136
Kampala,1997-02-01,0.3152,32.5816,0.30000000000000104,32.60000000000005,290.84375,-0.004233174,0001,11573.29113153154,0.49881738971205347,19.0,0.0720095219202539,0.9279904780797461,0.5011826102879465,1.0000305189751728,0.00066979975,5.51641e-05,295.66846,296.23047,296.0835,295.67505,295.05737,3.000045778462759,0.31892395,0.3083191,0.3373108,0.38607788,88156.625,295.4817,0.0021194795,0.19866943,1.0619564
Kampala,1997-03-01,0.3152,32.5816,0.30000000000000104,32.60000000000005,292.1814,-0.004042376,0001,11573.29113153154,0.49881738971205347,19.0,0.0720095219202539,0.9279904780797461,0.5011826102879465,1.0000305189751728,0.0005432591,9.445846e-05,296.1853,296.76196,296.67847,296.35693,295.51562,3.000045778462759,0.33833313,0.32086182,0.30612183,0.3731079,88081.44,295.84497,0.004044465,0.65721893,1.280837
Kampala,1997-04-01,0.3152,32.5816,0.30000000000000104,32.60000000000005,291.76636,-0.0033153156,0001,11573.29113153154,0.49881738971205347,19.0,0.0720095219202539,0.9279904780797461,0.5011826102879465,1.0000305189751728,0.001576677,0.00027513504,294.0625,294.70557,294.84668,295.23047,295.6609,3.000045778462759,0.41285706,0.4112854,0.38760376,0.37156677,88262.375,293.89648,0.0083087245,0.44175243,0.9511862
Kampala,1997-05-01,0.3152,32.5816,0.30000000000000104,32.60000000000005,291.2754,-0.0037784493,0001,11573.29113153154,0.49881738971205347,19.0,0.0720095219202539,0.9279904780797461,0.5011826102879465,1.0000305189751728,0.0014779866,0.00018996,294.32104,294.8745,294.8733,294.91846,295.3269,3.000045778462759,0.39686584,0.3982849,0.40696716,0.396286,88375.625,294.24976,0.004643274,0.18983269,1.885088
Kampala,1997-06-01,0.3152,32.5816,0.30000000000000104,32.60000000000005,291.01318,-0.0037621586,0001,11573.29113153154,0.49881738971205347,19.0,0.0720095219202539,0.9279904780797461,0.5011826102879465,1.0000305189751728,0.0009963587,0.00014001131,294.20093,294.82666,294.8855,295.04517,295.20654,3.000045778462759,0.37475586,0.36767578,0.36410522,0.3948059,88336.875,294.1853,0.003521611,-0.016997337,1.4033699
Kampala,1997-07-01,0.3152,32.5816,0.30000000000000104,32.60000000000005,290.4414,-0.003667418,0001,11573.29113153154,0.49881738971205347,19.0,0.0720095219202539,0.9279904780797461,0.5011826102879465,1.0000305189751728,0.0009872466,0.000104919076,293.90723,294.48364,294.49683,294.57715,294.96533,3.000045778462759,0.3617859,0.36351013,0.37390137,0.3879242,88453.875,293.84717,0.0033475952,-0.15382862,0.9047365
Kampala,1997-08-01,0.3152,32.5816,0.30000000000000104,32.60000000000005,291.0691,-0.0037891679,0001,11573.29113153154,0.49881738971205347,19.0,0.0720095219202539,0.9279904780797461,0.5011826102879465,1.0000305189751728,0.0005765259,0.00012092292,294.53662,295.12378,295.10303,295.04834,294.9182,3.000045778462759,0.35229492,0.33891296,0.33424377,0.3795929,88439.31,294.29028,0.003552106,-0.22590733,-0.08375645
Kampala,1997-09-01,0.3152,32.5816,0.30000000000000104,32.60000000000005,291.82202,-0.004130778,0001,11573.29113153154,0.49881738971205347,19.0,0.0720095219202539,0.9279904780797461,0.5011826102879465,1.0000305189751728,0.00041678548,0.000103875995,295.5127,296.05566,295.937,295.5559,295.06006,3.000045778462759,0.35838318,0.35043335,0.33859253,0.3710022,88264.94,295.1797,0.0030152956,0.36089897,0.22356033
Kampala,1997-10-01,0.3152,32.5816,0.30000000000000104,32.60000000000005,291.92578,-0.0036682552,0001,11573.29113153154,0.49881738971205347,19.0,0.0720095219202539,0.9279904780797461,0.5011826102879465,1.0000305189751728,0.0011106804,0.00022800267,294.84326,295.41553,295.44922,295.521,295.3579,3.000045778462759,0.3935852,0.3842926,0.3563385,0.36592102,88252.69,294.45874,0.0072842357,0.28663158,0.27279663
Kampala,1997-11-01,0.3152,32.5816,0.30000000000000104,32.60000000000005,291.9397,-0.003136843,0001,11573.29113153154,0.49881738971205347,19.0,0.0720095219202539,0.9279904780797461,0.5011826102879465,1.0000305189751728,0.0031195432,0.0003683418,294.06274,294.6184,294.70386,294.9568,295.29028,3.000045778462759,0.41908264,0.42037964,0.4192047,0.39666748,88233.875,293.74658,0.009479104,0.37496948,-0.30239105
Kampala,1997-12-01,0.3152,32.5816,0.30000000000000104,32.60000000000005,291.7163,-0.0033532903,0001,11573.29113153154,0.49881738971205347,19.0,0.0720095219202539,0.9279904780797461,0.5011826102879465,1.0000305189751728,0.005963236,0.0003440082,293.9026,294.43677,294.46948,294.604,294.99536,3.000045778462759,0.41830444,0.41983032,0.42240906,0.4237976,88299.69,293.646,0.008920555,0.53449726,0.103487015
Kampala,1998-01-01,0.3152,32.5816,0.30000000000000104,32.60000000000005,291.9485,-0.0037037563,0001,11573.29113153154,0.49881738971205347,19.0,0.0720095219202539,0.9279904780797461,0.5011826102879465,1.0000305189751728,0.0040287673,0.00023826957,295.09277,295.51953,295.4087,295.09766,294.8877,3.000045778462759,0.4021454,0.40338135,0.4051056,0.42012024,88249.75,294.81274,0.0064552757,0.16326141,0.036348343
Kampala,1998-02-01,0.3152,32.5816,0.30000000000000104,32.60000000000005,292.67603,-0.0041091517,0001,11573.29113153154,0.49881738971205347,19.0,0.0720095219202539,0.9279904780797461,0.5011826102879465,1.0000305189751728,0.0026167035,0.00017049909,296.04932,296.5288,296.40015,296.0105,295.24634,3.000045778462759,0.39401245,0.395401,0.39794922,0.41127014,88344.06,295.85425,0.0056521995,0.14342022,1.0512075
Kampala,1998-03-01,0.3152,32.5816,0.30000000000000104,32.60000000000005,293.00757,-0.0042897947,0001,11573.29113153154,0.49881738971205347,19.0,0.0720095219202539,0.9279904780797461,0.5011826102879465,1.0000305189751728,0.0014307648,0.00012807548,296.62646,297.14062,297.01855,296.63232,295.76953,3.000045778462759,0.3795166,0.37538147,0.3698883,0.4019928,88188.44,296.31836,0.004360523,0.42278194,1.634512
Kampala,1998-04-01,0.3152,32.5816,0.30000000000000104,32.60000000000005,292.94336,-0.0038432945,0001,11573.29113153154,0.49881738971205347,19.0,0.0720095219202539,0.9279904780797461,0.5011826102879465,1.0000305189751728,0.0018683746,0.0002027452,295.56567,296.14575,296.18042,296.2556,296.1311,3.000045778462759,0.4083557,0.4081726,0.39883423,0.39749146,88251.56,295.54492,0.0070522455,0.21676731,2.462944
Kampala,1998-05-01,0.3152,32.5816,0.30000000000000104,32.60000000000005,292.28394,-0.0038390728,0001,11573.29113153154,0.49881738971205347,19.0,0.0720095219202539,0.9279904780797461,0.5011826102879465,1.0000305189751728,0.0030607134,0.00017897785,295.3413,295.92285,295.94165,295.9751,296.07837,3.000045778462759,0.3983612,0.39997864,0.40829468,0.41156006,88367.19,295.27246,0.00572849,0.044080734,1.8408842
Kampala,1998-06-01,0.3152,32.5816,0.30000000000000104,32.60000000000005,290.9497,-0.0038064718,0001,11573.29113153154,0.49881738971205347,19.0,0.0720095219202539,0.9279904780797461,0.5011826102879465,1.0000305189751728,0.0012423843,0.00011444092,294.698,295.36572,295.45923,295.7168,295.99243,3.000045778462759,0.3567505,0.35180664,0.35743713,0.40200806,88469.31,294.67188,0.002339342,-0.2357359,1.6861553
Kampala,1998-07-01,0.3152,32.5816,0.30000000000000104,32.60000000000005,290.03833,-0.003526833,0001,11573.29113153154,0.49881738971205347,19.0,0.0720095219202539,0.9279904780797461,0.5011826102879465,1.0000305189751728,0.0006518662,6.210804e-05,294.24512,294.9231,295.01172,295.27344,295.73926,3.000045778462759,0.30578613,0.29301453,0.31918335,0.3856964,88403.31,294.0857,0.0020311754,-0.2383461,1.1070185
Kampala,1998-08-01,0.3152,32.5816,0.30000000000000104,32.60000000000005,290.64258,-0.0036602914,0001,11573.29113153154,0.49881738971205347,19.0,0.0720095219202539,0.9279904780797461,0.5011826102879465,1.0000305189751728,0.00042283535,0.00011961162,294.2473,294.88867,294.93213,295.0708,295.45093,3.000045778462759,0.3414154,0.32678223,0.30314636,0.37173462,88329.25,293.9641,0.0034020154,-0.21226501,0.2866354
Kampala,1998-09-01,0.3152,32.5816,0.30000000000000104,32.60000000000005,291.4563,-0.0037967842,0001,11573.29113153154,0.49881738971205347,19.0,0.0720095219202539,0.9279904780797461,0.5011826102879465,1.0000305189751728,0.0003798902,0.00014287233,294.52417,295.115,295.11475,295.15454,295.29712,3.000045778462759,0.3745575,0.3627472,0.3176422,0.36218262,88297.125,294.12744,0.004119332,-0.032131195,0.18287754
Kampala,1998-10-01,0.3152,32.5816,0.30000000000000104,32.60000000000005,291.87134,-0.0035680523,0001,11573.29113153154,0.49881738971205347,19.0,0.0720095219202539,0.9279904780797461,0.5011826102879465,1.0000305189751728,0.00049608946,0.00016847253,294.69116,295.27368,295.2827,295.26953,295.26978,3.000045778462759,0.38613892,0.3804016,0.34776306,0.35708618,88275.875,294.15308,0.0049014227,0.10825634,-0.65014744
Kampala,1998-11-01,0.3152,32.5816,0.30000000000000104,32.60000000000005,291.8838,-0.0038825497,0001,11573.29113153154,0.49881738971205347,19.0,0.0720095219202539,0.9279904780797461,0.5011826102879465,1.0000305189751728,0.0007341057,0.00018876791,294.75122,295.31396,295.29663,295.2539,295.2478,3.000045778462759,0.39767456,0.39648438,0.3866577,0.36166382,88188.94,294.3999,0.0048516057,0.059588432,0.32997608
Kampala,1998-12-01,0.3152,32.5816,0.30000000000000104,32.60000000000005,291.31934,-0.003995562,0001,11573.29113153154,0.49881738971205347,19.0,0.0720095219202539,0.9279904780797461,0.5011826102879465,1.0000305189751728,0.00035656244,0.00010919571,294.86694,295.44922,295.42798,295.38916,295.30225,3.000045778462759,0.36164856,0.35620117,0.36032104,0.36495972,88187.19,294.61963,0.002531599,0.34824085,0.48572922
Kampala,1999-01-01,0.3152,32.5816,0.30000000000000104,32.60000000000005,291.49048,-0.003773274,0001,11573.29113153154,0.49881738971205347,19.0,0.0720095219202539,0.9279904780797461,0.5011826102879465,1.0000305189751728,0.00040922686,0.00013534725,294.72852,295.2854,295.27075,295.25684,295.31787,3.000045778462759,0.3738556,0.36573792,0.34822083,0.36082458,88104.69,294.5188,0.0040621874,0.21967793,1.0570135
Kampala,1999-02-01,0.3152,32.5816,0.30000000000000104,32.60000000000005,290.2798,-0.00440378,0001,11573.29113153154,0.49881738971205347,19.0,0.0720095219202539,0.9279904780797461,0.5011826102879465,1.0000305189751728,0.00026147813,3.3780932e-05,296.25195,296.90942,296.75635,296.21143,295.458,3.000045778462759,0.24899292,0.26391602,0.32130432,0.35614014,88061.31,295.99634,0.0013088457,0.10606003,0.9869776
Kampala,1999-03-01,0.3152,32.5816,0.30000000000000104,32.60000000000005,291.58765,-0.003752341,0001,11573.29113153154,0.49881738971205347,19.0,0.0720095219202539,0.9279904780797461,0.5011826102879465,1.0000305189751728,0.00072257966,0.00018557906,294.80835,295.47876,295.57153,295.80078,295.75586,3.000045778462759,0.3772583,0.35809326,0.3213501,0.3489685,88053.56,294.63574,0.0071511185,0.12550831,1.4333544
Kampala,1999-04-01,0.3152,32.5816,0.30000000000000104,32.60000000000005,291.67993,-0.003729336,0001,11573.29113153154,0.49881738971205347,19.0,0.0720095219202539,0.9279904780797461,0.5011826102879465,1.0000305189751728,0.0019125044,0.0002129674,294.38696,294.9922,295.05762,295.26562,295.61646,3.000045778462759,0.40782166,0.40679932,0.39634705,0.35665894,88230.19,294.29224,0.00830113,0.1303196,2.2403526
Kampala,1999-05-01,0.3152,32.5816,0.30000000000000104,32.60000000000005,291.3313,-0.0034823595,0001,11573.29113153154,0.49881738971205347,19.0,0.0720095219202539,0.9279904780797461,0.5011826102879465,1.0000305189751728,0.0016640723,0.00018250942,293.8584,294.4265,294.4912,294.7229,295.29077,3.000045778462759,0.40611267,0.40701294,0.40992737,0.3929596,88298.625,293.77832,0.0052715093,0.119989395,1.464181
Kampala,1999-06-01,0.3152,32.5816,0.30000000000000104,32.60000000000005,290.54248,-0.0037784036,0001,11573.29113153154,0.49881738971205347,19.0,0.0720095219202539,0.9279904780797461,0.5011826102879465,1.0000305189751728,0.0010153204,8.793175e-05,293.91895,294.5088,294.55444,294.69727,295.01367,3.000045778462759,0.37945557,0.37664795,0.37582397,0.3947296,88328.31,293.9673,0.0029033604,-0.17316914,1.4546375
Kampala,1999-07-01,0.3152,32.5816,0.30000000000000104,32.60000000000005,289.63647,-0.0036504734,0001,11573.29113153154,0.49881738971205347,19.0,0.0720095219202539,0.9279904780797461,0.5011826102879465,1.0000305189751728,0.000662446,7.788837e-05,293.49023,294.12305,294.18555,294.38086,294.78613,3.000045778462759,0.33927917,0.3317566,0.34222412,0.38505554,88402.0,293.37305,0.0024380814,-0.22434711,0.9984875
Kampala,1999-08-01,0.3152,32.5816,0.30000000000000104,32.60000000000005,290.48047,-0.0037226994,0001,11573.29113153154,0.49881738971205347,19.0,0.0720095219202539,0.9279904780797461,0.5011826102879465,1.0000305189751728,0.00070117414,0.00019654632,293.55957,294.16553,294.19653,294.3186,294.58716,3.000045778462759,0.38835144,0.38087463,0.3526764,0.3757782,88376.25,293.29028,0.0052118762,-0.12576866,0.28560734
Kampala,1999-09-01,0.3152,32.5816,0.30000000000000104,32.60000000000005,291.1162,-0.003800759,0001,11573.29113153154,0.49881738971205347,19.0,0.0720095219202539,0.9279904780797461,0.5011826102879465,1.0000305189751728,0.0008314401,0.00014996529,294.0464,294.604,294.57983,294.48657,294.4712,3.000045778462759,0.3993988,0.39764404,0.3847351,0.37521362,88220.56,293.6963,0.0051075527,0.080192566,0.04195881
Kampala,1999-10-01,0.3152,32.5816,0.30000000000000104,32.60000000000005,291.5232,-0.0036255997,0001,11573.29113153154,0.49881738971205347,19.0,0.0720095219202539,0.9279904780797461,0.5011826102879465,1.0000305189751728,0.0011765808,0.00020608306,294.12427,294.6897,294.66284,294.59644,294.52148,3.000045778462759,0.40496826,0.40551758,0.39868164,0.38172913,88232.75,293.57446,0.0051879133,0.19518375,-0.9345207
Kampala,1999-11-01,0.3152,32.5816,0.30000000000000104,32.60000000000005,291.55518,-0.003698349,0001,11573.29113153154,0.49881738971205347,19.0,0.0720095219202539,0.9279904780797461,0.5011826102879465,1.0000305189751728,0.0022661388,0.00027504563,294.27905,294.86108,294.89307,294.90967,294.67188,3.000045778462759,0.41038513,0.4108429,0.40686035,0.3927002,88185.81,293.97388,0.008261399,0.30905437,0.5530739
Kampala,1999-12-01,0.3152,32.5816,0.30000000000000104,32.60000000000005,291.49512,-0.0035612565,0001,11573.29113153154,0.49881738971205347,19.0,0.0720095219202539,0.9279904780797461,0.5011826102879465,1.0000305189751728,0.0026685447,0.00019529462,294.13843,294.65625,294.6394,294.63892,294.67847,3.000045778462759,0.4066162,0.40751648,0.40696716,0.41293335,88188.94,293.92847,0.0053482503,0.3033247,0.794014
Kampala,2000-01-01,0.3152,32.5816,0.30000000000000104,32.60000000000005,290.7588,-0.004360304,0001,11573.29113153154,0.49881738971205347,19.0,0.0720095219202539,0.9279904780797461,0.5011826102879465,1.0000305189751728,0.0014323555,8.034706e-05,294.88843,295.44678,295.35034,295.06934,294.75928,3.000045778462759,0.36289978,0.36509705,0.37495422,0.40480042,88047.69,294.82397,0.002317309,0.39306545,0.68655777
Kampala,2000-02-01,0.3152,32.5816,0.30000000000000104,32.60000000000005,291.15088,-0.0041509196,0001,11573.29113153154,0.49881738971205347,19.0,0.0720095219202539,0.9279904780797461,0.5011826102879465,1.0000305189751728,0.0007600337,7.762015e-05,295.27637,295.85547,295.7461,295.4458,294.99634,3.000045778462759,0.3295288,0.3179016,0.33122253,0.38960266,88138.75,294.9685,0.002648521,0.42540646,1.1952314
Kampala,2000-03-01,0.3152,32.5816,0.30000000000000104,32.60000000000005,291.7356,-0.0041394886,0001,11573.29113153154,0.49881738971205347,19.0,0.0720095219202539,0.9279904780797461,0.5011826102879465,1.0000305189751728,0.0005065352,0.000113487244,295.41992,296.0586,296.02344,295.85645,295.34155,3.000045778462759,0.3555298,0.337677,0.3120575,0.37553406,88072.81,295.09546,0.004319694,0.40762806,1.848299
Kampala,2000-04-01,0.3152,32.5816,0.30000000000000104,32.60000000000005,291.79883,-0.0036320342,0001,11573.29113153154,0.49881738971205347,19.0,0.0720095219202539,0.9279904780797461,0.5011826102879465,1.0000305189751728,0.00070796907,0.00015446544,294.52588,295.1006,295.14893,295.29272,295.4336,3.000045778462759,0.39767456,0.39317322,0.3612213,0.36846924,88157.56,294.38818,0.005499089,0.2843027,1.3427658
Kampala,2000-05-01,0.3152,32.5816,0.30000000000000104,32.60000000000005,291.87744,-0.0037253639,0001,11573.29113153154,0.49881738971205347,19.0,0.0720095219202539,0.9279904780797461,0.5011826102879465,1.0000305189751728,0.0007827133,0.00016216934,294.63745,295.1853,295.1902,295.20776,295.32666,3.000045778462759,0.3935089,0.3929596,0.39024353,0.3738861,88273.125,294.46606,0.0044408315,0.041267395,0.85504246
Kampala,2000-06-01,0.3152,32.5816,0.30000000000000104,32.60000000000005,290.60278,-0.0037242966,0001,11573.29113153154,0.49881738971205347,19.0,0.0720095219202539,0.9279904780797461,0.5011826102879465,1.0000305189751728,0.00055012107,0.000113517046,293.85718,294.51636,294.63892,294.9546,295.25366,3.000045778462759,0.38084412,0.3745575,0.3657074,0.37573242,88353.94,293.8047,0.003720466,-0.056383133,1.2326555
Kampala,2000-07-01,0.3152,32.5816,0.30000000000000104,32.60000000000005,290.03027,-0.0035137534,0001,11573.29113153154,0.49881738971205347,19.0,0.0720095219202539,0.9279904780797461,0.5011826102879465,1.0000305189751728,0.00044731796,9.512901e-05,293.51855,294.14258,294.20947,294.43872,294.94287,3.000045778462759,0.36727905,0.3618164,0.35845947,0.37165833,88300.69,293.3474,0.0027014697,-0.0788126,0.5381365
Kampala,2000-08-01,0.3152,32.5816,0.30000000000000104,32.60000000000005,290.52344,-0.0036578486,0001,11573.29113153154,0.49881738971205347,19.0,0.0720095219202539,0.9279904780797461,0.5011826102879465,1.0000305189751728,0.0003734827,0.000111073256,293.87866,294.4607,294.44727,294.44336,294.6936,3.000045778462759,0.36193848,0.35221863,0.33901978,0.3661499,88344.69,293.44946,0.0030352876,-0.08813286,-0.0443573
Kampala,2000-09-01,0.3152,32.5816,0.30000000000000104,32.60000000000005,291.20703,-0.003829278,0001,11573.29113153154,0.49881738971205347,19.0,0.0720095219202539,0.9279904780797461,0.5011826102879465,1.0000305189751728,0.0004107207,0.00013327599,294.44434,295.02686,294.9912,294.8806,294.69995,3.000045778462759,0.36836243,0.35668945,0.3286438,0.35993958,88202.06,294.04663,0.0039021703,-0.07371998,-0.10593414
Kampala,2000-10-01,0.3152,32.5816,0.30000000000000104,32.60000000000005,291.66284,-0.0036909124,0001,11573.29113153154,0.49881738971205347,19.0,0.0720095219202539,0.9279904780797461,0.5011826102879465,1.0000305189751728,0.00069636106,0.00018846989,294.40796,294.96362,294.92944,294.823,294.7556,3.000045778462759,0.3983307,0.39465332,0.37132263,0.35784912,88240.75,293.9109,0.0055092303,0.26286888,-0.57410145
Kampala,2000-11-01,0.3152,32.5816,0.30000000000000104,32.60000000000005,291.65796,-0.0035477607,0001,11573.29113153154,0.49881738971205347,19.0,0.0720095219202539,0.9279904780797461,0.5011826102879465,1.0000305189751728,0.00079704076,0.00020340085,294.31787,294.8723,294.90723,294.9856,294.8567,3.000045778462759,0.40371704,0.4025116,0.394104,0.3684082,88138.75,293.9834,0.005373277,0.40508366,0.10092449
Kampala,2000-12-01,0.3152,32.5816,0.30000000000000104,32.60000000000005,291.4961,-0.0036826879,0001,11573.29113153154,0.49881738971205347,19.0,0.0720095219202539,0.9279904780797461,0.5011826102879465,1.0000305189751728,0.0014849007,0.00019840896,294.1953,294.72778,294.72412,294.72168,294.81885,3.000045778462759,0.40855408,0.40956116,0.40704346,0.38650513,88217.75,294.00806,0.0058321794,0.18884563,0.81021976
Kampala,2001-01-01,0.3152,32.5816,0.30000000000000104,32.60000000000005,290.50464,-0.0039379383,0001,11573.29113153154,0.49881738971205347,19.0,0.0720095219202539,0.9279904780797461,0.5011826102879465,1.0000305189751728,0.0016102493,0.00016891956,294.15747,294.74658,294.75537,294.77905,294.8025,3.000045778462759,0.39500427,0.39639282,0.4000702,0.3945465,88195.75,294.1089,0.005136474,0.23867989,0.2781992
Kampala,2001-02-01,0.3152,32.5816,0.30000000000000104,32.60000000000005,291.8523,-0.0041758567,0001,11573.29113153154,0.49881738971205347,19.0,0.0720095219202539,0.9279904780797461,0.5011826102879465,1.0000305189751728,0.0015188754,0.0001553595,295.09937,295.6206,295.49976,295.2058,294.87744,3.000045778462759,0.39424133,0.39323425,0.39309692,0.3965454,88116.69,294.88794,0.0049623777,0.16872501,1.5822811
Kampala,2001-03-01,0.3152,32.5816,0.30000000000000104,32.60000000000005,291.56714,-0.0038178721,0001,11573.29113153154,0.49881738971205347,19.0,0.0720095219202539,0.9279904780797461,0.5011826102879465,1.0000305189751728,0.001364477,0.00014345348,294.74512,295.3567,295.39453,295.40698,295.1277,3.000045778462759,0.3887329,0.38783264,0.38508606,0.39259338,88164.25,294.5537,0.0051403167,0.32717323,1.0177422
Kampala,2001-04-01,0.3152,32.5816,0.30000000000000104,32.60000000000005,291.91553,-0.0038456162,0001,11573.29113153154,0.49881738971205347,19.0,0.0720095219202539,0.9279904780797461,0.5011826102879465,1.0000305189751728,0.0020237938,0.00023165345,294.5598,295.11426,295.1128,295.11792,295.14624,3.000045778462759,0.4125061,0.41293335,0.4096222,0.3981781,88205.375,294.43774,0.0071736192,0.05071354,1.7224789
Kampala,2001-05-01,0.3152,32.5816,0.30000000000000104,32.60000000000005,291.61914,-0.003775333,0001,11573.29113153154,0.49881738971205347,19.0,0.0720095219202539,0.9279904780797461,0.5011826102879465,1.0000305189751728,0.0022369772,0.00016140938,294.2483,294.8064,294.84814,294.94263,295.10034,3.000045778462759,0.40852356,0.40966797,0.4099579,0.41007996,88311.69,294.25952,0.0052739596,-0.023654938,1.851057
Kampala,2001-06-01,0.3152,32.5816,0.30000000000000104,32.60000000000005,290.6333,-0.003448004,0001,11573.29113153154,0.49881738971205347,19.0,0.0720095219202539,0.9279904780797461,0.5011826102879465,1.0000305189751728,0.0015293807,0.00014041364,293.50952,294.1145,294.19458,294.43726,294.896,3.000045778462759,0.39511108,0.39405823,0.39265442,0.40592957,88396.25,293.38086,0.0036165619,-0.127038,1.0770674
Kampala,2001-07-01,0.3152,32.5816,0.30000000000000104,32.60000000000005,290.01904,-0.0036946284,0001,11573.29113153154,0.49881738971205347,19.0,0.0720095219202539,0.9279904780797461,0.5011826102879465,1.0000305189751728,0.0010137707,9.88096e-05,293.61475,294.2168,294.2561,294.3838,294.65454,3.000045778462759,0.36540222,0.36018372,0.35969543,0.39614868,88386.625,293.47437,0.002780835,-0.08838272,1.0706768
Kampala,2001-08-01,0.3152,32.5816,0.30000000000000104,32.60000000000005,290.87915,-0.0036029723,0001,11573.29113153154,0.49881738971205347,19.0,0.0720095219202539,0.9279904780797461,0.5011826102879465,1.0000305189751728,0.000671871,0.000114530325,294.18677,294.7202,294.6626,294.53223,294.53125,3.000045778462759,0.3599701,0.35479736,0.34230042,0.38438416,88413.19,293.80518,0.0031146316,0.009838104,0.1680088
Kampala,2001-09-01,0.3152,32.5816,0.30000000000000104,32.60000000000005,291.48535,-0.0036353497,0001,11573.29113153154,0.49881738971205347,19.0,0.0720095219202539,0.9279904780797461,0.5011826102879465,1.0000305189751728,0.00063341856,0.00015586615,294.30762,294.8894,294.88574,294.85547,294.66187,3.000045778462759,0.3777008,0.36836243,0.34077454,0.37538147,88239.81,293.83765,0.0042273616,0.14336872,-0.29014874
Kampala,2001-10-01,0.3152,32.5816,0.30000000000000104,32.60000000000005,291.81982,-0.003703895,0001,11573.29113153154,0.49881738971205347,19.0,0.0720095219202539,0.9279904780797461,0.5011826102879465,1.0000305189751728,0.0006705746,0.00020059943,294.58423,295.1311,295.1079,294.98608,294.74658,3.000045778462759,0.39144897,0.38742065,0.3722229,0.3714447,88251.06,294.15454,0.0046381373,0.21242237,-0.36536026
Kampala,2001-11-01,0.3152,32.5816,0.30000000000000104,32.60000000000005,291.72827,-0.0033863727,0001,11573.29113153154,0.49881738971205347,19.0,0.0720095219202539,0.9279904780797461,0.5011826102879465,1.0000305189751728,0.0010558814,0.00022056699,294.21973,294.7124,294.69336,294.69385,294.80322,3.000045778462759,0.40797424,0.40803528,0.40092468,0.3791809,88258.625,293.78662,0.0056407573,0.12705708,0.13775826
Kampala,2001-12-01,0.3152,32.5816,0.30000000000000104,32.60000000000005,291.88452,-0.0037673917,0001,11573.29113153154,0.49881738971205347,19.0,0.0720095219202539,0.9279904780797461,0.5011826102879465,1.0000305189751728,0.0010205135,0.00014589727,294.71826,295.21484,295.1753,295.0564,294.83667,3.000045778462759,0.39775085,0.39691162,0.39476013,0.3902588,88190.875,294.45435,0.0042153583,0.36096287,0.91097546
Kampala,2002-01-01,0.3152,32.5816,0.30000000000000104,32.60000000000005,291.07275,-0.003744199,0001,11573.29113153154,0.49881738971205347,19.0,0.0720095219202539,0.9279904780797461,0.5011826102879465,1.0000305189751728,0.0013253391,0.00015498698,294.4497,294.99683,294.99536,294.99243,294.94556,3.000045778462759,0.39091492,0.39183044,0.39323425,0.39161682,88228.625,294.37695,0.004675514,0.32181168,0.8570547
Kampala,2002-02-01,0.3152,32.5816,0.30000000000000104,32.60000000000005,291.73926,-0.004402941,0001,11573.29113153154,0.49881738971205347,19.0,0.0720095219202539,0.9279904780797461,0.5011826102879465,1.0000305189751728,0.0007202327,8.709729e-05,296.15063,296.66016,296.48462,295.9087,295.14502,3.000045778462759,0.33721924,0.33442688,0.35702515,0.38705444,88185.125,295.9004,0.0024716868,0.19685745,1.7931089
Kampala,2002-03-01,0.3152,32.5816,0.30000000000000104,32.60000000000005,292.03027,-0.0036476292,0001,11573.29113153154,0.49881738971205347,19.0,0.0720095219202539,0.9279904780797461,0.5011826102879465,1.0000305189751728,0.0016100407,0.00016622245,294.75,295.33057,295.37598,295.53467,295.4536,3.000045778462759,0.4054718,0.40301514,0.37974548,0.38111877,88160.625,294.53857,0.007307983,0.38492966,1.108489
Kampala,2002-04-01,0.3152,32.5816,0.30000000000000104,32.60000000000005,292.21484,-0.0036587045,0001,11573.29113153154,0.49881738971205347,19.0,0.0720095219202539,0.9279904780797461,0.5011826102879465,1.0000305189751728,0.0022383332,0.00022645295,294.68628,295.26978,295.33643,295.43115,295.4768,3.000045778462759,0.4130249,0.414505,0.412735,0.39630127,88103.125,294.6018,0.007953566,0.313982,1.8811941
Kampala,2002-05-01,0.3152,32.5816,0.30000000000000104,32.60000000000005,291.67236,-0.003888891,0001,11573.29113153154,0.49881738971205347,19.0,0.0720095219202539,0.9279904780797461,0.5011826102879465,1.0000305189751728,0.0023166984,0.00014974177,294.6682,295.2119,295.18945,295.18726,295.3269,3.000045778462759,0.39840698,0.39888,0.40116882,0.41197205,88311.31,294.70386,0.0042205425,-0.111364365,2.0800352
Kampala,2002-06-01,0.3152,32.5816,0.30000000000000104,32.60000000000005,290.08228,-0.0037444262,0001,11573.29113153154,0.49881738971205347,19.0,0.0720095219202539,0.9279904780797461,0.5011826102879465,1.0000305189751728,0.0011023656,5.105138e-05,294.19385,294.8213,294.89282,295.07373,295.28662,3.000045778462759,0.3307953,0.32673645,0.35212708,0.3993683,88401.81,294.35718,0.0018207629,0.024902344,1.5645342
Kampala,2002-07-01,0.3152,32.5816,0.30000000000000104,32.60000000000005,290.208,-0.0035202755,0001,11573.29113153154,0.49881738971205347,19.0,0.0720095219202539,0.9279904780797461,0.5011826102879465,1.0000305189751728,0.0005919337,6.0915947e-05,294.2434,294.84863,294.87598,294.94653,295.13037,3.000045778462759,0.29663086,0.28764343,0.31394958,0.38316345,88427.81,294.2224,0.0016830799,-0.03675461,1.1721201
Kampala,2002-08-01,0.3152,32.5816,0.30000000000000104,32.60000000000005,290.49512,-0.0036501829,0001,11573.29113153154,0.49881738971205347,19.0,0.0720095219202539,0.9279904780797461,0.5011826102879465,1.0000305189751728,0.0003815964,0.00011470914,294.15015,294.7356,294.7378,294.78198,294.9895,3.000045778462759,0.33688354,0.3134308,0.29496765,0.3691864,88382.125,293.9402,0.00322998,-0.2267971,0.89956856
Kampala,2002-09-01,0.3152,32.5816,0.30000000000000104,32.60000000000005,291.1692,-0.0039672963,0001,11573.29113153154,0.49881738971205347,19.0,0.0720095219202539,0.9279904780797461,0.5011826102879465,1.0000305189751728,0.00042548776,0.00010623038,294.62207,295.19214,295.14868,295.04712,294.9673,3.000045778462759,0.36454773,0.3534088,0.30804443,0.35923767,88293.875,294.42407,0.0041668597,0.045850754,0.4381628
Kampala,2002-10-01,0.3152,32.5816,0.30000000000000104,32.60000000000005,291.7456,-0.003576913,0001,11573.29113153154,0.49881738971205347,19.0,0.0720095219202539,0.9279904780797461,0.5011826102879465,1.0000305189751728,0.000317052,0.00016652048,294.51147,295.104,295.13916,295.17773,295.05737,3.000045778462759,0.37986755,0.36683655,0.32637024,0.35313416,88195.94,294.15747,0.0046533924,0.2637539,-0.3985939
Kampala,2002-11-01,0.3152,32.5816,0.30000000000000104,32.60000000000005,291.73242,-0.0036440222,0001,11573.29113153154,0.49881738971205347,19.0,0.0720095219202539,0.9279904780797461,0.5011826102879465,1.0000305189751728,0.00092335045,0.00023779273,294.41455,294.93384,294.91992,294.9248,295.03174,3.000045778462759,0.4078064,0.40649414,0.38656616,0.35647583,88255.75,294.0,0.006239253,0.3456583,0.3008709
Kampala,2002-12-01,0.3152,32.5816,0.30000000000000104,32.60000000000005,291.35742,-0.0036972472,0001,11573.29113153154,0.49881738971205347,19.0,0.0720095219202539,0.9279904780797461,0.5011826102879465,1.0000305189751728,0.00090269,0.00017878413,294.67358,295.20654,295.19604,295.15063,295.06494,3.000045778462759,0.39537048,0.3973999,0.39875793,0.37438965,88293.31,294.39868,0.004710612,0.35708523,-0.14990234
Kampala,2003-01-01,0.3152,32.5816,0.30000000000000104,32.60000000000005,291.50537,-0.004064938,0001,11573.29113153154,0.49881738971205347,19.0,0.0720095219202539,0.9279904780797461,0.5011826102879465,1.0000305189751728,0.000663206,0.000108882785,295.13647,295.6682,295.59546,295.4021,295.13818,3.000045778462759,0.35934448,0.35791016,0.36712646,0.3795166,88273.69,295.05884,0.0026979258,0.091498375,0.8336897
Kampala,2003-02-01,0.3152,32.5816,0.30000000000000104,32.60000000000005,291.49,-0.004310445,0001,11573.29113153154,0.49881738971205347,19.0,0.0720095219202539,0.9279904780797461,0.5011826102879465,1.0000305189751728,0.00043924898,6.969273e-05,296.19116,296.7622,296.62646,296.15967,295.42896,3.000045778462759,0.31648254,0.31195068,0.32192993,0.37101746,88146.75,296.03198,0.0027923877,0.070830345,1.2667227
Kampala,2003-03-01,0.3152,32.5816,0.30000000000000104,32.60000000000005,291.88208,-0.0040490893,0001,11573.29113153154,0.49881738971205347,19.0,0.0720095219202539,0.9279904780797461,0.5011826102879465,1.0000305189751728,0.00048493594,0.000110685825,296.08643,296.73315,296.70435,296.5569,295.8921,3.000045778462759,0.32060242,0.30433655,0.29599,0.36054993,88118.06,295.7229,0.004422473,0.36650467,0.97221565
Kampala,2003-04-01,0.3152,32.5816,0.30000000000000104,32.60000000000005,292.10986,-0.0037046815,0001,11573.29113153154,0.49881738971205347,19.0,0.0720095219202539,0.9279904780797461,0.5011826102879465,1.0000305189751728,0.0006936118,0.00020319223,295.0337,295.65186,295.7002,295.87378,296.04688,3.000045778462759,0.38861084,0.38212585,0.34536743,0.3540039,88193.5,294.82422,0.0059420425,0.45142174,1.2672329
Kampala,2003-05-01,0.3152,32.5816,0.30000000000000104,32.60000000000005,291.7334,-0.0038779518,0001,11573.29113153154,0.49881738971205347,19.0,0.0720095219202539,0.9279904780797461,0.5011826102879465,1.0000305189751728,0.00069615245,0.00015355647,294.80176,295.3767,295.39526,295.4651,295.80322,3.000045778462759,0.39375305,0.39286804,0.39100647,0.36410522,88328.44,294.781,0.004316546,-0.16686153,2.5401688
Kampala,2003-06-01,0.3152,32.5816,0.30000000000000104,32.60000000000005,291.04272,-0.0034459075,0001,11573.29113153154,0.49881738971205347,19.0,0.0720095219202539,0.9279904780797461,0.5011826102879465,1.0000305189751728,0.0005476326,0.00016400218,293.8213,294.4939,294.65894,295.1062,295.61475,3.000045778462759,0.38931274,0.3841095,0.37158203,0.36721802,88342.31,293.7129,0.0044411914,-0.17586899,0.93990517
Kampala,2003-07-01,0.3152,32.5816,0.30000000000000104,32.60000000000005,289.9895,-0.0035683112,0001,11573.29113153154,0.49881738971205347,19.0,0.0720095219202539,0.9279904780797461,0.5011826102879465,1.0000305189751728,0.0005432442,7.510185e-05,293.4497,294.04224,294.0996,294.32324,295.10938,3.000045778462759,0.37857056,0.3795929,0.37908936,0.3695984,88440.06,293.39185,0.0026760364,-0.010025024,0.974226
Kampala,2003-08-01,0.3152,32.5816,0.30000000000000104,32.60000000000005,290.53223,-0.0036824439,0001,11573.29113153154,0.49881738971205347,19.0,0.0720095219202539,0.9279904780797461,0.5011826102879465,1.0000305189751728,0.0004041195,9.743869e-05,294.27637,294.8684,294.85254,294.82812,294.86597,3.000045778462759,0.33522034,0.32807922,0.34051514,0.3659973,88368.125,294.02515,0.0026540712,-0.15158844,-0.2283001
Kampala,2003-09-01,0.3152,32.5816,0.30000000000000104,32.60000000000005,291.41504,-0.0037446264,0001,11573.29113153154,0.49881738971205347,19.0,0.0720095219202539,0.9279904780797461,0.5011826102879465,1.0000305189751728,0.00040601194,0.00013279915,294.48755,295.06104,295.03052,294.92773,294.87158,3.000045778462759,0.37919617,0.37142944,0.3403473,0.35990906,88319.75,294.10327,0.004039927,0.18615913,0.0153570175
Kampala,2003-10-01,0.3152,32.5816,0.30000000000000104,32.60000000000005,292.0642,-0.0038028685,0001,11573.29113153154,0.49881738971205347,19.0,0.0720095219202539,0.9279904780797461,0.5011826102879465,1.0000305189751728,0.00057545304,0.00015299022,294.96753,295.51416,295.4851,295.3479,295.00537,3.000045778462759,0.38757324,0.38154602,0.35758972,0.35655212,88194.69,294.5979,0.0050526033,0.2343111,0.23058319
Kampala,2003-11-01,0.3152,32.5816,0.30000000000000104,32.60000000000005,292.12476,-0.003666304,0001,11573.29113153154,0.49881738971205347,19.0,0.0720095219202539,0.9279904780797461,0.5011826102879465,1.0000305189751728,0.0007343665,0.00020210445,294.91602,295.43433,295.4148,295.34595,295.16553,3.000045778462759,0.399765,0.3980255,0.38616943,0.36061096,88174.0,294.44824,0.0052203354,0.2791214,0.032064438
Kampala,2003-12-01,0.3152,32.5816,0.30000000000000104,32.60000000000005,291.38818,-0.0038672546,0001,11573.29113153154,0.49881738971205347,19.0,0.0720095219202539,0.9279904780797461,0.5011826102879465,1.0000305189751728,0.0007931888,0.00012417138,294.57837,295.1372,295.10913,295.11426,295.20557,3.000045778462759,0.3852539,0.38839722,0.3929901,0.37329102,88224.69,294.40845,0.0035358767,0.206913,0.15690422
Kampala,2004-01-01,0.3152,32.5816,0.30000000000000104,32.60000000000005,291.64966,-0.004046824,0001,11573.29113153154,0.49881738971205347,19.0,0.0720095219202539,0.9279904780797461,0.5011826102879465,1.0000305189751728,0.000626117,0.00011816621,295.37256,295.9087,295.84595,295.6228,295.28784,3.000045778462759,0.3605194,0.35498047,0.3555603,0.37277222,88123.25,295.25464,0.0035933442,0.24546051,0.5982199
Kampala,2004-02-01,0.3152,32.5816,0.30000000000000104,32.60000000000005,290.75195,-0.0041940343,0001,11573.29113153154,0.49881738971205347,19.0,0.0720095219202539,0.9279904780797461,0.5011826102879465,1.0000305189751728,0.00044341385,0.000101715326,295.53735,296.18774,296.16382,296.02466,295.55322,3.000045778462759,0.32743835,0.31983948,0.32914734,0.36579895,88199.19,295.4524,0.0038696881,0.060948372,1.1259537
Kampala,2004-03-01,0.3152,32.5816,0.30000000000000104,32.60000000000005,292.34424,-0.004215517,0001,11573.29113153154,0.49881738971205347,19.0,0.0720095219202539,0.9279904780797461,0.5011826102879465,1.0000305189751728,0.00062353164,0.00012035668,295.89697,296.4485,296.36646,296.11572,295.7561,3.000045778462759,0.37379456,0.36836243,0.34597778,0.3597412,88136.625,295.7434,0.0049502933,0.33090496,1.9362669
Kampala,2004-04-01,0.3152,32.5816,0.30000000000000104,32.60000000000005,291.86572,-0.0033944827,0001,11573.29113153154,0.49881738971205347,19.0,0.0720095219202539,0.9279904780797461,0.5011826102879465,1.0000305189751728,0.001465261,0.00021244586,294.24463,294.86133,294.98853,295.36597,295.79492,3.000045778462759,0.41082764,0.4105835,0.39715576,0.366333,88220.375,294.2412,0.007308551,0.07990551,1.692131
Kampala,2004-05-01,0.3152,32.5816,0.30000000000000104,32.60000000000005,291.55347,-0.003875086,0001,11573.29113153154,0.49881738971205347,19.0,0.0720095219202539,0.9279904780797461,0.5011826102879465,1.0000305189751728,0.0009798482,0.00012175739,294.61548,295.20288,295.23608,295.32202,295.52686,3.000045778462759,0.38882446,0.38845825,0.3941803,0.38575745,88330.625,294.6543,0.003935312,-0.05337715,1.8299513
Kampala,2004-06-01,0.3152,32.5816,0.30000000000000104,32.60000000000005,290.3806,-0.0038523963,0001,11573.29113153154,0.49881738971205347,19.0,0.0720095219202539,0.9279904780797461,0.5011826102879465,1.0000305189751728,0.00083106756,0.00010600686,293.98315,294.62695,294.71582,294.9651,295.36255,3.000045778462759,0.3841095,0.38252258,0.37402344,0.38331604,88501.44,293.99243,0.0035730202,-0.12260914,1.4488277
Kampala,2004-07-01,0.3152,32.5816,0.30000000000000104,32.60000000000005,289.73804,-0.0036497936,0001,11573.29113153154,0.49881738971205347,19.0,0.0720095219202539,0.9279904780797461,0.5011826102879465,1.0000305189751728,0.0005090982,5.593896e-05,293.7788,294.39648,294.41138,294.55225,295.0515,3.000045778462759,0.3271942,0.32357788,0.34213257,0.37667847,88362.56,293.6914,0.0018126164,-0.0522604,0.9001322
Kampala,2004-08-01,0.3152,32.5816,0.30000000000000104,32.60000000000005,290.96387,-0.003559867,0001,11573.29113153154,0.49881738971205347,19.0,0.0720095219202539,0.9279904780797461,0.5011826102879465,1.0000305189751728,0.00037685782,0.00010828674,294.29883,294.8916,294.8872,294.86206,294.9048,3.000045778462759,0.34199524,0.32896423,0.31672668,0.36743164,88397.56,293.89795,0.0027532135,0.0052013397,-0.19068146
Kampala,2004-09-01,0.3152,32.5816,0.30000000000000104,32.60000000000005,291.09644,-0.0037618168,0001,11573.29113153154,0.49881738971205347,19.0,0.0720095219202539,0.9279904780797461,0.5011826102879465,1.0000305189751728,0.0003041774,0.00013880432,294.48828,295.09668,295.09644,295.0481,294.93604,3.000045778462759,0.35806274,0.34172058,0.30926514,0.35887146,88264.56,294.0559,0.003904464,0.061429977,0.0102062225
Kampala,2004-10-01,0.3152,32.5816,0.30000000000000104,32.60000000000005,291.67358,-0.0038172798,0001,11573.29113153154,0.49881738971205347,19.0,0.0720095219202539,0.9279904780797461,0.5011826102879465,1.0000305189751728,0.00048407912,0.00014953315,294.8711,295.42383,295.3828,295.2744,295.0393,3.000045778462759,0.37257385,0.3647461,0.33122253,0.35281372,88230.125,294.48853,0.0048775263,0.2433033,0.03085041
Kampala,2004-11-01,0.3152,32.5816,0.30000000000000104,32.60000000000005,291.83032,-0.0035931785,0001,11573.29113153154,0.49881738971205347,19.0,0.0720095219202539,0.9279904780797461,0.5011826102879465,1.0000305189751728,0.0003337711,0.00018271804,294.53174,295.0708,295.07275,295.08203,295.0957,3.000045778462759,0.39375305,0.38911438,0.36869812,0.35240173,88219.75,294.13647,0.0042746975,0.13387871,-0.17377377
Kampala,2004-12-01,0.3152,32.5816,0.30000000000000104,32.60000000000005,291.7859,-0.0036609238,0001,11573.29113153154,0.49881738971205347,19.0,0.0720095219202539,0.9279904780797461,0.5011826102879465,1.0000305189751728,0.00069762766,0.0001887083,294.66943,295.19238,295.18726,295.1438,295.10693,3.000045778462759,0.3975525,0.395401,0.3855896,0.3592224,88168.25,294.4768,0.004982102,0.06705856,0.77921486
Kampala,2005-01-01,0.3152,32.5816,0.30000000000000104,32.60000000000005,291.50708,-0.00412314,0001,11573.29113153154,0.49881738971205347,19.0,0.0720095219202539,0.9279904780797461,0.5011826102879465,1.0000305189751728,0.0004614964,0.00011865795,295.3252,295.86353,295.7849,295.57227,295.21875,3.000045778462759,0.36117554,0.35720825,0.36209106,0.36428833,88187.69,295.2705,0.0029901892,-0.006907463,1.0027571
Kampala,2005-02-01,0.3152,32.5816,0.30000000000000104,32.60000000000005,291.7317,-0.0045334334,0001,11573.29113153154,0.49881738971205347,19.0,0.0720095219202539,0.9279904780797461,0.5011826102879465,1.0000305189751728,0.00047314167,6.8575144e-05,296.57935,297.11353,296.92358,296.29102,295.51245,3.000045778462759,0.3184967,0.3286438,0.33944702,0.35957336,88081.625,296.6394,0.0034310024,0.016036987,1.7049437
Kampala,2005-03-01,0.3152,32.5816,0.30000000000000104,32.60000000000005,292.40112,-0.0039713895,0001,11573.29113153154,0.49881738971205347,19.0,0.0720095219202539,0.9279904780797461,0.5011826102879465,1.0000305189751728,0.00074742734,0.00014606118,295.72192,296.32617,296.32812,296.3789,295.98462,3.000045778462759,0.3886261,0.38468933,0.34831238,0.35429382,88204.125,295.43652,0.005703412,0.31490612,1.2240038
Kampala,2005-04-01,0.3152,32.5816,0.30000000000000104,32.60000000000005,292.4839,-0.0039070426,0001,11573.29113153154,0.49881738971205347,19.0,0.0720095219202539,0.9279904780797461,0.5011826102879465,1.0000305189751728,0.00052367896,0.00013333559,295.45996,296.04688,296.06616,296.07202,296.04834,3.000045778462759,0.3841858,0.3809662,0.3743744,0.35635376,88186.875,295.39258,0.0041435394,0.21980476,1.5515518
Kampala,2005-05-01,0.3152,32.5816,0.30000000000000104,32.60000000000005,291.9563,-0.0033317572,0001,11573.29113153154,0.49881738971205347,19.0,0.0720095219202539,0.9279904780797461,0.5011826102879465,1.0000305189751728,0.00088313967,0.00024363399,294.35864,294.97095,295.09546,295.4651,295.9292,3.000045778462759,0.40792847,0.4057312,0.39178467,0.36320496,88321.94,294.08813,0.0060141506,0.004527092,0.77125454
Kampala,2005-06-01,0.3152,32.5816,0.30000000000000104,32.60000000000005,291.32983,-0.003604645,0001,11573.29113153154,0.49881738971205347,19.0,0.0720095219202539,0.9279904780797461,0.5011826102879465,1.0000305189751728,0.0010389313,0.00017659366,294.25073,294.85303,294.9187,295.1172,295.59912,3.000045778462759,0.40063477,0.4005432,0.39778137,0.37835693,88359.31,294.0669,0.0046612755,-0.00053691864,0.98677635
Kampala,2005-07-01,0.3152,32.5816,0.30000000000000104,32.60000000000005,290.15283,-0.0036871228,0001,11573.29113153154,0.49881738971205347,19.0,0.0720095219202539,0.9279904780797461,0.5011826102879465,1.0000305189751728,0.0007548705,8.827448e-05,293.8413,294.4912,294.5581,294.74487,295.2539,3.000045778462759,0.3504486,0.352417,0.37408447,0.38334656,88464.06,293.7212,0.0021066873,-0.026917458,0.8827505
Kampala,2005-08-01,0.3152,32.5816,0.30000000000000104,32.60000000000005,290.94873,-0.0037361458,0001,11573.29113153154,0.49881738971205347,19.0,0.0720095219202539,0.9279904780797461,0.5011826102879465,1.0000305189751728,0.0007956326,0.00015740097,294.11255,294.73877,294.77588,294.8833,295.05396,3.000045778462759,0.38121033,0.3725586,0.35430908,0.3759613,88345.375,293.84302,0.0046720253,-0.079369545,0.11050415
Kampala,2005-09-01,0.3152,32.5816,0.30000000000000104,32.60000000000005,291.69165,-0.003756051,0001,11573.29113153154,0.49881738971205347,19.0,0.0720095219202539,0.9279904780797461,0.5011826102879465,1.0000305189751728,0.0005111098,0.00015094876,294.7307,295.27588,295.18848,295.01147,294.9817,3.000045778462759,0.37275696,0.3670807,0.35917664,0.37135315,88292.5,294.33643,0.003535931,0.12678146,-0.5132389
Kampala,2005-10-01,0.3152,32.5816,0.30000000000000104,32.60000000000005,291.8557,-0.003649043,0001,11573.29113153154,0.49881738971205347,19.0,0.0720095219202539,0.9279904780797461,0.5011826102879465,1.0000305189751728,0.0005651489,0.00018192828,294.55884,295.16675,295.1836,295.2173,295.0918,3.000045778462759,0.39300537,0.38835144,0.36764526,0.36779785,88252.81,294.07593,0.004820325,0.30131721,-0.56807613
Kampala,2005-11-01,0.3152,32.5816,0.30000000000000104,32.60000000000005,291.9397,-0.0039096363,0001,11573.29113153154,0.49881738971205347,19.0,0.0720095219202539,0.9279904780797461,0.5011826102879465,1.0000305189751728,0.0005731657,0.00017765164,295.02612,295.54004,295.47192,295.27637,295.11572,3.000045778462759,0.394104,0.39224243,0.3851471,0.3715973,88172.56,294.54297,0.0040009413,0.23804474,0.043017387
Kampala,2005-12-01,0.3152,32.5816,0.30000000000000104,32.60000000000005,291.51367,-0.0040858546,0001,11573.29113153154,0.49881738971205347,19.0,0.0720095219202539,0.9279904780797461,0.5011826102879465,1.0000305189751728,0.00048103184,8.1539154e-05,295.40942,295.94775,295.86694,295.6477,295.2815,3.000045778462759,0.3530426,0.3537445,0.36869812,0.37245178,88069.31,295.1787,0.0024478757,0.39592743,0.8252363
Kampala,2006-01-01,0.3152,32.5816,0.30000000000000104,32.60000000000005,291.08447,-0.0042595034,0001,11573.29113153154,0.49881738971205347,19.0,0.0720095219202539,0.9279904780797461,0.5011826102879465,1.0000305189751728,0.00035507977,8.2820654e-05,295.81177,296.40894,296.32324,296.0415,295.5913,3.000045778462759,0.3085327,0.30184937,0.3184204,0.3653717,88083.25,295.63745,0.0025832902,0.07709217,1.1568108
Kampala,2006-02-01,0.3152,32.5816,0.30000000000000104,32.60000000000005,291.63818,-0.004069009,0001,11573.29113153154,0.49881738971205347,19.0,0.0720095219202539,0.9279904780797461,0.5011826102879465,1.0000305189751728,0.00030201674,0.000116825104,295.93848,296.573,296.5481,296.43848,295.8943,3.000045778462759,0.33236694,0.30807495,0.2897339,0.3557434,88085.125,295.68555,0.0042413613,0.2998457,1.0210981
Kampala,2006-03-01,0.3152,32.5816,0.30000000000000104,32.60000000000005,291.7876,-0.003782263,0001,11573.29113153154,0.49881738971205347,19.0,0.0720095219202539,0.9279904780797461,0.5011826102879465,1.0000305189751728,0.00056333095,0.0001488328,294.9912,295.63965,295.71948,295.90576,296.01953,3.000045778462759,0.3914032,0.38388062,0.33299255,0.34951782,88179.0,294.77856,0.005509819,0.21821499,1.2983398
Kampala,2006-04-01,0.3152,32.5816,0.30000000000000104,32.60000000000005,291.76758,-0.0035221092,0001,11573.29113153154,0.49881738971205347,19.0,0.0720095219202539,0.9279904780797461,0.5011826102879465,1.0000305189751728,0.0012891144,0.00019603968,294.41162,294.9629,295.01514,295.21484,295.75854,3.000045778462759,0.4102478,0.40966797,0.39552307,0.35850525,88191.81,294.34888,0.007098668,-0.06278229,1.8578367
Kampala,2006-05-01,0.3152,32.5816,0.30000000000000104,32.60000000000005,291.73975,-0.0033413423,0001,11573.29113153154,0.49881738971205347,19.0,0.0720095219202539,0.9279904780797461,0.5011826102879465,1.0000305189751728,0.002442345,0.00023469329,294.05103,294.6416,294.75464,295.03955,295.47607,3.000045778462759,0.4117279,0.41235352,0.4113922,0.3897705,88328.31,293.97803,0.0074840877,0.19583702,1.3580475
Kampala,2006-06-01,0.3152,32.5816,0.30000000000000104,32.60000000000005,290.72388,-0.0035313135,0001,11573.29113153154,0.49881738971205347,19.0,0.0720095219202539,0.9279904780797461,0.5011826102879465,1.0000305189751728,0.001369223,9.864569e-05,293.92432,294.4746,294.511,294.67212,295.14453,3.000045778462759,0.39094543,0.39208984,0.39497375,0.39990234,88381.44,293.87988,0.003106589,0.16064644,1.2098274
Kampala,2006-07-01,0.3152,32.5816,0.30000000000000104,32.60000000000005,290.44995,-0.00361853,0001,11573.29113153154,0.49881738971205347,19.0,0.0720095219202539,0.9279904780797461,0.5011826102879465,1.0000305189751728,0.0009367317,0.00012470782,293.88696,294.49146,294.5498,294.6931,294.93652,3.000045778462759,0.36883545,0.36532593,0.36218262,0.39196777,88427.19,293.81958,0.00366693,-0.059933662,1.0794106
Kampala,2006-08-01,0.3152,32.5816,0.30000000000000104,32.60000000000005,290.7495,-0.003728536,0001,11573.29113153154,0.49881738971205347,19.0,0.0720095219202539,0.9279904780797461,0.5011826102879465,1.0000305189751728,0.00091617554,0.00013963878,294.16553,294.71802,294.67993,294.594,294.74097,3.000045778462759,0.3655243,0.3669281,0.37826538,0.38682556,88338.81,293.9419,0.003504419,-0.02355957,-0.08315468
Kampala,2006-09-01,0.3152,32.5816,0.30000000000000104,32.60000000000005,291.0725,-0.003947368,0001,11573.29113153154,0.49881738971205347,19.0,0.0720095219202539,0.9279904780797461,0.5011826102879465,1.0000305189751728,0.0008467734,0.0001386553,294.32373,294.92725,294.9319,294.92065,294.7915,3.000045778462759,0.37948608,0.37077332,0.3529358,0.38049316,88314.625,294.08154,0.0050323918,-0.01123333,0.25062847
Kampala,2006-10-01,0.3152,32.5816,0.30000000000000104,32.60000000000005,291.76855,-0.004019687,0001,11573.29113153154,0.49881738971205347,19.0,0.0720095219202539,0.9279904780797461,0.5011826102879465,1.0000305189751728,0.00064603984,0.00012515485,294.958,295.49585,295.42944,295.2539,294.92334,3.000045778462759,0.384964,0.3814087,0.37373352,0.37631226,88239.125,294.66162,0.0038517974,0.21845722,-0.30304146
Kampala,2006-11-01,0.3152,32.5816,0.30000000000000104,32.60000000000005,291.55005,-0.0032976707,0001,11573.29113153154,0.49881738971205347,19.0,0.0720095219202539,0.9279904780797461,0.5011826102879465,1.0000305189751728,0.0011460558,0.0002822429,293.9712,294.54736,294.6333,294.84717,295.02612,3.000045778462759,0.41119385,0.40997314,0.39837646,0.37982178,88208.75,293.6355,0.006619877,0.114144325,-0.13040447
Kampala,2006-12-01,0.3152,32.5816,0.30000000000000104,32.60000000000005,291.3689,-0.0036299098,0001,11573.29113153154,0.49881738971205347,19.0,0.0720095219202539,0.9279904780797461,0.5011826102879465,1.0000305189751728,0.0024310201,0.0002451539,294.40405,294.90674,294.87622,294.80005,294.87036,3.000045778462759,0.40663147,0.40924072,0.41348267,0.40315247,88296.25,294.10376,0.0059818598,0.009874344,-0.28081036
Kampala,2007-01-01,0.3152,32.5816,0.30000000000000104,32.60000000000005,291.51367,-0.0039793784,0001,11573.29113153154,0.49881738971205347,19.0,0.0720095219202539,0.9279904780797461,0.5011826102879465,1.0000305189751728,0.0017218217,0.00016722083,294.95068,295.4641,295.40503,295.22095,294.95435,3.000045778462759,0.39006042,0.38916016,0.38378906,0.404068,88290.06,294.94238,0.005106928,-0.11383152,0.49483013
Kampala,2007-02-01,0.3152,32.5816,0.30000000000000104,32.60000000000005,291.7627,-0.004226354,0001,11573.29113153154,0.49881738971205347,19.0,0.0720095219202539,0.9279904780797461,0.5011826102879465,1.0000305189751728,0.001990866,0.00016446412,295.56274,296.0857,295.97266,295.656,295.177,3.000045778462759,0.3859253,0.3892517,0.39927673,0.40229797,88182.125,295.354,0.0047190296,0.030620575,0.91696167
Kampala,2007-03-01,0.3152,32.5816,0.30000000000000104,32.60000000000005,292.15186,-0.00448714,0001,11573.29113153154,0.49881738971205347,19.0,0.0720095219202539,0.9279904780797461,0.5011826102879465,1.0000305189751728,0.0010631233,0.00011070073,295.81396,296.43677,296.36328,296.12988,295.55127,3.000045778462759,0.36717224,0.35993958,0.35206604,0.3937378,88144.875,295.65552,0.003938072,0.03291416,1.8941517
Kampala,2007-04-01,0.3152,32.5816,0.30000000000000104,32.60000000000005,292.06616,-0.003933419,0001,11573.29113153154,0.49881738971205347,19.0,0.0720095219202539,0.9279904780797461,0.5011826102879465,1.0000305189751728,0.0008025542,0.00014606118,295.4602,296.0681,296.08228,296.0874,295.85425,3.000045778462759,0.37057495,0.36412048,0.34451294,0.38186646,88186.125,295.3108,0.004727976,0.172966,1.583745
Kampala,2007-05-01,0.3152,32.5816,0.30000000000000104,32.60000000000005,292.01465,-0.0038267914,0001,11573.29113153154,0.49881738971205347,19.0,0.0720095219202539,0.9279904780797461,0.5011826102879465,1.0000305189751728,0.0006611198,0.00015068054,294.84326,295.43506,295.4856,295.59668,295.7964,3.000045778462759,0.38900757,0.38563538,0.3791809,0.37834167,88276.0,294.78638,0.004169754,0.130229,1.9765568
Kampala,2007-06-01,0.3152,32.5816,0.30000000000000104,32.60000000000005,290.5786,-0.0035492703,0001,11573.29113153154,0.49881738971205347,19.0,0.0720095219202539,0.9279904780797461,0.5011826102879465,1.0000305189751728,0.0009112954,0.00013808906,293.85864,294.5027,294.61157,294.9475,295.55273,3.000045778462759,0.38668823,0.3868103,0.3874359,0.3801117,88347.0,293.81738,0.0040488364,0.131917,1.4140558
Kampala,2007-07-01,0.3152,32.5816,0.30000000000000104,32.60000000000005,290.88843,-0.003544121,0001,11573.29113153154,0.49881738971205347,19.0,0.0720095219202539,0.9279904780797461,0.5011826102879465,1.0000305189751728,0.0008659288,0.00016191602,293.88696,294.49927,294.5586,294.74463,295.19775,3.000045778462759,0.39233398,0.38938904,0.37672424,0.37937927,88359.31,293.65186,0.0047444664,-0.030914307,0.1388464
Kampala,2007-08-01,0.3152,32.5816,0.30000000000000104,32.60000000000005,291.00732,-0.003580953,0001,11573.29113153154,0.49881738971205347,19.0,0.0720095219202539,0.9279904780797461,0.5011826102879465,1.0000305189751728,0.0009210408,0.00016005337,293.89722,294.47803,294.49902,294.61523,294.94043,3.000045778462759,0.4021454,0.40278625,0.39665222,0.38201904,88317.0,293.53857,0.004420643,-0.003660202,0.050271034
Kampala,2007-09-01,0.3152,32.5816,0.30000000000000104,32.60000000000005,291.42627,-0.0040410534,0001,11573.29113153154,0.49881738971205347,19.0,0.0720095219202539,0.9279904780797461,0.5011826102879465,1.0000305189751728,0.00088502467,0.00020261109,294.58447,295.1836,295.12158,294.93872,294.8357,3.000045778462759,0.3907318,0.38897705,0.3881073,0.386261,88309.81,294.09424,0.0040006647,-0.056365967,-0.84774876
Kampala,2007-10-01,0.3152,32.5816,0.30000000000000104,32.60000000000005,291.8225,-0.0040211026,0001,11573.29113153154,0.49881738971205347,19.0,0.0720095219202539,0.9279904780797461,0.5011826102879465,1.0000305189751728,0.000715822,0.00015628338,294.90894,295.49365,295.4563,295.3413,295.0183,3.000045778462759,0.3843689,0.37989807,0.37028503,0.38249207,88193.125,294.4082,0.0039794813,0.29260635,-0.2050972
Kampala,2007-11-01,0.3152,32.5816,0.30000000000000104,32.60000000000005,291.79028,-0.0037829475,0001,11573.29113153154,0.49881738971205347,19.0,0.0720095219202539,0.9279904780797461,0.5011826102879465,1.0000305189751728,0.0007784143,0.00019471347,294.67993,295.24634,295.24194,295.22046,295.14844,3.000045778462759,0.39537048,0.39227295,0.37878418,0.3787079,88129.125,294.2937,0.0050010476,0.43228054,0.25829792
Kampala,2007-12-01,0.3152,32.5816,0.30000000000000104,32.60000000000005,290.88354,-0.00407537,0001,11573.29113153154,0.49881738971205347,19.0,0.0720095219202539,0.9279904780797461,0.5011826102879465,1.0000305189751728,0.00083832815,0.00012689829,294.5564,295.1599,295.16504,295.18823,295.1819,3.000045778462759,0.37371826,0.37457275,0.38526917,0.38237,88131.25,294.56348,0.0034842675,0.196805,0.833663
Kampala,2008-01-01,0.3152,32.5816,0.30000000000000104,32.60000000000005,291.42065,-0.0039458284,0001,11573.29113153154,0.49881738971205347,19.0,0.0720095219202539,0.9279904780797461,0.5011826102879465,1.0000305189751728,0.0009011626,0.00014775991,295.0515,295.61597,295.57715,295.45972,295.25708,3.000045778462759,0.3636322,0.35499573,0.3504486,0.37750244,88126.56,294.8689,0.00463458,0.32965183,0.8757696
Kampala,2008-02-01,0.3152,32.5816,0.30000000000000104,32.60000000000005,291.44336,-0.004086202,0001,11573.29113153154,0.49881738971205347,19.0,0.0720095219202539,0.9279904780797461,0.5011826102879465,1.0000305189751728,0.00062141195,9.559095e-05,295.13086,295.70898,295.66504,295.51733,295.33984,3.000045778462759,0.3683777,0.3663025,0.36257935,0.3723755,88199.75,295.0327,0.0035094623,0.1996479,1.5664635
Kampala,2008-03-01,0.3152,32.5816,0.30000000000000104,32.60000000000005,291.51196,-0.0039661853,0001,11573.29113153154,0.49881738971205347,19.0,0.0720095219202539,0.9279904780797461,0.5011826102879465,1.0000305189751728,0.00080657005,0.00013202429,294.98853,295.64746,295.6809,295.719,295.51123,3.000045778462759,0.37139893,0.36309814,0.3503723,0.36735535,88094.06,294.75488,0.005386008,0.25743008,1.9979963
Kampala,2008-04-01,0.3152,32.5816,0.30000000000000104,32.60000000000005,291.55835,-0.0036668591,0001,11573.29113153154,0.49881738971205347,19.0,0.0720095219202539,0.9279904780797461,0.5011826102879465,1.0000305189751728,0.0013191998,0.00018578768,294.3518,294.94824,295.0,295.17065,295.4807,3.000045778462759,0.4005432,0.39985657,0.39382935,0.3708191,88112.5,294.28394,0.0064497762,0.4070034,1.7528381
Kampala,2008-05-01,0.3152,32.5816,0.30000000000000104,32.60000000000005,291.47876,-0.003775428,0001,11573.29113153154,0.49881738971205347,19.0,0.0720095219202539,0.9279904780797461,0.5011826102879465,1.0000305189751728,0.0011675805,0.00015485287,294.3401,294.92432,294.96606,295.08032,295.2849,3.000045778462759,0.40150452,0.40063477,0.3972931,0.3867035,88227.375,294.25757,0.0048558293,0.2207489,1.5492687
Kampala,2008-06-01,0.3152,32.5816,0.30000000000000104,32.60000000000005,290.12354,-0.0035100076,0001,11573.29113153154,0.49881738971205347,19.0,0.0720095219202539,0.9279904780797461,0.5011826102879465,1.0000305189751728,0.001301974,0.00011101365,293.45557,294.0525,294.13306,294.40723,295.00464,3.000045778462759,0.3793335,0.38252258,0.39456177,0.39430237,88348.81,293.6311,0.0030177326,0.042909622,1.5544834
Kampala,2008-07-01,0.3152,32.5816,0.30000000000000104,32.60000000000005,289.9663,-0.0034424216,0001,11573.29113153154,0.49881738971205347,19.0,0.0720095219202539,0.9279904780797461,0.5011826102879465,1.0000305189751728,0.0008164942,9.9644065e-05,293.50806,294.12207,294.19775,294.37744,294.71387,3.000045778462759,0.33996582,0.33319092,0.34283447,0.3868866,88375.875,293.40112,0.0031050884,-0.0057373047,0.7829218
Kampala,2008-08-01,0.3152,32.5816,0.30000000000000104,32.60000000000005,291.04175,-0.003477958,0001,11573.29113153154,0.49881738971205347,19.0,0.0720095219202539,0.9279904780797461,0.5011826102879465,1.0000305189751728,0.0006390363,0.00014650822,293.9109,294.4358,294.40967,294.40283,294.53125,3.000045778462759,0.3847351,0.3791504,0.35462952,0.37800598,88247.5,293.5227,0.00398097,-0.0035438538,0.040211678
Kampala,2008-09-01,0.3152,32.5816,0.30000000000000104,32.60000000000005,291.67017,-0.0039940923,0001,11573.29113153154,0.49881738971205347,19.0,0.0720095219202539,0.9279904780797461,0.5011826102879465,1.0000305189751728,0.00052609295,0.00015182793,294.92017,295.46094,295.3557,295.00903,294.6089,3.000045778462759,0.370224,0.3658142,0.35578918,0.37272644,88250.81,294.45923,0.0033031816,0.1368866,-0.45762348
Kampala,2008-10-01,0.3152,32.5816,0.30000000000000104,32.60000000000005,291.7317,-0.0038237032,0001,11573.29113153154,0.49881738971205347,19.0,0.0720095219202539,0.9279904780797461,0.5011826102879465,1.0000305189751728,0.00047506392,0.00019933283,294.7168,295.28418,295.2566,295.19116,294.87842,3.000045778462759,0.38594055,0.37841797,0.35295105,0.3675537,88242.06,294.2329,0.0047032796,0.0030117035,-0.6159172
Kampala,2008-11-01,0.3152,32.5816,0.30000000000000104,32.60000000000005,291.7693,-0.0036920793,0001,11573.29113153154,0.49881738971205347,19.0,0.0720095219202539,0.9279904780797461,0.5011826102879465,1.0000305189751728,0.00096509606,0.00020892918,294.563,295.0923,295.06787,295.00977,294.96313,3.000045778462759,0.39698792,0.39614868,0.3915863,0.3718872,88181.5,294.2793,0.005052848,0.09913063,0.06668186
Kampala,2008-12-01,0.3152,32.5816,0.30000000000000104,32.60000000000005,291.3789,-0.0039728945,0001,11573.29113153154,0.49881738971205347,19.0,0.0720095219202539,0.9279904780797461,0.5011826102879465,1.0000305189751728,0.0005242154,0.000116959214,294.88354,295.42847,295.39404,295.2898,295.06567,3.000045778462759,0.36575317,0.36280823,0.3673401,0.375885,88128.375,294.87134,0.0027835295,0.07939434,1.0695076
Kampala,2009-01-01,0.3152,32.5816,0.30000000000000104,32.60000000000005,291.125,-0.004107192,0001,11573.29113153154,0.49881738971205347,19.0,0.0720095219202539,0.9279904780797461,0.5011826102879465,1.0000305189751728,0.0005809255,0.00011406839,295.19897,295.80615,295.79688,295.6853,295.2771,3.000045778462759,0.3511963,0.33943176,0.3307495,0.36891174,88175.625,294.98926,0.0042086486,0.052288055,0.90692043
Kampala,2009-02-01,0.3152,32.5816,0.30000000000000104,32.60000000000005,291.6543,-0.0044301366,0001,11573.29113153154,0.49881738971205347,19.0,0.0720095219202539,0.9279904780797461,0.5011826102879465,1.0000305189751728,0.0005773902,9.860098e-05,295.67383,296.2129,296.06592,295.72852,295.44238,3.000045778462759,0.37753296,0.37364197,0.34803772,0.3630829,88089.5,295.36304,0.0040574977,0.43443012,1.972187
Kampala,2009-03-01,0.3152,32.5816,0.30000000000000104,32.60000000000005,291.78833,-0.0042416677,0001,11573.29113153154,0.49881738971205347,19.0,0.0720095219202539,0.9279904780797461,0.5011826102879465,1.0000305189751728,0.0003016293,7.927418e-05,296.1333,296.75586,296.69482,296.3938,295.76318,3.000045778462759,0.32537842,0.31539917,0.32540894,0.3580475,88063.75,295.83105,0.0025203289,0.39825916,1.8297205
Kampala,2009-04-01,0.3152,32.5816,0.30000000000000104,32.60000000000005,291.90112,-0.0037136083,0001,11573.29113153154,0.49881738971205347,19.0,0.0720095219202539,0.9279904780797461,0.5011826102879465,1.0000305189751728,0.0007180944,0.00018122792,294.74,295.38354,295.48828,295.78906,295.93896,3.000045778462759,0.39093018,0.37869263,0.33651733,0.35272217,88226.06,294.64795,0.0067123333,0.30606747,1.8321104
Kampala,2009-05-01,0.3152,32.5816,0.30000000000000104,32.60000000000005,291.9668,-0.0033457717,0001,11573.29113153154,0.49881738971205347,19.0,0.0720095219202539,0.9279904780797461,0.5011826102879465,1.0000305189751728,0.0005174279,0.00015297532,294.56934,295.12134,295.1765,295.36133,295.75293,3.000045778462759,0.3900299,0.3885193,0.37986755,0.35736084,88243.81,294.47144,0.0037605944,0.19347191,1.0157433
Kampala,2009-06-01,0.3152,32.5816,0.30000000000000104,32.60000000000005,291.07153,-0.0037443675,0001,11573.29113153154,0.49881738971205347,19.0,0.0720095219202539,0.9279904780797461,0.5011826102879465,1.0000305189751728,0.00041576475,8.0510974e-05,294.38452,294.9751,295.03394,295.19238,295.50732,3.000045778462759,0.35969543,0.35539246,0.36289978,0.36047363,88345.125,294.52222,0.0026556626,0.16883755,1.5624342
Kampala,2009-07-01,0.3152,32.5816,0.30000000000000104,32.60000000000005,289.64453,-0.003711286,0001,11573.29113153154,0.49881738971205347,19.0,0.0720095219202539,0.9279904780797461,0.5011826102879465,1.0000305189751728,0.0003309399,5.3942204e-05,294.01025,294.63916,294.66626,294.79736,295.23535,3.000045778462759,0.31829834,0.31788635,0.33306885,0.3560791,88419.56,294.13403,0.0018026028,0.026930809,1.8884516
Kampala,2009-08-01,0.3152,32.5816,0.30000000000000104,32.60000000000005,290.90942,-0.0037424946,0001,11573.29113153154,0.49881738971205347,19.0,0.0720095219202539,0.9279904780797461,0.5011826102879465,1.0000305189751728,0.00030443072,0.00011947751,294.49268,295.0786,295.08154,295.08984,295.12646,3.000045778462759,0.34733582,0.32873535,0.30503845,0.3489685,88311.44,294.3452,0.003902035,-0.17226219,0.7069216
Kampala,2009-09-01,0.3152,32.5816,0.30000000000000104,32.60000000000005,291.813,-0.0036328016,0001,11573.29113153154,0.49881738971205347,19.0,0.0720095219202539,0.9279904780797461,0.5011826102879465,1.0000305189751728,0.0002740398,0.00015884638,294.81104,295.37817,295.3579,295.2705,295.14038,3.000045778462759,0.37974548,0.36883545,0.32505798,0.34378052,88329.375,294.4536,0.00450311,0.13224125,-0.13439178
Kampala,2009-10-01,0.3152,32.5816,0.30000000000000104,32.60000000000005,291.96753,-0.0037716012,0001,11573.29113153154,0.49881738971205347,19.0,0.0720095219202539,0.9279904780797461,0.5011826102879465,1.0000305189751728,0.0005106181,0.00018173456,294.86035,295.41626,295.3999,295.36035,295.2373,3.000045778462759,0.39283752,0.38755798,0.36087036,0.34274292,88198.375,294.51758,0.00500761,0.04885006,-0.17955303
Kampala,2009-11-01,0.3152,32.5816,0.30000000000000104,32.60000000000005,291.82544,-0.0036992757,0001,11573.29113153154,0.49881738971205347,19.0,0.0720095219202539,0.9279904780797461,0.5011826102879465,1.0000305189751728,0.00076298416,0.00020553172,294.6062,295.17188,295.187,295.21362,295.26318,3.000045778462759,0.4055786,0.40415955,0.3889618,0.35116577,88186.375,294.34033,0.005832223,0.4721775,0.79036236
Kampala,2009-12-01,0.3152,32.5816,0.30000000000000104,32.60000000000005,291.78564,-0.0034312662,0001,11573.29113153154,0.49881738971205347,19.0,0.0720095219202539,0.9279904780797461,0.5011826102879465,1.0000305189751728,0.0012488067,0.0002462119,294.4629,295.01,295.0481,295.15015,295.2246,3.000045778462759,0.40631104,0.40701294,0.40452576,0.37173462,88238.875,294.1875,0.006064348,0.4000616,0.473588
Kampala,2010-01-01,0.3152,32.5816,0.30000000000000104,32.60000000000005,292.0598,-0.0041269986,0001,11573.29113153154,0.49881738971205347,19.0,0.0720095219202539,0.9279904780797461,0.5011826102879465,1.0000305189751728,0.00142885,0.00015890598,295.35034,295.82983,295.70337,295.40137,295.20532,3.000045778462759,0.39398193,0.39619446,0.4003296,0.39060974,88229.0,295.20923,0.004262046,0.12677383,1.196188
Kampala,2010-02-01,0.3152,32.5816,0.30000000000000104,32.60000000000005,292.45898,-0.0037319334,0001,11573.29113153154,0.49881738971205347,19.0,0.0720095219202539,0.9279904780797461,0.5011826102879465,1.0000305189751728,0.0012706667,0.00017338991,295.58154,296.11914,296.115,296.02197,295.5027,3.000045778462759,0.3859253,0.3844757,0.37683105,0.38778687,88177.94,295.5874,0.0059487056,0.34556007,1.3846397
Kampala,2010-03-01,0.3152,32.5816,0.30000000000000104,32.60000000000005,292.37646,-0.003915335,0001,11573.29113153154,0.49881738971205347,19.0,0.0720095219202539,0.9279904780797461,0.5011826102879465,1.0000305189751728,0.0011091158,0.00018532574,295.43677,295.9995,295.98022,295.89502,295.6853,3.000045778462759,0.39857483,0.39826965,0.396286,0.39027405,88259.5,295.2334,0.0048938245,0.021187782,1.0073805
Kampala,2010-04-01,0.3152,32.5816,0.30000000000000104,32.60000000000005,292.81226,-0.003499955,0001,11573.29113153154,0.49881738971205347,19.0,0.0720095219202539,0.9279904780797461,0.5011826102879465,1.0000305189751728,0.0026085153,0.00021655858,295.21753,295.7356,295.7495,295.76147,295.76514,3.000045778462759,0.41194153,0.4130249,0.41111755,0.3985443,88234.375,295.15063,0.007766233,0.08741093,1.8556452
Kampala,2010-05-01,0.3152,32.5816,0.30000000000000104,32.60000000000005,292.31885,-0.0037055733,0001,11573.29113153154,0.49881738971205347,19.0,0.0720095219202539,0.9279904780797461,0.5011826102879465,1.0000305189751728,0.0038121417,0.00020892918,294.99194,295.52173,295.51025,295.51562,295.67383,3.000045778462759,0.40821838,0.40893555,0.41236877,0.41815186,88281.69,294.85767,0.006209827,-0.016264915,1.4596243
Kampala,2010-06-01,0.3152,32.5816,0.30000000000000104,32.60000000000005,291.45142,-0.0034892857,0001,11573.29113153154,0.49881738971205347,19.0,0.0720095219202539,0.9279904780797461,0.5011826102879465,1.0000305189751728,0.0021541938,0.00015667081,294.24268,294.86572,294.97974,295.27954,295.58105,3.000045778462759,0.39649963,0.3961029,0.39285278,0.40963745,88415.56,294.14233,0.004656573,-0.013274193,0.982357
Kampala,2010-07-01,0.3152,32.5816,0.30000000000000104,32.60000000000005,290.2827,-0.0036353879,0001,11573.29113153154,0.49881738971205347,19.0,0.0720095219202539,0.9279904780797461,0.5011826102879465,1.0000305189751728,0.0010533184,8.5517764e-05,294.08472,294.7146,294.7578,294.92603,295.3247,3.000045778462759,0.3370819,0.33399963,0.35346985,0.39831543,88364.19,293.97778,0.0018318366,-0.24529457,1.0935068
Kampala,2010-08-01,0.3152,32.5816,0.30000000000000104,32.60000000000005,290.90625,-0.0036672568,0001,11573.29113153154,0.49881738971205347,19.0,0.0720095219202539,0.9279904780797461,0.5011826102879465,1.0000305189751728,0.0006547943,0.00010442734,294.52856,295.11865,295.10132,295.04272,295.13257,3.000045778462759,0.33473206,0.3258667,0.32247925,0.38328552,88334.31,294.2256,0.0031078637,-0.11285305,0.1540823
Kampala,2010-09-01,0.3152,32.5816,0.30000000000000104,32.60000000000005,291.63208,-0.0039571654,0001,11573.29113153154,0.49881738971205347,19.0,0.0720095219202539,0.9279904780797461,0.5011826102879465,1.0000305189751728,0.000734359,0.00020250678,294.6089,295.2207,295.21606,295.19897,295.1609,3.000045778462759,0.3915863,0.3839569,0.34539795,0.37294006,88258.625,294.1997,0.0051400634,-0.12454605,-0.24157429
Kampala,2010-10-01,0.3152,32.5816,0.30000000000000104,32.60000000000005,292.05786,-0.0037297122,0001,11573.29113153154,0.49881738971205347,19.0,0.0720095219202539,0.9279904780797461,0.5011826102879465,1.0000305189751728,0.0007403642,0.00017614663,294.92456,295.47632,295.42432,295.32666,295.20972,3.000045778462759,0.38981628,0.38710022,0.3691864,0.36921692,88188.625,294.38403,0.004533819,0.18332767,-0.53103924
Kampala,2010-11-01,0.3152,32.5816,0.30000000000000104,32.60000000000005,292.03735,-0.003765772,0001,11573.29113153154,0.49881738971205347,19.0,0.0720095219202539,0.9279904780797461,0.5011826102879465,1.0000305189751728,0.0010514557,0.00017885864,294.93555,295.47803,295.4712,295.41797,295.2998,3.000045778462759,0.40167236,0.40097046,0.39260864,0.37364197,88087.0,294.4851,0.0057751746,0.28523636,0.45002747
Kampala,2010-12-01,0.3152,32.5816,0.30000000000000104,32.60000000000005,291.14722,-0.0037513701,0001,11573.29113153154,0.49881738971205347,19.0,0.0720095219202539,0.9279904780797461,0.5011826102879465,1.0000305189751728,0.0012047589,0.00016514957,294.32495,294.9441,295.01538,295.188,295.29712,3.000045778462759,0.38987732,0.39057922,0.39460754,0.3859558,88065.625,294.18848,0.0046502324,0.4332466,0.82823086
Kampala,2011-01-01,0.3152,32.5816,0.30000000000000104,32.60000000000005,290.95947,-0.0040740017,0001,11573.29113153154,0.49881738971205347,19.0,0.0720095219202539,0.9279904780797461,0.5011826102879465,1.0000305189751728,0.0010511726,9.392202e-05,294.85083,295.36743,295.2798,295.115,295.19092,3.000045778462759,0.37145996,0.3753662,0.38131714,0.38555908,88032.94,294.79346,0.0034227767,0.23939991,0.98929214
Kampala,2011-02-01,0.3152,32.5816,0.30000000000000104,32.60000000000005,291.53857,-0.0044138823,0001,11573.29113153154,0.49881738971205347,19.0,0.0720095219202539,0.9279904780797461,0.5011826102879465,1.0000305189751728,0.00092268735,9.806454e-05,295.58862,296.19043,296.09497,295.79102,295.30957,3.000045778462759,0.36283875,0.3620758,0.3566742,0.3801117,88050.875,295.39868,0.0041160863,0.22052288,1.7888384
Kampala,2011-03-01,0.3152,32.5816,0.30000000000000104,32.60000000000005,291.74463,-0.0039081564,0001,11573.29113153154,0.49881738971205347,19.0,0.0720095219202539,0.9279904780797461,0.5011826102879465,1.0000305189751728,0.0008581653,0.00012873113,295.09888,295.7544,295.80273,295.86743,295.61987,3.000045778462759,0.37049866,0.36288452,0.3454895,0.37261963,88116.625,294.9016,0.005618698,0.47848415,1.712594
Kampala,2011-04-01,0.3152,32.5816,0.30000000000000104,32.60000000000005,292.1123,-0.0038381545,0001,11573.29113153154,0.49881738971205347,19.0,0.0720095219202539,0.9279904780797461,0.5011826102879465,1.0000305189751728,0.0014474764,0.0001616031,294.93066,295.521,295.54517,295.60425,295.62744,3.000045778462759,0.40553284,0.40533447,0.39570618,0.37528992,88136.44,294.7981,0.006499273,0.43376255,2.1405163
Kampala,2011-05-01,0.3152,32.5816,0.30000000000000104,32.60000000000005,292.00635,-0.0033228537,0001,11573.29113153154,0.49881738971205347,19.0,0.0720095219202539,0.9279904780797461,0.5011826102879465,1.0000305189751728,0.0023839474,0.0001783222,294.2622,294.8125,294.88013,295.08032,295.48438,3.000045778462759,0.41047668,0.41192627,0.41116333,0.3948059,88278.75,294.18652,0.00647846,0.32012653,1.2921591
Kampala,2011-06-01,0.3152,32.5816,0.30000000000000104,32.60000000000005,291.53418,-0.003435742,0001,11573.29113153154,0.49881738971205347,19.0,0.0720095219202539,0.9279904780797461,0.5011826102879465,1.0000305189751728,0.0015733764,0.00013566017,294.27026,294.8396,294.88916,295.04297,295.27905,3.000045778462759,0.38993835,0.38917542,0.38737488,0.39938354,88335.94,294.07104,0.00408645,0.12049198,0.48908424
Kampala,2011-07-01,0.3152,32.5816,0.30000000000000104,32.60000000000005,290.73438,-0.0036183307,0001,11573.29113153154,0.49881738971205347,19.0,0.0720095219202539,0.9279904780797461,0.5011826102879465,1.0000305189751728,0.000867106,0.00010611117,294.22876,294.81836,294.8296,294.8706,295.0996,3.000045778462759,0.35227966,0.34928894,0.36697388,0.39276123,88314.625,294.03564,0.002242916,0.053257942,0.37965298
Kampala,2011-08-01,0.3152,32.5816,0.30000000000000104,32.60000000000005,291.09692,-0.0035941005,0001,11573.29113153154,0.49881738971205347,19.0,0.0720095219202539,0.9279904780797461,0.5011826102879465,1.0000305189751728,0.0007661432,0.00018177927,294.0027,294.61572,294.64404,294.73853,294.96216,3.000045778462759,0.38731384,0.38134766,0.35681152,0.3834381,88328.875,293.63037,0.0043671024,0.0013103485,-0.28273964
Kampala,2011-09-01,0.3152,32.5816,0.30000000000000104,32.60000000000005,291.57983,-0.0035165083,0001,11573.29113153154,0.49881738971205347,19.0,0.0720095219202539,0.9279904780797461,0.5011826102879465,1.0000305189751728,0.000887841,0.00019466877,294.2942,294.84717,294.8396,294.8169,294.86304,3.000045778462759,0.39764404,0.39527893,0.38269043,0.37976074,88341.75,293.86377,0.0046972577,0.11899662,-0.32849407
Kampala,2011-10-01,0.3152,32.5816,0.30000000000000104,32.60000000000005,291.61865,-0.0036036419,0001,11573.29113153154,0.49881738971205347,19.0,0.0720095219202539,0.9279904780797461,0.5011826102879465,1.0000305189751728,0.0017919615,0.00021624565,294.24243,294.78198,294.77905,294.81274,294.85693,3.000045778462759,0.40879822,0.4099579,0.40734863,0.39038086,88151.875,293.91626,0.0065866755,0.26658535,-0.08519077
Kampala,2011-11-01,0.3152,32.5816,0.30000000000000104,32.60000000000005,291.56104,-0.003681086,0001,11573.29113153154,0.49881738971205347,19.0,0.0720095219202539,0.9279904780797461,0.5011826102879465,1.0000305189751728,0.002138555,0.00024545193,294.2732,294.8601,294.8828,294.9077,294.87378,3.000045778462759,0.4078064,0.40811157,0.40808105,0.4037323,88204.69,293.87866,0.006561934,0.12917805,-0.6862793
Kampala,2011-12-01,0.3152,32.5816,0.30000000000000104,32.60000000000005,291.58154,-0.0037378548,0001,11573.29113153154,0.49881738971205347,19.0,0.0720095219202539,0.9279904780797461,0.5011826102879465,1.0000305189751728,0.002038449,0.00019438565,294.59937,295.0918,295.0332,294.89282,294.85254,3.000045778462759,0.39875793,0.39949036,0.399765,0.40872192,88209.25,294.39844,0.0046011354,0.06870365,0.53607655
Kampala,2012-01-01,0.3152,32.5816,0.30000000000000104,32.60000000000005,289.9629,-0.004568873,0001,11573.29113153154,0.49881738971205347,19.0,0.0720095219202539,0.9279904780797461,0.5011826102879465,1.0000305189751728,0.0010583252,4.0650368e-05,295.91382,296.4685,296.28027,295.77246,295.07886,3.000045778462759,0.2951355,0.31152344,0.3540039,0.39823914,88129.625,295.96143,0.0008569523,0.025826454,0.27015972
Kampala,2012-02-01,0.3152,32.5816,0.30000000000000104,32.60000000000005,290.9419,-0.00396626,0001,11573.29113153154,0.49881738971205347,19.0,0.0720095219202539,0.9279904780797461,0.5011826102879465,1.0000305189751728,0.00055362284,9.307265e-05,295.94995,296.6814,296.62134,296.4065,295.61182,3.000045778462759,0.27020264,0.2593994,0.2934723,0.37937927,88017.94,295.59033,0.003955086,0.20913124,1.5226412
Kampala,2012-03-01,0.3152,32.5816,0.30000000000000104,32.60000000000005,291.96777,-0.0042216536,0001,11573.29113153154,0.49881738971205347,19.0,0.0720095219202539,0.9279904780797461,0.5011826102879465,1.0000305189751728,0.0005046874,8.197129e-05,296.02515,296.62598,296.52466,296.2412,295.8772,3.000045778462759,0.3446045,0.33418274,0.31274414,0.36669922,88131.56,295.80273,0.0031435601,0.28878593,2.0933628
Kampala,2012-04-01,0.3152,32.5816,0.30000000000000104,32.60000000000005,291.87036,-0.0034307996,0001,11573.29113153154,0.49881738971205347,19.0,0.0720095219202539,0.9279904780797461,0.5011826102879465,1.0000305189751728,0.001489453,0.00022748113,294.51855,295.18066,295.3313,295.7212,296.00366,3.000045778462759,0.39839172,0.39204407,0.36141968,0.36216736,88222.69,294.42456,0.008451078,0.18624878,1.7690115
Kampala,2012-05-01,0.3152,32.5816,0.30000000000000104,32.60000000000005,291.69556,-0.0035326695,0001,11573.29113153154,0.49881738971205347,19.0,0.0720095219202539,0.9279904780797461,0.5011826102879465,1.0000305189751728,0.0015345663,0.00020225346,294.25317,294.8418,294.91846,295.15112,295.66675,3.000045778462759,0.4103546,0.41093445,0.40679932,0.38095093,88312.31,294.16528,0.0063537955,0.086709976,1.9395466
Kampala,2012-06-01,0.3152,32.5816,0.30000000000000104,32.60000000000005,291.15234,-0.0034642592,0001,11573.29113153154,0.49881738971205347,19.0,0.0720095219202539,0.9279904780797461,0.5011826102879465,1.0000305189751728,0.001719594,0.00019618869,293.84082,294.4629,294.57373,294.8694,295.36597,3.000045778462759,0.40818787,0.4086914,0.4069519,0.39749146,88401.19,293.78125,0.005460737,-0.042167664,1.0639448
Kampala,2012-07-01,0.3152,32.5816,0.30000000000000104,32.60000000000005,290.8767,-0.0033764914,0001,11573.29113153154,0.49881738971205347,19.0,0.0720095219202539,0.9279904780797461,0.5011826102879465,1.0000305189751728,0.001156047,0.00011983514,293.86084,294.42383,294.44336,294.55347,294.9917,3.000045778462759,0.37496948,0.37217712,0.3778534,0.39924622,88343.44,293.57153,0.0025073763,-0.04814434,-0.29628372
Kampala,2012-08-01,0.3152,32.5816,0.30000000000000104,32.60000000000005,291.05664,-0.0037997756,0001,11573.29113153154,0.49881738971205347,19.0,0.0720095219202539,0.9279904780797461,0.5011826102879465,1.0000305189751728,0.0008651912,0.00018255413,294.2871,294.89136,294.8767,294.82275,294.85913,3.000045778462759,0.37672424,0.3718872,0.36439514,0.3899536,88375.125,293.927,0.0039021785,-0.009009361,-0.57376957
Kampala,2012-09-01,0.3152,32.5816,0.30000000000000104,32.60000000000005,291.64624,-0.0037839534,0001,11573.29113153154,0.49881738971205347,19.0,0.0720095219202539,0.9279904780797461,0.5011826102879465,1.0000305189751728,0.0007229671,0.00016359985,294.59985,295.1609,295.10254,294.98633,294.88403,3.000045778462759,0.3857727,0.3814087,0.36296082,0.38261414,88360.94,294.08862,0.003698575,0.049391747,-0.844573
Kampala,2012-10-01,0.3152,32.5816,0.30000000000000104,32.60000000000005,292.08057,-0.0038504275,0001,11573.29113153154,0.49881738971205347,19.0,0.0720095219202539,0.9279904780797461,0.5011826102879465,1.0000305189751728,0.0009004995,0.00020210445,294.8794,295.48364,295.48584,295.40234,295.05566,3.000045778462759,0.3948822,0.3904724,0.37312317,0.37776184,88190.56,294.40747,0.005574825,0.27476788,-0.64511204
Kampala,2012-11-01,0.3152,32.5816,0.30000000000000104,32.60000000000005,291.8606,-0.003617717,0001,11573.29113153154,0.49881738971205347,19.0,0.0720095219202539,0.9279904780797461,0.5011826102879465,1.0000305189751728,0.0017470792,0.0002349168,294.51733,295.05542,295.04346,295.05542,295.09668,3.000045778462759,0.4054718,0.4066162,0.40629578,0.39083862,88224.31,294.20703,0.0064730677,0.32111835,0.15989113
Kampala,2012-12-01,0.3152,32.5816,0.30000000000000104,32.60000000000005,291.57935,-0.0037239334,0001,11573.29113153154,0.49881738971205347,19.0,0.0720095219202539,0.9279904780797461,0.5011826102879465,1.0000305189751728,0.0019372553,0.00022536516,294.5083,295.08252,295.1084,295.16455,295.1521,3.000045778462759,0.40623474,0.40733337,0.4091797,0.40126038,88178.625,294.24878,0.0056153033,0.1454401,0.18717766
Kampala,2013-01-01,0.3152,32.5816,0.30000000000000104,32.60000000000005,291.81592,-0.0041583013,0001,11573.29113153154,0.49881738971205347,19.0,0.0720095219202539,0.9279904780797461,0.5011826102879465,1.0000305189751728,0.0013840497,0.00010712445,295.62646,296.09692,295.95435,295.5703,295.1919,3.000045778462759,0.368042,0.36973572,0.38401794,0.4020691,88225.5,295.53174,0.0032598765,-0.12222099,0.6680155
Kampala,2013-02-01,0.3152,32.5816,0.30000000000000104,32.60000000000005,291.53247,-0.004560977,0001,11573.29113153154,0.49881738971205347,19.0,0.0720095219202539,0.9279904780797461,0.5011826102879465,1.0000305189751728,0.0008272007,9.222329e-05,296.01367,296.6006,296.47095,296.13867,295.5498,3.000045778462759,0.3442688,0.34461975,0.34165955,0.39015198,88131.0,295.96777,0.0026420716,0.03508663,1.401104
Kampala,2013-03-01,0.3152,32.5816,0.30000000000000104,32.60000000000005,292.1631,-0.0035580862,0001,11573.29113153154,0.49881738971205347,19.0,0.0720095219202539,0.9279904780797461,0.5011826102879465,1.0000305189751728,0.0011803135,0.00017373264,295.2478,295.8977,295.989,296.1211,295.88452,3.000045778462759,0.37532043,0.3727417,0.35385132,0.37890625,88184.94,295.0891,0.007154764,0.5171938,1.4636784
Kampala,2013-04-01,0.3152,32.5816,0.30000000000000104,32.60000000000005,292.11816,-0.0037252428,0001,11573.29113153154,0.49881738971205347,19.0,0.0720095219202539,0.9279904780797461,0.5011826102879465,1.0000305189751728,0.0020643175,0.00019091368,294.81445,295.3828,295.40796,295.4961,295.76514,3.000045778462759,0.4096222,0.41075134,0.40779114,0.38761902,88254.31,294.65698,0.0072124247,0.019572258,1.94456
Kampala,2013-05-01,0.3152,32.5816,0.30000000000000104,32.60000000000005,291.58398,-0.0038292203,0001,11573.29113153154,0.49881738971205347,19.0,0.0720095219202539,0.9279904780797461,0.5011826102879465,1.0000305189751728,0.0031291246,0.0001654625,294.54053,295.11548,295.12256,295.2024,295.5393,3.000045778462759,0.38627625,0.38809204,0.4022522,0.41325378,88355.31,294.54126,0.0050621647,0.110318184,2.0526447
Kampala,2013-06-01,0.3152,32.5816,0.30000000000000104,32.60000000000005,290.35815,-0.0036720224,0001,11573.29113153154,0.49881738971205347,19.0,0.0720095219202539,0.9279904780797461,0.5011826102879465,1.0000305189751728,0.001071021,6.595254e-05,294.52368,295.1599,295.21753,295.3474,295.45483,3.000045778462759,0.31715393,0.31529236,0.3370819,0.39822388,88369.69,294.45654,0.0019646573,-0.06752968,1.4888973
Kampala,2013-07-01,0.3152,32.5816,0.30000000000000104,32.60000000000005,289.71558,-0.0034016166,0001,11573.29113153154,0.49881738971205347,19.0,0.0720095219202539,0.9279904780797461,0.5011826102879465,1.0000305189751728,0.00054579973,5.763769e-05,294.38574,295.02295,295.04248,295.08032,295.30273,3.000045778462759,0.27241516,0.27789307,0.30747986,0.38090515,88375.56,294.08325,0.0017134438,-0.036543846,0.577487
Kampala,2013-08-01,0.3152,32.5816,0.30000000000000104,32.60000000000005,290.83252,-0.0036726156,0001,11573.29113153154,0.49881738971205347,19.0,0.0720095219202539,0.9279904780797461,0.5011826102879465,1.0000305189751728,0.00054133683,0.00017797947,294.0984,294.7334,294.7661,294.94165,295.187,3.000045778462759,0.37020874,0.35638428,0.31243896,0.36784363,88324.0,293.75293,0.0046319235,-0.18905449,-0.1399889
Kampala,2013-09-01,0.3152,32.5816,0.30000000000000104,32.60000000000005,291.6726,-0.0039648954,0001,11573.29113153154,0.49881738971205347,19.0,0.0720095219202539,0.9279904780797461,0.5011826102879465,1.0000305189751728,0.00033433735,0.00018714368,295.00488,295.60693,295.5393,295.34033,295.14014,3.000045778462759,0.35253906,0.33958435,0.32159424,0.36032104,88308.625,294.42944,0.0038470896,0.08247185,-0.78636265
Kampala,2013-10-01,0.3152,32.5816,0.30000000000000104,32.60000000000005,291.8247,-0.0039131045,0001,11573.29113153154,0.49881738971205347,19.0,0.0720095219202539,0.9279904780797461,0.5011826102879465,1.0000305189751728,0.00034970045,0.0001603365,294.82397,295.43848,295.41162,295.35913,295.25195,3.000045778462759,0.38189697,0.37565613,0.3460846,0.3553772,88260.625,294.3042,0.0040598167,0.2032156,-0.814621
Kampala,2013-11-01,0.3152,32.5816,0.30000000000000104,32.60000000000005,291.86304,-0.003818118,0001,11573.29113153154,0.49881738971205347,19.0,0.0720095219202539,0.9279904780797461,0.5011826102879465,1.0000305189751728,0.00047762692,0.00024044514,294.7129,295.3286,295.35132,295.40063,295.34302,3.000045778462759,0.39141846,0.38581848,0.36442566,0.35385132,88149.56,294.3296,0.005140622,0.18639183,-0.27864552
Kampala,2013-12-01,0.3152,32.5816,0.30000000000000104,32.60000000000005,291.06836,-0.0039026262,0001,11573.29113153154,0.49881738971205347,19.0,0.0720095219202539,0.9279904780797461,0.5011826102879465,1.0000305189751728,0.00047487766,0.00016206503,294.7766,295.3225,295.2976,295.22363,295.29956,3.000045778462759,0.37298584,0.37174988,0.37719727,0.35881042,88225.56,294.77002,0.0037745947,-0.052962303,0.62072754
Kampala,2014-01-01,0.3152,32.5816,0.30000000000000104,32.60000000000005,291.53662,-0.004126344,0001,11573.29113153154,0.49881738971205347,19.0,0.0720095219202539,0.9279904780797461,0.5011826102879465,1.0000305189751728,0.00033258647,9.857118e-05,295.5459,296.0857,295.9939,295.7766,295.39307,3.000045778462759,0.3535614,0.35029602,0.34887695,0.35856628,88181.44,295.47144,0.002633956,-0.27239132,1.3195353
Kampala,2014-02-01,0.3152,32.5816,0.30000000000000104,32.60000000000005,290.3252,-0.004420311,0001,11573.29113153154,0.49881738971205347,19.0,0.0720095219202539,0.9279904780797461,0.5011826102879465,1.0000305189751728,0.0002536252,7.596612e-05,296.5122,297.1045,296.9602,296.51465,295.73218,3.000045778462759,0.29978943,0.29296875,0.3105011,0.35256958,88077.81,296.3379,0.0026757068,-0.08701706,1.0372467
Kampala,2014-03-01,0.3152,32.5816,0.30000000000000104,32.60000000000005,291.86743,-0.004217296,0001,11573.29113153154,0.49881738971205347,19.0,0.0720095219202539,0.9279904780797461,0.5011826102879465,1.0000305189751728,0.0003522113,0.00017187,295.87964,296.56982,296.58398,296.53296,296.13672,3.000045778462759,0.35894775,0.33958435,0.29582214,0.34480286,88154.56,295.58008,0.0054161204,0.310112,1.4069662
Kampala,2014-04-01,0.3152,32.5816,0.30000000000000104,32.60000000000005,292.04028,-0.0037407018,0001,11573.29113153154,0.49881738971205347,19.0,0.0720095219202539,0.9279904780797461,0.5011826102879465,1.0000305189751728,0.0011275113,0.0001796633,294.7998,295.41724,295.48462,295.72534,296.1101,3.000045778462759,0.40504456,0.40296936,0.37513733,0.34640503,88245.81,294.65308,0.0071311044,0.38673782,1.5469112
Kampala,2014-05-01,0.3152,32.5816,0.30000000000000104,32.60000000000005,291.92456,-0.0034123436,0001,11573.29113153154,0.49881738971205347,19.0,0.0720095219202539,0.9279904780797461,0.5011826102879465,1.0000305189751728,0.0012504682,0.00016361475,294.5127,295.10254,295.20068,295.4519,295.85254,3.000045778462759,0.4007721,0.40124512,0.39964294,0.36930847,88280.06,294.4436,0.005444033,0.09695339,1.1155701
Kampala,2014-06-01,0.3152,32.5816,0.30000000000000104,32.60000000000005,291.27124,-0.0036966708,0001,11573.29113153154,0.49881738971205347,19.0,0.0720095219202539,0.9279904780797461,0.5011826102879465,1.0000305189751728,0.0008598268,0.00014615059,294.31543,294.91382,294.97852,295.16553,295.5735,3.000045778462759,0.39006042,0.38952637,0.38729858,0.37750244,88382.75,294.281,0.00388015,-0.16840267,1.1102581
Kampala,2014-07-01,0.3152,32.5816,0.30000000000000104,32.60000000000005,290.47656,-0.003641338,0001,11573.29113153154,0.49881738971205347,19.0,0.0720095219202539,0.9279904780797461,0.5011826102879465,1.0000305189751728,0.0005322844,6.4983964e-05,294.23438,294.83423,294.87134,294.99463,295.31958,3.000045778462759,0.32940674,0.3250885,0.35040283,0.3751526,88490.875,294.10205,0.0017743513,0.0019359589,0.4398613
Kampala,2014-08-01,0.3152,32.5816,0.30000000000000104,32.60000000000005,291.17847,-0.0035103057,0001,11573.29113153154,0.49881738971205347,19.0,0.0720095219202539,0.9279904780797461,0.5011826102879465,1.0000305189751728,0.00058570504,0.00021243095,293.97485,294.60522,294.64746,294.77832,295.11694,3.000045778462759,0.37528992,0.36386108,0.33543396,0.36724854,88389.31,293.6245,0.0046065412,-0.0059337616,-0.59531116
Kampala,2014-09-01,0.3152,32.5816,0.30000000000000104,32.60000000000005,291.42554,-0.0038719382,0001,11573.29113153154,0.49881738971205347,19.0,0.0720095219202539,0.9279904780797461,0.5011826102879465,1.0000305189751728,0.00065834075,0.00017884374,294.43652,295.01294,294.9851,294.9348,294.96948,3.000045778462759,0.3917389,0.38861084,0.37548828,0.36550903,88334.06,294.04028,0.0050596735,0.16751099,0.06504536
Kampala,2014-10-01,0.3152,32.5816,0.30000000000000104,32.60000000000005,291.86304,-0.003932465,0001,11573.29113153154,0.49881738971205347,19.0,0.0720095219202539,0.9279904780797461,0.5011826102879465,1.0000305189751728,0.0006198734,0.00019311905,294.7417,295.31934,295.28882,295.1919,295.052,3.000045778462759,0.39317322,0.3912506,0.38479614,0.368515,88266.31,294.32642,0.004331735,0.20553112,-0.53713894
Kampala,2014-11-01,0.3152,32.5816,0.30000000000000104,32.60000000000005,291.94092,-0.0038426863,0001,11573.29113153154,0.49881738971205347,19.0,0.0720095219202539,0.9279904780797461,0.5011826102879465,1.0000305189751728,0.0006823838,0.00017340481,294.8955,295.4641,295.45508,295.41846,295.1858,3.000045778462759,0.389328,0.386261,0.37661743,0.37045288,88239.56,294.49194,0.0045117876,0.13977051,-0.12504673
Kampala,2014-12-01,0.3152,32.5816,0.30000000000000104,32.60000000000005,291.677,-0.0039517935,0001,11573.29113153154,0.49881738971205347,19.0,0.0720095219202539,0.9279904780797461,0.5011826102879465,1.0000305189751728,0.00053011626,0.00015699863,294.96362,295.50415,295.45068,295.32324,295.239,3.000045778462759,0.38041687,0.37731934,0.37745667,0.37231445,88243.56,294.87695,0.0034589283,-0.09026337,0.7718506
Kampala,2015-01-01,0.3152,32.5816,0.30000000000000104,32.60000000000005,288.11206,-0.004767576,0001,11573.29113153154,0.49881738971205347,19.0,0.0720095219202539,0.9279904780797461,0.5011826102879465,1.0000305189751728,0.0003645867,3.950298e-05,295.8457,296.50977,296.34766,295.95386,295.4314,3.000045778462759,0.26127625,0.27372742,0.32528687,0.366333,88228.875,296.15356,0.0011102292,0.07088089,-0.13889313
Kampala,2015-02-01,0.3152,32.5816,0.30000000000000104,32.60000000000005,291.83667,-0.004060246,0001,11573.29113153154,0.49881738971205347,19.0,0.0720095219202539,0.9279904780797461,0.5011826102879465,1.0000305189751728,0.00027252734,6.759167e-05,296.84082,297.44678,297.2954,296.81226,295.8777,3.000045778462759,0.28404236,0.2536621,0.27609253,0.35494995,88122.56,296.58154,0.002854246,0.012041092,1.8088484
Kampala,2015-03-01,0.3152,32.5816,0.30000000000000104,32.60000000000005,291.46948,-0.0038417187,0001,11573.29113153154,0.49881738971205347,19.0,0.0720095219202539,0.9279904780797461,0.5011826102879465,1.0000305189751728,0.00023342669,0.00011371076,296.66064,297.3833,297.3755,297.18652,296.3838,3.000045778462759,0.28627014,0.2597351,0.25300598,0.34376526,88130.125,296.3977,0.004059291,0.48103333,1.7296314
Kampala,2015-04-01,0.3152,32.5816,0.30000000000000104,32.60000000000005,291.81958,-0.0035017077,0001,11573.29113153154,0.49881738971205347,19.0,0.0720095219202539,0.9279904780797461,0.5011826102879465,1.0000305189751728,0.00044495612,0.00018423796,294.59424,295.2229,295.32764,295.72998,296.40234,3.000045778462759,0.39500427,0.3859253,0.32060242,0.3371277,88295.25,294.50952,0.0060080523,0.07251263,1.6909065
Kampala,2015-05-01,0.3152,32.5816,0.30000000000000104,32.60000000000005,292.03198,-0.0036602402,0001,11573.29113153154,0.49881738971205347,19.0,0.0720095219202539,0.9279904780797461,0.5011826102879465,1.0000305189751728,0.0010695457,0.00019006431,294.61328,295.2041,295.28198,295.49072,296.00244,3.000045778462759,0.40698242,0.40586853,0.39285278,0.34873962,88363.25,294.59985,0.007098371,-0.08842087,2.0414658
Kampala,2015-06-01,0.3152,32.5816,0.30000000000000104,32.60000000000005,291.63354,-0.0035638083,0001,11573.29113153154,0.49881738971205347,19.0,0.0720095219202539,0.9279904780797461,0.5011826102879465,1.0000305189751728,0.0011199936,0.00017049909,294.54028,295.11743,295.156,295.3125,295.71826,3.000045778462759,0.40216064,0.40333557,0.40245056,0.37449646,88410.5,294.32886,0.004979809,-0.0678606,0.5209093
Kampala,2015-07-01,0.3152,32.5816,0.30000000000000104,32.60000000000005,290.8225,-0.0036682468,0001,11573.29113153154,0.49881738971205347,19.0,0.0720095219202539,0.9279904780797461,0.5011826102879465,1.0000305189751728,0.00105232,9.652972e-05,294.34546,294.95703,295.01953,295.19165,295.49805,3.000045778462759,0.36064148,0.36297607,0.37693787,0.3815155,88431.125,294.417,0.0035692977,0.034537315,0.89028454
Kampala,2015-08-01,0.3152,32.5816,0.30000000000000104,32.60000000000005,290.89673,-0.0040454967,0001,11573.29113153154,0.49881738971205347,19.0,0.0720095219202539,0.9279904780797461,0.5011826102879465,1.0000305189751728,0.00057549775,8.562207e-05,294.90234,295.4807,295.41992,295.30957,295.35327,3.000045778462759,0.3449707,0.346344,0.35646057,0.3759308,88361.875,294.77563,0.0023337936,-0.08957386,0.7251959
Kampala,2015-09-01,0.3152,32.5816,0.30000000000000104,32.60000000000005,291.9353,-0.004043473,0001,11573.29113153154,0.49881738971205347,19.0,0.0720095219202539,0.9279904780797461,0.5011826102879465,1.0000305189751728,0.00043015182,0.00013069808,295.312,295.89087,295.83838,295.67822,295.43652,3.000045778462759,0.36294556,0.34872437,0.33125305,0.36817932,88313.375,295.01025,0.003930801,0.094825745,0.09360981
Kampala,2015-10-01,0.3152,32.5816,0.30000000000000104,32.60000000000005,292.24414,-0.0036161793,0001,11573.29113153154,0.49881738971205347,19.0,0.0720095219202539,0.9279904780797461,0.5011826102879465,1.0000305189751728,0.0007432401,0.0002193898,295.03198,295.6538,295.71387,295.80713,295.6311,3.000045778462759,0.38867188,0.38102722,0.34695435,0.36169434,88287.625,294.64575,0.0061708065,0.37096882,-0.33396816
Kampala,2015-11-01,0.3152,32.5816,0.30000000000000104,32.60000000000005,291.7849,-0.0032360833,0001,11573.29113153154,0.49881738971205347,19.0,0.0720095219202539,0.9279904780797461,0.5011826102879465,1.0000305189751728,0.001418829,0.00025592744,294.20093,294.7727,294.8484,295.05933,295.49316,3.000045778462759,0.40994263,0.41070557,0.4058075,0.37348938,88262.875,293.89478,0.0067200186,0.21203995,-0.13979816
Kampala,2015-12-01,0.3152,32.5816,0.30000000000000104,32.60000000000005,291.84888,-0.0037222896,0001,11573.29113153154,0.49881738971205347,19.0,0.0720095219202539,0.9279904780797461,0.5011826102879465,1.0000305189751728,0.0014329106,0.00019259751,294.91064,295.39185,295.32715,295.21973,295.3015,3.000045778462759,0.40301514,0.4041748,0.40367126,0.3945465,88356.44,294.64722,0.0046241153,0.057263374,-0.28958893
Kampala,2016-01-01,0.3152,32.5816,0.30000000000000104,32.60000000000005,291.73706,-0.0041283285,0001,11573.29113153154,0.49881738971205347,19.0,0.0720095219202539,0.9279904780797461,0.5011826102879465,1.0000305189751728,0.0012675375,0.00013794005,295.6963,296.21313,296.1477,295.92358,295.46875,3.000045778462759,0.38575745,0.38842773,0.39253235,0.39463806,88289.19,295.67798,0.0039706132,-0.045288086,0.46164322
Kampala,2016-02-01,0.3152,32.5816,0.30000000000000104,32.60000000000005,292.15894,-0.004434307,0001,11573.29113153154,0.49881738971205347,19.0,0.0720095219202539,0.9279904780797461,0.5011826102879465,1.0000305189751728,0.0007221252,5.850196e-05,297.36768,297.84058,297.55615,296.79907,295.83374,3.000045778462759,0.28712463,0.28961182,0.3408966,0.38746643,88206.06,297.20728,0.0015184847,-0.1004467,1.4203205
Kampala,2016-03-01,0.3152,32.5816,0.30000000000000104,32.60000000000005,292.8423,-0.004154223,0001,11573.29113153154,0.49881738971205347,19.0,0.0720095219202539,0.9279904780797461,0.5011826102879465,1.0000305189751728,0.00042541325,7.1555376e-05,297.68018,298.26,298.11328,297.61572,296.53613,3.000045778462759,0.28211975,0.26263428,0.29226685,0.37236023,88196.875,297.2671,0.002524814,0.5219536,1.739049
Kampala,2016-04-01,0.3152,32.5816,0.30000000000000104,32.60000000000005,292.69165,-0.003251643,0001,11573.29113153154,0.49881738971205347,19.0,0.0720095219202539,0.9279904780797461,0.5011826102879465,1.0000305189751728,0.0014296994,0.00023148954,295.10864,295.79102,296.0061,296.54883,296.8296,3.000045778462759,0.40382385,0.39689636,0.35499573,0.36434937,88254.94,295.0437,0.009082088,0.32509995,1.6127653
Kampala,2016-05-01,0.3152,32.5816,0.30000000000000104,32.60000000000005,292.00903,-0.0037253117,0001,11573.29113153154,0.49881738971205347,19.0,0.0720095219202539,0.9279904780797461,0.5011826102879465,1.0000305189751728,0.0010137558,0.0001539886,294.9297,295.53027,295.58813,295.79614,296.42017,3.000045778462759,0.39457703,0.39500427,0.39857483,0.3820343,88416.31,294.89185,0.004153111,-0.0570364,1.4765053
Kampala,2016-06-01,0.3152,32.5816,0.30000000000000104,32.60000000000005,290.43652,-0.0036965245,0001,11573.29113153154,0.49881738971205347,19.0,0.0720095219202539,0.9279904780797461,0.5011826102879465,1.0000305189751728,0.0005812198,5.8352947e-05,294.36304,295.05273,295.19873,295.59106,296.1206,3.000045778462759,0.31608582,0.31492615,0.34677124,0.38049316,88494.06,294.54883,0.001299892,0.17626762,1.892952
Kampala,2016-07-01,0.3152,32.5816,0.30000000000000104,32.60000000000005,289.83813,-0.0033129323,0001,11573.29113153154,0.49881738971205347,19.0,0.0720095219202539,0.9279904780797461,0.5011826102879465,1.0000305189751728,0.00037363172,3.4853816e-05,294.73315,295.36743,295.35083,295.38818,295.77612,3.000045778462759,0.23864746,0.24017334,0.29841614,0.3687744,88406.56,294.49292,0.0010989251,-0.02763176,0.938035
Kampala,2016-08-01,0.3152,32.5816,0.30000000000000104,32.60000000000005,290.38184,-0.0035162242,0001,11573.29113153154,0.49881738971205347,19.0,0.0720095219202539,0.9279904780797461,0.5011826102879465,1.0000305189751728,0.00025114417,8.3461404e-05,294.81152,295.47266,295.49146,295.53906,295.6504,3.000045778462759,0.28009033,0.25279236,0.26953125,0.3560791,88399.625,294.51123,0.0023616313,-0.12153816,0.53328705
Kampala,2016-09-01,0.3152,32.5816,0.30000000000000104,32.60000000000005,291.28613,-0.0036405455,0001,11573.29113153154,0.49881738971205347,19.0,0.0720095219202539,0.9279904780797461,0.5011826102879465,1.0000305189751728,0.00017790496,0.00012151897,295.6145,296.24023,296.1455,295.90796,295.66235,3.000045778462759,0.27819824,0.23672485,0.25012207,0.34454346,88338.5,295.09644,0.0028746559,-0.1632843,-0.044491768
Kampala,2016-10-01,0.3152,32.5816,0.30000000000000104,32.60000000000005,291.95776,-0.003987401,0001,11573.29113153154,0.49881738971205347,19.0,0.0720095219202539,0.9279904780797461,0.5011826102879465,1.0000305189751728,0.0001533106,0.00013923645,295.771,296.3728,296.313,296.12134,295.8225,3.000045778462759,0.3383484,0.31614685,0.25605774,0.3352356,88201.125,295.34326,0.003696951,0.06442547,-0.006713867
Kampala,2016-11-01,0.3152,32.5816,0.30000000000000104,32.60000000000005,292.00732,-0.0038351463,0001,11573.29113153154,0.49881738971205347,19.0,0.0720095219202539,0.9279904780797461,0.5011826102879465,1.0000305189751728,0.0003786683,0.00019022822,295.25195,295.87183,295.9104,295.9917,295.96167,3.000045778462759,0.37654114,0.36039734,0.28883362,0.3286438,88219.625,294.91333,0.005629368,0.1770277,0.68661594
Kampala,2016-12-01,0.3152,32.5816,0.30000000000000104,32.60000000000005,291.20605,-0.0040778797,0001,11573.29113153154,0.49881738971205347,19.0,0.0720095219202539,0.9279904780797461,0.5011826102879465,1.0000305189751728,0.00013449043,8.396804e-05,295.75244,296.31958,296.24536,296.04663,295.93774,3.000045778462759,0.32714844,0.32907104,0.3209839,0.32569885,88192.94,295.54517,0.0024343,0.03758335,0.9485712
Kampala,2017-01-01,0.3152,32.5816,0.30000000000000104,32.60000000000005,290.58252,-0.0038382504,0001,11573.29113153154,0.49881738971205347,19.0,0.0720095219202539,0.9279904780797461,0.5011826102879465,1.0000305189751728,8.7574124e-05,5.6371093e-05,296.4214,297.08838,297.01343,296.75464,296.16943,3.000045778462759,0.24423218,0.23432922,0.27947998,0.3208313,88158.25,296.0647,0.0017478693,-0.12979412,1.0476284
Kampala,2017-02-01,0.3152,32.5816,0.30000000000000104,32.60000000000005,291.76123,-0.003905842,0001,11573.29113153154,0.49881738971205347,19.0,0.0720095219202539,0.9279904780797461,0.5011826102879465,1.0000305189751728,0.00023707002,0.00012332201,296.21118,296.89282,296.8899,296.8396,296.458,3.000045778462759,0.31573486,0.2791443,0.25027466,0.31471252,88164.0,295.82593,0.0053561716,0.4040146,1.2630863
Kampala,2017-03-01,0.3152,32.5816,0.30000000000000104,32.60000000000005,292.3601,-0.004075315,0001,11573.29113153154,0.49881738971205347,19.0,0.0720095219202539,0.9279904780797461,0.5011826102879465,1.0000305189751728,0.00038903952,0.00011084974,295.83936,296.4768,296.4729,296.4878,296.52808,3.000045778462759,0.37062073,0.3621521,0.29777527,0.31062317,88163.75,295.63745,0.0050470796,0.4799204,2.2601614
Kampala,2017-04-01,0.3152,32.5816,0.30000000000000104,32.60000000000005,292.28076,-0.0039057396,0001,11573.29113153154,0.49881738971205347,19.0,0.0720095219202539,0.9279904780797461,0.5011826102879465,1.0000305189751728,0.00041159242,0.00013282895,295.37427,296.04492,296.136,296.34033,296.50977,3.000045778462759,0.3824463,0.373703,0.3306427,0.31015015,88220.56,295.29492,0.0053804116,0.64364815,1.9970932
Kampala,2017-05-01,0.3152,32.5816,0.30000000000000104,32.60000000000005,291.9939,-0.0036975248,0001,11573.29113153154,0.49881738971205347,19.0,0.0720095219202539,0.9279904780797461,0.5011826102879465,1.0000305189751728,0.00052476674,0.00016508996,294.76953,295.33057,295.365,295.5354,296.17505,3.000045778462759,0.39559937,0.39485168,0.38331604,0.3235321,88353.94,294.646,0.004976525,0.20615864,1.766819
Kampala,2017-06-01,0.3152,32.5816,0.30000000000000104,32.60000000000005,291.38818,-0.0037015406,0001,11573.29113153154,0.49881738971205347,19.0,0.0720095219202539,0.9279904780797461,0.5011826102879465,1.0000305189751728,0.0003694147,8.521974e-05,294.7859,295.40308,295.47778,295.68652,295.96045,3.000045778462759,0.36793518,0.3635254,0.35839844,0.33319092,88349.31,294.71533,0.0032444499,0.21950626,0.8773985
Kampala,2017-07-01,0.3152,32.5816,0.30000000000000104,32.60000000000005,290.85938,-0.0034682127,0001,11573.29113153154,0.49881738971205347,19.0,0.0720095219202539,0.9279904780797461,0.5011826102879465,1.0000305189751728,0.00022777915,9.740889e-05,294.5525,295.1494,295.1809,295.3181,295.70996,3.000045778462759,0.3412323,0.33631897,0.33692932,0.33283997,88446.25,294.25586,0.0025196369,-0.05278492,-0.26249886
Kampala,2017-08-01,0.3152,32.5816,0.30000000000000104,32.60000000000005,291.28662,-0.0037822686,0001,11573.29113153154,0.49881738971205347,19.0,0.0720095219202539,0.9279904780797461,0.5011826102879465,1.0000305189751728,0.00021351874,0.00013534725,294.77344,295.3833,295.3916,295.4087,295.5515,3.000045778462759,0.36006165,0.34701538,0.32061768,0.32965088,88341.44,294.41577,0.0033353958,0.07284927,-0.32145786
Kampala,2017-09-01,0.3152,32.5816,0.30000000000000104,32.60000000000005,291.844,-0.0038270224,0001,11573.29113153154,0.49881738971205347,19.0,0.0720095219202539,0.9279904780797461,0.5011826102879465,1.0000305189751728,0.0003052652,0.00018392503,294.87988,295.5127,295.51416,295.5127,295.51294,3.000045778462759,0.37782288,0.365448,0.32551575,0.3266449,88330.375,294.44897,0.0045821657,0.1279831,-0.5500841
Kampala,2017-10-01,0.3152,32.5816,0.30000000000000104,32.60000000000005,292.00366,-0.004009431,0001,11573.29113153154,0.49881738971205347,19.0,0.0720095219202539,0.9279904780797461,0.5011826102879465,1.0000305189751728,0.00022738427,0.00014574826,295.511,296.10474,296.04688,295.88452,295.60693,3.000045778462759,0.3534546,0.34317017,0.330307,0.32463074,88217.81,294.99048,0.0034095605,0.18290806,-0.54144573
Kampala,2017-11-01,0.3152,32.5816,0.30000000000000104,32.60000000000005,291.67188,-0.0037420187,0001,11573.29113153154,0.49881738971205347,19.0,0.0720095219202539,0.9279904780797461,0.5011826102879465,1.0000305189751728,0.00039636344,0.00018663704,294.64136,295.25806,295.3164,295.46875,295.64746,3.000045778462759,0.3938446,0.3888855,0.35720825,0.32487488,88204.125,294.3186,0.005239069,0.20983696,0.34517002
Kampala,2017-12-01,0.3152,32.5816,0.30000000000000104,32.60000000000005,291.86182,-0.0040983716,0001,11573.29113153154,0.49881738971205347,19.0,0.0720095219202539,0.9279904780797461,0.5011826102879465,1.0000305189751728,0.00021789223,0.00010937452,295.53613,296.07275,295.99194,295.77417,295.60303,3.000045778462759,0.36380005,0.35827637,0.3577118,0.33016968,88178.31,295.3767,0.0029380342,0.09115696,1.3421421
Kampala,2018-01-01,0.3152,32.5816,0.30000000000000104,32.60000000000005,290.6255,-0.004172723,0001,11573.29113153154,0.49881738971205347,19.0,0.0720095219202539,0.9279904780797461,0.5011826102879465,1.0000305189751728,0.00018592551,8.653104e-05,295.52417,296.1233,296.07788,295.99756,295.7749,3.000045778462759,0.3328247,0.32221985,0.31871033,0.32833862,88159.5,295.41357,0.0027057508,0.23848152,1.241991
Kampala,2018-02-01,0.3152,32.5816,0.30000000000000104,32.60000000000005,291.92358,-0.004077303,0001,11573.29113153154,0.49881738971205347,19.0,0.0720095219202539,0.9279904780797461,0.5011826102879465,1.0000305189751728,0.0002552718,9.152293e-05,296.36548,296.96533,296.8938,296.5791,295.98706,3.000045778462759,0.3264618,0.3056488,0.29135132,0.32374573,88064.0,296.1018,0.0039009638,0.5249748,1.2422857
Kampala,2018-03-01,0.3152,32.5816,0.30000000000000104,32.60000000000005,291.85986,-0.0038187671,0001,11573.29113153154,0.49881738971205347,19.0,0.0720095219202539,0.9279904780797461,0.5011826102879465,1.0000305189751728,0.0006426349,0.00020320714,294.96558,295.6167,295.68774,295.91504,296.1089,3.000045778462759,0.39842224,0.39305115,0.3505249,0.32296753,88209.94,294.76538,0.007172269,0.10571003,1.1101761
Kampala,2018-04-01,0.3152,32.5816,0.30000000000000104,32.60000000000005,291.6377,-0.0032164073,0001,11573.29113153154,0.49881738971205347,19.0,0.0720095219202539,0.9279904780797461,0.5011826102879465,1.0000305189751728,0.0016044974,0.00026649237,293.99365,294.59717,294.73584,295.1333,295.82202,3.000045778462759,0.4151001,0.41583252,0.4083252,0.34960938,88265.56,293.95947,0.007933746,0.22698689,1.4632492
Kampala,2018-05-01,0.3152,32.5816,0.30000000000000104,32.60000000000005,291.61597,-0.0036429064,0001,11573.29113153154,0.49881738971205347,19.0,0.0720095219202539,0.9279904780797461,0.5011826102879465,1.0000305189751728,0.0018708631,0.0001885742,294.3667,294.9253,294.9541,295.08472,295.45776,3.000045778462759,0.40745544,0.40927124,0.40919495,0.38368225,88318.06,294.39795,0.0057217237,0.0446043,2.2350426
Kampala,2018-06-01,0.3152,32.5816,0.30000000000000104,32.60000000000005,290.46777,-0.0037469156,0001,11573.29113153154,0.49881738971205347,19.0,0.0720095219202539,0.9279904780797461,0.5011826102879465,1.0000305189751728,0.0009893402,0.00011919439,294.0298,294.65356,294.7295,294.92725,295.24976,3.000045778462759,0.3728943,0.37249756,0.37983704,0.39019775,88441.875,294.1023,0.0032942854,-0.1381073,1.3277435
Kampala,2018-07-01,0.3152,32.5816,0.30000000000000104,32.60000000000005,289.33667,-0.00396365,0001,11573.29113153154,0.49881738971205347,19.0,0.0720095219202539,0.9279904780797461,0.5011826102879465,1.0000305189751728,0.0006158203,6.723404e-05,294.07495,294.69922,294.6936,294.7207,295.0027,3.000045778462759,0.319458,0.3234253,0.34591675,0.3821869,88485.31,294.19678,0.0019246348,-0.2383728,2.4505348
Kampala,2018-08-01,0.3152,32.5816,0.30000000000000104,32.60000000000005,290.68604,-0.0036991788,0001,11573.29113153154,0.49881738971205347,19.0,0.0720095219202539,0.9279904780797461,0.5011826102879465,1.0000305189751728,0.0004259199,0.00016774237,294.36694,294.96826,294.96973,294.97095,294.96216,3.000045778462759,0.34025574,0.31974792,0.30926514,0.37068176,88434.75,294.12305,0.0034874994,-0.0069446564,0.36126328
Kampala,2018-09-01,0.3152,32.5816,0.30000000000000104,32.60000000000005,291.7815,-0.0038769888,0001,11573.29113153154,0.49881738971205347,19.0,0.0720095219202539,0.9279904780797461,0.5011826102879465,1.0000305189751728,0.0004710555,0.00012932718,294.96167,295.51392,295.44434,295.23413,294.99927,3.000045778462759,0.37548828,0.3684082,0.33346558,0.36227417,88252.06,294.63892,0.0042953114,0.21128654,0.12576866
Kampala,2018-10-01,0.3152,32.5816,0.30000000000000104,32.60000000000005,291.83862,-0.0039808583,0001,11573.29113153154,0.49881738971205347,19.0,0.0720095219202539,0.9279904780797461,0.5011826102879465,1.0000305189751728,0.00043813884,0.00016833842,294.92773,295.5205,295.50415,295.438,295.19995,3.000045778462759,0.38589478,0.37930298,0.35276794,0.35795593,88258.19,294.64746,0.0047968356,0.11783695,0.15988827
Kampala,2018-11-01,0.3152,32.5816,0.30000000000000104,32.60000000000005,292.35474,-0.0038565705,0001,11573.29113153154,0.49881738971205347,19.0,0.0720095219202539,0.9279904780797461,0.5011826102879465,1.0000305189751728,0.0013481304,0.00018531084,295.20728,295.71387,295.65747,295.51172,295.2981,3.000045778462759,0.39979553,0.3986206,0.3895111,0.363266,88208.875,294.92285,0.005729544,0.2926092,0.3295431
Kampala,2018-12-01,0.3152,32.5816,0.30000000000000104,32.60000000000005,291.82593,-0.0038477592,0001,11573.29113153154,0.49881738971205347,19.0,0.0720095219202539,0.9279904780797461,0.5011826102879465,1.0000305189751728,0.00075638294,0.0001899898,294.84277,295.4148,295.4265,295.44238,295.41602,3.000045778462759,0.39637756,0.39448547,0.38705444,0.3700409,88286.19,294.71338,0.004830709,0.3087225,0.8228235
Kampala,2019-01-01,0.3152,32.5816,0.30000000000000104,32.60000000000005,292.01953,-0.004269249,0001,11573.29113153154,0.49881738971205347,19.0,0.0720095219202539,0.9279904780797461,0.5011826102879465,1.0000305189751728,0.0006051287,0.00012302399,295.61768,296.16772,296.08008,295.8374,295.5078,3.000045778462759,0.37911987,0.37687683,0.37342834,0.37290955,88255.625,295.5691,0.003429534,0.11961746,1.5476627
Kampala,2019-02-01,0.3152,32.5816,0.30000000000000104,32.60000000000005,292.06592,-0.00439219,0001,11573.29113153154,0.49881738971205347,19.0,0.0720095219202539,0.9279904780797461,0.5011826102879465,1.0000305189751728,0.00045443326,7.233024e-05,296.511,297.0713,296.94214,296.57227,295.83374,3.000045778462759,0.33665466,0.32940674,0.33854675,0.36784363,88183.625,296.37866,0.003079367,0.43079472,1.5859804
Kampala,2019-03-01,0.3152,32.5816,0.30000000000000104,32.60000000000005,292.61475,-0.004492813,0001,11573.29113153154,0.49881738971205347,19.0,0.0720095219202539,0.9279904780797461,0.5011826102879465,1.0000305189751728,0.0004043281,0.00010454655,296.69043,297.3269,297.23804,296.90576,296.23218,3.000045778462759,0.3597107,0.34890747,0.3265381,0.36062622,88207.81,296.34644,0.004165343,0.40915966,1.4402008
Kampala,2019-04-01,0.3152,32.5816,0.30000000000000104,32.60000000000005,292.67017,-0.0038810405,0001,11573.29113153154,0.49881738971205347,19.0,0.0720095219202539,0.9279904780797461,0.5011826102879465,1.0000305189751728,0.0010522678,0.00014857948,295.89526,296.52563,296.56958,296.66968,296.53906,3.000045778462759,0.38703918,0.38253784,0.34776306,0.35539246,88217.31,295.6831,0.0065362263,0.6545267,1.7369757
Kampala,2019-05-01,0.3152,32.5816,0.30000000000000104,32.60000000000005,292.42896,-0.0034359936,0001,11573.29113153154,0.49881738971205347,19.0,0.0720095219202539,0.9279904780797461,0.5011826102879465,1.0000305189751728,0.0015603304,0.00023084879,294.7129,295.3418,295.4812,295.86694,296.4165,3.000045778462759,0.4116211,0.4120636,0.4041443,0.36897278,88295.625,294.7124,0.0068908744,0.24234867,2.1723366
Kampala,2019-06-01,0.3152,32.5816,0.30000000000000104,32.60000000000005,291.739,-0.0033465233,0001,11573.29113153154,0.49881738971205347,19.0,0.0720095219202539,0.9279904780797461,0.5011826102879465,1.0000305189751728,0.0011975318,0.00021462142,294.3916,294.99634,295.08643,295.3401,295.96777,3.000045778462759,0.39961243,0.39912415,0.39656067,0.38726807,88448.875,294.11768,0.0047046775,0.05880642,0.12493992
Kampala,2019-07-01,0.3152,32.5816,0.30000000000000104,32.60000000000005,291.1416,-0.0035092365,0001,11573.29113153154,0.49881738971205347,19.0,0.0720095219202539,0.9279904780797461,0.5011826102879465,1.0000305189751728,0.0011566579,0.0001296252,294.2666,294.85547,294.90503,295.0869,295.5962,3.000045778462759,0.38882446,0.3912201,0.3955078,0.39141846,88395.69,294.03296,0.0032218352,-0.0750494,-0.045567513
Kampala,2019-08-01,0.3152,32.5816,0.30000000000000104,32.60000000000005,291.36548,-0.003908083,0001,11573.29113153154,0.49881738971205347,19.0,0.0720095219202539,0.9279904780797461,0.5011826102879465,1.0000305189751728,0.00078466535,0.00013676286,294.68604,295.3147,295.3164,295.32837,295.41333,3.000045778462759,0.37472534,0.36772156,0.36001587,0.3865509,88449.56,294.32422,0.0038681442,-0.10276985,-0.32203388
Kampala,2019-09-01,0.3152,32.5816,0.30000000000000104,32.60000000000005,291.85596,-0.003929876,0001,11573.29113153154,0.49881738971205347,19.0,0.0720095219202539,0.9279904780797461,0.5011826102879465,1.0000305189751728,0.0007090196,0.0001655668,294.8806,295.4729,295.44238,295.3767,295.3694,3.000045778462759,0.3860016,0.38171387,0.3670349,0.3798828,88330.5,294.49365,0.004277139,-0.009885788,-0.4426918
Kampala,2019-10-01,0.3152,32.5816,0.30000000000000104,32.60000000000005,291.78394,-0.003501216,0001,11573.29113153154,0.49881738971205347,19.0,0.0720095219202539,0.9279904780797461,0.5011826102879465,1.0000305189751728,0.0013677999,0.00026863813,294.27368,294.86646,294.94385,295.135,295.34546,3.000045778462759,0.41262817,0.41210938,0.4013977,0.3847351,88216.69,293.8911,0.0068687177,0.23839188,-0.23915768
Kampala,2019-11-01,0.3152,32.5816,0.30000000000000104,32.60000000000005,292.0669,-0.0035812594,0001,11573.29113153154,0.49881738971205347,19.0,0.0720095219202539,0.9279904780797461,0.5011826102879465,1.0000305189751728,0.0019980818,0.00022216141,294.70532,295.21094,295.18433,295.15137,295.22363,3.000045778462759,0.40867615,0.40997314,0.40956116,0.4016571,88200.06,294.38037,0.006125075,0.029784203,-0.042769432
Kampala,2019-12-01,0.3152,32.5816,0.30000000000000104,32.60000000000005,291.68652,-0.0034945868,0001,11573.29113153154,0.49881738971205347,19.0,0.0720095219202539,0.9279904780797461,0.5011826102879465,1.0000305189751728,0.0029934272,0.00021980703,294.47217,295.0039,295.0171,295.052,295.15942,3.000045778462759,0.4035797,0.40585327,0.4107666,0.41508484,88240.81,294.33057,0.0053834626,0.12161255,-0.40464783
Kampala,2020-01-01,0.3152,32.5816,0.30000000000000104,32.60000000000005,291.1338,-0.004182063,0001,11573.29113153154,0.49881738971205347,19.0,0.0720095219202539,0.9279904780797461,0.5011826102879465,1.0000305189751728,0.001690641,0.00016084313,295.4441,296.00244,295.95728,295.7495,295.26904,3.000045778462759,0.37329102,0.3738098,0.37487793,0.405365,88275.56,295.4226,0.0047423188,-0.025050163,-0.086195946
Kampala,2020-02-01,0.3152,32.5816,0.30000000000000104,32.60000000000005,292.20435,-0.0041477904,0001,11573.29113153154,0.49881738971205347,19.0,0.0720095219202539,0.9279904780797461,0.5011826102879465,1.0000305189751728,0.0011458471,0.00014849007,295.85913,296.34375,296.2046,295.87402,295.49414,3.000045778462759,0.38435364,0.38061523,0.37220764,0.39494324,88273.75,295.77417,0.004299655,-0.15359688,1.0330286
Kampala,2020-03-01,0.3152,32.5816,0.30000000000000104,32.60000000000005,292.55737,-0.0037080282,0001,11573.29113153154,0.49881738971205347,19.0,0.0720095219202539,0.9279904780797461,0.5011826102879465,1.0000305189751728,0.0026435778,0.00018966198,295.3098,295.8711,295.88843,295.94043,295.76953,3.000045778462759,0.41044617,0.4112854,0.40483093,0.39511108,88244.375,295.2505,0.008021177,0.056038857,1.59762
Kampala,2020-04-01,0.3152,32.5816,0.30000000000000104,32.60000000000005,292.35864,-0.0038856491,0001,11573.29113153154,0.49881738971205347,19.0,0.0720095219202539,0.9279904780797461,0.5011826102879465,1.0000305189751728,0.003254354,0.00021393597,295.1621,295.77222,295.80884,295.87305,295.8545,3.000045778462759,0.401474,0.4013672,0.40556335,0.4076233,88306.56,295.1421,0.0077703036,0.26616764,2.1642284
Kampala,2020-05-01,0.3152,32.5816,0.30000000000000104,32.60000000000005,291.85645,-0.0036314558,0001,11573.29113153154,0.49881738971205347,19.0,0.0720095219202539,0.9279904780797461,0.5011826102879465,1.0000305189751728,0.0035719424,0.00015632808,294.65747,295.19043,295.20264,295.2727,295.63525,3.000045778462759,0.3961029,0.39834595,0.40724182,0.41931152,88434.375,294.71484,0.0049270242,0.11216164,2.1798573
Kampala,2020-06-01,0.3152,32.5816,0.30000000000000104,32.60000000000005,290.72632,-0.003829916,0001,11573.29113153154,0.49881738971205347,19.0,0.0720095219202539,0.9279904780797461,0.5011826102879465,1.0000305189751728,0.001437828,0.0001039654,294.3291,294.94946,295.02393,295.22876,295.48657,3.000045778462759,0.37057495,0.36595154,0.36376953,0.404068,88415.25,294.406,0.003507851,0.044654846,1.6078663
Kampala,2020-07-01,0.3152,32.5816,0.30000000000000104,32.60000000000005,290.01685,-0.0037745656,0001,11573.29113153154,0.49881738971205347,19.0,0.0720095219202539,0.9279904780797461,0.5011826102879465,1.0000305189751728,0.00088360906,8.6307526e-05,294.177,294.78833,294.8296,294.9602,295.2881,3.000045778462759,0.35812378,0.3538208,0.3513794,0.39082336,88337.19,294.14014,0.0030848722,-0.11326122,1.4544249
Kampala,2020-08-01,0.3152,32.5816,0.30000000000000104,32.60000000000005,291.14673,-0.003679852,0001,11573.29113153154,0.49881738971205347,19.0,0.0720095219202539,0.9279904780797461,0.5011826102879465,1.0000305189751728,0.00060907006,0.00012978911,294.66113,295.2478,295.22974,295.17798,295.16382,3.000045778462759,0.33822632,0.32757568,0.32894897,0.37956238,88321.75,294.39087,0.0033615904,-0.18431664,-0.20737076
Kampala,2020-09-01,0.3152,32.5816,0.30000000000000104,32.60000000000005,291.56152,-0.004031867,0001,11573.29113153154,0.49881738971205347,19.0,0.0720095219202539,0.9279904780797461,0.5011826102879465,1.0000305189751728,0.00058861077,0.00016400218,294.90234,295.51587,295.4807,295.3723,295.219,3.000045778462759,0.37724304,0.369812,0.33850098,0.37054443,88283.5,294.4956,0.00448698,-0.025406837,-0.7436867
Kampala,2020-10-01,0.3152,32.5816,0.30000000000000104,32.60000000000005,291.97876,-0.0037034322,0001,11573.29113153154,0.49881738971205347,19.0,0.0720095219202539,0.9279904780797461,0.5011826102879465,1.0000305189751728,0.00095116347,0.00020211935,294.77612,295.39282,295.41577,295.44287,295.33057,3.000045778462759,0.39064026,0.38572693,0.36105347,0.36569214,88264.375,294.36133,0.005941157,0.15889645,-0.87428284
Kampala,2020-11-01,0.3152,32.5816,0.30000000000000104,32.60000000000005,291.74854,-0.0036086133,0001,11573.29113153154,0.49881738971205347,19.0,0.0720095219202539,0.9279904780797461,0.5011826102879465,1.0000305189751728,0.0018299818,0.00025603175,294.53906,295.10205,295.11963,295.18213,295.31372,3.000045778462759,0.40672302,0.40750122,0.40592957,0.37939453,88261.75,294.3164,0.0065275067,0.41672134,0.07501602
Kampala,2020-12-01,0.3152,32.5816,0.30000000000000104,32.60000000000005,291.45093,-0.003887347,0001,11573.29113153154,0.49881738971205347,19.0,0.0720095219202539,0.9279904780797461,0.5011826102879465,1.0000305189751728,0.0008841902,0.00012199581,294.66553,295.2212,295.19922,295.1621,295.23145,3.000045778462759,0.3850708,0.38430786,0.38694763,0.39016724,88223.125,294.65747,0.0032041296,0.0758028,0.88325214
Kampala,2021-01-01,0.3152,32.5816,0.30000000000000104,32.60000000000005,291.51245,-0.0039283736,0001,11573.29113153154,0.49881738971205347,19.0,0.0720095219202539,0.9279904780797461,0.5011826102879465,1.0000305189751728,0.0009165779,0.00012417138,294.97705,295.5232,295.47632,295.35693,295.23608,3.000045778462759,0.38346863,0.3826294,0.37948608,0.38594055,88174.69,294.8999,0.003918652,0.060430527,1.6134939
Kampala,2021-02-01,0.3152,32.5816,0.30000000000000104,32.60000000000005,291.31934,-0.004268828,0001,11573.29113153154,0.49881738971205347,19.0,0.0720095219202539,0.9279904780797461,0.5011826102879465,1.0000305189751728,0.0006799847,7.110834e-05,296.12305,296.65723,296.51953,296.135,295.48242,3.000045778462759,0.34184265,0.3397522,0.3457489,0.3795166,88177.19,295.95312,0.0027432116,-0.10666084,1.248292
Kampala,2021-03-01,0.3152,32.5816,0.30000000000000104,32.60000000000005,291.79346,-0.0042625824,0001,11573.29113153154,0.49881738971205347,19.0,0.0720095219202539,0.9279904780797461,0.5011826102879465,1.0000305189751728,0.00050311536,0.000106573105,295.87573,296.5454,296.5442,296.42334,295.8828,3.000045778462759,0.35603333,0.34602356,0.32458496,0.37028503,88109.06,295.6521,0.0041146916,0.53624916,1.7946434
Kampala,2021-04-01,0.3152,32.5816,0.30000000000000104,32.60000000000005,291.93262,-0.003726989,0001,11573.29113153154,0.49881738971205347,19.0,0.0720095219202539,0.9279904780797461,0.5011826102879465,1.0000305189751728,0.00087784976,0.0001617074,294.74048,295.35815,295.41626,295.63208,295.93652,3.000045778462759,0.39604187,0.3914795,0.36054993,0.36457825,88242.81,294.65894,0.006027646,0.23306179,2.3092985
Kampala,2021-05-01,0.3152,32.5816,0.30000000000000104,32.60000000000005,291.55542,-0.0036591412,0001,11573.29113153154,0.49881738971205347,19.0,0.0720095219202539,0.9279904780797461,0.5011826102879465,1.0000305189751728,0.0013806,0.00017906725,294.6482,295.19702,295.21338,295.29688,295.66577,3.000045778462759,0.3944397,0.39779663,0.40298462,0.38198853,88346.625,294.60742,0.0054727113,0.17279911,1.5056896
Kampala,2021-06-01,0.3152,32.5816,0.30000000000000104,32.60000000000005,290.2024,-0.0038156668,0001,11573.29113153154,0.49881738971205347,19.0,0.0720095219202539,0.9279904780797461,0.5011826102879465,1.0000305189751728,0.000703685,7.380545e-05,294.32104,294.99854,295.09766,295.30664,295.53735,3.000045778462759,0.3380432,0.33677673,0.35256958,0.3852234,88393.69,294.4922,0.0023908846,0.20656013,2.2187614
Kampala,2021-07-01,0.3152,32.5816,0.30000000000000104,32.60000000000005,289.1848,-0.0037121894,0001,11573.29113153154,0.49881738971205347,19.0,0.0720095219202539,0.9279904780797461,0.5011826102879465,1.0000305189751728,0.00045057386,5.0604343e-05,294.1892,294.8247,294.8518,294.97998,295.3186,3.000045778462759,0.30334473,0.30271912,0.31651306,0.37409973,88470.375,294.281,0.0016646043,-0.100173,2.2650166
Kampala,2021-08-01,0.3152,32.5816,0.30000000000000104,32.60000000000005,290.30762,-0.0036960281,0001,11573.29113153154,0.49881738971205347,19.0,0.0720095219202539,0.9279904780797461,0.5011826102879465,1.0000305189751728,0.00032488257,9.943545e-05,294.65283,295.25732,295.21973,295.16528,295.21216,3.000045778462759,0.30625916,0.29255676,0.29023743,0.36213684,88374.94,294.40112,0.0028013883,-0.03861618,0.2955761
Kampala,2021-09-01,0.3152,32.5816,0.30000000000000104,32.60000000000005,291.40332,-0.0037978394,0001,11573.29113153154,0.49881738971205347,19.0,0.0720095219202539,0.9279904780797461,0.5011826102879465,1.0000305189751728,0.00027792156,0.00020238757,294.66675,295.29077,295.2832,295.23926,295.19604,3.000045778462759,0.358963,0.33813477,0.29429626,0.35256958,88317.19,294.24072,0.0044608046,-0.01714325,-0.46698952
Kampala,2021-10-01,0.3152,32.5816,0.30000000000000104,32.60000000000005,291.80518,-0.004113163,0001,11573.29113153154,0.49881738971205347,19.0,0.0720095219202539,0.9279904780797461,0.5011826102879465,1.0000305189751728,0.00044814497,0.00015246868,295.3977,295.9773,295.90356,295.6831,295.3247,3.000045778462759,0.37052917,0.3639984,0.32836914,0.34658813,88230.375,294.95215,0.0047428557,0.19709778,-0.25171852
Kampala,2021-11-01,0.3152,32.5816,0.30000000000000104,32.60000000000005,291.59546,-0.0040753577,0001,11573.29113153154,0.49881738971205347,19.0,0.0720095219202539,0.9279904780797461,0.5011826102879465,1.0000305189751728,0.00021221489,0.000115573406,295.6631,296.2644,296.22363,296.06128,295.5835,3.000045778462759,0.34230042,0.3327942,0.32847595,0.34295654,88186.5,295.24463,0.0033741342,0.46391487,0.45287132
Kampala,2021-12-01,0.3152,32.5816,0.30000000000000104,32.60000000000005,291.95703,-0.003923825,0001,11573.29113153154,0.49881738971205347,19.0,0.0720095219202539,0.9279904780797461,0.5011826102879465,1.0000305189751728,0.00037189573,0.00014698505,295.552,296.10767,296.07886,295.99292,295.7954,3.000045778462759,0.3714447,0.36099243,0.3238678,0.33883667,88192.81,295.3506,0.0045648185,0.21504307,1.3577194
Kampala,2022-01-01,0.3152,32.5816,0.30000000000000104,32.60000000000005,290.27246,-0.0040828306,0001,11573.29113153154,0.49881738971205347,19.0,0.0720095219202539,0.9279904780797461,0.5011826102879465,1.0000305189751728,0.00015225261,7.040799e-05,295.5581,296.18115,296.15112,296.02588,295.89648,3.000045778462759,0.31217957,0.3191986,0.32751465,0.33644104,88208.81,295.45947,0.0019337231,-0.13982296,0.5790911
Kampala,2022-02-01,0.3152,32.5816,0.30000000000000104,32.60000000000005,291.43994,-0.003945535,0001,11573.29113153154,0.49881738971205347,19.0,0.0720095219202539,0.9279904780797461,0.5011826102879465,1.0000305189751728,0.0001539439,9.804964e-05,295.79297,296.38428,296.32397,296.2085,295.98193,3.000045778462759,0.34066772,0.31956482,0.2961731,0.33190918,88172.94,295.5398,0.0033321478,-0.17489529,2.0750275
Kampala,2022-03-01,0.3152,32.5816,0.30000000000000104,32.60000000000005,291.6167,-0.004141312,0001,11573.29113153154,0.49881738971205347,19.0,0.0720095219202539,0.9279904780797461,0.5011826102879465,1.0000305189751728,0.00013092905,7.31498e-05,296.4397,297.09302,297.03638,296.81152,296.2395,3.000045778462759,0.30584717,0.28778076,0.27770996,0.3264618,88095.44,296.1504,0.0028805363,0.23087502,1.8681936
Kampala,2022-04-01,0.3152,32.5816,0.30000000000000104,32.60000000000005,291.77295,-0.003402032,0001,11573.29113153154,0.49881738971205347,19.0,0.0720095219202539,0.9279904780797461,0.5011826102879465,1.0000305189751728,0.00072546303,0.00017809868,295.3667,296.03076,296.13037,296.40308,296.44995,3.000045778462759,0.34365845,0.325531,0.27612305,0.3206787,88141.06,295.1985,0.006003456,0.46735,1.450448
Kampala,2022-05-01,0.3152,32.5816,0.30000000000000104,32.60000000000005,291.708,-0.0036982093,0001,11573.29113153154,0.49881738971205347,19.0,0.0720095219202539,0.9279904780797461,0.5011826102879465,1.0000305189751728,0.00039521605,0.00015068054,294.76416,295.36426,295.42285,295.6145,296.15576,3.000045778462759,0.38160706,0.3763733,0.35749817,0.32330322,88355.94,294.76392,0.004724568,0.3196125,1.759696
Kampala,2022-06-01,0.3152,32.5816,0.30000000000000104,32.60000000000005,289.89282,-0.0037949793,0001,11573.29113153154,0.49881738971205347,19.0,0.0720095219202539,0.9279904780797461,0.5011826102879465,1.0000305189751728,0.00014097989,6.197393e-05,294.2622,294.93384,295.0088,295.2351,295.8286,3.000045778462759,0.32218933,0.3225708,0.34420776,0.32681274,88337.0,294.28247,0.001348358,-0.0013723373,2.1117353
Kampala,2022-07-01,0.3152,32.5816,0.30000000000000104,32.60000000000005,288.7854,-0.0032341518,0001,11573.29113153154,0.49881738971205347,19.0,0.0720095219202539,0.9279904780797461,0.5011826102879465,1.0000305189751728,0.00011758506,4.7400594e-05,294.41724,295.1106,295.15942,295.25317,295.55518,3.000045778462759,0.22325134,0.23257446,0.29148865,0.32307434,88381.5,294.36646,0.0011390798,0.0020980835,1.8381786
Kampala,2022-08-01,0.3152,32.5816,0.30000000000000104,32.60000000000005,289.8728,-0.0031736717,0001,11573.29113153154,0.49881738971205347,19.0,0.0720095219202539,0.9279904780797461,0.5011826102879465,1.0000305189751728,0.00011125952,0.00013233721,294.28857,294.89258,294.9148,295.08618,295.38696,3.000045778462759,0.2902069,0.26565552,0.26075745,0.3171997,88310.5,294.00317,0.003079033,0.051635742,0.029810905
Kampala,2022-09-01,0.3152,32.5816,0.30000000000000104,32.60000000000005,291.2295,-0.0021821265,0001,11573.29113153154,0.49881738971205347,19.0,0.0720095219202539,0.9279904780797461,0.5011826102879465,1.0000305189751728,6.6865236e-05,0.00014317036,294.79102,295.3982,295.36548,295.28003,295.27954,3.000045778462759,0.34246826,0.32403564,0.26341248,0.31210327,88285.0,294.34814,0.0021102517,0.21646976,-0.53544235
Kampala,2022-10-01,0.3152,32.5816,0.30000000000000104,32.60000000000005,291.39502,-0.0023627682,0001,11573.29113153154,0.49881738971205347,19.0,0.0720095219202539,0.9279904780797461,0.5011826102879465,1.0000305189751728,4.444085e-05,0.00011476874,295.5149,296.08667,295.97632,295.68457,295.37427,3.000045778462759,0.32055664,0.30978394,0.26516724,0.30752563,88226.56,295.05933,0.0015113169,0.14558029,-0.56687546
Kampala,2022-11-01,0.3152,32.5816,0.30000000000000104,32.60000000000005,291.43237,-0.0019919826,0001,11573.29113153154,0.49881738971205347,19.0,0.0720095219202539,0.9279904780797461,0.5011826102879465,1.0000305189751728,0.00018269569,0.0002502799,294.40552,295.04688,295.16064,295.4392,295.52393,3.000045778462759,0.37294006,0.3518982,0.28536987,0.30360413,88217.75,294.08862,0.0043509286,0.6276159,0.2622919
Kampala,2022-12-01,0.3152,32.5816,0.30000000000000104,32.60000000000005,291.03296,-0.002119644,0001,11573.29113153154,0.49881738971205347,19.0,0.0720095219202539,0.9279904780797461,0.5011826102879465,1.0000305189751728,0.00035239384,0.00015416741,294.42383,294.99365,295.01904,295.12402,295.37524,3.000045778462759,0.38285828,0.377594,0.34910583,0.3056183,88209.0,294.1975,0.0027920983,0.37261105,0.52796173
Kampala,2023-01-01,0.3152,32.5816,0.30000000000000104,32.60000000000005,290.38696,-0.0023845462,0001,11573.29113153154,0.49881738971205347,19.0,0.0720095219202539,0.9279904780797461,0.5011826102879465,1.0000305189751728,5.119294e-05,7.195771e-05,295.1316,295.69263,295.5974,295.38477,295.28516,3.000045778462759,0.32406616,0.3165741,0.33073425,0.3089447,88199.81,295.1311,0.0012483905,-0.054488182,1.1887302
Kampala,2023-02-01,0.3152,32.5816,0.30000000000000104,32.60000000000005,291.16406,-0.0023179925,0001,11573.29113153154,0.49881738971205347,19.0,0.0720095219202539,0.9279904780797461,0.5011826102879465,1.0000305189751728,4.491955e-05,6.2033534e-05,296.5869,297.18262,297.0188,296.45752,295.55005,3.000045778462759,0.2665558,0.250412,0.28651428,0.30599976,88159.06,296.27344,0.0013913843,0.04932022,1.5408659
Kampala,2023-03-01,0.3152,32.5816,0.30000000000000104,32.60000000000005,291.41455,-0.0019398388,0001,11573.29113153154,0.49881738971205347,19.0,0.0720095219202539,0.9279904780797461,0.5011826102879465,1.0000305189751728,0.00048742816,0.00019811094,294.65723,295.3152,295.42334,295.7754,295.8728,3.000045778462759,0.36579895,0.3479004,0.30015564,0.30256653,88202.0,294.4712,0.004770988,0.59311676,1.0000029
Kampala,2023-04-01,0.3152,32.5816,0.30000000000000104,32.60000000000005,291.95435,-0.0022669383,0001,11573.29113153154,0.49881738971205347,19.0,0.0720095219202539,0.9279904780797461,0.5011826102879465,1.0000305189751728,0.00057994947,0.00024449825,294.93823,295.53613,295.56543,295.5791,295.6914,3.000045778462759,0.4020691,0.3996582,0.38249207,0.3118286,88165.31,294.8369,0.0045702895,0.38815975,1.895196
Kampala,2023-05-01,0.3152,32.5816,0.30000000000000104,32.60000000000005,292.06885,-0.0024002409,0001,11573.29113153154,0.49881738971205347,19.0,0.0720095219202539,0.9279904780797461,0.5011826102879465,1.0000305189751728,0.00025600567,0.00013101101,295.38135,295.89722,295.81787,295.64722,295.6194,3.000045778462759,0.37530518,0.37542725,0.38528442,0.3413086,88359.81,295.34375,0.0019883027,-0.0015583038,1.8150587
Kampala,2023-06-01,0.3152,32.5816,0.30000000000000104,32.60000000000005,291.41333,-0.0019972357,0001,11573.29113153154,0.49881738971205347,19.0,0.0720095219202539,0.9279904780797461,0.5011826102879465,1.0000305189751728,0.00024037436,0.00012563169,294.64502,295.23682,295.32007,295.5542,295.69922,3.000045778462759,0.36016846,0.35064697,0.3425598,0.34326172,88393.44,294.6665,0.002470856,0.1420641,0.81935215
Kampala,2023-07-01,0.3152,32.5816,0.30000000000000104,32.60000000000005,289.84814,-0.002147864,0001,11573.29113153154,0.49881738971205347,19.0,0.0720095219202539,0.9279904780797461,0.5011826102879465,1.0000305189751728,0.00012210757,3.9801e-05,294.69238,295.27222,295.23706,295.2273,295.5,3.000045778462759,0.29685974,0.30984497,0.33406067,0.34046936,88483.94,294.86108,0.00065545534,-0.005678177,1.7104473
Kampala,2023-08-01,0.3152,32.5816,0.30000000000000104,32.60000000000005,290.92114,-0.0021860772,0001,11573.29113153154,0.49881738971205347,19.0,0.0720095219202539,0.9279904780797461,0.5011826102879465,1.0000305189751728,0.000101827085,6.4879656e-05,295.50586,296.07812,296.02466,295.81616,295.50854,3.000045778462759,0.29307556,0.27334595,0.2894745,0.3343048,88373.19,295.36426,0.0018999636,-0.21665287,0.6713152
Kampala,2023-09-01,0.3152,32.5816,0.30000000000000104,32.60000000000005,291.79346,-0.0021994081,0001,11573.29113153154,0.49881738971205347,19.0,0.0720095219202539,0.9279904780797461,0.5011826102879465,1.0000305189751728,0.00010351464,0.00016388297,295.51782,296.10742,296.07935,295.99707,295.729,3.000045778462759,0.33929443,0.32037354,0.27830505,0.3274994,88305.69,295.1289,0.0024937815,0.007598877,-0.2631197
Kampala,2023-10-01,0.3152,32.5816,0.30000000000000104,32.60000000000005,292.177,-0.0024028644,0001,11573.29113153154,0.49881738971205347,19.0,0.0720095219202539,0.9279904780797461,0.5011826102879465,1.0000305189751728,7.6435506e-05,0.00015169382,295.77148,296.34644,296.3069,296.16943,295.87866,3.000045778462759,0.35543823,0.3401947,0.29460144,0.3228302,88235.56,295.4773,0.0022073234,0.25446606,-0.36536598
Kampala,2023-11-01,0.3152,32.5816,0.30000000000000104,32.60000000000005,292.0735,-0.0019751433,0001,11573.29113153154,0.49881738971205347,19.0,0.0720095219202539,0.9279904780797461,0.5011826102879465,1.0000305189751728,0.0006629452,0.000286147,294.71582,295.28613,295.37207,295.6228,295.8977,3.000045778462759,0.40464783,0.3988037,0.35905457,0.3253479,88249.25,294.48315,0.0054443497,0.650115,0.52230835
Kampala,2023-12-01,0.3152,32.5816,0.30000000000000104,32.60000000000005,292.23706,-0.0021646414,0001,11573.29113153154,0.49881738971205347,19.0,0.0720095219202539,0.9279904780797461,0.5011826102879465,1.0000305189751728,0.000496611,0.00016111135,295.25317,295.76245,295.73853,295.64526,295.7119,3.000045778462759,0.39578247,0.3950348,0.3937378,0.35235596,88263.5,295.1604,0.003057572,0.2593689,0.5869961
Kampala,2024-01-01,0.3152,32.5816,0.30000000000000104,32.60000000000005,291.4392,-0.0022598165,0001,11573.29113153154,0.49881738971205347,19.0,0.0720095219202539,0.9279904780797461,0.5011826102879465,1.0000305189751728,0.00022631139,0.00010177493,295.89233,296.37012,296.2693,296.04663,295.79883,3.000045778462759,0.35075378,0.34973145,0.35699463,0.35734558,88346.06,295.86597,0.0014800772,-0.29456425,0.6412716
Kampala,2024-02-01,0.3152,32.5816,0.30000000000000104,32.60000000000005,291.97388,-0.0024091396,0001,11573.29113153154,0.49881738971205347,19.0,0.0720095219202539,0.9279904780797461,0.5011826102879465,1.0000305189751728,0.00016997755,9.961426e-05,296.73535,297.2942,297.18018,296.80225,296.08813,3.000045778462759,0.31878662,0.30422974,0.3163452,0.35139465,88312.56,296.51587,0.002000053,-0.011335373,1.4033785
Kampala,2024-03-01,0.3152,32.5816,0.30000000000000104,32.60000000000005,292.6089,-0.0044418974,0001,11573.29113153154,0.49881738971205347,19.0,0.0720095219202539,0.9279904780797461,0.5011826102879465,1.0000305189751728,0.0012027994,0.00011211634,297.0149,297.6394,297.55298,297.25293,296.53198,3.000045778462759,0.35012817,0.34342957,0.30976868,0.34402466,88248.375,296.82397,0.0062809917,0.41470337,2.1084633
Kampala,2024-04-01,0.3152,32.5816,0.30000000000000104,32.60000000000005,292.53247,-0.003919131,0001,11573.29113153154,0.49881738971205347,19.0,0.0720095219202539,0.9279904780797461,0.5011826102879465,1.0000305189751728,0.000995107,0.00023187697,295.32446,295.98853,296.0747,296.354,296.6621,3.000045778462759,0.40856934,0.40748596,0.39190674,0.3509369,88246.44,295.313,0.0072182724,0.46016788,2.2358837
Kampala,2024-05-01,0.3152,32.5816,0.30000000000000104,32.60000000000005,292.17358,-0.0040715123,0001,11573.29113153154,0.49881738971205347,19.0,0.0720095219202539,0.9279904780797461,0.5011826102879465,1.0000305189751728,0.00072465837,0.00013427436,295.58228,296.1858,296.21436,296.28784,296.48804,3.000045778462759,0.38648987,0.38728333,0.38793945,0.36650085,88337.56,295.73706,0.0038920098,-0.02640438,2.122095
Kampala,2024-06-01,0.3152,32.5816,0.30000000000000104,32.60000000000005,290.46924,-0.004026559,0001,11573.29113153154,0.49881738971205347,19.0,0.0720095219202539,0.9279904780797461,0.5011826102879465,1.0000305189751728,0.00044304878,4.3541193e-05,295.04248,295.7273,295.81787,296.05322,296.365,3.000045778462759,0.32398987,0.32891846,0.34700012,0.36524963,88408.81,295.39575,0.0017313667,-0.12615585,2.4224014
Kampala,2024-07-01,0.3152,32.5816,0.30000000000000104,32.60000000000005,290.77075,-0.0032165842,0001,11573.29113153154,0.49881738971205347,19.0,0.0720095219202539,0.9279904780797461,0.5011826102879465,1.0000305189751728,0.00029307604,6.5624714e-05,295.29785,295.8789,295.8811,295.89795,296.14502,3.000045778462759,0.25785828,0.25273132,0.29933167,0.35646057,88410.375,295.07593,0.0018339311,-0.12019253,0.39592266
Kampala,2024-08-01,0.3152,32.5816,0.30000000000000104,32.60000000000005,290.62476,-0.0033922624,0001,11573.29113153154,0.49881738971205347,19.0,0.0720095219202539,0.9279904780797461,0.5011826102879465,1.0000305189751728,0.00019622594,8.0004334e-05,295.67407,296.27686,296.2307,296.1355,296.08545,3.000045778462759,0.2515564,0.23228455,0.26811218,0.34625244,88373.94,295.22852,0.0015026589,-0.15925121,0.062002182
Kampala,2024-09-01,0.3152,32.5816,0.30000000000000104,32.60000000000005,291.28418,-0.0037006903,0001,11573.29113153154,0.49881738971205347,19.0,0.0720095219202539,0.9279904780797461,0.5011826102879465,1.0000305189751728,0.00018825382,0.00010691583,295.8181,296.44214,296.43457,296.3667,296.17212,3.000045778462759,0.29678345,0.25776672,0.24725342,0.33631897,88300.375,295.53784,0.0032341352,-0.15978909,-0.13794231
Kampala,2024-10-01,0.3152,32.5816,0.30000000000000104,32.60000000000005,291.65234,-0.00395773,0001,11573.29113153154,0.49881738971205347,19.0,0.0720095219202539,0.9279904780797461,0.5011826102879465,1.0000305189751728,0.00024392456,0.00013831258,295.67554,296.26758,296.2329,296.20483,296.22412,3.000045778462759,0.34066772,0.3215027,0.25367737,0.32814026,88285.5,295.33643,0.0039042672,0.27492332,-0.18298912
Kampala,2024-11-01,0.3152,32.5816,0.30000000000000104,32.60000000000005,291.60327,-0.003660867,0001,11573.29113153154,0.49881738971205347,19.0,0.0720095219202539,0.9279904780797461,0.5011826102879465,1.0000305189751728,0.00050342083,0.00023150444,295.14355,295.81348,295.92114,296.20044,296.25513,3.000045778462759,0.3646698,0.34513855,0.2849121,0.32229614,88247.19,294.87695,0.0069235545,0.44391727,-0.043733597
Kampala,2024-12-01,0.3152,32.5816,0.30000000000000104,32.60000000000005,291.20264,-0.003832234,0001,11573.29113153154,0.49881738971205347,19.0,0.0720095219202539,0.9279904780797461,0.5011826102879465,1.0000305189751728,0.0002701655,0.00012938678,295.04272,295.59424,295.59937,295.65234,296.03784,3.000045778462759,0.3688507,0.3657074,0.35264587,0.32481384,88272.875,295.10522,0.0035190652,0.02484703,0.9309721
Kampala,2025-01-01,0.3152,32.5816,0.30000000000000104,32.60000000000005,290.91357,-0.004163499,0001,11573.29113153154,0.49881738971205347,19.0,0.0720095219202539,0.9279904780797461,0.5011826102879465,1.0000305189751728,0.00014477223,6.9111586e-05,295.9348,296.48682,296.39136,296.15308,295.97266,3.000045778462759,0.31448364,0.3074646,0.32662964,0.32591248,88192.125,295.90088,0.0022171892,-0.22264576,1.2570858
Kampala,2025-02-01,0.3152,32.5816,0.30000000000000104,32.60000000000005,290.98413,-0.004125776,0001,11573.29113153154,0.49881738971205347,19.0,0.0720095219202539,0.9279904780797461,0.5011826102879465,1.0000305189751728,0.00011334568,3.4675002e-05,297.38232,297.95117,297.69995,297.04395,296.2329,3.000045778462759,0.25335693,0.25205994,0.2857666,0.32136536,88105.0,297.1985,0.0012137098,-0.089689255,1.6901894
Kampala,2025-03-01,0.3152,32.5816,0.30000000000000104,32.60000000000005,291.8899,-0.0037860908,0001,11573.29113153154,0.49881738971205347,19.0,0.0720095219202539,0.9279904780797461,0.5011826102879465,1.0000305189751728,0.00021791458,0.00013564527,296.59863,297.33813,297.38745,297.39502,296.76123,3.000045778462759,0.3146057,0.28178406,0.25675964,0.3146057,88178.125,296.24683,0.0057276287,0.23147488,1.6325378
Kampala,2025-04-01,0.3152,32.5816,0.30000000000000104,32.60000000000005,291.97852,-0.0037293974,0001,11573.29113153154,0.49881738971205347,19.0,0.0720095219202539,0.9279904780797461,0.5011826102879465,1.0000305189751728,0.00020257384,0.00019031763,295.19287,295.83447,295.9192,296.1731,296.70044,3.000045778462759,0.38456726,0.37713623,0.33293152,0.31243896,88224.19,295.12915,0.0047463565,0.118997574,1.606247
Kampala,2025-05-01,0.3152,32.5816,0.30000000000000104,32.60000000000005,291.77002,-0.0038219057,0005,11573.29113153154,0.49881738971205347,19.0,0.0720095219202539,0.9279904780797461,0.5011826102879465,1.0000305189751728,0.00034670532,0.0001616478,294.8452,295.49878,295.5996,295.9026,296.39014,3.000045778462759,0.3888092,0.38186646,0.35871887,0.31698608,88382.625,294.83813,0.0050088093,0.16200447,2.0432758
Kampala,2025-06-01,0.3152,32.5816,0.30000000000000104,32.60000000000005,290.65747,-0.0037484076,0005,11573.29113153154,0.49881738971205347,19.0,0.0720095219202539,0.9279904780797461,0.5011826102879465,1.0000305189751728,0.00030091405,7.669628e-05,294.51294,295.15088,295.23145,295.47266,296.04248,3.000045778462759,0.34973145,0.35009766,0.35871887,0.3237915,88457.69,294.6494,0.002858637,0.089196205,1.837945
Kabale,1981-01-01,-1.242,29.9856,-1.0,30.000000000000014,286.5813,-0.0036827372,0001,17455.652201526806,0.9086567073077686,19.0,0.0,1.0,0.018662353318175562,1.0000305189751728,0.0015792623,0.00016027689,292.1626,292.77026,292.75708,292.74854,292.86963,2.000030518975173,0.41255188,0.41325378,0.41101074,0.4340515,82998.56,291.77393,0.0041478006,-0.43454838,0.094264984
Kabale,1981-02-01,-1.242,29.9856,-1.0,30.000000000000014,285.90527,-0.0036142375,0001,17455.652201526806,0.9086567073077686,19.0,0.0,1.0,0.018662353318175562,1.0000305189751728,0.0008665174,9.0673566e-05,293.33984,293.7666,293.6101,293.25464,292.91528,2.000030518975173,0.37243652,0.3674469,0.36521912,0.4248047,82932.56,293.04248,0.0023305928,-0.44948673,-0.0087480545
Kabale,1981-03-01,-1.242,29.9856,-1.0,30.000000000000014,288.15186,-0.0032739006,0001,17455.652201526806,0.9086567073077686,19.0,0.0,1.0,0.018662353318175562,1.0000305189751728,0.001740016,0.00023114681,292.83472,293.47437,293.51904,293.54346,293.19727,2.000030518975173,0.4259796,0.42407227,0.38839722,0.41664124,82955.44,292.1079,0.008259908,0.058455467,0.23186493
Kabale,1981-04-01,-1.242,29.9856,-1.0,30.000000000000014,288.96265,-0.0034671114,0001,17455.652201526806,0.9086567073077686,19.0,0.0,1.0,0.018662353318175562,1.0000305189751728,0.0062154233,0.00031024218,292.7295,293.36865,293.33813,293.28076,293.25146,2.000030518975173,0.441864,0.44573975,0.45606995,0.45046997,83000.94,291.85376,0.0119283395,-0.40525055,0.49335575
Kabale,1981-05-01,-1.242,29.9856,-1.0,30.000000000000014,288.24292,-0.0033386126,0001,17455.652201526806,0.9086567073077686,19.0,0.0,1.0,0.018662353318175562,1.0000305189751728,0.007065758,0.00024235249,292.26416,292.9026,292.93896,293.06006,293.23633,2.000030518975173,0.4209137,0.42687988,0.42799377,0.46144104,83065.875,291.6665,0.00805434,-0.6983452,0.81762886
Kabale,1981-06-01,-1.242,29.9856,-1.0,30.000000000000014,286.05566,-0.0032421565,0001,17455.652201526806,0.9086567073077686,19.0,0.0,1.0,0.018662353318175562,1.0000305189751728,0.0037881583,0.00010281801,292.13306,292.6809,292.71875,292.83984,293.094,2.000030518975173,0.35766602,0.37319946,0.3887024,0.4468994,83153.81,292.08765,0.004960937,-0.72064686,1.0898361
Kabale,1981-07-01,-1.242,29.9856,-1.0,30.000000000000014,285.448,-0.0030603074,0001,17455.652201526806,0.9086567073077686,19.0,0.0,1.0,0.018662353318175562,1.0000305189751728,0.0010182261,0.00015464425,292.38208,292.89917,292.88818,292.9048,292.98462,2.000030518975173,0.38227844,0.35923767,0.33970642,0.43006897,83104.75,292.2661,0.003691674,-0.3667183,0.6450863
Kabale,1981-08-01,-1.242,29.9856,-1.0,30.000000000000014,286.86475,-0.0031648958,0001,17455.652201526806,0.9086567073077686,19.0,0.0,1.0,0.018662353318175562,1.0000305189751728,0.0015940219,0.0002233535,292.46655,293.06348,293.06958,293.0454,292.99414,2.000030518975173,0.426651,0.42530823,0.38716125,0.42008972,83068.81,291.91992,0.00741833,-0.35212135,0.4965105
Kabale,1981-09-01,-1.242,29.9856,-1.0,30.000000000000014,287.3479,-0.0033303872,0001,17455.652201526806,0.9086567073077686,19.0,0.0,1.0,0.018662353318175562,1.0000305189751728,0.0053766742,0.00019934773,292.2307,292.82178,292.7859,292.75977,292.9099,2.000030518975173,0.42533875,0.43330383,0.4441681,0.43545532,83057.625,291.4619,0.011389214,-0.29653645,0.45873165
Kabale,1981-10-01,-1.242,29.9856,-1.0,30.000000000000014,287.84448,-0.003327188,0001,17455.652201526806,0.9086567073077686,19.0,0.0,1.0,0.018662353318175562,1.0000305189751728,0.00926736,0.00021235645,292.2085,292.89648,292.9402,293.0276,292.96753,2.000030518975173,0.42851257,0.43528748,0.41828918,0.4577942,83000.31,291.3562,0.011210425,-0.568347,0.45440197
Kabale,1981-11-01,-1.242,29.9856,-1.0,30.000000000000014,287.21777,-0.0034231339,0001,17455.652201526806,0.9086567073077686,19.0,0.0,1.0,0.018662353318175562,1.0000305189751728,0.0024229959,0.00016185641,292.09375,292.729,292.7495,292.8186,292.91675,2.000030518975173,0.42469788,0.42861938,0.417984,0.44487,82977.94,291.39062,0.004935873,-0.45540905,0.25872707
Kabale,1981-12-01,-1.242,29.9856,-1.0,30.000000000000014,287.17578,-0.0035031168,0001,17455.652201526806,0.9086567073077686,19.0,0.0,1.0,0.018662353318175562,1.0000305189751728,0.0015799478,0.00022400916,291.9585,292.5874,292.5901,292.61768,292.80444,2.000030518975173,0.4288025,0.43174744,0.41740417,0.4371338,83007.125,291.46338,0.0047355136,-0.551074,0.19178677
Kabale,1982-01-01,-1.242,29.9856,-1.0,30.000000000000014,287.13745,-0.0036027012,0001,17455.652201526806,0.9086567073077686,19.0,0.0,1.0,0.018662353318175562,1.0000305189751728,0.0016326383,0.00022098422,292.1792,292.79346,292.7766,292.7461,292.75342,2.000030518975173,0.4274292,0.43118286,0.42733765,0.4345703,82947.875,291.6338,0.005081621,-0.29718876,0.021136284
Kabale,1982-02-01,-1.242,29.9856,-1.0,30.000000000000014,286.2898,-0.0037011718,0001,17455.652201526806,0.9086567073077686,19.0,0.0,1.0,0.018662353318175562,1.0000305189751728,0.0014541857,0.00014834106,292.9839,293.50244,293.42017,293.17725,292.84814,2.000030518975173,0.4055481,0.40350342,0.41075134,0.43281555,82919.94,292.71362,0.003522257,-0.120651245,-0.040789604
Kabale,1982-03-01,-1.242,29.9856,-1.0,30.000000000000014,286.896,-0.0036924668,0001,17455.652201526806,0.9086567073077686,19.0,0.0,1.0,0.018662353318175562,1.0000305189751728,0.0011006221,0.00016656518,293.2478,293.77808,293.68628,293.4414,293.04688,2.000030518975173,0.40722656,0.39842224,0.37467957,0.42453003,82917.44,292.81763,0.0043326537,-0.6867666,0.5035019
Kabale,1982-04-01,-1.242,29.9856,-1.0,30.000000000000014,288.50464,-0.0033542975,0001,17455.652201526806,0.9086567073077686,19.0,0.0,1.0,0.018662353318175562,1.0000305189751728,0.00454583,0.00028172135,292.67432,293.32202,293.3606,293.4453,293.25854,2.000030518975173,0.43641663,0.43807983,0.4147644,0.42147827,82992.94,292.07642,0.011410337,-0.59174633,0.6246071
Kabale,1982-05-01,-1.242,29.9856,-1.0,30.000000000000014,288.24487,-0.0032806145,0001,17455.652201526806,0.9086567073077686,19.0,0.0,1.0,0.018662353318175562,1.0000305189751728,0.0044004396,0.00021919608,292.10132,292.73145,292.7881,292.9663,293.2268,2.000030518975173,0.42523193,0.42616272,0.43754578,0.4510193,83060.19,291.6272,0.007150338,-0.81858635,0.9344053
Kabale,1982-06-01,-1.242,29.9856,-1.0,30.000000000000014,285.99463,-0.003177612,0001,17455.652201526806,0.9086567073077686,19.0,0.0,1.0,0.018662353318175562,1.0000305189751728,0.0019662231,7.0527196e-05,292.19946,292.7224,292.76758,292.89404,293.0669,2.000030518975173,0.35661316,0.37309265,0.38708496,0.4427948,83182.81,292.0869,0.0013565617,-0.9183569,1.1613264
Kabale,1982-07-01,-1.242,29.9856,-1.0,30.000000000000014,283.4756,-0.0021182569,0001,17455.652201526806,0.9086567073077686,19.0,0.0,1.0,0.018662353318175562,1.0000305189751728,0.0008175671,2.2053719e-05,292.97095,293.3589,293.24463,293.0332,292.99048,2.000030518975173,0.23672485,0.27078247,0.32598877,0.4259491,83118.875,292.594,0.0004686368,-0.94986916,1.1781034
Kabale,1982-08-01,-1.242,29.9856,-1.0,30.000000000000014,285.06543,-0.0024005864,0001,17455.652201526806,0.9086567073077686,19.0,0.0,1.0,0.018662353318175562,1.0000305189751728,0.00043242425,5.8457255e-05,293.27075,293.69165,293.61157,293.38257,293.10962,2.000030518975173,0.30018616,0.28779602,0.29937744,0.4107666,83105.94,292.49,0.0016842805,-0.7652378,0.79489136
Kabale,1982-09-01,-1.242,29.9856,-1.0,30.000000000000014,286.9319,-0.002891725,0001,17455.652201526806,0.9086567073077686,19.0,0.0,1.0,0.018662353318175562,1.0000305189751728,0.0005225241,0.0001873225,293.03882,293.6931,293.7351,293.76367,293.3584,2.000030518975173,0.37120056,0.33795166,0.2966919,0.39845276,83072.56,292.114,0.005556206,-0.7349014,0.5378189
Kabale,1982-10-01,-1.242,29.9856,-1.0,30.000000000000014,287.30298,-0.003200681,0001,17455.652201526806,0.9086567073077686,19.0,0.0,1.0,0.018662353318175562,1.0000305189751728,0.0011553839,0.00021357834,291.6499,292.34082,292.4087,292.69238,293.25195,2.000030518975173,0.42427063,0.42616272,0.37931824,0.3930664,82985.44,290.98804,0.007497264,-0.4187832,0.4011917
Kabale,1982-11-01,-1.242,29.9856,-1.0,30.000000000000014,287.88354,-0.003304604,0001,17455.652201526806,0.9086567073077686,19.0,0.0,1.0,0.018662353318175562,1.0000305189751728,0.0024834871,0.00028406084,291.83252,292.55713,292.61865,292.78003,293.02295,2.000030518975173,0.44200134,0.44818115,0.45387268,0.42590332,83001.44,290.98682,0.009014864,-0.062184334,0.03413582
Kabale,1982-12-01,-1.242,29.9856,-1.0,30.000000000000014,287.6626,-0.0035174536,0001,17455.652201526806,0.9086567073077686,19.0,0.0,1.0,0.018662353318175562,1.0000305189751728,0.0032258853,0.00026103854,292.11865,292.72144,292.67432,292.62134,292.83105,2.000030518975173,0.43400574,0.43675232,0.4419098,0.45014954,83029.44,291.48633,0.0053567346,-0.21291065,-0.12321758
Kabale,1983-01-01,-1.242,29.9856,-1.0,30.000000000000014,286.77173,-0.0035496494,0001,17455.652201526806,0.9086567073077686,19.0,0.0,1.0,0.018662353318175562,1.0000305189751728,0.0017700791,0.00013636053,292.75854,293.2627,293.19067,293.01807,292.84302,2.000030518975173,0.39660645,0.39683533,0.39242554,0.4409027,83075.125,292.44385,0.0026200754,-0.116259575,-0.18373775
Kabale,1983-02-01,-1.242,29.9856,-1.0,30.000000000000014,287.3186,-0.0035436852,0001,17455.652201526806,0.9086567073077686,19.0,0.0,1.0,0.018662353318175562,1.0000305189751728,0.0011797473,9.942055e-05,294.18652,294.60425,294.42236,293.9087,293.12524,2.000030518975173,0.36735535,0.37226868,0.3479004,0.42704773,83026.0,293.58936,0.0035985885,-0.28674698,-0.061444283
Kabale,1983-03-01,-1.242,29.9856,-1.0,30.000000000000014,288.41577,-0.0036164382,0001,17455.652201526806,0.9086567073077686,19.0,0.0,1.0,0.018662353318175562,1.0000305189751728,0.0008822158,0.00018589199,294.0874,294.63013,294.55566,294.26782,293.55518,2.000030518975173,0.4131317,0.40637207,0.36132812,0.41603088,83011.625,293.43604,0.0052409046,-0.6234894,0.35820198
Kabale,1983-04-01,-1.242,29.9856,-1.0,30.000000000000014,288.83203,-0.0035753632,0001,17455.652201526806,0.9086567073077686,19.0,0.0,1.0,0.018662353318175562,1.0000305189751728,0.0015885308,0.00023598969,293.22925,293.8916,293.91553,293.98096,293.83252,2.000030518975173,0.43559265,0.44044495,0.4124298,0.41333008,83022.81,292.68433,0.0075874515,-0.7365055,0.78453255
Kabale,1983-05-01,-1.242,29.9856,-1.0,30.000000000000014,288.2256,-0.0034700483,0001,17455.652201526806,0.9086567073077686,19.0,0.0,1.0,0.018662353318175562,1.0000305189751728,0.0013475195,0.000115305185,292.96484,293.5398,293.5774,293.6836,293.81836,2.000030518975173,0.40170288,0.40950012,0.42248535,0.42559814,83034.69,292.6162,0.0031692022,-1.044424,1.2620487
Kabale,1983-06-01,-1.242,29.9856,-1.0,30.000000000000014,286.4077,-0.0031094775,0001,17455.652201526806,0.9086567073077686,19.0,0.0,1.0,0.018662353318175562,1.0000305189751728,0.0007454008,0.000116214156,292.57007,293.11597,293.1809,293.37036,293.66968,2.000030518975173,0.34848022,0.3484497,0.36579895,0.41841125,83114.5,292.58936,0.002016208,-0.7164087,1.0143557
Kabale,1983-07-01,-1.242,29.9856,-1.0,30.000000000000014,285.3474,-0.0027857358,0001,17455.652201526806,0.9086567073077686,19.0,0.0,1.0,0.018662353318175562,1.0000305189751728,0.00047948956,7.867813e-05,292.58643,293.07788,293.10742,293.21313,293.49023,2.000030518975173,0.3382721,0.3403473,0.33381653,0.4079895,83107.44,292.47583,0.0018643143,-0.756444,0.9156866
Kabale,1983-08-01,-1.242,29.9856,-1.0,30.000000000000014,286.77222,-0.002973794,0001,17455.652201526806,0.9086567073077686,19.0,0.0,1.0,0.018662353318175562,1.0000305189751728,0.0007852465,0.00014787912,292.65723,293.20337,293.2063,293.26733,293.39453,2.000030518975173,0.40400696,0.39543152,0.34947205,0.3991394,83156.06,292.11157,0.0055306074,-0.18187618,0.59874725
Kabale,1983-09-01,-1.242,29.9856,-1.0,30.000000000000014,287.12085,-0.0033228435,0001,17455.652201526806,0.9086567073077686,19.0,0.0,1.0,0.018662353318175562,1.0000305189751728,0.0007379502,0.00014448166,292.66895,293.24194,293.22363,293.20972,293.30737,2.000030518975173,0.4195099,0.42131042,0.40182495,0.39637756,83074.19,291.97046,0.0050104707,-0.4639902,0.5564041
Kabale,1983-10-01,-1.242,29.9856,-1.0,30.000000000000014,287.88623,-0.0032546008,0001,17455.652201526806,0.9086567073077686,19.0,0.0,1.0,0.018662353318175562,1.0000305189751728,0.0031145588,0.00026623905,292.05664,292.7744,292.84326,293.02612,293.23975,2.000030518975173,0.43789673,0.44857788,0.45185852,0.42384338,83037.19,291.15332,0.009834572,-0.19665718,0.31939888
Kabale,1983-11-01,-1.242,29.9856,-1.0,30.000000000000014,287.45117,-0.0034355326,0001,17455.652201526806,0.9086567073077686,19.0,0.0,1.0,0.018662353318175562,1.0000305189751728,0.003799595,0.00021801889,291.96558,292.68237,292.73218,292.8601,293.08594,2.000030518975173,0.43644714,0.4433136,0.44906616,0.44725037,83111.625,291.1975,0.007445486,-0.2963009,0.18567657
Kabale,1983-12-01,-1.242,29.9856,-1.0,30.000000000000014,286.93115,-0.0032093422,0001,17455.652201526806,0.9086567073077686,19.0,0.0,1.0,0.018662353318175562,1.0000305189751728,0.002926845,0.00021547079,291.20044,291.87695,291.96948,292.2732,292.84497,2.000030518975173,0.431015,0.43629456,0.42741394,0.44728088,83046.0,290.7107,0.005461633,0.062382698,0.072006226
Kabale,1984-01-01,-1.242,29.9856,-1.0,30.000000000000014,285.86084,-0.0034730518,0001,17455.652201526806,0.9086567073077686,19.0,0.0,1.0,0.018662353318175562,1.0000305189751728,0.0017750487,0.00017620623,291.48706,292.07886,292.08447,292.167,292.5415,2.000030518975173,0.4080658,0.41607666,0.42367554,0.44033813,82932.75,291.11523,0.0034574778,0.37544346,-0.26248837
Kabale,1984-02-01,-1.242,29.9856,-1.0,30.000000000000014,286.2556,-0.0037517548,0001,17455.652201526806,0.9086567073077686,19.0,0.0,1.0,0.018662353318175562,1.0000305189751728,0.0012788102,0.0001912266,292.57788,293.14355,293.04395,292.76367,292.48462,2.000030518975173,0.40620422,0.39634705,0.38468933,0.4320526,82837.94,292.07397,0.0046098283,-0.2129898,0.0034704208
Kabale,1984-03-01,-1.242,29.9856,-1.0,30.000000000000014,287.18018,-0.0034991866,0001,17455.652201526806,0.9086567073077686,19.0,0.0,1.0,0.018662353318175562,1.0000305189751728,0.0014487356,0.00015640259,292.36646,292.98315,292.98804,292.979,292.70093,2.000030518975173,0.41784668,0.42268372,0.4007721,0.42401123,82884.5,291.9419,0.0056962622,-0.69643784,0.7858572
Kabale,1984-04-01,-1.242,29.9856,-1.0,30.000000000000014,287.94946,-0.003546914,0001,17455.652201526806,0.9086567073077686,19.0,0.0,1.0,0.018662353318175562,1.0000305189751728,0.002377428,0.0002374649,292.25293,292.86646,292.84546,292.812,292.77246,2.000030518975173,0.4287262,0.43519592,0.4394226,0.4328766,82946.75,291.70264,0.0070462003,-0.7740164,1.0284929
Kabale,1984-05-01,-1.242,29.9856,-1.0,30.000000000000014,286.25,-0.0035032993,0001,17455.652201526806,0.9086567073077686,19.0,0.0,1.0,0.018662353318175562,1.0000305189751728,0.0014350042,9.775162e-05,292.49536,293.0161,293.0105,292.9546,292.84033,2.000030518975173,0.3692627,0.38008118,0.3884735,0.4342804,82967.81,292.34692,0.0014669033,-1.1215248,1.3692083
Kabale,1984-06-01,-1.242,29.9856,-1.0,30.000000000000014,283.12378,-0.0021637557,0001,17455.652201526806,0.9086567073077686,19.0,0.0,1.0,0.018662353318175562,1.0000305189751728,0.0006807968,2.5331974e-06,292.79883,293.20068,293.1167,292.9944,292.8767,2.000030518975173,0.22177124,0.27394104,0.3298645,0.41975403,83096.81,292.59497,9.494036e-05,-1.2043133,1.4565153
Kabale,1984-07-01,-1.242,29.9856,-1.0,30.000000000000014,283.98828,-0.0019441042,0001,17455.652201526806,0.9086567073077686,19.0,0.0,1.0,0.018662353318175562,1.0000305189751728,0.00037145615,5.733967e-05,292.76025,293.24316,293.2473,293.23413,293.0266,2.000030518975173,0.25769043,0.26174927,0.29753113,0.40544128,83040.625,292.11035,0.0017601246,-0.87054443,1.0135498
Kabale,1984-08-01,-1.242,29.9856,-1.0,30.000000000000014,285.91675,-0.0025648726,0001,17455.652201526806,0.9086567073077686,19.0,0.0,1.0,0.018662353318175562,1.0000305189751728,0.00044739246,0.000119909644,292.8955,293.39038,293.34863,293.21118,293.06958,2.000030518975173,0.34210205,0.3206482,0.28881836,0.39390564,83081.125,292.0537,0.004558723,-0.5768938,0.7097359
Kabale,1984-09-01,-1.242,29.9856,-1.0,30.000000000000014,286.6726,-0.003251681,0001,17455.652201526806,0.9086567073077686,19.0,0.0,1.0,0.018662353318175562,1.0000305189751728,0.0017505735,0.00016705692,292.01514,292.65894,292.71118,292.87695,293.08008,2.000030518975173,0.42077637,0.42401123,0.40785217,0.39205933,83001.375,291.26367,0.0069586933,-0.39232063,0.5409069
Kabale,1984-10-01,-1.242,29.9856,-1.0,30.000000000000014,287.5078,-0.0032011233,0001,17455.652201526806,0.9086567073077686,19.0,0.0,1.0,0.018662353318175562,1.0000305189751728,0.00229384,0.00022287667,291.78662,292.4397,292.48682,292.64722,292.92505,2.000030518975173,0.43203735,0.4394226,0.4466095,0.4211731,83005.69,291.08423,0.008400104,-0.6737566,0.57697487
Kabale,1984-11-01,-1.242,29.9856,-1.0,30.000000000000014,287.6731,-0.0030536912,0001,17455.652201526806,0.9086567073077686,19.0,0.0,1.0,0.018662353318175562,1.0000305189751728,0.003991656,0.0002824515,291.08936,291.8003,291.8772,292.13135,292.6631,2.000030518975173,0.43458557,0.44348145,0.45307922,0.445755,82998.19,290.29932,0.009006263,-0.19159222,0.2730236
Kabale,1984-12-01,-1.242,29.9856,-1.0,30.000000000000014,287.18848,-0.0033634035,0001,17455.652201526806,0.9086567073077686,19.0,0.0,1.0,0.018662353318175562,1.0000305189751728,0.0046490356,0.0002670437,291.35278,292.04053,292.0774,292.19043,292.4392,2.000030518975173,0.42964172,0.43371582,0.43962097,0.45681763,82909.625,290.63696,0.006649801,-0.23336792,0.055324554
Kabale,1985-01-01,-1.242,29.9856,-1.0,30.000000000000014,286.85205,-0.003453943,0001,17455.652201526806,0.9086567073077686,19.0,0.0,1.0,0.018662353318175562,1.0000305189751728,0.002215553,0.00016383827,292.15283,292.7046,292.6443,292.48657,292.36816,2.000030518975173,0.38781738,0.38427734,0.36849976,0.4427185,82895.375,291.60986,0.004561437,-0.5591841,0.23136711
Kabale,1985-02-01,-1.242,29.9856,-1.0,30.000000000000014,286.3269,-0.003262464,0001,17455.652201526806,0.9086567073077686,19.0,0.0,1.0,0.018662353318175562,1.0000305189751728,0.0012018457,0.00012345612,292.25415,292.74487,292.6831,292.52417,292.41943,2.000030518975173,0.3869934,0.39494324,0.39953613,0.43095398,82919.625,291.67676,0.0032413383,0.7495718,-0.21190071
Kabale,1985-03-01,-1.242,29.9856,-1.0,30.000000000000014,287.53687,-0.003250366,0001,17455.652201526806,0.9086567073077686,19.0,0.0,1.0,0.018662353318175562,1.0000305189751728,0.0015156418,0.00018961728,292.29468,292.90088,292.91968,292.91382,292.58447,2.000030518975173,0.41378784,0.4181366,0.39439392,0.4234619,82893.69,291.7815,0.006347147,-0.5806608,0.5121927
Kabale,1985-04-01,-1.242,29.9856,-1.0,30.000000000000014,288.4485,-0.0031025712,0001,17455.652201526806,0.9086567073077686,19.0,0.0,1.0,0.018662353318175562,1.0000305189751728,0.005926773,0.00031796098,291.66333,292.2954,292.29883,292.38843,292.61768,2.000030518975173,0.43830872,0.44717407,0.45654297,0.45065308,82961.0,290.80957,0.011028887,-0.31136322,0.42033958
Kabale,1985-05-01,-1.242,29.9856,-1.0,30.000000000000014,287.66235,-0.0031635212,0001,17455.652201526806,0.9086567073077686,19.0,0.0,1.0,0.018662353318175562,1.0000305189751728,0.0037114173,0.00020284951,291.61182,292.18262,292.2102,292.3047,292.49,2.000030518975173,0.41648865,0.42092896,0.41281128,0.45350647,83022.19,291.13354,0.004334355,-0.84422684,1.0917969
Kabale,1985-06-01,-1.242,29.9856,-1.0,30.000000000000014,285.7815,-0.0030380962,0001,17455.652201526806,0.9086567073077686,19.0,0.0,1.0,0.018662353318175562,1.0000305189751728,0.0015312135,0.00014223158,291.19556,291.77515,291.87695,292.13574,292.38745,2.000030518975173,0.3895874,0.38809204,0.36531067,0.43804932,83178.0,291.13672,0.002989863,-0.53903866,0.9114895
Kabale,1985-07-01,-1.242,29.9856,-1.0,30.000000000000014,284.13428,-0.0028080689,0001,17455.652201526806,0.9086567073077686,19.0,0.0,1.0,0.018662353318175562,1.0000305189751728,0.00092191994,6.876886e-05,291.02026,291.5078,291.5227,291.6433,292.11597,2.000030518975173,0.353302,0.357193,0.34451294,0.42434692,83118.69,290.95605,0.0022176402,-0.7372818,1.0097351
Kabale,1985-08-01,-1.242,29.9856,-1.0,30.000000000000014,283.8921,-0.0023301505,0001,17455.652201526806,0.9086567073077686,19.0,0.0,1.0,0.018662353318175562,1.0000305189751728,0.00045278668,2.899766e-05,292.24048,292.60962,292.49902,292.21655,292.02002,2.000030518975173,0.27790833,0.30119324,0.32278442,0.4121399,83099.625,291.739,0.0006592423,-1.0093851,1.0371332
Kabale,1985-09-01,-1.242,29.9856,-1.0,30.000000000000014,286.99,-0.003013702,0001,17455.652201526806,0.9086567073077686,19.0,0.0,1.0,0.018662353318175562,1.0000305189751728,0.0012040734,0.00020234287,291.70557,292.33057,292.34717,292.37256,292.18115,2.000030518975173,0.40992737,0.3983307,0.3425598,0.40231323,83006.125,290.8777,0.007506675,-0.5297899,0.64494324
Kabale,1985-10-01,-1.242,29.9856,-1.0,30.000000000000014,287.33984,-0.003101415,0001,17455.652201526806,0.9086567073077686,19.0,0.0,1.0,0.018662353318175562,1.0000305189751728,0.0010027662,0.00020232797,291.62183,292.19702,292.2002,292.20532,292.21558,2.000030518975173,0.4275055,0.43154907,0.4164276,0.4021454,82979.375,290.93457,0.0056861346,-0.67844963,0.6702757
Kabale,1985-11-01,-1.242,29.9856,-1.0,30.000000000000014,287.53687,-0.003095705,0001,17455.652201526806,0.9086567073077686,19.0,0.0,1.0,0.018662353318175562,1.0000305189751728,0.0034691691,0.00021924078,291.31616,291.92285,291.93823,292.02026,292.1631,2.000030518975173,0.43167114,0.4383545,0.44795227,0.4308777,82995.56,290.65186,0.008601981,-0.46305084,0.44528866
Kabale,1985-12-01,-1.242,29.9856,-1.0,30.000000000000014,287.44067,-0.0032372326,0001,17455.652201526806,0.9086567073077686,19.0,0.0,1.0,0.018662353318175562,1.0000305189751728,0.002851922,0.00022992492,291.35718,291.98145,291.98633,292.0171,292.09692,2.000030518975173,0.4320526,0.4367981,0.4432068,0.44612122,82950.375,290.71777,0.0062992265,-0.3178568,0.19730568
Kabale,1986-01-01,-1.242,29.9856,-1.0,30.000000000000014,286.83276,-0.003409409,0001,17455.652201526806,0.9086567073077686,19.0,0.0,1.0,0.018662353318175562,1.0000305189751728,0.0017756745,0.0001295209,292.042,292.54077,292.4607,292.28198,292.10425,2.000030518975173,0.39364624,0.39234924,0.40509033,0.441391,82987.375,291.51318,0.0023342157,0.106731415,-0.022244453
Kabale,1986-02-01,-1.242,29.9856,-1.0,30.000000000000014,286.80884,-0.0035176957,0001,17455.652201526806,0.9086567073077686,19.0,0.0,1.0,0.018662353318175562,1.0000305189751728,0.0011591911,0.00018176436,292.219,292.79688,292.74902,292.57544,292.2749,2.000030518975173,0.41911316,0.41407776,0.37696838,0.43006897,82914.31,291.69336,0.0049386024,-0.22687244,0.26940536
Kabale,1986-03-01,-1.242,29.9856,-1.0,30.000000000000014,287.4348,-0.0034836475,0001,17455.652201526806,0.9086567073077686,19.0,0.0,1.0,0.018662353318175562,1.0000305189751728,0.0012621358,0.00019785762,292.19482,292.7932,292.75732,292.66577,292.4314,2.000030518975173,0.4351349,0.43777466,0.41323853,0.42468262,82919.25,291.656,0.0059494013,-0.41172886,0.49761295
Kabale,1986-04-01,-1.242,29.9856,-1.0,30.000000000000014,288.72144,-0.0031604841,0001,17455.652201526806,0.9086567073077686,19.0,0.0,1.0,0.018662353318175562,1.0000305189751728,0.0069853514,0.00032892823,292.02124,292.65552,292.6648,292.68237,292.55176,2.000030518975173,0.4389801,0.44451904,0.45225525,0.44473267,82962.31,291.2539,0.013546112,-0.5627165,0.6840639
Kabale,1986-05-01,-1.242,29.9856,-1.0,30.000000000000014,288.21533,-0.003302956,0001,17455.652201526806,0.9086567073077686,19.0,0.0,1.0,0.018662353318175562,1.0000305189751728,0.00547339,0.00020287931,291.94995,292.55396,292.573,292.6267,292.61987,2.000030518975173,0.42730713,0.4324646,0.41671753,0.45880127,83073.875,291.37524,0.005368772,-1.0047026,1.1653204
Kabale,1986-06-01,-1.242,29.9856,-1.0,30.000000000000014,286.08374,-0.0031011058,0001,17455.652201526806,0.9086567073077686,19.0,0.0,1.0,0.018662353318175562,1.0000305189751728,0.0015945211,0.00012521446,291.45874,292.01855,292.06787,292.219,292.5078,2.000030518975173,0.38194275,0.38027954,0.35876465,0.4398651,83103.5,291.25513,0.0021035317,-0.43634796,0.94707775
Kabale,1986-07-01,-1.242,29.9856,-1.0,30.000000000000014,284.53833,-0.0028222343,0001,17455.652201526806,0.9086567073077686,19.0,0.0,1.0,0.018662353318175562,1.0000305189751728,0.00075992197,0.00010155141,291.76074,292.2876,292.2871,292.29785,292.39038,2.000030518975173,0.34246826,0.33859253,0.3266449,0.42359924,83205.5,291.5415,0.0028298104,-0.5466509,0.8064432
Kabale,1986-08-01,-1.242,29.9856,-1.0,30.000000000000014,284.99316,-0.0029505529,0001,17455.652201526806,0.9086567073077686,19.0,0.0,1.0,0.018662353318175562,1.0000305189751728,0.0004370436,6.632507e-05,293.04932,293.4104,293.22778,292.78613,292.40796,2.000030518975173,0.3459015,0.34629822,0.31932068,0.41079712,83074.81,292.57617,0.0015249606,-0.8642731,0.6840553
Kabale,1986-09-01,-1.242,29.9856,-1.0,30.000000000000014,286.9348,-0.0030941349,0001,17455.652201526806,0.9086567073077686,19.0,0.0,1.0,0.018662353318175562,1.0000305189751728,0.0010638982,0.00018563867,292.29224,292.89746,292.91943,292.9519,292.67236,2.000030518975173,0.40942383,0.3978424,0.34544373,0.40116882,83099.94,291.5647,0.006589971,-0.47755718,0.5553131
Kabale,1986-10-01,-1.242,29.9856,-1.0,30.000000000000014,287.4873,-0.0033551687,0001,17455.652201526806,0.9086567073077686,19.0,0.0,1.0,0.018662353318175562,1.0000305189751728,0.0016812533,0.00021857023,292.33252,292.96533,292.97046,292.95093,292.80054,2.000030518975173,0.42677307,0.433136,0.42184448,0.40704346,83026.375,291.6272,0.008413036,-0.31099987,0.24588966
Kabale,1986-11-01,-1.242,29.9856,-1.0,30.000000000000014,287.7732,-0.003205306,0001,17455.652201526806,0.9086567073077686,19.0,0.0,1.0,0.018662353318175562,1.0000305189751728,0.006734967,0.00021526217,291.6189,292.32104,292.39282,292.57764,292.7793,2.000030518975173,0.43321228,0.44078064,0.4512787,0.44786072,82970.5,290.9148,0.0112500815,-0.5659027,0.40252876
Kabale,1986-12-01,-1.242,29.9856,-1.0,30.000000000000014,287.87134,-0.0032138973,0001,17455.652201526806,0.9086567073077686,19.0,0.0,1.0,0.018662353318175562,1.0000305189751728,0.0037867203,0.00026911497,291.39673,292.03613,292.04175,292.13672,292.54565,2.000030518975173,0.43772888,0.443573,0.44970703,0.4528656,83044.69,290.76978,0.006991721,-0.03727913,-0.032995224
Kabale,1987-01-01,-1.242,29.9856,-1.0,30.000000000000014,287.71777,-0.0034630718,0001,17455.652201526806,0.9086567073077686,19.0,0.0,1.0,0.018662353318175562,1.0000305189751728,0.0028679445,0.00027510524,292.14795,292.75244,292.7202,292.61304,292.47168,2.000030518975173,0.4363556,0.43562317,0.41505432,0.4486847,83069.31,291.42554,0.0058950298,0.016080856,-0.025053978
Kabale,1987-02-01,-1.242,29.9856,-1.0,30.000000000000014,287.86035,-0.00353852,0001,17455.652201526806,0.9086567073077686,19.0,0.0,1.0,0.018662353318175562,1.0000305189751728,0.0021282583,0.00018976629,292.9629,293.45776,293.33936,293.05225,292.6411,2.000030518975173,0.4257202,0.43014526,0.4241333,0.4402771,83029.44,292.198,0.0049456684,-0.34746933,0.16729736
Kabale,1987-03-01,-1.242,29.9856,-1.0,30.000000000000014,288.5569,-0.0035567926,0001,17455.652201526806,0.9086567073077686,19.0,0.0,1.0,0.018662353318175562,1.0000305189751728,0.0028909445,0.000227198,293.26758,293.83838,293.74976,293.48193,292.95093,2.000030518975173,0.43203735,0.43849182,0.44207764,0.44255066,82929.125,292.39087,0.007373242,-0.3845291,0.32666302
Kabale,1987-04-01,-1.242,29.9856,-1.0,30.000000000000014,288.83252,-0.0034925006,0001,17455.652201526806,0.9086567073077686,19.0,0.0,1.0,0.018662353318175562,1.0000305189751728,0.005030453,0.00024689734,292.917,293.53442,293.52075,293.46216,293.2063,2.000030518975173,0.4277649,0.42938232,0.44137573,0.45367432,83049.125,292.2539,0.009099782,-0.63783264,0.5576563
Kabale,1987-05-01,-1.242,29.9856,-1.0,30.000000000000014,288.54492,-0.0032217102,0001,17455.652201526806,0.9086567073077686,19.0,0.0,1.0,0.018662353318175562,1.0000305189751728,0.0030427128,0.00021764636,292.35425,292.96387,293.03296,293.18945,293.25415,2.000030518975173,0.42642212,0.42807007,0.4170227,0.44984436,83057.69,291.927,0.004560361,-0.8663273,1.100215
Kabale,1987-06-01,-1.242,29.9856,-1.0,30.000000000000014,287.06323,-0.0031574778,0001,17455.652201526806,0.9086567073077686,19.0,0.0,1.0,0.018662353318175562,1.0000305189751728,0.0052776486,0.00017569959,291.96484,292.53003,292.58936,292.77734,293.10962,2.000030518975173,0.40678406,0.41319275,0.4287262,0.4473114,83205.875,291.80444,0.008426886,-0.4807186,0.8061762
Kabale,1987-07-01,-1.242,29.9856,-1.0,30.000000000000014,285.1433,-0.0030947113,0001,17455.652201526806,0.9086567073077686,19.0,0.0,1.0,0.018662353318175562,1.0000305189751728,0.0014491379,6.182492e-05,292.687,293.08154,292.98755,292.83252,292.9336,2.000030518975173,0.34173584,0.35673523,0.3755188,0.43823242,83090.125,292.68896,0.0011343748,-0.90250015,0.89781475
Kabale,1987-08-01,-1.242,29.9856,-1.0,30.000000000000014,285.25073,-0.0026182998,0001,17455.652201526806,0.9086567073077686,19.0,0.0,1.0,0.018662353318175562,1.0000305189751728,0.0007905364,8.9764595e-05,293.14526,293.63257,293.59448,293.45386,293.06958,2.000030518975173,0.31645203,0.31835938,0.3255005,0.42271423,83082.875,292.61816,0.0028277354,-1.0803804,1.0498104
Kabale,1987-09-01,-1.242,29.9856,-1.0,30.000000000000014,287.4209,-0.0032551987,0001,17455.652201526806,0.9086567073077686,19.0,0.0,1.0,0.018662353318175562,1.0000305189751728,0.0011097938,0.00018078089,293.28955,293.83838,293.7744,293.59253,293.2671,2.000030518975173,0.39718628,0.3943634,0.33613586,0.4104004,83069.19,292.45752,0.006336312,-0.5513687,0.46372414
Kabale,1987-10-01,-1.242,29.9856,-1.0,30.000000000000014,287.40405,-0.003580492,0001,17455.652201526806,0.9086567073077686,19.0,0.0,1.0,0.018662353318175562,1.0000305189751728,0.0007377863,0.00014072657,293.2036,293.7605,293.71997,293.60132,293.39868,2.000030518975173,0.40911865,0.412323,0.40490723,0.40670776,83003.75,292.58667,0.0037063411,-0.6557617,0.46821117
Kabale,1987-11-01,-1.242,29.9856,-1.0,30.000000000000014,288.01514,-0.003303919,0001,17455.652201526806,0.9086567073077686,19.0,0.0,1.0,0.018662353318175562,1.0000305189751728,0.0014488548,0.00023518503,292.48608,293.14868,293.20435,293.35547,293.45972,2.000030518975173,0.42745972,0.43348694,0.4305725,0.41534424,83045.31,291.80005,0.007072783,-0.42103863,0.36361122
Kabale,1987-12-01,-1.242,29.9856,-1.0,30.000000000000014,287.10498,-0.0036630835,0001,17455.652201526806,0.9086567073077686,19.0,0.0,1.0,0.018662353318175562,1.0000305189751728,0.0013548061,0.00016017258,292.77368,293.35425,293.333,293.3125,293.37573,2.000030518975173,0.41723633,0.42178345,0.42860413,0.42686462,83066.06,292.3955,0.0040530534,-0.48795033,0.046650887
Kabale,1988-01-01,-1.242,29.9856,-1.0,30.000000000000014,287.59692,-0.003513801,0001,17455.652201526806,0.9086567073077686,19.0,0.0,1.0,0.018662353318175562,1.0000305189751728,0.0016881973,0.00022424757,292.4131,293.07568,293.114,293.2163,293.35083,2.000030518975173,0.4288025,0.4326172,0.42616272,0.4260254,82994.5,291.8645,0.00655131,-0.11478424,-0.025086403
Kabale,1988-02-01,-1.242,29.9856,-1.0,30.000000000000014,287.18604,-0.0036857575,0001,17455.652201526806,0.9086567073077686,19.0,0.0,1.0,0.018662353318175562,1.0000305189751728,0.0014510453,0.000145033,293.20093,293.70264,293.6057,293.4204,293.30786,2.000030518975173,0.4152069,0.41687012,0.42080688,0.42999268,82905.56,292.87354,0.003420398,-0.668128,0.27523518
Kabale,1988-03-01,-1.242,29.9856,-1.0,30.000000000000014,288.45337,-0.003615383,0001,17455.652201526806,0.9086567073077686,19.0,0.0,1.0,0.018662353318175562,1.0000305189751728,0.0020084158,0.00022770464,293.39917,294.01636,293.9817,293.8335,293.49097,2.000030518975173,0.4268036,0.43441772,0.42936707,0.42797852,82998.69,292.52563,0.007560759,-0.27357006,0.28606796
Kabale,1988-04-01,-1.242,29.9856,-1.0,30.000000000000014,289.00024,-0.0035373229,0001,17455.652201526806,0.9086567073077686,19.0,0.0,1.0,0.018662353318175562,1.0000305189751728,0.003719449,0.0002822578,293.0354,293.72363,293.7544,293.80933,293.656,2.000030518975173,0.43110657,0.43551636,0.44477844,0.43899536,82966.81,292.2871,0.009387776,-0.6086664,0.8063421
Kabale,1988-05-01,-1.242,29.9856,-1.0,30.000000000000014,288.02173,-0.0034395773,0001,17455.652201526806,0.9086567073077686,19.0,0.0,1.0,0.018662353318175562,1.0000305189751728,0.009039357,0.0002142489,292.61304,293.208,293.2351,293.33765,293.58862,2.000030518975173,0.4173584,0.4236908,0.42874146,0.45793152,83099.125,292.1902,0.009779275,-0.90805626,1.0828657
Kabale,1988-06-01,-1.242,29.9856,-1.0,30.000000000000014,285.19995,-0.0028846925,0001,17455.652201526806,0.9086567073077686,19.0,0.0,1.0,0.018662353318175562,1.0000305189751728,0.0016675442,6.750226e-05,292.04004,292.594,292.68823,292.99268,293.4038,2.000030518975173,0.3067627,0.32218933,0.35554504,0.44104004,83123.81,291.99976,0.001022514,-0.99152756,1.3108549
Kabale,1988-07-01,-1.242,29.9856,-1.0,30.000000000000014,285.1792,-0.0027125739,0001,17455.652201526806,0.9086567073077686,19.0,0.0,1.0,0.018662353318175562,1.0000305189751728,0.00072179735,0.00013180077,292.57495,293.0879,293.07397,293.0371,293.19775,2.000030518975173,0.34005737,0.31515503,0.31417847,0.42262268,83112.25,292.21313,0.0030523355,-0.3925228,0.6980963
Kabale,1988-08-01,-1.242,29.9856,-1.0,30.000000000000014,286.65942,-0.0029520644,0001,17455.652201526806,0.9086567073077686,19.0,0.0,1.0,0.018662353318175562,1.0000305189751728,0.00092454255,0.00014668703,292.18677,292.7644,292.80957,292.9602,293.1233,2.000030518975173,0.4029541,0.39813232,0.34609985,0.41067505,83067.44,291.5725,0.005258564,-0.47329044,0.65899754
Kabale,1988-09-01,-1.242,29.9856,-1.0,30.000000000000014,287.26978,-0.0031542657,0001,17455.652201526806,0.9086567073077686,19.0,0.0,1.0,0.018662353318175562,1.0000305189751728,0.0017704442,0.00017644465,292.13477,292.72388,292.7312,292.79956,293.0044,2.000030518975173,0.41783142,0.42332458,0.40190125,0.4066925,83009.31,291.4231,0.007869515,-0.39421558,0.59251213
Kabale,1988-10-01,-1.242,29.9856,-1.0,30.000000000000014,287.8291,-0.003221388,0001,17455.652201526806,0.9086567073077686,19.0,0.0,1.0,0.018662353318175562,1.0000305189751728,0.003954552,0.0002194792,292.0271,292.67383,292.71094,292.79492,292.90918,2.000030518975173,0.42744446,0.43043518,0.44432068,0.44877625,82968.44,291.28784,0.008039829,-0.44752407,0.3729124
Kabale,1988-11-01,-1.242,29.9856,-1.0,30.000000000000014,287.6958,-0.0032675639,0001,17455.652201526806,0.9086567073077686,19.0,0.0,1.0,0.018662353318175562,1.0000305189751728,0.00421229,0.00024931133,291.8003,292.458,292.47363,292.55933,292.79907,2.000030518975173,0.43196106,0.43920898,0.4464264,0.45236206,83037.81,290.9563,0.008005898,-0.4985819,0.28135586
Kabale,1988-12-01,-1.242,29.9856,-1.0,30.000000000000014,287.04712,-0.003182712,0001,17455.652201526806,0.9086567073077686,19.0,0.0,1.0,0.018662353318175562,1.0000305189751728,0.0025501773,0.00018724799,291.31128,291.98633,292.08472,292.32837,292.65576,2.000030518975173,0.41552734,0.4109497,0.39701843,0.4476471,82946.0,290.89307,0.004274562,-0.54486465,0.291543
Kabale,1989-01-01,-1.242,29.9856,-1.0,30.000000000000014,285.51245,-0.0033793934,0001,17455.652201526806,0.9086567073077686,19.0,0.0,1.0,0.018662353318175562,1.0000305189751728,0.0015246198,0.000102221966,292.01343,292.48755,292.39526,292.24365,292.43506,2.000030518975173,0.3675232,0.3887024,0.41079712,0.43759155,82956.125,291.61108,0.0024820627,0.8562584,-0.35926056
Kabale,1989-02-01,-1.242,29.9856,-1.0,30.000000000000014,286.30713,-0.003359113,0001,17455.652201526806,0.9086567073077686,19.0,0.0,1.0,0.018662353318175562,1.0000305189751728,0.001002647,0.00017884374,292.08813,292.67334,292.65088,292.6328,292.48047,2.000030518975173,0.39006042,0.3833313,0.3652649,0.42747498,83008.875,291.49268,0.0040906332,-0.088484764,-0.12325382
Kabale,1989-03-01,-1.242,29.9856,-1.0,30.000000000000014,287.60303,-0.003519616,0001,17455.652201526806,0.9086567073077686,19.0,0.0,1.0,0.018662353318175562,1.0000305189751728,0.0015488937,0.00025238097,292.46338,293.11353,293.08252,292.9629,292.63354,2.000030518975173,0.42234802,0.4255829,0.39889526,0.42079163,82885.375,291.6128,0.00756781,-0.027861595,0.19673252
Kabale,1989-04-01,-1.242,29.9856,-1.0,30.000000000000014,288.146,-0.0035035508,0001,17455.652201526806,0.9086567073077686,19.0,0.0,1.0,0.018662353318175562,1.0000305189751728,0.0027825683,0.00021335483,292.3474,292.94824,292.91455,292.80957,292.72168,2.000030518975173,0.4196167,0.42485046,0.4391632,0.43959045,82962.94,291.7058,0.0066053923,-0.7665758,0.8281355
Kabale,1989-05-01,-1.242,29.9856,-1.0,30.000000000000014,287.50806,-0.0032435525,0001,17455.652201526806,0.9086567073077686,19.0,0.0,1.0,0.018662353318175562,1.0000305189751728,0.0020875484,0.00019788742,291.76465,292.35913,292.406,292.5796,292.75098,2.000030518975173,0.4128418,0.42066956,0.42829895,0.43907166,83109.125,291.3562,0.0044674985,-0.88624,1.2115612
Kabale,1989-06-01,-1.242,29.9856,-1.0,30.000000000000014,285.00146,-0.0030556936,0001,17455.652201526806,0.9086567073077686,19.0,0.0,1.0,0.018662353318175562,1.0000305189751728,0.0012509674,7.0914626e-05,291.5547,292.09204,292.1687,292.36133,292.61328,2.000030518975173,0.34649658,0.36627197,0.3866272,0.4335327,83161.56,291.55322,0.0016155089,-0.91638565,1.4208927
Kabale,1989-07-01,-1.242,29.9856,-1.0,30.000000000000014,284.20508,-0.0025745947,0001,17455.652201526806,0.9086567073077686,19.0,0.0,1.0,0.018662353318175562,1.0000305189751728,0.0006705746,7.878244e-05,292.32227,292.72217,292.63696,292.47827,292.47534,2.000030518975173,0.30239868,0.30033875,0.33425903,0.42079163,83161.56,292.11694,0.001387625,-0.5196333,0.9651861
Kabale,1989-08-01,-1.242,29.9856,-1.0,30.000000000000014,285.08423,-0.0025374535,0001,17455.652201526806,0.9086567073077686,19.0,0.0,1.0,0.018662353318175562,1.0000305189751728,0.00047676265,0.00010573864,292.9314,293.39746,293.30176,293.02905,292.61548,2.000030518975173,0.31047058,0.2922516,0.30612183,0.4077301,83093.56,292.1704,0.0035449096,-0.6130371,0.65089893
Kabale,1989-09-01,-1.242,29.9856,-1.0,30.000000000000014,286.68945,-0.0033636456,0001,17455.652201526806,0.9086567073077686,19.0,0.0,1.0,0.018662353318175562,1.0000305189751728,0.0021050572,0.00016394258,292.21265,292.83447,292.85425,292.8745,292.77368,2.000030518975173,0.4171753,0.4254303,0.3874054,0.3999176,82988.06,291.58545,0.007972851,-0.6707363,0.72606754
Kabale,1989-10-01,-1.242,29.9856,-1.0,30.000000000000014,287.53906,-0.0033424972,0001,17455.652201526806,0.9086567073077686,19.0,0.0,1.0,0.018662353318175562,1.0000305189751728,0.0021823123,0.00022447109,292.14062,292.78638,292.79346,292.81836,292.79883,2.000030518975173,0.43276978,0.4409485,0.44137573,0.41305542,83029.44,291.34253,0.008845563,-0.37106514,0.37025547
Kabale,1989-11-01,-1.242,29.9856,-1.0,30.000000000000014,287.86963,-0.0033071237,0001,17455.652201526806,0.9086567073077686,19.0,0.0,1.0,0.018662353318175562,1.0000305189751728,0.0024893433,0.000187397,292.23657,292.85083,292.84985,292.8313,292.80615,2.000030518975173,0.42263794,0.42622375,0.43249512,0.441864,82993.81,291.53906,0.0057641272,-0.7192354,0.48693752
Kabale,1989-12-01,-1.242,29.9856,-1.0,30.000000000000014,288.10083,-0.0030918904,0001,17455.652201526806,0.9086567073077686,19.0,0.0,1.0,0.018662353318175562,1.0000305189751728,0.0022141337,0.00021189451,291.7827,292.3816,292.40796,292.52637,292.74585,2.000030518975173,0.4310913,0.43652344,0.4429474,0.44226074,83022.375,291.12476,0.004778116,-0.19062996,0.12178707
Kabale,1990-01-01,-1.242,29.9856,-1.0,30.000000000000014,286.896,-0.0035722964,0001,17455.652201526806,0.9086567073077686,19.0,0.0,1.0,0.018662353318175562,1.0000305189751728,0.0016646013,0.00015191734,292.18042,292.73682,292.69873,292.63892,292.66797,2.000030518975173,0.40524292,0.40959167,0.41896057,0.43888855,82989.19,291.8352,0.003369779,-0.6244774,0.2536459
Kabale,1990-02-01,-1.242,29.9856,-1.0,30.000000000000014,288.38306,-0.0033807764,0001,17455.652201526806,0.9086567073077686,19.0,0.0,1.0,0.018662353318175562,1.0000305189751728,0.0018333495,0.00026275218,292.6748,293.2744,293.2339,293.09277,292.76807,2.000030518975173,0.4311676,0.43385315,0.4157257,0.43191528,83014.25,291.74634,0.007587444,0.03545952,0.06759739
Kabale,1990-03-01,-1.242,29.9856,-1.0,30.000000000000014,288.75684,-0.0034039728,0001,17455.652201526806,0.9086567073077686,19.0,0.0,1.0,0.018662353318175562,1.0000305189751728,0.0045266002,0.00023967028,292.79053,293.39697,293.34692,293.19263,292.93408,2.000030518975173,0.43598938,0.44540405,0.45092773,0.4512787,83080.81,291.84863,0.0086941505,-0.41427803,0.36292267
Kabale,1990-04-01,-1.242,29.9856,-1.0,30.000000000000014,288.94214,-0.0035968204,0001,17455.652201526806,0.9086567073077686,19.0,0.0,1.0,0.018662353318175562,1.0000305189751728,0.004044816,0.00023560226,293.2002,293.7827,293.71484,293.5249,293.1328,2.000030518975173,0.43058777,0.434021,0.44406128,0.45315552,82989.375,292.2622,0.006604377,-0.44849682,0.45058823
Kabale,1990-05-01,-1.242,29.9856,-1.0,30.000000000000014,288.0652,-0.003394966,0001,17455.652201526806,0.9086567073077686,19.0,0.0,1.0,0.018662353318175562,1.0000305189751728,0.0025838166,0.00018177927,292.49463,293.10474,293.1443,293.26367,293.2798,2.000030518975173,0.41270447,0.4186859,0.41368103,0.44573975,83077.625,291.9795,0.004511165,-0.7694893,0.9746437
Kabale,1990-06-01,-1.242,29.9856,-1.0,30.000000000000014,285.0017,-0.002890693,0001,17455.652201526806,0.9086567073077686,19.0,0.0,1.0,0.018662353318175562,1.0000305189751728,0.0011356175,3.1217933e-05,292.75757,293.23364,293.2046,293.15137,293.2124,2.000030518975173,0.2794037,0.30888367,0.3582306,0.43327332,83187.625,292.53125,0.00064364023,-0.86194897,1.0639257
Kabale,1990-07-01,-1.242,29.9856,-1.0,30.000000000000014,283.3767,-0.0022085877,0001,17455.652201526806,0.9086567073077686,19.0,0.0,1.0,0.018662353318175562,1.0000305189751728,0.00055521727,4.1887164e-05,293.29443,293.7422,293.6609,293.52124,293.2788,2.000030518975173,0.24517822,0.25398254,0.31004333,0.41706848,83137.625,292.74878,0.0005616922,-0.68037987,0.8649826
Kabale,1990-08-01,-1.242,29.9856,-1.0,30.000000000000014,285.2898,-0.002189639,0001,17455.652201526806,0.9086567073077686,19.0,0.0,1.0,0.018662353318175562,1.0000305189751728,0.00034903735,9.188056e-05,293.7893,294.23438,294.15308,293.8496,293.44946,2.000030518975173,0.2829132,0.25956726,0.28756714,0.40286255,83165.25,292.80347,0.0027846184,-0.6412964,0.75799465
Kabale,1990-09-01,-1.242,29.9856,-1.0,30.000000000000014,286.95093,-0.003190793,0001,17455.652201526806,0.9086567073077686,19.0,0.0,1.0,0.018662353318175562,1.0000305189751728,0.0007737875,0.00018517673,292.73047,293.42773,293.50122,293.6692,293.60425,2.000030518975173,0.40530396,0.39959717,0.30467224,0.39231873,83081.625,291.86987,0.0062095546,-0.52796936,0.6255121
Kabale,1990-10-01,-1.242,29.9856,-1.0,30.000000000000014,287.56714,-0.0032769581,0001,17455.652201526806,0.9086567073077686,19.0,0.0,1.0,0.018662353318175562,1.0000305189751728,0.0012717322,0.00019538403,292.1604,292.82275,292.86548,293.06348,293.46753,2.000030518975173,0.42622375,0.43063354,0.4016571,0.38931274,83030.75,291.50073,0.006738565,-0.39138508,0.5084257
Kabale,1990-11-01,-1.242,29.9856,-1.0,30.000000000000014,287.7732,-0.0033454169,0001,17455.652201526806,0.9086567073077686,19.0,0.0,1.0,0.018662353318175562,1.0000305189751728,0.0012996048,0.0001874268,292.27222,292.90112,292.91187,292.99146,293.26978,2.000030518975173,0.42793274,0.43373108,0.44078064,0.41160583,83004.94,291.6372,0.0058537167,-0.6930609,0.50948334
Kabale,1990-12-01,-1.242,29.9856,-1.0,30.000000000000014,287.52197,-0.0033364678,0001,17455.652201526806,0.9086567073077686,19.0,0.0,1.0,0.018662353318175562,1.0000305189751728,0.0021298714,0.00022397935,291.8479,292.51636,292.56763,292.7378,293.09302,2.000030518975173,0.4257965,0.43066406,0.44429016,0.43247986,82988.375,291.21997,0.0059607206,-0.42081642,0.30199432
Kabale,1991-01-01,-1.242,29.9856,-1.0,30.000000000000014,287.4912,-0.003547063,0001,17455.652201526806,0.9086567073077686,19.0,0.0,1.0,0.018662353318175562,1.0000305189751728,0.0016367137,0.00021286309,292.39526,293.00854,292.9956,292.9668,292.96704,2.000030518975173,0.42773438,0.42703247,0.41734314,0.43548584,83028.25,291.87085,0.004800126,-0.35269928,0.12917995
Kabale,1991-02-01,-1.242,29.9856,-1.0,30.000000000000014,287.64136,-0.0036972733,0001,17455.652201526806,0.9086567073077686,19.0,0.0,1.0,0.018662353318175562,1.0000305189751728,0.0015328974,0.00021879375,292.87183,293.46582,293.3899,293.21216,293.01904,2.000030518975173,0.43395996,0.43615723,0.427063,0.43067932,83033.31,292.115,0.00576047,-0.18021297,0.0914402
Kabale,1991-03-01,-1.242,29.9856,-1.0,30.000000000000014,287.9607,-0.00355169,0001,17455.652201526806,0.9086567073077686,19.0,0.0,1.0,0.018662353318175562,1.0000305189751728,0.0015837327,0.00016100705,293.21997,293.7744,293.73145,293.58032,293.20337,2.000030518975173,0.41503906,0.42114258,0.4255371,0.4305725,82946.19,292.6953,0.004597818,-0.499609,0.3607216
Kabale,1991-04-01,-1.242,29.9856,-1.0,30.000000000000014,288.6499,-0.0034081847,0001,17455.652201526806,0.9086567073077686,19.0,0.0,1.0,0.018662353318175562,1.0000305189751728,0.003075324,0.00030066073,292.3479,293.0327,293.06226,293.1516,293.28564,2.000030518975173,0.43536377,0.4447937,0.44911194,0.4384613,82999.56,291.6775,0.008657049,-0.54329395,0.70900726
Kabale,1991-05-01,-1.242,29.9856,-1.0,30.000000000000014,288.8806,-0.0032400256,0001,17455.652201526806,0.9086567073077686,19.0,0.0,1.0,0.018662353318175562,1.0000305189751728,0.0056999475,0.00031493604,292.08032,292.7744,292.84888,293.04688,293.21533,2.000030518975173,0.43190002,0.43804932,0.4532776,0.45347595,83058.5,291.55273,0.009925773,-0.62765026,0.90295506
Kabale,1991-06-01,-1.242,29.9856,-1.0,30.000000000000014,287.67822,-0.0031631421,0001,17455.652201526806,0.9086567073077686,19.0,0.0,1.0,0.018662353318175562,1.0000305189751728,0.0066325665,0.00020344555,292.2981,292.83105,292.83716,292.88574,293.08057,2.000030518975173,0.4131012,0.42123413,0.43389893,0.46028137,83137.31,292.0171,0.006560234,-0.31984806,0.73126507
Kabale,1991-07-01,-1.242,29.9856,-1.0,30.000000000000014,285.63257,-0.0028320309,0001,17455.652201526806,0.9086567073077686,19.0,0.0,1.0,0.018662353318175562,1.0000305189751728,0.001784429,0.00010380149,291.96094,292.47314,292.5122,292.64185,292.92456,2.000030518975173,0.36413574,0.36047363,0.3552246,0.4421234,83196.69,291.6643,0.0022491764,-0.5046568,0.91327
Kabale,1991-08-01,-1.242,29.9856,-1.0,30.000000000000014,286.45972,-0.0031207306,0001,17455.652201526806,0.9086567073077686,19.0,0.0,1.0,0.018662353318175562,1.0000305189751728,0.0012330264,0.00016006827,292.3274,292.84766,292.80298,292.73047,292.79712,2.000030518975173,0.409729,0.40330505,0.35591125,0.42610168,83182.81,291.75854,0.0052291946,-0.26659966,0.6016989
Kabale,1991-09-01,-1.242,29.9856,-1.0,30.000000000000014,286.81543,-0.0033612503,0001,17455.652201526806,0.9086567073077686,19.0,0.0,1.0,0.018662353318175562,1.0000305189751728,0.0011329129,0.0001449585,292.91455,293.43848,293.3728,293.1748,292.86963,2.000030518975173,0.40161133,0.40441895,0.39819336,0.41905212,83100.75,292.28955,0.004583619,-0.57258034,0.5099163
Kabale,1991-10-01,-1.242,29.9856,-1.0,30.000000000000014,287.3474,-0.0032268222,0001,17455.652201526806,0.9086567073077686,19.0,0.0,1.0,0.018662353318175562,1.0000305189751728,0.0022124797,0.00025489926,291.66016,292.41406,292.51978,292.8103,292.98608,2.000030518975173,0.43278503,0.43800354,0.42938232,0.42422485,83007.5,290.8745,0.008628878,-0.16198349,0.29133224
Kabale,1991-11-01,-1.242,29.9856,-1.0,30.000000000000014,287.38086,-0.0031948844,0001,17455.652201526806,0.9086567073077686,19.0,0.0,1.0,0.018662353318175562,1.0000305189751728,0.0026747286,0.00017859042,291.6311,292.24658,292.27197,292.38354,292.7495,2.000030518975173,0.4315796,0.43748474,0.43693542,0.4423828,83030.125,290.96045,0.0050923675,-0.6255207,0.48945904
Kabale,1991-12-01,-1.242,29.9856,-1.0,30.000000000000014,287.3059,-0.0033783363,0001,17455.652201526806,0.9086567073077686,19.0,0.0,1.0,0.018662353318175562,1.0000305189751728,0.0017856471,0.00018534064,292.09375,292.6526,292.6306,292.59644,292.6289,2.000030518975173,0.41749573,0.41651917,0.42008972,0.43891907,83016.75,291.563,0.0037857112,-0.22599888,0.06515598
Kabale,1992-01-01,-1.242,29.9856,-1.0,30.000000000000014,286.85498,-0.0034697503,0001,17455.652201526806,0.9086567073077686,19.0,0.0,1.0,0.018662353318175562,1.0000305189751728,0.0010354593,0.00016778708,292.4568,292.97534,292.91846,292.7705,292.64648,2.000030518975173,0.401886,0.39294434,0.37965393,0.4299469,83019.375,292.12842,0.002788975,-0.4666481,0.18069077
Kabale,1992-02-01,-1.242,29.9856,-1.0,30.000000000000014,286.72852,-0.0032958267,0001,17455.652201526806,0.9086567073077686,19.0,0.0,1.0,0.018662353318175562,1.0000305189751728,0.0007543154,0.00012497604,293.1306,293.5935,293.4961,293.22192,292.7998,2.000030518975173,0.37384033,0.3699646,0.3539276,0.41966248,83053.375,292.59985,0.0027300129,0.13251305,-0.14587688
Kabale,1992-03-01,-1.242,29.9856,-1.0,30.000000000000014,287.06274,-0.003241445,0001,17455.652201526806,0.9086567073077686,19.0,0.0,1.0,0.018662353318175562,1.0000305189751728,0.00091792643,0.00013455749,293.6665,294.1665,294.0835,293.80542,293.14868,2.000030518975173,0.36767578,0.3645172,0.3310547,0.4089203,82960.0,293.1797,0.0047915396,-0.53363323,0.5755234
Kabale,1992-04-01,-1.242,29.9856,-1.0,30.000000000000014,288.80347,-0.0033633243,0001,17455.652201526806,0.9086567073077686,19.0,0.0,1.0,0.018662353318175562,1.0000305189751728,0.0013825521,0.00022736192,292.81152,293.41992,293.4309,293.43408,293.3484,2.000030518975173,0.42774963,0.43237305,0.41539,0.40818787,82998.81,292.22485,0.0071782647,-0.6099329,0.73165894
Kabale,1992-05-01,-1.242,29.9856,-1.0,30.000000000000014,287.71533,-0.0033186795,0001,17455.652201526806,0.9086567073077686,19.0,0.0,1.0,0.018662353318175562,1.0000305189751728,0.0019111484,0.00017128885,292.0857,292.71362,292.79688,293.04175,293.30518,2.000030518975173,0.4074402,0.41371155,0.42929077,0.43003845,83061.06,291.7505,0.004744965,-0.85229206,1.0762196
Kabale,1992-06-01,-1.242,29.9856,-1.0,30.000000000000014,286.91113,-0.0030932194,0001,17455.652201526806,0.9086567073077686,19.0,0.0,1.0,0.018662353318175562,1.0000305189751728,0.0013163835,0.000216946,291.69214,292.3047,292.3933,292.66724,293.08984,2.000030518975173,0.39509583,0.39590454,0.38659668,0.42442322,83128.69,291.54785,0.00533494,-0.4456148,0.8733568
Kabale,1992-07-01,-1.242,29.9856,-1.0,30.000000000000014,284.68213,-0.0030155266,0001,17455.652201526806,0.9086567073077686,19.0,0.0,1.0,0.018662353318175562,1.0000305189751728,0.00088211894,6.888807e-05,291.54346,292.05444,292.08423,292.21997,292.76343,2.000030518975173,0.359787,0.3728943,0.41011047,0.42279053,83193.25,291.62158,0.001601842,-0.43255234,0.87300205
Kabale,1992-08-01,-1.242,29.9856,-1.0,30.000000000000014,284.0188,-0.0029814243,0001,17455.652201526806,0.9086567073077686,19.0,0.0,1.0,0.018662353318175562,1.0000305189751728,0.00060114264,6.2927604e-05,292.92578,293.3479,293.2373,292.9287,292.65552,2.000030518975173,0.32858276,0.33866882,0.35466003,0.4146576,83166.56,292.68384,0.0016546462,-0.5762253,0.77885437
Kabale,1992-09-01,-1.242,29.9856,-1.0,30.000000000000014,286.43457,-0.0030881278,0001,17455.652201526806,0.9086567073077686,19.0,0.0,1.0,0.018662353318175562,1.0000305189751728,0.000505656,0.00014291704,292.45166,293.00415,293.0056,293.03223,292.85547,2.000030518975173,0.38461304,0.3677063,0.347641,0.4053955,83021.5,291.8069,0.003878248,-0.69706917,0.67023087
Kabale,1992-10-01,-1.242,29.9856,-1.0,30.000000000000014,287.68384,-0.0034045088,0001,17455.652201526806,0.9086567073077686,19.0,0.0,1.0,0.018662353318175562,1.0000305189751728,0.0021015927,0.00024043024,292.3037,292.969,292.97705,292.97363,292.89282,2.000030518975173,0.43026733,0.43415833,0.41351318,0.40733337,83028.875,291.41187,0.009789691,-0.16344643,0.2382803
Kabale,1992-11-01,-1.242,29.9856,-1.0,30.000000000000014,287.22705,-0.0032119886,0001,17455.652201526806,0.9086567073077686,19.0,0.0,1.0,0.018662353318175562,1.0000305189751728,0.0027419552,0.00021506846,291.57275,292.25244,292.3286,292.53882,292.83887,2.000030518975173,0.424469,0.43045044,0.44683838,0.43519592,82985.625,290.90845,0.006361403,-0.55461025,0.35247326
Kabale,1992-12-01,-1.242,29.9856,-1.0,30.000000000000014,287.54272,-0.003321197,0001,17455.652201526806,0.9086567073077686,19.0,0.0,1.0,0.018662353318175562,1.0000305189751728,0.0020664036,0.00021407008,291.75098,292.36157,292.364,292.41724,292.65967,2.000030518975173,0.4292755,0.43411255,0.43013,0.43849182,83023.31,291.2085,0.005132927,-0.46904087,0.22724628
Kabale,1993-01-01,-1.242,29.9856,-1.0,30.000000000000014,286.81763,-0.0034015384,0001,17455.652201526806,0.9086567073077686,19.0,0.0,1.0,0.018662353318175562,1.0000305189751728,0.0012978464,0.0001527965,292.22412,292.74023,292.70215,292.63452,292.60254,2.000030518975173,0.3958435,0.39442444,0.4025879,0.43392944,83042.31,291.91382,0.0030188838,-0.07003498,-0.008403778
Kabale,1993-02-01,-1.242,29.9856,-1.0,30.000000000000014,286.92578,-0.0035504084,0001,17455.652201526806,0.9086567073077686,19.0,0.0,1.0,0.018662353318175562,1.0000305189751728,0.00085648894,0.00016888976,293.2207,293.70312,293.5808,293.25024,292.74854,2.000030518975173,0.4032898,0.39059448,0.36468506,0.42425537,82989.06,292.594,0.0037799322,-0.1129303,-0.053300858
Kabale,1993-03-01,-1.242,29.9856,-1.0,30.000000000000014,286.74683,-0.0037838845,0001,17455.652201526806,0.9086567073077686,19.0,0.0,1.0,0.018662353318175562,1.0000305189751728,0.0009453222,0.00018969178,293.0349,293.6411,293.59814,293.45312,293.03345,2.000030518975173,0.4226532,0.42106628,0.38354492,0.4159088,83010.94,292.5713,0.0049109403,-0.6135254,0.27958393
Kabale,1993-04-01,-1.242,29.9856,-1.0,30.000000000000014,288.10742,-0.0034638653,0001,17455.652201526806,0.9086567073077686,19.0,0.0,1.0,0.018662353318175562,1.0000305189751728,0.0012877733,0.00018924475,292.82788,293.4077,293.38696,293.32715,293.18823,2.000030518975173,0.40664673,0.40402222,0.39074707,0.41125488,82977.0,292.34937,0.0058881342,-0.78921986,0.86959934
Kabale,1993-05-01,-1.242,29.9856,-1.0,30.000000000000014,288.33667,-0.0033297483,0001,17455.652201526806,0.9086567073077686,19.0,0.0,1.0,0.018662353318175562,1.0000305189751728,0.0017262101,0.00023896992,292.396,293.01196,293.0537,293.16504,293.23755,2.000030518975173,0.4233551,0.4300232,0.4416809,0.42648315,83053.875,291.93066,0.00527473,-0.69531345,0.87183857
Kabale,1993-06-01,-1.242,29.9856,-1.0,30.000000000000014,286.88403,-0.003265988,0001,17455.652201526806,0.9086567073077686,19.0,0.0,1.0,0.018662353318175562,1.0000305189751728,0.0017868727,0.00018493831,291.93286,292.53418,292.61548,292.8235,293.1067,2.000030518975173,0.41255188,0.4177246,0.4254303,0.43011475,83182.375,291.7815,0.004418048,-0.44650364,0.7876177
Kabale,1993-07-01,-1.242,29.9856,-1.0,30.000000000000014,282.9878,-0.0026820693,0001,17455.652201526806,0.9086567073077686,19.0,0.0,1.0,0.018662353318175562,1.0000305189751728,0.00085467845,8.314848e-06,292.51318,292.92505,292.85303,292.75244,292.91748,2.000030518975173,0.26997375,0.31323242,0.36883545,0.42304993,83158.625,292.37915,0.00017212317,-0.81824875,1.0501165
Kabale,1993-08-01,-1.242,29.9856,-1.0,30.000000000000014,285.55908,-0.002807728,0001,17455.652201526806,0.9086567073077686,19.0,0.0,1.0,0.018662353318175562,1.0000305189751728,0.00058473647,0.00010100007,292.65747,293.19507,293.18286,293.17017,292.98706,2.000030518975173,0.34869385,0.33641052,0.3261261,0.41081238,83174.625,291.99414,0.0031381575,-0.6160469,0.66959476
Kabale,1993-09-01,-1.242,29.9856,-1.0,30.000000000000014,285.78174,-0.003069926,0001,17455.652201526806,0.9086567073077686,19.0,0.0,1.0,0.018662353318175562,1.0000305189751728,0.00034026802,8.34167e-05,293.29102,293.75513,293.63208,293.3042,293.052,2.000030518975173,0.34835815,0.34213257,0.3171692,0.40045166,83065.25,292.48218,0.002533026,-0.6694946,0.6161003
Kabale,1993-10-01,-1.242,29.9856,-1.0,30.000000000000014,287.18726,-0.00303585,0001,17455.652201526806,0.9086567073077686,19.0,0.0,1.0,0.018662353318175562,1.0000305189751728,0.00054717064,0.00014561415,292.8999,293.49292,293.52075,293.5454,293.25635,2.000030518975173,0.3827057,0.36216736,0.30656433,0.391037,83035.44,292.22852,0.0039363974,-0.63425446,0.50680065
Kabale,1993-11-01,-1.242,29.9856,-1.0,30.000000000000014,287.84106,-0.0032690186,0001,17455.652201526806,0.9086567073077686,19.0,0.0,1.0,0.018662353318175562,1.0000305189751728,0.0010531917,0.0002181977,292.1853,292.87256,292.9358,293.09937,293.26636,2.000030518975173,0.43093872,0.43450928,0.3895874,0.38685608,82951.625,291.48975,0.006828921,-0.42869377,0.31226254
Kabale,1993-12-01,-1.242,29.9856,-1.0,30.000000000000014,287.5232,-0.0033896156,0001,17455.652201526806,0.9086567073077686,19.0,0.0,1.0,0.018662353318175562,1.0000305189751728,0.0010527,0.00017373264,292.17554,292.75415,292.7417,292.8213,293.1106,2.000030518975173,0.4219818,0.4284973,0.4289093,0.39953613,82997.5,291.64478,0.0051098936,-0.48559093,0.20976734
Kabale,1994-01-01,-1.242,29.9856,-1.0,30.000000000000014,287.0044,-0.003704032,0001,17455.652201526806,0.9086567073077686,19.0,0.0,1.0,0.018662353318175562,1.0000305189751728,0.0005521849,0.00017595291,292.62305,293.2251,293.1897,293.1067,293.06055,2.000030518975173,0.40670776,0.40031433,0.3968506,0.40370178,82937.19,292.10718,0.0037941046,-0.17825127,0.035099983
Kabale,1994-02-01,-1.242,29.9856,-1.0,30.000000000000014,286.55176,-0.0035227695,0001,17455.652201526806,0.9086567073077686,19.0,0.0,1.0,0.018662353318175562,1.0000305189751728,0.00048399717,0.00015026331,293.09985,293.6416,293.57837,293.40234,293.136,2.000030518975173,0.3850708,0.38363647,0.38241577,0.39923096,82982.875,292.5691,0.0034724828,0.40264225,-0.15149021
Kabale,1994-03-01,-1.242,29.9856,-1.0,30.000000000000014,288.19165,-0.003601558,0001,17455.652201526806,0.9086567073077686,19.0,0.0,1.0,0.018662353318175562,1.0000305189751728,0.0017168596,0.00024726987,292.96362,293.63354,293.61108,293.54297,293.30615,2.000030518975173,0.43701172,0.44456482,0.42292786,0.40422058,83012.56,292.06006,0.007984037,-0.29859066,0.27719212
Kabale,1994-04-01,-1.242,29.9856,-1.0,30.000000000000014,288.03687,-0.0034794845,0001,17455.652201526806,0.9086567073077686,19.0,0.0,1.0,0.018662353318175562,1.0000305189751728,0.0017837733,0.00019556284,292.48364,293.12964,293.167,293.2683,293.35962,2.000030518975173,0.42030334,0.4237671,0.42460632,0.41880798,82984.5,292.00635,0.0051490227,-0.7989054,0.9646692
Kabale,1994-05-01,-1.242,29.9856,-1.0,30.000000000000014,288.0725,-0.0032310886,0001,17455.652201526806,0.9086567073077686,19.0,0.0,1.0,0.018662353318175562,1.0000305189751728,0.0020839944,0.00020194054,291.85303,292.49878,292.5791,292.81274,293.19727,2.000030518975173,0.42097473,0.4233551,0.43086243,0.42541504,83112.31,291.48486,0.005314459,-0.7705183,0.9927244
Kabale,1994-06-01,-1.242,29.9856,-1.0,30.000000000000014,286.1848,-0.003384037,0001,17455.652201526806,0.9086567073077686,19.0,0.0,1.0,0.018662353318175562,1.0000305189751728,0.0011892766,0.00014096498,291.7583,292.3457,292.4004,292.59497,292.96704,2.000030518975173,0.40789795,0.41000366,0.39888,0.42140198,83127.25,291.8308,0.0031624918,-0.39730835,0.7505846
Kabale,1994-07-01,-1.242,29.9856,-1.0,30.000000000000014,284.61353,-0.0029037008,0001,17455.652201526806,0.9086567073077686,19.0,0.0,1.0,0.018662353318175562,1.0000305189751728,0.0006835088,4.0367246e-05,291.8689,292.33398,292.32764,292.3816,292.7168,2.000030518975173,0.34735107,0.35757446,0.36898804,0.4134674,83152.125,291.82178,0.0009857609,-0.6076622,0.96066284
Kabale,1994-08-01,-1.242,29.9856,-1.0,30.000000000000014,285.35815,-0.0027453396,0001,17455.652201526806,0.9086567073077686,19.0,0.0,1.0,0.018662353318175562,1.0000305189751728,0.00087668,8.9854e-05,292.7307,293.2434,293.19922,293.06006,292.7566,2.000030518975173,0.33587646,0.344635,0.3385315,0.40325928,83105.0,291.94092,0.0037687565,-0.5646267,0.67849827
Kabale,1994-09-01,-1.242,29.9856,-1.0,30.000000000000014,286.91406,-0.0032833032,0001,17455.652201526806,0.9086567073077686,19.0,0.0,1.0,0.018662353318175562,1.0000305189751728,0.0018614978,0.00011995435,292.8833,293.3977,293.3291,293.13892,292.8877,2.000030518975173,0.39552307,0.39408875,0.36842346,0.39601135,83078.56,292.1731,0.0063313935,-0.6498747,0.5689802
Kabale,1994-10-01,-1.242,29.9856,-1.0,30.000000000000014,287.2727,-0.0031383699,0001,17455.652201526806,0.9086567073077686,19.0,0.0,1.0,0.018662353318175562,1.0000305189751728,0.00097352266,0.00018563867,291.66064,292.34985,292.4558,292.70776,292.93335,2.000030518975173,0.4295807,0.4356079,0.41467285,0.39561462,82981.44,291.10815,0.0060009547,-0.40630722,0.46048164
Kabale,1994-11-01,-1.242,29.9856,-1.0,30.000000000000014,288.1958,-0.0031350944,0001,17455.652201526806,0.9086567073077686,19.0,0.0,1.0,0.018662353318175562,1.0000305189751728,0.0029341057,0.00029341877,291.7268,292.35547,292.3523,292.40967,292.7068,2.000030518975173,0.43894958,0.44822693,0.45489502,0.42581177,83018.625,290.88525,0.009552385,-0.13402748,0.19375992
Kabale,1994-12-01,-1.242,29.9856,-1.0,30.000000000000014,287.72803,-0.0033118725,0001,17455.652201526806,0.9086567073077686,19.0,0.0,1.0,0.018662353318175562,1.0000305189751728,0.0034601986,0.00020515919,291.87573,292.46753,292.45483,292.46973,292.60303,2.000030518975173,0.42765808,0.42951965,0.43296814,0.44830322,83061.81,291.2644,0.00493726,-0.45986938,0.15890121
Kabale,1995-01-01,-1.242,29.9856,-1.0,30.000000000000014,287.22314,-0.003544515,0001,17455.652201526806,0.9086567073077686,19.0,0.0,1.0,0.018662353318175562,1.0000305189751728,0.001649268,0.0001616031,292.57202,293.11743,293.0747,292.92212,292.66455,2.000030518975173,0.4013214,0.40037537,0.378891,0.43618774,83054.75,292.08325,0.003203265,-0.054247856,-0.047302246
Kabale,1995-02-01,-1.242,29.9856,-1.0,30.000000000000014,287.17822,-0.0033734785,0001,17455.652201526806,0.9086567073077686,19.0,0.0,1.0,0.018662353318175562,1.0000305189751728,0.0009863749,0.00015686452,292.5393,293.1228,293.1145,293.0703,292.823,2.000030518975173,0.40568542,0.3996277,0.3587799,0.42375183,83043.19,291.97314,0.004250673,0.058423996,-0.013705254
Kabale,1995-03-01,-1.242,29.9856,-1.0,30.000000000000014,287.54492,-0.0035629012,0001,17455.652201526806,0.9086567073077686,19.0,0.0,1.0,0.018662353318175562,1.0000305189751728,0.0010752678,0.00016206503,292.9004,293.44092,293.3733,293.1975,292.93555,2.000030518975173,0.41911316,0.42167664,0.39974976,0.41726685,82978.44,292.36987,0.0051186597,-0.60956764,0.5075655
Kabale,1995-04-01,-1.242,29.9856,-1.0,30.000000000000014,288.39868,-0.0034934161,0001,17455.652201526806,0.9086567073077686,19.0,0.0,1.0,0.018662353318175562,1.0000305189751728,0.0013351291,0.00021649897,292.71704,293.32202,293.31592,293.26636,293.0935,2.000030518975173,0.42633057,0.42996216,0.41786194,0.4166565,82924.75,292.23535,0.0057510715,-0.810359,0.9587431
Kabale,1995-05-01,-1.242,29.9856,-1.0,30.000000000000014,287.75513,-0.0034036636,0001,17455.652201526806,0.9086567073077686,19.0,0.0,1.0,0.018662353318175562,1.0000305189751728,0.0016900152,0.00017349422,292.26025,292.8496,292.87964,292.99365,293.10547,2.000030518975173,0.40534973,0.41419983,0.4343109,0.4277649,83063.875,291.9226,0.0043141637,-1.0203514,1.255537
Kabale,1995-06-01,-1.242,29.9856,-1.0,30.000000000000014,286.67285,-0.0033329325,0001,17455.652201526806,0.9086567073077686,19.0,0.0,1.0,0.018662353318175562,1.0000305189751728,0.0011547357,0.0001553595,292.30103,292.83545,292.8462,292.89624,293.02466,2.000030518975173,0.3969574,0.3955078,0.3852234,0.42547607,83107.81,292.29663,0.0037921527,-0.42229176,0.7755594
Kabale,1995-07-01,-1.242,29.9856,-1.0,30.000000000000014,284.73608,-0.0030829366,0001,17455.652201526806,0.9086567073077686,19.0,0.0,1.0,0.018662353318175562,1.0000305189751728,0.0006649345,7.766485e-05,292.2307,292.71973,292.71973,292.75317,292.92407,2.000030518975173,0.3632202,0.36805725,0.36672974,0.4165802,83037.06,292.37402,0.0016724111,-0.55625916,0.842803
Kabale,1995-08-01,-1.242,29.9856,-1.0,30.000000000000014,283.5879,-0.0023825169,0001,17455.652201526806,0.9086567073077686,19.0,0.0,1.0,0.018662353318175562,1.0000305189751728,0.00040999055,2.528727e-05,293.57495,293.94824,293.7495,293.3142,292.94604,2.000030518975173,0.25634766,0.28199768,0.32695007,0.4061737,83063.375,292.9807,0.0005314795,-0.9712992,1.0492735
Kabale,1995-09-01,-1.242,29.9856,-1.0,30.000000000000014,286.5337,-0.0030454034,0001,17455.652201526806,0.9086567073077686,19.0,0.0,1.0,0.018662353318175562,1.0000305189751728,0.00049455464,0.00014641881,293.34937,293.94458,293.92773,293.80835,293.28027,2.000030518975173,0.3716278,0.35627747,0.31643677,0.3956604,83095.56,292.39185,0.0050789895,-0.57017326,0.57791233
Kabale,1995-10-01,-1.242,29.9856,-1.0,30.000000000000014,287.8601,-0.0033125952,0001,17455.652201526806,0.9086567073077686,19.0,0.0,1.0,0.018662353318175562,1.0000305189751728,0.001430735,0.00021232665,292.23755,292.96997,293.05884,293.2793,293.37744,2.000030518975173,0.43251038,0.43537903,0.3938141,0.39143372,82966.56,291.42725,0.008337113,-0.32138348,0.28611183
Kabale,1995-11-01,-1.242,29.9856,-1.0,30.000000000000014,287.83765,-0.0033733053,0001,17455.652201526806,0.9086567073077686,19.0,0.0,1.0,0.018662353318175562,1.0000305189751728,0.0020153224,0.00021135807,292.30908,292.92896,292.92163,292.94556,293.20312,2.000030518975173,0.42951965,0.43460083,0.44508362,0.41574097,83001.81,291.5359,0.0072112083,-0.27850246,0.18289757
Kabale,1995-12-01,-1.242,29.9856,-1.0,30.000000000000014,287.19824,-0.003449983,0001,17455.652201526806,0.9086567073077686,19.0,0.0,1.0,0.018662353318175562,1.0000305189751728,0.0017245263,0.00021478534,291.74658,292.44727,292.51294,292.74097,293.07275,2.000030518975173,0.4280548,0.4297943,0.4299469,0.4306488,83055.06,291.146,0.004807943,-0.3481226,0.14764214
Kabale,1996-01-01,-1.242,29.9856,-1.0,30.000000000000014,287.2063,-0.003584045,0001,17455.652201526806,0.9086567073077686,19.0,0.0,1.0,0.018662353318175562,1.0000305189751728,0.0014929175,0.0002361238,292.01636,292.6621,292.66284,292.69336,292.89307,2.000030518975173,0.43026733,0.43266296,0.43426514,0.4300537,82914.375,291.41357,0.005091924,-0.27503872,0.11958313
Kabale,1996-02-01,-1.242,29.9856,-1.0,30.000000000000014,287.4773,-0.0036203703,0001,17455.652201526806,0.9086567073077686,19.0,0.0,1.0,0.018662353318175562,1.0000305189751728,0.0016797185,0.0001963377,292.71826,293.2937,293.22632,293.06104,292.8777,2.000030518975173,0.43229675,0.43571472,0.43180847,0.42999268,82889.375,292.0581,0.005106272,-0.22754097,0.1006279
Kabale,1996-03-01,-1.242,29.9856,-1.0,30.000000000000014,288.10767,-0.0035687312,0001,17455.652201526806,0.9086567073077686,19.0,0.0,1.0,0.018662353318175562,1.0000305189751728,0.002076909,0.00019328296,293.00366,293.60693,293.56372,293.4436,293.08667,2.000030518975173,0.42836,0.4361725,0.43338013,0.42982483,82900.19,292.37842,0.006639611,-0.45320225,0.3278141
Kabale,1996-04-01,-1.242,29.9856,-1.0,30.000000000000014,287.55713,-0.0035698507,0001,17455.652201526806,0.9086567073077686,19.0,0.0,1.0,0.018662353318175562,1.0000305189751728,0.00209371,0.00012278557,292.7102,293.28442,293.28662,293.29004,293.21167,2.000030518975173,0.3987732,0.40104675,0.42330933,0.4376831,82959.44,292.26733,0.0029725381,-1.0517263,1.0948305
Kabale,1996-05-01,-1.242,29.9856,-1.0,30.000000000000014,287.38403,-0.0030487077,0001,17455.652201526806,0.9086567073077686,19.0,0.0,1.0,0.018662353318175562,1.0000305189751728,0.0009928793,0.00012667477,292.7185,293.24707,293.27002,293.3064,293.2556,2.000030518975173,0.34332275,0.3310089,0.35134888,0.4258728,83052.81,292.36084,0.0019438809,-0.9540272,1.2407379
Kabale,1996-06-01,-1.242,29.9856,-1.0,30.000000000000014,285.8186,-0.0030993642,0001,17455.652201526806,0.9086567073077686,19.0,0.0,1.0,0.018662353318175562,1.0000305189751728,0.00059096515,0.00015762448,292.0952,292.6372,292.677,292.82227,293.15088,2.000030518975173,0.3777008,0.37394714,0.3341217,0.41304016,83117.81,292.05615,0.0028475488,-0.2573843,0.73881435
Kabale,1996-07-01,-1.242,29.9856,-1.0,30.000000000000014,284.75928,-0.0028039431,0001,17455.652201526806,0.9086567073077686,19.0,0.0,1.0,0.018662353318175562,1.0000305189751728,0.00035347044,9.278953e-05,292.17505,292.67114,292.66748,292.73486,292.9878,2.000030518975173,0.34657288,0.33976746,0.32344055,0.40286255,83154.06,292.00537,0.001977883,-0.3413496,0.6725979
Kabale,1996-08-01,-1.242,29.9856,-1.0,30.000000000000014,284.64282,-0.0026881853,0001,17455.652201526806,0.9086567073077686,19.0,0.0,1.0,0.018662353318175562,1.0000305189751728,0.0012021586,0.00015152991,292.8994,293.4917,293.44946,293.31128,293.0088,2.000030518975173,0.33255005,0.33888245,0.31907654,0.39297485,83094.94,292.27637,0.0069592586,-0.15815735,0.48690987
Kabale,1996-09-01,-1.242,29.9856,-1.0,30.000000000000014,287.0857,-0.0034676846,0001,17455.652201526806,0.9086567073077686,19.0,0.0,1.0,0.018662353318175562,1.0000305189751728,0.003531441,0.00018845499,292.4607,293.07886,293.05273,293.00464,293.0442,2.000030518975173,0.421463,0.4313507,0.44662476,0.41093445,83011.25,291.6338,0.009967574,-0.25039673,0.4472351
Kabale,1996-10-01,-1.242,29.9856,-1.0,30.000000000000014,287.52393,-0.003367628,0001,17455.652201526806,0.9086567073077686,19.0,0.0,1.0,0.018662353318175562,1.0000305189751728,0.0033954456,0.00022983551,292.22412,292.87256,292.89697,292.9641,293.04395,2.000030518975173,0.43037415,0.43710327,0.44403076,0.44407654,83002.25,291.41577,0.007640881,-0.39757824,0.4321823
Kabale,1996-11-01,-1.242,29.9856,-1.0,30.000000000000014,287.72876,-0.0031329105,0001,17455.652201526806,0.9086567073077686,19.0,0.0,1.0,0.018662353318175562,1.0000305189751728,0.0034500211,0.0002424568,291.74414,292.4087,292.48096,292.70825,292.96265,2.000030518975173,0.4360199,0.4452057,0.45013428,0.44734192,82949.56,291.0432,0.0076086516,-0.29610825,0.30418968
Kabale,1996-12-01,-1.242,29.9856,-1.0,30.000000000000014,287.2229,-0.003455978,0001,17455.652201526806,0.9086567073077686,19.0,0.0,1.0,0.018662353318175562,1.0000305189751728,0.003529638,0.00020973384,291.92285,292.52612,292.5017,292.49756,292.75854,2.000030518975173,0.42416382,0.43096924,0.44044495,0.45217896,83005.69,291.2312,0.0049732896,-0.3057909,0.108818054
Kabale,1997-01-01,-1.242,29.9856,-1.0,30.000000000000014,286.97656,-0.0033854954,0001,17455.652201526806,0.9086567073077686,19.0,0.0,1.0,0.018662353318175562,1.0000305189751728,0.0017677769,0.00013901293,292.0857,292.6726,292.6831,292.69336,292.70166,2.000030518975173,0.4029541,0.39886475,0.38111877,0.4409485,82973.5,291.5901,0.0031101087,-0.0195961,0.0039253235
Kabale,1997-02-01,-1.242,29.9856,-1.0,30.000000000000014,284.61523,-0.0027939137,0001,17455.652201526806,0.9086567073077686,19.0,0.0,1.0,0.018662353318175562,1.0000305189751728,0.00082897395,1.7806888e-05,293.68604,294.04492,293.81982,293.28052,292.78003,2.000030518975173,0.2635193,0.30221558,0.33755493,0.42633057,82983.625,293.06763,0.00034738876,0.30023193,-0.30083656
Kabale,1997-03-01,-1.242,29.9856,-1.0,30.000000000000014,287.26538,-0.0028423779,0001,17455.652201526806,0.9086567073077686,19.0,0.0,1.0,0.018662353318175562,1.0000305189751728,0.00065357983,0.0001322627,293.89624,294.44556,294.37573,294.12256,293.25195,2.000030518975173,0.3302002,0.3015747,0.30392456,0.4114685,82921.44,293.0188,0.0041721603,-0.6001053,0.51814175
Kabale,1997-04-01,-1.242,29.9856,-1.0,30.000000000000014,288.489,-0.0032416796,0001,17455.652201526806,0.9086567073077686,19.0,0.0,1.0,0.018662353318175562,1.0000305189751728,0.0021434054,0.0002873093,292.04883,292.78174,292.89355,293.1582,293.40308,2.000030518975173,0.4365692,0.43989563,0.4127655,0.4096527,83046.375,291.3203,0.01062134,-0.21449757,0.5078268
Kabale,1997-05-01,-1.242,29.9856,-1.0,30.000000000000014,287.3828,-0.0033522295,0001,17455.652201526806,0.9086567073077686,19.0,0.0,1.0,0.018662353318175562,1.0000305189751728,0.0059453547,0.00018665195,291.81323,292.43506,292.49048,292.7036,293.16675,2.000030518975173,0.41018677,0.4184265,0.44187927,0.45173645,83156.625,291.39624,0.008095501,-0.84337044,0.8450489
Kabale,1997-06-01,-1.242,29.9856,-1.0,30.000000000000014,285.7417,-0.0028837454,0001,17455.652201526806,0.9086567073077686,19.0,0.0,1.0,0.018662353318175562,1.0000305189751728,0.0017643869,7.496774e-05,292.1775,292.65674,292.64136,292.67993,292.93115,2.000030518975173,0.3140564,0.32614136,0.3466797,0.44174194,83112.875,291.8982,0.0015993388,-0.87295437,1.1040535
Kabale,1997-07-01,-1.242,29.9856,-1.0,30.000000000000014,284.40625,-0.0026138462,0001,17455.652201526806,0.9086567073077686,19.0,0.0,1.0,0.018662353318175562,1.0000305189751728,0.00081317127,6.835163e-05,292.14746,292.60083,292.57495,292.54785,292.77783,2.000030518975173,0.3216858,0.32443237,0.31488037,0.42300415,83209.875,291.88818,0.0015994357,-0.6572466,1.0141115
Kabale,1997-08-01,-1.242,29.9856,-1.0,30.000000000000014,285.47534,-0.0024761064,0001,17455.652201526806,0.9086567073077686,19.0,0.0,1.0,0.018662353318175562,1.0000305189751728,0.0003873706,6.0781837e-05,293.88623,294.28784,294.1206,293.60693,292.90845,2.000030518975173,0.28886414,0.28567505,0.29562378,0.40820312,83200.31,292.85474,0.0016413748,-0.62092686,0.60423183
Kabale,1997-09-01,-1.242,29.9856,-1.0,30.000000000000014,286.03882,-0.002346646,0001,17455.652201526806,0.9086567073077686,19.0,0.0,1.0,0.018662353318175562,1.0000305189751728,0.00023199618,5.4121017e-05,294.2998,294.72363,294.5874,294.17114,293.34912,2.000030518975173,0.28407288,0.26715088,0.280838,0.39562988,83069.94,293.25977,0.0012562583,-0.9891987,0.71232986
Kabale,1997-10-01,-1.242,29.9856,-1.0,30.000000000000014,287.58984,-0.0027845274,0001,17455.652201526806,0.9086567073077686,19.0,0.0,1.0,0.018662353318175562,1.0000305189751728,0.0015409812,0.00017087162,292.7163,293.39014,293.49414,293.76318,293.66846,2.000030518975173,0.37774658,0.34994507,0.3012848,0.3852539,83043.69,292.06616,0.007963207,-0.8173723,0.5984802
Kabale,1997-11-01,-1.242,29.9856,-1.0,30.000000000000014,288.62134,-0.0029882938,0001,17455.652201526806,0.9086567073077686,19.0,0.0,1.0,0.018662353318175562,1.0000305189751728,0.0012553185,0.00026479363,291.85962,292.55005,292.64722,292.9392,293.46997,2.000030518975173,0.43608093,0.44128418,0.431839,0.39559937,83019.875,291.15088,0.007985679,-0.10354614,0.17758942
Kabale,1997-12-01,-1.242,29.9856,-1.0,30.000000000000014,288.54443,-0.0031069843,0001,17455.652201526806,0.9086567073077686,19.0,0.0,1.0,0.018662353318175562,1.0000305189751728,0.002445504,0.0002874285,291.73267,292.38794,292.43042,292.61963,293.12817,2.000030518975173,0.4418335,0.44500732,0.45355225,0.43772888,83085.69,290.99756,0.0072720097,-0.00065898895,0.060518265
Kabale,1998-01-01,-1.242,29.9856,-1.0,30.000000000000014,288.95825,-0.0033731125,0001,17455.652201526806,0.9086567073077686,19.0,0.0,1.0,0.018662353318175562,1.0000305189751728,0.0037699789,0.00027243793,292.73145,293.29688,293.22705,293.04102,292.97363,2.000030518975173,0.43606567,0.44036865,0.44607544,0.45162964,83051.75,291.9651,0.0073906663,-0.1331253,-0.025175095
Kabale,1998-02-01,-1.242,29.9856,-1.0,30.000000000000014,288.66626,-0.0035120286,0001,17455.652201526806,0.9086567073077686,19.0,0.0,1.0,0.018662353318175562,1.0000305189751728,0.0032958835,0.00021074712,293.6411,294.13428,294.01733,293.70386,293.1858,2.000030518975173,0.4258423,0.42848206,0.43600464,0.45088196,83170.06,292.8269,0.0055790646,0.24986553,-0.08746433
Kabale,1998-03-01,-1.242,29.9856,-1.0,30.000000000000014,288.91382,-0.0035657305,0001,17455.652201526806,0.9086567073077686,19.0,0.0,1.0,0.018662353318175562,1.0000305189751728,0.0023944974,0.00015425682,293.75928,294.32812,294.28418,294.11084,293.5371,2.000030518975173,0.41111755,0.4156189,0.4036255,0.4429474,83024.44,293.12305,0.005604442,-0.6831751,0.4767971
Kabale,1998-04-01,-1.242,29.9856,-1.0,30.000000000000014,289.1543,-0.0036699893,0001,17455.652201526806,0.9086567073077686,19.0,0.0,1.0,0.018662353318175562,1.0000305189751728,0.003633909,0.00018081069,293.66724,294.24146,294.2019,294.0681,293.7854,2.000030518975173,0.42427063,0.42651367,0.4270172,0.43878174,83063.56,293.10742,0.0074738516,-0.95071316,0.95415497
Kabale,1998-05-01,-1.242,29.9856,-1.0,30.000000000000014,288.80737,-0.003509353,0001,17455.652201526806,0.9086567073077686,19.0,0.0,1.0,0.018662353318175562,1.0000305189751728,0.0041171163,0.00022780895,293.23193,293.82324,293.82056,293.81104,293.844,2.000030518975173,0.41366577,0.4212799,0.4313507,0.45028687,83162.19,292.72168,0.0073696,-0.5975208,0.82916546
Kabale,1998-06-01,-1.242,29.9856,-1.0,30.000000000000014,285.9536,-0.0031629372,0001,17455.652201526806,0.9086567073077686,19.0,0.0,1.0,0.018662353318175562,1.0000305189751728,0.0018012077,6.645918e-05,292.448,293.02197,293.10962,293.4082,293.76196,2.000030518975173,0.34733582,0.36517334,0.3604126,0.441864,83241.31,292.32812,0.0015097347,-0.722064,1.0557842
Kabale,1998-07-01,-1.242,29.9856,-1.0,30.000000000000014,284.136,-0.002309844,0001,17455.652201526806,0.9086567073077686,19.0,0.0,1.0,0.018662353318175562,1.0000305189751728,0.0007366091,3.5881996e-05,293.2412,293.69067,293.65625,293.5918,293.60645,2.000030518975173,0.26557922,0.27778625,0.3157959,0.4235077,83160.31,292.78882,0.0010976028,-0.673893,0.89119816
Kabale,1998-08-01,-1.242,29.9856,-1.0,30.000000000000014,285.4082,-0.0025165072,0001,17455.652201526806,0.9086567073077686,19.0,0.0,1.0,0.018662353318175562,1.0000305189751728,0.00086313486,0.00010226667,293.53247,294.03906,293.99072,293.8794,293.67163,2.000030518975173,0.32037354,0.32385254,0.3010254,0.4083252,83093.25,292.63794,0.004119789,-0.559433,0.68409634
Kabale,1998-09-01,-1.242,29.9856,-1.0,30.000000000000014,286.86646,-0.0030390527,0001,17455.652201526806,0.9086567073077686,19.0,0.0,1.0,0.018662353318175562,1.0000305189751728,0.0004260391,0.00013238192,292.70972,293.3103,293.33154,293.45532,293.6643,2.000030518975173,0.3789978,0.37010193,0.32496643,0.39842224,83079.125,291.9048,0.0038943244,-0.72353745,0.67994785
Kabale,1998-10-01,-1.242,29.9856,-1.0,30.000000000000014,287.68384,-0.0034634322,0001,17455.652201526806,0.9086567073077686,19.0,0.0,1.0,0.018662353318175562,1.0000305189751728,0.0015879124,0.00020363927,292.82983,293.4807,293.50732,293.54492,293.6018,2.000030518975173,0.42549133,0.4322052,0.4067688,0.39616394,83060.875,292.04956,0.0075658993,-0.25453663,0.37084866
Kabale,1998-11-01,-1.242,29.9856,-1.0,30.000000000000014,287.04395,-0.0034313928,0001,17455.652201526806,0.9086567073077686,19.0,0.0,1.0,0.018662353318175562,1.0000305189751728,0.0006054789,0.00011061132,292.59692,293.17334,293.19702,293.30664,293.5193,2.000030518975173,0.39720154,0.39909363,0.41601562,0.4048462,82984.94,292.0327,0.002672825,-0.84714985,0.34315968
Kabale,1998-12-01,-1.242,29.9856,-1.0,30.000000000000014,286.3545,-0.0034896666,0001,17455.652201526806,0.9086567073077686,19.0,0.0,1.0,0.018662353318175562,1.0000305189751728,0.00038851053,0.00013436377,292.19507,292.8457,292.89673,293.05908,293.3667,2.000030518975173,0.38519287,0.3744049,0.375,0.4015808,83002.19,291.73096,0.0028617939,-0.4916029,0.01795578
Kabale,1999-01-01,-1.242,29.9856,-1.0,30.000000000000014,286.96704,-0.0034359759,0001,17455.652201526806,0.9086567073077686,19.0,0.0,1.0,0.018662353318175562,1.0000305189751728,0.0007946417,0.00020951033,291.9336,292.5901,292.63013,292.8037,293.1714,2.000030518975173,0.4151001,0.4139099,0.39276123,0.39801025,82914.69,291.3899,0.0055183214,-0.3237791,0.10047054
Kabale,1999-02-01,-1.242,29.9856,-1.0,30.000000000000014,285.06494,-0.0035516517,0001,17455.652201526806,0.9086567073077686,19.0,0.0,1.0,0.018662353318175562,1.0000305189751728,0.0003342852,6.189942e-05,293.4121,293.89575,293.77002,293.39307,293.09082,2.000030518975173,0.3316803,0.33818054,0.37828064,0.39790344,82902.31,293.22876,0.0017394967,-0.70155716,0.21891117
Kabale,1999-03-01,-1.242,29.9856,-1.0,30.000000000000014,287.66577,-0.003451054,0001,17455.652201526806,0.9086567073077686,19.0,0.0,1.0,0.018662353318175562,1.0000305189751728,0.0008376986,0.00025339425,292.5681,293.21704,293.2317,293.29297,293.23047,2.000030518975173,0.42749023,0.42323303,0.3986969,0.3965454,82863.56,291.8506,0.0073583117,-0.24363232,0.22437
Kabale,1999-04-01,-1.242,29.9856,-1.0,30.000000000000014,287.74634,-0.00351593,0001,17455.652201526806,0.9086567073077686,19.0,0.0,1.0,0.018662353318175562,1.0000305189751728,0.0013316721,0.0002014637,292.43774,293.0879,293.13965,293.2578,293.25903,2.000030518975173,0.4206543,0.42808533,0.42752075,0.40927124,83019.19,291.927,0.0053138197,-0.9790554,1.0357628
Kabale,1999-05-01,-1.242,29.9856,-1.0,30.000000000000014,286.42896,-0.003331801,0001,17455.652201526806,0.9086567073077686,19.0,0.0,1.0,0.018662353318175562,1.0000305189751728,0.0008953586,9.3728304e-05,291.83887,292.3894,292.43652,292.62134,293.08374,2.000030518975173,0.38848877,0.40138245,0.41340637,0.41149902,83073.625,291.72754,0.0020520317,-1.0557919,1.2566614
Kabale,1999-06-01,-1.242,29.9856,-1.0,30.000000000000014,283.6167,-0.002546873,0001,17455.652201526806,0.9086567073077686,19.0,0.0,1.0,0.018662353318175562,1.0000305189751728,0.00052933395,1.2278557e-05,292.7705,293.2002,293.1228,292.95117,292.91992,2.000030518975173,0.24186707,0.29000854,0.3522644,0.40419006,83094.31,292.55127,0.00020075182,-1.0467043,1.271532
Kabale,1999-07-01,-1.242,29.9856,-1.0,30.000000000000014,282.1482,-0.0015542815,0001,17455.652201526806,0.9086567073077686,19.0,0.0,1.0,0.018662353318175562,1.0000305189751728,0.0003078282,8.299947e-06,293.31445,293.7246,293.59766,293.3457,293.03223,2.000030518975173,0.19810486,0.240448,0.30680847,0.39286804,83142.0,292.61523,0.00021292077,-0.90305805,1.0893078
Kabale,1999-08-01,-1.242,29.9856,-1.0,30.000000000000014,285.89648,-0.0025260122,0001,17455.652201526806,0.9086567073077686,19.0,0.0,1.0,0.018662353318175562,1.0000305189751728,0.00052435696,0.00016129017,292.41113,293.03076,293.1223,293.31274,293.22388,2.000030518975173,0.3506317,0.3126068,0.28915405,0.38282776,83129.25,291.60083,0.005204709,-0.6379757,0.70992374
Kabale,1999-09-01,-1.242,29.9856,-1.0,30.000000000000014,285.9756,-0.0032516485,0001,17455.652201526806,0.9086567073077686,19.0,0.0,1.0,0.018662353318175562,1.0000305189751728,0.00044258684,0.00013276935,292.4331,293.0298,293.0232,293.00806,293.13525,2.000030518975173,0.39437866,0.38490295,0.3352661,0.37628174,82995.56,291.80566,0.0038307167,-0.7279129,0.6796541
Kabale,1999-10-01,-1.242,29.9856,-1.0,30.000000000000014,286.73608,-0.0035006814,0001,17455.652201526806,0.9086567073077686,19.0,0.0,1.0,0.018662353318175562,1.0000305189751728,0.00065751374,0.00018513203,292.3684,292.9944,292.99097,293.0144,293.0918,2.000030518975173,0.4171753,0.4198761,0.39489746,0.3777771,83005.75,291.73853,0.005536243,-0.34924984,0.28227615
Kabale,1999-11-01,-1.242,29.9856,-1.0,30.000000000000014,287.33057,-0.0030417414,0001,17455.652201526806,0.9086567073077686,19.0,0.0,1.0,0.018662353318175562,1.0000305189751728,0.0012051687,0.00022284687,291.70483,292.38452,292.5005,292.81592,293.0586,2.000030518975173,0.42089844,0.4262085,0.40483093,0.38301086,82981.81,291.136,0.0063405875,-0.6035433,0.35629654
Kabale,1999-12-01,-1.242,29.9856,-1.0,30.000000000000014,287.30762,-0.003342376,0001,17455.652201526806,0.9086567073077686,19.0,0.0,1.0,0.018662353318175562,1.0000305189751728,0.0010623485,0.00021906197,291.6892,292.32227,292.34058,292.44946,292.8152,2.000030518975173,0.42781067,0.4335785,0.43475342,0.39988708,82983.94,291.05737,0.005308494,-0.6283159,0.3945999
Kabale,2000-01-01,-1.242,29.9856,-1.0,30.000000000000014,286.30176,-0.0036819763,0001,17455.652201526806,0.9086567073077686,19.0,0.0,1.0,0.018662353318175562,1.0000305189751728,0.00084791705,0.00012414157,292.10718,292.66943,292.62183,292.55566,292.6714,2.000030518975173,0.4022827,0.40563965,0.41452026,0.4079895,82874.69,291.70093,0.0025198008,-0.23291111,0.0058937073
Kabale,2000-02-01,-1.242,29.9856,-1.0,30.000000000000014,286.0161,-0.0036451127,0001,17455.652201526806,0.9086567073077686,19.0,0.0,1.0,0.018662353318175562,1.0000305189751728,0.000701461,0.00014615059,292.55176,293.1289,293.06836,292.88135,292.69556,2.000030518975173,0.38464355,0.38034058,0.37239075,0.4022522,82963.75,292.0017,0.003532659,-0.017464638,-0.08064747
Kabale,2000-03-01,-1.242,29.9856,-1.0,30.000000000000014,287.59106,-0.0035208492,0001,17455.652201526806,0.9086567073077686,19.0,0.0,1.0,0.018662353318175562,1.0000305189751728,0.00097253174,0.00018596649,292.76953,293.38086,293.3457,293.24707,292.88843,2.000030518975173,0.41630554,0.4141693,0.37194824,0.39538574,82893.81,291.99976,0.0052748583,-0.31307507,0.367342
Kabale,2000-04-01,-1.242,29.9856,-1.0,30.000000000000014,287.85156,-0.003489037,0001,17455.652201526806,0.9086567073077686,19.0,0.0,1.0,0.018662353318175562,1.0000305189751728,0.0028109998,0.00020031631,292.36963,292.99512,293.0044,293.01538,292.97852,2.000030518975173,0.42588806,0.43389893,0.42236328,0.39804077,82954.56,291.75146,0.008070098,-0.77868557,0.92479706
Kabale,2000-05-01,-1.242,29.9856,-1.0,30.000000000000014,286.92432,-0.0033229943,0001,17455.652201526806,0.9086567073077686,19.0,0.0,1.0,0.018662353318175562,1.0000305189751728,0.00071434677,6.6548586e-05,292.49097,292.98608,292.97144,292.95972,292.98096,2.000030518975173,0.3657074,0.36791992,0.39996338,0.40504456,83062.125,292.30786,0.0015128872,-0.8835373,1.024476
Kabale,2000-06-01,-1.242,29.9856,-1.0,30.000000000000014,284.13208,-0.0025480166,0001,17455.652201526806,0.9086567073077686,19.0,0.0,1.0,0.018662353318175562,1.0000305189751728,0.00045891106,2.8818846e-05,292.32007,292.80347,292.83228,292.90576,292.9607,2.000030518975173,0.26785278,0.29626465,0.34197998,0.3968506,83119.94,292.17773,0.00048117706,-0.91234016,1.1862688
Kabale,2000-07-01,-1.242,29.9856,-1.0,30.000000000000014,282.66504,-0.001799765,0001,17455.652201526806,0.9086567073077686,19.0,0.0,1.0,0.018662353318175562,1.0000305189751728,0.0002732277,1.680851e-05,293.23535,293.63477,293.5122,293.2356,292.97803,2.000030518975173,0.22174072,0.24655151,0.30392456,0.38632202,83050.69,292.53687,0.00032837034,-0.631547,0.9146013
Kabale,2000-08-01,-1.242,29.9856,-1.0,30.000000000000014,284.45703,-0.0021845996,0001,17455.652201526806,0.9086567073077686,19.0,0.0,1.0,0.018662353318175562,1.0000305189751728,0.00017948449,8.140504e-05,293.2517,293.71265,293.63672,293.46484,293.1819,2.000030518975173,0.2906494,0.2638855,0.28179932,0.3762207,83095.69,292.40845,0.0019287721,-0.57494926,0.6695099
Kabale,2000-09-01,-1.242,29.9856,-1.0,30.000000000000014,285.1914,-0.0021165544,0001,17455.652201526806,0.9086567073077686,19.0,0.0,1.0,0.018662353318175562,1.0000305189751728,0.000118896365,5.108118e-05,294.06152,294.5503,294.46387,294.16577,293.4519,2.000030518975173,0.26922607,0.25523376,0.26885986,0.36721802,82979.06,292.8396,0.0014964672,-0.8437395,0.63137054
Kabale,2000-10-01,-1.242,29.9856,-1.0,30.000000000000014,287.0437,-0.003121009,0001,17455.652201526806,0.9086567073077686,19.0,0.0,1.0,0.018662353318175562,1.0000305189751728,0.00077043474,0.00016276538,292.63452,293.2683,293.3064,293.4226,293.57397,2.000030518975173,0.40220642,0.38949585,0.29774475,0.3603363,83022.75,291.8933,0.0067072837,-0.4592991,0.31603527
Kabale,2000-11-01,-1.242,29.9856,-1.0,30.000000000000014,287.55054,-0.003301803,0001,17455.652201526806,0.9086567073077686,19.0,0.0,1.0,0.018662353318175562,1.0000305189751728,0.002213627,0.00021411479,292.13037,292.84302,292.94238,293.22778,293.4934,2.000030518975173,0.43011475,0.4328766,0.39994812,0.36112976,82936.75,291.45605,0.008179672,-0.23114681,0.09994793
Kabale,2000-12-01,-1.242,29.9856,-1.0,30.000000000000014,287.64844,-0.0034090895,0001,17455.652201526806,0.9086567073077686,19.0,0.0,1.0,0.018662353318175562,1.0000305189751728,0.0010483563,0.0002811402,291.8047,292.50708,292.54834,292.71973,293.2212,2.000030518975173,0.4381256,0.44319153,0.43641663,0.38371277,83010.75,291.1057,0.0070891744,-0.22765827,0.05387211
Kabale,2001-01-01,-1.242,29.9856,-1.0,30.000000000000014,286.71558,-0.0034079514,0001,17455.652201526806,0.9086567073077686,19.0,0.0,1.0,0.018662353318175562,1.0000305189751728,0.0011939853,0.00016249716,291.94458,292.5454,292.57373,292.69507,292.98804,2.000030518975173,0.42034912,0.4223175,0.42904663,0.40779114,82994.75,291.35303,0.0036429903,0.51260567,-0.2847891
Kabale,2001-02-01,-1.242,29.9856,-1.0,30.000000000000014,286.74292,-0.0036273627,0001,17455.652201526806,0.9086567073077686,19.0,0.0,1.0,0.018662353318175562,1.0000305189751728,0.0011517182,0.00012879074,292.76733,293.29443,293.2107,293.01636,292.9087,2.000030518975173,0.40296936,0.40473938,0.40144348,0.40567017,82931.69,292.3059,0.0040966873,-0.40061092,0.075445175
Kabale,2001-03-01,-1.242,29.9856,-1.0,30.000000000000014,287.27612,-0.0034863069,0001,17455.652201526806,0.9086567073077686,19.0,0.0,1.0,0.018662353318175562,1.0000305189751728,0.0009155944,0.00016076863,292.72168,293.3274,293.32422,293.28198,293.05542,2.000030518975173,0.41189575,0.4108734,0.391037,0.40045166,82965.25,292.1494,0.004971479,-0.45993614,0.31022263
Kabale,2001-04-01,-1.242,29.9856,-1.0,30.000000000000014,288.0835,-0.0035824021,0001,17455.652201526806,0.9086567073077686,19.0,0.0,1.0,0.018662353318175562,1.0000305189751728,0.0016268194,0.0002002716,292.6067,293.21777,293.20068,293.1687,293.12085,2.000030518975173,0.42092896,0.42814636,0.4293213,0.40644836,82998.375,292.00024,0.0059450185,-0.90241146,0.9509945
Kabale,2001-05-01,-1.242,29.9856,-1.0,30.000000000000014,287.32812,-0.0033473354,0001,17455.652201526806,0.9086567073077686,19.0,0.0,1.0,0.018662353318175562,1.0000305189751728,0.0011389256,0.00013570487,292.14282,292.7517,292.82666,293.00317,293.12573,2.000030518975173,0.40057373,0.40229797,0.41337585,0.40963745,83097.69,291.90405,0.003205142,-0.86154556,1.2128735
Kabale,2001-06-01,-1.242,29.9856,-1.0,30.000000000000014,285.09814,-0.002908701,0001,17455.652201526806,0.9086567073077686,19.0,0.0,1.0,0.018662353318175562,1.0000305189751728,0.0006374568,5.7190657e-05,291.75952,292.25122,292.27856,292.4314,292.90576,2.000030518975173,0.3282318,0.3408661,0.3625183,0.4031372,83154.25,291.61914,0.00086512207,-0.5938349,0.99210644
Kabale,2001-07-01,-1.242,29.9856,-1.0,30.000000000000014,284.771,-0.0025768867,0001,17455.652201526806,0.9086567073077686,19.0,0.0,1.0,0.018662353318175562,1.0000305189751728,0.00046767294,9.88394e-05,292.25146,292.78906,292.7932,292.79785,292.7815,2.000030518975173,0.31600952,0.31799316,0.32389832,0.39285278,83142.625,291.73413,0.0028601538,-0.51709366,0.7991924
Kabale,2001-08-01,-1.242,29.9856,-1.0,30.000000000000014,285.52173,-0.0030316226,0001,17455.652201526806,0.9086567073077686,19.0,0.0,1.0,0.018662353318175562,1.0000305189751728,0.0004357174,0.00010845065,292.65552,293.0874,292.979,292.76465,292.73633,2.000030518975173,0.36846924,0.3759308,0.33779907,0.38478088,83173.19,292.17822,0.0031712337,-0.32414627,0.6997471
Kabale,2001-09-01,-1.242,29.9856,-1.0,30.000000000000014,286.61816,-0.0033454094,0001,17455.652201526806,0.9086567073077686,19.0,0.0,1.0,0.018662353318175562,1.0000305189751728,0.00051006675,0.00018550456,293.0459,293.66284,293.62207,293.4668,292.97046,2.000030518975173,0.39927673,0.38798523,0.3461609,0.37886047,83017.81,292.13452,0.0053703403,-0.42596722,0.4744997
Kabale,2001-10-01,-1.242,29.9856,-1.0,30.000000000000014,287.68115,-0.0033183196,0001,17455.652201526806,0.9086567073077686,19.0,0.0,1.0,0.018662353318175562,1.0000305189751728,0.0016428679,0.00018155575,292.62134,293.23657,293.24658,293.22437,293.10986,2.000030518975173,0.42088318,0.42533875,0.41752625,0.38528442,83039.06,291.79126,0.007675158,-0.30222607,0.32946396
Kabale,2001-11-01,-1.242,29.9856,-1.0,30.000000000000014,287.79077,-0.0032421881,0001,17455.652201526806,0.9086567073077686,19.0,0.0,1.0,0.018662353318175562,1.0000305189751728,0.0027144924,0.00023128092,291.88965,292.55615,292.59766,292.78955,293.0708,2.000030518975173,0.42852783,0.43519592,0.4485321,0.41690063,83040.625,291.15576,0.00720976,-0.4676695,0.36187935
Kabale,2001-12-01,-1.242,29.9856,-1.0,30.000000000000014,287.57593,-0.0034104092,0001,17455.652201526806,0.9086567073077686,19.0,0.0,1.0,0.018662353318175562,1.0000305189751728,0.0023904592,0.00020386279,292.16357,292.7754,292.771,292.78296,292.93042,2.000030518975173,0.41622925,0.41792297,0.42027283,0.42988586,82998.875,291.56177,0.0052674324,-0.53991604,0.19173717
Kabale,2002-01-01,-1.242,29.9856,-1.0,30.000000000000014,287.5669,-0.0033384776,0001,17455.652201526806,0.9086567073077686,19.0,0.0,1.0,0.018662353318175562,1.0000305189751728,0.0013872683,0.00020085275,292.12158,292.7273,292.74927,292.80493,292.8811,2.000030518975173,0.4243164,0.42582703,0.41452026,0.42555237,83030.625,291.4629,0.0044059595,0.026889801,-0.020874977
Kabale,2002-02-01,-1.242,29.9856,-1.0,30.000000000000014,286.77246,-0.0035117203,0001,17455.652201526806,0.9086567073077686,19.0,0.0,1.0,0.018662353318175562,1.0000305189751728,0.000856705,0.000108510256,293.094,293.58008,293.48853,293.2251,292.92236,2.000030518975173,0.37924194,0.37739563,0.3786621,0.41879272,83012.125,292.8496,0.0028609796,-0.43888474,0.2525816
Kabale,2002-03-01,-1.242,29.9856,-1.0,30.000000000000014,288.29785,-0.003637853,0001,17455.652201526806,0.9086567073077686,19.0,0.0,1.0,0.018662353318175562,1.0000305189751728,0.0023471564,0.00025506318,293.0293,293.63916,293.5752,293.44092,293.11768,2.000030518975173,0.43341064,0.4392395,0.43243408,0.41993713,82961.625,292.2163,0.008945919,-0.3660469,0.35360622
Kabale,2002-04-01,-1.242,29.9856,-1.0,30.000000000000014,288.38086,-0.003484713,0001,17455.652201526806,0.9086567073077686,19.0,0.0,1.0,0.018662353318175562,1.0000305189751728,0.0022718683,0.00021624565,292.52808,293.18774,293.23096,293.29834,293.26,2.000030518975173,0.42427063,0.43026733,0.4365692,0.4312744,82908.125,291.9768,0.005934547,-0.8476391,1.0423269
Kabale,2002-05-01,-1.242,29.9856,-1.0,30.000000000000014,287.70557,-0.0033282219,0001,17455.652201526806,0.9086567073077686,19.0,0.0,1.0,0.018662353318175562,1.0000305189751728,0.0061592907,0.00017979741,292.60962,293.15527,293.13672,293.13257,293.20386,2.000030518975173,0.39151,0.4036255,0.42181396,0.45181274,83098.31,292.12378,0.007335645,-0.7153683,0.9106016
Kabale,2002-06-01,-1.242,29.9856,-1.0,30.000000000000014,283.81665,-0.002389105,0001,17455.652201526806,0.9086567073077686,19.0,0.0,1.0,0.018662353318175562,1.0000305189751728,0.0012906864,1.8209219e-05,293.18408,293.62012,293.54517,293.36865,293.2202,2.000030518975173,0.23634338,0.2778473,0.32687378,0.43493652,83166.81,292.86108,0.00044183925,-0.7475586,1.0244951
Kabale,2002-07-01,-1.242,29.9856,-1.0,30.000000000000014,282.37988,-0.0015896149,0001,17455.652201526806,0.9086567073077686,19.0,0.0,1.0,0.018662353318175562,1.0000305189751728,0.0005183965,6.7949295e-06,294.2063,294.61816,294.43848,293.9973,293.41357,2.000030518975173,0.20365906,0.23596191,0.29237366,0.4153595,83186.81,293.42358,0.00011801095,-1.0064812,1.0612803
Kabale,2002-08-01,-1.242,29.9856,-1.0,30.000000000000014,283.8623,-0.0014186706,0001,17455.652201526806,0.9086567073077686,19.0,0.0,1.0,0.018662353318175562,1.0000305189751728,0.00026946515,2.3901463e-05,294.44507,294.86646,294.7085,294.32886,293.74927,2.000030518975173,0.20904541,0.21923828,0.27398682,0.39970398,83137.125,293.14526,0.000464831,-0.97777367,0.96255684
Kabale,2002-09-01,-1.242,29.9856,-1.0,30.000000000000014,285.1477,-0.0018369546,0001,17455.652201526806,0.9086567073077686,19.0,0.0,1.0,0.018662353318175562,1.0000305189751728,0.00016331673,4.900992e-05,294.37598,294.89917,294.84204,294.67407,294.12354,2.000030518975173,0.25013733,0.22776794,0.26228333,0.38679504,83074.875,293.06665,0.0011851968,-1.1484852,0.78630733
Kabale,2002-10-01,-1.242,29.9856,-1.0,30.000000000000014,287.2378,-0.0027729077,0001,17455.652201526806,0.9086567073077686,19.0,0.0,1.0,0.018662353318175562,1.0000305189751728,0.00027669966,0.00015538931,292.79663,293.5376,293.69385,294.07812,294.22925,2.000030518975173,0.37719727,0.32824707,0.26086426,0.37661743,82986.94,291.9231,0.0050580483,-0.61759377,0.45931625
Kabale,2002-11-01,-1.242,29.9856,-1.0,30.000000000000014,287.60547,-0.0033453293,0001,17455.652201526806,0.9086567073077686,19.0,0.0,1.0,0.018662353318175562,1.0000305189751728,0.0019675046,0.00023697317,292.15283,292.8733,292.9375,293.18262,293.90283,2.000030518975173,0.43112183,0.43148804,0.35594177,0.37139893,83042.75,291.32422,0.008319247,-0.40092373,0.27059746
Kabale,2002-12-01,-1.242,29.9856,-1.0,30.000000000000014,287.7246,-0.0033226917,0001,17455.652201526806,0.9086567073077686,19.0,0.0,1.0,0.018662353318175562,1.0000305189751728,0.0004942715,0.00019155443,292.17554,292.82764,292.89136,293.11157,293.59033,2.000030518975173,0.4259491,0.42962646,0.4209137,0.38246155,83087.31,291.58813,0.0048610093,-0.13412571,0.1328125
Kabale,2003-01-01,-1.242,29.9856,-1.0,30.000000000000014,286.7788,-0.0037440285,0001,17455.652201526806,0.9086567073077686,19.0,0.0,1.0,0.018662353318175562,1.0000305189751728,0.00055490434,0.00017696619,292.8474,293.43774,293.4099,293.3767,293.42334,2.000030518975173,0.41459656,0.4172821,0.41107178,0.39335632,83082.69,292.44946,0.0044115596,-0.2371149,-0.08769703
Kabale,2003-02-01,-1.242,29.9856,-1.0,30.000000000000014,285.83374,-0.0036318684,0001,17455.652201526806,0.9086567073077686,19.0,0.0,1.0,0.018662353318175562,1.0000305189751728,0.00036787987,9.056926e-05,294.16577,294.62744,294.49756,294.08936,293.54224,2.000030518975173,0.35157776,0.3605194,0.3841095,0.39382935,82978.75,293.89136,0.0024648379,-0.26706028,-0.063355446
Kabale,2003-03-01,-1.242,29.9856,-1.0,30.000000000000014,287.1985,-0.0036132215,0001,17455.652201526806,0.9086567073077686,19.0,0.0,1.0,0.018662353318175562,1.0000305189751728,0.00053133816,0.00017425418,293.59814,294.21948,294.21606,294.20728,293.8452,2.000030518975173,0.3983612,0.39698792,0.3635254,0.38848877,82942.06,293.0608,0.00485673,-0.4596672,0.26713753
Kabale,2003-04-01,-1.242,29.9856,-1.0,30.000000000000014,287.95752,-0.0035065818,0001,17455.652201526806,0.9086567073077686,19.0,0.0,1.0,0.018662353318175562,1.0000305189751728,0.00093925,0.00020627677,293.1294,293.75146,293.7744,293.84253,293.91797,2.000030518975173,0.4104309,0.41220093,0.39271545,0.38754272,82995.5,292.57227,0.0057598758,-0.6589298,0.7545376
Kabale,2003-05-01,-1.242,29.9856,-1.0,30.000000000000014,288.0459,-0.0034326045,0001,17455.652201526806,0.9086567073077686,19.0,0.0,1.0,0.018662353318175562,1.0000305189751728,0.0037006885,0.00019019842,292.62598,293.2517,293.30933,293.46118,293.77002,2.000030518975173,0.4043579,0.41264343,0.4396057,0.4193573,83117.44,292.1814,0.007459499,-0.93736935,1.1197586
Kabale,2003-06-01,-1.242,29.9856,-1.0,30.000000000000014,285.01733,-0.0026562149,0001,17455.652201526806,0.9086567073077686,19.0,0.0,1.0,0.018662353318175562,1.0000305189751728,0.0010054708,2.321601e-05,292.46973,292.96655,293.03198,293.24292,293.58154,2.000030518975173,0.27212524,0.3084259,0.36158752,0.41729736,83103.31,292.34375,0.0003698218,-0.8316307,1.2050419
Kabale,2003-07-01,-1.242,29.9856,-1.0,30.000000000000014,283.03833,-0.0019846708,0001,17455.652201526806,0.9086567073077686,19.0,0.0,1.0,0.018662353318175562,1.0000305189751728,0.00047194958,1.5184283e-05,292.98486,293.4016,293.30078,293.1494,293.375,2.000030518975173,0.23231506,0.2529297,0.31407166,0.40353394,83184.06,292.62036,0.0005080292,-0.71803284,1.0425854
Kabale,2003-08-01,-1.242,29.9856,-1.0,30.000000000000014,284.6045,-0.0024631787,0001,17455.652201526806,0.9086567073077686,19.0,0.0,1.0,0.018662353318175562,1.0000305189751728,0.0004429072,0.000116854906,293.99316,294.5481,294.46973,294.22266,293.5652,2.000030518975173,0.31744385,0.30030823,0.29252625,0.39085388,83123.125,293.10132,0.004014711,-0.34934235,0.53048897
Kabale,2003-09-01,-1.242,29.9856,-1.0,30.000000000000014,286.79004,-0.0031272154,0001,17455.652201526806,0.9086567073077686,19.0,0.0,1.0,0.018662353318175562,1.0000305189751728,0.0003270954,0.00010433793,292.99927,293.55713,293.55786,293.58594,293.688,2.000030518975173,0.3901062,0.38883972,0.32873535,0.38302612,83101.75,292.22632,0.0031045957,-0.7171612,0.5802984
Kabale,2003-10-01,-1.242,29.9856,-1.0,30.000000000000014,287.07983,-0.0034249192,0001,17455.652201526806,0.9086567073077686,19.0,0.0,1.0,0.018662353318175562,1.0000305189751728,0.00080729276,0.00014553964,293.37183,293.96338,293.96558,293.92993,293.73193,2.000030518975173,0.39570618,0.39004517,0.35440063,0.3776245,82990.69,292.7776,0.0052160094,-0.80328655,0.5264816
Kabale,2003-11-01,-1.242,29.9856,-1.0,30.000000000000014,287.74194,-0.0032405234,0001,17455.652201526806,0.9086567073077686,19.0,0.0,1.0,0.018662353318175562,1.0000305189751728,0.0009823292,0.00018776953,292.23242,292.91284,292.99683,293.25024,293.6538,2.000030518975173,0.42318726,0.42922974,0.3929901,0.37606812,82972.0,291.65527,0.0061154854,-0.61248016,0.40999413
Kabale,2003-12-01,-1.242,29.9856,-1.0,30.000000000000014,286.60107,-0.0036078412,0001,17455.652201526806,0.9086567073077686,19.0,0.0,1.0,0.018662353318175562,1.0000305189751728,0.000871636,0.00018031895,292.46313,293.05127,293.02124,293.0498,293.40283,2.000030518975173,0.40740967,0.41879272,0.42843628,0.3925476,83018.69,292.15063,0.004531304,-0.39269638,0.045087814
Kabale,2004-01-01,-1.242,29.9856,-1.0,30.000000000000014,287.35474,-0.0036225086,0001,17455.652201526806,0.9086567073077686,19.0,0.0,1.0,0.018662353318175562,1.0000305189751728,0.0005308315,0.00017130375,293.16553,293.74268,293.71313,293.59937,293.39136,2.000030518975173,0.39549255,0.3824005,0.38500977,0.39593506,82943.25,292.8523,0.0037703402,-0.2516098,0.06550503
Kabale,2004-02-01,-1.242,29.9856,-1.0,30.000000000000014,286.4746,-0.003464668,0001,17455.652201526806,0.9086567073077686,19.0,0.0,1.0,0.018662353318175562,1.0000305189751728,0.0005971715,0.00013327599,293.89087,294.39087,294.30054,294.0559,293.58252,2.000030518975173,0.36505127,0.36920166,0.36479187,0.3904724,83011.19,293.37622,0.004140904,-0.17489147,0.020484924
Kabale,2004-03-01,-1.242,29.9856,-1.0,30.000000000000014,287.80127,-0.003639819,0001,17455.652201526806,0.9086567073077686,19.0,0.0,1.0,0.018662353318175562,1.0000305189751728,0.0006975904,0.00015379488,293.8423,294.3684,294.3098,294.11572,293.80493,2.000030518975173,0.41281128,0.41229248,0.38278198,0.38598633,82962.625,293.27466,0.004798972,-0.5445833,0.46898174
Kabale,2004-04-01,-1.242,29.9856,-1.0,30.000000000000014,288.43408,-0.0033734124,0001,17455.652201526806,0.9086567073077686,19.0,0.0,1.0,0.018662353318175562,1.0000305189751728,0.0011387691,0.00022123754,292.58643,293.25977,293.344,293.62573,293.86133,2.000030518975173,0.43177795,0.43670654,0.43089294,0.396286,83009.375,292.04004,0.0059265876,-0.68376637,0.8547287
Kabale,2004-05-01,-1.242,29.9856,-1.0,30.000000000000014,286.52612,-0.003467571,0001,17455.652201526806,0.9086567073077686,19.0,0.0,1.0,0.018662353318175562,1.0000305189751728,0.0013566539,0.000119134784,292.94556,293.49976,293.54077,293.61304,293.7202,2.000030518975173,0.3726654,0.39175415,0.42118835,0.40847778,83112.625,292.71094,0.0030954678,-0.7716389,1.079463
Kabale,2004-06-01,-1.242,29.9856,-1.0,30.000000000000014,283.35132,-0.002506961,0001,17455.652201526806,0.9086567073077686,19.0,0.0,1.0,0.018662353318175562,1.0000305189751728,0.0006118864,2.8848648e-05,292.89136,293.33984,293.3662,293.4319,293.60864,2.000030518975173,0.25297546,0.2875061,0.35043335,0.40185547,83248.44,292.8401,0.00039779136,-1.1040545,1.3897457
Kabale,2004-07-01,-1.242,29.9856,-1.0,30.000000000000014,281.72046,-0.0018718075,0001,17455.652201526806,0.9086567073077686,19.0,0.0,1.0,0.018662353318175562,1.0000305189751728,0.00034072995,4.5374036e-05,293.5503,294.01953,293.90356,293.69092,293.573,2.000030518975173,0.2264862,0.24578857,0.30638123,0.3901825,83110.56,293.08594,0.0012954418,-0.6953268,0.9806986
Kabale,2004-08-01,-1.242,29.9856,-1.0,30.000000000000014,285.62402,-0.0031044213,0001,17455.652201526806,0.9086567073077686,19.0,0.0,1.0,0.018662353318175562,1.0000305189751728,0.00037163496,0.00013515353,293.3047,293.8291,293.80322,293.75854,293.6704,2.000030518975173,0.39074707,0.37113953,0.3152771,0.38098145,83154.56,292.74365,0.004228719,-0.5216541,0.5910568
Kabale,2004-09-01,-1.242,29.9856,-1.0,30.000000000000014,286.49097,-0.0032380996,0001,17455.652201526806,0.9086567073077686,19.0,0.0,1.0,0.018662353318175562,1.0000305189751728,0.00071054697,0.00016255677,292.88086,293.5381,293.6062,293.71802,293.71143,2.000030518975173,0.4011383,0.39761353,0.35499573,0.37571716,83039.56,292.15356,0.005716743,-0.5113239,0.5492687
Kabale,2004-10-01,-1.242,29.9856,-1.0,30.000000000000014,287.15015,-0.0032367157,0001,17455.652201526806,0.9086567073077686,19.0,0.0,1.0,0.018662353318175562,1.0000305189751728,0.00074409693,0.00013761222,292.36914,293.00195,293.06445,293.2881,293.61157,2.000030518975173,0.41534424,0.4176941,0.38882446,0.37483215,83025.125,291.86743,0.004972201,-0.7386303,0.5469637
Kabale,2004-11-01,-1.242,29.9856,-1.0,30.000000000000014,287.6233,-0.0032600705,0001,17455.652201526806,0.9086567073077686,19.0,0.0,1.0,0.018662353318175562,1.0000305189751728,0.0010293424,0.0001938343,292.1587,292.7837,292.81104,292.9453,293.36523,2.000030518975173,0.43266296,0.43736267,0.4227295,0.38380432,83008.75,291.5232,0.0056028455,-0.4569416,0.27886295
Kabale,2004-12-01,-1.242,29.9856,-1.0,30.000000000000014,287.7351,-0.003563649,0001,17455.652201526806,0.9086567073077686,19.0,0.0,1.0,0.018662353318175562,1.0000305189751728,0.0010082498,0.00024995208,292.57568,293.2002,293.1853,293.1516,293.23193,2.000030518975173,0.43814087,0.43875122,0.43269348,0.39968872,82971.25,292.0647,0.0055205408,-0.3948555,0.035074234
Kabale,2005-01-01,-1.242,29.9856,-1.0,30.000000000000014,286.4602,-0.0036317166,0001,17455.652201526806,0.9086567073077686,19.0,0.0,1.0,0.018662353318175562,1.0000305189751728,0.0010247678,0.00015453994,293.1631,293.68384,293.62866,293.51562,293.2832,2.000030518975173,0.39663696,0.39471436,0.40325928,0.40582275,83000.69,293.01074,0.0031749934,-0.24763012,-0.010914803
Kabale,2005-02-01,-1.242,29.9856,-1.0,30.000000000000014,285.82935,-0.0036566155,0001,17455.652201526806,0.9086567073077686,19.0,0.0,1.0,0.018662353318175562,1.0000305189751728,0.0008333102,9.264052e-05,294.85474,295.23462,294.99585,294.26953,293.5105,2.000030518975173,0.3547058,0.36923218,0.37042236,0.3992157,82920.625,294.63745,0.0028972055,-0.8203888,0.2586546
Kabale,2005-03-01,-1.242,29.9856,-1.0,30.000000000000014,287.85034,-0.003615952,0001,17455.652201526806,0.9086567073077686,19.0,0.0,1.0,0.018662353318175562,1.0000305189751728,0.0008195117,0.00018160045,293.75513,294.3711,294.3789,294.43555,293.96313,2.000030518975173,0.415802,0.41384888,0.36750793,0.39187622,83017.125,293.16113,0.005288981,-0.5596056,0.3929491
Kabale,2005-04-01,-1.242,29.9856,-1.0,30.000000000000014,288.35498,-0.0037615132,0001,17455.652201526806,0.9086567073077686,19.0,0.0,1.0,0.018662353318175562,1.0000305189751728,0.0009370148,0.0001693666,293.8213,294.4121,294.38843,294.31226,294.1128,2.000030518975173,0.40859985,0.4135437,0.40745544,0.39183044,82998.875,293.26367,0.005275767,-0.87833977,0.9553604
Kabale,2005-05-01,-1.242,29.9856,-1.0,30.000000000000014,288.15942,-0.0034477282,0001,17455.652201526806,0.9086567073077686,19.0,0.0,1.0,0.018662353318175562,1.0000305189751728,0.0019635186,0.0002539903,292.54614,293.26,293.37866,293.71704,294.07568,2.000030518975173,0.4308014,0.4343872,0.4311676,0.4033661,83102.94,292.03345,0.0070466073,-0.6409807,0.81031704
Kabale,2005-06-01,-1.242,29.9856,-1.0,30.000000000000014,286.39624,-0.0032068817,0001,17455.652201526806,0.9086567073077686,19.0,0.0,1.0,0.018662353318175562,1.0000305189751728,0.0009673536,8.845329e-05,292.1687,292.7202,292.8191,293.12695,293.76123,2.000030518975173,0.3882904,0.39614868,0.408432,0.40577698,83131.31,292.18213,0.0018343017,-0.7876463,1.0009365
Kabale,2005-07-01,-1.242,29.9856,-1.0,30.000000000000014,283.563,-0.0026622294,0001,17455.652201526806,0.9086567073077686,19.0,0.0,1.0,0.018662353318175562,1.0000305189751728,0.0005770549,4.425645e-05,292.6792,293.12598,293.09717,293.06714,293.41602,2.000030518975173,0.28834534,0.30441284,0.35202026,0.39839172,83211.06,292.63916,0.0013242646,-0.73297215,1.0897818
Kabale,2005-08-01,-1.242,29.9856,-1.0,30.000000000000014,286.08545,-0.0031496529,0001,17455.652201526806,0.9086567073077686,19.0,0.0,1.0,0.018662353318175562,1.0000305189751728,0.00092738867,0.00014732778,293.20435,293.76025,293.75244,293.69385,293.44263,2.000030518975173,0.3918457,0.3782196,0.34970093,0.38935852,83108.375,292.59302,0.00530525,-0.5490961,0.6168518
Kabale,2005-09-01,-1.242,29.9856,-1.0,30.000000000000014,287.27368,-0.0033392524,0001,17455.652201526806,0.9086567073077686,19.0,0.0,1.0,0.018662353318175562,1.0000305189751728,0.0015861243,0.00018191338,293.14478,293.6958,293.64746,293.56616,293.5149,2.000030518975173,0.41264343,0.41975403,0.41674805,0.39219666,83076.5,292.46924,0.00694522,-0.45378494,0.36566734
Kabale,2005-10-01,-1.242,29.9856,-1.0,30.000000000000014,287.19165,-0.0033839848,0001,17455.652201526806,0.9086567073077686,19.0,0.0,1.0,0.018662353318175562,1.0000305189751728,0.0015002787,0.00019726157,292.52173,293.18433,293.23633,293.3872,293.51367,2.000030518975173,0.42227173,0.42687988,0.42648315,0.40454102,83040.81,291.90015,0.0062270765,-0.47651482,0.38456059
Kabale,2005-11-01,-1.242,29.9856,-1.0,30.000000000000014,287.49048,-0.0034224326,0001,17455.652201526806,0.9086567073077686,19.0,0.0,1.0,0.018662353318175562,1.0000305189751728,0.0015236661,0.00018008053,292.46362,293.10254,293.12427,293.20215,293.40283,2.000030518975173,0.42819214,0.43206787,0.43267822,0.4154358,82978.56,291.85938,0.004700767,-0.5964279,0.2930174
Kabale,2005-12-01,-1.242,29.9856,-1.0,30.000000000000014,286.48828,-0.0035126796,0001,17455.652201526806,0.9086567073077686,19.0,0.0,1.0,0.018662353318175562,1.0000305189751728,0.0011622161,0.0001218766,292.6067,293.15283,293.13257,293.1223,293.27368,2.000030518975173,0.39744568,0.40145874,0.4080963,0.41423035,82898.31,292.40137,0.002898688,-0.4678421,0.046427727
Kabale,2006-01-01,-1.242,29.9856,-1.0,30.000000000000014,286.64893,-0.0037137792,0001,17455.652201526806,0.9086567073077686,19.0,0.0,1.0,0.018662353318175562,1.0000305189751728,0.000958316,0.00018399954,292.77075,293.36206,293.3252,293.2505,293.25342,2.000030518975173,0.3977356,0.39390564,0.3817749,0.40705872,82916.25,292.55737,0.0045568147,-0.4209547,0.1323967
Kabale,2006-02-01,-1.242,29.9856,-1.0,30.000000000000014,286.96826,-0.0035656625,0001,17455.652201526806,0.9086567073077686,19.0,0.0,1.0,0.018662353318175562,1.0000305189751728,0.0006920397,0.00016671419,293.52246,294.08276,294.03247,293.8584,293.39624,2.000030518975173,0.3921814,0.3880005,0.37257385,0.4005432,82917.125,293.0996,0.004694133,-0.328084,0.0845747
Kabale,2006-03-01,-1.242,29.9856,-1.0,30.000000000000014,287.56494,-0.0037161028,0001,17455.652201526806,0.9086567073077686,19.0,0.0,1.0,0.018662353318175562,1.0000305189751728,0.0009790882,0.00020705163,293.23535,293.84473,293.80737,293.73193,293.56055,2.000030518975173,0.4290161,0.43206787,0.4094391,0.39834595,82980.0,292.57153,0.005652274,-0.2144022,0.30810547
Kabale,2006-04-01,-1.242,29.9856,-1.0,30.000000000000014,288.18945,-0.0035058064,0001,17455.652201526806,0.9086567073077686,19.0,0.0,1.0,0.018662353318175562,1.0000305189751728,0.0030001625,0.0002426058,292.51904,293.19727,293.2456,293.42188,293.58472,2.000030518975173,0.4334259,0.43962097,0.4464264,0.42152405,82983.81,291.97192,0.007981412,-0.784462,0.8890867
Kabale,2006-05-01,-1.242,29.9856,-1.0,30.000000000000014,288.15967,-0.0032718582,0001,17455.652201526806,0.9086567073077686,19.0,0.0,1.0,0.018662353318175562,1.0000305189751728,0.006101571,0.00024227798,292.12524,292.79785,292.89136,293.10596,293.4292,2.000030518975173,0.43034363,0.43154907,0.4329834,0.43952942,83109.31,291.63428,0.009426447,-0.63082314,0.8556061
Kabale,2006-06-01,-1.242,29.9856,-1.0,30.000000000000014,284.59497,-0.0028287824,0001,17455.652201526806,0.9086567073077686,19.0,0.0,1.0,0.018662353318175562,1.0000305189751728,0.0016898364,2.270937e-05,292.42432,292.85742,292.8274,292.8479,293.18555,2.000030518975173,0.2872467,0.32092285,0.3547821,0.4343109,83147.44,292.42676,0.00036053587,-0.838377,1.3607063
Kabale,2006-07-01,-1.242,29.9856,-1.0,30.000000000000014,284.6648,-0.002407669,0001,17455.652201526806,0.9086567073077686,19.0,0.0,1.0,0.018662353318175562,1.0000305189751728,0.00068080425,7.349253e-05,293.06274,293.5188,293.50098,293.45093,293.20605,2.000030518975173,0.29873657,0.2925415,0.3105774,0.41589355,83180.19,292.75122,0.0021689534,-0.66979694,0.96710587
Kabale,2006-08-01,-1.242,29.9856,-1.0,30.000000000000014,285.80225,-0.0030529248,0001,17455.652201526806,0.9086567073077686,19.0,0.0,1.0,0.018662353318175562,1.0000305189751728,0.0005715117,0.00012777746,292.6206,293.1223,293.0725,292.98853,293.15894,2.000030518975173,0.375,0.3788147,0.33972168,0.404068,83105.81,292.21338,0.0042008767,-0.4942627,0.7171383
Kabale,2006-09-01,-1.242,29.9856,-1.0,30.000000000000014,285.94556,-0.0030682916,0001,17455.652201526806,0.9086567073077686,19.0,0.0,1.0,0.018662353318175562,1.0000305189751728,0.00047199428,0.0001103878,293.04834,293.6167,293.60376,293.54175,293.24463,2.000030518975173,0.3656006,0.36123657,0.3307495,0.3955841,83086.625,292.43115,0.0033847108,-0.7563505,0.73793316
Kabale,2006-10-01,-1.242,29.9856,-1.0,30.000000000000014,286.91113,-0.0033991076,0001,17455.652201526806,0.9086567073077686,19.0,0.0,1.0,0.018662353318175562,1.0000305189751728,0.00045986474,0.00012475252,292.98535,293.531,293.49976,293.4336,293.3413,2.000030518975173,0.39692688,0.3922119,0.34535217,0.38879395,83031.125,292.5581,0.003897991,-0.83720684,0.60027885
Kabale,2006-11-01,-1.242,29.9856,-1.0,30.000000000000014,287.93677,-0.0031228103,0001,17455.652201526806,0.9086567073077686,19.0,0.0,1.0,0.018662353318175562,1.0000305189751728,0.0015125126,0.00025074184,291.79932,292.5298,292.64307,292.96436,293.30542,2.000030518975173,0.4340973,0.44232178,0.40953064,0.3889618,82989.75,291.09644,0.00867471,-0.22716427,0.2167635
Kabale,2006-12-01,-1.242,29.9856,-1.0,30.000000000000014,287.99194,-0.0033560153,0001,17455.652201526806,0.9086567073077686,19.0,0.0,1.0,0.018662353318175562,1.0000305189751728,0.0022169352,0.00026470423,292.26733,292.8872,292.88403,292.8723,293.07935,2.000030518975173,0.4282074,0.43327332,0.4492798,0.42767334,83085.25,291.49634,0.006594901,0.22325325,-0.17387676
Kabale,2007-01-01,-1.242,29.9856,-1.0,30.000000000000014,287.7539,-0.0034979274,0001,17455.652201526806,0.9086567073077686,19.0,0.0,1.0,0.018662353318175562,1.0000305189751728,0.001958169,0.00020991266,292.61865,293.17114,293.11792,293.02563,293.0266,2.000030518975173,0.42662048,0.4253235,0.40834045,0.43577576,83100.06,292.04004,0.0050683264,0.087340355,-0.11845112
Kabale,2007-02-01,-1.242,29.9856,-1.0,30.000000000000014,287.54004,-0.0035747765,0001,17455.652201526806,0.9086567073077686,19.0,0.0,1.0,0.018662353318175562,1.0000305189751728,0.0016009659,0.00015376508,293.25806,293.76538,293.68164,293.46265,293.13403,2.000030518975173,0.4086609,0.41351318,0.42459106,0.4308014,83001.125,292.64893,0.004037715,0.0066947937,-0.049835205
Kabale,2007-03-01,-1.242,29.9856,-1.0,30.000000000000014,287.06006,-0.0037031826,0001,17455.652201526806,0.9086567073077686,19.0,0.0,1.0,0.018662353318175562,1.0000305189751728,0.0009509921,0.000119805336,293.49756,294.05005,294.00195,293.84277,293.3833,2.000030518975173,0.39312744,0.3855896,0.37573242,0.42355347,82966.875,293.1067,0.0027892222,-0.930953,0.5235462
Kabale,2007-04-01,-1.242,29.9856,-1.0,30.000000000000014,287.95288,-0.003347606,0001,17455.652201526806,0.9086567073077686,19.0,0.0,1.0,0.018662353318175562,1.0000305189751728,0.0011072233,0.00017111003,293.00708,293.60913,293.6233,293.66748,293.56714,2.000030518975173,0.3985443,0.3985138,0.37231445,0.41383362,82998.125,292.5686,0.00581509,-0.9159012,0.81470203
Kabale,2007-05-01,-1.242,29.9856,-1.0,30.000000000000014,287.458,-0.0034089442,0001,17455.652201526806,0.9086567073077686,19.0,0.0,1.0,0.018662353318175562,1.0000305189751728,0.0005322248,0.00012595952,292.88232,293.4038,293.41333,293.43262,293.5249,2.000030518975173,0.38563538,0.3857727,0.39164734,0.40982056,83072.0,292.66528,0.0021752487,-1.0860796,1.2656193
Kabale,2007-06-01,-1.242,29.9856,-1.0,30.000000000000014,286.27393,-0.003232603,0001,17455.652201526806,0.9086567073077686,19.0,0.0,1.0,0.018662353318175562,1.0000305189751728,0.0006275475,0.00017262995,292.0266,292.614,292.67993,292.9475,293.39062,2.000030518975173,0.3946228,0.39530945,0.38668823,0.40518188,83116.0,292.03027,0.003946674,-0.3885908,0.82274723
Kabale,2007-07-01,-1.242,29.9856,-1.0,30.000000000000014,285.2556,-0.0029408345,0001,17455.652201526806,0.9086567073077686,19.0,0.0,1.0,0.018662353318175562,1.0000305189751728,0.00044494122,0.000107973814,292.4143,292.93286,292.94727,292.98682,293.1704,2.000030518975173,0.35090637,0.35792542,0.36839294,0.4012909,83115.31,292.29834,0.002966035,-0.4894104,0.7716589
Kabale,2007-08-01,-1.242,29.9856,-1.0,30.000000000000014,286.146,-0.0031079315,0001,17455.652201526806,0.9086567073077686,19.0,0.0,1.0,0.018662353318175562,1.0000305189751728,0.000677228,0.00012910366,292.3855,292.8999,292.8877,292.91406,293.083,2.000030518975173,0.4059906,0.4078064,0.3763733,0.39637756,83078.0,291.90576,0.0037795356,-0.5871563,0.7001734
Kabale,2007-09-01,-1.242,29.9856,-1.0,30.000000000000014,286.99072,-0.0033605257,0001,17455.652201526806,0.9086567073077686,19.0,0.0,1.0,0.018662353318175562,1.0000305189751728,0.0017695278,0.00018839538,292.4829,293.08594,293.07666,293.04614,293.03296,2.000030518975173,0.41722107,0.42156982,0.42190552,0.40673828,83084.81,291.87158,0.007660643,-0.40841675,0.5130911
Kabale,2007-10-01,-1.242,29.9856,-1.0,30.000000000000014,287.25415,-0.0033400925,0001,17455.652201526806,0.9086567073077686,19.0,0.0,1.0,0.018662353318175562,1.0000305189751728,0.003425561,0.00017285347,292.08276,292.7495,292.80786,292.96045,293.04565,2.000030518975173,0.4263916,0.43118286,0.43658447,0.42393494,82992.125,291.48633,0.007693238,-0.572628,0.42039108
Kabale,2007-11-01,-1.242,29.9856,-1.0,30.000000000000014,287.66138,-0.003185737,0001,17455.652201526806,0.9086567073077686,19.0,0.0,1.0,0.018662353318175562,1.0000305189751728,0.002097413,0.00018677115,291.89673,292.52368,292.5525,292.6482,292.9082,2.000030518975173,0.42512512,0.43455505,0.43984985,0.42918396,82938.125,291.26245,0.0063538197,-0.44857883,0.2924776
Kabale,2007-12-01,-1.242,29.9856,-1.0,30.000000000000014,286.56128,-0.0034015626,0001,17455.652201526806,0.9086567073077686,19.0,0.0,1.0,0.018662353318175562,1.0000305189751728,0.001736924,0.00016096234,291.8064,292.4021,292.42285,292.52026,292.75806,2.000030518975173,0.4099121,0.4120636,0.42575073,0.43362427,82945.25,291.4619,0.0034562906,-0.28122234,0.083174706
Kabale,2008-01-01,-1.242,29.9856,-1.0,30.000000000000014,286.823,-0.0034866072,0001,17455.652201526806,0.9086567073077686,19.0,0.0,1.0,0.018662353318175562,1.0000305189751728,0.0010988563,0.00016838312,292.3777,292.9441,292.9209,292.85034,292.7395,2.000030518975173,0.4020996,0.39668274,0.37768555,0.42526245,82940.56,292.07397,0.0038727734,-0.24359035,-0.049523354
Kabale,2008-02-01,-1.242,29.9856,-1.0,30.000000000000014,286.87695,-0.0034718793,0001,17455.652201526806,0.9086567073077686,19.0,0.0,1.0,0.018662353318175562,1.0000305189751728,0.0008782968,0.00015813112,292.66016,293.19727,293.1455,292.9978,292.80273,2.000030518975173,0.41471863,0.41329956,0.38687134,0.41729736,83014.75,292.1206,0.003936075,-0.14752007,0.060115814
Kabale,2008-03-01,-1.242,29.9856,-1.0,30.000000000000014,287.42993,-0.0035381932,0001,17455.652201526806,0.9086567073077686,19.0,0.0,1.0,0.018662353318175562,1.0000305189751728,0.0013064668,0.00022391975,292.46118,293.1006,293.0852,293.04712,292.91357,2.000030518975173,0.42832947,0.4285736,0.40194702,0.41300964,82906.06,291.7412,0.0064055156,-0.32997227,0.4437971
Kabale,2008-04-01,-1.242,29.9856,-1.0,30.000000000000014,287.46265,-0.0035034064,0001,17455.652201526806,0.9086567073077686,19.0,0.0,1.0,0.018662353318175562,1.0000305189751728,0.0013454258,0.00017087162,292.0432,292.68262,292.72266,292.84253,292.94556,2.000030518975173,0.41575623,0.4209137,0.42703247,0.41941833,82911.5,291.68042,0.004631365,-1.1320591,1.1454163
Kabale,2008-05-01,-1.242,29.9856,-1.0,30.000000000000014,286.57837,-0.0032627704,0001,17455.652201526806,0.9086567073077686,19.0,0.0,1.0,0.018662353318175562,1.0000305189751728,0.00086914,9.6961856e-05,292.344,292.86377,292.8723,292.89673,292.89038,2.000030518975173,0.35292053,0.35206604,0.38865662,0.41818237,83018.375,292.15015,0.0015143706,-1.051712,1.2270031
Kabale,2008-06-01,-1.242,29.9856,-1.0,30.000000000000014,285.02588,-0.0028030332,0001,17455.652201526806,0.9086567073077686,19.0,0.0,1.0,0.018662353318175562,1.0000305189751728,0.0006618798,8.0391765e-05,291.7036,292.1775,292.19946,292.36426,292.77808,2.000030518975173,0.33221436,0.34950256,0.34729004,0.40875244,83115.81,291.68384,0.0015633793,-0.7896099,1.1233311
Kabale,2008-07-01,-1.242,29.9856,-1.0,30.000000000000014,284.6421,-0.002714417,0001,17455.652201526806,0.9086567073077686,19.0,0.0,1.0,0.018662353318175562,1.0000305189751728,0.00035010278,0.00010295212,292.2776,292.75684,292.7329,292.64893,292.65332,2.000030518975173,0.33691406,0.31811523,0.3183136,0.39849854,83126.875,292.08276,0.0023850494,-0.40905762,0.77657413
Kabale,2008-08-01,-1.242,29.9856,-1.0,30.000000000000014,286.05737,-0.0029415619,0001,17455.652201526806,0.9086567073077686,19.0,0.0,1.0,0.018662353318175562,1.0000305189751728,0.0002619177,0.00013104081,292.69214,293.1643,293.08936,292.91064,292.6914,2.000030518975173,0.38964844,0.36817932,0.31607056,0.38998413,83012.5,292.17896,0.003575137,-0.58948135,0.6364031
Kabale,2008-09-01,-1.242,29.9856,-1.0,30.000000000000014,286.6272,-0.0033156183,0001,17455.652201526806,0.9086567073077686,19.0,0.0,1.0,0.018662353318175562,1.0000305189751728,0.00040409714,0.00013126433,293.18774,293.71484,293.64282,293.39966,292.90967,2.000030518975173,0.40977478,0.4051361,0.34092712,0.38337708,83037.81,292.52954,0.004782673,-0.47834778,0.5404234
Kabale,2008-10-01,-1.242,29.9856,-1.0,30.000000000000014,287.72974,-0.0032636551,0001,17455.652201526806,0.9086567073077686,19.0,0.0,1.0,0.018662353318175562,1.0000305189751728,0.0012546107,0.00019052625,292.32227,292.95996,292.99683,293.10913,293.08154,2.000030518975173,0.42808533,0.43276978,0.40882874,0.3856659,83029.06,291.6548,0.0073658414,-0.39347267,0.4436531
Kabale,2008-11-01,-1.242,29.9856,-1.0,30.000000000000014,287.91772,-0.003335923,0001,17455.652201526806,0.9086567073077686,19.0,0.0,1.0,0.018662353318175562,1.0000305189751728,0.0036688074,0.00020335615,292.4458,293.05713,293.04443,293.00195,293.0432,2.000030518975173,0.42131042,0.4274292,0.44311523,0.42367554,82981.5,291.68164,0.008492751,-0.29393578,0.12381077
Kabale,2008-12-01,-1.242,29.9856,-1.0,30.000000000000014,286.69922,-0.0034870738,0001,17455.652201526806,0.9086567073077686,19.0,0.0,1.0,0.018662353318175562,1.0000305189751728,0.0012865216,0.0001514405,292.34058,292.9187,292.9253,292.95972,293.02075,2.000030518975173,0.39950562,0.39634705,0.3895874,0.42655945,82944.375,292.05103,0.0026368797,-0.4689455,0.061206818
Kabale,2009-01-01,-1.242,29.9856,-1.0,30.000000000000014,286.67773,-0.0035414398,0001,17455.652201526806,0.9086567073077686,19.0,0.0,1.0,0.018662353318175562,1.0000305189751728,0.00091774017,0.00020118058,292.54468,293.15576,293.14844,293.13843,293.04077,2.000030518975173,0.40664673,0.39756775,0.36380005,0.41560364,82989.625,292.27246,0.0052599255,-0.206501,-0.026185036
Kabale,2009-02-01,-1.242,29.9856,-1.0,30.000000000000014,287.2578,-0.0036694016,0001,17455.652201526806,0.9086567073077686,19.0,0.0,1.0,0.018662353318175562,1.0000305189751728,0.0011752918,0.00018961728,292.7832,293.35352,293.29443,293.16602,293.08105,2.000030518975173,0.42800903,0.43330383,0.42126465,0.41358948,82914.5,292.281,0.00523685,-0.5601988,0.4341011
Kabale,2009-03-01,-1.242,29.9856,-1.0,30.000000000000014,287.2649,-0.0036931643,0001,17455.652201526806,0.9086567073077686,19.0,0.0,1.0,0.018662353318175562,1.0000305189751728,0.0008100942,0.00013673306,293.38135,293.9121,293.8374,293.57935,293.2085,2.000030518975173,0.40901184,0.41072083,0.4086914,0.41319275,82894.75,292.95996,0.0036908747,-0.6422682,0.5069666
Kabale,2009-04-01,-1.242,29.9856,-1.0,30.000000000000014,288.0437,-0.0035099713,0001,17455.652201526806,0.9086567073077686,19.0,0.0,1.0,0.018662353318175562,1.0000305189751728,0.00084118545,0.00020371377,292.59937,293.24878,293.28906,293.41602,293.3745,2.000030518975173,0.42596436,0.4249115,0.4089508,0.4102173,83023.06,292.14014,0.0045545558,-0.78963566,0.9336729
Kabale,2009-05-01,-1.242,29.9856,-1.0,30.000000000000014,287.54883,-0.0034052338,0001,17455.652201526806,0.9086567073077686,19.0,0.0,1.0,0.018662353318175562,1.0000305189751728,0.0022778362,0.00018903613,292.5791,293.13892,293.14722,293.19922,293.3291,2.000030518975173,0.40863037,0.40960693,0.41923523,0.41404724,83038.81,292.33472,0.0062618065,-0.766489,0.84679794
Kabale,2009-06-01,-1.242,29.9856,-1.0,30.000000000000014,285.21997,-0.0032129493,0001,17455.652201526806,0.9086567073077686,19.0,0.0,1.0,0.018662353318175562,1.0000305189751728,0.00081741065,4.6923757e-05,292.6267,293.12158,293.14722,293.18652,293.26123,2.000030518975173,0.32984924,0.35202026,0.38230896,0.4133606,83126.125,292.83862,0.00094656646,-1.0220804,1.2230787
Kabale,2009-07-01,-1.242,29.9856,-1.0,30.000000000000014,282.19336,-0.0021859286,0001,17455.652201526806,0.9086567073077686,19.0,0.0,1.0,0.018662353318175562,1.0000305189751728,0.0004569441,1.4722347e-05,293.43408,293.83252,293.67407,293.39697,293.23535,2.000030518975173,0.22749329,0.26675415,0.32641602,0.40242004,83174.56,293.16724,0.00020256081,-1.0604715,1.3015375
Kabale,2009-08-01,-1.242,29.9856,-1.0,30.000000000000014,284.886,-0.0021264823,0001,17455.652201526806,0.9086567073077686,19.0,0.0,1.0,0.018662353318175562,1.0000305189751728,0.00028140843,6.9096684e-05,294.2622,294.71924,294.6206,294.33008,293.5835,2.000030518975173,0.2744751,0.2702484,0.29478455,0.3905487,83081.44,293.4214,0.002013432,-0.8939419,0.8280153
Kabale,2009-09-01,-1.242,29.9856,-1.0,30.000000000000014,286.77783,-0.0030509466,0001,17455.652201526806,0.9086567073077686,19.0,0.0,1.0,0.018662353318175562,1.0000305189751728,0.00029293448,0.00012765825,293.78174,294.3313,294.2837,294.12988,293.82983,2.000030518975173,0.37234497,0.35263062,0.29470825,0.38124084,83112.375,292.9419,0.0039880513,-0.59432125,0.6009598
Kabale,2009-10-01,-1.242,29.9856,-1.0,30.000000000000014,287.51636,-0.0031928765,0001,17455.652201526806,0.9086567073077686,19.0,0.0,1.0,0.018662353318175562,1.0000305189751728,0.000575237,0.000183478,292.76465,293.44946,293.562,293.83496,293.93652,2.000030518975173,0.41404724,0.40733337,0.33984375,0.3751831,82992.375,292.34766,0.0052892347,-0.68308353,0.551404
Kabale,2009-11-01,-1.242,29.9856,-1.0,30.000000000000014,287.83716,-0.003297179,0001,17455.652201526806,0.9086567073077686,19.0,0.0,1.0,0.018662353318175562,1.0000305189751728,0.0012730062,0.00021663308,292.24878,292.93164,292.9917,293.1902,293.68896,2.000030518975173,0.42897034,0.4349823,0.41519165,0.38339233,82986.375,291.5669,0.0077619534,-0.4804592,0.36653423
Kabale,2009-12-01,-1.242,29.9856,-1.0,30.000000000000014,287.88916,-0.0033262493,0001,17455.652201526806,0.9086567073077686,19.0,0.0,1.0,0.018662353318175562,1.0000305189751728,0.0013586357,0.00023648143,292.1504,292.79126,292.8235,292.97827,293.4043,2.000030518975173,0.43237305,0.43777466,0.43678284,0.404953,83034.875,291.57227,0.006606072,-0.34798527,0.19429111
Kabale,2010-01-01,-1.242,29.9856,-1.0,30.000000000000014,287.66333,-0.0036763418,0001,17455.652201526806,0.9086567073077686,19.0,0.0,1.0,0.018662353318175562,1.0000305189751728,0.0020519793,0.00018887222,292.92065,293.47632,293.4065,293.26855,293.27173,2.000030518975173,0.4205475,0.42785645,0.4387207,0.42788696,83045.0,292.2776,0.0043675834,-0.35760117,0.0653286
Kabale,2010-02-01,-1.242,29.9856,-1.0,30.000000000000014,288.46484,-0.0033839177,0001,17455.652201526806,0.9086567073077686,19.0,0.0,1.0,0.018662353318175562,1.0000305189751728,0.001740329,0.00019977987,293.46045,294.00195,293.95874,293.80127,293.4148,2.000030518975173,0.41149902,0.41355896,0.3996582,0.42332458,83002.94,292.92334,0.0065532085,-0.48500633,0.3465538
Kabale,2010-03-01,-1.242,29.9856,-1.0,30.000000000000014,288.58154,-0.0034240568,0001,17455.652201526806,0.9086567073077686,19.0,0.0,1.0,0.018662353318175562,1.0000305189751728,0.0016820133,0.00019858778,293.23755,293.82373,293.82397,293.80518,293.59937,2.000030518975173,0.42736816,0.43255615,0.43711853,0.428833,83067.5,292.65332,0.005391024,-0.58721066,0.35454845
Kabale,2010-04-01,-1.242,29.9856,-1.0,30.000000000000014,288.9099,-0.0035348702,0001,17455.652201526806,0.9086567073077686,19.0,0.0,1.0,0.018662353318175562,1.0000305189751728,0.0016527921,0.00016601384,293.323,293.87427,293.83545,293.72046,293.646,2.000030518975173,0.42243958,0.42515564,0.42488098,0.427948,83043.375,292.8518,0.0044233436,-1.0493078,1.0968561
Kabale,2010-05-01,-1.242,29.9856,-1.0,30.000000000000014,288.12744,-0.0034608804,0001,17455.652201526806,0.9086567073077686,19.0,0.0,1.0,0.018662353318175562,1.0000305189751728,0.0026896074,0.0001887083,293.01343,293.5725,293.58057,293.625,293.67383,2.000030518975173,0.40603638,0.414917,0.43855286,0.43496704,83079.69,292.67798,0.0057343384,-0.7726126,1.0265188
Kabale,2010-06-01,-1.242,29.9856,-1.0,30.000000000000014,285.86548,-0.0032617208,0001,17455.652201526806,0.9086567073077686,19.0,0.0,1.0,0.018662353318175562,1.0000305189751728,0.0025058538,8.4489584e-05,292.5454,293.0786,293.15552,293.36743,293.6045,2.000030518975173,0.35847473,0.36824036,0.3874817,0.43232727,83181.56,292.72632,0.003814389,-0.80624294,1.0228844
Kabale,2010-07-01,-1.242,29.9856,-1.0,30.000000000000014,283.2827,-0.0023059323,0001,17455.652201526806,0.9086567073077686,19.0,0.0,1.0,0.018662353318175562,1.0000305189751728,0.0006826222,1.6272068e-05,293.53003,293.8943,293.76758,293.5315,293.48486,2.000030518975173,0.24023438,0.28105164,0.33462524,0.4191742,83117.19,293.2063,0.00033963437,-0.8873844,1.0026865
Kabale,2010-08-01,-1.242,29.9856,-1.0,30.000000000000014,284.13867,-0.0024059108,0001,17455.652201526806,0.9086567073077686,19.0,0.0,1.0,0.018662353318175562,1.0000305189751728,0.00038310885,8.353591e-05,294.3684,294.85107,294.74194,294.37476,293.71655,2.000030518975173,0.28923035,0.2684021,0.30065918,0.40519714,83091.31,293.6963,0.002485852,-0.64459133,0.6950979
Kabale,2010-09-01,-1.242,29.9856,-1.0,30.000000000000014,286.6848,-0.0033474425,0001,17455.652201526806,0.9086567073077686,19.0,0.0,1.0,0.018662353318175562,1.0000305189751728,0.00094192475,0.00014710426,292.91748,293.57227,293.6223,293.79663,293.89722,2.000030518975173,0.4050293,0.40237427,0.35017395,0.39578247,83036.625,292.22705,0.0057935165,-0.612339,0.6412382
Kabale,2010-10-01,-1.242,29.9856,-1.0,30.000000000000014,287.40552,-0.00338298,0001,17455.652201526806,0.9086567073077686,19.0,0.0,1.0,0.018662353318175562,1.0000305189751728,0.00084526837,0.00016778708,293.19604,293.80054,293.80518,293.85205,293.86792,2.000030518975173,0.4063263,0.40882874,0.3851776,0.39187622,82981.625,292.40356,0.005968823,-0.43776608,0.3302889
Kabale,2010-11-01,-1.242,29.9856,-1.0,30.000000000000014,287.5432,-0.0032917922,0001,17455.652201526806,0.9086567073077686,19.0,0.0,1.0,0.018662353318175562,1.0000305189751728,0.0014257729,0.00017254055,292.24414,292.9292,293.02197,293.29492,293.7334,2.000030518975173,0.42099,0.42771912,0.4278717,0.40242004,82898.0,291.614,0.0059634806,-0.5673027,0.36213684
Kabale,2010-12-01,-1.242,29.9856,-1.0,30.000000000000014,287.18237,-0.0034107948,0001,17455.652201526806,0.9086567073077686,19.0,0.0,1.0,0.018662353318175562,1.0000305189751728,0.0013422221,0.00022053719,291.94214,292.6316,292.70874,292.95557,293.4319,2.000030518975173,0.42523193,0.43112183,0.43395996,0.41575623,82874.625,291.40918,0.0057282494,-0.34946823,0.20762539
Kabale,2011-01-01,-1.242,29.9856,-1.0,30.000000000000014,286.5044,-0.003520945,0001,17455.652201526806,0.9086567073077686,19.0,0.0,1.0,0.018662353318175562,1.0000305189751728,0.001070194,0.0001821667,292.1848,292.7522,292.74072,292.78882,293.15967,2.000030518975173,0.41316223,0.41345215,0.42312622,0.42037964,82856.94,291.86572,0.0034230077,-0.28550243,0.048862457
Kabale,2011-02-01,-1.242,29.9856,-1.0,30.000000000000014,286.12842,-0.0038034804,0001,17455.652201526806,0.9086567073077686,19.0,0.0,1.0,0.018662353318175562,1.0000305189751728,0.0009047836,0.00010916591,293.49683,293.97168,293.83325,293.48242,293.12012,2.000030518975173,0.38705444,0.38729858,0.38974,0.41581726,82875.875,293.09595,0.003025552,-0.35906696,0.14186573
Kabale,2011-03-01,-1.242,29.9856,-1.0,30.000000000000014,287.5005,-0.0034513483,0001,17455.652201526806,0.9086567073077686,19.0,0.0,1.0,0.018662353318175562,1.0000305189751728,0.0009947568,0.00019602478,293.03638,293.6919,293.72852,293.7268,293.39722,2.000030518975173,0.40855408,0.40455627,0.37496948,0.40821838,82930.625,292.40747,0.0058525046,-0.32913303,0.29804325
Kabale,2011-04-01,-1.242,29.9856,-1.0,30.000000000000014,288.06543,-0.0035136808,0001,17455.652201526806,0.9086567073077686,19.0,0.0,1.0,0.018662353318175562,1.0000305189751728,0.0011298731,0.00021100044,292.31543,292.9878,293.03345,293.1941,293.40088,2.000030518975173,0.4271698,0.4328766,0.42225647,0.40911865,82944.44,291.88794,0.0054250183,-0.8494406,1.065321
Kabale,2011-05-01,-1.242,29.9856,-1.0,30.000000000000014,288.09424,-0.0034053242,0001,17455.652201526806,0.9086567073077686,19.0,0.0,1.0,0.018662353318175562,1.0000305189751728,0.0029540434,0.00018125772,292.42432,293.0,293.011,293.07446,293.26172,2.000030518975173,0.41828918,0.42852783,0.4393921,0.419281,83069.75,292.03613,0.0068859695,-0.84930706,1.1754599
Kabale,2011-06-01,-1.242,29.9856,-1.0,30.000000000000014,286.5752,-0.003292893,0001,17455.652201526806,0.9086567073077686,19.0,0.0,1.0,0.018662353318175562,1.0000305189751728,0.0012609214,0.00015631318,292.21558,292.77905,292.82666,292.9629,293.1599,2.000030518975173,0.38919067,0.39746094,0.4023285,0.42295837,83115.94,292.1277,0.003616788,-0.4166174,0.8645725
Kabale,2011-07-01,-1.242,29.9856,-1.0,30.000000000000014,284.9453,-0.0030870587,0001,17455.652201526806,0.9086567073077686,19.0,0.0,1.0,0.018662353318175562,1.0000305189751728,0.0007690042,7.468462e-05,292.51392,292.9746,292.9292,292.87256,293.01758,2.000030518975173,0.33570862,0.35055542,0.3753357,0.4149933,83084.625,292.49854,0.0018694631,-0.38961315,0.7536764
Kabale,2011-08-01,-1.242,29.9856,-1.0,30.000000000000014,286.49146,-0.0029975437,0001,17455.652201526806,0.9086567073077686,19.0,0.0,1.0,0.018662353318175562,1.0000305189751728,0.00097474456,0.00014679134,292.5515,293.08447,293.0913,293.0901,293.03052,2.000030518975173,0.40019226,0.39990234,0.3640747,0.40608215,83092.875,291.9917,0.0055733216,-0.3356037,0.62155724
Kabale,2011-09-01,-1.242,29.9856,-1.0,30.000000000000014,287.8103,-0.0031435108,0001,17455.652201526806,0.9086567073077686,19.0,0.0,1.0,0.018662353318175562,1.0000305189751728,0.0027965158,0.00023214519,292.10864,292.75342,292.7849,292.87158,293.0056,2.000030518975173,0.43133545,0.43896484,0.44769287,0.4257965,83120.75,291.2661,0.008804927,-0.33705807,0.44933796
Kabale,2011-10-01,-1.242,29.9856,-1.0,30.000000000000014,287.6714,-0.0032277396,0001,17455.652201526806,0.9086567073077686,19.0,0.0,1.0,0.018662353318175562,1.0000305189751728,0.0028218627,0.00018624961,291.89087,292.53394,292.57007,292.6897,292.90967,2.000030518975173,0.42970276,0.43856812,0.44099426,0.44187927,82946.875,291.23462,0.0061315345,-0.45411777,0.5178366
Kabale,2011-11-01,-1.242,29.9856,-1.0,30.000000000000014,288.11182,-0.0033018026,0001,17455.652201526806,0.9086567073077686,19.0,0.0,1.0,0.018662353318175562,1.0000305189751728,0.0038917884,0.00027231872,291.92554,292.61792,292.64453,292.71436,292.81714,2.000030518975173,0.43608093,0.4439392,0.4529419,0.44914246,82990.69,291.0642,0.008510261,-0.05783367,0.08227539
Kabale,2011-12-01,-1.242,29.9856,-1.0,30.000000000000014,287.94482,-0.0033996599,0001,17455.652201526806,0.9086567073077686,19.0,0.0,1.0,0.018662353318175562,1.0000305189751728,0.0046464354,0.000284791,292.0974,292.7168,292.68555,292.635,292.72168,2.000030518975173,0.43945312,0.44432068,0.44517517,0.45681763,83017.25,291.26562,0.0069604437,-0.10024166,0.0028734207
Kabale,2012-01-01,-1.242,29.9856,-1.0,30.000000000000014,285.67383,-0.003469918,0001,17455.652201526806,0.9086567073077686,19.0,0.0,1.0,0.018662353318175562,1.0000305189751728,0.0020006895,5.865097e-05,292.9314,293.3806,293.25293,293.0088,292.77612,2.000030518975173,0.34954834,0.36738586,0.3788147,0.44441223,82974.625,292.70166,0.0009898706,0.17133427,-0.30357075
Kabale,2012-02-01,-1.242,29.9856,-1.0,30.000000000000014,285.1333,-0.0028015766,0001,17455.652201526806,0.9086567073077686,19.0,0.0,1.0,0.018662353318175562,1.0000305189751728,0.0009229183,0.000104278326,293.97925,294.51147,294.4026,294.01978,293.1255,2.000030518975173,0.29440308,0.29663086,0.31929016,0.42570496,82851.94,293.27783,0.0030687577,-0.39829063,-0.008120537
Kabale,2012-03-01,-1.242,29.9856,-1.0,30.000000000000014,286.92285,-0.003385841,0001,17455.652201526806,0.9086567073077686,19.0,0.0,1.0,0.018662353318175562,1.0000305189751728,0.000513345,0.00013671815,293.79077,294.27832,294.1731,293.88965,293.44165,2.000030518975173,0.3789978,0.3631897,0.315094,0.41157532,82964.56,293.18945,0.003247846,-0.35769844,0.2579136
Kabale,2012-04-01,-1.242,29.9856,-1.0,30.000000000000014,288.54028,-0.0032227198,0001,17455.652201526806,0.9086567073077686,19.0,0.0,1.0,0.018662353318175562,1.0000305189751728,0.001316756,0.00031159818,292.42285,293.1494,293.25708,293.52783,293.61108,2.000030518975173,0.43382263,0.43423462,0.38293457,0.40475464,83018.69,291.75854,0.008252863,-0.48757935,0.62692165
Kabale,2012-05-01,-1.242,29.9856,-1.0,30.000000000000014,288.14868,-0.0032713236,0001,17455.652201526806,0.9086567073077686,19.0,0.0,1.0,0.018662353318175562,1.0000305189751728,0.0023090467,0.00027649105,291.78833,292.49414,292.59424,292.89526,293.39917,2.000030518975173,0.4333191,0.44047546,0.44844055,0.43115234,83099.31,291.302,0.0066694617,-0.6457119,0.95126534
Kabale,2012-06-01,-1.242,29.9856,-1.0,30.000000000000014,286.29102,-0.0032496667,0001,17455.652201526806,0.9086567073077686,19.0,0.0,1.0,0.018662353318175562,1.0000305189751728,0.0014683604,0.000105917454,291.9287,292.47266,292.521,292.6975,293.09644,2.000030518975173,0.38137817,0.38623047,0.39587402,0.4334259,83168.19,291.76172,0.0024261898,-0.53728485,1.0580854
Kabale,2012-07-01,-1.242,29.9856,-1.0,30.000000000000014,285.5017,-0.0030501047,0001,17455.652201526806,0.9086567073077686,19.0,0.0,1.0,0.018662353318175562,1.0000305189751728,0.0007631108,0.00010557473,292.437,292.90234,292.85156,292.76636,292.90576,2.000030518975173,0.3649292,0.35772705,0.3501587,0.4215393,83101.44,292.3313,0.0025285135,-0.16728497,0.61045456
Kabale,2012-08-01,-1.242,29.9856,-1.0,30.000000000000014,286.16016,-0.003151291,0001,17455.652201526806,0.9086567073077686,19.0,0.0,1.0,0.018662353318175562,1.0000305189751728,0.0009223223,0.00014571846,292.63867,293.19214,293.1775,293.10205,292.94702,2.000030518975173,0.40338135,0.3982849,0.3538208,0.41119385,83136.125,292.21216,0.005261611,-0.26193905,0.48628902
Kabale,2012-09-01,-1.242,29.9856,-1.0,30.000000000000014,287.2107,-0.0034213113,0001,17455.652201526806,0.9086567073077686,19.0,0.0,1.0,0.018662353318175562,1.0000305189751728,0.002304852,0.00020341575,292.48657,293.07104,293.0244,292.96484,292.97583,2.000030518975173,0.4257965,0.43167114,0.43623352,0.42236328,83135.94,291.75464,0.0077030836,-0.33342075,0.3785715
Kabale,2012-10-01,-1.242,29.9856,-1.0,30.000000000000014,287.9126,-0.003337604,0001,17455.652201526806,0.9086567073077686,19.0,0.0,1.0,0.018662353318175562,1.0000305189751728,0.0024116933,0.00019970536,292.42236,293.06958,293.08936,293.1211,293.042,2.000030518975173,0.43104553,0.4380188,0.434021,0.43177795,82988.56,291.79028,0.007299955,-0.32532978,0.2709036
Kabale,2012-11-01,-1.242,29.9856,-1.0,30.000000000000014,288.03052,-0.0032999637,0001,17455.652201526806,0.9086567073077686,19.0,0.0,1.0,0.018662353318175562,1.0000305189751728,0.0044802353,0.00022178888,292.10132,292.7605,292.7915,292.8777,292.9912,2.000030518975173,0.4300995,0.43530273,0.44244385,0.45263672,83019.31,291.38086,0.007458675,-0.46745586,0.32053566
Kabale,2012-12-01,-1.242,29.9856,-1.0,30.000000000000014,287.74146,-0.0033696275,0001,17455.652201526806,0.9086567073077686,19.0,0.0,1.0,0.018662353318175562,1.0000305189751728,0.0022715107,0.00021123886,292.05322,292.66846,292.67285,292.74658,292.91772,2.000030518975173,0.4255829,0.4264679,0.40423584,0.44380188,82980.625,291.36987,0.0049101505,-0.26227474,0.11491203
Kabale,2013-01-01,-1.242,29.9856,-1.0,30.000000000000014,287.39404,-0.0037977798,0001,17455.652201526806,0.9086567073077686,19.0,0.0,1.0,0.018662353318175562,1.0000305189751728,0.001313895,0.0001912713,293.24365,293.7395,293.61255,293.25977,292.93408,2.000030518975173,0.4150238,0.41661072,0.41088867,0.43463135,83046.5,292.75244,0.0034528465,-0.11294365,-0.0746603
Kabale,2013-02-01,-1.242,29.9856,-1.0,30.000000000000014,286.53638,-0.0037138704,0001,17455.652201526806,0.9086567073077686,19.0,0.0,1.0,0.018662353318175562,1.0000305189751728,0.0008492395,0.00013324618,293.6797,294.167,294.05298,293.76367,293.21973,2.000030518975173,0.38685608,0.38233948,0.37208557,0.42596436,82964.0,293.2998,0.0025386873,-0.60358524,0.09202194
Kabale,2013-03-01,-1.242,29.9856,-1.0,30.000000000000014,288.0459,-0.003256767,0001,17455.652201526806,0.9086567073077686,19.0,0.0,1.0,0.018662353318175562,1.0000305189751728,0.0012742057,0.00019487739,293.17944,293.82544,293.8816,293.9414,293.55835,2.000030518975173,0.4033203,0.40545654,0.3703308,0.4164734,83001.94,292.6184,0.006424369,-0.522357,0.49004555
Kabale,2013-04-01,-1.242,29.9856,-1.0,30.000000000000014,288.542,-0.0034181383,0001,17455.652201526806,0.9086567073077686,19.0,0.0,1.0,0.018662353318175562,1.0000305189751728,0.0019932464,0.00023534894,292.73438,293.35352,293.35718,293.39453,293.53662,2.000030518975173,0.4330597,0.43501282,0.43904114,0.42764282,83053.31,292.1316,0.0071302895,-0.59956837,0.60032177
Kabale,2013-05-01,-1.242,29.9856,-1.0,30.000000000000014,287.11133,-0.0031902147,0001,17455.652201526806,0.9086567073077686,19.0,0.0,1.0,0.018662353318175562,1.0000305189751728,0.0020130202,0.00012589991,292.25342,292.78735,292.82178,292.97778,293.36743,2.000030518975173,0.37579346,0.39456177,0.42662048,0.4373932,83145.31,291.99243,0.0028214476,-1.0014982,1.1742268
Kabale,2013-06-01,-1.242,29.9856,-1.0,30.000000000000014,284.52026,-0.0027402844,0001,17455.652201526806,0.9086567073077686,19.0,0.0,1.0,0.018662353318175562,1.0000305189751728,0.0009392202,6.119907e-05,292.9944,293.4431,293.38354,293.2732,293.24976,2.000030518975173,0.266037,0.2879181,0.347229,0.42674255,83137.69,292.82178,0.0008554,-0.6222172,0.9928036
Kabale,2013-07-01,-1.242,29.9856,-1.0,30.000000000000014,283.77808,-0.0023846654,0001,17455.652201526806,0.9086567073077686,19.0,0.0,1.0,0.018662353318175562,1.0000305189751728,0.00047008693,6.943941e-05,293.69043,294.13232,294.0542,293.7776,293.3711,2.000030518975173,0.26940918,0.25546265,0.30610657,0.41151428,83127.56,293.2766,0.0012322108,-0.34074306,0.58090496
Kabale,2013-08-01,-1.242,29.9856,-1.0,30.000000000000014,285.8755,-0.002916445,0001,17455.652201526806,0.9086567073077686,19.0,0.0,1.0,0.018662353318175562,1.0000305189751728,0.00038518757,0.00015619397,292.90308,293.4795,293.5044,293.61548,293.53467,2.000030518975173,0.3749237,0.3368988,0.3033142,0.39920044,83080.0,292.31543,0.004504459,-0.4649334,0.5221205
Kabale,2013-09-01,-1.242,29.9856,-1.0,30.000000000000014,287.1355,-0.0032593599,0001,17455.652201526806,0.9086567073077686,19.0,0.0,1.0,0.018662353318175562,1.0000305189751728,0.0011201203,0.00021466613,292.87402,293.4995,293.4983,293.50244,293.52295,2.000030518975173,0.42201233,0.41664124,0.3555298,0.39186096,83090.625,292.20093,0.0071624713,-0.1245594,0.28687954
Kabale,2013-10-01,-1.242,29.9856,-1.0,30.000000000000014,287.02002,-0.0035014953,0001,17455.652201526806,0.9086567073077686,19.0,0.0,1.0,0.018662353318175562,1.0000305189751728,0.0011322051,0.00014986098,292.51343,293.14746,293.16943,293.25952,293.45508,2.000030518975173,0.4120636,0.4179077,0.42877197,0.40553284,83048.625,291.95068,0.0054952754,-0.51455784,0.40705872
Kabale,2013-11-01,-1.242,29.9856,-1.0,30.000000000000014,287.79468,-0.003226215,0001,17455.652201526806,0.9086567073077686,19.0,0.0,1.0,0.018662353318175562,1.0000305189751728,0.0024612993,0.00021927059,291.9121,292.61768,292.71265,292.99048,293.3313,2.000030518975173,0.4323883,0.4407196,0.44676208,0.42337036,82950.56,291.3296,0.007878643,-0.3492527,0.23697948
Kabale,2013-12-01,-1.242,29.9856,-1.0,30.000000000000014,287.48828,-0.003397924,0001,17455.652201526806,0.9086567073077686,19.0,0.0,1.0,0.018662353318175562,1.0000305189751728,0.002330564,0.00022786856,292.3313,292.9104,292.88745,292.84473,293.1062,2.000030518975173,0.42060852,0.4223175,0.43777466,0.4401703,83030.56,291.68213,0.0051824045,-0.19602871,0.036743164
Kabale,2014-01-01,-1.242,29.9856,-1.0,30.000000000000014,286.59326,-0.0035874797,0001,17455.652201526806,0.9086567073077686,19.0,0.0,1.0,0.018662353318175562,1.0000305189751728,0.0014241412,0.00014327466,292.74316,293.27124,293.22632,293.14966,293.063,2.000030518975173,0.40377808,0.4032898,0.39100647,0.43415833,83004.44,292.57495,0.0031612485,-0.19328976,-0.05009365
Kabale,2014-02-01,-1.242,29.9856,-1.0,30.000000000000014,285.96973,-0.0034449063,0001,17455.652201526806,0.9086567073077686,19.0,0.0,1.0,0.018662353318175562,1.0000305189751728,0.0007925108,0.00010061264,294.23096,294.6494,294.48364,294.0088,293.2771,2.000030518975173,0.34609985,0.35098267,0.35409546,0.42263794,82916.81,293.69336,0.002319934,0.26356888,-0.102890015
Kabale,2014-03-01,-1.242,29.9856,-1.0,30.000000000000014,287.45337,-0.0035213865,0001,17455.652201526806,0.9086567073077686,19.0,0.0,1.0,0.018662353318175562,1.0000305189751728,0.0007651895,0.00018426776,293.2898,293.90576,293.89844,293.8806,293.60547,2.000030518975173,0.41168213,0.39730835,0.3436737,0.41175842,82975.56,292.87305,0.005014944,-0.47943878,0.4382162
Kabale,2014-04-01,-1.242,29.9856,-1.0,30.000000000000014,287.61646,-0.0034227995,0001,17455.652201526806,0.9086567073077686,19.0,0.0,1.0,0.018662353318175562,1.0000305189751728,0.00055998564,0.00015628338,292.65137,293.25317,293.29712,293.4519,293.63745,2.000030518975173,0.4181366,0.41793823,0.38026428,0.4051361,83042.81,292.3523,0.0037156313,-0.91111374,0.9282589
Kabale,2014-05-01,-1.242,29.9856,-1.0,30.000000000000014,286.8933,-0.0032331403,0001,17455.652201526806,0.9086567073077686,19.0,0.0,1.0,0.018662353318175562,1.0000305189751728,0.00035744905,7.4997544e-05,292.92676,293.4131,293.41357,293.4265,293.5244,2.000030518975173,0.36071777,0.37098694,0.37243652,0.40092468,83065.06,292.8186,0.0018010868,-1.0085154,1.2967224
Kabale,2014-06-01,-1.242,29.9856,-1.0,30.000000000000014,285.77515,-0.0026467703,0001,17455.652201526806,0.9086567073077686,19.0,0.0,1.0,0.018662353318175562,1.0000305189751728,0.00026344508,7.741153e-05,292.94238,293.3982,293.42383,293.48584,293.50122,2.000030518975173,0.31347656,0.30949402,0.3354187,0.39414978,83155.75,292.77515,0.0014194467,-0.6415472,1.0624065
Kabale,2014-07-01,-1.242,29.9856,-1.0,30.000000000000014,284.4707,-0.002471717,0001,17455.652201526806,0.9086567073077686,19.0,0.0,1.0,0.018662353318175562,1.0000305189751728,0.00021892786,7.301569e-05,293.39844,293.87524,293.84204,293.7173,293.50903,2.000030518975173,0.29704285,0.2878418,0.305542,0.38575745,83243.875,293.0415,0.0022064403,-0.54493904,0.7684746
Kabale,2014-08-01,-1.242,29.9856,-1.0,30.000000000000014,286.69604,-0.0029435558,0001,17455.652201526806,0.9086567073077686,19.0,0.0,1.0,0.018662353318175562,1.0000305189751728,0.0007060617,0.00018258393,292.385,292.97827,293.02246,293.18848,293.4939,2.000030518975173,0.41394043,0.4064331,0.342453,0.37934875,83151.31,291.79248,0.006433185,-0.3174572,0.48720837
Kabale,2014-09-01,-1.242,29.9856,-1.0,30.000000000000014,286.9685,-0.0032267356,0001,17455.652201526806,0.9086567073077686,19.0,0.0,1.0,0.018662353318175562,1.0000305189751728,0.00075007975,0.00014421344,292.44043,293.00122,292.99683,293.0442,293.2937,2.000030518975173,0.40364075,0.40377808,0.41363525,0.3904419,83111.06,291.78442,0.004862777,-0.69625854,0.6285219
Kabale,2014-10-01,-1.242,29.9856,-1.0,30.000000000000014,287.62866,-0.0035410235,0001,17455.652201526806,0.9086567073077686,19.0,0.0,1.0,0.018662353318175562,1.0000305189751728,0.0034256056,0.00020501018,292.84912,293.47168,293.44897,293.37744,293.28638,2.000030518975173,0.4195099,0.42643738,0.4358673,0.40501404,83052.31,292.1194,0.009460491,-0.4502306,0.42379856
Kabale,2014-11-01,-1.242,29.9856,-1.0,30.000000000000014,287.60107,-0.0033803713,0001,17455.652201526806,0.9086567073077686,19.0,0.0,1.0,0.018662353318175562,1.0000305189751728,0.0019463077,0.00018669665,292.47363,293.12036,293.16406,293.27783,293.33032,2.000030518975173,0.4132843,0.4118042,0.4164734,0.420578,83034.56,291.90015,0.0058573475,-0.6029053,0.33589077
Kabale,2014-12-01,-1.242,29.9856,-1.0,30.000000000000014,287.10083,-0.0035502044,0001,17455.652201526806,0.9086567073077686,19.0,0.0,1.0,0.018662353318175562,1.0000305189751728,0.0014532432,0.00017976761,292.7312,293.29126,293.25537,293.21387,293.2644,2.000030518975173,0.4076538,0.4078827,0.42399597,0.42547607,83056.56,292.18945,0.0039874427,-0.28313446,0.01940918
Kabale,2015-01-01,-1.242,29.9856,-1.0,30.000000000000014,285.2898,-0.0033830022,0001,17455.652201526806,0.9086567073077686,19.0,0.0,1.0,0.018662353318175562,1.0000305189751728,0.00078795105,4.8667192e-05,293.4336,293.89062,293.79102,293.55347,293.3181,2.000030518975173,0.3153534,0.33345032,0.37226868,0.4186554,83063.875,293.1184,0.0008817348,0.5733223,-0.32151031
Kabale,2015-02-01,-1.242,29.9856,-1.0,30.000000000000014,286.50073,-0.00299107,0001,17455.652201526806,0.9086567073077686,19.0,0.0,1.0,0.018662353318175562,1.0000305189751728,0.00046973675,0.00012521446,294.51855,295.02686,294.89502,294.45483,293.62573,2.000030518975173,0.3023529,0.28329468,0.32054138,0.4067688,82966.56,293.7124,0.0025697679,-0.2535839,-0.0031633377
Kabale,2015-03-01,-1.242,29.9856,-1.0,30.000000000000014,287.0437,-0.002942155,0001,17455.652201526806,0.9086567073077686,19.0,0.0,1.0,0.018662353318175562,1.0000305189751728,0.0018406361,0.0001219064,293.72314,294.30713,294.3208,294.34277,293.96777,2.000030518975173,0.349823,0.34399414,0.30429077,0.3955536,82971.125,293.0598,0.0066546635,-0.65226746,0.5504322
Kabale,2015-04-01,-1.242,29.9856,-1.0,30.000000000000014,288.56763,-0.003416475,0001,17455.652201526806,0.9086567073077686,19.0,0.0,1.0,0.018662353318175562,1.0000305189751728,0.0035598949,0.0002861321,292.41846,293.14868,293.2202,293.47412,293.92383,2.000030518975173,0.43605042,0.44355774,0.44309998,0.41072083,83089.25,291.6892,0.011658953,-0.24926472,0.48534012
Kabale,2015-05-01,-1.242,29.9856,-1.0,30.000000000000014,287.94995,-0.003531783,0001,17455.652201526806,0.9086567073077686,19.0,0.0,1.0,0.018662353318175562,1.0000305189751728,0.0031668246,0.0001630336,292.92578,293.4756,293.46167,293.43213,293.66064,2.000030518975173,0.4025116,0.40797424,0.4360199,0.44296265,83144.25,292.53735,0.0047631357,-0.8926201,1.1156845
Kabale,2015-06-01,-1.242,29.9856,-1.0,30.000000000000014,286.8855,-0.003425233,0001,17455.652201526806,0.9086567073077686,19.0,0.0,1.0,0.018662353318175562,1.0000305189751728,0.0017521903,0.00016832352,292.65942,293.22485,293.26733,293.43555,293.6089,2.000030518975173,0.4086609,0.41029358,0.38587952,0.43522644,83183.5,292.58472,0.0041956203,-0.28758717,0.6844835
Kabale,2015-07-01,-1.242,29.9856,-1.0,30.000000000000014,284.56274,-0.0028003464,0001,17455.652201526806,0.9086567073077686,19.0,0.0,1.0,0.018662353318175562,1.0000305189751728,0.00078225136,5.9112906e-05,293.02905,293.4707,293.42383,293.32837,293.45312,2.000030518975173,0.30439758,0.32278442,0.350235,0.42295837,83200.125,293.0459,0.0010138007,-0.75599,0.9068861
Kabale,2015-08-01,-1.242,29.9856,-1.0,30.000000000000014,284.52368,-0.002626609,0001,17455.652201526806,0.9086567073077686,19.0,0.0,1.0,0.018662353318175562,1.0000305189751728,0.0004453361,4.7966838e-05,294.35352,294.7307,294.5586,294.12402,293.57983,2.000030518975173,0.29830933,0.29562378,0.3146057,0.40992737,83135.875,293.70337,0.0014578289,-0.9504137,0.82285213
Kabale,2015-09-01,-1.242,29.9856,-1.0,30.000000000000014,286.79858,-0.0031008003,0001,17455.652201526806,0.9086567073077686,19.0,0.0,1.0,0.018662353318175562,1.0000305189751728,0.00031368434,0.000121861696,293.88818,294.4319,294.41455,294.3423,293.90723,2.000030518975173,0.37017822,0.3524933,0.30604553,0.3985138,83110.375,293.08057,0.0034543811,-0.7791977,0.62339497
Kabale,2015-10-01,-1.242,29.9856,-1.0,30.000000000000014,288.3047,-0.0032112924,0001,17455.652201526806,0.9086567073077686,19.0,0.0,1.0,0.018662353318175562,1.0000305189751728,0.0014675558,0.00021103024,293.0144,293.72217,293.7998,293.97314,294.01978,2.000030518975173,0.4189148,0.41493225,0.3407898,0.39038086,83084.625,292.24146,0.008686219,-0.3970976,0.34230137
Kabale,2015-11-01,-1.242,29.9856,-1.0,30.000000000000014,288.32202,-0.003179999,0001,17455.652201526806,0.9086567073077686,19.0,0.0,1.0,0.018662353318175562,1.0000305189751728,0.002160877,0.00026224554,292.14038,292.886,293.0144,293.34644,293.8369,2.000030518975173,0.43637085,0.44361877,0.4507904,0.41828918,83049.875,291.46704,0.008343597,-0.18835068,0.14145184
Kabale,2015-12-01,-1.242,29.9856,-1.0,30.000000000000014,288.41528,-0.0034818277,0001,17455.652201526806,0.9086567073077686,19.0,0.0,1.0,0.018662353318175562,1.0000305189751728,0.0044329837,0.00026509166,292.55518,293.18286,293.1494,293.19238,293.55347,2.000030518975173,0.4348755,0.43832397,0.44439697,0.44981384,83153.44,291.8015,0.0075248573,-0.0814085,-0.116737366
Kabale,2016-01-01,-1.242,29.9856,-1.0,30.000000000000014,288.1648,-0.003556393,0001,17455.652201526806,0.9086567073077686,19.0,0.0,1.0,0.018662353318175562,1.0000305189751728,0.002041638,0.00017650425,293.41113,293.9397,293.87622,293.71265,293.5254,2.000030518975173,0.40553284,0.4106598,0.3970337,0.44204712,83111.19,292.86157,0.003551041,0.18762207,-0.12331772
Kabale,2016-02-01,-1.242,29.9856,-1.0,30.000000000000014,287.3894,-0.003284432,0001,17455.652201526806,0.9086567073077686,19.0,0.0,1.0,0.018662353318175562,1.0000305189751728,0.001155138,7.8722835e-05,294.54736,294.96753,294.812,294.3694,293.73608,2.000030518975173,0.33242798,0.3428192,0.35490417,0.4288025,83062.06,293.9182,0.002713312,-0.07798576,0.07217598
Kabale,2016-03-01,-1.242,29.9856,-1.0,30.000000000000014,288.80713,-0.003662914,0001,17455.652201526806,0.9086567073077686,19.0,0.0,1.0,0.018662353318175562,1.0000305189751728,0.0006195754,0.00013771653,294.63916,295.14868,295.03906,294.7251,294.11426,2.000030518975173,0.3996582,0.38705444,0.3383484,0.41612244,83050.875,293.98584,0.0037038983,-0.5508003,0.39285755
Kabale,2016-04-01,-1.242,29.9856,-1.0,30.000000000000014,289.57056,-0.003241714,0001,17455.652201526806,0.9086567073077686,19.0,0.0,1.0,0.018662353318175562,1.0000305189751728,0.0022335723,0.0002962947,293.1067,293.82422,293.9358,294.2168,294.3003,2.000030518975173,0.43330383,0.43856812,0.41133118,0.41223145,83065.94,292.44214,0.010531405,-0.4966774,0.6762419
Kabale,2016-05-01,-1.242,29.9856,-1.0,30.000000000000014,287.67896,-0.00334795,0001,17455.652201526806,0.9086567073077686,19.0,0.0,1.0,0.018662353318175562,1.0000305189751728,0.005411029,0.00012022257,293.43555,293.95215,293.9475,293.95435,294.15454,2.000030518975173,0.36653137,0.38015747,0.41401672,0.45072937,83197.31,293.02466,0.005411812,-0.66543484,0.90423965
Kabale,2016-06-01,-1.242,29.9856,-1.0,30.000000000000014,285.32324,-0.0028592432,0001,17455.652201526806,0.9086567073077686,19.0,0.0,1.0,0.018662353318175562,1.0000305189751728,0.0012073666,8.621812e-05,292.87866,293.47852,293.5874,293.89575,294.10498,2.000030518975173,0.30497742,0.3205719,0.330719,0.43296814,83262.06,292.67578,0.0021481777,-0.7294941,0.99451447
Kabale,2016-07-01,-1.242,29.9856,-1.0,30.000000000000014,284.88892,-0.0025972659,0001,17455.652201526806,0.9086567073077686,19.0,0.0,1.0,0.018662353318175562,1.0000305189751728,0.00053963065,5.839765e-05,293.48706,293.92017,293.84302,293.72217,293.89917,2.000030518975173,0.29615784,0.2965393,0.3058777,0.4160614,83166.56,293.14526,0.0016644838,-0.38407707,0.6514139
Kabale,2016-08-01,-1.242,29.9856,-1.0,30.000000000000014,284.3252,-0.0027060732,0001,17455.652201526806,0.9086567073077686,19.0,0.0,1.0,0.018662353318175562,1.0000305189751728,0.00031401962,6.452203e-05,293.95605,294.41016,294.34106,294.15625,293.9375,2.000030518975173,0.32226562,0.31401062,0.29356384,0.40278625,83159.625,293.4038,0.001456639,-0.9169483,0.80623627
Kabale,2016-09-01,-1.242,29.9856,-1.0,30.000000000000014,286.1709,-0.0026739351,0001,17455.652201526806,0.9086567073077686,19.0,0.0,1.0,0.018662353318175562,1.0000305189751728,0.00043049455,0.00013798475,294.4524,295.0293,294.96387,294.74585,294.18384,2.000030518975173,0.3169403,0.31080627,0.28359985,0.39102173,83119.5,293.27222,0.004494591,-0.64131165,0.46527386
Kabale,2016-10-01,-1.242,29.9856,-1.0,30.000000000000014,287.18628,-0.003497201,0001,17455.652201526806,0.9086567073077686,19.0,0.0,1.0,0.018662353318175562,1.0000305189751728,0.00056617707,0.00014787912,293.3589,293.99,294.02393,294.135,294.26587,2.000030518975173,0.39645386,0.3942871,0.38024902,0.38586426,83014.125,292.69092,0.0050226254,-0.64895344,0.4786377
Kabale,2016-11-01,-1.242,29.9856,-1.0,30.000000000000014,287.94482,-0.0032829903,0001,17455.652201526806,0.9086567073077686,19.0,0.0,1.0,0.018662353318175562,1.0000305189751728,0.00071263313,0.00019429624,292.61914,293.28784,293.37134,293.63037,294.1101,2.000030518975173,0.42503357,0.42411804,0.38667297,0.38394165,83030.625,291.95044,0.0057510957,-0.55099964,0.47079563
Kabale,2016-12-01,-1.242,29.9856,-1.0,30.000000000000014,287.05957,-0.003470051,0001,17455.652201526806,0.9086567073077686,19.0,0.0,1.0,0.018662353318175562,1.0000305189751728,0.0003765002,0.00013580918,292.65088,293.25513,293.28833,293.44116,293.82837,2.000030518975173,0.4037323,0.40982056,0.41081238,0.390213,83019.94,292.23853,0.0029466392,-0.48341274,0.14534855
Kabale,2017-01-01,-1.242,29.9856,-1.0,30.000000000000014,285.52002,-0.0035171388,0001,17455.652201526806,0.9086567073077686,19.0,0.0,1.0,0.018662353318175562,1.0000305189751728,0.00024951994,8.9123845e-05,293.646,294.17236,294.09546,293.89526,293.72998,2.000030518975173,0.335083,0.34565735,0.3718567,0.38867188,82991.25,293.39282,0.0022522511,-0.11368084,-0.064188
Kabale,2017-02-01,-1.242,29.9856,-1.0,30.000000000000014,287.57178,-0.00335484,0001,17455.652201526806,0.9086567073077686,19.0,0.0,1.0,0.018662353318175562,1.0000305189751728,0.00033880025,0.00020033121,292.99634,293.63696,293.677,293.82788,293.8369,2.000030518975173,0.40312195,0.3909607,0.3514557,0.38320923,82999.0,292.5017,0.004995012,-0.24344635,0.14541054
Kabale,2017-03-01,-1.242,29.9856,-1.0,30.000000000000014,288.08472,-0.003513433,0001,17455.652201526806,0.9086567073077686,19.0,0.0,1.0,0.018662353318175562,1.0000305189751728,0.0008418113,0.00018338859,293.1792,293.79907,293.80493,293.78662,293.80347,2.000030518975173,0.42633057,0.43304443,0.40185547,0.3848114,82990.75,292.62378,0.0059108404,-0.45953274,0.5101614
Kabale,2017-04-01,-1.242,29.9856,-1.0,30.000000000000014,288.06787,-0.0034432076,0001,17455.652201526806,0.9086567073077686,19.0,0.0,1.0,0.018662353318175562,1.0000305189751728,0.0005123243,0.00015938282,292.7649,293.3828,293.427,293.5708,293.76562,2.000030518975173,0.40690613,0.4043579,0.40213013,0.3922119,83035.56,292.4336,0.003785831,-0.91885185,1.2187729
Kabale,2017-05-01,-1.242,29.9856,-1.0,30.000000000000014,287.34937,-0.0033383407,0001,17455.652201526806,0.9086567073077686,19.0,0.0,1.0,0.018662353318175562,1.0000305189751728,0.00056723505,0.000128299,292.3203,292.8833,292.92163,293.08618,293.5442,2.000030518975173,0.39408875,0.40124512,0.40808105,0.39511108,83144.94,292.22803,0.0025266402,-0.9622984,1.3947487
Kabale,2017-06-01,-1.242,29.9856,-1.0,30.000000000000014,285.1753,-0.0027710972,0001,17455.652201526806,0.9086567073077686,19.0,0.0,1.0,0.018662353318175562,1.0000305189751728,0.0003579557,3.7655234e-05,293.46167,293.86792,293.79224,293.61816,293.46045,2.000030518975173,0.2752838,0.29962158,0.35331726,0.39094543,83132.31,293.35986,0.00065342104,-0.9123297,1.1371641
Kabale,2017-07-01,-1.242,29.9856,-1.0,30.000000000000014,285.75195,-0.0027706847,0001,17455.652201526806,0.9086567073077686,19.0,0.0,1.0,0.018662353318175562,1.0000305189751728,0.00026889145,0.000150159,293.19116,293.7041,293.68872,293.63452,293.53418,2.000030518975173,0.35038757,0.31430054,0.3170929,0.38284302,83205.25,293.0586,0.0032626237,-0.2329607,0.51582146
Kabale,2017-08-01,-1.242,29.9856,-1.0,30.000000000000014,286.61865,-0.003039633,0001,17455.652201526806,0.9086567073077686,19.0,0.0,1.0,0.018662353318175562,1.0000305189751728,0.00041205436,0.00016903877,293.04492,293.6001,293.59668,293.6079,293.57495,2.000030518975173,0.40603638,0.39208984,0.3317566,0.37649536,83112.44,292.63257,0.0048867185,-0.4305687,0.54572964
Kabale,2017-09-01,-1.242,29.9856,-1.0,30.000000000000014,287.5979,-0.0033449847,0001,17455.652201526806,0.9086567073077686,19.0,0.0,1.0,0.018662353318175562,1.0000305189751728,0.0018259585,0.00021006167,292.93652,293.56738,293.58252,293.6045,293.59106,2.000030518975173,0.43341064,0.4393921,0.41183472,0.38386536,83114.375,292.19507,0.008200168,-0.2943802,0.3898573
Kabale,2017-10-01,-1.242,29.9856,-1.0,30.000000000000014,287.85327,-0.0035158973,0001,17455.652201526806,0.9086567073077686,19.0,0.0,1.0,0.018662353318175562,1.0000305189751728,0.002154857,0.00020173192,293.0559,293.7102,293.7207,293.72632,293.62256,2.000030518975173,0.42578125,0.42974854,0.43380737,0.40507507,83020.81,292.4104,0.0068893693,-0.40009975,0.33746052
Kabale,2017-11-01,-1.242,29.9856,-1.0,30.000000000000014,287.81445,-0.0033819238,0001,17455.652201526806,0.9086567073077686,19.0,0.0,1.0,0.018662353318175562,1.0000305189751728,0.0026362762,0.00022746623,292.364,293.03735,293.07617,293.22266,293.54785,2.000030518975173,0.4293213,0.4350891,0.43792725,0.42401123,83003.125,291.6311,0.006683245,-0.4659443,0.24702549
Kabale,2017-12-01,-1.242,29.9856,-1.0,30.000000000000014,287.05908,-0.003552216,0001,17455.652201526806,0.9086567073077686,19.0,0.0,1.0,0.018662353318175562,1.0000305189751728,0.0014094338,0.00016632676,292.71973,293.2954,293.28882,293.30933,293.4292,2.000030518975173,0.41410828,0.41183472,0.40353394,0.42414856,83001.31,292.38452,0.0031973666,-0.38735867,0.033548355
Kabale,2018-01-01,-1.242,29.9856,-1.0,30.000000000000014,286.39697,-0.003386641,0001,17455.652201526806,0.9086567073077686,19.0,0.0,1.0,0.018662353318175562,1.0000305189751728,0.00080826133,0.000121071935,292.84253,293.36157,293.34155,293.32373,293.3667,2.000030518975173,0.3756256,0.37330627,0.3636322,0.41427612,82988.5,292.39014,0.002556769,0.468462,-0.2072277
Kabale,2018-02-01,-1.242,29.9856,-1.0,30.000000000000014,287.50366,-0.0033641765,0001,17455.652201526806,0.9086567073077686,19.0,0.0,1.0,0.018662353318175562,1.0000305189751728,0.00083337724,0.00015434623,293.89868,294.4087,294.32935,294.0381,293.5105,2.000030518975173,0.37913513,0.3721466,0.34425354,0.40428162,82906.0,293.3479,0.004343625,-0.3334236,0.27500057
Kabale,2018-03-01,-1.242,29.9856,-1.0,30.000000000000014,288.20557,-0.0033904836,0001,17455.652201526806,0.9086567073077686,19.0,0.0,1.0,0.018662353318175562,1.0000305189751728,0.0011671558,0.00022663176,292.86987,293.4917,293.5022,293.59473,293.64795,2.000030518975173,0.43417358,0.4365692,0.40454102,0.4001007,83012.94,292.115,0.0064417096,-0.10864544,0.21466827
Kabale,2018-04-01,-1.242,29.9856,-1.0,30.000000000000014,288.91113,-0.0030983612,0001,17455.652201526806,0.9086567073077686,19.0,0.0,1.0,0.018662353318175562,1.0000305189751728,0.0056377277,0.00032371283,292.21436,292.9077,292.9917,293.1958,293.52124,2.000030518975173,0.44122314,0.44506836,0.4573059,0.4384613,83054.56,291.42822,0.012760068,-0.17682171,0.3406906
Kabale,2018-05-01,-1.242,29.9856,-1.0,30.000000000000014,287.7644,-0.003350255,0001,17455.652201526806,0.9086567073077686,19.0,0.0,1.0,0.018662353318175562,1.0000305189751728,0.0038688034,0.00020484626,292.22412,292.81982,292.85645,293.02222,293.32886,2.000030518975173,0.42115784,0.42741394,0.41125488,0.453125,83105.06,291.83154,0.004095463,-0.7312746,1.1119957
Kabale,2018-06-01,-1.242,29.9856,-1.0,30.000000000000014,285.37207,-0.003043523,0001,17455.652201526806,0.9086567073077686,19.0,0.0,1.0,0.018662353318175562,1.0000305189751728,0.0013131201,6.5371394e-05,292.39893,292.89575,292.90527,292.96436,293.17163,2.000030518975173,0.32609558,0.3352661,0.35295105,0.43608093,83204.875,292.2566,0.0011203848,-0.5809784,0.9151459
Kabale,2018-07-01,-1.242,29.9856,-1.0,30.000000000000014,282.6023,-0.0019492116,0001,17455.652201526806,0.9086567073077686,19.0,0.0,1.0,0.018662353318175562,1.0000305189751728,0.00060432404,3.053248e-05,293.489,293.91406,293.75415,293.3672,293.12573,2.000030518975173,0.22106934,0.2602234,0.3097229,0.41886902,83231.31,292.82178,0.0011411839,-1.0328064,1.2371559
Kabale,2018-08-01,-1.242,29.9856,-1.0,30.000000000000014,286.01416,-0.0026596468,0001,17455.652201526806,0.9086567073077686,19.0,0.0,1.0,0.018662353318175562,1.0000305189751728,0.0007331446,0.00013196468,292.85913,293.43896,293.48145,293.6018,293.35278,2.000030518975173,0.35679626,0.35061646,0.30482483,0.40464783,83200.75,292.10352,0.005175652,-0.5372181,0.6654625
Kabale,2018-09-01,-1.242,29.9856,-1.0,30.000000000000014,287.14478,-0.0032342458,0001,17455.652201526806,0.9086567073077686,19.0,0.0,1.0,0.018662353318175562,1.0000305189751728,0.00047501177,9.718537e-05,292.6648,293.20923,293.19824,293.1853,293.3274,2.000030518975173,0.395813,0.40187073,0.37895203,0.39768982,83050.06,292.03345,0.003376439,-0.80433846,0.71951866
Kabale,2018-10-01,-1.242,29.9856,-1.0,30.000000000000014,287.4109,-0.0033498416,0001,17455.652201526806,0.9086567073077686,19.0,0.0,1.0,0.018662353318175562,1.0000305189751728,0.00094379485,0.00015679002,292.63672,293.23145,293.24048,293.28955,293.3152,2.000030518975173,0.40766907,0.40940857,0.39027405,0.3940277,83055.19,292.06152,0.0057958094,-0.68685055,0.54318905
Kabale,2018-11-01,-1.242,29.9856,-1.0,30.000000000000014,287.97974,-0.0033722138,0001,17455.652201526806,0.9086567073077686,19.0,0.0,1.0,0.018662353318175562,1.0000305189751728,0.0012871996,0.00016584992,292.7776,293.33887,293.31763,293.27148,293.27856,2.000030518975173,0.42384338,0.42965698,0.43545532,0.40907288,83017.875,292.2295,0.0054666502,-0.63024235,0.35688686
Kabale,2018-12-01,-1.242,29.9856,-1.0,30.000000000000014,287.6892,-0.003388525,0001,17455.652201526806,0.9086567073077686,19.0,0.0,1.0,0.018662353318175562,1.0000305189751728,0.00085395575,0.00023573637,292.29785,292.93823,292.98315,293.09473,293.2461,2.000030518975173,0.42962646,0.42886353,0.4230194,0.4152069,83092.19,291.86182,0.0049482496,-0.25280094,0.10700321
Kabale,2019-01-01,-1.242,29.9856,-1.0,30.000000000000014,286.85547,-0.0037999256,0001,17455.652201526806,0.9086567073077686,19.0,0.0,1.0,0.018662353318175562,1.0000305189751728,0.0007587187,0.00014775991,293.24658,293.75366,293.66016,293.43896,293.24023,2.000030518975173,0.40881348,0.40846252,0.41015625,0.4160614,83077.625,293.11987,0.0028330404,-0.33057785,-0.020208359
Kabale,2019-02-01,-1.242,29.9856,-1.0,30.000000000000014,286.96045,-0.0034946539,0001,17455.652201526806,0.9086567073077686,19.0,0.0,1.0,0.018662353318175562,1.0000305189751728,0.000632748,0.000121325254,293.84302,294.34473,294.26245,294.04883,293.4939,2.000030518975173,0.36749268,0.3585968,0.36669922,0.40979004,83023.625,293.61304,0.0027548273,-0.4202795,0.16605854
Kabale,2019-03-01,-1.242,29.9856,-1.0,30.000000000000014,287.44482,-0.0036381735,0001,17455.652201526806,0.9086567073077686,19.0,0.0,1.0,0.018662353318175562,1.0000305189751728,0.0006496683,0.00014397502,293.9248,294.4558,294.3728,294.11865,293.7068,2.000030518975173,0.39387512,0.39089966,0.3584137,0.40246582,83046.81,293.45972,0.004231303,-0.33302784,0.22535706
Kabale,2019-04-01,-1.242,29.9856,-1.0,30.000000000000014,288.7483,-0.0035113012,0001,17455.652201526806,0.9086567073077686,19.0,0.0,1.0,0.018662353318175562,1.0000305189751728,0.00128676,0.00022649765,293.3308,293.99243,294.0227,294.07007,293.9297,2.000030518975173,0.42427063,0.42697144,0.38401794,0.3975525,83041.31,292.812,0.0071392166,-0.5256491,0.6861944
Kabale,2019-05-01,-1.242,29.9856,-1.0,30.000000000000014,288.78442,-0.0033697896,0001,17455.652201526806,0.9086567073077686,19.0,0.0,1.0,0.018662353318175562,1.0000305189751728,0.002385646,0.00020959973,292.68164,293.31445,293.3816,293.59937,293.87354,2.000030518975173,0.42585754,0.42388916,0.41500854,0.40602112,83091.625,292.32764,0.006158825,-0.9607763,1.315403
Kabale,2019-06-01,-1.242,29.9856,-1.0,30.000000000000014,287.4187,-0.0031455178,0001,17455.652201526806,0.9086567073077686,19.0,0.0,1.0,0.018662353318175562,1.0000305189751728,0.004004732,0.00022228062,292.43066,292.9807,293.0337,293.21704,293.6416,2.000030518975173,0.4183197,0.42063904,0.43595886,0.41903687,83214.875,292.4673,0.008138754,-0.21023655,0.6718149
Kabale,2019-07-01,-1.242,29.9856,-1.0,30.000000000000014,286.03027,-0.00326222,0001,17455.652201526806,0.9086567073077686,19.0,0.0,1.0,0.018662353318175562,1.0000305189751728,0.0012631342,0.000112727284,292.52832,293.04688,293.06128,293.10645,293.40283,2.000030518975173,0.39431763,0.39474487,0.40808105,0.42167664,83159.69,292.60522,0.0032721714,-0.3279791,0.66927624
Kabale,2019-08-01,-1.242,29.9856,-1.0,30.000000000000014,286.23853,-0.0032517286,0001,17455.652201526806,0.9086567073077686,19.0,0.0,1.0,0.018662353318175562,1.0000305189751728,0.00093945116,0.00012849271,292.94385,293.47485,293.46875,293.44165,293.34302,2.000030518975173,0.3985443,0.39898682,0.3848877,0.41462708,83211.56,292.625,0.0036465342,-0.54857063,0.67698956
Kabale,2019-09-01,-1.242,29.9856,-1.0,30.000000000000014,287.5337,-0.0032802382,0001,17455.652201526806,0.9086567073077686,19.0,0.0,1.0,0.018662353318175562,1.0000305189751728,0.0011484474,0.00014550984,293.0193,293.5725,293.5459,293.48022,293.39673,2.000030518975173,0.4180298,0.42518616,0.41696167,0.4108734,83114.5,292.46436,0.0052385023,-0.49523735,0.5319176
Kabale,2019-10-01,-1.242,29.9856,-1.0,30.000000000000014,288.07886,-0.0030263513,0001,17455.652201526806,0.9086567073077686,19.0,0.0,1.0,0.018662353318175562,1.0000305189751728,0.0053936467,0.00023931265,291.6604,292.3567,292.4673,292.81665,293.29858,2.000030518975173,0.4356537,0.44459534,0.44735718,0.4261322,83001.69,291.22314,0.011698877,-0.4574089,0.5040064
Kabale,2019-11-01,-1.242,29.9856,-1.0,30.000000000000014,288.08643,-0.003387873,0001,17455.652201526806,0.9086567073077686,19.0,0.0,1.0,0.018662353318175562,1.0000305189751728,0.0033598095,0.00020194054,292.6018,293.16406,293.11792,293.04395,293.1045,2.000030518975173,0.42614746,0.4282074,0.42918396,0.44709778,82997.06,291.99756,0.0064603435,-0.40625095,0.2794962
Kabale,2019-12-01,-1.242,29.9856,-1.0,30.000000000000014,288.48926,-0.003350065,0001,17455.652201526806,0.9086567073077686,19.0,0.0,1.0,0.018662353318175562,1.0000305189751728,0.005145952,0.000272125,292.6167,293.2129,293.18896,293.136,293.1106,2.000030518975173,0.43174744,0.43753052,0.4414673,0.45672607,83034.81,291.91846,0.0074705863,-0.0058288574,-0.08628845
Kabale,2020-01-01,-1.242,29.9856,-1.0,30.000000000000014,287.66504,-0.0033390727,0001,17455.652201526806,0.9086567073077686,19.0,0.0,1.0,0.018662353318175562,1.0000305189751728,0.0021586195,0.0001462102,293.1726,293.6626,293.6272,293.47412,293.19287,2.000030518975173,0.40174866,0.40248108,0.38908386,0.44456482,83090.56,292.85815,0.003895009,0.15268421,-0.16871548
Kabale,2020-02-01,-1.242,29.9856,-1.0,30.000000000000014,288.26294,-0.0036424622,0001,17455.652201526806,0.9086567073077686,19.0,0.0,1.0,0.018662353318175562,1.0000305189751728,0.0016955063,0.00019076467,293.74194,294.2539,294.146,293.8662,293.4043,2.000030518975173,0.42121887,0.42178345,0.39672852,0.43293762,83088.75,293.15698,0.0057950686,-0.38846016,0.07941532
Kabale,2020-03-01,-1.242,29.9856,-1.0,30.000000000000014,288.68042,-0.0035424465,0001,17455.652201526806,0.9086567073077686,19.0,0.0,1.0,0.018662353318175562,1.0000305189751728,0.0018637702,0.00020867586,293.76294,294.3086,294.26538,294.15137,293.72852,2.000030518975173,0.43276978,0.4364624,0.43200684,0.43315125,83050.375,293.16455,0.005959519,-0.43273067,0.3554325
Kabale,2020-04-01,-1.242,29.9856,-1.0,30.000000000000014,288.7356,-0.0034504682,0001,17455.652201526806,0.9086567073077686,19.0,0.0,1.0,0.018662353318175562,1.0000305189751728,0.0022127405,0.00023275614,293.29492,293.93237,293.9807,294.03906,293.91113,2.000030518975173,0.42399597,0.4256897,0.4269867,0.43623352,83105.56,292.78467,0.0071920715,-0.6747503,0.6290722
Kabale,2020-05-01,-1.242,29.9856,-1.0,30.000000000000014,287.6162,-0.0034425752,0001,17455.652201526806,0.9086567073077686,19.0,0.0,1.0,0.018662353318175562,1.0000305189751728,0.0058421493,0.00016269088,292.90356,293.4209,293.40576,293.45825,293.77783,2.000030518975173,0.39920044,0.40992737,0.4276123,0.4527588,83213.375,292.67578,0.0064386725,-0.8897915,1.1056385
Kabale,2020-06-01,-1.242,29.9856,-1.0,30.000000000000014,285.94897,-0.003053492,0001,17455.652201526806,0.9086567073077686,19.0,0.0,1.0,0.018662353318175562,1.0000305189751728,0.0014242828,0.000120431185,292.67676,293.2151,293.27197,293.43774,293.6604,2.000030518975173,0.3527527,0.35798645,0.35003662,0.4371338,83182.25,292.7224,0.0026121123,-0.5691147,0.93208504
Kabale,2020-07-01,-1.242,29.9856,-1.0,30.000000000000014,285.03052,-0.0026637204,0001,17455.652201526806,0.9086567073077686,19.0,0.0,1.0,0.018662353318175562,1.0000305189751728,0.0006786734,8.0138445e-05,292.81177,293.23364,293.22998,293.27075,293.4873,2.000030518975173,0.3376007,0.32469177,0.32337952,0.42138672,83091.19,292.75928,0.0017857293,-0.5302534,0.87874126
Kabale,2020-08-01,-1.242,29.9856,-1.0,30.000000000000014,286.3069,-0.0031497013,0001,17455.652201526806,0.9086567073077686,19.0,0.0,1.0,0.018662353318175562,1.0000305189751728,0.00075136125,0.00015869737,293.6123,294.13647,294.07153,293.84985,293.51733,2.000030518975173,0.39637756,0.38398743,0.3290863,0.40898132,83086.75,293.22485,0.0056683645,-0.4850979,0.46206284
Kabale,2020-09-01,-1.242,29.9856,-1.0,30.000000000000014,286.9619,-0.0034374138,0001,17455.652201526806,0.9086567073077686,19.0,0.0,1.0,0.018662353318175562,1.0000305189751728,0.0010939166,0.00017145276,293.1582,293.7561,293.7483,293.7317,293.64087,2.000030518975173,0.42208862,0.42652893,0.3959961,0.40530396,83059.5,292.50537,0.0063562486,-0.32228184,0.38863754
Kabale,2020-10-01,-1.242,29.9856,-1.0,30.000000000000014,287.6975,-0.0033202851,0001,17455.652201526806,0.9086567073077686,19.0,0.0,1.0,0.018662353318175562,1.0000305189751728,0.002658151,0.00021699071,292.6023,293.27563,293.34546,293.53076,293.65283,2.000030518975173,0.42892456,0.4336853,0.4334259,0.4211731,83050.375,292.01367,0.008602423,-0.33524418,0.37034607
Kabale,2020-11-01,-1.242,29.9856,-1.0,30.000000000000014,288.10596,-0.0031235209,0001,17455.652201526806,0.9086567073077686,19.0,0.0,1.0,0.018662353318175562,1.0000305189751728,0.004574053,0.00024709105,292.08984,292.74072,292.80322,293.01025,293.4524,2.000030518975173,0.43151855,0.43771362,0.4472351,0.4500885,83057.75,291.4121,0.0077904398,-0.34109116,0.18194962
Kabale,2020-12-01,-1.242,29.9856,-1.0,30.000000000000014,287.72046,-0.0034942394,0001,17455.652201526806,0.9086567073077686,19.0,0.0,1.0,0.018662353318175562,1.0000305189751728,0.003335327,0.0002645254,292.34912,292.98486,292.97852,293.01367,293.24902,2.000030518975173,0.4345703,0.43940735,0.42774963,0.45031738,83030.125,291.58325,0.006436631,-0.2650175,0.020947456
Kabale,2021-01-01,-1.242,29.9856,-1.0,30.000000000000014,287.2605,-0.0034329528,0001,17455.652201526806,0.9086567073077686,19.0,0.0,1.0,0.018662353318175562,1.0000305189751728,0.0021894276,0.00019454956,292.4458,293.01147,293.00757,293.03857,293.14624,2.000030518975173,0.42248535,0.43000793,0.43251038,0.4439392,82987.69,291.94678,0.004119728,-0.2618351,0.056853294
Kabale,2021-02-01,-1.242,29.9856,-1.0,30.000000000000014,286.93262,-0.003539443,0001,17455.652201526806,0.9086567073077686,19.0,0.0,1.0,0.018662353318175562,1.0000305189751728,0.0013842694,9.547174e-05,293.7207,294.15527,294.02344,293.67993,293.23242,2.000030518975173,0.37979126,0.38227844,0.38146973,0.43571472,83003.19,293.20898,0.0025923522,0.039823532,-0.14184475
Kabale,2021-03-01,-1.242,29.9856,-1.0,30.000000000000014,287.24072,-0.003478433,0001,17455.652201526806,0.9086567073077686,19.0,0.0,1.0,0.018662353318175562,1.0000305189751728,0.0009375587,0.00016820431,293.19604,293.8208,293.85474,293.82373,293.50195,2.000030518975173,0.40213013,0.39385986,0.36036682,0.42404175,82939.06,292.7478,0.0044473005,-0.5770321,0.3932762
Kabale,2021-04-01,-1.242,29.9856,-1.0,30.000000000000014,288.05762,-0.003456952,0001,17455.652201526806,0.9086567073077686,19.0,0.0,1.0,0.018662353318175562,1.0000305189751728,0.0027062148,0.00017547607,292.7776,293.3562,293.34985,293.41724,293.53418,2.000030518975173,0.41477966,0.4138794,0.37657166,0.4153595,83035.81,292.25073,0.00710155,-0.9808054,0.92843914
Kabale,2021-05-01,-1.242,29.9856,-1.0,30.000000000000014,287.78394,-0.0033560256,0001,17455.652201526806,0.9086567073077686,19.0,0.0,1.0,0.018662353318175562,1.0000305189751728,0.0017294586,0.00020420551,292.60913,293.1482,293.1372,293.1797,293.41187,2.000030518975173,0.40759277,0.4163208,0.43286133,0.4278412,83126.625,292.2422,0.0052468097,-0.6909704,0.77326775
Kabale,2021-06-01,-1.242,29.9856,-1.0,30.000000000000014,284.75903,-0.0028799288,0001,17455.652201526806,0.9086567073077686,19.0,0.0,1.0,0.018662353318175562,1.0000305189751728,0.001005739,5.1394105e-05,292.67456,293.1665,293.21484,293.3418,293.37915,2.000030518975173,0.29501343,0.31852722,0.36413574,0.42692566,83160.69,292.7578,0.00093054096,-1.0082836,1.1079216
Kabale,2021-07-01,-1.242,29.9856,-1.0,30.000000000000014,283.7688,-0.0023232354,0001,17455.652201526806,0.9086567073077686,19.0,0.0,1.0,0.018662353318175562,1.0000305189751728,0.0005211383,5.5253506e-05,293.62866,293.96533,293.84204,293.54248,293.3557,2.000030518975173,0.27174377,0.28137207,0.31884766,0.4131012,83211.375,293.19116,0.000905934,-0.59577847,0.9959736
Kabale,2021-08-01,-1.242,29.9856,-1.0,30.000000000000014,285.3369,-0.0028671874,0001,17455.652201526806,0.9086567073077686,19.0,0.0,1.0,0.018662353318175562,1.0000305189751728,0.00044789165,0.0001257807,293.4712,294.01318,293.96387,293.85278,293.5598,2.000030518975173,0.35108948,0.3478546,0.3123932,0.40086365,83140.94,292.82495,0.0045381263,-0.58890915,0.6178417
Kabale,2021-09-01,-1.242,29.9856,-1.0,30.000000000000014,287.28223,-0.0032646414,0001,17455.652201526806,0.9086567073077686,19.0,0.0,1.0,0.018662353318175562,1.0000305189751728,0.000859797,0.00018014014,292.96948,293.5857,293.60938,293.66504,293.61987,2.000030518975173,0.42245483,0.4247589,0.3709259,0.39439392,83091.19,292.30322,0.0064511974,-0.45269012,0.41386986
Kabale,2021-10-01,-1.242,29.9856,-1.0,30.000000000000014,287.77002,-0.0035553277,0001,17455.652201526806,0.9086567073077686,19.0,0.0,1.0,0.018662353318175562,1.0000305189751728,0.0010196045,0.00018529594,293.38403,293.96362,293.9192,293.812,293.66846,2.000030518975173,0.42648315,0.4306488,0.42304993,0.40341187,83030.375,292.7041,0.0056808614,-0.44792175,0.27757835
Kabale,2021-11-01,-1.242,29.9856,-1.0,30.000000000000014,287.48608,-0.0033360682,0001,17455.652201526806,0.9086567073077686,19.0,0.0,1.0,0.018662353318175562,1.0000305189751728,0.0012809858,0.00017775595,292.91504,293.55933,293.62793,293.7644,293.7456,2.000030518975173,0.40330505,0.41189575,0.41799927,0.41174316,83005.5,292.21338,0.0047534453,-0.41889763,0.24388695
Kabale,2021-12-01,-1.242,29.9856,-1.0,30.000000000000014,287.76172,-0.003287064,0001,17455.652201526806,0.9086567073077686,19.0,0.0,1.0,0.018662353318175562,1.0000305189751728,0.00091346353,0.00017805398,292.65356,293.2151,293.239,293.33472,293.62158,2.000030518975173,0.41667175,0.416214,0.40924072,0.40959167,83012.81,292.30176,0.0043601734,-0.68241787,0.36162567
Kabale,2022-01-01,-1.242,29.9856,-1.0,30.000000000000014,286.4248,-0.003421031,0001,17455.652201526806,0.9086567073077686,19.0,0.0,1.0,0.018662353318175562,1.0000305189751728,0.00084511936,0.00013270974,292.812,293.32373,293.3191,293.3208,293.49023,2.000030518975173,0.3882141,0.39668274,0.40863037,0.4105072,83020.81,292.68213,0.002306591,0.0017786026,-0.1377058
Kabale,2022-02-01,-1.242,29.9856,-1.0,30.000000000000014,287.02588,-0.0034397896,0001,17455.652201526806,0.9086567073077686,19.0,0.0,1.0,0.018662353318175562,1.0000305189751728,0.0007561892,0.00015866756,293.39844,293.8667,293.78296,293.62256,293.46436,2.000030518975173,0.39994812,0.39260864,0.37068176,0.40512085,82990.94,292.84644,0.0039774873,0.18447971,-0.016281128
Kabale,2022-03-01,-1.242,29.9856,-1.0,30.000000000000014,287.11475,-0.003659443,0001,17455.652201526806,0.9086567073077686,19.0,0.0,1.0,0.018662353318175562,1.0000305189751728,0.00065449625,0.0001500547,293.72485,294.29224,294.25903,294.1045,293.6692,2.000030518975173,0.40252686,0.39816284,0.36505127,0.39852905,82927.44,293.2461,0.0041132793,-0.44246483,0.22073269
Kabale,2022-04-01,-1.242,29.9856,-1.0,30.000000000000014,288.1421,-0.0032921303,0001,17455.652201526806,0.9086567073077686,19.0,0.0,1.0,0.018662353318175562,1.0000305189751728,0.0015450418,0.00022098422,292.91162,293.54834,293.6128,293.79565,293.80933,2.000030518975173,0.41452026,0.41619873,0.38793945,0.39468384,82959.06,292.2942,0.007711487,-0.65325546,0.6833582
Kabale,2022-05-01,-1.242,29.9856,-1.0,30.000000000000014,287.66504,-0.003362595,0001,17455.652201526806,0.9086567073077686,19.0,0.0,1.0,0.018662353318175562,1.0000305189751728,0.0014782697,0.00018043816,292.55322,293.12988,293.167,293.2981,293.63623,2.000030518975173,0.41374207,0.42105103,0.43122864,0.4156189,83146.94,292.20728,0.0050774054,-0.7043133,0.9076452
Kabale,2022-06-01,-1.242,29.9856,-1.0,30.000000000000014,284.60962,-0.0031646853,0001,17455.652201526806,0.9086567073077686,19.0,0.0,1.0,0.018662353318175562,1.0000305189751728,0.0009426847,3.6373734e-05,291.8169,292.33813,292.41113,292.68628,293.34424,2.000030518975173,0.34324646,0.36125183,0.4033203,0.41578674,83104.0,292.04614,0.0006390776,-0.8934622,1.293376
Kabale,2022-07-01,-1.242,29.9856,-1.0,30.000000000000014,283.094,-0.0022238567,0001,17455.652201526806,0.9086567073077686,19.0,0.0,1.0,0.018662353318175562,1.0000305189751728,0.0006507337,4.7177076e-05,293.35083,293.79028,293.6985,293.42505,293.19385,2.000030518975173,0.24041748,0.2755432,0.3363037,0.40541077,83135.5,293.0188,0.0018294059,-0.7093277,0.988081
Kabale,2022-08-01,-1.242,29.9856,-1.0,30.000000000000014,286.23218,-0.0030571595,0001,17455.652201526806,0.9086567073077686,19.0,0.0,1.0,0.018662353318175562,1.0000305189751728,0.0012783855,0.00015841424,292.54248,293.0996,293.1101,293.22485,293.29517,2.000030518975173,0.40579224,0.41099548,0.36663818,0.39613342,83071.5,291.95435,0.0075341896,-0.28381348,0.48879528
Kabale,2022-09-01,-1.242,29.9856,-1.0,30.000000000000014,287.41504,-0.0019282456,0001,17455.652201526806,0.9086567073077686,19.0,0.0,1.0,0.018662353318175562,1.0000305189751728,0.0011274666,0.00019092858,292.29297,292.9099,292.92993,293.00854,293.1936,2.000030518975173,0.4256897,0.43165588,0.4452362,0.422287,82908.0,291.48877,0.0034097224,-0.16780758,0.30586624
Kabale,2022-10-01,-1.242,29.9856,-1.0,30.000000000000014,286.83447,-0.0021297932,0001,17455.652201526806,0.9086567073077686,19.0,0.0,1.0,0.018662353318175562,1.0000305189751728,0.00069854036,0.00013114512,293.06958,293.58862,293.5232,293.3662,293.2024,2.000030518975173,0.40052795,0.40394592,0.3973236,0.42723083,82865.56,292.40308,0.0016050452,-0.4794197,0.30617142
Kabale,2022-11-01,-1.242,29.9856,-1.0,30.000000000000014,287.99292,-0.0017622532,0001,17455.652201526806,0.9086567073077686,19.0,0.0,1.0,0.018662353318175562,1.0000305189751728,0.0019238815,0.00027364492,291.81567,292.49805,292.6255,292.94116,293.2173,2.000030518975173,0.43536377,0.43737793,0.4322815,0.43571472,82854.75,291.04956,0.005082557,-0.1946497,0.14315128
Kabale,2022-12-01,-1.242,29.9856,-1.0,30.000000000000014,287.49,-0.0019057193,0001,17455.652201526806,0.9086567073077686,19.0,0.0,1.0,0.018662353318175562,1.0000305189751728,0.0016999282,0.000251472,291.53906,292.18506,292.23193,292.42285,292.92212,2.000030518975173,0.434021,0.4411316,0.429245,0.45031738,82847.0,290.82837,0.002905064,-0.14008427,0.0470047
Kabale,2023-01-01,-1.242,29.9856,-1.0,30.000000000000014,286.28735,-0.0020745285,0001,17455.652201526806,0.9086567073077686,19.0,0.0,1.0,0.018662353318175562,1.0000305189751728,0.00096125156,0.00013539195,292.00854,292.57544,292.56616,292.56445,292.71875,2.000030518975173,0.39971924,0.40438843,0.40731812,0.442688,82857.81,291.5354,0.0012206967,-0.20927334,-0.0016994476
Kabale,2023-02-01,-1.242,29.9856,-1.0,30.000000000000014,286.24805,-0.0020443713,0001,17455.652201526806,0.9086567073077686,19.0,0.0,1.0,0.018662353318175562,1.0000305189751728,0.0005609691,0.00012670457,293.49902,293.96582,293.8098,293.36182,292.8059,2.000030518975173,0.36090088,0.3538208,0.35456848,0.43003845,82835.06,292.94336,0.0015143151,0.0034217834,-0.11147785
Kabale,2023-03-01,-1.242,29.9856,-1.0,30.000000000000014,288.01416,-0.0018814811,0001,17455.652201526806,0.9086567073077686,19.0,0.0,1.0,0.018662353318175562,1.0000305189751728,0.0011576898,0.00026358664,292.40527,293.05933,293.1167,293.26562,293.10132,2.000030518975173,0.43043518,0.4380188,0.41197205,0.42434692,82842.0,291.6079,0.00460875,0.031593323,0.09424114
Kabale,2023-04-01,-1.242,29.9856,-1.0,30.000000000000014,288.2356,-0.0019534826,0001,17455.652201526806,0.9086567073077686,19.0,0.0,1.0,0.018662353318175562,1.0000305189751728,0.0011982322,0.00022497773,292.34448,292.93066,292.93652,292.94434,293.04492,2.000030518975173,0.4278717,0.43229675,0.43858337,0.4421997,82809.31,291.73145,0.0030504602,-0.7065668,0.6491022
Kabale,2023-05-01,-1.242,29.9856,-1.0,30.000000000000014,287.66064,-0.0020476845,0001,17455.652201526806,0.9086567073077686,19.0,0.0,1.0,0.018662353318175562,1.0000305189751728,0.0014649406,0.00012479722,293.16846,293.6101,293.50928,293.25854,293.03735,2.000030518975173,0.37982178,0.39572144,0.42329407,0.4494934,82993.81,292.79297,0.0014832874,-0.86972237,0.8541212
Kabale,2023-06-01,-1.242,29.9856,-1.0,30.000000000000014,286.47778,-0.0017155642,0001,17455.652201526806,0.9086567073077686,19.0,0.0,1.0,0.018662353318175562,1.0000305189751728,0.0006541945,0.00016750395,292.9419,293.4497,293.45093,293.4663,293.2578,2.000030518975173,0.34736633,0.34158325,0.346344,0.434021,83010.44,292.92627,0.001736631,-0.6025648,0.70997715
Kabale,2023-07-01,-1.242,29.9856,-1.0,30.000000000000014,282.93994,-0.0015700078,0001,17455.652201526806,0.9086567073077686,19.0,0.0,1.0,0.018662353318175562,1.0000305189751728,0.00032583997,1.6614795e-05,293.71777,294.0808,293.90308,293.5027,293.2871,2.000030518975173,0.2722931,0.31404114,0.3340454,0.41973877,83078.94,293.63452,0.00018947365,-0.8880024,1.0244122
Kabale,2023-08-01,-1.242,29.9856,-1.0,30.000000000000014,284.97388,-0.0014083567,0001,17455.652201526806,0.9086567073077686,19.0,0.0,1.0,0.018662353318175562,1.0000305189751728,0.0001909174,4.567206e-05,294.92773,295.26172,295.10083,294.5974,293.65503,2.000030518975173,0.28962708,0.28102112,0.30252075,0.4063263,82984.19,294.1787,0.00074972067,-0.99887943,0.7440691
Kabale,2023-09-01,-1.242,29.9856,-1.0,30.000000000000014,287.93213,-0.0019163177,0001,17455.652201526806,0.9086567073077686,19.0,0.0,1.0,0.018662353318175562,1.0000305189751728,0.000499662,0.00021006167,293.67407,294.32227,294.35474,294.42285,294.08252,2.000030518975173,0.41007996,0.39744568,0.346344,0.39630127,82936.69,292.74414,0.003722129,-0.31661987,0.32428265
Kabale,2023-10-01,-1.242,29.9856,-1.0,30.000000000000014,288.00708,-0.0019944138,0001,17455.652201526806,0.9086567073077686,19.0,0.0,1.0,0.018662353318175562,1.0000305189751728,0.0006934628,0.00017212331,292.97266,293.61792,293.67798,293.8589,294.07397,2.000030518975173,0.4217987,0.42497253,0.42434692,0.40260315,82887.56,292.44214,0.0034329663,-0.4735613,0.34654808
Kabale,2023-11-01,-1.242,29.9856,-1.0,30.000000000000014,288.7434,-0.0016933801,0001,17455.652201526806,0.9086567073077686,19.0,0.0,1.0,0.018662353318175562,1.0000305189751728,0.0013335347,0.0002888441,291.78027,292.48926,292.6494,293.10327,293.80396,2.000030518975173,0.43862915,0.44703674,0.45391846,0.43289185,82888.25,291.24292,0.0046462286,-0.35916233,0.31430054
Kabale,2023-12-01,-1.242,29.9856,-1.0,30.000000000000014,288.56323,-0.0020788456,0001,17455.652201526806,0.9086567073077686,19.0,0.0,1.0,0.018662353318175562,1.0000305189751728,0.0017389618,0.00024038553,293.06567,293.6394,293.58423,293.42847,293.49512,2.000030518975173,0.43537903,0.44010925,0.44309998,0.4496765,82911.5,292.27563,0.0028088642,-0.23526001,0.011312485
Kabale,2024-01-01,-1.242,29.9856,-1.0,30.000000000000014,287.74,-0.0019924962,0001,17455.652201526806,0.9086567073077686,19.0,0.0,1.0,0.018662353318175562,1.0000305189751728,0.00097064674,0.0001258105,293.57007,294.00684,293.92163,293.73608,293.55664,2.000030518975173,0.39059448,0.3933258,0.39837646,0.44181824,83000.06,292.90894,0.0010548278,0.49986935,-0.2757206
Kabale,2024-02-01,-1.242,29.9856,-1.0,30.000000000000014,288.20435,-0.0020200969,0001,17455.652201526806,0.9086567073077686,19.0,0.0,1.0,0.018662353318175562,1.0000305189751728,0.00066420436,0.00016714633,293.91895,294.4192,294.33838,294.13037,293.73462,2.000030518975173,0.40444946,0.39442444,0.35717773,0.42823792,82981.56,293.21313,0.0021895138,-0.15977287,5.8174133e-05
Kabale,2024-03-01,-1.242,29.9856,-1.0,30.000000000000014,288.25342,-0.0036795652,0001,17455.652201526806,0.9086567073077686,19.0,0.0,1.0,0.018662353318175562,1.0000305189751728,0.00085740536,0.00016471744,294.22778,294.78784,294.73657,294.49902,293.99878,2.000030518975173,0.40623474,0.40415955,0.37219238,0.41828918,82925.375,293.73218,0.0042991447,-0.73031616,0.5327797
Kabale,2024-04-01,-1.242,29.9856,-1.0,30.000000000000014,289.1731,-0.0033348622,0001,17455.652201526806,0.9086567073077686,19.0,0.0,1.0,0.018662353318175562,1.0000305189751728,0.0011608228,0.00022472441,293.34595,293.92017,293.93018,294.0454,294.11914,2.000030518975173,0.4317627,0.4328308,0.40309143,0.41304016,82892.44,292.7661,0.006466293,-0.5798712,0.66459465
Kabale,2024-05-01,-1.242,29.9856,-1.0,30.000000000000014,288.14624,-0.003547633,0001,17455.652201526806,0.9086567073077686,19.0,0.0,1.0,0.018662353318175562,1.0000305189751728,0.002222851,0.00015731156,293.75024,294.25415,294.22217,294.15503,294.11304,2.000030518975173,0.40238953,0.41246033,0.43104553,0.4360199,82976.56,293.46362,0.004838636,-0.63089657,0.83938026
Kabale,2024-06-01,-1.242,29.9856,-1.0,30.000000000000014,284.67432,-0.0030242456,0001,17455.652201526806,0.9086567073077686,19.0,0.0,1.0,0.018662353318175562,1.0000305189751728,0.0009826496,3.6537647e-05,293.7202,294.23706,294.26904,294.33252,294.2107,2.000030518975173,0.28422546,0.30981445,0.35714722,0.4273529,83021.81,293.73755,0.00058166764,-0.8224449,1.0801163
Kabale,2024-07-01,-1.242,29.9856,-1.0,30.000000000000014,285.8274,-0.0029531652,0001,17455.652201526806,0.9086567073077686,19.0,0.0,1.0,0.018662353318175562,1.0000305189751728,0.0007341504,0.00015024841,293.6963,294.24023,294.2229,294.1753,294.19775,2.000030518975173,0.3511963,0.34664917,0.32234192,0.4128723,83017.375,293.42358,0.0046266173,-0.119215965,0.33342266
Kabale,2024-08-01,-1.242,29.9856,-1.0,30.000000000000014,286.05835,-0.0032919832,0001,17455.652201526806,0.9086567073077686,19.0,0.0,1.0,0.018662353318175562,1.0000305189751728,0.00072499365,0.00012515485,293.8186,294.312,294.28735,294.24097,294.20068,2.000030518975173,0.39305115,0.39398193,0.35646057,0.40344238,82978.94,293.51758,0.0038131883,-0.3369856,0.42430687
Kabale,2024-09-01,-1.242,29.9856,-1.0,30.000000000000014,286.6494,-0.0033140555,0001,17455.652201526806,0.9086567073077686,19.0,0.0,1.0,0.018662353318175562,1.0000305189751728,0.00068251044,0.00012359023,294.15405,294.6648,294.61426,294.4624,294.24634,2.000030518975173,0.3779602,0.37530518,0.3536682,0.3972473,82928.375,293.48706,0.0046433974,-0.5269766,0.47240925
Kabale,2024-10-01,-1.242,29.9856,-1.0,30.000000000000014,287.76953,-0.0034648282,0001,17455.652201526806,0.9086567073077686,19.0,0.0,1.0,0.018662353318175562,1.0000305189751728,0.0009906515,0.00020381808,293.15405,293.80273,293.84033,294.02124,294.2671,2.000030518975173,0.4280548,0.43319702,0.40679932,0.39639282,82924.5,292.56494,0.006301238,-0.4457798,0.3687687
Kabale,2024-11-01,-1.242,29.9856,-1.0,30.000000000000014,288.16577,-0.0032057632,0001,17455.652201526806,0.9086567073077686,19.0,0.0,1.0,0.018662353318175562,1.0000305189751728,0.0031713843,0.00025212765,292.3369,293.08105,293.22583,293.6184,294.0735,2.000030518975173,0.43463135,0.44215393,0.44462585,0.41900635,82887.19,291.68555,0.009983061,-0.30559444,0.14864922
Kabale,2024-12-01,-1.242,29.9856,-1.0,30.000000000000014,287.59912,-0.0034499904,0001,17455.652201526806,0.9086567073077686,19.0,0.0,1.0,0.018662353318175562,1.0000305189751728,0.004119627,0.00022861362,292.54272,293.1704,293.19507,293.3164,293.74878,2.000030518975173,0.42800903,0.4330597,0.42973328,0.4496765,82919.875,291.92358,0.0054290215,-0.2656803,-0.018734932
Kabale,2025-01-01,-1.242,29.9856,-1.0,30.000000000000014,286.21045,-0.0034874408,0001,17455.652201526806,0.9086567073077686,19.0,0.0,1.0,0.018662353318175562,1.0000305189751728,0.001446873,0.00010201335,293.14966,293.6372,293.58276,293.51245,293.5957,2.000030518975173,0.36904907,0.36637878,0.37117004,0.43632507,82856.125,292.85596,0.0019789792,0.10987377,-0.17455482
Kabale,2025-02-01,-1.242,29.9856,-1.0,30.000000000000014,286.04077,-0.0033563673,0001,17455.652201526806,0.9086567073077686,19.0,0.0,1.0,0.018662353318175562,1.0000305189751728,0.00070068985,0.00011110306,294.67725,295.08398,294.8816,294.33496,293.72705,2.000030518975173,0.33033752,0.322464,0.32766724,0.42131042,82794.0,294.0891,0.0017035333,-0.47494316,0.007572174
Kabale,2025-03-01,-1.242,29.9856,-1.0,30.000000000000014,287.4485,-0.003034628,0001,17455.652201526806,0.9086567073077686,19.0,0.0,1.0,0.018662353318175562,1.0000305189751728,0.00074233115,0.00019150972,294.38574,294.9944,294.9851,294.8794,294.18896,2.000030518975173,0.3529358,0.34033203,0.30906677,0.40748596,82843.125,293.51636,0.0054920935,-0.41159153,0.32199097
Kabale,2025-04-01,-1.242,29.9856,-1.0,30.000000000000014,288.53125,-0.0034239446,0001,17455.652201526806,0.9086567073077686,19.0,0.0,1.0,0.018662353318175562,1.0000305189751728,0.0015072972,0.0002540499,292.94873,293.6255,293.69458,293.90747,294.22583,2.000030518975173,0.43215942,0.43748474,0.41435242,0.40705872,82867.19,292.27173,0.0073052435,-0.65395164,0.6130829
Kabale,2025-05-01,-1.242,29.9856,-1.0,30.000000000000014,287.7173,-0.0033738073,0005,17455.652201526806,0.9086567073077686,19.0,0.0,1.0,0.018662353318175562,1.0000305189751728,0.0009685531,0.00016748905,292.50928,293.12183,293.20703,293.46118,293.96436,2.000030518975173,0.41322327,0.41996765,0.421463,0.4160614,83008.625,292.135,0.0036341697,-0.8697338,1.0213032
Kabale,2025-06-01,-1.242,29.9856,-1.0,30.000000000000014,286.1477,-0.0032584881,0005,17455.652201526806,0.9086567073077686,19.0,0.0,1.0,0.018662353318175562,1.0000305189751728,0.00061805546,0.00012747943,292.07935,292.66846,292.7744,293.08008,293.6499,2.000030518975173,0.3824768,0.3877411,0.3915558,0.41233826,83072.69,292.1494,0.0027965438,-0.6886358,0.9854059
Kasese,1981-01-01,0.1699,30.0781,0.20000000000000104,30.100000000000016,289.19458,-0.0025691157,0001,10529.614022288868,0.827247341034288,19.0,0.0,1.0,0.10989882959730213,1.0000305189751728,0.0007593185,0.00011584163,296.1919,296.59644,296.39185,295.8794,295.45166,3.999954221537241,0.34762573,0.35923767,0.35914612,0.4237671,89679.56,297.6411,0.0018781972,-0.46579838,-0.57907486
Kasese,1981-02-01,0.1699,30.0781,0.20000000000000104,30.100000000000016,287.8877,-0.0020607207,0001,10529.614022288868,0.827247341034288,19.0,0.0,1.0,0.10989882959730213,1.0000305189751728,0.00037471205,6.176531e-05,298.04297,298.36035,298.03394,297.1648,295.8645,3.999954221537241,0.3138275,0.33041382,0.33673096,0.41490173,89580.56,299.3452,0.0013777382,-0.4685297,-0.51363087
Kasese,1981-03-01,0.1699,30.0781,0.20000000000000104,30.100000000000016,291.08545,-0.002743096,0001,10529.614022288868,0.827247341034288,19.0,0.0,1.0,0.10989882959730213,1.0000305189751728,0.0016844794,0.00027883053,295.53003,296.29272,296.49756,296.86182,296.37305,3.999954221537241,0.42277527,0.3865204,0.35508728,0.4115448,89657.44,296.88916,0.0077551315,-0.22035313,-0.05280304
Kasese,1981-04-01,0.1699,30.0781,0.20000000000000104,30.100000000000016,291.7849,-0.0035397345,0001,10529.614022288868,0.827247341034288,19.0,0.0,1.0,0.10989882959730213,1.0000305189751728,0.006135434,0.00035962462,294.583,295.29248,295.36157,295.63428,296.23584,3.999954221537241,0.47302246,0.47894287,0.43267822,0.42160034,89715.94,296.34595,0.011918132,-0.27732086,0.11005497
Kasese,1981-05-01,0.1699,30.0781,0.20000000000000104,30.100000000000016,291.33862,-0.0034465306,0001,10529.614022288868,0.827247341034288,19.0,0.0,1.0,0.10989882959730213,1.0000305189751728,0.0047320947,0.0003502965,294.11768,294.8147,294.91162,295.23193,295.92773,3.999954221537241,0.46850586,0.48094177,0.47801208,0.42504883,89793.875,296.2915,0.009260582,-0.42295456,0.09448433
Kasese,1981-06-01,0.1699,30.0781,0.20000000000000104,30.100000000000016,289.74512,-0.0034836633,0001,10529.614022288868,0.827247341034288,19.0,0.0,1.0,0.10989882959730213,1.0000305189751728,0.003039606,0.00022608042,294.38696,294.97388,295.0078,295.15625,295.60962,3.999954221537241,0.43041992,0.44410706,0.4663849,0.4396515,89877.81,297.14624,0.0047510094,-0.50482655,0.067863464
Kasese,1981-07-01,0.1699,30.0781,0.20000000000000104,30.100000000000016,289.7058,-0.00293078,0001,10529.614022288868,0.827247341034288,19.0,0.0,1.0,0.10989882959730213,1.0000305189751728,0.00067590177,0.00017559528,294.72583,295.2273,295.2378,295.27588,295.45923,3.999954221537241,0.3874817,0.39045715,0.41532898,0.4343872,89842.75,296.89697,0.0022524826,-0.42726517,0.20905113
Kasese,1981-08-01,0.1699,30.0781,0.20000000000000104,30.100000000000016,290.57568,-0.003047646,0001,10529.614022288868,0.827247341034288,19.0,0.0,1.0,0.10989882959730213,1.0000305189751728,0.0012459531,0.00022213161,294.67358,295.24707,295.2688,295.33447,295.41602,3.999954221537241,0.42622375,0.41461182,0.41212463,0.43077087,89807.81,296.4746,0.005045551,-0.30768776,0.18840504
Kasese,1981-09-01,0.1699,30.0781,0.20000000000000104,30.100000000000016,290.4397,-0.0032295305,0001,10529.614022288868,0.827247341034288,19.0,0.0,1.0,0.10989882959730213,1.0000305189751728,0.0015775412,0.00020891428,294.6057,295.1577,295.1277,295.10742,295.30835,3.999954221537241,0.426651,0.41308594,0.4020996,0.43229675,89788.625,296.28418,0.0050223274,-0.2848177,0.06664181
Kasese,1981-10-01,0.1699,30.0781,0.20000000000000104,30.100000000000016,290.74487,-0.0033321008,0001,10529.614022288868,0.827247341034288,19.0,0.0,1.0,0.10989882959730213,1.0000305189751728,0.0023614839,0.0002310425,294.54834,295.17578,295.22144,295.32446,295.30542,3.999954221537241,0.44288635,0.43823242,0.39816284,0.43304443,89720.31,296.35425,0.005521415,-0.4453001,-0.09149647
Kasese,1981-11-01,0.1699,30.0781,0.20000000000000104,30.100000000000016,290.49707,-0.003602176,0001,10529.614022288868,0.827247341034288,19.0,0.0,1.0,0.10989882959730213,1.0000305189751728,0.0032230169,0.00028710067,294.06055,294.7173,294.76514,294.93384,295.22534,3.999954221537241,0.46398926,0.4656067,0.41809082,0.43208313,89696.94,296.14258,0.006946934,-0.48226452,-0.33697605
Kasese,1981-12-01,0.1699,30.0781,0.20000000000000104,30.100000000000016,290.01758,-0.0034950823,0001,10529.614022288868,0.827247341034288,19.0,0.0,1.0,0.10989882959730213,1.0000305189751728,0.0023132935,0.00024712086,294.29834,294.86865,294.85962,294.86768,295.08374,3.999954221537241,0.43333435,0.42453003,0.41516113,0.4294281,89708.125,296.70557,0.004921376,-0.6038084,-0.5494242
Kasese,1982-01-01,0.1699,30.0781,0.20000000000000104,30.100000000000016,290.198,-0.0032314658,0001,10529.614022288868,0.827247341034288,19.0,0.0,1.0,0.10989882959730213,1.0000305189751728,0.0015727952,0.00019197166,295.00342,295.5005,295.40942,295.17773,295.0464,3.999954221537241,0.41178894,0.3966217,0.39775085,0.4261322,89639.875,296.90137,0.0038780316,-0.4495325,-0.5496645
Kasese,1982-02-01,0.1699,30.0781,0.20000000000000104,30.100000000000016,289.24683,-0.002749974,0001,10529.614022288868,0.827247341034288,19.0,0.0,1.0,0.10989882959730213,1.0000305189751728,0.0008947626,9.648502e-05,296.93896,297.2798,297.03345,296.2964,295.2954,3.999954221537241,0.36203003,0.3562317,0.37127686,0.4207611,89578.94,298.71948,0.0022521194,-0.32377625,-0.33082867
Kasese,1982-03-01,0.1699,30.0781,0.20000000000000104,30.100000000000016,289.81787,-0.0028710328,0001,10529.614022288868,0.827247341034288,19.0,0.0,1.0,0.10989882959730213,1.0000305189751728,0.0013576448,0.00018191338,296.52515,297.02222,296.90894,296.56445,295.7422,3.999954221537241,0.38285828,0.36184692,0.36875916,0.41456604,89589.44,298.14966,0.005060009,-0.5700674,-0.26407623
Kasese,1982-04-01,0.1699,30.0781,0.20000000000000104,30.100000000000016,291.08276,-0.003157293,0001,10529.614022288868,0.827247341034288,19.0,0.0,1.0,0.10989882959730213,1.0000305189751728,0.0023466423,0.00029234588,295.18018,295.82983,295.92896,296.2207,296.02612,3.999954221537241,0.43804932,0.41836548,0.36993408,0.41828918,89692.94,297.16626,0.0058091767,-0.39789867,0.092868805
Kasese,1982-05-01,0.1699,30.0781,0.20000000000000104,30.100000000000016,291.4441,-0.0031638015,0001,10529.614022288868,0.827247341034288,19.0,0.0,1.0,0.10989882959730213,1.0000305189751728,0.003181249,0.00029486418,294.37866,295.03027,295.1338,295.43115,295.92798,3.999954221537241,0.45126343,0.45280457,0.39537048,0.41789246,89785.19,296.52368,0.0066158557,-0.42259026,0.10042095
Kasese,1982-06-01,0.1699,30.0781,0.20000000000000104,30.100000000000016,290.18018,-0.0031026527,0001,10529.614022288868,0.827247341034288,19.0,0.0,1.0,0.10989882959730213,1.0000305189751728,0.0020523965,0.00018851459,294.82446,295.32788,295.31836,295.35303,295.68018,3.999954221537241,0.4126892,0.42018127,0.3968048,0.41493225,89909.81,297.25098,0.0037132846,-0.6502905,0.039256096
Kasese,1982-07-01,0.1699,30.0781,0.20000000000000104,30.100000000000016,288.27246,-0.0022103945,0001,10529.614022288868,0.827247341034288,19.0,0.0,1.0,0.10989882959730213,1.0000305189751728,0.00059217215,7.4103475e-05,296.23267,296.6167,296.48096,296.125,295.70532,3.999954221537241,0.32026672,0.3400879,0.3560791,0.406662,89837.875,297.78735,0.001770596,-0.7955723,0.029177666
Kasese,1982-08-01,0.1699,30.0781,0.20000000000000104,30.100000000000016,289.2881,-0.0024641156,0001,10529.614022288868,0.827247341034288,19.0,0.0,1.0,0.10989882959730213,1.0000305189751728,0.00039343536,0.00013376772,296.06567,296.469,296.3772,296.16968,295.88306,3.999954221537241,0.37643433,0.35842896,0.3443451,0.3990326,89832.94,297.36304,0.0021014535,-0.66562843,0.08395386
Kasese,1982-09-01,0.1699,30.0781,0.20000000000000104,30.100000000000016,290.08618,-0.002915144,0001,10529.614022288868,0.827247341034288,19.0,0.0,1.0,0.10989882959730213,1.0000305189751728,0.0011042207,0.00020234287,295.62085,296.24585,296.3152,296.41016,296.0752,3.999954221537241,0.40686035,0.38568115,0.36006165,0.39468384,89792.56,297.11597,0.0054418994,-0.5688858,-0.010520935
Kasese,1982-10-01,0.1699,30.0781,0.20000000000000104,30.100000000000016,290.19165,-0.0029031513,0001,10529.614022288868,0.827247341034288,19.0,0.0,1.0,0.10989882959730213,1.0000305189751728,0.0010157451,0.00020879507,294.56006,295.18652,295.27588,295.57715,296.01758,3.999954221537241,0.4153595,0.40376282,0.36746216,0.3979187,89712.44,296.24194,0.004400274,-0.48567772,-0.00017547607
Kasese,1982-11-01,0.1699,30.0781,0.20000000000000104,30.100000000000016,291.02026,-0.003150574,0001,10529.614022288868,0.827247341034288,19.0,0.0,1.0,0.10989882959730213,1.0000305189751728,0.0033831075,0.00031878054,294.2954,294.9829,295.06982,295.32495,295.79248,3.999954221537241,0.4474182,0.42852783,0.37506104,0.40560913,89731.44,295.87158,0.007896093,-0.35417652,-0.08646965
Kasese,1982-12-01,0.1699,30.0781,0.20000000000000104,30.100000000000016,290.96924,-0.003460803,0001,10529.614022288868,0.827247341034288,19.0,0.0,1.0,0.10989882959730213,1.0000305189751728,0.0029500052,0.00025613606,294.13232,294.73706,294.73486,294.86548,295.49902,3.999954221537241,0.4515686,0.45289612,0.41160583,0.4052887,89745.44,296.14844,0.0053371247,-0.43947315,-0.5704832
Kasese,1983-01-01,0.1699,30.0781,0.20000000000000104,30.100000000000016,289.26196,-0.0026515182,0001,10529.614022288868,0.827247341034288,19.0,0.0,1.0,0.10989882959730213,1.0000305189751728,0.0006927252,5.9977174e-05,296.53394,296.83887,296.56763,295.91455,295.427,3.999954221537241,0.33444214,0.36239624,0.37550354,0.3982849,89755.125,298.44385,0.0010213671,-0.35600567,-0.50649166
Kasese,1983-02-01,0.1699,30.0781,0.20000000000000104,30.100000000000016,290.21118,-0.0028116154,0001,10529.614022288868,0.827247341034288,19.0,0.0,1.0,0.10989882959730213,1.0000305189751728,0.00072360784,0.00012248755,297.4248,297.81714,297.62354,297.06104,295.8772,3.999954221537241,0.36972046,0.37208557,0.35746765,0.39115906,89675.0,299.3335,0.0035733161,-0.36096573,-0.3993349
Kasese,1983-03-01,0.1699,30.0781,0.20000000000000104,30.100000000000016,291.37476,-0.0029587606,0001,10529.614022288868,0.827247341034288,19.0,0.0,1.0,0.10989882959730213,1.0000305189751728,0.0012648478,0.00019653141,297.3335,297.85864,297.77832,297.39673,296.38916,3.999954221537241,0.39283752,0.38633728,0.36569214,0.38961792,89663.625,299.0122,0.0053628036,-0.4379425,-0.27168083
Kasese,1983-04-01,0.1699,30.0781,0.20000000000000104,30.100000000000016,291.45898,-0.003392695,0001,10529.614022288868,0.827247341034288,19.0,0.0,1.0,0.10989882959730213,1.0000305189751728,0.003862299,0.0002824664,295.74487,296.43262,296.521,296.76807,296.6587,3.999954221537241,0.43666077,0.42721558,0.37402344,0.39648438,89709.81,297.77808,0.008433361,-0.48797035,0.046251297
Kasese,1983-05-01,0.1699,30.0781,0.20000000000000104,30.100000000000016,291.35645,-0.003514179,0001,10529.614022288868,0.827247341034288,19.0,0.0,1.0,0.10989882959730213,1.0000305189751728,0.0021221042,0.00023782253,295.60352,296.1902,296.19653,296.26562,296.56445,3.999954221537241,0.43084717,0.43145752,0.39553833,0.39570618,89728.69,297.87012,0.004667395,-0.5663967,0.13216591
Kasese,1983-06-01,0.1699,30.0781,0.20000000000000104,30.100000000000016,290.4253,-0.0027220426,0001,10529.614022288868,0.827247341034288,19.0,0.0,1.0,0.10989882959730213,1.0000305189751728,0.0012751967,0.00017508864,295.60522,296.18237,296.25513,296.44263,296.50952,3.999954221537241,0.3862915,0.38786316,0.37275696,0.389328,89829.5,297.66357,0.0042365855,-0.55136967,0.050488472
Kasese,1983-07-01,0.1699,30.0781,0.20000000000000104,30.100000000000016,289.59546,-0.0027794158,0001,10529.614022288868,0.827247341034288,19.0,0.0,1.0,0.10989882959730213,1.0000305189751728,0.0008237958,0.00015825033,295.4712,295.96655,295.98242,296.05884,296.38086,3.999954221537241,0.39353943,0.40141296,0.37765503,0.38571167,89833.44,297.29028,0.0030800106,-0.5728502,0.060217857
Kasese,1983-08-01,0.1699,30.0781,0.20000000000000104,30.100000000000016,290.4812,-0.002856576,0001,10529.614022288868,0.827247341034288,19.0,0.0,1.0,0.10989882959730213,1.0000305189751728,0.0010542572,0.00019016862,295.09473,295.64478,295.69653,295.89233,296.2539,3.999954221537241,0.4275818,0.40971375,0.37878418,0.38609314,89893.06,296.78735,0.0039192555,-0.2858801,0.24230194
Kasese,1983-09-01,0.1699,30.0781,0.20000000000000104,30.100000000000016,290.1853,-0.0027442789,0001,10529.614022288868,0.827247341034288,19.0,0.0,1.0,0.10989882959730213,1.0000305189751728,0.00079742074,0.00016096234,295.93066,296.39624,296.30762,296.09253,296.11597,3.999954221537241,0.3853302,0.378479,0.36064148,0.38635254,89793.19,297.02905,0.0023824424,-0.45471287,0.069099426
Kasese,1983-10-01,0.1699,30.0781,0.20000000000000104,30.100000000000016,290.8589,-0.003085006,0001,10529.614022288868,0.827247341034288,19.0,0.0,1.0,0.10989882959730213,1.0000305189751728,0.0017272532,0.00030562282,294.84375,295.53613,295.63232,295.9187,296.1206,3.999954221537241,0.4376831,0.41171265,0.36949158,0.38597107,89770.19,296.00684,0.006161987,-0.3470478,0.03375435
Kasese,1983-11-01,0.1699,30.0781,0.20000000000000104,30.100000000000016,290.41797,-0.0031865695,0001,10529.614022288868,0.827247341034288,19.0,0.0,1.0,0.10989882959730213,1.0000305189751728,0.0027026758,0.00027298927,294.65894,295.32886,295.41577,295.64722,295.97266,3.999954221537241,0.43411255,0.40948486,0.36834717,0.39016724,89839.625,296.38892,0.0054079457,-0.54727745,-0.28453827
Kasese,1983-12-01,0.1699,30.0781,0.20000000000000104,30.100000000000016,290.04053,-0.0030360427,0001,10529.614022288868,0.827247341034288,19.0,0.0,1.0,0.10989882959730213,1.0000305189751728,0.002294682,0.0002040118,294.34302,294.9414,294.99292,295.2107,295.75708,3.999954221537241,0.42422485,0.40374756,0.36172485,0.3882904,89763.0,296.42944,0.0049329847,-0.31310558,-0.31227112
Kasese,1984-01-01,0.1699,30.0781,0.20000000000000104,30.100000000000016,288.82568,-0.002487979,0001,10529.614022288868,0.827247341034288,19.0,0.0,1.0,0.10989882959730213,1.0000305189751728,0.0008094311,0.000102609396,295.6316,296.02417,295.87158,295.53027,295.58057,3.999954221537241,0.3553772,0.368927,0.34622192,0.3832245,89617.75,297.42188,0.0016350063,-0.035201073,-0.36356258
Kasese,1984-02-01,0.1699,30.0781,0.20000000000000104,30.100000000000016,288.47827,-0.00197439,0001,10529.614022288868,0.827247341034288,19.0,0.0,1.0,0.10989882959730213,1.0000305189751728,0.0006009564,0.00011494756,297.53296,297.97363,297.75488,297.0078,295.82642,3.999954221537241,0.3251953,0.33772278,0.33155823,0.37670898,89491.94,298.4431,0.002694582,-0.36533356,-0.40619755
Kasese,1984-03-01,0.1699,30.0781,0.20000000000000104,30.100000000000016,289.8833,-0.0027944501,0001,10529.614022288868,0.827247341034288,19.0,0.0,1.0,0.10989882959730213,1.0000305189751728,0.0015338585,0.00021441281,296.0149,296.61206,296.62866,296.6958,296.22437,3.999954221537241,0.40376282,0.3700409,0.35780334,0.37841797,89563.5,297.7329,0.005477856,-0.55532455,-0.12674046
Kasese,1984-04-01,0.1699,30.0781,0.20000000000000104,30.100000000000016,290.9729,-0.0033868244,0001,10529.614022288868,0.827247341034288,19.0,0.0,1.0,0.10989882959730213,1.0000305189751728,0.0036895126,0.0003105104,294.9619,295.6731,295.76147,296.0542,296.29004,3.999954221537241,0.44065857,0.41703796,0.35629272,0.38391113,89648.75,296.97412,0.007102452,-0.5157156,0.06462574
Kasese,1984-05-01,0.1699,30.0781,0.20000000000000104,30.100000000000016,289.89844,-0.0029239273,0001,10529.614022288868,0.827247341034288,19.0,0.0,1.0,0.10989882959730213,1.0000305189751728,0.0010271072,0.00015574694,295.83716,296.33447,296.28784,296.146,296.1919,3.999954221537241,0.3843689,0.39259338,0.34880066,0.3785553,89663.81,297.89966,0.002804208,-0.70355606,0.07135677
Kasese,1984-06-01,0.1699,30.0781,0.20000000000000104,30.100000000000016,288.05933,-0.001591228,0001,10529.614022288868,0.827247341034288,19.0,0.0,1.0,0.10989882959730213,1.0000305189751728,0.0003432855,6.633997e-05,296.4629,296.85498,296.7671,296.57642,296.25952,3.999954221537241,0.3053589,0.32992554,0.32974243,0.37265015,89817.81,297.77075,0.0007207966,-0.8595867,-0.06496906
Kasese,1984-07-01,0.1699,30.0781,0.20000000000000104,30.100000000000016,289.125,-0.0019896328,0001,10529.614022288868,0.827247341034288,19.0,0.0,1.0,0.10989882959730213,1.0000305189751728,0.00039932132,0.00017298758,295.1704,295.70996,295.82153,296.16382,296.33325,3.999954221537241,0.37997437,0.34979248,0.32583618,0.36727905,89786.625,296.45605,0.0028033103,-0.6469116,-0.018676758
Kasese,1984-08-01,0.1699,30.0781,0.20000000000000104,30.100000000000016,289.73315,-0.0021626651,0001,10529.614022288868,0.827247341034288,19.0,0.0,1.0,0.10989882959730213,1.0000305189751728,0.0010576844,0.00019389391,295.71582,296.23413,296.2334,296.17212,296.21802,3.999954221537241,0.37454224,0.36151123,0.3373413,0.3638916,89817.125,296.71973,0.005249824,-0.50755787,0.0735054
Kasese,1984-09-01,0.1699,30.0781,0.20000000000000104,30.100000000000016,289.68433,-0.0030164784,0001,10529.614022288868,0.827247341034288,19.0,0.0,1.0,0.10989882959730213,1.0000305189751728,0.0009673834,0.00017541647,294.72998,295.31714,295.37915,295.63867,296.11914,3.999954221537241,0.42170715,0.42567444,0.3680725,0.37158203,89731.375,296.25,0.0032289175,-0.31956673,0.040418625
Kasese,1984-10-01,0.1699,30.0781,0.20000000000000104,30.100000000000016,290.21875,-0.0030531809,0001,10529.614022288868,0.827247341034288,19.0,0.0,1.0,0.10989882959730213,1.0000305189751728,0.0018903464,0.00020898879,294.28467,294.89868,294.98096,295.28198,295.87817,3.999954221537241,0.44454956,0.4386139,0.37413025,0.3751068,89735.69,295.9319,0.0054957783,-0.4862566,-0.202322
Kasese,1984-11-01,0.1699,30.0781,0.20000000000000104,30.100000000000016,290.6692,-0.0029323678,0001,10529.614022288868,0.827247341034288,19.0,0.0,1.0,0.10989882959730213,1.0000305189751728,0.0024045855,0.00028446317,293.53076,294.2202,294.37134,294.82666,295.58887,3.999954221537241,0.45645142,0.438385,0.3802948,0.375412,89742.19,295.0415,0.006665134,-0.3585844,-0.2733631
Kasese,1984-12-01,0.1699,30.0781,0.20000000000000104,30.100000000000016,290.02637,-0.0033666436,0001,10529.614022288868,0.827247341034288,19.0,0.0,1.0,0.10989882959730213,1.0000305189751728,0.0027110502,0.0002527535,293.87622,294.47217,294.48755,294.6123,295.23218,3.999954221537241,0.4391632,0.4461975,0.40275574,0.3776703,89619.625,295.92993,0.0052962466,-0.52926636,-0.5965309
Kasese,1985-01-01,0.1699,30.0781,0.20000000000000104,30.100000000000016,289.06885,-0.0027288822,0001,10529.614022288868,0.827247341034288,19.0,0.0,1.0,0.10989882959730213,1.0000305189751728,0.0010941103,0.00015342236,295.90674,296.37842,296.23608,295.79907,295.208,3.999954221537241,0.35836792,0.3656006,0.3736267,0.37205505,89573.375,297.50244,0.00353275,-0.70078564,-0.55037117
Kasese,1985-02-01,0.1699,30.0781,0.20000000000000104,30.100000000000016,290.46753,-0.003323201,0001,10529.614022288868,0.827247341034288,19.0,0.0,1.0,0.10989882959730213,1.0000305189751728,0.0021920651,0.00016644597,295.02954,295.5769,295.53467,295.43433,295.3667,3.999954221537241,0.44654846,0.44534302,0.3995514,0.37423706,89606.625,296.94043,0.006123819,0.20709133,-0.012681961
Kasese,1985-03-01,0.1699,30.0781,0.20000000000000104,30.100000000000016,290.7146,-0.0030874824,0001,10529.614022288868,0.827247341034288,19.0,0.0,1.0,0.10989882959730213,1.0000305189751728,0.0013932809,0.00021986663,295.0232,295.64697,295.70093,295.79272,295.49268,3.999954221537241,0.43296814,0.42962646,0.39201355,0.37052917,89585.69,296.8401,0.0054624276,-0.3833952,-0.2422018
Kasese,1985-04-01,0.1699,30.0781,0.20000000000000104,30.100000000000016,291.69458,-0.0031668786,0001,10529.614022288868,0.827247341034288,19.0,0.0,1.0,0.10989882959730213,1.0000305189751728,0.0041468292,0.00035868585,293.7766,294.4497,294.5254,294.8318,295.42822,3.999954221537241,0.47694397,0.48257446,0.45536804,0.3786621,89698.0,295.23145,0.008758844,-0.22298431,0.0658474
Kasese,1985-05-01,0.1699,30.0781,0.20000000000000104,30.100000000000016,291.30298,-0.003221088,0001,10529.614022288868,0.827247341034288,19.0,0.0,1.0,0.10989882959730213,1.0000305189751728,0.0035874099,0.00033420324,293.68408,294.34277,294.41724,294.62695,295.14233,3.999954221537241,0.46307373,0.4724579,0.47073364,0.38560486,89765.19,295.62964,0.008027317,-0.3661995,0.06933594
Kasese,1985-06-01,0.1699,30.0781,0.20000000000000104,30.100000000000016,290.04907,-0.0031120004,0001,10529.614022288868,0.827247341034288,19.0,0.0,1.0,0.10989882959730213,1.0000305189751728,0.0032134727,0.00025561452,293.45728,294.04858,294.13477,294.3916,294.90112,3.999954221537241,0.46174622,0.467453,0.47372437,0.3955078,89942.0,295.66992,0.0057833763,-0.33689022,0.07750511
Kasese,1985-07-01,0.1699,30.0781,0.20000000000000104,30.100000000000016,288.68506,-0.002706619,0001,10529.614022288868,0.827247341034288,19.0,0.0,1.0,0.10989882959730213,1.0000305189751728,0.0007754415,0.00010462105,294.00854,294.43555,294.40356,294.40112,294.68237,3.999954221537241,0.35935974,0.3813324,0.42225647,0.39671326,89875.69,296.06348,0.0010685073,-0.5400162,0.083465576
Kasese,1985-08-01,0.1699,30.0781,0.20000000000000104,30.100000000000016,288.2046,-0.0022756932,0001,10529.614022288868,0.827247341034288,19.0,0.0,1.0,0.10989882959730213,1.0000305189751728,0.00026202202,7.2166324e-05,295.56274,295.94946,295.77637,295.2556,294.71924,3.999954221537241,0.30641174,0.3336029,0.37586975,0.38963318,89841.625,296.93042,0.00086918473,-0.7315531,0.009789467
Kasese,1985-09-01,0.1699,30.0781,0.20000000000000104,30.100000000000016,289.70874,-0.002597129,0001,10529.614022288868,0.827247341034288,19.0,0.0,1.0,0.10989882959730213,1.0000305189751728,0.0003926903,0.0002001673,294.7837,295.3208,295.32373,295.3413,294.98584,3.999954221537241,0.38217163,0.3506775,0.35786438,0.38372803,89740.125,296.239,0.0029276377,-0.43603992,0.02482605
Kasese,1985-10-01,0.1699,30.0781,0.20000000000000104,30.100000000000016,290.17188,-0.002602783,0001,10529.614022288868,0.827247341034288,19.0,0.0,1.0,0.10989882959730213,1.0000305189751728,0.0005147606,0.00022652745,294.7937,295.30835,295.30176,295.26782,295.10034,3.999954221537241,0.4071808,0.37168884,0.36175537,0.37997437,89702.375,296.11816,0.003799208,-0.48606682,-0.084607124
Kasese,1985-11-01,0.1699,30.0781,0.20000000000000104,30.100000000000016,290.7732,-0.003045394,0001,10529.614022288868,0.827247341034288,19.0,0.0,1.0,0.10989882959730213,1.0000305189751728,0.00200399,0.000291124,293.7224,294.3838,294.4812,294.77222,295.0713,3.999954221537241,0.45750427,0.44932556,0.39276123,0.38630676,89734.56,295.3745,0.007691535,-0.38932037,-0.23049259
Kasese,1985-12-01,0.1699,30.0781,0.20000000000000104,30.100000000000016,290.5188,-0.0032335445,0001,10529.614022288868,0.827247341034288,19.0,0.0,1.0,0.10989882959730213,1.0000305189751728,0.0018718801,0.00020650029,293.91968,294.458,294.4453,294.49365,294.86646,3.999954221537241,0.44239807,0.44044495,0.4058075,0.39450073,89664.375,295.79395,0.0039878255,-0.40965366,-0.5116787
Kasese,1986-01-01,0.1699,30.0781,0.20000000000000104,30.100000000000016,290.44214,-0.0030981125,0001,10529.614022288868,0.827247341034288,19.0,0.0,1.0,0.10989882959730213,1.0000305189751728,0.0010789782,0.00014063716,294.70215,295.17944,295.09937,294.90308,294.7976,3.999954221537241,0.41896057,0.4191742,0.39204407,0.38978577,89685.375,296.73584,0.0034539858,-0.02022171,-0.3181429
Kasese,1986-02-01,0.1699,30.0781,0.20000000000000104,30.100000000000016,290.33618,-0.0031725774,0001,10529.614022288868,0.827247341034288,19.0,0.0,1.0,0.10989882959730213,1.0000305189751728,0.0019484907,0.00025083125,294.82837,295.42188,295.3955,295.25122,294.93115,3.999954221537241,0.43138123,0.4242859,0.39689636,0.39050293,89615.31,296.64258,0.0060745776,-0.28644276,-0.21643448
Kasese,1986-03-01,0.1699,30.0781,0.20000000000000104,30.100000000000016,290.4895,-0.0032962528,0001,10529.614022288868,0.827247341034288,19.0,0.0,1.0,0.10989882959730213,1.0000305189751728,0.0030477867,0.00023469329,294.8081,295.38306,295.3452,295.26147,295.04858,3.999954221537241,0.43190002,0.42037964,0.39128113,0.3935547,89620.25,296.83374,0.005736553,-0.45323277,-0.095648766
Kasese,1986-04-01,0.1699,30.0781,0.20000000000000104,30.100000000000016,291.5691,-0.0030636843,0001,10529.614022288868,0.827247341034288,19.0,0.0,1.0,0.10989882959730213,1.0000305189751728,0.0035014004,0.00030219555,294.38843,295.0188,295.07495,295.20972,295.1377,3.999954221537241,0.46138,0.45263672,0.39511108,0.39131165,89679.31,296.12305,0.00885662,-0.32052898,0.025372505
Kasese,1986-05-01,0.1699,30.0781,0.20000000000000104,30.100000000000016,291.3169,-0.0033791875,0001,10529.614022288868,0.827247341034288,19.0,0.0,1.0,0.10989882959730213,1.0000305189751728,0.002184704,0.00027801096,294.114,294.7434,294.78003,294.89624,295.09448,3.999954221537241,0.457489,0.45307922,0.43388367,0.39128113,89801.875,296.36157,0.004614393,-0.45831585,0.07791805
Kasese,1986-06-01,0.1699,30.0781,0.20000000000000104,30.100000000000016,290.0818,-0.003190835,0001,10529.614022288868,0.827247341034288,19.0,0.0,1.0,0.10989882959730213,1.0000305189751728,0.0042049363,0.00026841462,293.7771,294.3623,294.40967,294.57056,294.94336,3.999954221537241,0.4501648,0.45689392,0.43721008,0.3915863,89846.5,296.3059,0.008018615,-0.2761917,0.19658947
Kasese,1986-07-01,0.1699,30.0781,0.20000000000000104,30.100000000000016,288.66724,-0.002791034,0001,10529.614022288868,0.827247341034288,19.0,0.0,1.0,0.10989882959730213,1.0000305189751728,0.0008323863,9.484589e-05,294.4287,294.8755,294.85156,294.77637,294.82983,3.999954221537241,0.3744049,0.39605713,0.4111786,0.38885498,89956.5,296.56885,0.0010192224,-0.49001026,0.14335728
Kasese,1986-08-01,0.1699,30.0781,0.20000000000000104,30.100000000000016,289.03027,-0.002606946,0001,10529.614022288868,0.827247341034288,19.0,0.0,1.0,0.10989882959730213,1.0000305189751728,0.00042061508,9.5531344e-05,295.74268,296.08618,295.88013,295.3955,294.9099,3.999954221537241,0.35076904,0.35528564,0.3735962,0.38183594,89800.81,297.15625,0.0018260758,-0.6684723,-0.03030014
Kasese,1986-09-01,0.1699,30.0781,0.20000000000000104,30.100000000000016,290.0442,-0.00255821,0001,10529.614022288868,0.827247341034288,19.0,0.0,1.0,0.10989882959730213,1.0000305189751728,0.0004458353,0.00021970272,295.27075,295.79004,295.7788,295.68823,295.19385,3.999954221537241,0.38703918,0.35205078,0.3539276,0.3764038,89834.94,296.4397,0.0033136378,-0.41994,0.021133423
Kasese,1986-10-01,0.1699,30.0781,0.20000000000000104,30.100000000000016,290.7002,-0.00303087,0001,10529.614022288868,0.827247341034288,19.0,0.0,1.0,0.10989882959730213,1.0000305189751728,0.001693517,0.00026738644,294.70557,295.32666,295.3806,295.5017,295.35327,3.999954221537241,0.43978882,0.4225006,0.38005066,0.37748718,89751.375,296.1643,0.0071950224,-0.4062147,-0.13985252
Kasese,1986-11-01,0.1699,30.0781,0.20000000000000104,30.100000000000016,290.6892,-0.0031979093,0001,10529.614022288868,0.827247341034288,19.0,0.0,1.0,0.10989882959730213,1.0000305189751728,0.0027146637,0.00025881827,293.9646,294.58667,294.65063,294.85693,295.26172,3.999954221537241,0.44570923,0.4398346,0.4010315,0.38955688,89694.5,295.9148,0.0050282357,-0.61131287,-0.29766655
Kasese,1986-12-01,0.1699,30.0781,0.20000000000000104,30.100000000000016,290.92603,-0.0031389995,0001,10529.614022288868,0.827247341034288,19.0,0.0,1.0,0.10989882959730213,1.0000305189751728,0.0019489527,0.0002474934,293.98657,294.5381,294.5359,294.6211,295.05347,3.999954221537241,0.44685364,0.43484497,0.39834595,0.3866577,89768.69,295.7268,0.0051291506,-0.39079475,-0.5486202
Kasese,1987-01-01,0.1699,30.0781,0.20000000000000104,30.100000000000016,290.87793,-0.003172962,0001,10529.614022288868,0.827247341034288,19.0,0.0,1.0,0.10989882959730213,1.0000305189751728,0.0018241405,0.00020907819,294.98193,295.48877,295.43115,295.2068,294.98535,3.999954221537241,0.4299469,0.42085266,0.387146,0.3849945,89764.31,296.94507,0.0052707233,-0.21292305,-0.44595242
Kasese,1987-02-01,0.1699,30.0781,0.20000000000000104,30.100000000000016,291.083,-0.0032153837,0001,10529.614022288868,0.827247341034288,19.0,0.0,1.0,0.10989882959730213,1.0000305189751728,0.0020901412,0.00021910667,295.7207,296.1941,296.0874,295.79053,295.1958,3.999954221537241,0.437088,0.42596436,0.38545227,0.38539124,89713.44,297.4773,0.0051980643,-0.3772545,-0.30438232
Kasese,1987-03-01,0.1699,30.0781,0.20000000000000104,30.100000000000016,291.25806,-0.003488422,0001,10529.614022288868,0.827247341034288,19.0,0.0,1.0,0.10989882959730213,1.0000305189751728,0.0032662377,0.00024574995,295.65625,296.20752,296.13843,295.9292,295.44897,3.999954221537241,0.45025635,0.43878174,0.3872528,0.38703918,89606.125,297.6057,0.0065996484,-0.44947052,-0.13476276
Kasese,1987-04-01,0.1699,30.0781,0.20000000000000104,30.100000000000016,291.688,-0.0035033096,0001,10529.614022288868,0.827247341034288,19.0,0.0,1.0,0.10989882959730213,1.0000305189751728,0.0045017675,0.00027237833,295.0791,295.71997,295.7473,295.79028,295.62427,3.999954221537241,0.4533844,0.45773315,0.41921997,0.38619995,89752.125,297.10156,0.009543323,-0.49134827,-0.11617184
Kasese,1987-05-01,0.1699,30.0781,0.20000000000000104,30.100000000000016,291.5625,-0.003277653,0001,10529.614022288868,0.827247341034288,19.0,0.0,1.0,0.10989882959730213,1.0000305189751728,0.004474275,0.00034323335,294.18042,294.86426,294.9685,295.24023,295.5647,3.999954221537241,0.46855164,0.47247314,0.44839478,0.38700867,89779.69,296.46802,0.009416925,-0.38878822,0.14562511
Kasese,1987-06-01,0.1699,30.0781,0.20000000000000104,30.100000000000016,291.12378,-0.0030669766,0001,10529.614022288868,0.827247341034288,19.0,0.0,1.0,0.10989882959730213,1.0000305189751728,0.006643623,0.00032402575,293.90625,294.5144,294.5796,294.8086,295.33228,3.999954221537241,0.46362305,0.47732544,0.48234558,0.41697693,89958.875,295.94702,0.01107594,-0.32153893,0.04592228
Kasese,1987-07-01,0.1699,30.0781,0.20000000000000104,30.100000000000016,289.573,-0.0034706704,0001,10529.614022288868,0.827247341034288,19.0,0.0,1.0,0.10989882959730213,1.0000305189751728,0.001276359,0.00016632676,294.87842,295.31982,295.21606,295.04932,295.15234,3.999954221537241,0.42468262,0.4355774,0.44866943,0.42399597,89808.125,297.4546,0.0030686795,-0.6363869,-0.0064821243
Kasese,1987-08-01,0.1699,30.0781,0.20000000000000104,30.100000000000016,289.29565,-0.0027589863,0001,10529.614022288868,0.827247341034288,19.0,0.0,1.0,0.10989882959730213,1.0000305189751728,0.00046010315,9.8496675e-05,295.81323,296.21265,296.10034,295.79956,295.29224,3.999954221537241,0.34457397,0.36637878,0.4015808,0.41859436,89798.875,297.71973,0.0014061497,-0.7268648,0.02246666
Kasese,1987-09-01,0.1699,30.0781,0.20000000000000104,30.100000000000016,290.0205,-0.0029136594,0001,10529.614022288868,0.827247341034288,19.0,0.0,1.0,0.10989882959730213,1.0000305189751728,0.0011142641,0.0002078712,296.03955,296.58057,296.51855,296.2644,295.5952,3.999954221537241,0.38031006,0.3705902,0.3806305,0.412323,89774.19,297.54932,0.005009602,-0.52939606,0.09507179
Kasese,1987-10-01,0.1699,30.0781,0.20000000000000104,30.100000000000016,290.6853,-0.0034434116,0001,10529.614022288868,0.827247341034288,19.0,0.0,1.0,0.10989882959730213,1.0000305189751728,0.0017867386,0.0002233684,295.48096,296.03784,295.99536,295.92163,295.76392,3.999954221537241,0.4316864,0.42193604,0.39230347,0.41740417,89704.75,297.23706,0.0051120943,-0.5214844,-0.1289568
Kasese,1987-11-01,0.1699,30.0781,0.20000000000000104,30.100000000000016,291.22412,-0.0032237535,0001,10529.614022288868,0.827247341034288,19.0,0.0,1.0,0.10989882959730213,1.0000305189751728,0.00424964,0.00027123094,294.79272,295.4358,295.50903,295.67773,295.79956,3.999954221537241,0.44747925,0.44812012,0.39814758,0.41932678,89762.31,296.5559,0.008230708,-0.3517027,-0.040685654
Kasese,1987-12-01,0.1699,30.0781,0.20000000000000104,30.100000000000016,290.06396,-0.0034801727,0001,10529.614022288868,0.827247341034288,19.0,0.0,1.0,0.10989882959730213,1.0000305189751728,0.0013413504,0.00016604364,295.45728,295.9226,295.79785,295.59766,295.69214,3.999954221537241,0.40333557,0.41348267,0.41072083,0.41467285,89753.06,297.583,0.0032736184,-0.49576283,-0.5270796
Kasese,1988-01-01,0.1699,30.0781,0.20000000000000104,30.100000000000016,290.49146,-0.0029398613,0001,10529.614022288868,0.827247341034288,19.0,0.0,1.0,0.10989882959730213,1.0000305189751728,0.0012123436,0.00020211935,295.73145,296.26514,296.23315,296.11475,295.802,3.999954221537241,0.38729858,0.3731537,0.3907013,0.411026,89673.5,297.57544,0.004012994,-0.31302643,-0.47137547
Kasese,1988-02-01,0.1699,30.0781,0.20000000000000104,30.100000000000016,290.24463,-0.0028132936,0001,10529.614022288868,0.827247341034288,19.0,0.0,1.0,0.10989882959730213,1.0000305189751728,0.0013739169,0.00016960502,296.7478,297.20264,297.05884,296.68408,296.00903,3.999954221537241,0.37976074,0.3630371,0.38043213,0.4095459,89566.56,298.34814,0.0039831926,-0.53726864,-0.40689373
Kasese,1988-03-01,0.1699,30.0781,0.20000000000000104,30.100000000000016,291.28345,-0.0031104442,0001,10529.614022288868,0.827247341034288,19.0,0.0,1.0,0.10989882959730213,1.0000305189751728,0.0020970404,0.00021670759,296.14526,296.74878,296.761,296.7202,296.29956,3.999954221537241,0.42166138,0.3932495,0.37355042,0.40966797,89680.69,297.73462,0.005547284,-0.27601147,-0.080142975
Kasese,1988-04-01,0.1699,30.0781,0.20000000000000104,30.100000000000016,291.69556,-0.0035529537,0001,10529.614022288868,0.827247341034288,19.0,0.0,1.0,0.10989882959730213,1.0000305189751728,0.0057856664,0.00035697222,295.44165,296.1787,296.26025,296.39526,296.39038,3.999954221537241,0.44700623,0.44717407,0.38426208,0.4099884,89658.81,297.22852,0.011535078,-0.36794376,0.14960384
Kasese,1988-05-01,0.1699,30.0781,0.20000000000000104,30.100000000000016,291.45728,-0.0034661787,0001,10529.614022288868,0.827247341034288,19.0,0.0,1.0,0.10989882959730213,1.0000305189751728,0.0072265565,0.00031243265,294.4431,295.10645,295.17456,295.4646,296.1765,3.999954221537241,0.4552765,0.47369385,0.47549438,0.4224701,89824.125,296.75073,0.011608691,-0.40415,0.102396965
Kasese,1988-06-01,0.1699,30.0781,0.20000000000000104,30.100000000000016,289.32886,-0.0032314816,0001,10529.614022288868,0.827247341034288,19.0,0.0,1.0,0.10989882959730213,1.0000305189751728,0.00077199936,0.00013259053,294.6787,295.24048,295.29956,295.50244,295.90186,3.999954221537241,0.38674927,0.40168762,0.42488098,0.4295349,89840.81,297.61694,0.0021806322,-0.6228752,0.17022991
Kasese,1988-07-01,0.1699,30.0781,0.20000000000000104,30.100000000000016,289.57764,-0.0028097108,0001,10529.614022288868,0.827247341034288,19.0,0.0,1.0,0.10989882959730213,1.0000305189751728,0.0009928942,0.0001796633,294.7644,295.3164,295.3728,295.51758,295.74658,3.999954221537241,0.39805603,0.39064026,0.39364624,0.42208862,89855.25,296.58032,0.004301008,-0.36517906,0.16147518
Kasese,1988-08-01,0.1699,30.0781,0.20000000000000104,30.100000000000016,290.24927,-0.003115099,0001,10529.614022288868,0.827247341034288,19.0,0.0,1.0,0.10989882959730213,1.0000305189751728,0.0013556033,0.00020000339,294.35864,294.92456,294.96582,295.14575,295.5647,3.999954221537241,0.43873596,0.43721008,0.41104126,0.4199524,89804.44,296.4026,0.004997615,-0.35024357,0.13409519
Kasese,1988-09-01,0.1699,30.0781,0.20000000000000104,30.100000000000016,290.6272,-0.0031437855,0001,10529.614022288868,0.827247341034288,19.0,0.0,1.0,0.10989882959730213,1.0000305189751728,0.0011188984,0.00019285083,294.80078,295.34106,295.33862,295.33472,295.43604,3.999954221537241,0.41574097,0.41177368,0.4052124,0.42304993,89735.31,296.25513,0.0039751036,-0.29314137,0.117414474
Kasese,1988-10-01,0.1699,30.0781,0.20000000000000104,30.100000000000016,290.78418,-0.003302373,0001,10529.614022288868,0.827247341034288,19.0,0.0,1.0,0.10989882959730213,1.0000305189751728,0.002588287,0.00022855401,294.33374,294.95117,294.99805,295.14258,295.36035,3.999954221537241,0.45799255,0.454422,0.4199829,0.426239,89691.44,296.0652,0.0057183923,-0.33863735,-0.104626656
Kasese,1988-11-01,0.1699,30.0781,0.20000000000000104,30.100000000000016,290.77197,-0.0034489632,0001,10529.614022288868,0.827247341034288,19.0,0.0,1.0,0.10989882959730213,1.0000305189751728,0.0030314773,0.0002785027,294.0327,294.667,294.708,294.87378,295.22485,3.999954221537241,0.46221924,0.4670868,0.4322815,0.42533875,89768.81,295.82935,0.007186767,-0.5864725,-0.3709879
Kasese,1988-12-01,0.1699,30.0781,0.20000000000000104,30.100000000000016,289.6526,-0.0033003045,0001,10529.614022288868,0.827247341034288,19.0,0.0,1.0,0.10989882959730213,1.0000305189751728,0.0014612526,0.0002001077,294.10425,294.69922,294.75073,294.87134,295.0874,3.999954221537241,0.40608215,0.40707397,0.4142456,0.4219513,89648.0,296.5298,0.0036588311,-0.6112709,-0.5448828
Kasese,1989-01-01,0.1699,30.0781,0.20000000000000104,30.100000000000016,288.9148,-0.002960952,0001,10529.614022288868,0.827247341034288,19.0,0.0,1.0,0.10989882959730213,1.0000305189751728,0.0007041544,8.46982e-05,295.6443,295.98364,295.74292,295.2202,295.01123,3.999954221537241,0.37083435,0.37219238,0.39672852,0.41674805,89644.125,297.74976,0.001662484,0.064754486,-0.022346497
Kasese,1989-02-01,0.1699,30.0781,0.20000000000000104,30.100000000000016,288.83838,-0.0024996568,0001,10529.614022288868,0.827247341034288,19.0,0.0,1.0,0.10989882959730213,1.0000305189751728,0.00047045946,0.00012111664,296.1272,296.54248,296.39307,296.01953,295.29492,3.999954221537241,0.35639954,0.34724426,0.3648529,0.41047668,89691.875,297.67822,0.0020392723,-0.29795742,-0.587121
Kasese,1989-03-01,0.1699,30.0781,0.20000000000000104,30.100000000000016,290.3745,-0.0030137948,0001,10529.614022288868,0.827247341034288,19.0,0.0,1.0,0.10989882959730213,1.0000305189751728,0.0016025752,0.00023886561,295.35596,296.04517,296.1333,296.2246,295.65894,3.999954221537241,0.41792297,0.39263916,0.36982727,0.40879822,89577.375,296.9585,0.006776804,-0.24368191,-0.11869717
Kasese,1989-04-01,0.1699,30.0781,0.20000000000000104,30.100000000000016,291.0288,-0.0035062945,0001,10529.614022288868,0.827247341034288,19.0,0.0,1.0,0.10989882959730213,1.0000305189751728,0.0025778934,0.00024428964,294.77515,295.3838,295.3833,295.417,295.6416,3.999954221537241,0.44654846,0.4437561,0.38423157,0.41452026,89665.94,296.87573,0.0064847004,-0.5302477,0.037608147
Kasese,1989-05-01,0.1699,30.0781,0.20000000000000104,30.100000000000016,290.94165,-0.003418656,0001,10529.614022288868,0.827247341034288,19.0,0.0,1.0,0.10989882959730213,1.0000305189751728,0.0036200657,0.00032368302,293.9873,294.69116,294.80054,295.1206,295.54004,3.999954221537241,0.4658203,0.46681213,0.41307068,0.41418457,89846.125,296.3191,0.008619588,-0.5039158,0.11341667
Kasese,1989-06-01,0.1699,30.0781,0.20000000000000104,30.100000000000016,289.32373,-0.0033651916,0001,10529.614022288868,0.827247341034288,19.0,0.0,1.0,0.10989882959730213,1.0000305189751728,0.0034660995,0.00018535554,294.2539,294.79126,294.8152,294.92578,295.3047,3.999954221537241,0.43511963,0.45162964,0.4469757,0.41453552,89887.56,297.15088,0.0047113295,-0.60095596,0.13817787
Kasese,1989-07-01,0.1699,30.0781,0.20000000000000104,30.100000000000016,288.52734,-0.0027526813,0001,10529.614022288868,0.827247341034288,19.0,0.0,1.0,0.10989882959730213,1.0000305189751728,0.0005537793,0.00013151765,294.89062,295.30225,295.22876,295.11304,295.18628,3.999954221537241,0.37556458,0.37872314,0.40060425,0.407135,89898.56,297.1775,0.001705504,-0.47129345,0.16684628
Kasese,1989-08-01,0.1699,30.0781,0.20000000000000104,30.100000000000016,289.01392,-0.0024843607,0001,10529.614022288868,0.827247341034288,19.0,0.0,1.0,0.10989882959730213,1.0000305189751728,0.0008980781,0.0001475364,295.5564,296.042,295.99316,295.76733,295.30103,3.999954221537241,0.34376526,0.34570312,0.36787415,0.4000702,89827.56,296.9712,0.004165692,-0.55493164,0.046406746
Kasese,1989-09-01,0.1699,30.0781,0.20000000000000104,30.100000000000016,289.88672,-0.0034876587,0001,10529.614022288868,0.827247341034288,19.0,0.0,1.0,0.10989882959730213,1.0000305189751728,0.001184918,0.0002041012,294.9431,295.51025,295.4851,295.45654,295.41235,3.999954221537241,0.43449402,0.44018555,0.39624023,0.39782715,89703.06,297.0581,0.004839748,-0.45442772,0.10790348
Kasese,1989-10-01,0.1699,30.0781,0.20000000000000104,30.100000000000016,290.52148,-0.0033666762,0001,10529.614022288868,0.827247341034288,19.0,0.0,1.0,0.10989882959730213,1.0000305189751728,0.002727121,0.00027312338,294.78125,295.41138,295.4536,295.51172,295.45312,3.999954221537241,0.45350647,0.45515442,0.40275574,0.4058838,89752.44,296.3269,0.00766782,-0.43356514,-0.09995937
Kasese,1989-11-01,0.1699,30.0781,0.20000000000000104,30.100000000000016,290.75635,-0.0032906216,0001,10529.614022288868,0.827247341034288,19.0,0.0,1.0,0.10989882959730213,1.0000305189751728,0.0023470744,0.00022093952,294.4182,294.99146,295.0315,295.177,295.40186,3.999954221537241,0.44934082,0.45350647,0.42216492,0.40681458,89703.81,296.54297,0.005693883,-0.64794636,-0.41442966
Kasese,1989-12-01,0.1699,30.0781,0.20000000000000104,30.100000000000016,291.3059,-0.0032511055,0001,10529.614022288868,0.827247341034288,19.0,0.0,1.0,0.10989882959730213,1.0000305189751728,0.0025210753,0.00027783215,294.26514,294.8484,294.8767,294.99707,295.27515,3.999954221537241,0.4539795,0.44885254,0.41941833,0.40696716,89736.375,296.13452,0.0056163883,-0.38936043,-0.41092777
Kasese,1990-01-01,0.1699,30.0781,0.20000000000000104,30.100000000000016,289.83936,-0.0034798346,0001,10529.614022288868,0.827247341034288,19.0,0.0,1.0,0.10989882959730213,1.0000305189751728,0.0014128387,0.00017815828,295.05347,295.52393,295.40967,295.1897,295.18164,3.999954221537241,0.4142151,0.42385864,0.42456055,0.40299988,89676.19,297.25903,0.0034619651,-0.62594223,-0.64088535
Kasese,1990-02-01,0.1699,30.0781,0.20000000000000104,30.100000000000016,291.54517,-0.0031845411,0001,10529.614022288868,0.827247341034288,19.0,0.0,1.0,0.10989882959730213,1.0000305189751728,0.0052736476,0.000317052,294.7412,295.41504,295.47803,295.56152,295.30322,3.999954221537241,0.46063232,0.46095276,0.43077087,0.4055481,89723.25,296.42017,0.011444021,-0.1437397,-0.20193386
Kasese,1990-03-01,0.1699,30.0781,0.20000000000000104,30.100000000000016,291.69043,-0.0034797424,0001,10529.614022288868,0.827247341034288,19.0,0.0,1.0,0.10989882959730213,1.0000305189751728,0.0048078895,0.00031076372,294.72998,295.34424,295.32544,295.28442,295.31885,3.999954221537241,0.47398376,0.48316956,0.48535156,0.41693115,89787.81,296.66895,0.009352916,-0.40060616,-0.32994843
Kasese,1990-04-01,0.1699,30.0781,0.20000000000000104,30.100000000000016,291.91284,-0.0037405165,0001,10529.614022288868,0.827247341034288,19.0,0.0,1.0,0.10989882959730213,1.0000305189751728,0.0055782422,0.00032772124,294.9795,295.59912,295.5664,295.4702,295.3418,3.999954221537241,0.47018433,0.47998047,0.4878235,0.4415741,89685.375,296.96143,0.010967631,-0.32789135,-0.07040787
Kasese,1990-05-01,0.1699,30.0781,0.20000000000000104,30.100000000000016,291.37378,-0.003554712,0001,10529.614022288868,0.827247341034288,19.0,0.0,1.0,0.10989882959730213,1.0000305189751728,0.0029787421,0.0002937615,294.52588,295.15356,295.20483,295.32812,295.38525,3.999954221537241,0.46342468,0.46661377,0.47003174,0.45057678,89792.625,297.0127,0.00638439,-0.4149971,0.06985855
Kasese,1990-06-01,0.1699,30.0781,0.20000000000000104,30.100000000000016,289.5271,-0.003510693,0001,10529.614022288868,0.827247341034288,19.0,0.0,1.0,0.10989882959730213,1.0000305189751728,0.0014687479,0.00015193224,294.93335,295.4192,295.37646,295.3037,295.33545,3.999954221537241,0.42167664,0.42817688,0.4420929,0.44863892,89903.625,297.7207,0.0025051828,-0.57288647,-0.008339882
Kasese,1990-07-01,0.1699,30.0781,0.20000000000000104,30.100000000000016,288.04077,-0.0027147923,0001,10529.614022288868,0.827247341034288,19.0,0.0,1.0,0.10989882959730213,1.0000305189751728,0.00047253072,9.801984e-05,295.38428,295.83203,295.75854,295.6228,295.396,3.999954221537241,0.3408661,0.36470032,0.391922,0.43988037,89861.625,297.62964,0.0010752534,-0.5983486,0.03490448
Kasese,1990-08-01,0.1699,30.0781,0.20000000000000104,30.100000000000016,289.83667,-0.0026783198,0001,10529.614022288868,0.827247341034288,19.0,0.0,1.0,0.10989882959730213,1.0000305189751728,0.0006259605,0.0001797229,295.70337,296.1543,296.08862,295.85742,295.5354,3.999954221537241,0.3844452,0.3631134,0.37216187,0.43154907,89901.25,297.1765,0.003422947,-0.513855,0.09051418
Kasese,1990-09-01,0.1699,30.0781,0.20000000000000104,30.100000000000016,290.28687,-0.0031656483,0001,10529.614022288868,0.827247341034288,19.0,0.0,1.0,0.10989882959730213,1.0000305189751728,0.0010865182,0.00019456446,294.8164,295.43945,295.50708,295.6692,295.63354,3.999954221537241,0.42822266,0.40449524,0.38493347,0.42843628,89807.625,296.7312,0.005042123,-0.38685608,0.033226967
Kasese,1990-10-01,0.1699,30.0781,0.20000000000000104,30.100000000000016,290.52222,-0.0030535655,0001,10529.614022288868,0.827247341034288,19.0,0.0,1.0,0.10989882959730213,1.0000305189751728,0.0013387874,0.00019854307,295.19165,295.73877,295.70923,295.66113,295.62964,3.999954221537241,0.40737915,0.4032898,0.37425232,0.43011475,89744.75,296.6355,0.004970706,-0.41531086,-0.10632038
Kasese,1990-11-01,0.1699,30.0781,0.20000000000000104,30.100000000000016,290.6521,-0.0033800546,0001,10529.614022288868,0.827247341034288,19.0,0.0,1.0,0.10989882959730213,1.0000305189751728,0.0020138323,0.0002155155,294.7058,295.29565,295.30444,295.37427,295.5901,3.999954221537241,0.44407654,0.4345703,0.38505554,0.4329071,89710.94,296.80322,0.00452352,-0.5602484,-0.34696198
Kasese,1990-12-01,0.1699,30.0781,0.20000000000000104,30.100000000000016,290.52783,-0.0031862957,0001,10529.614022288868,0.827247341034288,19.0,0.0,1.0,0.10989882959730213,1.0000305189751728,0.0012740232,0.00020337105,294.4026,294.9773,295.01294,295.15576,295.47192,3.999954221537241,0.42826843,0.42500305,0.3837738,0.4276886,89696.375,296.35864,0.0041929586,-0.44132423,-0.37818146
Kasese,1991-01-01,0.1699,30.0781,0.20000000000000104,30.100000000000016,290.08887,-0.0029000426,0001,10529.614022288868,0.827247341034288,19.0,0.0,1.0,0.10989882959730213,1.0000305189751728,0.0013466701,0.000175789,295.55737,296.02026,295.91357,295.64062,295.40454,3.999954221537241,0.38876343,0.38020325,0.37886047,0.4256134,89715.25,297.6775,0.0033715367,-0.51969147,-0.42990208
Kasese,1991-02-01,0.1699,30.0781,0.20000000000000104,30.100000000000016,290.24683,-0.0026959926,0001,10529.614022288868,0.827247341034288,19.0,0.0,1.0,0.10989882959730213,1.0000305189751728,0.0014417395,0.00016666949,296.45386,296.9248,296.802,296.39185,295.6499,3.999954221537241,0.3824463,0.36116028,0.36904907,0.42114258,89704.31,298.07397,0.004509346,-0.33109188,-0.39635277
Kasese,1991-03-01,0.1699,30.0781,0.20000000000000104,30.100000000000016,290.6775,-0.0029199338,0001,10529.614022288868,0.827247341034288,19.0,0.0,1.0,0.10989882959730213,1.0000305189751728,0.0023467839,0.00020818412,296.31177,296.84668,296.7881,296.57446,295.95532,3.999954221537241,0.40690613,0.38945007,0.3677063,0.42167664,89613.19,298.1914,0.006012929,-0.4239254,-0.23156357
Kasese,1991-04-01,0.1699,30.0781,0.20000000000000104,30.100000000000016,291.68506,-0.003524255,0001,10529.614022288868,0.827247341034288,19.0,0.0,1.0,0.10989882959730213,1.0000305189751728,0.006391622,0.0003312379,294.38892,295.13623,295.25757,295.62427,296.03564,3.999954221537241,0.46261597,0.47201538,0.42619324,0.42211914,89715.56,296.365,0.012149055,-0.3518877,0.00051116943
Kasese,1991-05-01,0.1699,30.0781,0.20000000000000104,30.100000000000016,291.8025,-0.0033622468,0001,10529.614022288868,0.827247341034288,19.0,0.0,1.0,0.10989882959730213,1.0000305189751728,0.0037504062,0.0003309697,294.27173,294.9541,295.05005,295.32422,295.79736,3.999954221537241,0.4708557,0.47349548,0.4633789,0.42242432,89782.5,296.38477,0.00732336,-0.35665417,0.1075449
Kasese,1991-06-01,0.1699,30.0781,0.20000000000000104,30.100000000000016,291.52588,-0.0032001464,0001,10529.614022288868,0.827247341034288,19.0,0.0,1.0,0.10989882959730213,1.0000305189751728,0.0040731877,0.0003066063,294.45044,295.0244,295.04224,295.14746,295.55518,3.999954221537241,0.46192932,0.4743805,0.47999573,0.43203735,89868.31,296.5835,0.007886855,-0.2744379,0.14337444
Kasese,1991-07-01,0.1699,30.0781,0.20000000000000104,30.100000000000016,289.63843,-0.0031375475,0001,10529.614022288868,0.827247341034288,19.0,0.0,1.0,0.10989882959730213,1.0000305189751728,0.0016080886,0.00016519427,294.0703,294.63525,294.70752,294.927,295.35425,3.999954221537241,0.4352417,0.44554138,0.4539795,0.43728638,89946.69,296.42017,0.003803278,-0.3537779,0.12811375
Kasese,1991-08-01,0.1699,30.0781,0.20000000000000104,30.100000000000016,290.38745,-0.0032201316,0001,10529.614022288868,0.827247341034288,19.0,0.0,1.0,0.10989882959730213,1.0000305189751728,0.00094397366,0.00020711124,294.45435,294.99805,294.99634,295.01758,295.18774,3.999954221537241,0.4373932,0.4294281,0.4281006,0.43278503,89933.81,296.31323,0.0034783678,-0.2968731,0.2027731
Kasese,1991-09-01,0.1699,30.0781,0.20000000000000104,30.100000000000016,290.15723,-0.0034215255,0001,10529.614022288868,0.827247341034288,19.0,0.0,1.0,0.10989882959730213,1.0000305189751728,0.0010686666,0.0002027899,295.3286,295.81543,295.71655,295.4502,295.188,3.999954221537241,0.41531372,0.41445923,0.41783142,0.43017578,89816.75,297.21924,0.004237279,-0.50666237,-0.017915726
Kasese,1991-10-01,0.1699,30.0781,0.20000000000000104,30.100000000000016,290.41772,-0.0032385103,0001,10529.614022288868,0.827247341034288,19.0,0.0,1.0,0.10989882959730213,1.0000305189751728,0.0021455735,0.0002654493,294.03906,294.73047,294.83423,295.14624,295.29858,3.999954221537241,0.44844055,0.44099426,0.40945435,0.4323578,89741.5,295.83154,0.005540359,-0.29674911,-0.028003693
Kasese,1991-11-01,0.1699,30.0781,0.20000000000000104,30.100000000000016,290.3711,-0.0033198604,0001,10529.614022288868,0.827247341034288,19.0,0.0,1.0,0.10989882959730213,1.0000305189751728,0.0022032708,0.00025610626,293.98267,294.59033,294.61963,294.75464,295.11865,3.999954221537241,0.44436646,0.43281555,0.4061737,0.4316101,89755.125,295.9839,0.005237989,-0.60403633,-0.37870502
Kasese,1991-12-01,0.1699,30.0781,0.20000000000000104,30.100000000000016,290.3352,-0.0031981487,0001,10529.614022288868,0.827247341034288,19.0,0.0,1.0,0.10989882959730213,1.0000305189751728,0.0014983602,0.000156641,294.8672,295.32837,295.24,295.05933,295.01367,3.999954221537241,0.40841675,0.4063263,0.391922,0.42884827,89713.75,296.99268,0.0028801044,-0.46428013,-0.46218777
Kasese,1992-01-01,0.1699,30.0781,0.20000000000000104,30.100000000000016,289.6245,-0.002435374,0001,10529.614022288868,0.827247341034288,19.0,0.0,1.0,0.10989882959730213,1.0000305189751728,0.00051731616,9.614229e-05,296.5525,296.8816,296.65674,295.99902,295.20703,3.999954221537241,0.33901978,0.348526,0.35806274,0.4203186,89699.375,297.9331,0.0016103525,-0.42660904,-0.52487564
Kasese,1992-02-01,0.1699,30.0781,0.20000000000000104,30.100000000000016,289.41016,-0.0022956738,0001,10529.614022288868,0.827247341034288,19.0,0.0,1.0,0.10989882959730213,1.0000305189751728,0.0003372319,8.691847e-05,297.31226,297.64233,297.4004,296.75708,295.6455,3.999954221537241,0.34321594,0.33654785,0.34526062,0.41261292,89718.375,298.82056,0.001727187,-0.23467445,-0.25525188
Kasese,1992-03-01,0.1699,30.0781,0.20000000000000104,30.100000000000016,289.7307,-0.0022818279,0001,10529.614022288868,0.827247341034288,19.0,0.0,1.0,0.10989882959730213,1.0000305189751728,0.00090458244,0.00012731552,297.78955,298.2661,298.14795,297.6433,296.28345,3.999954221537241,0.34414673,0.33825684,0.33450317,0.40524292,89610.0,299.29102,0.0044040573,-0.46771526,-0.08805084
Kasese,1992-04-01,0.1699,30.0781,0.20000000000000104,30.100000000000016,291.6023,-0.0034105051,0001,10529.614022288868,0.827247341034288,19.0,0.0,1.0,0.10989882959730213,1.0000305189751728,0.0021169335,0.00029289722,295.4287,296.11914,296.22192,296.49072,296.5691,3.999954221537241,0.4421234,0.43876648,0.3794098,0.41119385,89686.81,297.4729,0.007521647,-0.48932743,0.017303467
Kasese,1992-05-01,0.1699,30.0781,0.20000000000000104,30.100000000000016,290.9673,-0.0032957662,0001,10529.614022288868,0.827247341034288,19.0,0.0,1.0,0.10989882959730213,1.0000305189751728,0.0018783808,0.00019194186,294.81226,295.43237,295.51172,295.83862,296.39893,3.999954221537241,0.4310608,0.42982483,0.38879395,0.41508484,89771.06,297.1001,0.0035686675,-0.50903034,0.066942215
Kasese,1992-06-01,0.1699,30.0781,0.20000000000000104,30.100000000000016,290.62793,-0.0026970822,0001,10529.614022288868,0.827247341034288,19.0,0.0,1.0,0.10989882959730213,1.0000305189751728,0.0012944788,0.00024244189,294.5027,295.1211,295.2566,295.6516,296.17188,3.999954221537241,0.41734314,0.4137268,0.37753296,0.408844,89863.69,296.6416,0.0047550313,-0.32159138,0.21368885
Kasese,1992-07-01,0.1699,30.0781,0.20000000000000104,30.100000000000016,289.27588,-0.0025406964,0001,10529.614022288868,0.827247341034288,19.0,0.0,1.0,0.10989882959730213,1.0000305189751728,0.00078214705,0.0001449734,294.3794,294.88452,294.92212,295.08716,295.81226,3.999954221537241,0.3970337,0.40005493,0.37916565,0.40734863,89950.25,296.3208,0.0019355237,-0.43499374,0.08589268
Kasese,1992-08-01,0.1699,30.0781,0.20000000000000104,30.100000000000016,288.56177,-0.0024813302,0001,10529.614022288868,0.827247341034288,19.0,0.0,1.0,0.10989882959730213,1.0000305189751728,0.0007380396,0.000110536814,295.69922,296.094,295.9873,295.7295,295.6477,3.999954221537241,0.36254883,0.36775208,0.35871887,0.40194702,89906.56,297.15845,0.0023658192,-0.5732956,0.093307495
Kasese,1992-09-01,0.1699,30.0781,0.20000000000000104,30.100000000000016,289.6709,-0.0026094057,0001,10529.614022288868,0.827247341034288,19.0,0.0,1.0,0.10989882959730213,1.0000305189751728,0.0006567687,0.00014455616,295.10596,295.6194,295.6482,295.75293,295.7246,3.999954221537241,0.39189148,0.38423157,0.356781,0.3972473,89753.5,296.54712,0.003033501,-0.45048714,0.022281647
Kasese,1992-10-01,0.1699,30.0781,0.20000000000000104,30.100000000000016,290.51978,-0.0027989028,0001,10529.614022288868,0.827247341034288,19.0,0.0,1.0,0.10989882959730213,1.0000305189751728,0.0012972057,0.00025318563,295.15527,295.74634,295.75244,295.75684,295.71704,3.999954221537241,0.4091797,0.37857056,0.36045837,0.39631653,89753.875,296.32983,0.005190634,-0.31139565,0.09814358
Kasese,1992-11-01,0.1699,30.0781,0.20000000000000104,30.100000000000016,290.2329,-0.0029009553,0001,10529.614022288868,0.827247341034288,19.0,0.0,1.0,0.10989882959730213,1.0000305189751728,0.0015314966,0.0002310127,294.58252,295.18994,295.24658,295.41577,295.66895,3.999954221537241,0.4195099,0.39587402,0.36338806,0.40104675,89705.625,296.25415,0.004361645,-0.55949306,-0.36920643
Kasese,1992-12-01,0.1699,30.0781,0.20000000000000104,30.100000000000016,290.42554,-0.002614554,0001,10529.614022288868,0.827247341034288,19.0,0.0,1.0,0.10989882959730213,1.0000305189751728,0.0014914945,0.00020073354,294.96973,295.46313,295.42065,295.3899,295.56006,3.999954221537241,0.3927307,0.37493896,0.36143494,0.40078735,89737.31,296.53857,0.0032458962,-0.6091776,-0.46757793
Kasese,1993-01-01,0.1699,30.0781,0.20000000000000104,30.100000000000016,290.13403,-0.0026841005,0001,10529.614022288868,0.827247341034288,19.0,0.0,1.0,0.10989882959730213,1.0000305189751728,0.001187563,0.00013899803,295.50732,295.98438,295.93652,295.79858,295.583,3.999954221537241,0.39141846,0.39134216,0.35121155,0.39595032,89745.31,297.38843,0.0037956738,-0.28732014,-0.26182175
Kasese,1993-02-01,0.1699,30.0781,0.20000000000000104,30.100000000000016,290.00586,-0.002651452,0001,10529.614022288868,0.827247341034288,19.0,0.0,1.0,0.10989882959730213,1.0000305189751728,0.0010195151,0.0001720488,296.67773,297.10547,296.9402,296.45728,295.7505,3.999954221537241,0.38049316,0.37094116,0.35383606,0.39164734,89671.06,298.05103,0.003918133,-0.32777405,-0.27302742
Kasese,1993-03-01,0.1699,30.0781,0.20000000000000104,30.100000000000016,289.73315,-0.0027613994,0001,10529.614022288868,0.827247341034288,19.0,0.0,1.0,0.10989882959730213,1.0000305189751728,0.0015016496,0.00015716255,296.7107,297.2173,297.10596,296.80273,296.09985,3.999954221537241,0.38772583,0.36584473,0.36079407,0.39398193,89693.94,298.0088,0.0040341485,-0.5270996,-0.2531309
Kasese,1993-04-01,0.1699,30.0781,0.20000000000000104,30.100000000000016,290.66797,-0.002573613,0001,10529.614022288868,0.827247341034288,19.0,0.0,1.0,0.10989882959730213,1.0000305189751728,0.0017489046,0.00022250414,296.25952,296.83545,296.83813,296.77637,296.364,3.999954221537241,0.38139343,0.3677826,0.35603333,0.39253235,89666.0,297.71265,0.004602276,-0.56509876,-0.039580345
Kasese,1993-05-01,0.1699,30.0781,0.20000000000000104,30.100000000000016,291.2019,-0.0032964582,0001,10529.614022288868,0.827247341034288,19.0,0.0,1.0,0.10989882959730213,1.0000305189751728,0.003579393,0.0002962947,294.9292,295.57642,295.65918,295.95996,296.3684,3.999954221537241,0.4446869,0.4467926,0.37748718,0.39401245,89765.875,297.01074,0.007094452,-0.44873142,0.14039326
Kasese,1993-06-01,0.1699,30.0781,0.20000000000000104,30.100000000000016,290.62036,-0.0028281668,0001,10529.614022288868,0.827247341034288,19.0,0.0,1.0,0.10989882959730213,1.0000305189751728,0.0015424639,0.00021854043,294.70825,295.27832,295.35962,295.60083,296.13208,3.999954221537241,0.41886902,0.42034912,0.3818817,0.38960266,89922.375,296.67017,0.0040146736,-0.44406223,0.14015675
Kasese,1993-07-01,0.1699,30.0781,0.20000000000000104,30.100000000000016,287.61475,-0.0020680092,0001,10529.614022288868,0.827247341034288,19.0,0.0,1.0,0.10989882959730213,1.0000305189751728,0.0005364865,4.351139e-05,296.062,296.41724,296.2827,295.99658,295.97998,3.999954221537241,0.31773376,0.34599304,0.35510254,0.3850708,89886.625,297.48462,0.0009808539,-0.68153,0.07697201
Kasese,1993-08-01,0.1699,30.0781,0.20000000000000104,30.100000000000016,289.18408,-0.0019311411,0001,10529.614022288868,0.827247341034288,19.0,0.0,1.0,0.10989882959730213,1.0000305189751728,0.00028460473,0.00012207031,296.0149,296.48413,296.4563,296.39087,296.09448,3.999954221537241,0.33926392,0.33041382,0.33215332,0.37834167,89913.625,297.01172,0.0013283296,-0.5374336,0.06656742
Kasese,1993-09-01,0.1699,30.0781,0.20000000000000104,30.100000000000016,289.3911,-0.0020489497,0001,10529.614022288868,0.827247341034288,19.0,0.0,1.0,0.10989882959730213,1.0000305189751728,0.00028459728,0.00013409555,296.56445,297.0227,296.90552,296.57568,296.2141,3.999954221537241,0.34474182,0.33294678,0.32164,0.37257385,89785.25,297.2107,0.0020947978,-0.5171509,0.015514374
Kasese,1993-10-01,0.1699,30.0781,0.20000000000000104,30.100000000000016,290.24976,-0.0020783367,0001,10529.614022288868,0.827247341034288,19.0,0.0,1.0,0.10989882959730213,1.0000305189751728,0.00030054897,0.00016535819,296.38818,296.9187,296.93872,296.8755,296.42432,3.999954221537241,0.36590576,0.34465027,0.32260132,0.36764526,89743.44,297.07422,0.0025882742,-0.54587555,-0.08255482
Kasese,1993-11-01,0.1699,30.0781,0.20000000000000104,30.100000000000016,291.15356,-0.0031070476,0001,10529.614022288868,0.827247341034288,19.0,0.0,1.0,0.10989882959730213,1.0000305189751728,0.0010838881,0.00028808415,294.63647,295.3589,295.5022,295.9568,296.42456,3.999954221537241,0.44329834,0.42182922,0.35517883,0.36787415,89666.625,296.05615,0.0062901843,-0.41843987,-0.29174137
Kasese,1993-12-01,0.1699,30.0781,0.20000000000000104,30.100000000000016,290.3318,-0.003238962,0001,10529.614022288868,0.827247341034288,19.0,0.0,1.0,0.10989882959730213,1.0000305189751728,0.0018190816,0.00023595989,295.08765,295.63306,295.60107,295.66504,296.16528,3.999954221537241,0.42541504,0.42112732,0.36735535,0.38110352,89692.5,296.89868,0.0047596195,-0.5588331,-0.53827953
Kasese,1994-01-01,0.1699,30.0781,0.20000000000000104,30.100000000000016,290.2212,-0.0028750598,0001,10529.614022288868,0.827247341034288,19.0,0.0,1.0,0.10989882959730213,1.0000305189751728,0.0013391674,0.00018151104,295.86914,296.3872,296.33032,296.20435,296.10352,3.999954221537241,0.39305115,0.38798523,0.36016846,0.37997437,89612.19,297.4353,0.004134119,-0.24416924,-0.39898205
Kasese,1994-02-01,0.1699,30.0781,0.20000000000000104,30.100000000000016,289.7998,-0.0021470366,0001,10529.614022288868,0.827247341034288,19.0,0.0,1.0,0.10989882959730213,1.0000305189751728,0.00064609945,8.375943e-05,297.71704,298.1045,297.88892,297.16992,296.27466,3.999954221537241,0.33119202,0.34576416,0.34843445,0.37675476,89640.875,298.5691,0.001700474,0.08574772,-0.1676035
Kasese,1994-03-01,0.1699,30.0781,0.20000000000000104,30.100000000000016,291.19165,-0.0031341566,0001,10529.614022288868,0.827247341034288,19.0,0.0,1.0,0.10989882959730213,1.0000305189751728,0.0014896244,0.0002272278,295.61597,296.3015,296.40015,296.70312,296.56787,3.999954221537241,0.4318695,0.41098022,0.3594513,0.37504578,89702.56,297.30225,0.0061453446,-0.2868719,-0.26040554
Kasese,1994-04-01,0.1699,30.0781,0.20000000000000104,30.100000000000016,290.6228,-0.0030376138,0001,10529.614022288868,0.827247341034288,19.0,0.0,1.0,0.10989882959730213,1.0000305189751728,0.002278708,0.00024661422,296.10278,296.69214,296.6748,296.614,296.57056,3.999954221537241,0.4002838,0.38945007,0.3578186,0.3795166,89666.5,297.91455,0.0054466734,-0.5850382,-0.02263546
Kasese,1994-05-01,0.1699,30.0781,0.20000000000000104,30.100000000000016,291.04517,-0.0029364852,0001,10529.614022288868,0.827247341034288,19.0,0.0,1.0,0.10989882959730213,1.0000305189751728,0.002153948,0.00024829805,294.7788,295.44214,295.56348,295.93384,296.4629,3.999954221537241,0.4235077,0.41183472,0.35157776,0.3789978,89838.31,296.8286,0.0041053044,-0.45069408,0.11186504
Kasese,1994-06-01,0.1699,30.0781,0.20000000000000104,30.100000000000016,289.7395,-0.0021966454,0001,10529.614022288868,0.827247341034288,19.0,0.0,1.0,0.10989882959730213,1.0000305189751728,0.00067944825,0.00016006827,295.49072,295.94727,295.92773,295.9485,296.2561,3.999954221537241,0.3710022,0.3627777,0.34284973,0.3725891,89854.25,297.13354,0.0020918583,-0.4300232,0.10117054
Kasese,1994-07-01,0.1699,30.0781,0.20000000000000104,30.100000000000016,288.94556,-0.0020275107,0001,10529.614022288868,0.827247341034288,19.0,0.0,1.0,0.10989882959730213,1.0000305189751728,0.0006773472,0.00013904274,295.61694,296.07227,296.06982,296.08276,296.1582,3.999954221537241,0.37495422,0.35482788,0.3422699,0.3682251,89889.125,297.09912,0.0028417155,-0.5368614,0.11495972
Kasese,1994-08-01,0.1699,30.0781,0.20000000000000104,30.100000000000016,289.2976,-0.0022088625,0001,10529.614022288868,0.827247341034288,19.0,0.0,1.0,0.10989882959730213,1.0000305189751728,0.0005901158,0.00016866624,295.71313,296.2024,296.20508,296.2339,296.17847,3.999954221537241,0.37582397,0.3622589,0.34942627,0.3655548,89839.0,296.89014,0.0028502787,-0.5153103,0.11941624
Kasese,1994-09-01,0.1699,30.0781,0.20000000000000104,30.100000000000016,290.18164,-0.0028394638,0001,10529.614022288868,0.827247341034288,19.0,0.0,1.0,0.10989882959730213,1.0000305189751728,0.0013773367,0.00017771125,295.64307,296.16138,296.12402,296.05298,296.14746,3.999954221537241,0.40589905,0.39120483,0.35679626,0.3703766,89801.56,296.7766,0.004386032,-0.52878094,-0.07750416
Kasese,1994-10-01,0.1699,30.0781,0.20000000000000104,30.100000000000016,290.4231,-0.002434908,0001,10529.614022288868,0.827247341034288,19.0,0.0,1.0,0.10989882959730213,1.0000305189751728,0.0009393245,0.00020496547,294.98486,295.60962,295.71362,295.9558,296.1189,3.999954221537241,0.39985657,0.37098694,0.35009766,0.3700409,89705.44,296.1609,0.0034636667,-0.40826035,-0.11959648
Kasese,1994-11-01,0.1699,30.0781,0.20000000000000104,30.100000000000016,291.30127,-0.002953072,0001,10529.614022288868,0.827247341034288,19.0,0.0,1.0,0.10989882959730213,1.0000305189751728,0.003492929,0.00034433603,294.17798,294.8457,294.9402,295.29248,295.92163,3.999954221537241,0.4624176,0.44119263,0.36795044,0.37443542,89758.625,295.29736,0.00833902,-0.30639076,-0.12459946
Kasese,1994-12-01,0.1699,30.0781,0.20000000000000104,30.100000000000016,290.6792,-0.00321873,0001,10529.614022288868,0.827247341034288,19.0,0.0,1.0,0.10989882959730213,1.0000305189751728,0.0025023818,0.00025184453,294.5437,295.09644,295.07202,295.12402,295.63623,3.999954221537241,0.4293213,0.42913818,0.38461304,0.37506104,89774.81,296.27808,0.0047532306,-0.5736389,-0.5256691
Kasese,1995-01-01,0.1699,30.0781,0.20000000000000104,30.100000000000016,290.05713,-0.0026036212,0001,10529.614022288868,0.827247341034288,19.0,0.0,1.0,0.10989882959730213,1.0000305189751728,0.001149334,0.00012737513,296.57593,296.95728,296.76807,296.22876,295.65088,3.999954221537241,0.36894226,0.36779785,0.36727905,0.3711853,89727.75,298.0442,0.002604432,-0.2847166,-0.43988037
Kasese,1995-02-01,0.1699,30.0781,0.20000000000000104,30.100000000000016,290.48096,-0.0025344072,0001,10529.614022288868,0.827247341034288,19.0,0.0,1.0,0.10989882959730213,1.0000305189751728,0.0012011454,0.00020733476,296.00806,296.5818,296.59106,296.54102,295.96362,3.999954221537241,0.39509583,0.36276245,0.36387634,0.36798096,89736.19,297.28564,0.0045884377,-0.14616585,-0.23684978
Kasese,1995-03-01,0.1699,30.0781,0.20000000000000104,30.100000000000016,291.21484,-0.003173071,0001,10529.614022288868,0.827247341034288,19.0,0.0,1.0,0.10989882959730213,1.0000305189751728,0.0027522296,0.00025196373,295.37305,295.9839,296.00024,296.09204,296.0664,3.999954221537241,0.4388275,0.42399597,0.3621521,0.37295532,89673.44,297.02612,0.0057077846,-0.39081764,-0.25171185
Kasese,1995-04-01,0.1699,30.0781,0.20000000000000104,30.100000000000016,291.3772,-0.0031334446,0001,10529.614022288868,0.827247341034288,19.0,0.0,1.0,0.10989882959730213,1.0000305189751728,0.001949057,0.00026588142,295.64478,296.24585,296.2417,296.15894,296.08765,3.999954221537241,0.42042542,0.39360046,0.36276245,0.37057495,89615.75,297.4541,0.0055360105,-0.5388746,0.016360283
Kasese,1995-05-01,0.1699,30.0781,0.20000000000000104,30.100000000000016,291.0149,-0.003362571,0001,10529.614022288868,0.827247341034288,19.0,0.0,1.0,0.10989882959730213,1.0000305189751728,0.0031259656,0.00029571354,294.8462,295.5039,295.55542,295.76514,296.04883,3.999954221537241,0.43746948,0.4306488,0.36317444,0.37161255,89777.875,297.1277,0.006145427,-0.58724594,0.13590813
Kasese,1995-06-01,0.1699,30.0781,0.20000000000000104,30.100000000000016,290.3291,-0.0027523693,0001,10529.614022288868,0.827247341034288,19.0,0.0,1.0,0.10989882959730213,1.0000305189751728,0.0008634478,0.00016091764,295.3694,295.84717,295.83252,295.82593,295.9485,3.999954221537241,0.41184998,0.39024353,0.3561554,0.36610413,89825.81,297.26538,0.0028592655,-0.37639332,0.08464146
Kasese,1995-07-01,0.1699,30.0781,0.20000000000000104,30.100000000000016,289.29663,-0.0024259929,0001,10529.614022288868,0.827247341034288,19.0,0.0,1.0,0.10989882959730213,1.0000305189751728,0.00075766444,0.00015857816,295.3147,295.78418,295.7705,295.7727,295.89478,3.999954221537241,0.3867035,0.38287354,0.36068726,0.3633423,89769.06,296.96777,0.0026801021,-0.4302826,0.04983425
Kasese,1995-08-01,0.1699,30.0781,0.20000000000000104,30.100000000000016,288.7246,-0.0024457434,0001,10529.614022288868,0.827247341034288,19.0,0.0,1.0,0.10989882959730213,1.0000305189751728,0.0006531179,0.00012530386,296.2605,296.7002,296.57568,296.2693,295.93042,3.999954221537241,0.36372375,0.36120605,0.3480835,0.36061096,89785.375,297.44556,0.002922654,-0.58653355,-0.08744526
Kasese,1995-09-01,0.1699,30.0781,0.20000000000000104,30.100000000000016,289.86768,-0.0024480773,0001,10529.614022288868,0.827247341034288,19.0,0.0,1.0,0.10989882959730213,1.0000305189751728,0.00058436394,0.00017890334,296.35132,296.84888,296.77734,296.5564,296.1162,3.999954221537241,0.3801117,0.35813904,0.35307312,0.35858154,89816.56,297.13208,0.00311147,-0.4417553,-0.045622826
Kasese,1995-10-01,0.1699,30.0781,0.20000000000000104,30.100000000000016,290.90308,-0.0027935738,0001,10529.614022288868,0.827247341034288,19.0,0.0,1.0,0.10989882959730213,1.0000305189751728,0.001182057,0.00024664402,295.47583,296.13403,296.219,296.40234,296.26025,3.999954221537241,0.41363525,0.39109802,0.35884094,0.36177063,89684.56,296.3589,0.005439761,-0.42294598,-0.106954575
Kasese,1995-11-01,0.1699,30.0781,0.20000000000000104,30.100000000000016,290.99585,-0.0033206716,0001,10529.614022288868,0.827247341034288,19.0,0.0,1.0,0.10989882959730213,1.0000305189751728,0.003964752,0.00029946864,294.80908,295.47974,295.55444,295.7932,296.18555,3.999954221537241,0.4577179,0.4482727,0.3725891,0.3703308,89719.81,296.3269,0.008053884,-0.45574856,-0.22286415
Kasese,1995-12-01,0.1699,30.0781,0.20000000000000104,30.100000000000016,290.30762,-0.0031684237,0001,10529.614022288868,0.827247341034288,19.0,0.0,1.0,0.10989882959730213,1.0000305189751728,0.0021069497,0.00022917986,294.4712,295.10742,295.17114,295.42065,295.9712,3.999954221537241,0.41375732,0.4140625,0.3769226,0.3685913,89768.06,296.40576,0.0044772564,-0.47702885,-0.585268
Kasese,1996-01-01,0.1699,30.0781,0.20000000000000104,30.100000000000016,290.27856,-0.002758218,0001,10529.614022288868,0.827247341034288,19.0,0.0,1.0,0.10989882959730213,1.0000305189751728,0.0013050586,0.00018534064,295.29175,295.80078,295.74878,295.64648,295.7876,3.999954221537241,0.39562988,0.380188,0.3718567,0.36572266,89604.375,296.812,0.0036702787,-0.3897848,-0.55229187
Kasese,1996-02-01,0.1699,30.0781,0.20000000000000104,30.100000000000016,290.52417,-0.002488275,0001,10529.614022288868,0.827247341034288,19.0,0.0,1.0,0.10989882959730213,1.0000305189751728,0.0011298135,0.00016885996,296.56982,296.99487,296.82788,296.38525,295.86597,3.999954221537241,0.38163757,0.3610382,0.36647034,0.36468506,89559.375,297.72412,0.0033139829,-0.33447456,-0.3656807
Kasese,1996-03-01,0.1699,30.0781,0.20000000000000104,30.100000000000016,291.1311,-0.0026473692,0001,10529.614022288868,0.827247341034288,19.0,0.0,1.0,0.10989882959730213,1.0000305189751728,0.0026182756,0.00022505224,296.20483,296.82568,296.8352,296.77368,296.1687,3.999954221537241,0.39746094,0.3700409,0.36523438,0.36730957,89589.19,297.22803,0.0062821247,-0.43513584,-0.1433773
Kasese,1996-04-01,0.1699,30.0781,0.20000000000000104,30.100000000000016,290.89502,-0.0033338415,0001,10529.614022288868,0.827247341034288,19.0,0.0,1.0,0.10989882959730213,1.0000305189751728,0.0026575401,0.00021085143,295.60083,296.1809,296.146,296.12207,296.2351,3.999954221537241,0.41288757,0.42190552,0.3622589,0.3680725,89653.44,297.54468,0.0046578147,-0.6835623,0.0044984818
Kasese,1996-05-01,0.1699,30.0781,0.20000000000000104,30.100000000000016,290.9348,-0.0024918513,0001,10529.614022288868,0.827247341034288,19.0,0.0,1.0,0.10989882959730213,1.0000305189751728,0.00091953576,0.00021393597,295.82007,296.34668,296.37354,296.41187,296.27905,3.999954221537241,0.38668823,0.3655548,0.35377502,0.36213684,89761.81,297.56396,0.0031147322,-0.61516,0.0693512
Kasese,1996-06-01,0.1699,30.0781,0.20000000000000104,30.100000000000016,289.79907,-0.002671388,0001,10529.614022288868,0.827247341034288,19.0,0.0,1.0,0.10989882959730213,1.0000305189751728,0.0027910173,0.00022777915,294.68115,295.27783,295.38794,295.72852,296.19775,3.999954221537241,0.42295837,0.40371704,0.36361694,0.36398315,89860.81,296.50928,0.006421026,-0.35552883,0.06596279
Kasese,1996-07-01,0.1699,30.0781,0.20000000000000104,30.100000000000016,289.16553,-0.0021944977,0001,10529.614022288868,0.827247341034288,19.0,0.0,1.0,0.10989882959730213,1.0000305189751728,0.0007124245,0.00010959804,295.16528,295.58325,295.53467,295.53174,295.9585,3.999954221537241,0.36715698,0.37695312,0.34716797,0.36221313,89900.06,296.57568,0.0012600567,-0.36088085,0.015859604
Kasese,1996-08-01,0.1699,30.0781,0.20000000000000104,30.100000000000016,289.1272,-0.002288008,0001,10529.614022288868,0.827247341034288,19.0,0.0,1.0,0.10989882959730213,1.0000305189751728,0.00081704557,0.0001911819,295.65918,296.24756,296.26196,296.2234,295.95996,3.999954221537241,0.3723297,0.36479187,0.3382721,0.3564911,89827.94,296.6787,0.0040947413,-0.23872375,0.079683304
Kasese,1996-09-01,0.1699,30.0781,0.20000000000000104,30.100000000000016,290.32202,-0.003013799,0001,10529.614022288868,0.827247341034288,19.0,0.0,1.0,0.10989882959730213,1.0000305189751728,0.00096808374,0.0002104938,295.18726,295.7312,295.71484,295.74292,295.9348,3.999954221537241,0.42436218,0.40823364,0.3636322,0.35690308,89733.25,296.4795,0.0039961273,-0.28604126,0.10348511
Kasese,1996-10-01,0.1699,30.0781,0.20000000000000104,30.100000000000016,290.34814,-0.002915333,0001,10529.614022288868,0.827247341034288,19.0,0.0,1.0,0.10989882959730213,1.0000305189751728,0.0018093884,0.00019662082,295.01318,295.5874,295.62354,295.72974,295.8877,3.999954221537241,0.41719055,0.41877747,0.36408997,0.36260986,89722.25,296.37476,0.0051629595,-0.36095715,-0.05365753
Kasese,1996-11-01,0.1699,30.0781,0.20000000000000104,30.100000000000016,290.97095,-0.0030288994,0001,10529.614022288868,0.827247341034288,19.0,0.0,1.0,0.10989882959730213,1.0000305189751728,0.0039968267,0.00030714273,294.10156,294.7915,294.92432,295.3274,295.7732,3.999954221537241,0.45429993,0.44158936,0.37887573,0.36683655,89676.56,295.60376,0.0079979375,-0.39425278,-0.20069313
Kasese,1996-12-01,0.1699,30.0781,0.20000000000000104,30.100000000000016,290.4729,-0.003519183,0001,10529.614022288868,0.827247341034288,19.0,0.0,1.0,0.10989882959730213,1.0000305189751728,0.002749674,0.0002644956,294.34863,294.93433,294.90405,294.94482,295.49487,3.999954221537241,0.44430542,0.44589233,0.39840698,0.36598206,89710.69,296.3308,0.0061088996,-0.41370106,-0.5484085
Kasese,1997-01-01,0.1699,30.0781,0.20000000000000104,30.100000000000016,289.94727,-0.0028887382,0001,10529.614022288868,0.827247341034288,19.0,0.0,1.0,0.10989882959730213,1.0000305189751728,0.0014658868,0.00015594065,295.1931,295.6648,295.5874,295.4082,295.3911,3.999954221537241,0.39286804,0.39118958,0.386734,0.36390686,89664.5,296.9651,0.0032513419,-0.2305336,-0.44382858
Kasese,1997-02-01,0.1699,30.0781,0.20000000000000104,30.100000000000016,287.62305,-0.001729032,0001,10529.614022288868,0.827247341034288,19.0,0.0,1.0,0.10989882959730213,1.0000305189751728,0.00047296286,1.2516975e-05,298.18408,298.44922,298.02295,296.91528,295.62183,3.999954221537241,0.2671814,0.31822205,0.34924316,0.3597412,89631.625,299.4309,0.00017940796,-0.093811035,-0.2974186
Kasese,1997-03-01,0.1699,30.0781,0.20000000000000104,30.100000000000016,290.17944,-0.0019953148,0001,10529.614022288868,0.827247341034288,19.0,0.0,1.0,0.10989882959730213,1.0000305189751728,0.00042317063,0.00014822185,297.96265,298.51196,298.4402,298.03076,296.35742,3.999954221537241,0.3343506,0.32112122,0.3249817,0.35351562,89575.44,298.6731,0.0030492463,-0.33594513,-0.30314732
Kasese,1997-04-01,0.1699,30.0781,0.20000000000000104,30.100000000000016,291.84644,-0.003033909,0001,10529.614022288868,0.827247341034288,19.0,0.0,1.0,0.10989882959730213,1.0000305189751728,0.0023587272,0.00031884015,294.20898,295.0337,295.28418,295.98047,296.60034,3.999954221537241,0.46385193,0.453125,0.391922,0.35699463,89783.375,295.6914,0.009185911,-0.20863819,0.10206509
Kasese,1997-05-01,0.1699,30.0781,0.20000000000000104,30.100000000000016,290.7422,-0.0033336598,0001,10529.614022288868,0.827247341034288,19.0,0.0,1.0,0.10989882959730213,1.0000305189751728,0.0039434433,0.00021919608,294.05933,294.71045,294.79517,295.1704,296.16675,3.999954221537241,0.44030762,0.45004272,0.4338684,0.36653137,89895.625,296.28882,0.0062779165,-0.46544075,0.00032234192
Kasese,1997-06-01,0.1699,30.0781,0.20000000000000104,30.100000000000016,289.81006,-0.0027100388,0001,10529.614022288868,0.827247341034288,19.0,0.0,1.0,0.10989882959730213,1.0000305189751728,0.0007153973,0.00010372698,295.27124,295.75244,295.72144,295.66235,295.8667,3.999954221537241,0.339859,0.36730957,0.39198303,0.36180115,89836.875,297.29272,0.0028937208,-0.5238333,0.10161209
Kasese,1997-07-01,0.1699,30.0781,0.20000000000000104,30.100000000000016,288.9746,-0.0027645119,0001,10529.614022288868,0.827247341034288,19.0,0.0,1.0,0.10989882959730213,1.0000305189751728,0.0004104674,0.00012420118,294.8037,295.27466,295.2683,295.33105,295.7173,3.999954221537241,0.39564514,0.40182495,0.38078308,0.35723877,89951.875,296.97217,0.0021626698,-0.46486378,0.052197456
Kasese,1997-08-01,0.1699,30.0781,0.20000000000000104,30.100000000000016,289.33276,-0.0024094377,0001,10529.614022288868,0.827247341034288,19.0,0.0,1.0,0.10989882959730213,1.0000305189751728,0.00028513372,0.0001154542,296.22803,296.64722,296.521,296.16357,295.72485,3.999954221537241,0.35404968,0.356781,0.36154175,0.3538971,89931.31,297.5227,0.0018043786,-0.4998331,0.019270897
Kasese,1997-09-01,0.1699,30.0781,0.20000000000000104,30.100000000000016,289.37476,-0.0021455167,0001,10529.614022288868,0.827247341034288,19.0,0.0,1.0,0.10989882959730213,1.0000305189751728,0.00022116303,0.000104531646,297.0381,297.40527,297.22803,296.76294,296.00537,3.999954221537241,0.34268188,0.3421631,0.34429932,0.35075378,89760.94,298.0332,0.0015755753,-0.6679096,-0.24470139
Kasese,1997-10-01,0.1699,30.0781,0.20000000000000104,30.100000000000016,290.42773,-0.0021331222,0001,10529.614022288868,0.827247341034288,19.0,0.0,1.0,0.10989882959730213,1.0000305189751728,0.00025604665,0.00013820827,295.97998,296.5288,296.59766,296.72803,296.32275,3.999954221537241,0.3655548,0.3456726,0.33692932,0.34797668,89762.69,296.75366,0.0025763703,-0.6069231,-0.13931274
Kasese,1997-11-01,0.1699,30.0781,0.20000000000000104,30.100000000000016,291.86157,-0.0027944576,0001,10529.614022288868,0.827247341034288,19.0,0.0,1.0,0.10989882959730213,1.0000305189751728,0.0018980578,0.0003130138,294.33423,295.0598,295.23706,295.7185,296.27075,3.999954221537241,0.4565277,0.44018555,0.38420105,0.35427856,89757.875,295.40283,0.008826373,-0.39553833,-0.16811371
Kasese,1997-12-01,0.1699,30.0781,0.20000000000000104,30.100000000000016,291.94287,-0.003002178,0001,10529.614022288868,0.827247341034288,19.0,0.0,1.0,0.10989882959730213,1.0000305189751728,0.0029863566,0.00032253563,293.86353,294.52466,294.62573,294.99854,295.8899,3.999954221537241,0.47288513,0.47505188,0.45114136,0.36930847,89834.69,294.8999,0.0068579065,-0.31901836,-0.2607708
Kasese,1998-01-01,0.1699,30.0781,0.20000000000000104,30.100000000000016,292.3391,-0.0033066254,0001,10529.614022288868,0.827247341034288,19.0,0.0,1.0,0.10989882959730213,1.0000305189751728,0.002189383,0.0002809167,294.69238,295.2539,295.21143,295.13086,295.53418,3.999954221537241,0.45951843,0.46388245,0.45576477,0.37251282,89766.75,296.20728,0.0055381986,-0.35773468,-0.3684368
Kasese,1998-02-01,0.1699,30.0781,0.20000000000000104,30.100000000000016,292.47095,-0.0034600357,0001,10529.614022288868,0.827247341034288,19.0,0.0,1.0,0.10989882959730213,1.0000305189751728,0.0030570626,0.00020818412,295.96533,296.46045,296.33765,296.0027,295.5725,3.999954221537241,0.44621277,0.450943,0.45555115,0.3773651,89856.06,297.52808,0.0060901744,0.010119438,-0.20758152
Kasese,1998-03-01,0.1699,30.0781,0.20000000000000104,30.100000000000016,291.79272,-0.0035929205,0001,10529.614022288868,0.827247341034288,19.0,0.0,1.0,0.10989882959730213,1.0000305189751728,0.0018810183,0.0001975894,296.29443,296.84375,296.77246,296.52686,295.85938,3.999954221537241,0.41911316,0.4313507,0.43640137,0.37712097,89688.44,298.20508,0.0055768006,-0.4644251,-0.2883396
Kasese,1998-04-01,0.1699,30.0781,0.20000000000000104,30.100000000000016,292.0039,-0.0035932735,0001,10529.614022288868,0.827247341034288,19.0,0.0,1.0,0.10989882959730213,1.0000305189751728,0.002868183,0.0002681315,296.10864,296.67896,296.62378,296.48413,296.11548,3.999954221537241,0.42921448,0.40971375,0.4195099,0.38116455,89741.56,298.2207,0.005676287,-0.6035452,-0.0082473755
Kasese,1998-05-01,0.1699,30.0781,0.20000000000000104,30.100000000000016,292.14722,-0.0035182526,0001,10529.614022288868,0.827247341034288,19.0,0.0,1.0,0.10989882959730213,1.0000305189751728,0.0059901923,0.0003554672,295.25732,295.94043,296.00415,296.14697,296.19556,3.999954221537241,0.45513916,0.46150208,0.43704224,0.38209534,89870.19,297.25293,0.012192555,-0.37047005,0.08648968
Kasese,1998-06-01,0.1699,30.0781,0.20000000000000104,30.100000000000016,289.94385,-0.0035661757,0001,10529.614022288868,0.827247341034288,19.0,0.0,1.0,0.10989882959730213,1.0000305189751728,0.0017196387,0.00016005337,294.95972,295.54346,295.58228,295.7422,296.08813,3.999954221537241,0.4202118,0.43377686,0.4496765,0.38571167,89962.31,297.6172,0.0028800901,-0.5135679,0.07824516
Kasese,1998-07-01,0.1699,30.0781,0.20000000000000104,30.100000000000016,288.87036,-0.0027278224,0001,10529.614022288868,0.827247341034288,19.0,0.0,1.0,0.10989882959730213,1.0000305189751728,0.00061377883,0.00010511279,295.47363,295.91138,295.89062,295.875,295.96777,3.999954221537241,0.370224,0.37335205,0.3987732,0.38090515,89889.31,297.3943,0.0019213986,-0.6055336,-0.08438778
Kasese,1998-08-01,0.1699,30.0781,0.20000000000000104,30.100000000000016,289.6836,-0.0026481207,0001,10529.614022288868,0.827247341034288,19.0,0.0,1.0,0.10989882959730213,1.0000305189751728,0.0007786304,0.00016474724,295.9192,296.39844,296.3462,296.21338,296.0017,3.999954221537241,0.37316895,0.36694336,0.37599182,0.37571716,89822.25,297.14185,0.0034121035,-0.46714783,-0.016098976
Kasese,1998-09-01,0.1699,30.0781,0.20000000000000104,30.100000000000016,290.0559,-0.002943689,0001,10529.614022288868,0.827247341034288,19.0,0.0,1.0,0.10989882959730213,1.0000305189751728,0.00073955953,0.00019669533,295.71167,296.27124,296.23975,296.1936,296.0725,3.999954221537241,0.38783264,0.37576294,0.3734131,0.37252808,89796.125,297.17822,0.0036838455,-0.5130882,-0.104231834
Kasese,1998-10-01,0.1699,30.0781,0.20000000000000104,30.100000000000016,290.6643,-0.003049055,0001,10529.614022288868,0.827247341034288,19.0,0.0,1.0,0.10989882959730213,1.0000305189751728,0.0016829967,0.00022636354,295.58374,296.16626,296.18896,296.20508,296.1272,3.999954221537241,0.42733765,0.4089203,0.37713623,0.37750244,89778.875,296.73315,0.005977778,-0.322896,0.057860374
Kasese,1998-11-01,0.1699,30.0781,0.20000000000000104,30.100000000000016,290.30176,-0.003277679,0001,10529.614022288868,0.827247341034288,19.0,0.0,1.0,0.10989882959730213,1.0000305189751728,0.0020631477,0.00020176172,295.0813,295.64795,295.6599,295.77734,296.07007,3.999954221537241,0.42816162,0.43302917,0.3816986,0.3835144,89695.94,296.6499,0.004133757,-0.6576967,-0.44102
Kasese,1998-12-01,0.1699,30.0781,0.20000000000000104,30.100000000000016,289.16504,-0.0025838278,0001,10529.614022288868,0.827247341034288,19.0,0.0,1.0,0.10989882959730213,1.0000305189751728,0.0007582158,0.00012400746,295.86108,296.37695,296.3186,296.18018,296.03467,3.999954221537241,0.3518982,0.35664368,0.35671997,0.37779236,89692.19,297.34033,0.002334844,-0.5755873,-0.69688797
Kasese,1999-01-01,0.1699,30.0781,0.20000000000000104,30.100000000000016,289.64282,-0.0025160573,0001,10529.614022288868,0.827247341034288,19.0,0.0,1.0,0.10989882959730213,1.0000305189751728,0.0008084066,0.00014689565,295.5879,296.10767,296.09106,296.10254,296.0874,3.999954221537241,0.3820343,0.3726654,0.35723877,0.37356567,89605.69,296.72388,0.00331853,-0.40532207,-0.57384586
Kasese,1999-02-01,0.1699,30.0781,0.20000000000000104,30.100000000000016,286.7876,-0.0021171877,0001,10529.614022288868,0.827247341034288,19.0,0.0,1.0,0.10989882959730213,1.0000305189751728,0.00048226863,9.125471e-05,297.9453,298.37427,298.08252,297.18018,296.20996,3.999954221537241,0.31193542,0.3411255,0.34373474,0.37046814,89551.31,299.0432,0.0021327233,-0.6776314,-0.63753414
Kasese,1999-03-01,0.1699,30.0781,0.20000000000000104,30.100000000000016,291.14038,-0.0030643665,0001,10529.614022288868,0.827247341034288,19.0,0.0,1.0,0.10989882959730213,1.0000305189751728,0.0021222234,0.0002719611,295.26733,296.02368,296.1809,296.5957,296.52148,3.999954221537241,0.43026733,0.40646362,0.36390686,0.37464905,89563.56,296.44238,0.0071512377,-0.23679638,-0.17797375
Kasese,1999-04-01,0.1699,30.0781,0.20000000000000104,30.100000000000016,290.969,-0.003235423,0001,10529.614022288868,0.827247341034288,19.0,0.0,1.0,0.10989882959730213,1.0000305189751728,0.003289923,0.0002796799,295.06665,295.75,295.81348,296.04688,296.40552,3.999954221537241,0.43429565,0.42259216,0.36590576,0.38000488,89737.19,296.56958,0.006861529,-0.507864,-0.08093643
Kasese,1999-05-01,0.1699,30.0781,0.20000000000000104,30.100000000000016,290.27466,-0.002934751,0001,10529.614022288868,0.827247341034288,19.0,0.0,1.0,0.10989882959730213,1.0000305189751728,0.0015178844,0.00014987588,294.86816,295.40894,295.4209,295.58618,296.17554,3.999954221537241,0.4011383,0.40013123,0.3533783,0.3769989,89802.625,296.69043,0.002258152,-0.5567684,-0.1100378
Kasese,1999-06-01,0.1699,30.0781,0.20000000000000104,30.100000000000016,288.75928,-0.0023839464,0001,10529.614022288868,0.827247341034288,19.0,0.0,1.0,0.10989882959730213,1.0000305189751728,0.00066269934,0.00013059378,295.63965,296.12793,296.12085,296.07617,296.06055,3.999954221537241,0.36421204,0.36676025,0.33729553,0.3695984,89821.31,297.15283,0.0026311162,-0.6189699,-0.13471794
Kasese,1999-07-01,0.1699,30.0781,0.20000000000000104,30.100000000000016,287.98022,-0.0016363459,0001,10529.614022288868,0.827247341034288,19.0,0.0,1.0,0.10989882959730213,1.0000305189751728,0.00024150312,9.5039606e-05,296.08398,296.46875,296.36914,296.18164,296.06543,3.999954221537241,0.31925964,0.33329773,0.32992554,0.36460876,89885.0,297.0586,0.0009963195,-0.7111635,-0.137743
Kasese,1999-08-01,0.1699,30.0781,0.20000000000000104,30.100000000000016,289.9922,-0.0024753269,0001,10529.614022288868,0.827247341034288,19.0,0.0,1.0,0.10989882959730213,1.0000305189751728,0.00058175623,0.00022299588,294.74512,295.39404,295.54028,295.89673,296.09888,3.999954221537241,0.4032898,0.38362122,0.3380432,0.36091614,89892.25,295.82544,0.004050405,-0.37674522,-0.0259161
Kasese,1999-09-01,0.1699,30.0781,0.20000000000000104,30.100000000000016,289.73145,-0.0024588397,0001,10529.614022288868,0.827247341034288,19.0,0.0,1.0,0.10989882959730213,1.0000305189751728,0.00034430623,0.00013551116,295.71436,296.21143,296.1267,295.90454,295.95947,3.999954221537241,0.37069702,0.36280823,0.3460083,0.35897827,89724.56,296.65137,0.0023184277,-0.52332306,-0.072787285
Kasese,1999-10-01,0.1699,30.0781,0.20000000000000104,30.100000000000016,290.09546,-0.0025272025,0001,10529.614022288868,0.827247341034288,19.0,0.0,1.0,0.10989882959730213,1.0000305189751728,0.0005618632,0.00019051135,295.6438,296.1682,296.1316,296.09644,296.00977,3.999954221537241,0.39385986,0.36697388,0.3513794,0.35850525,89741.75,296.08423,0.0032379474,-0.42200375,4.9591064e-05
Kasese,1999-11-01,0.1699,30.0781,0.20000000000000104,30.100000000000016,290.27783,-0.00280077,0001,10529.614022288868,0.827247341034288,19.0,0.0,1.0,0.10989882959730213,1.0000305189751728,0.0021195263,0.00028185546,294.63647,295.35327,295.5161,295.90967,296.04688,3.999954221537241,0.42575073,0.4131012,0.3610382,0.36654663,89700.81,296.10083,0.0076521877,-0.6260042,-0.36245346
Kasese,1999-12-01,0.1699,30.0781,0.20000000000000104,30.100000000000016,290.10645,-0.0031345384,0001,10529.614022288868,0.827247341034288,19.0,0.0,1.0,0.10989882959730213,1.0000305189751728,0.0020584688,0.0002284646,294.4724,295.0547,295.08667,295.26196,295.82104,3.999954221537241,0.42622375,0.4243164,0.3704071,0.37290955,89694.94,296.364,0.0046248958,-0.602437,-0.45989227
Kasese,2000-01-01,0.1699,30.0781,0.20000000000000104,30.100000000000016,289.27246,-0.002799715,0001,10529.614022288868,0.827247341034288,19.0,0.0,1.0,0.10989882959730213,1.0000305189751728,0.0011493564,0.0001116842,296.03296,296.4292,296.21948,295.7744,295.68506,3.999954221537241,0.3730774,0.38749695,0.36047363,0.3703003,89547.69,297.18335,0.0021796632,-0.43017673,-0.64889145
Kasese,2000-02-01,0.1699,30.0781,0.20000000000000104,30.100000000000016,289.06885,-0.001955809,0001,10529.614022288868,0.827247341034288,19.0,0.0,1.0,0.10989882959730213,1.0000305189751728,0.0004903376,9.2968345e-05,297.58887,298.0254,297.78516,297.0415,295.96313,3.999954221537241,0.324646,0.33737183,0.33816528,0.36506653,89633.75,297.8142,0.0016405917,-0.22010136,-0.5479326
Kasese,2000-03-01,0.1699,30.0781,0.20000000000000104,30.100000000000016,290.17896,-0.002366973,0001,10529.614022288868,0.827247341034288,19.0,0.0,1.0,0.10989882959730213,1.0000305189751728,0.00063013285,0.00015324354,296.95117,297.52734,297.51953,297.37988,296.45874,3.999954221537241,0.3684845,0.34378052,0.33354187,0.36026,89559.81,297.87085,0.0036071425,-0.31014538,-0.25179863
Kasese,2000-04-01,0.1699,30.0781,0.20000000000000104,30.100000000000016,290.51562,-0.0028411578,0001,10529.614022288868,0.827247341034288,19.0,0.0,1.0,0.10989882959730213,1.0000305189751728,0.001342617,0.00022187829,295.58252,296.19434,296.26025,296.47437,296.60352,3.999954221537241,0.40704346,0.38272095,0.35809326,0.36419678,89653.56,297.28857,0.004936287,-0.49011135,-0.006843567
Kasese,2000-05-01,0.1699,30.0781,0.20000000000000104,30.100000000000016,290.1997,-0.0022642305,0001,10529.614022288868,0.827247341034288,19.0,0.0,1.0,0.10989882959730213,1.0000305189751728,0.00064250827,0.000104278326,296.4402,296.8806,296.78394,296.59058,296.55518,3.999954221537241,0.35238647,0.35440063,0.34674072,0.36454773,89766.125,297.8098,0.0014164767,-0.50756073,-0.005797386
Kasese,2000-06-01,0.1699,30.0781,0.20000000000000104,30.100000000000016,288.6106,-0.0012946259,0001,10529.614022288868,0.827247341034288,19.0,0.0,1.0,0.10989882959730213,1.0000305189751728,0.00028164685,7.531047e-05,296.66968,297.13354,297.14282,297.1089,296.69116,3.999954221537241,0.29423523,0.3099823,0.32408142,0.35958862,89844.94,297.49805,0.0008193142,-0.6218128,-0.05787182
Kasese,2000-07-01,0.1699,30.0781,0.20000000000000104,30.100000000000016,287.8584,-0.0014740201,0001,10529.614022288868,0.827247341034288,19.0,0.0,1.0,0.10989882959730213,1.0000305189751728,0.00026461482,0.00010958314,296.44434,296.9082,296.90088,296.88794,296.78467,3.999954221537241,0.31910706,0.3199463,0.3137207,0.35450745,89783.69,297.0525,0.001688608,-0.60371494,-0.09662914
Kasese,2000-08-01,0.1699,30.0781,0.20000000000000104,30.100000000000016,289.2129,-0.0019992488,0001,10529.614022288868,0.827247341034288,19.0,0.0,1.0,0.10989882959730213,1.0000305189751728,0.00040103495,0.00016131997,295.99194,296.49,296.49414,296.54492,296.75806,3.999954221537241,0.37127686,0.35038757,0.32202148,0.35058594,89839.69,296.73657,0.0029321716,-0.50512505,-0.019454956
Kasese,2000-09-01,0.1699,30.0781,0.20000000000000104,30.100000000000016,289.28125,-0.002118188,0001,10529.614022288868,0.827247341034288,19.0,0.0,1.0,0.10989882959730213,1.0000305189751728,0.00029473007,0.00012528896,296.417,296.92334,296.90918,296.8806,296.74292,3.999954221537241,0.35943604,0.34970093,0.33354187,0.3479309,89697.06,296.9275,0.002108063,-0.5786028,-0.17380524
Kasese,2000-10-01,0.1699,30.0781,0.20000000000000104,30.100000000000016,290.45386,-0.0023238128,0001,10529.614022288868,0.827247341034288,19.0,0.0,1.0,0.10989882959730213,1.0000305189751728,0.00056378543,0.00017870963,295.71655,296.29565,296.35522,296.5144,296.72437,3.999954221537241,0.39109802,0.37641907,0.3430786,0.34651184,89748.75,296.3562,0.0040895967,-0.4378147,-0.07117176
Kasese,2000-11-01,0.1699,30.0781,0.20000000000000104,30.100000000000016,291.0525,-0.0031696716,0001,10529.614022288868,0.827247341034288,19.0,0.0,1.0,0.10989882959730213,1.0000305189751728,0.0028896183,0.00030305982,294.16162,294.9348,295.12988,295.7102,296.5227,3.999954221537241,0.4510498,0.45231628,0.3950348,0.36146545,89663.75,295.43848,0.009151168,-0.32831478,-0.33804035
Kasese,2000-12-01,0.1699,30.0781,0.20000000000000104,30.100000000000016,290.95117,-0.003408134,0001,10529.614022288868,0.827247341034288,19.0,0.0,1.0,0.10989882959730213,1.0000305189751728,0.0037054718,0.000281021,294.0332,294.70825,294.79443,295.12793,296.0786,3.999954221537241,0.462265,0.46195984,0.41337585,0.36854553,89731.75,295.58813,0.007304809,-0.36584187,-0.4773779
Kasese,2001-01-01,0.1699,30.0781,0.20000000000000104,30.100000000000016,290.77417,-0.0033967905,0001,10529.614022288868,0.827247341034288,19.0,0.0,1.0,0.10989882959730213,1.0000305189751728,0.002644837,0.00019186735,294.12427,294.77393,294.8413,295.07593,295.7107,3.999954221537241,0.4636078,0.4673462,0.4393463,0.36799622,89710.75,295.98584,0.0062578684,0.09463692,-0.17346096
Kasese,2001-02-01,0.1699,30.0781,0.20000000000000104,30.100000000000016,290.3816,-0.003546061,0001,10529.614022288868,0.827247341034288,19.0,0.0,1.0,0.10989882959730213,1.0000305189751728,0.001181744,0.00014309585,295.21265,295.70068,295.59546,295.38745,295.51025,3.999954221537241,0.43411255,0.4399414,0.42941284,0.36584473,89612.69,297.09497,0.0036270847,-0.26535702,-0.46850014
Kasese,2001-03-01,0.1699,30.0781,0.20000000000000104,30.100000000000016,290.38745,-0.003408054,0001,10529.614022288868,0.827247341034288,19.0,0.0,1.0,0.10989882959730213,1.0000305189751728,0.0021415725,0.0002451241,294.95996,295.62622,295.67188,295.72925,295.58472,3.999954221537241,0.4300995,0.43284607,0.424057,0.3675537,89667.25,296.84668,0.00634211,-0.3412838,-0.21126175
Kasese,2001-04-01,0.1699,30.0781,0.20000000000000104,30.100000000000016,290.76123,-0.0036690189,0001,10529.614022288868,0.827247341034288,19.0,0.0,1.0,0.10989882959730213,1.0000305189751728,0.0025120005,0.00024087727,294.97974,295.5752,295.53662,295.48706,295.55835,3.999954221537241,0.43580627,0.43112183,0.4047699,0.3712616,89701.375,297.25415,0.0049971556,-0.59039974,0.034490585
Kasese,2001-05-01,0.1699,30.0781,0.20000000000000104,30.100000000000016,290.50195,-0.00322296,0001,10529.614022288868,0.827247341034288,19.0,0.0,1.0,0.10989882959730213,1.0000305189751728,0.0017921329,0.00021968782,294.87134,295.49,295.53955,295.6223,295.57886,3.999954221537241,0.41885376,0.40301514,0.39416504,0.36784363,89813.69,297.2849,0.004902757,-0.40646744,0.043928146
Kasese,2001-06-01,0.1699,30.0781,0.20000000000000104,30.100000000000016,289.41846,-0.0028215488,0001,10529.614022288868,0.827247341034288,19.0,0.0,1.0,0.10989882959730213,1.0000305189751728,0.0014651865,0.00014072657,294.44702,294.9348,294.95044,295.09155,295.4839,3.999954221537241,0.41046143,0.42111206,0.3869171,0.36750793,89897.25,296.5957,0.0032195353,-0.41463566,0.03605175
Kasese,2001-07-01,0.1699,30.0781,0.20000000000000104,30.100000000000016,288.8589,-0.002201939,0001,10529.614022288868,0.827247341034288,19.0,0.0,1.0,0.10989882959730213,1.0000305189751728,0.00078754127,0.00012983382,295.31787,295.80664,295.76782,295.65332,295.44165,3.999954221537241,0.34231567,0.35437012,0.3551941,0.36331177,89882.625,296.82788,0.0026052992,-0.45459366,0.09020805
Kasese,2001-08-01,0.1699,30.0781,0.20000000000000104,30.100000000000016,289.47876,-0.0024005156,0001,10529.614022288868,0.827247341034288,19.0,0.0,1.0,0.10989882959730213,1.0000305189751728,0.00049415976,0.00013957918,295.7473,296.13428,295.99268,295.65137,295.48438,3.999954221537241,0.36587524,0.36979675,0.3499756,0.35894775,89910.19,296.98486,0.002404934,-0.37639236,0.117227554
Kasese,2001-09-01,0.1699,30.0781,0.20000000000000104,30.100000000000016,289.8955,-0.003106976,0001,10529.614022288868,0.827247341034288,19.0,0.0,1.0,0.10989882959730213,1.0000305189751728,0.0012369901,0.00022602081,295.41895,296.03394,296.03613,296.0254,295.6599,3.999954221537241,0.41537476,0.4002838,0.3668213,0.35940552,89740.81,296.82397,0.0054378873,-0.38934612,-0.008410454
Kasese,2001-10-01,0.1699,30.0781,0.20000000000000104,30.100000000000016,290.67725,-0.0030450742,0001,10529.614022288868,0.827247341034288,19.0,0.0,1.0,0.10989882959730213,1.0000305189751728,0.003215842,0.0002283454,295.16626,295.7776,295.80713,295.82397,295.74072,3.999954221537241,0.41918945,0.42201233,0.36790466,0.36819458,89763.06,296.4065,0.007279234,-0.29246044,0.003780365
Kasese,2001-11-01,0.1699,30.0781,0.20000000000000104,30.100000000000016,291.13843,-0.0033873785,0001,10529.614022288868,0.827247341034288,19.0,0.0,1.0,0.10989882959730213,1.0000305189751728,0.004178375,0.000319615,294.00293,294.71826,294.80078,295.14893,295.6626,3.999954221537241,0.46536255,0.46748352,0.4119873,0.36898804,89777.625,295.56006,0.008259644,-0.4383726,-0.21868706
Kasese,2001-12-01,0.1699,30.0781,0.20000000000000104,30.100000000000016,290.77905,-0.0035486324,0001,10529.614022288868,0.827247341034288,19.0,0.0,1.0,0.10989882959730213,1.0000305189751728,0.0030332208,0.00024993718,294.4214,295.0254,295.0288,295.07397,295.42456,3.999954221537241,0.4417572,0.44432068,0.43354797,0.36979675,89700.875,296.50903,0.0070529715,-0.5438223,-0.55240345
Kasese,2002-01-01,0.1699,30.0781,0.20000000000000104,30.100000000000016,290.6001,-0.0031951964,0001,10529.614022288868,0.827247341034288,19.0,0.0,1.0,0.10989882959730213,1.0000305189751728,0.0013719946,0.00017090142,294.81104,295.32495,295.29614,295.26,295.33228,3.999954221537241,0.42652893,0.42836,0.41389465,0.36679077,89729.625,296.8418,0.003381527,-0.22945786,-0.329957
Kasese,2002-02-01,0.1699,30.0781,0.20000000000000104,30.100000000000016,289.77637,-0.003025027,0001,10529.614022288868,0.827247341034288,19.0,0.0,1.0,0.10989882959730213,1.0000305189751728,0.0007396266,7.581711e-05,296.53735,296.94336,296.77954,296.2173,295.47705,3.999954221537241,0.36839294,0.38720703,0.378891,0.3627777,89672.125,298.57422,0.0023923605,-0.31632614,-0.42417622
Kasese,2002-03-01,0.1699,30.0781,0.20000000000000104,30.100000000000016,291.24902,-0.003433912,0001,10529.614022288868,0.827247341034288,19.0,0.0,1.0,0.10989882959730213,1.0000305189751728,0.0030637681,0.00025868416,294.92578,295.5669,295.59082,295.75928,295.68604,3.999954221537241,0.45225525,0.44787598,0.40901184,0.36663818,89664.625,296.75146,0.008131555,-0.3450508,-0.14541721
Kasese,2002-04-01,0.1699,30.0781,0.20000000000000104,30.100000000000016,291.16797,-0.0033542747,0001,10529.614022288868,0.827247341034288,19.0,0.0,1.0,0.10989882959730213,1.0000305189751728,0.0022787303,0.00025221705,295.41675,296.0315,296.02783,295.937,295.74243,3.999954221537241,0.41911316,0.4044342,0.39857483,0.36819458,89597.125,297.3108,0.005772318,-0.58250237,0.036467552
Kasese,2002-05-01,0.1699,30.0781,0.20000000000000104,30.100000000000016,291.16064,-0.0033997474,0001,10529.614022288868,0.827247341034288,19.0,0.0,1.0,0.10989882959730213,1.0000305189751728,0.0037660375,0.00026361644,294.73853,295.33496,295.3457,295.4607,295.71167,3.999954221537241,0.44088745,0.4497223,0.42242432,0.37013245,89819.31,296.7859,0.0065498473,-0.42191124,0.028277397
Kasese,2002-06-01,0.1699,30.0781,0.20000000000000104,30.100000000000016,288.23267,-0.002613498,0001,10529.614022288868,0.827247341034288,19.0,0.0,1.0,0.10989882959730213,1.0000305189751728,0.0007157549,7.7307224e-05,295.7505,296.1787,296.11743,295.9624,295.7202,3.999954221537241,0.34729004,0.35743713,0.37734985,0.3635559,89882.81,297.77905,0.0019214873,-0.5488281,-0.061442375
Kasese,2002-07-01,0.1699,30.0781,0.20000000000000104,30.100000000000016,287.37207,-0.0019543068,0001,10529.614022288868,0.827247341034288,19.0,0.0,1.0,0.10989882959730213,1.0000305189751728,0.00021786988,3.9801e-05,297.12622,297.45996,297.23926,296.62427,295.89404,3.999954221537241,0.30532837,0.32868958,0.3484192,0.35739136,89893.81,298.42554,0.00050034496,-0.7877312,-0.04467678
Kasese,2002-08-01,0.1699,30.0781,0.20000000000000104,30.100000000000016,288.88574,-0.0019783992,0001,10529.614022288868,0.827247341034288,19.0,0.0,1.0,0.10989882959730213,1.0000305189751728,0.00028774142,0.000110924244,296.7185,297.15552,297.07764,296.8816,296.24146,3.999954221537241,0.34109497,0.32780457,0.32704163,0.35229492,89862.125,297.64722,0.0022515845,-0.7551174,-0.07211113
Kasese,2002-09-01,0.1699,30.0781,0.20000000000000104,30.100000000000016,289.12036,-0.001821395,0001,10529.614022288868,0.827247341034288,19.0,0.0,1.0,0.10989882959730213,1.0000305189751728,0.00012215972,6.875396e-05,296.84668,297.27808,297.17603,296.93774,296.48682,3.999954221537241,0.32514954,0.32792664,0.32025146,0.34820557,89792.875,297.4944,0.00085245393,-0.7109852,-0.22297001
Kasese,2002-10-01,0.1699,30.0781,0.20000000000000104,30.100000000000016,290.0542,-0.0016274927,0001,10529.614022288868,0.827247341034288,19.0,0.0,1.0,0.10989882959730213,1.0000305189751728,0.00014084578,0.00012722611,296.69507,297.24463,297.27588,297.24414,296.71362,3.999954221537241,0.32536316,0.31167603,0.30950928,0.34446716,89696.94,297.1477,0.0018457158,-0.55851173,-0.12662125
Kasese,2002-11-01,0.1699,30.0781,0.20000000000000104,30.100000000000016,290.58984,-0.0028592078,0001,10529.614022288868,0.827247341034288,19.0,0.0,1.0,0.10989882959730213,1.0000305189751728,0.001364097,0.0002669394,294.92432,295.63892,295.7793,296.22754,296.72314,3.999954221537241,0.42430115,0.39587402,0.33935547,0.34394836,89768.75,296.1328,0.0070386855,-0.44242764,-0.19424629
Kasese,2002-12-01,0.1699,30.0781,0.20000000000000104,30.100000000000016,290.69727,-0.0031436393,0001,10529.614022288868,0.827247341034288,19.0,0.0,1.0,0.10989882959730213,1.0000305189751728,0.0018769577,0.0002503395,294.95093,295.55225,295.59058,295.80298,296.4419,3.999954221537241,0.4291687,0.4165802,0.37001038,0.36112976,89798.31,296.80884,0.005621557,-0.37875462,-0.27978516
Kasese,2003-01-01,0.1699,30.0781,0.20000000000000104,30.100000000000016,289.93896,-0.00284559,0001,10529.614022288868,0.827247341034288,19.0,0.0,1.0,0.10989882959730213,1.0000305189751728,0.0013123751,0.0001693368,296.29272,296.75806,296.6482,296.3943,296.29248,3.999954221537241,0.3887787,0.38328552,0.35647583,0.3640442,89762.69,297.98267,0.0033181866,-0.3103571,-0.43535328
Kasese,2003-02-01,0.1699,30.0781,0.20000000000000104,30.100000000000016,288.86304,-0.0019878587,0001,10529.614022288868,0.827247341034288,19.0,0.0,1.0,0.10989882959730213,1.0000305189751728,0.0006541237,8.837879e-05,298.62085,298.98682,298.69678,297.75537,296.552,3.999954221537241,0.32598877,0.3372345,0.3428192,0.3599701,89625.75,299.37378,0.0021528373,-0.23971653,-0.37292576
Kasese,2003-03-01,0.1699,30.0781,0.20000000000000104,30.100000000000016,290.4231,-0.002703642,0001,10529.614022288868,0.827247341034288,19.0,0.0,1.0,0.10989882959730213,1.0000305189751728,0.0014738739,0.0002104789,296.96924,297.6062,297.66138,297.7815,297.05225,3.999954221537241,0.39282227,0.3607025,0.3547058,0.35884094,89611.06,298.0061,0.0053617302,-0.41376877,-0.30171013
Kasese,2003-04-01,0.1699,30.0781,0.20000000000000104,30.100000000000016,290.8794,-0.0029241834,0001,10529.614022288868,0.827247341034288,19.0,0.0,1.0,0.10989882959730213,1.0000305189751728,0.0026447773,0.000261724,296.14697,296.79443,296.84473,297.02808,297.1582,3.999954221537241,0.41656494,0.39956665,0.35466003,0.36575317,89683.5,297.6914,0.0063612643,-0.497797,-0.06675148
Kasese,2003-05-01,0.1699,30.0781,0.20000000000000104,30.100000000000016,291.06934,-0.0034677042,0001,10529.614022288868,0.827247341034288,19.0,0.0,1.0,0.10989882959730213,1.0000305189751728,0.0037264675,0.00022926927,295.02246,295.6775,295.75854,296.05298,296.88525,3.999954221537241,0.4287567,0.43989563,0.39723206,0.36584473,89832.44,297.20288,0.00638216,-0.5506506,0.10657501
Kasese,2003-06-01,0.1699,30.0781,0.20000000000000104,30.100000000000016,289.4646,-0.0023121303,0001,10529.614022288868,0.827247341034288,19.0,0.0,1.0,0.10989882959730213,1.0000305189751728,0.0005251318,0.000103250146,295.91895,296.3806,296.39722,296.46753,296.66357,3.999954221537241,0.34399414,0.35133362,0.36169434,0.35917664,89821.31,297.53906,0.00133044,-0.62997055,0.055627823
Kasese,2003-07-01,0.1699,30.0781,0.20000000000000104,30.100000000000016,287.8059,-0.0017567175,0001,10529.614022288868,0.827247341034288,19.0,0.0,1.0,0.10989882959730213,1.0000305189751728,0.00025785714,7.978082e-05,296.37744,296.78052,296.6836,296.49707,296.57227,3.999954221537241,0.31222534,0.32336426,0.3371582,0.35360718,89914.06,297.4348,0.0011359864,-0.59742737,-0.070207596
Kasese,2003-08-01,0.1699,30.0781,0.20000000000000104,30.100000000000016,289.20215,-0.0026434679,0001,10529.614022288868,0.827247341034288,19.0,0.0,1.0,0.10989882959730213,1.0000305189751728,0.0009215921,0.00018700957,296.09863,296.65942,296.7002,296.82617,296.65698,3.999954221537241,0.3961792,0.38528442,0.3429718,0.349411,89850.125,297.3318,0.0048887534,-0.41623688,0.01584053
Kasese,2003-09-01,0.1699,30.0781,0.20000000000000104,30.100000000000016,289.84277,-0.002772213,0001,10529.614022288868,0.827247341034288,19.0,0.0,1.0,0.10989882959730213,1.0000305189751728,0.00052312016,0.00013494492,295.99927,296.48682,296.44067,296.38672,296.6001,3.999954221537241,0.38502502,0.38560486,0.35969543,0.349411,89817.75,297.32983,0.0025144948,-0.62389946,-0.094994545
Kasese,2003-10-01,0.1699,30.0781,0.20000000000000104,30.100000000000016,290.14233,-0.0025753323,0001,10529.614022288868,0.827247341034288,19.0,0.0,1.0,0.10989882959730213,1.0000305189751728,0.0007545352,0.0001758337,296.19604,296.75244,296.79175,296.80103,296.62646,3.999954221537241,0.38981628,0.36819458,0.35836792,0.35102844,89688.69,297.45728,0.004103541,-0.6641264,-0.2201004
Kasese,2003-11-01,0.1699,30.0781,0.20000000000000104,30.100000000000016,290.21655,-0.0025762324,0001,10529.614022288868,0.827247341034288,19.0,0.0,1.0,0.10989882959730213,1.0000305189751728,0.0012255833,0.000214234,295.56055,296.14722,296.198,296.3733,296.59717,3.999954221537241,0.3991089,0.36361694,0.36201477,0.35740662,89674.0,297.01465,0.0044705984,-0.6481247,-0.33609962
Kasese,2003-12-01,0.1699,30.0781,0.20000000000000104,30.100000000000016,289.0874,-0.002450903,0001,10529.614022288868,0.827247341034288,19.0,0.0,1.0,0.10989882959730213,1.0000305189751728,0.0018835738,0.00015839934,296.08228,296.51025,296.3689,296.19043,296.4497,3.999954221537241,0.37371826,0.36212158,0.35162354,0.36401367,89713.69,297.47876,0.0030895572,-0.64855576,-0.65852547
Kasese,2004-01-01,0.1699,30.0781,0.20000000000000104,30.100000000000016,290.1692,-0.0022097705,0001,10529.614022288868,0.827247341034288,19.0,0.0,1.0,0.10989882959730213,1.0000305189751728,0.0009665191,0.00016596913,297.14014,297.64307,297.57446,297.281,296.58862,3.999954221537241,0.36114502,0.34851074,0.33926392,0.35824585,89608.25,298.43237,0.0035473965,-0.36782074,-0.40324497
Kasese,2004-02-01,0.1699,30.0781,0.20000000000000104,30.100000000000016,289.1836,-0.0020386912,0001,10529.614022288868,0.827247341034288,19.0,0.0,1.0,0.10989882959730213,1.0000305189751728,0.0010169148,0.00012685359,297.87915,298.34985,298.23022,297.78638,296.9048,3.999954221537241,0.34455872,0.34280396,0.3453064,0.35554504,89674.19,298.93872,0.0038242992,-0.31161022,-0.30373383
Kasese,2004-03-01,0.1699,30.0781,0.20000000000000104,30.100000000000016,290.51025,-0.0030413494,0001,10529.614022288868,0.827247341034288,19.0,0.0,1.0,0.10989882959730213,1.0000305189751728,0.0014353693,0.00017656386,297.1997,297.72388,297.67896,297.52197,297.17798,3.999954221537241,0.40068054,0.4015503,0.35913086,0.359787,89612.625,299.04614,0.004457907,-0.3785677,-0.1550417
Kasese,2004-04-01,0.1699,30.0781,0.20000000000000104,30.100000000000016,291.25244,-0.0029347697,0001,10529.614022288868,0.827247341034288,19.0,0.0,1.0,0.10989882959730213,1.0000305189751728,0.001688838,0.00023983419,295.5083,296.1914,296.33423,296.80347,297.20703,3.999954221537241,0.4220581,0.40185547,0.36068726,0.36102295,89711.375,297.18848,0.0049889395,-0.46257496,0.11400604
Kasese,2004-05-01,0.1699,30.0781,0.20000000000000104,30.100000000000016,290.1609,-0.003402887,0001,10529.614022288868,0.827247341034288,19.0,0.0,1.0,0.10989882959730213,1.0000305189751728,0.003786534,0.00030392408,295.25806,295.92554,296.01733,296.31226,296.93506,3.999954221537241,0.43388367,0.43333435,0.37104797,0.36453247,89819.625,297.78906,0.007124734,-0.5685139,0.10875988
Kasese,2004-06-01,0.1699,30.0781,0.20000000000000104,30.100000000000016,288.19702,-0.0023299744,0001,10529.614022288868,0.827247341034288,19.0,0.0,1.0,0.10989882959730213,1.0000305189751728,0.0008046627,0.0001026988,295.90112,296.33594,296.34082,296.42407,296.71997,3.999954221537241,0.3587036,0.36437988,0.355011,0.3584137,89977.44,297.81665,0.0017733027,-0.76274586,-0.055566788
Kasese,2004-07-01,0.1699,30.0781,0.20000000000000104,30.100000000000016,286.6814,-0.0014940659,0001,10529.614022288868,0.827247341034288,19.0,0.0,1.0,0.10989882959730213,1.0000305189751728,0.00027753413,5.6385994e-05,296.8081,297.18555,297.06958,296.81787,296.67065,3.999954221537241,0.29104614,0.31550598,0.33454895,0.35331726,89827.56,298.01953,0.0007108394,-0.6142721,0.04515171
Kasese,2004-08-01,0.1699,30.0781,0.20000000000000104,30.100000000000016,289.042,-0.0019757003,0001,10529.614022288868,0.827247341034288,19.0,0.0,1.0,0.10989882959730213,1.0000305189751728,0.00047361106,0.00015977025,296.67773,297.11816,297.06104,296.95972,296.77783,3.999954221537241,0.3516693,0.3330078,0.328125,0.34895325,89876.56,297.78857,0.0027372916,-0.5299549,0.16039276
Kasese,2004-09-01,0.1699,30.0781,0.20000000000000104,30.100000000000016,289.35034,-0.0023133857,0001,10529.614022288868,0.827247341034288,19.0,0.0,1.0,0.10989882959730213,1.0000305189751728,0.0006457716,0.00018945336,296.30078,296.8994,296.95972,296.97583,296.83643,3.999954221537241,0.37747192,0.35482788,0.34481812,0.3466034,89752.56,297.52075,0.003783541,-0.5508747,0.07124138
Kasese,2004-10-01,0.1699,30.0781,0.20000000000000104,30.100000000000016,290.0349,-0.0024232632,0001,10529.614022288868,0.827247341034288,19.0,0.0,1.0,0.10989882959730213,1.0000305189751728,0.00056444854,0.00018845499,295.91016,296.4707,296.51953,296.7256,296.84595,3.999954221537241,0.3930359,0.36695862,0.35113525,0.3464203,89731.125,297.1643,0.00348093,-0.6053295,-0.23330975
Kasese,2004-11-01,0.1699,30.0781,0.20000000000000104,30.100000000000016,290.5393,-0.0029188069,0001,10529.614022288868,0.827247341034288,19.0,0.0,1.0,0.10989882959730213,1.0000305189751728,0.0017703176,0.00024554133,295.09814,295.7212,295.79736,296.10938,296.68945,3.999954221537241,0.42829895,0.4038849,0.36082458,0.35916138,89715.75,296.88647,0.005306126,-0.587801,-0.28803158
Kasese,2004-12-01,0.1699,30.0781,0.20000000000000104,30.100000000000016,290.70972,-0.0027318187,0001,10529.614022288868,0.827247341034288,19.0,0.0,1.0,0.10989882959730213,1.0000305189751728,0.0022291914,0.00021834671,295.74756,296.26465,296.24194,296.2141,296.49365,3.999954221537241,0.39601135,0.37760925,0.3572235,0.36262512,89654.25,297.4104,0.004415314,-0.5125313,-0.6045742
Kasese,2005-01-01,0.1699,30.0781,0.20000000000000104,30.100000000000016,288.90552,-0.001834698,0001,10529.614022288868,0.827247341034288,19.0,0.0,1.0,0.10989882959730213,1.0000305189751728,0.0006864816,8.545816e-05,298.083,298.41235,298.15015,297.42773,296.57422,3.999954221537241,0.32312012,0.3322296,0.33039856,0.35792542,89656.69,299.26074,0.0013567611,-0.2998762,-0.35612965
Kasese,2005-02-01,0.1699,30.0781,0.20000000000000104,30.100000000000016,287.80396,-0.0018294817,0001,10529.614022288868,0.827247341034288,19.0,0.0,1.0,0.10989882959730213,1.0000305189751728,0.00040137768,8.791685e-05,299.64575,299.9651,299.61694,298.49023,297.0476,3.999954221537241,0.322052,0.33236694,0.32122803,0.3521576,89534.625,300.73315,0.0022366445,-0.640213,-0.4703493
Kasese,2005-03-01,0.1699,30.0781,0.20000000000000104,30.100000000000016,291.04175,-0.0030106287,0001,10529.614022288868,0.827247341034288,19.0,0.0,1.0,0.10989882959730213,1.0000305189751728,0.0016541183,0.000221923,296.76685,297.47656,297.63086,298.14062,297.61548,3.999954221537241,0.41654968,0.39944458,0.34124756,0.35038757,89688.125,298.3877,0.006466605,-0.4448595,-0.18908215
Kasese,2005-04-01,0.1699,30.0781,0.20000000000000104,30.100000000000016,290.72412,-0.0033010151,0001,10529.614022288868,0.827247341034288,19.0,0.0,1.0,0.10989882959730213,1.0000305189751728,0.002154149,0.00021453202,297.01855,297.5918,297.57202,297.4685,297.59912,3.999954221537241,0.40730286,0.41075134,0.36283875,0.3598938,89658.875,299.01367,0.006215717,-0.6849804,-0.020225525
Kasese,2005-05-01,0.1699,30.0781,0.20000000000000104,30.100000000000016,291.24146,-0.0034268238,0001,10529.614022288868,0.827247341034288,19.0,0.0,1.0,0.10989882959730213,1.0000305189751728,0.0043435246,0.00035880506,294.82544,295.64282,295.87866,296.60767,297.437,3.999954221537241,0.4616394,0.46310425,0.39430237,0.36341858,89821.94,296.9729,0.008982611,-0.33043385,0.23561001
Kasese,2005-06-01,0.1699,30.0781,0.20000000000000104,30.100000000000016,290.12476,-0.0031277584,0001,10529.614022288868,0.827247341034288,19.0,0.0,1.0,0.10989882959730213,1.0000305189751728,0.0017759204,0.00016948581,295.02612,295.59326,295.6765,296.01758,296.98193,3.999954221537241,0.42678833,0.4363861,0.39683533,0.36079407,89852.31,297.3169,0.0038650767,-0.5400877,0.104940414
Kasese,2005-07-01,0.1699,30.0781,0.20000000000000104,30.100000000000016,288.0923,-0.0024758885,0001,10529.614022288868,0.827247341034288,19.0,0.0,1.0,0.10989882959730213,1.0000305189751728,0.0005643368,0.00010304153,295.812,296.23535,296.18896,296.1355,296.6211,3.999954221537241,0.3499298,0.37628174,0.3762207,0.35661316,89938.06,297.73096,0.0011308102,-0.60553074,0.12933254
Kasese,2005-08-01,0.1699,30.0781,0.20000000000000104,30.100000000000016,289.85693,-0.0026646694,0001,10529.614022288868,0.827247341034288,19.0,0.0,1.0,0.10989882959730213,1.0000305189751728,0.00094786286,0.000195086,296.011,296.56104,296.58838,296.6548,296.58325,3.999954221537241,0.39016724,0.38389587,0.36643982,0.35301208,89831.375,297.41528,0.0042763995,-0.45436954,0.21450806
Kasese,2005-09-01,0.1699,30.0781,0.20000000000000104,30.100000000000016,290.16626,-0.002797057,0001,10529.614022288868,0.827247341034288,19.0,0.0,1.0,0.10989882959730213,1.0000305189751728,0.0012024492,0.00018776953,295.79712,296.33252,296.34277,296.4099,296.55396,3.999954221537241,0.39646912,0.39660645,0.369812,0.35499573,89791.5,297.21143,0.004456361,-0.4025154,0.041936874
Kasese,2005-10-01,0.1699,30.0781,0.20000000000000104,30.100000000000016,290.3186,-0.0028780224,0001,10529.614022288868,0.827247341034288,19.0,0.0,1.0,0.10989882959730213,1.0000305189751728,0.0014230087,0.00022695959,295.27173,295.86206,295.92188,296.11572,296.4414,3.999954221537241,0.41462708,0.40213013,0.36727905,0.35728455,89759.81,296.60327,0.004502461,-0.44184685,-0.07344723
Kasese,2005-11-01,0.1699,30.0781,0.20000000000000104,30.100000000000016,290.2932,-0.0031131431,0001,10529.614022288868,0.827247341034288,19.0,0.0,1.0,0.10989882959730213,1.0000305189751728,0.002485253,0.0002425015,295.23706,295.81543,295.82544,295.91895,296.2798,3.999954221537241,0.42108154,0.40951538,0.3712616,0.36210632,89671.56,297.1914,0.0051835272,-0.66283417,-0.45649433
Kasese,2005-12-01,0.1699,30.0781,0.20000000000000104,30.100000000000016,288.66406,-0.002488899,0001,10529.614022288868,0.827247341034288,19.0,0.0,1.0,0.10989882959730213,1.0000305189751728,0.0012949184,0.00012429059,296.6223,297.00635,296.79858,296.34302,296.18384,3.999954221537241,0.35438538,0.36387634,0.3580017,0.35998535,89558.31,298.35254,0.0023967647,-0.58893585,-0.7909746
Kasese,2006-01-01,0.1699,30.0781,0.20000000000000104,30.100000000000016,289.0337,-0.0021694358,0001,10529.614022288868,0.827247341034288,19.0,0.0,1.0,0.10989882959730213,1.0000305189751728,0.00065910816,0.00012749434,297.37622,297.86987,297.75293,297.33057,296.47998,3.999954221537241,0.34542847,0.3390808,0.33840942,0.35494995,89573.25,298.6609,0.0029677774,-0.46441174,-0.5370369
Kasese,2006-02-01,0.1699,30.0781,0.20000000000000104,30.100000000000016,290.13623,-0.0024916409,0001,10529.614022288868,0.827247341034288,19.0,0.0,1.0,0.10989882959730213,1.0000305189751728,0.0010810867,0.00018256903,297.10254,297.68823,297.7024,297.64355,296.83765,3.999954221537241,0.3912506,0.36143494,0.34303284,0.3518982,89575.125,298.44922,0.004766903,-0.3564043,-0.45399952
Kasese,2006-03-01,0.1699,30.0781,0.20000000000000104,30.100000000000016,290.65088,-0.0030880412,0001,10529.614022288868,0.827247341034288,19.0,0.0,1.0,0.10989882959730213,1.0000305189751728,0.0019974709,0.00022035837,295.7295,296.3662,296.42456,296.67334,296.92773,3.999954221537241,0.43019104,0.41218567,0.36160278,0.35856628,89669.0,297.6516,0.0055190055,-0.29741,-0.080078125
Kasese,2006-04-01,0.1699,30.0781,0.20000000000000104,30.100000000000016,290.75977,-0.0032195174,0001,10529.614022288868,0.827247341034288,19.0,0.0,1.0,0.10989882959730213,1.0000305189751728,0.0028536618,0.0002565533,295.19287,295.83398,295.88818,296.14648,296.7351,3.999954221537241,0.43595886,0.41984558,0.35636902,0.36218262,89681.81,297.31567,0.0055402224,-0.45145416,0.08830547
Kasese,2006-05-01,0.1699,30.0781,0.20000000000000104,30.100000000000016,291.17334,-0.0030650403,0001,10529.614022288868,0.827247341034288,19.0,0.0,1.0,0.10989882959730213,1.0000305189751728,0.0034370348,0.00030778348,294.58228,295.28613,295.43433,295.83447,296.4839,3.999954221537241,0.44215393,0.44015503,0.37841797,0.36213684,89833.31,296.70654,0.0072076637,-0.36519814,0.16371155
Kasese,2006-06-01,0.1699,30.0781,0.20000000000000104,30.100000000000016,288.761,-0.002266204,0001,10529.614022288868,0.827247341034288,19.0,0.0,1.0,0.10989882959730213,1.0000305189751728,0.00067289174,7.735193e-05,296.0962,296.4668,296.35474,296.12915,296.24023,3.999954221537241,0.33572388,0.35601807,0.35568237,0.35697937,89855.44,298.16504,0.0011222833,-0.5825176,0.1297493
Kasese,2006-07-01,0.1699,30.0781,0.20000000000000104,30.100000000000016,288.89917,-0.001976329,0001,10529.614022288868,0.827247341034288,19.0,0.0,1.0,0.10989882959730213,1.0000305189751728,0.00039485097,0.00011743605,296.20923,296.64185,296.6377,296.60132,296.3291,3.999954221537241,0.35803223,0.34579468,0.33613586,0.35101318,89904.19,297.677,0.0020842776,-0.5179415,0.15997696
Kasese,2006-08-01,0.1699,30.0781,0.20000000000000104,30.100000000000016,289.41162,-0.00221398,0001,10529.614022288868,0.827247341034288,19.0,0.0,1.0,0.10989882959730213,1.0000305189751728,0.00028073788,0.0001321435,295.8745,296.2942,296.2268,296.11548,296.29565,3.999954221537241,0.37542725,0.3551178,0.3340149,0.34727478,89830.81,297.22705,0.0020126041,-0.37365723,0.18686485
Kasese,2006-09-01,0.1699,30.0781,0.20000000000000104,30.100000000000016,289.1936,-0.0019675074,0001,10529.614022288868,0.827247341034288,19.0,0.0,1.0,0.10989882959730213,1.0000305189751728,0.00030352175,0.00013677776,296.86475,297.34326,297.27563,297.02026,296.4165,3.999954221537241,0.34040833,0.33511353,0.3255005,0.3440857,89796.625,297.80615,0.0021393015,-0.6264677,0.045550346
Kasese,2006-10-01,0.1699,30.0781,0.20000000000000104,30.100000000000016,289.92285,-0.0020724265,0001,10529.614022288868,0.827247341034288,19.0,0.0,1.0,0.10989882959730213,1.0000305189751728,0.00030288845,0.00013206899,296.84277,297.30444,297.23608,297.05664,296.63428,3.999954221537241,0.3609314,0.34223938,0.32989502,0.34158325,89731.125,297.69482,0.0024719276,-0.6565428,-0.19806099
Kasese,2006-11-01,0.1699,30.0781,0.20000000000000104,30.100000000000016,290.92114,-0.0025916388,0001,10529.614022288868,0.827247341034288,19.0,0.0,1.0,0.10989882959730213,1.0000305189751728,0.0010735542,0.00027827919,295.18018,295.8755,296.03174,296.44678,296.70972,3.999954221537241,0.41758728,0.3708191,0.35429382,0.3434906,89708.75,296.28003,0.005625694,-0.5103674,-0.22366619
Kasese,2006-12-01,0.1699,30.0781,0.20000000000000104,30.100000000000016,291.16968,-0.0030375086,0001,10529.614022288868,0.827247341034288,19.0,0.0,1.0,0.10989882959730213,1.0000305189751728,0.00266511,0.00025966763,294.87476,295.49268,295.5559,295.81372,296.4641,3.999954221537241,0.44172668,0.42144775,0.3581543,0.36009216,89801.25,296.69556,0.006324311,-0.25086784,-0.26030254
Kasese,2007-01-01,0.1699,30.0781,0.20000000000000104,30.100000000000016,290.83008,-0.003001104,0001,10529.614022288868,0.827247341034288,19.0,0.0,1.0,0.10989882959730213,1.0000305189751728,0.0011219457,0.00014698505,295.91553,296.3645,296.2937,296.14673,296.27856,3.999954221537241,0.4143982,0.40975952,0.35394287,0.3575592,89779.06,297.96777,0.0034239385,-0.250062,-0.4499941
Kasese,2007-02-01,0.1699,30.0781,0.20000000000000104,30.100000000000016,290.90723,-0.0028852625,0001,10529.614022288868,0.827247341034288,19.0,0.0,1.0,0.10989882959730213,1.0000305189751728,0.001001142,0.00013947487,296.3225,296.78882,296.70508,296.47437,296.29614,3.999954221537241,0.4068451,0.4098053,0.3652649,0.35578918,89673.125,297.92822,0.0036241668,-0.21937943,-0.39212036
Kasese,2007-03-01,0.1699,30.0781,0.20000000000000104,30.100000000000016,289.82568,-0.002343012,0001,10529.614022288868,0.827247341034288,19.0,0.0,1.0,0.10989882959730213,1.0000305189751728,0.0004935041,0.000104665756,297.82373,298.2395,298.04492,297.49707,296.55322,3.999954221537241,0.3516693,0.35809326,0.34568787,0.353302,89623.875,298.96216,0.0018734564,-0.62040615,-0.37586784
Kasese,2007-04-01,0.1699,30.0781,0.20000000000000104,30.100000000000016,290.31226,-0.0027455967,0001,10529.614022288868,0.827247341034288,19.0,0.0,1.0,0.10989882959730213,1.0000305189751728,0.0014140308,0.00022172928,296.61646,297.23218,297.2776,297.3999,296.9441,3.999954221537241,0.39483643,0.38423157,0.3518982,0.35269165,89676.125,298.2522,0.005436079,-0.6190262,-0.016840935
Kasese,2007-05-01,0.1699,30.0781,0.20000000000000104,30.100000000000016,290.59863,-0.003046344,0001,10529.614022288868,0.827247341034288,19.0,0.0,1.0,0.10989882959730213,1.0000305189751728,0.0017162561,0.00022618473,296.02295,296.61475,296.65356,296.75098,296.93506,3.999954221537241,0.40699768,0.39964294,0.36157227,0.35783386,89766.0,298.19067,0.005161039,-0.6378374,0.11767006
Kasese,2007-06-01,0.1699,30.0781,0.20000000000000104,30.100000000000016,289.91846,-0.0028722333,0001,10529.614022288868,0.827247341034288,19.0,0.0,1.0,0.10989882959730213,1.0000305189751728,0.0026067495,0.00023752451,294.71216,295.34058,295.4729,295.92798,296.73633,3.999954221537241,0.42878723,0.43197632,0.36520386,0.36146545,89847.0,296.89746,0.005062175,-0.2772627,0.18456364
Kasese,2007-07-01,0.1699,30.0781,0.20000000000000104,30.100000000000016,289.4978,-0.0022459747,0001,10529.614022288868,0.827247341034288,19.0,0.0,1.0,0.10989882959730213,1.0000305189751728,0.00082910806,0.00014276803,295.635,296.08716,296.0879,296.09814,296.43604,3.999954221537241,0.37174988,0.3741455,0.3470459,0.35707092,89847.31,297.1499,0.0020975356,-0.4449768,0.111014366
Kasese,2007-08-01,0.1699,30.0781,0.20000000000000104,30.100000000000016,289.6577,-0.0021165302,0001,10529.614022288868,0.827247341034288,19.0,0.0,1.0,0.10989882959730213,1.0000305189751728,0.00051130354,0.00017665327,295.75073,296.2163,296.1963,296.2129,296.3584,3.999954221537241,0.37826538,0.35580444,0.33744812,0.35232544,89814.0,296.771,0.0024020276,-0.44262505,0.10447025
Kasese,2007-09-01,0.1699,30.0781,0.20000000000000104,30.100000000000016,289.8462,-0.0026066704,0001,10529.614022288868,0.827247341034288,19.0,0.0,1.0,0.10989882959730213,1.0000305189751728,0.00091037154,0.00020030141,295.7915,296.31836,296.28955,296.22583,296.29272,3.999954221537241,0.40589905,0.37077332,0.35487366,0.35139465,89805.81,297.05127,0.004123331,-0.37277222,0.13076687
Kasese,2007-10-01,0.1699,30.0781,0.20000000000000104,30.100000000000016,290.14478,-0.0029258188,0001,10529.614022288868,0.827247341034288,19.0,0.0,1.0,0.10989882959730213,1.0000305189751728,0.001829341,0.00023785233,295.00073,295.67334,295.78833,296.0913,296.27808,3.999954221537241,0.42904663,0.4074707,0.358078,0.3578186,89710.125,296.54688,0.005248993,-0.4974327,-0.29054642
Kasese,2007-11-01,0.1699,30.0781,0.20000000000000104,30.100000000000016,290.75903,-0.002985457,0001,10529.614022288868,0.827247341034288,19.0,0.0,1.0,0.10989882959730213,1.0000305189751728,0.0021851212,0.00026895106,294.469,295.1233,295.22046,295.51733,296.08594,3.999954221537241,0.44293213,0.4233551,0.36535645,0.35910034,89651.125,296.00073,0.006364884,-0.45785618,-0.39013958
Kasese,2007-12-01,0.1699,30.0781,0.20000000000000104,30.100000000000016,289.5183,-0.0029959278,0001,10529.614022288868,0.827247341034288,19.0,0.0,1.0,0.10989882959730213,1.0000305189751728,0.0021898486,0.00017622113,295.34155,295.80444,295.70605,295.57104,295.85376,3.999954221537241,0.40142822,0.40464783,0.35295105,0.36091614,89629.25,297.17676,0.00326265,-0.4545622,-0.57942295
Kasese,2008-01-01,0.1699,30.0781,0.20000000000000104,30.100000000000016,289.92847,-0.0022211317,0001,10529.614022288868,0.827247341034288,19.0,0.0,1.0,0.10989882959730213,1.0000305189751728,0.0006506443,0.00014527142,296.28784,296.78003,296.72754,296.52612,295.97192,3.999954221537241,0.36463928,0.35360718,0.33644104,0.35404968,89626.56,297.35327,0.0029365856,-0.31194973,-0.51290226
Kasese,2008-02-01,0.1699,30.0781,0.20000000000000104,30.100000000000016,289.78125,-0.0024616132,0001,10529.614022288868,0.827247341034288,19.0,0.0,1.0,0.10989882959730213,1.0000305189751728,0.0006650351,0.00013336539,296.45508,296.89453,296.7998,296.50952,296.13672,3.999954221537241,0.38200378,0.36767578,0.34580994,0.35108948,89690.75,297.82178,0.003163219,-0.279356,-0.49261856
Kasese,2008-03-01,0.1699,30.0781,0.20000000000000104,30.100000000000016,290.08618,-0.0025058324,0001,10529.614022288868,0.827247341034288,19.0,0.0,1.0,0.10989882959730213,1.0000305189751728,0.0016180724,0.00022934377,296.1311,296.7373,296.75122,296.7522,296.3413,3.999954221537241,0.39137268,0.3667755,0.3610382,0.3556366,89592.06,297.3506,0.00524739,-0.3343668,-0.08061695
Kasese,2008-04-01,0.1699,30.0781,0.20000000000000104,30.100000000000016,290.29272,-0.0030431747,0001,10529.614022288868,0.827247341034288,19.0,0.0,1.0,0.10989882959730213,1.0000305189751728,0.002763465,0.0002054125,295.2151,295.8584,295.92188,296.14722,296.38892,3.999954221537241,0.40837097,0.40385437,0.35391235,0.36065674,89612.5,297.16284,0.00536445,-0.6525669,-0.08944702
Kasese,2008-05-01,0.1699,30.0781,0.20000000000000104,30.100000000000016,289.79517,-0.0024634954,0001,10529.614022288868,0.827247341034288,19.0,0.0,1.0,0.10989882959730213,1.0000305189751728,0.00081543624,0.000121206045,296.0393,296.52393,296.4817,296.33813,296.30054,3.999954221537241,0.35845947,0.3607025,0.32977295,0.35656738,89719.375,297.87085,0.0019052578,-0.69770813,-0.024950027
Kasese,2008-06-01,0.1699,30.0781,0.20000000000000104,30.100000000000016,288.90674,-0.0020280285,0001,10529.614022288868,0.827247341034288,19.0,0.0,1.0,0.10989882959730213,1.0000305189751728,0.00044569373,8.673966e-05,295.35596,295.76733,295.74243,295.83105,296.2234,3.999954221537241,0.35577393,0.36938477,0.3344574,0.3511505,89847.81,296.90063,0.0019800754,-0.5840435,-0.033895493
Kasese,2008-07-01,0.1699,30.0781,0.20000000000000104,30.100000000000016,288.63037,-0.0021493621,0001,10529.614022288868,0.827247341034288,19.0,0.0,1.0,0.10989882959730213,1.0000305189751728,0.0005055517,0.00015306473,295.4026,295.93066,295.99463,296.13135,296.16504,3.999954221537241,0.37789917,0.36358643,0.33139038,0.347641,89863.875,297.04956,0.003061741,-0.3968506,0.065636635
Kasese,2008-08-01,0.1699,30.0781,0.20000000000000104,30.100000000000016,289.60815,-0.0022094976,0001,10529.614022288868,0.827247341034288,19.0,0.0,1.0,0.10989882959730213,1.0000305189751728,0.00047266483,0.0001770556,295.9851,296.42212,296.3413,296.13916,296.10352,3.999954221537241,0.37612915,0.35821533,0.33851624,0.34547424,89737.5,297.12427,0.0028114226,-0.5704384,0.0035905838
Kasese,2008-09-01,0.1699,30.0781,0.20000000000000104,30.100000000000016,289.64087,-0.0022101589,0001,10529.614022288868,0.827247341034288,19.0,0.0,1.0,0.10989882959730213,1.0000305189751728,0.0005041063,0.00017160177,296.59204,297.0371,296.9436,296.67505,296.2339,3.999954221537241,0.3693695,0.35124207,0.3499298,0.34466553,89746.81,297.58813,0.0027723277,-0.5032501,-0.024029732
Kasese,2008-10-01,0.1699,30.0781,0.20000000000000104,30.100000000000016,290.5227,-0.00251209,0001,10529.614022288868,0.827247341034288,19.0,0.0,1.0,0.10989882959730213,1.0000305189751728,0.0011595413,0.00021991134,295.93555,296.542,296.57495,296.656,296.41162,3.999954221537241,0.39967346,0.3765869,0.3539276,0.3478546,89741.06,297.02783,0.0052744783,-0.5174961,-0.06269455
Kasese,2008-11-01,0.1699,30.0781,0.20000000000000104,30.100000000000016,290.29468,-0.0031391513,0001,10529.614022288868,0.827247341034288,19.0,0.0,1.0,0.10989882959730213,1.0000305189751728,0.002310373,0.00021997094,295.51807,296.05908,296.04834,296.0879,296.37915,3.999954221537241,0.42799377,0.41986084,0.35838318,0.36010742,89672.5,297.38867,0.004946215,-0.5380764,-0.3068533
Kasese,2008-12-01,0.1699,30.0781,0.20000000000000104,30.100000000000016,288.8457,-0.0023526587,0001,10529.614022288868,0.827247341034288,19.0,0.0,1.0,0.10989882959730213,1.0000305189751728,0.0008902475,9.462237e-05,296.70386,297.10815,296.95264,296.60034,296.35278,3.999954221537241,0.35247803,0.36764526,0.3406372,0.35673523,89610.375,298.13306,0.001950726,-0.5084963,-0.68976974
Kasese,2009-01-01,0.1699,30.0781,0.20000000000000104,30.100000000000016,289.10742,-0.0020997552,0001,10529.614022288868,0.827247341034288,19.0,0.0,1.0,0.10989882959730213,1.0000305189751728,0.0008186102,0.00018081069,296.97046,297.56982,297.57617,297.46265,296.6443,3.999954221537241,0.34936523,0.33891296,0.33143616,0.35136414,89664.625,298.1416,0.004034044,-0.35054398,-0.48126316
Kasese,2009-02-01,0.1699,30.0781,0.20000000000000104,30.100000000000016,289.65625,-0.0024902718,0001,10529.614022288868,0.827247341034288,19.0,0.0,1.0,0.10989882959730213,1.0000305189751728,0.0011221692,0.00017914176,296.9668,297.41797,297.28662,297.01367,296.81348,3.999954221537241,0.38017273,0.35951233,0.35865784,0.35462952,89576.5,298.36694,0.0037454974,-0.52162457,-0.32761765
Kasese,2009-03-01,0.1699,30.0781,0.20000000000000104,30.100000000000016,290.04224,-0.0024182778,0001,10529.614022288868,0.827247341034288,19.0,0.0,1.0,0.10989882959730213,1.0000305189751728,0.0019039884,0.00017479062,297.45557,297.99414,297.92334,297.5735,296.99756,3.999954221537241,0.37167358,0.3577423,0.35784912,0.3587494,89549.75,298.54395,0.0051026926,-0.49529552,-0.29332638
Kasese,2009-04-01,0.1699,30.0781,0.20000000000000104,30.100000000000016,291.11792,-0.003148185,0001,10529.614022288868,0.827247341034288,19.0,0.0,1.0,0.10989882959730213,1.0000305189751728,0.0024133176,0.00026357174,295.54858,296.2605,296.38086,296.80273,297.09717,3.999954221537241,0.42121887,0.40802002,0.35665894,0.3610382,89725.06,297.3589,0.0048632408,-0.41561222,0.036211967
Kasese,2009-05-01,0.1699,30.0781,0.20000000000000104,30.100000000000016,290.6172,-0.0026174942,0001,10529.614022288868,0.827247341034288,19.0,0.0,1.0,0.10989882959730213,1.0000305189751728,0.001346238,0.00021377206,295.8213,296.37134,296.4226,296.61914,296.9463,3.999954221537241,0.402771,0.37467957,0.3486786,0.35731506,89736.81,297.70776,0.004208136,-0.49793434,0.030879974
Kasese,2009-06-01,0.1699,30.0781,0.20000000000000104,30.100000000000016,288.9856,-0.0022652159,0001,10529.614022288868,0.827247341034288,19.0,0.0,1.0,0.10989882959730213,1.0000305189751728,0.0008178577,0.00014026463,296.531,296.9829,296.92065,296.74902,296.81982,3.999954221537241,0.35609436,0.36672974,0.34799194,0.35609436,89824.125,298.3484,0.0019340962,-0.65147495,0.006770134
Kasese,2009-07-01,0.1699,30.0781,0.20000000000000104,30.100000000000016,286.38086,-0.0015092166,0001,10529.614022288868,0.827247341034288,19.0,0.0,1.0,0.10989882959730213,1.0000305189751728,0.00035619736,6.222725e-05,297.58838,297.93408,297.73267,297.31104,296.8916,3.999954221537241,0.30932617,0.32966614,0.3294983,0.35194397,89875.56,298.77466,0.0007815156,-0.7103739,0.11989689
Kasese,2009-08-01,0.1699,30.0781,0.20000000000000104,30.100000000000016,288.9934,-0.0019007055,0001,10529.614022288868,0.827247341034288,19.0,0.0,1.0,0.10989882959730213,1.0000305189751728,0.0004917085,0.00014476478,297.30518,297.81494,297.82764,297.80664,297.19873,3.999954221537241,0.35705566,0.34124756,0.32330322,0.3475647,89784.44,298.2339,0.0027773997,-0.6751919,0.01258564
Kasese,2009-09-01,0.1699,30.0781,0.20000000000000104,30.100000000000016,290.20166,-0.002457019,0001,10529.614022288868,0.827247341034288,19.0,0.0,1.0,0.10989882959730213,1.0000305189751728,0.0006906763,0.00018015504,296.82666,297.35474,297.34424,297.30176,297.281,3.999954221537241,0.38227844,0.3587799,0.3393097,0.34501648,89818.375,297.70752,0.0037518754,-0.5127783,-0.025505066
Kasese,2009-10-01,0.1699,30.0781,0.20000000000000104,30.100000000000016,290.60034,-0.0029978883,0001,10529.614022288868,0.827247341034288,19.0,0.0,1.0,0.10989882959730213,1.0000305189751728,0.0018908381,0.00022351742,295.42676,296.10767,296.26904,296.75293,297.2373,3.999954221537241,0.43148804,0.42411804,0.36271667,0.3547058,89700.375,297.04102,0.0062007164,-0.54978275,-0.16588116
Kasese,2009-11-01,0.1699,30.0781,0.20000000000000104,30.100000000000016,290.7981,-0.0031798948,0001,10529.614022288868,0.827247341034288,19.0,0.0,1.0,0.10989882959730213,1.0000305189751728,0.0029347613,0.00029881299,294.823,295.54102,295.6753,296.0808,296.91553,3.999954221537241,0.43495178,0.42767334,0.37088013,0.36024475,89695.375,296.49463,0.0068060886,-0.504385,-0.28825092
Kasese,2009-12-01,0.1699,30.0781,0.20000000000000104,30.100000000000016,290.82275,-0.002807186,0001,10529.614022288868,0.827247341034288,19.0,0.0,1.0,0.10989882959730213,1.0000305189751728,0.002268985,0.00025101006,294.74805,295.3557,295.44067,295.75366,296.5254,3.999954221537241,0.42510986,0.40634155,0.37445068,0.3599701,89742.875,296.5547,0.00551185,-0.40364933,-0.37992764
Kasese,2010-01-01,0.1699,30.0781,0.20000000000000104,30.100000000000016,290.66138,-0.0033248104,0001,10529.614022288868,0.827247341034288,19.0,0.0,1.0,0.10989882959730213,1.0000305189751728,0.0029286891,0.00021630526,295.489,295.98608,295.88892,295.7881,296.22876,3.999954221537241,0.43818665,0.43673706,0.37608337,0.36027527,89728.0,297.32446,0.005259254,-0.37029648,-0.5020542
Kasese,2010-02-01,0.1699,30.0781,0.20000000000000104,30.100000000000016,291.42773,-0.0030343812,0001,10529.614022288868,0.827247341034288,19.0,0.0,1.0,0.10989882959730213,1.0000305189751728,0.002431415,0.00020687282,296.18896,296.74414,296.74976,296.65674,296.27026,3.999954221537241,0.43711853,0.43260193,0.38432312,0.35739136,89674.94,297.8296,0.0075041037,-0.32533836,-0.24670792
Kasese,2010-03-01,0.1699,30.0781,0.20000000000000104,30.100000000000016,291.96826,-0.003406223,0001,10529.614022288868,0.827247341034288,19.0,0.0,1.0,0.10989882959730213,1.0000305189751728,0.003957741,0.00025495887,295.46802,296.11865,296.16382,296.28174,296.33765,3.999954221537241,0.4534607,0.46069336,0.4323883,0.36231995,89765.5,297.1123,0.008334257,-0.40508175,-0.2142992
Kasese,2010-04-01,0.1699,30.0781,0.20000000000000104,30.100000000000016,291.58374,-0.0035790093,0001,10529.614022288868,0.827247341034288,19.0,0.0,1.0,0.10989882959730213,1.0000305189751728,0.0017012954,0.00021472573,295.78784,296.37036,296.3452,296.2439,296.28857,3.999954221537241,0.42276,0.41905212,0.42355347,0.36158752,89727.375,297.95923,0.0038911635,-0.57421017,-0.08136654
Kasese,2010-05-01,0.1699,30.0781,0.20000000000000104,30.100000000000016,291.6626,-0.003385053,0001,10529.614022288868,0.827247341034288,19.0,0.0,1.0,0.10989882959730213,1.0000305189751728,0.003043063,0.00029808283,295.34546,295.92407,295.93018,296.04883,296.26172,3.999954221537241,0.4425354,0.4380188,0.4189911,0.3634491,89784.69,297.50024,0.0063070124,-0.3995657,0.09878445
Kasese,2010-06-01,0.1699,30.0781,0.20000000000000104,30.100000000000016,290.17798,-0.0033116397,0001,10529.614022288868,0.827247341034288,19.0,0.0,1.0,0.10989882959730213,1.0000305189751728,0.0016266406,0.00019222498,295.37158,295.92236,295.9524,296.0315,296.1787,3.999954221537241,0.42315674,0.43600464,0.4080658,0.3612976,89901.56,297.68335,0.0042521404,-0.53817654,0.09807968
Kasese,2010-07-01,0.1699,30.0781,0.20000000000000104,30.100000000000016,288.38428,-0.0024568085,0001,10529.614022288868,0.827247341034288,19.0,0.0,1.0,0.10989882959730213,1.0000305189751728,0.0009279996,0.00012490153,296.0808,296.51733,296.45703,296.32056,296.16455,3.999954221537241,0.3455658,0.36221313,0.37602234,0.3574829,89835.19,297.77856,0.003020428,-0.7374821,-0.112547874
Kasese,2010-08-01,0.1699,30.0781,0.20000000000000104,30.100000000000016,289.27344,-0.0032034405,0001,10529.614022288868,0.827247341034288,19.0,0.0,1.0,0.10989882959730213,1.0000305189751728,0.001944147,0.00019747019,295.86255,296.3999,296.39624,296.3806,296.24194,3.999954221537241,0.42303467,0.42390442,0.3801117,0.35586548,89812.31,297.56934,0.0066765654,-0.43560696,-0.061249733
Kasese,2010-09-01,0.1699,30.0781,0.20000000000000104,30.100000000000016,289.88794,-0.0035201544,0001,10529.614022288868,0.827247341034288,19.0,0.0,1.0,0.10989882959730213,1.0000305189751728,0.002229154,0.00021719933,295.4585,296.0293,296.0227,296.0642,296.2312,3.999954221537241,0.43971252,0.43811035,0.39439392,0.36386108,89745.625,297.4126,0.0047144117,-0.5132179,0.06946087
Kasese,2010-10-01,0.1699,30.0781,0.20000000000000104,30.100000000000016,290.44067,-0.003241242,0001,10529.614022288868,0.827247341034288,19.0,0.0,1.0,0.10989882959730213,1.0000305189751728,0.0020859838,0.00023071468,295.61597,296.20093,296.21924,296.27588,296.2351,3.999954221537241,0.43632507,0.4273529,0.38639832,0.362854,89685.625,297.177,0.005491107,-0.4030981,-0.03934002
Kasese,2010-11-01,0.1699,30.0781,0.20000000000000104,30.100000000000016,290.59595,-0.003265894,0001,10529.614022288868,0.827247341034288,19.0,0.0,1.0,0.10989882959730213,1.0000305189751728,0.0027546585,0.00024341047,294.66016,295.31006,295.40283,295.6914,296.1416,3.999954221537241,0.44450378,0.43759155,0.38920593,0.36416626,89597.0,296.53198,0.006066388,-0.51359177,-0.42106628
Kasese,2010-12-01,0.1699,30.0781,0.20000000000000104,30.100000000000016,289.9265,-0.0031728363,0001,10529.614022288868,0.827247341034288,19.0,0.0,1.0,0.10989882959730213,1.0000305189751728,0.0018738583,0.0002233237,294.65698,295.24292,295.28882,295.46924,295.9026,3.999954221537241,0.4188385,0.41053772,0.3822937,0.36294556,89565.625,296.80957,0.004366641,-0.4231987,-0.3841715
Kasese,2011-01-01,0.1699,30.0781,0.20000000000000104,30.100000000000016,289.438,-0.002570263,0001,10529.614022288868,0.827247341034288,19.0,0.0,1.0,0.10989882959730213,1.0000305189751728,0.0006923601,9.153783e-05,296.24146,296.5725,296.35596,295.89233,295.78467,3.999954221537241,0.37023926,0.36827087,0.36039734,0.35894775,89518.94,297.92627,0.0017753862,-0.35972118,-0.54439926
Kasese,2011-02-01,0.1699,30.0781,0.20000000000000104,30.100000000000016,288.76123,-0.0022202563,0001,10529.614022288868,0.827247341034288,19.0,0.0,1.0,0.10989882959730213,1.0000305189751728,0.0004575327,0.00010420382,297.87964,298.24512,297.9602,297.17773,296.0459,3.999954221537241,0.34184265,0.3464203,0.34327698,0.35469055,89517.875,299.14868,0.002061581,-0.34588337,-0.32737255
Kasese,2011-03-01,0.1699,30.0781,0.20000000000000104,30.100000000000016,290.26025,-0.0024826406,0001,10529.614022288868,0.827247341034288,19.0,0.0,1.0,0.10989882959730213,1.0000305189751728,0.00077079237,0.00018762052,296.83716,297.49854,297.5703,297.55103,296.59644,3.999954221537241,0.38026428,0.36180115,0.34547424,0.35151672,89604.625,297.71606,0.0044107204,-0.285676,-0.20781612
Kasese,2011-04-01,0.1699,30.0781,0.20000000000000104,30.100000000000016,290.52637,-0.002610758,0001,10529.614022288868,0.827247341034288,19.0,0.0,1.0,0.10989882959730213,1.0000305189751728,0.0011046901,0.00020441413,296.20996,296.78662,296.7893,296.81128,296.73486,3.999954221537241,0.38587952,0.3642273,0.3604889,0.35604858,89625.44,297.9192,0.004062888,-0.598464,-0.018175125
Kasese,2011-05-01,0.1699,30.0781,0.20000000000000104,30.100000000000016,290.95166,-0.002685872,0001,10529.614022288868,0.827247341034288,19.0,0.0,1.0,0.10989882959730213,1.0000305189751728,0.0013430044,0.00019432604,295.51807,296.08594,296.13794,296.36743,296.6836,3.999954221537241,0.40586853,0.38079834,0.35159302,0.36076355,89778.75,297.3291,0.0033927576,-0.403018,0.031416893
Kasese,2011-06-01,0.1699,30.0781,0.20000000000000104,30.100000000000016,290.2412,-0.0023461357,0001,10529.614022288868,0.827247341034288,19.0,0.0,1.0,0.10989882959730213,1.0000305189751728,0.0011120662,0.00022633374,295.7273,296.29468,296.3462,296.4746,296.59937,3.999954221537241,0.3852539,0.36647034,0.34262085,0.35690308,89831.94,297.43823,0.0040901233,-0.30821896,0.203928
Kasese,2011-07-01,0.1699,30.0781,0.20000000000000104,30.100000000000016,288.91406,-0.0022698948,0001,10529.614022288868,0.827247341034288,19.0,0.0,1.0,0.10989882959730213,1.0000305189751728,0.0009315461,0.00015880167,295.83813,296.31055,296.27686,296.24756,296.47266,3.999954221537241,0.36569214,0.36268616,0.34820557,0.35899353,89804.625,297.3208,0.0024211488,-0.29537487,0.1003561
Kasese,2011-08-01,0.1699,30.0781,0.20000000000000104,30.100000000000016,290.18286,-0.0024741525,0001,10529.614022288868,0.827247341034288,19.0,0.0,1.0,0.10989882959730213,1.0000305189751728,0.0008688569,0.00020743906,295.48706,296.01416,296.04834,296.19165,296.41333,3.999954221537241,0.40983582,0.3955536,0.34710693,0.35565186,89826.875,296.65576,0.003843565,-0.29556465,0.17819786
Kasese,2011-09-01,0.1699,30.0781,0.20000000000000104,30.100000000000016,290.53882,-0.0027482687,0001,10529.614022288868,0.827247341034288,19.0,0.0,1.0,0.10989882959730213,1.0000305189751728,0.0011345893,0.00023920834,294.9817,295.59912,295.67163,295.86963,296.26343,3.999954221537241,0.42060852,0.39793396,0.35829163,0.35733032,89854.75,296.29736,0.0043469165,-0.30678463,0.023068428
Kasese,2011-10-01,0.1699,30.0781,0.20000000000000104,30.100000000000016,290.73584,-0.0029083593,0001,10529.614022288868,0.827247341034288,19.0,0.0,1.0,0.10989882959730213,1.0000305189751728,0.0016214773,0.00021316111,294.88306,295.48315,295.531,295.7229,296.09717,3.999954221537241,0.4349823,0.41151428,0.35586548,0.36018372,89663.875,296.1526,0.005057742,-0.35353184,-0.11106968
Kasese,2011-11-01,0.1699,30.0781,0.20000000000000104,30.100000000000016,291.28174,-0.003048502,0001,10529.614022288868,0.827247341034288,19.0,0.0,1.0,0.10989882959730213,1.0000305189751728,0.0026086047,0.0002963543,294.20483,294.89722,295.01172,295.35107,295.90894,3.999954221537241,0.46513367,0.45739746,0.37763977,0.36209106,89719.69,295.57397,0.00702723,-0.3019743,-0.27270508
Kasese,2011-12-01,0.1699,30.0781,0.20000000000000104,30.100000000000016,291.1538,-0.0033670217,0001,10529.614022288868,0.827247341034288,19.0,0.0,1.0,0.10989882959730213,1.0000305189751728,0.0028550327,0.00028136373,294.5974,295.16602,295.13867,295.135,295.62207,3.999954221537241,0.449646,0.4491272,0.40628052,0.36338806,89721.25,296.22656,0.005841359,-0.32143307,-0.5400953
Kasese,2012-01-01,0.1699,30.0781,0.20000000000000104,30.100000000000016,288.08398,-0.0027114311,0001,10529.614022288868,0.827247341034288,19.0,0.0,1.0,0.10989882959730213,1.0000305189751728,0.0006720573,3.8951635e-05,297.1814,297.4685,297.12598,296.34668,295.64722,3.999954221537241,0.3304901,0.36454773,0.37487793,0.35871887,89620.625,299.07666,0.000540094,-0.1968298,-0.56919575
Kasese,2012-02-01,0.1699,30.0781,0.20000000000000104,30.100000000000016,287.15674,-0.0019008936,0001,10529.614022288868,0.827247341034288,19.0,0.0,1.0,0.10989882959730213,1.0000305189751728,0.00037304312,9.3609095e-05,298.43042,298.91772,298.72485,298.04126,296.27393,3.999954221537241,0.3044281,0.31602478,0.33676147,0.35240173,89487.94,299.36182,0.0019755638,-0.45053673,-0.43536663
Kasese,2012-03-01,0.1699,30.0781,0.20000000000000104,30.100000000000016,289.65918,-0.0021512676,0001,10529.614022288868,0.827247341034288,19.0,0.0,1.0,0.10989882959730213,1.0000305189751728,0.00028865784,0.00011712313,298.4431,298.84082,298.62622,297.9873,296.84985,3.999954221537241,0.3449707,0.34068298,0.33042908,0.3481903,89604.56,299.33594,0.002106879,-0.24051094,-0.22353172
Kasese,2012-04-01,0.1699,30.0781,0.20000000000000104,30.100000000000016,291.37427,-0.002893609,0001,10529.614022288868,0.827247341034288,19.0,0.0,1.0,0.10989882959730213,1.0000305189751728,0.0020100772,0.00034065545,295.21387,296.05176,296.3391,297.0669,297.17944,3.999954221537241,0.4341278,0.39764404,0.35690308,0.34892273,89729.69,296.614,0.008333664,-0.30252075,0.0053396225
Kasese,2012-05-01,0.1699,30.0781,0.20000000000000104,30.100000000000016,291.06665,-0.0032976037,0001,10529.614022288868,0.827247341034288,19.0,0.0,1.0,0.10989882959730213,1.0000305189751728,0.0033740774,0.00025974214,294.32935,295.0332,295.1704,295.68433,296.81128,3.999954221537241,0.447052,0.44641113,0.39793396,0.36280823,89823.31,296.63013,0.006084703,-0.28487206,0.11679268
Kasese,2012-06-01,0.1699,30.0781,0.20000000000000104,30.100000000000016,289.99023,-0.0029695071,0001,10529.614022288868,0.827247341034288,19.0,0.0,1.0,0.10989882959730213,1.0000305189751728,0.001089707,0.00019411743,294.9209,295.48242,295.53857,295.75024,296.39136,3.999954221537241,0.4145813,0.40888977,0.38813782,0.35798645,89891.19,297.22656,0.0035376674,-0.4137497,0.11521435
Kasese,2012-07-01,0.1699,30.0781,0.20000000000000104,30.100000000000016,289.63257,-0.0026826952,0001,10529.614022288868,0.827247341034288,19.0,0.0,1.0,0.10989882959730213,1.0000305189751728,0.000952512,0.00016351044,295.36084,295.83594,295.82422,295.8269,296.15186,3.999954221537241,0.40101624,0.3922882,0.38139343,0.35554504,89833.44,297.0852,0.0035344611,-0.28056622,0.20957565
Kasese,2012-08-01,0.1699,30.0781,0.20000000000000104,30.100000000000016,289.90234,-0.0027267393,0001,10529.614022288868,0.827247341034288,19.0,0.0,1.0,0.10989882959730213,1.0000305189751728,0.00087971985,0.00015947223,295.4668,295.99292,296.00366,296.0122,296.07983,3.999954221537241,0.40786743,0.38641357,0.37512207,0.35505676,89867.125,297.04028,0.003556248,-0.33664608,0.123496056
Kasese,2012-09-01,0.1699,30.0781,0.20000000000000104,30.100000000000016,290.23022,-0.0031743012,0001,10529.614022288868,0.827247341034288,19.0,0.0,1.0,0.10989882959730213,1.0000305189751728,0.002080515,0.00024867058,295.22876,295.8015,295.78027,295.8047,296.01294,3.999954221537241,0.4275055,0.4144287,0.37350464,0.36050415,89864.94,296.73315,0.0056254594,-0.4105692,0.039704323
Kasese,2012-10-01,0.1699,30.0781,0.20000000000000104,30.100000000000016,290.48877,-0.0030221846,0001,10529.614022288868,0.827247341034288,19.0,0.0,1.0,0.10989882959730213,1.0000305189751728,0.0030395985,0.00027693808,295.39697,296.0188,296.04248,296.0879,296.01074,3.999954221537241,0.42710876,0.4045868,0.37132263,0.3623047,89696.56,296.85474,0.007309395,-0.47962666,-0.13241673
Kasese,2012-11-01,0.1699,30.0781,0.20000000000000104,30.100000000000016,291.06567,-0.0033110045,0001,10529.614022288868,0.827247341034288,19.0,0.0,1.0,0.10989882959730213,1.0000305189751728,0.0038687065,0.00028933585,294.47437,295.14526,295.2212,295.47534,295.90723,3.999954221537241,0.45306396,0.44889832,0.39924622,0.3635254,89737.31,296.28906,0.0073878947,-0.42302227,-0.17165184
Kasese,2012-12-01,0.1699,30.0781,0.20000000000000104,30.100000000000016,290.6399,-0.0031995252,0001,10529.614022288868,0.827247341034288,19.0,0.0,1.0,0.10989882959730213,1.0000305189751728,0.002249211,0.0002539605,294.74463,295.32275,295.33496,295.4419,295.74976,3.999954221537241,0.4239502,0.41506958,0.39813232,0.3627472,89683.625,296.67065,0.004748391,-0.4531927,-0.35872078
Kasese,2013-01-01,0.1699,30.0781,0.20000000000000104,30.100000000000016,290.09326,-0.0028922372,0001,10529.614022288868,0.827247341034288,19.0,0.0,1.0,0.10989882959730213,1.0000305189751728,0.0017748177,0.0001667589,296.9253,297.30005,297.052,296.32812,295.74658,3.999954221537241,0.37838745,0.3795166,0.3789673,0.36186218,89704.5,298.93994,0.003686832,-0.37808037,-0.4076681
Kasese,2013-02-01,0.1699,30.0781,0.20000000000000104,30.100000000000016,289.28442,-0.0027434751,0001,10529.614022288868,0.827247341034288,19.0,0.0,1.0,0.10989882959730213,1.0000305189751728,0.00083405524,0.000108882785,297.63672,297.99512,297.72876,297.1504,296.1338,3.999954221537241,0.36650085,0.38256836,0.36276245,0.35829163,89607.0,299.04395,0.002137712,-0.48395634,-0.49879837
Kasese,2013-03-01,0.1699,30.0781,0.20000000000000104,30.100000000000016,291.0088,-0.0026867948,0001,10529.614022288868,0.827247341034288,19.0,0.0,1.0,0.10989882959730213,1.0000305189751728,0.0019436479,0.00024163723,296.22046,296.96216,297.12964,297.35938,296.6267,3.999954221537241,0.40879822,0.38970947,0.36184692,0.35786438,89682.94,297.7356,0.007067518,-0.33241558,-0.077337265
Kasese,2013-04-01,0.1699,30.0781,0.20000000000000104,30.100000000000016,291.56348,-0.0035140635,0001,10529.614022288868,0.827247341034288,19.0,0.0,1.0,0.10989882959730213,1.0000305189751728,0.0040986463,0.00032138824,294.88867,295.5996,295.6775,295.98047,296.56982,3.999954221537241,0.460083,0.46043396,0.3905182,0.36424255,89758.31,296.9226,0.008292953,-0.4037676,-0.010029793
Kasese,2013-05-01,0.1699,30.0781,0.20000000000000104,30.100000000000016,290.30664,-0.0032162955,0001,10529.614022288868,0.827247341034288,19.0,0.0,1.0,0.10989882959730213,1.0000305189751728,0.002545528,0.0001796782,294.85303,295.40454,295.40967,295.5481,296.23657,3.999954221537241,0.41073608,0.42967224,0.40933228,0.36294556,89863.31,297.344,0.0037299714,-0.5205412,-0.031827927
Kasese,2013-06-01,0.1699,30.0781,0.20000000000000104,30.100000000000016,289.07886,-0.0029437058,0001,10529.614022288868,0.827247341034288,19.0,0.0,1.0,0.10989882959730213,1.0000305189751728,0.0012038946,0.00020435452,295.65063,296.18726,296.18433,296.1814,296.1306,3.999954221537241,0.3907776,0.38937378,0.38058472,0.35594177,89849.69,297.89404,0.0046351687,-0.4991703,-0.022821426
Kasese,2013-07-01,0.1699,30.0781,0.20000000000000104,30.100000000000016,288.27808,-0.002714321,0001,10529.614022288868,0.827247341034288,19.0,0.0,1.0,0.10989882959730213,1.0000305189751728,0.0007568896,0.00012847781,295.6045,296.10303,296.11475,296.11353,296.12695,3.999954221537241,0.38389587,0.38380432,0.38067627,0.353714,89852.56,297.6848,0.0030399153,-0.35392666,0.078951836
Kasese,2013-08-01,0.1699,30.0781,0.20000000000000104,30.100000000000016,289.688,-0.003102907,0001,10529.614022288868,0.827247341034288,19.0,0.0,1.0,0.10989882959730213,1.0000305189751728,0.0019503906,0.00019574165,294.93628,295.49707,295.53174,295.71118,296.03857,3.999954221537241,0.4310913,0.43119812,0.38401794,0.3581848,89820.0,296.76855,0.0055899564,-0.42880058,0.049952507
Kasese,2013-09-01,0.1699,30.0781,0.20000000000000104,30.100000000000016,290.46948,-0.0032332158,0001,10529.614022288868,0.827247341034288,19.0,0.0,1.0,0.10989882959730213,1.0000305189751728,0.0023753718,0.0002641827,295.11035,295.73584,295.7483,295.80713,295.93506,3.999954221537241,0.43241882,0.42085266,0.38075256,0.36058044,89817.625,296.66577,0.006818977,-0.28813362,0.053481102
Kasese,2013-10-01,0.1699,30.0781,0.20000000000000104,30.100000000000016,290.03955,-0.0032930644,0001,10529.614022288868,0.827247341034288,19.0,0.0,1.0,0.10989882959730213,1.0000305189751728,0.0020672455,0.00020560622,295.3103,295.8545,295.82568,295.79663,295.88086,3.999954221537241,0.4274292,0.42384338,0.38664246,0.36254883,89762.625,296.93896,0.0041490747,-0.48526096,-0.139328
Kasese,2013-11-01,0.1699,30.0781,0.20000000000000104,30.100000000000016,290.60913,-0.003094199,0001,10529.614022288868,0.827247341034288,19.0,0.0,1.0,0.10989882959730213,1.0000305189751728,0.002480507,0.00023564696,294.76758,295.38135,295.44116,295.63892,295.84302,3.999954221537241,0.43113708,0.40812683,0.38459778,0.36231995,89657.56,296.43896,0.005830248,-0.5606785,-0.32161427
Kasese,2013-12-01,0.1699,30.0781,0.20000000000000104,30.100000000000016,290.26953,-0.003065466,0001,10529.614022288868,0.827247341034288,19.0,0.0,1.0,0.10989882959730213,1.0000305189751728,0.0015563369,0.00016860664,295.37427,295.82837,295.7605,295.59473,295.7351,3.999954221537241,0.4146881,0.4265747,0.37295532,0.36140442,89717.56,297.563,0.0037270004,-0.28929043,-0.37780762
Kasese,2014-01-01,0.1699,30.0781,0.20000000000000104,30.100000000000016,288.82178,-0.0022723721,0001,10529.614022288868,0.827247341034288,19.0,0.0,1.0,0.10989882959730213,1.0000305189751728,0.00047716498,7.541478e-05,297.3994,297.70288,297.4431,296.77466,295.88135,3.999954221537241,0.3340454,0.34928894,0.34953308,0.35595703,89651.44,299.1726,0.001313184,-0.2963171,-0.46855068
Kasese,2014-02-01,0.1699,30.0781,0.20000000000000104,30.100000000000016,288.82715,-0.0020011235,0001,10529.614022288868,0.827247341034288,19.0,0.0,1.0,0.10989882959730213,1.0000305189751728,0.00029236823,8.1539154e-05,298.96338,299.31348,299.0266,298.12402,296.4431,3.999954221537241,0.32321167,0.32955933,0.32972717,0.35098267,89549.81,299.78516,0.0016909038,-0.07432175,-0.052108765
Kasese,2014-03-01,0.1699,30.0781,0.20000000000000104,30.100000000000016,290.47485,-0.0028168038,0001,10529.614022288868,0.827247341034288,19.0,0.0,1.0,0.10989882959730213,1.0000305189751728,0.0011896864,0.00021234155,296.62964,297.31396,297.41797,297.6267,297.01758,3.999954221537241,0.40460205,0.38685608,0.34465027,0.34817505,89647.56,298.17578,0.0061497716,-0.35590363,-0.18873692
Kasese,2014-04-01,0.1699,30.0781,0.20000000000000104,30.100000000000016,290.30005,-0.0028264308,0001,10529.614022288868,0.827247341034288,19.0,0.0,1.0,0.10989882959730213,1.0000305189751728,0.0013421252,0.00017477572,296.083,296.6145,296.59595,296.67456,297.0027,3.999954221537241,0.38839722,0.38865662,0.35769653,0.35977173,89727.81,298.17847,0.003224489,-0.6879692,-0.04293251
Kasese,2014-05-01,0.1699,30.0781,0.20000000000000104,30.100000000000016,290.21558,-0.0023005567,0001,10529.614022288868,0.827247341034288,19.0,0.0,1.0,0.10989882959730213,1.0000305189751728,0.00083619356,0.00016461313,296.6748,297.17285,297.16748,297.0984,296.96777,3.999954221537241,0.36843872,0.353302,0.33831787,0.35627747,89758.06,298.35376,0.002970463,-0.64669895,0.06283569
Kasese,2014-06-01,0.1699,30.0781,0.20000000000000104,30.100000000000016,289.86304,-0.0024848534,0001,10529.614022288868,0.827247341034288,19.0,0.0,1.0,0.10989882959730213,1.0000305189751728,0.0012406558,0.00017105043,295.7373,296.26147,296.34766,296.63428,296.94458,3.999954221537241,0.40582275,0.3955841,0.353302,0.35435486,89870.75,297.66772,0.0041093295,-0.4330511,0.13955498
Kasese,2014-07-01,0.1699,30.0781,0.20000000000000104,30.100000000000016,288.58594,-0.0019559152,0001,10529.614022288868,0.827247341034288,19.0,0.0,1.0,0.10989882959730213,1.0000305189751728,0.00044801086,0.00010241568,296.7578,297.16235,297.08813,296.89893,296.8352,3.999954221537241,0.3364563,0.35211182,0.34046936,0.35417175,89960.875,298.22314,0.0014477104,-0.49708748,0.14396286
Kasese,2014-08-01,0.1699,30.0781,0.20000000000000104,30.100000000000016,289.823,-0.002324799,0001,10529.614022288868,0.827247341034288,19.0,0.0,1.0,0.10989882959730213,1.0000305189751728,0.0008107573,0.00018498302,295.48462,296.0564,296.1748,296.48535,296.8142,3.999954221537241,0.3931427,0.36776733,0.3423767,0.35108948,89887.31,296.8081,0.0040034465,-0.34431267,0.1322279
Kasese,2014-09-01,0.1699,30.0781,0.20000000000000104,30.100000000000016,289.9724,-0.0027625347,0001,10529.614022288868,0.827247341034288,19.0,0.0,1.0,0.10989882959730213,1.0000305189751728,0.00080957264,0.00015488267,295.49512,296.0149,296.02612,296.12817,296.58276,3.999954221537241,0.3983307,0.40126038,0.35766602,0.35231018,89837.06,296.8391,0.0040062806,-0.56344604,-0.0506773
Kasese,2014-10-01,0.1699,30.0781,0.20000000000000104,30.100000000000016,290.48608,-0.0031653615,0001,10529.614022288868,0.827247341034288,19.0,0.0,1.0,0.10989882959730213,1.0000305189751728,0.0016840845,0.0002181083,295.9038,296.4912,296.48608,296.4751,296.511,3.999954221537241,0.4205017,0.40797424,0.36323547,0.35668945,89757.31,297.38892,0.005705205,-0.5054064,0.010224342
Kasese,2014-11-01,0.1699,30.0781,0.20000000000000104,30.100000000000016,290.44678,-0.003036053,0001,10529.614022288868,0.827247341034288,19.0,0.0,1.0,0.10989882959730213,1.0000305189751728,0.0017255098,0.00022746623,295.38574,296.00513,296.06445,296.2661,296.47876,3.999954221537241,0.41685486,0.40177917,0.36579895,0.36027527,89740.56,297.02905,0.0045588603,-0.64733887,-0.36869907
Kasese,2014-12-01,0.1699,30.0781,0.20000000000000104,30.100000000000016,289.4934,-0.0025060335,0001,10529.614022288868,0.827247341034288,19.0,0.0,1.0,0.10989882959730213,1.0000305189751728,0.0014643371,0.00014780462,296.823,297.19556,296.9956,296.56348,296.40503,3.999954221537241,0.3686676,0.36747742,0.3559265,0.36045837,89724.56,298.42383,0.0027129985,-0.5067673,-0.60754395
Kasese,2015-01-01,0.1699,30.0781,0.20000000000000104,30.100000000000016,287.30347,-0.0015436336,0001,10529.614022288868,0.827247341034288,19.0,0.0,1.0,0.10989882959730213,1.0000305189751728,0.00044407696,3.2290816e-05,298.73242,299.09375,298.80273,297.98315,296.73608,3.999954221537241,0.2913971,0.3196106,0.33033752,0.35516357,89716.875,299.83716,0.00057271455,-0.07853317,-0.23313141
Kasese,2015-02-01,0.1699,30.0781,0.20000000000000104,30.100000000000016,288.71362,-0.0014128191,0001,10529.614022288868,0.827247341034288,19.0,0.0,1.0,0.10989882959730213,1.0000305189751728,0.00023377687,7.273257e-05,299.65527,300.08545,299.85596,299.0642,297.3816,3.999954221537241,0.29260254,0.29785156,0.3136139,0.3494568,89594.56,299.99365,0.0013359815,-0.24528313,-0.42259693
Kasese,2015-03-01,0.1699,30.0781,0.20000000000000104,30.100000000000016,289.4773,-0.00200056,0001,10529.614022288868,0.827247341034288,19.0,0.0,1.0,0.10989882959730213,1.0000305189751728,0.0007105246,0.00018538535,297.89893,298.563,298.67236,298.81543,297.94238,3.999954221537241,0.3632965,0.34613037,0.31602478,0.34510803,89623.125,298.97778,0.004927291,-0.47257996,-0.18833733
Kasese,2015-04-01,0.1699,30.0781,0.20000000000000104,30.100000000000016,291.69458,-0.003315004,0001,10529.614022288868,0.827247341034288,19.0,0.0,1.0,0.10989882959730213,1.0000305189751728,0.0024136156,0.00036618114,294.6665,295.51392,295.7417,296.54834,297.83398,3.999954221537241,0.45814514,0.4500885,0.37501526,0.35658264,89809.25,296.365,0.0075149545,-0.1896944,0.09959793
Kasese,2015-05-01,0.1699,30.0781,0.20000000000000104,30.100000000000016,291.11792,-0.0036047231,0001,10529.614022288868,0.827247341034288,19.0,0.0,1.0,0.10989882959730213,1.0000305189751728,0.004306644,0.0003222078,295.0879,295.77637,295.8562,296.16846,297.24658,3.999954221537241,0.4530182,0.4562683,0.39471436,0.36328125,89858.25,297.4436,0.008209357,-0.4101982,0.22750092
Kasese,2015-06-01,0.1699,30.0781,0.20000000000000104,30.100000000000016,290.8933,-0.0032730335,0001,10529.614022288868,0.827247341034288,19.0,0.0,1.0,0.10989882959730213,1.0000305189751728,0.0031747296,0.0003040582,294.72388,295.39478,295.51343,295.9414,296.8413,3.999954221537241,0.45814514,0.456604,0.40563965,0.3626709,89915.5,297.02222,0.0063134925,-0.2661028,0.19913197
Kasese,2015-07-01,0.1699,30.0781,0.20000000000000104,30.100000000000016,289.02173,-0.0028450778,0001,10529.614022288868,0.827247341034288,19.0,0.0,1.0,0.10989882959730213,1.0000305189751728,0.0012593195,0.00014421344,295.781,296.26367,296.22656,296.15063,296.5039,3.999954221537241,0.3840332,0.391037,0.3837433,0.3591156,89913.125,298.10254,0.0027181285,-0.5035486,0.05825329
Kasese,2015-08-01,0.1699,30.0781,0.20000000000000104,30.100000000000016,288.92212,-0.0031214347,0001,10529.614022288868,0.827247341034288,19.0,0.0,1.0,0.10989882959730213,1.0000305189751728,0.0009863302,0.00015941262,296.60156,297.03345,296.91602,296.6631,296.48218,3.999954221537241,0.40196228,0.397583,0.3812561,0.35569763,89834.875,298.52173,0.0037318578,-0.6359606,0.009863853
Kasese,2015-09-01,0.1699,30.0781,0.20000000000000104,30.100000000000016,289.66187,-0.002664202,0001,10529.614022288868,0.827247341034288,19.0,0.0,1.0,0.10989882959730213,1.0000305189751728,0.000904873,0.00014072657,296.72607,297.19556,297.1333,296.98096,296.62598,3.999954221537241,0.37358093,0.3712921,0.36869812,0.35610962,89805.375,298.2876,0.0029029786,-0.62441254,-0.095355034
Kasese,2015-10-01,0.1699,30.0781,0.20000000000000104,30.100000000000016,290.97656,-0.0026663067,0001,10529.614022288868,0.827247341034288,19.0,0.0,1.0,0.10989882959730213,1.0000305189751728,0.0019140989,0.00025951862,296.21362,296.8745,296.95605,297.0708,296.79517,3.999954221537241,0.4057312,0.372406,0.35995483,0.35595703,89788.625,297.38403,0.0066089453,-0.48840618,-0.045882225
Kasese,2015-11-01,0.1699,30.0781,0.20000000000000104,30.100000000000016,291.3982,-0.003203936,0001,10529.614022288868,0.827247341034288,19.0,0.0,1.0,0.10989882959730213,1.0000305189751728,0.0028167665,0.00030072033,294.66187,295.3899,295.53784,295.99683,296.69043,3.999954221537241,0.46377563,0.45603943,0.37841797,0.3625183,89771.875,296.25024,0.00625245,-0.34557724,-0.13930988
Kasese,2015-12-01,0.1699,30.0781,0.20000000000000104,30.100000000000016,290.81567,-0.003496118,0001,10529.614022288868,0.827247341034288,19.0,0.0,1.0,0.10989882959730213,1.0000305189751728,0.0026139542,0.0002449304,295.55908,296.0774,296.00684,295.9756,296.3933,3.999954221537241,0.44140625,0.42973328,0.38528442,0.3620453,89847.44,297.66284,0.0055470485,-0.46324444,-0.39066315
Kasese,2016-01-01,0.1699,30.0781,0.20000000000000104,30.100000000000016,290.94604,-0.0030343737,0001,10529.614022288868,0.827247341034288,19.0,0.0,1.0,0.10989882959730213,1.0000305189751728,0.0013855696,0.00011996925,296.62793,297.0569,296.95825,296.70093,296.4082,3.999954221537241,0.40863037,0.40048218,0.37461853,0.35992432,89771.19,298.77954,0.0033188288,-0.14733887,-0.41433334
Kasese,2016-02-01,0.1699,30.0781,0.20000000000000104,30.100000000000016,289.59644,-0.00211191,0001,10529.614022288868,0.827247341034288,19.0,0.0,1.0,0.10989882959730213,1.0000305189751728,0.0005440414,7.328391e-05,299.188,299.45972,299.08936,298.0725,296.71265,3.999954221537241,0.30732727,0.33659363,0.34487915,0.3556366,89682.06,300.54907,0.0014440906,-0.21861076,-0.3111248
Kasese,2016-03-01,0.1699,30.0781,0.20000000000000104,30.100000000000016,291.41846,-0.0029110648,0001,10529.614022288868,0.827247341034288,19.0,0.0,1.0,0.10989882959730213,1.0000305189751728,0.0015851706,0.00021213293,298.1548,298.69556,298.62305,298.33447,297.31543,3.999954221537241,0.39709473,0.3685608,0.3563385,0.35377502,89689.875,299.52686,0.006138584,-0.413105,-0.2438612
Kasese,2016-04-01,0.1699,30.0781,0.20000000000000104,30.100000000000016,292.42407,-0.003217101,0001,10529.614022288868,0.827247341034288,19.0,0.0,1.0,0.10989882959730213,1.0000305189751728,0.004808679,0.0003721267,295.16724,296.02344,296.28735,296.99023,297.4624,3.999954221537241,0.47071838,0.45874023,0.37528992,0.3633728,89768.94,296.82886,0.009849424,-0.2544899,0.059542656
Kasese,2016-05-01,0.1699,30.0781,0.20000000000000104,30.100000000000016,291.47388,-0.0035850303,0001,10529.614022288868,0.827247341034288,19.0,0.0,1.0,0.10989882959730213,1.0000305189751728,0.005556047,0.00036397576,295.29102,295.9619,296.0315,296.28833,297.08618,3.999954221537241,0.46592712,0.47547913,0.43522644,0.36444092,89915.31,297.4348,0.010201135,-0.41592312,0.040470123
Kasese,2016-06-01,0.1699,30.0781,0.20000000000000104,30.100000000000016,289.18652,-0.0032480834,0001,10529.614022288868,0.827247341034288,19.0,0.0,1.0,0.10989882959730213,1.0000305189751728,0.0010741726,0.0001218915,295.27515,295.84375,295.94482,296.26294,296.81396,3.999954221537241,0.39718628,0.4132843,0.41967773,0.36135864,89977.06,298.01367,0.002155658,-0.58691597,0.03601837
Kasese,2016-07-01,0.1699,30.0781,0.20000000000000104,30.100000000000016,288.9026,-0.0028207526,0001,10529.614022288868,0.827247341034288,19.0,0.0,1.0,0.10989882959730213,1.0000305189751728,0.00091446936,0.00018079579,295.7351,296.2229,296.19653,296.19092,296.55347,3.999954221537241,0.37904358,0.38171387,0.39390564,0.3571167,89882.56,297.93042,0.0033719037,-0.40849113,0.07426548
Kasese,2016-08-01,0.1699,30.0781,0.20000000000000104,30.100000000000016,288.51855,-0.002777488,0001,10529.614022288868,0.827247341034288,19.0,0.0,1.0,0.10989882959730213,1.0000305189751728,0.0006009117,0.0001193732,296.51855,296.9297,296.82544,296.60938,296.49023,3.999954221537241,0.3803711,0.36671448,0.386261,0.35531616,89871.625,298.30615,0.0022109656,-0.732378,0.0059432983
Kasese,2016-09-01,0.1699,30.0781,0.20000000000000104,30.100000000000016,289.63184,-0.00311728,0001,10529.614022288868,0.827247341034288,19.0,0.0,1.0,0.10989882959730213,1.0000305189751728,0.0014773905,0.00021247566,296.41333,296.98633,296.99512,296.98804,296.64282,3.999954221537241,0.40856934,0.39146423,0.3733673,0.35488892,89825.5,297.90503,0.0060493187,-0.5871124,-0.0176363
Kasese,2016-10-01,0.1699,30.0781,0.20000000000000104,30.100000000000016,290.4558,-0.003302263,0001,10529.614022288868,0.827247341034288,19.0,0.0,1.0,0.10989882959730213,1.0000305189751728,0.002123028,0.00022268295,295.83936,296.44116,296.4712,296.54907,296.6526,3.999954221537241,0.4316101,0.4303894,0.3821106,0.36288452,89705.125,297.55615,0.005920115,-0.49368,-0.16149902
Kasese,2016-11-01,0.1699,30.0781,0.20000000000000104,30.100000000000016,290.87646,-0.0033370852,0001,10529.614022288868,0.827247341034288,19.0,0.0,1.0,0.10989882959730213,1.0000305189751728,0.0046583116,0.00031010807,294.8379,295.52808,295.63696,295.9917,296.5398,3.999954221537241,0.45980835,0.4562378,0.3922119,0.3662567,89737.625,296.72974,0.008965366,-0.45431995,-0.22549343
Kasese,2016-12-01,0.1699,30.0781,0.20000000000000104,30.100000000000016,289.15137,-0.00313796,0001,10529.614022288868,0.827247341034288,19.0,0.0,1.0,0.10989882959730213,1.0000305189751728,0.0013699532,0.00011138618,296.04736,296.4817,296.34497,296.0896,296.30103,3.999954221537241,0.3712616,0.39578247,0.38705444,0.36314392,89687.94,298.1819,0.0018433721,-0.57179165,-0.63834286
Kasese,2017-01-01,0.1699,30.0781,0.20000000000000104,30.100000000000016,286.59424,-0.0018797116,0001,10529.614022288868,0.827247341034288,19.0,0.0,1.0,0.10989882959730213,1.0000305189751728,0.0003347546,3.938377e-05,298.66748,299.04932,298.7185,297.81128,296.53467,3.999954221537241,0.27896118,0.3146515,0.34594727,0.3561859,89628.25,300.07446,0.0005968589,-0.39737225,-0.54514503
Kasese,2017-02-01,0.1699,30.0781,0.20000000000000104,30.100000000000016,290.06787,-0.002107828,0001,10529.614022288868,0.827247341034288,19.0,0.0,1.0,0.10989882959730213,1.0000305189751728,0.0004967265,0.00015474856,297.4983,298.094,298.14185,298.1267,297.12012,3.999954221537241,0.3531189,0.32695007,0.3267212,0.35076904,89655.0,298.65796,0.0036060673,-0.32694244,-0.38681602
Kasese,2017-03-01,0.1699,30.0781,0.20000000000000104,30.100000000000016,290.90698,-0.0029039616,0001,10529.614022288868,0.827247341034288,19.0,0.0,1.0,0.10989882959730213,1.0000305189751728,0.0009469092,0.00019520521,296.74365,297.32642,297.32837,297.33936,297.28198,3.999954221537241,0.4065857,0.3695526,0.3571167,0.3496704,89656.75,298.19995,0.004603949,-0.2988882,-0.13534641
Kasese,2017-04-01,0.1699,30.0781,0.20000000000000104,30.100000000000016,290.97998,-0.0025516283,0001,10529.614022288868,0.827247341034288,19.0,0.0,1.0,0.10989882959730213,1.0000305189751728,0.0007465929,0.00017103553,296.3352,296.93555,297.02856,297.24463,297.3125,3.999954221537241,0.3934784,0.37542725,0.35992432,0.35450745,89714.56,298.25,0.003626478,-0.49648857,-0.04685211
Kasese,2017-05-01,0.1699,30.0781,0.20000000000000104,30.100000000000016,291.10522,-0.0029838393,0001,10529.614022288868,0.827247341034288,19.0,0.0,1.0,0.10989882959730213,1.0000305189751728,0.0020769984,0.00023809075,295.11133,295.72705,295.78687,296.1272,297.03833,3.999954221537241,0.42108154,0.40655518,0.3590088,0.36253357,89860.94,297.37842,0.004793196,-0.37050152,0.058811188
Kasese,2017-06-01,0.1699,30.0781,0.20000000000000104,30.100000000000016,289.5835,-0.0022176653,0001,10529.614022288868,0.827247341034288,19.0,0.0,1.0,0.10989882959730213,1.0000305189751728,0.00085775554,0.00013583899,296.8562,297.24878,297.1399,296.8877,296.8413,3.999954221537241,0.35980225,0.36238098,0.34085083,0.35925293,89829.31,298.44775,0.0020481995,-0.60275936,-0.09818745
Kasese,2017-07-01,0.1699,30.0781,0.20000000000000104,30.100000000000016,289.63477,-0.0017289445,0001,10529.614022288868,0.827247341034288,19.0,0.0,1.0,0.10989882959730213,1.0000305189751728,0.00046521425,0.00015178323,296.6521,297.10254,297.09888,297.07202,296.90918,3.999954221537241,0.35128784,0.34519958,0.33096313,0.3544464,89932.25,297.76953,0.001985922,-0.38774586,0.0797863
Kasese,2017-08-01,0.1699,30.0781,0.20000000000000104,30.100000000000016,290.00342,-0.0018528765,0001,10529.614022288868,0.827247341034288,19.0,0.0,1.0,0.10989882959730213,1.0000305189751728,0.00041987002,0.00013059378,296.7793,297.22314,297.19824,297.10986,296.96558,3.999954221537241,0.3550415,0.34239197,0.33180237,0.3508911,89829.44,297.8318,0.002115341,-0.5243187,0.09406948
Kasese,2017-09-01,0.1699,30.0781,0.20000000000000104,30.100000000000016,290.2307,-0.002884617,0001,10529.614022288868,0.827247341034288,19.0,0.0,1.0,0.10989882959730213,1.0000305189751728,0.0012848079,0.00023552775,295.75488,296.37207,296.4497,296.71582,296.9602,3.999954221537241,0.41874695,0.3993225,0.35360718,0.35227966,89828.375,297.2849,0.005501627,-0.38861847,0.074915886
Kasese,2017-10-01,0.1699,30.0781,0.20000000000000104,30.100000000000016,290.66968,-0.0030194074,0001,10529.614022288868,0.827247341034288,19.0,0.0,1.0,0.10989882959730213,1.0000305189751728,0.0025923848,0.00024183095,296.19263,296.81567,296.8457,296.88647,296.896,3.999954221537241,0.4182129,0.4040985,0.36079407,0.35987854,89714.81,297.57642,0.006681096,-0.47285366,-0.09515667
Kasese,2017-11-01,0.1699,30.0781,0.20000000000000104,30.100000000000016,290.9043,-0.003203583,0001,10529.614022288868,0.827247341034288,19.0,0.0,1.0,0.10989882959730213,1.0000305189751728,0.0030734316,0.0002860874,294.59644,295.30493,295.44922,295.91406,296.7256,3.999954221537241,0.45257568,0.44613647,0.37345886,0.36392212,89714.125,296.49634,0.0066210176,-0.4864521,-0.38432217
Kasese,2017-12-01,0.1699,30.0781,0.20000000000000104,30.100000000000016,289.29736,-0.0028736023,0001,10529.614022288868,0.827247341034288,19.0,0.0,1.0,0.10989882959730213,1.0000305189751728,0.0016241968,0.00013196468,296.4795,296.87744,296.70483,296.3523,296.46045,3.999954221537241,0.37420654,0.38409424,0.3668213,0.361969,89661.31,298.656,0.002658779,-0.48696804,-0.6656704
Kasese,2018-01-01,0.1699,30.0781,0.20000000000000104,30.100000000000016,289.09033,-0.0021693595,0001,10529.614022288868,0.827247341034288,19.0,0.0,1.0,0.10989882959730213,1.0000305189751728,0.0005013719,6.80536e-05,297.2019,297.58423,297.43335,297.07178,296.57764,3.999954221537241,0.34695435,0.34196472,0.33636475,0.3560791,89646.5,298.771,0.0015467756,0.017290115,-0.12177849
Kasese,2018-02-01,0.1699,30.0781,0.20000000000000104,30.100000000000016,289.05444,-0.0018517738,0001,10529.614022288868,0.827247341034288,19.0,0.0,1.0,0.10989882959730213,1.0000305189751728,0.00064864755,0.00012041628,298.70337,299.20752,299.07935,298.50098,297.0144,3.999954221537241,0.32650757,0.32725525,0.323349,0.35072327,89536.0,299.85962,0.0035791807,-0.39299393,-0.18691349
Kasese,2018-03-01,0.1699,30.0781,0.20000000000000104,30.100000000000016,291.86768,-0.0031798976,0001,10529.614022288868,0.827247341034288,19.0,0.0,1.0,0.10989882959730213,1.0000305189751728,0.0024768338,0.00026631355,294.91284,295.67725,295.87915,296.5498,297.19873,3.999954221537241,0.45848083,0.4554596,0.40142822,0.35620117,89719.94,296.60327,0.008618263,-0.187747,-0.1481247
Kasese,2018-04-01,0.1699,30.0781,0.20000000000000104,30.100000000000016,292.08496,-0.0029878588,0001,10529.614022288868,0.827247341034288,19.0,0.0,1.0,0.10989882959730213,1.0000305189751728,0.0054287016,0.00041002035,294.0288,294.81006,295.00732,295.57275,296.73413,3.999954221537241,0.4758911,0.48272705,0.46580505,0.3675537,89788.56,295.3833,0.011153991,-0.10357952,-0.020637512
Kasese,2018-05-01,0.1699,30.0781,0.20000000000000104,30.100000000000016,291.42456,-0.0034020143,0001,10529.614022288868,0.827247341034288,19.0,0.0,1.0,0.10989882959730213,1.0000305189751728,0.0038689598,0.0002913624,294.16943,294.84912,294.94043,295.28784,296.21362,3.999954221537241,0.4647522,0.46794128,0.471344,0.38442993,89836.06,296.41357,0.008006258,-0.22980976,0.13250351
Kasese,2018-06-01,0.1699,30.0781,0.20000000000000104,30.100000000000016,289.8955,-0.0032940404,0001,10529.614022288868,0.827247341034288,19.0,0.0,1.0,0.10989882959730213,1.0000305189751728,0.0027623102,0.00021444261,294.33252,294.91528,294.96973,295.19678,295.82788,3.999954221537241,0.4337921,0.4443817,0.46318054,0.4008789,89946.875,296.76245,0.004787158,-0.34757996,-0.024795532
Kasese,2018-07-01,0.1699,30.0781,0.20000000000000104,30.100000000000016,287.75073,-0.0026559457,0001,10529.614022288868,0.827247341034288,19.0,0.0,1.0,0.10989882959730213,1.0000305189751728,0.0005429238,8.3342195e-05,295.84448,296.28906,296.17017,295.8164,295.66284,3.999954221537241,0.3237152,0.35855103,0.3991089,0.3970337,89953.31,298.00537,0.0017881923,-0.69540405,0.16830826
Kasese,2018-08-01,0.1699,30.0781,0.20000000000000104,30.100000000000016,289.74658,-0.0028776787,0001,10529.614022288868,0.827247341034288,19.0,0.0,1.0,0.10989882959730213,1.0000305189751728,0.00046481937,0.00017113984,295.02905,295.56982,295.62012,295.83423,295.78833,3.999954221537241,0.41041565,0.3949585,0.3779602,0.39067078,89933.75,296.93164,0.0028835777,-0.32774544,0.06194687
Kasese,2018-09-01,0.1699,30.0781,0.20000000000000104,30.100000000000016,289.6272,-0.0027841842,0001,10529.614022288868,0.827247341034288,19.0,0.0,1.0,0.10989882959730213,1.0000305189751728,0.0003893003,0.00012139976,295.8152,296.2268,296.1006,295.80444,295.75513,3.999954221537241,0.37477112,0.37628174,0.3804779,0.38716125,89750.06,297.635,0.002034366,-0.60365486,-0.13399696
Kasese,2018-10-01,0.1699,30.0781,0.20000000000000104,30.100000000000016,290.40308,-0.0029851198,0001,10529.614022288868,0.827247341034288,19.0,0.0,1.0,0.10989882959730213,1.0000305189751728,0.0015186667,0.00023204088,295.3418,295.96777,296.02563,296.12744,295.89526,3.999954221537241,0.41487122,0.4121704,0.38002014,0.38835144,89768.19,296.9834,0.006639722,-0.46565914,-0.13991642
Kasese,2018-11-01,0.1699,30.0781,0.20000000000000104,30.100000000000016,290.60474,-0.003390871,0001,10529.614022288868,0.827247341034288,19.0,0.0,1.0,0.10989882959730213,1.0000305189751728,0.0025318936,0.00025603175,295.19165,295.7412,295.7102,295.6836,295.8567,3.999954221537241,0.43536377,0.43206787,0.39126587,0.3981781,89703.875,297.55566,0.005516189,-0.6229181,-0.41801548
Kasese,2018-12-01,0.1699,30.0781,0.20000000000000104,30.100000000000016,290.87866,-0.00313076,0001,10529.614022288868,0.827247341034288,19.0,0.0,1.0,0.10989882959730213,1.0000305189751728,0.002283506,0.00023181736,294.85645,295.45972,295.5144,295.66895,295.81445,3.999954221537241,0.42893982,0.4208374,0.38163757,0.39735413,89791.19,297.0454,0.005187391,-0.36266422,-0.478446
Kasese,2019-01-01,0.1699,30.0781,0.20000000000000104,30.100000000000016,289.7793,-0.002775182,0001,10529.614022288868,0.827247341034288,19.0,0.0,1.0,0.10989882959730213,1.0000305189751728,0.0011293888,0.0001321435,296.98682,297.32788,297.05078,296.38428,295.83203,3.999954221537241,0.36044312,0.3722992,0.3665161,0.39311218,89739.625,298.6941,0.0024614353,-0.3086052,-0.47968102
Kasese,2019-02-01,0.1699,30.0781,0.20000000000000104,30.100000000000016,289.40576,-0.0019595204,0001,10529.614022288868,0.827247341034288,19.0,0.0,1.0,0.10989882959730213,1.0000305189751728,0.00044132024,7.495284e-05,298.5227,298.90137,298.65503,297.9043,296.34937,3.999954221537241,0.31956482,0.33380127,0.33987427,0.3864746,89664.625,299.70093,0.0013119105,-0.34020138,-0.40669537
Kasese,2019-03-01,0.1699,30.0781,0.20000000000000104,30.100000000000016,290.2339,-0.0021472666,0001,10529.614022288868,0.827247341034288,19.0,0.0,1.0,0.10989882959730213,1.0000305189751728,0.00044587255,0.000111699104,298.56543,299.0027,298.80054,298.13428,296.91382,3.999954221537241,0.34298706,0.34214783,0.33200073,0.3804474,89690.81,299.43042,0.002484172,-0.30714893,-0.32835388
Kasese,2019-04-01,0.1699,30.0781,0.20000000000000104,30.100000000000016,291.3069,-0.0027280655,0001,10529.614022288868,0.827247341034288,19.0,0.0,1.0,0.10989882959730213,1.0000305189751728,0.0012329072,0.00027231872,296.89917,297.54712,297.62817,297.79468,297.36523,3.999954221537241,0.39245605,0.36009216,0.35583496,0.37921143,89708.31,298.43896,0.005419846,-0.37330532,0.03336239
Kasese,2019-05-01,0.1699,30.0781,0.20000000000000104,30.100000000000016,291.44458,-0.0031986795,0001,10529.614022288868,0.827247341034288,19.0,0.0,1.0,0.10989882959730213,1.0000305189751728,0.0031045675,0.00031203032,295.65234,296.37305,296.5105,296.93726,297.35205,3.999954221537241,0.42988586,0.40905762,0.36143494,0.38865662,89783.625,297.97998,0.0070529394,-0.50960445,0.22458267
Kasese,2019-06-01,0.1699,30.0781,0.20000000000000104,30.100000000000016,291.17065,-0.0028295908,0001,10529.614022288868,0.827247341034288,19.0,0.0,1.0,0.10989882959730213,1.0000305189751728,0.004158087,0.0003208369,294.71582,295.36353,295.51807,296.0276,297.00293,3.999954221537241,0.46092224,0.45593262,0.37808228,0.38883972,89956.875,296.76807,0.008490452,-0.30838108,0.11517429
Kasese,2019-07-01,0.1699,30.0781,0.20000000000000104,30.100000000000016,289.93848,-0.002842119,0001,10529.614022288868,0.827247341034288,19.0,0.0,1.0,0.10989882959730213,1.0000305189751728,0.0011810064,0.000116467476,295.36035,295.86133,295.87378,295.96387,296.6001,3.999954221537241,0.38667297,0.39579773,0.39100647,0.38478088,89885.69,297.36304,0.0019297854,-0.3299322,0.16878796
Kasese,2019-08-01,0.1699,30.0781,0.20000000000000104,30.100000000000016,289.68774,-0.0028065592,0001,10529.614022288868,0.827247341034288,19.0,0.0,1.0,0.10989882959730213,1.0000305189751728,0.0010686815,0.00018964708,296.24072,296.73853,296.70117,296.58032,296.47583,3.999954221537241,0.38623047,0.3743286,0.3716278,0.37780762,89928.56,297.89453,0.003909763,-0.48900032,0.18480206
Kasese,2019-09-01,0.1699,30.0781,0.20000000000000104,30.100000000000016,290.4419,-0.0030740583,0001,10529.614022288868,0.827247341034288,19.0,0.0,1.0,0.10989882959730213,1.0000305189751728,0.0011815801,0.00020717084,295.91772,296.45532,296.45215,296.47632,296.50806,3.999954221537241,0.41596985,0.40039062,0.38182068,0.37768555,89820.5,297.69482,0.004429019,-0.470335,0.047542572
Kasese,2019-10-01,0.1699,30.0781,0.20000000000000104,30.100000000000016,291.00464,-0.0028631845,0001,10529.614022288868,0.827247341034288,19.0,0.0,1.0,0.10989882959730213,1.0000305189751728,0.0016959086,0.00021737814,294.70923,295.36255,295.49658,295.9143,296.41772,3.999954221537241,0.431839,0.4118042,0.37686157,0.3808899,89727.69,296.0376,0.0051729805,-0.40223312,-0.013083458
Kasese,2019-11-01,0.1699,30.0781,0.20000000000000104,30.100000000000016,290.92627,-0.0030319458,0001,10529.614022288868,0.827247341034288,19.0,0.0,1.0,0.10989882959730213,1.0000305189751728,0.0017485842,0.0002283752,295.27368,295.80664,295.79565,295.85254,296.19434,3.999954221537241,0.4255066,0.41210938,0.37657166,0.38235474,89697.06,297.062,0.004301441,-0.53369236,-0.21317959
Kasese,2019-12-01,0.1699,30.0781,0.20000000000000104,30.100000000000016,291.5205,-0.0032606674,0001,10529.614022288868,0.827247341034288,19.0,0.0,1.0,0.10989882959730213,1.0000305189751728,0.0029812753,0.0002939254,294.9077,295.5078,295.52295,295.6223,296.02075,3.999954221537241,0.4492035,0.4431305,0.38633728,0.3837738,89738.81,296.81494,0.0062166685,-0.348114,-0.3431244
Kasese,2020-01-01,0.1699,30.0781,0.20000000000000104,30.100000000000016,290.45605,-0.0026629688,0001,10529.614022288868,0.827247341034288,19.0,0.0,1.0,0.10989882959730213,1.0000305189751728,0.0010511354,0.000130862,296.8308,297.21924,297.07837,296.5835,296.02295,3.999954221537241,0.3751831,0.37516785,0.36502075,0.37908936,89710.56,298.5437,0.0025530923,-0.26479626,-0.32887173
Kasese,2020-02-01,0.1699,30.0781,0.20000000000000104,30.100000000000016,290.7317,-0.002862827,0001,10529.614022288868,0.827247341034288,19.0,0.0,1.0,0.10989882959730213,1.0000305189751728,0.0010318607,0.00020834804,296.97437,297.4375,297.31982,296.9912,296.3164,3.999954221537241,0.4008484,0.3768158,0.36376953,0.37478638,89702.75,298.67065,0.0040582116,-0.4548664,-0.44011593
Kasese,2020-03-01,0.1699,30.0781,0.20000000000000104,30.100000000000016,291.9265,-0.0032605259,0001,10529.614022288868,0.827247341034288,19.0,0.0,1.0,0.10989882959730213,1.0000305189751728,0.0020985752,0.00023421645,296.1106,296.70898,296.73413,296.87012,296.5957,3.999954221537241,0.4535675,0.43618774,0.3739624,0.3781891,89673.375,297.98877,0.006151446,-0.30577755,-0.09720421
Kasese,2020-04-01,0.1699,30.0781,0.20000000000000104,30.100000000000016,291.63013,-0.00312215,0001,10529.614022288868,0.827247341034288,19.0,0.0,1.0,0.10989882959730213,1.0000305189751728,0.0020200238,0.00028721988,296.02148,296.65308,296.71118,296.79102,296.68652,3.999954221537241,0.4300232,0.4269867,0.3748169,0.37794495,89743.56,297.7417,0.006335076,-0.5067816,-0.03108406
Kasese,2020-05-01,0.1699,30.0781,0.20000000000000104,30.100000000000016,291.2373,-0.0035845805,0001,10529.614022288868,0.827247341034288,19.0,0.0,1.0,0.10989882959730213,1.0000305189751728,0.0038766414,0.0003068596,294.77075,295.40918,295.46045,295.71802,296.4673,3.999954221537241,0.46287537,0.47044373,0.4497223,0.381073,89887.375,296.95312,0.008067474,-0.4127407,-0.014966965
Kasese,2020-06-01,0.1699,30.0781,0.20000000000000104,30.100000000000016,290.29663,-0.0032798164,0001,10529.614022288868,0.827247341034288,19.0,0.0,1.0,0.10989882959730213,1.0000305189751728,0.003217861,0.000278309,294.7334,295.34985,295.43408,295.69946,296.20728,3.999954221537241,0.44726562,0.45645142,0.45739746,0.3834839,89858.25,297.26343,0.0075537693,-0.44948578,0.012163162
Kasese,2020-07-01,0.1699,30.0781,0.20000000000000104,30.100000000000016,289.06567,-0.0030585742,0001,10529.614022288868,0.827247341034288,19.0,0.0,1.0,0.10989882959730213,1.0000305189751728,0.0014618337,0.00015109777,295.0481,295.5266,295.54248,295.63208,295.96973,3.999954221537241,0.41577148,0.42617798,0.43338013,0.38713074,89762.19,297.48584,0.003801469,-0.52097607,0.051104546
Kasese,2020-08-01,0.1699,30.0781,0.20000000000000104,30.100000000000016,290.0569,-0.0035113767,0001,10529.614022288868,0.827247341034288,19.0,0.0,1.0,0.10989882959730213,1.0000305189751728,0.0010991395,0.00019475818,295.27637,295.82788,295.8235,295.80493,295.8689,3.999954221537241,0.4454193,0.45506287,0.43629456,0.38475037,89749.75,297.60962,0.004348077,-0.46019554,0.05337143
Kasese,2020-09-01,0.1699,30.0781,0.20000000000000104,30.100000000000016,290.43652,-0.0035826266,0001,10529.614022288868,0.827247341034288,19.0,0.0,1.0,0.10989882959730213,1.0000305189751728,0.0012861863,0.00024065375,295.32227,295.89673,295.88306,295.84692,295.84595,3.999954221537241,0.44502258,0.4445343,0.42881775,0.38549805,89725.5,297.09326,0.0049050096,-0.37159824,0.022426605
Kasese,2020-10-01,0.1699,30.0781,0.20000000000000104,30.100000000000016,290.58228,-0.0031085815,0001,10529.614022288868,0.827247341034288,19.0,0.0,1.0,0.10989882959730213,1.0000305189751728,0.0011696741,0.00020770729,295.2976,295.85962,295.89038,295.96436,295.8872,3.999954221537241,0.41584778,0.41871643,0.40853882,0.38591003,89713.375,296.85742,0.0042897956,-0.33426762,0.028060913
Kasese,2020-11-01,0.1699,30.0781,0.20000000000000104,30.100000000000016,291.3872,-0.0032086838,0001,10529.614022288868,0.827247341034288,19.0,0.0,1.0,0.10989882959730213,1.0000305189751728,0.0021905005,0.00023923814,294.52344,295.13525,295.19775,295.40674,295.80786,3.999954221537241,0.45629883,0.45437622,0.41851807,0.38856506,89724.75,296.1914,0.0058553377,-0.41091537,-0.29021835
Kasese,2020-12-01,0.1699,30.0781,0.20000000000000104,30.100000000000016,290.00366,-0.003553789,0001,10529.614022288868,0.827247341034288,19.0,0.0,1.0,0.10989882959730213,1.0000305189751728,0.0016327575,0.000191167,295.39014,295.89307,295.7871,295.58594,295.65332,3.999954221537241,0.40853882,0.41441345,0.41674805,0.38824463,89658.125,297.59106,0.003632769,-0.4657011,-0.5894041
Kasese,2021-01-01,0.1699,30.0781,0.20000000000000104,30.100000000000016,289.70972,-0.0029773237,0001,10529.614022288868,0.827247341034288,19.0,0.0,1.0,0.10989882959730213,1.0000305189751728,0.001291357,0.00016579032,296.24658,296.6853,296.5525,296.20264,295.75366,3.999954221537241,0.38961792,0.37979126,0.39707947,0.38591003,89596.69,298.19287,0.0035332558,-0.3062687,-0.43435764
Kasese,2021-02-01,0.1699,30.0781,0.20000000000000104,30.100000000000016,289.46973,-0.0024776366,0001,10529.614022288868,0.827247341034288,19.0,0.0,1.0,0.10989882959730213,1.0000305189751728,0.0007739663,9.460747e-05,297.96094,298.30957,298.0586,297.35767,296.13672,3.999954221537241,0.34727478,0.34921265,0.3675232,0.38282776,89593.19,299.50195,0.001971298,-0.111543655,-0.052001
Kasese,2021-03-01,0.1699,30.0781,0.20000000000000104,30.100000000000016,290.12354,-0.0026329588,0001,10529.614022288868,0.827247341034288,19.0,0.0,1.0,0.10989882959730213,1.0000305189751728,0.000734739,0.00018040836,296.948,297.55322,297.59497,297.47998,296.63867,3.999954221537241,0.38412476,0.35406494,0.35238647,0.3779297,89551.06,298.3728,0.0037518633,-0.43494225,-0.18777847
Kasese,2021-04-01,0.1699,30.0781,0.20000000000000104,30.100000000000016,290.8994,-0.003202293,0001,10529.614022288868,0.827247341034288,19.0,0.0,1.0,0.10989882959730213,1.0000305189751728,0.0012167841,0.0002681017,295.66626,296.2937,296.32837,296.552,296.74902,3.999954221537241,0.43206787,0.39263916,0.3671112,0.37864685,89675.81,297.74292,0.0051671932,-0.6687937,-0.046658516
Kasese,2021-05-01,0.1699,30.0781,0.20000000000000104,30.100000000000016,291.25073,-0.0033991197,0001,10529.614022288868,0.827247341034288,19.0,0.0,1.0,0.10989882959730213,1.0000305189751728,0.003775075,0.0003259331,294.97437,295.62476,295.69385,295.9746,296.5603,3.999954221537241,0.4563446,0.45487976,0.40322876,0.38450623,89796.625,296.83203,0.008865668,-0.4727087,0.019361496
Kasese,2021-06-01,0.1699,30.0781,0.20000000000000104,30.100000000000016,288.90356,-0.0032023676,0001,10529.614022288868,0.827247341034288,19.0,0.0,1.0,0.10989882959730213,1.0000305189751728,0.0007429421,0.00011442602,295.15308,295.68213,295.74414,295.9375,296.33423,3.999954221537241,0.40652466,0.41819763,0.40202332,0.37986755,89817.69,297.95898,0.0017755933,-0.70799065,0.039073944
Kasese,2021-07-01,0.1699,30.0781,0.20000000000000104,30.100000000000016,287.98755,-0.0024149567,0001,10529.614022288868,0.827247341034288,19.0,0.0,1.0,0.10989882959730213,1.0000305189751728,0.00032103807,9.803474e-05,295.96265,296.3208,296.23462,296.07764,296.1858,3.999954221537241,0.35043335,0.356781,0.36927795,0.3740692,89884.375,297.89624,0.00125556,-0.49128628,0.16394234
Kasese,2021-08-01,0.1699,30.0781,0.20000000000000104,30.100000000000016,289.0459,-0.0025084987,0001,10529.614022288868,0.827247341034288,19.0,0.0,1.0,0.10989882959730213,1.0000305189751728,0.00031062216,0.00012220442,296.34814,296.81787,296.7373,296.552,296.2688,3.999954221537241,0.3541565,0.35710144,0.34849548,0.3687744,89806.94,297.6609,0.002520099,-0.527874,0.061201096
Kasese,2021-09-01,0.1699,30.0781,0.20000000000000104,30.100000000000016,290.34473,-0.0028875368,0001,10529.614022288868,0.827247341034288,19.0,0.0,1.0,0.10989882959730213,1.0000305189751728,0.000705421,0.00024148822,295.66675,296.27515,296.3379,296.47754,296.35815,3.999954221537241,0.40963745,0.38690186,0.34918213,0.36486816,89762.19,296.97705,0.0045225103,-0.47515106,0.03935814
Kasese,2021-10-01,0.1699,30.0781,0.20000000000000104,30.100000000000016,291.05908,-0.0033994755,0001,10529.614022288868,0.827247341034288,19.0,0.0,1.0,0.10989882959730213,1.0000305189751728,0.0014594272,0.00026741624,295.62622,296.2351,296.23755,296.23584,296.34033,3.999954221537241,0.45169067,0.44532776,0.38200378,0.3704834,89685.375,297.11426,0.006910237,-0.4073944,-0.058847427
Kasese,2021-11-01,0.1699,30.0781,0.20000000000000104,30.100000000000016,290.5642,-0.0032742927,0001,10529.614022288868,0.827247341034288,19.0,0.0,1.0,0.10989882959730213,1.0000305189751728,0.0016552135,0.00022496283,295.38184,295.9851,296.04785,296.1941,296.29834,3.999954221537241,0.43649292,0.43536377,0.38700867,0.37954712,89650.5,297.11572,0.004125607,-0.45454216,-0.33423805
Kasese,2021-12-01,0.1699,30.0781,0.20000000000000104,30.100000000000016,290.2793,-0.0029892912,0001,10529.614022288868,0.827247341034288,19.0,0.0,1.0,0.10989882959730213,1.0000305189751728,0.0010330006,0.00022010505,295.82544,296.3147,296.2644,296.1687,296.23096,3.999954221537241,0.39605713,0.3818512,0.37594604,0.3756256,89638.81,297.91895,0.0034534228,-0.6169882,-0.42694855
Kasese,2022-01-01,0.1699,30.0781,0.20000000000000104,30.100000000000016,289.45215,-0.0026700143,0001,10529.614022288868,0.827247341034288,19.0,0.0,1.0,0.10989882959730213,1.0000305189751728,0.0008709952,0.00011795759,296.43506,296.89014,296.79956,296.5708,296.29883,3.999954221537241,0.3771515,0.37800598,0.36801147,0.37301636,89641.81,298.5005,0.0028208003,-0.27361202,-0.34180737
Kasese,2022-02-01,0.1699,30.0781,0.20000000000000104,30.100000000000016,289.9458,-0.0021055965,0001,10529.614022288868,0.827247341034288,19.0,0.0,1.0,0.10989882959730213,1.0000305189751728,0.00039788336,9.0390444e-05,297.58984,297.95068,297.72632,297.14795,296.46436,3.999954221537241,0.33035278,0.3496399,0.3484497,0.36982727,89594.94,298.6765,0.0015369081,0.0047922134,-0.10319519
Kasese,2022-03-01,0.1699,30.0781,0.20000000000000104,30.100000000000016,289.98584,-0.0023960574,0001,10529.614022288868,0.827247341034288,19.0,0.0,1.0,0.10989882959730213,1.0000305189751728,0.00059520453,0.00015835464,297.97485,298.50317,298.41528,298.05176,296.90942,3.999954221537241,0.36523438,0.35101318,0.3340149,0.36535645,89527.44,298.85938,0.00369598,-0.32527733,-0.26803684
Kasese,2022-04-01,0.1699,30.0781,0.20000000000000104,30.100000000000016,291.08936,-0.002671728,0001,10529.614022288868,0.827247341034288,19.0,0.0,1.0,0.10989882959730213,1.0000305189751728,0.0010556728,0.00025214255,295.91943,296.57568,296.72803,297.1687,297.2019,3.999954221537241,0.4108734,0.40997314,0.3538208,0.3630066,89601.06,297.31372,0.005199546,-0.42962265,-0.026602745
Kasese,2022-05-01,0.1699,30.0781,0.20000000000000104,30.100000000000016,291.0498,-0.0034325933,0001,10529.614022288868,0.827247341034288,19.0,0.0,1.0,0.10989882959730213,1.0000305189751728,0.0015704855,0.00028653443,295.02783,295.7002,295.7959,296.12622,296.9253,3.999954221537241,0.44691467,0.44273376,0.39112854,0.3727417,89808.94,297.26782,0.005254729,-0.42989922,0.11272335
Kasese,2022-06-01,0.1699,30.0781,0.20000000000000104,30.100000000000016,288.56274,-0.0029189745,0001,10529.614022288868,0.827247341034288,19.0,0.0,1.0,0.10989882959730213,1.0000305189751728,0.0006595701,0.000110939145,295.1626,295.64282,295.6416,295.7898,296.55322,3.999954221537241,0.39009094,0.39344788,0.3742981,0.37039185,89765.0,297.66138,0.0015055429,-0.7001028,0.042399406
Kasese,2022-07-01,0.1699,30.0781,0.20000000000000104,30.100000000000016,287.01,-0.0015934175,0001,10529.614022288868,0.827247341034288,19.0,0.0,1.0,0.10989882959730213,1.0000305189751728,0.00026534498,5.0231814e-05,296.8274,297.22974,297.15747,296.802,296.4536,3.999954221537241,0.28019714,0.31446838,0.34095764,0.36470032,89803.5,297.9485,0.00094149046,-0.60141754,0.1072216
Kasese,2022-08-01,0.1699,30.0781,0.20000000000000104,30.100000000000016,289.87866,-0.0026237871,0001,10529.614022288868,0.827247341034288,19.0,0.0,1.0,0.10989882959730213,1.0000305189751728,0.0004524067,0.00018449128,295.26123,295.81055,295.8933,296.26782,296.53735,3.999954221537241,0.41712952,0.388443,0.33129883,0.35966492,89757.5,296.39185,0.0039255307,-0.3824463,0.12209606
Kasese,2022-09-01,0.1699,30.0781,0.20000000000000104,30.100000000000016,290.53223,-0.0017963042,0001,10529.614022288868,0.827247341034288,19.0,0.0,1.0,0.10989882959730213,1.0000305189751728,0.00028315932,0.00022289157,294.57812,295.2146,295.3069,295.60815,296.28735,3.999954221537241,0.4471283,0.43870544,0.3659973,0.3578949,89353.0,295.7837,0.002021016,-0.29183102,0.018268585
Kasese,2022-10-01,0.1699,30.0781,0.20000000000000104,30.100000000000016,289.93018,-0.001547229,0001,10529.614022288868,0.827247341034288,19.0,0.0,1.0,0.10989882959730213,1.0000305189751728,0.00013530813,0.00012513995,296.27466,296.68433,296.5564,296.26465,296.1477,3.999954221537241,0.3730774,0.36683655,0.3590393,0.35740662,89279.56,297.10034,0.00093958166,-0.5062752,-0.12644577
Kasese,2022-11-01,0.1699,30.0781,0.20000000000000104,30.100000000000016,291.26636,-0.0015970306,0001,10529.614022288868,0.827247341034288,19.0,0.0,1.0,0.10989882959730213,1.0000305189751728,0.0010992475,0.00036352873,293.82544,294.5879,294.84033,295.52515,296.1255,3.999954221537241,0.46147156,0.4530487,0.39471436,0.36463928,89299.75,295.04175,0.004393542,-0.25031376,-0.22989559
Kasese,2022-12-01,0.1699,30.0781,0.20000000000000104,30.100000000000016,290.88257,-0.001968402,0001,10529.614022288868,0.827247341034288,19.0,0.0,1.0,0.10989882959730213,1.0000305189751728,0.0014398918,0.00028696656,293.82812,294.48584,294.5581,294.83887,295.6936,3.999954221537241,0.45783997,0.45787048,0.42755127,0.37278748,89278.0,295.32446,0.0032318577,-0.2538538,-0.39928436
Kasese,2023-01-01,0.1699,30.0781,0.20000000000000104,30.100000000000016,288.84595,-0.0019144425,0001,10529.614022288868,0.827247341034288,19.0,0.0,1.0,0.10989882959730213,1.0000305189751728,0.0005460456,8.9630485e-05,295.2273,295.65356,295.5232,295.26758,295.42383,3.999954221537241,0.38423157,0.40367126,0.40237427,0.3708496,89247.81,297.07642,0.00097336347,-0.31278896,-0.56957054
Kasese,2023-02-01,0.1699,30.0781,0.20000000000000104,30.100000000000016,288.5254,-0.0014360435,0001,10529.614022288868,0.827247341034288,19.0,0.0,1.0,0.10989882959730213,1.0000305189751728,0.00027506053,0.00010243058,297.7002,298.1377,297.84888,296.938,295.65747,3.999954221537241,0.32228088,0.34425354,0.36715698,0.36462402,89192.06,298.9297,0.0013346407,-0.08886337,-0.30630207
Kasese,2023-03-01,0.1699,30.0781,0.20000000000000104,30.100000000000016,291.49072,-0.0018126685,0001,10529.614022288868,0.827247341034288,19.0,0.0,1.0,0.10989882959730213,1.0000305189751728,0.0011842977,0.0002772659,294.6377,295.3894,295.57568,296.11523,296.06226,3.999954221537241,0.46424866,0.4641571,0.42106628,0.36567688,89264.0,295.85205,0.004684068,-0.13637543,-0.16357136
Kasese,2023-04-01,0.1699,30.0781,0.20000000000000104,30.100000000000016,291.29224,-0.0020423834,0001,10529.614022288868,0.827247341034288,19.0,0.0,1.0,0.10989882959730213,1.0000305189751728,0.0009004846,0.00025074184,294.66675,295.2959,295.3506,295.4756,295.88086,3.999954221537241,0.4577484,0.45573425,0.4439392,0.3735962,89221.31,296.40332,0.0024927694,-0.46926212,-0.16681576
Kasese,2023-05-01,0.1699,30.0781,0.20000000000000104,30.100000000000016,291.01807,-0.0022086175,0001,10529.614022288868,0.827247341034288,19.0,0.0,1.0,0.10989882959730213,1.0000305189751728,0.0012199134,0.00023259223,295.1958,295.71558,295.646,295.53198,295.70923,3.999954221537241,0.4447174,0.45355225,0.4503479,0.37806702,89406.81,297.4961,0.0021043678,-0.547945,-0.0003709793
Kasese,2023-06-01,0.1699,30.0781,0.20000000000000104,30.100000000000016,290.32153,-0.0017313771,0001,10529.614022288868,0.827247341034288,19.0,0.0,1.0,0.10989882959730213,1.0000305189751728,0.0006276667,0.00025689602,294.97705,295.5415,295.60132,295.7827,295.76172,3.999954221537241,0.4264679,0.43554688,0.4238739,0.37428284,89441.44,297.18018,0.00243541,-0.4677992,-0.0014486313
Kasese,2023-07-01,0.1699,30.0781,0.20000000000000104,30.100000000000016,287.4126,-0.0018063257,0001,10529.614022288868,0.827247341034288,19.0,0.0,1.0,0.10989882959730213,1.0000305189751728,0.0002288036,3.9681792e-05,296.03613,296.37378,296.19604,295.79565,295.69727,3.999954221537241,0.35910034,0.38475037,0.42131042,0.3745575,89490.94,298.48608,0.00030777397,-0.67022896,0.021970749
Kasese,2023-08-01,0.1699,30.0781,0.20000000000000104,30.100000000000016,288.82153,-0.0015699444,0001,10529.614022288868,0.827247341034288,19.0,0.0,1.0,0.10989882959730213,1.0000305189751728,0.00016249716,0.00010100007,297.13672,297.44922,297.28442,296.82007,295.96948,3.999954221537241,0.36817932,0.35076904,0.3729248,0.36965942,89381.19,298.7627,0.0007706605,-0.8045435,0.008229256
Kasese,2023-09-01,0.1699,30.0781,0.20000000000000104,30.100000000000016,290.6626,-0.0019102027,0001,10529.614022288868,0.827247341034288,19.0,0.0,1.0,0.10989882959730213,1.0000305189751728,0.00047376007,0.00026480854,296.05884,296.67773,296.70825,296.74707,296.3247,3.999954221537241,0.42340088,0.4159088,0.37426758,0.36572266,89345.69,297.55078,0.0027409992,-0.35031128,0.10699749
Kasese,2023-10-01,0.1699,30.0781,0.20000000000000104,30.100000000000016,290.84692,-0.0018037292,0001,10529.614022288868,0.827247341034288,19.0,0.0,1.0,0.10989882959730213,1.0000305189751728,0.00029203296,0.00020231307,295.41406,296.00464,296.08032,296.2671,296.37866,3.999954221537241,0.43667603,0.4233551,0.3894348,0.36836243,89296.56,297.1726,0.0017456855,-0.410573,-0.18372536
Kasese,2023-11-01,0.1699,30.0781,0.20000000000000104,30.100000000000016,291.68872,-0.0016353605,0001,10529.614022288868,0.827247341034288,19.0,0.0,1.0,0.10989882959730213,1.0000305189751728,0.0010074191,0.00032429397,294.30762,294.94824,295.083,295.4978,296.17505,3.999954221537241,0.46914673,0.45544434,0.40013123,0.37571716,89323.25,295.5183,0.0035594646,-0.35916233,-0.20132446
Kasese,2023-12-01,0.1699,30.0781,0.20000000000000104,30.100000000000016,291.45972,-0.002061985,0001,10529.614022288868,0.827247341034288,19.0,0.0,1.0,0.10989882959730213,1.0000305189751728,0.0014394745,0.00026287138,295.22974,295.77612,295.72485,295.6101,295.88965,3.999954221537241,0.4498291,0.44143677,0.40948486,0.3793335,89310.5,297.08032,0.0027134782,-0.42861938,-0.4110508
Kasese,2024-01-01,0.1699,30.0781,0.20000000000000104,30.100000000000016,291.2517,-0.0019873693,0001,10529.614022288868,0.827247341034288,19.0,0.0,1.0,0.10989882959730213,1.0000305189751728,0.00083489344,0.00011757016,296.17944,296.6084,296.49,296.20483,295.91602,3.999954221537241,0.43434143,0.4380951,0.39126587,0.37672424,89383.06,298.25073,0.0018777407,0.061392784,-0.061365128
Kasese,2024-02-01,0.1699,30.0781,0.20000000000000104,30.100000000000016,291.25122,-0.0017618942,0001,10529.614022288868,0.827247341034288,19.0,0.0,1.0,0.10989882959730213,1.0000305189751728,0.0003790632,0.00015841424,296.8369,297.29028,297.18213,296.83936,296.15454,3.999954221537241,0.3960266,0.39949036,0.37368774,0.3705902,89354.56,298.52173,0.0018494915,-0.18809319,-0.34320354
Kasese,2024-03-01,0.1699,30.0781,0.20000000000000104,30.100000000000016,290.8452,-0.0029919827,0001,10529.614022288868,0.827247341034288,19.0,0.0,1.0,0.10989882959730213,1.0000305189751728,0.00082527846,0.00016263127,297.56372,298.0476,297.92017,297.44824,296.50854,3.999954221537241,0.38464355,0.37556458,0.3691864,0.36714172,89281.375,299.3357,0.0038439438,-0.43392944,-0.18255234
Kasese,2024-04-01,0.1699,30.0781,0.20000000000000104,30.100000000000016,291.927,-0.0032484923,0001,10529.614022288868,0.827247341034288,19.0,0.0,1.0,0.10989882959730213,1.0000305189751728,0.0013447702,0.00028663874,295.92798,296.55103,296.59424,296.7915,296.75586,3.999954221537241,0.43803406,0.4172821,0.37753296,0.37086487,89285.44,297.48486,0.0057283947,-0.40701962,0.0903759
Kasese,2024-05-01,0.1699,30.0781,0.20000000000000104,30.100000000000016,291.45874,-0.0036234716,0001,10529.614022288868,0.827247341034288,19.0,0.0,1.0,0.10989882959730213,1.0000305189751728,0.0034170896,0.00032648444,295.7893,296.39868,296.41162,296.50854,296.7068,3.999954221537241,0.45721436,0.46406555,0.41407776,0.37675476,89377.56,298.00073,0.007964676,-0.38089657,0.11428261
Kasese,2024-06-01,0.1699,30.0781,0.20000000000000104,30.100000000000016,289.0376,-0.0035241125,0001,10529.614022288868,0.827247341034288,19.0,0.0,1.0,0.10989882959730213,1.0000305189751728,0.0018963292,0.0001784265,295.35693,295.98315,296.08154,296.354,296.63647,3.999954221537241,0.42929077,0.4414215,0.41833496,0.37594604,89434.81,298.136,0.0035268746,-0.4479332,0.013221741
Kasese,2024-07-01,0.1699,30.0781,0.20000000000000104,30.100000000000016,289.4973,-0.0028525991,0001,10529.614022288868,0.827247341034288,19.0,0.0,1.0,0.10989882959730213,1.0000305189751728,0.0007043928,0.00019153953,295.40332,295.95312,295.99243,296.0913,296.4536,3.999954221537241,0.3959198,0.39289856,0.38243103,0.369812,89452.375,297.23218,0.003256627,-0.21443081,0.08439922
Kasese,2024-08-01,0.1699,30.0781,0.20000000000000104,30.100000000000016,290.21655,-0.0030881092,0001,10529.614022288868,0.827247341034288,19.0,0.0,1.0,0.10989882959730213,1.0000305189751728,0.0011301488,0.00018770993,295.61548,296.146,296.13306,296.17456,296.32764,3.999954221537241,0.4250641,0.41212463,0.37789917,0.36549377,89416.94,297.00977,0.004684765,-0.31257153,0.0615139
Kasese,2024-09-01,0.1699,30.0781,0.20000000000000104,30.100000000000016,290.19434,-0.0031937184,0001,10529.614022288868,0.827247341034288,19.0,0.0,1.0,0.10989882959730213,1.0000305189751728,0.00060909986,0.00018195808,296.3474,296.823,296.7295,296.47607,296.30103,3.999954221537241,0.4064331,0.4024353,0.38360596,0.3637085,89340.375,297.74683,0.0032658821,-0.4639883,-0.025149345
Kasese,2024-10-01,0.1699,30.0781,0.20000000000000104,30.100000000000016,290.61328,-0.0032253312,0001,10529.614022288868,0.827247341034288,19.0,0.0,1.0,0.10989882959730213,1.0000305189751728,0.0010543987,0.00023695827,295.70288,296.2754,296.29736,296.40796,296.38818,3.999954221537241,0.43707275,0.4225464,0.38282776,0.3660431,89339.5,297.2251,0.0048477864,-0.39451027,-0.010625839
Kasese,2024-11-01,0.1699,30.0781,0.20000000000000104,30.100000000000016,290.95483,-0.0029520672,0001,10529.614022288868,0.827247341034288,19.0,0.0,1.0,0.10989882959730213,1.0000305189751728,0.00199195,0.00027383864,294.8291,295.4834,295.6184,295.96802,296.31567,3.999954221537241,0.44665527,0.43241882,0.38246155,0.37295532,89313.19,296.19336,0.0059202965,-0.45061398,-0.27908516
Kasese,2024-12-01,0.1699,30.0781,0.20000000000000104,30.100000000000016,290.187,-0.003268879,0001,10529.614022288868,0.827247341034288,19.0,0.0,1.0,0.10989882959730213,1.0000305189751728,0.0025152862,0.00017726421,295.16382,295.68213,295.66577,295.70898,296.10034,3.999954221537241,0.42271423,0.41966248,0.39035034,0.37446594,89319.875,296.87085,0.0046412344,-0.4141178,-0.5221529
Kasese,2025-01-01,0.1699,30.0781,0.20000000000000104,30.100000000000016,288.68115,-0.0024372116,0001,10529.614022288868,0.827247341034288,19.0,0.0,1.0,0.10989882959730213,1.0000305189751728,0.0011395365,8.921325e-05,297.03247,297.39307,297.17065,296.61206,296.0996,3.999954221537241,0.3405304,0.35766602,0.3640442,0.37120056,89221.125,298.8169,0.0018826058,-0.10252857,-0.279047
Kasese,2025-02-01,0.1699,30.0781,0.20000000000000104,30.100000000000016,288.1189,-0.00196781,0001,10529.614022288868,0.827247341034288,19.0,0.0,1.0,0.10989882959730213,1.0000305189751728,0.00042024255,8.606911e-05,299.1831,299.47852,299.0808,298.00098,296.5298,3.999954221537241,0.32133484,0.3327942,0.33598328,0.3651123,89126.0,300.12817,0.0013227491,-0.3411541,-0.44799423
Kasese,2025-03-01,0.1699,30.0781,0.20000000000000104,30.100000000000016,290.25317,-0.002290153,0001,10529.614022288868,0.827247341034288,19.0,0.0,1.0,0.10989882959730213,1.0000305189751728,0.00091499835,0.0001565814,297.9795,298.61157,298.6648,298.58838,297.2495,3.999954221537241,0.3655243,0.35835266,0.32795715,0.3597107,89209.125,298.8601,0.004987771,-0.2900095,-0.015411377
Kasese,2025-04-01,0.1699,30.0781,0.20000000000000104,30.100000000000016,291.3164,-0.0033470714,0001,10529.614022288868,0.827247341034288,19.0,0.0,1.0,0.10989882959730213,1.0000305189751728,0.0012188628,0.0002758056,295.3589,296.05322,296.1848,296.64185,297.32935,3.999954221537241,0.45004272,0.44779968,0.37916565,0.36203003,89274.19,297.04126,0.0057569533,-0.41176414,0.047164917
Kasese,2025-05-01,0.1699,30.0781,0.20000000000000104,30.100000000000016,290.7583,-0.0035021892,0005,10529.614022288868,0.827247341034288,19.0,0.0,1.0,0.10989882959730213,1.0000305189751728,0.0019171163,0.0002309084,295.35107,295.9812,296.0625,296.33032,296.9917,3.999954221537241,0.44207764,0.44128418,0.39753723,0.3682251,89424.625,297.4768,0.0057599843,-0.5503979,0.13702583
Kasese,2025-06-01,0.1699,30.0781,0.20000000000000104,30.100000000000016,289.09302,-0.0030924045,0005,10529.614022288868,0.827247341034288,19.0,0.0,1.0,0.10989882959730213,1.0000305189751728,0.0008150935,0.0001590699,295.17896,295.7544,295.8369,296.11133,296.7085,3.999954221537241,0.40672302,0.41516113,0.39085388,0.36643982,89493.69,297.74316,0.002429409,-0.46988583,0.1108942
