city,date,geopotential_height,high_vegetation_cover,high_vegetation_type,lake_cover,land_sea_mask,low_vegetation_cover,low_vegetation_type,soil_type,target_latitude,target_longitude,grid_latitude,grid_longitude,total_precipitation,runoff,evaporation,dewpoint_temperature_2m,experiment_version,skin_reservoir_content,skin_temperature,soil_temperature_level1,soil_temperature_level2,soil_temperature_level3,soil_temperature_level4,soil_volume_water_content_level1,soil_volume_water_content_level2,soil_volume_water_content_level3,soil_volume_water_content_level4,surface_pressure,temperature_2m,u_component_wind_10m,v_component_wind_10m,rainfall_mm,rainfall_monthly_anomaly,rainfall_3month_avg,rainfall_6month_avg
Kabale,1981-01,17455.652201526806,0.9086567073077686,19.0,0.0,1.0,0.0186623533181755,1.0000305189751728,2.000030518975173,-1.242,29.9856,-1.0,30.00000000000001,0.0041478006,0.0015792623,-0.0036827372,286.5813,1.0,0.00016027689,292.1626,292.77026,292.75708,292.74854,292.86963,0.41255188,0.41325378,0.41101074,0.4340515,82998.56,291.77393,-0.43454838,0.094264984,72.68498,4.87883,88.49077186151757,88.3163223220681
Kabale,1981-02,17455.652201526806,0.9086567073077686,19.0,0.0,1.0,0.0186623533181755,1.0000305189751728,2.000030518975173,-1.242,29.9856,-1.0,30.00000000000001,0.0023305928,0.0008665174,-0.0036142375,285.90527,1.0,9.0673566e-05,293.33984,293.7666,293.6101,293.25464,292.91528,0.37243652,0.3674469,0.36521912,0.4248047,82932.56,293.04248,-0.44948673,-0.0087480545,55.15325,-25.72136,88.49077186151757,88.3163223220681
Kabale,1981-03,17455.652201526806,0.9086567073077686,19.0,0.0,1.0,0.0186623533181755,1.0000305189751728,2.000030518975173,-1.242,29.9856,-1.0,30.00000000000001,0.008259908,0.001740016,-0.0032739006,288.15186,1.0,0.00023114681,292.83472,293.47437,293.51904,293.54346,293.19727,0.4259796,0.42407227,0.38839722,0.41664124,82955.44,292.1079,0.058455467,0.23186493,220.6107,91.81912,116.14964548746744,88.3163223220681
Kabale,1981-04,17455.652201526806,0.9086567073077686,19.0,0.0,1.0,0.0186623533181755,1.0000305189751728,2.000030518975173,-1.242,29.9856,-1.0,30.00000000000001,0.0119283395,0.0062154233,-0.0034671114,288.96265,1.0,0.00031024218,292.7295,293.36865,293.33813,293.28076,293.25146,0.441864,0.44573975,0.45606995,0.45046997,83000.94,291.85376,-0.40525055,0.49335575,171.96494,28.668732,149.2429631551107,88.3163223220681
Kabale,1981-05,17455.652201526806,0.9086567073077686,19.0,0.0,1.0,0.0186623533181755,1.0000305189751728,2.000030518975173,-1.242,29.9856,-1.0,30.00000000000001,0.00805434,0.007065758,-0.0033386126,288.24292,1.0,0.00024235249,292.26416,292.9026,292.93896,293.06006,293.23633,0.4209137,0.42687988,0.42799377,0.46144104,83065.875,291.6665,-0.6983452,0.81762886,128.3138,20.31755,173.62981160481772,88.3163223220681
Kabale,1981-06,17455.652201526806,0.9086567073077686,19.0,0.0,1.0,0.0186623533181755,1.0000305189751728,2.000030518975173,-1.242,29.9856,-1.0,30.00000000000001,0.004960937,0.0037881583,-0.0032421565,286.05566,1.0,0.00010281801,292.13306,292.6809,292.71875,292.83984,293.094,0.35766602,0.37319946,0.3887024,0.4468994,83153.81,292.08765,-0.72064686,1.0898361,26.464674,-3.031454,108.9144687652588,112.53205712636311
Kabale,1981-07,17455.652201526806,0.9086567073077686,19.0,0.0,1.0,0.0186623533181755,1.0000305189751728,2.000030518975173,-1.242,29.9856,-1.0,30.00000000000001,0.003691674,0.0010182261,-0.0030603074,285.448,1.0,0.00015464425,292.38208,292.89917,292.88818,292.9048,292.98462,0.38227844,0.35923767,0.33970642,0.43006897,83104.75,292.2661,-0.3667183,0.6450863,4.0816336,-11.885459,52.95336818695069,101.09816567103069
Kabale,1981-08,17455.652201526806,0.9086567073077686,19.0,0.0,1.0,0.0186623533181755,1.0000305189751728,2.000030518975173,-1.242,29.9856,-1.0,30.00000000000001,0.00741833,0.0015940219,-0.0031648958,286.86475,1.0,0.0002233535,292.46655,293.06348,293.06958,293.0454,292.99414,0.426651,0.42530823,0.38716125,0.42008972,83068.81,291.91992,-0.35212135,0.4965105,78.55061,31.153824,36.36564032236735,104.99772596359252
Kabale,1981-09,17455.652201526806,0.9086567073077686,19.0,0.0,1.0,0.0186623533181755,1.0000305189751728,2.000030518975173,-1.242,29.9856,-1.0,30.00000000000001,0.011389214,0.0053766742,-0.0033303872,287.3479,1.0,0.00019934773,292.2307,292.82178,292.7859,292.75977,292.9099,0.42533875,0.43330383,0.4441681,0.43545532,83057.625,291.4619,-0.29653645,0.45873165,87.35704,-13.456917,56.663095792134605,82.7887822786967
Kabale,1981-10,17455.652201526806,0.9086567073077686,19.0,0.0,1.0,0.0186623533181755,1.0000305189751728,2.000030518975173,-1.242,29.9856,-1.0,30.00000000000001,0.011210425,0.00926736,-0.003327188,287.84448,1.0,0.00021235645,292.2085,292.89648,292.9402,293.0276,292.96753,0.42851257,0.43528748,0.41828918,0.4577942,83000.31,291.3562,-0.568347,0.45440197,120.89037,-4.045471,95.5993423461914,74.27635526657104
Kabale,1981-11,17455.652201526806,0.9086567073077686,19.0,0.0,1.0,0.0186623533181755,1.0000305189751728,2.000030518975173,-1.242,29.9856,-1.0,30.00000000000001,0.004935873,0.0024229959,-0.0034231339,287.21777,1.0,0.00016185641,292.09375,292.729,292.7495,292.8186,292.91675,0.42469788,0.42861938,0.417984,0.44487,82977.94,291.39062,-0.45540905,0.25872707,71.582756,-51.99547,93.27672322591144,64.8211817741394
Kabale,1981-12,17455.652201526806,0.9086567073077686,19.0,0.0,1.0,0.0186623533181755,1.0000305189751728,2.000030518975173,-1.242,29.9856,-1.0,30.00000000000001,0.0047355136,0.0015799478,-0.0035031168,287.17578,1.0,0.00022400916,291.9585,292.5874,292.5901,292.61768,292.80444,0.4288025,0.43174744,0.41740417,0.4371338,83007.125,291.46338,-0.551074,0.19178677,83.85451,-5.461426,92.10921223958331,74.38615401585896
Kabale,1982-01,17455.652201526806,0.9086567073077686,19.0,0.0,1.0,0.0186623533181755,1.0000305189751728,2.000030518975173,-1.242,29.9856,-1.0,30.00000000000001,0.005081621,0.0016326383,-0.0036027012,287.13745,1.0,0.00022098422,292.1792,292.79346,292.7766,292.7461,292.75342,0.4274292,0.43118286,0.42733765,0.4345703,82947.875,291.6338,-0.29718876,0.021136284,48.89745,-18.908703,68.11157099405925,81.85545667012532
Kabale,1982-02,17455.652201526806,0.9086567073077686,19.0,0.0,1.0,0.0186623533181755,1.0000305189751728,2.000030518975173,-1.242,29.9856,-1.0,30.00000000000001,0.003522257,0.0014541857,-0.0037011718,286.2898,1.0,0.00014834106,292.9839,293.50244,293.42017,293.17725,292.84814,0.4055481,0.40350342,0.41075134,0.43281555,82919.94,292.71362,-0.120651245,-0.040789604,55.163193,-25.711418,62.63838322957357,77.95755322774251
Kabale,1982-03,17455.652201526806,0.9086567073077686,19.0,0.0,1.0,0.0186623533181755,1.0000305189751728,2.000030518975173,-1.242,29.9856,-1.0,30.00000000000001,0.0043326537,0.0011006221,-0.0036924668,286.896,1.0,0.00016656518,293.2478,293.77808,293.68628,293.4414,293.04688,0.40722656,0.39842224,0.37467957,0.42453003,82917.44,292.81763,-0.6867666,0.5035019,108.570786,-20.220795,70.87714258829753,81.49317741394043
Kabale,1982-04,17455.652201526806,0.9086567073077686,19.0,0.0,1.0,0.0186623533181755,1.0000305189751728,2.000030518975173,-1.242,29.9856,-1.0,30.00000000000001,0.011410337,0.00454583,-0.0033542975,288.50464,1.0,0.00028172135,292.67432,293.32202,293.3606,293.4453,293.25854,0.43641663,0.43807983,0.4147644,0.42147827,82992.94,292.07642,-0.59174633,0.6246071,182.90085,39.604645,115.54494222005208,91.82825660705566
Kabale,1982-05,17455.652201526806,0.9086567073077686,19.0,0.0,1.0,0.0186623533181755,1.0000305189751728,2.000030518975173,-1.242,29.9856,-1.0,30.00000000000001,0.007150338,0.0044004396,-0.0032806145,288.24487,1.0,0.00021919608,292.10132,292.73145,292.7881,292.9663,293.2268,0.42523193,0.42616272,0.43754578,0.4510193,83060.19,291.6272,-0.81858635,0.9344053,131.46486,23.468613,140.97883097330728,101.80860710144044
Kabale,1982-06,17455.652201526806,0.9086567073077686,19.0,0.0,1.0,0.0186623533181755,1.0000305189751728,2.000030518975173,-1.242,29.9856,-1.0,30.00000000000001,0.0013565617,0.0019662231,-0.003177612,285.99463,1.0,7.0527196e-05,292.19946,292.7224,292.76758,292.89404,293.0669,0.35661316,0.37309265,0.38708496,0.4427948,83182.81,292.0869,-0.9183569,1.1613264,57.225204,27.729076,123.86363728841144,97.37038993835448
Kabale,1982-07,17455.652201526806,0.9086567073077686,19.0,0.0,1.0,0.0186623533181755,1.0000305189751728,2.000030518975173,-1.242,29.9856,-1.0,30.00000000000001,0.0004686368,0.0008175671,-0.0021182569,283.4756,1.0,2.2053719e-05,292.97095,293.3589,293.24463,293.0332,292.99048,0.23672485,0.27078247,0.32598877,0.4259491,83118.875,292.594,-0.94986916,1.1781034,2.4526713,-13.514421,63.71424492200216,89.62959357102712
Kabale,1982-08,17455.652201526806,0.9086567073077686,19.0,0.0,1.0,0.0186623533181755,1.0000305189751728,2.000030518975173,-1.242,29.9856,-1.0,30.00000000000001,0.0016842805,0.00043242425,-0.0024005864,285.06543,1.0,5.8457255e-05,293.27075,293.69165,293.61157,293.38257,293.10962,0.30018616,0.28779602,0.29937744,0.4107666,83105.94,292.49,-0.7652378,0.79489136,0.0,-47.39679,19.892625252405804,80.43572811285655
Kabale,1982-09,17455.652201526806,0.9086567073077686,19.0,0.0,1.0,0.0186623533181755,1.0000305189751728,2.000030518975173,-1.242,29.9856,-1.0,30.00000000000001,0.005556206,0.0005225241,-0.002891725,286.9319,1.0,0.0001873225,293.03882,293.6931,293.7351,293.76367,293.3584,0.37120056,0.33795166,0.2966919,0.39845276,83072.56,292.114,-0.7349014,0.5378189,130.27486,29.4609,44.242509285608925,84.05307328701019
Kabale,1982-10,17455.652201526806,0.9086567073077686,19.0,0.0,1.0,0.0186623533181755,1.0000305189751728,2.000030518975173,-1.242,29.9856,-1.0,30.00000000000001,0.007497264,0.0011553839,-0.003200681,287.30298,1.0,0.00021357834,291.6499,292.34082,292.4087,292.69238,293.25195,0.42427063,0.42616272,0.37931824,0.3930664,82985.44,290.98804,-0.4187832,0.4011917,127.14095,2.2051086,85.80526987711589,74.75975739955902
Kabale,1982-11,17455.652201526806,0.9086567073077686,19.0,0.0,1.0,0.0186623533181755,1.0000305189751728,2.000030518975173,-1.242,29.9856,-1.0,30.00000000000001,0.009014864,0.0024834871,-0.003304604,287.88354,1.0,0.00028406084,291.83252,292.55713,292.61865,292.78003,293.02295,0.44200134,0.44818115,0.45387268,0.42590332,83001.44,290.98682,-0.062184334,0.03413582,145.8264,22.248177,134.41407012939453,77.15334769090016
Kabale,1982-12,17455.652201526806,0.9086567073077686,19.0,0.0,1.0,0.0186623533181755,1.0000305189751728,2.000030518975173,-1.242,29.9856,-1.0,30.00000000000001,0.0053567346,0.0032258853,-0.0035174536,287.6626,1.0,0.00026103854,292.11865,292.72144,292.67432,292.62134,292.83105,0.43400574,0.43675232,0.4419098,0.45014954,83029.44,291.48633,-0.21291065,-0.12321758,84.57436,-4.7415695,119.18057250976562,81.71154089768727
Kabale,1983-01,17455.652201526806,0.9086567073077686,19.0,0.0,1.0,0.0186623533181755,1.0000305189751728,2.000030518975173,-1.242,29.9856,-1.0,30.00000000000001,0.0026200754,0.0017700791,-0.0035496494,286.77173,1.0,0.00013636053,292.75854,293.2627,293.19067,293.01807,292.84302,0.39660645,0.39683533,0.39242554,0.4409027,83075.125,292.44385,-0.116259575,-0.18373775,18.184956,-49.621197,82.86190668741862,84.33358828226726
Kabale,1983-02,17455.652201526806,0.9086567073077686,19.0,0.0,1.0,0.0186623533181755,1.0000305189751728,2.000030518975173,-1.242,29.9856,-1.0,30.00000000000001,0.0035985885,0.0011797473,-0.0035436852,287.3186,1.0,9.942055e-05,294.18652,294.60425,294.42236,293.9087,293.12524,0.36735535,0.37226868,0.3479004,0.42704773,83026.0,293.58936,-0.28674698,-0.061444283,54.88404,-25.99057,52.54778671264648,93.48092842102052
Kabale,1983-03,17455.652201526806,0.9086567073077686,19.0,0.0,1.0,0.0186623533181755,1.0000305189751728,2.000030518975173,-1.242,29.9856,-1.0,30.00000000000001,0.0052409046,0.0008822158,-0.0036164382,288.41577,1.0,0.00018589199,294.0874,294.63013,294.55566,294.26782,293.55518,0.4131317,0.40637207,0.36132812,0.41603088,83011.625,293.43604,-0.6234894,0.35820198,113.88745,-14.904129,62.31881586710612,90.74969418843588
Kabale,1983-04,17455.652201526806,0.9086567073077686,19.0,0.0,1.0,0.0186623533181755,1.0000305189751728,2.000030518975173,-1.242,29.9856,-1.0,30.00000000000001,0.0075874515,0.0015885308,-0.0035753632,288.83203,1.0,0.00023598969,293.22925,293.8916,293.91553,293.98096,293.83252,0.43559265,0.44044495,0.4124298,0.41333008,83022.81,292.68433,-0.7365055,0.78453255,158.34573,15.04953,109.03907521565756,95.95049095153809
Kabale,1983-05,17455.652201526806,0.9086567073077686,19.0,0.0,1.0,0.0186623533181755,1.0000305189751728,2.000030518975173,-1.242,29.9856,-1.0,30.00000000000001,0.0031692022,0.0013475195,-0.0034700483,288.2256,1.0,0.000115305185,292.96484,293.5398,293.5774,293.6836,293.81836,0.40170288,0.40950012,0.42248535,0.42559814,83034.69,292.6162,-1.044424,1.2620487,63.526108,-44.47014,111.91976420084636,82.23377545674641
Kabale,1983-06,17455.652201526806,0.9086567073077686,19.0,0.0,1.0,0.0186623533181755,1.0000305189751728,2.000030518975173,-1.242,29.9856,-1.0,30.00000000000001,0.002016208,0.0007454008,-0.0031094775,286.4077,1.0,0.000116214156,292.57007,293.11597,293.1809,293.37036,293.66968,0.34848022,0.3484497,0.36579895,0.41841125,83114.5,292.58936,-0.7164087,1.0143557,5.0080175,-24.48811,75.62661965688069,68.97271776199341
Kabale,1983-07,17455.652201526806,0.9086567073077686,19.0,0.0,1.0,0.0186623533181755,1.0000305189751728,2.000030518975173,-1.242,29.9856,-1.0,30.00000000000001,0.0018643143,0.00047948956,-0.0027857358,285.3474,1.0,7.867813e-05,292.58643,293.07788,293.10742,293.21313,293.49023,0.3382721,0.3403473,0.33381653,0.4079895,83107.44,292.47583,-0.756444,0.9156866,15.096383,-0.8707094,27.87683614095052,68.45795567830403
Kabale,1983-08,17455.652201526806,0.9086567073077686,19.0,0.0,1.0,0.0186623533181755,1.0000305189751728,2.000030518975173,-1.242,29.9856,-1.0,30.00000000000001,0.0055306074,0.0007852465,-0.002973794,286.77222,1.0,0.00014787912,292.65723,293.20337,293.2063,293.26733,293.39453,0.40400696,0.39543152,0.34947205,0.3991394,83156.06,292.11157,-0.18187618,0.59874725,74.97608,27.579292,31.69349416097005,71.8066291809082
Kabale,1983-09,17455.652201526806,0.9086567073077686,19.0,0.0,1.0,0.0186623533181755,1.0000305189751728,2.000030518975173,-1.242,29.9856,-1.0,30.00000000000001,0.0050104707,0.0007379502,-0.0033228435,287.12085,1.0,0.00014448166,292.66895,293.24194,293.22363,293.20972,293.30737,0.4195099,0.42131042,0.40182495,0.39637756,83074.19,291.97046,-0.4639902,0.5564041,133.98082,33.166862,74.68442821502686,75.15552393595378
Kabale,1983-10,17455.652201526806,0.9086567073077686,19.0,0.0,1.0,0.0186623533181755,1.0000305189751728,2.000030518975173,-1.242,29.9856,-1.0,30.00000000000001,0.009834572,0.0031145588,-0.0032546008,287.88623,1.0,0.00026623905,292.05664,292.7744,292.84326,293.02612,293.23975,0.43789673,0.44857788,0.45185852,0.42384338,83037.19,291.15332,-0.19665718,0.31939888,146.45926,21.523415,118.47205352783205,73.17444483439128
Kabale,1983-11,17455.652201526806,0.9086567073077686,19.0,0.0,1.0,0.0186623533181755,1.0000305189751728,2.000030518975173,-1.242,29.9856,-1.0,30.00000000000001,0.007445486,0.003799595,-0.0034355326,287.45117,1.0,0.00021801889,291.96558,292.68237,292.73218,292.8601,293.08594,0.43644714,0.4433136,0.44906616,0.44725037,83111.625,291.1975,-0.2963009,0.18567657,99.91798,-23.660248,126.78601837158205,79.23975626627605
Kabale,1983-12,17455.652201526806,0.9086567073077686,19.0,0.0,1.0,0.0186623533181755,1.0000305189751728,2.000030518975173,-1.242,29.9856,-1.0,30.00000000000001,0.005461633,0.002926845,-0.0032093422,286.93115,1.0,0.00021547079,291.20044,291.87695,291.96948,292.2732,292.84497,0.431015,0.43629456,0.42741394,0.44728088,83046.0,290.7107,0.062382698,0.072006226,88.65149,-0.66444397,111.6762415568034,93.18033488591512
Kabale,1984-01,17455.652201526806,0.9086567073077686,19.0,0.0,1.0,0.0186623533181755,1.0000305189751728,2.000030518975173,-1.242,29.9856,-1.0,30.00000000000001,0.0034574778,0.0017750487,-0.0034730518,285.86084,1.0,0.00017620623,291.48706,292.07886,292.08447,292.167,292.5415,0.4080658,0.41607666,0.42367554,0.44033813,82932.75,291.11523,0.37544346,-0.26248837,56.704155,-11.101997,81.75787353515625,100.11496353149414
Kabale,1984-02,17455.652201526806,0.9086567073077686,19.0,0.0,1.0,0.0186623533181755,1.0000305189751728,2.000030518975173,-1.242,29.9856,-1.0,30.00000000000001,0.0046098283,0.0012788102,-0.0037517548,286.2556,1.0,0.0001912266,292.57788,293.14355,293.04395,292.76367,292.48462,0.40620422,0.39634705,0.38468933,0.4320526,82837.94,292.07397,-0.2129898,0.0034704208,77.35082,-3.5237885,74.23548889160156,100.5107536315918
Kabale,1984-03,17455.652201526806,0.9086567073077686,19.0,0.0,1.0,0.0186623533181755,1.0000305189751728,2.000030518975173,-1.242,29.9856,-1.0,30.00000000000001,0.0056962622,0.0014487356,-0.0034991866,287.18018,1.0,0.00015640259,292.36646,292.98315,292.98804,292.979,292.70093,0.41784668,0.42268372,0.4007721,0.42401123,82884.5,291.9419,-0.69643784,0.7858572,153.50687,24.715286,95.85394795735677,103.76509475708008
Kabale,1984-04,17455.652201526806,0.9086567073077686,19.0,0.0,1.0,0.0186623533181755,1.0000305189751728,2.000030518975173,-1.242,29.9856,-1.0,30.00000000000001,0.0070462003,0.002377428,-0.003546914,287.94946,1.0,0.0002374649,292.25293,292.86646,292.84546,292.812,292.77246,0.4287262,0.43519592,0.4394226,0.4328766,82946.75,291.70264,-0.7740164,1.0284929,190.06435,46.768143,140.30734507242838,111.03260930379231
Kabale,1984-05,17455.652201526806,0.9086567073077686,19.0,0.0,1.0,0.0186623533181755,1.0000305189751728,2.000030518975173,-1.242,29.9856,-1.0,30.00000000000001,0.0014669033,0.0014350042,-0.0035032993,286.25,1.0,9.775162e-05,292.49536,293.0161,293.0105,292.9546,292.84033,0.3692627,0.38008118,0.3884735,0.4342804,82967.81,292.34692,-1.1215248,1.3692083,64.29604,-43.700203,135.95575205485025,105.0956204732259
Kabale,1984-06,17455.652201526806,0.9086567073077686,19.0,0.0,1.0,0.0186623533181755,1.0000305189751728,2.000030518975173,-1.242,29.9856,-1.0,30.00000000000001,9.494036e-05,0.0006807968,-0.0021637557,283.12378,1.0,2.5331974e-06,292.79883,293.20068,293.1167,292.9944,292.8767,0.22177124,0.27394104,0.3298645,0.41975403,83096.81,292.59497,-1.2043133,1.4565153,3.8647575,-25.63137,86.07504908243816,90.96449851989746
Kabale,1984-07,17455.652201526806,0.9086567073077686,19.0,0.0,1.0,0.0186623533181755,1.0000305189751728,2.000030518975173,-1.242,29.9856,-1.0,30.00000000000001,0.0017601246,0.00037145615,-0.0019441042,283.98828,1.0,5.733967e-05,292.76025,293.24316,293.2473,293.23413,293.0266,0.25769043,0.26174927,0.29753113,0.40544128,83040.625,292.11035,-0.87054443,1.0135498,57.122757,41.155663,41.76118596394857,91.03426551818848
Kabale,1984-08,17455.652201526806,0.9086567073077686,19.0,0.0,1.0,0.0186623533181755,1.0000305189751728,2.000030518975173,-1.242,29.9856,-1.0,30.00000000000001,0.004558723,0.00044739246,-0.0025648726,285.91675,1.0,0.000119909644,292.8955,293.39038,293.34863,293.21118,293.06958,0.34210205,0.3206482,0.28881836,0.39390564,83081.125,292.0537,-0.5768938,0.7097359,63.46499,16.0682,41.4841677347819,88.71995989481609
Kabale,1984-09,17455.652201526806,0.9086567073077686,19.0,0.0,1.0,0.0186623533181755,1.0000305189751728,2.000030518975173,-1.242,29.9856,-1.0,30.00000000000001,0.0069586933,0.0017505735,-0.003251681,286.6726,1.0,0.00016705692,292.01514,292.65894,292.71118,292.87695,293.08008,0.42077637,0.42401123,0.40785217,0.39205933,83001.375,291.26367,-0.39232063,0.5409069,69.06202,-31.751938,63.21658833821615,74.64581871032715
Kabale,1984-10,17455.652201526806,0.9086567073077686,19.0,0.0,1.0,0.0186623533181755,1.0000305189751728,2.000030518975173,-1.242,29.9856,-1.0,30.00000000000001,0.008400104,0.00229384,-0.0032011233,287.5078,1.0,0.00022287667,291.78662,292.4397,292.48682,292.64722,292.92505,0.43203735,0.4394226,0.4466095,0.4211731,83005.69,291.08423,-0.6737566,0.57697487,121.51766,-3.4181824,84.68155670166016,63.22137133280436
Kabale,1984-11,17455.652201526806,0.9086567073077686,19.0,0.0,1.0,0.0186623533181755,1.0000305189751728,2.000030518975173,-1.242,29.9856,-1.0,30.00000000000001,0.009006263,0.003991656,-0.0030536912,287.6731,1.0,0.0002824515,291.08936,291.8003,291.8772,292.13135,292.6631,0.43458557,0.44348145,0.45307922,0.445755,82998.19,290.29932,-0.19159222,0.2730236,113.64488,-9.933342,101.40818786621094,71.44617780049641
Kabale,1984-12,17455.652201526806,0.9086567073077686,19.0,0.0,1.0,0.0186623533181755,1.0000305189751728,2.000030518975173,-1.242,29.9856,-1.0,30.00000000000001,0.006649801,0.0046490356,-0.0033634035,287.18848,1.0,0.0002670437,291.35278,292.04053,292.0774,292.19043,292.4392,0.42964172,0.43371582,0.43962097,0.45681763,82909.625,290.63696,-0.23336792,0.055324554,70.566376,-18.749557,101.9096399943034,82.56311416625977
Kabale,1985-01,17455.652201526806,0.9086567073077686,19.0,0.0,1.0,0.0186623533181755,1.0000305189751728,2.000030518975173,-1.242,29.9856,-1.0,30.00000000000001,0.004561437,0.002215553,-0.003453943,286.85205,1.0,0.00016383827,292.15283,292.7046,292.6443,292.48657,292.36816,0.38781738,0.38427734,0.36849976,0.4427185,82895.375,291.60986,-0.5591841,0.23136711,31.607018,-36.199135,71.93942515055339,78.31049092610677
Kabale,1985-02,17455.652201526806,0.9086567073077686,19.0,0.0,1.0,0.0186623533181755,1.0000305189751728,2.000030518975173,-1.242,29.9856,-1.0,30.00000000000001,0.0032413383,0.0012018457,-0.003262464,286.3269,1.0,0.00012345612,292.25415,292.74487,292.6831,292.52417,292.41943,0.3869934,0.39494324,0.39953613,0.43095398,82919.625,291.67676,0.7495718,-0.21190071,88.30553,7.430916,63.49297332763672,82.45058059692383
Kabale,1985-03,17455.652201526806,0.9086567073077686,19.0,0.0,1.0,0.0186623533181755,1.0000305189751728,2.000030518975173,-1.242,29.9856,-1.0,30.00000000000001,0.006347147,0.0015156418,-0.003250366,287.53687,1.0,0.00018961728,292.29468,292.90088,292.91968,292.91382,292.58447,0.41378784,0.4181366,0.39439392,0.4234619,82893.69,291.7815,-0.5806608,0.5121927,119.48684,-9.304741,79.79979451497395,90.85471725463869
Kabale,1985-04,17455.652201526806,0.9086567073077686,19.0,0.0,1.0,0.0186623533181755,1.0000305189751728,2.000030518975173,-1.242,29.9856,-1.0,30.00000000000001,0.011028887,0.005926773,-0.0031025712,288.4485,1.0,0.00031796098,291.66333,292.2954,292.29883,292.38843,292.61768,0.43830872,0.44717407,0.45654297,0.45065308,82961.0,290.80957,-0.31136322,0.42033958,212.4674,69.1712,140.0865910847982,106.01300811767578
Kabale,1985-05,17455.652201526806,0.9086567073077686,19.0,0.0,1.0,0.0186623533181755,1.0000305189751728,2.000030518975173,-1.242,29.9856,-1.0,30.00000000000001,0.004334355,0.0037114173,-0.0031635212,287.66235,1.0,0.00020284951,291.61182,292.18262,292.2102,292.3047,292.49,0.41648865,0.42092896,0.41281128,0.45350647,83022.19,291.13354,-0.84422684,1.0917969,79.64066,-28.355583,137.19830322265625,100.34563827514648
Kabale,1985-06,17455.652201526806,0.9086567073077686,19.0,0.0,1.0,0.0186623533181755,1.0000305189751728,2.000030518975173,-1.242,29.9856,-1.0,30.00000000000001,0.002989863,0.0015312135,-0.0030380962,285.7815,1.0,0.00014223158,291.19556,291.77515,291.87695,292.13574,292.38745,0.3895874,0.38809204,0.36531067,0.43804932,83178.0,291.13672,-0.53903866,0.9114895,31.413572,1.9174442,107.84054756164552,93.82017103830974
Kabale,1985-07,17455.652201526806,0.9086567073077686,19.0,0.0,1.0,0.0186623533181755,1.0000305189751728,2.000030518975173,-1.242,29.9856,-1.0,30.00000000000001,0.0022176402,0.00092191994,-0.0028080689,284.13428,1.0,6.876886e-05,291.02026,291.5078,291.5227,291.6433,292.11597,0.353302,0.357193,0.34451294,0.42434692,83118.69,290.95605,-0.7372818,1.0097351,9.713839,-6.253254,40.25602467854818,90.17130788167316
Kabale,1985-08,17455.652201526806,0.9086567073077686,19.0,0.0,1.0,0.0186623533181755,1.0000305189751728,2.000030518975173,-1.242,29.9856,-1.0,30.00000000000001,0.0006592423,0.00045278668,-0.0023301505,283.8921,1.0,2.899766e-05,292.24048,292.60962,292.49902,292.21655,292.02002,0.27790833,0.30119324,0.32278442,0.4121399,83099.625,291.739,-1.0093851,1.0371332,0.10123083,-47.29556,13.74288057287534,75.4705918977658
Kabale,1985-09,17455.652201526806,0.9086567073077686,19.0,0.0,1.0,0.0186623533181755,1.0000305189751728,2.000030518975173,-1.242,29.9856,-1.0,30.00000000000001,0.007506675,0.0012040734,-0.003013702,286.99,1.0,0.00020234287,291.70557,292.33057,292.34717,292.37256,292.18115,0.40992737,0.3983307,0.3425598,0.40231323,83006.125,290.8777,-0.5297899,0.64494324,118.964806,18.150848,42.926625003417335,75.38358628253143
Kabale,1985-10,17455.652201526806,0.9086567073077686,19.0,0.0,1.0,0.0186623533181755,1.0000305189751728,2.000030518975173,-1.242,29.9856,-1.0,30.00000000000001,0.0056861346,0.0010027662,-0.003101415,287.33984,1.0,0.00020232797,291.62183,292.19702,292.2002,292.20532,292.21558,0.4275055,0.43154907,0.4164276,0.4021454,82979.375,290.93457,-0.67844963,0.6702757,194.64604,69.7102,104.57069276769955,72.41335872312386
Kabale,1985-11,17455.652201526806,0.9086567073077686,19.0,0.0,1.0,0.0186623533181755,1.0000305189751728,2.000030518975173,-1.242,29.9856,-1.0,30.00000000000001,0.008601981,0.0034691691,-0.003095705,287.53687,1.0,0.00021924078,291.31616,291.92285,291.93823,292.02026,292.1631,0.43167114,0.4383545,0.44795227,0.4308777,82995.56,290.65186,-0.46305084,0.44528866,135.54594,11.96772,149.71893056233725,81.73090556760629
Kabale,1985-12,17455.652201526806,0.9086567073077686,19.0,0.0,1.0,0.0186623533181755,1.0000305189751728,2.000030518975173,-1.242,29.9856,-1.0,30.00000000000001,0.0062992265,0.002851922,-0.0032372326,287.44067,1.0,0.00022992492,291.35718,291.98145,291.98633,292.0171,292.09692,0.4320526,0.4367981,0.4432068,0.44612122,82950.375,290.71777,-0.3178568,0.19730568,68.77612,-20.53981,132.98936971028647,87.95799735685189
Kabale,1986-01,17455.652201526806,0.9086567073077686,19.0,0.0,1.0,0.0186623533181755,1.0000305189751728,2.000030518975173,-1.242,29.9856,-1.0,30.00000000000001,0.0023342157,0.0017756745,-0.003409409,286.83276,1.0,0.0001295209,292.042,292.54077,292.4607,292.28198,292.10425,0.39364624,0.39234924,0.40509033,0.441391,82987.375,291.51318,0.106731415,-0.022244453,79.19809,11.391937,94.50671895345052,99.53870586057504
Kabale,1986-02,17455.652201526806,0.9086567073077686,19.0,0.0,1.0,0.0186623533181755,1.0000305189751728,2.000030518975173,-1.242,29.9856,-1.0,30.00000000000001,0.0049386024,0.0011591911,-0.0035176957,286.80884,1.0,0.00018176436,292.219,292.79688,292.74902,292.57544,292.2749,0.41911316,0.41407776,0.37696838,0.43006897,82914.31,291.69336,-0.22687244,0.26940536,121.99498,41.12037,89.98973083496094,119.8543306986491
Kabale,1986-03,17455.652201526806,0.9086567073077686,19.0,0.0,1.0,0.0186623533181755,1.0000305189751728,2.000030518975173,-1.242,29.9856,-1.0,30.00000000000001,0.0059494013,0.0012621358,-0.0034836475,287.4348,1.0,0.00019785762,292.19482,292.7932,292.75732,292.66577,292.4314,0.4351349,0.43777466,0.41323853,0.42468262,82919.25,291.656,-0.41172886,0.49761295,114.683876,-14.107704,105.29231516520184,119.14084243774414
Kabale,1986-04,17455.652201526806,0.9086567073077686,19.0,0.0,1.0,0.0186623533181755,1.0000305189751728,2.000030518975173,-1.242,29.9856,-1.0,30.00000000000001,0.013546112,0.0069853514,-0.0031604841,288.72144,1.0,0.00032892823,292.02124,292.65552,292.6648,292.68237,292.55176,0.4389801,0.44451904,0.45225525,0.44473267,82962.31,291.2539,-0.5627165,0.6840639,197.44417,54.147964,144.70767466227213,119.60719680786131
Kabale,1986-05,17455.652201526806,0.9086567073077686,19.0,0.0,1.0,0.0186623533181755,1.0000305189751728,2.000030518975173,-1.242,29.9856,-1.0,30.00000000000001,0.005368772,0.00547339,-0.003302956,288.21533,1.0,0.00020287931,291.94995,292.55396,292.573,292.6267,292.61987,0.42730713,0.4324646,0.41671753,0.45880127,83073.875,291.37524,-1.0047026,1.1653204,91.45615,-16.5401,134.52806345621744,112.2588971455892
Kabale,1986-06,17455.652201526806,0.9086567073077686,19.0,0.0,1.0,0.0186623533181755,1.0000305189751728,2.000030518975173,-1.242,29.9856,-1.0,30.00000000000001,0.0021035317,0.0015945211,-0.0031011058,286.08374,1.0,0.00012521446,291.45874,292.01855,292.06787,292.219,292.5078,0.38194275,0.38027954,0.35876465,0.4398651,83103.5,291.25513,-0.43634796,0.94707775,17.486483,-12.009645,102.12893231709798,103.7106237411499
Kabale,1986-07,17455.652201526806,0.9086567073077686,19.0,0.0,1.0,0.0186623533181755,1.0000305189751728,2.000030518975173,-1.242,29.9856,-1.0,30.00000000000001,0.0028298104,0.00075992197,-0.0028222343,284.53833,1.0,0.00010155141,291.76074,292.2876,292.2871,292.29785,292.39038,0.34246826,0.33859253,0.3266449,0.42359924,83205.5,291.5415,-0.5466509,0.8064432,9.0515175,-6.915575,39.33138211568197,92.01952838897704
Kabale,1986-08,17455.652201526806,0.9086567073077686,19.0,0.0,1.0,0.0186623533181755,1.0000305189751728,2.000030518975173,-1.242,29.9856,-1.0,30.00000000000001,0.0015249606,0.0004370436,-0.0029505529,284.99316,1.0,6.632507e-05,293.04932,293.4104,293.22778,292.78613,292.40796,0.3459015,0.34629822,0.31932068,0.41079712,83074.81,292.57617,-0.8642731,0.6840553,11.104812,-36.291977,12.547603925069174,73.53783369064331
Kabale,1986-09,17455.652201526806,0.9086567073077686,19.0,0.0,1.0,0.0186623533181755,1.0000305189751728,2.000030518975173,-1.242,29.9856,-1.0,30.00000000000001,0.006589971,0.0010638982,-0.0030941349,286.9348,1.0,0.00018563867,292.29224,292.89746,292.91943,292.9519,292.67236,0.40942383,0.3978424,0.34544373,0.40116882,83099.94,291.5647,-0.47755718,0.5553131,115.02609,14.212135,45.06080722808838,73.59486977259319
Kabale,1986-10,17455.652201526806,0.9086567073077686,19.0,0.0,1.0,0.0186623533181755,1.0000305189751728,2.000030518975173,-1.242,29.9856,-1.0,30.00000000000001,0.008413036,0.0016812533,-0.0033551687,287.4873,1.0,0.00021857023,292.33252,292.96533,292.97046,292.95093,292.80054,0.42677307,0.433136,0.42184448,0.40704346,83026.375,291.6272,-0.31099987,0.24588966,119.90068,-5.035164,82.01052824656169,60.67095518112183
Kabale,1986-11,17455.652201526806,0.9086567073077686,19.0,0.0,1.0,0.0186623533181755,1.0000305189751728,2.000030518975173,-1.242,29.9856,-1.0,30.00000000000001,0.0112500815,0.006734967,-0.003205306,287.7732,1.0,0.00021526217,291.6189,292.32104,292.39282,292.57764,292.7793,0.43321228,0.44078064,0.4512787,0.44786072,82970.5,290.9148,-0.5659027,0.40252876,113.58922,-9.989006,116.1719970703125,64.35980049769084
Kabale,1986-12,17455.652201526806,0.9086567073077686,19.0,0.0,1.0,0.0186623533181755,1.0000305189751728,2.000030518975173,-1.242,29.9856,-1.0,30.00000000000001,0.006991721,0.0037867203,-0.0032138973,287.87134,1.0,0.00026911497,291.39673,292.03613,292.04175,292.13672,292.54565,0.43772888,0.443573,0.44970703,0.4528656,83044.69,290.76978,-0.03727913,-0.032995224,82.028885,-7.2870483,105.17292785644533,75.11686754226685
Kabale,1987-01,17455.652201526806,0.9086567073077686,19.0,0.0,1.0,0.0186623533181755,1.0000305189751728,2.000030518975173,-1.242,29.9856,-1.0,30.00000000000001,0.0058950298,0.0028679445,-0.0034630718,287.71777,1.0,0.00027510524,292.14795,292.75244,292.7202,292.61304,292.47168,0.4363556,0.43562317,0.41505432,0.4486847,83069.31,291.42554,0.016080856,-0.025053978,105.11842,37.31227,100.2455088297526,91.12801853815716
Kabale,1987-02,17455.652201526806,0.9086567073077686,19.0,0.0,1.0,0.0186623533181755,1.0000305189751728,2.000030518975173,-1.242,29.9856,-1.0,30.00000000000001,0.0049456684,0.0021282583,-0.00353852,287.86035,1.0,0.00018976629,292.9629,293.45776,293.33936,293.05225,292.6411,0.4257202,0.43014526,0.4241333,0.4402771,83029.44,292.198,-0.34746933,0.16729736,112.19544,31.320831,99.78091684977214,107.97645696004231
Kabale,1987-03,17455.652201526806,0.9086567073077686,19.0,0.0,1.0,0.0186623533181755,1.0000305189751728,2.000030518975173,-1.242,29.9856,-1.0,30.00000000000001,0.007373242,0.0028909445,-0.0035567926,288.5569,1.0,0.000227198,293.26758,293.83838,293.74976,293.48193,292.95093,0.43203735,0.43849182,0.44207764,0.44255066,82929.125,292.39087,-0.3845291,0.32666302,109.365265,-19.426315,108.8930435180664,107.03298568725586
Kabale,1987-04,17455.652201526806,0.9086567073077686,19.0,0.0,1.0,0.0186623533181755,1.0000305189751728,2.000030518975173,-1.242,29.9856,-1.0,30.00000000000001,0.009099782,0.005030453,-0.0034925006,288.83252,1.0,0.00024689734,292.917,293.53442,293.52075,293.46216,293.2063,0.4277649,0.42938232,0.44137573,0.45367432,83049.125,292.2539,-0.63783264,0.5576563,101.84582,-41.450386,107.8021748860677,104.02384185791016
Kabale,1987-05,17455.652201526806,0.9086567073077686,19.0,0.0,1.0,0.0186623533181755,1.0000305189751728,2.000030518975173,-1.242,29.9856,-1.0,30.00000000000001,0.004560361,0.0030427128,-0.0032217102,288.54492,1.0,0.00021764636,292.35425,292.96387,293.03296,293.18945,293.25415,0.42642212,0.42807007,0.4170227,0.44984436,83057.69,291.927,-0.8663273,1.100215,203.35884,95.362595,138.18997446695963,118.98544565836588
Kabale,1987-06,17455.652201526806,0.9086567073077686,19.0,0.0,1.0,0.0186623533181755,1.0000305189751728,2.000030518975173,-1.242,29.9856,-1.0,30.00000000000001,0.008426886,0.0052776486,-0.0031574778,287.06323,1.0,0.00017569959,291.96484,292.53003,292.58936,292.77734,293.10962,0.40678406,0.41319275,0.4287262,0.4473114,83205.875,291.80444,-0.4807186,0.8061762,25.051811,-4.444317,110.08548990885416,109.48926671346028
Kabale,1987-07,17455.652201526806,0.9086567073077686,19.0,0.0,1.0,0.0186623533181755,1.0000305189751728,2.000030518975173,-1.242,29.9856,-1.0,30.00000000000001,0.0011343748,0.0014491379,-0.0030947113,285.1433,1.0,6.182492e-05,292.687,293.08154,292.98755,292.83252,292.9336,0.34173584,0.35673523,0.3755188,0.43823242,83090.125,292.68896,-0.90250015,0.89781475,12.136999,-3.8300934,80.18255043029785,93.99236265818278
Kabale,1987-08,17455.652201526806,0.9086567073077686,19.0,0.0,1.0,0.0186623533181755,1.0000305189751728,2.000030518975173,-1.242,29.9856,-1.0,30.00000000000001,0.0028277354,0.0007905364,-0.0026182998,285.25073,1.0,8.9764595e-05,293.14526,293.63257,293.59448,293.45386,293.06958,0.31645203,0.31835938,0.3255005,0.42271423,83082.875,292.61816,-1.0803804,1.0498104,44.934994,-2.4617958,27.374601364135746,82.78228791554768
Kabale,1987-09,17455.652201526806,0.9086567073077686,19.0,0.0,1.0,0.0186623533181755,1.0000305189751728,2.000030518975173,-1.242,29.9856,-1.0,30.00000000000001,0.006336312,0.0011097938,-0.0032551987,287.4209,1.0,0.00018078089,293.28955,293.83838,293.7744,293.59253,293.2671,0.39718628,0.3943634,0.33613586,0.4104004,83069.19,292.45752,-0.5513687,0.46372414,111.56995,10.755989,56.213979721069336,83.14973481496175
Kabale,1987-10,17455.652201526806,0.9086567073077686,19.0,0.0,1.0,0.0186623533181755,1.0000305189751728,2.000030518975173,-1.242,29.9856,-1.0,30.00000000000001,0.0037063411,0.0007377863,-0.003580492,287.40405,1.0,0.00014072657,293.2036,293.7605,293.71997,293.60132,293.39868,0.40911865,0.412323,0.40490723,0.40670776,83003.75,292.58667,-0.6557617,0.46821117,125.9607,1.0248566,94.1552136739095,87.16888205210368
Kabale,1987-11,17455.652201526806,0.9086567073077686,19.0,0.0,1.0,0.0186623533181755,1.0000305189751728,2.000030518975173,-1.242,29.9856,-1.0,30.00000000000001,0.007072783,0.0014488548,-0.003303919,288.01514,1.0,0.00023518503,292.48608,293.14868,293.20435,293.35547,293.45972,0.42745972,0.43348694,0.4305725,0.41534424,83045.31,291.80005,-0.42103863,0.36361122,151.82797,28.249748,129.7862065633138,78.58040396372478
Kabale,1987-12,17455.652201526806,0.9086567073077686,19.0,0.0,1.0,0.0186623533181755,1.0000305189751728,2.000030518975173,-1.242,29.9856,-1.0,30.00000000000001,0.0040530534,0.0013548061,-0.0036630835,287.10498,1.0,0.00016017258,292.77368,293.35425,293.333,293.3125,293.37573,0.41723633,0.42178345,0.42860413,0.42686462,83066.06,292.3955,-0.48795033,0.046650887,2.2154245,-87.10051,93.33469931284588,74.7743395169576
Kabale,1988-01,17455.652201526806,0.9086567073077686,19.0,0.0,1.0,0.0186623533181755,1.0000305189751728,2.000030518975173,-1.242,29.9856,-1.0,30.00000000000001,0.00655131,0.0016881973,-0.003513801,287.59692,1.0,0.00022424757,292.4131,293.07568,293.114,293.2163,293.35083,0.4288025,0.4326172,0.42616272,0.4260254,82994.5,291.8645,-0.11478424,-0.025086403,79.33932,11.533165,77.79423809051514,85.97472588221233
Kabale,1988-02,17455.652201526806,0.9086567073077686,19.0,0.0,1.0,0.0186623533181755,1.0000305189751728,2.000030518975173,-1.242,29.9856,-1.0,30.00000000000001,0.003420398,0.0014510453,-0.0036857575,287.18604,1.0,0.000145033,293.20093,293.70264,293.6057,293.4204,293.30786,0.4152069,0.41687012,0.42080688,0.42999268,82905.56,292.87354,-0.668128,0.27523518,77.850716,-3.0238953,53.13515249888102,91.4606795310974
Kabale,1988-03,17455.652201526806,0.9086567073077686,19.0,0.0,1.0,0.0186623533181755,1.0000305189751728,2.000030518975173,-1.242,29.9856,-1.0,30.00000000000001,0.007560759,0.0020084158,-0.003615383,288.45337,1.0,0.00022770464,293.39917,294.01636,293.9817,293.8335,293.49097,0.4268036,0.43441772,0.42936707,0.42797852,82998.69,292.52563,-0.27357006,0.28606796,163.17838,34.386795,106.78946940104169,100.06208435694376
Kabale,1988-04,17455.652201526806,0.9086567073077686,19.0,0.0,1.0,0.0186623533181755,1.0000305189751728,2.000030518975173,-1.242,29.9856,-1.0,30.00000000000001,0.009387776,0.003719449,-0.0035373229,289.00024,1.0,0.0002822578,293.0354,293.72363,293.7544,293.80933,293.656,0.43110657,0.43551636,0.44477844,0.43899536,82966.81,292.2871,-0.6086664,0.8063421,167.25322,23.957016,136.09410349527994,106.94417079289754
Kabale,1988-05,17455.652201526806,0.9086567073077686,19.0,0.0,1.0,0.0186623533181755,1.0000305189751728,2.000030518975173,-1.242,29.9856,-1.0,30.00000000000001,0.009779275,0.009039357,-0.0034395773,288.02173,1.0,0.0002142489,292.61304,293.208,293.2351,293.33765,293.58862,0.4173584,0.4236908,0.42874146,0.45793152,83099.125,292.1902,-0.90805626,1.0828657,58.696632,-49.299614,129.70940907796225,91.42228078842165
Kabale,1988-06,17455.652201526806,0.9086567073077686,19.0,0.0,1.0,0.0186623533181755,1.0000305189751728,2.000030518975173,-1.242,29.9856,-1.0,30.00000000000001,0.001022514,0.0016675442,-0.0028846925,285.19995,1.0,6.750226e-05,292.04004,292.594,292.68823,292.99268,293.4038,0.3067627,0.32218933,0.35554504,0.44104004,83123.81,291.99976,-0.99152756,1.3108549,1.1972373,-28.298891,75.71569641431172,91.2525829076767
Kabale,1988-07,17455.652201526806,0.9086567073077686,19.0,0.0,1.0,0.0186623533181755,1.0000305189751728,2.000030518975173,-1.242,29.9856,-1.0,30.00000000000001,0.0030523355,0.00072179735,-0.0027125739,285.1792,1.0,0.00013180077,292.57495,293.0879,293.07397,293.0371,293.19775,0.34005737,0.31515503,0.31417847,0.42262268,83112.25,292.21313,-0.3925228,0.6980963,63.708206,47.74111,41.20069193840027,88.6473977168401
Kabale,1988-08,17455.652201526806,0.9086567073077686,19.0,0.0,1.0,0.0186623533181755,1.0000305189751728,2.000030518975173,-1.242,29.9856,-1.0,30.00000000000001,0.005258564,0.00092454255,-0.0029520644,286.65942,1.0,0.00014668703,292.18677,292.7644,292.80957,292.9602,293.1233,0.4029541,0.39813232,0.34609985,0.41067505,83067.44,291.5725,-0.47329044,0.65899754,117.9348,70.53801,60.94674754142761,95.32807830969492
Kabale,1988-09,17455.652201526806,0.9086567073077686,19.0,0.0,1.0,0.0186623533181755,1.0000305189751728,2.000030518975173,-1.242,29.9856,-1.0,30.00000000000001,0.007869515,0.0017704442,-0.0031542657,287.26978,1.0,0.00017644465,292.13477,292.72388,292.7312,292.79956,293.0044,0.41783142,0.42332458,0.40190125,0.4066925,83009.31,291.4231,-0.39421558,0.59251213,154.78044,53.966484,112.14114888509114,93.92842264970145
Kabale,1988-10,17455.652201526806,0.9086567073077686,19.0,0.0,1.0,0.0186623533181755,1.0000305189751728,2.000030518975173,-1.242,29.9856,-1.0,30.00000000000001,0.008039829,0.003954552,-0.003221388,287.8291,1.0,0.0002194792,292.0271,292.67383,292.71094,292.79492,292.90918,0.42744446,0.43043518,0.44432068,0.44877625,82968.44,291.28784,-0.44752407,0.3729124,113.67322,-11.262627,128.79615275065103,84.99842234452565
Kabale,1988-11,17455.652201526806,0.9086567073077686,19.0,0.0,1.0,0.0186623533181755,1.0000305189751728,2.000030518975173,-1.242,29.9856,-1.0,30.00000000000001,0.008005898,0.00421229,-0.0032675639,287.6958,1.0,0.00024931133,291.8003,292.458,292.47363,292.55933,292.79907,0.43196106,0.43920898,0.4464264,0.45236206,83037.81,290.9563,-0.4985819,0.28135586,97.73953,-25.838692,122.06439717610677,91.5055723587672
Kabale,1988-12,17455.652201526806,0.9086567073077686,19.0,0.0,1.0,0.0186623533181755,1.0000305189751728,2.000030518975173,-1.242,29.9856,-1.0,30.00000000000001,0.004274562,0.0025501773,-0.003182712,287.04712,1.0,0.00018724799,291.31128,291.98633,292.08472,292.32837,292.65576,0.41552734,0.4109497,0.39701843,0.4476471,82946.0,290.89307,-0.54486465,0.291543,76.26741,-13.048523,95.89338684082033,104.01726786295572
Kabale,1989-01,17455.652201526806,0.9086567073077686,19.0,0.0,1.0,0.0186623533181755,1.0000305189751728,2.000030518975173,-1.242,29.9856,-1.0,30.00000000000001,0.0024820627,0.0015246198,-0.0033793934,285.51245,1.0,0.000102221966,292.01343,292.48755,292.39526,292.24365,292.43506,0.3675232,0.3887024,0.41079712,0.43759155,82956.125,291.61108,0.8562584,-0.35926056,56.951622,-10.85453,76.98618825276692,102.89117050170898
Kabale,1989-02,17455.652201526806,0.9086567073077686,19.0,0.0,1.0,0.0186623533181755,1.0000305189751728,2.000030518975173,-1.242,29.9856,-1.0,30.00000000000001,0.0040906332,0.001002647,-0.003359113,286.30713,1.0,0.00017884374,292.08813,292.67334,292.65088,292.6328,292.48047,0.39006042,0.3833313,0.3652649,0.42747498,83008.875,291.49268,-0.088484764,-0.12325382,68.88322,-11.991394,67.36741638183594,94.71590677897136
Kabale,1989-03,17455.652201526806,0.9086567073077686,19.0,0.0,1.0,0.0186623533181755,1.0000305189751728,2.000030518975173,-1.242,29.9856,-1.0,30.00000000000001,0.00756781,0.0015488937,-0.003519616,287.60303,1.0,0.00025238097,292.46338,293.11353,293.08252,292.9629,292.63354,0.42234802,0.4255829,0.39889526,0.42079163,82885.375,291.6128,-0.027861595,0.19673252,126.75099,-2.0405884,84.19527689615886,90.04433186848958
Kabale,1989-04,17455.652201526806,0.9086567073077686,19.0,0.0,1.0,0.0186623533181755,1.0000305189751728,2.000030518975173,-1.242,29.9856,-1.0,30.00000000000001,0.0066053923,0.0027825683,-0.0035035508,288.146,1.0,0.00021335483,292.3474,292.94824,292.91455,292.80957,292.72168,0.4196167,0.42485046,0.4391632,0.43959045,82962.94,291.7058,-0.7665758,0.8281355,127.086494,-16.20971,107.57356770833331,92.27987798055013
Kabale,1989-05,17455.652201526806,0.9086567073077686,19.0,0.0,1.0,0.0186623533181755,1.0000305189751728,2.000030518975173,-1.242,29.9856,-1.0,30.00000000000001,0.0044674985,0.0020875484,-0.0032435525,287.50806,1.0,0.00019788742,291.76465,292.35913,292.406,292.5796,292.75098,0.4128418,0.42066956,0.42829895,0.43907166,83109.125,291.3562,-0.88624,1.2115612,99.19693,-8.799316,117.67813873291016,92.52277755737305
Kabale,1989-06,17455.652201526806,0.9086567073077686,19.0,0.0,1.0,0.0186623533181755,1.0000305189751728,2.000030518975173,-1.242,29.9856,-1.0,30.00000000000001,0.0016155089,0.0012509674,-0.0030556936,285.00146,1.0,7.0914626e-05,291.5547,292.09204,292.1687,292.36133,292.61328,0.34649658,0.36627197,0.3866272,0.4335327,83161.56,291.55322,-0.91638565,1.4208927,59.571136,30.075008,95.28485361735028,89.74006525675456
Kabale,1989-07,17455.652201526806,0.9086567073077686,19.0,0.0,1.0,0.0186623533181755,1.0000305189751728,2.000030518975173,-1.242,29.9856,-1.0,30.00000000000001,0.001387625,0.0006705746,-0.0025745947,284.20508,1.0,7.878244e-05,292.32227,292.72217,292.63696,292.47827,292.47534,0.30239868,0.30033875,0.33425903,0.42079163,83161.56,292.11694,-0.5196333,0.9651861,16.801813,0.8347206,58.52329317728678,83.04843044281006
Kabale,1989-08,17455.652201526806,0.9086567073077686,19.0,0.0,1.0,0.0186623533181755,1.0000305189751728,2.000030518975173,-1.242,29.9856,-1.0,30.00000000000001,0.0035449096,0.00047676265,-0.0025374535,285.08423,1.0,0.00010573864,292.9314,293.39746,293.30176,293.02905,292.61548,0.31047058,0.2922516,0.30612183,0.4077301,83093.56,292.1704,-0.6130371,0.65089893,53.970528,6.573738,43.44782574971517,80.56298224131267
Kabale,1989-09,17455.652201526806,0.9086567073077686,19.0,0.0,1.0,0.0186623533181755,1.0000305189751728,2.000030518975173,-1.242,29.9856,-1.0,30.00000000000001,0.007972851,0.0021050572,-0.0033636456,286.68945,1.0,0.00016394258,292.21265,292.83447,292.85425,292.8745,292.77368,0.4171753,0.4254303,0.3874054,0.3999176,82988.06,291.58545,-0.6707363,0.72606754,76.308945,-24.505013,49.02709515889486,72.15597438812256
Kabale,1989-10,17455.652201526806,0.9086567073077686,19.0,0.0,1.0,0.0186623533181755,1.0000305189751728,2.000030518975173,-1.242,29.9856,-1.0,30.00000000000001,0.008845563,0.0021823123,-0.0033424972,287.53906,1.0,0.00022447109,292.14062,292.78638,292.79346,292.81836,292.79883,0.43276978,0.4409485,0.44137573,0.41305542,83029.44,291.34253,-0.37106514,0.37025547,158.98152,34.045677,96.42033131917316,77.47181224822998
Kabale,1989-11,17455.652201526806,0.9086567073077686,19.0,0.0,1.0,0.0186623533181755,1.0000305189751728,2.000030518975173,-1.242,29.9856,-1.0,30.00000000000001,0.0057641272,0.0024893433,-0.0033071237,287.86963,1.0,0.000187397,292.23657,292.85083,292.84985,292.8313,292.80615,0.42263794,0.42622375,0.43249512,0.441864,82993.81,291.53906,-0.7192354,0.48693752,100.57021,-23.00801,111.95355987548828,77.70069281260173
Kabale,1989-12,17455.652201526806,0.9086567073077686,19.0,0.0,1.0,0.0186623533181755,1.0000305189751728,2.000030518975173,-1.242,29.9856,-1.0,30.00000000000001,0.004778116,0.0022141337,-0.0030918904,288.10083,1.0,0.00021189451,291.7827,292.3816,292.40796,292.52637,292.74585,0.4310913,0.43652344,0.4429474,0.44226074,83022.375,291.12476,-0.19062996,0.12178707,126.31056,36.99463,128.62076568603516,88.82393042246501
Kabale,1990-01,17455.652201526806,0.9086567073077686,19.0,0.0,1.0,0.0186623533181755,1.0000305189751728,2.000030518975173,-1.242,29.9856,-1.0,30.00000000000001,0.003369779,0.0016646013,-0.0035722964,286.896,1.0,0.00015191734,292.18042,292.73682,292.69873,292.63892,292.66797,0.40524292,0.40959167,0.41896057,0.43888855,82989.19,291.8352,-0.6244774,0.2536459,41.893047,-25.913105,89.59127426147461,93.0058027903239
Kabale,1990-02,17455.652201526806,0.9086567073077686,19.0,0.0,1.0,0.0186623533181755,1.0000305189751728,2.000030518975173,-1.242,29.9856,-1.0,30.00000000000001,0.007587444,0.0018333495,-0.0033807764,288.38306,1.0,0.00026275218,292.6748,293.2744,293.2339,293.09277,292.76807,0.4311676,0.43385315,0.4157257,0.43191528,83014.25,291.74634,0.03545952,0.06759739,158.58102,77.70641,108.9282112121582,110.44088554382324
Kabale,1990-03,17455.652201526806,0.9086567073077686,19.0,0.0,1.0,0.0186623533181755,1.0000305189751728,2.000030518975173,-1.242,29.9856,-1.0,30.00000000000001,0.0086941505,0.0045266002,-0.0034039728,288.75684,1.0,0.00023967028,292.79053,293.39697,293.34692,293.19263,292.93408,0.43598938,0.44540405,0.45092773,0.4512787,83080.81,291.84863,-0.41427803,0.36292267,86.56735,-42.224228,95.68047459920248,112.15062014261882
Kabale,1990-04,17455.652201526806,0.9086567073077686,19.0,0.0,1.0,0.0186623533181755,1.0000305189751728,2.000030518975173,-1.242,29.9856,-1.0,30.00000000000001,0.006604377,0.004044816,-0.0035968204,288.94214,1.0,0.00023560226,293.2002,293.7827,293.71484,293.5249,293.1328,0.43058777,0.434021,0.44406128,0.45315552,82989.375,292.2622,-0.44849682,0.45058823,223.0726,79.7764,156.07365926106772,122.83246676127116
Kabale,1990-05,17455.652201526806,0.9086567073077686,19.0,0.0,1.0,0.0186623533181755,1.0000305189751728,2.000030518975173,-1.242,29.9856,-1.0,30.00000000000001,0.004511165,0.0025838166,-0.003394966,288.0652,1.0,0.00018177927,292.49463,293.10474,293.1443,293.26367,293.2798,0.41270447,0.4186859,0.41368103,0.44573975,83077.625,291.9795,-0.7694893,0.9746437,99.414764,-8.581482,136.35157267252603,122.63989194234212
Kabale,1990-06,17455.652201526806,0.9086567073077686,19.0,0.0,1.0,0.0186623533181755,1.0000305189751728,2.000030518975173,-1.242,29.9856,-1.0,30.00000000000001,0.00064364023,0.0011356175,-0.002890693,285.0017,1.0,3.1217933e-05,292.75757,293.23364,293.2046,293.15137,293.2124,0.2794037,0.30888367,0.3582306,0.43327332,83187.625,292.53125,-0.86194897,1.0639257,1.5474331,-27.948694,108.0115996201833,101.84603710969289
Kabale,1990-07,17455.652201526806,0.9086567073077686,19.0,0.0,1.0,0.0186623533181755,1.0000305189751728,2.000030518975173,-1.242,29.9856,-1.0,30.00000000000001,0.0005616922,0.00055521727,-0.0022085877,283.3767,1.0,4.1887164e-05,293.29443,293.7422,293.6609,293.52124,293.2788,0.24517822,0.25398254,0.31004333,0.41706848,83137.625,292.74878,-0.68037987,0.8649826,8.991447,-6.975645,36.65121499697367,96.36243712902068
Kabale,1990-08,17455.652201526806,0.9086567073077686,19.0,0.0,1.0,0.0186623533181755,1.0000305189751728,2.000030518975173,-1.242,29.9856,-1.0,30.00000000000001,0.0027846184,0.00034903735,-0.002189639,285.2898,1.0,9.188056e-05,293.7893,294.23438,294.15308,293.8496,293.44946,0.2829132,0.25956726,0.28756714,0.40286255,83165.25,292.80347,-0.6412964,0.75799465,37.019695,-10.377094,15.852858622868856,76.10221564769745
Kabale,1990-09,17455.652201526806,0.9086567073077686,19.0,0.0,1.0,0.0186623533181755,1.0000305189751728,2.000030518975173,-1.242,29.9856,-1.0,30.00000000000001,0.0062095546,0.0007737875,-0.003190793,286.95093,1.0,0.00018517673,292.73047,293.42773,293.50122,293.6692,293.60425,0.40530396,0.39959717,0.30467224,0.39231873,83081.625,291.86987,-0.52796936,0.6255121,116.01628,15.202324,54.0091412862142,81.01037045319875
Kabale,1990-10,17455.652201526806,0.9086567073077686,19.0,0.0,1.0,0.0186623533181755,1.0000305189751728,2.000030518975173,-1.242,29.9856,-1.0,30.00000000000001,0.006738565,0.0012717322,-0.0032769581,287.56714,1.0,0.00019538403,292.1604,292.82275,292.86548,293.06348,293.46753,0.42622375,0.43063354,0.4016571,0.38931274,83030.75,291.50073,-0.39138508,0.5084257,87.89053,-37.04531,80.30883661905925,58.48002580801646
Kabale,1990-11,17455.652201526806,0.9086567073077686,19.0,0.0,1.0,0.0186623533181755,1.0000305189751728,2.000030518975173,-1.242,29.9856,-1.0,30.00000000000001,0.0058537167,0.0012996048,-0.0033454169,287.7732,1.0,0.0001874268,292.27222,292.90112,292.91187,292.99146,293.26978,0.42793274,0.43373108,0.44078064,0.41160583,83004.94,291.6372,-0.6930609,0.50948334,143.16713,19.588905,115.69131469726562,65.77208666006725
Kabale,1990-12,17455.652201526806,0.9086567073077686,19.0,0.0,1.0,0.0186623533181755,1.0000305189751728,2.000030518975173,-1.242,29.9856,-1.0,30.00000000000001,0.0059607206,0.0021298714,-0.0033364678,287.52197,1.0,0.00022397935,291.8479,292.51636,292.56763,292.7378,293.09302,0.4257965,0.43066406,0.44429016,0.43247986,82988.375,291.21997,-0.42081642,0.30199432,67.53059,-21.785347,99.52941640218098,76.76927884419759
Kabale,1991-01,17455.652201526806,0.9086567073077686,19.0,0.0,1.0,0.0186623533181755,1.0000305189751728,2.000030518975173,-1.242,29.9856,-1.0,30.00000000000001,0.004800126,0.0016367137,-0.003547063,287.4912,1.0,0.00021286309,292.39526,293.00854,292.9956,292.9668,292.96704,0.42773438,0.42703247,0.41734314,0.43548584,83028.25,291.87085,-0.35269928,0.12917995,36.451405,-31.354748,82.38304011027019,81.34593836466472
Kabale,1991-02,17455.652201526806,0.9086567073077686,19.0,0.0,1.0,0.0186623533181755,1.0000305189751728,2.000030518975173,-1.242,29.9856,-1.0,30.00000000000001,0.00576047,0.0015328974,-0.0036972733,287.64136,1.0,0.00021879375,292.87183,293.46582,293.3899,293.21216,293.01904,0.43395996,0.43615723,0.427063,0.43067932,83033.31,292.115,-0.18021297,0.0914402,65.337036,-15.537575,56.43967564900717,86.0654951731364
Kabale,1991-03,17455.652201526806,0.9086567073077686,19.0,0.0,1.0,0.0186623533181755,1.0000305189751728,2.000030518975173,-1.242,29.9856,-1.0,30.00000000000001,0.004597818,0.0015837327,-0.00355169,287.9607,1.0,0.00016100705,293.21997,293.7744,293.73145,293.58032,293.20337,0.41503906,0.42114258,0.4255371,0.4305725,82946.19,292.6953,-0.499609,0.3607216,147.49301,18.701431,83.09381739298503,91.311616897583
Kabale,1991-04,17455.652201526806,0.9086567073077686,19.0,0.0,1.0,0.0186623533181755,1.0000305189751728,2.000030518975173,-1.242,29.9856,-1.0,30.00000000000001,0.008657049,0.003075324,-0.0034081847,288.6499,1.0,0.00030066073,292.3479,293.0327,293.06226,293.1516,293.28564,0.43536377,0.4447937,0.44911194,0.4384613,82999.56,291.6775,-0.54329395,0.70900726,149.68335,6.387146,120.83779907226562,101.6104195912679
Kabale,1991-05,17455.652201526806,0.9086567073077686,19.0,0.0,1.0,0.0186623533181755,1.0000305189751728,2.000030518975173,-1.242,29.9856,-1.0,30.00000000000001,0.009925773,0.0056999475,-0.0032400256,288.8806,1.0,0.00031493604,292.08032,292.7744,292.84888,293.04688,293.21533,0.43190002,0.43804932,0.4532776,0.45347595,83058.5,291.55273,-0.62765026,0.90295506,142.65219,34.655945,146.6095174153646,101.52459653218588
Kabale,1991-06,17455.652201526806,0.9086567073077686,19.0,0.0,1.0,0.0186623533181755,1.0000305189751728,2.000030518975173,-1.242,29.9856,-1.0,30.00000000000001,0.006560234,0.0066325665,-0.0031631421,287.67822,1.0,0.00020344555,292.2981,292.83105,292.83716,292.88574,293.08057,0.4131012,0.42123413,0.43389893,0.46028137,83137.31,292.0171,-0.31984806,0.73126507,64.137,34.640873,118.82418060302734,100.95899899800618
Kabale,1991-07,17455.652201526806,0.9086567073077686,19.0,0.0,1.0,0.0186623533181755,1.0000305189751728,2.000030518975173,-1.242,29.9856,-1.0,30.00000000000001,0.0022491764,0.001784429,-0.0028320309,285.63257,1.0,0.00010380149,291.96094,292.47314,292.5122,292.64185,292.92456,0.36413574,0.36047363,0.3552246,0.4421234,83196.69,291.6643,-0.5046568,0.91327,30.27891,14.311817,79.02270062764485,99.93024984995525
Kabale,1991-08,17455.652201526806,0.9086567073077686,19.0,0.0,1.0,0.0186623533181755,1.0000305189751728,2.000030518975173,-1.242,29.9856,-1.0,30.00000000000001,0.0052291946,0.0012330264,-0.0031207306,286.45972,1.0,0.00016006827,292.3274,292.84766,292.80298,292.73047,292.79712,0.409729,0.40330505,0.35591125,0.42610168,83182.81,291.75854,-0.26659966,0.6016989,10.086081,-37.310707,34.833997090657554,90.72175725301106
Kabale,1991-09,17455.652201526806,0.9086567073077686,19.0,0.0,1.0,0.0186623533181755,1.0000305189751728,2.000030518975173,-1.242,29.9856,-1.0,30.00000000000001,0.004583619,0.0011329129,-0.0033612503,286.81543,1.0,0.0001449585,292.91455,293.43848,293.3728,293.1748,292.86963,0.40161133,0.40441895,0.39819336,0.41905212,83100.75,292.28955,-0.57258034,0.5099163,109.900345,9.086388,50.08844502766927,84.45631281534831
Kabale,1991-10,17455.652201526806,0.9086567073077686,19.0,0.0,1.0,0.0186623533181755,1.0000305189751728,2.000030518975173,-1.242,29.9856,-1.0,30.00000000000001,0.008628878,0.0022124797,-0.0032268222,287.3474,1.0,0.00025489926,291.66016,292.41406,292.51978,292.8103,292.98608,0.43278503,0.43800354,0.42938232,0.42422485,83007.5,290.8745,-0.16198349,0.29133224,140.6276,15.69175,86.87133979797363,82.94702021280925
Kabale,1991-11,17455.652201526806,0.9086567073077686,19.0,0.0,1.0,0.0186623533181755,1.0000305189751728,2.000030518975173,-1.242,29.9856,-1.0,30.00000000000001,0.0050923675,0.0026747286,-0.0031948844,287.38086,1.0,0.00017859042,291.6311,292.24658,292.27197,292.38354,292.7495,0.4315796,0.43748474,0.43693542,0.4423828,83030.125,290.96045,-0.6255207,0.48945904,93.40725,-30.170975,114.64506276448569,74.73952992757161
Kabale,1991-12,17455.652201526806,0.9086567073077686,19.0,0.0,1.0,0.0186623533181755,1.0000305189751728,2.000030518975173,-1.242,29.9856,-1.0,30.00000000000001,0.0037857112,0.0017856471,-0.0033783363,287.3059,1.0,0.00018534064,292.09375,292.6526,292.6306,292.59644,292.6289,0.41749573,0.41651917,0.42008972,0.43891907,83016.75,291.563,-0.22599888,0.06515598,92.85297,3.537033,108.96260325113931,79.5255241394043
Kabale,1992-01,17455.652201526806,0.9086567073077686,19.0,0.0,1.0,0.0186623533181755,1.0000305189751728,2.000030518975173,-1.242,29.9856,-1.0,30.00000000000001,0.002788975,0.0010354593,-0.0034697503,286.85498,1.0,0.00016778708,292.4568,292.97534,292.91846,292.7705,292.64648,0.401886,0.39294434,0.37965393,0.4299469,83019.375,292.12842,-0.4666481,0.18069077,30.538925,-37.267227,72.2663803100586,79.56886005401611
Kabale,1992-02,17455.652201526806,0.9086567073077686,19.0,0.0,1.0,0.0186623533181755,1.0000305189751728,2.000030518975173,-1.242,29.9856,-1.0,30.00000000000001,0.0027300129,0.0007543154,-0.0032958267,286.72852,1.0,0.00012497604,293.1306,293.5935,293.4961,293.22192,292.7998,0.37384033,0.3699646,0.3539276,0.41966248,83053.375,292.59985,0.13251305,-0.14587688,62.492775,-18.381836,61.96155548095703,88.30330912272136
Kabale,1992-03,17455.652201526806,0.9086567073077686,19.0,0.0,1.0,0.0186623533181755,1.0000305189751728,2.000030518975173,-1.242,29.9856,-1.0,30.00000000000001,0.0047915396,0.00091792643,-0.003241445,287.06274,1.0,0.00013455749,293.6665,294.1665,294.0835,293.80542,293.14868,0.36767578,0.3645172,0.3310547,0.4089203,82960.0,293.1797,-0.53363323,0.5755234,125.585464,-3.2061157,72.8723882039388,90.91749572753906
Kabale,1992-04,17455.652201526806,0.9086567073077686,19.0,0.0,1.0,0.0186623533181755,1.0000305189751728,2.000030518975173,-1.242,29.9856,-1.0,30.00000000000001,0.0071782647,0.0013825521,-0.0033633243,288.80347,1.0,0.00022736192,292.81152,293.41992,293.4309,293.43408,293.3484,0.42774963,0.43237305,0.41539,0.40818787,82998.81,292.22485,-0.6099329,0.73165894,74.877655,-68.41855,87.65196482340495,79.95917256673177
Kabale,1992-05,17455.652201526806,0.9086567073077686,19.0,0.0,1.0,0.0186623533181755,1.0000305189751728,2.000030518975173,-1.242,29.9856,-1.0,30.00000000000001,0.004744965,0.0019111484,-0.0033186795,287.71533,1.0,0.00017128885,292.0857,292.71362,292.79688,293.04175,293.30518,0.4074402,0.41371155,0.42929077,0.43003845,83061.06,291.7505,-0.85229206,1.0762196,55.6672,-52.32905,85.37677256266277,73.66916402180989
Kabale,1992-06,17455.652201526806,0.9086567073077686,19.0,0.0,1.0,0.0186623533181755,1.0000305189751728,2.000030518975173,-1.242,29.9856,-1.0,30.00000000000001,0.00533494,0.0013163835,-0.0030932194,286.91113,1.0,0.000216946,291.69214,292.3047,292.3933,292.66724,293.08984,0.39509583,0.39590454,0.38659668,0.42442322,83128.69,291.54785,-0.4456148,0.8733568,51.425434,21.929306,60.65676244099935,66.76457532246907
Kabale,1992-07,17455.652201526806,0.9086567073077686,19.0,0.0,1.0,0.0186623533181755,1.0000305189751728,2.000030518975173,-1.242,29.9856,-1.0,30.00000000000001,0.001601842,0.00088211894,-0.0030155266,284.68213,1.0,6.888807e-05,291.54346,292.05444,292.08423,292.21997,292.76343,0.359787,0.3728943,0.41011047,0.42279053,83193.25,291.62158,-0.43255234,0.87300205,1.5571461,-14.409946,36.21659278869629,61.93427880605062
Kabale,1992-08,17455.652201526806,0.9086567073077686,19.0,0.0,1.0,0.0186623533181755,1.0000305189751728,2.000030518975173,-1.242,29.9856,-1.0,30.00000000000001,0.0016546462,0.00060114264,-0.0029814243,284.0188,1.0,6.2927604e-05,292.92578,293.3479,293.2373,292.9287,292.65552,0.32858276,0.33866882,0.35466003,0.4146576,83166.56,292.68384,-0.5762253,0.77885437,4.6052437,-42.791546,19.19594128926595,52.28635692596436
Kabale,1992-09,17455.652201526806,0.9086567073077686,19.0,0.0,1.0,0.0186623533181755,1.0000305189751728,2.000030518975173,-1.242,29.9856,-1.0,30.00000000000001,0.003878248,0.000505656,-0.0030881278,286.43457,1.0,0.00014291704,292.45166,293.00415,293.0056,293.03223,292.85547,0.38461304,0.3677063,0.347641,0.4053955,83021.5,291.8069,-0.69706917,0.67023087,106.85484,6.040886,37.67241096496582,49.16458670298258
Kabale,1992-10,17455.652201526806,0.9086567073077686,19.0,0.0,1.0,0.0186623533181755,1.0000305189751728,2.000030518975173,-1.242,29.9856,-1.0,30.00000000000001,0.009789691,0.0021015927,-0.0034045088,287.68384,1.0,0.00024043024,292.3037,292.969,292.97705,292.97363,292.89282,0.43026733,0.43415833,0.41351318,0.40733337,83028.875,291.41187,-0.16344643,0.2382803,134.97363,10.037788,82.14457321166992,59.18058300018311
Kabale,1992-11,17455.652201526806,0.9086567073077686,19.0,0.0,1.0,0.0186623533181755,1.0000305189751728,2.000030518975173,-1.242,29.9856,-1.0,30.00000000000001,0.006361403,0.0027419552,-0.0032119886,287.22705,1.0,0.00021506846,291.57275,292.25244,292.3286,292.53882,292.83887,0.424469,0.43045044,0.44683838,0.43519592,82985.625,290.90845,-0.55461025,0.35247326,60.834583,-62.74364,100.88768641153972,60.04181385040283
Kabale,1992-12,17455.652201526806,0.9086567073077686,19.0,0.0,1.0,0.0186623533181755,1.0000305189751728,2.000030518975173,-1.242,29.9856,-1.0,30.00000000000001,0.005132927,0.0020664036,-0.003321197,287.54272,1.0,0.00021407008,291.75098,292.36157,292.364,292.41724,292.65967,0.4292755,0.43411255,0.43013,0.43849182,83023.31,291.2085,-0.46904087,0.22724628,114.39019,25.074257,103.39946873982748,70.53593985239665
Kabale,1993-01,17455.652201526806,0.9086567073077686,19.0,0.0,1.0,0.0186623533181755,1.0000305189751728,2.000030518975173,-1.242,29.9856,-1.0,30.00000000000001,0.0030188838,0.0012978464,-0.0034015384,286.81763,1.0,0.0001527965,292.22412,292.74023,292.70215,292.63452,292.60254,0.3958435,0.39442444,0.4025879,0.43392944,83042.31,291.91382,-0.07003498,-0.008403778,76.32694,8.52079,83.85057195027669,82.99757258097331
Kabale,1993-02,17455.652201526806,0.9086567073077686,19.0,0.0,1.0,0.0186623533181755,1.0000305189751728,2.000030518975173,-1.242,29.9856,-1.0,30.00000000000001,0.0037799322,0.00085648894,-0.0035504084,286.92578,1.0,0.00016888976,293.2207,293.70312,293.5808,293.25024,292.74854,0.4032898,0.39059448,0.36468506,0.42425537,82989.06,292.594,-0.1129303,-0.053300858,53.701424,-27.173187,81.4728520711263,91.180269241333
Kabale,1993-03,17455.652201526806,0.9086567073077686,19.0,0.0,1.0,0.0186623533181755,1.0000305189751728,2.000030518975173,-1.242,29.9856,-1.0,30.00000000000001,0.0049109403,0.0009453222,-0.0037838845,286.74683,1.0,0.00018969178,293.0349,293.6411,293.59814,293.45312,293.03345,0.4226532,0.42106628,0.38354492,0.4159088,83010.94,292.5713,-0.6135254,0.27958393,103.918564,-24.873016,77.98230997721355,90.69088935852052
Kabale,1993-04,17455.652201526806,0.9086567073077686,19.0,0.0,1.0,0.0186623533181755,1.0000305189751728,2.000030518975173,-1.242,29.9856,-1.0,30.00000000000001,0.0058881342,0.0012877733,-0.0034638653,288.10742,1.0,0.00018924475,292.82788,293.4077,293.38696,293.32715,293.18823,0.40664673,0.40402222,0.39074707,0.41125488,82977.0,292.34937,-0.78921986,0.86959934,70.077736,-73.21847,75.8992411295573,79.87490653991699
Kabale,1993-05,17455.652201526806,0.9086567073077686,19.0,0.0,1.0,0.0186623533181755,1.0000305189751728,2.000030518975173,-1.242,29.9856,-1.0,30.00000000000001,0.00527473,0.0017262101,-0.0033297483,288.33667,1.0,0.00023896992,292.396,293.01196,293.0537,293.16504,293.23755,0.4233551,0.4300232,0.4416809,0.42648315,83053.875,291.93066,-0.69531345,0.87183857,136.77786,28.781616,103.59138743082684,92.53211975097656
Kabale,1993-06,17455.652201526806,0.9086567073077686,19.0,0.0,1.0,0.0186623533181755,1.0000305189751728,2.000030518975173,-1.242,29.9856,-1.0,30.00000000000001,0.004418048,0.0017868727,-0.003265988,286.88403,1.0,0.00018493831,291.93286,292.53418,292.61548,292.8235,293.1067,0.41255188,0.4177246,0.4254303,0.43011475,83182.375,291.7815,-0.44650364,0.7876177,23.79211,-5.7040176,76.88256963094075,77.43243980407715
Kabale,1993-07,17455.652201526806,0.9086567073077686,19.0,0.0,1.0,0.0186623533181755,1.0000305189751728,2.000030518975173,-1.242,29.9856,-1.0,30.00000000000001,0.00017212317,0.00085467845,-0.0026820693,282.9878,1.0,8.314848e-06,292.51318,292.92505,292.85303,292.75244,292.91748,0.26997375,0.31323242,0.36883545,0.42304993,83158.625,292.37915,-0.81824875,1.0501165,0.013884638,-15.953208,53.52795254345983,64.71359683650856
Kabale,1993-08,17455.652201526806,0.9086567073077686,19.0,0.0,1.0,0.0186623533181755,1.0000305189751728,2.000030518975173,-1.242,29.9856,-1.0,30.00000000000001,0.0031381575,0.00058473647,-0.002807728,285.55908,1.0,0.00010100007,292.65747,293.19507,293.18286,293.17017,292.98706,0.34869385,0.33641052,0.3261261,0.41081238,83174.625,291.99414,-0.6160469,0.66959476,38.648773,-8.748016,20.818256091636915,62.20482176123187
Kabale,1993-09,17455.652201526806,0.9086567073077686,19.0,0.0,1.0,0.0186623533181755,1.0000305189751728,2.000030518975173,-1.242,29.9856,-1.0,30.00000000000001,0.002533026,0.00034026802,-0.003069926,285.78174,1.0,8.34167e-05,293.29102,293.75513,293.63208,293.3042,293.052,0.34835815,0.34213257,0.3171692,0.40045166,83065.25,292.48218,-0.6694946,0.6161003,46.59307,-54.220886,28.41857627189408,52.650572951417416
Kabale,1993-10,17455.652201526806,0.9086567073077686,19.0,0.0,1.0,0.0186623533181755,1.0000305189751728,2.000030518975173,-1.242,29.9856,-1.0,30.00000000000001,0.0039363974,0.00054717064,-0.00303585,287.18726,1.0,0.00014561415,292.8999,293.49292,293.52075,293.5454,293.25635,0.3827057,0.36216736,0.30656433,0.391037,83035.44,292.22852,-0.63425446,0.50680065,69.12088,-55.814964,51.45424143473307,52.491096989096455
Kabale,1993-11,17455.652201526806,0.9086567073077686,19.0,0.0,1.0,0.0186623533181755,1.0000305189751728,2.000030518975173,-1.242,29.9856,-1.0,30.00000000000001,0.006828921,0.0010531917,-0.0032690186,287.84106,1.0,0.0002181977,292.1853,292.87256,292.9358,293.09937,293.26636,0.43093872,0.43450928,0.3895874,0.38685608,82951.625,291.48975,-0.42869377,0.31226254,91.5794,-31.998825,69.09778340657552,44.95801974910622
Kabale,1993-12,17455.652201526806,0.9086567073077686,19.0,0.0,1.0,0.0186623533181755,1.0000305189751728,2.000030518975173,-1.242,29.9856,-1.0,30.00000000000001,0.0051098936,0.0010527,-0.0033896156,287.5232,1.0,0.00017373264,292.17554,292.75415,292.7417,292.8213,293.1106,0.4219818,0.4284973,0.4289093,0.39953613,82997.5,291.64478,-0.48559093,0.20976734,42.869133,-46.4468,67.85647074381511,48.13752350785459
Kabale,1994-01,17455.652201526806,0.9086567073077686,19.0,0.0,1.0,0.0186623533181755,1.0000305189751728,2.000030518975173,-1.242,29.9856,-1.0,30.00000000000001,0.0037941046,0.0005521849,-0.003704032,287.0044,1.0,0.00017595291,292.62305,293.2251,293.1897,293.1067,293.06055,0.40670776,0.40031433,0.3968506,0.40370178,82937.19,292.10718,-0.17825127,0.035099983,69.47034,1.6641846,67.97295633951823,59.71359888712565
Kabale,1994-02,17455.652201526806,0.9086567073077686,19.0,0.0,1.0,0.0186623533181755,1.0000305189751728,2.000030518975173,-1.242,29.9856,-1.0,30.00000000000001,0.0034724828,0.00048399717,-0.0035227695,286.55176,1.0,0.00015026331,293.09985,293.6416,293.57837,293.40234,293.136,0.3850708,0.38363647,0.38241577,0.39923096,82982.875,292.5691,0.40264225,-0.15149021,57.254467,-23.620144,56.53131230672201,62.814547856648765
Kabale,1994-03,17455.652201526806,0.9086567073077686,19.0,0.0,1.0,0.0186623533181755,1.0000305189751728,2.000030518975173,-1.242,29.9856,-1.0,30.00000000000001,0.007984037,0.0017168596,-0.003601558,288.19165,1.0,0.00024726987,292.96362,293.63354,293.61108,293.54297,293.30615,0.43701172,0.44456482,0.42292786,0.40422058,83012.56,292.06006,-0.29859066,0.27719212,76.622406,-52.169174,67.78240331013997,67.81943702697754
Kabale,1994-04,17455.652201526806,0.9086567073077686,19.0,0.0,1.0,0.0186623533181755,1.0000305189751728,2.000030518975173,-1.242,29.9856,-1.0,30.00000000000001,0.0051490227,0.0017837733,-0.0034794845,288.03687,1.0,0.00019556284,292.48364,293.12964,293.167,293.2683,293.35962,0.42030334,0.4237671,0.42460632,0.41880798,82984.5,292.00635,-0.7989054,0.9646692,107.34741,-35.94879,80.40809504191081,74.19052569071452
Kabale,1994-05,17455.652201526806,0.9086567073077686,19.0,0.0,1.0,0.0186623533181755,1.0000305189751728,2.000030518975173,-1.242,29.9856,-1.0,30.00000000000001,0.005314459,0.0020839944,-0.0032310886,288.0725,1.0,0.00020194054,291.85303,292.49878,292.5791,292.81274,293.19727,0.42097473,0.4233551,0.43086243,0.42541504,83112.31,291.48486,-0.7705183,0.9927244,155.16534,47.169098,113.04505411783856,84.78818321228027
Kabale,1994-06,17455.652201526806,0.9086567073077686,19.0,0.0,1.0,0.0186623533181755,1.0000305189751728,2.000030518975173,-1.242,29.9856,-1.0,30.00000000000001,0.0031624918,0.0011892766,-0.003384037,286.1848,1.0,0.00014096498,291.7583,292.3457,292.4004,292.59497,292.96704,0.40789795,0.41000366,0.39888,0.42140198,83127.25,291.8308,-0.39730835,0.7505846,8.385543,-21.110584,90.29943307240804,79.040918191274
Kabale,1994-07,17455.652201526806,0.9086567073077686,19.0,0.0,1.0,0.0186623533181755,1.0000305189751728,2.000030518975173,-1.242,29.9856,-1.0,30.00000000000001,0.0009857609,0.0006835088,-0.0029037008,284.61353,1.0,4.0367246e-05,291.8689,292.33398,292.32764,292.3816,292.7168,0.34735107,0.35757446,0.36898804,0.4134674,83152.125,291.82178,-0.6076622,0.96066284,13.758679,-2.2084131,59.103188832600914,69.75564193725586
Kabale,1994-08,17455.652201526806,0.9086567073077686,19.0,0.0,1.0,0.0186623533181755,1.0000305189751728,2.000030518975173,-1.242,29.9856,-1.0,30.00000000000001,0.0037687565,0.00087668,-0.0027453396,285.35815,1.0,8.9854e-05,292.7307,293.2434,293.19922,293.06006,292.7566,0.33587646,0.344635,0.3385315,0.40325928,83105.0,291.94092,-0.5646267,0.67849827,50.128033,2.7312431,24.09075164794922,68.56790288289388
Kabale,1994-09,17455.652201526806,0.9086567073077686,19.0,0.0,1.0,0.0186623533181755,1.0000305189751728,2.000030518975173,-1.242,29.9856,-1.0,30.00000000000001,0.0063313935,0.0018614978,-0.0032833032,286.91406,1.0,0.00011995435,292.8833,293.3977,293.3291,293.13892,292.8877,0.39552307,0.39408875,0.36842346,0.39601135,83078.56,292.1731,-0.6498747,0.5689802,115.60621,14.792252,59.83097362518311,75.06520334879558
Kabale,1994-10,17455.652201526806,0.9086567073077686,19.0,0.0,1.0,0.0186623533181755,1.0000305189751728,2.000030518975173,-1.242,29.9856,-1.0,30.00000000000001,0.0060009547,0.00097352266,-0.0031383699,287.2727,1.0,0.00018563867,291.66064,292.34985,292.4558,292.70776,292.93335,0.4295807,0.4356079,0.41467285,0.39561462,82981.44,291.10815,-0.40630722,0.46048164,116.51041,-8.425438,94.08154932657878,76.59236907958984
Kabale,1994-11,17455.652201526806,0.9086567073077686,19.0,0.0,1.0,0.0186623533181755,1.0000305189751728,2.000030518975173,-1.242,29.9856,-1.0,30.00000000000001,0.009552385,0.0029341057,-0.0031350944,288.1958,1.0,0.00029341877,291.7268,292.35547,292.3523,292.40967,292.7068,0.43894958,0.44822693,0.45489502,0.42581177,83018.625,290.88525,-0.13402748,0.19375992,127.19634,3.6181183,119.77098592122395,71.9308687845866
Kabale,1994-12,17455.652201526806,0.9086567073077686,19.0,0.0,1.0,0.0186623533181755,1.0000305189751728,2.000030518975173,-1.242,29.9856,-1.0,30.00000000000001,0.00493726,0.0034601986,-0.0033118725,287.72803,1.0,0.00020515919,291.87573,292.46753,292.45483,292.46973,292.60303,0.42765808,0.42951965,0.43296814,0.44830322,83061.81,291.2644,-0.45986938,0.15890121,92.01936,2.7034302,111.90870412190756,85.86983887354533
Kabale,1995-01,17455.652201526806,0.9086567073077686,19.0,0.0,1.0,0.0186623533181755,1.0000305189751728,2.000030518975173,-1.242,29.9856,-1.0,30.00000000000001,0.003203265,0.001649268,-0.003544515,287.22314,1.0,0.0001616031,292.57202,293.11743,293.0747,292.92212,292.66455,0.4013214,0.40037537,0.378891,0.43618774,83054.75,292.08325,-0.054247856,-0.047302246,59.960632,-7.84552,93.05877939860028,93.57016436258952
Kabale,1995-02,17455.652201526806,0.9086567073077686,19.0,0.0,1.0,0.0186623533181755,1.0000305189751728,2.000030518975173,-1.242,29.9856,-1.0,30.00000000000001,0.004250673,0.0009863749,-0.0033734785,287.17822,1.0,0.00015686452,292.5393,293.1228,293.1145,293.0703,292.823,0.40568542,0.3996277,0.3587799,0.42375183,83043.19,291.97314,0.058423996,-0.013705254,75.1734,-5.70121,75.71779886881511,97.74439239501952
Kabale,1995-03,17455.652201526806,0.9086567073077686,19.0,0.0,1.0,0.0186623533181755,1.0000305189751728,2.000030518975173,-1.242,29.9856,-1.0,30.00000000000001,0.0051186597,0.0010752678,-0.0035629012,287.54492,1.0,0.00016206503,292.9004,293.44092,293.3733,293.1975,292.93555,0.41911316,0.42167664,0.39974976,0.41726685,82978.44,292.36987,-0.60956764,0.5075655,124.36893,-4.422653,86.50098673502605,99.2048454284668
Kabale,1995-04,17455.652201526806,0.9086567073077686,19.0,0.0,1.0,0.0186623533181755,1.0000305189751728,2.000030518975173,-1.242,29.9856,-1.0,30.00000000000001,0.0057510715,0.0013351291,-0.0034934161,288.39868,1.0,0.00021649897,292.71704,293.32202,293.31592,293.26636,293.0935,0.42633057,0.42996216,0.41786194,0.4166565,82924.75,292.23535,-0.810359,0.9587431,159.64148,16.345276,119.72793579101562,106.39335759480794
Kabale,1995-05,17455.652201526806,0.9086567073077686,19.0,0.0,1.0,0.0186623533181755,1.0000305189751728,2.000030518975173,-1.242,29.9856,-1.0,30.00000000000001,0.0043141637,0.0016900152,-0.0034036636,287.75513,1.0,0.00017349422,292.26025,292.8496,292.87964,292.99365,293.10547,0.40534973,0.41419983,0.4343109,0.4277649,83063.875,291.9226,-1.0203514,1.255537,124.95465,16.958405,136.32168579101562,106.01974232991536
Kabale,1995-06,17455.652201526806,0.9086567073077686,19.0,0.0,1.0,0.0186623533181755,1.0000305189751728,2.000030518975173,-1.242,29.9856,-1.0,30.00000000000001,0.0037921527,0.0011547357,-0.0033329325,286.67285,1.0,0.0001553595,292.30103,292.83545,292.8462,292.89624,293.02466,0.3969574,0.3955078,0.3852234,0.42547607,83107.81,292.29663,-0.42229176,0.7755594,87.27787,57.781742,123.95800018310548,105.22949345906576
Kabale,1995-07,17455.652201526806,0.9086567073077686,19.0,0.0,1.0,0.0186623533181755,1.0000305189751728,2.000030518975173,-1.242,29.9856,-1.0,30.00000000000001,0.0016724111,0.0006649345,-0.0030829366,284.73608,1.0,7.766485e-05,292.2307,292.71973,292.71973,292.75317,292.92407,0.3632202,0.36805725,0.36672974,0.4165802,83037.06,292.37402,-0.55625916,0.842803,0.0,-15.9670925,70.74417368570964,95.23605473836264
Kabale,1995-08,17455.652201526806,0.9086567073077686,19.0,0.0,1.0,0.0186623533181755,1.0000305189751728,2.000030518975173,-1.242,29.9856,-1.0,30.00000000000001,0.0005314795,0.00040999055,-0.0023825169,283.5879,1.0,2.528727e-05,293.57495,293.94824,293.7495,293.3142,292.94604,0.25634766,0.28199768,0.32695007,0.4061737,83063.375,292.9807,-0.9712992,1.0492735,0.0,-47.39679,29.092623392740887,82.70715459187825
Kabale,1995-09,17455.652201526806,0.9086567073077686,19.0,0.0,1.0,0.0186623533181755,1.0000305189751728,2.000030518975173,-1.242,29.9856,-1.0,30.00000000000001,0.0050789895,0.00049455464,-0.0030454034,286.5337,1.0,0.00014641881,293.34937,293.94458,293.92773,293.80835,293.28027,0.3716278,0.35627747,0.31643677,0.3956604,83095.56,292.39185,-0.57017326,0.57791233,108.06153,7.247574,36.02051035563151,79.98925526936848
Kabale,1995-10,17455.652201526806,0.9086567073077686,19.0,0.0,1.0,0.0186623533181755,1.0000305189751728,2.000030518975173,-1.242,29.9856,-1.0,30.00000000000001,0.008337113,0.001430735,-0.0033125952,287.8601,1.0,0.00021232665,292.23755,292.96997,293.05884,293.2793,293.37744,0.43251038,0.43537903,0.3938141,0.39143372,82966.56,291.42725,-0.32138348,0.28611183,159.19528,34.259438,89.08560434977214,79.91488901774089
Kabale,1995-11,17455.652201526806,0.9086567073077686,19.0,0.0,1.0,0.0186623533181755,1.0000305189751728,2.000030518975173,-1.242,29.9856,-1.0,30.00000000000001,0.0072112083,0.0020153224,-0.0033733053,287.83765,1.0,0.00021135807,292.30908,292.92896,292.92163,292.94556,293.20312,0.42951965,0.43460083,0.44508362,0.41574097,83001.81,291.5359,-0.27850246,0.18289757,126.9862,3.4079742,131.41433715820312,80.253480275472
Kabale,1995-12,17455.652201526806,0.9086567073077686,19.0,0.0,1.0,0.0186623533181755,1.0000305189751728,2.000030518975173,-1.242,29.9856,-1.0,30.00000000000001,0.004807943,0.0017245263,-0.003449983,287.19824,1.0,0.00021478534,291.74658,292.44727,292.51294,292.74097,293.07275,0.4280548,0.4297943,0.4299469,0.4306488,83055.06,291.146,-0.3481226,0.14764214,130.64032,41.324387,138.9406000773112,87.48055521647136
Kabale,1996-01,17455.652201526806,0.9086567073077686,19.0,0.0,1.0,0.0186623533181755,1.0000305189751728,2.000030518975173,-1.242,29.9856,-1.0,30.00000000000001,0.005091924,0.0014929175,-0.003584045,287.2063,1.0,0.0002361238,292.01636,292.6621,292.66284,292.69336,292.89307,0.43026733,0.43266296,0.43426514,0.4300537,82914.375,291.41357,-0.27503872,0.11958313,76.649734,8.843582,111.42541758219402,100.25551096598308
Kabale,1996-02,17455.652201526806,0.9086567073077686,19.0,0.0,1.0,0.0186623533181755,1.0000305189751728,2.000030518975173,-1.242,29.9856,-1.0,30.00000000000001,0.005106272,0.0016797185,-0.0036203703,287.4773,1.0,0.0001963377,292.71826,293.2937,293.22632,293.06104,292.8777,0.43229675,0.43571472,0.43180847,0.42999268,82889.375,292.0581,-0.22754097,0.1006279,69.35632,-11.518288,92.21545918782552,111.81489817301431
Kabale,1996-03,17455.652201526806,0.9086567073077686,19.0,0.0,1.0,0.0186623533181755,1.0000305189751728,2.000030518975173,-1.242,29.9856,-1.0,30.00000000000001,0.006639611,0.002076909,-0.0035687312,288.10767,1.0,0.00019328296,293.00366,293.60693,293.56372,293.4436,293.08667,0.42836,0.4361725,0.43338013,0.42982483,82900.19,292.37842,-0.45320225,0.3278141,133.83315,5.041565,93.2797342936198,116.1101671854655
Kabale,1996-04,17455.652201526806,0.9086567073077686,19.0,0.0,1.0,0.0186623533181755,1.0000305189751728,2.000030518975173,-1.242,29.9856,-1.0,30.00000000000001,0.0029725381,0.00209371,-0.0035698507,287.55713,1.0,0.00012278557,292.7102,293.28442,293.28662,293.29004,293.21167,0.3987732,0.40104675,0.42330933,0.4376831,82959.44,292.26733,-1.0517263,1.0948305,104.24687,-39.04933,102.47878011067708,106.95209884643556
Kabale,1996-05,17455.652201526806,0.9086567073077686,19.0,0.0,1.0,0.0186623533181755,1.0000305189751728,2.000030518975173,-1.242,29.9856,-1.0,30.00000000000001,0.0019438809,0.0009928793,-0.0030487077,287.38403,1.0,0.00012667477,292.7185,293.24707,293.27002,293.3064,293.2556,0.34332275,0.3310089,0.35134888,0.4258728,83052.81,292.36084,-0.9540272,1.2407379,45.44606,-62.550186,94.5086924235026,93.36207580566406
Kabale,1996-06,17455.652201526806,0.9086567073077686,19.0,0.0,1.0,0.0186623533181755,1.0000305189751728,2.000030518975173,-1.242,29.9856,-1.0,30.00000000000001,0.0028475488,0.00059096515,-0.0030993642,285.8186,1.0,0.00015762448,292.0952,292.6372,292.677,292.82227,293.15088,0.3777008,0.37394714,0.3341217,0.41304016,83117.81,292.05615,-0.2573843,0.73881435,56.68363,27.187504,68.7921880086263,81.03596115112305
Kabale,1996-07,17455.652201526806,0.9086567073077686,19.0,0.0,1.0,0.0186623533181755,1.0000305189751728,2.000030518975173,-1.242,29.9856,-1.0,30.00000000000001,0.001977883,0.00035347044,-0.0028039431,284.75928,1.0,9.278953e-05,292.17505,292.67114,292.66748,292.73486,292.9878,0.34657288,0.33976746,0.32344055,0.40286255,83154.06,292.00537,-0.3413496,0.6725979,44.662434,28.695341,48.93070856730143,75.70474433898926
Kabale,1996-08,17455.652201526806,0.9086567073077686,19.0,0.0,1.0,0.0186623533181755,1.0000305189751728,2.000030518975173,-1.242,29.9856,-1.0,30.00000000000001,0.0069592586,0.0012021586,-0.0026881853,284.64282,1.0,0.00015152991,292.8994,293.4917,293.44946,293.31128,293.0088,0.33255005,0.33888245,0.31907654,0.39297485,83094.94,292.27637,-0.15815735,0.48690987,117.68042,70.28363,73.0088284810384,83.75876045227051
Kabale,1996-09,17455.652201526806,0.9086567073077686,19.0,0.0,1.0,0.0186623533181755,1.0000305189751728,2.000030518975173,-1.242,29.9856,-1.0,30.00000000000001,0.009967574,0.003531441,-0.0034676846,287.0857,1.0,0.00018845499,292.4607,293.07886,293.05273,293.00464,293.0442,0.421463,0.4313507,0.44662476,0.41093445,83011.25,291.6338,-0.25039673,0.4472351,136.06992,35.25596,99.47092310587566,84.13155555725098
Kabale,1996-10,17455.652201526806,0.9086567073077686,19.0,0.0,1.0,0.0186623533181755,1.0000305189751728,2.000030518975173,-1.242,29.9856,-1.0,30.00000000000001,0.007640881,0.0033954456,-0.003367628,287.52393,1.0,0.00022983551,292.22412,292.87256,292.89697,292.9641,293.04395,0.43037415,0.43710327,0.44403076,0.44407654,83002.25,291.41577,-0.39757824,0.4321823,98.40517,-26.530678,117.38516743977864,83.15793800354004
Kabale,1996-11,17455.652201526806,0.9086567073077686,19.0,0.0,1.0,0.0186623533181755,1.0000305189751728,2.000030518975173,-1.242,29.9856,-1.0,30.00000000000001,0.0076086516,0.0034500211,-0.0031329105,287.72876,1.0,0.0002424568,291.74414,292.4087,292.48096,292.70825,292.96265,0.4360199,0.4452057,0.45013428,0.44734192,82949.56,291.0432,-0.29610825,0.30418968,139.13606,15.557838,124.53704833984376,98.77293841044109
Kabale,1996-12,17455.652201526806,0.9086567073077686,19.0,0.0,1.0,0.0186623533181755,1.0000305189751728,2.000030518975173,-1.242,29.9856,-1.0,30.00000000000001,0.0049732896,0.003529638,-0.003455978,287.2229,1.0,0.00020973384,291.92285,292.52612,292.5017,292.49756,292.75854,0.42416382,0.43096924,0.44044495,0.45217896,83005.69,291.2312,-0.3057909,0.108818054,82.800125,-6.515808,106.78045145670572,103.1256872812907
Kabale,1997-01,17455.652201526806,0.9086567073077686,19.0,0.0,1.0,0.0186623533181755,1.0000305189751728,2.000030518975173,-1.242,29.9856,-1.0,30.00000000000001,0.0031101087,0.0017677769,-0.0033854954,286.97656,1.0,0.00013901293,292.0857,292.6726,292.6831,292.69336,292.70166,0.4029541,0.39886475,0.38111877,0.4409485,82973.5,291.5901,-0.0195961,0.0039253235,107.33635,39.530197,109.75751241048177,113.5713399251302
Kabale,1997-02,17455.652201526806,0.9086567073077686,19.0,0.0,1.0,0.0186623533181755,1.0000305189751728,2.000030518975173,-1.242,29.9856,-1.0,30.00000000000001,0.00034738876,0.00082897395,-0.0027939137,284.61523,1.0,1.7806888e-05,293.68604,294.04492,293.81982,293.28052,292.78003,0.2635193,0.30221558,0.33755493,0.42633057,82983.625,293.06763,0.30023193,-0.30083656,8.222082,-72.65253,66.11951891581218,95.32828362782796
Kabale,1997-03,17455.652201526806,0.9086567073077686,19.0,0.0,1.0,0.0186623533181755,1.0000305189751728,2.000030518975173,-1.242,29.9856,-1.0,30.00000000000001,0.0041721603,0.00065357983,-0.0028423779,287.26538,1.0,0.0001322627,293.89624,294.44556,294.37573,294.12256,293.25195,0.3302002,0.3015747,0.30392456,0.4114685,82921.44,293.0188,-0.6001053,0.51814175,150.14474,21.353165,88.56772549947102,97.67408847808838
Kabale,1997-04,17455.652201526806,0.9086567073077686,19.0,0.0,1.0,0.0186623533181755,1.0000305189751728,2.000030518975173,-1.242,29.9856,-1.0,30.00000000000001,0.01062134,0.0021434054,-0.0032416796,288.489,1.0,0.0002873093,292.04883,292.78174,292.89355,293.1582,293.40308,0.4365692,0.43989563,0.4127655,0.4096527,83046.375,291.3203,-0.21449757,0.5078268,216.59958,73.303375,124.98880195617676,117.37315718332928
Kabale,1997-05,17455.652201526806,0.9086567073077686,19.0,0.0,1.0,0.0186623533181755,1.0000305189751728,2.000030518975173,-1.242,29.9856,-1.0,30.00000000000001,0.008095501,0.0059453547,-0.0033522295,287.3828,1.0,0.00018665195,291.81323,292.43506,292.49048,292.7036,293.16675,0.41018677,0.4184265,0.44187927,0.45173645,83156.625,291.39624,-0.84337044,0.8450489,124.26779,16.271545,163.67070515950522,114.89511203765868
Kabale,1997-06,17455.652201526806,0.9086567073077686,19.0,0.0,1.0,0.0186623533181755,1.0000305189751728,2.000030518975173,-1.242,29.9856,-1.0,30.00000000000001,0.0015993388,0.0017643869,-0.0028837454,285.7417,1.0,7.496774e-05,292.1775,292.65674,292.64136,292.67993,292.93115,0.3140564,0.32614136,0.3466797,0.44174194,83112.875,291.8982,-0.87295437,1.1040535,40.55028,11.054153,127.13921737670898,107.85347143809
Kabale,1997-07,17455.652201526806,0.9086567073077686,19.0,0.0,1.0,0.0186623533181755,1.0000305189751728,2.000030518975173,-1.242,29.9856,-1.0,30.00000000000001,0.0015994357,0.00081317127,-0.0026138462,284.40625,1.0,6.835163e-05,292.14746,292.60083,292.57495,292.54785,292.77783,0.3216858,0.32443237,0.31488037,0.42300415,83209.875,291.88818,-0.6572466,1.0141115,13.263653,-2.7034397,59.360575358072914,92.17468865712485
Kabale,1997-08,17455.652201526806,0.9086567073077686,19.0,0.0,1.0,0.0186623533181755,1.0000305189751728,2.000030518975173,-1.242,29.9856,-1.0,30.00000000000001,0.0016413748,0.0003873706,-0.0024761064,285.47534,1.0,6.0781837e-05,293.88623,294.28784,294.1206,293.60693,292.90845,0.28886414,0.28567505,0.29562378,0.40820312,83200.31,292.85474,-0.62092686,0.60423183,31.948376,-15.448414,28.58743667602539,96.1290709177653
Kabale,1997-09,17455.652201526806,0.9086567073077686,19.0,0.0,1.0,0.0186623533181755,1.0000305189751728,2.000030518975173,-1.242,29.9856,-1.0,30.00000000000001,0.0012562583,0.00023199618,-0.002346646,286.03882,1.0,5.4121017e-05,294.2998,294.72363,294.5874,294.17114,293.34912,0.28407288,0.26715088,0.280838,0.39562988,83069.94,293.25977,-0.9891987,0.71232986,41.8873,-58.92666,29.033109029134117,78.08616320292155
Kabale,1997-10,17455.652201526806,0.9086567073077686,19.0,0.0,1.0,0.0186623533181755,1.0000305189751728,2.000030518975173,-1.242,29.9856,-1.0,30.00000000000001,0.007963207,0.0015409812,-0.0027845274,287.58984,1.0,0.00017087162,292.7163,293.39014,293.49414,293.76318,293.66846,0.37774658,0.34994507,0.3012848,0.3852539,83043.69,292.06616,-0.8173723,0.5984802,137.99559,13.059746,70.61042149861653,64.98549842834473
Kabale,1997-11,17455.652201526806,0.9086567073077686,19.0,0.0,1.0,0.0186623533181755,1.0000305189751728,2.000030518975173,-1.242,29.9856,-1.0,30.00000000000001,0.007985679,0.0012553185,-0.0029882938,288.62134,1.0,0.00026479363,291.85962,292.55005,292.64722,292.9392,293.46997,0.43608093,0.44128418,0.431839,0.39559937,83019.875,291.15088,-0.10354614,0.17758942,220.58762,97.00939,133.49016825358072,81.03880246480306
Kabale,1997-12,17455.652201526806,0.9086567073077686,19.0,0.0,1.0,0.0186623533181755,1.0000305189751728,2.000030518975173,-1.242,29.9856,-1.0,30.00000000000001,0.0072720097,0.002445504,-0.0031069843,288.54443,1.0,0.0002874285,291.73267,292.38794,292.43042,292.61963,293.12817,0.4418335,0.44500732,0.45355225,0.43772888,83085.69,290.99756,-0.00065898895,0.060518265,156.0857,66.76976,171.5562998453776,100.29470443725586
Kabale,1998-01,17455.652201526806,0.9086567073077686,19.0,0.0,1.0,0.0186623533181755,1.0000305189751728,2.000030518975173,-1.242,29.9856,-1.0,30.00000000000001,0.0073906663,0.0037699789,-0.0033731125,288.95825,1.0,0.00027243793,292.73145,293.29688,293.22705,293.04102,292.97363,0.43606567,0.44036865,0.44607544,0.45162964,83051.75,291.9651,-0.1331253,-0.025175095,126.060776,58.254623,167.5780283610026,119.09422492980956
Kabale,1998-02,17455.652201526806,0.9086567073077686,19.0,0.0,1.0,0.0186623533181755,1.0000305189751728,2.000030518975173,-1.242,29.9856,-1.0,30.00000000000001,0.0055790646,0.0032958835,-0.0035120286,288.66626,1.0,0.00021074712,293.6411,294.13428,294.01733,293.70386,293.1858,0.4258423,0.42848206,0.43600464,0.45088196,83170.06,292.8269,0.24986553,-0.08746433,122.89221,42.0176,135.0128936767578,134.25153096516928
Kabale,1998-03,17455.652201526806,0.9086567073077686,19.0,0.0,1.0,0.0186623533181755,1.0000305189751728,2.000030518975173,-1.242,29.9856,-1.0,30.00000000000001,0.005604442,0.0023944974,-0.0035657305,288.91382,1.0,0.00015425682,293.75928,294.32812,294.28418,294.11084,293.5371,0.41111755,0.4156189,0.4036255,0.4429474,83024.44,293.12305,-0.6831751,0.4767971,139.867,11.075424,129.6066640218099,150.58148193359375
Kabale,1998-04,17455.652201526806,0.9086567073077686,19.0,0.0,1.0,0.0186623533181755,1.0000305189751728,2.000030518975173,-1.242,29.9856,-1.0,30.00000000000001,0.0074738516,0.003633909,-0.0036699893,289.1543,1.0,0.00018081069,293.66724,294.24146,294.2019,294.0681,293.7854,0.42427063,0.42651367,0.4270172,0.43878174,83063.56,293.10742,-0.95071316,0.95415497,79.79404,-63.502167,114.18441772460938,140.881223042806
Kabale,1998-05,17455.652201526806,0.9086567073077686,19.0,0.0,1.0,0.0186623533181755,1.0000305189751728,2.000030518975173,-1.242,29.9856,-1.0,30.00000000000001,0.0073696,0.0041171163,-0.003509353,288.80737,1.0,0.00022780895,293.23193,293.82324,293.82056,293.81104,293.844,0.41366577,0.4212799,0.4313507,0.45028687,83162.19,292.72168,-0.5975208,0.82916546,190.00577,82.00952,136.55560302734375,135.78424835205078
Kabale,1998-06,17455.652201526806,0.9086567073077686,19.0,0.0,1.0,0.0186623533181755,1.0000305189751728,2.000030518975173,-1.242,29.9856,-1.0,30.00000000000001,0.0015097347,0.0018012077,-0.0031629372,285.9536,1.0,6.645918e-05,292.448,293.02197,293.10962,293.4082,293.76196,0.34733582,0.36517334,0.3604126,0.441864,83241.31,292.32812,-0.722064,1.0557842,64.49632,35.000195,111.43204243977864,120.51935323079428
Kabale,1998-07,17455.652201526806,0.9086567073077686,19.0,0.0,1.0,0.0186623533181755,1.0000305189751728,2.000030518975173,-1.242,29.9856,-1.0,30.00000000000001,0.0010976028,0.0007366091,-0.002309844,284.136,1.0,3.5881996e-05,293.2412,293.69067,293.65625,293.5918,293.60645,0.26557922,0.27778625,0.3157959,0.4235077,83160.31,292.78882,-0.673893,0.89119816,13.640231,-2.3268614,89.38077386220296,101.78259579340616
Kabale,1998-08,17455.652201526806,0.9086567073077686,19.0,0.0,1.0,0.0186623533181755,1.0000305189751728,2.000030518975173,-1.242,29.9856,-1.0,30.00000000000001,0.004119789,0.00086313486,-0.0025165072,285.4082,1.0,0.00010226667,293.53247,294.03906,293.99072,293.8794,293.67163,0.32037354,0.32385254,0.3010254,0.4083252,83093.25,292.63794,-0.559433,0.68409634,54.887314,7.4905243,44.34128920237223,90.448446114858
Kabale,1998-09,17455.652201526806,0.9086567073077686,19.0,0.0,1.0,0.0186623533181755,1.0000305189751728,2.000030518975173,-1.242,29.9856,-1.0,30.00000000000001,0.0038943244,0.0004260391,-0.0030390527,286.86646,1.0,0.00013238192,292.70972,293.3103,293.33154,293.45532,293.6643,0.3789978,0.37010193,0.32496643,0.39842224,83079.125,291.9048,-0.72353745,0.67994785,79.46896,-21.344994,49.33216953277588,80.38210598627727
Kabale,1998-10,17455.652201526806,0.9086567073077686,19.0,0.0,1.0,0.0186623533181755,1.0000305189751728,2.000030518975173,-1.242,29.9856,-1.0,30.00000000000001,0.0075658993,0.0015879124,-0.0034634322,287.68384,1.0,0.00020363927,292.82983,293.4807,293.50732,293.54492,293.6018,0.42549133,0.4322052,0.4067688,0.39616394,83060.875,292.04956,-0.25453663,0.37084866,170.9596,46.02375,101.77195739746094,95.57636562983195
Kabale,1998-11,17455.652201526806,0.9086567073077686,19.0,0.0,1.0,0.0186623533181755,1.0000305189751728,2.000030518975173,-1.242,29.9856,-1.0,30.00000000000001,0.002672825,0.0006054789,-0.0034313928,287.04395,1.0,0.00011061132,292.59692,293.17334,293.19702,293.30664,293.5193,0.39720154,0.39909363,0.41601562,0.4048462,82984.94,292.0327,-0.84714985,0.34315968,246.32468,122.74645,165.58441162109375,104.962850411733
Kabale,1998-12,17455.652201526806,0.9086567073077686,19.0,0.0,1.0,0.0186623533181755,1.0000305189751728,2.000030518975173,-1.242,29.9856,-1.0,30.00000000000001,0.0028617939,0.00038851053,-0.0034896666,286.3545,1.0,0.00013436377,292.19507,292.8457,292.89673,293.05908,293.3667,0.38519287,0.3744049,0.375,0.4015808,83002.19,291.73096,-0.4916029,0.01795578,41.680004,-47.63593,152.98809178670248,101.16013065973918
Kabale,1999-01,17455.652201526806,0.9086567073077686,19.0,0.0,1.0,0.0186623533181755,1.0000305189751728,2.000030518975173,-1.242,29.9856,-1.0,30.00000000000001,0.0055183214,0.0007946417,-0.0034359759,286.96704,1.0,0.00020951033,291.9336,292.5901,292.63013,292.8037,293.1714,0.4151001,0.4139099,0.39276123,0.39801025,82914.69,291.3899,-0.3237791,0.10047054,73.43982,5.633667,120.48149998982748,111.1267286936442
Kabale,1999-02,17455.652201526806,0.9086567073077686,19.0,0.0,1.0,0.0186623533181755,1.0000305189751728,2.000030518975173,-1.242,29.9856,-1.0,30.00000000000001,0.0017394967,0.0003342852,-0.0035516517,285.06494,1.0,6.189942e-05,293.4121,293.89575,293.77002,293.39307,293.09082,0.3316803,0.33818054,0.37828064,0.39790344,82902.31,293.22876,-0.70155716,0.21891117,21.668036,-59.206573,45.5959529876709,105.59018230438232
Kabale,1999-03,17455.652201526806,0.9086567073077686,19.0,0.0,1.0,0.0186623533181755,1.0000305189751728,2.000030518975173,-1.242,29.9856,-1.0,30.00000000000001,0.0073583117,0.0008376986,-0.003451054,287.66577,1.0,0.00025339425,292.5681,293.21704,293.2317,293.29297,293.23047,0.42749023,0.42323303,0.3986969,0.3965454,82863.56,291.8506,-0.24363232,0.22437,202.62921,73.83763,99.24568875630696,126.11689027150472
Kabale,1999-04,17455.652201526806,0.9086567073077686,19.0,0.0,1.0,0.0186623533181755,1.0000305189751728,2.000030518975173,-1.242,29.9856,-1.0,30.00000000000001,0.0053138197,0.0013316721,-0.00351593,287.74634,1.0,0.0002014637,292.43774,293.0879,293.13965,293.2578,293.25903,0.4206543,0.42808533,0.42752075,0.40927124,83019.19,291.927,-0.9790554,1.0357628,93.005356,-50.290848,105.76753425598145,113.12451712290446
Kabale,1999-05,17455.652201526806,0.9086567073077686,19.0,0.0,1.0,0.0186623533181755,1.0000305189751728,2.000030518975173,-1.242,29.9856,-1.0,30.00000000000001,0.0020520317,0.0008953586,-0.003331801,286.42896,1.0,9.3728304e-05,291.83887,292.3894,292.43652,292.62134,293.08374,0.38848877,0.40138245,0.41340637,0.41149902,83073.625,291.72754,-1.0557919,1.2566614,81.62844,-26.367805,125.75433603922528,85.67514451344807
Kabale,1999-06,17455.652201526806,0.9086567073077686,19.0,0.0,1.0,0.0186623533181755,1.0000305189751728,2.000030518975173,-1.242,29.9856,-1.0,30.00000000000001,0.00020075182,0.00052933395,-0.002546873,283.6167,1.0,1.2278557e-05,292.7705,293.2002,293.1228,292.95117,292.91992,0.24186707,0.29000854,0.3522644,0.40419006,83094.31,292.55127,-1.0467043,1.271532,60.249138,30.75301,78.2943115234375,88.77000013987224
Kabale,1999-07,17455.652201526806,0.9086567073077686,19.0,0.0,1.0,0.0186623533181755,1.0000305189751728,2.000030518975173,-1.242,29.9856,-1.0,30.00000000000001,0.00021292077,0.0003078282,-0.0015542815,282.1482,1.0,8.299947e-06,293.31445,293.7246,293.59766,293.3457,293.03223,0.19810486,0.240448,0.30680847,0.39286804,83142.0,292.61523,-0.90305805,1.0893078,0.0,-15.9670925,47.29252624511719,76.53003025054932
Kabale,1999-08,17455.652201526806,0.9086567073077686,19.0,0.0,1.0,0.0186623533181755,1.0000305189751728,2.000030518975173,-1.242,29.9856,-1.0,30.00000000000001,0.005204709,0.00052435696,-0.0025260122,285.89648,1.0,0.00016129017,292.41113,293.03076,293.1223,293.31274,293.22388,0.3506317,0.3126068,0.28915405,0.38282776,83129.25,291.60083,-0.6379757,0.70992374,95.79671,48.399918,52.015281677246094,88.88480885823567
Kabale,1999-09,17455.652201526806,0.9086567073077686,19.0,0.0,1.0,0.0186623533181755,1.0000305189751728,2.000030518975173,-1.242,29.9856,-1.0,30.00000000000001,0.0038307167,0.00044258684,-0.0032516485,285.9756,1.0,0.00013276935,292.4331,293.0298,293.0232,293.00806,293.13525,0.39437866,0.38490295,0.3352661,0.37628174,82995.56,291.80566,-0.7279129,0.6796541,87.271286,-13.542671,61.02266438802084,69.65848795572917
Kabale,1999-10,17455.652201526806,0.9086567073077686,19.0,0.0,1.0,0.0186623533181755,1.0000305189751728,2.000030518975173,-1.242,29.9856,-1.0,30.00000000000001,0.005536243,0.00065751374,-0.0035006814,286.73608,1.0,0.00018513203,292.3684,292.9944,292.99097,293.0144,293.0918,0.4171753,0.4198761,0.39489746,0.3777771,83005.75,291.73853,-0.34924984,0.28227615,107.02022,-17.915627,96.69607035319012,71.99429829915364
Kabale,1999-11,17455.652201526806,0.9086567073077686,19.0,0.0,1.0,0.0186623533181755,1.0000305189751728,2.000030518975173,-1.242,29.9856,-1.0,30.00000000000001,0.0063405875,0.0012051687,-0.0030417414,287.33057,1.0,0.00022284687,291.70483,292.38452,292.5005,292.81592,293.0586,0.42089844,0.4262085,0.40483093,0.38301086,82981.81,291.136,-0.6035433,0.35629654,108.74805,-14.830177,101.01318359375,76.51423263549805
Kabale,1999-12,17455.652201526806,0.9086567073077686,19.0,0.0,1.0,0.0186623533181755,1.0000305189751728,2.000030518975173,-1.242,29.9856,-1.0,30.00000000000001,0.005308494,0.0010623485,-0.003342376,287.30762,1.0,0.00021906197,291.6892,292.32227,292.34058,292.44946,292.8152,0.42781067,0.4335785,0.43475342,0.39988708,82983.94,291.05737,-0.6283159,0.3945999,58.7023,-30.613632,91.4901885986328,76.25642649332683
Kabale,2000-01,17455.652201526806,0.9086567073077686,19.0,0.0,1.0,0.0186623533181755,1.0000305189751728,2.000030518975173,-1.242,29.9856,-1.0,30.00000000000001,0.0025198008,0.00084791705,-0.0036819763,286.30176,1.0,0.00012414157,292.10718,292.66943,292.62183,292.55566,292.6714,0.4022827,0.40563965,0.41452026,0.4079895,82874.69,291.70093,-0.23291111,0.0058937073,56.936157,-10.869995,74.79550170898438,85.74578603108723
Kabale,2000-02,17455.652201526806,0.9086567073077686,19.0,0.0,1.0,0.0186623533181755,1.0000305189751728,2.000030518975173,-1.242,29.9856,-1.0,30.00000000000001,0.003532659,0.000701461,-0.0036451127,286.0161,1.0,0.00014615059,292.55176,293.1289,293.06836,292.88135,292.69556,0.38464355,0.38034058,0.37239075,0.4022522,82963.75,292.0017,-0.017464638,-0.08064747,62.47673,-18.39788,59.3717295328776,80.1924565633138
Kabale,2000-03,17455.652201526806,0.9086567073077686,19.0,0.0,1.0,0.0186623533181755,1.0000305189751728,2.000030518975173,-1.242,29.9856,-1.0,30.00000000000001,0.0052748583,0.00097253174,-0.0035208492,287.59106,1.0,0.00018596649,292.76953,293.38086,293.3457,293.24707,292.88843,0.41630554,0.4141693,0.37194824,0.39538574,82893.81,291.99976,-0.31307507,0.367342,106.600296,-22.191284,75.33772786458333,83.41395823160808
Kabale,2000-04,17455.652201526806,0.9086567073077686,19.0,0.0,1.0,0.0186623533181755,1.0000305189751728,2.000030518975173,-1.242,29.9856,-1.0,30.00000000000001,0.008070098,0.0028109998,-0.003489037,287.85156,1.0,0.00020031631,292.36963,292.99512,293.0044,293.01538,292.97852,0.42588806,0.43389893,0.42236328,0.39804077,82954.56,291.75146,-0.77868557,0.92479706,120.23622,-23.059982,96.43774922688802,85.6166254679362
Kabale,2000-05,17455.652201526806,0.9086567073077686,19.0,0.0,1.0,0.0186623533181755,1.0000305189751728,2.000030518975173,-1.242,29.9856,-1.0,30.00000000000001,0.0015128872,0.00071434677,-0.0033229943,286.92432,1.0,6.6548586e-05,292.49097,292.98608,292.97144,292.95972,292.98096,0.3657074,0.36791992,0.39996338,0.40504456,83062.125,292.30786,-0.8835373,1.024476,76.520584,-31.475662,101.11903381347656,80.24538167317708
Kabale,2000-06,17455.652201526806,0.9086567073077686,19.0,0.0,1.0,0.0186623533181755,1.0000305189751728,2.000030518975173,-1.242,29.9856,-1.0,30.00000000000001,0.00048117706,0.00045891106,-0.0025480166,284.13208,1.0,2.8818846e-05,292.32007,292.80347,292.83228,292.90576,292.9607,0.26785278,0.29626465,0.34197998,0.3968506,83119.94,292.17773,-0.91234016,1.1862688,5.87394,-23.622189,67.54358180363973,71.44065483411153
Kabale,2000-07,17455.652201526806,0.9086567073077686,19.0,0.0,1.0,0.0186623533181755,1.0000305189751728,2.000030518975173,-1.242,29.9856,-1.0,30.00000000000001,0.00032837034,0.0002732277,-0.001799765,282.66504,1.0,1.680851e-05,293.23535,293.63477,293.5122,293.2356,292.97803,0.22174072,0.24655151,0.30392456,0.38632202,83050.69,292.53687,-0.631547,0.9146013,17.025806,1.0587139,33.14011017481486,64.78892970085144
Kabale,2000-08,17455.652201526806,0.9086567073077686,19.0,0.0,1.0,0.0186623533181755,1.0000305189751728,2.000030518975173,-1.242,29.9856,-1.0,30.00000000000001,0.0019287721,0.00017948449,-0.0021845996,284.45703,1.0,8.140504e-05,293.2517,293.71265,293.63672,293.46484,293.1819,0.2906494,0.2638855,0.28179932,0.3762207,83095.69,292.40845,-0.57494926,0.6695099,24.966774,-22.430016,15.955506801605225,58.537270307540894
Kabale,2000-09,17455.652201526806,0.9086567073077686,19.0,0.0,1.0,0.0186623533181755,1.0000305189751728,2.000030518975173,-1.242,29.9856,-1.0,30.00000000000001,0.0014964672,0.000118896365,-0.0021165544,285.1914,1.0,5.108118e-05,294.06152,294.5503,294.46387,294.16577,293.4519,0.26922607,0.25523376,0.26885986,0.36721802,82979.06,292.8396,-0.8437395,0.63137054,34.67766,-66.13629,25.55674743652344,46.55016462008158
Kabale,2000-10,17455.652201526806,0.9086567073077686,19.0,0.0,1.0,0.0186623533181755,1.0000305189751728,2.000030518975173,-1.242,29.9856,-1.0,30.00000000000001,0.0067072837,0.00077043474,-0.003121009,287.0437,1.0,0.00016276538,292.63452,293.2683,293.3064,293.4226,293.57397,0.40220642,0.38949585,0.29774475,0.3603363,83022.75,291.8933,-0.4592991,0.31603527,176.522,51.58616,78.72214635213216,55.93112826347351
Kabale,2000-11,17455.652201526806,0.9086567073077686,19.0,0.0,1.0,0.0186623533181755,1.0000305189751728,2.000030518975173,-1.242,29.9856,-1.0,30.00000000000001,0.008179672,0.002213627,-0.003301803,287.55054,1.0,0.00021411479,292.13037,292.84302,292.94238,293.22778,293.4934,0.43011475,0.4328766,0.39994812,0.36112976,82936.75,291.45605,-0.23114681,0.09994793,179.10742,55.529198,130.10236231486002,73.02893455823262
Kabale,2000-12,17455.652201526806,0.9086567073077686,19.0,0.0,1.0,0.0186623533181755,1.0000305189751728,2.000030518975173,-1.242,29.9856,-1.0,30.00000000000001,0.0070891744,0.0010483563,-0.0034090895,287.64844,1.0,0.0002811402,291.8047,292.50708,292.54834,292.71973,293.2212,0.4381256,0.44319153,0.43641663,0.38371277,83010.75,291.1057,-0.22765827,0.05387211,64.78579,-24.530144,140.1384048461914,82.84757614135742
Kabale,2001-01,17455.652201526806,0.9086567073077686,19.0,0.0,1.0,0.0186623533181755,1.0000305189751728,2.000030518975173,-1.242,29.9856,-1.0,30.00000000000001,0.0036429903,0.0011939853,-0.0034079514,286.71558,1.0,0.00016249716,291.94458,292.5454,292.57373,292.69507,292.98804,0.42034912,0.4223175,0.42904663,0.40779114,82994.75,291.35303,0.51260567,-0.2847891,78.45031,10.644157,107.44784037272136,93.08499336242676
Kabale,2001-02,17455.652201526806,0.9086567073077686,19.0,0.0,1.0,0.0186623533181755,1.0000305189751728,2.000030518975173,-1.242,29.9856,-1.0,30.00000000000001,0.0040966873,0.0011517182,-0.0036273627,286.74292,1.0,0.00012879074,292.76733,293.29443,293.2107,293.01636,292.9087,0.40296936,0.40473938,0.40144348,0.40567017,82931.69,292.3059,-0.40061092,0.075445175,37.381557,-43.493053,60.20588556925456,95.1541239420573
Kabale,2001-03,17455.652201526806,0.9086567073077686,19.0,0.0,1.0,0.0186623533181755,1.0000305189751728,2.000030518975173,-1.242,29.9856,-1.0,30.00000000000001,0.004971479,0.0009155944,-0.0034863069,287.27612,1.0,0.00016076863,292.72168,293.3274,293.32422,293.28198,293.05542,0.41189575,0.4108734,0.391037,0.40045166,82965.25,292.1494,-0.45993614,0.31022263,123.25643,-5.5351486,79.69609959920247,109.91725222269694
Kabale,2001-04,17455.652201526806,0.9086567073077686,19.0,0.0,1.0,0.0186623533181755,1.0000305189751728,2.000030518975173,-1.242,29.9856,-1.0,30.00000000000001,0.0059450185,0.0016268194,-0.0035824021,288.0835,1.0,0.0002002716,292.6067,293.21777,293.20068,293.1687,293.12085,0.42092896,0.42814636,0.4293213,0.40644836,82998.375,292.00024,-0.90241146,0.9509945,138.22136,-5.0748444,99.61978276570638,103.53381156921388
Kabale,2001-05,17455.652201526806,0.9086567073077686,19.0,0.0,1.0,0.0186623533181755,1.0000305189751728,2.000030518975173,-1.242,29.9856,-1.0,30.00000000000001,0.003205142,0.0011389256,-0.0033473354,287.32812,1.0,0.00013570487,292.14282,292.7517,292.82666,293.00317,293.12573,0.40057373,0.40229797,0.41337585,0.40963745,83097.69,291.90405,-0.86154556,1.2128735,67.30318,-40.69307,109.59365590413412,84.89977073669434
Kabale,2001-06,17455.652201526806,0.9086567073077686,19.0,0.0,1.0,0.0186623533181755,1.0000305189751728,2.000030518975173,-1.242,29.9856,-1.0,30.00000000000001,0.00086512207,0.0006374568,-0.002908701,285.09814,1.0,5.7190657e-05,291.75952,292.25122,292.27856,292.4314,292.90576,0.3282318,0.3408661,0.3625183,0.4031372,83154.25,291.61914,-0.5938349,0.99210644,16.111872,-13.384256,73.87880261739095,76.78745110829671
Kabale,2001-07,17455.652201526806,0.9086567073077686,19.0,0.0,1.0,0.0186623533181755,1.0000305189751728,2.000030518975173,-1.242,29.9856,-1.0,30.00000000000001,0.0028601538,0.00046767294,-0.0025768867,284.771,1.0,9.88394e-05,292.25146,292.78906,292.7932,292.79785,292.7815,0.31600952,0.31799316,0.32389832,0.39285278,83142.625,291.73413,-0.51709366,0.7991924,56.75099,40.783897,46.72201347351074,73.17089811960857
Kabale,2001-08,17455.652201526806,0.9086567073077686,19.0,0.0,1.0,0.0186623533181755,1.0000305189751728,2.000030518975173,-1.242,29.9856,-1.0,30.00000000000001,0.0031712337,0.0004357174,-0.0030316226,285.52173,1.0,0.00010845065,292.65552,293.0874,292.979,292.76465,292.73633,0.36846924,0.3759308,0.33779907,0.38478088,83173.19,292.17822,-0.32414627,0.6997471,56.87481,9.47802,43.24589093526205,76.41977341969807
Kabale,2001-09,17455.652201526806,0.9086567073077686,19.0,0.0,1.0,0.0186623533181755,1.0000305189751728,2.000030518975173,-1.242,29.9856,-1.0,30.00000000000001,0.0053703403,0.00051006675,-0.0033454094,286.61816,1.0,0.00018550456,293.0459,293.66284,293.62207,293.4668,292.97046,0.39927673,0.38798523,0.3461609,0.37886047,83017.81,292.13452,-0.42596722,0.4744997,136.67706,35.863106,83.43428802490234,78.65654532114665
Kabale,2001-10,17455.652201526806,0.9086567073077686,19.0,0.0,1.0,0.0186623533181755,1.0000305189751728,2.000030518975173,-1.242,29.9856,-1.0,30.00000000000001,0.007675158,0.0016428679,-0.0033183196,287.68115,1.0,0.00018155575,292.62134,293.23657,293.24658,293.22437,293.10986,0.42088318,0.42533875,0.41752625,0.38528442,83039.06,291.79126,-0.30222607,0.32946396,202.53807,77.60223,132.0299809773763,89.37599722544353
Kabale,2001-11,17455.652201526806,0.9086567073077686,19.0,0.0,1.0,0.0186623533181755,1.0000305189751728,2.000030518975173,-1.242,29.9856,-1.0,30.00000000000001,0.00720976,0.0027144924,-0.0032421881,287.79077,1.0,0.00023128092,291.88965,292.55615,292.59766,292.78955,293.0708,0.42852783,0.43519592,0.4485321,0.41690063,83040.625,291.15576,-0.4676695,0.36187935,163.6195,40.041283,167.6115468343099,105.42871888478597
Kabale,2001-12,17455.652201526806,0.9086567073077686,19.0,0.0,1.0,0.0186623533181755,1.0000305189751728,2.000030518975173,-1.242,29.9856,-1.0,30.00000000000001,0.0052674324,0.0023904592,-0.0034104092,287.57593,1.0,0.00020386279,292.16357,292.7754,292.771,292.78296,292.93042,0.41622925,0.41792297,0.42027283,0.42988586,82998.875,291.56177,-0.53991604,0.19173717,91.942276,2.6263428,152.699951171875,118.06711959838869
Kabale,2002-01,17455.652201526806,0.9086567073077686,19.0,0.0,1.0,0.0186623533181755,1.0000305189751728,2.000030518975173,-1.242,29.9856,-1.0,30.00000000000001,0.0044059595,0.0013872683,-0.0033384776,287.5669,1.0,0.00020085275,292.12158,292.7273,292.74927,292.80493,292.8811,0.4243164,0.42582703,0.41452026,0.42555237,83030.625,291.4629,0.026889801,-0.020874977,172.6405,104.83435,142.73409525553384,137.38203811645508
Kabale,2002-02,17455.652201526806,0.9086567073077686,19.0,0.0,1.0,0.0186623533181755,1.0000305189751728,2.000030518975173,-1.242,29.9856,-1.0,30.00000000000001,0.0028609796,0.000856705,-0.0035117203,286.77246,1.0,0.000108510256,293.094,293.58008,293.48853,293.2251,292.92236,0.37924194,0.37739563,0.3786621,0.41879272,83012.125,292.8496,-0.43888474,0.2525816,86.940735,6.066124,117.17450459798177,142.39302571614584
Kabale,2002-03,17455.652201526806,0.9086567073077686,19.0,0.0,1.0,0.0186623533181755,1.0000305189751728,2.000030518975173,-1.242,29.9856,-1.0,30.00000000000001,0.008945919,0.0023471564,-0.003637853,288.29785,1.0,0.00025506318,293.0293,293.63916,293.5752,293.44092,293.11768,0.43341064,0.4392395,0.43243408,0.41993713,82961.625,292.2163,-0.3660469,0.35360622,74.269905,-54.521675,111.2837142944336,131.9918327331543
Kabale,2002-04,17455.652201526806,0.9086567073077686,19.0,0.0,1.0,0.0186623533181755,1.0000305189751728,2.000030518975173,-1.242,29.9856,-1.0,30.00000000000001,0.005934547,0.0022718683,-0.003484713,288.38086,1.0,0.00021624565,292.52808,293.18774,293.23096,293.29834,293.26,0.42427063,0.43026733,0.4365692,0.4312744,82908.125,291.9768,-0.8476391,1.0423269,113.33736,-29.958847,91.51599884033205,117.12504704793294
Kabale,2002-05,17455.652201526806,0.9086567073077686,19.0,0.0,1.0,0.0186623533181755,1.0000305189751728,2.000030518975173,-1.242,29.9856,-1.0,30.00000000000001,0.007335645,0.0061592907,-0.0033282219,287.70557,1.0,0.00017979741,292.60962,293.15527,293.13672,293.13257,293.20386,0.39151,0.4036255,0.42181396,0.45181274,83098.31,292.12378,-0.7153683,0.9106016,197.06494,89.068695,128.22406768798828,122.69928614298504
Kabale,2002-06,17455.652201526806,0.9086567073077686,19.0,0.0,1.0,0.0186623533181755,1.0000305189751728,2.000030518975173,-1.242,29.9856,-1.0,30.00000000000001,0.00044183925,0.0012906864,-0.002389105,283.81665,1.0,1.8209219e-05,293.18408,293.62012,293.54517,293.36865,293.2202,0.23634338,0.2778473,0.32687378,0.43493652,83166.81,292.86108,-0.7475586,1.0244951,2.7301278,-26.766,104.37747526168825,107.83059477806091
Kabale,2002-07,17455.652201526806,0.9086567073077686,19.0,0.0,1.0,0.0186623533181755,1.0000305189751728,2.000030518975173,-1.242,29.9856,-1.0,30.00000000000001,0.00011801095,0.0005183965,-0.0015896149,282.37988,1.0,6.7949295e-06,294.2063,294.61816,294.43848,293.9973,293.41357,0.20365906,0.23596191,0.29237366,0.4153595,83186.81,293.42358,-1.0064812,1.0612803,9.358109,-6.608983,69.71772623062134,80.61686253547668
Kabale,2002-08,17455.652201526806,0.9086567073077686,19.0,0.0,1.0,0.0186623533181755,1.0000305189751728,2.000030518975173,-1.242,29.9856,-1.0,30.00000000000001,0.000464831,0.00026946515,-0.0014186706,283.8623,1.0,2.3901463e-05,294.44507,294.86646,294.7085,294.32886,293.74927,0.20904541,0.21923828,0.27398682,0.39970398,83137.125,293.14526,-0.97777367,0.96255684,34.489902,-12.906887,15.526046593983969,71.87505714098613
Kabale,2002-09,17455.652201526806,0.9086567073077686,19.0,0.0,1.0,0.0186623533181755,1.0000305189751728,2.000030518975173,-1.242,29.9856,-1.0,30.00000000000001,0.0011851968,0.00016331673,-0.0018369546,285.1477,1.0,4.900992e-05,294.37598,294.89917,294.84204,294.67407,294.12354,0.25013733,0.22776794,0.26228333,0.38679504,83074.875,293.06665,-1.1484852,0.78630733,64.528946,-36.28501,36.12565263112386,70.25156394640605
Kabale,2002-10,17455.652201526806,0.9086567073077686,19.0,0.0,1.0,0.0186623533181755,1.0000305189751728,2.000030518975173,-1.242,29.9856,-1.0,30.00000000000001,0.0050580483,0.00027669966,-0.0027729077,287.2378,1.0,0.00015538931,292.79663,293.5376,293.69385,294.07812,294.22925,0.37719727,0.32824707,0.26086426,0.37661743,82986.94,291.9231,-0.61759377,0.45931625,148.74841,23.812569,82.58908716837566,76.15340669949849
Kabale,2002-11,17455.652201526806,0.9086567073077686,19.0,0.0,1.0,0.0186623533181755,1.0000305189751728,2.000030518975173,-1.242,29.9856,-1.0,30.00000000000001,0.008319247,0.0019675046,-0.0033453293,287.60547,1.0,0.00023697317,292.15283,292.8733,292.9375,293.18262,293.90283,0.43112183,0.43148804,0.35594177,0.37139893,83042.75,291.32422,-0.40092373,0.27059746,91.72752,-31.8507,101.66829427083331,58.59717043240865
Kabale,2002-12,17455.652201526806,0.9086567073077686,19.0,0.0,1.0,0.0186623533181755,1.0000305189751728,2.000030518975173,-1.242,29.9856,-1.0,30.00000000000001,0.0048610093,0.0004942715,-0.0033226917,287.7246,1.0,0.00019155443,292.17554,292.82764,292.89136,293.11157,293.59033,0.4259491,0.42962646,0.4209137,0.38246155,83087.31,291.58813,-0.13412571,0.1328125,101.670654,12.354721,114.04886372884114,75.0872581799825
Kabale,2003-01,17455.652201526806,0.9086567073077686,19.0,0.0,1.0,0.0186623533181755,1.0000305189751728,2.000030518975173,-1.242,29.9856,-1.0,30.00000000000001,0.0044115596,0.00055490434,-0.0037440285,286.7788,1.0,0.00017696619,292.8474,293.43774,293.4099,293.3767,293.42334,0.41459656,0.4172821,0.41107178,0.39335632,83082.69,292.44946,-0.2371149,-0.08769703,62.33693,-5.469223,85.24503580729167,83.91706148783366
Kabale,2003-02,17455.652201526806,0.9086567073077686,19.0,0.0,1.0,0.0186623533181755,1.0000305189751728,2.000030518975173,-1.242,29.9856,-1.0,30.00000000000001,0.0024648379,0.00036787987,-0.0036318684,285.83374,1.0,9.056926e-05,294.16577,294.62744,294.49756,294.08936,293.54224,0.35157776,0.3605194,0.3841095,0.39382935,82978.75,293.89136,-0.26706028,-0.063355446,52.94475,-27.92986,72.317445119222,86.99286969502766
Kabale,2003-03,17455.652201526806,0.9086567073077686,19.0,0.0,1.0,0.0186623533181755,1.0000305189751728,2.000030518975173,-1.242,29.9856,-1.0,30.00000000000001,0.00485673,0.00053133816,-0.0036132215,287.1985,1.0,0.00017425418,293.59814,294.21948,294.21606,294.20728,293.8452,0.3983612,0.39698792,0.3635254,0.38848877,82942.06,293.0608,-0.4596672,0.26713753,77.62157,-51.170013,64.30108261108398,89.17497316996257
Kabale,2003-04,17455.652201526806,0.9086567073077686,19.0,0.0,1.0,0.0186623533181755,1.0000305189751728,2.000030518975173,-1.242,29.9856,-1.0,30.00000000000001,0.0057598758,0.00093925,-0.0035065818,287.95752,1.0,0.00020627677,293.1294,293.75146,293.7744,293.84253,293.91797,0.4104309,0.41220093,0.39271545,0.38754272,82995.5,292.57227,-0.6589298,0.7545376,148.57172,5.2755127,93.04601160685222,89.14552370707194
Kabale,2003-05,17455.652201526806,0.9086567073077686,19.0,0.0,1.0,0.0186623533181755,1.0000305189751728,2.000030518975173,-1.242,29.9856,-1.0,30.00000000000001,0.007459499,0.0037006885,-0.0034326045,288.0459,1.0,0.00019019842,292.62598,293.2517,293.30933,293.46118,293.77002,0.4043579,0.41264343,0.4396057,0.4193573,83117.44,292.1814,-0.93736935,1.1197586,139.07816,31.08191,121.75714619954428,97.03729565938312
Kabale,2003-06,17455.652201526806,0.9086567073077686,19.0,0.0,1.0,0.0186623533181755,1.0000305189751728,2.000030518975173,-1.242,29.9856,-1.0,30.00000000000001,0.0003698218,0.0010054708,-0.0026562149,285.01733,1.0,2.321601e-05,292.46973,292.96655,293.03198,293.24292,293.58154,0.27212524,0.3084259,0.36158752,0.41729736,83103.31,292.34375,-0.8316307,1.2050419,36.948837,7.452709,108.19956970214844,86.25032615661621
Kabale,2003-07,17455.652201526806,0.9086567073077686,19.0,0.0,1.0,0.0186623533181755,1.0000305189751728,2.000030518975173,-1.242,29.9856,-1.0,30.00000000000001,0.0005080292,0.00047194958,-0.0019846708,283.03833,1.0,1.5184283e-05,292.98486,293.4016,293.30078,293.1494,293.375,0.23231506,0.2529297,0.31407166,0.40353394,83184.06,292.62036,-0.71803284,1.0425854,8.419082,-7.548011,61.48202482859293,77.26401821772258
Kabale,2003-08,17455.652201526806,0.9086567073077686,19.0,0.0,1.0,0.0186623533181755,1.0000305189751728,2.000030518975173,-1.242,29.9856,-1.0,30.00000000000001,0.004014711,0.0004429072,-0.0024631787,284.6045,1.0,0.000116854906,293.99316,294.5481,294.46973,294.22266,293.5652,0.31744385,0.30030823,0.29252625,0.39085388,83123.125,293.10132,-0.34934235,0.53048897,61.804802,14.408012,35.72424030303955,78.74069325129192
Kabale,2003-09,17455.652201526806,0.9086567073077686,19.0,0.0,1.0,0.0186623533181755,1.0000305189751728,2.000030518975173,-1.242,29.9856,-1.0,30.00000000000001,0.0031045957,0.0003270954,-0.0031272154,286.79004,1.0,0.00010433793,292.99927,293.55713,293.55786,293.58594,293.688,0.3901062,0.38883972,0.32873535,0.38302612,83101.75,292.22632,-0.7171612,0.5802984,128.63425,27.82029,66.28604348500569,87.24280659357707
Kabale,2003-10,17455.652201526806,0.9086567073077686,19.0,0.0,1.0,0.0186623533181755,1.0000305189751728,2.000030518975173,-1.242,29.9856,-1.0,30.00000000000001,0.0052160094,0.00080729276,-0.0034249192,287.07983,1.0,0.00014553964,293.37183,293.96338,293.96558,293.92993,293.73193,0.39570618,0.39004517,0.35440063,0.3776245,82990.69,292.7776,-0.80328655,0.5264816,112.83983,-12.096016,101.09295908610028,81.2874919573466
Kabale,2003-11,17455.652201526806,0.9086567073077686,19.0,0.0,1.0,0.0186623533181755,1.0000305189751728,2.000030518975173,-1.242,29.9856,-1.0,30.00000000000001,0.0061154854,0.0009823292,-0.0032405234,287.74194,1.0,0.00018776953,292.23242,292.91284,292.99683,293.25024,293.6538,0.42318726,0.42922974,0.3929901,0.37606812,82972.0,291.65527,-0.61248016,0.40999413,119.75795,-3.8202744,120.41067504882812,78.06745767593384
Kabale,2003-12,17455.652201526806,0.9086567073077686,19.0,0.0,1.0,0.0186623533181755,1.0000305189751728,2.000030518975173,-1.242,29.9856,-1.0,30.00000000000001,0.004531304,0.000871636,-0.0036078412,286.60107,1.0,0.00018031895,292.46313,293.05127,293.02124,293.0498,293.40283,0.40740967,0.41879272,0.42843628,0.3925476,83018.69,292.15063,-0.39269638,0.045087814,57.807266,-31.508667,96.80168151855467,81.5438625017802
Kabale,2004-01,17455.652201526806,0.9086567073077686,19.0,0.0,1.0,0.0186623533181755,1.0000305189751728,2.000030518975173,-1.242,29.9856,-1.0,30.00000000000001,0.0037703402,0.0005308315,-0.0036225086,287.35474,1.0,0.00017130375,293.16553,293.74268,293.71313,293.59937,293.39136,0.39549255,0.3824005,0.38500977,0.39593506,82943.25,292.8523,-0.2516098,0.06550503,95.51819,27.712036,91.02780151367188,96.06038029988606
Kabale,2004-02,17455.652201526806,0.9086567073077686,19.0,0.0,1.0,0.0186623533181755,1.0000305189751728,2.000030518975173,-1.242,29.9856,-1.0,30.00000000000001,0.004140904,0.0005971715,-0.003464668,286.4746,1.0,0.00013327599,293.89087,294.39087,294.30054,294.0559,293.58252,0.36505127,0.36920166,0.36479187,0.3904724,83011.19,293.37622,-0.17489147,0.020484924,108.84104,27.96643,87.38883209228516,103.89975357055664
Kabale,2004-03,17455.652201526806,0.9086567073077686,19.0,0.0,1.0,0.0186623533181755,1.0000305189751728,2.000030518975173,-1.242,29.9856,-1.0,30.00000000000001,0.004798972,0.0006975904,-0.003639819,287.80127,1.0,0.00015379488,293.8423,294.3684,294.3098,294.11572,293.80493,0.41281128,0.41229248,0.38278198,0.38598633,82962.625,293.27466,-0.5445833,0.46898174,140.5328,11.741226,114.9640121459961,105.8828468322754
Kabale,2004-04,17455.652201526806,0.9086567073077686,19.0,0.0,1.0,0.0186623533181755,1.0000305189751728,2.000030518975173,-1.242,29.9856,-1.0,30.00000000000001,0.0059265876,0.0011387691,-0.0033734124,288.43408,1.0,0.00022123754,292.58643,293.25977,293.344,293.62573,293.86133,0.43177795,0.43670654,0.43089294,0.396286,83009.375,292.04004,-0.68376637,0.8547287,154.7573,11.46109,134.71038055419922,112.86909103393556
Kabale,2004-05,17455.652201526806,0.9086567073077686,19.0,0.0,1.0,0.0186623533181755,1.0000305189751728,2.000030518975173,-1.242,29.9856,-1.0,30.00000000000001,0.0030954678,0.0013566539,-0.003467571,286.52612,1.0,0.000119134784,292.94556,293.49976,293.54077,293.61304,293.7202,0.3726654,0.39175415,0.42118835,0.40847778,83112.625,292.71094,-0.7716389,1.079463,122.44725,14.451004,139.24578348795572,113.31730779012044
Kabale,2004-06,17455.652201526806,0.9086567073077686,19.0,0.0,1.0,0.0186623533181755,1.0000305189751728,2.000030518975173,-1.242,29.9856,-1.0,30.00000000000001,0.00039779136,0.0006118864,-0.002506961,283.35132,1.0,2.8848648e-05,292.89136,293.33984,293.3662,293.4319,293.60864,0.25297546,0.2875061,0.35043335,0.40185547,83248.44,292.8401,-1.1040545,1.3897457,0.9283598,-28.567768,92.71096795797348,103.8374900519848
Kabale,2004-07,17455.652201526806,0.9086567073077686,19.0,0.0,1.0,0.0186623533181755,1.0000305189751728,2.000030518975173,-1.242,29.9856,-1.0,30.00000000000001,0.0012954418,0.00034072995,-0.0018718075,281.72046,1.0,4.5374036e-05,293.5503,294.01953,293.90356,293.69092,293.573,0.2264862,0.24578857,0.30638123,0.3901825,83110.56,293.08594,-0.6953268,0.9806986,17.075201,1.1081085,46.81693706909815,90.76365881164868
Kabale,2004-08,17455.652201526806,0.9086567073077686,19.0,0.0,1.0,0.0186623533181755,1.0000305189751728,2.000030518975173,-1.242,29.9856,-1.0,30.00000000000001,0.004228719,0.00037163496,-0.0031044213,285.62402,1.0,0.00013515353,293.3047,293.8291,293.80322,293.75854,293.6704,0.39074707,0.37113953,0.3152771,0.38098145,83154.56,292.74365,-0.5216541,0.5910568,41.528397,-5.868393,19.843985815842945,79.54488465189934
Kabale,2004-09,17455.652201526806,0.9086567073077686,19.0,0.0,1.0,0.0186623533181755,1.0000305189751728,2.000030518975173,-1.242,29.9856,-1.0,30.00000000000001,0.005716743,0.00071054697,-0.0032380996,286.49097,1.0,0.00016255677,292.88086,293.5381,293.6062,293.71802,293.71143,0.4011383,0.39761353,0.35499573,0.37571716,83039.56,292.15356,-0.5113239,0.5492687,112.66899,11.855034,57.0908629099528,74.90091543396314
Kabale,2004-10,17455.652201526806,0.9086567073077686,19.0,0.0,1.0,0.0186623533181755,1.0000305189751728,2.000030518975173,-1.242,29.9856,-1.0,30.00000000000001,0.004972201,0.00074409693,-0.0032367157,287.15015,1.0,0.00013761222,292.36914,293.00195,293.06445,293.2881,293.61157,0.41534424,0.4176941,0.38882446,0.37483215,83025.125,291.86743,-0.7386303,0.5469637,78.98972,-45.94612,77.72903696695964,62.27298701802889
Kabale,2004-11,17455.652201526806,0.9086567073077686,19.0,0.0,1.0,0.0186623533181755,1.0000305189751728,2.000030518975173,-1.242,29.9856,-1.0,30.00000000000001,0.0056028455,0.0010293424,-0.0032600705,287.6233,1.0,0.0001938343,292.1587,292.7837,292.81104,292.9453,293.36523,0.43266296,0.43736267,0.4227295,0.38380432,83008.75,291.5232,-0.4569416,0.27886295,74.99158,-48.586647,88.88343048095703,54.36370814839999
Kabale,2004-12,17455.652201526806,0.9086567073077686,19.0,0.0,1.0,0.0186623533181755,1.0000305189751728,2.000030518975173,-1.242,29.9856,-1.0,30.00000000000001,0.0055205408,0.0010082498,-0.003563649,287.7351,1.0,0.00024995208,292.57568,293.2002,293.1853,293.1516,293.23193,0.43814087,0.43875122,0.43269348,0.39968872,82971.25,292.0647,-0.3948555,0.035074234,93.4931,4.17717,82.49146779378255,69.79116535186768
Kabale,2005-01,17455.652201526806,0.9086567073077686,19.0,0.0,1.0,0.0186623533181755,1.0000305189751728,2.000030518975173,-1.242,29.9856,-1.0,30.00000000000001,0.0031749934,0.0010247678,-0.0036317166,286.4602,1.0,0.00015453994,293.1631,293.68384,293.62866,293.51562,293.2832,0.39663696,0.39471436,0.40325928,0.40582275,83000.69,293.01074,-0.24763012,-0.010914803,71.61874,3.812584,80.0344721476237,78.88175455729167
Kabale,2005-02,17455.652201526806,0.9086567073077686,19.0,0.0,1.0,0.0186623533181755,1.0000305189751728,2.000030518975173,-1.242,29.9856,-1.0,30.00000000000001,0.0028972055,0.0008333102,-0.0036566155,285.82935,1.0,9.264052e-05,294.85474,295.23462,294.99585,294.26953,293.5105,0.3547058,0.36923218,0.37042236,0.3992157,82920.625,294.63745,-0.8203888,0.2586546,68.35263,-12.52198,77.82148996988933,83.35246022542317
Kabale,2005-03,17455.652201526806,0.9086567073077686,19.0,0.0,1.0,0.0186623533181755,1.0000305189751728,2.000030518975173,-1.242,29.9856,-1.0,30.00000000000001,0.005288981,0.0008195117,-0.003615952,287.85034,1.0,0.00018160045,293.75513,294.3711,294.3789,294.43555,293.96313,0.415802,0.41384888,0.36750793,0.39187622,83017.125,293.16113,-0.5596056,0.3929491,156.47787,27.686295,98.81641387939452,90.65394083658856
Kabale,2005-04,17455.652201526806,0.9086567073077686,19.0,0.0,1.0,0.0186623533181755,1.0000305189751728,2.000030518975173,-1.242,29.9856,-1.0,30.00000000000001,0.005275767,0.0009370148,-0.0037615132,288.35498,1.0,0.0001693666,293.8213,294.4121,294.38843,294.31226,294.1128,0.40859985,0.4135437,0.40745544,0.39183044,82998.875,293.26367,-0.87833977,0.9553604,132.99365,-10.302551,119.27471923828124,99.65459569295248
Kabale,2005-05,17455.652201526806,0.9086567073077686,19.0,0.0,1.0,0.0186623533181755,1.0000305189751728,2.000030518975173,-1.242,29.9856,-1.0,30.00000000000001,0.0070466073,0.0019635186,-0.0034477282,288.15942,1.0,0.0002539903,292.54614,293.26,293.37866,293.71704,294.07568,0.4308014,0.4343872,0.4311676,0.4033661,83102.94,292.03345,-0.6409807,0.81031704,96.54645,-11.449799,128.67265828450522,103.24707412719728
Kabale,2005-06,17455.652201526806,0.9086567073077686,19.0,0.0,1.0,0.0186623533181755,1.0000305189751728,2.000030518975173,-1.242,29.9856,-1.0,30.00000000000001,0.0018343017,0.0009673536,-0.0032068817,286.39624,1.0,8.845329e-05,292.1687,292.7202,292.8191,293.12695,293.76123,0.3882904,0.39614868,0.408432,0.40577698,83131.31,292.18213,-0.7876463,1.0009365,24.662552,-4.833576,84.73421732584636,91.77531560262044
Kabale,2005-07,17455.652201526806,0.9086567073077686,19.0,0.0,1.0,0.0186623533181755,1.0000305189751728,2.000030518975173,-1.242,29.9856,-1.0,30.00000000000001,0.0013242646,0.0005770549,-0.0026622294,283.563,1.0,4.425645e-05,292.6792,293.12598,293.09717,293.06714,293.41602,0.28834534,0.30441284,0.35202026,0.39839172,83211.06,292.63916,-0.73297215,1.0897818,1.0620071,-14.905086,40.75700223445892,80.01586073637009
Kabale,2005-08,17455.652201526806,0.9086567073077686,19.0,0.0,1.0,0.0186623533181755,1.0000305189751728,2.000030518975173,-1.242,29.9856,-1.0,30.00000000000001,0.00530525,0.00092738867,-0.0031496529,286.08545,1.0,0.00014732778,293.20435,293.76025,293.75244,293.69385,293.44263,0.3918457,0.3782196,0.34970093,0.38935852,83108.375,292.59302,-0.5490961,0.6168518,63.16536,15.76857,29.62997281551361,79.15131555000941
Kabale,2005-09,17455.652201526806,0.9086567073077686,19.0,0.0,1.0,0.0186623533181755,1.0000305189751728,2.000030518975173,-1.242,29.9856,-1.0,30.00000000000001,0.00694522,0.0015861243,-0.0033392524,287.27368,1.0,0.00018191338,293.14478,293.6958,293.64746,293.56616,293.5149,0.41264343,0.41975403,0.41674805,0.39219666,83076.5,292.46924,-0.45378494,0.36566734,75.50929,-25.304665,46.57888638973236,65.65655185778935
Kabale,2005-10,17455.652201526806,0.9086567073077686,19.0,0.0,1.0,0.0186623533181755,1.0000305189751728,2.000030518975173,-1.242,29.9856,-1.0,30.00000000000001,0.0062270765,0.0015002787,-0.0033839848,287.19165,1.0,0.00019726157,292.52173,293.18433,293.23633,293.3872,293.51367,0.42227173,0.42687988,0.42648315,0.40454102,83040.81,291.90015,-0.47651482,0.38456059,92.9908,-31.945045,77.22181701660156,58.98940962553024
Kabale,2005-11,17455.652201526806,0.9086567073077686,19.0,0.0,1.0,0.0186623533181755,1.0000305189751728,2.000030518975173,-1.242,29.9856,-1.0,30.00000000000001,0.004700767,0.0015236661,-0.0034224326,287.49048,1.0,0.00018008053,292.46362,293.10254,293.12427,293.20215,293.40283,0.42819214,0.43206787,0.43267822,0.4154358,82978.56,291.85938,-0.5964279,0.2930174,54.537254,-69.04097,74.34578196207683,51.98787738879522
Kabale,2005-12,17455.652201526806,0.9086567073077686,19.0,0.0,1.0,0.0186623533181755,1.0000305189751728,2.000030518975173,-1.242,29.9856,-1.0,30.00000000000001,0.002898688,0.0011622161,-0.0035126796,286.48828,1.0,0.0001218766,292.6067,293.15283,293.13257,293.1223,293.27368,0.39744568,0.40145874,0.4080963,0.41423035,82898.31,292.40137,-0.4678421,0.046427727,36.998768,-52.317165,61.50894037882487,54.04391338427862
Kabale,2006-01,17455.652201526806,0.9086567073077686,19.0,0.0,1.0,0.0186623533181755,1.0000305189751728,2.000030518975173,-1.242,29.9856,-1.0,30.00000000000001,0.0045568147,0.000958316,-0.0037137792,286.64893,1.0,0.00018399954,292.77075,293.36206,293.3252,293.2505,293.25342,0.3977356,0.39390564,0.3817749,0.40705872,82916.25,292.55737,-0.4209547,0.1323967,69.5979,1.791748,53.711307525634766,65.46656227111816
Kabale,2006-02,17455.652201526806,0.9086567073077686,19.0,0.0,1.0,0.0186623533181755,1.0000305189751728,2.000030518975173,-1.242,29.9856,-1.0,30.00000000000001,0.004694133,0.0006920397,-0.0035656625,286.96826,1.0,0.00016671419,293.52246,294.08276,294.03247,293.8584,293.39624,0.3921814,0.3880005,0.37257385,0.4005432,82917.125,293.0996,-0.328084,0.0845747,95.4124,14.537788,67.33635584513347,70.84106890360515
Kabale,2006-03,17455.652201526806,0.9086567073077686,19.0,0.0,1.0,0.0186623533181755,1.0000305189751728,2.000030518975173,-1.242,29.9856,-1.0,30.00000000000001,0.005652274,0.0009790882,-0.0037161028,287.56494,1.0,0.00020705163,293.23535,293.84473,293.80737,293.73193,293.56055,0.4290161,0.43206787,0.4094391,0.39834595,82980.0,292.57153,-0.2144022,0.30810547,125.276276,-3.5153046,96.76219177246094,79.1355660756429
Kabale,2006-04,17455.652201526806,0.9086567073077686,19.0,0.0,1.0,0.0186623533181755,1.0000305189751728,2.000030518975173,-1.242,29.9856,-1.0,30.00000000000001,0.007981412,0.0030001625,-0.0035058064,288.18945,1.0,0.0002426058,292.51904,293.19727,293.2456,293.42188,293.58472,0.4334259,0.43962097,0.4464264,0.42152405,82983.81,291.97192,-0.784462,0.8890867,164.01004,20.713837,128.23290506998697,90.97210629781088
Kabale,2006-05,17455.652201526806,0.9086567073077686,19.0,0.0,1.0,0.0186623533181755,1.0000305189751728,2.000030518975173,-1.242,29.9856,-1.0,30.00000000000001,0.009426447,0.006101571,-0.0032718582,288.15967,1.0,0.00024227798,292.12524,292.79785,292.89136,293.10596,293.4292,0.43034363,0.43154907,0.4329834,0.43952942,83109.31,291.63428,-0.63082314,0.8556061,188.00963,80.01338,159.09864807128906,113.21750195821126
Kabale,2006-06,17455.652201526806,0.9086567073077686,19.0,0.0,1.0,0.0186623533181755,1.0000305189751728,2.000030518975173,-1.242,29.9856,-1.0,30.00000000000001,0.00036053587,0.0016898364,-0.0028287824,284.59497,1.0,2.270937e-05,292.42432,292.85742,292.8274,292.8479,293.18555,0.2872467,0.32092285,0.3547821,0.4343109,83147.44,292.42676,-0.838377,1.3607063,5.781963,-23.714165,119.26721048355104,108.01470112800598
Kabale,2006-07,17455.652201526806,0.9086567073077686,19.0,0.0,1.0,0.0186623533181755,1.0000305189751728,2.000030518975173,-1.242,29.9856,-1.0,30.00000000000001,0.0021689534,0.00068080425,-0.002407669,284.6648,1.0,7.349253e-05,293.06274,293.5188,293.50098,293.45093,293.20605,0.29873657,0.2925415,0.3105774,0.41589355,83180.19,292.75122,-0.66979694,0.96710587,37.336452,21.36936,77.0426812171936,102.63779314359029
Kabale,2006-08,17455.652201526806,0.9086567073077686,19.0,0.0,1.0,0.0186623533181755,1.0000305189751728,2.000030518975173,-1.242,29.9856,-1.0,30.00000000000001,0.0042008767,0.0005715117,-0.0030529248,285.80225,1.0,0.00012777746,292.6206,293.1223,293.0725,292.98853,293.15894,0.375,0.3788147,0.33972168,0.404068,83105.81,292.21338,-0.4942627,0.7171383,90.204346,42.807556,44.44092035293579,101.76978421211244
Kabale,2006-09,17455.652201526806,0.9086567073077686,19.0,0.0,1.0,0.0186623533181755,1.0000305189751728,2.000030518975173,-1.242,29.9856,-1.0,30.00000000000001,0.0033847108,0.00047199428,-0.0030682916,285.94556,1.0,0.0001103878,293.04834,293.6167,293.60376,293.54175,293.24463,0.3656006,0.36123657,0.3307495,0.3955841,83086.625,292.43115,-0.7563505,0.73793316,68.215904,-32.598053,65.2522341410319,92.25972231229146
Kabale,2006-10,17455.652201526806,0.9086567073077686,19.0,0.0,1.0,0.0186623533181755,1.0000305189751728,2.000030518975173,-1.242,29.9856,-1.0,30.00000000000001,0.003897991,0.00045986474,-0.0033991076,286.91113,1.0,0.00012475252,292.98535,293.531,293.49976,293.4336,293.3413,0.39692688,0.3922119,0.34535217,0.38879395,83031.125,292.5581,-0.83720684,0.60027885,67.68223,-57.253616,75.36749267578125,76.20508694648743
Kabale,2006-11,17455.652201526806,0.9086567073077686,19.0,0.0,1.0,0.0186623533181755,1.0000305189751728,2.000030518975173,-1.242,29.9856,-1.0,30.00000000000001,0.00867471,0.0015125126,-0.0031228103,287.93677,1.0,0.00025074184,291.79932,292.5298,292.64307,292.96436,293.30542,0.4340973,0.44232178,0.40953064,0.3889618,82989.75,291.09644,-0.22716427,0.2167635,153.9996,30.42138,96.63257853190105,70.53674944241841
Kabale,2006-12,17455.652201526806,0.9086567073077686,19.0,0.0,1.0,0.0186623533181755,1.0000305189751728,2.000030518975173,-1.242,29.9856,-1.0,30.00000000000001,0.006594901,0.0022169352,-0.0033560153,287.99194,1.0,0.00026470423,292.26733,292.8872,292.88403,292.8723,293.07935,0.4282074,0.43327332,0.4492798,0.42767334,83085.25,291.49634,0.22325325,-0.17387676,129.64603,40.330093,117.10928599039714,91.18076006571452
Kabale,2007-01,17455.652201526806,0.9086567073077686,19.0,0.0,1.0,0.0186623533181755,1.0000305189751728,2.000030518975173,-1.242,29.9856,-1.0,30.00000000000001,0.0050683264,0.001958169,-0.0034979274,287.7539,1.0,0.00020991266,292.61865,293.17114,293.11792,293.02563,293.0266,0.42662048,0.4253235,0.40834045,0.43577576,83100.06,292.04004,0.087340355,-0.11845112,62.032204,-5.7739487,115.22594451904295,95.29671859741212
Kabale,2007-02,17455.652201526806,0.9086567073077686,19.0,0.0,1.0,0.0186623533181755,1.0000305189751728,2.000030518975173,-1.242,29.9856,-1.0,30.00000000000001,0.004037715,0.0016009659,-0.0035747765,287.54004,1.0,0.00015376508,293.25806,293.76538,293.68164,293.46265,293.13403,0.4086609,0.41351318,0.42459106,0.4308014,83001.125,292.64893,0.0066947937,-0.049835205,136.06456,55.18995,109.24759674072266,102.94008763631184
Kabale,2007-03,17455.652201526806,0.9086567073077686,19.0,0.0,1.0,0.0186623533181755,1.0000305189751728,2.000030518975173,-1.242,29.9856,-1.0,30.00000000000001,0.0027892222,0.0009509921,-0.0037031826,287.06006,1.0,0.000119805336,293.49756,294.05005,294.00195,293.84277,293.3833,0.39312744,0.3855896,0.37573242,0.42355347,82966.875,293.1067,-0.930953,0.5235462,71.975365,-56.816216,90.02404276529948,103.56666437784833
Kabale,2007-04,17455.652201526806,0.9086567073077686,19.0,0.0,1.0,0.0186623533181755,1.0000305189751728,2.000030518975173,-1.242,29.9856,-1.0,30.00000000000001,0.00581509,0.0011072233,-0.003347606,287.95288,1.0,0.00017111003,293.00708,293.60913,293.6233,293.66748,293.56714,0.3985443,0.3985138,0.37231445,0.41383362,82998.125,292.5686,-0.9159012,0.81470203,104.93054,-38.36566,104.32348887125652,109.77471669514972
Kabale,2007-05,17455.652201526806,0.9086567073077686,19.0,0.0,1.0,0.0186623533181755,1.0000305189751728,2.000030518975173,-1.242,29.9856,-1.0,30.00000000000001,0.0021752487,0.0005322248,-0.0034089442,287.458,1.0,0.00012595952,292.88232,293.4038,293.41333,293.43262,293.5249,0.38563538,0.3857727,0.39164734,0.40982056,83072.0,292.66528,-1.0860796,1.2656193,111.533875,3.5376282,96.14659372965497,102.6970952351888
Kabale,2007-06,17455.652201526806,0.9086567073077686,19.0,0.0,1.0,0.0186623533181755,1.0000305189751728,2.000030518975173,-1.242,29.9856,-1.0,30.00000000000001,0.003946674,0.0006275475,-0.003232603,286.27393,1.0,0.00017262995,292.0266,292.614,292.67993,292.9475,293.39062,0.3946228,0.39530945,0.38668823,0.40518188,83116.0,292.03027,-0.3885908,0.82274723,54.43011,24.933983,90.29817581176758,90.16110928853352
Kabale,2007-07,17455.652201526806,0.9086567073077686,19.0,0.0,1.0,0.0186623533181755,1.0000305189751728,2.000030518975173,-1.242,29.9856,-1.0,30.00000000000001,0.002966035,0.00044494122,-0.0029408345,285.2556,1.0,0.000107973814,292.4143,292.93286,292.94727,292.98682,293.1704,0.35090637,0.35792542,0.36839294,0.4012909,83115.31,292.29834,-0.4894104,0.7716589,53.556755,37.58966,73.17358016967773,88.74853452046712
Kabale,2007-08,17455.652201526806,0.9086567073077686,19.0,0.0,1.0,0.0186623533181755,1.0000305189751728,2.000030518975173,-1.242,29.9856,-1.0,30.00000000000001,0.0037795356,0.000677228,-0.0031079315,286.146,1.0,0.00012910366,292.3855,292.8999,292.8877,292.91406,293.083,0.4059906,0.4078064,0.3763733,0.39637756,83078.0,291.90576,-0.5871563,0.7001734,36.57074,-10.82605,48.18586858113607,72.16623115539551
Kabale,2007-09,17455.652201526806,0.9086567073077686,19.0,0.0,1.0,0.0186623533181755,1.0000305189751728,2.000030518975173,-1.242,29.9856,-1.0,30.00000000000001,0.007660643,0.0017695278,-0.0033605257,286.99072,1.0,0.00018839538,292.4829,293.08594,293.07666,293.04614,293.03296,0.41722107,0.42156982,0.42190552,0.40673828,83084.81,291.87158,-0.40841675,0.5130911,111.282074,10.468117,67.1365229288737,78.71734937032063
Kabale,2007-10,17455.652201526806,0.9086567073077686,19.0,0.0,1.0,0.0186623533181755,1.0000305189751728,2.000030518975173,-1.242,29.9856,-1.0,30.00000000000001,0.007693238,0.003425561,-0.0033400925,287.25415,1.0,0.00017285347,292.08276,292.7495,292.80786,292.96045,293.04565,0.4263916,0.43118286,0.43658447,0.42393494,82992.125,291.48633,-0.572628,0.42039108,76.67506,-48.260788,74.84262339274089,74.0081017812093
Kabale,2007-11,17455.652201526806,0.9086567073077686,19.0,0.0,1.0,0.0186623533181755,1.0000305189751728,2.000030518975173,-1.242,29.9856,-1.0,30.00000000000001,0.0063538197,0.002097413,-0.003185737,287.66138,1.0,0.00018677115,291.89673,292.52368,292.5525,292.6482,292.9082,0.42512512,0.43455505,0.43984985,0.42918396,82938.125,291.26245,-0.44857883,0.2924776,106.35836,-17.219864,98.10516357421876,73.14551607767741
Kabale,2007-12,17455.652201526806,0.9086567073077686,19.0,0.0,1.0,0.0186623533181755,1.0000305189751728,2.000030518975173,-1.242,29.9856,-1.0,30.00000000000001,0.0034562906,0.001736924,-0.0034015626,286.56128,1.0,0.00016096234,291.8064,292.4021,292.42285,292.52026,292.75806,0.4099121,0.4120636,0.42575073,0.43362427,82945.25,291.4619,-0.28122234,0.083174706,50.408836,-38.907097,77.81408437093098,72.47530364990234
Kabale,2008-01,17455.652201526806,0.9086567073077686,19.0,0.0,1.0,0.0186623533181755,1.0000305189751728,2.000030518975173,-1.242,29.9856,-1.0,30.00000000000001,0.0038727734,0.0010988563,-0.0034866072,286.823,1.0,0.00016838312,292.3777,292.9441,292.9209,292.85034,292.7395,0.4020996,0.39668274,0.37768555,0.42526245,82940.56,292.07397,-0.24359035,-0.049523354,79.3538,11.547646,78.70699818929036,76.77481079101562
Kabale,2008-02,17455.652201526806,0.9086567073077686,19.0,0.0,1.0,0.0186623533181755,1.0000305189751728,2.000030518975173,-1.242,29.9856,-1.0,30.00000000000001,0.003936075,0.0008782968,-0.0034718793,286.87695,1.0,0.00015813112,292.66016,293.19727,293.1455,292.9978,292.80273,0.41471863,0.41329956,0.38687134,0.41729736,83014.75,292.1206,-0.14752007,0.060115814,73.98958,-6.8850327,67.91740417480469,83.01128387451172
Kabale,2008-03,17455.652201526806,0.9086567073077686,19.0,0.0,1.0,0.0186623533181755,1.0000305189751728,2.000030518975173,-1.242,29.9856,-1.0,30.00000000000001,0.0064055156,0.0013064668,-0.0035381932,287.42993,1.0,0.00022391975,292.46118,293.1006,293.0852,293.04712,292.91357,0.42832947,0.4285736,0.40194702,0.41300964,82906.06,291.7412,-0.32997227,0.4437971,164.90512,36.11354,106.08283233642578,91.9484583536784
Kabale,2008-04,17455.652201526806,0.9086567073077686,19.0,0.0,1.0,0.0186623533181755,1.0000305189751728,2.000030518975173,-1.242,29.9856,-1.0,30.00000000000001,0.004631365,0.0013454258,-0.0035034064,287.46265,1.0,0.00017087162,292.0432,292.68262,292.72266,292.84253,292.94556,0.41575623,0.4209137,0.42703247,0.41941833,82911.5,291.68042,-1.1320591,1.1454163,82.485916,-60.810287,107.12687174479169,92.91693496704102
Kabale,2008-05,17455.652201526806,0.9086567073077686,19.0,0.0,1.0,0.0186623533181755,1.0000305189751728,2.000030518975173,-1.242,29.9856,-1.0,30.00000000000001,0.0015143706,0.00086914,-0.0032627704,286.57837,1.0,9.6961856e-05,292.344,292.86377,292.8723,292.89673,292.89038,0.35292053,0.35206604,0.38865662,0.41818237,83018.375,292.15015,-1.051712,1.2270031,82.7093,-25.28695,110.03344472249348,88.9754244486491
Kabale,2008-06,17455.652201526806,0.9086567073077686,19.0,0.0,1.0,0.0186623533181755,1.0000305189751728,2.000030518975173,-1.242,29.9856,-1.0,30.00000000000001,0.0015633793,0.0006618798,-0.0028030332,285.02588,1.0,8.0391765e-05,291.7036,292.1775,292.19946,292.36426,292.77808,0.33221436,0.34950256,0.34729004,0.40875244,83115.81,291.68384,-0.7896099,1.1233311,72.41254,42.91641,79.20258331298828,92.64270782470705
Kabale,2008-07,17455.652201526806,0.9086567073077686,19.0,0.0,1.0,0.0186623533181755,1.0000305189751728,2.000030518975173,-1.242,29.9856,-1.0,30.00000000000001,0.0023850494,0.00035010278,-0.002714417,284.6421,1.0,0.00010295212,292.2776,292.75684,292.7329,292.64893,292.65332,0.33691406,0.31811523,0.3183136,0.39849854,83126.875,292.08276,-0.40905762,0.77657413,10.517947,-5.4491453,55.213260332743324,81.1700660387675
Kabale,2008-08,17455.652201526806,0.9086567073077686,19.0,0.0,1.0,0.0186623533181755,1.0000305189751728,2.000030518975173,-1.242,29.9856,-1.0,30.00000000000001,0.003575137,0.0002619177,-0.0029415619,286.05737,1.0,0.00013104081,292.69214,293.1643,293.08936,292.91064,292.6914,0.38964844,0.36817932,0.31607056,0.38998413,83012.5,292.17896,-0.58948135,0.6364031,48.359783,0.9629936,43.76342233022054,76.89843352635701
Kabale,2008-09,17455.652201526806,0.9086567073077686,19.0,0.0,1.0,0.0186623533181755,1.0000305189751728,2.000030518975173,-1.242,29.9856,-1.0,30.00000000000001,0.004782673,0.00040409714,-0.0033156183,286.6272,1.0,0.00013126433,293.18774,293.71484,293.64282,293.39966,292.90967,0.40977478,0.4051361,0.34092712,0.38337708,83037.81,292.52954,-0.47834778,0.5404234,81.08774,-19.72622,46.65515613555908,62.92886972427368
Kabale,2008-10,17455.652201526806,0.9086567073077686,19.0,0.0,1.0,0.0186623533181755,1.0000305189751728,2.000030518975173,-1.242,29.9856,-1.0,30.00000000000001,0.0073658414,0.0012546107,-0.0032636551,287.72974,1.0,0.00019052625,292.32227,292.95996,292.99683,293.10913,293.08154,0.42808533,0.43276978,0.40882874,0.3856659,83029.06,291.6548,-0.39347267,0.4436531,100.66745,-24.268394,76.70499038696289,65.9591253598531
Kabale,2008-11,17455.652201526806,0.9086567073077686,19.0,0.0,1.0,0.0186623533181755,1.0000305189751728,2.000030518975173,-1.242,29.9856,-1.0,30.00000000000001,0.008492751,0.0036688074,-0.003335923,287.91772,1.0,0.00020335615,292.4458,293.05713,293.04443,293.00195,293.0432,0.42131042,0.4274292,0.44311523,0.42367554,82981.5,291.68164,-0.29393578,0.12381077,74.044464,-49.53376,85.2665506998698,64.51498651504517
Kabale,2008-12,17455.652201526806,0.9086567073077686,19.0,0.0,1.0,0.0186623533181755,1.0000305189751728,2.000030518975173,-1.242,29.9856,-1.0,30.00000000000001,0.0026368797,0.0012865216,-0.0034870738,286.69922,1.0,0.0001514405,292.34058,292.9187,292.9253,292.95972,293.02075,0.39950562,0.39634705,0.3895874,0.42655945,82944.375,292.05103,-0.4689455,0.061206818,72.74199,-16.573944,82.48463439941406,64.56989526748657
Kabale,2009-01,17455.652201526806,0.9086567073077686,19.0,0.0,1.0,0.0186623533181755,1.0000305189751728,2.000030518975173,-1.242,29.9856,-1.0,30.00000000000001,0.0052599255,0.00091774017,-0.0035414398,286.67773,1.0,0.00020118058,292.54468,293.15576,293.14844,293.13843,293.04077,0.40664673,0.39756775,0.36380005,0.41560364,82989.625,292.27246,-0.206501,-0.026185036,44.239147,-23.567005,63.67520014444987,70.19009526570638
Kabale,2009-02,17455.652201526806,0.9086567073077686,19.0,0.0,1.0,0.0186623533181755,1.0000305189751728,2.000030518975173,-1.242,29.9856,-1.0,30.00000000000001,0.00523685,0.0011752918,-0.0036694016,287.2578,1.0,0.00018961728,292.7832,293.35352,293.29443,293.16602,293.08105,0.42800903,0.43330383,0.42126465,0.41358948,82914.5,292.281,-0.5601988,0.4341011,77.18511,-3.689499,64.7220827738444,74.9943167368571
Kabale,2009-03,17455.652201526806,0.9086567073077686,19.0,0.0,1.0,0.0186623533181755,1.0000305189751728,2.000030518975173,-1.242,29.9856,-1.0,30.00000000000001,0.0036908747,0.0008100942,-0.0036931643,287.2649,1.0,0.00013673306,293.38135,293.9121,293.8374,293.57935,293.2085,0.40901184,0.41072083,0.4086914,0.41319275,82894.75,292.95996,-0.6422682,0.5069666,100.61491,-28.176674,74.01305516560872,78.2488447825114
Kabale,2009-04,17455.652201526806,0.9086567073077686,19.0,0.0,1.0,0.0186623533181755,1.0000305189751728,2.000030518975173,-1.242,29.9856,-1.0,30.00000000000001,0.0045545558,0.00084118545,-0.0035099713,288.0437,1.0,0.00020371377,292.59937,293.24878,293.28906,293.41602,293.3745,0.42596436,0.4249115,0.4089508,0.4102173,83023.06,292.14014,-0.78963566,0.9336729,74.33559,-68.96062,84.04520161946614,73.86020088195801
Kabale,2009-05,17455.652201526806,0.9086567073077686,19.0,0.0,1.0,0.0186623533181755,1.0000305189751728,2.000030518975173,-1.242,29.9856,-1.0,30.00000000000001,0.0062618065,0.0022778362,-0.0034052338,287.54883,1.0,0.00018903613,292.5791,293.13892,293.14722,293.19922,293.3291,0.40863037,0.40960693,0.41923523,0.41404724,83038.81,292.33472,-0.766489,0.84679794,64.85761,-43.138634,79.93603515625,72.3290589650472
Kabale,2009-06,17455.652201526806,0.9086567073077686,19.0,0.0,1.0,0.0186623533181755,1.0000305189751728,2.000030518975173,-1.242,29.9856,-1.0,30.00000000000001,0.00094656646,0.00081741065,-0.0032129493,285.21997,1.0,4.6923757e-05,292.6267,293.12158,293.14722,293.18652,293.26123,0.32984924,0.35202026,0.38230896,0.4133606,83126.125,292.83862,-1.0220804,1.2230787,24.366734,-5.1293945,54.51997756958008,64.2665163675944
Kabale,2009-07,17455.652201526806,0.9086567073077686,19.0,0.0,1.0,0.0186623533181755,1.0000305189751728,2.000030518975173,-1.242,29.9856,-1.0,30.00000000000001,0.00020256081,0.0004569441,-0.0021859286,282.19336,1.0,1.4722347e-05,293.43408,293.83252,293.67407,293.39697,293.23535,0.22749329,0.26675415,0.32641602,0.40242004,83174.56,293.16724,-1.0604715,1.3015375,0.0,-15.9670925,29.741448720296223,56.89332516988119
Kabale,2009-08,17455.652201526806,0.9086567073077686,19.0,0.0,1.0,0.0186623533181755,1.0000305189751728,2.000030518975173,-1.242,29.9856,-1.0,30.00000000000001,0.002013432,0.00028140843,-0.0021264823,284.886,1.0,6.9096684e-05,294.2622,294.71924,294.6206,294.33008,293.5835,0.2744751,0.2702484,0.29478455,0.3905487,83081.44,293.4214,-0.8939419,0.8280153,46.739826,-0.65696335,23.702186584472656,51.81911087036133
Kabale,2009-09,17455.652201526806,0.9086567073077686,19.0,0.0,1.0,0.0186623533181755,1.0000305189751728,2.000030518975173,-1.242,29.9856,-1.0,30.00000000000001,0.0039880513,0.00029293448,-0.0030509466,286.77783,1.0,0.00012765825,293.78174,294.3313,294.2837,294.12988,293.82983,0.37234497,0.35263062,0.29470825,0.38124084,83112.375,292.9419,-0.59432125,0.6009598,89.9192,-10.89476,45.55300776163737,50.036492665608726
Kabale,2009-10,17455.652201526806,0.9086567073077686,19.0,0.0,1.0,0.0186623533181755,1.0000305189751728,2.000030518975173,-1.242,29.9856,-1.0,30.00000000000001,0.0052892347,0.000575237,-0.0031928765,287.51636,1.0,0.000183478,292.76465,293.44946,293.562,293.83496,293.93652,0.41404724,0.40733337,0.33984375,0.3751831,82992.375,292.34766,-0.68308353,0.551404,90.295395,-34.64045,75.65147272745769,52.69646072387695
Kabale,2009-11,17455.652201526806,0.9086567073077686,19.0,0.0,1.0,0.0186623533181755,1.0000305189751728,2.000030518975173,-1.242,29.9856,-1.0,30.00000000000001,0.0077619534,0.0012730062,-0.003297179,287.83716,1.0,0.00021663308,292.24878,292.93164,292.9917,293.1902,293.68896,0.42897034,0.4349823,0.41519165,0.38339233,82986.375,291.5669,-0.4804592,0.36653423,125.2993,1.721077,101.8379643758138,62.77007548014323
Kabale,2009-12,17455.652201526806,0.9086567073077686,19.0,0.0,1.0,0.0186623533181755,1.0000305189751728,2.000030518975173,-1.242,29.9856,-1.0,30.00000000000001,0.006606072,0.0013586357,-0.0033262493,287.88916,1.0,0.00023648143,292.1504,292.79126,292.8235,292.97827,293.4043,0.43237305,0.43777466,0.43678284,0.404953,83034.875,291.57227,-0.34798527,0.19429111,93.65105,4.3351135,103.08191426595052,74.31746101379395
Kabale,2010-01,17455.652201526806,0.9086567073077686,19.0,0.0,1.0,0.0186623533181755,1.0000305189751728,2.000030518975173,-1.242,29.9856,-1.0,30.00000000000001,0.0043675834,0.0020519793,-0.0036763418,287.66333,1.0,0.00018887222,292.92065,293.47632,293.4065,293.26855,293.27173,0.4205475,0.42785645,0.4387207,0.42788696,83045.0,292.2776,-0.35760117,0.0653286,91.4148,23.60865,103.4550501505534,89.55326143900554
Kabale,2010-02,17455.652201526806,0.9086567073077686,19.0,0.0,1.0,0.0186623533181755,1.0000305189751728,2.000030518975173,-1.242,29.9856,-1.0,30.00000000000001,0.0065532085,0.001740329,-0.0033839177,288.46484,1.0,0.00019977987,293.46045,294.00195,293.95874,293.80127,293.4148,0.41149902,0.41355896,0.3996582,0.42332458,83002.94,292.92334,-0.48500633,0.3465538,209.61827,128.74365,131.56137339274088,116.69966888427734
Kabale,2010-03,17455.652201526806,0.9086567073077686,19.0,0.0,1.0,0.0186623533181755,1.0000305189751728,2.000030518975173,-1.242,29.9856,-1.0,30.00000000000001,0.005391024,0.0016820133,-0.0034240568,288.58154,1.0,0.00019858778,293.23755,293.82373,293.82397,293.80518,293.59937,0.42736816,0.43255615,0.43711853,0.428833,83067.5,292.65332,-0.58721066,0.35454845,198.68394,69.892365,166.5723393758138,134.82712682088217
Kabale,2010-04,17455.652201526806,0.9086567073077686,19.0,0.0,1.0,0.0186623533181755,1.0000305189751728,2.000030518975173,-1.242,29.9856,-1.0,30.00000000000001,0.0044233436,0.0016527921,-0.0035348702,288.9099,1.0,0.00016601384,293.323,293.87427,293.83545,293.72046,293.646,0.42243958,0.42515564,0.42488098,0.427948,83043.375,292.8518,-1.0493078,1.0968561,102.70354,-40.592667,170.3352508544922,136.8951505025228
Kabale,2010-05,17455.652201526806,0.9086567073077686,19.0,0.0,1.0,0.0186623533181755,1.0000305189751728,2.000030518975173,-1.242,29.9856,-1.0,30.00000000000001,0.0057343384,0.0026896074,-0.0034608804,288.12744,1.0,0.0001887083,293.01343,293.5725,293.58057,293.625,293.67383,0.40603638,0.414917,0.43855286,0.43496704,83079.69,292.67798,-0.7726126,1.0265188,129.60434,21.608093,143.6639404296875,137.6126569112142
Kabale,2010-06,17455.652201526806,0.9086567073077686,19.0,0.0,1.0,0.0186623533181755,1.0000305189751728,2.000030518975173,-1.242,29.9856,-1.0,30.00000000000001,0.003814389,0.0025058538,-0.0032617208,285.86548,1.0,8.4489584e-05,292.5454,293.0786,293.15552,293.36743,293.6045,0.35847473,0.36824036,0.3874817,0.43232727,83181.56,292.72632,-0.80624294,1.0228844,36.586544,7.090416,89.63147354125977,128.10190645853675
Kabale,2010-07,17455.652201526806,0.9086567073077686,19.0,0.0,1.0,0.0186623533181755,1.0000305189751728,2.000030518975173,-1.242,29.9856,-1.0,30.00000000000001,0.00033963437,0.0006826222,-0.0023059323,283.2827,1.0,1.6272068e-05,293.53003,293.8943,293.76758,293.5315,293.48486,0.24023438,0.28105164,0.33462524,0.4191742,83117.19,293.2063,-0.8873844,1.0026865,4.1442933,-11.8228,56.77839231491089,113.55682158470154
Kabale,2010-08,17455.652201526806,0.9086567073077686,19.0,0.0,1.0,0.0186623533181755,1.0000305189751728,2.000030518975173,-1.242,29.9856,-1.0,30.00000000000001,0.002485852,0.00038310885,-0.0024059108,284.13867,1.0,8.353591e-05,294.3684,294.85107,294.74194,294.37476,293.71655,0.28923035,0.2684021,0.30065918,0.40519714,83091.31,293.6963,-0.64459133,0.6950979,13.58781,-33.80898,18.106215635935467,80.88507803281148
Kabale,2010-09,17455.652201526806,0.9086567073077686,19.0,0.0,1.0,0.0186623533181755,1.0000305189751728,2.000030518975173,-1.242,29.9856,-1.0,30.00000000000001,0.0057935165,0.00094192475,-0.0033474425,286.6848,1.0,0.00014710426,292.91748,293.57227,293.6223,293.79663,293.89722,0.4050293,0.40237427,0.35017395,0.39578247,83036.625,292.22705,-0.612339,0.6412382,91.85829,-8.955666,36.53013149897257,63.08080252011617
Kabale,2010-10,17455.652201526806,0.9086567073077686,19.0,0.0,1.0,0.0186623533181755,1.0000305189751728,2.000030518975173,-1.242,29.9856,-1.0,30.00000000000001,0.005968823,0.00084526837,-0.00338298,287.40552,1.0,0.00016778708,293.19604,293.80054,293.80518,293.85205,293.86792,0.4063263,0.40882874,0.3851776,0.39187622,82981.625,292.40356,-0.43776608,0.3302889,168.9496,44.013756,91.4652338027954,74.12181305885315
Kabale,2010-11,17455.652201526806,0.9086567073077686,19.0,0.0,1.0,0.0186623533181755,1.0000305189751728,2.000030518975173,-1.242,29.9856,-1.0,30.00000000000001,0.0059634806,0.0014257729,-0.0032917922,287.5432,1.0,0.00017254055,292.24414,292.9292,293.02197,293.29492,293.7334,0.42099,0.42771912,0.4278717,0.40242004,82898.0,291.614,-0.5673027,0.36213684,116.72151,-6.8567123,125.84313456217448,71.97467509905498
Kabale,2010-12,17455.652201526806,0.9086567073077686,19.0,0.0,1.0,0.0186623533181755,1.0000305189751728,2.000030518975173,-1.242,29.9856,-1.0,30.00000000000001,0.0057282494,0.0013422221,-0.0034107948,287.18237,1.0,0.00022053719,291.94214,292.6316,292.70874,292.95557,293.4319,0.42523193,0.43112183,0.43395996,0.41575623,82874.625,291.40918,-0.34946823,0.20762539,140.36824,51.052307,142.01311747233072,89.27162448565166
Kabale,2011-01,17455.652201526806,0.9086567073077686,19.0,0.0,1.0,0.0186623533181755,1.0000305189751728,2.000030518975173,-1.242,29.9856,-1.0,30.00000000000001,0.0034230077,0.001070194,-0.003520945,286.5044,1.0,0.0001821667,292.1848,292.7522,292.74072,292.78882,293.15967,0.41316223,0.41345215,0.42312622,0.42037964,82856.94,291.86572,-0.28550243,0.048862457,53.011757,-14.794395,103.36716969807942,97.41620175043742
Kabale,2011-02,17455.652201526806,0.9086567073077686,19.0,0.0,1.0,0.0186623533181755,1.0000305189751728,2.000030518975173,-1.242,29.9856,-1.0,30.00000000000001,0.003025552,0.0009047836,-0.0038034804,286.12842,1.0,0.00010916591,293.49683,293.97168,293.83325,293.48242,293.12012,0.38705444,0.38729858,0.38974,0.41581726,82875.875,293.09595,-0.35906696,0.14186573,97.10887,16.23426,96.82962290445964,111.33637873331706
Kabale,2011-03,17455.652201526806,0.9086567073077686,19.0,0.0,1.0,0.0186623533181755,1.0000305189751728,2.000030518975173,-1.242,29.9856,-1.0,30.00000000000001,0.0058525046,0.0009947568,-0.0034513483,287.5005,1.0,0.00019602478,293.03638,293.6919,293.72852,293.7268,293.39722,0.40855408,0.40455627,0.37496948,0.40821838,82930.625,292.40747,-0.32913303,0.29804325,127.02662,-1.7649612,92.38241577148438,117.19776662190756
Kabale,2011-04,17455.652201526806,0.9086567073077686,19.0,0.0,1.0,0.0186623533181755,1.0000305189751728,2.000030518975173,-1.242,29.9856,-1.0,30.00000000000001,0.0054250183,0.0011298731,-0.0035136808,288.06543,1.0,0.00021100044,292.31543,292.9878,293.03345,293.1941,293.40088,0.4271698,0.4328766,0.42225647,0.40911865,82944.44,291.88794,-0.8494406,1.065321,136.73428,-6.56192,120.28992462158205,111.82854715983072
Kabale,2011-05,17455.652201526806,0.9086567073077686,19.0,0.0,1.0,0.0186623533181755,1.0000305189751728,2.000030518975173,-1.242,29.9856,-1.0,30.00000000000001,0.0068859695,0.0029540434,-0.0034053242,288.09424,1.0,0.00018125772,292.42432,293.0,293.011,293.07446,293.26172,0.41828918,0.42852783,0.4393921,0.419281,83069.75,292.03613,-0.84930706,1.1754599,110.33346,2.3372116,124.6981201171875,110.76387151082356
Kabale,2011-06,17455.652201526806,0.9086567073077686,19.0,0.0,1.0,0.0186623533181755,1.0000305189751728,2.000030518975173,-1.242,29.9856,-1.0,30.00000000000001,0.003616788,0.0012609214,-0.003292893,286.5752,1.0,0.00015631318,292.21558,292.77905,292.82666,292.9629,293.1599,0.38919067,0.39746094,0.4023285,0.42295837,83115.94,292.1277,-0.4166174,0.8645725,51.85153,22.3554,99.6397565205892,96.0110861460368
Kabale,2011-07,17455.652201526806,0.9086567073077686,19.0,0.0,1.0,0.0186623533181755,1.0000305189751728,2.000030518975173,-1.242,29.9856,-1.0,30.00000000000001,0.0018694631,0.0007690042,-0.0030870587,284.9453,1.0,7.468462e-05,292.51392,292.9746,292.9292,292.87256,293.01758,0.33570862,0.35055542,0.3753357,0.4149933,83084.625,292.49854,-0.38961315,0.7536764,22.93866,6.971567,61.70788192749024,90.99890327453612
Kabale,2011-08,17455.652201526806,0.9086567073077686,19.0,0.0,1.0,0.0186623533181755,1.0000305189751728,2.000030518975173,-1.242,29.9856,-1.0,30.00000000000001,0.0055733216,0.00097474456,-0.0029975437,286.49146,1.0,0.00014679134,292.5515,293.08447,293.0913,293.0901,293.03052,0.40019226,0.39990234,0.3640747,0.40608215,83092.875,291.9917,-0.3356037,0.62155724,113.37172,65.97493,62.720635732014976,93.70937792460124
Kabale,2011-09,17455.652201526806,0.9086567073077686,19.0,0.0,1.0,0.0186623533181755,1.0000305189751728,2.000030518975173,-1.242,29.9856,-1.0,30.00000000000001,0.008804927,0.0027965158,-0.0031435108,287.8103,1.0,0.00023214519,292.10864,292.75342,292.7849,292.87158,293.0056,0.43133545,0.43896484,0.44769287,0.4257965,83120.75,291.2661,-0.33705807,0.44933796,145.29138,44.477425,93.86725362141928,96.75350507100424
Kabale,2011-10,17455.652201526806,0.9086567073077686,19.0,0.0,1.0,0.0186623533181755,1.0000305189751728,2.000030518975173,-1.242,29.9856,-1.0,30.00000000000001,0.0061315345,0.0028218627,-0.0032277396,287.6714,1.0,0.00018624961,291.89087,292.53394,292.57007,292.6897,292.90967,0.42970276,0.43856812,0.44099426,0.44187927,82946.875,291.23462,-0.45411777,0.5178366,119.60663,-5.329216,126.08990987141928,93.89889589945476
Kabale,2011-11,17455.652201526806,0.9086567073077686,19.0,0.0,1.0,0.0186623533181755,1.0000305189751728,2.000030518975173,-1.242,29.9856,-1.0,30.00000000000001,0.008510261,0.0038917884,-0.0033018026,288.11182,1.0,0.00027231872,291.92554,292.61792,292.64453,292.71436,292.81714,0.43608093,0.4439392,0.4529419,0.44914246,82990.69,291.0642,-0.05783367,0.08227539,127.294266,3.7160416,130.7307586669922,96.7256971995036
Kabale,2011-12,17455.652201526806,0.9086567073077686,19.0,0.0,1.0,0.0186623533181755,1.0000305189751728,2.000030518975173,-1.242,29.9856,-1.0,30.00000000000001,0.0069604437,0.0046464354,-0.0033996599,287.94482,1.0,0.000284791,292.0974,292.7168,292.68555,292.635,292.72168,0.43945312,0.44432068,0.44517517,0.45681763,83017.25,291.26562,-0.10024166,0.0028734207,61.835884,-27.48005,102.91225941975912,98.3897565205892
Kabale,2012-01,17455.652201526806,0.9086567073077686,19.0,0.0,1.0,0.0186623533181755,1.0000305189751728,2.000030518975173,-1.242,29.9856,-1.0,30.00000000000001,0.0009898706,0.0020006895,-0.003469918,285.67383,1.0,5.865097e-05,292.9314,293.3806,293.25293,293.0088,292.77612,0.34954834,0.36738586,0.3788147,0.44441223,82974.625,292.70166,0.17133427,-0.30357075,40.392517,-27.413635,76.50755564371745,101.29873275756836
Kabale,2012-02,17455.652201526806,0.9086567073077686,19.0,0.0,1.0,0.0186623533181755,1.0000305189751728,2.000030518975173,-1.242,29.9856,-1.0,30.00000000000001,0.0030687577,0.0009229183,-0.0028015766,285.1333,1.0,0.000104278326,293.97925,294.51147,294.4026,294.01978,293.1255,0.29440308,0.29663086,0.31929016,0.42570496,82851.94,293.27783,-0.39829063,-0.008120537,99.673134,18.798523,67.30051167805989,99.01563517252605
Kabale,2012-03,17455.652201526806,0.9086567073077686,19.0,0.0,1.0,0.0186623533181755,1.0000305189751728,2.000030518975173,-1.242,29.9856,-1.0,30.00000000000001,0.003247846,0.000513345,-0.003385841,286.92285,1.0,0.00013671815,293.79077,294.27832,294.1731,293.88965,293.44165,0.3789978,0.3631897,0.315094,0.41157532,82964.56,293.18945,-0.35769844,0.2579136,99.10035,-29.69123,79.72200012207031,91.31712977091472
Kabale,2012-04,17455.652201526806,0.9086567073077686,19.0,0.0,1.0,0.0186623533181755,1.0000305189751728,2.000030518975173,-1.242,29.9856,-1.0,30.00000000000001,0.008252863,0.001316756,-0.0032227198,288.54028,1.0,0.00031159818,292.42285,293.1494,293.25708,293.52783,293.61108,0.43382263,0.43423462,0.38293457,0.40475464,83018.69,291.75854,-0.48757935,0.62692165,182.71933,39.423126,127.16427103678386,101.83591334025066
Kabale,2012-05,17455.652201526806,0.9086567073077686,19.0,0.0,1.0,0.0186623533181755,1.0000305189751728,2.000030518975173,-1.242,29.9856,-1.0,30.00000000000001,0.0066694617,0.0023090467,-0.0032713236,288.14868,1.0,0.00027649105,291.78833,292.49414,292.59424,292.89526,293.39917,0.4333191,0.44047546,0.44844055,0.43115234,83099.31,291.302,-0.6457119,0.95126534,165.98422,57.987976,149.2679672241211,108.2842394510905
Kabale,2012-06,17455.652201526806,0.9086567073077686,19.0,0.0,1.0,0.0186623533181755,1.0000305189751728,2.000030518975173,-1.242,29.9856,-1.0,30.00000000000001,0.0024261898,0.0014683604,-0.0032496667,286.29102,1.0,0.000105917454,291.9287,292.47266,292.521,292.6975,293.09644,0.38137817,0.38623047,0.39587402,0.4334259,83168.19,291.76172,-0.53728485,1.0580854,49.615467,20.119339,132.77300643920898,106.24750328063963
Kabale,2012-07,17455.652201526806,0.9086567073077686,19.0,0.0,1.0,0.0186623533181755,1.0000305189751728,2.000030518975173,-1.242,29.9856,-1.0,30.00000000000001,0.0025285135,0.0007631108,-0.0030501047,285.5017,1.0,0.00010557473,292.437,292.90234,292.85156,292.76636,292.90576,0.3649292,0.35772705,0.3501587,0.4215393,83101.44,292.3313,-0.16728497,0.61045456,8.001692,-7.9654007,74.53379376729329,100.84903240203856
Kabale,2012-08,17455.652201526806,0.9086567073077686,19.0,0.0,1.0,0.0186623533181755,1.0000305189751728,2.000030518975173,-1.242,29.9856,-1.0,30.00000000000001,0.005261611,0.0009223223,-0.003151291,286.16016,1.0,0.00014571846,292.63867,293.19214,293.1775,293.10205,292.94702,0.40338135,0.3982849,0.3538208,0.41119385,83136.125,292.21216,-0.26193905,0.48628902,61.598396,14.201607,39.738518397013344,94.50324281056722
Kabale,2012-09,17455.652201526806,0.9086567073077686,19.0,0.0,1.0,0.0186623533181755,1.0000305189751728,2.000030518975173,-1.242,29.9856,-1.0,30.00000000000001,0.0077030836,0.002304852,-0.0034213113,287.2107,1.0,0.00020341575,292.48657,293.07104,293.0244,292.96484,292.97583,0.4257965,0.43167114,0.43623352,0.42236328,83135.94,291.75464,-0.33342075,0.3785715,130.659,29.84504,66.75302823384602,99.76301733652753
Kabale,2012-10,17455.652201526806,0.9086567073077686,19.0,0.0,1.0,0.0186623533181755,1.0000305189751728,2.000030518975173,-1.242,29.9856,-1.0,30.00000000000001,0.007299955,0.0024116933,-0.003337604,287.9126,1.0,0.00019970536,292.42236,293.06958,293.08936,293.1211,293.042,0.43104553,0.4380188,0.434021,0.43177795,82988.56,291.79028,-0.32532978,0.2709036,124.09332,-0.84252167,105.45023854573569,89.99201615651448
Kabale,2012-11,17455.652201526806,0.9086567073077686,19.0,0.0,1.0,0.0186623533181755,1.0000305189751728,2.000030518975173,-1.242,29.9856,-1.0,30.00000000000001,0.007458675,0.0044802353,-0.0032999637,288.03052,1.0,0.00022178888,292.10132,292.7605,292.7915,292.8777,292.9912,0.4300995,0.43530273,0.44244385,0.45263672,83019.31,291.38086,-0.46745586,0.32053566,114.648544,-8.92968,123.13362121582033,81.43606980641682
Kabale,2012-12,17455.652201526806,0.9086567073077686,19.0,0.0,1.0,0.0186623533181755,1.0000305189751728,2.000030518975173,-1.242,29.9856,-1.0,30.00000000000001,0.0049101505,0.0022715107,-0.0033696275,287.74146,1.0,0.00021123886,292.05322,292.66846,292.67285,292.74658,292.91772,0.4255829,0.4264679,0.40423584,0.44380188,82980.625,291.36987,-0.26227474,0.11491203,108.539406,19.223473,115.7604242960612,91.2567262649536
Kabale,2013-01,17455.652201526806,0.9086567073077686,19.0,0.0,1.0,0.0186623533181755,1.0000305189751728,2.000030518975173,-1.242,29.9856,-1.0,30.00000000000001,0.0034528465,0.001313895,-0.0037977798,287.39404,1.0,0.0001912713,293.24365,293.7395,293.61255,293.25977,292.93408,0.4150238,0.41661072,0.41088867,0.43463135,83046.5,292.75244,-0.11294365,-0.0746603,68.14623,0.34008026,97.11139424641928,101.28081639607748
Kabale,2013-02,17455.652201526806,0.9086567073077686,19.0,0.0,1.0,0.0186623533181755,1.0000305189751728,2.000030518975173,-1.242,29.9856,-1.0,30.00000000000001,0.0025386873,0.0008492395,-0.0037138704,286.53638,1.0,0.00013324618,293.6797,294.167,294.05298,293.76367,293.21973,0.38685608,0.38233948,0.37208557,0.42596436,82964.0,293.2998,-0.60358524,0.09202194,78.41121,-2.4634018,85.03228251139323,104.08295186360677
Kabale,2013-03,17455.652201526806,0.9086567073077686,19.0,0.0,1.0,0.0186623533181755,1.0000305189751728,2.000030518975173,-1.242,29.9856,-1.0,30.00000000000001,0.006424369,0.0012742057,-0.003256767,288.0459,1.0,0.00019487739,293.17944,293.82544,293.8816,293.9414,293.55835,0.4033203,0.40545654,0.3703308,0.4164734,83001.94,292.6184,-0.522357,0.49004555,188.55281,59.76123,111.7034174601237,113.73192087809244
Kabale,2013-04,17455.652201526806,0.9086567073077686,19.0,0.0,1.0,0.0186623533181755,1.0000305189751728,2.000030518975173,-1.242,29.9856,-1.0,30.00000000000001,0.0071302895,0.0019932464,-0.0034181383,288.542,1.0,0.00023534894,292.73438,293.35352,293.35718,293.39453,293.53662,0.4330597,0.43501282,0.43904114,0.42764282,83053.31,292.1316,-0.59956837,0.60032177,142.66515,-0.63105774,136.54305521647134,116.82722473144533
Kabale,2013-05,17455.652201526806,0.9086567073077686,19.0,0.0,1.0,0.0186623533181755,1.0000305189751728,2.000030518975173,-1.242,29.9856,-1.0,30.00000000000001,0.0028214476,0.0020130202,-0.0031902147,287.11133,1.0,0.00012589991,292.25342,292.78735,292.82178,292.97778,293.36743,0.37579346,0.39456177,0.42662048,0.4373932,83145.31,291.99243,-1.0014982,1.1742268,98.96487,-9.03138,143.39427439371744,114.21327845255534
Kabale,2013-06,17455.652201526806,0.9086567073077686,19.0,0.0,1.0,0.0186623533181755,1.0000305189751728,2.000030518975173,-1.242,29.9856,-1.0,30.00000000000001,0.0008554,0.0009392202,-0.0027402844,284.52026,1.0,6.119907e-05,292.9944,293.4431,293.38354,293.2732,293.24976,0.266037,0.2879181,0.347229,0.42674255,83137.69,292.82178,-0.6222172,0.9928036,2.6029916,-26.893137,81.41100136439006,96.55720941225688
Kabale,2013-07,17455.652201526806,0.9086567073077686,19.0,0.0,1.0,0.0186623533181755,1.0000305189751728,2.000030518975173,-1.242,29.9856,-1.0,30.00000000000001,0.0012322108,0.00047008693,-0.0023846654,283.77808,1.0,6.943941e-05,293.69043,294.13232,294.0542,293.7776,293.3711,0.26940918,0.25546265,0.30610657,0.41151428,83127.56,293.2766,-0.34074306,0.58090496,0.78578997,-15.181303,34.11788272857666,85.330468972524
Kabale,2013-08,17455.652201526806,0.9086567073077686,19.0,0.0,1.0,0.0186623533181755,1.0000305189751728,2.000030518975173,-1.242,29.9856,-1.0,30.00000000000001,0.004504459,0.00038518757,-0.002916445,285.8755,1.0,0.00015619397,292.90308,293.4795,293.5044,293.61548,293.53467,0.3749237,0.3368988,0.3033142,0.39920044,83080.0,292.31543,-0.4649334,0.5221205,48.831997,1.4352074,17.406926155090332,80.40060027440389
Kabale,2013-09,17455.652201526806,0.9086567073077686,19.0,0.0,1.0,0.0186623533181755,1.0000305189751728,2.000030518975173,-1.242,29.9856,-1.0,30.00000000000001,0.0071624713,0.0011201203,-0.0032593599,287.1355,1.0,0.00021466613,292.87402,293.4995,293.4983,293.50244,293.52295,0.42201233,0.41664124,0.3555298,0.39186096,83090.625,292.20093,-0.1245594,0.28687954,121.745186,20.931229,57.120990912119545,69.2659961382548
Kabale,2013-10,17455.652201526806,0.9086567073077686,19.0,0.0,1.0,0.0186623533181755,1.0000305189751728,2.000030518975173,-1.242,29.9856,-1.0,30.00000000000001,0.0054952754,0.0011322051,-0.0035014953,287.02002,1.0,0.00014986098,292.51343,293.14746,293.16943,293.25952,293.45508,0.4120636,0.4179077,0.42877197,0.40553284,83048.625,291.95068,-0.51455784,0.40705872,98.67404,-26.261803,89.75040817260742,61.93414545059204
Kabale,2013-11,17455.652201526806,0.9086567073077686,19.0,0.0,1.0,0.0186623533181755,1.0000305189751728,2.000030518975173,-1.242,29.9856,-1.0,30.00000000000001,0.007878643,0.0024612993,-0.003226215,287.79468,1.0,0.00021927059,291.9121,292.61768,292.71265,292.99048,293.3313,0.4323883,0.4407196,0.44676208,0.42337036,82950.56,291.3296,-0.3492527,0.23697948,118.611404,-4.96682,113.01021067301431,65.20856841405232
Kabale,2013-12,17455.652201526806,0.9086567073077686,19.0,0.0,1.0,0.0186623533181755,1.0000305189751728,2.000030518975173,-1.242,29.9856,-1.0,30.00000000000001,0.0051824045,0.002330564,-0.003397924,287.48828,1.0,0.00022786856,292.3313,292.9104,292.88745,292.84473,293.1062,0.42060852,0.4223175,0.43777466,0.4401703,83030.56,291.68213,-0.19602871,0.036743164,125.82965,36.513718,114.37169901529948,85.74634496370952
Kabale,2014-01,17455.652201526806,0.9086567073077686,19.0,0.0,1.0,0.0186623533181755,1.0000305189751728,2.000030518975173,-1.242,29.9856,-1.0,30.00000000000001,0.0031612485,0.0014241412,-0.0035874797,286.59326,1.0,0.00014327466,292.74316,293.27124,293.22632,293.14966,293.063,0.40377808,0.4032898,0.39100647,0.43415833,83004.44,292.57495,-0.19328976,-0.05009365,46.374123,-21.43203,96.93839263916016,93.3444004058838
Kabale,2014-02,17455.652201526806,0.9086567073077686,19.0,0.0,1.0,0.0186623533181755,1.0000305189751728,2.000030518975173,-1.242,29.9856,-1.0,30.00000000000001,0.002319934,0.0007925108,-0.0034449063,285.96973,1.0,0.00010061264,294.23096,294.6494,294.48364,294.0088,293.2771,0.34609985,0.35098267,0.35409546,0.42263794,82916.81,293.69336,0.26356888,-0.102890015,99.83749,18.962875,90.680419921875,101.84531529744466
Kabale,2014-03,17455.652201526806,0.9086567073077686,19.0,0.0,1.0,0.0186623533181755,1.0000305189751728,2.000030518975173,-1.242,29.9856,-1.0,30.00000000000001,0.005014944,0.0007651895,-0.0035213865,287.45337,1.0,0.00018426776,293.2898,293.90576,293.89844,293.8806,293.60547,0.41168213,0.39730835,0.3436737,0.41175842,82975.56,292.87305,-0.47943878,0.4382162,173.62169,44.83011,106.61109924316406,110.49139912923177
Kabale,2014-04,17455.652201526806,0.9086567073077686,19.0,0.0,1.0,0.0186623533181755,1.0000305189751728,2.000030518975173,-1.242,29.9856,-1.0,30.00000000000001,0.0037156313,0.00055998564,-0.0034227995,287.61646,1.0,0.00015628338,292.65137,293.25317,293.29712,293.4519,293.63745,0.4181366,0.41793823,0.38026428,0.4051361,83042.81,292.3523,-0.91111374,0.9282589,123.87798,-19.41822,132.44571940104166,114.6920560201009
Kabale,2014-05,17455.652201526806,0.9086567073077686,19.0,0.0,1.0,0.0186623533181755,1.0000305189751728,2.000030518975173,-1.242,29.9856,-1.0,30.00000000000001,0.0018010868,0.00035744905,-0.0032331403,286.8933,1.0,7.4997544e-05,292.92676,293.4131,293.41357,293.4265,293.5244,0.36071777,0.37098694,0.37243652,0.40092468,83065.06,292.8186,-1.0085154,1.2967224,34.76297,-73.23328,110.75421396891277,100.71731694539388
Kabale,2014-06,17455.652201526806,0.9086567073077686,19.0,0.0,1.0,0.0186623533181755,1.0000305189751728,2.000030518975173,-1.242,29.9856,-1.0,30.00000000000001,0.0014194467,0.00026344508,-0.0026467703,285.77515,1.0,7.741153e-05,292.94238,293.3982,293.42383,293.48584,293.50122,0.31347656,0.30949402,0.3354187,0.39414978,83155.75,292.77515,-0.6415472,1.0624065,20.456018,-9.04011,59.69899050394694,83.1550448735555
Kabale,2014-07,17455.652201526806,0.9086567073077686,19.0,0.0,1.0,0.0186623533181755,1.0000305189751728,2.000030518975173,-1.242,29.9856,-1.0,30.00000000000001,0.0022064403,0.00021892786,-0.002471717,284.4707,1.0,7.301569e-05,293.39844,293.87524,293.84204,293.7173,293.50903,0.29704285,0.2878418,0.305542,0.38575745,83243.875,293.0415,-0.54493904,0.7684746,22.646473,6.6793804,25.955153783162437,79.20043659210205
Kabale,2014-08,17455.652201526806,0.9086567073077686,19.0,0.0,1.0,0.0186623533181755,1.0000305189751728,2.000030518975173,-1.242,29.9856,-1.0,30.00000000000001,0.006433185,0.0007060617,-0.0029435558,286.69604,1.0,0.00018258393,292.385,292.97827,293.02246,293.18848,293.4939,0.41394043,0.4064331,0.342453,0.37934875,83151.31,291.79248,-0.3174572,0.48720837,81.15837,33.76158,41.42028745015463,76.08725070953369
Kabale,2014-09,17455.652201526806,0.9086567073077686,19.0,0.0,1.0,0.0186623533181755,1.0000305189751728,2.000030518975173,-1.242,29.9856,-1.0,30.00000000000001,0.004862777,0.00075007975,-0.0032267356,286.9685,1.0,0.00014421344,292.44043,293.00122,292.99683,293.0442,293.2937,0.40364075,0.40377808,0.41363525,0.3904419,83111.06,291.78442,-0.69625854,0.6285219,117.40212,16.588165,73.7356554667155,66.71732298533122
Kabale,2014-10,17455.652201526806,0.9086567073077686,19.0,0.0,1.0,0.0186623533181755,1.0000305189751728,2.000030518975173,-1.242,29.9856,-1.0,30.00000000000001,0.009460491,0.0034256056,-0.0035410235,287.62866,1.0,0.00020501018,292.84912,293.47168,293.44897,293.37744,293.28638,0.4195099,0.42643738,0.4358673,0.40501404,83052.31,292.1194,-0.4502306,0.42379856,156.71492,31.779076,118.42513783772786,72.19014581044515
Kabale,2014-11,17455.652201526806,0.9086567073077686,19.0,0.0,1.0,0.0186623533181755,1.0000305189751728,2.000030518975173,-1.242,29.9856,-1.0,30.00000000000001,0.0058573475,0.0019463077,-0.0033803713,287.60107,1.0,0.00018669665,292.47363,293.12036,293.16406,293.27783,293.33032,0.4132843,0.4118042,0.4164734,0.420578,83034.56,291.90015,-0.6029053,0.33589077,113.45165,-10.126572,129.18956502278647,85.30492623647054
Kabale,2014-12,17455.652201526806,0.9086567073077686,19.0,0.0,1.0,0.0186623533181755,1.0000305189751728,2.000030518975173,-1.242,29.9856,-1.0,30.00000000000001,0.0039874427,0.0014532432,-0.0035502044,287.10083,1.0,0.00017976761,292.7312,293.29126,293.25537,293.21387,293.2644,0.4076538,0.4078827,0.42399597,0.42547607,83056.56,292.18945,-0.28313446,0.01940918,99.17173,9.855797,123.11276753743488,98.4242115020752
Kabale,2015-01,17455.652201526806,0.9086567073077686,19.0,0.0,1.0,0.0186623533181755,1.0000305189751728,2.000030518975173,-1.242,29.9856,-1.0,30.00000000000001,0.0008817348,0.00078795105,-0.0033830022,285.2898,1.0,4.8667192e-05,293.4336,293.89062,293.79102,293.55347,293.3181,0.3153534,0.33345032,0.37226868,0.4186554,83063.875,293.1184,0.5733223,-0.32151031,7.5636415,-60.24251,73.39567470550537,95.91040627161662
Kabale,2015-02,17455.652201526806,0.9086567073077686,19.0,0.0,1.0,0.0186623533181755,1.0000305189751728,2.000030518975173,-1.242,29.9856,-1.0,30.00000000000001,0.0025697679,0.00046973675,-0.00299107,286.50073,1.0,0.00012521446,294.51855,295.02686,294.89502,294.45483,293.62573,0.3023529,0.28329468,0.32054138,0.4067688,82966.56,293.7124,-0.2535839,-0.0031633377,67.02847,-13.846138,57.92128149668376,93.55542325973512
Kabale,2015-03,17455.652201526806,0.9086567073077686,19.0,0.0,1.0,0.0186623533181755,1.0000305189751728,2.000030518975173,-1.242,29.9856,-1.0,30.00000000000001,0.0066546635,0.0018406361,-0.002942155,287.0437,1.0,0.0001219064,293.72314,294.30713,294.3208,294.34277,293.96777,0.349823,0.34399414,0.30429077,0.3955536,82971.125,293.0598,-0.65226746,0.5504322,109.6939,-19.09768,61.42867183685303,92.27071968714397
Kabale,2015-04,17455.652201526806,0.9086567073077686,19.0,0.0,1.0,0.0186623533181755,1.0000305189751728,2.000030518975173,-1.242,29.9856,-1.0,30.00000000000001,0.011658953,0.0035598949,-0.003416475,288.56763,1.0,0.0002861321,292.41846,293.14868,293.2202,293.47412,293.92383,0.43605042,0.44355774,0.44309998,0.41072083,83089.25,291.6892,-0.24926472,0.48534012,184.29747,41.001266,120.33994801839192,96.86781136194864
Kabale,2015-05,17455.652201526806,0.9086567073077686,19.0,0.0,1.0,0.0186623533181755,1.0000305189751728,2.000030518975173,-1.242,29.9856,-1.0,30.00000000000001,0.0047631357,0.0031668246,-0.003531783,287.94995,1.0,0.0001630336,292.92578,293.4756,293.46167,293.43213,293.66064,0.4025116,0.40797424,0.4360199,0.44296265,83144.25,292.53735,-0.8926201,1.1156845,113.91613,5.9198837,135.96916707356772,96.94522428512572
Kabale,2015-06,17455.652201526806,0.9086567073077686,19.0,0.0,1.0,0.0186623533181755,1.0000305189751728,2.000030518975173,-1.242,29.9856,-1.0,30.00000000000001,0.0041956203,0.0017521903,-0.003425233,286.8855,1.0,0.00016832352,292.65942,293.22485,293.26733,293.43555,293.6089,0.4086609,0.41029358,0.38587952,0.43522644,83183.5,292.58472,-0.28758717,0.6844835,47.406567,17.910439,115.20672225952148,88.31769704818726
Kabale,2015-07,17455.652201526806,0.9086567073077686,19.0,0.0,1.0,0.0186623533181755,1.0000305189751728,2.000030518975173,-1.242,29.9856,-1.0,30.00000000000001,0.0010138007,0.00078225136,-0.0028003464,284.56274,1.0,5.9112906e-05,293.02905,293.4707,293.42383,293.32837,293.45312,0.30439758,0.32278442,0.350235,0.42295837,83200.125,293.0459,-0.75599,0.9068861,6.1710706,-9.796022,55.831255753835045,88.08560188611348
Kabale,2015-08,17455.652201526806,0.9086567073077686,19.0,0.0,1.0,0.0186623533181755,1.0000305189751728,2.000030518975173,-1.242,29.9856,-1.0,30.00000000000001,0.0014578289,0.0004453361,-0.002626609,284.52368,1.0,4.7966838e-05,294.35352,294.7307,294.5586,294.12402,293.57983,0.29830933,0.29562378,0.3146057,0.40992737,83135.875,293.70337,-0.9504137,0.82285213,13.977798,-33.41899,22.518478552500408,79.24382281303406
Kabale,2015-09,17455.652201526806,0.9086567073077686,19.0,0.0,1.0,0.0186623533181755,1.0000305189751728,2.000030518975173,-1.242,29.9856,-1.0,30.00000000000001,0.0034543811,0.00031368434,-0.0031008003,286.79858,1.0,0.000121861696,293.88818,294.4319,294.41455,294.3423,293.90723,0.37017822,0.3524933,0.30604553,0.3985138,83110.375,293.08057,-0.7791977,0.62339497,115.77204,14.958084,45.30697011947632,80.2568461894989
Kabale,2015-10,17455.652201526806,0.9086567073077686,19.0,0.0,1.0,0.0186623533181755,1.0000305189751728,2.000030518975173,-1.242,29.9856,-1.0,30.00000000000001,0.008686219,0.0014675558,-0.0032112924,288.3047,1.0,0.00021103024,293.0144,293.72217,293.7998,293.97314,294.01978,0.4189148,0.41493225,0.3407898,0.39038086,83084.625,292.24146,-0.3970976,0.34230137,118.70325,-6.2325974,82.81769561767578,69.32447568575542
Kabale,2015-11,17455.652201526806,0.9086567073077686,19.0,0.0,1.0,0.0186623533181755,1.0000305189751728,2.000030518975173,-1.242,29.9856,-1.0,30.00000000000001,0.008343597,0.002160877,-0.003179999,288.32202,1.0,0.00026224554,292.14038,292.886,293.0144,293.34644,293.8369,0.43637085,0.44361877,0.4507904,0.41828918,83049.875,291.46704,-0.18835068,0.14145184,120.58319,-2.9950333,118.35282643636069,70.43565249443054
Kabale,2015-12,17455.652201526806,0.9086567073077686,19.0,0.0,1.0,0.0186623533181755,1.0000305189751728,2.000030518975173,-1.242,29.9856,-1.0,30.00000000000001,0.0075248573,0.0044329837,-0.0034818277,288.41528,1.0,0.00026509166,292.55518,293.18286,293.1494,293.19238,293.55347,0.4348755,0.43832397,0.44439697,0.44981384,83153.44,291.8015,-0.0814085,-0.116737366,88.49713,-0.8188019,109.26118977864584,77.28407994906108
Kabale,2016-01,17455.652201526806,0.9086567073077686,19.0,0.0,1.0,0.0186623533181755,1.0000305189751728,2.000030518975173,-1.242,29.9856,-1.0,30.00000000000001,0.003551041,0.002041638,-0.003556393,288.1648,1.0,0.00017650425,293.41113,293.9397,293.87622,293.71265,293.5254,0.40553284,0.4106598,0.3970337,0.44204712,83111.19,292.86157,0.18762207,-0.12331772,100.40309,32.59694,103.16113789876302,92.9894167582194
Kabale,2016-02,17455.652201526806,0.9086567073077686,19.0,0.0,1.0,0.0186623533181755,1.0000305189751728,2.000030518975173,-1.242,29.9856,-1.0,30.00000000000001,0.002713312,0.001155138,-0.003284432,287.3894,1.0,7.8722835e-05,294.54736,294.96753,294.812,294.3694,293.73608,0.33242798,0.3428192,0.35490417,0.4288025,83062.06,293.9182,-0.07798576,0.07217598,30.918297,-49.956314,73.27283986409505,95.81283315022786
Kabale,2016-03,17455.652201526806,0.9086567073077686,19.0,0.0,1.0,0.0186623533181755,1.0000305189751728,2.000030518975173,-1.242,29.9856,-1.0,30.00000000000001,0.0037038983,0.0006195754,-0.003662914,288.80713,1.0,0.00013771653,294.63916,295.14868,295.03906,294.7251,294.11426,0.3996582,0.38705444,0.3383484,0.41612244,83050.875,293.98584,-0.5508003,0.39285755,103.570885,-25.220695,78.29742431640625,93.77930704752605
Kabale,2016-04,17455.652201526806,0.9086567073077686,19.0,0.0,1.0,0.0186623533181755,1.0000305189751728,2.000030518975173,-1.242,29.9856,-1.0,30.00000000000001,0.010531405,0.0022335723,-0.003241714,289.57056,1.0,0.0002962947,293.1067,293.82422,293.9358,294.2168,294.3003,0.43330383,0.43856812,0.41133118,0.41223145,83065.94,292.44214,-0.4966774,0.6762419,185.59544,42.29924,106.6948750813802,104.9280064900716
Kabale,2016-05,17455.652201526806,0.9086567073077686,19.0,0.0,1.0,0.0186623533181755,1.0000305189751728,2.000030518975173,-1.242,29.9856,-1.0,30.00000000000001,0.005411812,0.005411029,-0.00334795,287.67896,1.0,0.00012022257,293.43555,293.95215,293.9475,293.95435,294.15454,0.36653137,0.38015747,0.41401672,0.45072937,83197.31,293.02466,-0.66543484,0.90423965,83.68886,-24.307388,124.28506215413412,98.77895100911458
Kabale,2016-06,17455.652201526806,0.9086567073077686,19.0,0.0,1.0,0.0186623533181755,1.0000305189751728,2.000030518975173,-1.242,29.9856,-1.0,30.00000000000001,0.0021481777,0.0012073666,-0.0028592432,285.32324,1.0,8.621812e-05,292.87866,293.47852,293.5874,293.89575,294.10498,0.30497742,0.3205719,0.330719,0.43296814,83262.06,292.67578,-0.7294941,0.99451447,1.4081959,-28.087933,90.23083253701527,84.26412842671077
Kabale,2016-07,17455.652201526806,0.9086567073077686,19.0,0.0,1.0,0.0186623533181755,1.0000305189751728,2.000030518975173,-1.242,29.9856,-1.0,30.00000000000001,0.0016644838,0.00053963065,-0.0025972659,284.88892,1.0,5.839765e-05,293.48706,293.92017,293.84302,293.72217,293.89917,0.29615784,0.2965393,0.3058777,0.4160614,83166.56,293.14526,-0.38407707,0.6514139,14.877577,-1.0895157,33.32487690448761,70.00987599293391
Kabale,2016-08,17455.652201526806,0.9086567073077686,19.0,0.0,1.0,0.0186623533181755,1.0000305189751728,2.000030518975173,-1.242,29.9856,-1.0,30.00000000000001,0.001456639,0.00031401962,-0.0027060732,284.3252,1.0,6.452203e-05,293.95605,294.41016,294.34106,294.15625,293.9375,0.32226562,0.31401062,0.29356384,0.40278625,83159.625,293.4038,-0.9169483,0.80623627,13.089855,-34.306934,9.791875958442688,67.0384690562884
Kabale,2016-09,17455.652201526806,0.9086567073077686,19.0,0.0,1.0,0.0186623533181755,1.0000305189751728,2.000030518975173,-1.242,29.9856,-1.0,30.00000000000001,0.004494591,0.00043049455,-0.0026739351,286.1709,1.0,0.00013798475,294.4524,295.0293,294.96387,294.74585,294.18384,0.3169403,0.31080627,0.28359985,0.39102173,83119.5,293.27222,-0.64131165,0.46527386,112.55945,11.745491,46.84229342142741,68.53656297922134
Kabale,2016-10,17455.652201526806,0.9086567073077686,19.0,0.0,1.0,0.0186623533181755,1.0000305189751728,2.000030518975173,-1.242,29.9856,-1.0,30.00000000000001,0.0050226254,0.00056617707,-0.003497201,287.18628,1.0,0.00014787912,293.3589,293.99,294.02393,294.135,294.26587,0.39645386,0.3942871,0.38024902,0.38586426,83014.125,292.69092,-0.64895344,0.4786377,179.30896,54.373116,101.65275446573894,67.48881568511327
Kabale,2016-11,17455.652201526806,0.9086567073077686,19.0,0.0,1.0,0.0186623533181755,1.0000305189751728,2.000030518975173,-1.242,29.9856,-1.0,30.00000000000001,0.0057510957,0.00071263313,-0.0032829903,287.94482,1.0,0.00019429624,292.61914,293.28784,293.37134,293.63037,294.1101,0.42503357,0.42411804,0.38667297,0.38394165,83030.625,291.95044,-0.55099964,0.47079563,165.63956,42.061333,152.50265502929688,81.14726549386978
Kabale,2016-12,17455.652201526806,0.9086567073077686,19.0,0.0,1.0,0.0186623533181755,1.0000305189751728,2.000030518975173,-1.242,29.9856,-1.0,30.00000000000001,0.0029466392,0.0003765002,-0.003470051,287.05957,1.0,0.00013580918,292.65088,293.25513,293.28833,293.44116,293.82837,0.4037323,0.40982056,0.41081238,0.390213,83019.94,292.23853,-0.48341274,0.14534855,30.670612,-58.64532,125.20637639363606,86.02433490753174
Kabale,2017-01,17455.652201526806,0.9086567073077686,19.0,0.0,1.0,0.0186623533181755,1.0000305189751728,2.000030518975173,-1.242,29.9856,-1.0,30.00000000000001,0.0022522511,0.00024951994,-0.0035171388,285.52002,1.0,8.9123845e-05,293.646,294.17236,294.09546,293.89526,293.72998,0.335083,0.34565735,0.3718567,0.38867188,82991.25,293.39282,-0.11368084,-0.064188,14.986723,-52.819427,70.43229738871257,86.04252592722575
Kabale,2017-02,17455.652201526806,0.9086567073077686,19.0,0.0,1.0,0.0186623533181755,1.0000305189751728,2.000030518975173,-1.242,29.9856,-1.0,30.00000000000001,0.004995012,0.00033880025,-0.00335484,287.57178,1.0,0.00020033121,292.99634,293.63696,293.677,293.82788,293.8369,0.40312195,0.3909607,0.3514557,0.38320923,82999.0,292.5017,-0.24344635,0.14541054,102.77233,21.89772,49.47655550638834,100.9896052678426
Kabale,2017-03,17455.652201526806,0.9086567073077686,19.0,0.0,1.0,0.0186623533181755,1.0000305189751728,2.000030518975173,-1.242,29.9856,-1.0,30.00000000000001,0.0059108404,0.0008418113,-0.003513433,288.08472,1.0,0.00018338859,293.1792,293.79907,293.80493,293.78662,293.80347,0.42633057,0.43304443,0.40185547,0.3848114,82990.75,292.62378,-0.45953274,0.5101614,81.06361,-47.727974,66.27422014872234,95.7402982711792
Kabale,2017-04,17455.652201526806,0.9086567073077686,19.0,0.0,1.0,0.0186623533181755,1.0000305189751728,2.000030518975173,-1.242,29.9856,-1.0,30.00000000000001,0.003785831,0.0005123243,-0.0034432076,288.06787,1.0,0.00015938282,292.7649,293.3828,293.427,293.5708,293.76562,0.40690613,0.4043579,0.40213013,0.3922119,83035.56,292.4336,-0.91885185,1.2187729,85.08508,-58.21112,89.64034016927083,80.0363187789917
Kabale,2017-05,17455.652201526806,0.9086567073077686,19.0,0.0,1.0,0.0186623533181755,1.0000305189751728,2.000030518975173,-1.242,29.9856,-1.0,30.00000000000001,0.0025266402,0.00056723505,-0.0033383407,287.34937,1.0,0.000128299,292.3203,292.8833,292.92163,293.08618,293.5442,0.39408875,0.40124512,0.40808105,0.39511108,83144.94,292.22803,-0.9622984,1.3947487,41.87972,-66.11653,69.34280268351237,59.40967909495036
Kabale,2017-06,17455.652201526806,0.9086567073077686,19.0,0.0,1.0,0.0186623533181755,1.0000305189751728,2.000030518975173,-1.242,29.9856,-1.0,30.00000000000001,0.00065342104,0.0003579557,-0.0027710972,285.1753,1.0,3.7655234e-05,293.46167,293.86792,293.79224,293.61816,293.46045,0.2752838,0.29962158,0.35331726,0.39094543,83132.31,293.35986,-0.9123297,1.1371641,1.1833055,-28.312822,42.716035763422646,54.49512795607249
Kabale,2017-07,17455.652201526806,0.9086567073077686,19.0,0.0,1.0,0.0186623533181755,1.0000305189751728,2.000030518975173,-1.242,29.9856,-1.0,30.00000000000001,0.0032626237,0.00026889145,-0.0027706847,285.75195,1.0,0.000150159,293.19116,293.7041,293.68872,293.63452,293.53418,0.35038757,0.31430054,0.3170929,0.38284302,83205.25,293.0586,-0.2329607,0.51582146,13.621351,-2.3457413,18.89479184150696,54.26756600538889
Kabale,2017-08,17455.652201526806,0.9086567073077686,19.0,0.0,1.0,0.0186623533181755,1.0000305189751728,2.000030518975173,-1.242,29.9856,-1.0,30.00000000000001,0.0048867185,0.00041205436,-0.003039633,286.61865,1.0,0.00016903877,293.04492,293.6001,293.59668,293.6079,293.57495,0.40603638,0.39208984,0.3317566,0.37649536,83112.44,292.63257,-0.4305687,0.54572964,44.359974,-3.0368156,19.721543550491333,44.532173117001854
Kabale,2017-09,17455.652201526806,0.9086567073077686,19.0,0.0,1.0,0.0186623533181755,1.0000305189751728,2.000030518975173,-1.242,29.9856,-1.0,30.00000000000001,0.008200168,0.0018259585,-0.0033449847,287.5979,1.0,0.00021006167,292.93652,293.56738,293.58252,293.6045,293.59106,0.43341064,0.4393921,0.41183472,0.38386536,83114.375,292.19507,-0.2943802,0.3898573,105.25508,4.441124,54.412135442097984,48.56408560276032
Kabale,2017-10,17455.652201526806,0.9086567073077686,19.0,0.0,1.0,0.0186623533181755,1.0000305189751728,2.000030518975173,-1.242,29.9856,-1.0,30.00000000000001,0.0068893693,0.002154857,-0.0035158973,287.85327,1.0,0.00020173192,293.0559,293.7102,293.7207,293.72632,293.62256,0.42578125,0.42974854,0.43380737,0.40507507,83020.81,292.4104,-0.40009975,0.33746052,110.52081,-14.415031,86.71195602416992,52.80337393283844
Kabale,2017-11,17455.652201526806,0.9086567073077686,19.0,0.0,1.0,0.0186623533181755,1.0000305189751728,2.000030518975173,-1.242,29.9856,-1.0,30.00000000000001,0.006683245,0.0026362762,-0.0033819238,287.81445,1.0,0.00022746623,292.364,293.03735,293.07617,293.22266,293.54785,0.4293213,0.4350891,0.43792725,0.42401123,83003.125,291.6311,-0.4659443,0.24702549,91.799576,-31.778648,102.52515665690105,61.12335010369619
Kabale,2017-12,17455.652201526806,0.9086567073077686,19.0,0.0,1.0,0.0186623533181755,1.0000305189751728,2.000030518975173,-1.242,29.9856,-1.0,30.00000000000001,0.0031973666,0.0014094338,-0.003552216,287.05908,1.0,0.00016632676,292.71973,293.2954,293.28882,293.30933,293.4292,0.41410828,0.41183472,0.40353394,0.42414856,83001.31,292.38452,-0.38735867,0.033548355,41.885483,-47.43045,81.40195719401042,67.9070463180542
Kabale,2018-01,17455.652201526806,0.9086567073077686,19.0,0.0,1.0,0.0186623533181755,1.0000305189751728,2.000030518975173,-1.242,29.9856,-1.0,30.00000000000001,0.002556769,0.00080826133,-0.003386641,286.39697,1.0,0.000121071935,292.84253,293.36157,293.34155,293.32373,293.3667,0.3756256,0.37330627,0.3636322,0.41427612,82988.5,292.39014,0.468462,-0.2072277,99.2335,31.427345,77.63951873779297,82.17573738098145
Kabale,2018-02,17455.652201526806,0.9086567073077686,19.0,0.0,1.0,0.0186623533181755,1.0000305189751728,2.000030518975173,-1.242,29.9856,-1.0,30.00000000000001,0.004343625,0.00083337724,-0.0033641765,287.50366,1.0,0.00015434623,293.89868,294.4087,294.32935,294.0381,293.5105,0.37913513,0.3721466,0.34425354,0.40428162,82906.0,293.3479,-0.3334236,0.27500057,79.87183,-1.0027771,73.66360473632812,88.09438069661458
Kabale,2018-03,17455.652201526806,0.9086567073077686,19.0,0.0,1.0,0.0186623533181755,1.0000305189751728,2.000030518975173,-1.242,29.9856,-1.0,30.00000000000001,0.0064417096,0.0011671558,-0.0033904836,288.20557,1.0,0.00022663176,292.86987,293.4917,293.5022,293.59473,293.64795,0.43417358,0.4365692,0.40454102,0.4001007,83012.94,292.115,-0.10864544,0.21466827,203.45831,74.66673,127.52121480305988,104.46158599853516
Kabale,2018-04,17455.652201526806,0.9086567073077686,19.0,0.0,1.0,0.0186623533181755,1.0000305189751728,2.000030518975173,-1.242,29.9856,-1.0,30.00000000000001,0.012760068,0.0056377277,-0.0030983612,288.91113,1.0,0.00032371283,292.21436,292.9077,292.9917,293.1958,293.52124,0.44122314,0.44506836,0.4573059,0.4384613,83054.56,291.42822,-0.17682171,0.3406906,263.37387,120.07767,182.23467254638672,129.93709564208984
Kabale,2018-05,17455.652201526806,0.9086567073077686,19.0,0.0,1.0,0.0186623533181755,1.0000305189751728,2.000030518975173,-1.242,29.9856,-1.0,30.00000000000001,0.004095463,0.0038688034,-0.003350255,287.7644,1.0,0.00020484626,292.22412,292.81982,292.85645,293.02222,293.32886,0.42115784,0.42741394,0.41125488,0.453125,83105.06,291.83154,-0.7312746,1.1119957,200.15408,92.15784,222.3287556966146,147.99618021647134
Kabale,2018-06,17455.652201526806,0.9086567073077686,19.0,0.0,1.0,0.0186623533181755,1.0000305189751728,2.000030518975173,-1.242,29.9856,-1.0,30.00000000000001,0.0011203848,0.0013131201,-0.003043523,285.37207,1.0,6.5371394e-05,292.39893,292.89575,292.90527,292.96436,293.17163,0.32609558,0.3352661,0.35295105,0.43608093,83204.875,292.2566,-0.5809784,0.9151459,25.673105,-3.8230228,163.0670197804769,145.2941172917684
Kabale,2018-07,17455.652201526806,0.9086567073077686,19.0,0.0,1.0,0.0186623533181755,1.0000305189751728,2.000030518975173,-1.242,29.9856,-1.0,30.00000000000001,0.0011411839,0.00060432404,-0.0019492116,282.6023,1.0,3.053248e-05,293.489,293.91406,293.75415,293.3672,293.12573,0.22106934,0.2602234,0.3097229,0.41886902,83231.31,292.82178,-1.0328064,1.2371559,11.46171,-4.5053825,79.09629948933919,130.66548601786295
Kabale,2018-08,17455.652201526806,0.9086567073077686,19.0,0.0,1.0,0.0186623533181755,1.0000305189751728,2.000030518975173,-1.242,29.9856,-1.0,30.00000000000001,0.005175652,0.0007331446,-0.0026596468,286.01416,1.0,0.00013196468,292.85913,293.43896,293.48145,293.6018,293.35278,0.35679626,0.35061646,0.30482483,0.40464783,83200.75,292.10352,-0.5372181,0.6654625,70.25291,22.856117,35.79590733846029,129.06233151753744
Kabale,2018-09,17455.652201526806,0.9086567073077686,19.0,0.0,1.0,0.0186623533181755,1.0000305189751728,2.000030518975173,-1.242,29.9856,-1.0,30.00000000000001,0.003376439,0.00047501177,-0.0032342458,287.14478,1.0,9.718537e-05,292.6648,293.20923,293.19824,293.1853,293.3274,0.395813,0.40187073,0.37895203,0.39768982,83050.06,292.03345,-0.80433846,0.71951866,90.268684,-10.545273,57.32776705423991,110.1973934173584
Kabale,2018-10,17455.652201526806,0.9086567073077686,19.0,0.0,1.0,0.0186623533181755,1.0000305189751728,2.000030518975173,-1.242,29.9856,-1.0,30.00000000000001,0.0057958094,0.00094379485,-0.0033498416,287.4109,1.0,0.00015679002,292.63672,293.23145,293.24048,293.28955,293.3152,0.40766907,0.40940857,0.39027405,0.3940277,83055.19,292.06152,-0.68685055,0.54318905,128.01599,3.0801468,96.17919413248698,87.63774681091309
Kabale,2018-11,17455.652201526806,0.9086567073077686,19.0,0.0,1.0,0.0186623533181755,1.0000305189751728,2.000030518975173,-1.242,29.9856,-1.0,30.00000000000001,0.0054666502,0.0012871996,-0.0033722138,287.97974,1.0,0.00016584992,292.7776,293.33887,293.31763,293.27148,293.27856,0.42384338,0.42965698,0.43545532,0.40907288,83017.875,292.2295,-0.63024235,0.35688686,98.44509,-25.133133,105.5765889485677,70.68624814351399
Kabale,2018-12,17455.652201526806,0.9086567073077686,19.0,0.0,1.0,0.0186623533181755,1.0000305189751728,2.000030518975173,-1.242,29.9856,-1.0,30.00000000000001,0.0049482496,0.00085395575,-0.003388525,287.6892,1.0,0.00023573637,292.29785,292.93823,292.98315,293.09473,293.2461,0.42962646,0.42886353,0.4230194,0.4152069,83092.19,291.86182,-0.25280094,0.10700321,128.76746,39.451523,118.40951283772786,87.86863994598389
Kabale,2019-01,17455.652201526806,0.9086567073077686,19.0,0.0,1.0,0.0186623533181755,1.0000305189751728,2.000030518975173,-1.242,29.9856,-1.0,30.00000000000001,0.0028330404,0.0007587187,-0.0037999256,286.85547,1.0,0.00014775991,293.24658,293.75366,293.66016,293.43896,293.24023,0.40881348,0.40846252,0.41015625,0.4160614,83077.625,293.11987,-0.33057785,-0.020208359,49.606056,-18.200096,92.27286783854169,94.22603098551431
Kabale,2019-02,17455.652201526806,0.9086567073077686,19.0,0.0,1.0,0.0186623533181755,1.0000305189751728,2.000030518975173,-1.242,29.9856,-1.0,30.00000000000001,0.0027548273,0.000632748,-0.0034946539,286.96045,1.0,0.000121325254,293.84302,294.34473,294.26245,294.04883,293.4939,0.36749268,0.3585968,0.36669922,0.40979004,83023.625,293.61304,-0.4202795,0.16605854,51.940495,-28.934116,76.77133560180664,91.17396227518718
Kabale,2019-03,17455.652201526806,0.9086567073077686,19.0,0.0,1.0,0.0186623533181755,1.0000305189751728,2.000030518975173,-1.242,29.9856,-1.0,30.00000000000001,0.004231303,0.0006496683,-0.0036381735,287.44482,1.0,0.00014397502,293.9248,294.4558,294.3728,294.11865,293.7068,0.39387512,0.39089966,0.3584137,0.40246582,83046.81,293.45972,-0.33302784,0.22535706,67.40074,-61.39084,56.31576410929362,87.36263847351074
Kabale,2019-04,17455.652201526806,0.9086567073077686,19.0,0.0,1.0,0.0186623533181755,1.0000305189751728,2.000030518975173,-1.242,29.9856,-1.0,30.00000000000001,0.0071392166,0.00128676,-0.0035113012,288.7483,1.0,0.00022649765,293.3308,293.99243,294.0227,294.07007,293.9297,0.42427063,0.42697144,0.38401794,0.3975525,83041.31,292.812,-0.5256491,0.6861944,144.58777,1.291565,87.97633488972981,90.12460136413574
Kabale,2019-05,17455.652201526806,0.9086567073077686,19.0,0.0,1.0,0.0186623533181755,1.0000305189751728,2.000030518975173,-1.242,29.9856,-1.0,30.00000000000001,0.006158825,0.002385646,-0.0033697896,288.78442,1.0,0.00020959973,292.68164,293.31445,293.3816,293.59937,293.87354,0.42585754,0.42388916,0.41500854,0.40602112,83091.625,292.32764,-0.9607763,1.315403,94.4411,-13.555145,102.14320373535156,89.4572696685791
Kabale,2019-06,17455.652201526806,0.9086567073077686,19.0,0.0,1.0,0.0186623533181755,1.0000305189751728,2.000030518975173,-1.242,29.9856,-1.0,30.00000000000001,0.008138754,0.004004732,-0.0031455178,287.4187,1.0,0.00022228062,292.43066,292.9807,293.0337,293.21704,293.6416,0.4183197,0.42063904,0.43595886,0.41903687,83214.875,292.4673,-0.21023655,0.6718149,76.403496,46.907368,105.14412180582684,80.72994295756023
Kabale,2019-07,17455.652201526806,0.9086567073077686,19.0,0.0,1.0,0.0186623533181755,1.0000305189751728,2.000030518975173,-1.242,29.9856,-1.0,30.00000000000001,0.0032721714,0.0012631342,-0.00326222,286.03027,1.0,0.000112727284,292.52832,293.04688,293.06128,293.10645,293.40283,0.39431763,0.39474487,0.40808105,0.42167664,83159.69,292.60522,-0.3279791,0.66927624,19.411318,3.4442253,63.41863822937012,75.69748655954997
Kabale,2019-08,17455.652201526806,0.9086567073077686,19.0,0.0,1.0,0.0186623533181755,1.0000305189751728,2.000030518975173,-1.242,29.9856,-1.0,30.00000000000001,0.0036465342,0.00093945116,-0.0032517286,286.23853,1.0,0.00012849271,292.94385,293.47485,293.46875,293.44165,293.34302,0.3985443,0.39898682,0.3848877,0.41462708,83211.56,292.625,-0.54857063,0.67698956,38.441826,-8.954964,44.75221316019694,73.44770844777425
Kabale,2019-09,17455.652201526806,0.9086567073077686,19.0,0.0,1.0,0.0186623533181755,1.0000305189751728,2.000030518975173,-1.242,29.9856,-1.0,30.00000000000001,0.0052385023,0.0011484474,-0.0032802382,287.5337,1.0,0.00014550984,293.0193,293.5725,293.5459,293.48022,293.39673,0.4180298,0.42518616,0.41696167,0.4108734,83114.5,292.46436,-0.49523735,0.5319176,85.770966,-15.042992,47.87470308939616,76.5094124476115
Kabale,2019-10,17455.652201526806,0.9086567073077686,19.0,0.0,1.0,0.0186623533181755,1.0000305189751728,2.000030518975173,-1.242,29.9856,-1.0,30.00000000000001,0.011698877,0.0053936467,-0.0030263513,288.07886,1.0,0.00023931265,291.6604,292.3567,292.4673,292.81665,293.29858,0.4356537,0.44459534,0.44735718,0.4261322,83001.69,291.22314,-0.4574089,0.5040064,166.68173,41.745888,96.96484120686848,80.19173971811931
Kabale,2019-11,17455.652201526806,0.9086567073077686,19.0,0.0,1.0,0.0186623533181755,1.0000305189751728,2.000030518975173,-1.242,29.9856,-1.0,30.00000000000001,0.0064603435,0.0033598095,-0.003387873,288.08643,1.0,0.00020194054,292.6018,293.16406,293.11792,293.04395,293.1045,0.42614746,0.4282074,0.42918396,0.44709778,82997.06,291.99756,-0.40625095,0.2794962,137.25832,13.680092,129.90367126464844,87.32794221242268
Kabale,2019-12,17455.652201526806,0.9086567073077686,19.0,0.0,1.0,0.0186623533181755,1.0000305189751728,2.000030518975173,-1.242,29.9856,-1.0,30.00000000000001,0.0074705863,0.005145952,-0.003350065,288.48926,1.0,0.000272125,292.6167,293.2129,293.18896,293.136,293.1106,0.43174744,0.43753052,0.4414673,0.45672607,83034.81,291.91846,-0.0058288574,-0.08628845,154.73386,65.41792,152.89130147298178,100.38300228118896
Kabale,2020-01,17455.652201526806,0.9086567073077686,19.0,0.0,1.0,0.0186623533181755,1.0000305189751728,2.000030518975173,-1.242,29.9856,-1.0,30.00000000000001,0.003895009,0.0021586195,-0.0033390727,287.66504,1.0,0.0001462102,293.1726,293.6626,293.6272,293.47412,293.19287,0.40174866,0.40248108,0.38908386,0.44456482,83090.56,292.85815,0.15268421,-0.16871548,51.86999,-15.936161,114.62072118123372,105.7927811940511
Kabale,2020-02,17455.652201526806,0.9086567073077686,19.0,0.0,1.0,0.0186623533181755,1.0000305189751728,2.000030518975173,-1.242,29.9856,-1.0,30.00000000000001,0.0057950686,0.0016955063,-0.0036424622,288.26294,1.0,0.00019076467,293.74194,294.2539,294.146,293.8662,293.4043,0.42121887,0.42178345,0.39672852,0.43293762,83088.75,293.15698,-0.38846016,0.07941532,73.13121,-7.7434006,93.24501927693684,111.57434527079263
Kabale,2020-03,17455.652201526806,0.9086567073077686,19.0,0.0,1.0,0.0186623533181755,1.0000305189751728,2.000030518975173,-1.242,29.9856,-1.0,30.00000000000001,0.005959519,0.0018637702,-0.0035424465,288.68042,1.0,0.00020867586,293.76294,294.3086,294.26538,294.15137,293.72852,0.43276978,0.4364624,0.43200684,0.43315125,83050.375,293.16455,-0.43273067,0.3554325,218.09421,89.30263,114.36513646443684,133.62821896870932
Kabale,2020-04,17455.652201526806,0.9086567073077686,19.0,0.0,1.0,0.0186623533181755,1.0000305189751728,2.000030518975173,-1.242,29.9856,-1.0,30.00000000000001,0.0071920715,0.0022127405,-0.0034504682,288.7356,1.0,0.00023275614,293.29492,293.93237,293.9807,294.03906,293.91113,0.42399597,0.4256897,0.4269867,0.43623352,83105.56,292.78467,-0.6747503,0.6290722,216.9503,73.6541,169.39190673828125,142.00631395975748
Kabale,2020-05,17455.652201526806,0.9086567073077686,19.0,0.0,1.0,0.0186623533181755,1.0000305189751728,2.000030518975173,-1.242,29.9856,-1.0,30.00000000000001,0.0064386725,0.0058421493,-0.0034425752,287.6162,1.0,0.00016269088,292.90356,293.4209,293.40576,293.45825,293.77783,0.39920044,0.40992737,0.4276123,0.4527588,83213.375,292.67578,-0.8897915,1.1056385,61.27912,-46.717125,165.4412104288737,129.34311485290527
Kabale,2020-06,17455.652201526806,0.9086567073077686,19.0,0.0,1.0,0.0186623533181755,1.0000305189751728,2.000030518975173,-1.242,29.9856,-1.0,30.00000000000001,0.0026121123,0.0014242828,-0.003053492,285.94897,1.0,0.000120431185,292.67676,293.2151,293.27197,293.43774,293.6604,0.3527527,0.35798645,0.35003662,0.4371338,83182.25,292.7224,-0.5691147,0.93208504,7.642757,-21.85337,95.29072682062784,104.82793164253236
Kabale,2020-07,17455.652201526806,0.9086567073077686,19.0,0.0,1.0,0.0186623533181755,1.0000305189751728,2.000030518975173,-1.242,29.9856,-1.0,30.00000000000001,0.0017857293,0.0006786734,-0.0026637204,285.03052,1.0,8.0138445e-05,292.81177,293.23364,293.22998,293.27075,293.4873,0.3376007,0.32469177,0.32337952,0.42138672,83091.19,292.75928,-0.5302534,0.87874126,0.0,-15.9670925,22.97395944595337,96.18293309211732
Kabale,2020-08,17455.652201526806,0.9086567073077686,19.0,0.0,1.0,0.0186623533181755,1.0000305189751728,2.000030518975173,-1.242,29.9856,-1.0,30.00000000000001,0.0056683645,0.00075136125,-0.0031497013,286.3069,1.0,0.00015869737,293.6123,294.13647,294.07153,293.84985,293.51733,0.39637756,0.38398743,0.3290863,0.40898132,83086.75,293.22485,-0.4850979,0.46206284,19.899574,-27.497215,9.180777072906494,87.31099375089009
Kabale,2020-09,17455.652201526806,0.9086567073077686,19.0,0.0,1.0,0.0186623533181755,1.0000305189751728,2.000030518975173,-1.242,29.9856,-1.0,30.00000000000001,0.0063562486,0.0010939166,-0.0034374138,286.9619,1.0,0.00017145276,293.1582,293.7561,293.7483,293.7317,293.64087,0.42208862,0.42652893,0.3959961,0.40530396,83059.5,292.50537,-0.32228184,0.38863754,70.36455,-30.44941,30.088040669759117,62.68938374519348
Kabale,2020-10,17455.652201526806,0.9086567073077686,19.0,0.0,1.0,0.0186623533181755,1.0000305189751728,2.000030518975173,-1.242,29.9856,-1.0,30.00000000000001,0.008602423,0.002658151,-0.0033202851,287.6975,1.0,0.00021699071,292.6023,293.27563,293.34546,293.53076,293.65283,0.42892456,0.4336853,0.4334259,0.4211731,83050.375,292.01367,-0.33524418,0.37034607,113.35193,-11.583916,67.87201690673828,45.42298817634583
Kabale,2020-11,17455.652201526806,0.9086567073077686,19.0,0.0,1.0,0.0186623533181755,1.0000305189751728,2.000030518975173,-1.242,29.9856,-1.0,30.00000000000001,0.0077904398,0.004574053,-0.0031235209,288.10596,1.0,0.00024709105,292.08984,292.74072,292.80322,293.01025,293.4524,0.43151855,0.43771362,0.4472351,0.4500885,83057.75,291.4121,-0.34109116,0.18194962,128.71939,5.1411667,104.14528910319012,56.6630330880483
Kabale,2020-12,17455.652201526806,0.9086567073077686,19.0,0.0,1.0,0.0186623533181755,1.0000305189751728,2.000030518975173,-1.242,29.9856,-1.0,30.00000000000001,0.006436631,0.003335327,-0.0034942394,287.72046,1.0,0.0002645254,292.34912,292.98486,292.97852,293.01367,293.24902,0.4345703,0.43940735,0.42774963,0.45031738,83030.125,291.58325,-0.2650175,0.020947456,93.382935,4.0670013,111.81808471679688,70.953062693278
Kabale,2021-01,17455.652201526806,0.9086567073077686,19.0,0.0,1.0,0.0186623533181755,1.0000305189751728,2.000030518975173,-1.242,29.9856,-1.0,30.00000000000001,0.004119728,0.0021894276,-0.0034329528,287.2605,1.0,0.00019454956,292.4458,293.01147,293.00757,293.03857,293.14624,0.42248535,0.43000793,0.43251038,0.4439392,82987.69,291.94678,-0.2618351,0.056853294,114.73727,46.931114,112.27986399332684,90.07594045003256
Kabale,2021-02,17455.652201526806,0.9086567073077686,19.0,0.0,1.0,0.0186623533181755,1.0000305189751728,2.000030518975173,-1.242,29.9856,-1.0,30.00000000000001,0.0025923522,0.0013842694,-0.003539443,286.93262,1.0,9.547174e-05,293.7207,294.15527,294.02344,293.67993,293.23242,0.37979126,0.38227844,0.38146973,0.43571472,83003.19,293.20898,0.039823532,-0.14184475,106.583115,25.708504,104.90110524495442,104.52319717407228
Kabale,2021-03,17455.652201526806,0.9086567073077686,19.0,0.0,1.0,0.0186623533181755,1.0000305189751728,2.000030518975173,-1.242,29.9856,-1.0,30.00000000000001,0.0044473005,0.0009375587,-0.003478433,287.24072,1.0,0.00016820431,293.19604,293.8208,293.85474,293.82373,293.50195,0.40213013,0.39385986,0.36036682,0.42404175,82939.06,292.7478,-0.5770321,0.3932762,119.63886,-9.152718,113.65308125813802,112.73558298746744
Kabale,2021-04,17455.652201526806,0.9086567073077686,19.0,0.0,1.0,0.0186623533181755,1.0000305189751728,2.000030518975173,-1.242,29.9856,-1.0,30.00000000000001,0.00710155,0.0027062148,-0.003456952,288.05762,1.0,0.00017547607,292.7776,293.3562,293.34985,293.41724,293.53418,0.41477966,0.4138794,0.37657166,0.4153595,83035.81,292.25073,-0.9808054,0.92843914,114.63179,-28.664413,113.61792246500652,112.94889322916669
Kabale,2021-05,17455.652201526806,0.9086567073077686,19.0,0.0,1.0,0.0186623533181755,1.0000305189751728,2.000030518975173,-1.242,29.9856,-1.0,30.00000000000001,0.0052468097,0.0017294586,-0.0033560256,287.78394,1.0,0.00020420551,292.60913,293.1482,293.1372,293.1797,293.41187,0.40759277,0.4163208,0.43286133,0.4278412,83126.625,292.2422,-0.6909704,0.77326775,79.63177,-28.36448,104.63414001464844,104.76762262980144
Kabale,2021-06,17455.652201526806,0.9086567073077686,19.0,0.0,1.0,0.0186623533181755,1.0000305189751728,2.000030518975173,-1.242,29.9856,-1.0,30.00000000000001,0.00093054096,0.001005739,-0.0028799288,284.75903,1.0,5.1394105e-05,292.67456,293.1665,293.21484,293.3418,293.37915,0.29501343,0.31852722,0.36413574,0.42692566,83160.69,292.7578,-1.0082836,1.1079216,10.161049,-19.33508,68.14153544108073,90.89730834960938
Kabale,2021-07,17455.652201526806,0.9086567073077686,19.0,0.0,1.0,0.0186623533181755,1.0000305189751728,2.000030518975173,-1.242,29.9856,-1.0,30.00000000000001,0.000905934,0.0005211383,-0.0023232354,283.7688,1.0,5.5253506e-05,293.62866,293.96533,293.84204,293.54248,293.3557,0.27174377,0.28137207,0.31884766,0.4131012,83211.375,293.19116,-0.59577847,0.9959736,19.842592,3.8754997,36.54513613382975,75.08152929941814
Kabale,2021-08,17455.652201526806,0.9086567073077686,19.0,0.0,1.0,0.0186623533181755,1.0000305189751728,2.000030518975173,-1.242,29.9856,-1.0,30.00000000000001,0.0045381263,0.00044789165,-0.0028671874,285.3369,1.0,0.0001257807,293.4712,294.01318,293.96387,293.85278,293.5598,0.35108948,0.3478546,0.3123932,0.40086365,83140.94,292.82495,-0.58890915,0.6178417,49.91225,2.515461,26.63863054911296,65.63638528188069
Kabale,2021-09,17455.652201526806,0.9086567073077686,19.0,0.0,1.0,0.0186623533181755,1.0000305189751728,2.000030518975173,-1.242,29.9856,-1.0,30.00000000000001,0.0064511974,0.000859797,-0.0032646414,287.28223,1.0,0.00018014014,292.96948,293.5857,293.60938,293.66504,293.61987,0.42245483,0.4247589,0.3709259,0.39439392,83091.19,292.30322,-0.45269012,0.41386986,101.311966,0.49800873,57.02226956685384,62.581902503967285
Kabale,2021-10,17455.652201526806,0.9086567073077686,19.0,0.0,1.0,0.0186623533181755,1.0000305189751728,2.000030518975173,-1.242,29.9856,-1.0,30.00000000000001,0.0056808614,0.0010196045,-0.0035553277,287.77002,1.0,0.00018529594,293.38403,293.96362,293.9192,293.812,293.66846,0.42648315,0.4306488,0.42304993,0.40341187,83030.375,292.7041,-0.44792175,0.27757835,98.351746,-26.584099,83.19198735555013,59.86856174468994
Kabale,2021-11,17455.652201526806,0.9086567073077686,19.0,0.0,1.0,0.0186623533181755,1.0000305189751728,2.000030518975173,-1.242,29.9856,-1.0,30.00000000000001,0.0047534453,0.0012809858,-0.0033360682,287.48608,1.0,0.00017775595,292.91504,293.55933,293.62793,293.7644,293.7456,0.40330505,0.41189575,0.41799927,0.41174316,83005.5,292.21338,-0.41889763,0.24388695,95.19128,-28.386948,98.28499603271484,62.4618132909139
Kabale,2021-12,17455.652201526806,0.9086567073077686,19.0,0.0,1.0,0.0186623533181755,1.0000305189751728,2.000030518975173,-1.242,29.9856,-1.0,30.00000000000001,0.0043601734,0.00091346353,-0.003287064,287.76172,1.0,0.00017805398,292.65356,293.2151,293.239,293.33472,293.62158,0.41667175,0.416214,0.40924072,0.40959167,83012.81,292.30176,-0.68241787,0.36162567,114.313095,24.997162,102.61870574951172,79.82048765818278
Kabale,2022-01,17455.652201526806,0.9086567073077686,19.0,0.0,1.0,0.0186623533181755,1.0000305189751728,2.000030518975173,-1.242,29.9856,-1.0,30.00000000000001,0.002306591,0.00084511936,-0.003421031,286.4248,1.0,0.00013270974,292.812,293.32373,293.3191,293.3208,293.49023,0.3882141,0.39668274,0.40863037,0.4105072,83020.81,292.68213,0.0017786026,-0.1377058,97.76922,29.963066,102.42453002929688,92.80825869242352
Kabale,2022-02,17455.652201526806,0.9086567073077686,19.0,0.0,1.0,0.0186623533181755,1.0000305189751728,2.000030518975173,-1.242,29.9856,-1.0,30.00000000000001,0.0039774873,0.0007561892,-0.0034397896,287.02588,1.0,0.00015866756,293.39844,293.8667,293.78296,293.62256,293.46436,0.39994812,0.39260864,0.37068176,0.40512085,82990.94,292.84644,0.18447971,-0.016281128,163.87355,82.99894,125.31862131754558,111.8018086751302
Kabale,2022-03,17455.652201526806,0.9086567073077686,19.0,0.0,1.0,0.0186623533181755,1.0000305189751728,2.000030518975173,-1.242,29.9856,-1.0,30.00000000000001,0.0041132793,0.00065449625,-0.003659443,287.11475,1.0,0.0001500547,293.72485,294.29224,294.25903,294.1045,293.6692,0.40252686,0.39816284,0.36505127,0.39852905,82927.44,293.2461,-0.44246483,0.22073269,125.36457,-3.4270096,129.00244649251303,115.81057612101236
Kabale,2022-04,17455.652201526806,0.9086567073077686,19.0,0.0,1.0,0.0186623533181755,1.0000305189751728,2.000030518975173,-1.242,29.9856,-1.0,30.00000000000001,0.007711487,0.0015450418,-0.0032921303,288.1421,1.0,0.00022098422,292.91162,293.54834,293.6128,293.79565,293.80933,0.41452026,0.41619873,0.38793945,0.39468384,82959.06,292.2942,-0.65325546,0.6833582,140.41612,-2.8800812,143.21808115641275,122.8213055928548
Kabale,2022-05,17455.652201526806,0.9086567073077686,19.0,0.0,1.0,0.0186623533181755,1.0000305189751728,2.000030518975173,-1.242,29.9856,-1.0,30.00000000000001,0.0050774054,0.0014782697,-0.003362595,287.66504,1.0,0.00018043816,292.55322,293.12988,293.167,293.2981,293.63623,0.41374207,0.42105103,0.43122864,0.4156189,83146.94,292.20728,-0.7043133,0.9076452,112.210045,4.2137985,125.99691263834636,125.65776697794595
Kabale,2022-06,17455.652201526806,0.9086567073077686,19.0,0.0,1.0,0.0186623533181755,1.0000305189751728,2.000030518975173,-1.242,29.9856,-1.0,30.00000000000001,0.0006390776,0.0009426847,-0.0031646853,284.60962,1.0,3.6373734e-05,291.8169,292.33813,292.41113,292.68628,293.34424,0.34324646,0.36125183,0.4033203,0.41578674,83104.0,292.04614,-0.8934622,1.293376,3.9244068,-25.571722,85.51685802141826,107.25965225696564
Kabale,2022-07,17455.652201526806,0.9086567073077686,19.0,0.0,1.0,0.0186623533181755,1.0000305189751728,2.000030518975173,-1.242,29.9856,-1.0,30.00000000000001,0.0018294059,0.0006507337,-0.0022238567,283.094,1.0,4.7177076e-05,293.35083,293.79028,293.6985,293.42505,293.19385,0.24041748,0.2755432,0.3363037,0.40541077,83135.5,293.0188,-0.7093277,0.988081,14.709886,-1.2572069,43.61477907498678,93.41643011569975
Kabale,2022-08,17455.652201526806,0.9086567073077686,19.0,0.0,1.0,0.0186623533181755,1.0000305189751728,2.000030518975173,-1.242,29.9856,-1.0,30.00000000000001,0.0075341896,0.0012783855,-0.0030571595,286.23218,1.0,0.00015841424,292.54248,293.0996,293.1101,293.22485,293.29517,0.40579224,0.41099548,0.36663818,0.39613342,83071.5,291.95435,-0.28381348,0.48879528,86.62076,39.22397,35.08501680692037,80.54096472263336
Kabale,2022-09,17455.652201526806,0.9086567073077686,19.0,0.0,1.0,0.0186623533181755,1.0000305189751728,2.000030518975173,-1.242,29.9856,-1.0,30.00000000000001,0.0034097224,0.0011274666,-0.0019282456,287.41504,1.0,0.00019092858,292.29297,292.9099,292.92993,293.00854,293.1936,0.4256897,0.43165588,0.4452362,0.422287,82908.0,291.48877,-0.16780758,0.30586624,108.18358,7.3696213,69.83807404836018,77.67746603488922
Kabale,2022-10,17455.652201526806,0.9086567073077686,19.0,0.0,1.0,0.0186623533181755,1.0000305189751728,2.000030518975173,-1.242,29.9856,-1.0,30.00000000000001,0.0016050452,0.00069854036,-0.0021297932,286.83447,1.0,0.00013114512,293.06958,293.58862,293.5232,293.3662,293.2024,0.40052795,0.40394592,0.3973236,0.42723083,82865.56,292.40308,-0.4794197,0.30617142,104.30299,-20.63285,99.7024434407552,71.65861125787099
Kabale,2022-11,17455.652201526806,0.9086567073077686,19.0,0.0,1.0,0.0186623533181755,1.0000305189751728,2.000030518975173,-1.242,29.9856,-1.0,30.00000000000001,0.005082557,0.0019238815,-0.0017622532,287.99292,1.0,0.00027364492,291.81567,292.49805,292.6255,292.94116,293.2173,0.43536377,0.43737793,0.4322815,0.43571472,82854.75,291.04956,-0.1946497,0.14315128,180.10591,56.527687,130.8641611735026,82.97458899021149
Kabale,2022-12,17455.652201526806,0.9086567073077686,19.0,0.0,1.0,0.0186623533181755,1.0000305189751728,2.000030518975173,-1.242,29.9856,-1.0,30.00000000000001,0.002905064,0.0016999282,-0.0019057193,287.49,1.0,0.000251472,291.53906,292.18506,292.23193,292.42285,292.92212,0.434021,0.4411316,0.429245,0.45031738,82847.0,290.82837,-0.14008427,0.0470047,101.63912,12.323189,128.68267567952475,99.26037486394246
Kabale,2023-01,17455.652201526806,0.9086567073077686,19.0,0.0,1.0,0.0186623533181755,1.0000305189751728,2.000030518975173,-1.242,29.9856,-1.0,30.00000000000001,0.0012206967,0.00096125156,-0.0020745285,286.28735,1.0,0.00013539195,292.00854,292.57544,292.56616,292.56445,292.71875,0.39971924,0.40438843,0.40731812,0.442688,82857.81,291.5354,-0.20927334,-0.0016994476,59.031906,-8.774246,113.5923131306966,106.6473782857259
Kabale,2023-02,17455.652201526806,0.9086567073077686,19.0,0.0,1.0,0.0186623533181755,1.0000305189751728,2.000030518975173,-1.242,29.9856,-1.0,30.00000000000001,0.0015143151,0.0005609691,-0.0020443713,286.24805,1.0,0.00012670457,293.49902,293.96582,293.8098,293.36182,292.8059,0.36090088,0.3538208,0.35456848,0.43003845,82835.06,292.94336,0.0034217834,-0.11147785,52.22354,-28.65107,70.96485646565755,100.91450881958008
Kabale,2023-03,17455.652201526806,0.9086567073077686,19.0,0.0,1.0,0.0186623533181755,1.0000305189751728,2.000030518975173,-1.242,29.9856,-1.0,30.00000000000001,0.00460875,0.0011576898,-0.0018814811,288.01416,1.0,0.00026358664,292.40527,293.05933,293.1167,293.26562,293.10132,0.43043518,0.4380188,0.41197205,0.42434692,82842.0,291.6079,0.031593323,0.09424114,175.84958,47.058,95.70167541503906,112.1921755472819
Kabale,2023-04,17455.652201526806,0.9086567073077686,19.0,0.0,1.0,0.0186623533181755,1.0000305189751728,2.000030518975173,-1.242,29.9856,-1.0,30.00000000000001,0.0030504602,0.0011982322,-0.0019534826,288.2356,1.0,0.00022497773,292.34448,292.93066,292.93652,292.94434,293.04492,0.4278717,0.43229675,0.43858337,0.4421997,82809.31,291.73145,-0.7065668,0.6491022,148.94768,5.651474,125.67359924316406,119.63295618693034
Kabale,2023-05,17455.652201526806,0.9086567073077686,19.0,0.0,1.0,0.0186623533181755,1.0000305189751728,2.000030518975173,-1.242,29.9856,-1.0,30.00000000000001,0.0014832874,0.0014649406,-0.0020476845,287.66064,1.0,0.00012479722,293.16846,293.6101,293.50928,293.25854,293.03735,0.37982178,0.39572144,0.42329407,0.4494934,82993.81,292.79297,-0.86972237,0.8541212,147.32712,39.33087,157.37479146321616,114.16982396443684
Kabale,2023-06,17455.652201526806,0.9086567073077686,19.0,0.0,1.0,0.0186623533181755,1.0000305189751728,2.000030518975173,-1.242,29.9856,-1.0,30.00000000000001,0.001736631,0.0006541945,-0.0017155642,286.47778,1.0,0.00016750395,292.9419,293.4497,293.45093,293.4663,293.2578,0.34736633,0.34158325,0.346344,0.434021,83010.44,292.92627,-0.6025648,0.70997715,17.710148,-11.78598,104.66164779663086,100.18166160583496
Kabale,2023-07,17455.652201526806,0.9086567073077686,19.0,0.0,1.0,0.0186623533181755,1.0000305189751728,2.000030518975173,-1.242,29.9856,-1.0,30.00000000000001,0.00018947365,0.00032583997,-0.0015700078,282.93994,1.0,1.6614795e-05,293.71777,294.0808,293.90308,293.5027,293.2871,0.2722931,0.31404114,0.3340454,0.41973877,83078.94,293.63452,-0.8880024,1.0244122,0.4853736,-15.481719,55.17421312133471,90.42390618224938
Kabale,2023-08,17455.652201526806,0.9086567073077686,19.0,0.0,1.0,0.0186623533181755,1.0000305189751728,2.000030518975173,-1.242,29.9856,-1.0,30.00000000000001,0.00074972067,0.0001909174,-0.0014083567,284.97388,1.0,4.567206e-05,294.92773,295.26172,295.10083,294.5974,293.65503,0.28962708,0.28102112,0.30252075,0.4063263,82984.19,294.1787,-0.99887943,0.7440691,0.63070804,-46.766083,6.275409827629725,81.82510064542294
Kabale,2023-09,17455.652201526806,0.9086567073077686,19.0,0.0,1.0,0.0186623533181755,1.0000305189751728,2.000030518975173,-1.242,29.9856,-1.0,30.00000000000001,0.003722129,0.000499662,-0.0019163177,287.93213,1.0,0.00021006167,293.67407,294.32227,294.35474,294.42285,294.08252,0.41007996,0.39744568,0.346344,0.39630127,82936.69,292.74414,-0.31661987,0.32428265,88.180626,-12.633331,29.765569180250168,67.21360848844051
Kabale,2023-10,17455.652201526806,0.9086567073077686,19.0,0.0,1.0,0.0186623533181755,1.0000305189751728,2.000030518975173,-1.242,29.9856,-1.0,30.00000000000001,0.0034329663,0.0006934628,-0.0019944138,288.00708,1.0,0.00017212331,292.97266,293.61792,293.67798,293.8589,294.07397,0.4217987,0.42497253,0.42434692,0.40260315,82887.56,292.44214,-0.4735613,0.34654808,112.70122,-12.234627,67.17085053523381,61.17253182828426
Kabale,2023-11,17455.652201526806,0.9086567073077686,19.0,0.0,1.0,0.0186623533181755,1.0000305189751728,2.000030518975173,-1.242,29.9856,-1.0,30.00000000000001,0.0046462286,0.0013335347,-0.0016933801,288.7434,1.0,0.0002888441,291.78027,292.48926,292.6494,293.10327,293.80396,0.43862915,0.44703674,0.45391846,0.43289185,82888.25,291.24292,-0.35916233,0.31430054,91.3919,-32.186325,97.42458089192708,51.8499953597784
Kabale,2023-12,17455.652201526806,0.9086567073077686,19.0,0.0,1.0,0.0186623533181755,1.0000305189751728,2.000030518975173,-1.242,29.9856,-1.0,30.00000000000001,0.0028088642,0.0017389618,-0.0020788456,288.56323,1.0,0.00024038553,293.06567,293.6394,293.58423,293.42847,293.49512,0.43537903,0.44010925,0.44309998,0.4496765,82911.5,292.27563,-0.23526001,0.011312485,204.58292,115.26698,136.2253443400065,82.99545676012833
Kabale,2024-01,17455.652201526806,0.9086567073077686,19.0,0.0,1.0,0.0186623533181755,1.0000305189751728,2.000030518975173,-1.242,29.9856,-1.0,30.00000000000001,0.0010548278,0.00097064674,-0.0019924962,287.74,1.0,0.0001258105,293.57007,294.00684,293.92163,293.73608,293.55664,0.39059448,0.3933258,0.39837646,0.44181824,83000.06,292.90894,0.49986935,-0.2757206,95.16772,27.361565,130.38084411621094,98.77584732572238
Kabale,2024-02,17455.652201526806,0.9086567073077686,19.0,0.0,1.0,0.0186623533181755,1.0000305189751728,2.000030518975173,-1.242,29.9856,-1.0,30.00000000000001,0.0021895138,0.00066420436,-0.0020200969,288.20435,1.0,0.00016714633,293.91895,294.4192,294.33838,294.13037,293.73462,0.40444946,0.39442444,0.35717773,0.42823792,82981.56,293.21313,-0.15977287,5.8174133e-05,85.8392,4.964592,128.52994537353516,112.97726313273112
Kabale,2024-03,17455.652201526806,0.9086567073077686,19.0,0.0,1.0,0.0186623533181755,1.0000305189751728,2.000030518975173,-1.242,29.9856,-1.0,30.00000000000001,0.0042991447,0.00085740536,-0.0036795652,288.25342,1.0,0.00016471744,294.22778,294.78784,294.73657,294.49902,293.99878,0.40623474,0.40415955,0.37219238,0.41828918,82925.375,293.73218,-0.73031616,0.5327797,58.220177,-70.5714,79.74236551920573,107.98385492960612
Kabale,2024-04,17455.652201526806,0.9086567073077686,19.0,0.0,1.0,0.0186623533181755,1.0000305189751728,2.000030518975173,-1.242,29.9856,-1.0,30.00000000000001,0.006466293,0.0011608228,-0.0033348622,289.1731,1.0,0.00022472441,293.34595,293.92017,293.93018,294.0454,294.11914,0.4317627,0.4328308,0.40309143,0.41304016,82892.44,292.7661,-0.5798712,0.66459465,134.28114,-9.01506,92.7801742553711,111.58050918579102
Kabale,2024-05,17455.652201526806,0.9086567073077686,19.0,0.0,1.0,0.0186623533181755,1.0000305189751728,2.000030518975173,-1.242,29.9856,-1.0,30.00000000000001,0.004838636,0.002222851,-0.003547633,288.14624,1.0,0.00015731156,293.75024,294.25415,294.22217,294.15503,294.11304,0.40238953,0.41246033,0.43104553,0.4360199,82976.56,293.46362,-0.63089657,0.83938026,51.111534,-56.884712,81.20428466796875,104.86711502075195
Kabale,2024-06,17455.652201526806,0.9086567073077686,19.0,0.0,1.0,0.0186623533181755,1.0000305189751728,2.000030518975173,-1.242,29.9856,-1.0,30.00000000000001,0.00058166764,0.0009826496,-0.0030242456,284.67432,1.0,3.6537647e-05,293.7202,294.23706,294.26904,294.33252,294.2107,0.28422546,0.30981445,0.35714722,0.4273529,83021.81,293.73755,-0.8224449,1.0801163,1.66394,-27.832188,62.352205753326416,71.04728563626607
Kabale,2024-07,17455.652201526806,0.9086567073077686,19.0,0.0,1.0,0.0186623533181755,1.0000305189751728,2.000030518975173,-1.242,29.9856,-1.0,30.00000000000001,0.0046266173,0.0007341504,-0.0029531652,285.8274,1.0,0.00015024841,293.6963,294.24023,294.2229,294.1753,294.19775,0.3511963,0.34664917,0.32234192,0.4128723,83017.375,293.42358,-0.119215965,0.33342266,16.019691,0.052598953,22.93172184626261,57.855948050816856
Kabale,2024-08,17455.652201526806,0.9086567073077686,19.0,0.0,1.0,0.0186623533181755,1.0000305189751728,2.000030518975173,-1.242,29.9856,-1.0,30.00000000000001,0.0038131883,0.00072499365,-0.0032919832,286.05835,1.0,0.00012515485,293.8186,294.312,294.28735,294.24097,294.20068,0.39305115,0.39398193,0.35646057,0.40344238,82978.94,293.51758,-0.3369856,0.42430687,39.1813,-8.215488,18.95497751235962,50.079631090164185
Kabale,2024-09,17455.652201526806,0.9086567073077686,19.0,0.0,1.0,0.0186623533181755,1.0000305189751728,2.000030518975173,-1.242,29.9856,-1.0,30.00000000000001,0.0046433974,0.00068251044,-0.0033140555,286.6494,1.0,0.00012359023,294.15405,294.6648,294.61426,294.4624,294.24634,0.3779602,0.37530518,0.3536682,0.3972473,82928.375,293.48706,-0.5269766,0.47240925,102.93529,2.1213303,52.71209335327149,57.53214955329895
Kabale,2024-10,17455.652201526806,0.9086567073077686,19.0,0.0,1.0,0.0186623533181755,1.0000305189751728,2.000030518975173,-1.242,29.9856,-1.0,30.00000000000001,0.006301238,0.0009906515,-0.0034648282,287.76953,1.0,0.00020381808,293.15405,293.80273,293.84033,294.02124,294.2671,0.4280548,0.43319702,0.40679932,0.39639282,82924.5,292.56494,-0.4457798,0.3687687,97.38163,-27.554214,79.83273951212566,51.38223067919413
Kabale,2024-11,17455.652201526806,0.9086567073077686,19.0,0.0,1.0,0.0186623533181755,1.0000305189751728,2.000030518975173,-1.242,29.9856,-1.0,30.00000000000001,0.009983061,0.0031713843,-0.0032057632,288.16577,1.0,0.00025212765,292.3369,293.08105,293.22583,293.6184,294.0735,0.43463135,0.44215393,0.44462585,0.41900635,82887.19,291.68555,-0.30559444,0.14864922,205.9253,82.34707,135.41407012939453,77.18452382087708
Kabale,2024-12,17455.652201526806,0.9086567073077686,19.0,0.0,1.0,0.0186623533181755,1.0000305189751728,2.000030518975173,-1.242,29.9856,-1.0,30.00000000000001,0.0054290215,0.004119627,-0.0034499904,287.59912,1.0,0.00022861362,292.54272,293.1704,293.19507,293.3164,293.74878,0.42800903,0.4330597,0.42973328,0.4496765,82919.875,291.92358,-0.2656803,-0.018734932,79.72202,-9.59391,127.6763153076172,90.19420433044434
Kabale,2025-01,17455.652201526806,0.9086567073077686,19.0,0.0,1.0,0.0186623533181755,1.0000305189751728,2.000030518975173,-1.242,29.9856,-1.0,30.00000000000001,0.0019789792,0.001446873,-0.0034874408,286.21045,1.0,0.00010201335,293.14966,293.6372,293.58276,293.51245,293.5957,0.36904907,0.36637878,0.37117004,0.43632507,82856.125,292.85596,0.10987377,-0.17455482,22.030384,-45.77577,102.55923334757487,91.19598642985028
Kabale,2025-02,17455.652201526806,0.9086567073077686,19.0,0.0,1.0,0.0186623533181755,1.0000305189751728,2.000030518975173,-1.242,29.9856,-1.0,30.00000000000001,0.0017035333,0.00070068985,-0.0033563673,286.04077,1.0,0.00011110306,294.67725,295.08398,294.8816,294.33496,293.72705,0.33033752,0.322464,0.32766724,0.42131042,82794.0,294.0891,-0.47494316,0.007572174,34.47736,-46.39725,45.40992228190104,90.41199620564778
Kabale,2025-03,17455.652201526806,0.9086567073077686,19.0,0.0,1.0,0.0186623533181755,1.0000305189751728,2.000030518975173,-1.242,29.9856,-1.0,30.00000000000001,0.0054920935,0.00074233115,-0.003034628,287.4485,1.0,0.00019150972,294.38574,294.9944,294.9851,294.8794,294.18896,0.3529358,0.34033203,0.30906677,0.40748596,82843.125,293.51636,-0.41159153,0.32199097,83.67926,-45.11232,46.72900136311849,87.20265833536784
Kabale,2025-04,17455.652201526806,0.9086567073077686,19.0,0.0,1.0,0.0186623533181755,1.0000305189751728,2.000030518975173,-1.242,29.9856,-1.0,30.00000000000001,0.0073052435,0.0015072972,-0.0034239446,288.53125,1.0,0.0002540499,292.94873,293.6255,293.69458,293.90747,294.22583,0.43215942,0.43748474,0.41435242,0.40705872,82867.19,292.27173,-0.65395164,0.6130829,119.86349,-23.432716,79.34003575642903,90.94963455200195
Kabale,2025-05,17455.652201526806,0.9086567073077686,19.0,0.0,1.0,0.0186623533181755,1.0000305189751728,2.000030518975173,-1.242,29.9856,-1.0,30.00000000000001,0.0036341697,0.0009685531,-0.0033738073,287.7173,5.0,0.00016748905,292.50928,293.12183,293.20703,293.46118,293.96436,0.41322327,0.41996765,0.421463,0.4160614,83008.625,292.135,-0.8697338,1.0213032,112.54076,4.54451,105.36116790771484,75.38554509480794
Kabale,2025-06,17455.652201526806,0.9086567073077686,19.0,0.0,1.0,0.0186623533181755,1.0000305189751728,2.000030518975173,-1.242,29.9856,-1.0,30.00000000000001,0.0027965438,0.00061805546,-0.0032584881,286.1477,5.0,0.00012747943,292.07935,292.66846,292.7744,293.08008,293.6499,0.3824768,0.3877411,0.3915558,0.41233826,83072.69,292.1494,-0.6886358,0.9854059,42.961617,13.465488,91.7886199951172,69.25881067911784
Kampala,1981-01,11573.29113153154,0.4988173897120534,19.0,0.0720095219202539,0.927990478079746,0.5011826102879465,1.0000305189751728,3.000045778462759,0.3152,32.5816,0.300000000000001,32.60000000000005,0.0033457603,0.0009862557,-0.003914899,291.43286,1.0,0.00010704994,294.75244,295.28784,295.22583,295.0005,294.729,0.36865234,0.36383057,0.36505127,0.3947754,88194.56,294.55518,0.39601803,1.3032494,84.35387,6.1910324,118.91092126874399,118.89322880115161
Kampala,1981-02,11573.29113153154,0.4988173897120534,19.0,0.0720095219202539,0.927990478079746,0.5011826102879465,1.0000305189751728,3.000045778462759,0.3152,32.5816,0.300000000000001,32.60000000000005,0.0032622805,0.000713557,-0.004061427,291.458,1.0,8.395314e-05,295.29102,295.81934,295.69995,295.42065,294.9817,0.353714,0.3486328,0.3385315,0.38381958,88122.56,294.9878,0.19211483,1.1919355,52.189423,-11.251511,118.91092126874399,118.89322880115161
Kampala,1981-03,11573.29113153154,0.4988173897120534,19.0,0.0720095219202539,0.927990478079746,0.5011826102879465,1.0000305189751728,3.000045778462759,0.3152,32.5816,0.300000000000001,32.60000000000005,0.0064124027,0.0011021867,-0.003518308,291.75537,1.0,0.00020851195,294.68433,295.28296,295.34326,295.45166,295.2461,0.39126587,0.3842926,0.35772705,0.37571716,88161.44,294.43018,0.3963461,0.5717087,134.45473,-11.453232,90.33267211914062,118.89322880115161
Kampala,1981-04,11573.29113153154,0.4988173897120534,19.0,0.0720095219202539,0.927990478079746,0.5011826102879465,1.0000305189751728,3.000045778462759,0.3152,32.5816,0.300000000000001,32.60000000000005,0.0066135423,0.0015618652,-0.0037534595,292.10913,1.0,0.00023457408,294.75098,295.28467,295.26587,295.19873,295.21826,0.41152954,0.41209412,0.40849304,0.38731384,88202.94,294.55493,-0.19187164,1.4572229,141.9916,-41.599075,109.54524739583331,118.89322880115161
Kampala,1981-05,11573.29113153154,0.4988173897120534,19.0,0.0720095219202539,0.927990478079746,0.5011826102879465,1.0000305189751728,3.000045778462759,0.3152,32.5816,0.300000000000001,32.60000000000005,0.0060349647,0.0026594698,-0.003686078,291.55542,1.0,0.00020009279,294.1919,294.75415,294.79053,294.92334,295.14648,0.4077301,0.4099884,0.41394043,0.40852356,88282.875,294.17236,0.117572784,1.8527851,173.08745,28.81491,149.84458923339844,118.89322880115161
Kampala,1981-06,11573.29113153154,0.4988173897120534,19.0,0.0720095219202539,0.927990478079746,0.5011826102879465,1.0000305189751728,3.000045778462759,0.3152,32.5816,0.300000000000001,32.60000000000005,0.0028060726,0.0015328303,-0.0036539724,290.8877,1.0,0.000104784966,294.07642,294.67114,294.7207,294.85156,295.02563,0.366745,0.36558533,0.37521362,0.40618896,88385.81,294.05444,-0.028264046,1.4169846,54.931675,-16.823399,123.33690516153972,106.83478864034016
Kampala,1981-07,11573.29113153154,0.4988173897120534,19.0,0.0720095219202539,0.927990478079746,0.5011826102879465,1.0000305189751728,3.000045778462759,0.3152,32.5816,0.300000000000001,32.60000000000005,0.0040334617,0.0010380596,-0.0032077665,290.84644,1.0,0.00012680888,293.55786,294.1355,294.2124,294.44775,294.85376,0.3820343,0.37609863,0.3556671,0.3926239,88357.75,293.24268,-0.094257355,0.0952816,79.4264,20.3252,102.48184076944987,106.0135440826416
Kampala,1981-08,11573.29113153154,0.4988173897120534,19.0,0.0720095219202539,0.927990478079746,0.5011826102879465,1.0000305189751728,3.000045778462759,0.3152,32.5816,0.300000000000001,32.60000000000005,0.0040083257,0.00081557035,-0.0033806963,291.17334,1.0,0.00014741719,293.85522,294.40918,294.42114,294.45752,294.64648,0.38427734,0.38093567,0.36941528,0.38510132,88302.81,293.4922,0.014577866,-0.051829338,103.278244,12.266449,79.21210606892903,114.52834765116374
Kampala,1981-09,11573.29113153154,0.4988173897120534,19.0,0.0720095219202539,0.927990478079746,0.5011826102879465,1.0000305189751728,3.000045778462759,0.3152,32.5816,0.300000000000001,32.60000000000005,0.0053943424,0.0012191683,-0.003433681,291.38892,1.0,0.00016923249,293.90845,294.44092,294.43237,294.4082,294.51733,0.40350342,0.4030304,0.39427185,0.38502502,88286.625,293.4463,0.028658867,-0.3215418,180.47723,44.38202,121.06062571207684,122.19876543680827
Kampala,1981-10,11573.29113153154,0.4988173897120534,19.0,0.0720095219202539,0.927990478079746,0.5011826102879465,1.0000305189751728,3.000045778462759,0.3152,32.5816,0.300000000000001,32.60000000000005,0.0065833163,0.0019252971,-0.003568001,291.80347,1.0,0.00020484626,294.31982,294.82227,294.80542,294.76392,294.58276,0.41029358,0.4114685,0.4084015,0.39468384,88208.31,294.0359,0.35059834,0.39776134,170.27405,9.355652,151.34317525227866,126.91250801086426
Kampala,1981-11,11573.29113153154,0.4988173897120534,19.0,0.0720095219202539,0.927990478079746,0.5011826102879465,1.0000305189751728,3.000045778462759,0.3152,32.5816,0.300000000000001,32.60000000000005,0.0047660894,0.0020025223,-0.0036379471,291.71387,1.0,0.00018557906,294.46094,294.9751,294.937,294.81665,294.6687,0.40447998,0.40585327,0.40740967,0.4068451,88187.94,293.9629,0.3194933,-0.3853159,77.72174,-95.82855,142.8243408203125,111.01822344462076
Kampala,1981-12,11573.29113153154,0.4988173897120534,19.0,0.0720095219202539,0.927990478079746,0.5011826102879465,1.0000305189751728,3.000045778462759,0.3152,32.5816,0.300000000000001,32.60000000000005,0.0052048927,0.0018688962,-0.0036476208,291.46875,1.0,0.00016243756,294.1831,294.72217,294.73267,294.7583,294.74,0.39979553,0.39945984,0.39711,0.4037323,88211.125,294.0454,0.2790041,0.9051657,132.74838,14.390053,126.9147237141927,123.98767471313477
Kampala,1982-01,11573.29113153154,0.4988173897120534,19.0,0.0720095219202539,0.927990478079746,0.5011826102879465,1.0000305189751728,3.000045778462759,0.3152,32.5816,0.300000000000001,32.60000000000005,0.0050178515,0.0019379407,-0.003617228,291.5183,1.0,0.00015242398,294.32764,294.8462,294.8235,294.75195,294.72607,0.4006958,0.4010315,0.4006195,0.40371704,88146.875,294.0713,0.40642452,0.7833433,64.66609,-13.496742,91.71207173665364,121.52762349446614
Kampala,1982-02,11573.29113153154,0.4988173897120534,19.0,0.0720095219202539,0.927990478079746,0.5011826102879465,1.0000305189751728,3.000045778462759,0.3152,32.5816,0.300000000000001,32.60000000000005,0.0038064409,0.0013695434,-0.0042574825,291.02612,1.0,0.00010302663,295.16357,295.68994,295.58032,295.2788,294.854,0.37879944,0.37953186,0.38308716,0.39900208,88109.94,295.0027,0.059036255,0.4826479,35.992977,-27.447956,77.80248387654622,110.31341234842937
Kampala,1982-03,11573.29113153154,0.4988173897120534,19.0,0.0720095219202539,0.927990478079746,0.5011826102879465,1.0000305189751728,3.000045778462759,0.3152,32.5816,0.300000000000001,32.60000000000005,0.004457317,0.001147233,-0.00409438,291.9956,1.0,0.00011315942,295.31616,295.89917,295.84644,295.6211,295.14453,0.38041687,0.37835693,0.3777008,0.3920288,88110.44,295.00317,0.49585056,1.3077011,141.80774,-4.1002197,80.82226943969727,103.868496576945
Kampala,1982-04,11573.29113153154,0.4988173897120534,19.0,0.0720095219202539,0.927990478079746,0.5011826102879465,1.0000305189751728,3.000045778462759,0.3152,32.5816,0.300000000000001,32.60000000000005,0.0063028373,0.0013832077,-0.0034277965,291.91675,1.0,0.00020375848,294.36572,294.93335,295.011,295.25586,295.33472,0.40411377,0.4019165,0.3859558,0.38809204,88200.94,294.30884,0.015675545,1.2837868,150.82947,-32.7612,109.543394724528,100.62773323059082
Kampala,1982-05,11573.29113153154,0.4988173897120534,19.0,0.0720095219202539,0.927990478079746,0.5011826102879465,1.0000305189751728,3.000045778462759,0.3152,32.5816,0.300000000000001,32.60000000000005,0.007795022,0.003121771,-0.0031622536,291.73315,1.0,0.00025215745,293.9275,294.45215,294.53223,294.7378,295.14087,0.41500854,0.4165802,0.41726685,0.4083252,88281.19,293.84985,0.051530838,1.425128,144.38443,0.1118927,145.67387898763022,111.7381814320882
Kampala,1982-06,11573.29113153154,0.4988173897120534,19.0,0.0720095219202539,0.927990478079746,0.5011826102879465,1.0000305189751728,3.000045778462759,0.3152,32.5816,0.300000000000001,32.60000000000005,0.004693498,0.0026222616,-0.0034533134,291.3208,1.0,0.00015348196,293.86548,294.40796,294.4629,294.62646,294.9087,0.40382385,0.40444946,0.40290833,0.41412354,88421.81,293.74512,-0.066794395,1.0221663,61.70075,-10.054325,118.97154871622722,99.89690907796223
Kampala,1982-07,11573.29113153154,0.4988173897120534,19.0,0.0720095219202539,0.927990478079746,0.5011826102879465,1.0000305189751728,3.000045778462759,0.3152,32.5816,0.300000000000001,32.60000000000005,0.0042120917,0.0016407967,-0.003550822,290.65918,1.0,0.0001256764,293.54712,294.10693,294.1411,294.26758,294.66235,0.39808655,0.3971405,0.39112854,0.405838,88371.875,293.385,-0.19645119,0.9339628,76.07106,16.96986,94.05207951863606,101.79773712158205
Kampala,1982-08,11573.29113153154,0.4988173897120534,19.0,0.0720095219202539,0.927990478079746,0.5011826102879465,1.0000305189751728,3.000045778462759,0.3152,32.5816,0.300000000000001,32.60000000000005,0.0037825205,0.0012920722,-0.0034730062,290.7744,1.0,0.00013035536,293.56958,294.15063,294.17798,294.2517,294.47095,0.3928833,0.39152527,0.38703918,0.3996277,88361.94,293.2732,-0.24473,0.18844604,74.79187,-16.219925,70.85455958048503,108.26421928405762
Kampala,1982-09,11573.29113153154,0.4988173897120534,19.0,0.0720095219202539,0.927990478079746,0.5011826102879465,1.0000305189751728,3.000045778462759,0.3152,32.5816,0.300000000000001,32.60000000000005,0.004700641,0.0011633784,-0.0036947895,291.45142,1.0,0.000169456,294.20288,294.7439,294.7273,294.64453,294.46387,0.39326477,0.38987732,0.37702942,0.393219,88298.56,293.8894,-0.04349518,0.05051422,120.89373,-15.201485,90.58555348714192,104.77855110168456
Kampala,1982-10,11573.29113153154,0.4988173897120534,19.0,0.0720095219202539,0.927990478079746,0.5011826102879465,1.0000305189751728,3.000045778462759,0.3152,32.5816,0.300000000000001,32.60000000000005,0.0052017327,0.0013761371,-0.0034058206,291.3479,1.0,0.00020426512,293.84912,294.3662,294.3872,294.44238,294.5078,0.405365,0.40454102,0.39907837,0.3922577,88212.44,293.39624,0.28580666,-0.29851532,264.03787,103.11948,153.24115753173828,123.64661852518718
Kampala,1982-11,11573.29113153154,0.4988173897120534,19.0,0.0720095219202539,0.927990478079746,0.5011826102879465,1.0000305189751728,3.000045778462759,0.3152,32.5816,0.300000000000001,32.60000000000005,0.0069376426,0.0020274147,-0.0034710658,291.5105,1.0,0.00031155348,293.94385,294.4829,294.50146,294.53198,294.48975,0.4145813,0.41496277,0.41210938,0.40278625,88227.44,293.46533,0.11994457,-0.6396923,208.0835,34.533203,197.67169952392575,134.2631295522054
Kampala,1982-12,11573.29113153154,0.4988173897120534,19.0,0.0720095219202539,0.927990478079746,0.5011826102879465,1.0000305189751728,3.000045778462759,0.3152,32.5816,0.300000000000001,32.60000000000005,0.0033571254,0.0023740977,-0.00371275,291.54346,1.0,0.00019365549,294.4253,294.8933,294.80518,294.5901,294.48535,0.39183044,0.3934784,0.40127563,0.41397095,88234.44,294.16406,-0.0024614334,-0.11686993,68.49063,-49.8677,180.2039998372396,135.39477666219076
Kampala,1983-01,11573.29113153154,0.4988173897120534,19.0,0.0720095219202539,0.927990478079746,0.5011826102879465,1.0000305189751728,3.000045778462759,0.3152,32.5816,0.300000000000001,32.60000000000005,0.003104825,0.001240246,-0.0038769124,291.21118,1.0,0.00012035668,295.114,295.58496,295.48364,295.16455,294.69067,0.3571167,0.3554077,0.3590393,0.4000702,88274.125,295.0083,-0.36137676,0.09067631,28.8651,-49.297733,101.81307601928712,127.5271167755127
Kampala,1983-02,11573.29113153154,0.4988173897120534,19.0,0.0720095219202539,0.927990478079746,0.5011826102879465,1.0000305189751728,3.000045778462759,0.3152,32.5816,0.300000000000001,32.60000000000005,0.003048378,0.00070203096,-0.0039460296,292.21313,1.0,8.8095665e-05,295.92285,296.3562,296.18994,295.77588,295.08032,0.3478241,0.33836365,0.3313141,0.38635254,88204.0,295.7417,-0.10022354,1.0865049,21.65105,-41.789883,39.66892751057943,118.6703135172526
Kampala,1983-03,11573.29113153154,0.4988173897120534,19.0,0.0720095219202539,0.927990478079746,0.5011826102879465,1.0000305189751728,3.000045778462759,0.3152,32.5816,0.300000000000001,32.60000000000005,0.004791754,0.0006919876,-0.0037056282,292.73413,1.0,0.00012125075,295.7788,296.28638,296.26074,296.07837,295.50244,0.37660217,0.3661499,0.337265,0.3756256,88191.625,295.63135,0.32328796,1.5955067,99.802536,-46.105423,50.10622914632162,115.1551144917806
Kampala,1983-04,11573.29113153154,0.4988173897120534,19.0,0.0720095219202539,0.927990478079746,0.5011826102879465,1.0000305189751728,3.000045778462759,0.3152,32.5816,0.300000000000001,32.60000000000005,0.0058708973,0.001025103,-0.0035774438,292.43164,1.0,0.00016199052,295.06714,295.61816,295.66162,295.75244,295.68213,0.40374756,0.40264893,0.38467407,0.37402344,88219.81,294.93042,0.16632652,1.6629505,118.17021,-65.420456,79.87459945678711,90.84383773803712
Kampala,1983-05,11573.29113153154,0.4988173897120534,19.0,0.0720095219202539,0.927990478079746,0.5011826102879465,1.0000305189751728,3.000045778462759,0.3152,32.5816,0.300000000000001,32.60000000000005,0.007032023,0.0023607612,-0.0035293726,292.2666,1.0,0.00019821525,294.7832,295.323,295.3567,295.44336,295.62305,0.4091339,0.41036987,0.41012573,0.39237976,88241.69,294.62793,-0.09618187,1.6614628,108.44934,-35.823196,108.80736287434895,74.23814519246419
Kampala,1983-06,11573.29113153154,0.4988173897120534,19.0,0.0720095219202539,0.927990478079746,0.5011826102879465,1.0000305189751728,3.000045778462759,0.3152,32.5816,0.300000000000001,32.60000000000005,0.0049644625,0.0016752034,-0.0034088865,291.72998,1.0,0.00015901029,294.32202,294.90308,294.99536,295.22778,295.4978,0.40319824,0.40385437,0.4016571,0.40055847,88341.5,294.10693,0.047263145,0.7248049,84.34715,12.592079,103.6555684407552,76.8808987935384
Kampala,1983-07,11573.29113153154,0.4988173897120534,19.0,0.0720095219202539,0.927990478079746,0.5011826102879465,1.0000305189751728,3.000045778462759,0.3152,32.5816,0.300000000000001,32.60000000000005,0.0032339396,0.0013312548,-0.0035211816,290.82007,1.0,0.00012949109,293.88135,294.47046,294.5293,294.73853,295.21875,0.38154602,0.37919617,0.3848877,0.3986969,88348.44,293.70435,-0.061131477,0.7276983,45.85081,-13.250389,79.54910151163737,79.71185048421223
Kampala,1983-08,11573.29113153154,0.4988173897120534,19.0,0.0720095219202539,0.927990478079746,0.5011826102879465,1.0000305189751728,3.000045778462759,0.3152,32.5816,0.300000000000001,32.60000000000005,0.0041223136,0.0010299832,-0.0033853846,291.3269,1.0,0.00015996397,293.97168,294.5315,294.55786,294.66577,294.97266,0.39268494,0.39031982,0.37748718,0.39164734,88398.06,293.61548,-0.011954308,-0.3372879,106.77103,15.759232,78.9896634419759,93.89851315816244
Kampala,1983-09,11573.29113153154,0.4988173897120534,19.0,0.0720095219202539,0.927990478079746,0.5011826102879465,1.0000305189751728,3.000045778462759,0.3152,32.5816,0.300000000000001,32.60000000000005,0.004192576,0.0009058118,-0.00356959,291.54272,1.0,0.00014783442,294.23145,294.8025,294.79785,294.78784,294.84448,0.39404297,0.39149475,0.38082886,0.38737488,88306.19,293.78296,-0.09680271,-0.33959198,125.63371,-10.461502,92.75185012817384,98.20370928446452
Kampala,1983-10,11573.29113153154,0.4988173897120534,19.0,0.0720095219202539,0.927990478079746,0.5011826102879465,1.0000305189751728,3.000045778462759,0.3152,32.5816,0.300000000000001,32.60000000000005,0.006050407,0.0014388636,-0.0034559518,291.65967,1.0,0.000252828,294.0625,294.6162,294.63818,294.7058,294.81982,0.412323,0.4128723,0.40644836,0.39224243,88262.19,293.55957,0.26086235,-0.2562847,129.2631,-31.655289,120.55594889322916,100.05252520243327
Kampala,1983-11,11573.29113153154,0.4988173897120534,19.0,0.0720095219202539,0.927990478079746,0.5011826102879465,1.0000305189751728,3.000045778462759,0.3152,32.5816,0.300000000000001,32.60000000000005,0.00632357,0.0023505166,-0.0032274192,291.6621,1.0,0.00020687282,293.9519,294.49683,294.54858,294.6609,294.75195,0.4112854,0.41246033,0.41209412,0.40612793,88336.625,293.5432,0.29891396,-0.299675,106.832886,-66.71741,120.57656860351562,99.78311602274576
Kampala,1983-12,11573.29113153154,0.4988173897120534,19.0,0.0720095219202539,0.927990478079746,0.5011826102879465,1.0000305189751728,3.000045778462759,0.3152,32.5816,0.300000000000001,32.60000000000005,0.004249111,0.0023007318,-0.0037367223,290.60303,1.0,0.00016756356,293.85083,294.38672,294.3933,294.43726,294.63403,0.40045166,0.40377808,0.4103546,0.41288757,88255.0,293.6599,0.4115038,0.09837341,54.496845,-63.861485,96.86427942911784,94.80806477864584
Kampala,1984-01,11573.29113153154,0.4988173897120534,19.0,0.0720095219202539,0.927990478079746,0.5011826102879465,1.0000305189751728,3.000045778462759,0.3152,32.5816,0.300000000000001,32.60000000000005,0.003526254,0.0014129132,-0.003999764,290.31396,1.0,0.000107854605,294.34253,294.90112,294.84814,294.68457,294.59033,0.3597412,0.35714722,0.3653717,0.40275574,88123.75,294.16406,0.19331455,0.4728632,45.83642,-32.326416,69.0553830464681,94.80566596984865
Kampala,1984-02,11573.29113153154,0.4988173897120534,19.0,0.0720095219202539,0.927990478079746,0.5011826102879465,1.0000305189751728,3.000045778462759,0.3152,32.5816,0.300000000000001,32.60000000000005,0.0041140146,0.0008653924,-0.00420863,291.36108,1.0,0.00010110438,294.7517,295.36426,295.32324,295.14844,294.73853,0.3717041,0.36372375,0.3497162,0.39001465,88015.94,294.656,0.21181488,1.7568884,38.7456,-24.695332,46.35962168375651,83.46809514363606
Kampala,1984-03,11573.29113153154,0.4988173897120534,19.0,0.0720095219202539,0.927990478079746,0.5011826102879465,1.0000305189751728,3.000045778462759,0.3152,32.5816,0.300000000000001,32.60000000000005,0.0046632392,0.0008198023,-0.0039113434,291.68018,1.0,0.00011405349,294.91724,295.46362,295.40796,295.2583,294.95288,0.3833313,0.3789978,0.3598938,0.3813324,88069.5,294.68018,0.81674576,1.552947,80.85603,-65.051926,55.14601771036784,76.00514856974284
Kampala,1984-04,11573.29113153154,0.4988173897120534,19.0,0.0720095219202539,0.927990478079746,0.5011826102879465,1.0000305189751728,3.000045778462759,0.3152,32.5816,0.300000000000001,32.60000000000005,0.008328475,0.002404064,-0.0034961114,291.77368,1.0,0.00021800399,294.17676,294.71606,294.7478,294.88623,295.04395,0.41316223,0.41371155,0.40411377,0.38713074,88151.75,294.05615,0.25918674,2.0021257,203.44533,19.85466,107.68232091267905,88.36885197957356
Kampala,1984-05,11573.29113153154,0.4988173897120534,19.0,0.0720095219202539,0.927990478079746,0.5011826102879465,1.0000305189751728,3.000045778462759,0.3152,32.5816,0.300000000000001,32.60000000000005,0.0051153707,0.0018517002,-0.0036184937,291.57227,1.0,0.00016498566,294.08325,294.65283,294.71167,294.82568,294.95557,0.40766907,0.4080963,0.40602112,0.405365,88185.81,293.98364,0.095760345,1.3794622,115.64775,-28.624786,133.31637064615884,89.83799616495769
Kampala,1984-06,11573.29113153154,0.4988173897120534,19.0,0.0720095219202539,0.927990478079746,0.5011826102879465,1.0000305189751728,3.000045778462759,0.3152,32.5816,0.300000000000001,32.60000000000005,0.003771638,0.0014513656,-0.003506449,290.39526,1.0,0.00012026727,293.27344,293.89014,293.9995,294.31274,294.75952,0.39367676,0.3927765,0.39093018,0.40187073,88347.81,293.33716,-0.086149216,1.3549528,75.78448,4.0294037,131.625851949056,93.38593482971191
Kampala,1984-07,11573.29113153154,0.4988173897120534,19.0,0.0720095219202539,0.927990478079746,0.5011826102879465,1.0000305189751728,3.000045778462759,0.3152,32.5816,0.300000000000001,32.60000000000005,0.005658723,0.0017038956,-0.003237092,290.3047,1.0,0.00019711256,292.7915,293.35645,293.44263,293.72632,294.38403,0.40731812,0.40733337,0.40249634,0.40008545,88302.625,292.69434,-0.23822021,0.82751465,85.980385,26.879185,92.47087097167967,100.07659594217937
Kampala,1984-08,11573.29113153154,0.4988173897120534,19.0,0.0720095219202539,0.927990478079746,0.5011826102879465,1.0000305189751728,3.000045778462759,0.3152,32.5816,0.300000000000001,32.60000000000005,0.0050593573,0.0018004626,-0.003447109,290.86597,1.0,0.00018160045,293.4912,293.97827,293.958,293.91235,294.07153,0.4040985,0.40422058,0.40252686,0.40467834,88326.125,293.28613,-0.22191334,0.571064,144.46283,53.451035,102.07589721679688,117.69613393147786
Kampala,1984-09,11573.29113153154,0.4988173897120534,19.0,0.0720095219202539,0.927990478079746,0.5011826102879465,1.0000305189751728,3.000045778462759,0.3152,32.5816,0.300000000000001,32.60000000000005,0.0042695254,0.0018205047,-0.0035748407,291.18042,1.0,0.00016510487,293.91748,294.4441,294.4065,294.29688,294.10742,0.39987183,0.40013123,0.39897156,0.40560913,88220.375,293.54297,0.20240593,-0.25157356,61.163628,-74.93159,97.20228068033856,114.41406631469728
Kampala,1984-10,11573.29113153154,0.4988173897120534,19.0,0.0720095219202539,0.927990478079746,0.5011826102879465,1.0000305189751728,3.000045778462759,0.3152,32.5816,0.300000000000001,32.60000000000005,0.006982467,0.0028194487,-0.0035346039,291.42773,1.0,0.0002296716,293.91162,294.37524,294.32666,294.22925,294.1692,0.4122162,0.41362,0.41311646,0.41012573,88218.69,293.6858,0.36188793,0.7683811,123.74314,-37.175255,109.7898661295573,101.13036855061848
Kampala,1984-11,11573.29113153154,0.4988173897120534,19.0,0.0720095219202539,0.927990478079746,0.5011826102879465,1.0000305189751728,3.000045778462759,0.3152,32.5816,0.300000000000001,32.60000000000005,0.007782408,0.004084356,-0.0032359222,291.26685,1.0,0.00025984645,293.54834,294.0796,294.14087,294.2622,294.2588,0.41545105,0.4164734,0.4166565,0.41874695,88221.19,293.1626,0.5808687,0.13093376,254.06454,80.51425,146.32377115885416,124.19983418782552
Kampala,1984-12,11573.29113153154,0.4988173897120534,19.0,0.0720095219202539,0.927990478079746,0.5011826102879465,1.0000305189751728,3.000045778462759,0.3152,32.5816,0.300000000000001,32.60000000000005,0.0042675897,0.0024140775,-0.0035992712,291.06934,1.0,0.00017932057,293.90942,294.41162,294.38013,294.2998,294.23218,0.39826965,0.39735413,0.3934021,0.41368103,88115.625,293.5979,0.21340942,0.24233627,85.20917,-33.149162,154.33895111083984,125.7706158955892
Kampala,1985-01,11573.29113153154,0.4988173897120534,19.0,0.0720095219202539,0.927990478079746,0.5011826102879465,1.0000305189751728,3.000045778462759,0.3152,32.5816,0.300000000000001,32.60000000000005,0.0035416833,0.0012902021,-0.0036840457,291.4497,1.0,0.00012639165,294.4419,294.96436,294.91772,294.76978,294.3877,0.37039185,0.36502075,0.36393738,0.40060425,88087.375,294.27393,0.40175343,1.0150585,93.54219,15.379356,144.27196756998697,127.03091684977214
Kampala,1985-02,11573.29113153154,0.4988173897120534,19.0,0.0720095219202539,0.927990478079746,0.5011826102879465,1.0000305189751728,3.000045778462759,0.3152,32.5816,0.300000000000001,32.60000000000005,0.0052438756,0.0013910756,-0.0040365364,290.6277,1.0,0.00018842518,294.33423,294.8933,294.82568,294.6062,294.48584,0.38442993,0.38537598,0.39022827,0.3959198,88107.625,294.3037,0.31304836,1.1406384,72.7106,9.269669,83.82065327962239,115.07221221923828
Kampala,1985-03,11573.29113153154,0.4988173897120534,19.0,0.0720095219202539,0.927990478079746,0.5011826102879465,1.0000305189751728,3.000045778462759,0.3152,32.5816,0.300000000000001,32.60000000000005,0.006735851,0.001503557,-0.003852659,291.47437,1.0,0.0002066195,294.67358,295.229,295.22437,295.17554,294.729,0.3905487,0.39105225,0.38920593,0.39268494,88084.69,294.6233,0.40517902,1.3569193,132.85446,-13.053497,99.70241800944012,127.02068456013996
Kampala,1985-04,11573.29113153154,0.4988173897120534,19.0,0.0720095219202539,0.927990478079746,0.5011826102879465,1.0000305189751728,3.000045778462759,0.3152,32.5816,0.300000000000001,32.60000000000005,0.0094775045,0.0056091696,-0.0032897703,291.31177,1.0,0.00026218593,293.62622,294.1411,294.17188,294.32983,294.73682,0.4161682,0.41792297,0.41947937,0.41534424,88181.0,293.5205,0.24674225,1.1527615,204.56534,20.97467,136.71013387044272,140.49105072021484
Kampala,1985-05,11573.29113153154,0.4988173897120534,19.0,0.0720095219202539,0.927990478079746,0.5011826102879465,1.0000305189751728,3.000045778462759,0.3152,32.5816,0.300000000000001,32.60000000000005,0.008872995,0.0053996667,-0.0032604346,291.2854,1.0,0.000272125,293.53955,294.06738,294.1399,294.29492,294.53687,0.4176178,0.41905212,0.4198761,0.42248535,88249.19,293.5105,-0.09178543,1.7202148,164.3919,20.11937,167.27056884765625,125.54561106363931
Kampala,1985-06,11573.29113153154,0.4988173897120534,19.0,0.0720095219202539,0.927990478079746,0.5011826102879465,1.0000305189751728,3.000045778462759,0.3152,32.5816,0.300000000000001,32.60000000000005,0.004773316,0.0030678809,-0.0034654085,290.4436,1.0,0.00018829107,293.33032,293.88647,293.93555,294.0791,294.35815,0.40126038,0.402771,0.4066162,0.41757202,88426.0,293.31055,-0.23825741,1.1717434,34.500523,-37.25455,134.48592249552408,117.0941702524821
Kampala,1985-07,11573.29113153154,0.4988173897120534,19.0,0.0720095219202539,0.927990478079746,0.5011826102879465,1.0000305189751728,3.000045778462759,0.3152,32.5816,0.300000000000001,32.60000000000005,0.0045462,0.001880303,-0.0034428434,289.76904,1.0,0.00014258921,292.81128,293.39453,293.4563,293.6726,294.11987,0.39520264,0.39372253,0.38754272,0.40756226,88380.69,292.68262,-0.14841461,0.8222351,70.946304,11.845104,89.94624455769856,113.32818921407063
Kampala,1985-08,11573.29113153154,0.4988173897120534,19.0,0.0720095219202539,0.927990478079746,0.5011826102879465,1.0000305189751728,3.000045778462759,0.3152,32.5816,0.300000000000001,32.60000000000005,0.0037503466,0.0012306347,-0.0038157068,289.71045,1.0,0.00010994077,293.14478,293.72095,293.7334,293.76538,293.90674,0.38893127,0.3868103,0.3833313,0.4000702,88357.625,293.1101,-0.40440464,1.0722895,34.975254,-56.03654,46.807360331217446,107.03896458943684
Kampala,1985-09,11573.29113153154,0.4988173897120534,19.0,0.0720095219202539,0.927990478079746,0.5011826102879465,1.0000305189751728,3.000045778462759,0.3152,32.5816,0.300000000000001,32.60000000000005,0.005304984,0.0015019178,-0.003370855,290.95483,1.0,0.00017598271,293.57275,294.05518,294.0171,293.91748,293.86865,0.4038086,0.40290833,0.39134216,0.39463806,88236.125,293.2019,0.06981945,0.1561737,95.687515,-40.4077,67.20302454630534,100.84447352091472
Kampala,1985-10,11573.29113153154,0.4988173897120534,19.0,0.0720095219202539,0.927990478079746,0.5011826102879465,1.0000305189751728,3.000045778462759,0.3152,32.5816,0.300000000000001,32.60000000000005,0.006063469,0.0018368661,-0.0037117982,291.35352,1.0,0.00022688508,294.15308,294.62866,294.5498,294.33423,294.01245,0.40597534,0.40596008,0.4034729,0.39741516,88190.375,293.78223,0.27760506,0.30064678,116.82901,-44.089386,82.49725977579753,86.22175216674805
Kampala,1985-11,11573.29113153154,0.4988173897120534,19.0,0.0720095219202539,0.927990478079746,0.5011826102879465,1.0000305189751728,3.000045778462759,0.3152,32.5816,0.300000000000001,32.60000000000005,0.0068118377,0.002711311,-0.0033802055,291.2556,1.0,0.00023841858,293.65796,294.1963,294.2351,294.2859,294.1748,0.4124298,0.4134674,0.41435242,0.40956116,88215.56,293.43896,0.38118744,0.4130621,163.07388,-10.47641,125.19680277506512,86.00208155314128
Kampala,1985-12,11573.29113153154,0.4988173897120534,19.0,0.0720095219202539,0.927990478079746,0.5011826102879465,1.0000305189751728,3.000045778462759,0.3152,32.5816,0.300000000000001,32.60000000000005,0.0054892516,0.0036988296,-0.0033203997,291.30396,1.0,0.00018113852,293.89233,294.3369,294.30078,294.21826,294.16528,0.40403748,0.40522766,0.40705872,0.4179535,88156.375,293.68262,0.49317837,0.47855568,96.78751,-21.570816,125.56346893310548,96.3832467397054
Kampala,1986-01,11573.29113153154,0.4988173897120534,19.0,0.0720095219202539,0.927990478079746,0.5011826102879465,1.0000305189751728,3.000045778462759,0.3152,32.5816,0.300000000000001,32.60000000000005,0.004158416,0.001677677,-0.0038646292,291.20972,1.0,0.0001359731,294.45605,294.95483,294.8806,294.66284,294.3191,0.39283752,0.39178467,0.38516235,0.4069519,88181.375,294.35693,0.39823532,1.1408415,24.592407,-53.570427,94.81793467203777,88.65759722391765
Kampala,1986-02,11573.29113153154,0.4988173897120534,19.0,0.0720095219202539,0.927990478079746,0.5011826102879465,1.0000305189751728,3.000045778462759,0.3152,32.5816,0.300000000000001,32.60000000000005,0.0048955753,0.0015548915,-0.003686904,291.46118,1.0,0.00013957918,294.3772,294.92578,294.90723,294.79224,294.5249,0.39131165,0.39074707,0.38879395,0.39897156,88114.31,294.12695,0.5714674,0.807003,51.04866,-12.392273,57.47619374593099,91.33649826049805
Kampala,1986-03,11573.29113153154,0.4988173897120534,19.0,0.0720095219202539,0.927990478079746,0.5011826102879465,1.0000305189751728,3.000045778462759,0.3152,32.5816,0.300000000000001,32.60000000000005,0.0066089565,0.001900427,-0.0036961776,291.54614,1.0,0.00018018484,294.27295,294.82056,294.812,294.76733,294.63647,0.4066162,0.4059906,0.4003296,0.39782715,88127.25,294.02124,0.36610317,1.1821833,129.45451,-16.453445,68.36519368489583,96.96433130900066
Kampala,1986-04,11573.29113153154,0.4988173897120534,19.0,0.0720095219202539,0.927990478079746,0.5011826102879465,1.0000305189751728,3.000045778462759,0.3152,32.5816,0.300000000000001,32.60000000000005,0.008588302,0.004220061,-0.0032303762,291.71948,1.0,0.00026774406,293.8767,294.37622,294.42456,294.5769,294.68457,0.41711426,0.4188385,0.42071533,0.4156494,88170.31,293.93555,0.38259602,1.6757631,153.90938,-29.68129,111.4708506266276,103.14439264933269
Kampala,1986-05,11573.29113153154,0.4988173897120534,19.0,0.0720095219202539,0.927990478079746,0.5011826102879465,1.0000305189751728,3.000045778462759,0.3152,32.5816,0.300000000000001,32.60000000000005,0.007914315,0.0044714883,-0.0035961308,291.60205,1.0,0.0002399832,294.16675,294.67896,294.67847,294.67358,294.65503,0.41453552,0.41586304,0.41461182,0.42027283,88291.875,294.13306,-0.12286663,2.5095587,142.31029,-1.9622498,141.89139302571616,99.68379338582356
Kampala,1986-06,11573.29113153154,0.4988173897120534,19.0,0.0720095219202539,0.927990478079746,0.5011826102879465,1.0000305189751728,3.000045778462759,0.3152,32.5816,0.300000000000001,32.60000000000005,0.004005613,0.0031907707,-0.0034645926,290.39233,1.0,0.00013130903,293.44702,293.99707,294.05225,294.2229,294.53516,0.3989563,0.4008484,0.40135193,0.41822815,88341.5,293.42896,0.0411911,1.2581129,53.218327,-18.536747,116.4793306986491,92.42226219177246
Kampala,1986-07,11573.29113153154,0.4988173897120534,19.0,0.0720095219202539,0.927990478079746,0.5011826102879465,1.0000305189751728,3.000045778462759,0.3152,32.5816,0.300000000000001,32.60000000000005,0.0031062418,0.001272738,-0.0033985218,289.8899,1.0,0.00013303757,293.21582,293.83447,293.90625,294.0791,294.35132,0.35643005,0.349823,0.35514832,0.40219116,88470.5,293.06104,-0.14821339,0.5696268,32.0398,-27.061401,75.85613759358723,93.66349411010742
Kampala,1986-08,11573.29113153154,0.4988173897120534,19.0,0.0720095219202539,0.927990478079746,0.5011826102879465,1.0000305189751728,3.000045778462759,0.3152,32.5816,0.300000000000001,32.60000000000005,0.0028341096,0.00078094006,-0.003494328,290.88184,1.0,0.000102221966,293.80713,294.3108,294.25903,294.15332,294.20288,0.3688507,0.36402893,0.3510437,0.38867188,88321.81,293.5039,-0.13331604,0.05124283,37.119095,-53.8927,40.7924067179362,91.34189987182616
Kampala,1986-09,11573.29113153154,0.4988173897120534,19.0,0.0720095219202539,0.927990478079746,0.5011826102879465,1.0000305189751728,3.000045778462759,0.3152,32.5816,0.300000000000001,32.60000000000005,0.0058291103,0.0012288541,-0.0035245568,291.16528,1.0,0.0002027601,293.84888,294.3916,294.37256,294.3152,294.24072,0.39831543,0.39492798,0.37280273,0.38146973,88331.94,293.51,0.020001411,-0.04576111,94.14894,-41.946274,54.43594487508138,85.45763778686523
Kampala,1986-10,11573.29113153154,0.4988173897120534,19.0,0.0720095219202539,0.927990478079746,0.5011826102879465,1.0000305189751728,3.000045778462759,0.3152,32.5816,0.300000000000001,32.60000000000005,0.006963637,0.0019934624,-0.0034629991,291.68652,1.0,0.0002233535,294.14893,294.67822,294.66772,294.59937,294.35522,0.4078369,0.4090271,0.40455627,0.38809204,88243.375,293.75415,0.5019884,-0.30293846,99.30611,-61.61229,76.85804748535156,76.3570925394694
Kampala,1986-11,11573.29113153154,0.4988173897120534,19.0,0.0720095219202539,0.927990478079746,0.5011826102879465,1.0000305189751728,3.000045778462759,0.3152,32.5816,0.300000000000001,32.60000000000005,0.007767084,0.003089033,-0.003385418,291.50952,1.0,0.00026769936,293.98608,294.46167,294.44556,294.40967,294.41406,0.4172058,0.41885376,0.41926575,0.41049194,88190.5,293.55737,0.41163635,0.49334908,173.6506,0.10031128,122.36855061848958,81.58047866821289
Kampala,1986-12,11573.29113153154,0.4988173897120534,19.0,0.0720095219202539,0.927990478079746,0.5011826102879465,1.0000305189751728,3.000045778462759,0.3152,32.5816,0.300000000000001,32.60000000000005,0.0067581157,0.0044868737,-0.0036130613,291.20142,1.0,0.00022509694,294.17017,294.66113,294.61987,294.52734,294.4519,0.40742493,0.4098053,0.41355896,0.42066956,88256.69,293.90454,0.3762951,-0.25565147,170.33406,51.97573,147.76359049479166,101.09976768493652
Kampala,1987-01,11573.29113153154,0.4988173897120534,19.0,0.0720095219202539,0.927990478079746,0.5011826102879465,1.0000305189751728,3.000045778462759,0.3152,32.5816,0.300000000000001,32.60000000000005,0.0055837296,0.0024635568,-0.003718635,291.52246,1.0,0.00018703938,294.56006,295.0747,295.04834,294.90015,294.57715,0.39814758,0.39653015,0.39160156,0.41197205,88270.31,294.4275,0.21627617,1.0291452,119.968155,41.80532,154.65093994140625,115.7544937133789
Kampala,1987-02,11573.29113153154,0.4988173897120534,19.0,0.0720095219202539,0.927990478079746,0.5011826102879465,1.0000305189751728,3.000045778462759,0.3152,32.5816,0.300000000000001,32.60000000000005,0.0048099486,0.0018620789,-0.003666685,292.01855,1.0,0.00014491379,294.88477,295.37964,295.31787,295.16357,294.8169,0.39900208,0.4000244,0.3979187,0.4046631,88228.44,294.75073,0.34491348,1.3792114,50.673252,-12.767681,113.65848922729492,118.01351992289226
Kampala,1987-03,11573.29113153154,0.4988173897120534,19.0,0.0720095219202539,0.927990478079746,0.5011826102879465,1.0000305189751728,3.000045778462759,0.3152,32.5816,0.300000000000001,32.60000000000005,0.006744443,0.0029816628,-0.0035680467,292.3557,1.0,0.00018629432,295.01367,295.49463,295.44507,295.29834,295.01538,0.40690613,0.40802002,0.4085846,0.4089203,88121.125,294.69556,0.49877167,0.9257841,114.96579,-30.94217,95.20239893595378,121.48299471537273
Kampala,1987-04,11573.29113153154,0.4988173897120534,19.0,0.0720095219202539,0.927990478079746,0.5011826102879465,1.0000305189751728,3.000045778462759,0.3152,32.5816,0.300000000000001,32.60000000000005,0.006154158,0.0022773966,-0.0035857977,292.15674,1.0,0.00020344555,294.88184,295.40747,295.41333,295.37036,295.177,0.40776062,0.40760803,0.4006195,0.40937805,88256.125,294.66602,0.06626892,1.0459375,160.52742,-23.063248,108.72215398152667,131.68654696146646
Kampala,1987-05,11573.29113153154,0.4988173897120534,19.0,0.0720095219202539,0.927990478079746,0.5011826102879465,1.0000305189751728,3.000045778462759,0.3152,32.5816,0.300000000000001,32.60000000000005,0.009210268,0.005295597,-0.0033296756,291.9121,1.0,0.00027152896,294.26636,294.79395,294.84937,295.0,295.17017,0.41810608,0.42012024,0.42214966,0.4196167,88271.69,294.2102,-0.09337807,1.9625196,140.70573,-3.566803,138.73298136393228,126.1957352956136
Kampala,1987-06,11573.29113153154,0.4988173897120534,19.0,0.0720095219202539,0.927990478079746,0.5011826102879465,1.0000305189751728,3.000045778462759,0.3152,32.5816,0.300000000000001,32.60000000000005,0.0049753445,0.0033177286,-0.0035032844,291.15503,1.0,0.00018838048,294.01562,294.57886,294.6128,294.74023,295.0061,0.40315247,0.40403748,0.4046631,0.418396,88445.875,293.92554,-0.039800644,1.1211176,91.26839,19.513313,130.83384704589844,113.0181229909261
Kampala,1987-07,11573.29113153154,0.4988173897120534,19.0,0.0720095219202539,0.927990478079746,0.5011826102879465,1.0000305189751728,3.000045778462759,0.3152,32.5816,0.300000000000001,32.60000000000005,0.002681577,0.001551941,-0.003686659,290.91284,1.0,9.599328e-05,294.146,294.69678,294.69458,294.71533,294.8672,0.3707428,0.3692932,0.37080383,0.40594482,88323.125,294.06787,-0.23257828,0.99986553,22.271059,-36.83014,84.74839337666829,96.73527367909747
Kampala,1987-08,11573.29113153154,0.4988173897120534,19.0,0.0720095219202539,0.927990478079746,0.5011826102879465,1.0000305189751728,3.000045778462759,0.3152,32.5816,0.300000000000001,32.60000000000005,0.0046316553,0.00096687675,-0.0037159184,290.8152,1.0,0.00013686717,294.0652,294.656,294.6765,294.7273,294.80396,0.36497498,0.35853577,0.34632874,0.39082336,88316.875,293.95215,-0.20928669,1.000494,88.55827,-2.4535217,67.36590639750163,103.04944388071696
Kampala,1987-09,11573.29113153154,0.4988173897120534,19.0,0.0720095219202539,0.927990478079746,0.5011826102879465,1.0000305189751728,3.000045778462759,0.3152,32.5816,0.300000000000001,32.60000000000005,0.004668544,0.0009969175,-0.0035153264,291.7666,1.0,0.00016131997,294.42236,294.95752,294.94238,294.88745,294.812,0.39405823,0.39198303,0.38189697,0.38430786,88280.19,294.1372,0.3182602,-0.19643211,146.854,10.758789,85.89444541931152,108.36414623260498
Kampala,1987-10,11573.29113153154,0.4988173897120534,19.0,0.0720095219202539,0.927990478079746,0.5011826102879465,1.0000305189751728,3.000045778462759,0.3152,32.5816,0.300000000000001,32.60000000000005,0.00565133,0.0016143993,-0.0036563054,292.0349,1.0,0.00016437471,294.68994,295.20386,295.15356,295.0193,294.86743,0.40544128,0.4064331,0.4013672,0.3889618,88210.75,294.2644,0.46240234,-0.30473804,121.90838,-39.010017,119.1068852742513,101.9276393254598
Kampala,1987-11,11573.29113153154,0.4988173897120534,19.0,0.0720095219202539,0.927990478079746,0.5011826102879465,1.0000305189751728,3.000045778462759,0.3152,32.5816,0.300000000000001,32.60000000000005,0.0064882403,0.0021392778,-0.0036438713,291.9331,1.0,0.00021271408,294.5603,295.1057,295.10474,295.08398,294.97534,0.410141,0.41131592,0.40916443,0.40008545,88256.31,294.16333,0.40562153,0.111169815,137.79004,-35.760254,135.51747385660806,101.44169012705484
Kampala,1987-12,11573.29113153154,0.4988173897120534,19.0,0.0720095219202539,0.927990478079746,0.5011826102879465,1.0000305189751728,3.000045778462759,0.3152,32.5816,0.300000000000001,32.60000000000005,0.003199366,0.0016595721,-0.0039562173,291.90186,1.0,0.00011590123,295.1819,295.68628,295.59277,295.36523,295.0769,0.38346863,0.38763428,0.39533997,0.40428162,88260.06,294.87402,0.36165905,0.11159229,65.78642,-52.571907,108.4949467976888,97.19469610850015
Kampala,1988-01,11573.29113153154,0.4988173897120534,19.0,0.0720095219202539,0.927990478079746,0.5011826102879465,1.0000305189751728,3.000045778462759,0.3152,32.5816,0.300000000000001,32.60000000000005,0.006615467,0.0022551864,-0.0037208544,291.82935,1.0,0.00015872717,294.72168,295.27686,295.29175,295.3081,295.24536,0.39271545,0.38835144,0.3801422,0.39620972,88183.5,294.54224,0.26802826,0.71856594,86.2081,8.045265,96.59485371907552,107.8508694966634
Kampala,1988-02,11573.29113153154,0.4988173897120534,19.0,0.0720095219202539,0.927990478079746,0.5011826102879465,1.0000305189751728,3.000045778462759,0.3152,32.5816,0.300000000000001,32.60000000000005,0.003268816,0.0009303391,-0.0041069016,292.1333,1.0,0.00010083616,295.37866,295.91553,295.8401,295.63525,295.32544,0.3821106,0.37928772,0.37974548,0.39341736,88085.56,295.17627,0.47396183,1.1702547,45.064743,-18.37619,65.68642171223958,100.60194778442384
Kampala,1988-03,11573.29113153154,0.4988173897120534,19.0,0.0720095219202539,0.927990478079746,0.5011826102879465,1.0000305189751728,3.000045778462759,0.3152,32.5816,0.300000000000001,32.60000000000005,0.006733603,0.0016372874,-0.0038900655,292.32446,1.0,0.0001705885,295.30933,295.8855,295.88403,295.8335,295.5652,0.4028473,0.40278625,0.39570618,0.39167786,88188.69,295.05884,0.2767229,1.5941734,161.11737,15.209412,97.46340433756512,102.97917556762695
Kampala,1988-04,11573.29113153154,0.4988173897120534,19.0,0.0720095219202539,0.927990478079746,0.5011826102879465,1.0000305189751728,3.000045778462759,0.3152,32.5816,0.300000000000001,32.60000000000005,0.0069403728,0.0021957979,-0.003607416,292.2893,1.0,0.00020901859,294.86353,295.42676,295.4829,295.57495,295.6228,0.4091797,0.40957642,0.4086151,0.40151978,88161.81,294.8086,0.14768124,1.9152288,257.0655,73.47482,154.4158681233724,125.50536092122395
Kampala,1988-05,11573.29113153154,0.4988173897120534,19.0,0.0720095219202539,0.927990478079746,0.5011826102879465,1.0000305189751728,3.000045778462759,0.3152,32.5816,0.300000000000001,32.60000000000005,0.005231754,0.002855286,-0.0036512678,291.81274,1.0,0.00019398332,294.5056,295.05957,295.08472,295.1775,295.46167,0.40364075,0.40628052,0.412735,0.41488647,88318.125,294.45386,-0.10873985,2.0037642,97.05878,-47.21376,171.7472127278646,118.71681722005208
Kampala,1988-06,11573.29113153154,0.4988173897120534,19.0,0.0720095219202539,0.927990478079746,0.5011826102879465,1.0000305189751728,3.000045778462759,0.3152,32.5816,0.300000000000001,32.60000000000005,0.003149148,0.0015176684,-0.00381135,290.71753,1.0,0.00011497736,293.94238,294.6018,294.69995,294.9751,295.29443,0.37538147,0.3726654,0.371521,0.4058075,88353.81,293.92944,-0.12531662,1.5584135,38.826073,-32.929,130.9834467569987,114.2234255472819
Kampala,1988-07,11573.29113153154,0.4988173897120534,19.0,0.0720095219202539,0.927990478079746,0.5011826102879465,1.0000305189751728,3.000045778462759,0.3152,32.5816,0.300000000000001,32.60000000000005,0.0033695365,0.0008763075,-0.0033811135,290.61475,1.0,0.00013533235,293.82495,294.41016,294.4646,294.6328,295.0337,0.3610077,0.35180664,0.3425293,0.3914032,88357.25,293.58423,-0.05902672,0.42465878,84.60653,25.50533,73.49712626139323,113.9564971923828
Kampala,1988-08,11573.29113153154,0.4988173897120534,19.0,0.0720095219202539,0.927990478079746,0.5011826102879465,1.0000305189751728,3.000045778462759,0.3152,32.5816,0.300000000000001,32.60000000000005,0.0048506297,0.00090260804,-0.0034795478,290.92896,1.0,0.00018590689,293.7356,294.30737,294.3369,294.45825,294.7932,0.3963318,0.39242554,0.36967468,0.38269043,88304.44,293.3811,-0.13637638,0.14288425,159.04117,68.02937,94.15792338053386,132.95256805419922
Kampala,1988-09,11573.29113153154,0.4988173897120534,19.0,0.0720095219202539,0.927990478079746,0.5011826102879465,1.0000305189751728,3.000045778462759,0.3152,32.5816,0.300000000000001,32.60000000000005,0.0051061837,0.0010313317,-0.0035934728,291.45337,1.0,0.0002091527,294.1543,294.72192,294.71948,294.698,294.6919,0.4033966,0.40292358,0.39398193,0.38304138,88232.31,293.70435,0.00568676,-0.25172615,197.69011,61.594894,147.11260223388672,139.04802449544272
Kampala,1988-10,11573.29113153154,0.4988173897120534,19.0,0.0720095219202539,0.927990478079746,0.5011826102879465,1.0000305189751728,3.000045778462759,0.3152,32.5816,0.300000000000001,32.60000000000005,0.0065560685,0.0019395426,-0.003484943,291.8877,1.0,0.00021658838,294.39233,294.91602,294.89844,294.82227,294.708,0.4116974,0.41264343,0.4105835,0.39871216,88175.44,293.90698,0.29856968,0.048693657,96.81971,-64.09869,151.18366241455078,112.340394337972
Kampala,1988-11,11573.29113153154,0.4988173897120534,19.0,0.0720095219202539,0.927990478079746,0.5011826102879465,1.0000305189751728,3.000045778462759,0.3152,32.5816,0.300000000000001,32.60000000000005,0.0066931588,0.003079459,-0.0032334095,291.65088,1.0,0.00024159253,293.9702,294.4756,294.49316,294.5652,294.7151,0.41401672,0.4157257,0.4174652,0.41290283,88257.81,293.5852,0.36176968,0.46641445,133.01913,-40.53116,142.50965118408203,118.33378728230794
Kampala,1988-12,11573.29113153154,0.4988173897120534,19.0,0.0720095219202539,0.927990478079746,0.5011826102879465,1.0000305189751728,3.000045778462759,0.3152,32.5816,0.300000000000001,32.60000000000005,0.0062328577,0.0027466714,-0.0035930304,291.3733,1.0,0.0002001375,294.1433,294.6953,294.72144,294.76782,294.7085,0.40353394,0.40319824,0.39823914,0.4129181,88145.0,293.93994,0.36382675,0.85550785,118.08295,-0.275383,115.97393035888672,131.54326629638672
Kampala,1989-01,11573.29113153154,0.4988173897120534,19.0,0.0720095219202539,0.927990478079746,0.5011826102879465,1.0000305189751728,3.000045778462759,0.3152,32.5816,0.300000000000001,32.60000000000005,0.002444385,0.0022026822,-0.0044425046,288.75854,1.0,8.547306e-05,294.2849,294.88013,294.7898,294.60303,294.64795,0.33091736,0.344635,0.38153076,0.4115448,88150.125,294.5857,0.3455162,-0.47693634,29.89624,-48.266594,93.66610717773438,122.42488479614258
Kampala,1989-02,11573.29113153154,0.4988173897120534,19.0,0.0720095219202539,0.927990478079746,0.5011826102879465,1.0000305189751728,3.000045778462759,0.3152,32.5816,0.300000000000001,32.60000000000005,0.0054568537,0.0012877658,-0.0039713606,291.1333,1.0,0.00017432868,294.52173,295.07178,295.02393,294.90625,294.7168,0.38493347,0.37858582,0.3582611,0.39485168,88209.875,294.36963,-0.24864101,1.0574102,62.47209,-0.96884155,70.15042622884114,106.3300387064616
Kampala,1989-03,11573.29113153154,0.4988173897120534,19.0,0.0720095219202539,0.927990478079746,0.5011826102879465,1.0000305189751728,3.000045778462759,0.3152,32.5816,0.300000000000001,32.60000000000005,0.006482037,0.0015727207,-0.003604896,291.4585,1.0,0.0001642555,294.34424,294.95728,295.02002,295.125,294.92847,0.39312744,0.39234924,0.37947083,0.38813782,88084.375,294.1128,0.38717747,0.83638096,173.13608,27.228119,88.50146993001302,102.23770014444987
Kampala,1989-04,11573.29113153154,0.4988173897120534,19.0,0.0720095219202539,0.927990478079746,0.5011826102879465,1.0000305189751728,3.000045778462759,0.3152,32.5816,0.300000000000001,32.60000000000005,0.0067175534,0.0021022782,-0.0037978245,291.62646,1.0,0.00018653274,294.40015,294.92676,294.9126,294.85254,294.8838,0.41101074,0.41181946,0.4102173,0.39990234,88169.94,294.29565,0.08108044,1.9472761,125.34301,-58.247658,120.31705983479816,106.99158350626628
Kampala,1989-05,11573.29113153154,0.4988173897120534,19.0,0.0720095219202539,0.927990478079746,0.5011826102879465,1.0000305189751728,3.000045778462759,0.3152,32.5816,0.300000000000001,32.60000000000005,0.0081632845,0.0044111162,-0.0033355476,291.36548,1.0,0.00027431548,293.79004,294.32983,294.38257,294.56006,294.83105,0.4169922,0.41854858,0.41874695,0.41661072,88341.125,293.6765,0.013662338,1.9278698,181.124,36.851456,159.86769358317056,115.00905990600586
Kampala,1989-06,11573.29113153154,0.4988173897120534,19.0,0.0720095219202539,0.927990478079746,0.5011826102879465,1.0000305189751728,3.000045778462759,0.3152,32.5816,0.300000000000001,32.60000000000005,0.0028773095,0.0020685047,-0.0038722688,290.07764,1.0,9.560585e-05,293.61914,294.24243,294.30933,294.47266,294.67578,0.3776703,0.37687683,0.37963867,0.4119873,88401.56,293.81494,-0.07898331,2.3281193,70.744804,-1.0102692,125.73726908365886,107.11936950683594
Kampala,1989-07,11573.29113153154,0.4988173897120534,19.0,0.0720095219202539,0.927990478079746,0.5011826102879465,1.0000305189751728,3.000045778462759,0.3152,32.5816,0.300000000000001,32.60000000000005,0.0027052602,0.000988014,-0.0036246097,289.74805,1.0,9.159744e-05,293.4746,294.03857,294.0569,294.1482,294.45776,0.36296082,0.36132812,0.35255432,0.39605713,88415.56,293.41968,-0.15537548,1.2547369,30.717945,-28.383255,94.19558080037434,107.25632031758626
Kampala,1989-08,11573.29113153154,0.4988173897120534,19.0,0.0720095219202539,0.927990478079746,0.5011826102879465,1.0000305189751728,3.000045778462759,0.3152,32.5816,0.300000000000001,32.60000000000005,0.0038262436,0.0006508827,-0.003539633,290.42407,1.0,0.0001320988,293.53882,294.1123,294.12793,294.1814,294.33228,0.36190796,0.35092163,0.33673096,0.38372803,88342.56,293.33447,-0.23022461,0.55177784,56.39869,-34.613106,52.62047958374024,106.2440865834554
Kampala,1989-09,11573.29113153154,0.4988173897120534,19.0,0.0720095219202539,0.927990478079746,0.5011826102879465,1.0000305189751728,3.000045778462759,0.3152,32.5816,0.300000000000001,32.60000000000005,0.004220031,0.00067482144,-0.004022858,291.00195,1.0,0.00015538931,294.34155,294.8794,294.80347,294.56982,294.33423,0.37556458,0.3698578,0.35865784,0.3762207,88205.06,294.04053,0.06608009,0.3315363,87.81206,-48.283157,58.309563954671226,92.02341651916504
Kampala,1989-10,11573.29113153154,0.4988173897120534,19.0,0.0720095219202539,0.927990478079746,0.5011826102879465,1.0000305189751728,3.000045778462759,0.3152,32.5816,0.300000000000001,32.60000000000005,0.006676006,0.0012455955,-0.0035718596,291.85938,1.0,0.00024472177,294.49805,295.02856,295.0083,294.89648,294.55664,0.40356445,0.40126038,0.3805542,0.3740692,88242.44,293.93823,0.2661419,-0.0862875,141.19054,-19.72786,95.1337610880534,94.66467094421388
Kampala,1989-11,11573.29113153154,0.4988173897120534,19.0,0.0720095219202539,0.927990478079746,0.5011826102879465,1.0000305189751728,3.000045778462759,0.3152,32.5816,0.300000000000001,32.60000000000005,0.006960102,0.0019922778,-0.0035209786,291.83252,1.0,0.0002155155,294.5061,295.01294,295.01392,294.97974,294.74756,0.40480042,0.40570068,0.40663147,0.38887024,88200.81,294.16406,0.3632841,0.5806875,236.43929,62.888992,155.1472930908203,103.88388633728027
Kampala,1989-12,11573.29113153154,0.4988173897120534,19.0,0.0720095219202539,0.927990478079746,0.5011826102879465,1.0000305189751728,3.000045778462759,0.3152,32.5816,0.300000000000001,32.60000000000005,0.007181785,0.0036855116,-0.0031440975,291.6477,1.0,0.000256747,294.04248,294.52417,294.5349,294.59668,294.74194,0.41203308,0.4141388,0.4181671,0.41462708,88234.375,293.73608,0.39530754,0.040244102,213.73308,95.37475,197.12096659342447,127.71526527404784
Kampala,1990-01,11573.29113153154,0.4988173897120534,19.0,0.0720095219202539,0.927990478079746,0.5011826102879465,1.0000305189751728,3.000045778462759,0.3152,32.5816,0.300000000000001,32.60000000000005,0.0027367629,0.0021568239,-0.0039592097,291.31982,1.0,0.00013273954,294.73315,295.2251,295.11865,294.86548,294.70117,0.369812,0.3713684,0.38391113,0.41252136,88185.19,294.6067,0.1543312,0.7927084,61.46442,-16.698414,170.54559453328451,132.83967781066897
Kampala,1990-02,11573.29113153154,0.4988173897120534,19.0,0.0720095219202539,0.927990478079746,0.5011826102879465,1.0000305189751728,3.000045778462759,0.3152,32.5816,0.300000000000001,32.60000000000005,0.0063633434,0.0015973896,-0.003206293,291.9319,1.0,0.00020261109,294.46387,294.9912,295.04443,295.1455,294.91455,0.40098572,0.3946228,0.37606812,0.39804077,88221.25,294.23853,0.29961967,0.389863,77.51324,14.072304,117.57024510701496,136.35876909891763
Kampala,1990-03,11573.29113153154,0.4988173897120534,19.0,0.0720095219202539,0.927990478079746,0.5011826102879465,1.0000305189751728,3.000045778462759,0.3152,32.5816,0.300000000000001,32.60000000000005,0.009229177,0.004307933,-0.0033070762,291.96387,1.0,0.00021320581,294.4292,294.89697,294.90356,294.87036,294.9087,0.4159546,0.4177246,0.41767883,0.40975952,88292.81,294.24707,0.13650322,1.1900711,183.18971,37.281754,107.3891232808431,152.2550449371338
Kampala,1990-04,11573.29113153154,0.4988173897120534,19.0,0.0720095219202539,0.927990478079746,0.5011826102879465,1.0000305189751728,3.000045778462759,0.3152,32.5816,0.300000000000001,32.60000000000005,0.0068078227,0.004137799,-0.0033970587,292.17847,1.0,0.00022950768,294.5713,295.02295,294.9922,294.937,294.91016,0.41378784,0.41531372,0.41589355,0.4209137,88191.375,294.5122,-0.045664787,1.337307,182.53716,-1.0535126,147.746701558431,159.14614804585776
Kampala,1990-05,11573.29113153154,0.4988173897120534,19.0,0.0720095219202539,0.927990478079746,0.5011826102879465,1.0000305189751728,3.000045778462759,0.3152,32.5816,0.300000000000001,32.60000000000005,0.0071180784,0.003671497,-0.0034573898,292.02612,1.0,0.00022505224,294.35596,294.87427,294.90796,294.95898,294.95752,0.41304016,0.41453552,0.4147339,0.41757202,88288.625,294.3838,-0.040973663,1.831089,201.35158,57.07904,189.0261484781901,153.29819679260254
Kampala,1990-06,11573.29113153154,0.4988173897120534,19.0,0.0720095219202539,0.927990478079746,0.5011826102879465,1.0000305189751728,3.000045778462759,0.3152,32.5816,0.300000000000001,32.60000000000005,0.0025097872,0.0022869408,-0.0038358076,290.69897,1.0,7.970631e-05,294.13843,294.7024,294.70264,294.72754,294.86865,0.3720398,0.37512207,0.39050293,0.41394043,88419.625,294.19336,-0.13343334,1.3642187,0.0,-71.75507,127.96291097005208,117.6760171254476
Kampala,1990-07,11573.29113153154,0.4988173897120534,19.0,0.0720095219202539,0.927990478079746,0.5011826102879465,1.0000305189751728,3.000045778462759,0.3152,32.5816,0.300000000000001,32.60000000000005,0.0018647094,0.00094562024,-0.0034883376,289.77905,1.0,7.036328e-05,293.78857,294.41406,294.48706,294.6853,294.8296,0.3187256,0.3154602,0.33314514,0.3954773,88388.625,293.77026,-0.19649315,1.067131,35.973705,-23.127495,79.10842768351237,113.42756462097168
Kampala,1990-08,11573.29113153154,0.4988173897120534,19.0,0.0720095219202539,0.927990478079746,0.5011826102879465,1.0000305189751728,3.000045778462759,0.3152,32.5816,0.300000000000001,32.60000000000005,0.0041834875,0.00057806075,-0.003573333,290.7566,1.0,0.0001348257,293.92407,294.46094,294.4441,294.4414,294.66235,0.36398315,0.34735107,0.32060242,0.3798523,88412.25,293.72925,-0.24285889,0.5245962,124.05074,33.038948,53.34148279825846,121.18381563822427
Kampala,1990-09,11573.29113153154,0.4988173897120534,19.0,0.0720095219202539,0.927990478079746,0.5011826102879465,1.0000305189751728,3.000045778462759,0.3152,32.5816,0.300000000000001,32.60000000000005,0.0053066113,0.00075732917,-0.003707911,291.47437,1.0,0.000173226,294.25977,294.80664,294.79224,294.72974,294.64136,0.3960266,0.3901825,0.35849,0.37219238,88303.625,293.90698,0.1370697,0.17726994,83.33453,-52.76068,81.11966069539388,104.54128583272298
Kampala,1990-10,11573.29113153154,0.4988173897120534,19.0,0.0720095219202539,0.927990478079746,0.5011826102879465,1.0000305189751728,3.000045778462759,0.3152,32.5816,0.300000000000001,32.60000000000005,0.0048520407,0.00078774244,-0.0036190944,291.87378,1.0,0.00018309057,294.50415,295.03955,295.01978,294.95215,294.75073,0.39645386,0.39450073,0.38352966,0.3727417,88238.75,294.11597,0.36838055,-0.07946491,112.22485,-48.693542,106.53671010335286,92.82256889343262
Kampala,1990-11,11573.29113153154,0.4988173897120534,19.0,0.0720095219202539,0.927990478079746,0.5011826102879465,1.0000305189751728,3.000045778462759,0.3152,32.5816,0.300000000000001,32.60000000000005,0.006005731,0.001411438,-0.0036170483,292.10718,1.0,0.00019316375,294.64526,295.11206,295.0681,294.92896,294.81665,0.40722656,0.40776062,0.4045105,0.38505554,88202.94,294.3462,0.27324772,0.80587006,95.785965,-77.76433,97.11511739095052,75.22830009460449
Kampala,1990-12,11573.29113153154,0.4988173897120534,19.0,0.0720095219202539,0.927990478079746,0.5011826102879465,1.0000305189751728,3.000045778462759,0.3152,32.5816,0.300000000000001,32.60000000000005,0.006252083,0.0030049644,-0.0034515616,291.56494,1.0,0.00021936,294.094,294.62964,294.65552,294.72412,294.83716,0.40112305,0.4031067,0.40982056,0.4063263,88189.375,294.0149,0.5293789,0.90502167,138.74919,20.390862,115.586669921875,98.35316530863444
Kampala,1991-01,11573.29113153154,0.4988173897120534,19.0,0.0720095219202539,0.927990478079746,0.5011826102879465,1.0000305189751728,3.000045778462759,0.3152,32.5816,0.300000000000001,32.60000000000005,0.004731342,0.0016407669,-0.0036245547,291.8838,1.0,0.00016884506,294.83862,295.33472,295.27686,295.12695,294.85767,0.3922119,0.38987732,0.38316345,0.40438843,88230.25,294.41577,0.26155853,0.4245901,58.944786,-19.218048,97.82664744059244,102.18167877197266
Kampala,1991-02,11573.29113153154,0.4988173897120534,19.0,0.0720095219202539,0.927990478079746,0.5011826102879465,1.0000305189751728,3.000045778462759,0.3152,32.5816,0.300000000000001,32.60000000000005,0.005129957,0.0013646185,-0.0041397884,292.1687,1.0,0.00012381375,295.34058,295.89355,295.82544,295.60474,295.1245,0.39620972,0.39492798,0.38362122,0.39630127,88215.31,295.06616,0.27974796,1.2306004,69.863495,6.4225616,89.18582407633464,93.15047073364258
Kampala,1991-03,11573.29113153154,0.4988173897120534,19.0,0.0720095219202539,0.927990478079746,0.5011826102879465,1.0000305189751728,3.000045778462759,0.3152,32.5816,0.300000000000001,32.60000000000005,0.007972037,0.0030471683,-0.003927622,292.32397,1.0,0.00017298758,295.43286,295.99512,295.96582,295.82837,295.38892,0.40107727,0.40148926,0.40171814,0.39616394,88128.19,295.17773,0.49355507,1.0614052,143.14032,-2.7676392,90.64953358968098,103.118101755778
Kampala,1991-04,11573.29113153154,0.4988173897120534,19.0,0.0720095219202539,0.927990478079746,0.5011826102879465,1.0000305189751728,3.000045778462759,0.3152,32.5816,0.300000000000001,32.60000000000005,0.009101588,0.004947439,-0.0032799062,292.04834,1.0,0.0002399534,294.2815,294.8296,294.8943,295.09692,295.4458,0.41775513,0.4197693,0.42236328,0.4176178,88209.56,294.11108,0.17887402,1.4214096,248.42345,64.83278,153.80908711751303,125.81786727905272
Kampala,1991-05,11573.29113153154,0.4988173897120534,19.0,0.0720095219202539,0.927990478079746,0.5011826102879465,1.0000305189751728,3.000045778462759,0.3152,32.5816,0.300000000000001,32.60000000000005,0.008983439,0.0062378496,-0.003171457,292.07202,1.0,0.00029341877,294.17017,294.6631,294.71216,294.8672,295.20752,0.41796875,0.41966248,0.4207306,0.42453003,88271.5,294.05273,0.24490833,1.3931894,169.49017,25.217636,187.01797993977863,138.10190200805664
Kampala,1991-06,11573.29113153154,0.4988173897120534,19.0,0.0720095219202539,0.927990478079746,0.5011826102879465,1.0000305189751728,3.000045778462759,0.3152,32.5816,0.300000000000001,32.60000000000005,0.005131123,0.0031662434,-0.0033578407,291.88525,1.0,0.00017364323,294.39185,294.9131,294.94067,294.99707,295.0747,0.40441895,0.4046173,0.4005432,0.4167328,88356.31,294.19092,-0.002465248,0.62726116,54.683086,-17.071987,157.5322354634603,124.09088452657063
Kampala,1991-07,11573.29113153154,0.4988173897120534,19.0,0.0720095219202539,0.927990478079746,0.5011826102879465,1.0000305189751728,3.000045778462759,0.3152,32.5816,0.300000000000001,32.60000000000005,0.003496344,0.0016732216,-0.0035319002,290.19507,1.0,0.00012525916,293.61133,294.229,294.30518,294.52075,294.91284,0.38311768,0.38284302,0.38728333,0.40731812,88442.69,293.46704,0.013409615,1.1266489,48.44096,-10.66024,90.87140655517578,122.3402468363444
Kampala,1991-08,11573.29113153154,0.4988173897120534,19.0,0.0720095219202539,0.927990478079746,0.5011826102879465,1.0000305189751728,3.000045778462759,0.3152,32.5816,0.300000000000001,32.60000000000005,0.0031909244,0.0010539293,-0.0035121674,291.04175,1.0,0.00015565753,293.8684,294.4297,294.42993,294.46875,294.6897,0.37931824,0.3751526,0.36419678,0.3963318,88427.81,293.52026,-0.046873093,-0.3831644,100.10219,9.090393,67.74207814534505,127.38002904256184
Kampala,1991-09,11573.29113153154,0.4988173897120534,19.0,0.0720095219202539,0.927990478079746,0.5011826102879465,1.0000305189751728,3.000045778462759,0.3152,32.5816,0.300000000000001,32.60000000000005,0.0029171624,0.0007768348,-0.003679309,291.55176,1.0,0.00011847913,294.65088,295.16504,295.0818,294.87402,294.6626,0.36050415,0.3572693,0.3513794,0.3868103,88319.75,294.2329,0.052419662,-0.05893135,123.95559,-12.139626,90.83291244506836,124.18257395426431
Kampala,1991-10,11573.29113153154,0.4988173897120534,19.0,0.0720095219202539,0.927990478079746,0.5011826102879465,1.0000305189751728,3.000045778462759,0.3152,32.5816,0.300000000000001,32.60000000000005,0.0065141795,0.0010440946,-0.0034989305,291.23218,1.0,0.0002478063,293.80664,294.4297,294.50806,294.69702,294.79663,0.39709473,0.39204407,0.37010193,0.3798828,88229.5,293.43115,0.3746376,-0.07341385,165.15225,4.233856,129.73667653401694,110.30404154459636
Kampala,1991-11,11573.29113153154,0.4988173897120534,19.0,0.0720095219202539,0.927990478079746,0.5011826102879465,1.0000305189751728,3.000045778462759,0.3152,32.5816,0.300000000000001,32.60000000000005,0.005807422,0.001514323,-0.0034264196,291.75977,1.0,0.00021472573,294.10962,294.58838,294.5747,294.55933,294.65576,0.41142273,0.41235352,0.40942383,0.3935089,88242.125,293.73193,0.2831707,0.3937559,126.71985,-46.830444,138.6092300415039,103.17565409342448
Kampala,1991-12,11573.29113153154,0.4988173897120534,19.0,0.0720095219202539,0.927990478079746,0.5011826102879465,1.0000305189751728,3.000045778462759,0.3152,32.5816,0.300000000000001,32.60000000000005,0.003483605,0.001445692,-0.0036215615,291.38208,1.0,0.00017131865,294.41992,294.91626,294.88452,294.7859,294.66797,0.39416504,0.3943329,0.39689636,0.40264893,88214.75,294.27588,0.21882534,0.25314426,77.292336,-41.065994,123.05481211344402,106.94386227925618
Kampala,1992-01,11573.29113153154,0.4988173897120534,19.0,0.0720095219202539,0.927990478079746,0.5011826102879465,1.0000305189751728,3.000045778462759,0.3152,32.5816,0.300000000000001,32.60000000000005,0.0025190106,0.0008897558,-0.0037712129,291.0835,1.0,8.544326e-05,294.7732,295.26636,295.1997,295.01465,294.76172,0.35243225,0.34490967,0.35263062,0.39344788,88214.375,294.75146,0.21499252,0.6953392,64.49349,-13.669342,89.50189208984375,109.61928431193034
Kampala,1992-02,11573.29113153154,0.4988173897120534,19.0,0.0720095219202539,0.927990478079746,0.5011826102879465,1.0000305189751728,3.000045778462759,0.3152,32.5816,0.300000000000001,32.60000000000005,0.0040301615,0.0006874949,-0.0041316478,291.31445,1.0,0.00012649596,295.32007,295.8474,295.75977,295.47974,295.00098,0.37376404,0.3648224,0.33874512,0.3818817,88244.375,295.20142,0.07587242,0.73107624,38.06084,-25.380093,59.9488894144694,99.27905972798663
Kampala,1992-03,11573.29113153154,0.4988173897120534,19.0,0.0720095219202539,0.927990478079746,0.5011826102879465,1.0000305189751728,3.000045778462759,0.3152,32.5816,0.300000000000001,32.60000000000005,0.0040156436,0.0005464554,-0.0042205947,292.22095,1.0,0.00013265014,296.1665,296.71533,296.61084,296.21948,295.41235,0.36146545,0.35327148,0.33602905,0.37297058,88129.0,295.9004,0.47808552,1.2005234,79.16041,-66.74755,60.571580251057945,91.81319618225098
Kampala,1992-04,11573.29113153154,0.4988173897120534,19.0,0.0720095219202539,0.927990478079746,0.5011826102879465,1.0000305189751728,3.000045778462759,0.3152,32.5816,0.300000000000001,32.60000000000005,0.0064268587,0.0011033565,-0.0035564452,292.3308,1.0,0.00018557906,295.0127,295.58008,295.62427,295.73682,295.69604,0.39569092,0.3921051,0.3683777,0.3684845,88191.81,294.8557,0.45891476,1.5256042,142.91846,-40.67221,86.71323521931966,88.10756365458171
Kampala,1992-05,11573.29113153154,0.4988173897120534,19.0,0.0720095219202539,0.927990478079746,0.5011826102879465,1.0000305189751728,3.000045778462759,0.3152,32.5816,0.300000000000001,32.60000000000005,0.0058426964,0.0013997406,-0.0035273908,291.74658,1.0,0.00018948317,294.34155,294.92456,295.00195,295.22534,295.58447,0.40899658,0.41004944,0.40782166,0.38508606,88271.06,294.3501,0.10815716,1.8394032,136.7954,-7.4771423,119.62475331624348,89.78682136535645
Kampala,1992-06,11573.29113153154,0.4988173897120534,19.0,0.0720095219202539,0.927990478079746,0.5011826102879465,1.0000305189751728,3.000045778462759,0.3152,32.5816,0.300000000000001,32.60000000000005,0.005260449,0.0016961247,-0.003180625,291.43066,1.0,0.00022220612,293.79956,294.3828,294.489,294.8059,295.3125,0.40597534,0.4059906,0.4039917,0.39671326,88358.69,293.56543,0.09540081,0.606267,96.613976,24.858902,125.44260915120442,93.00709470113118
Kampala,1992-07,11573.29113153154,0.4988173897120534,19.0,0.0720095219202539,0.927990478079746,0.5011826102879465,1.0000305189751728,3.000045778462759,0.3152,32.5816,0.300000000000001,32.60000000000005,0.0031048476,0.0013452321,-0.003257839,290.27393,1.0,0.00012002885,293.20557,293.79663,293.88892,294.17505,294.88452,0.3865204,0.38789368,0.3949585,0.39987183,88448.25,293.02393,-0.03850937,0.42231846,72.46803,13.366833,101.95913441975912,94.33618481953938
Kampala,1992-08,11573.29113153154,0.4988173897120534,19.0,0.0720095219202539,0.927990478079746,0.5011826102879465,1.0000305189751728,3.000045778462759,0.3152,32.5816,0.300000000000001,32.60000000000005,0.0024170196,0.0008511394,-0.0035789795,290.22974,1.0,0.00010845065,293.74414,294.33423,294.3369,294.3584,294.56372,0.35256958,0.34762573,0.354599,0.39193726,88426.56,293.39478,-0.060112,0.33744812,34.407703,-56.60409,67.82990392049153,93.72732861836752
Kampala,1992-09,11573.29113153154,0.4988173897120534,19.0,0.0720095219202539,0.927990478079746,0.5011826102879465,1.0000305189751728,3.000045778462759,0.3152,32.5816,0.300000000000001,32.60000000000005,0.0048801573,0.000921458,-0.003445289,291.09082,1.0,0.00015370548,293.76416,294.3225,294.32593,294.36816,294.48242,0.39465332,0.3892517,0.3619995,0.38256836,88248.5,293.40063,0.06904411,0.0833168,105.41432,-30.680893,70.76335271199544,98.10298093159992
Kampala,1992-10,11573.29113153154,0.4988173897120534,19.0,0.0720095219202539,0.927990478079746,0.5011826102879465,1.0000305189751728,3.000045778462759,0.3152,32.5816,0.300000000000001,32.60000000000005,0.0048072943,0.0008197874,-0.003663307,291.6194,1.0,0.00021860003,294.28027,294.8225,294.78174,294.65723,294.4944,0.40083313,0.3988037,0.3870697,0.38067627,88250.875,293.7517,0.22229576,-0.7558603,145.55807,-15.360321,95.12670008341472,98.54291725158691
Kampala,1992-11,11573.29113153154,0.4988173897120534,19.0,0.0720095219202539,0.927990478079746,0.5011826102879465,1.0000305189751728,3.000045778462759,0.3152,32.5816,0.300000000000001,32.60000000000005,0.005620681,0.0013049394,-0.0034901705,291.51416,1.0,0.00021272898,294.0669,294.61377,294.63525,294.656,294.59277,0.4061737,0.4059906,0.4038391,0.3899536,88199.625,293.66235,0.3477335,0.23235607,127.29942,-46.25087,126.09060668945312,96.96025530497234
Kampala,1992-12,11573.29113153154,0.4988173897120534,19.0,0.0720095219202539,0.927990478079746,0.5011826102879465,1.0000305189751728,3.000045778462759,0.3152,32.5816,0.300000000000001,32.60000000000005,0.005316204,0.0017872117,-0.0032274611,291.4724,1.0,0.00019043684,294.0381,294.49634,294.48706,294.50903,294.57568,0.40852356,0.41026306,0.40971375,0.40151978,88241.31,293.7202,0.24287319,0.047558784,140.99284,22.634514,137.95011393229166,104.35673332214355
Kampala,1993-01,11573.29113153154,0.4988173897120534,19.0,0.0720095219202539,0.927990478079746,0.5011826102879465,1.0000305189751728,3.000045778462759,0.3152,32.5816,0.300000000000001,32.60000000000005,0.0046246774,0.0017768741,-0.004087925,290.61646,1.0,0.00013099611,294.60303,295.13086,295.06738,294.88257,294.63965,0.37483215,0.37704468,0.38809204,0.40338135,88247.31,294.54663,0.24734783,-0.031841278,56.863365,-21.299469,108.38521067301431,101.75595537821452
Kampala,1993-02,11573.29113153154,0.4988173897120534,19.0,0.0720095219202539,0.927990478079746,0.5011826102879465,1.0000305189751728,3.000045778462759,0.3152,32.5816,0.300000000000001,32.60000000000005,0.0033104338,0.0010945648,-0.0040210458,291.21484,1.0,9.596348e-05,295.0,295.5254,295.4441,295.21118,294.8208,0.37347412,0.37052917,0.37649536,0.3956604,88189.06,294.7229,0.0980072,0.50431633,61.65637,-1.784565,86.50419235229492,106.29739952087402
Kampala,1993-03,11573.29113153154,0.4988173897120534,19.0,0.0720095219202539,0.927990478079746,0.5011826102879465,1.0000305189751728,3.000045778462759,0.3152,32.5816,0.300000000000001,32.60000000000005,0.005876364,0.0014178455,-0.0041406304,291.73706,1.0,0.00013534725,295.12866,295.71924,295.67822,295.52344,295.11353,0.39065552,0.38809204,0.3718567,0.38781738,88210.94,294.90527,0.28637695,1.5911074,149.46904,3.561081,89.32959111531575,113.63985252380373
Kampala,1993-04,11573.29113153154,0.4988173897120534,19.0,0.0720095219202539,0.927990478079746,0.5011826102879465,1.0000305189751728,3.000045778462759,0.3152,32.5816,0.300000000000001,32.60000000000005,0.005724035,0.0014969781,-0.0034157764,292.15625,1.0,0.00017730892,294.7185,295.25146,295.2854,295.3369,295.27222,0.40544128,0.40525818,0.3988495,0.3889923,88175.0,294.53882,0.47933483,1.0595407,153.18956,-30.401108,121.43832270304362,114.91176668802898
Kampala,1993-05,11573.29113153154,0.4988173897120534,19.0,0.0720095219202539,0.927990478079746,0.5011826102879465,1.0000305189751728,3.000045778462759,0.3152,32.5816,0.300000000000001,32.60000000000005,0.0056072045,0.0020548105,-0.0032411534,292.1316,1.0,0.0002180636,294.4038,294.90845,294.94238,295.02637,295.2063,0.41111755,0.412323,0.41122437,0.40222168,88267.875,294.2002,-0.036622047,0.9538698,170.0853,25.81276,157.581298828125,122.04274559020996
Kampala,1993-06,11573.29113153154,0.4988173897120534,19.0,0.0720095219202539,0.927990478079746,0.5011826102879465,1.0000305189751728,3.000045778462759,0.3152,32.5816,0.300000000000001,32.60000000000005,0.0043727783,0.0016624779,-0.0034358567,291.44263,1.0,0.00018565357,294.03052,294.6162,294.6858,294.8684,295.08325,0.40065002,0.40022278,0.39631653,0.40444946,88416.375,293.8108,-0.0021677017,0.5737505,88.98914,17.23407,137.42133331298828,113.37546221415202
Kampala,1993-07,11573.29113153154,0.4988173897120534,19.0,0.0720095219202539,0.927990478079746,0.5011826102879465,1.0000305189751728,3.000045778462759,0.3152,32.5816,0.300000000000001,32.60000000000005,0.0015330686,0.0010261536,-0.0034349272,290.08936,1.0,6.134808e-05,293.6714,294.25903,294.3042,294.46533,294.8589,0.35391235,0.3558197,0.37057495,0.39775085,88411.625,293.48462,0.018665314,0.76300716,19.212387,-39.888813,92.76227569580078,107.1002991994222
Kampala,1993-08,11573.29113153154,0.4988173897120534,19.0,0.0720095219202539,0.927990478079746,0.5011826102879465,1.0000305189751728,3.000045778462759,0.3152,32.5816,0.300000000000001,32.60000000000005,0.004397939,0.00078088045,-0.0035503851,290.86963,1.0,0.00014543533,293.80396,294.3982,294.4309,294.52954,294.69214,0.3781891,0.36723328,0.34588623,0.386261,88417.625,293.5254,0.010417938,0.12516117,41.20459,-49.807205,49.802040100097656,103.69166946411131
Kampala,1993-09,11573.29113153154,0.4988173897120534,19.0,0.0720095219202539,0.927990478079746,0.5011826102879465,1.0000305189751728,3.000045778462759,0.3152,32.5816,0.300000000000001,32.60000000000005,0.004594691,0.0008870065,-0.0037580123,291.35596,1.0,0.00014661252,294.22852,294.7649,294.7102,294.56787,294.58716,0.39282227,0.39024353,0.37402344,0.3801117,88292.25,293.87866,0.13519287,-0.16173172,160.00261,23.907394,73.4731953938802,105.44726435343424
Kampala,1993-10,11573.29113153154,0.4988173897120534,19.0,0.0720095219202539,0.927990478079746,0.5011826102879465,1.0000305189751728,3.000045778462759,0.3152,32.5816,0.300000000000001,32.60000000000005,0.004949654,0.000904046,-0.0037255017,291.96655,1.0,0.00017178059,294.64795,295.18237,295.13013,294.97705,294.7036,0.3970337,0.3942871,0.38119507,0.37794495,88241.44,294.23633,0.32082367,-0.08011341,125.58473,-35.333664,108.93064371744792,100.84645970662434
Kampala,1993-11,11573.29113153154,0.4988173897120534,19.0,0.0720095219202539,0.927990478079746,0.5011826102879465,1.0000305189751728,3.000045778462759,0.3152,32.5816,0.300000000000001,32.60000000000005,0.00642875,0.0015335009,-0.0036697919,291.96997,1.0,0.00021594763,294.59546,295.13037,295.1233,295.05835,294.85425,0.4080963,0.4093628,0.40516663,0.38742065,88151.625,294.24756,0.4497242,0.120856285,84.20424,-89.346054,123.26386006673177,86.53295008341472
Kampala,1993-12,11573.29113153154,0.4988173897120534,19.0,0.0720095219202539,0.927990478079746,0.5011826102879465,1.0000305189751728,3.000045778462759,0.3152,32.5816,0.300000000000001,32.60000000000005,0.0037077242,0.0014108941,-0.0037339563,292.02515,1.0,0.00015038252,295.16772,295.63892,295.54053,295.29785,294.99146,0.39413452,0.39648438,0.40292358,0.39935303,88184.5,294.7444,0.49390125,0.4065447,49.01972,-69.33861,86.26956303914388,79.87137921651204
Kampala,1994-01,11573.29113153154,0.4988173897120534,19.0,0.0720095219202539,0.927990478079746,0.5011826102879465,1.0000305189751728,3.000045778462759,0.3152,32.5816,0.300000000000001,32.60000000000005,0.0044501876,0.0012146384,-0.004002533,291.79736,1.0,0.00011780858,295.1797,295.76025,295.7268,295.636,295.2793,0.38290405,0.3801117,0.3730774,0.3946991,88118.19,294.89038,0.4867878,1.382268,36.53417,-41.628666,56.58604176839193,82.75834274291992
Kampala,1994-02,11573.29113153154,0.4988173897120534,19.0,0.0720095219202539,0.927990478079746,0.5011826102879465,1.0000305189751728,3.000045778462759,0.3152,32.5816,0.300000000000001,32.60000000000005,0.003985001,0.0008587539,-0.0042704493,291.34863,1.0,9.9122524e-05,295.50415,296.12598,296.1018,295.93164,295.50708,0.36854553,0.36372375,0.3551941,0.38650513,88155.875,295.3015,0.3626032,1.5067129,81.5441,18.103165,55.69932810465495,89.48159408569336
Kampala,1994-03,11573.29113153154,0.4988173897120534,19.0,0.0720095219202539,0.927990478079746,0.5011826102879465,1.0000305189751728,3.000045778462759,0.3152,32.5816,0.300000000000001,32.60000000000005,0.005646126,0.0010055527,-0.003935763,292.05103,1.0,0.00016327202,294.90112,295.49292,295.4978,295.5547,295.61475,0.4033966,0.4018097,0.38427734,0.381958,88209.56,294.65967,0.22679996,1.3538523,126.6331,-19.274857,81.57045618693034,83.92000961303711
Kampala,1994-04,11573.29113153154,0.4988173897120534,19.0,0.0720095219202539,0.927990478079746,0.5011826102879465,1.0000305189751728,3.000045778462759,0.3152,32.5816,0.300000000000001,32.60000000000005,0.006206193,0.0014318824,-0.0036850618,291.97437,1.0,0.00017048419,294.72583,295.30347,295.34668,295.4402,295.57642,0.4060974,0.40646362,0.40238953,0.38868713,88181.5,294.65283,0.23966885,1.8313684,175.18813,-8.402542,127.78844197591144,92.18724187215167
Kampala,1994-05,11573.29113153154,0.4988173897120534,19.0,0.0720095219202539,0.927990478079746,0.5011826102879465,1.0000305189751728,3.000045778462759,0.3152,32.5816,0.300000000000001,32.60000000000005,0.008196411,0.0037685111,-0.003493948,291.82642,1.0,0.0002747476,294.16943,294.739,294.80566,294.98657,295.36133,0.41629028,0.4176941,0.41836548,0.41203308,88333.31,294.0122,-0.07374096,1.2588377,179.34479,35.07225,160.388671875,108.04399998982748
Kampala,1994-06,11573.29113153154,0.4988173897120534,19.0,0.0720095219202539,0.927990478079746,0.5011826102879465,1.0000305189751728,3.000045778462759,0.3152,32.5816,0.300000000000001,32.60000000000005,0.003186885,0.0021543056,-0.0033982592,291.1145,1.0,0.00012518466,293.99268,294.56055,294.6211,294.8235,295.14673,0.39068604,0.39059448,0.39105225,0.41236877,88360.25,293.8269,-0.05795288,0.4253893,60.892742,-10.862331,138.47521845499674,110.02283732096356
Kampala,1994-07,11573.29113153154,0.4988173897120534,19.0,0.0720095219202539,0.927990478079746,0.5011826102879465,1.0000305189751728,3.000045778462759,0.3152,32.5816,0.300000000000001,32.60000000000005,0.003963974,0.0014197677,-0.0032949606,290.6682,1.0,0.0001552254,293.51147,294.11328,294.19873,294.4265,294.87695,0.39134216,0.39108276,0.3857727,0.40208435,88407.125,293.2124,-0.16039658,0.41818237,92.42725,33.326054,110.88826115926106,119.33835156758626
Kampala,1994-08,11573.29113153154,0.4988173897120534,19.0,0.0720095219202539,0.927990478079746,0.5011826102879465,1.0000305189751728,3.000045778462759,0.3152,32.5816,0.300000000000001,32.60000000000005,0.0042643393,0.0010560006,-0.003546686,290.61792,1.0,0.00016014278,293.63696,294.2317,294.2578,294.35693,294.6316,0.37548828,0.37005615,0.36354065,0.39337158,88352.0,293.41357,-0.13249779,-0.080779076,82.80579,-8.206001,78.70859654744466,119.54863421122234
Kampala,1994-09,11573.29113153154,0.4988173897120534,19.0,0.0720095219202539,0.927990478079746,0.5011826102879465,1.0000305189751728,3.000045778462759,0.3152,32.5816,0.300000000000001,32.60000000000005,0.0049570818,0.0012297407,-0.003784541,291.6172,1.0,0.0001694262,294.49072,295.011,294.92285,294.6975,294.55957,0.3998413,0.39953613,0.39056396,0.38864136,88298.56,294.136,0.15041828,-0.12486744,167.94165,31.846436,114.39156595865886,126.4333922068278
Kampala,1994-10,11573.29113153154,0.4988173897120534,19.0,0.0720095219202539,0.927990478079746,0.5011826102879465,1.0000305189751728,3.000045778462759,0.3152,32.5816,0.300000000000001,32.60000000000005,0.006734345,0.0018984675,-0.003543152,291.68872,1.0,0.00020360947,294.313,294.88696,294.91675,294.93042,294.73413,0.40568542,0.40519714,0.39883423,0.39013672,88191.44,293.8015,0.5233803,-0.19381523,215.64716,54.72876,155.4648666381836,133.17656389872232
Kampala,1994-11,11573.29113153154,0.4988173897120534,19.0,0.0720095219202539,0.927990478079746,0.5011826102879465,1.0000305189751728,3.000045778462759,0.3152,32.5816,0.300000000000001,32.60000000000005,0.0069291843,0.0034060031,-0.0032688663,291.46143,1.0,0.00029300153,293.89868,294.42188,294.44995,294.52686,294.6931,0.4116974,0.41278076,0.41592407,0.41403198,88237.625,293.52197,0.408453,-0.26082993,237.94882,64.39853,207.17920939127603,142.94390296936035
Kampala,1994-12,11573.29113153154,0.4988173897120534,19.0,0.0720095219202539,0.927990478079746,0.5011826102879465,1.0000305189751728,3.000045778462759,0.3152,32.5816,0.300000000000001,32.60000000000005,0.0058971928,0.0032043308,-0.003674931,291.56396,1.0,0.00020512938,294.5398,295.00464,294.92944,294.78418,294.6753,0.40553284,0.40737915,0.40950012,0.4152527,88265.81,294.27222,0.44979858,0.4948387,118.46232,0.10398865,190.68609873453772,152.5388323465983
Kampala,1995-01,11573.29113153154,0.4988173897120534,19.0,0.0720095219202539,0.927990478079746,0.5011826102879465,1.0000305189751728,3.000045778462759,0.3152,32.5816,0.300000000000001,32.60000000000005,0.003145277,0.001491271,-0.0039862385,291.39697,1.0,0.000104650855,295.00366,295.52173,295.46338,295.26196,294.86963,0.3692932,0.3665619,0.37184143,0.40568542,88239.75,294.9817,0.1732912,0.9668579,47.20652,-30.956314,134.53922017415366,145.0020434061686
Kampala,1995-02,11573.29113153154,0.4988173897120534,19.0,0.0720095219202539,0.927990478079746,0.5011826102879465,1.0000305189751728,3.000045778462759,0.3152,32.5816,0.300000000000001,32.60000000000005,0.004678776,0.0011450201,-0.003886016,291.55518,1.0,0.00013497472,294.9944,295.5525,295.5266,295.41992,295.11206,0.3830719,0.3774109,0.35482788,0.39241028,88235.19,294.81885,0.5095959,1.1840487,56.24658,-7.194355,73.97180557250977,140.5755074818929
Kampala,1995-03,11573.29113153154,0.4988173897120534,19.0,0.0720095219202539,0.927990478079746,0.5011826102879465,1.0000305189751728,3.000045778462759,0.3152,32.5816,0.300000000000001,32.60000000000005,0.0068423813,0.0017861798,-0.0039472887,291.98047,1.0,0.00017282367,295.1543,295.69092,295.64478,295.51392,295.2461,0.4032135,0.4037323,0.39711,0.39093018,88170.44,294.9187,0.2932644,1.5300264,194.8347,48.926743,99.42926661173504,145.05768267313638
Kampala,1995-04,11573.29113153154,0.4988173897120534,19.0,0.0720095219202539,0.927990478079746,0.5011826102879465,1.0000305189751728,3.000045778462759,0.3152,32.5816,0.300000000000001,32.60000000000005,0.00831533,0.0031962842,-0.0035531493,292.26978,1.0,0.00022235513,294.80298,295.35327,295.39404,295.448,295.4021,0.4129486,0.41415405,0.41477966,0.4058075,88118.75,294.63965,0.4035082,1.5485868,233.44298,49.85231,161.50808588663736,148.0236530303955
Kampala,1995-05,11573.29113153154,0.4988173897120534,19.0,0.0720095219202539,0.927990478079746,0.5011826102879465,1.0000305189751728,3.000045778462759,0.3152,32.5816,0.300000000000001,32.60000000000005,0.0065256003,0.0034778565,-0.0038367761,291.85083,1.0,0.0002322495,294.5376,295.1211,295.14526,295.21045,295.32422,0.411438,0.4127655,0.41410828,0.417984,88273.875,294.49683,0.0021095276,2.356123,220.02972,75.75719,216.1024678548177,145.03713671366373
Kampala,1995-06,11573.29113153154,0.4988173897120534,19.0,0.0720095219202539,0.927990478079746,0.5011826102879465,1.0000305189751728,3.000045778462759,0.3152,32.5816,0.300000000000001,32.60000000000005,0.0039028833,0.002198875,-0.0034501338,291.60645,1.0,0.00014801323,294.30103,294.85303,294.88916,295.01147,295.22388,0.3950348,0.39512634,0.39723206,0.41210938,88328.81,294.20288,0.097727776,0.6871805,72.61797,0.8628998,175.36355845133463,137.39641253153482
Kampala,1995-07,11573.29113153154,0.4988173897120534,19.0,0.0720095219202539,0.927990478079746,0.5011826102879465,1.0000305189751728,3.000045778462759,0.3152,32.5816,0.300000000000001,32.60000000000005,0.0038858594,0.001356259,-0.003426956,290.67944,1.0,0.00011757016,293.58228,294.19043,294.28027,294.54224,295.01782,0.38708496,0.38487244,0.37483215,0.40118408,88282.06,293.40332,-0.15000916,0.5537405,108.76758,49.666378,133.80509185791016,147.65658887227377
Kampala,1995-08,11573.29113153154,0.4988173897120534,19.0,0.0720095219202539,0.927990478079746,0.5011826102879465,1.0000305189751728,3.000045778462759,0.3152,32.5816,0.300000000000001,32.60000000000005,0.0035745052,0.0010752976,-0.0038729142,290.5,1.0,0.000105038285,293.9187,294.5088,294.51123,294.5349,294.75464,0.38278198,0.38102722,0.37338257,0.39297485,88303.375,293.79712,-0.09971714,0.74067974,40.599415,-50.41238,73.99498875935872,145.04872830708825
Kampala,1995-09,11573.29113153154,0.4988173897120534,19.0,0.0720095219202539,0.927990478079746,0.5011826102879465,1.0000305189751728,3.000045778462759,0.3152,32.5816,0.300000000000001,32.60000000000005,0.003848243,0.00082185864,-0.0037891008,291.53564,1.0,0.00014720857,294.6521,295.20044,295.13672,294.95874,294.75684,0.37445068,0.36810303,0.3585968,0.3854065,88318.56,294.22974,0.0401783,-0.1842947,141.3016,5.2063904,96.88953272501628,136.12654558817545
Kampala,1995-10,11573.29113153154,0.4988173897120534,19.0,0.0720095219202539,0.927990478079746,0.5011826102879465,1.0000305189751728,3.000045778462759,0.3152,32.5816,0.300000000000001,32.60000000000005,0.004758912,0.0006882623,-0.0034715412,291.83276,1.0,0.000180915,294.46997,295.00903,295.02368,295.02148,294.8833,0.39775085,0.3937378,0.37252808,0.37973022,88173.56,294.00732,0.39199543,-0.31642723,265.74442,104.82602,149.21514511108398,141.51011848449707
Kampala,1995-11,11573.29113153154,0.4988173897120534,19.0,0.0720095219202539,0.927990478079746,0.5011826102879465,1.0000305189751728,3.000045778462759,0.3152,32.5816,0.300000000000001,32.60000000000005,0.0055085868,0.0012989044,-0.0036539529,291.97437,1.0,0.00023689866,294.563,295.08325,295.04272,294.9729,294.93164,0.4058838,0.40631104,0.40130615,0.384552,88206.81,294.18433,0.29718113,-0.46700478,137.53288,-36.01741,181.52630106608072,127.76064491271973
Kampala,1995-12,11573.29113153154,0.4988173897120534,19.0,0.0720095219202539,0.927990478079746,0.5011826102879465,1.0000305189751728,3.000045778462759,0.3152,32.5816,0.300000000000001,32.60000000000005,0.003640258,0.00090283155,-0.0037480406,291.50098,1.0,0.00016784668,294.55127,295.11523,295.12817,295.12573,295.0083,0.38963318,0.38726807,0.38679504,0.38993835,88256.06,294.2417,0.30080318,-0.04181099,86.062164,-32.296165,163.11315409342447,130.00134340922037
Kampala,1996-01,11573.29113153154,0.4988173897120534,19.0,0.0720095219202539,0.927990478079746,0.5011826102879465,1.0000305189751728,3.000045778462759,0.3152,32.5816,0.300000000000001,32.60000000000005,0.004040282,0.00087247044,-0.0038692579,291.511,1.0,0.00014810264,294.52612,295.08008,295.06128,295.02344,295.02588,0.39094543,0.38876343,0.38009644,0.38616943,88104.375,294.3003,0.2767191,0.9462433,174.35818,96.19535,132.6510772705078,140.9331111907959
Kampala,1996-02,11573.29113153154,0.4988173897120534,19.0,0.0720095219202539,0.927990478079746,0.5011826102879465,1.0000305189751728,3.000045778462759,0.3152,32.5816,0.300000000000001,32.60000000000005,0.0052457917,0.0011571571,-0.0041429084,291.89526,1.0,0.0001360923,295.0327,295.59448,295.5349,295.36963,295.10815,0.39794922,0.39689636,0.3839569,0.38311768,88069.375,294.8745,0.28710747,1.7388115,123.252914,59.81198,127.89108784993488,154.7086944580078
Kampala,1996-03,11573.29113153154,0.4988173897120534,19.0,0.0720095219202539,0.927990478079746,0.5011826102879465,1.0000305189751728,3.000045778462759,0.3152,32.5816,0.300000000000001,32.60000000000005,0.0055542774,0.001072377,-0.0039280728,292.10962,1.0,0.00016607344,295.08765,295.6714,295.67114,295.6194,295.32104,0.4018402,0.39964294,0.38974,0.38301086,88090.19,294.75928,0.42423916,0.91277504,203.4154,57.507446,167.0088348388672,165.06099446614584
Kampala,1996-04,11573.29113153154,0.4988173897120534,19.0,0.0720095219202539,0.927990478079746,0.5011826102879465,1.0000305189751728,3.000045778462759,0.3152,32.5816,0.300000000000001,32.60000000000005,0.007657776,0.002806045,-0.003565587,291.86963,1.0,0.00019152462,294.3899,294.9485,294.9995,295.12207,295.30933,0.41152954,0.41322327,0.41493225,0.40237427,88167.44,294.32007,0.17434788,1.7994204,147.34828,-36.242386,158.00553385416666,145.32830556233725
Kampala,1996-05,11573.29113153154,0.4988173897120534,19.0,0.0720095219202539,0.927990478079746,0.5011826102879465,1.0000305189751728,3.000045778462759,0.3152,32.5816,0.300000000000001,32.60000000000005,0.0074897427,0.003602296,-0.00326435,291.8567,1.0,0.00024294853,293.97632,294.5088,294.59033,294.8181,295.1599,0.41661072,0.4184265,0.41853333,0.4151001,88272.81,293.95654,0.034254074,1.3130035,203.67134,59.398804,184.81167602539065,156.35138193766275
Kampala,1996-06,11573.29113153154,0.4988173897120534,19.0,0.0720095219202539,0.927990478079746,0.5011826102879465,1.0000305189751728,3.000045778462759,0.3152,32.5816,0.300000000000001,32.60000000000005,0.0026702846,0.0022487342,-0.0035647964,290.7893,1.0,0.00012640655,294.04834,294.60205,294.60864,294.6543,294.9165,0.3748932,0.37290955,0.38031006,0.41374207,88353.81,293.83154,-0.08062649,0.4565878,53.324192,-18.430882,134.78127161661783,150.89505322774252
Kampala,1996-07,11573.29113153154,0.4988173897120534,19.0,0.0720095219202539,0.927990478079746,0.5011826102879465,1.0000305189751728,3.000045778462759,0.3152,32.5816,0.300000000000001,32.60000000000005,0.0021270958,0.000979349,-0.0033401558,290.38818,1.0,9.6425414e-05,293.6145,294.19653,294.24365,294.41455,294.75732,0.3612213,0.3587036,0.35125732,0.3965454,88404.06,293.38232,0.024373055,0.28636742,53.251465,-5.8497353,103.41566594441731,130.710599899292
Kampala,1996-08,11573.29113153154,0.4988173897120534,19.0,0.0720095219202539,0.927990478079746,0.5011826102879465,1.0000305189751728,3.000045778462759,0.3152,32.5816,0.300000000000001,32.60000000000005,0.0030749503,0.000600785,-0.0035013473,290.60376,1.0,0.00013333559,294.1748,294.78857,294.76782,294.70776,294.65527,0.3099823,0.30174255,0.3191223,0.38230896,88330.94,293.78613,-0.01020813,-0.3421917,99.88568,8.873886,68.8204460144043,126.81606101989746
Kampala,1996-09,11573.29113153154,0.4988173897120534,19.0,0.0720095219202539,0.927990478079746,0.5011826102879465,1.0000305189751728,3.000045778462759,0.3152,32.5816,0.300000000000001,32.60000000000005,0.0046054954,0.00055375695,-0.0036692778,291.42554,1.0,0.00017113984,294.23413,294.7976,294.76953,294.698,294.66138,0.38731384,0.38124084,0.3476715,0.37245178,88231.25,293.8369,0.09384155,-0.4980774,165.16011,29.064896,106.09908548990886,120.44017855326337
Kampala,1996-10,11573.29113153154,0.4988173897120534,19.0,0.0720095219202539,0.927990478079746,0.5011826102879465,1.0000305189751728,3.000045778462759,0.3152,32.5816,0.300000000000001,32.60000000000005,0.0057089827,0.0010835975,-0.0035974775,291.56494,1.0,0.00017648935,294.19678,294.7417,294.73096,294.7024,294.68262,0.40122986,0.40037537,0.38682556,0.37268066,88210.25,293.85718,0.45203114,-0.12445831,138.98615,-21.932251,134.67731221516928,119.04648907979328
Kampala,1996-11,11573.29113153154,0.4988173897120534,19.0,0.0720095219202539,0.927990478079746,0.5011826102879465,1.0000305189751728,3.000045778462759,0.3152,32.5816,0.300000000000001,32.60000000000005,0.007306538,0.0018615052,-0.0034675589,291.69946,1.0,0.00024013221,294.2539,294.81885,294.854,294.91333,294.7732,0.41218567,0.41305542,0.40812683,0.3857727,88156.56,293.8186,0.51346207,-0.34668922,158.23851,-15.311783,154.12825520833334,111.47435061136882
Kampala,1996-12,11573.29113153154,0.4988173897120534,19.0,0.0720095219202539,0.927990478079746,0.5011826102879465,1.0000305189751728,3.000045778462759,0.3152,32.5816,0.300000000000001,32.60000000000005,0.0034119457,0.0014020726,-0.0037600957,291.52954,1.0,0.00014683604,294.5205,295.02026,294.95483,294.812,294.78784,0.3908081,0.39076233,0.39331055,0.401474,88198.69,294.24878,0.50329113,0.39006805,101.65053,-16.707802,132.9583943684896,119.52873992919922
Kampala,1997-01,11573.29113153154,0.4988173897120534,19.0,0.0720095219202539,0.927990478079746,0.5011826102879465,1.0000305189751728,3.000045778462759,0.3152,32.5816,0.300000000000001,32.60000000000005,0.0038302445,0.0012464114,-0.003854446,290.86523,1.0,0.00011508167,294.51538,295.07104,295.05615,294.98828,294.85986,0.38049316,0.3809662,0.38171387,0.39527893,88162.5,294.42017,0.4960289,0.5044136,123.421745,45.25891,127.77026112874348,131.2237866719564
Kampala,1997-02,11573.29113153154,0.4988173897120534,19.0,0.0720095219202539,0.927990478079746,0.5011826102879465,1.0000305189751728,3.000045778462759,0.3152,32.5816,0.300000000000001,32.60000000000005,0.0021194795,0.00066979975,-0.004233174,290.84375,1.0,5.51641e-05,295.66846,296.23047,296.0835,295.67505,295.05737,0.31892395,0.3083191,0.3373108,0.38607788,88156.625,295.4817,0.19866943,1.0619564,5.5631537,-57.87778,76.87847566604614,115.50336543718974
Kampala,1997-03,11573.29113153154,0.4988173897120534,19.0,0.0720095219202539,0.927990478079746,0.5011826102879465,1.0000305189751728,3.000045778462759,0.3152,32.5816,0.300000000000001,32.60000000000005,0.004044465,0.0005432591,-0.004042376,292.1814,1.0,9.445846e-05,296.1853,296.76196,296.67847,296.35693,295.51562,0.33833313,0.32086182,0.30612183,0.3731079,88081.44,295.84497,0.65721893,1.280837,120.39113,-25.51683,83.12534252802531,108.04186844825745
Kampala,1997-04,11573.29113153154,0.4988173897120534,19.0,0.0720095219202539,0.927990478079746,0.5011826102879465,1.0000305189751728,3.000045778462759,0.3152,32.5816,0.300000000000001,32.60000000000005,0.0083087245,0.001576677,-0.0033153156,291.76636,1.0,0.00027513504,294.0625,294.70557,294.84668,295.23047,295.6609,0.41285706,0.4112854,0.38760376,0.37156677,88262.375,293.89648,0.44175243,0.9511862,265.5305,81.93982,130.4949231147766,129.13259212176004
Kampala,1997-05,11573.29113153154,0.4988173897120534,19.0,0.0720095219202539,0.927990478079746,0.5011826102879465,1.0000305189751728,3.000045778462759,0.3152,32.5816,0.300000000000001,32.60000000000005,0.004643274,0.0014779866,-0.0037784493,291.2754,1.0,0.00018996,294.32104,294.8745,294.8733,294.91846,295.3269,0.39686584,0.3982849,0.40696716,0.396286,88375.625,294.24976,0.18983269,1.885088,144.83434,0.5617981,176.91865030924478,126.89856298764546
Kampala,1997-06,11573.29113153154,0.4988173897120534,19.0,0.0720095219202539,0.927990478079746,0.5011826102879465,1.0000305189751728,3.000045778462759,0.3152,32.5816,0.300000000000001,32.60000000000005,0.003521611,0.0009963587,-0.0037621586,291.01318,1.0,0.00014001131,294.20093,294.82666,294.8855,295.04517,295.20654,0.37475586,0.36767578,0.36410522,0.3948059,88336.875,294.1853,-0.016997337,1.4033699,75.85113,4.096054,162.07198333740234,122.59866293271382
Kampala,1997-07,11573.29113153154,0.4988173897120534,19.0,0.0720095219202539,0.927990478079746,0.5011826102879465,1.0000305189751728,3.000045778462759,0.3152,32.5816,0.300000000000001,32.60000000000005,0.0033475952,0.0009872466,-0.003667418,290.4414,1.0,0.000104919076,293.90723,294.48364,294.49683,294.57715,294.96533,0.3617859,0.36351013,0.37390137,0.3879242,88453.875,293.84717,-0.15382862,0.9047365,69.54886,10.447659,96.7447738647461,113.61984848976137
Kampala,1997-08,11573.29113153154,0.4988173897120534,19.0,0.0720095219202539,0.927990478079746,0.5011826102879465,1.0000305189751728,3.000045778462759,0.3152,32.5816,0.300000000000001,32.60000000000005,0.003552106,0.0005765259,-0.0037891679,291.0691,1.0,0.00012092292,294.53662,295.12378,295.10303,295.04834,294.9182,0.35229492,0.33891296,0.33424377,0.3795929,88439.31,294.29028,-0.22590733,-0.08375645,93.93259,2.9207916,79.77752431233723,128.34808731079102
Kampala,1997-09,11573.29113153154,0.4988173897120534,19.0,0.0720095219202539,0.927990478079746,0.5011826102879465,1.0000305189751728,3.000045778462759,0.3152,32.5816,0.300000000000001,32.60000000000005,0.0030152956,0.00041678548,-0.004130778,291.82202,1.0,0.000103875995,295.5127,296.05566,295.937,295.5559,295.06006,0.35838318,0.35043335,0.33859253,0.3710022,88264.94,295.1797,0.36089897,0.22356033,79.09172,-57.003494,80.85772196451823,121.46485265096028
Kampala,1997-10,11573.29113153154,0.4988173897120534,19.0,0.0720095219202539,0.927990478079746,0.5011826102879465,1.0000305189751728,3.000045778462759,0.3152,32.5816,0.300000000000001,32.60000000000005,0.0072842357,0.0011106804,-0.0036682552,291.92578,1.0,0.00022800267,294.84326,295.41553,295.44922,295.521,295.3579,0.3935852,0.3842926,0.3563385,0.36592102,88252.69,294.45874,0.28663158,0.27279663,269.82794,108.909546,147.61741638183594,122.18109512329102
Kampala,1997-11,11573.29113153154,0.4988173897120534,19.0,0.0720095219202539,0.927990478079746,0.5011826102879465,1.0000305189751728,3.000045778462759,0.3152,32.5816,0.300000000000001,32.60000000000005,0.009479104,0.0031195432,-0.003136843,291.9397,1.0,0.0003683418,294.06274,294.6184,294.70386,294.9568,295.29028,0.41908264,0.42037964,0.4192047,0.39666748,88233.875,293.74658,0.37496948,-0.30239105,349.59033,176.04004,232.836664835612,156.3070945739746
Kampala,1997-12,11573.29113153154,0.4988173897120534,19.0,0.0720095219202539,0.927990478079746,0.5011826102879465,1.0000305189751728,3.000045778462759,0.3152,32.5816,0.300000000000001,32.60000000000005,0.008920555,0.005963236,-0.0033532903,291.7163,1.0,0.0003440082,293.9026,294.43677,294.46948,294.604,294.99536,0.41830444,0.41983032,0.42240906,0.4237976,88299.69,293.646,0.53449726,0.103487015,285.50494,167.1466,301.6410725911458,191.24939727783203
Kampala,1998-01,11573.29113153154,0.4988173897120534,19.0,0.0720095219202539,0.927990478079746,0.5011826102879465,1.0000305189751728,3.000045778462759,0.3152,32.5816,0.300000000000001,32.60000000000005,0.0064552757,0.0040287673,-0.0037037563,291.9485,1.0,0.00023826957,295.09277,295.51953,295.4087,295.09766,294.8877,0.4021454,0.40338135,0.4051056,0.42012024,88249.75,294.81274,0.16326141,0.036348343,189.11255,110.949715,274.73594156901044,211.1766789754232
Kampala,1998-02,11573.29113153154,0.4988173897120534,19.0,0.0720095219202539,0.927990478079746,0.5011826102879465,1.0000305189751728,3.000045778462759,0.3152,32.5816,0.300000000000001,32.60000000000005,0.0056521995,0.0026167035,-0.0041091517,292.67603,1.0,0.00017049909,296.04932,296.5288,296.40015,296.0105,295.24634,0.39401245,0.395401,0.39794922,0.41127014,88344.06,295.85425,0.14342022,1.0512075,83.33276,19.89183,185.9834187825521,209.41004180908203
Kampala,1998-03,11573.29113153154,0.4988173897120534,19.0,0.0720095219202539,0.927990478079746,0.5011826102879465,1.0000305189751728,3.000045778462759,0.3152,32.5816,0.300000000000001,32.60000000000005,0.004360523,0.0014307648,-0.0042897947,293.00757,1.0,0.00012807548,296.62646,297.14062,297.01855,296.63232,295.76953,0.3795166,0.37538147,0.3698883,0.4019928,88188.44,296.31836,0.42278194,1.634512,231.26129,85.35333,167.9022013346354,234.77163696289065
Kampala,1998-04,11573.29113153154,0.4988173897120534,19.0,0.0720095219202539,0.927990478079746,0.5011826102879465,1.0000305189751728,3.000045778462759,0.3152,32.5816,0.300000000000001,32.60000000000005,0.0070522455,0.0018683746,-0.0038432945,292.94336,1.0,0.0002027452,295.56567,296.14575,296.18042,296.2556,296.1311,0.4083557,0.4081726,0.39883423,0.39749146,88251.56,295.54492,0.21676731,2.462944,251.84901,68.25835,188.8143564860026,231.7751490275065
Kampala,1998-05,11573.29113153154,0.4988173897120534,19.0,0.0720095219202539,0.927990478079746,0.5011826102879465,1.0000305189751728,3.000045778462759,0.3152,32.5816,0.300000000000001,32.60000000000005,0.00572849,0.0030607134,-0.0038390728,292.28394,1.0,0.00017897785,295.3413,295.92285,295.94165,295.9751,296.07837,0.3983612,0.39997864,0.40829468,0.41156006,88367.19,295.27246,0.044080734,1.8408842,111.32097,-32.95157,198.14375813802084,192.06358846028647
Kampala,1998-06,11573.29113153154,0.4988173897120534,19.0,0.0720095219202539,0.927990478079746,0.5011826102879465,1.0000305189751728,3.000045778462759,0.3152,32.5816,0.300000000000001,32.60000000000005,0.002339342,0.0012423843,-0.0038064718,290.9497,1.0,0.00011444092,294.698,295.36572,295.45923,295.7168,295.99243,0.3567505,0.35180664,0.35743713,0.40200806,88469.31,294.67188,-0.2357359,1.6861553,56.88186,-14.873215,140.01728057861328,153.95974095662436
Kampala,1998-07,11573.29113153154,0.4988173897120534,19.0,0.0720095219202539,0.927990478079746,0.5011826102879465,1.0000305189751728,3.000045778462759,0.3152,32.5816,0.300000000000001,32.60000000000005,0.0020311754,0.0006518662,-0.003526833,290.03833,1.0,6.210804e-05,294.24512,294.9231,295.01172,295.27344,295.73926,0.30578613,0.29301453,0.31918335,0.3856964,88403.31,294.0857,-0.2383461,1.1070185,10.878564,-48.222637,59.69379711151123,124.25407679875693
Kampala,1998-08,11573.29113153154,0.4988173897120534,19.0,0.0720095219202539,0.927990478079746,0.5011826102879465,1.0000305189751728,3.000045778462759,0.3152,32.5816,0.300000000000001,32.60000000000005,0.0034020154,0.00042283535,-0.0036602914,290.64258,1.0,0.00011961162,294.2473,294.88867,294.93213,295.0708,295.45093,0.3414154,0.32678223,0.30314636,0.37173462,88329.25,293.9641,-0.21226501,0.2866354,76.67472,-14.337074,48.14504782358805,123.14440298080444
Kampala,1998-09,11573.29113153154,0.4988173897120534,19.0,0.0720095219202539,0.927990478079746,0.5011826102879465,1.0000305189751728,3.000045778462759,0.3152,32.5816,0.300000000000001,32.60000000000005,0.004119332,0.0003798902,-0.0037967842,291.4563,1.0,0.00014287233,294.52417,295.115,295.11475,295.15454,295.29712,0.3745575,0.3627472,0.3176422,0.36218262,88297.125,294.12744,-0.032131195,0.18287754,132.87587,-3.219345,73.47638479868571,106.74683268864948
Kampala,1998-10,11573.29113153154,0.4988173897120534,19.0,0.0720095219202539,0.927990478079746,0.5011826102879465,1.0000305189751728,3.000045778462759,0.3152,32.5816,0.300000000000001,32.60000000000005,0.0049014227,0.00049608946,-0.0035680523,291.87134,1.0,0.00016847253,294.69116,295.27368,295.2827,295.26953,295.26978,0.38613892,0.3804016,0.34776306,0.35708618,88275.875,294.15308,0.10825634,-0.65014744,167.86053,6.9421387,125.80370839436848,92.74875275293986
Kampala,1998-11,11573.29113153154,0.4988173897120534,19.0,0.0720095219202539,0.927990478079746,0.5011826102879465,1.0000305189751728,3.000045778462759,0.3152,32.5816,0.300000000000001,32.60000000000005,0.0048516057,0.0007341057,-0.0038825497,291.8838,1.0,0.00018876791,294.75122,295.31396,295.29663,295.2539,295.2478,0.39767456,0.39648438,0.3866577,0.36166382,88188.94,294.3999,0.059588432,0.32997608,95.6109,-77.93939,132.1157684326172,90.13040812810262
Kampala,1998-12,11573.29113153154,0.4988173897120534,19.0,0.0720095219202539,0.927990478079746,0.5011826102879465,1.0000305189751728,3.000045778462759,0.3152,32.5816,0.300000000000001,32.60000000000005,0.002531599,0.00035656244,-0.003995562,291.31934,1.0,0.00010919571,294.86694,295.44922,295.42798,295.38916,295.30225,0.36164856,0.35620117,0.36032104,0.36495972,88187.19,294.61963,0.34824085,0.48572922,42.172577,-76.18575,101.88133748372395,87.67886114120483
Kampala,1999-01,11573.29113153154,0.4988173897120534,19.0,0.0720095219202539,0.927990478079746,0.5011826102879465,1.0000305189751728,3.000045778462759,0.3152,32.5816,0.300000000000001,32.60000000000005,0.0040621874,0.00040922686,-0.003773274,291.49048,1.0,0.00013534725,294.72852,295.2854,295.27075,295.25684,295.31787,0.3738556,0.36573792,0.34822083,0.36082458,88104.69,294.5188,0.21967793,1.0570135,134.04245,55.879616,90.608642578125,108.20617548624676
Kampala,1999-02,11573.29113153154,0.4988173897120534,19.0,0.0720095219202539,0.927990478079746,0.5011826102879465,1.0000305189751728,3.000045778462759,0.3152,32.5816,0.300000000000001,32.60000000000005,0.0013088457,0.00026147813,-0.00440378,290.2798,1.0,3.3780932e-05,296.25195,296.90942,296.75635,296.21143,295.458,0.24899292,0.26391602,0.32130432,0.35614014,88061.31,295.99634,0.10606003,0.9869776,37.715916,-25.725018,71.3103141784668,101.713041305542
Kampala,1999-03,11573.29113153154,0.4988173897120534,19.0,0.0720095219202539,0.927990478079746,0.5011826102879465,1.0000305189751728,3.000045778462759,0.3152,32.5816,0.300000000000001,32.60000000000005,0.0071511185,0.00072257966,-0.003752341,291.58765,1.0,0.00018557906,294.80835,295.47876,295.57153,295.80078,295.75586,0.3772583,0.35809326,0.3213501,0.3489685,88053.56,294.63574,0.12550831,1.4333544,183.05602,37.148056,118.27146021525066,110.0763988494873
Kampala,1999-04,11573.29113153154,0.4988173897120534,19.0,0.0720095219202539,0.927990478079746,0.5011826102879465,1.0000305189751728,3.000045778462759,0.3152,32.5816,0.300000000000001,32.60000000000005,0.00830113,0.0019125044,-0.003729336,291.67993,1.0,0.0002129674,294.38696,294.9922,295.05762,295.26562,295.61646,0.40782166,0.40679932,0.39634705,0.35665894,88230.19,294.29224,0.1303196,2.2403526,186.98549,3.3948212,135.91913986206055,113.26389122009276
Kampala,1999-05,11573.29113153154,0.4988173897120534,19.0,0.0720095219202539,0.927990478079746,0.5011826102879465,1.0000305189751728,3.000045778462759,0.3152,32.5816,0.300000000000001,32.60000000000005,0.0052715093,0.0016640723,-0.0034823595,291.3313,1.0,0.00018250942,293.8584,294.4265,294.4912,294.7229,295.29077,0.40611267,0.40701294,0.40992737,0.3929596,88298.625,293.77832,0.119989395,1.464181,175.1905,30.917969,181.74400329589844,126.52715873718262
Kampala,1999-06,11573.29113153154,0.4988173897120534,19.0,0.0720095219202539,0.927990478079746,0.5011826102879465,1.0000305189751728,3.000045778462759,0.3152,32.5816,0.300000000000001,32.60000000000005,0.0029033604,0.0010153204,-0.0037784036,290.54248,1.0,8.793175e-05,293.91895,294.5088,294.55444,294.69727,295.01367,0.37945557,0.37664795,0.37582397,0.3947296,88328.31,293.9673,-0.17316914,1.4546375,62.55761,-9.197464,141.57786814371744,129.92466417948404
Kampala,1999-07,11573.29113153154,0.4988173897120534,19.0,0.0720095219202539,0.927990478079746,0.5011826102879465,1.0000305189751728,3.000045778462759,0.3152,32.5816,0.300000000000001,32.60000000000005,0.0024380814,0.000662446,-0.0036504734,289.63647,1.0,7.788837e-05,293.49023,294.12305,294.18555,294.38086,294.78613,0.33927917,0.3317566,0.34222412,0.38505554,88402.0,293.37305,-0.22434711,0.9984875,72.91193,13.810726,103.55334726969402,119.73624356587727
Kampala,1999-08,11573.29113153154,0.4988173897120534,19.0,0.0720095219202539,0.927990478079746,0.5011826102879465,1.0000305189751728,3.000045778462759,0.3152,32.5816,0.300000000000001,32.60000000000005,0.0052118762,0.00070117414,-0.0037226994,290.48047,1.0,0.00019654632,293.55957,294.16553,294.19653,294.3186,294.58716,0.38835144,0.38087463,0.3526764,0.3757782,88376.25,293.29028,-0.12576866,0.28560734,139.35767,48.34587,91.60906728108723,136.67653528849283
Kampala,1999-09,11573.29113153154,0.4988173897120534,19.0,0.0720095219202539,0.927990478079746,0.5011826102879465,1.0000305189751728,3.000045778462759,0.3152,32.5816,0.300000000000001,32.60000000000005,0.0051075527,0.0008314401,-0.003800759,291.1162,1.0,0.00014996529,294.0464,294.604,294.57983,294.48657,294.4712,0.3993988,0.39764404,0.3847351,0.37521362,88220.56,293.6963,0.080192566,0.04195881,110.07481,-26.020409,107.44813283284503,124.51300048828124
Kampala,1999-10,11573.29113153154,0.4988173897120534,19.0,0.0720095219202539,0.927990478079746,0.5011826102879465,1.0000305189751728,3.000045778462759,0.3152,32.5816,0.300000000000001,32.60000000000005,0.0051879133,0.0011765808,-0.0036255997,291.5232,1.0,0.00020608306,294.12427,294.6897,294.66284,294.59644,294.52148,0.40496826,0.40551758,0.39868164,0.38172913,88232.75,293.57446,0.19518375,-0.9345207,221.47281,60.554413,156.9684270222982,130.2608871459961
Kampala,1999-11,11573.29113153154,0.4988173897120534,19.0,0.0720095219202539,0.927990478079746,0.5011826102879465,1.0000305189751728,3.000045778462759,0.3152,32.5816,0.300000000000001,32.60000000000005,0.008261399,0.0022661388,-0.003698349,291.55518,1.0,0.00027504563,294.27905,294.86108,294.89307,294.90967,294.67188,0.41038513,0.4108429,0.40686035,0.3927002,88185.81,293.97388,0.30905437,0.5530739,227.54294,53.992645,186.36351776123047,138.98629252115884
Kampala,1999-12,11573.29113153154,0.4988173897120534,19.0,0.0720095219202539,0.927990478079746,0.5011826102879465,1.0000305189751728,3.000045778462759,0.3152,32.5816,0.300000000000001,32.60000000000005,0.0053482503,0.0026685447,-0.0035612565,291.49512,1.0,0.00019529462,294.13843,294.65625,294.6394,294.63892,294.67847,0.4066162,0.40751648,0.40696716,0.41293335,88188.94,293.92847,0.3033247,0.794014,107.456696,-10.901634,185.4908142089844,146.4694735209147
Kampala,2000-01,11573.29113153154,0.4988173897120534,19.0,0.0720095219202539,0.927990478079746,0.5011826102879465,1.0000305189751728,3.000045778462759,0.3152,32.5816,0.300000000000001,32.60000000000005,0.002317309,0.0014323555,-0.004360304,290.7588,1.0,8.034706e-05,294.88843,295.44678,295.35034,295.06934,294.75928,0.36289978,0.36509705,0.37495422,0.40480042,88047.69,294.82397,0.39306545,0.68655777,60.557217,-17.605618,131.8522834777832,144.41035525004068
Kampala,2000-02,11573.29113153154,0.4988173897120534,19.0,0.0720095219202539,0.927990478079746,0.5011826102879465,1.0000305189751728,3.000045778462759,0.3152,32.5816,0.300000000000001,32.60000000000005,0.002648521,0.0007600337,-0.0041509196,291.15088,1.0,7.762015e-05,295.27637,295.85547,295.7461,295.4458,294.99634,0.3295288,0.3179016,0.33122253,0.38960266,88138.75,294.9685,0.42540646,1.1952314,28.486286,-34.954647,65.50006612141927,125.93179194132487
Kampala,2000-03,11573.29113153154,0.4988173897120534,19.0,0.0720095219202539,0.927990478079746,0.5011826102879465,1.0000305189751728,3.000045778462759,0.3152,32.5816,0.300000000000001,32.60000000000005,0.004319694,0.0005065352,-0.0041394886,291.7356,1.0,0.000113487244,295.41992,296.0586,296.02344,295.85645,295.34155,0.3555298,0.337677,0.3120575,0.37553406,88072.81,295.09546,0.40762806,1.848299,109.694855,-36.213104,66.24611918131511,125.86846669514972
Kampala,2000-04,11573.29113153154,0.4988173897120534,19.0,0.0720095219202539,0.927990478079746,0.5011826102879465,1.0000305189751728,3.000045778462759,0.3152,32.5816,0.300000000000001,32.60000000000005,0.005499089,0.00070796907,-0.0036320342,291.79883,1.0,0.00015446544,294.52588,295.1006,295.14893,295.29272,295.4336,0.39767456,0.39317322,0.3612213,0.36846924,88157.56,294.38818,0.2843027,1.3427658,174.1389,-9.451767,104.10668055216472,117.97948201497395
Kampala,2000-05,11573.29113153154,0.4988173897120534,19.0,0.0720095219202539,0.927990478079746,0.5011826102879465,1.0000305189751728,3.000045778462759,0.3152,32.5816,0.300000000000001,32.60000000000005,0.0044408315,0.0007827133,-0.0037253639,291.87744,1.0,0.00016216934,294.63745,295.1853,295.1902,295.20776,295.32666,0.3935089,0.3929596,0.39024353,0.3738861,88273.125,294.46606,0.041267395,0.85504246,131.64471,-12.627823,138.4928232828776,101.99644470214844
Kampala,2000-06,11573.29113153154,0.4988173897120534,19.0,0.0720095219202539,0.927990478079746,0.5011826102879465,1.0000305189751728,3.000045778462759,0.3152,32.5816,0.300000000000001,32.60000000000005,0.003720466,0.00055012107,-0.0037242966,290.60278,1.0,0.000113517046,293.85718,294.51636,294.63892,294.9546,295.25366,0.38084412,0.3745575,0.3657074,0.37573242,88353.94,293.8047,-0.056383133,1.2326555,66.868095,-4.886978,124.2172368367513,95.2316780090332
Kampala,2000-07,11573.29113153154,0.4988173897120534,19.0,0.0720095219202539,0.927990478079746,0.5011826102879465,1.0000305189751728,3.000045778462759,0.3152,32.5816,0.300000000000001,32.60000000000005,0.0027014697,0.00044731796,-0.0035137534,290.03027,1.0,9.512901e-05,293.51855,294.14258,294.20947,294.43872,294.94287,0.36727905,0.3618164,0.35845947,0.37165833,88300.69,293.3474,-0.0788126,0.5381365,51.350327,-7.7508736,83.28771209716797,93.69719632466634
Kampala,2000-08,11573.29113153154,0.4988173897120534,19.0,0.0720095219202539,0.927990478079746,0.5011826102879465,1.0000305189751728,3.000045778462759,0.3152,32.5816,0.300000000000001,32.60000000000005,0.0030352876,0.0003734827,-0.0036578486,290.52344,1.0,0.000111073256,293.87866,294.4607,294.44727,294.44336,294.6936,0.36193848,0.35221863,0.33901978,0.3661499,88344.69,293.44946,-0.08813286,-0.0443573,76.92565,-14.0861435,65.0480244954427,101.77042388916016
Kampala,2000-09,11573.29113153154,0.4988173897120534,19.0,0.0720095219202539,0.927990478079746,0.5011826102879465,1.0000305189751728,3.000045778462759,0.3152,32.5816,0.300000000000001,32.60000000000005,0.0039021703,0.0004107207,-0.003829278,291.20703,1.0,0.00013327599,294.44434,295.02686,294.9912,294.8806,294.69995,0.36836243,0.35668945,0.3286438,0.35993958,88202.06,294.04663,-0.07371998,-0.10593414,113.028854,-23.06636,80.43494415283203,102.32609049479169
Kampala,2000-10,11573.29113153154,0.4988173897120534,19.0,0.0720095219202539,0.927990478079746,0.5011826102879465,1.0000305189751728,3.000045778462759,0.3152,32.5816,0.300000000000001,32.60000000000005,0.0055092303,0.00069636106,-0.0036909124,291.66284,1.0,0.00018846989,294.40796,294.96362,294.92944,294.823,294.7556,0.3983307,0.39465332,0.37132263,0.35784912,88240.75,293.9109,0.26286888,-0.57410145,166.28026,5.361862,118.7449213663737,101.01631673177084
Kampala,2000-11,11573.29113153154,0.4988173897120534,19.0,0.0720095219202539,0.927990478079746,0.5011826102879465,1.0000305189751728,3.000045778462759,0.3152,32.5816,0.300000000000001,32.60000000000005,0.005373277,0.00079704076,-0.0035477607,291.65796,1.0,0.00020340085,294.31787,294.8723,294.90723,294.9856,294.8567,0.40371704,0.4025116,0.394104,0.3684082,88138.75,293.9834,0.40508366,0.10092449,142.2475,-31.302795,140.51887003580728,102.783447265625
Kampala,2000-12,11573.29113153154,0.4988173897120534,19.0,0.0720095219202539,0.927990478079746,0.5011826102879465,1.0000305189751728,3.000045778462759,0.3152,32.5816,0.300000000000001,32.60000000000005,0.0058321794,0.0014849007,-0.0036826879,291.4961,1.0,0.00019840896,294.1953,294.72778,294.72412,294.72168,294.81885,0.40855408,0.40956116,0.40704346,0.38650513,88217.75,294.00806,0.18884563,0.81021976,120.793045,2.4347153,143.10693359375,111.77093887329102
Kampala,2001-01,11573.29113153154,0.4988173897120534,19.0,0.0720095219202539,0.927990478079746,0.5011826102879465,1.0000305189751728,3.000045778462759,0.3152,32.5816,0.300000000000001,32.60000000000005,0.005136474,0.0016102493,-0.0039379383,290.50464,1.0,0.00016891956,294.15747,294.74658,294.75537,294.77905,294.8025,0.39500427,0.39639282,0.4000702,0.3945465,88195.75,294.1089,0.23867989,0.2781992,120.09038,41.927544,127.71030680338542,123.22761408487956
Kampala,2001-02,11573.29113153154,0.4988173897120534,19.0,0.0720095219202539,0.927990478079746,0.5011826102879465,1.0000305189751728,3.000045778462759,0.3152,32.5816,0.300000000000001,32.60000000000005,0.0049623777,0.0015188754,-0.0041758567,291.8523,1.0,0.0001553595,295.09937,295.6206,295.49976,295.2058,294.87744,0.39424133,0.39323425,0.39309692,0.3965454,88116.69,294.88794,0.16872501,1.5822811,54.614758,-8.826176,98.49939346313477,119.50913174947102
Kampala,2001-03,11573.29113153154,0.4988173897120534,19.0,0.0720095219202539,0.927990478079746,0.5011826102879465,1.0000305189751728,3.000045778462759,0.3152,32.5816,0.300000000000001,32.60000000000005,0.0051403167,0.001364477,-0.0038178721,291.56714,1.0,0.00014345348,294.74512,295.3567,295.39453,295.40698,295.1277,0.3887329,0.38783264,0.38508606,0.39259338,88164.25,294.5537,0.32717323,1.0177422,163.22044,17.312485,112.64185969034833,127.87439664204916
Kampala,2001-04,11573.29113153154,0.4988173897120534,19.0,0.0720095219202539,0.927990478079746,0.5011826102879465,1.0000305189751728,3.000045778462759,0.3152,32.5816,0.300000000000001,32.60000000000005,0.0071736192,0.0020237938,-0.0038456162,291.91553,1.0,0.00023165345,294.5598,295.11426,295.1128,295.11792,295.14624,0.4125061,0.41293335,0.4096222,0.3981781,88205.375,294.43774,0.05071354,1.7224789,204.22063,20.62996,140.68527603149414,134.1977914174398
Kampala,2001-05,11573.29113153154,0.4988173897120534,19.0,0.0720095219202539,0.927990478079746,0.5011826102879465,1.0000305189751728,3.000045778462759,0.3152,32.5816,0.300000000000001,32.60000000000005,0.0052739596,0.0022369772,-0.003775333,291.61914,1.0,0.00016140938,294.2483,294.8064,294.84814,294.94263,295.10034,0.40852356,0.40966797,0.4099579,0.41007996,88311.69,294.25952,-0.023654938,1.851057,154.25821,9.985672,173.8997599283854,136.1995766957601
Kampala,2001-06,11573.29113153154,0.4988173897120534,19.0,0.0720095219202539,0.927990478079746,0.5011826102879465,1.0000305189751728,3.000045778462759,0.3152,32.5816,0.300000000000001,32.60000000000005,0.0036165619,0.0015293807,-0.003448004,290.6333,1.0,0.00014041364,293.50952,294.1145,294.19458,294.43726,294.896,0.39511108,0.39405823,0.39265442,0.40592957,88396.25,293.38086,-0.127038,1.0770674,97.78306,26.027985,152.08729807535806,132.36457888285318
Kampala,2001-07,11573.29113153154,0.4988173897120534,19.0,0.0720095219202539,0.927990478079746,0.5011826102879465,1.0000305189751728,3.000045778462759,0.3152,32.5816,0.300000000000001,32.60000000000005,0.002780835,0.0010137707,-0.0036946284,290.01904,1.0,9.88096e-05,293.61475,294.2168,294.2561,294.3838,294.65454,0.36540222,0.36018372,0.35969543,0.39614868,88386.625,293.47437,-0.08838272,1.0706768,58.109234,-0.99196625,103.38350041707356,122.03438822428386
Kampala,2001-08,11573.29113153154,0.4988173897120534,19.0,0.0720095219202539,0.927990478079746,0.5011826102879465,1.0000305189751728,3.000045778462759,0.3152,32.5816,0.300000000000001,32.60000000000005,0.0031146316,0.000671871,-0.0036029723,290.87915,1.0,0.000114530325,294.18677,294.7202,294.6626,294.53223,294.53125,0.3599701,0.35479736,0.34230042,0.38438416,88413.19,293.80518,0.009838104,0.1680088,106.30051,15.288712,87.39759953816731,130.64867973327637
Kampala,2001-09,11573.29113153154,0.4988173897120534,19.0,0.0720095219202539,0.927990478079746,0.5011826102879465,1.0000305189751728,3.000045778462759,0.3152,32.5816,0.300000000000001,32.60000000000005,0.0042273616,0.00063341856,-0.0036353497,291.48535,1.0,0.00015586615,294.30762,294.8894,294.88574,294.85547,294.66187,0.3777008,0.36836243,0.34077454,0.37538147,88239.81,293.83765,0.14336872,-0.29014874,234.65535,98.560135,133.0216967264811,142.5544974009196
Kampala,2001-10,11573.29113153154,0.4988173897120534,19.0,0.0720095219202539,0.927990478079746,0.5011826102879465,1.0000305189751728,3.000045778462759,0.3152,32.5816,0.300000000000001,32.60000000000005,0.0046381373,0.0006705746,-0.003703895,291.81982,1.0,0.00020059943,294.58423,295.1311,295.1079,294.98608,294.74658,0.39144897,0.38742065,0.3722229,0.3714447,88251.06,294.15454,0.21242237,-0.36536026,189.95184,29.033447,176.96923319498697,140.17636680603027
Kampala,2001-11,11573.29113153154,0.4988173897120534,19.0,0.0720095219202539,0.927990478079746,0.5011826102879465,1.0000305189751728,3.000045778462759,0.3152,32.5816,0.300000000000001,32.60000000000005,0.0056407573,0.0010558814,-0.0033863727,291.72827,1.0,0.00022056699,294.21973,294.7124,294.69336,294.69385,294.80322,0.40797424,0.40803528,0.40092468,0.3791809,88258.625,293.78662,0.12705708,0.13775826,192.98569,19.435394,205.8642934163412,146.63094647725424
Kampala,2001-12,11573.29113153154,0.4988173897120534,19.0,0.0720095219202539,0.927990478079746,0.5011826102879465,1.0000305189751728,3.000045778462759,0.3152,32.5816,0.300000000000001,32.60000000000005,0.0042153583,0.0010205135,-0.0037673917,291.88452,1.0,0.00014589727,294.71826,295.21484,295.1753,295.0564,294.83667,0.39775085,0.39691162,0.39476013,0.3902588,88190.875,294.45435,0.36096287,0.91097546,68.96823,-49.3901,150.63525390625,141.82847531636557
Kampala,2002-01,11573.29113153154,0.4988173897120534,19.0,0.0720095219202539,0.927990478079746,0.5011826102879465,1.0000305189751728,3.000045778462759,0.3152,32.5816,0.300000000000001,32.60000000000005,0.004675514,0.0013253391,-0.003744199,291.07275,1.0,0.00015498698,294.4497,294.99683,294.99536,294.99243,294.94556,0.39091492,0.39183044,0.39323425,0.39161682,88228.625,294.37695,0.32181168,0.8570547,127.47309,49.310257,129.8090031941732,153.38911819458008
Kampala,2002-02,11573.29113153154,0.4988173897120534,19.0,0.0720095219202539,0.927990478079746,0.5011826102879465,1.0000305189751728,3.000045778462759,0.3152,32.5816,0.300000000000001,32.60000000000005,0.0024716868,0.0007202327,-0.004402941,291.73926,1.0,8.709729e-05,296.15063,296.66016,296.48462,295.9087,295.14502,0.33721924,0.33442688,0.35702515,0.38705444,88185.125,295.9004,0.19685745,1.7931089,65.03539,1.5944595,87.15890502929688,146.511599222819
Kampala,2002-03,11573.29113153154,0.4988173897120534,19.0,0.0720095219202539,0.927990478079746,0.5011826102879465,1.0000305189751728,3.000045778462759,0.3152,32.5816,0.300000000000001,32.60000000000005,0.007307983,0.0016100407,-0.0036476292,292.03027,1.0,0.00016622245,294.75,295.33057,295.37598,295.53467,295.4536,0.4054718,0.40301514,0.37974548,0.38111877,88160.625,294.53857,0.38492966,1.108489,196.75665,50.848694,129.75504557291666,140.19514973958334
Kampala,2002-04,11573.29113153154,0.4988173897120534,19.0,0.0720095219202539,0.927990478079746,0.5011826102879465,1.0000305189751728,3.000045778462759,0.3152,32.5816,0.300000000000001,32.60000000000005,0.007953566,0.0022383332,-0.0036587045,292.21484,1.0,0.00022645295,294.68628,295.26978,295.33643,295.43115,295.4768,0.4130249,0.414505,0.412735,0.39630127,88103.125,294.6018,0.313982,1.8811941,227.47922,43.88855,163.09042104085287,146.44971211751303
Kampala,2002-05,11573.29113153154,0.4988173897120534,19.0,0.0720095219202539,0.927990478079746,0.5011826102879465,1.0000305189751728,3.000045778462759,0.3152,32.5816,0.300000000000001,32.60000000000005,0.0042205425,0.0023166984,-0.003888891,291.67236,1.0,0.00014974177,294.6682,295.2119,295.18945,295.18726,295.3269,0.39840698,0.39888,0.40116882,0.41197205,88311.31,294.70386,-0.111364365,2.0800352,63.28435,-80.98819,162.50674057006836,124.83282279968262
Kampala,2002-06,11573.29113153154,0.4988173897120534,19.0,0.0720095219202539,0.927990478079746,0.5011826102879465,1.0000305189751728,3.000045778462759,0.3152,32.5816,0.300000000000001,32.60000000000005,0.0018207629,0.0011023656,-0.0037444262,290.08228,1.0,5.105138e-05,294.19385,294.8213,294.89282,295.07373,295.28662,0.3307953,0.32673645,0.35212708,0.3993683,88401.81,294.35718,0.024902344,1.5645342,70.505356,-1.2497177,120.42297490437824,125.08901023864746
Kampala,2002-07,11573.29113153154,0.4988173897120534,19.0,0.0720095219202539,0.927990478079746,0.5011826102879465,1.0000305189751728,3.000045778462759,0.3152,32.5816,0.300000000000001,32.60000000000005,0.0016830799,0.0005919337,-0.0035202755,290.208,1.0,6.0915947e-05,294.2434,294.84863,294.87598,294.94653,295.13037,0.29663086,0.28764343,0.31394958,0.38316345,88427.81,294.2224,-0.03675461,1.1721201,21.932688,-37.16851,51.9074649810791,107.498943010966
Kampala,2002-08,11573.29113153154,0.4988173897120534,19.0,0.0720095219202539,0.927990478079746,0.5011826102879465,1.0000305189751728,3.000045778462759,0.3152,32.5816,0.300000000000001,32.60000000000005,0.00322998,0.0003815964,-0.0036501829,290.49512,1.0,0.00011470914,294.15015,294.7356,294.7378,294.78198,294.9895,0.33688354,0.3134308,0.29496765,0.3691864,88382.125,293.9402,-0.2267971,0.89956856,23.971746,-67.04005,38.80326334635416,100.65500195821126
Kampala,2002-09,11573.29113153154,0.4988173897120534,19.0,0.0720095219202539,0.927990478079746,0.5011826102879465,1.0000305189751728,3.000045778462759,0.3152,32.5816,0.300000000000001,32.60000000000005,0.0041668597,0.00042548776,-0.0039672963,291.1692,1.0,0.00010623038,294.62207,295.19214,295.14868,295.04712,294.9673,0.36454773,0.3534088,0.30804443,0.35923767,88293.875,294.42407,0.045850754,0.4381628,107.46551,-28.629707,51.123313903808594,85.77314440409343
Kampala,2002-10,11573.29113153154,0.4988173897120534,19.0,0.0720095219202539,0.927990478079746,0.5011826102879465,1.0000305189751728,3.000045778462759,0.3152,32.5816,0.300000000000001,32.60000000000005,0.0046533924,0.000317052,-0.003576913,291.7456,1.0,0.00016652048,294.51147,295.104,295.13916,295.17773,295.05737,0.37986755,0.36683655,0.32637024,0.35313416,88195.94,294.15747,0.2637539,-0.3985939,105.39241,-55.525986,78.94322141011556,65.42534319559734
Kampala,2002-11,11573.29113153154,0.4988173897120534,19.0,0.0720095219202539,0.927990478079746,0.5011826102879465,1.0000305189751728,3.000045778462759,0.3152,32.5816,0.300000000000001,32.60000000000005,0.006239253,0.00092335045,-0.0036440222,291.73242,1.0,0.00023779273,294.41455,294.93384,294.91992,294.9248,295.03174,0.4078064,0.40649414,0.38656616,0.35647583,88255.75,294.0,0.3456583,0.3008709,257.61102,84.06073,156.82298024495444,97.8131217956543
Kampala,2002-12,11573.29113153154,0.4988173897120534,19.0,0.0720095219202539,0.927990478079746,0.5011826102879465,1.0000305189751728,3.000045778462759,0.3152,32.5816,0.300000000000001,32.60000000000005,0.004710612,0.00090269,-0.0036972472,291.35742,1.0,0.00017878413,294.67358,295.20654,295.19604,295.15063,295.06494,0.39537048,0.3973999,0.39875793,0.37438965,88293.31,294.39868,0.35708523,-0.14990234,169.7107,51.352364,177.57137552897134,114.34734471638996
Kampala,2003-01,11573.29113153154,0.4988173897120534,19.0,0.0720095219202539,0.927990478079746,0.5011826102879465,1.0000305189751728,3.000045778462759,0.3152,32.5816,0.300000000000001,32.60000000000005,0.0026979258,0.000663206,-0.004064938,291.50537,1.0,0.000108882785,295.13647,295.6682,295.59546,295.4021,295.13818,0.35934448,0.35791016,0.36712646,0.3795166,88273.69,295.05884,0.091498375,0.8336897,79.719696,1.5568619,169.01380411783853,123.97851276397704
Kampala,2003-02,11573.29113153154,0.4988173897120534,19.0,0.0720095219202539,0.927990478079746,0.5011826102879465,1.0000305189751728,3.000045778462759,0.3152,32.5816,0.300000000000001,32.60000000000005,0.0027923877,0.00043924898,-0.004310445,291.49,1.0,6.969273e-05,296.19116,296.7622,296.62646,296.15967,295.42896,0.31648254,0.31195068,0.32192993,0.37101746,88146.75,296.03198,0.070830345,1.2667227,44.291046,-19.149887,97.90714518229169,127.36506271362305
Kampala,2003-03,11573.29113153154,0.4988173897120534,19.0,0.0720095219202539,0.927990478079746,0.5011826102879465,1.0000305189751728,3.000045778462759,0.3152,32.5816,0.300000000000001,32.60000000000005,0.004422473,0.00048493594,-0.0040490893,291.88208,1.0,0.000110685825,296.08643,296.73315,296.70435,296.5569,295.8921,0.32060242,0.30433655,0.29599,0.36054993,88118.06,295.7229,0.36650467,0.97221565,126.82756,-19.080399,83.61276753743489,130.59207153320312
Kampala,2003-04,11573.29113153154,0.4988173897120534,19.0,0.0720095219202539,0.927990478079746,0.5011826102879465,1.0000305189751728,3.000045778462759,0.3152,32.5816,0.300000000000001,32.60000000000005,0.0059420425,0.0006936118,-0.0037046815,292.10986,1.0,0.00020319223,295.0337,295.65186,295.7002,295.87378,296.04688,0.38861084,0.38212585,0.34536743,0.3540039,88193.5,294.82422,0.45142174,1.2672329,189.35686,5.7661896,120.15848795572916,144.58614603678384
Kampala,2003-05,11573.29113153154,0.4988173897120534,19.0,0.0720095219202539,0.927990478079746,0.5011826102879465,1.0000305189751728,3.000045778462759,0.3152,32.5816,0.300000000000001,32.60000000000005,0.004316546,0.00069615245,-0.0038779518,291.7334,1.0,0.00015355647,294.80176,295.3767,295.39526,295.4651,295.80322,0.39375305,0.39286804,0.39100647,0.36410522,88328.44,294.781,-0.16686153,2.5401688,173.38002,29.107483,163.18814595540366,130.54764556884766
Kampala,2003-06,11573.29113153154,0.4988173897120534,19.0,0.0720095219202539,0.927990478079746,0.5011826102879465,1.0000305189751728,3.000045778462759,0.3152,32.5816,0.300000000000001,32.60000000000005,0.0044411914,0.0005476326,-0.0034459075,291.04272,1.0,0.00016400218,293.8213,294.4939,294.65894,295.1062,295.61475,0.38931274,0.3841095,0.37158203,0.36721802,88342.31,293.7129,-0.17586899,0.93990517,122.11421,50.35914,161.61702982584634,122.61489868164062
Kampala,2003-07,11573.29113153154,0.4988173897120534,19.0,0.0720095219202539,0.927990478079746,0.5011826102879465,1.0000305189751728,3.000045778462759,0.3152,32.5816,0.300000000000001,32.60000000000005,0.0026760364,0.0005432442,-0.0035683112,289.9895,1.0,7.510185e-05,293.4497,294.04224,294.0996,294.32324,295.10938,0.37857056,0.3795929,0.37908936,0.3695984,88440.06,293.39185,-0.010025024,0.974226,126.1814,67.0802,140.55854288736978,130.35851542154947
Kampala,2003-08,11573.29113153154,0.4988173897120534,19.0,0.0720095219202539,0.927990478079746,0.5011826102879465,1.0000305189751728,3.000045778462759,0.3152,32.5816,0.300000000000001,32.60000000000005,0.0026540712,0.0004041195,-0.0036824439,290.53223,1.0,9.743869e-05,294.27637,294.8684,294.85254,294.82812,294.86597,0.33522034,0.32807922,0.34051514,0.3659973,88368.125,294.02515,-0.15158844,-0.2283001,151.45421,60.442413,133.24993896484375,148.2190424601237
Kampala,2003-09,11573.29113153154,0.4988173897120534,19.0,0.0720095219202539,0.927990478079746,0.5011826102879465,1.0000305189751728,3.000045778462759,0.3152,32.5816,0.300000000000001,32.60000000000005,0.004039927,0.00040601194,-0.0037446264,291.41504,1.0,0.00013279915,294.48755,295.06104,295.03052,294.92773,294.87158,0.37919617,0.37142944,0.3403473,0.35990906,88319.75,294.10327,0.18615913,0.0153570175,85.16466,-50.930557,120.9334208170573,141.2752253214518
Kampala,2003-10,11573.29113153154,0.4988173897120534,19.0,0.0720095219202539,0.927990478079746,0.5011826102879465,1.0000305189751728,3.000045778462759,0.3152,32.5816,0.300000000000001,32.60000000000005,0.0050526033,0.00057545304,-0.0038028685,292.0642,1.0,0.00015299022,294.96753,295.51416,295.4851,295.3479,295.00537,0.38757324,0.38154602,0.35758972,0.35655212,88194.69,294.5979,0.2343111,0.23058319,165.96207,5.0436707,134.19364420572916,137.37609354654947
Kampala,2003-11,11573.29113153154,0.4988173897120534,19.0,0.0720095219202539,0.927990478079746,0.5011826102879465,1.0000305189751728,3.000045778462759,0.3152,32.5816,0.300000000000001,32.60000000000005,0.0052203354,0.0007343665,-0.003666304,292.12476,1.0,0.00020210445,294.91602,295.43433,295.4148,295.34595,295.16553,0.399765,0.3980255,0.38616943,0.36061096,88174.0,294.44824,0.2791214,0.032064438,125.23091,-48.31938,125.45254516601562,129.3512420654297
Kampala,2003-12,11573.29113153154,0.4988173897120534,19.0,0.0720095219202539,0.927990478079746,0.5011826102879465,1.0000305189751728,3.000045778462759,0.3152,32.5816,0.300000000000001,32.60000000000005,0.0035358767,0.0007931888,-0.0038672546,291.38818,1.0,0.00012417138,294.57837,295.1372,295.10913,295.11426,295.20557,0.3852539,0.38839722,0.3929901,0.37329102,88224.69,294.40845,0.206913,0.15690422,158.68674,40.328407,149.95990498860678,135.44666290283203
Kampala,2004-01,11573.29113153154,0.4988173897120534,19.0,0.0720095219202539,0.927990478079746,0.5011826102879465,1.0000305189751728,3.000045778462759,0.3152,32.5816,0.300000000000001,32.60000000000005,0.0035933442,0.000626117,-0.004046824,291.64966,1.0,0.00011816621,295.37256,295.9087,295.84595,295.6228,295.28784,0.3605194,0.35498047,0.3555603,0.37277222,88123.25,295.25464,0.24546051,0.5982199,131.1046,52.941765,138.34074910481772,136.26719665527344
Kampala,2004-02,11573.29113153154,0.4988173897120534,19.0,0.0720095219202539,0.927990478079746,0.5011826102879465,1.0000305189751728,3.000045778462759,0.3152,32.5816,0.300000000000001,32.60000000000005,0.0038696881,0.00044341385,-0.0041940343,290.75195,1.0,0.000101715326,295.53735,296.18774,296.16382,296.02466,295.55322,0.32743835,0.31983948,0.32914734,0.36579895,88199.19,295.4524,0.060948372,1.1259537,69.18001,5.7390747,119.65711466471356,122.55482991536458
Kampala,2004-03,11573.29113153154,0.4988173897120534,19.0,0.0720095219202539,0.927990478079746,0.5011826102879465,1.0000305189751728,3.000045778462759,0.3152,32.5816,0.300000000000001,32.60000000000005,0.0049502933,0.00062353164,-0.004215517,292.34424,1.0,0.00012035668,295.89697,296.4485,296.36646,296.11572,295.7561,0.37379456,0.36836243,0.34597778,0.3597412,88136.625,295.7434,0.33090496,1.9362669,130.42123,-15.486725,110.2352803548177,130.09759267171225
Kampala,2004-04,11573.29113153154,0.4988173897120534,19.0,0.0720095219202539,0.927990478079746,0.5011826102879465,1.0000305189751728,3.000045778462759,0.3152,32.5816,0.300000000000001,32.60000000000005,0.007308551,0.001465261,-0.0033944827,291.86572,1.0,0.00021244586,294.24463,294.86133,294.98853,295.36597,295.79492,0.41082764,0.4105835,0.39715576,0.366333,88220.375,294.2412,0.07990551,1.692131,181.47557,-2.115097,127.02560424804688,132.68317667643228
Kampala,2004-05,11573.29113153154,0.4988173897120534,19.0,0.0720095219202539,0.927990478079746,0.5011826102879465,1.0000305189751728,3.000045778462759,0.3152,32.5816,0.300000000000001,32.60000000000005,0.003935312,0.0009798482,-0.003875086,291.55347,1.0,0.00012175739,294.61548,295.20288,295.23608,295.32202,295.52686,0.38882446,0.38845825,0.3941803,0.38575745,88330.625,294.6543,-0.05337715,1.8299513,60.628174,-83.64436,124.17499287923177,121.91605377197266
Kampala,2004-06,11573.29113153154,0.4988173897120534,19.0,0.0720095219202539,0.927990478079746,0.5011826102879465,1.0000305189751728,3.000045778462759,0.3152,32.5816,0.300000000000001,32.60000000000005,0.0035730202,0.00083106756,-0.0038523963,290.3806,1.0,0.00010600686,293.98315,294.62695,294.71582,294.9651,295.36255,0.3841095,0.38252258,0.37402344,0.38331604,88501.44,293.99243,-0.12260914,1.4488277,48.41908,-23.335995,96.84094111124676,103.53811073303224
Kampala,2004-07,11573.29113153154,0.4988173897120534,19.0,0.0720095219202539,0.927990478079746,0.5011826102879465,1.0000305189751728,3.000045778462759,0.3152,32.5816,0.300000000000001,32.60000000000005,0.0018126164,0.0005090982,-0.0036497936,289.73804,1.0,5.593896e-05,293.7788,294.39648,294.41138,294.55225,295.0515,0.3271942,0.32357788,0.34213257,0.37667847,88362.56,293.6914,-0.0522604,0.9001322,44.49344,-14.607761,51.18023045857748,89.10291735331218
Kampala,2004-08,11573.29113153154,0.4988173897120534,19.0,0.0720095219202539,0.927990478079746,0.5011826102879465,1.0000305189751728,3.000045778462759,0.3152,32.5816,0.300000000000001,32.60000000000005,0.0027532135,0.00037685782,-0.003559867,290.96387,1.0,0.00010828674,294.29883,294.8916,294.8872,294.86206,294.9048,0.34199524,0.32896423,0.31672668,0.36743164,88397.56,293.89795,0.0052013397,-0.19068146,86.09968,-4.912117,59.67073186238607,91.92286237080891
Kampala,2004-09,11573.29113153154,0.4988173897120534,19.0,0.0720095219202539,0.927990478079746,0.5011826102879465,1.0000305189751728,3.000045778462759,0.3152,32.5816,0.300000000000001,32.60000000000005,0.003904464,0.0003041774,-0.0037618168,291.09644,1.0,0.00013880432,294.48828,295.09668,295.09644,295.0481,294.93604,0.35806274,0.34172058,0.30926514,0.35887146,88264.56,294.0559,0.061429977,0.0102062225,151.89955,15.804337,94.16422271728516,95.50258191426596
Kampala,2004-10,11573.29113153154,0.4988173897120534,19.0,0.0720095219202539,0.927990478079746,0.5011826102879465,1.0000305189751728,3.000045778462759,0.3152,32.5816,0.300000000000001,32.60000000000005,0.0048775263,0.00048407912,-0.0038172798,291.67358,1.0,0.00014953315,294.8711,295.42383,295.3828,295.2744,295.0393,0.37257385,0.3647461,0.33122253,0.35281372,88230.125,294.48853,0.2433033,0.03085041,174.26585,13.347458,137.42169443766275,94.30096244812012
Kampala,2004-11,11573.29113153154,0.4988173897120534,19.0,0.0720095219202539,0.927990478079746,0.5011826102879465,1.0000305189751728,3.000045778462759,0.3152,32.5816,0.300000000000001,32.60000000000005,0.0042746975,0.0003337711,-0.0035931785,291.83032,1.0,0.00018271804,294.53174,295.0708,295.07275,295.08203,295.0957,0.39375305,0.38911438,0.36869812,0.35240173,88219.75,294.13647,0.13387871,-0.17377377,161.02472,-12.525574,162.3967081705729,111.03372001647948
Kampala,2004-12,11573.29113153154,0.4988173897120534,19.0,0.0720095219202539,0.927990478079746,0.5011826102879465,1.0000305189751728,3.000045778462759,0.3152,32.5816,0.300000000000001,32.60000000000005,0.004982102,0.00069762766,-0.0036609238,291.7859,1.0,0.0001887083,294.66943,295.19238,295.18726,295.1438,295.10693,0.3975525,0.395401,0.3855896,0.3592224,88168.25,294.4768,0.06705856,0.77921486,155.80203,37.443703,163.6975351969401,128.93087895711264
Kampala,2005-01,11573.29113153154,0.4988173897120534,19.0,0.0720095219202539,0.927990478079746,0.5011826102879465,1.0000305189751728,3.000045778462759,0.3152,32.5816,0.300000000000001,32.60000000000005,0.0029901892,0.0004614964,-0.00412314,291.50708,1.0,0.00011865795,295.3252,295.86353,295.7849,295.57227,295.21875,0.36117554,0.35720825,0.36209106,0.36428833,88187.69,295.2705,-0.006907463,1.0027571,42.2452,-35.917633,119.6906509399414,128.5561726888021
Kampala,2005-02,11573.29113153154,0.4988173897120534,19.0,0.0720095219202539,0.927990478079746,0.5011826102879465,1.0000305189751728,3.000045778462759,0.3152,32.5816,0.300000000000001,32.60000000000005,0.0034310024,0.00047314167,-0.0045334334,291.7317,1.0,6.8575144e-05,296.57935,297.11353,296.92358,296.29102,295.51245,0.3184967,0.3286438,0.33944702,0.35957336,88081.625,296.6394,0.016036987,1.7049437,36.58888,-26.852055,78.21203740437825,120.3043727874756
Kampala,2005-03,11573.29113153154,0.4988173897120534,19.0,0.0720095219202539,0.927990478079746,0.5011826102879465,1.0000305189751728,3.000045778462759,0.3152,32.5816,0.300000000000001,32.60000000000005,0.005703412,0.00074742734,-0.0039713895,292.40112,1.0,0.00014606118,295.72192,296.32617,296.32812,296.3789,295.98462,0.3886261,0.38468933,0.34831238,0.35429382,88204.125,295.43652,0.31490612,1.2240038,146.291,0.38304138,75.04169336954753,119.36961428324382
Kampala,2005-04,11573.29113153154,0.4988173897120534,19.0,0.0720095219202539,0.927990478079746,0.5011826102879465,1.0000305189751728,3.000045778462759,0.3152,32.5816,0.300000000000001,32.60000000000005,0.0041435394,0.00052367896,-0.0039070426,292.4839,1.0,0.00013333559,295.45996,296.04688,296.06616,296.07202,296.04834,0.3841858,0.3809662,0.3743744,0.35635376,88186.875,295.39258,0.21980476,1.5515518,171.99146,-11.599213,118.2904446919759,118.99054781595866
Kampala,2005-05,11573.29113153154,0.4988173897120534,19.0,0.0720095219202539,0.927990478079746,0.5011826102879465,1.0000305189751728,3.000045778462759,0.3152,32.5816,0.300000000000001,32.60000000000005,0.0060141506,0.00088313967,-0.0033317572,291.9563,1.0,0.00024363399,294.35864,294.97095,295.09546,295.4651,295.9292,0.40792847,0.4057312,0.39178467,0.36320496,88321.94,294.08813,0.004527092,0.77125454,239.47766,95.205124,185.92003885904947,132.06603813171387
Kampala,2005-06,11573.29113153154,0.4988173897120534,19.0,0.0720095219202539,0.927990478079746,0.5011826102879465,1.0000305189751728,3.000045778462759,0.3152,32.5816,0.300000000000001,32.60000000000005,0.0046612755,0.0010389313,-0.003604645,291.32983,1.0,0.00017659366,294.25073,294.85303,294.9187,295.1172,295.59912,0.40063477,0.4005432,0.39778137,0.37835693,88359.31,294.0669,-0.00053691864,0.98677635,55.06749,-16.687584,155.51220194498697,115.27694765726726
Kampala,2005-07,11573.29113153154,0.4988173897120534,19.0,0.0720095219202539,0.927990478079746,0.5011826102879465,1.0000305189751728,3.000045778462759,0.3152,32.5816,0.300000000000001,32.60000000000005,0.0021066873,0.0007548705,-0.0036871228,290.15283,1.0,8.827448e-05,293.8413,294.4912,294.5581,294.74487,295.2539,0.3504486,0.352417,0.37408447,0.38334656,88464.06,293.7212,-0.026917458,0.8827505,93.148155,34.046955,129.2311019897461,123.760773340861
Kampala,2005-08,11573.29113153154,0.4988173897120534,19.0,0.0720095219202539,0.927990478079746,0.5011826102879465,1.0000305189751728,3.000045778462759,0.3152,32.5816,0.300000000000001,32.60000000000005,0.0046720253,0.0007956326,-0.0037361458,290.94873,1.0,0.00015740097,294.11255,294.73877,294.77588,294.8833,295.05396,0.38121033,0.3725586,0.35430908,0.3759613,88345.375,293.84302,-0.079369545,0.11050415,141.60454,50.592743,96.60672760009766,141.26338322957358
Kampala,2005-09,11573.29113153154,0.4988173897120534,19.0,0.0720095219202539,0.927990478079746,0.5011826102879465,1.0000305189751728,3.000045778462759,0.3152,32.5816,0.300000000000001,32.60000000000005,0.003535931,0.0005111098,-0.003756051,291.69165,1.0,0.00015094876,294.7307,295.27588,295.18848,295.01147,294.9817,0.37275696,0.3670807,0.35917664,0.37135315,88292.5,294.33643,0.12678146,-0.5132389,121.85349,-14.241722,118.86872863769533,137.19046529134116
Kampala,2005-10,11573.29113153154,0.4988173897120534,19.0,0.0720095219202539,0.927990478079746,0.5011826102879465,1.0000305189751728,3.000045778462759,0.3152,32.5816,0.300000000000001,32.60000000000005,0.004820325,0.0005651489,-0.003649043,291.8557,1.0,0.00018192828,294.55884,295.16675,295.1836,295.2173,295.0918,0.39300537,0.38835144,0.36764526,0.36779785,88252.81,294.07593,0.30131721,-0.56807613,125.70502,-35.21338,129.72101593017578,129.47605895996094
Kampala,2005-11,11573.29113153154,0.4988173897120534,19.0,0.0720095219202539,0.927990478079746,0.5011826102879465,1.0000305189751728,3.000045778462759,0.3152,32.5816,0.300000000000001,32.60000000000005,0.0040009413,0.0005731657,-0.0039096363,291.9397,1.0,0.00017765164,295.02612,295.54004,295.47192,295.27637,295.11572,0.394104,0.39224243,0.3851471,0.3715973,88172.56,294.54297,0.23804474,0.043017387,90.66613,-82.88416,112.74154663085938,104.67413711547852
Kampala,2005-12,11573.29113153154,0.4988173897120534,19.0,0.0720095219202539,0.927990478079746,0.5011826102879465,1.0000305189751728,3.000045778462759,0.3152,32.5816,0.300000000000001,32.60000000000005,0.0024478757,0.00048103184,-0.0040858546,291.51367,1.0,8.1539154e-05,295.40942,295.94775,295.86694,295.6477,295.2815,0.3530426,0.3537445,0.36869812,0.37245178,88069.31,295.1787,0.39592743,0.8252363,15.084002,-103.27433,77.1517162322998,98.01022243499756
Kampala,2006-01,11573.29113153154,0.4988173897120534,19.0,0.0720095219202539,0.927990478079746,0.5011826102879465,1.0000305189751728,3.000045778462759,0.3152,32.5816,0.300000000000001,32.60000000000005,0.0025832902,0.00035507977,-0.0042595034,291.08447,1.0,8.2820654e-05,295.81177,296.40894,296.32324,296.0415,295.5913,0.3085327,0.30184937,0.3184204,0.3653717,88083.25,295.63745,0.07709217,1.1568108,77.289505,-0.87332916,61.01321220397949,95.36711406707764
Kampala,2006-02,11573.29113153154,0.4988173897120534,19.0,0.0720095219202539,0.927990478079746,0.5011826102879465,1.0000305189751728,3.000045778462759,0.3152,32.5816,0.300000000000001,32.60000000000005,0.0042413613,0.00030201674,-0.004069009,291.63818,1.0,0.000116825104,295.93848,296.573,296.5481,296.43848,295.8943,0.33236694,0.30807495,0.2897339,0.3557434,88085.125,295.68555,0.2998457,1.0210981,84.7156,21.274666,59.02970186869303,85.8856242497762
Kampala,2006-03,11573.29113153154,0.4988173897120534,19.0,0.0720095219202539,0.927990478079746,0.5011826102879465,1.0000305189751728,3.000045778462759,0.3152,32.5816,0.300000000000001,32.60000000000005,0.005509819,0.00056333095,-0.003782263,291.7876,1.0,0.0001488328,294.9912,295.63965,295.71948,295.90576,296.01953,0.3914032,0.38388062,0.33299255,0.34951782,88179.0,294.77856,0.21821499,1.2983398,126.21828,-19.689682,96.07446034749348,86.61308828989665
Kampala,2006-04,11573.29113153154,0.4988173897120534,19.0,0.0720095219202539,0.927990478079746,0.5011826102879465,1.0000305189751728,3.000045778462759,0.3152,32.5816,0.300000000000001,32.60000000000005,0.007098668,0.0012891144,-0.0035221092,291.76758,1.0,0.00019603968,294.41162,294.9629,295.01514,295.21484,295.75854,0.4102478,0.40966797,0.39552307,0.35850525,88191.81,294.34888,-0.06278229,1.8578367,175.4674,-8.1232605,128.80042775472006,94.90681997934978
Kampala,2006-05,11573.29113153154,0.4988173897120534,19.0,0.0720095219202539,0.927990478079746,0.5011826102879465,1.0000305189751728,3.000045778462759,0.3152,32.5816,0.300000000000001,32.60000000000005,0.0074840877,0.002442345,-0.0033413423,291.73975,1.0,0.00023469329,294.05103,294.6416,294.75464,295.03955,295.47607,0.4117279,0.41235352,0.4113922,0.3897705,88328.31,293.97803,0.19583702,1.3580475,200.15408,55.881546,167.27992248535156,113.1548121770223
Kampala,2006-06,11573.29113153154,0.4988173897120534,19.0,0.0720095219202539,0.927990478079746,0.5011826102879465,1.0000305189751728,3.000045778462759,0.3152,32.5816,0.300000000000001,32.60000000000005,0.003106589,0.001369223,-0.0035313135,290.72388,1.0,9.864569e-05,293.92432,294.4746,294.511,294.67212,295.14453,0.39094543,0.39208984,0.39497375,0.39990234,88381.44,293.87988,0.16064644,1.2098274,86.91994,15.164864,154.18047587076822,125.12746810913086
Kampala,2006-07,11573.29113153154,0.4988173897120534,19.0,0.0720095219202539,0.927990478079746,0.5011826102879465,1.0000305189751728,3.000045778462759,0.3152,32.5816,0.300000000000001,32.60000000000005,0.00366693,0.0009367317,-0.00361853,290.44995,1.0,0.00012470782,293.88696,294.49146,294.5498,294.6931,294.93652,0.36883545,0.36532593,0.36218262,0.39196777,88427.19,293.81958,-0.059933662,1.0794106,36.421375,-22.679825,107.8317985534668,118.31611315409344
Kampala,2006-08,11573.29113153154,0.4988173897120534,19.0,0.0720095219202539,0.927990478079746,0.5011826102879465,1.0000305189751728,3.000045778462759,0.3152,32.5816,0.300000000000001,32.60000000000005,0.003504419,0.00091617554,-0.003728536,290.7495,1.0,0.00013963878,294.16553,294.71802,294.67993,294.594,294.74097,0.3655243,0.3669281,0.37826538,0.38682556,88338.81,293.9419,-0.02355957,-0.08315468,100.380714,9.368919,74.57400894165039,120.92696571350098
Kampala,2006-09,11573.29113153154,0.4988173897120534,19.0,0.0720095219202539,0.927990478079746,0.5011826102879465,1.0000305189751728,3.000045778462759,0.3152,32.5816,0.300000000000001,32.60000000000005,0.0050323918,0.0008467734,-0.003947368,291.0725,1.0,0.0001386553,294.32373,294.92725,294.9319,294.92065,294.7915,0.37948608,0.37077332,0.3529358,0.38049316,88314.625,294.08154,-0.01123333,0.25062847,91.2623,-44.832916,76.02146275838216,115.1009693145752
Kampala,2006-10,11573.29113153154,0.4988173897120534,19.0,0.0720095219202539,0.927990478079746,0.5011826102879465,1.0000305189751728,3.000045778462759,0.3152,32.5816,0.300000000000001,32.60000000000005,0.0038517974,0.00064603984,-0.004019687,291.76855,1.0,0.00012515485,294.958,295.49585,295.42944,295.2539,294.92334,0.384964,0.3814087,0.37373352,0.37631226,88239.125,294.66162,0.21845722,-0.30304146,117.69149,-43.226906,103.1115010579427,105.47164980570476
Kampala,2006-11,11573.29113153154,0.4988173897120534,19.0,0.0720095219202539,0.927990478079746,0.5011826102879465,1.0000305189751728,3.000045778462759,0.3152,32.5816,0.300000000000001,32.60000000000005,0.006619877,0.0011460558,-0.0032976707,291.55005,1.0,0.0002822429,293.9712,294.54736,294.6333,294.84717,295.02612,0.41119385,0.40997314,0.39837646,0.37982178,88208.75,293.6355,0.114144325,-0.13040447,217.13956,43.589264,142.03111521402994,108.30256207784016
Kampala,2006-12,11573.29113153154,0.4988173897120534,19.0,0.0720095219202539,0.927990478079746,0.5011826102879465,1.0000305189751728,3.000045778462759,0.3152,32.5816,0.300000000000001,32.60000000000005,0.0059818598,0.0024310201,-0.0036299098,291.3689,1.0,0.0002451539,294.40405,294.90674,294.87622,294.80005,294.87036,0.40663147,0.40924072,0.41348267,0.40315247,88296.25,294.10376,0.009874344,-0.28081036,117.57301,-0.78531647,150.80135345458984,113.411408106486
Kampala,2007-01,11573.29113153154,0.4988173897120534,19.0,0.0720095219202539,0.927990478079746,0.5011826102879465,1.0000305189751728,3.000045778462759,0.3152,32.5816,0.300000000000001,32.60000000000005,0.005106928,0.0017218217,-0.0039793784,291.51367,1.0,0.00016722083,294.95068,295.4641,295.40503,295.22095,294.95435,0.39006042,0.38916016,0.38378906,0.404068,88290.06,294.94238,-0.11383152,0.49483013,140.66069,62.497856,158.45775349934897,130.78462727864584
Kampala,2007-02,11573.29113153154,0.4988173897120534,19.0,0.0720095219202539,0.927990478079746,0.5011826102879465,1.0000305189751728,3.000045778462759,0.3152,32.5816,0.300000000000001,32.60000000000005,0.0047190296,0.001990866,-0.004226354,291.7627,1.0,0.00016446412,295.56274,296.0857,295.97266,295.656,295.177,0.3859253,0.3892517,0.39927673,0.40229797,88182.125,295.354,0.030620575,0.91696167,89.38882,25.947884,115.87417348225912,128.95264434814453
Kampala,2007-03,11573.29113153154,0.4988173897120534,19.0,0.0720095219202539,0.927990478079746,0.5011826102879465,1.0000305189751728,3.000045778462759,0.3152,32.5816,0.300000000000001,32.60000000000005,0.003938072,0.0010631233,-0.00448714,292.15186,1.0,0.00011070073,295.81396,296.43677,296.36328,296.12988,295.55127,0.36717224,0.35993958,0.35206604,0.3937378,88144.875,295.65552,0.03291416,1.8941517,79.46239,-66.44557,103.1706314086914,126.98599243164062
Kampala,2007-04,11573.29113153154,0.4988173897120534,19.0,0.0720095219202539,0.927990478079746,0.5011826102879465,1.0000305189751728,3.000045778462759,0.3152,32.5816,0.300000000000001,32.60000000000005,0.004727976,0.0008025542,-0.003933419,292.06616,1.0,0.00014606118,295.4602,296.0681,296.08228,296.0874,295.85425,0.37057495,0.36412048,0.34451294,0.38186646,88186.125,295.3108,0.172966,1.583745,117.97339,-65.61728,95.60819753011069,127.0329755147298
Kampala,2007-05,11573.29113153154,0.4988173897120534,19.0,0.0720095219202539,0.927990478079746,0.5011826102879465,1.0000305189751728,3.000045778462759,0.3152,32.5816,0.300000000000001,32.60000000000005,0.004169754,0.0006611198,-0.0038267914,292.01465,1.0,0.00015068054,294.84326,295.43506,295.4856,295.59668,295.7964,0.38900757,0.38563538,0.3791809,0.37834167,88276.0,294.78638,0.130229,1.9765568,128.56471,-15.707825,108.66682942708331,112.27050145467122
Kampala,2007-06,11573.29113153154,0.4988173897120534,19.0,0.0720095219202539,0.927990478079746,0.5011826102879465,1.0000305189751728,3.000045778462759,0.3152,32.5816,0.300000000000001,32.60000000000005,0.0040488364,0.0009112954,-0.0035492703,290.5786,1.0,0.00013808906,293.85864,294.5027,294.61157,294.9475,295.55273,0.38668823,0.3868103,0.3874359,0.3801117,88347.0,293.81738,0.131917,1.4140558,108.43652,36.68145,118.32487487792967,110.74775314331056
Kampala,2007-07,11573.29113153154,0.4988173897120534,19.0,0.0720095219202539,0.927990478079746,0.5011826102879465,1.0000305189751728,3.000045778462759,0.3152,32.5816,0.300000000000001,32.60000000000005,0.0047444664,0.0008659288,-0.003544121,290.88843,1.0,0.00016191602,293.88696,294.49927,294.5586,294.74463,295.19775,0.39233398,0.38938904,0.37672424,0.37937927,88359.31,293.65186,-0.030914307,0.1388464,96.1389,37.0377,111.04671223958331,103.327454884847
Kampala,2007-08,11573.29113153154,0.4988173897120534,19.0,0.0720095219202539,0.927990478079746,0.5011826102879465,1.0000305189751728,3.000045778462759,0.3152,32.5816,0.300000000000001,32.60000000000005,0.004420643,0.0009210408,-0.003580953,291.00732,1.0,0.00016005337,293.89722,294.47803,294.49902,294.61523,294.94043,0.4021454,0.40278625,0.39665222,0.38201904,88317.0,293.53857,-0.003660202,0.050271034,107.59909,16.587296,104.05817159016928,106.3625005086263
Kampala,2007-09,11573.29113153154,0.4988173897120534,19.0,0.0720095219202539,0.927990478079746,0.5011826102879465,1.0000305189751728,3.000045778462759,0.3152,32.5816,0.300000000000001,32.60000000000005,0.0040006647,0.00088502467,-0.0040410534,291.42627,1.0,0.00020261109,294.58447,295.1836,295.12158,294.93872,294.8357,0.3907318,0.38897705,0.3881073,0.386261,88309.81,294.09424,-0.056365967,-0.84774876,227.13617,91.040955,143.62472025553384,130.97479756673178
Kampala,2007-10,11573.29113153154,0.4988173897120534,19.0,0.0720095219202539,0.927990478079746,0.5011826102879465,1.0000305189751728,3.000045778462759,0.3152,32.5816,0.300000000000001,32.60000000000005,0.0039794813,0.000715822,-0.0040211026,291.8225,1.0,0.00015628338,294.90894,295.49365,295.4563,295.3413,295.0183,0.3843689,0.37989807,0.37028503,0.38249207,88193.125,294.4082,0.29260635,-0.2050972,183.67116,22.752762,172.80213928222656,141.92442576090494
Kampala,2007-11,11573.29113153154,0.4988173897120534,19.0,0.0720095219202539,0.927990478079746,0.5011826102879465,1.0000305189751728,3.000045778462759,0.3152,32.5816,0.300000000000001,32.60000000000005,0.0050010476,0.0007784143,-0.0037829475,291.79028,1.0,0.00019471347,294.67993,295.24634,295.24194,295.22046,295.14844,0.39537048,0.39227295,0.37878418,0.3787079,88129.125,294.2937,0.43228054,0.25829792,144.61758,-28.932709,185.1416371663412,144.59990437825522
Kampala,2007-12,11573.29113153154,0.4988173897120534,19.0,0.0720095219202539,0.927990478079746,0.5011826102879465,1.0000305189751728,3.000045778462759,0.3152,32.5816,0.300000000000001,32.60000000000005,0.0034842675,0.00083832815,-0.00407537,290.88354,1.0,0.00012689829,294.5564,295.1599,295.16504,295.18823,295.1819,0.37371826,0.37457275,0.38526917,0.38237,88131.25,294.56348,0.196805,0.833663,97.448944,-20.909386,141.91256205240884,142.76864115397134
Kampala,2008-01,11573.29113153154,0.4988173897120534,19.0,0.0720095219202539,0.927990478079746,0.5011826102879465,1.0000305189751728,3.000045778462759,0.3152,32.5816,0.300000000000001,32.60000000000005,0.00463458,0.0009011626,-0.0039458284,291.42065,1.0,0.00014775991,295.0515,295.61597,295.57715,295.45972,295.25708,0.3636322,0.35499573,0.3504486,0.37750244,88126.56,294.8689,0.32965183,0.8757696,119.39972,41.236885,120.48874918619792,146.64544423421225
Kampala,2008-02,11573.29113153154,0.4988173897120534,19.0,0.0720095219202539,0.927990478079746,0.5011826102879465,1.0000305189751728,3.000045778462759,0.3152,32.5816,0.300000000000001,32.60000000000005,0.0035094623,0.00062141195,-0.004086202,291.44336,1.0,9.559095e-05,295.13086,295.70898,295.66504,295.51733,295.33984,0.3683777,0.3663025,0.36257935,0.3723755,88199.75,295.0327,0.1996479,1.5664635,66.5999,3.158966,94.48285420735677,139.81224568684897
Kampala,2008-03,11573.29113153154,0.4988173897120534,19.0,0.0720095219202539,0.927990478079746,0.5011826102879465,1.0000305189751728,3.000045778462759,0.3152,32.5816,0.300000000000001,32.60000000000005,0.005386008,0.00080657005,-0.0039661853,291.51196,1.0,0.00013202429,294.98853,295.64746,295.6809,295.719,295.51123,0.37139893,0.36309814,0.3503723,0.36735535,88094.06,294.75488,0.25743008,1.9979963,241.92947,96.021515,142.64303080240884,142.27779642740884
Kampala,2008-04,11573.29113153154,0.4988173897120534,19.0,0.0720095219202539,0.927990478079746,0.5011826102879465,1.0000305189751728,3.000045778462759,0.3152,32.5816,0.300000000000001,32.60000000000005,0.0064497762,0.0013191998,-0.0036668591,291.55835,1.0,0.00018578768,294.3518,294.94824,295.0,295.17065,295.4807,0.4005432,0.39985657,0.39382935,0.3708191,88112.5,294.28394,0.4070034,1.7528381,169.63908,-13.951584,159.38948567708334,139.93911743164062
Kampala,2008-05,11573.29113153154,0.4988173897120534,19.0,0.0720095219202539,0.927990478079746,0.5011826102879465,1.0000305189751728,3.000045778462759,0.3152,32.5816,0.300000000000001,32.60000000000005,0.0048558293,0.0011675805,-0.003775428,291.47876,1.0,0.00015485287,294.3401,294.92432,294.96606,295.08032,295.2849,0.40150452,0.40063477,0.3972931,0.3867035,88227.375,294.25757,0.2207489,1.5492687,88.75303,-55.51951,166.77386220296225,130.62835820515951
Kampala,2008-06,11573.29113153154,0.4988173897120534,19.0,0.0720095219202539,0.927990478079746,0.5011826102879465,1.0000305189751728,3.000045778462759,0.3152,32.5816,0.300000000000001,32.60000000000005,0.0030177326,0.001301974,-0.0035100076,290.12354,1.0,0.00011101365,293.45557,294.0525,294.13306,294.40723,295.00464,0.3793335,0.38252258,0.39456177,0.39430237,88348.81,293.6311,0.042909622,1.5544834,58.671356,-13.083717,105.68782297770184,124.16542689005534
Kampala,2008-07,11573.29113153154,0.4988173897120534,19.0,0.0720095219202539,0.927990478079746,0.5011826102879465,1.0000305189751728,3.000045778462759,0.3152,32.5816,0.300000000000001,32.60000000000005,0.0031050884,0.0008164942,-0.0034424216,289.9663,1.0,9.9644065e-05,293.50806,294.12207,294.19775,294.37744,294.71387,0.33996582,0.33319092,0.34283447,0.3868866,88375.875,293.40112,-0.0057373047,0.7829218,69.58384,10.482639,72.33607482910156,115.86278025309244
Kampala,2008-08,11573.29113153154,0.4988173897120534,19.0,0.0720095219202539,0.927990478079746,0.5011826102879465,1.0000305189751728,3.000045778462759,0.3152,32.5816,0.300000000000001,32.60000000000005,0.00398097,0.0006390363,-0.003477958,291.04175,1.0,0.00014650822,293.9109,294.4358,294.40967,294.40283,294.53125,0.3847351,0.3791504,0.35462952,0.37800598,88247.5,293.5227,-0.0035438538,0.040211678,73.54113,-17.470665,67.26544189453125,117.01965204874676
Kampala,2008-09,11573.29113153154,0.4988173897120534,19.0,0.0720095219202539,0.927990478079746,0.5011826102879465,1.0000305189751728,3.000045778462759,0.3152,32.5816,0.300000000000001,32.60000000000005,0.0033031816,0.00052609295,-0.0039940923,291.67017,1.0,0.00015182793,294.92017,295.46094,295.3557,295.00903,294.6089,0.370224,0.3658142,0.35578918,0.37272644,88250.81,294.45923,0.1368866,-0.45762348,169.63138,33.536163,104.25211588541669,104.96996943155924
Kampala,2008-10,11573.29113153154,0.4988173897120534,19.0,0.0720095219202539,0.927990478079746,0.5011826102879465,1.0000305189751728,3.000045778462759,0.3152,32.5816,0.300000000000001,32.60000000000005,0.0047032796,0.00047506392,-0.0038237032,291.7317,1.0,0.00019933283,294.7168,295.28418,295.2566,295.19116,294.87842,0.38594055,0.37841797,0.35295105,0.3675537,88242.06,294.2329,0.0030117035,-0.6159172,123.81236,-37.106033,122.32829030354816,97.33218256632487
Kampala,2008-11,11573.29113153154,0.4988173897120534,19.0,0.0720095219202539,0.927990478079746,0.5011826102879465,1.0000305189751728,3.000045778462759,0.3152,32.5816,0.300000000000001,32.60000000000005,0.005052848,0.00096509606,-0.0036920793,291.7693,1.0,0.00020892918,294.563,295.0923,295.06787,295.00977,294.96313,0.39698792,0.39614868,0.3915863,0.3718872,88181.5,294.2793,0.09913063,0.06668186,66.45503,-107.09526,119.9662577311198,93.61584981282552
Kampala,2008-12,11573.29113153154,0.4988173897120534,19.0,0.0720095219202539,0.927990478079746,0.5011826102879465,1.0000305189751728,3.000045778462759,0.3152,32.5816,0.300000000000001,32.60000000000005,0.0027835295,0.0005242154,-0.0039728945,291.3789,1.0,0.000116959214,294.88354,295.42847,295.39404,295.2898,295.06567,0.36575317,0.36280823,0.3673401,0.375885,88128.375,294.87134,0.07939434,1.0695076,73.71229,-44.64604,87.99322764078777,96.12267176310222
Kampala,2009-01,11573.29113153154,0.4988173897120534,19.0,0.0720095219202539,0.927990478079746,0.5011826102879465,1.0000305189751728,3.000045778462759,0.3152,32.5816,0.300000000000001,32.60000000000005,0.0042086486,0.0005809255,-0.004107192,291.125,1.0,0.00011406839,295.19897,295.80615,295.79688,295.6853,295.2771,0.3511963,0.33943176,0.3307495,0.36891174,88175.625,294.98926,0.052288055,0.90692043,93.137054,14.97422,77.76812489827473,100.04820760091144
Kampala,2009-02,11573.29113153154,0.4988173897120534,19.0,0.0720095219202539,0.927990478079746,0.5011826102879465,1.0000305189751728,3.000045778462759,0.3152,32.5816,0.300000000000001,32.60000000000005,0.0040574977,0.0005773902,-0.0044301366,291.6543,1.0,9.860098e-05,295.67383,296.2129,296.06592,295.72852,295.44238,0.37753296,0.37364197,0.34803772,0.3630829,88089.5,295.36304,0.43443012,1.972187,67.46824,4.0273056,78.10586039225261,99.0360590616862
Kampala,2009-03,11573.29113153154,0.4988173897120534,19.0,0.0720095219202539,0.927990478079746,0.5011826102879465,1.0000305189751728,3.000045778462759,0.3152,32.5816,0.300000000000001,32.60000000000005,0.0025203289,0.0003016293,-0.0042416677,291.78833,1.0,7.927418e-05,296.1333,296.75586,296.69482,296.3938,295.76318,0.32537842,0.31539917,0.32540894,0.3580475,88063.75,295.83105,0.39825916,1.8297205,79.75027,-66.15769,80.11852010091145,84.05587387084961
Kampala,2009-04,11573.29113153154,0.4988173897120534,19.0,0.0720095219202539,0.927990478079746,0.5011826102879465,1.0000305189751728,3.000045778462759,0.3152,32.5816,0.300000000000001,32.60000000000005,0.0067123333,0.0007180944,-0.0037136083,291.90112,1.0,0.00018122792,294.74,295.38354,295.48828,295.78906,295.93896,0.39093018,0.37869263,0.33651733,0.35272217,88226.06,294.64795,0.30606747,1.8321104,127.154854,-56.435814,91.4577865600586,84.61295572916667
Kampala,2009-05,11573.29113153154,0.4988173897120534,19.0,0.0720095219202539,0.927990478079746,0.5011826102879465,1.0000305189751728,3.000045778462759,0.3152,32.5816,0.300000000000001,32.60000000000005,0.0037605944,0.0005174279,-0.0033457717,291.9668,1.0,0.00015297532,294.56934,295.12134,295.1765,295.36133,295.75293,0.3900299,0.3885193,0.37986755,0.35736084,88243.81,294.47144,0.19347191,1.0157433,115.18097,-29.091568,107.36203002929688,92.73394521077472
Kampala,2009-06,11573.29113153154,0.4988173897120534,19.0,0.0720095219202539,0.927990478079746,0.5011826102879465,1.0000305189751728,3.000045778462759,0.3152,32.5816,0.300000000000001,32.60000000000005,0.0026556626,0.00041576475,-0.0037443675,291.07153,1.0,8.0510974e-05,294.38452,294.9751,295.03394,295.19238,295.50732,0.35969543,0.35539246,0.36289978,0.36047363,88345.125,294.52222,0.16883755,1.5624342,62.122635,-9.632439,101.48615264892578,90.80233637491862
Kampala,2009-07,11573.29113153154,0.4988173897120534,19.0,0.0720095219202539,0.927990478079746,0.5011826102879465,1.0000305189751728,3.000045778462759,0.3152,32.5816,0.300000000000001,32.60000000000005,0.0018026028,0.0003309399,-0.003711286,289.64453,1.0,5.3942204e-05,294.01025,294.63916,294.66626,294.79736,295.23535,0.31829834,0.31788635,0.33306885,0.3560791,88419.56,294.13403,0.026930809,1.8884516,32.57898,-26.52222,69.96086120605469,80.70932388305664
Kampala,2009-08,11573.29113153154,0.4988173897120534,19.0,0.0720095219202539,0.927990478079746,0.5011826102879465,1.0000305189751728,3.000045778462759,0.3152,32.5816,0.300000000000001,32.60000000000005,0.003902035,0.00030443072,-0.0037424946,290.90942,1.0,0.00011947751,294.49268,295.0786,295.08154,295.08984,295.12646,0.34733582,0.32873535,0.30503845,0.3489685,88311.44,294.3452,-0.17226219,0.7069216,76.960075,-14.05172,57.22056325276693,82.2912966410319
Kampala,2009-09,11573.29113153154,0.4988173897120534,19.0,0.0720095219202539,0.927990478079746,0.5011826102879465,1.0000305189751728,3.000045778462759,0.3152,32.5816,0.300000000000001,32.60000000000005,0.00450311,0.0002740398,-0.0036328016,291.813,1.0,0.00015884638,294.81104,295.37817,295.3579,295.2705,295.14038,0.37974548,0.36883545,0.32505798,0.34378052,88329.375,294.4536,0.13224125,-0.13439178,110.112625,-25.98259,73.21722666422527,87.35168965657552
Kampala,2009-10,11573.29113153154,0.4988173897120534,19.0,0.0720095219202539,0.927990478079746,0.5011826102879465,1.0000305189751728,3.000045778462759,0.3152,32.5816,0.300000000000001,32.60000000000005,0.00500761,0.0005106181,-0.0037716012,291.96753,1.0,0.00018173456,294.86035,295.41626,295.3999,295.36035,295.2373,0.39283752,0.38755798,0.36087036,0.34274292,88198.375,294.51758,0.04885006,-0.17955303,153.75613,-7.162262,113.60961151123048,91.78523635864258
Kampala,2009-11,11573.29113153154,0.4988173897120534,19.0,0.0720095219202539,0.927990478079746,0.5011826102879465,1.0000305189751728,3.000045778462759,0.3152,32.5816,0.300000000000001,32.60000000000005,0.005832223,0.00076298416,-0.0036992757,291.82544,1.0,0.00020553172,294.6062,295.17188,295.187,295.21362,295.26318,0.4055786,0.40415955,0.3889618,0.35116577,88186.375,294.34033,0.4721775,0.79036236,191.95538,18.40509,151.9413808186849,104.5809720357259
Kampala,2009-12,11573.29113153154,0.4988173897120534,19.0,0.0720095219202539,0.927990478079746,0.5011826102879465,1.0000305189751728,3.000045778462759,0.3152,32.5816,0.300000000000001,32.60000000000005,0.006064348,0.0012488067,-0.0034312662,291.78564,1.0,0.0002462119,294.4629,295.01,295.0481,295.15015,295.2246,0.40631104,0.40701294,0.40452576,0.37173462,88238.875,294.1875,0.4000616,0.473588,102.822876,-15.535454,149.51146443684897,111.36434555053712
Kampala,2010-01,11573.29113153154,0.4988173897120534,19.0,0.0720095219202539,0.927990478079746,0.5011826102879465,1.0000305189751728,3.000045778462759,0.3152,32.5816,0.300000000000001,32.60000000000005,0.004262046,0.00142885,-0.0041269986,292.0598,1.0,0.00015890598,295.35034,295.82983,295.70337,295.40137,295.20532,0.39398193,0.39619446,0.4003296,0.39060974,88229.0,295.20923,0.12677383,1.196188,66.76331,-11.399521,120.51385752360028,117.06173451741536
Kampala,2010-02,11573.29113153154,0.4988173897120534,19.0,0.0720095219202539,0.927990478079746,0.5011826102879465,1.0000305189751728,3.000045778462759,0.3152,32.5816,0.300000000000001,32.60000000000005,0.0059487056,0.0012706667,-0.0037319334,292.45898,1.0,0.00017338991,295.58154,296.11914,296.115,296.02197,295.5027,0.3859253,0.3844757,0.37683105,0.38778687,88177.94,295.5874,0.34556007,1.3846397,138.08,74.63907,102.5553970336914,127.24838892618816
Kampala,2010-03,11573.29113153154,0.4988173897120534,19.0,0.0720095219202539,0.927990478079746,0.5011826102879465,1.0000305189751728,3.000045778462759,0.3152,32.5816,0.300000000000001,32.60000000000005,0.0048938245,0.0011091158,-0.003915335,292.37646,1.0,0.00018532574,295.43677,295.9995,295.98022,295.89502,295.6853,0.39857483,0.39826965,0.396286,0.39027405,88259.5,295.2334,0.021187782,1.0073805,159.57776,13.6698,121.47369130452472,135.49257787068686
Kampala,2010-04,11573.29113153154,0.4988173897120534,19.0,0.0720095219202539,0.927990478079746,0.5011826102879465,1.0000305189751728,3.000045778462759,0.3152,32.5816,0.300000000000001,32.60000000000005,0.007766233,0.0026085153,-0.003499955,292.81226,1.0,0.00021655858,295.21753,295.7356,295.7495,295.76147,295.76514,0.41194153,0.4130249,0.41111755,0.3985443,88234.375,295.15063,0.08741093,1.8556452,201.44069,17.850021,166.36614990234375,143.440003712972
Kampala,2010-05,11573.29113153154,0.4988173897120534,19.0,0.0720095219202539,0.927990478079746,0.5011826102879465,1.0000305189751728,3.000045778462759,0.3152,32.5816,0.300000000000001,32.60000000000005,0.006209827,0.0038121417,-0.0037055733,292.31885,1.0,0.00020892918,294.99194,295.52173,295.51025,295.51562,295.67383,0.40821838,0.40893555,0.41236877,0.41815186,88281.69,294.85767,-0.016264915,1.4596243,150.63823,6.365692,170.5522257486979,136.55381139119467
Kampala,2010-06,11573.29113153154,0.4988173897120534,19.0,0.0720095219202539,0.927990478079746,0.5011826102879465,1.0000305189751728,3.000045778462759,0.3152,32.5816,0.300000000000001,32.60000000000005,0.004656573,0.0021541938,-0.0034892857,291.45142,1.0,0.00015667081,294.24268,294.86572,294.97974,295.27954,295.58105,0.39649963,0.3961029,0.39285278,0.40963745,88415.56,294.14233,-0.013274193,0.982357,83.31042,11.555344,145.12977854410806,133.3017349243164
Kampala,2010-07,11573.29113153154,0.4988173897120534,19.0,0.0720095219202539,0.927990478079746,0.5011826102879465,1.0000305189751728,3.000045778462759,0.3152,32.5816,0.300000000000001,32.60000000000005,0.0018318366,0.0010533184,-0.0036353879,290.2827,1.0,8.5517764e-05,294.08472,294.7146,294.7578,294.92603,295.3247,0.3370819,0.33399963,0.35346985,0.39831543,88364.19,293.97778,-0.24529457,1.0935068,48.752968,-10.348232,94.23387145996094,130.30001068115234
Kampala,2010-08,11573.29113153154,0.4988173897120534,19.0,0.0720095219202539,0.927990478079746,0.5011826102879465,1.0000305189751728,3.000045778462759,0.3152,32.5816,0.300000000000001,32.60000000000005,0.0031078637,0.0006547943,-0.0036672568,290.90625,1.0,0.00010442734,294.52856,295.11865,295.10132,295.04272,295.13257,0.33473206,0.3258667,0.32247925,0.38328552,88334.31,294.2256,-0.11285305,0.1540823,63.280117,-27.731678,65.11450068155925,117.8333632151286
Kampala,2010-09,11573.29113153154,0.4988173897120534,19.0,0.0720095219202539,0.927990478079746,0.5011826102879465,1.0000305189751728,3.000045778462759,0.3152,32.5816,0.300000000000001,32.60000000000005,0.0051400634,0.000734359,-0.0039571654,291.63208,1.0,0.00020250678,294.6089,295.2207,295.21606,295.19897,295.1609,0.3915863,0.3839569,0.34539795,0.37294006,88258.625,294.1997,-0.12454605,-0.24157429,111.56928,-24.525932,74.53412246704102,109.83195050557454
Kampala,2010-10,11573.29113153154,0.4988173897120534,19.0,0.0720095219202539,0.927990478079746,0.5011826102879465,1.0000305189751728,3.000045778462759,0.3152,32.5816,0.300000000000001,32.60000000000005,0.004533819,0.0007403642,-0.0037297122,292.05786,1.0,0.00017614663,294.92456,295.47632,295.42432,295.32666,295.20972,0.38981628,0.38710022,0.3691864,0.36921692,88188.625,294.38403,0.18332767,-0.53103924,127.67695,-33.241447,100.84211603800456,97.53799374898274
Kampala,2010-11,11573.29113153154,0.4988173897120534,19.0,0.0720095219202539,0.927990478079746,0.5011826102879465,1.0000305189751728,3.000045778462759,0.3152,32.5816,0.300000000000001,32.60000000000005,0.0057751746,0.0010514557,-0.003765772,292.03735,1.0,0.00017885864,294.93555,295.47803,295.4712,295.41797,295.2998,0.40167236,0.40097046,0.39260864,0.37364197,88087.0,294.4851,0.28523636,0.45002747,122.74345,-50.806847,120.66322580973308,92.88886324564616
Kampala,2010-12,11573.29113153154,0.4988173897120534,19.0,0.0720095219202539,0.927990478079746,0.5011826102879465,1.0000305189751728,3.000045778462759,0.3152,32.5816,0.300000000000001,32.60000000000005,0.0046502324,0.0012047589,-0.0037513701,291.14722,1.0,0.00016514957,294.32495,294.9441,295.01538,295.188,295.29712,0.38987732,0.39057922,0.39460754,0.3859558,88065.625,294.18848,0.4332466,0.82823086,113.91003,-4.448303,121.44347381591795,97.98879814147948
Kampala,2011-01,11573.29113153154,0.4988173897120534,19.0,0.0720095219202539,0.927990478079746,0.5011826102879465,1.0000305189751728,3.000045778462759,0.3152,32.5816,0.300000000000001,32.60000000000005,0.0034227767,0.0010511726,-0.0040740017,290.95947,1.0,9.392202e-05,294.85083,295.36743,295.2798,295.115,295.19092,0.37145996,0.3753662,0.38131714,0.38555908,88032.94,294.79346,0.23939991,0.98929214,37.864502,-40.298332,91.50599161783856,96.17405382792155
Kampala,2011-02,11573.29113153154,0.4988173897120534,19.0,0.0720095219202539,0.927990478079746,0.5011826102879465,1.0000305189751728,3.000045778462759,0.3152,32.5816,0.300000000000001,32.60000000000005,0.0041160863,0.00092268735,-0.0044138823,291.53857,1.0,9.806454e-05,295.58862,296.19043,296.09497,295.79102,295.30957,0.36283875,0.3620758,0.3566742,0.3801117,88050.875,295.39868,0.22052288,1.7888384,25.628506,-37.812428,59.134344736735024,89.89878527323405
Kampala,2011-03,11573.29113153154,0.4988173897120534,19.0,0.0720095219202539,0.927990478079746,0.5011826102879465,1.0000305189751728,3.000045778462759,0.3152,32.5816,0.300000000000001,32.60000000000005,0.005618698,0.0008581653,-0.0039081564,291.74463,1.0,0.00012873113,295.09888,295.7544,295.80273,295.86743,295.61987,0.37049866,0.36288452,0.3454895,0.37261963,88116.625,294.9016,0.47848415,1.712594,176.2115,30.303543,79.90150324503581,100.67248853047688
Kampala,2011-04,11573.29113153154,0.4988173897120534,19.0,0.0720095219202539,0.927990478079746,0.5011826102879465,1.0000305189751728,3.000045778462759,0.3152,32.5816,0.300000000000001,32.60000000000005,0.006499273,0.0014474764,-0.0038381545,292.1123,1.0,0.0001616031,294.93066,295.521,295.54517,295.60425,295.62744,0.40553284,0.40533447,0.39570618,0.37528992,88136.44,294.7981,0.43376255,2.1405163,154.6294,-28.961273,118.8231341044108,105.16456286112468
Kampala,2011-05,11573.29113153154,0.4988173897120534,19.0,0.0720095219202539,0.927990478079746,0.5011826102879465,1.0000305189751728,3.000045778462759,0.3152,32.5816,0.300000000000001,32.60000000000005,0.00647846,0.0023839474,-0.0033228537,292.00635,1.0,0.0001783222,294.2622,294.8125,294.88013,295.08032,295.48438,0.41047668,0.41192627,0.41116333,0.3948059,88278.75,294.18652,0.32012653,1.2921591,130.18234,-14.090195,153.6744130452474,106.4043788909912
Kampala,2011-06,11573.29113153154,0.4988173897120534,19.0,0.0720095219202539,0.927990478079746,0.5011826102879465,1.0000305189751728,3.000045778462759,0.3152,32.5816,0.300000000000001,32.60000000000005,0.00408645,0.0015733764,-0.003435742,291.53418,1.0,0.00013566017,294.27026,294.8396,294.88916,295.04297,295.27905,0.38993835,0.38917542,0.38737488,0.39938354,88335.94,294.07104,0.12049198,0.48908424,98.52009,26.765015,127.77727508544922,103.83938916524252
Kampala,2011-07,11573.29113153154,0.4988173897120534,19.0,0.0720095219202539,0.927990478079746,0.5011826102879465,1.0000305189751728,3.000045778462759,0.3152,32.5816,0.300000000000001,32.60000000000005,0.002242916,0.000867106,-0.0036183307,290.73438,1.0,0.00010611117,294.22876,294.81836,294.8296,294.8706,295.0996,0.35227966,0.34928894,0.36697388,0.39276123,88314.625,294.03564,0.053257942,0.37965298,48.606636,-10.494564,92.43635559082033,105.62974484761556
Kampala,2011-08,11573.29113153154,0.4988173897120534,19.0,0.0720095219202539,0.927990478079746,0.5011826102879465,1.0000305189751728,3.000045778462759,0.3152,32.5816,0.300000000000001,32.60000000000005,0.0043671024,0.0007661432,-0.0035941005,291.09692,1.0,0.00018177927,294.0027,294.61572,294.64404,294.73853,294.96216,0.38731384,0.38134766,0.35681152,0.3834381,88328.875,293.63037,0.0013103485,-0.28273964,154.02957,63.017776,100.38543192545572,127.02992248535156
Kampala,2011-09,11573.29113153154,0.4988173897120534,19.0,0.0720095219202539,0.927990478079746,0.5011826102879465,1.0000305189751728,3.000045778462759,0.3152,32.5816,0.300000000000001,32.60000000000005,0.0046972577,0.000887841,-0.0035165083,291.57983,1.0,0.00019466877,294.2942,294.84717,294.8396,294.8169,294.86304,0.39764404,0.39527893,0.38269043,0.37976074,88341.75,293.86377,0.11899662,-0.32849407,186.7436,50.64839,129.79327138264975,128.78527323404947
Kampala,2011-10,11573.29113153154,0.4988173897120534,19.0,0.0720095219202539,0.927990478079746,0.5011826102879465,1.0000305189751728,3.000045778462759,0.3152,32.5816,0.300000000000001,32.60000000000005,0.0065866755,0.0017919615,-0.0036036419,291.61865,1.0,0.00021624565,294.24243,294.78198,294.77905,294.81274,294.85693,0.40879822,0.4099579,0.40734863,0.39038086,88151.875,293.91626,0.26658535,-0.08519077,280.762,119.8436,207.1783905029297,149.807373046875
Kampala,2011-11,11573.29113153154,0.4988173897120534,19.0,0.0720095219202539,0.927990478079746,0.5011826102879465,1.0000305189751728,3.000045778462759,0.3152,32.5816,0.300000000000001,32.60000000000005,0.006561934,0.002138555,-0.003681086,291.56104,1.0,0.00024545193,294.2732,294.8601,294.8828,294.9077,294.87378,0.4078064,0.40811157,0.40808105,0.4037323,88204.69,293.87866,0.12917805,-0.6862793,230.09052,56.540222,232.53203837076825,166.45873514811197
Kampala,2011-12,11573.29113153154,0.4988173897120534,19.0,0.0720095219202539,0.927990478079746,0.5011826102879465,1.0000305189751728,3.000045778462759,0.3152,32.5816,0.300000000000001,32.60000000000005,0.0046011354,0.002038449,-0.0037378548,291.58154,1.0,0.00019438565,294.59937,295.0918,295.0332,294.89282,294.85254,0.39875793,0.39949036,0.399765,0.40872192,88209.25,294.39844,0.06870365,0.53607655,117.756065,-0.6022644,209.53619130452475,169.66473134358725
Kampala,2012-01,11573.29113153154,0.4988173897120534,19.0,0.0720095219202539,0.927990478079746,0.5011826102879465,1.0000305189751728,3.000045778462759,0.3152,32.5816,0.300000000000001,32.60000000000005,0.0008569523,0.0010583252,-0.004568873,289.9629,1.0,4.0650368e-05,295.91382,296.4685,296.28027,295.77246,295.07886,0.2951355,0.31152344,0.3540039,0.39823914,88129.625,295.96143,0.025826454,0.27015972,23.434544,-54.72829,123.76037470499676,165.46938260396325
Kampala,2012-02,11573.29113153154,0.4988173897120534,19.0,0.0720095219202539,0.927990478079746,0.5011826102879465,1.0000305189751728,3.000045778462759,0.3152,32.5816,0.300000000000001,32.60000000000005,0.003955086,0.00055362284,-0.00396626,290.9419,1.0,9.307265e-05,295.94995,296.6814,296.62134,296.4065,295.61182,0.27020264,0.2593994,0.2934723,0.37937927,88017.94,295.59033,0.20913124,1.5226412,75.3797,11.9387665,72.1901028951009,152.36107063293457
Kampala,2012-03,11573.29113153154,0.4988173897120534,19.0,0.0720095219202539,0.927990478079746,0.5011826102879465,1.0000305189751728,3.000045778462759,0.3152,32.5816,0.300000000000001,32.60000000000005,0.0031435601,0.0005046874,-0.0042216536,291.96777,1.0,8.197129e-05,296.02515,296.62598,296.52466,296.2412,295.8772,0.3446045,0.33418274,0.31274414,0.36669922,88131.56,295.80273,0.28878593,2.0933628,91.44478,-54.46318,63.41967391967773,136.47793261210123
Kampala,2012-04,11573.29113153154,0.4988173897120534,19.0,0.0720095219202539,0.927990478079746,0.5011826102879465,1.0000305189751728,3.000045778462759,0.3152,32.5816,0.300000000000001,32.60000000000005,0.008451078,0.001489453,-0.0034307996,291.87036,1.0,0.00022748113,294.51855,295.18066,295.3313,295.7212,296.00366,0.39839172,0.39204407,0.36141968,0.36216736,88222.69,294.42456,0.18624878,1.7690115,126.65659,-56.934074,97.82702382405598,110.79369926452635
Kampala,2012-05,11573.29113153154,0.4988173897120534,19.0,0.0720095219202539,0.927990478079746,0.5011826102879465,1.0000305189751728,3.000045778462759,0.3152,32.5816,0.300000000000001,32.60000000000005,0.0063537955,0.0015345663,-0.0035326695,291.69556,1.0,0.00020225346,294.25317,294.8418,294.91846,295.15112,295.66675,0.4103546,0.41093445,0.40679932,0.38095093,88312.31,294.16528,0.086709976,1.9395466,144.35818,0.08564758,120.8198521931966,96.50497754414876
Kampala,2012-06,11573.29113153154,0.4988173897120534,19.0,0.0720095219202539,0.927990478079746,0.5011826102879465,1.0000305189751728,3.000045778462759,0.3152,32.5816,0.300000000000001,32.60000000000005,0.005460737,0.001719594,-0.0034642592,291.15234,1.0,0.00019618869,293.84082,294.4629,294.57373,294.8694,295.36597,0.40818787,0.4086914,0.4069519,0.39749146,88401.19,293.78125,-0.042167664,1.0639448,113.37253,41.617455,128.1291020711263,95.77438799540202
Kampala,2012-07,11573.29113153154,0.4988173897120534,19.0,0.0720095219202539,0.927990478079746,0.5011826102879465,1.0000305189751728,3.000045778462759,0.3152,32.5816,0.300000000000001,32.60000000000005,0.0025073763,0.001156047,-0.0033764914,290.8767,1.0,0.00011983514,293.86084,294.42383,294.44336,294.55347,294.9917,0.37496948,0.37217712,0.3778534,0.39924622,88343.44,293.57153,-0.04814434,-0.29628372,60.950653,1.849453,106.2271219889323,102.02707290649414
Kampala,2012-08,11573.29113153154,0.4988173897120534,19.0,0.0720095219202539,0.927990478079746,0.5011826102879465,1.0000305189751728,3.000045778462759,0.3152,32.5816,0.300000000000001,32.60000000000005,0.0039021785,0.0008651912,-0.0037997756,291.05664,1.0,0.00018255413,294.2871,294.89136,294.8767,294.82275,294.85913,0.37672424,0.3718872,0.36439514,0.3899536,88375.125,293.927,-0.009009361,-0.57376957,103.85594,12.844147,92.72637430826823,106.77311325073242
Kampala,2012-09,11573.29113153154,0.4988173897120534,19.0,0.0720095219202539,0.927990478079746,0.5011826102879465,1.0000305189751728,3.000045778462759,0.3152,32.5816,0.300000000000001,32.60000000000005,0.003698575,0.0007229671,-0.0037839534,291.64624,1.0,0.00016359985,294.59985,295.1609,295.10254,294.98633,294.88403,0.3857727,0.3814087,0.36296082,0.38261414,88360.94,294.08862,0.049391747,-0.844573,108.22797,-27.867249,91.0115203857422,109.57031122843424
Kampala,2012-10,11573.29113153154,0.4988173897120534,19.0,0.0720095219202539,0.927990478079746,0.5011826102879465,1.0000305189751728,3.000045778462759,0.3152,32.5816,0.300000000000001,32.60000000000005,0.005574825,0.0009004995,-0.0038504275,292.08057,1.0,0.00020210445,294.8794,295.48364,295.48584,295.40234,295.05566,0.3948822,0.3904724,0.37312317,0.37776184,88190.56,294.40747,0.27476788,-0.64511204,140.11005,-20.80835,117.39798482259114,111.81255340576172
Kampala,2012-11,11573.29113153154,0.4988173897120534,19.0,0.0720095219202539,0.927990478079746,0.5011826102879465,1.0000305189751728,3.000045778462759,0.3152,32.5816,0.300000000000001,32.60000000000005,0.0064730677,0.0017470792,-0.003617717,291.8606,1.0,0.0002349168,294.51733,295.05542,295.04346,295.05542,295.09668,0.4054718,0.4066162,0.40629578,0.39083862,88224.31,294.20703,0.32111835,0.15989113,198.9618,25.411514,149.09993998209634,120.9131571451823
Kampala,2012-12,11573.29113153154,0.4988173897120534,19.0,0.0720095219202539,0.927990478079746,0.5011826102879465,1.0000305189751728,3.000045778462759,0.3152,32.5816,0.300000000000001,32.60000000000005,0.0056153033,0.0019372553,-0.0037239334,291.57935,1.0,0.00022536516,294.5083,295.08252,295.1084,295.16455,295.1521,0.40623474,0.40733337,0.4091797,0.40126038,88178.625,294.24878,0.1454401,0.18717766,208.27783,89.9195,182.44989522298175,136.73070780436197
Kampala,2013-01,11573.29113153154,0.4988173897120534,19.0,0.0720095219202539,0.927990478079746,0.5011826102879465,1.0000305189751728,3.000045778462759,0.3152,32.5816,0.300000000000001,32.60000000000005,0.0032598765,0.0013840497,-0.0041583013,291.81592,1.0,0.00010712445,295.62646,296.09692,295.95435,295.5703,295.1919,0.368042,0.36973572,0.38401794,0.4020691,88225.5,295.53174,-0.12222099,0.6680155,76.043335,-2.1194992,161.09432474772134,139.24615478515625
Kampala,2013-02,11573.29113153154,0.4988173897120534,19.0,0.0720095219202539,0.927990478079746,0.5011826102879465,1.0000305189751728,3.000045778462759,0.3152,32.5816,0.300000000000001,32.60000000000005,0.0026420716,0.0008272007,-0.004560977,291.53247,1.0,9.222329e-05,296.01367,296.6006,296.47095,296.13867,295.5498,0.3442688,0.34461975,0.34165955,0.39015198,88131.0,295.96777,0.03508663,1.401104,78.41742,14.976486,120.91286214192708,135.00640106201172
Kampala,2013-03,11573.29113153154,0.4988173897120534,19.0,0.0720095219202539,0.927990478079746,0.5011826102879465,1.0000305189751728,3.000045778462759,0.3152,32.5816,0.300000000000001,32.60000000000005,0.007154764,0.0011803135,-0.0035580862,292.1631,1.0,0.00017373264,295.2478,295.8977,295.989,296.1211,295.88452,0.37532043,0.3727417,0.35385132,0.37890625,88184.94,295.0891,0.5171938,1.4636784,196.1236,50.215637,116.8614501953125,149.65567270914713
Kampala,2013-04,11573.29113153154,0.4988173897120534,19.0,0.0720095219202539,0.927990478079746,0.5011826102879465,1.0000305189751728,3.000045778462759,0.3152,32.5816,0.300000000000001,32.60000000000005,0.0072124247,0.0020643175,-0.0037252428,292.11816,1.0,0.00019091368,294.81445,295.3828,295.40796,295.4961,295.76514,0.4096222,0.41075134,0.40779114,0.38761902,88254.31,294.65698,0.019572258,1.94456,148.98593,-34.604736,141.17564900716147,151.1349868774414
Kampala,2013-05,11573.29113153154,0.4988173897120534,19.0,0.0720095219202539,0.927990478079746,0.5011826102879465,1.0000305189751728,3.000045778462759,0.3152,32.5816,0.300000000000001,32.60000000000005,0.0050621647,0.0031291246,-0.0038292203,291.58398,1.0,0.0001654625,294.54053,295.11548,295.12256,295.2024,295.5393,0.38627625,0.38809204,0.4022522,0.41325378,88355.31,294.54126,0.110318184,2.0526447,136.396,-7.876541,160.50184122721353,140.7073516845703
Kampala,2013-06,11573.29113153154,0.4988173897120534,19.0,0.0720095219202539,0.927990478079746,0.5011826102879465,1.0000305189751728,3.000045778462759,0.3152,32.5816,0.300000000000001,32.60000000000005,0.0019646573,0.001071021,-0.0036720224,290.35815,1.0,6.595254e-05,294.52368,295.1599,295.21753,295.3474,295.45483,0.31715393,0.31529236,0.3370819,0.39822388,88369.69,294.45654,-0.06752968,1.4888973,23.177708,-48.577366,102.8532117207845,109.85733095804852
Kampala,2013-07,11573.29113153154,0.4988173897120534,19.0,0.0720095219202539,0.927990478079746,0.5011826102879465,1.0000305189751728,3.000045778462759,0.3152,32.5816,0.300000000000001,32.60000000000005,0.0017134438,0.00054579973,-0.0034016166,289.71558,1.0,5.763769e-05,294.38574,295.02295,295.04248,295.08032,295.30273,0.27241516,0.27789307,0.30747986,0.38090515,88375.56,294.08325,-0.036543846,0.577487,30.444866,-28.656334,63.33952331542969,102.25758616129558
Kampala,2013-08,11573.29113153154,0.4988173897120534,19.0,0.0720095219202539,0.927990478079746,0.5011826102879465,1.0000305189751728,3.000045778462759,0.3152,32.5816,0.300000000000001,32.60000000000005,0.0046319235,0.00054133683,-0.0036726156,290.83252,1.0,0.00017797947,294.0984,294.7334,294.7661,294.94165,295.187,0.37020874,0.35638428,0.31243896,0.36784363,88324.0,293.75293,-0.18905449,-0.1399889,89.632034,-1.3797607,47.75153605143229,104.12668863932292
Kampala,2013-09,11573.29113153154,0.4988173897120534,19.0,0.0720095219202539,0.927990478079746,0.5011826102879465,1.0000305189751728,3.000045778462759,0.3152,32.5816,0.300000000000001,32.60000000000005,0.0038470896,0.00033433735,-0.0039648954,291.6726,1.0,0.00018714368,295.00488,295.60693,295.5393,295.34033,295.14014,0.35253906,0.33958435,0.32159424,0.36032104,88308.625,294.42944,0.08247185,-0.78636265,230.64139,94.54617,116.90609614054362,109.87965393066406
Kampala,2013-10,11573.29113153154,0.4988173897120534,19.0,0.0720095219202539,0.927990478079746,0.5011826102879465,1.0000305189751728,3.000045778462759,0.3152,32.5816,0.300000000000001,32.60000000000005,0.0040598167,0.00034970045,-0.0039131045,291.8247,1.0,0.0001603365,294.82397,295.43848,295.41162,295.35913,295.25195,0.38189697,0.37565613,0.3460846,0.3553772,88260.625,294.3042,0.2032156,-0.814621,125.6333,-35.285095,148.6355743408203,105.987548828125
Kampala,2013-11,11573.29113153154,0.4988173897120534,19.0,0.0720095219202539,0.927990478079746,0.5011826102879465,1.0000305189751728,3.000045778462759,0.3152,32.5816,0.300000000000001,32.60000000000005,0.005140622,0.00047762692,-0.003818118,291.86304,1.0,0.00024044514,294.7129,295.3286,295.35132,295.40063,295.34302,0.39141846,0.38581848,0.36442566,0.35385132,88149.56,294.3296,0.18639183,-0.27864552,141.25854,-32.291748,165.84441121419272,106.7979736328125
Kampala,2013-12,11573.29113153154,0.4988173897120534,19.0,0.0720095219202539,0.927990478079746,0.5011826102879465,1.0000305189751728,3.000045778462759,0.3152,32.5816,0.300000000000001,32.60000000000005,0.0037745947,0.00047487766,-0.0039026262,291.06836,1.0,0.00016206503,294.7766,295.3225,295.2976,295.22363,295.29956,0.37298584,0.37174988,0.37719727,0.35881042,88225.56,294.77002,-0.052962303,0.62072754,109.6798,-8.678528,125.52388254801431,121.21498934427898
Kampala,2014-01,11573.29113153154,0.4988173897120534,19.0,0.0720095219202539,0.927990478079746,0.5011826102879465,1.0000305189751728,3.000045778462759,0.3152,32.5816,0.300000000000001,32.60000000000005,0.002633956,0.00033258647,-0.004126344,291.53662,1.0,9.857118e-05,295.5459,296.0857,295.9939,295.7766,295.39307,0.3535614,0.35029602,0.34887695,0.35856628,88181.44,295.47144,-0.27239132,1.3195353,50.035713,-28.127121,100.32468668619792,124.48013051350912
Kampala,2014-02,11573.29113153154,0.4988173897120534,19.0,0.0720095219202539,0.927990478079746,0.5011826102879465,1.0000305189751728,3.000045778462759,0.3152,32.5816,0.300000000000001,32.60000000000005,0.0026757068,0.0002536252,-0.004420311,290.3252,1.0,7.596612e-05,296.5122,297.1045,296.9602,296.51465,295.73218,0.29978943,0.29296875,0.3105011,0.35256958,88077.81,296.3379,-0.08701706,1.0372467,27.512894,-35.92804,62.40946960449219,114.12694040934244
Kampala,2014-03,11573.29113153154,0.4988173897120534,19.0,0.0720095219202539,0.927990478079746,0.5011826102879465,1.0000305189751728,3.000045778462759,0.3152,32.5816,0.300000000000001,32.60000000000005,0.0054161204,0.0003522113,-0.004217296,291.86743,1.0,0.00017187,295.87964,296.56982,296.58398,296.53296,296.13672,0.35894775,0.33958435,0.29582214,0.34480286,88154.56,295.58008,0.310112,1.4069662,141.67816,-4.2297974,73.07558949788411,99.29973602294922
Kampala,2014-04,11573.29113153154,0.4988173897120534,19.0,0.0720095219202539,0.927990478079746,0.5011826102879465,1.0000305189751728,3.000045778462759,0.3152,32.5816,0.300000000000001,32.60000000000005,0.0071311044,0.0011275113,-0.0037407018,292.04028,1.0,0.0001796633,294.7998,295.41724,295.48462,295.72534,296.1101,0.40504456,0.40296936,0.37513733,0.34640503,88245.81,294.65308,0.38673782,1.5469112,206.60757,23.016907,125.2662099202474,112.79544830322266
Kampala,2014-05,11573.29113153154,0.4988173897120534,19.0,0.0720095219202539,0.927990478079746,0.5011826102879465,1.0000305189751728,3.000045778462759,0.3152,32.5816,0.300000000000001,32.60000000000005,0.005444033,0.0012504682,-0.0034123436,291.92456,1.0,0.00016361475,294.5127,295.10254,295.20068,295.4519,295.85254,0.4007721,0.40124512,0.39964294,0.36930847,88280.06,294.4436,0.09695339,1.1155701,139.67899,-4.5935516,162.6549072265625,112.53218841552734
Kampala,2014-06,11573.29113153154,0.4988173897120534,19.0,0.0720095219202539,0.927990478079746,0.5011826102879465,1.0000305189751728,3.000045778462759,0.3152,32.5816,0.300000000000001,32.60000000000005,0.00388015,0.0008598268,-0.0036966708,291.27124,1.0,0.00014615059,294.31543,294.91382,294.97852,295.16553,295.5735,0.39006042,0.38952637,0.38729858,0.37750244,88382.75,294.281,-0.16840267,1.1102581,87.17139,15.416313,144.4859822591146,108.78078587849934
Kampala,2014-07,11573.29113153154,0.4988173897120534,19.0,0.0720095219202539,0.927990478079746,0.5011826102879465,1.0000305189751728,3.000045778462759,0.3152,32.5816,0.300000000000001,32.60000000000005,0.0017743513,0.0005322844,-0.003641338,290.47656,1.0,6.4983964e-05,294.23438,294.83423,294.87134,294.99463,295.31958,0.32940674,0.3250885,0.35040283,0.3751526,88490.875,294.10205,0.0019359589,0.4398613,41.175705,-17.925495,89.34202575683594,107.30411783854169
Kampala,2014-08,11573.29113153154,0.4988173897120534,19.0,0.0720095219202539,0.927990478079746,0.5011826102879465,1.0000305189751728,3.000045778462759,0.3152,32.5816,0.300000000000001,32.60000000000005,0.0046065412,0.00058570504,-0.0035103057,291.17847,1.0,0.00021243095,293.97485,294.60522,294.64746,294.77832,295.11694,0.37528992,0.36386108,0.33543396,0.36724854,88389.31,293.6245,-0.0059337616,-0.59531116,157.69934,66.687546,95.34881083170572,129.00185902913412
Kampala,2014-09,11573.29113153154,0.4988173897120534,19.0,0.0720095219202539,0.927990478079746,0.5011826102879465,1.0000305189751728,3.000045778462759,0.3152,32.5816,0.300000000000001,32.60000000000005,0.0050596735,0.00065834075,-0.0038719382,291.42554,1.0,0.00017884374,294.43652,295.01294,294.9851,294.9348,294.96948,0.3917389,0.38861084,0.37548828,0.36550903,88334.06,294.04028,0.16751099,0.06504536,218.31522,82.22,139.06342061360678,141.7747014363607
Kampala,2014-10,11573.29113153154,0.4988173897120534,19.0,0.0720095219202539,0.927990478079746,0.5011826102879465,1.0000305189751728,3.000045778462759,0.3152,32.5816,0.300000000000001,32.60000000000005,0.004331735,0.0006198734,-0.003932465,291.86304,1.0,0.00019311905,294.7417,295.31934,295.28882,295.1919,295.052,0.39317322,0.3912506,0.38479614,0.368515,88266.31,294.32642,0.20553112,-0.53713894,198.05826,37.139862,191.35760498046875,140.34981536865234
Kampala,2014-11,11573.29113153154,0.4988173897120534,19.0,0.0720095219202539,0.927990478079746,0.5011826102879465,1.0000305189751728,3.000045778462759,0.3152,32.5816,0.300000000000001,32.60000000000005,0.0045117876,0.0006823838,-0.0038426863,291.94092,1.0,0.00017340481,294.8955,295.4641,295.45508,295.41846,295.1858,0.389328,0.386261,0.37661743,0.37045288,88239.56,294.49194,0.13977051,-0.12504673,189.77943,16.229141,202.05096944173175,148.69989013671875
Kampala,2014-12,11573.29113153154,0.4988173897120534,19.0,0.0720095219202539,0.927990478079746,0.5011826102879465,1.0000305189751728,3.000045778462759,0.3152,32.5816,0.300000000000001,32.60000000000005,0.0034589283,0.00053011626,-0.0039517935,291.677,1.0,0.00015699863,294.96362,295.50415,295.45068,295.32324,295.239,0.38041687,0.37731934,0.37745667,0.37231445,88243.56,294.87695,-0.09026337,0.7718506,98.11225,-20.246078,161.98331451416016,150.52336756388345
Kampala,2015-01,11573.29113153154,0.4988173897120534,19.0,0.0720095219202539,0.927990478079746,0.5011826102879465,1.0000305189751728,3.000045778462759,0.3152,32.5816,0.300000000000001,32.60000000000005,0.0011102292,0.0003645867,-0.004767576,288.11206,1.0,3.950298e-05,295.8457,296.50977,296.34766,295.95386,295.4314,0.26127625,0.27372742,0.32528687,0.366333,88228.875,296.15356,0.07088089,-0.13889313,3.3419693,-74.82086,97.07788491249084,144.2177449464798
Kampala,2015-02,11573.29113153154,0.4988173897120534,19.0,0.0720095219202539,0.927990478079746,0.5011826102879465,1.0000305189751728,3.000045778462759,0.3152,32.5816,0.300000000000001,32.60000000000005,0.002854246,0.00027252734,-0.004060246,291.83667,1.0,6.759167e-05,296.84082,297.44678,297.2954,296.81226,295.8777,0.28404236,0.2536621,0.27609253,0.35494995,88122.56,296.58154,0.012041092,1.8088484,32.74727,-30.693665,44.7338297367096,123.39239958922067
Kampala,2015-03,11573.29113153154,0.4988173897120534,19.0,0.0720095219202539,0.927990478079746,0.5011826102879465,1.0000305189751728,3.000045778462759,0.3152,32.5816,0.300000000000001,32.60000000000005,0.004059291,0.00023342669,-0.0038417187,291.46948,1.0,0.00011371076,296.66064,297.3833,297.3755,297.18652,296.3838,0.28627014,0.2597351,0.25300598,0.34376526,88130.125,296.3977,0.48103333,1.7296314,124.63069,-21.277267,53.5733098189036,107.77831216653188
Kampala,2015-04,11573.29113153154,0.4988173897120534,19.0,0.0720095219202539,0.927990478079746,0.5011826102879465,1.0000305189751728,3.000045778462759,0.3152,32.5816,0.300000000000001,32.60000000000005,0.0060080523,0.00044495612,-0.0035017077,291.81958,1.0,0.00018423796,294.59424,295.2229,295.32764,295.72998,296.40234,0.39500427,0.3859253,0.32060242,0.3371277,88295.25,294.50952,0.07251263,1.6909065,192.64421,9.053543,116.67405700683594,106.8759709596634
Kampala,2015-05,11573.29113153154,0.4988173897120534,19.0,0.0720095219202539,0.927990478079746,0.5011826102879465,1.0000305189751728,3.000045778462759,0.3152,32.5816,0.300000000000001,32.60000000000005,0.007098371,0.0010695457,-0.0036602402,292.03198,1.0,0.00019006431,294.61328,295.2041,295.28198,295.49072,296.00244,0.40698242,0.40586853,0.39285278,0.34873962,88363.25,294.59985,-0.08842087,2.0414658,115.82005,-28.452484,144.36498514811197,94.54940744241078
Kampala,2015-06,11573.29113153154,0.4988173897120534,19.0,0.0720095219202539,0.927990478079746,0.5011826102879465,1.0000305189751728,3.000045778462759,0.3152,32.5816,0.300000000000001,32.60000000000005,0.004979809,0.0011199936,-0.0035638083,291.63354,1.0,0.00017049909,294.54028,295.11743,295.156,295.3125,295.71826,0.40216064,0.40333557,0.40245056,0.37449646,88410.5,294.32886,-0.0678606,0.5209093,117.47493,45.719856,141.97973124186197,97.7765205303828
Kampala,2015-07,11573.29113153154,0.4988173897120534,19.0,0.0720095219202539,0.927990478079746,0.5011826102879465,1.0000305189751728,3.000045778462759,0.3152,32.5816,0.300000000000001,32.60000000000005,0.0035692977,0.00105232,-0.0036682468,290.8225,1.0,9.652972e-05,294.34546,294.95703,295.01953,295.19165,295.49805,0.36064148,0.36297607,0.37693787,0.3815155,88431.125,294.417,0.034537315,0.89028454,39.454147,-19.647053,90.91637674967448,103.7952168782552
Kampala,2015-08,11573.29113153154,0.4988173897120534,19.0,0.0720095219202539,0.927990478079746,0.5011826102879465,1.0000305189751728,3.000045778462759,0.3152,32.5816,0.300000000000001,32.60000000000005,0.0023337936,0.00057549775,-0.0040454967,290.89673,1.0,8.562207e-05,294.90234,295.4807,295.41992,295.30957,295.35327,0.3449707,0.346344,0.35646057,0.3759308,88361.875,294.77563,-0.08957386,0.7251959,98.46303,7.451233,85.13070170084636,114.74784342447916
Kampala,2015-09,11573.29113153154,0.4988173897120534,19.0,0.0720095219202539,0.927990478079746,0.5011826102879465,1.0000305189751728,3.000045778462759,0.3152,32.5816,0.300000000000001,32.60000000000005,0.003930801,0.00043015182,-0.004043473,291.9353,1.0,0.00013069808,295.312,295.89087,295.83838,295.67822,295.43652,0.36294556,0.34872437,0.33125305,0.36817932,88313.375,295.01025,0.094825745,0.09360981,85.21306,-50.882156,74.37674458821614,108.17823791503906
Kampala,2015-10,11573.29113153154,0.4988173897120534,19.0,0.0720095219202539,0.927990478079746,0.5011826102879465,1.0000305189751728,3.000045778462759,0.3152,32.5816,0.300000000000001,32.60000000000005,0.0061708065,0.0007432401,-0.0036161793,292.24414,1.0,0.0002193898,295.03198,295.6538,295.71387,295.80713,295.6311,0.38867188,0.38102722,0.34695435,0.36169434,88287.625,294.64575,0.37096882,-0.33396816,256.15668,95.23828,146.61092122395834,118.7636489868164
Kampala,2015-11,11573.29113153154,0.4988173897120534,19.0,0.0720095219202539,0.927990478079746,0.5011826102879465,1.0000305189751728,3.000045778462759,0.3152,32.5816,0.300000000000001,32.60000000000005,0.0067200186,0.001418829,-0.0032360833,291.7849,1.0,0.00025592744,294.20093,294.7727,294.8484,295.05933,295.49316,0.40994263,0.41070557,0.4058075,0.37348938,88262.875,293.89478,0.21203995,-0.13979816,231.51794,57.96765,190.96256001790368,138.046630859375
Kampala,2015-12,11573.29113153154,0.4988173897120534,19.0,0.0720095219202539,0.927990478079746,0.5011826102879465,1.0000305189751728,3.000045778462759,0.3152,32.5816,0.300000000000001,32.60000000000005,0.0046241153,0.0014329106,-0.0037222896,291.84888,1.0,0.00019259751,294.91064,295.39185,295.32715,295.21973,295.3015,0.40301514,0.4041748,0.40367126,0.3945465,88356.44,294.64722,0.057263374,-0.28958893,134.86438,16.50605,207.51300048828125,140.9448725382487
Kampala,2016-01,11573.29113153154,0.4988173897120534,19.0,0.0720095219202539,0.927990478079746,0.5011826102879465,1.0000305189751728,3.000045778462759,0.3152,32.5816,0.300000000000001,32.60000000000005,0.0039706132,0.0012675375,-0.0041283285,291.73706,1.0,0.00013794005,295.6963,296.21313,296.1477,295.92358,295.46875,0.38575745,0.38842773,0.39253235,0.39463806,88289.19,295.67798,-0.045288086,0.46164322,90.55725,12.394417,152.31319173177084,149.4620564778646
Kampala,2016-02,11573.29113153154,0.4988173897120534,19.0,0.0720095219202539,0.927990478079746,0.5011826102879465,1.0000305189751728,3.000045778462759,0.3152,32.5816,0.300000000000001,32.60000000000005,0.0015184847,0.0007221252,-0.004434307,292.15894,1.0,5.850196e-05,297.36768,297.84058,297.55615,296.79907,295.83374,0.28712463,0.28961182,0.3408966,0.38746643,88206.06,297.20728,-0.1004467,1.4203205,18.243587,-45.197346,81.2217394510905,136.09214973449707
Kampala,2016-03,11573.29113153154,0.4988173897120534,19.0,0.0720095219202539,0.927990478079746,0.5011826102879465,1.0000305189751728,3.000045778462759,0.3152,32.5816,0.300000000000001,32.60000000000005,0.002524814,0.00042541325,-0.004154223,292.8423,1.0,7.1555376e-05,297.68018,298.26,298.11328,297.61572,296.53613,0.28211975,0.26263428,0.29226685,0.37236023,88196.875,297.2671,0.5219536,1.739049,75.87727,-70.030685,61.55937067667643,134.53618558247885
Kampala,2016-04,11573.29113153154,0.4988173897120534,19.0,0.0720095219202539,0.927990478079746,0.5011826102879465,1.0000305189751728,3.000045778462759,0.3152,32.5816,0.300000000000001,32.60000000000005,0.009082088,0.0014296994,-0.003251643,292.69165,1.0,0.00023148954,295.10864,295.79102,296.0061,296.54883,296.8296,0.40382385,0.39689636,0.35499573,0.36434937,88254.94,295.0437,0.32509995,1.6127653,263.18732,79.59665,119.10272598266602,135.70795885721842
Kampala,2016-05,11573.29113153154,0.4988173897120534,19.0,0.0720095219202539,0.927990478079746,0.5011826102879465,1.0000305189751728,3.000045778462759,0.3152,32.5816,0.300000000000001,32.60000000000005,0.004153111,0.0010137558,-0.0037253117,292.00903,1.0,0.0001539886,294.9297,295.53027,295.58813,295.79614,296.42017,0.39457703,0.39500427,0.39857483,0.3820343,88416.31,294.89185,-0.0570364,1.4765053,146.03859,1.7660522,161.70105997721353,121.46139971415202
Kampala,2016-06,11573.29113153154,0.4988173897120534,19.0,0.0720095219202539,0.927990478079746,0.5011826102879465,1.0000305189751728,3.000045778462759,0.3152,32.5816,0.300000000000001,32.60000000000005,0.001299892,0.0005812198,-0.0036965245,290.43652,1.0,5.8352947e-05,294.36304,295.05273,295.19873,295.59106,296.1206,0.31608582,0.31492615,0.34677124,0.38049316,88494.06,294.54883,0.17626762,1.892952,33.163532,-38.59154,147.4631462097168,104.5112584431966
Kampala,2016-07,11573.29113153154,0.4988173897120534,19.0,0.0720095219202539,0.927990478079746,0.5011826102879465,1.0000305189751728,3.000045778462759,0.3152,32.5816,0.300000000000001,32.60000000000005,0.0010989251,0.00037363172,-0.0033129323,289.83813,1.0,3.4853816e-05,294.73315,295.36743,295.35083,295.38818,295.77612,0.23864746,0.24017334,0.29841614,0.3687744,88406.56,294.49292,-0.02763176,0.938035,64.215576,5.114376,81.13923263549805,100.12097930908205
Kampala,2016-08,11573.29113153154,0.4988173897120534,19.0,0.0720095219202539,0.927990478079746,0.5011826102879465,1.0000305189751728,3.000045778462759,0.3152,32.5816,0.300000000000001,32.60000000000005,0.0023616313,0.00025114417,-0.0035162242,290.38184,1.0,8.3461404e-05,294.81152,295.47266,295.49146,295.53906,295.6504,0.28009033,0.25279236,0.26953125,0.3560791,88399.625,294.51123,-0.12153816,0.53328705,73.32354,-17.688255,56.90088272094727,109.3009713490804
Kampala,2016-09,11573.29113153154,0.4988173897120534,19.0,0.0720095219202539,0.927990478079746,0.5011826102879465,1.0000305189751728,3.000045778462759,0.3152,32.5816,0.300000000000001,32.60000000000005,0.0028746559,0.00017790496,-0.0036405455,291.28613,1.0,0.00012151897,295.6145,296.24023,296.1455,295.90796,295.66235,0.27819824,0.23672485,0.25012207,0.34454346,88338.5,295.09644,-0.1632843,-0.044491768,128.7913,-7.3039093,88.7768071492513,118.11997667948404
Kampala,2016-10,11573.29113153154,0.4988173897120534,19.0,0.0720095219202539,0.927990478079746,0.5011826102879465,1.0000305189751728,3.000045778462759,0.3152,32.5816,0.300000000000001,32.60000000000005,0.003696951,0.0001533106,-0.003987401,291.95776,1.0,0.00013923645,295.771,296.3728,296.313,296.12134,295.8225,0.3383484,0.31614685,0.25605774,0.3352356,88201.125,295.34326,0.06442547,-0.006713867,72.66074,-88.25765,91.59186299641928,86.36554781595866
Kampala,2016-11,11573.29113153154,0.4988173897120534,19.0,0.0720095219202539,0.927990478079746,0.5011826102879465,1.0000305189751728,3.000045778462759,0.3152,32.5816,0.300000000000001,32.60000000000005,0.005629368,0.0003786683,-0.0038351463,292.00732,1.0,0.00019022822,295.25195,295.87183,295.9104,295.9917,295.96167,0.37654114,0.36039734,0.28883362,0.3286438,88219.625,294.91333,0.1770277,0.68661594,154.48825,-19.062042,118.64676666259766,87.77382469177246
Kampala,2016-12,11573.29113153154,0.4988173897120534,19.0,0.0720095219202539,0.927990478079746,0.5011826102879465,1.0000305189751728,3.000045778462759,0.3152,32.5816,0.300000000000001,32.60000000000005,0.0024343,0.00013449043,-0.0040778797,291.20605,1.0,8.396804e-05,295.75244,296.31958,296.24536,296.04663,295.93774,0.32714844,0.32907104,0.3209839,0.32569885,88192.94,295.54517,0.03758335,0.9485712,39.948917,-78.40941,89.03263727823894,88.90472221374512
Kampala,2017-01,11573.29113153154,0.4988173897120534,19.0,0.0720095219202539,0.927990478079746,0.5011826102879465,1.0000305189751728,3.000045778462759,0.3152,32.5816,0.300000000000001,32.60000000000005,0.0017478693,8.7574124e-05,-0.0038382504,290.58252,1.0,5.6371093e-05,296.4214,297.08838,297.01343,296.75464,296.16943,0.24423218,0.23432922,0.27947998,0.3208313,88158.25,296.0647,-0.12979412,1.0476284,18.339045,-59.82379,70.92540423075359,81.25863361358643
Kampala,2017-02,11573.29113153154,0.4988173897120534,19.0,0.0720095219202539,0.927990478079746,0.5011826102879465,1.0000305189751728,3.000045778462759,0.3152,32.5816,0.300000000000001,32.60000000000005,0.0053561716,0.00023707002,-0.003905842,291.76123,1.0,0.00012332201,296.21118,296.89282,296.8899,296.8396,296.458,0.31573486,0.2791443,0.25027466,0.31471252,88164.0,295.82593,0.4040146,1.2630863,98.00372,34.56279,52.097228368123375,85.37199751536052
Kampala,2017-03,11573.29113153154,0.4988173897120534,19.0,0.0720095219202539,0.927990478079746,0.5011826102879465,1.0000305189751728,3.000045778462759,0.3152,32.5816,0.300000000000001,32.60000000000005,0.0050470796,0.00038903952,-0.004075315,292.3601,1.0,0.00011084974,295.83936,296.4768,296.4729,296.4878,296.52808,0.37062073,0.3621521,0.29777527,0.31062317,88163.75,295.63745,0.4799204,2.2601614,170.5929,24.684937,95.6452210744222,92.33892917633057
Kampala,2017-04,11573.29113153154,0.4988173897120534,19.0,0.0720095219202539,0.927990478079746,0.5011826102879465,1.0000305189751728,3.000045778462759,0.3152,32.5816,0.300000000000001,32.60000000000005,0.0053804116,0.00041159242,-0.0039057396,292.28076,1.0,0.00013282895,295.37427,296.04492,296.136,296.34033,296.50977,0.3824463,0.373703,0.3306427,0.31015015,88220.56,295.29492,0.64364815,1.9970932,161.13992,-22.450745,143.24551391601562,107.0854590733846
Kampala,2017-05,11573.29113153154,0.4988173897120534,19.0,0.0720095219202539,0.927990478079746,0.5011826102879465,1.0000305189751728,3.000045778462759,0.3152,32.5816,0.300000000000001,32.60000000000005,0.004976525,0.00052476674,-0.0036975248,291.9939,1.0,0.00016508996,294.76953,295.33057,295.365,295.5354,296.17505,0.39559937,0.39485168,0.38331604,0.3235321,88353.94,294.646,0.20615864,1.766819,104.468704,-39.803833,145.40050760904947,98.74886798858644
Kampala,2017-06,11573.29113153154,0.4988173897120534,19.0,0.0720095219202539,0.927990478079746,0.5011826102879465,1.0000305189751728,3.000045778462759,0.3152,32.5816,0.300000000000001,32.60000000000005,0.0032444499,0.0003694147,-0.0037015406,291.38818,1.0,8.521974e-05,294.7859,295.40308,295.47778,295.68652,295.96045,0.36793518,0.3635254,0.35839844,0.33319092,88349.31,294.71533,0.21950626,0.8773985,43.80787,-27.947205,103.13883209228516,99.39202658335368
Kampala,2017-07,11573.29113153154,0.4988173897120534,19.0,0.0720095219202539,0.927990478079746,0.5011826102879465,1.0000305189751728,3.000045778462759,0.3152,32.5816,0.300000000000001,32.60000000000005,0.0025196369,0.00022777915,-0.0034682127,290.85938,1.0,9.740889e-05,294.5525,295.1494,295.1809,295.3181,295.70996,0.3412323,0.33631897,0.33692932,0.33283997,88446.25,294.25586,-0.05278492,-0.26249886,92.360725,33.259525,80.21243286132812,111.72897338867188
Kampala,2017-08,11573.29113153154,0.4988173897120534,19.0,0.0720095219202539,0.927990478079746,0.5011826102879465,1.0000305189751728,3.000045778462759,0.3152,32.5816,0.300000000000001,32.60000000000005,0.0033353958,0.00021351874,-0.0037822686,291.28662,1.0,0.00013534725,294.77344,295.3833,295.3916,295.4087,295.5515,0.36006165,0.34701538,0.32061768,0.32965088,88341.44,294.41577,0.07284927,-0.32145786,67.65143,-23.360367,67.94000752766927,106.67025756835938
Kampala,2017-09,11573.29113153154,0.4988173897120534,19.0,0.0720095219202539,0.927990478079746,0.5011826102879465,1.0000305189751728,3.000045778462759,0.3152,32.5816,0.300000000000001,32.60000000000005,0.0045821657,0.0003052652,-0.0038270224,291.844,1.0,0.00018392503,294.87988,295.5127,295.51416,295.5127,295.51294,0.37782288,0.365448,0.32551575,0.3266449,88330.375,294.44897,0.1279831,-0.5500841,174.83968,38.74446,111.61727650960286,107.37805430094402
Kampala,2017-10,11573.29113153154,0.4988173897120534,19.0,0.0720095219202539,0.927990478079746,0.5011826102879465,1.0000305189751728,3.000045778462759,0.3152,32.5816,0.300000000000001,32.60000000000005,0.0034095605,0.00022738427,-0.004009431,292.00366,1.0,0.00014574826,295.511,296.10474,296.04688,295.88452,295.60693,0.3534546,0.34317017,0.330307,0.32463074,88217.81,294.99048,0.18290806,-0.54144573,93.97234,-66.94605,112.15448252360028,96.1834576924642
Kampala,2017-11,11573.29113153154,0.4988173897120534,19.0,0.0720095219202539,0.927990478079746,0.5011826102879465,1.0000305189751728,3.000045778462759,0.3152,32.5816,0.300000000000001,32.60000000000005,0.005239069,0.00039636344,-0.0037420187,291.67188,1.0,0.00018663704,294.64136,295.25806,295.3164,295.46875,295.64746,0.3938446,0.3888855,0.35720825,0.32487488,88204.125,294.3186,0.20983696,0.34517002,178.13707,4.5867767,148.983029683431,108.46151860555013
Kampala,2017-12,11573.29113153154,0.4988173897120534,19.0,0.0720095219202539,0.927990478079746,0.5011826102879465,1.0000305189751728,3.000045778462759,0.3152,32.5816,0.300000000000001,32.60000000000005,0.0029380342,0.00021789223,-0.0040983716,291.86182,1.0,0.00010937452,295.53613,296.07275,295.99194,295.77417,295.60303,0.36380005,0.35827637,0.3577118,0.33016968,88178.31,295.3767,0.09115696,1.3421421,32.517574,-85.84076,101.54232915242513,106.579802831014
Kampala,2018-01,11573.29113153154,0.4988173897120534,19.0,0.0720095219202539,0.927990478079746,0.5011826102879465,1.0000305189751728,3.000045778462759,0.3152,32.5816,0.300000000000001,32.60000000000005,0.0027057508,0.00018592551,-0.004172723,290.6255,1.0,8.653104e-05,295.52417,296.1233,296.07788,295.99756,295.7749,0.3328247,0.32221985,0.31871033,0.32833862,88159.5,295.41357,0.23848152,1.241991,45.090164,-33.07267,85.24826939900716,98.70137596130373
Kampala,2018-02,11573.29113153154,0.4988173897120534,19.0,0.0720095219202539,0.927990478079746,0.5011826102879465,1.0000305189751728,3.000045778462759,0.3152,32.5816,0.300000000000001,32.60000000000005,0.0039009638,0.0002552718,-0.004077303,291.92358,1.0,9.152293e-05,296.36548,296.96533,296.8938,296.5791,295.98706,0.3264618,0.3056488,0.29135132,0.32374573,88064.0,296.1018,0.5249748,1.2422857,73.30967,9.868736,50.30580266316732,99.64441617329916
Kampala,2018-03,11573.29113153154,0.4988173897120534,19.0,0.0720095219202539,0.927990478079746,0.5011826102879465,1.0000305189751728,3.000045778462759,0.3152,32.5816,0.300000000000001,32.60000000000005,0.007172269,0.0006426349,-0.0038187671,291.85986,1.0,0.00020320714,294.96558,295.6167,295.68774,295.91504,296.1089,0.39842224,0.39305115,0.3505249,0.32296753,88209.94,294.76538,0.10571003,1.1101761,200.60367,54.69571,106.3345006306966,103.93841489156088
Kampala,2018-04,11573.29113153154,0.4988173897120534,19.0,0.0720095219202539,0.927990478079746,0.5011826102879465,1.0000305189751728,3.000045778462759,0.3152,32.5816,0.300000000000001,32.60000000000005,0.007933746,0.0016044974,-0.0032164073,291.6377,1.0,0.00026649237,293.99365,294.59717,294.73584,295.1333,295.82202,0.4151001,0.41583252,0.4083252,0.34960938,88265.56,293.95947,0.22698689,1.4632492,239.49261,55.901947,171.13531748453775,128.19179344177246
Kampala,2018-05,11573.29113153154,0.4988173897120534,19.0,0.0720095219202539,0.927990478079746,0.5011826102879465,1.0000305189751728,3.000045778462759,0.3152,32.5816,0.300000000000001,32.60000000000005,0.0057217237,0.0018708631,-0.0036429064,291.61597,1.0,0.0001885742,294.3667,294.9253,294.9541,295.08472,295.45776,0.40745544,0.40927124,0.40919495,0.38368225,88318.06,294.39795,0.0446043,2.2350426,92.4274,-51.84514,177.50789388020834,113.90684827168782
Kampala,2018-06,11573.29113153154,0.4988173897120534,19.0,0.0720095219202539,0.927990478079746,0.5011826102879465,1.0000305189751728,3.000045778462759,0.3152,32.5816,0.300000000000001,32.60000000000005,0.0032942854,0.0009893402,-0.0037469156,290.46777,1.0,0.00011919439,294.0298,294.65356,294.7295,294.92725,295.24976,0.3728943,0.37249756,0.37983704,0.39019775,88441.875,294.1023,-0.1381073,1.3277435,110.354866,38.599792,147.42495981852213,126.87973022460938
Kampala,2018-07,11573.29113153154,0.4988173897120534,19.0,0.0720095219202539,0.927990478079746,0.5011826102879465,1.0000305189751728,3.000045778462759,0.3152,32.5816,0.300000000000001,32.60000000000005,0.0019246348,0.0006158203,-0.00396365,289.33667,1.0,6.723404e-05,294.07495,294.69922,294.6936,294.7207,295.0027,0.319458,0.3234253,0.34591675,0.3821869,88485.31,294.19678,-0.2383728,2.4505348,32.80796,-26.29324,78.53007507324219,124.83269627888996
Kampala,2018-08,11573.29113153154,0.4988173897120534,19.0,0.0720095219202539,0.927990478079746,0.5011826102879465,1.0000305189751728,3.000045778462759,0.3152,32.5816,0.300000000000001,32.60000000000005,0.0034874994,0.0004259199,-0.0036991788,290.68604,1.0,0.00016774237,294.36694,294.96826,294.96973,294.97095,294.96216,0.34025574,0.31974792,0.30926514,0.37068176,88434.75,294.12305,-0.0069446564,0.36126328,118.41351,27.401718,87.19211324055989,132.35000356038412
Kampala,2018-09,11573.29113153154,0.4988173897120534,19.0,0.0720095219202539,0.927990478079746,0.5011826102879465,1.0000305189751728,3.000045778462759,0.3152,32.5816,0.300000000000001,32.60000000000005,0.0042953114,0.0004710555,-0.0038769888,291.7815,1.0,0.00012932718,294.96167,295.51392,295.44434,295.23413,294.99927,0.37548828,0.3684082,0.33346558,0.36227417,88252.06,294.63892,0.21128654,0.12576866,54.310497,-81.78471,68.5106569925944,107.96780840555827
Kampala,2018-10,11573.29113153154,0.4988173897120534,19.0,0.0720095219202539,0.927990478079746,0.5011826102879465,1.0000305189751728,3.000045778462759,0.3152,32.5816,0.300000000000001,32.60000000000005,0.0047968356,0.00043813884,-0.0039808583,291.83862,1.0,0.00016833842,294.92773,295.5205,295.50415,295.438,295.19995,0.38589478,0.37930298,0.35276794,0.35795593,88258.19,294.64746,0.11783695,0.15988827,162.26312,1.3447266,111.66237767537434,95.09622637430827
Kampala,2018-11,11573.29113153154,0.4988173897120534,19.0,0.0720095219202539,0.927990478079746,0.5011826102879465,1.0000305189751728,3.000045778462759,0.3152,32.5816,0.300000000000001,32.60000000000005,0.005729544,0.0013481304,-0.0038565705,292.35474,1.0,0.00018531084,295.20728,295.71387,295.65747,295.51172,295.2981,0.39979553,0.3986206,0.3895111,0.363266,88208.875,294.92285,0.2926092,0.3295431,130.76518,-42.78511,115.7796007792155,101.4858570098877
Kampala,2018-12,11573.29113153154,0.4988173897120534,19.0,0.0720095219202539,0.927990478079746,0.5011826102879465,1.0000305189751728,3.000045778462759,0.3152,32.5816,0.300000000000001,32.60000000000005,0.004830709,0.00075638294,-0.0038477592,291.82593,1.0,0.0001899898,294.84277,295.4148,295.4265,295.44238,295.41602,0.39637756,0.39448547,0.38705444,0.3700409,88286.19,294.71338,0.3087225,0.8228235,159.51692,41.158592,150.8484090169271,109.67953300476074
Kampala,2019-01,11573.29113153154,0.4988173897120534,19.0,0.0720095219202539,0.927990478079746,0.5011826102879465,1.0000305189751728,3.000045778462759,0.3152,32.5816,0.300000000000001,32.60000000000005,0.003429534,0.0006051287,-0.004269249,292.01953,1.0,0.00012302399,295.61768,296.16772,296.08008,295.8374,295.5078,0.37911987,0.37687683,0.37342834,0.37290955,88255.625,295.5691,0.11961746,1.5476627,87.966286,9.803452,126.08279673258464,118.87258720397948
Kampala,2019-02,11573.29113153154,0.4988173897120534,19.0,0.0720095219202539,0.927990478079746,0.5011826102879465,1.0000305189751728,3.000045778462759,0.3152,32.5816,0.300000000000001,32.60000000000005,0.003079367,0.00045443326,-0.00439219,292.06592,1.0,7.233024e-05,296.511,297.0713,296.94214,296.57227,295.83374,0.33665466,0.32940674,0.33854675,0.36784363,88183.625,296.37866,0.43079472,1.5859804,96.06995,32.629013,114.51771799723308,115.14865938822427
Kampala,2019-03,11573.29113153154,0.4988173897120534,19.0,0.0720095219202539,0.927990478079746,0.5011826102879465,1.0000305189751728,3.000045778462759,0.3152,32.5816,0.300000000000001,32.60000000000005,0.004165343,0.0004043281,-0.004492813,292.61475,1.0,0.00010454655,296.69043,297.3269,297.23804,296.90576,296.23218,0.3597107,0.34890747,0.3265381,0.36062622,88207.81,296.34644,0.40915966,1.4402008,62.15656,-83.7514,82.06426366170247,116.45633633931476
Kampala,2019-04,11573.29113153154,0.4988173897120534,19.0,0.0720095219202539,0.927990478079746,0.5011826102879465,1.0000305189751728,3.000045778462759,0.3152,32.5816,0.300000000000001,32.60000000000005,0.0065362263,0.0010522678,-0.0038810405,292.67017,1.0,0.00014857948,295.89526,296.52563,296.56958,296.66968,296.53906,0.38703918,0.38253784,0.34776306,0.35539246,88217.31,295.6831,0.6545267,1.7369757,146.73315,-36.857513,101.65321985880534,113.868008295695
Kampala,2019-05,11573.29113153154,0.4988173897120534,19.0,0.0720095219202539,0.927990478079746,0.5011826102879465,1.0000305189751728,3.000045778462759,0.3152,32.5816,0.300000000000001,32.60000000000005,0.0068908744,0.0015603304,-0.0034359936,292.42896,1.0,0.00023084879,294.7129,295.3418,295.4812,295.86694,296.4165,0.4116211,0.4120636,0.4041443,0.36897278,88295.625,294.7124,0.24234867,2.1723366,248.75197,104.47943,152.5472272237142,133.53247261047363
Kampala,2019-06,11573.29113153154,0.4988173897120534,19.0,0.0720095219202539,0.927990478079746,0.5011826102879465,1.0000305189751728,3.000045778462759,0.3152,32.5816,0.300000000000001,32.60000000000005,0.0047046775,0.0011975318,-0.0033465233,291.739,1.0,0.00021462142,294.3916,294.99634,295.08643,295.3401,295.96777,0.39961243,0.39912415,0.39656067,0.38726807,88448.875,294.11768,0.05880642,0.12493992,153.88087,82.1258,183.1219991048177,132.5931313832601
Kampala,2019-07,11573.29113153154,0.4988173897120534,19.0,0.0720095219202539,0.927990478079746,0.5011826102879465,1.0000305189751728,3.000045778462759,0.3152,32.5816,0.300000000000001,32.60000000000005,0.0032218352,0.0011566579,-0.0035092365,291.1416,1.0,0.0001296252,294.2666,294.85547,294.90503,295.0869,295.5962,0.38882446,0.3912201,0.3955078,0.39141846,88395.69,294.03296,-0.0750494,-0.045567513,70.42909,11.327892,157.68731180826822,129.67026583353675
Kampala,2019-08,11573.29113153154,0.4988173897120534,19.0,0.0720095219202539,0.927990478079746,0.5011826102879465,1.0000305189751728,3.000045778462759,0.3152,32.5816,0.300000000000001,32.60000000000005,0.0038681442,0.00078466535,-0.003908083,291.36548,1.0,0.00013676286,294.68604,295.3147,295.3164,295.32837,295.41333,0.37472534,0.36772156,0.36001587,0.3865509,88449.56,294.32422,-0.10276985,-0.32203388,80.78558,-10.226212,101.69851684570312,127.12287203470866
Kampala,2019-09,11573.29113153154,0.4988173897120534,19.0,0.0720095219202539,0.927990478079746,0.5011826102879465,1.0000305189751728,3.000045778462759,0.3152,32.5816,0.300000000000001,32.60000000000005,0.004277139,0.0007090196,-0.003929876,291.85596,1.0,0.0001655668,294.8806,295.4729,295.44238,295.3767,295.3694,0.3860016,0.38171387,0.3670349,0.3798828,88330.5,294.49365,-0.009885788,-0.4426918,139.78493,3.6897125,96.99986775716144,140.0609334309896
Kampala,2019-10,11573.29113153154,0.4988173897120534,19.0,0.0720095219202539,0.927990478079746,0.5011826102879465,1.0000305189751728,3.000045778462759,0.3152,32.5816,0.300000000000001,32.60000000000005,0.0068687177,0.0013677999,-0.003501216,291.78394,1.0,0.00026863813,294.27368,294.86646,294.94385,295.135,295.34546,0.41262817,0.41210938,0.4013977,0.3847351,88216.69,293.8911,0.23839188,-0.23915768,281.64334,120.724945,167.4046173095703,162.54596455891928
Kampala,2019-11,11573.29113153154,0.4988173897120534,19.0,0.0720095219202539,0.927990478079746,0.5011826102879465,1.0000305189751728,3.000045778462759,0.3152,32.5816,0.300000000000001,32.60000000000005,0.006125075,0.0019980818,-0.0035812594,292.0669,1.0,0.00022216141,294.70532,295.21094,295.18433,295.15137,295.22363,0.40867615,0.40997314,0.40956116,0.4016571,88200.06,294.38037,0.029784203,-0.042769432,187.33456,13.784271,202.9209442138672,152.30973052978516
Kampala,2019-12,11573.29113153154,0.4988173897120534,19.0,0.0720095219202539,0.927990478079746,0.5011826102879465,1.0000305189751728,3.000045778462759,0.3152,32.5816,0.300000000000001,32.60000000000005,0.0053834626,0.0029934272,-0.0034945868,291.68652,1.0,0.00021980703,294.47217,295.0039,295.0171,295.052,295.15942,0.4035797,0.40585327,0.4107666,0.41508484,88240.81,294.33057,0.12161255,-0.40464783,293.8498,175.49146,254.2758992513021,175.63788350423178
Kampala,2020-01,11573.29113153154,0.4988173897120534,19.0,0.0720095219202539,0.927990478079746,0.5011826102879465,1.0000305189751728,3.000045778462759,0.3152,32.5816,0.300000000000001,32.60000000000005,0.0047423188,0.001690641,-0.004182063,291.1338,1.0,0.00016084313,295.4441,296.00244,295.95728,295.7495,295.26904,0.37329102,0.3738098,0.37487793,0.405365,88275.56,295.4226,-0.025050163,-0.086195946,75.78913,-2.373703,185.657829284668,176.53122329711914
Kampala,2020-02,11573.29113153154,0.4988173897120534,19.0,0.0720095219202539,0.927990478079746,0.5011826102879465,1.0000305189751728,3.000045778462759,0.3152,32.5816,0.300000000000001,32.60000000000005,0.004299655,0.0011458471,-0.0041477904,292.20435,1.0,0.00014849007,295.85913,296.34375,296.2046,295.87402,295.49414,0.38435364,0.38061523,0.37220764,0.39494324,88273.75,295.77417,-0.15359688,1.0330286,117.73465,54.293716,162.45785776774088,182.68940099080405
Kampala,2020-03,11573.29113153154,0.4988173897120534,19.0,0.0720095219202539,0.927990478079746,0.5011826102879465,1.0000305189751728,3.000045778462759,0.3152,32.5816,0.300000000000001,32.60000000000005,0.008021177,0.0026435778,-0.0037080282,292.55737,1.0,0.00018966198,295.3098,295.8711,295.88843,295.94043,295.76953,0.41044617,0.4112854,0.40483093,0.39511108,88244.375,295.2505,0.056038857,1.59762,265.3792,119.47125,152.96766408284506,203.6217816670736
Kampala,2020-04,11573.29113153154,0.4988173897120534,19.0,0.0720095219202539,0.927990478079746,0.5011826102879465,1.0000305189751728,3.000045778462759,0.3152,32.5816,0.300000000000001,32.60000000000005,0.0077703036,0.003254354,-0.0038856491,292.35864,1.0,0.00021393597,295.1621,295.77222,295.80884,295.87305,295.8545,0.401474,0.4013672,0.40556335,0.4076233,88306.56,295.1421,0.26616764,2.1642284,188.13307,4.542404,190.41564432779947,188.03673680623373
Kampala,2020-05,11573.29113153154,0.4988173897120534,19.0,0.0720095219202539,0.927990478079746,0.5011826102879465,1.0000305189751728,3.000045778462759,0.3152,32.5816,0.300000000000001,32.60000000000005,0.0049270242,0.0035719424,-0.0036314558,291.85645,1.0,0.00015632808,294.65747,295.19043,295.20264,295.2727,295.63525,0.3961029,0.39834595,0.40724182,0.41931152,88434.375,294.71484,0.11216164,2.1798573,141.2089,-3.0636444,198.24039204915368,180.3491249084473
Kampala,2020-06,11573.29113153154,0.4988173897120534,19.0,0.0720095219202539,0.927990478079746,0.5011826102879465,1.0000305189751728,3.000045778462759,0.3152,32.5816,0.300000000000001,32.60000000000005,0.003507851,0.001437828,-0.003829916,290.72632,1.0,0.0001039654,294.3291,294.94946,295.02393,295.22876,295.48657,0.37057495,0.36595154,0.36376953,0.404068,88415.25,294.406,0.044654846,1.6078663,51.4987,-20.256374,126.9468879699707,139.95727602640787
Kampala,2020-07,11573.29113153154,0.4988173897120534,19.0,0.0720095219202539,0.927990478079746,0.5011826102879465,1.0000305189751728,3.000045778462759,0.3152,32.5816,0.300000000000001,32.60000000000005,0.0030848722,0.00088360906,-0.0037745656,290.01685,1.0,8.6307526e-05,294.177,294.78833,294.8296,294.9602,295.2881,0.35812378,0.3538208,0.3513794,0.39082336,88337.19,294.14014,-0.11326122,1.4544249,95.9363,36.835102,96.21463139851888,143.31513786315918
Kampala,2020-08,11573.29113153154,0.4988173897120534,19.0,0.0720095219202539,0.927990478079746,0.5011826102879465,1.0000305189751728,3.000045778462759,0.3152,32.5816,0.300000000000001,32.60000000000005,0.0033615904,0.00060907006,-0.003679852,291.14673,1.0,0.00012978911,294.66113,295.2478,295.22974,295.17798,295.16382,0.33822632,0.32757568,0.32894897,0.37956238,88321.75,294.39087,-0.18431664,-0.20737076,87.034454,-3.9773407,78.15648523966472,138.19843864440918
Kampala,2020-09,11573.29113153154,0.4988173897120534,19.0,0.0720095219202539,0.927990478079746,0.5011826102879465,1.0000305189751728,3.000045778462759,0.3152,32.5816,0.300000000000001,32.60000000000005,0.00448698,0.00058861077,-0.004031867,291.56152,1.0,0.00016400218,294.90234,295.51587,295.4807,295.3723,295.219,0.37724304,0.369812,0.33850098,0.37054443,88283.5,294.4956,-0.025406837,-0.7436867,124.59219,-11.503021,102.52098337809244,114.73393567403156
Kampala,2020-10,11573.29113153154,0.4988173897120534,19.0,0.0720095219202539,0.927990478079746,0.5011826102879465,1.0000305189751728,3.000045778462759,0.3152,32.5816,0.300000000000001,32.60000000000005,0.005941157,0.00095116347,-0.0037034322,291.97876,1.0,0.00020211935,294.77612,295.39282,295.41577,295.44287,295.33057,0.39064026,0.38572693,0.36105347,0.36569214,88264.375,294.36133,0.15889645,-0.87428284,136.69897,-24.219421,116.10854085286458,106.16158612569173
Kampala,2020-11,11573.29113153154,0.4988173897120534,19.0,0.0720095219202539,0.927990478079746,0.5011826102879465,1.0000305189751728,3.000045778462759,0.3152,32.5816,0.300000000000001,32.60000000000005,0.0065275067,0.0018299818,-0.0036086133,291.74854,1.0,0.00025603175,294.53906,295.10205,295.11963,295.18213,295.31372,0.40672302,0.40750122,0.40592957,0.37939453,88261.75,294.3164,0.41672134,0.07501602,277.0739,103.52362,179.45502726236978,128.80575625101724
Kampala,2020-12,11573.29113153154,0.4988173897120534,19.0,0.0720095219202539,0.927990478079746,0.5011826102879465,1.0000305189751728,3.000045778462759,0.3152,32.5816,0.300000000000001,32.60000000000005,0.0032041296,0.0008841902,-0.003887347,291.45093,1.0,0.00012199581,294.66553,295.2212,295.19922,295.1621,295.23145,0.3850708,0.38430786,0.38694763,0.39016724,88223.125,294.65747,0.0758028,0.88325214,109.32309,-9.03524,174.36532592773438,138.44315465291342
Kampala,2021-01,11573.29113153154,0.4988173897120534,19.0,0.0720095219202539,0.927990478079746,0.5011826102879465,1.0000305189751728,3.000045778462759,0.3152,32.5816,0.300000000000001,32.60000000000005,0.003918652,0.0009165779,-0.0039283736,291.51245,1.0,0.00012417138,294.97705,295.5232,295.47632,295.35693,295.23608,0.38346863,0.3826294,0.37948608,0.38594055,88174.69,294.8999,0.060430527,1.6134939,151.78758,73.62475,179.39486185709634,147.75170135498047
Kampala,2021-02,11573.29113153154,0.4988173897120534,19.0,0.0720095219202539,0.927990478079746,0.5011826102879465,1.0000305189751728,3.000045778462759,0.3152,32.5816,0.300000000000001,32.60000000000005,0.0027432116,0.0006799847,-0.004268828,291.31934,1.0,7.110834e-05,296.12305,296.65723,296.51953,296.135,295.48242,0.34184265,0.3397522,0.3457489,0.3795166,88177.19,295.95312,-0.10666084,1.248292,95.55473,32.1138,118.88846842447916,149.17174784342447
Kampala,2021-03,11573.29113153154,0.4988173897120534,19.0,0.0720095219202539,0.927990478079746,0.5011826102879465,1.0000305189751728,3.000045778462759,0.3152,32.5816,0.300000000000001,32.60000000000005,0.0041146916,0.00050311536,-0.0042625824,291.79346,1.0,0.000106573105,295.87573,296.5454,296.5442,296.42334,295.8828,0.35603333,0.34602356,0.32458496,0.37028503,88109.06,295.6521,0.53624916,1.7946434,164.4609,18.552948,137.26774088541666,155.81653340657553
Kampala,2021-04,11573.29113153154,0.4988173897120534,19.0,0.0720095219202539,0.927990478079746,0.5011826102879465,1.0000305189751728,3.000045778462759,0.3152,32.5816,0.300000000000001,32.60000000000005,0.006027646,0.00087784976,-0.003726989,291.93262,1.0,0.0001617074,294.74048,295.35815,295.41626,295.63208,295.93652,0.39604187,0.3914795,0.36054993,0.36457825,88242.81,294.65894,0.23306179,2.3092985,223.09029,39.49962,161.03530883789062,170.2150853474935
Kampala,2021-05,11573.29113153154,0.4988173897120534,19.0,0.0720095219202539,0.927990478079746,0.5011826102879465,1.0000305189751728,3.000045778462759,0.3152,32.5816,0.300000000000001,32.60000000000005,0.0054727113,0.0013806,-0.0036591412,291.55542,1.0,0.00017906725,294.6482,295.19702,295.21338,295.29688,295.66577,0.3944397,0.39779663,0.40298462,0.38198853,88346.625,294.60742,0.17279911,1.5056896,152.48486,8.212326,180.01201883951822,149.4502436319987
Kampala,2021-06,11573.29113153154,0.4988173897120534,19.0,0.0720095219202539,0.927990478079746,0.5011826102879465,1.0000305189751728,3.000045778462759,0.3152,32.5816,0.300000000000001,32.60000000000005,0.0023908846,0.000703685,-0.0038156668,290.2024,1.0,7.380545e-05,294.32104,294.99854,295.09766,295.30664,295.53735,0.3380432,0.33677673,0.35256958,0.3852234,88393.69,294.4922,0.20656013,2.2187614,74.537926,2.7828522,150.03769175211588,143.65271631876627
Kampala,2021-07,11573.29113153154,0.4988173897120534,19.0,0.0720095219202539,0.927990478079746,0.5011826102879465,1.0000305189751728,3.000045778462759,0.3152,32.5816,0.300000000000001,32.60000000000005,0.0016646043,0.00045057386,-0.0037121894,289.1848,1.0,5.0604343e-05,294.1892,294.8247,294.8518,294.97998,295.3186,0.30334473,0.30271912,0.31651306,0.37409973,88470.375,294.281,-0.100173,2.2650166,49.03768,-10.063519,92.02015686035156,126.5277328491211
Kampala,2021-08,11573.29113153154,0.4988173897120534,19.0,0.0720095219202539,0.927990478079746,0.5011826102879465,1.0000305189751728,3.000045778462759,0.3152,32.5816,0.300000000000001,32.60000000000005,0.0028013883,0.00032488257,-0.0036960281,290.30762,1.0,9.943545e-05,294.65283,295.25732,295.21973,295.16528,295.21216,0.30625916,0.29255676,0.29023743,0.36213684,88374.94,294.40112,-0.03861618,0.2955761,73.75808,-17.253716,65.77789560953777,122.894957224528
Kampala,2021-09,11573.29113153154,0.4988173897120534,19.0,0.0720095219202539,0.927990478079746,0.5011826102879465,1.0000305189751728,3.000045778462759,0.3152,32.5816,0.300000000000001,32.60000000000005,0.0044608046,0.00027792156,-0.0037978394,291.40332,1.0,0.00020238757,294.66675,295.29077,295.2832,295.23926,295.19604,0.358963,0.33813477,0.29429626,0.35256958,88317.19,294.24072,-0.01714325,-0.46698952,152.38911,16.2939,91.72829182942708,120.88299179077148
Kampala,2021-10,11573.29113153154,0.4988173897120534,19.0,0.0720095219202539,0.927990478079746,0.5011826102879465,1.0000305189751728,3.000045778462759,0.3152,32.5816,0.300000000000001,32.60000000000005,0.0047428557,0.00044814497,-0.004113163,291.80518,1.0,0.00015246868,295.3977,295.9773,295.90356,295.6831,295.3247,0.37052917,0.3639984,0.32836914,0.34658813,88230.375,294.95215,0.19709778,-0.25171852,166.05284,5.134445,130.73334503173828,111.37675094604492
Kampala,2021-11,11573.29113153154,0.4988173897120534,19.0,0.0720095219202539,0.927990478079746,0.5011826102879465,1.0000305189751728,3.000045778462759,0.3152,32.5816,0.300000000000001,32.60000000000005,0.0033741342,0.00021221489,-0.0040753577,291.59546,1.0,0.000115573406,295.6631,296.2644,296.22363,296.06128,295.5835,0.34230042,0.3327942,0.32847595,0.34295654,88186.5,295.24463,0.46391487,0.45287132,143.8328,-29.717499,154.09158325195312,109.93473943074544
Kampala,2021-12,11573.29113153154,0.4988173897120534,19.0,0.0720095219202539,0.927990478079746,0.5011826102879465,1.0000305189751728,3.000045778462759,0.3152,32.5816,0.300000000000001,32.60000000000005,0.0045648185,0.00037189573,-0.003923825,291.95703,1.0,0.00014698505,295.552,296.10767,296.07886,295.99292,295.7954,0.3714447,0.36099243,0.3238678,0.33883667,88192.81,295.3506,0.21504307,1.3577194,109.11744,-9.2408905,139.66769154866537,115.69799168904622
Kampala,2022-01,11573.29113153154,0.4988173897120534,19.0,0.0720095219202539,0.927990478079746,0.5011826102879465,1.0000305189751728,3.000045778462759,0.3152,32.5816,0.300000000000001,32.60000000000005,0.0019337231,0.00015225261,-0.0040828306,290.27246,1.0,7.040799e-05,295.5581,296.18115,296.15112,296.02588,295.89648,0.31217957,0.3191986,0.32751465,0.33644104,88208.81,295.45947,-0.13982296,0.5790911,49.314484,-28.84835,100.7549057006836,115.74412536621094
Kampala,2022-02,11573.29113153154,0.4988173897120534,19.0,0.0720095219202539,0.927990478079746,0.5011826102879465,1.0000305189751728,3.000045778462759,0.3152,32.5816,0.300000000000001,32.60000000000005,0.0033321478,0.0001539439,-0.003945535,291.43994,1.0,9.804964e-05,295.79297,296.38428,296.32397,296.2085,295.98193,0.34066772,0.31956482,0.2961731,0.33190918,88172.94,295.5398,-0.17489529,2.0750275,142.3094,78.86847,100.24710845947266,127.16934585571288
Kampala,2022-03,11573.29113153154,0.4988173897120534,19.0,0.0720095219202539,0.927990478079746,0.5011826102879465,1.0000305189751728,3.000045778462759,0.3152,32.5816,0.300000000000001,32.60000000000005,0.0028805363,0.00013092905,-0.004141312,291.6167,1.0,7.31498e-05,296.4397,297.09302,297.03638,296.81152,296.2395,0.30584717,0.28778076,0.27770996,0.3264618,88095.44,296.1504,0.23087502,1.8681936,101.94209,-43.965866,97.85532633463542,118.7615089416504
Kampala,2022-04,11573.29113153154,0.4988173897120534,19.0,0.0720095219202539,0.927990478079746,0.5011826102879465,1.0000305189751728,3.000045778462759,0.3152,32.5816,0.300000000000001,32.60000000000005,0.006003456,0.00072546303,-0.003402032,291.77295,1.0,0.00017809868,295.3667,296.03076,296.13037,296.40308,296.44995,0.34365845,0.325531,0.27612305,0.3206787,88141.06,295.1985,0.46735,1.450448,211.02966,27.438995,151.76038614908853,126.25764592488606
Kampala,2022-05,11573.29113153154,0.4988173897120534,19.0,0.0720095219202539,0.927990478079746,0.5011826102879465,1.0000305189751728,3.000045778462759,0.3152,32.5816,0.300000000000001,32.60000000000005,0.004724568,0.00039521605,-0.0036982093,291.708,1.0,0.00015068054,294.76416,295.36426,295.42285,295.6145,296.15576,0.38160706,0.3763733,0.35749817,0.32330322,88355.94,294.76392,0.3196125,1.759696,160.47565,16.20311,157.81580098470053,129.03145472208658
Kampala,2022-06,11573.29113153154,0.4988173897120534,19.0,0.0720095219202539,0.927990478079746,0.5011826102879465,1.0000305189751728,3.000045778462759,0.3152,32.5816,0.300000000000001,32.60000000000005,0.001348358,0.00014097989,-0.0037949793,289.89282,1.0,6.197393e-05,294.2622,294.93384,295.0088,295.2351,295.8286,0.32218933,0.3225708,0.34420776,0.32681274,88337.0,294.28247,-0.0013723373,2.1117353,39.23955,-32.515522,136.9149538675944,117.38514010111491
Kampala,2022-07,11573.29113153154,0.4988173897120534,19.0,0.0720095219202539,0.927990478079746,0.5011826102879465,1.0000305189751728,3.000045778462759,0.3152,32.5816,0.300000000000001,32.60000000000005,0.0011390798,0.00011758506,-0.0032341518,288.7854,1.0,4.7400594e-05,294.41724,295.1106,295.15942,295.25317,295.55518,0.22325134,0.23257446,0.29148865,0.32307434,88381.5,294.36646,0.0020980835,1.8381786,40.068787,-19.032413,79.92799504597981,115.84419059753418
Kampala,2022-08,11573.29113153154,0.4988173897120534,19.0,0.0720095219202539,0.927990478079746,0.5011826102879465,1.0000305189751728,3.000045778462759,0.3152,32.5816,0.300000000000001,32.60000000000005,0.003079033,0.00011125952,-0.0031736717,289.8728,1.0,0.00013233721,294.28857,294.89258,294.9148,295.08618,295.38696,0.2902069,0.26565552,0.26075745,0.3171997,88310.5,294.00317,0.051635742,0.029810905,125.31523,34.303436,68.20785649617513,113.01182874043782
Kampala,2022-09,11573.29113153154,0.4988173897120534,19.0,0.0720095219202539,0.927990478079746,0.5011826102879465,1.0000305189751728,3.000045778462759,0.3152,32.5816,0.300000000000001,32.60000000000005,0.0021102517,6.6865236e-05,-0.0021821265,291.2295,1.0,0.00014317036,294.79102,295.3982,295.36548,295.28003,295.27954,0.34246826,0.32403564,0.26341248,0.31210327,88285.0,294.34814,0.21646976,-0.53544235,232.41772,96.32251,132.60058085123697,134.75776735941568
Kampala,2022-10,11573.29113153154,0.4988173897120534,19.0,0.0720095219202539,0.927990478079746,0.5011826102879465,1.0000305189751728,3.000045778462759,0.3152,32.5816,0.300000000000001,32.60000000000005,0.0015113169,4.444085e-05,-0.0023627682,291.39502,1.0,0.00011476874,295.5149,296.08667,295.97632,295.68457,295.37427,0.32055664,0.30978394,0.26516724,0.30752563,88226.56,295.05933,0.14558029,-0.56687546,102.66403,-58.254364,153.46566263834634,116.69682884216309
Kampala,2022-11,11573.29113153154,0.4988173897120534,19.0,0.0720095219202539,0.927990478079746,0.5011826102879465,1.0000305189751728,3.000045778462759,0.3152,32.5816,0.300000000000001,32.60000000000005,0.0043509286,0.00018269569,-0.0019919826,291.43237,1.0,0.0002502799,294.40552,295.04688,295.16064,295.4392,295.52393,0.37294006,0.3518982,0.28536987,0.30360413,88217.75,294.08862,0.6276159,0.2622919,206.56818,33.017883,180.54997762044272,124.37891705830891
Kampala,2022-12,11573.29113153154,0.4988173897120534,19.0,0.0720095219202539,0.927990478079746,0.5011826102879465,1.0000305189751728,3.000045778462759,0.3152,32.5816,0.300000000000001,32.60000000000005,0.0027920983,0.00035239384,-0.002119644,291.03296,1.0,0.00015416741,294.42383,294.99365,295.01904,295.12402,295.37524,0.38285828,0.377594,0.34910583,0.3056183,88209.0,294.1975,0.37261105,0.52796173,210.22679,91.86846,173.1529998779297,152.87679036458334
Kampala,2023-01,11573.29113153154,0.4988173897120534,19.0,0.0720095219202539,0.927990478079746,0.5011826102879465,1.0000305189751728,3.000045778462759,0.3152,32.5816,0.300000000000001,32.60000000000005,0.0012483905,5.119294e-05,-0.0023845462,290.38696,1.0,7.195771e-05,295.1316,295.69263,295.5974,295.38477,295.28516,0.32406616,0.3165741,0.33073425,0.3089447,88199.81,295.1311,-0.054488182,1.1887302,46.54995,-31.612885,154.44830576578775,153.95698420206705
Kampala,2023-02,11573.29113153154,0.4988173897120534,19.0,0.0720095219202539,0.927990478079746,0.5011826102879465,1.0000305189751728,3.000045778462759,0.3152,32.5816,0.300000000000001,32.60000000000005,0.0013913843,4.491955e-05,-0.0023179925,291.16406,1.0,6.2033534e-05,296.5869,297.18262,297.0188,296.45752,295.55005,0.2665558,0.250412,0.28651428,0.30599976,88159.06,296.27344,0.04932022,1.5408659,64.42175,0.9808197,107.06616465250652,143.8080711364746
Kampala,2023-03,11573.29113153154,0.4988173897120534,19.0,0.0720095219202539,0.927990478079746,0.5011826102879465,1.0000305189751728,3.000045778462759,0.3152,32.5816,0.300000000000001,32.60000000000005,0.004770988,0.00048742816,-0.0019398388,291.41455,1.0,0.00019811094,294.65723,295.3152,295.42334,295.7754,295.8728,0.36579895,0.3479004,0.30015564,0.30256653,88202.0,294.4712,0.59311676,1.0000029,204.03247,58.12451,105.0013910929362,139.07719548543295
Kampala,2023-04,11573.29113153154,0.4988173897120534,19.0,0.0720095219202539,0.927990478079746,0.5011826102879465,1.0000305189751728,3.000045778462759,0.3152,32.5816,0.300000000000001,32.60000000000005,0.0045702895,0.00057994947,-0.0022669383,291.95435,1.0,0.00024449825,294.93823,295.53613,295.56543,295.5791,295.6914,0.4020691,0.3996582,0.38249207,0.3118286,88165.31,294.8369,0.38815975,1.895196,221.94553,38.35486,163.46658325195312,158.95744450887045
Kampala,2023-05,11573.29113153154,0.4988173897120534,19.0,0.0720095219202539,0.927990478079746,0.5011826102879465,1.0000305189751728,3.000045778462759,0.3152,32.5816,0.300000000000001,32.60000000000005,0.0019883027,0.00025600567,-0.0024002409,292.06885,1.0,0.00013101101,295.38135,295.89722,295.81787,295.64722,295.6194,0.37530518,0.37542725,0.38528442,0.3413086,88359.81,295.34375,-0.0015583038,1.8150587,79.58857,-64.68397,168.52218882242838,137.79417673746744
Kampala,2023-06,11573.29113153154,0.4988173897120534,19.0,0.0720095219202539,0.927990478079746,0.5011826102879465,1.0000305189751728,3.000045778462759,0.3152,32.5816,0.300000000000001,32.60000000000005,0.002470856,0.00024037436,-0.0019972357,291.41333,1.0,0.00012563169,294.64502,295.23682,295.32007,295.5542,295.69922,0.36016846,0.35064697,0.3425598,0.34326172,88393.44,294.6665,0.1420641,0.81935215,84.3123,12.557228,128.61546579996744,116.80842844645184
Kampala,2023-07,11573.29113153154,0.4988173897120534,19.0,0.0720095219202539,0.927990478079746,0.5011826102879465,1.0000305189751728,3.000045778462759,0.3152,32.5816,0.300000000000001,32.60000000000005,0.00065545534,0.00012210757,-0.002147864,289.84814,1.0,3.9801e-05,294.69238,295.27222,295.23706,295.2273,295.5,0.29685974,0.30984497,0.33406067,0.34046936,88483.94,294.86108,-0.005678177,1.7104473,18.447865,-40.653336,60.782911936442055,112.1247475941976
Kampala,2023-08,11573.29113153154,0.4988173897120534,19.0,0.0720095219202539,0.927990478079746,0.5011826102879465,1.0000305189751728,3.000045778462759,0.3152,32.5816,0.300000000000001,32.60000000000005,0.0018999636,0.000101827085,-0.0021860772,290.92114,1.0,6.4879656e-05,295.50586,296.07812,296.02466,295.81616,295.50854,0.29307556,0.27334595,0.2894745,0.3343048,88373.19,295.36426,-0.21665287,0.6713152,53.62855,-37.383244,52.12957255045573,110.32588068644206
Kampala,2023-09,11573.29113153154,0.4988173897120534,19.0,0.0720095219202539,0.927990478079746,0.5011826102879465,1.0000305189751728,3.000045778462759,0.3152,32.5816,0.300000000000001,32.60000000000005,0.0024937815,0.00010351464,-0.0021994081,291.79346,1.0,0.00016388297,295.51782,296.10742,296.07935,295.99707,295.729,0.33929443,0.32037354,0.27830505,0.3274994,88305.69,295.1289,0.007598877,-0.2631197,173.03117,36.93596,81.70252990722656,105.158997853597
Kampala,2023-10,11573.29113153154,0.4988173897120534,19.0,0.0720095219202539,0.927990478079746,0.5011826102879465,1.0000305189751728,3.000045778462759,0.3152,32.5816,0.300000000000001,32.60000000000005,0.0022073234,7.6435506e-05,-0.0024028644,292.177,1.0,0.00015169382,295.77148,296.34644,296.3069,296.16943,295.87866,0.35543823,0.3401947,0.29460144,0.3228302,88235.56,295.4773,0.25446606,-0.36536598,175.22745,14.3090515,133.9623908996582,97.37265141805013
Kampala,2023-11,11573.29113153154,0.4988173897120534,19.0,0.0720095219202539,0.927990478079746,0.5011826102879465,1.0000305189751728,3.000045778462759,0.3152,32.5816,0.300000000000001,32.60000000000005,0.0054443497,0.0006629452,-0.0019751433,292.0735,1.0,0.000286147,294.71582,295.28613,295.37207,295.6228,295.8977,0.40464783,0.3988037,0.35905457,0.3253479,88249.25,294.48315,0.650115,0.52230835,304.00305,130.45276,217.4205576578776,134.77506510416666
Kampala,2023-12,11573.29113153154,0.4988173897120534,19.0,0.0720095219202539,0.927990478079746,0.5011826102879465,1.0000305189751728,3.000045778462759,0.3152,32.5816,0.300000000000001,32.60000000000005,0.003057572,0.000496611,-0.0021646414,292.23706,1.0,0.00016111135,295.25317,295.76245,295.73853,295.64526,295.7119,0.39578247,0.3950348,0.3937378,0.35235596,88263.5,295.1604,0.2593689,0.5869961,142.59137,24.23304,207.27395629882807,144.48824310302734
Kampala,2024-01,11573.29113153154,0.4988173897120534,19.0,0.0720095219202539,0.927990478079746,0.5011826102879465,1.0000305189751728,3.000045778462759,0.3152,32.5816,0.300000000000001,32.60000000000005,0.0014800772,0.00022631139,-0.0022598165,291.4392,1.0,0.00010177493,295.89233,296.37012,296.2693,296.04663,295.79883,0.35075378,0.34973145,0.35699463,0.35734558,88346.06,295.86597,-0.29456425,0.6412716,112.081604,33.91877,186.225341796875,160.0938663482666
Kampala,2024-02,11573.29113153154,0.4988173897120534,19.0,0.0720095219202539,0.927990478079746,0.5011826102879465,1.0000305189751728,3.000045778462759,0.3152,32.5816,0.300000000000001,32.60000000000005,0.002000053,0.00016997755,-0.0024091396,291.97388,1.0,9.961426e-05,296.73535,297.2942,297.18018,296.80225,296.08813,0.31878662,0.30422974,0.3163452,0.35139465,88312.56,296.51587,-0.011335373,1.4033785,85.5565,22.11557,113.40982564290364,165.41519165039062
Kampala,2024-03,11573.29113153154,0.4988173897120534,19.0,0.0720095219202539,0.927990478079746,0.5011826102879465,1.0000305189751728,3.000045778462759,0.3152,32.5816,0.300000000000001,32.60000000000005,0.0062809917,0.0012027994,-0.0044418974,292.6089,1.0,0.00011211634,297.0149,297.6394,297.55298,297.25293,296.53198,0.35012817,0.34342957,0.30976868,0.34402466,88248.375,296.82397,0.41470337,2.1084633,69.05434,-76.85362,88.89748128255208,148.0857187906901
Kampala,2024-04,11573.29113153154,0.4988173897120534,19.0,0.0720095219202539,0.927990478079746,0.5011826102879465,1.0000305189751728,3.000045778462759,0.3152,32.5816,0.300000000000001,32.60000000000005,0.0072182724,0.000995107,-0.003919131,292.53247,1.0,0.00023187697,295.32446,295.98853,296.0747,296.354,296.6621,0.40856934,0.40748596,0.39190674,0.3509369,88246.44,295.313,0.46016788,2.2358837,194.327,10.736328,116.31261189778644,151.26897684733072
Kampala,2024-05,11573.29113153154,0.4988173897120534,19.0,0.0720095219202539,0.927990478079746,0.5011826102879465,1.0000305189751728,3.000045778462759,0.3152,32.5816,0.300000000000001,32.60000000000005,0.0038920098,0.00072465837,-0.0040715123,292.17358,1.0,0.00013427436,295.58228,296.1858,296.21436,296.28784,296.48804,0.38648987,0.38728333,0.38793945,0.36650085,88337.56,295.73706,-0.02640438,2.122095,80.63652,-63.636017,114.67261759440105,114.04122161865234
Kampala,2024-06,11573.29113153154,0.4988173897120534,19.0,0.0720095219202539,0.927990478079746,0.5011826102879465,1.0000305189751728,3.000045778462759,0.3152,32.5816,0.300000000000001,32.60000000000005,0.0017313667,0.00044304878,-0.004026559,290.46924,1.0,4.3541193e-05,295.04248,295.7273,295.81787,296.05322,296.365,0.32398987,0.32891846,0.34700012,0.36524963,88408.81,295.39575,-0.12615585,2.4224014,61.531807,-10.223267,112.16510772705078,100.53129450480144
Kampala,2024-07,11573.29113153154,0.4988173897120534,19.0,0.0720095219202539,0.927990478079746,0.5011826102879465,1.0000305189751728,3.000045778462759,0.3152,32.5816,0.300000000000001,32.60000000000005,0.0018339311,0.00029307604,-0.0032165842,290.77075,1.0,6.5624714e-05,295.29785,295.8789,295.8811,295.89795,296.14502,0.25785828,0.25273132,0.29933167,0.35646057,88410.375,295.07593,-0.12019253,0.39592266,126.03454,66.933334,89.40095520019531,102.85678354899088
Kampala,2024-08,11573.29113153154,0.4988173897120534,19.0,0.0720095219202539,0.927990478079746,0.5011826102879465,1.0000305189751728,3.000045778462759,0.3152,32.5816,0.300000000000001,32.60000000000005,0.0015026589,0.00019622594,-0.0033922624,290.62476,1.0,8.0004334e-05,295.67407,296.27686,296.2307,296.1355,296.08545,0.2515564,0.23228455,0.26811218,0.34625244,88373.94,295.22852,-0.15925121,0.062002182,74.39374,-16.618057,87.32002766927083,100.99632263183594
Kampala,2024-09,11573.29113153154,0.4988173897120534,19.0,0.0720095219202539,0.927990478079746,0.5011826102879465,1.0000305189751728,3.000045778462759,0.3152,32.5816,0.300000000000001,32.60000000000005,0.0032341352,0.00018825382,-0.0037006903,291.28418,1.0,0.00010691583,295.8181,296.44214,296.43457,296.3667,296.17212,0.29678345,0.25776672,0.24725342,0.33631897,88300.375,295.53784,-0.15978909,-0.13794231,75.59845,-60.496765,92.00890858968098,102.08700815836588
Kampala,2024-10,11573.29113153154,0.4988173897120534,19.0,0.0720095219202539,0.927990478079746,0.5011826102879465,1.0000305189751728,3.000045778462759,0.3152,32.5816,0.300000000000001,32.60000000000005,0.0039042672,0.00024392456,-0.00395773,291.65234,1.0,0.00013831258,295.67554,296.26758,296.2329,296.20483,296.22412,0.34066772,0.3215027,0.25367737,0.32814026,88285.5,295.33643,0.27492332,-0.18298912,162.91022,1.9918213,104.30080159505208,96.8508783976237
Kampala,2024-11,11573.29113153154,0.4988173897120534,19.0,0.0720095219202539,0.927990478079746,0.5011826102879465,1.0000305189751728,3.000045778462759,0.3152,32.5816,0.300000000000001,32.60000000000005,0.0069235545,0.00050342083,-0.003660867,291.60327,1.0,0.00023150444,295.14355,295.81348,295.92114,296.20044,296.25513,0.3646698,0.34513855,0.2849121,0.32229614,88247.19,294.87695,0.44391727,-0.043733597,218.57516,45.02487,152.36127726236978,119.84065246582033
Kampala,2024-12,11573.29113153154,0.4988173897120534,19.0,0.0720095219202539,0.927990478079746,0.5011826102879465,1.0000305189751728,3.000045778462759,0.3152,32.5816,0.300000000000001,32.60000000000005,0.0035190652,0.0002701655,-0.003832234,291.20264,1.0,0.00012938678,295.04272,295.59424,295.59937,295.65234,296.03784,0.3688507,0.3657074,0.35264587,0.32481384,88272.875,295.10522,0.02484703,0.9309721,94.44031,-23.918022,158.64189656575522,125.3254025777181
Kampala,2025-01,11573.29113153154,0.4988173897120534,19.0,0.0720095219202539,0.927990478079746,0.5011826102879465,1.0000305189751728,3.000045778462759,0.3152,32.5816,0.300000000000001,32.60000000000005,0.0022171892,0.00014477223,-0.004163499,290.91357,1.0,6.9111586e-05,295.9348,296.48682,296.39136,296.15308,295.97266,0.31448364,0.3074646,0.32662964,0.32591248,88192.125,295.90088,-0.22264576,1.2570858,66.32104,-11.841797,126.44550323486328,115.37315241495769
Kampala,2025-02,11573.29113153154,0.4988173897120534,19.0,0.0720095219202539,0.927990478079746,0.5011826102879465,1.0000305189751728,3.000045778462759,0.3152,32.5816,0.300000000000001,32.60000000000005,0.0012137098,0.00011334568,-0.004125776,290.98413,1.0,3.4675002e-05,297.38232,297.95117,297.69995,297.04395,296.2329,0.25335693,0.25205994,0.2857666,0.32136536,88105.0,297.1985,-0.089689255,1.6901894,14.205658,-49.235275,58.32233428955078,105.34180577596028
Kampala,2025-03,11573.29113153154,0.4988173897120534,19.0,0.0720095219202539,0.927990478079746,0.5011826102879465,1.0000305189751728,3.000045778462759,0.3152,32.5816,0.300000000000001,32.60000000000005,0.0057276287,0.00021791458,-0.0037860908,291.8899,1.0,0.00013564527,296.59863,297.33813,297.38745,297.39502,296.76123,0.3146057,0.28178406,0.25675964,0.3146057,88178.125,296.24683,0.23147488,1.6325378,178.51947,32.61151,86.34872182210286,122.49530919392905
Kampala,2025-04,11573.29113153154,0.4988173897120534,19.0,0.0720095219202539,0.927990478079746,0.5011826102879465,1.0000305189751728,3.000045778462759,0.3152,32.5816,0.300000000000001,32.60000000000005,0.0047463565,0.00020257384,-0.0037293974,291.97852,1.0,0.00019031763,295.19287,295.83447,295.9192,296.1731,296.70044,0.38456726,0.37713623,0.33293152,0.31243896,88224.19,295.12915,0.118997574,1.606247,139.37962,-44.211044,110.70158386230467,118.57354354858398
Kampala,2025-05,11573.29113153154,0.4988173897120534,19.0,0.0720095219202539,0.927990478079746,0.5011826102879465,1.0000305189751728,3.000045778462759,0.3152,32.5816,0.300000000000001,32.60000000000005,0.0050088093,0.00034670532,-0.0038219057,291.77002,5.0,0.0001616478,294.8452,295.49878,295.5996,295.9026,296.39014,0.3888092,0.38186646,0.35871887,0.31698608,88382.625,294.83813,0.16200447,2.0432758,134.50967,-9.762863,150.80292256673178,104.56262842814128
Kampala,2025-06,11573.29113153154,0.4988173897120534,19.0,0.0720095219202539,0.927990478079746,0.5011826102879465,1.0000305189751728,3.000045778462759,0.3152,32.5816,0.300000000000001,32.60000000000005,0.002858637,0.00030091405,-0.0037484076,290.65747,5.0,7.669628e-05,294.51294,295.15088,295.23145,295.47266,296.04248,0.34973145,0.35009766,0.35871887,0.3237915,88457.69,294.6494,0.089196205,1.837945,88.98213,17.227058,120.95714314778644,103.65293248494466
Kasese,1981-01,10529.614022288868,0.827247341034288,19.0,0.0,1.0,0.1098988295973021,1.0000305189751728,3.999954221537241,0.1699,30.0781,0.200000000000001,30.100000000000016,0.0018781972,0.0007593185,-0.0025691157,289.19458,1.0,0.00011584163,296.1919,296.59644,296.39185,295.8794,295.45166,0.34762573,0.35923767,0.35914612,0.4237671,89679.56,297.6411,-0.46579838,-0.57907486,48.264427,13.664501,82.15071152662274,82.0335798026934
Kasese,1981-02,10529.614022288868,0.827247341034288,19.0,0.0,1.0,0.1098988295973021,1.0000305189751728,3.999954221537241,0.1699,30.0781,0.200000000000001,30.100000000000016,0.0013777382,0.00037471205,-0.0020607207,287.8877,1.0,6.176531e-05,298.04297,298.36035,298.03394,297.1648,295.8645,0.3138275,0.33041382,0.33673096,0.41490173,89580.56,299.3452,-0.4685297,-0.51363087,35.777317,-6.76651,82.15071152662274,82.0335798026934
Kasese,1981-03,10529.614022288868,0.827247341034288,19.0,0.0,1.0,0.1098988295973021,1.0000305189751728,3.999954221537241,0.1699,30.0781,0.200000000000001,30.100000000000016,0.0077551315,0.0016844794,-0.002743096,291.08545,1.0,0.00027883053,295.53003,296.29272,296.49756,296.86182,296.37305,0.42277527,0.3865204,0.35508728,0.4115448,89657.44,296.88916,-0.22035313,-0.05280304,117.660995,25.74614,67.23424657185872,82.0335798026934
Kasese,1981-04,10529.614022288868,0.827247341034288,19.0,0.0,1.0,0.1098988295973021,1.0000305189751728,3.999954221537241,0.1699,30.0781,0.200000000000001,30.100000000000016,0.011918132,0.006135434,-0.0035397345,291.7849,1.0,0.00035962462,294.583,295.29248,295.36157,295.63428,296.23584,0.47302246,0.47894287,0.43267822,0.42160034,89715.94,296.34595,-0.27732086,0.11005497,206.91263,68.79132,120.1169802347819,82.0335798026934
Kasese,1981-05,10529.614022288868,0.827247341034288,19.0,0.0,1.0,0.1098988295973021,1.0000305189751728,3.999954221537241,0.1699,30.0781,0.200000000000001,30.100000000000016,0.009260582,0.0047320947,-0.0034465306,291.33862,1.0,0.0003502965,294.11768,294.8147,294.91162,295.23193,295.92773,0.46850586,0.48094177,0.47801208,0.42504883,89793.875,296.2915,-0.42295456,0.09448433,167.41238,68.06516,163.9953358968099,82.0335798026934
Kasese,1981-06,10529.614022288868,0.827247341034288,19.0,0.0,1.0,0.1098988295973021,1.0000305189751728,3.999954221537241,0.1699,30.0781,0.200000000000001,30.100000000000016,0.0047510094,0.003039606,-0.0034836633,289.74512,1.0,0.00022608042,294.38696,294.97388,295.0078,295.15625,295.60962,0.43041992,0.44410706,0.4663849,0.4396515,89877.81,297.14624,-0.50482655,0.067863464,67.667725,17.996712,147.3309122721354,107.28257942199708
Kasese,1981-07,10529.614022288868,0.827247341034288,19.0,0.0,1.0,0.1098988295973021,1.0000305189751728,3.999954221537241,0.1699,30.0781,0.200000000000001,30.100000000000016,0.0022524826,0.00067590177,-0.00293078,289.7058,1.0,0.00017559528,294.72583,295.2273,295.2378,295.27588,295.45923,0.3874817,0.39045715,0.41532898,0.4343872,89842.75,296.89697,-0.42726517,0.20905113,61.856766,25.208645,98.9789581298828,109.54796918233237
Kasese,1981-08,10529.614022288868,0.827247341034288,19.0,0.0,1.0,0.1098988295973021,1.0000305189751728,3.999954221537241,0.1699,30.0781,0.200000000000001,30.100000000000016,0.005045551,0.0012459531,-0.003047646,290.57568,1.0,0.00022213161,294.67358,295.24707,295.2688,295.33447,295.41602,0.42622375,0.41461182,0.41212463,0.43077087,89807.81,296.4746,-0.30768776,0.18840504,148.35957,71.279144,92.62802124023438,128.31167856852213
Kasese,1981-09,10529.614022288868,0.827247341034288,19.0,0.0,1.0,0.1098988295973021,1.0000305189751728,3.999954221537241,0.1699,30.0781,0.200000000000001,30.100000000000016,0.0050223274,0.0015775412,-0.0032295305,290.4397,1.0,0.00020891428,294.6057,295.1577,295.1277,295.10742,295.30835,0.426651,0.41308594,0.4020996,0.43229675,89788.625,296.28418,-0.2848177,0.06664181,148.59773,43.921074,119.6046905517578,133.46780141194662
Kasese,1981-10,10529.614022288868,0.827247341034288,19.0,0.0,1.0,0.1098988295973021,1.0000305189751728,3.999954221537241,0.1699,30.0781,0.200000000000001,30.100000000000016,0.005521415,0.0023614839,-0.0033321008,290.74487,1.0,0.0002310425,294.54834,295.17578,295.22144,295.32446,295.30542,0.44288635,0.43823242,0.39816284,0.43304443,89720.31,296.35425,-0.4453001,-0.09149647,234.31822,108.75682,177.0918426513672,138.035400390625
Kasese,1981-11,10529.614022288868,0.827247341034288,19.0,0.0,1.0,0.1098988295973021,1.0000305189751728,3.999954221537241,0.1699,30.0781,0.200000000000001,30.100000000000016,0.006946934,0.0032230169,-0.003602176,290.49707,1.0,0.00028710067,294.06055,294.7173,294.76514,294.93384,295.22534,0.46398926,0.4656067,0.41809082,0.43208313,89696.94,296.14258,-0.48226452,-0.33697605,110.16652,-1.8278885,164.36082458496094,128.49442291259766
Kasese,1981-12,10529.614022288868,0.827247341034288,19.0,0.0,1.0,0.1098988295973021,1.0000305189751728,3.999954221537241,0.1699,30.0781,0.200000000000001,30.100000000000016,0.004921376,0.0023132935,-0.0034950823,290.01758,1.0,0.00024712086,294.29834,294.86865,294.85962,294.86768,295.08374,0.43333435,0.42453003,0.41516113,0.4294281,89708.125,296.70557,-0.6038084,-0.5494242,76.91409,3.9900894,140.46627807617188,130.03548431396484
Kasese,1982-01,10529.614022288868,0.827247341034288,19.0,0.0,1.0,0.1098988295973021,1.0000305189751728,3.999954221537241,0.1699,30.0781,0.200000000000001,30.100000000000016,0.0038780316,0.0015727952,-0.0032314658,290.198,1.0,0.00019197166,295.00342,295.5005,295.40942,295.17773,295.0464,0.41178894,0.3966217,0.39775085,0.4261322,89639.875,296.90137,-0.4495325,-0.5496645,48.534428,13.934502,78.53834660847981,127.81509462992352
Kasese,1982-02,10529.614022288868,0.827247341034288,19.0,0.0,1.0,0.1098988295973021,1.0000305189751728,3.999954221537241,0.1699,30.0781,0.200000000000001,30.100000000000016,0.0022521194,0.0008947626,-0.002749974,289.24683,1.0,9.648502e-05,296.93896,297.2798,297.03345,296.2964,295.2954,0.36203003,0.3562317,0.37127686,0.4207611,89578.94,298.71948,-0.32377625,-0.33082867,47.27226,4.7284317,57.57359313964844,110.96720886230467
Kasese,1982-03,10529.614022288868,0.827247341034288,19.0,0.0,1.0,0.1098988295973021,1.0000305189751728,3.999954221537241,0.1699,30.0781,0.200000000000001,30.100000000000016,0.005060009,0.0013576448,-0.0028710328,289.81787,1.0,0.00018191338,296.52515,297.02222,296.90894,296.56445,295.7422,0.38285828,0.36184692,0.36875916,0.41456604,89589.44,298.14966,-0.5700674,-0.26407623,83.74674,-8.168114,59.85114288330078,100.15871047973631
Kasese,1982-04,10529.614022288868,0.827247341034288,19.0,0.0,1.0,0.1098988295973021,1.0000305189751728,3.999954221537241,0.1699,30.0781,0.200000000000001,30.100000000000016,0.0058091767,0.0023466423,-0.003157293,291.08276,1.0,0.00029234588,295.18018,295.82983,295.92896,296.2207,296.02612,0.43804932,0.41836548,0.36993408,0.41828918,89692.94,297.16626,-0.39789867,0.092868805,176.58905,38.467743,102.53601710001628,90.53718185424805
Kasese,1982-05,10529.614022288868,0.827247341034288,19.0,0.0,1.0,0.1098988295973021,1.0000305189751728,3.999954221537241,0.1699,30.0781,0.200000000000001,30.100000000000016,0.0066158557,0.003181249,-0.0031638015,291.4441,1.0,0.00029486418,294.37866,295.03027,295.1338,295.43115,295.92798,0.45126343,0.45280457,0.39537048,0.41789246,89785.19,296.52368,-0.42259026,0.10042095,148.97443,49.627205,136.43673960367838,97.0051663716634
Kasese,1982-06,10529.614022288868,0.827247341034288,19.0,0.0,1.0,0.1098988295973021,1.0000305189751728,3.999954221537241,0.1699,30.0781,0.200000000000001,30.100000000000016,0.0037132846,0.0020523965,-0.0031026527,290.18018,1.0,0.00018851459,294.82446,295.32788,295.31836,295.35303,295.68018,0.4126892,0.42018127,0.3968048,0.41493225,89909.81,297.25098,-0.6502905,0.039256096,69.48064,19.809624,131.6813710530599,95.76625696818034
Kasese,1982-07,10529.614022288868,0.827247341034288,19.0,0.0,1.0,0.1098988295973021,1.0000305189751728,3.999954221537241,0.1699,30.0781,0.200000000000001,30.100000000000016,0.001770596,0.00059217215,-0.0022103945,288.27246,1.0,7.4103475e-05,296.23267,296.6167,296.48096,296.125,295.70532,0.32026672,0.3400879,0.3560791,0.406662,89837.875,297.78735,-0.7955723,0.029177666,42.01527,5.3671494,86.82344436645508,94.67973073323569
Kasese,1982-08,10529.614022288868,0.827247341034288,19.0,0.0,1.0,0.1098988295973021,1.0000305189751728,3.999954221537241,0.1699,30.0781,0.200000000000001,30.100000000000016,0.0021014535,0.00039343536,-0.0024641156,289.2881,1.0,0.00013376772,296.06567,296.469,296.3772,296.16968,295.88306,0.37643433,0.35842896,0.3443451,0.3990326,89832.94,297.36304,-0.66562843,0.08395386,16.736023,-60.344406,42.74397659301758,89.59035809834798
Kasese,1982-09,10529.614022288868,0.827247341034288,19.0,0.0,1.0,0.1098988295973021,1.0000305189751728,3.999954221537241,0.1699,30.0781,0.200000000000001,30.100000000000016,0.0054418994,0.0011042207,-0.002915144,290.08618,1.0,0.00020234287,295.62085,296.24585,296.3152,296.41016,296.0752,0.40686035,0.38568115,0.36006165,0.39468384,89792.56,297.11597,-0.5688858,-0.010520935,151.7117,47.03504,70.15433120727539,100.91785113016763
Kasese,1982-10,10529.614022288868,0.827247341034288,19.0,0.0,1.0,0.1098988295973021,1.0000305189751728,3.999954221537241,0.1699,30.0781,0.200000000000001,30.100000000000016,0.004400274,0.0010157451,-0.0029031513,290.19165,1.0,0.00020879507,294.56006,295.18652,295.27588,295.57715,296.01758,0.4153595,0.40376282,0.36746216,0.3979187,89712.44,296.24194,-0.48567772,-0.00017547607,141.15468,15.593277,103.20080057779948,95.01212247212727
Kasese,1982-11,10529.614022288868,0.827247341034288,19.0,0.0,1.0,0.1098988295973021,1.0000305189751728,3.999954221537241,0.1699,30.0781,0.200000000000001,30.100000000000016,0.007896093,0.0033831075,-0.003150574,291.02026,1.0,0.00031878054,294.2954,294.9829,295.06982,295.32495,295.79248,0.4474182,0.42852783,0.37506104,0.40560913,89731.44,295.87158,-0.35417652,-0.08646965,45.43969,-66.55472,112.76868947347003,77.75633303324382
Kasese,1982-12,10529.614022288868,0.827247341034288,19.0,0.0,1.0,0.1098988295973021,1.0000305189751728,3.999954221537241,0.1699,30.0781,0.200000000000001,30.100000000000016,0.0053371247,0.0029500052,-0.003460803,290.96924,1.0,0.00025613606,294.13232,294.73706,294.73486,294.86548,295.49902,0.4515686,0.45289612,0.41160583,0.4052887,89745.44,296.14844,-0.43947315,-0.5704832,100.70308,27.779076,95.76581573486328,82.96007347106934
Kasese,1983-01,10529.614022288868,0.827247341034288,19.0,0.0,1.0,0.1098988295973021,1.0000305189751728,3.999954221537241,0.1699,30.0781,0.200000000000001,30.100000000000016,0.0010213671,0.0006927252,-0.0026515182,289.26196,1.0,5.9977174e-05,296.53394,296.83887,296.56763,295.91455,295.427,0.33444214,0.36239624,0.37550354,0.3982849,89755.125,298.44385,-0.35600567,-0.50649166,17.471407,-17.12852,54.538058598836265,78.86942958831787
Kasese,1983-02,10529.614022288868,0.827247341034288,19.0,0.0,1.0,0.1098988295973021,1.0000305189751728,3.999954221537241,0.1699,30.0781,0.200000000000001,30.100000000000016,0.0035733161,0.00072360784,-0.0028116154,290.21118,1.0,0.00012248755,297.4248,297.81714,297.62354,297.06104,295.8772,0.36972046,0.37208557,0.35746765,0.39115906,89675.0,299.3335,-0.36096573,-0.3993349,32.85973,-9.684097,50.34473864237467,81.55671405792236
Kasese,1983-03,10529.614022288868,0.827247341034288,19.0,0.0,1.0,0.1098988295973021,1.0000305189751728,3.999954221537241,0.1699,30.0781,0.200000000000001,30.100000000000016,0.0053628036,0.0012648478,-0.0029587606,291.37476,1.0,0.00019653141,297.3335,297.85864,297.77832,297.39673,296.38916,0.39283752,0.38633728,0.36569214,0.38961792,89663.625,299.0122,-0.4379425,-0.27168083,87.96658,-3.9482727,46.09923998514811,70.93252786000569
Kasese,1983-04,10529.614022288868,0.827247341034288,19.0,0.0,1.0,0.1098988295973021,1.0000305189751728,3.999954221537241,0.1699,30.0781,0.200000000000001,30.100000000000016,0.008433361,0.003862299,-0.003392695,291.45898,1.0,0.0002824664,295.74487,296.43262,296.521,296.76807,296.6587,0.43666077,0.42721558,0.37402344,0.39648438,89709.81,297.77808,-0.48797035,0.046251297,163.86385,25.742538,94.89671961466472,74.71738910675049
Kasese,1983-05,10529.614022288868,0.827247341034288,19.0,0.0,1.0,0.1098988295973021,1.0000305189751728,3.999954221537241,0.1699,30.0781,0.200000000000001,30.100000000000016,0.004667395,0.0021221042,-0.003514179,291.35645,1.0,0.00023782253,295.60352,296.1902,296.19653,296.26562,296.56445,0.43084717,0.43145752,0.39553833,0.39570618,89728.69,297.87012,-0.5663967,0.13216591,64.5964,-34.750824,105.4756088256836,77.91017373402913
Kasese,1983-06,10529.614022288868,0.827247341034288,19.0,0.0,1.0,0.1098988295973021,1.0000305189751728,3.999954221537241,0.1699,30.0781,0.200000000000001,30.100000000000016,0.0042365855,0.0012751967,-0.0027220426,290.4253,1.0,0.00017508864,295.60522,296.18237,296.25513,296.44263,296.50952,0.3862915,0.38786316,0.37275696,0.389328,89829.5,297.66357,-0.55136967,0.050488472,36.040924,-13.630089,88.16705576578777,67.13314787546794
Kasese,1983-07,10529.614022288868,0.827247341034288,19.0,0.0,1.0,0.1098988295973021,1.0000305189751728,3.999954221537241,0.1699,30.0781,0.200000000000001,30.100000000000016,0.0030800106,0.0008237958,-0.0027794158,289.59546,1.0,0.00015825033,295.4712,295.96655,295.98242,296.05884,296.38086,0.39353943,0.40141296,0.37765503,0.38571167,89833.44,297.29028,-0.5728502,0.060217857,56.827225,20.179104,52.48818206787109,73.6924508412679
Kasese,1983-08,10529.614022288868,0.827247341034288,19.0,0.0,1.0,0.1098988295973021,1.0000305189751728,3.999954221537241,0.1699,30.0781,0.200000000000001,30.100000000000016,0.0039192555,0.0010542572,-0.002856576,290.4812,1.0,0.00019016862,295.09473,295.64478,295.69653,295.89233,296.2539,0.4275818,0.40971375,0.37878418,0.38609314,89893.06,296.78735,-0.2858801,0.24230194,160.32655,83.246124,84.39823404947917,94.93692143758138
Kasese,1983-09,10529.614022288868,0.827247341034288,19.0,0.0,1.0,0.1098988295973021,1.0000305189751728,3.999954221537241,0.1699,30.0781,0.200000000000001,30.100000000000016,0.0023824424,0.00079742074,-0.0027442789,290.1853,1.0,0.00016096234,295.93066,296.39624,296.30762,296.09253,296.11597,0.3853302,0.378479,0.36064148,0.38635254,89793.19,297.02905,-0.45471287,0.069099426,184.60634,79.92968,133.92003885904947,111.04354731241862
Kasese,1983-10,10529.614022288868,0.827247341034288,19.0,0.0,1.0,0.1098988295973021,1.0000305189751728,3.999954221537241,0.1699,30.0781,0.200000000000001,30.100000000000016,0.006161987,0.0017272532,-0.003085006,290.8589,1.0,0.00030562282,294.84375,295.53613,295.63232,295.9187,296.1206,0.4376831,0.41171265,0.36949158,0.38597107,89770.19,296.00684,-0.3470478,0.03375435,158.90123,33.33983,167.94470723470053,110.2164446512858
Kasese,1983-11,10529.614022288868,0.827247341034288,19.0,0.0,1.0,0.1098988295973021,1.0000305189751728,3.999954221537241,0.1699,30.0781,0.200000000000001,30.100000000000016,0.0054079457,0.0027026758,-0.0031865695,290.41797,1.0,0.00027298927,294.65894,295.32886,295.41577,295.64722,295.97266,0.43411255,0.40948486,0.36834717,0.39016724,89839.625,296.38892,-0.54727745,-0.28453827,91.84509,-20.149315,145.1175537109375,114.75789388020831
Kasese,1983-12,10529.614022288868,0.827247341034288,19.0,0.0,1.0,0.1098988295973021,1.0000305189751728,3.999954221537241,0.1699,30.0781,0.200000000000001,30.100000000000016,0.0049329847,0.002294682,-0.0030360427,290.04053,1.0,0.0002040118,294.34302,294.9414,294.99292,295.2107,295.75708,0.42422485,0.40374756,0.36172485,0.3882904,89763.0,296.42944,-0.31310558,-0.31227112,56.52789,-16.396114,102.42473729451496,118.17238807678224
Kasese,1984-01,10529.614022288868,0.827247341034288,19.0,0.0,1.0,0.1098988295973021,1.0000305189751728,3.999954221537241,0.1699,30.0781,0.200000000000001,30.100000000000016,0.0016350063,0.0008094311,-0.002487979,288.82568,1.0,0.000102609396,295.6316,296.02417,295.87158,295.53027,295.58057,0.3553772,0.368927,0.34622192,0.3832245,89617.75,297.42188,-0.035201073,-0.36356258,25.571667,-9.028259,57.98154958089193,112.96312840779622
Kasese,1984-02,10529.614022288868,0.827247341034288,19.0,0.0,1.0,0.1098988295973021,1.0000305189751728,3.999954221537241,0.1699,30.0781,0.200000000000001,30.100000000000016,0.002694582,0.0006009564,-0.00197439,288.47827,1.0,0.00011494756,297.53296,297.97363,297.75488,297.0078,295.82642,0.3251953,0.33772278,0.33155823,0.37670898,89491.94,298.4431,-0.36533356,-0.40619755,170.56055,128.01672,84.22003428141277,114.66879399617513
Kasese,1984-03,10529.614022288868,0.827247341034288,19.0,0.0,1.0,0.1098988295973021,1.0000305189751728,3.999954221537241,0.1699,30.0781,0.200000000000001,30.100000000000016,0.005477856,0.0015338585,-0.0027944501,289.8833,1.0,0.00021441281,296.0149,296.61206,296.62866,296.6958,296.22437,0.40376282,0.3700409,0.35780334,0.37841797,89563.5,297.7329,-0.55532455,-0.12674046,118.66544,26.750587,104.93255233764648,103.67864481608072
Kasese,1984-04,10529.614022288868,0.827247341034288,19.0,0.0,1.0,0.1098988295973021,1.0000305189751728,3.999954221537241,0.1699,30.0781,0.200000000000001,30.100000000000016,0.007102452,0.0036895126,-0.0033868244,290.9729,1.0,0.0003105104,294.9619,295.6731,295.76147,296.0542,296.29004,0.44065857,0.41703796,0.35629272,0.38391113,89648.75,296.97412,-0.5157156,0.06462574,101.73664,-36.384666,130.3208770751953,94.15121332804362
Kasese,1984-05,10529.614022288868,0.827247341034288,19.0,0.0,1.0,0.1098988295973021,1.0000305189751728,3.999954221537241,0.1699,30.0781,0.200000000000001,30.100000000000016,0.002804208,0.0010271072,-0.0029239273,289.89844,1.0,0.00015574694,295.83716,296.33447,296.28784,296.146,296.1919,0.3843689,0.39259338,0.34880066,0.3785553,89663.81,297.89966,-0.70355606,0.07135677,57.134464,-42.212757,92.51218287150066,88.36610857645671
Kasese,1984-06,10529.614022288868,0.827247341034288,19.0,0.0,1.0,0.1098988295973021,1.0000305189751728,3.999954221537241,0.1699,30.0781,0.200000000000001,30.100000000000016,0.0007207966,0.0003432855,-0.001591228,288.05933,1.0,6.633997e-05,296.4629,296.85498,296.7671,296.57642,296.25952,0.3053589,0.32992554,0.32974243,0.37265015,89817.81,297.77075,-0.8595867,-0.06496906,16.996468,-32.674545,58.62252426147461,81.77753829956055
Kasese,1984-07,10529.614022288868,0.827247341034288,19.0,0.0,1.0,0.1098988295973021,1.0000305189751728,3.999954221537241,0.1699,30.0781,0.200000000000001,30.100000000000016,0.0028033103,0.00039932132,-0.0019896328,289.125,1.0,0.00017298758,295.1704,295.70996,295.82153,296.16382,296.33325,0.37997437,0.34979248,0.32583618,0.36727905,89786.625,296.45605,-0.6469116,-0.018676758,55.98413,19.33601,43.37168757120768,86.84628232320149
Kasese,1984-08,10529.614022288868,0.827247341034288,19.0,0.0,1.0,0.1098988295973021,1.0000305189751728,3.999954221537241,0.1699,30.0781,0.200000000000001,30.100000000000016,0.005249824,0.0010576844,-0.0021626651,289.73315,1.0,0.00019389391,295.71582,296.23413,296.2334,296.17212,296.21802,0.37454224,0.36151123,0.3373413,0.3638916,89817.125,296.71973,-0.50755787,0.0735054,130.03922,52.958786,67.67327117919922,80.09272702534993
Kasese,1984-09,10529.614022288868,0.827247341034288,19.0,0.0,1.0,0.1098988295973021,1.0000305189751728,3.999954221537241,0.1699,30.0781,0.200000000000001,30.100000000000016,0.0032289175,0.0009673834,-0.0030164784,289.68433,1.0,0.00017541647,294.72998,295.31714,295.37915,295.63867,296.11914,0.42170715,0.42567444,0.3680725,0.37158203,89731.375,296.25,-0.31956673,0.040418625,132.06192,27.385262,106.02842203776042,82.32547314961751
Kasese,1984-10,10529.614022288868,0.827247341034288,19.0,0.0,1.0,0.1098988295973021,1.0000305189751728,3.999954221537241,0.1699,30.0781,0.200000000000001,30.100000000000016,0.0054957783,0.0018903464,-0.0030531809,290.21875,1.0,0.00020898879,294.28467,294.89868,294.98096,295.28198,295.87817,0.44454956,0.4386139,0.37413025,0.3751068,89735.69,295.9319,-0.4862566,-0.202322,140.20354,14.642136,134.10155741373697,88.73662249247234
Kasese,1984-11,10529.614022288868,0.827247341034288,19.0,0.0,1.0,0.1098988295973021,1.0000305189751728,3.999954221537241,0.1699,30.0781,0.200000000000001,30.100000000000016,0.006665134,0.0024045855,-0.0029323678,290.6692,1.0,0.00028446317,293.53076,294.2202,294.37134,294.82666,295.58887,0.45645142,0.438385,0.3802948,0.375412,89742.19,295.0415,-0.3585844,-0.2733631,143.98546,31.99105,138.75030517578125,103.21178817749023
Kasese,1984-12,10529.614022288868,0.827247341034288,19.0,0.0,1.0,0.1098988295973021,1.0000305189751728,3.999954221537241,0.1699,30.0781,0.200000000000001,30.100000000000016,0.0052962466,0.0027110502,-0.0033666436,290.02637,1.0,0.0002527535,293.87622,294.47217,294.48755,294.6123,295.23218,0.4391632,0.4461975,0.40275574,0.3776703,89619.625,295.92993,-0.52926636,-0.5965309,37.698387,-35.225616,107.29579416910808,106.66210810343424
Kasese,1985-01,10529.614022288868,0.827247341034288,19.0,0.0,1.0,0.1098988295973021,1.0000305189751728,3.999954221537241,0.1699,30.0781,0.200000000000001,30.100000000000016,0.00353275,0.0010941103,-0.0027288822,289.06885,1.0,0.00015342236,295.90674,296.37842,296.23608,295.79907,295.208,0.35836792,0.3656006,0.3736267,0.37205505,89573.375,297.50244,-0.70078564,-0.55037117,30.518198,-4.081728,70.7340145111084,102.41778596242268
Kasese,1985-02,10529.614022288868,0.827247341034288,19.0,0.0,1.0,0.1098988295973021,1.0000305189751728,3.999954221537241,0.1699,30.0781,0.200000000000001,30.100000000000016,0.006123819,0.0021920651,-0.003323201,290.46753,1.0,0.00016644597,295.02954,295.5769,295.53467,295.43433,295.3667,0.44654846,0.44534302,0.3995514,0.37423706,89606.625,296.94043,0.20709133,-0.012681961,28.922993,-13.620834,32.37985928853353,85.5650822321574
Kasese,1985-03,10529.614022288868,0.827247341034288,19.0,0.0,1.0,0.1098988295973021,1.0000305189751728,3.999954221537241,0.1699,30.0781,0.200000000000001,30.100000000000016,0.0054624276,0.0013932809,-0.0030874824,290.7146,1.0,0.00021986663,295.0232,295.64697,295.70093,295.79272,295.49268,0.43296814,0.42962646,0.39201355,0.37052917,89585.69,296.8401,-0.3833952,-0.2422018,117.537254,25.622398,58.9928150177002,83.14430459340413
Kasese,1985-04,10529.614022288868,0.827247341034288,19.0,0.0,1.0,0.1098988295973021,1.0000305189751728,3.999954221537241,0.1699,30.0781,0.200000000000001,30.100000000000016,0.008758844,0.0041468292,-0.0031668786,291.69458,1.0,0.00035868585,293.7766,294.4497,294.5254,294.8318,295.42822,0.47694397,0.48257446,0.45536804,0.3786621,89698.0,295.23145,-0.22298431,0.0658474,158.27226,20.150955,101.5775032043457,86.15575885772705
Kasese,1985-05,10529.614022288868,0.827247341034288,19.0,0.0,1.0,0.1098988295973021,1.0000305189751728,3.999954221537241,0.1699,30.0781,0.200000000000001,30.100000000000016,0.008027317,0.0035874099,-0.003221088,291.30298,1.0,0.00033420324,293.68408,294.34277,294.41724,294.62695,295.14233,0.46307373,0.4724579,0.47073364,0.38560486,89765.19,295.62964,-0.3661995,0.06933594,128.85706,29.509834,134.88885752360025,83.6343584060669
Kasese,1985-06,10529.614022288868,0.827247341034288,19.0,0.0,1.0,0.1098988295973021,1.0000305189751728,3.999954221537241,0.1699,30.0781,0.200000000000001,30.100000000000016,0.0057833763,0.0032134727,-0.0031120004,290.04907,1.0,0.00025561452,293.45728,294.04858,294.13477,294.3916,294.90112,0.46174622,0.467453,0.47372437,0.3955078,89942.0,295.66992,-0.33689022,0.07750511,51.97081,2.299797,113.0333760579427,86.01309553782146
Kasese,1985-07,10529.614022288868,0.827247341034288,19.0,0.0,1.0,0.1098988295973021,1.0000305189751728,3.999954221537241,0.1699,30.0781,0.200000000000001,30.100000000000016,0.0010685073,0.0007754415,-0.002706619,288.68506,1.0,0.00010462105,294.00854,294.43555,294.40356,294.40112,294.68237,0.35935974,0.3813324,0.42225647,0.39671326,89875.69,296.06348,-0.5400162,0.083465576,59.508274,22.860153,80.11204655965169,90.8447748819987
Kasese,1985-08,10529.614022288868,0.827247341034288,19.0,0.0,1.0,0.1098988295973021,1.0000305189751728,3.999954221537241,0.1699,30.0781,0.200000000000001,30.100000000000016,0.00086918473,0.00026202202,-0.0022756932,288.2046,1.0,7.2166324e-05,295.56274,295.94946,295.77637,295.2556,294.71924,0.30641174,0.3336029,0.37586975,0.38963318,89841.625,296.93042,-0.7315531,0.009789467,25.938906,-51.141525,45.805996576944985,90.34742705027264
Kasese,1985-09,10529.614022288868,0.827247341034288,19.0,0.0,1.0,0.1098988295973021,1.0000305189751728,3.999954221537241,0.1699,30.0781,0.200000000000001,30.100000000000016,0.0029276377,0.0003926903,-0.002597129,289.70874,1.0,0.0002001673,294.7837,295.3208,295.32373,295.3413,294.98584,0.38217163,0.3506775,0.35786438,0.38372803,89740.125,296.239,-0.43603992,0.02482605,117.89126,13.2146,67.77947934468587,90.40642770131429
Kasese,1985-10,10529.614022288868,0.827247341034288,19.0,0.0,1.0,0.1098988295973021,1.0000305189751728,3.999954221537241,0.1699,30.0781,0.200000000000001,30.100000000000016,0.003799208,0.0005147606,-0.002602783,290.17188,1.0,0.00022652745,294.7937,295.30835,295.30176,295.26782,295.10034,0.4071808,0.37168884,0.36175537,0.37997437,89702.375,296.11816,-0.48606682,-0.084607124,175.12622,49.56482,106.31879488627116,93.21542072296144
Kasese,1985-11,10529.614022288868,0.827247341034288,19.0,0.0,1.0,0.1098988295973021,1.0000305189751728,3.999954221537241,0.1699,30.0781,0.200000000000001,30.100000000000016,0.007691535,0.00200399,-0.003045394,290.7732,1.0,0.000291124,293.7224,294.3838,294.4812,294.77222,295.0713,0.45750427,0.44932556,0.39276123,0.38630676,89734.56,295.3745,-0.38932037,-0.23049259,113.63657,1.6421661,135.55135091145834,90.67867374420166
Kasese,1985-12,10529.614022288868,0.827247341034288,19.0,0.0,1.0,0.1098988295973021,1.0000305189751728,3.999954221537241,0.1699,30.0781,0.200000000000001,30.100000000000016,0.0039878255,0.0018718801,-0.0032335445,290.5188,1.0,0.00020650029,293.91968,294.458,294.4453,294.49365,294.86646,0.44239807,0.44044495,0.4058075,0.39450073,89664.375,295.79395,-0.40965366,-0.5116787,65.6373,-7.286705,118.13336435953777,92.95642185211182
Kasese,1986-01,10529.614022288868,0.827247341034288,19.0,0.0,1.0,0.1098988295973021,1.0000305189751728,3.999954221537241,0.1699,30.0781,0.200000000000001,30.100000000000016,0.0034539858,0.0010789782,-0.0030981125,290.44214,1.0,0.00014063716,294.70215,295.17944,295.09937,294.90308,294.7976,0.41896057,0.4191742,0.39204407,0.38978577,89685.375,296.73584,-0.02022171,-0.3181429,20.041235,-14.558691,66.43836911519368,86.37858200073242
Kasese,1986-02,10529.614022288868,0.827247341034288,19.0,0.0,1.0,0.1098988295973021,1.0000305189751728,3.999954221537241,0.1699,30.0781,0.200000000000001,30.100000000000016,0.0060745776,0.0019484907,-0.0031725774,290.33618,1.0,0.00025083125,294.82837,295.42188,295.3955,295.25122,294.93115,0.43138123,0.4242859,0.39689636,0.39050293,89615.31,296.64258,-0.28644276,-0.21643448,41.43404,-1.109787,42.37085787455241,88.96110439300537
Kasese,1986-03,10529.614022288868,0.827247341034288,19.0,0.0,1.0,0.1098988295973021,1.0000305189751728,3.999954221537241,0.1699,30.0781,0.200000000000001,30.100000000000016,0.005736553,0.0030477867,-0.0032962528,290.4895,1.0,0.00023469329,294.8081,295.38306,295.3452,295.26147,295.04858,0.43190002,0.42037964,0.39128113,0.3935547,89620.25,296.83374,-0.45323277,-0.095648766,108.98705,17.072197,56.82077598571777,87.47707017262776
Kasese,1986-04,10529.614022288868,0.827247341034288,19.0,0.0,1.0,0.1098988295973021,1.0000305189751728,3.999954221537241,0.1699,30.0781,0.200000000000001,30.100000000000016,0.00885662,0.0035014004,-0.0030636843,291.5691,1.0,0.00030219555,294.38843,295.0188,295.07495,295.20972,295.1377,0.46138,0.45263672,0.39511108,0.39131165,89679.31,296.12305,-0.32052898,0.025372505,195.99118,57.869873,115.47075780232748,90.95456345876056
Kasese,1986-05,10529.614022288868,0.827247341034288,19.0,0.0,1.0,0.1098988295973021,1.0000305189751728,3.999954221537241,0.1699,30.0781,0.200000000000001,30.100000000000016,0.004614393,0.002184704,-0.0033791875,291.3169,1.0,0.00027801096,294.114,294.7434,294.78003,294.89624,295.09448,0.457489,0.45307922,0.43388367,0.39128113,89801.875,296.36157,-0.45831585,0.07791805,71.93194,-27.415283,125.63672383626302,84.00379085540771
Kasese,1986-06,10529.614022288868,0.827247341034288,19.0,0.0,1.0,0.1098988295973021,1.0000305189751728,3.999954221537241,0.1699,30.0781,0.200000000000001,30.100000000000016,0.008018615,0.0042049363,-0.003190835,290.0818,1.0,0.00026841462,293.7771,294.3623,294.40967,294.57056,294.94336,0.4501648,0.45689392,0.43721008,0.3915863,89846.5,296.3059,-0.2761917,0.19658947,75.538765,25.867752,114.48729451497395,85.65403525034587
Kasese,1986-07,10529.614022288868,0.827247341034288,19.0,0.0,1.0,0.1098988295973021,1.0000305189751728,3.999954221537241,0.1699,30.0781,0.200000000000001,30.100000000000016,0.0010192224,0.0008323863,-0.002791034,288.66724,1.0,9.484589e-05,294.4287,294.8755,294.85156,294.77637,294.82983,0.3744049,0.39605713,0.4111786,0.38885498,89956.5,296.56885,-0.49001026,0.14335728,61.413788,24.765667,69.62816365559895,92.5494607289632
Kasese,1986-08,10529.614022288868,0.827247341034288,19.0,0.0,1.0,0.1098988295973021,1.0000305189751728,3.999954221537241,0.1699,30.0781,0.200000000000001,30.100000000000016,0.0018260758,0.00042061508,-0.002606946,289.03027,1.0,9.5531344e-05,295.74268,296.08618,295.88013,295.3955,294.9099,0.35076904,0.35528564,0.3735962,0.38183594,89800.81,297.15625,-0.6684723,-0.03030014,49.487465,-27.592964,62.14667256673177,93.8916982014974
Kasese,1986-09,10529.614022288868,0.827247341034288,19.0,0.0,1.0,0.1098988295973021,1.0000305189751728,3.999954221537241,0.1699,30.0781,0.200000000000001,30.100000000000016,0.0033136378,0.0004458353,-0.00255821,290.0442,1.0,0.00021970272,295.27075,295.79004,295.7788,295.68823,295.19385,0.38703918,0.35205078,0.3539276,0.3764038,89834.94,296.4397,-0.41994,0.021133423,94.62254,-10.054115,68.50793202718098,91.49761327107748
Kasese,1986-10,10529.614022288868,0.827247341034288,19.0,0.0,1.0,0.1098988295973021,1.0000305189751728,3.999954221537241,0.1699,30.0781,0.200000000000001,30.100000000000016,0.0071950224,0.001693517,-0.00303087,290.7002,1.0,0.00026738644,294.70557,295.32666,295.3806,295.5017,295.35327,0.43978882,0.4225006,0.38005066,0.37748718,89751.375,296.1643,-0.4062147,-0.13985252,139.0917,13.530304,94.40057118733723,82.0143674214681
Kasese,1986-11,10529.614022288868,0.827247341034288,19.0,0.0,1.0,0.1098988295973021,1.0000305189751728,3.999954221537241,0.1699,30.0781,0.200000000000001,30.100000000000016,0.0050282357,0.0027146637,-0.0031979093,290.6892,1.0,0.00025881827,293.9646,294.58667,294.65063,294.85693,295.26172,0.44570923,0.4398346,0.4010315,0.38955688,89694.5,295.9148,-0.61131287,-0.29766655,127.61696,15.622551,120.44373575846356,91.29520416259766
Kasese,1986-12,10529.614022288868,0.827247341034288,19.0,0.0,1.0,0.1098988295973021,1.0000305189751728,3.999954221537241,0.1699,30.0781,0.200000000000001,30.100000000000016,0.0051291506,0.0019489527,-0.0031389995,290.92603,1.0,0.0002474934,293.98657,294.5381,294.5359,294.6211,295.05347,0.44685364,0.43484497,0.39834595,0.3866577,89768.69,295.7268,-0.39079475,-0.5486202,42.255043,-30.66896,102.98790232340497,85.74791717529297
Kasese,1987-01,10529.614022288868,0.827247341034288,19.0,0.0,1.0,0.1098988295973021,1.0000305189751728,3.999954221537241,0.1699,30.0781,0.200000000000001,30.100000000000016,0.0052707233,0.0018241405,-0.003172962,290.87793,1.0,0.00020907819,294.98193,295.48877,295.43115,295.2068,294.98535,0.4299469,0.42085266,0.387146,0.3849945,89764.31,296.94507,-0.21292305,-0.44595242,27.072927,-7.5269985,65.6483097076416,80.02444044748943
Kasese,1987-02,10529.614022288868,0.827247341034288,19.0,0.0,1.0,0.1098988295973021,1.0000305189751728,3.999954221537241,0.1699,30.0781,0.200000000000001,30.100000000000016,0.0051980643,0.0020901412,-0.0032153837,291.083,1.0,0.00021910667,295.7207,296.1941,296.0874,295.79053,295.1958,0.437088,0.42596436,0.38545227,0.38539124,89713.44,297.4773,-0.3772545,-0.30438232,46.802647,4.2588196,38.71020571390788,79.57697073618571
Kasese,1987-03,10529.614022288868,0.827247341034288,19.0,0.0,1.0,0.1098988295973021,1.0000305189751728,3.999954221537241,0.1699,30.0781,0.200000000000001,30.100000000000016,0.0065996484,0.0032662377,-0.003488422,291.25806,1.0,0.00024574995,295.65625,296.20752,296.13843,295.9292,295.44897,0.45025635,0.43878174,0.3872528,0.38703918,89606.125,297.6057,-0.44947052,-0.13476276,74.332275,-17.58258,49.40261650085449,76.19525941212972
Kasese,1987-04,10529.614022288868,0.827247341034288,19.0,0.0,1.0,0.1098988295973021,1.0000305189751728,3.999954221537241,0.1699,30.0781,0.200000000000001,30.100000000000016,0.009543323,0.0045017675,-0.0035033096,291.688,1.0,0.00027237833,295.0791,295.71997,295.7473,295.79028,295.62427,0.4533844,0.45773315,0.41921997,0.38619995,89752.125,297.10156,-0.49134827,-0.11617184,129.80812,-8.313187,83.64768091837566,74.64799531300862
Kasese,1987-05,10529.614022288868,0.827247341034288,19.0,0.0,1.0,0.1098988295973021,1.0000305189751728,3.999954221537241,0.1699,30.0781,0.200000000000001,30.100000000000016,0.009416925,0.004474275,-0.003277653,291.5625,1.0,0.00034323335,294.18042,294.86426,294.9685,295.24023,295.5647,0.46855164,0.47247314,0.44839478,0.38700867,89779.69,296.46802,-0.38878822,0.14562511,92.09011,-7.2571106,98.74350229899088,68.72685400644939
Kasese,1987-06,10529.614022288868,0.827247341034288,19.0,0.0,1.0,0.1098988295973021,1.0000305189751728,3.999954221537241,0.1699,30.0781,0.200000000000001,30.100000000000016,0.01107594,0.006643623,-0.0030669766,291.12378,1.0,0.00032402575,293.90625,294.5144,294.5796,294.8086,295.33228,0.46362305,0.47732544,0.48234558,0.41697693,89958.875,295.94702,-0.32153893,0.04592228,99.0161,49.345085,106.97144317626952,78.18702983856201
Kasese,1987-07,10529.614022288868,0.827247341034288,19.0,0.0,1.0,0.1098988295973021,1.0000305189751728,3.999954221537241,0.1699,30.0781,0.200000000000001,30.100000000000016,0.0030686795,0.001276359,-0.0034706704,289.573,1.0,0.00016632676,294.87842,295.31982,295.21606,295.04932,295.15234,0.42468262,0.4355774,0.44866943,0.42399597,89808.125,297.4546,-0.6363869,-0.0064821243,38.93713,2.289009,76.6811129252116,80.16439692179362
Kasese,1987-08,10529.614022288868,0.827247341034288,19.0,0.0,1.0,0.1098988295973021,1.0000305189751728,3.999954221537241,0.1699,30.0781,0.200000000000001,30.100000000000016,0.0014061497,0.00046010315,-0.0027589863,289.29565,1.0,9.8496675e-05,295.81323,296.21265,296.10034,295.79956,295.29224,0.34457397,0.36637878,0.4015808,0.41859436,89798.875,297.71973,-0.7268648,0.02246666,77.76553,0.68510437,71.90625381469727,85.32487805684407
Kasese,1987-09,10529.614022288868,0.827247341034288,19.0,0.0,1.0,0.1098988295973021,1.0000305189751728,3.999954221537241,0.1699,30.0781,0.200000000000001,30.100000000000016,0.005009602,0.0011142641,-0.0029136594,290.0205,1.0,0.0002078712,296.03955,296.58057,296.51855,296.2644,295.5952,0.38031006,0.3705902,0.3806305,0.412323,89774.19,297.54932,-0.52939606,0.09507179,91.35148,-13.32518,69.351380666097,88.16141192118327
Kasese,1987-10,10529.614022288868,0.827247341034288,19.0,0.0,1.0,0.1098988295973021,1.0000305189751728,3.999954221537241,0.1699,30.0781,0.200000000000001,30.100000000000016,0.0051120943,0.0017867386,-0.0034434116,290.6853,1.0,0.0002233684,295.48096,296.03784,295.99536,295.92163,295.76392,0.4316864,0.42193604,0.39230347,0.41740417,89704.75,297.23706,-0.5214844,-0.1289568,96.91336,-28.64804,88.67679087320964,82.67895189921062
Kasese,1987-11,10529.614022288868,0.827247341034288,19.0,0.0,1.0,0.1098988295973021,1.0000305189751728,3.999954221537241,0.1699,30.0781,0.200000000000001,30.100000000000016,0.008230708,0.00424964,-0.0032237535,291.22412,1.0,0.00027123094,294.79272,295.4358,295.50903,295.67773,295.79956,0.44747925,0.44812012,0.39814758,0.41932678,89762.31,296.5559,-0.3517027,-0.040685654,143.90903,31.91462,110.72462209065756,91.3154379526774
Kasese,1987-12,10529.614022288868,0.827247341034288,19.0,0.0,1.0,0.1098988295973021,1.0000305189751728,3.999954221537241,0.1699,30.0781,0.200000000000001,30.100000000000016,0.0032736184,0.0013413504,-0.0034801727,290.06396,1.0,0.00016604364,295.45728,295.9226,295.79785,295.59766,295.69214,0.40333557,0.41348267,0.41072083,0.41467285,89753.06,297.583,-0.49576283,-0.5270796,59.30074,-13.623264,100.04104232788086,84.69621149698894
Kasese,1988-01,10529.614022288868,0.827247341034288,19.0,0.0,1.0,0.1098988295973021,1.0000305189751728,3.999954221537241,0.1699,30.0781,0.200000000000001,30.100000000000016,0.004012994,0.0012123436,-0.0029398613,290.49146,1.0,0.00020211935,295.73145,296.26514,296.23315,296.11475,295.802,0.38729858,0.3731537,0.3907013,0.411026,89673.5,297.57544,-0.31302643,-0.47137547,46.63216,12.032234,83.28064219156902,85.97871653238933
Kasese,1988-02,10529.614022288868,0.827247341034288,19.0,0.0,1.0,0.1098988295973021,1.0000305189751728,3.999954221537241,0.1699,30.0781,0.200000000000001,30.100000000000016,0.0039831926,0.0013739169,-0.0028132936,290.24463,1.0,0.00016960502,296.7478,297.20264,297.05884,296.68408,296.00903,0.37976074,0.3630371,0.38043213,0.4095459,89566.56,298.34814,-0.53726864,-0.40689373,25.03184,-17.511988,43.6549129486084,77.18976751963298
Kasese,1988-03,10529.614022288868,0.827247341034288,19.0,0.0,1.0,0.1098988295973021,1.0000305189751728,3.999954221537241,0.1699,30.0781,0.200000000000001,30.100000000000016,0.005547284,0.0020970404,-0.0031104442,291.28345,1.0,0.00021670759,296.14526,296.74878,296.761,296.7202,296.29956,0.42166138,0.3932495,0.37355042,0.40966797,89680.69,297.73462,-0.27601147,-0.080142975,72.02647,-19.88839,47.89682197570801,73.96893215179443
Kasese,1988-04,10529.614022288868,0.827247341034288,19.0,0.0,1.0,0.1098988295973021,1.0000305189751728,3.999954221537241,0.1699,30.0781,0.200000000000001,30.100000000000016,0.011535078,0.0057856664,-0.0035529537,291.69556,1.0,0.00035697222,295.44165,296.1787,296.26025,296.39526,296.39038,0.44700623,0.44717407,0.38426208,0.4099884,89658.81,297.22852,-0.36794376,0.14960384,138.76488,0.64356995,78.60772768656413,80.94418493906657
Kasese,1988-05,10529.614022288868,0.827247341034288,19.0,0.0,1.0,0.1098988295973021,1.0000305189751728,3.999954221537241,0.1699,30.0781,0.200000000000001,30.100000000000016,0.011608691,0.0072265565,-0.0034661787,291.45728,1.0,0.00031243265,294.4431,295.10645,295.17456,295.4646,296.1765,0.4552765,0.47369385,0.47549438,0.4224701,89824.125,296.75073,-0.40415,0.102396965,102.96525,3.6180267,104.58553059895831,74.12022177378337
Kasese,1988-06,10529.614022288868,0.827247341034288,19.0,0.0,1.0,0.1098988295973021,1.0000305189751728,3.999954221537241,0.1699,30.0781,0.200000000000001,30.100000000000016,0.0021806322,0.00077199936,-0.0032314816,289.32886,1.0,0.00013259053,294.6787,295.24048,295.29956,295.50244,295.90186,0.38674927,0.40168762,0.42488098,0.4295349,89840.81,297.61694,-0.6228752,0.17022991,48.350353,-1.3206596,96.6934928894043,72.29515743255615
Kasese,1988-07,10529.614022288868,0.827247341034288,19.0,0.0,1.0,0.1098988295973021,1.0000305189751728,3.999954221537241,0.1699,30.0781,0.200000000000001,30.100000000000016,0.004301008,0.0009928942,-0.0028097108,289.57764,1.0,0.0001796633,294.7644,295.3164,295.3728,295.51758,295.74658,0.39805603,0.39064026,0.39364624,0.42208862,89855.25,296.58032,-0.36517906,0.16147518,66.15285,29.504726,72.48948287963867,75.5486052831014
Kasese,1988-08,10529.614022288868,0.827247341034288,19.0,0.0,1.0,0.1098988295973021,1.0000305189751728,3.999954221537241,0.1699,30.0781,0.200000000000001,30.100000000000016,0.004997615,0.0013556033,-0.003115099,290.24927,1.0,0.00020000339,294.35864,294.92456,294.96582,295.14575,295.5647,0.43873596,0.43721008,0.41104126,0.4199524,89804.44,296.4026,-0.35024357,0.13409519,89.46837,12.387939,67.99052302042644,86.28802680969238
Kasese,1988-09,10529.614022288868,0.827247341034288,19.0,0.0,1.0,0.1098988295973021,1.0000305189751728,3.999954221537241,0.1699,30.0781,0.200000000000001,30.100000000000016,0.0039751036,0.0011188984,-0.0031437855,290.6272,1.0,0.00019285083,294.80078,295.34106,295.33862,295.33472,295.43604,0.41574097,0.41177368,0.4052124,0.42304993,89735.31,296.25513,-0.29314137,0.117414474,143.72823,39.051567,99.78314717610677,98.23832003275554
Kasese,1988-10,10529.614022288868,0.827247341034288,19.0,0.0,1.0,0.1098988295973021,1.0000305189751728,3.999954221537241,0.1699,30.0781,0.200000000000001,30.100000000000016,0.0057183923,0.002588287,-0.003302373,290.78418,1.0,0.00022855401,294.33374,294.95117,294.99805,295.14258,295.36035,0.45799255,0.454422,0.4199829,0.426239,89691.44,296.0652,-0.33863735,-0.104626656,128.58032,3.018921,120.59230550130208,96.54089419047038
Kasese,1988-11,10529.614022288868,0.827247341034288,19.0,0.0,1.0,0.1098988295973021,1.0000305189751728,3.999954221537241,0.1699,30.0781,0.200000000000001,30.100000000000016,0.007186767,0.0030314773,-0.0034489632,290.77197,1.0,0.0002785027,294.0327,294.667,294.708,294.87378,295.22485,0.46221924,0.4670868,0.4322815,0.42533875,89768.81,295.82935,-0.5864725,-0.3709879,110.131065,-1.8633423,127.47987111409503,97.73519706726074
Kasese,1988-12,10529.614022288868,0.827247341034288,19.0,0.0,1.0,0.1098988295973021,1.0000305189751728,3.999954221537241,0.1699,30.0781,0.200000000000001,30.100000000000016,0.0036588311,0.0014612526,-0.0033003045,289.6526,1.0,0.0002001077,294.10425,294.69922,294.75073,294.87134,295.0874,0.40608215,0.40707397,0.4142456,0.4219513,89648.0,296.5298,-0.6112709,-0.5448828,95.63032,22.706314,111.44723510742188,105.61519114176431
Kasese,1989-01,10529.614022288868,0.827247341034288,19.0,0.0,1.0,0.1098988295973021,1.0000305189751728,3.999954221537241,0.1699,30.0781,0.200000000000001,30.100000000000016,0.001662484,0.0007041544,-0.002960952,288.9148,1.0,8.46982e-05,295.6443,295.98364,295.74292,295.2202,295.01123,0.37083435,0.37219238,0.39672852,0.41674805,89644.125,297.74976,0.064754486,-0.022346497,50.88389,16.283962,85.54842376708984,103.07036463419595
Kasese,1989-02,10529.614022288868,0.827247341034288,19.0,0.0,1.0,0.1098988295973021,1.0000305189751728,3.999954221537241,0.1699,30.0781,0.200000000000001,30.100000000000016,0.0020392723,0.00047045946,-0.0024996568,288.83838,1.0,0.00012111664,296.1272,296.54248,296.39307,296.01953,295.29492,0.35639954,0.34724426,0.3648529,0.41047668,89691.875,297.67822,-0.29795742,-0.587121,41.600945,-0.94288254,62.70505015055338,95.09246063232422
Kasese,1989-03,10529.614022288868,0.827247341034288,19.0,0.0,1.0,0.1098988295973021,1.0000305189751728,3.999954221537241,0.1699,30.0781,0.200000000000001,30.100000000000016,0.006776804,0.0016025752,-0.0030137948,290.3745,1.0,0.00023886561,295.35596,296.04517,296.1333,296.2246,295.65894,0.41792297,0.39263916,0.36982727,0.40879822,89577.375,296.9585,-0.24368191,-0.11869717,69.35206,-22.562798,53.9456303914388,82.69643274943034
Kasese,1989-04,10529.614022288868,0.827247341034288,19.0,0.0,1.0,0.1098988295973021,1.0000305189751728,3.999954221537241,0.1699,30.0781,0.200000000000001,30.100000000000016,0.0064847004,0.0025778934,-0.0035062945,291.0288,1.0,0.00024428964,294.77515,295.3838,295.3833,295.417,295.6416,0.44654846,0.4437561,0.38423157,0.41452026,89665.94,296.87573,-0.5302477,0.037608147,115.01149,-23.109818,75.32149759928386,80.43496068318684
Kasese,1989-05,10529.614022288868,0.827247341034288,19.0,0.0,1.0,0.1098988295973021,1.0000305189751728,3.999954221537241,0.1699,30.0781,0.200000000000001,30.100000000000016,0.008619588,0.0036200657,-0.003418656,290.94165,1.0,0.00032368302,293.9873,294.69116,294.80054,295.1206,295.54004,0.4658203,0.46681213,0.41307068,0.41418457,89846.125,296.3191,-0.5039158,0.11341667,141.92831,42.581093,108.76395416259766,85.73450215657552
Kasese,1989-06,10529.614022288868,0.827247341034288,19.0,0.0,1.0,0.1098988295973021,1.0000305189751728,3.999954221537241,0.1699,30.0781,0.200000000000001,30.100000000000016,0.0047113295,0.0034660995,-0.0033651916,289.32373,1.0,0.00018535554,294.2539,294.79126,294.8152,294.92578,295.3047,0.43511963,0.45162964,0.4469757,0.41453552,89887.56,297.15088,-0.60095596,0.13817787,38.394577,-11.276436,98.44479370117188,76.19521204630534
Kasese,1989-07,10529.614022288868,0.827247341034288,19.0,0.0,1.0,0.1098988295973021,1.0000305189751728,3.999954221537241,0.1699,30.0781,0.200000000000001,30.100000000000016,0.001705504,0.0005537793,-0.0027526813,288.52734,1.0,0.00013151765,294.89062,295.30225,295.22876,295.11304,295.18628,0.37556458,0.37872314,0.40060425,0.407135,89898.56,297.1775,-0.47129345,0.16684628,33.302635,-3.3454857,71.20850880940755,73.2650032043457
Kasese,1989-08,10529.614022288868,0.827247341034288,19.0,0.0,1.0,0.1098988295973021,1.0000305189751728,3.999954221537241,0.1699,30.0781,0.200000000000001,30.100000000000016,0.004165692,0.0008980781,-0.0024843607,289.01392,1.0,0.0001475364,295.5564,296.042,295.99316,295.76733,295.30103,0.34376526,0.34570312,0.36787415,0.4000702,89827.56,296.9712,-0.55493164,0.046406746,67.74084,-9.339592,46.47934977213541,77.62165196736653
Kasese,1989-09,10529.614022288868,0.827247341034288,19.0,0.0,1.0,0.1098988295973021,1.0000305189751728,3.999954221537241,0.1699,30.0781,0.200000000000001,30.100000000000016,0.004839748,0.001184918,-0.0034876587,289.88672,1.0,0.0002041012,294.9431,295.51025,295.4851,295.45654,295.41235,0.43449402,0.44018555,0.39624023,0.39782715,89703.06,297.0581,-0.45442772,0.10790348,142.53139,37.85473,81.19161987304688,89.81820678710938
Kasese,1989-10,10529.614022288868,0.827247341034288,19.0,0.0,1.0,0.1098988295973021,1.0000305189751728,3.999954221537241,0.1699,30.0781,0.200000000000001,30.100000000000016,0.00766782,0.002727121,-0.0033666762,290.52148,1.0,0.00027312338,294.78125,295.41138,295.4536,295.51172,295.45312,0.45350647,0.45515442,0.40275574,0.4058838,89752.44,296.3269,-0.43356514,-0.09995937,109.39655,-16.164848,106.55625915527344,88.8823839823405
Kasese,1989-11,10529.614022288868,0.827247341034288,19.0,0.0,1.0,0.1098988295973021,1.0000305189751728,3.999954221537241,0.1699,30.0781,0.200000000000001,30.100000000000016,0.005693883,0.0023470744,-0.0032906216,290.75635,1.0,0.00022093952,294.4182,294.99146,295.0315,295.177,295.40186,0.44934082,0.45350647,0.42216492,0.40681458,89703.81,296.54297,-0.64794636,-0.41442966,110.962364,-1.0320435,120.96343485514323,83.72139231363933
Kasese,1989-12,10529.614022288868,0.827247341034288,19.0,0.0,1.0,0.1098988295973021,1.0000305189751728,3.999954221537241,0.1699,30.0781,0.200000000000001,30.100000000000016,0.0056163883,0.0025210753,-0.0032511055,291.3059,1.0,0.00027783215,294.26514,294.8484,294.8767,294.99707,295.27515,0.4539795,0.44885254,0.41941833,0.40696716,89736.375,296.13452,-0.38936043,-0.41092777,119.202484,46.27848,113.1871337890625,97.18937683105467
Kasese,1990-01,10529.614022288868,0.827247341034288,19.0,0.0,1.0,0.1098988295973021,1.0000305189751728,3.999954221537241,0.1699,30.0781,0.200000000000001,30.100000000000016,0.0034619651,0.0014128387,-0.0034798346,289.83936,1.0,0.00017815828,295.05347,295.52393,295.40967,295.1897,295.18164,0.4142151,0.42385864,0.42456055,0.40299988,89676.19,297.25903,-0.62594223,-0.64088535,21.75505,-12.844875,83.97329966227214,95.26477940877278
Kasese,1990-02,10529.614022288868,0.827247341034288,19.0,0.0,1.0,0.1098988295973021,1.0000305189751728,3.999954221537241,0.1699,30.0781,0.200000000000001,30.100000000000016,0.011444021,0.0052736476,-0.0031845411,291.54517,1.0,0.000317052,294.7412,295.41504,295.47803,295.56152,295.30322,0.46063232,0.46095276,0.43077087,0.4055481,89723.25,296.42017,-0.1437397,-0.20193386,96.43233,53.8885,79.1299540201823,100.04669443766277
Kasese,1990-03,10529.614022288868,0.827247341034288,19.0,0.0,1.0,0.1098988295973021,1.0000305189751728,3.999954221537241,0.1699,30.0781,0.200000000000001,30.100000000000016,0.009352916,0.0048078895,-0.0034797424,291.69043,1.0,0.00031076372,294.72998,295.34424,295.32544,295.28442,295.31885,0.47398376,0.48316956,0.48535156,0.41693115,89787.81,296.66895,-0.40060616,-0.32994843,107.86906,15.954201,75.35214487711589,94.2696393330892
Kasese,1990-04,10529.614022288868,0.827247341034288,19.0,0.0,1.0,0.1098988295973021,1.0000305189751728,3.999954221537241,0.1699,30.0781,0.200000000000001,30.100000000000016,0.010967631,0.0055782422,-0.0037405165,291.91284,1.0,0.00032772124,294.9795,295.59912,295.5664,295.4702,295.3418,0.47018433,0.47998047,0.4878235,0.4415741,89685.375,296.96143,-0.32789135,-0.07040787,136.00836,-2.1129456,113.43658192952472,98.70494079589844
Kasese,1990-05,10529.614022288868,0.827247341034288,19.0,0.0,1.0,0.1098988295973021,1.0000305189751728,3.999954221537241,0.1699,30.0781,0.200000000000001,30.100000000000016,0.00638439,0.0029787421,-0.003554712,291.37378,1.0,0.0002937615,294.52588,295.15356,295.20483,295.32812,295.38525,0.46342468,0.46661377,0.47003174,0.45057678,89792.625,297.0127,-0.4149971,0.06985855,77.94935,-21.397873,107.2755889892578,93.20277150472003
Kasese,1990-06,10529.614022288868,0.827247341034288,19.0,0.0,1.0,0.1098988295973021,1.0000305189751728,3.999954221537241,0.1699,30.0781,0.200000000000001,30.100000000000016,0.0025051828,0.0014687479,-0.003510693,289.5271,1.0,0.00015193224,294.93335,295.4192,295.37646,295.3037,295.33545,0.42167664,0.42817688,0.4420929,0.44863892,89903.625,297.7207,-0.57288647,-0.008339882,15.555332,-34.11568,76.50434748331706,75.92824618021648
Kasese,1990-07,10529.614022288868,0.827247341034288,19.0,0.0,1.0,0.1098988295973021,1.0000305189751728,3.999954221537241,0.1699,30.0781,0.200000000000001,30.100000000000016,0.0010752534,0.00047253072,-0.0027147923,288.04077,1.0,9.801984e-05,295.38428,295.83203,295.75854,295.6228,295.396,0.3408661,0.36470032,0.391922,0.43988037,89861.625,297.62964,-0.5983486,0.03490448,40.850956,4.202835,44.78521219889323,79.11089706420898
Kasese,1990-08,10529.614022288868,0.827247341034288,19.0,0.0,1.0,0.1098988295973021,1.0000305189751728,3.999954221537241,0.1699,30.0781,0.200000000000001,30.100000000000016,0.003422947,0.0006259605,-0.0026783198,289.83667,1.0,0.0001797229,295.70337,296.1543,296.08862,295.85742,295.5354,0.3844452,0.3631134,0.37216187,0.43154907,89901.25,297.1765,-0.513855,0.09051418,57.090446,-19.989983,37.83224487304688,72.55391693115234
Kasese,1990-09,10529.614022288868,0.827247341034288,19.0,0.0,1.0,0.1098988295973021,1.0000305189751728,3.999954221537241,0.1699,30.0781,0.200000000000001,30.100000000000016,0.005042123,0.0010865182,-0.0031656483,290.28687,1.0,0.00019456446,294.8164,295.43945,295.50708,295.6692,295.63354,0.42822266,0.40449524,0.38493347,0.42843628,89807.625,296.7312,-0.38685608,0.033226967,69.264435,-35.412224,55.73527908325195,66.1198132832845
Kasese,1990-10,10529.614022288868,0.827247341034288,19.0,0.0,1.0,0.1098988295973021,1.0000305189751728,3.999954221537241,0.1699,30.0781,0.200000000000001,30.100000000000016,0.004970706,0.0013387874,-0.0030535655,290.52222,1.0,0.00019854307,295.19165,295.73877,295.70923,295.66113,295.62964,0.40737915,0.4032898,0.37425232,0.43011475,89744.75,296.6355,-0.41531086,-0.10632038,114.88442,-10.676979,80.41310119628906,62.59915669759115
Kasese,1990-11,10529.614022288868,0.827247341034288,19.0,0.0,1.0,0.1098988295973021,1.0000305189751728,3.999954221537241,0.1699,30.0781,0.200000000000001,30.100000000000016,0.00452352,0.0020138323,-0.0033800546,290.6521,1.0,0.0002155155,294.7058,295.29565,295.30444,295.37427,295.5901,0.44407654,0.4345703,0.38505554,0.4329071,89710.94,296.80322,-0.5602484,-0.34696198,97.15079,-14.84362,93.76654815673828,65.79939651489258
Kasese,1990-12,10529.614022288868,0.827247341034288,19.0,0.0,1.0,0.1098988295973021,1.0000305189751728,3.999954221537241,0.1699,30.0781,0.200000000000001,30.100000000000016,0.0041929586,0.0012740232,-0.0031862957,290.52783,1.0,0.00020337105,294.4026,294.9773,295.01294,295.15576,295.47192,0.42826843,0.42500305,0.3837738,0.4276886,89696.375,296.35864,-0.44132423,-0.37818146,97.23522,24.311218,103.09014383951823,79.41271146138509
Kasese,1991-01,10529.614022288868,0.827247341034288,19.0,0.0,1.0,0.1098988295973021,1.0000305189751728,3.999954221537241,0.1699,30.0781,0.200000000000001,30.100000000000016,0.0033715367,0.0013466701,-0.0029000426,290.08887,1.0,0.000175789,295.55737,296.02026,295.91357,295.64062,295.40454,0.38876343,0.38020325,0.37886047,0.4256134,89715.25,297.6775,-0.51969147,-0.42990208,63.398865,28.798939,85.92829132080078,83.17069625854492
Kasese,1991-02,10529.614022288868,0.827247341034288,19.0,0.0,1.0,0.1098988295973021,1.0000305189751728,3.999954221537241,0.1699,30.0781,0.200000000000001,30.100000000000016,0.004509346,0.0014417395,-0.0026959926,290.24683,1.0,0.00016666949,296.45386,296.9248,296.802,296.39185,295.6499,0.3824463,0.36116028,0.36904907,0.42114258,89704.31,298.07397,-0.33109188,-0.39635277,46.39234,3.8485146,69.00880940755208,81.38767878214519
Kasese,1991-03,10529.614022288868,0.827247341034288,19.0,0.0,1.0,0.1098988295973021,1.0000305189751728,3.999954221537241,0.1699,30.0781,0.200000000000001,30.100000000000016,0.006012929,0.0023467839,-0.0029199338,290.6775,1.0,0.00020818412,296.31177,296.84668,296.7881,296.57446,295.95532,0.40690613,0.38945007,0.3677063,0.42167664,89613.19,298.1914,-0.4239254,-0.23156357,38.86783,-53.047028,49.55301157633463,76.32157770792644
Kasese,1991-04,10529.614022288868,0.827247341034288,19.0,0.0,1.0,0.1098988295973021,1.0000305189751728,3.999954221537241,0.1699,30.0781,0.200000000000001,30.100000000000016,0.012149055,0.006391622,-0.003524255,291.68506,1.0,0.0003312379,294.38892,295.13623,295.25757,295.62427,296.03564,0.46261597,0.47201538,0.42619324,0.42211914,89715.56,296.365,-0.3518877,0.00051116943,86.41094,-51.710365,57.22370402018229,71.57599767049153
Kasese,1991-05,10529.614022288868,0.827247341034288,19.0,0.0,1.0,0.1098988295973021,1.0000305189751728,3.999954221537241,0.1699,30.0781,0.200000000000001,30.100000000000016,0.00732336,0.0037504062,-0.0033622468,291.8025,1.0,0.0003309697,294.27173,294.9541,295.05005,295.32422,295.79736,0.4708557,0.47349548,0.4633789,0.42242432,89782.5,296.38477,-0.35665417,0.1075449,97.376595,-1.9706268,74.2184549967448,71.61363220214844
Kasese,1991-06,10529.614022288868,0.827247341034288,19.0,0.0,1.0,0.1098988295973021,1.0000305189751728,3.999954221537241,0.1699,30.0781,0.200000000000001,30.100000000000016,0.007886855,0.0040731877,-0.0032001464,291.52588,1.0,0.0003066063,294.45044,295.0244,295.04224,295.14746,295.55518,0.46192932,0.4743805,0.47999573,0.43203735,89868.31,296.5835,-0.2744379,0.14337444,54.470345,4.7993317,79.41929372151692,64.48615264892578
Kasese,1991-07,10529.614022288868,0.827247341034288,19.0,0.0,1.0,0.1098988295973021,1.0000305189751728,3.999954221537241,0.1699,30.0781,0.200000000000001,30.100000000000016,0.003803278,0.0016080886,-0.0031375475,289.63843,1.0,0.00016519427,294.0703,294.63525,294.70752,294.927,295.35425,0.4352417,0.44554138,0.4539795,0.43728638,89946.69,296.42017,-0.3537779,0.12811375,27.500544,-9.147577,59.78249422709147,58.50309912363688
Kasese,1991-08,10529.614022288868,0.827247341034288,19.0,0.0,1.0,0.1098988295973021,1.0000305189751728,3.999954221537241,0.1699,30.0781,0.200000000000001,30.100000000000016,0.0034783678,0.00094397366,-0.0032201316,290.38745,1.0,0.00020711124,294.45435,294.99805,294.99634,295.01758,295.18774,0.4373932,0.4294281,0.4281006,0.43278503,89933.81,296.31323,-0.2968731,0.2027731,53.845005,-23.235424,45.27196439107259,59.74520969390869
Kasese,1991-09,10529.614022288868,0.827247341034288,19.0,0.0,1.0,0.1098988295973021,1.0000305189751728,3.999954221537241,0.1699,30.0781,0.200000000000001,30.100000000000016,0.004237279,0.0010686666,-0.0034215255,290.15723,1.0,0.0002027899,295.3286,295.81543,295.71655,295.4502,295.188,0.41531372,0.41445923,0.41783142,0.43017578,89816.75,297.21924,-0.50666237,-0.017915726,84.36282,-20.313835,55.23612403869629,67.32770888010661
Kasese,1991-10,10529.614022288868,0.827247341034288,19.0,0.0,1.0,0.1098988295973021,1.0000305189751728,3.999954221537241,0.1699,30.0781,0.200000000000001,30.100000000000016,0.005540359,0.0021455735,-0.0032385103,290.41772,1.0,0.0002654493,294.03906,294.73047,294.83423,295.14624,295.29858,0.44844055,0.44099426,0.40945435,0.4323578,89741.5,295.83154,-0.29674911,-0.028003693,131.636,6.0746,89.94794336954753,74.8652187983195
Kasese,1991-11,10529.614022288868,0.827247341034288,19.0,0.0,1.0,0.1098988295973021,1.0000305189751728,3.999954221537241,0.1699,30.0781,0.200000000000001,30.100000000000016,0.005237989,0.0022032708,-0.0033198604,290.3711,1.0,0.00025610626,293.98267,294.59033,294.61963,294.75464,295.11865,0.44436646,0.43281555,0.4061737,0.4316101,89755.125,295.9839,-0.60403633,-0.37870502,85.576225,-26.418182,100.52501678466795,72.89849058787028
Kasese,1991-12,10529.614022288868,0.827247341034288,19.0,0.0,1.0,0.1098988295973021,1.0000305189751728,3.999954221537241,0.1699,30.0781,0.200000000000001,30.100000000000016,0.0028801044,0.0014983602,-0.0031981487,290.3352,1.0,0.000156641,294.8672,295.32837,295.24,295.05933,295.01367,0.40841675,0.4063263,0.391922,0.42884827,89713.75,296.99268,-0.46428013,-0.46218777,60.56786,-12.356144,92.59336217244466,73.91474310557048
Kasese,1992-01,10529.614022288868,0.827247341034288,19.0,0.0,1.0,0.1098988295973021,1.0000305189751728,3.999954221537241,0.1699,30.0781,0.200000000000001,30.100000000000016,0.0016103525,0.00051731616,-0.002435374,289.6245,1.0,9.614229e-05,296.5525,296.8816,296.65674,295.99902,295.20703,0.33901978,0.348526,0.35806274,0.4203186,89699.375,297.9331,-0.42660904,-0.52487564,33.93096,-0.6689644,60.02501551310221,74.98647944132487
Kasese,1992-02,10529.614022288868,0.827247341034288,19.0,0.0,1.0,0.1098988295973021,1.0000305189751728,3.999954221537241,0.1699,30.0781,0.200000000000001,30.100000000000016,0.001727187,0.0003372319,-0.0022956738,289.41016,1.0,8.691847e-05,297.31226,297.64233,297.4004,296.75708,295.6455,0.34321594,0.33654785,0.34526062,0.41261292,89718.375,298.82056,-0.23467445,-0.25525188,17.905733,-24.638094,37.46818478902181,68.9966007868449
Kasese,1992-03,10529.614022288868,0.827247341034288,19.0,0.0,1.0,0.1098988295973021,1.0000305189751728,3.999954221537241,0.1699,30.0781,0.200000000000001,30.100000000000016,0.0044040573,0.00090458244,-0.0022818279,289.7307,1.0,0.00012731552,297.78955,298.2661,298.14795,297.6433,296.28345,0.34414673,0.33825684,0.33450317,0.40524292,89610.0,299.29102,-0.46771526,-0.08805084,99.88602,7.971161,50.57423718770345,71.58379968007405
Kasese,1992-04,10529.614022288868,0.827247341034288,19.0,0.0,1.0,0.1098988295973021,1.0000305189751728,3.999954221537241,0.1699,30.0781,0.200000000000001,30.100000000000016,0.007521647,0.0021169335,-0.0034105051,291.6023,1.0,0.00029289722,295.4287,296.11914,296.22192,296.49072,296.5691,0.4421234,0.43876648,0.3794098,0.41119385,89686.81,297.4729,-0.48932743,0.017303467,94.856064,-43.265244,70.88260459899902,65.45381005605061
Kasese,1992-05,10529.614022288868,0.827247341034288,19.0,0.0,1.0,0.1098988295973021,1.0000305189751728,3.999954221537241,0.1699,30.0781,0.200000000000001,30.100000000000016,0.0035686675,0.0018783808,-0.0032957662,290.9673,1.0,0.00019194186,294.81226,295.43237,295.51172,295.83862,296.39893,0.4310608,0.42982483,0.38879395,0.41508484,89771.06,297.1001,-0.50903034,0.066942215,43.436188,-55.911034,79.39275614420573,58.43047046661377
Kasese,1992-06,10529.614022288868,0.827247341034288,19.0,0.0,1.0,0.1098988295973021,1.0000305189751728,3.999954221537241,0.1699,30.0781,0.200000000000001,30.100000000000016,0.0047550313,0.0012944788,-0.0026970822,290.62793,1.0,0.00024244189,294.5027,295.1211,295.2566,295.6516,296.17188,0.41734314,0.4137268,0.37753296,0.408844,89863.69,296.6416,-0.32159138,0.21368885,45.65923,-4.0117836,61.31716028849284,55.94569873809815
Kasese,1992-07,10529.614022288868,0.827247341034288,19.0,0.0,1.0,0.1098988295973021,1.0000305189751728,3.999954221537241,0.1699,30.0781,0.200000000000001,30.100000000000016,0.0019355237,0.00078214705,-0.0025406964,289.27588,1.0,0.0001449734,294.3794,294.88452,294.92212,295.08716,295.81226,0.3970337,0.40005493,0.37916565,0.40734863,89950.25,296.3208,-0.43499374,0.08589268,34.467323,-2.1807976,41.18758010864258,56.0350923538208
Kasese,1992-08,10529.614022288868,0.827247341034288,19.0,0.0,1.0,0.1098988295973021,1.0000305189751728,3.999954221537241,0.1699,30.0781,0.200000000000001,30.100000000000016,0.0023658192,0.0007380396,-0.0024813302,288.56177,1.0,0.000110536814,295.69922,296.094,295.9873,295.7295,295.6477,0.36254883,0.36775208,0.35871887,0.40194702,89906.56,297.15845,-0.5732956,0.093307495,42.810734,-34.269695,40.979095458984375,60.185925801595054
Kasese,1992-09,10529.614022288868,0.827247341034288,19.0,0.0,1.0,0.1098988295973021,1.0000305189751728,3.999954221537241,0.1699,30.0781,0.200000000000001,30.100000000000016,0.003033501,0.0006567687,-0.0026094057,289.6709,1.0,0.00014455616,295.10596,295.6194,295.6482,295.75293,295.7246,0.39189148,0.38423157,0.356781,0.3972473,89753.5,296.54712,-0.45048714,0.022281647,114.84746,10.170799,64.04183832804362,62.67949930826823
Kasese,1992-10,10529.614022288868,0.827247341034288,19.0,0.0,1.0,0.1098988295973021,1.0000305189751728,3.999954221537241,0.1699,30.0781,0.200000000000001,30.100000000000016,0.005190634,0.0012972057,-0.0027989028,290.51978,1.0,0.00025318563,295.15527,295.74634,295.75244,295.75684,295.71704,0.4091797,0.37857056,0.36045837,0.39631653,89753.875,296.32983,-0.31139565,0.09814358,94.82937,-30.732033,84.16252009073894,62.67505009969076
Kasese,1992-11,10529.614022288868,0.827247341034288,19.0,0.0,1.0,0.1098988295973021,1.0000305189751728,3.999954221537241,0.1699,30.0781,0.200000000000001,30.100000000000016,0.004361645,0.0015314966,-0.0029009553,290.2329,1.0,0.0002310127,294.58252,295.18994,295.24658,295.41577,295.66895,0.4195099,0.39587402,0.36338806,0.40104675,89705.625,296.25415,-0.55949306,-0.36920643,64.85594,-47.138466,91.51092274983723,66.24500910441081
Kasese,1992-12,10529.614022288868,0.827247341034288,19.0,0.0,1.0,0.1098988295973021,1.0000305189751728,3.999954221537241,0.1699,30.0781,0.200000000000001,30.100000000000016,0.0032458962,0.0014914945,-0.002614554,290.42554,1.0,0.00020073354,294.96973,295.46313,295.42065,295.3899,295.56006,0.3927307,0.37493896,0.36143494,0.40078735,89737.31,296.53857,-0.6091776,-0.46757793,109.71596,36.791954,89.80042266845703,76.92113049825032
Kasese,1993-01,10529.614022288868,0.827247341034288,19.0,0.0,1.0,0.1098988295973021,1.0000305189751728,3.999954221537241,0.1699,30.0781,0.200000000000001,30.100000000000016,0.0037956738,0.001187563,-0.0026841005,290.13403,1.0,0.00013899803,295.50732,295.98438,295.93652,295.79858,295.583,0.39141846,0.39134216,0.35121155,0.39595032,89745.31,297.38843,-0.28732014,-0.26182175,51.817352,17.217426,75.4630839029948,79.81280199686687
Kasese,1993-02,10529.614022288868,0.827247341034288,19.0,0.0,1.0,0.1098988295973021,1.0000305189751728,3.999954221537241,0.1699,30.0781,0.200000000000001,30.100000000000016,0.003918133,0.0010195151,-0.002651452,290.00586,1.0,0.0001720488,296.67773,297.10547,296.9402,296.45728,295.7505,0.38049316,0.37094116,0.35383606,0.39164734,89671.06,298.05103,-0.32777405,-0.27302742,67.30039,24.756565,76.27790069580078,83.89441172281902
Kasese,1993-03,10529.614022288868,0.827247341034288,19.0,0.0,1.0,0.1098988295973021,1.0000305189751728,3.999954221537241,0.1699,30.0781,0.200000000000001,30.100000000000016,0.0040341485,0.0015016496,-0.0027613994,289.73315,1.0,0.00015716255,296.7107,297.2173,297.10596,296.80273,296.09985,0.38772583,0.36584473,0.36079407,0.39398193,89693.94,298.0088,-0.5270996,-0.2531309,64.64833,-27.266525,61.255358378092446,75.52789052327473
Kasese,1993-04,10529.614022288868,0.827247341034288,19.0,0.0,1.0,0.1098988295973021,1.0000305189751728,3.999954221537241,0.1699,30.0781,0.200000000000001,30.100000000000016,0.004602276,0.0017489046,-0.002573613,290.66797,1.0,0.00022250414,296.25952,296.83545,296.83813,296.77637,296.364,0.38139343,0.3677826,0.35603333,0.39253235,89666.0,297.71265,-0.56509876,-0.039580345,175.3969,37.27559,102.44853973388672,88.95581181844075
Kasese,1993-05,10529.614022288868,0.827247341034288,19.0,0.0,1.0,0.1098988295973021,1.0000305189751728,3.999954221537241,0.1699,30.0781,0.200000000000001,30.100000000000016,0.007094452,0.003579393,-0.0032964582,291.2019,1.0,0.0002962947,294.9292,295.57642,295.65918,295.95996,296.3684,0.4446869,0.4467926,0.37748718,0.39401245,89765.875,297.01074,-0.44873142,0.14039326,154.20335,54.856133,131.41619364420572,103.84704717000324
Kasese,1993-06,10529.614022288868,0.827247341034288,19.0,0.0,1.0,0.1098988295973021,1.0000305189751728,3.999954221537241,0.1699,30.0781,0.200000000000001,30.100000000000016,0.0040146736,0.0015424639,-0.0028281668,290.62036,1.0,0.00021854043,294.70825,295.27832,295.35962,295.60083,296.13208,0.41886902,0.42034912,0.3818817,0.38960266,89922.375,296.67017,-0.44406223,0.14015675,37.588894,-12.082119,122.39638137817384,91.82586987813312
Kasese,1993-07,10529.614022288868,0.827247341034288,19.0,0.0,1.0,0.1098988295973021,1.0000305189751728,3.999954221537241,0.1699,30.0781,0.200000000000001,30.100000000000016,0.0009808539,0.0005364865,-0.0020680092,287.61475,1.0,4.351139e-05,296.062,296.41724,296.2827,295.99658,295.97998,0.31773376,0.34599304,0.35510254,0.3850708,89886.625,297.48462,-0.68153,0.07697201,15.155408,-21.492714,68.98255189259847,85.7155458132426
Kasese,1993-08,10529.614022288868,0.827247341034288,19.0,0.0,1.0,0.1098988295973021,1.0000305189751728,3.999954221537241,0.1699,30.0781,0.200000000000001,30.100000000000016,0.0013283296,0.00028460473,-0.0019311411,289.18408,1.0,0.00012207031,296.0149,296.48413,296.4563,296.39087,296.09448,0.33926392,0.33041382,0.33215332,0.37834167,89913.625,297.01172,-0.5374336,0.06656742,91.85603,14.775604,48.2001117070516,89.80815267562866
Kasese,1993-09,10529.614022288868,0.827247341034288,19.0,0.0,1.0,0.1098988295973021,1.0000305189751728,3.999954221537241,0.1699,30.0781,0.200000000000001,30.100000000000016,0.0020947978,0.00028459728,-0.0020489497,289.3911,1.0,0.00013409555,296.56445,297.0227,296.90552,296.57568,296.2141,0.34474182,0.33294678,0.32164,0.37257385,89785.25,297.2107,-0.5171509,0.015514374,60.34916,-44.3275,55.78686682383219,89.091624101003
Kasese,1993-10,10529.614022288868,0.827247341034288,19.0,0.0,1.0,0.1098988295973021,1.0000305189751728,3.999954221537241,0.1699,30.0781,0.200000000000001,30.100000000000016,0.0025882742,0.00030054897,-0.0020783367,290.24976,1.0,0.00016535819,296.38818,296.9187,296.93872,296.8755,296.42432,0.36590576,0.34465027,0.32260132,0.36764526,89743.44,297.07422,-0.54587555,-0.08255482,131.75595,6.1945496,94.65371449788412,81.81813319524129
Kasese,1993-11,10529.614022288868,0.827247341034288,19.0,0.0,1.0,0.1098988295973021,1.0000305189751728,3.999954221537241,0.1699,30.0781,0.200000000000001,30.100000000000016,0.0062901843,0.0010838881,-0.0031070476,291.15356,1.0,0.00028808415,294.63647,295.3589,295.5022,295.9568,296.42456,0.44329834,0.42182922,0.35517883,0.36787415,89666.625,296.05615,-0.41843987,-0.29174137,80.6478,-31.346611,90.91763559977214,69.55887365341187
Kasese,1993-12,10529.614022288868,0.827247341034288,19.0,0.0,1.0,0.1098988295973021,1.0000305189751728,3.999954221537241,0.1699,30.0781,0.200000000000001,30.100000000000016,0.0047596195,0.0018190816,-0.003238962,290.3318,1.0,0.00023595989,295.08765,295.63306,295.60107,295.66504,296.16528,0.42541504,0.42112732,0.36735535,0.38110352,89692.5,296.89868,-0.5588331,-0.53827953,121.81064,48.886635,111.40479532877605,83.59583107630412
Kasese,1994-01,10529.614022288868,0.827247341034288,19.0,0.0,1.0,0.1098988295973021,1.0000305189751728,3.999954221537241,0.1699,30.0781,0.200000000000001,30.100000000000016,0.004134119,0.0013391674,-0.0028750598,290.2212,1.0,0.00018151104,295.86914,296.3872,296.33032,296.20435,296.10352,0.39305115,0.38798523,0.36016846,0.37997437,89612.19,297.4353,-0.24416924,-0.39898205,38.153477,3.5535507,80.20397059122722,87.42884254455566
Kasese,1994-02,10529.614022288868,0.827247341034288,19.0,0.0,1.0,0.1098988295973021,1.0000305189751728,3.999954221537241,0.1699,30.0781,0.200000000000001,30.100000000000016,0.001700474,0.00064609945,-0.0021470366,289.7998,1.0,8.375943e-05,297.71704,298.1045,297.88892,297.16992,296.27466,0.33119202,0.34576416,0.34843445,0.37675476,89640.875,298.5691,0.08574772,-0.1676035,17.4272,-25.116627,59.130438486735024,75.02403704325359
Kasese,1994-03,10529.614022288868,0.827247341034288,19.0,0.0,1.0,0.1098988295973021,1.0000305189751728,3.999954221537241,0.1699,30.0781,0.200000000000001,30.100000000000016,0.0061453446,0.0014896244,-0.0031341566,291.19165,1.0,0.0002272278,295.61597,296.3015,296.40015,296.70312,296.56787,0.4318695,0.41098022,0.3594513,0.37504578,89702.56,297.30225,-0.2868719,-0.26040554,82.19798,-9.716873,45.92621994018555,78.66550763448079
Kasese,1994-04,10529.614022288868,0.827247341034288,19.0,0.0,1.0,0.1098988295973021,1.0000305189751728,3.999954221537241,0.1699,30.0781,0.200000000000001,30.100000000000016,0.0054466734,0.002278708,-0.0030376138,290.6228,1.0,0.00024661422,296.10278,296.69214,296.6748,296.614,296.57056,0.4002838,0.38945007,0.3578186,0.3795166,89666.5,297.91455,-0.5850382,-0.02263546,136.68703,-1.4342804,78.77073669433594,79.48735364278157
Kasese,1994-05,10529.614022288868,0.827247341034288,19.0,0.0,1.0,0.1098988295973021,1.0000305189751728,3.999954221537241,0.1699,30.0781,0.200000000000001,30.100000000000016,0.0041053044,0.002153948,-0.0029364852,291.04517,1.0,0.00024829805,294.7788,295.44214,295.56348,295.93384,296.4629,0.4235077,0.41183472,0.35157776,0.3789978,89838.31,296.8286,-0.45069408,0.11186504,169.90642,70.5592,129.5971425374349,94.36379051208496
Kasese,1994-06,10529.614022288868,0.827247341034288,19.0,0.0,1.0,0.1098988295973021,1.0000305189751728,3.999954221537241,0.1699,30.0781,0.200000000000001,30.100000000000016,0.0020918583,0.00067944825,-0.0021966454,289.7395,1.0,0.00016006827,295.49072,295.94727,295.92773,295.9485,296.2561,0.3710022,0.3627777,0.34284973,0.3725891,89854.25,297.13354,-0.4300232,0.10117054,34.45309,-15.217922,113.68217849731444,79.80419921875
Kasese,1994-07,10529.614022288868,0.827247341034288,19.0,0.0,1.0,0.1098988295973021,1.0000305189751728,3.999954221537241,0.1699,30.0781,0.200000000000001,30.100000000000016,0.0028417155,0.0006773472,-0.0020275107,288.94556,1.0,0.00013904274,295.61694,296.07227,296.06982,296.08276,296.1582,0.37495422,0.35482788,0.3422699,0.3682251,89889.125,297.09912,-0.5368614,0.11495972,43.367836,6.719715,82.57578150431316,80.67325909932454
Kasese,1994-08,10529.614022288868,0.827247341034288,19.0,0.0,1.0,0.1098988295973021,1.0000305189751728,3.999954221537241,0.1699,30.0781,0.200000000000001,30.100000000000016,0.0028502787,0.0005901158,-0.0022088625,289.2976,1.0,0.00016866624,295.71313,296.2024,296.20508,296.2339,296.17847,0.37582397,0.3622589,0.34942627,0.3655548,89839.0,296.89014,-0.5153103,0.11941624,74.5757,-2.5047302,50.79887517293295,90.19800885518391
Kasese,1994-09,10529.614022288868,0.827247341034288,19.0,0.0,1.0,0.1098988295973021,1.0000305189751728,3.999954221537241,0.1699,30.0781,0.200000000000001,30.100000000000016,0.004386032,0.0013773367,-0.0028394638,290.18164,1.0,0.00017771125,295.64307,296.16138,296.12402,296.05298,296.14746,0.40589905,0.39120483,0.35679626,0.3703766,89801.56,296.7766,-0.52878094,-0.07750416,74.51657,-30.160088,64.1533686319987,88.91777356465657
Kasese,1994-10,10529.614022288868,0.827247341034288,19.0,0.0,1.0,0.1098988295973021,1.0000305189751728,3.999954221537241,0.1699,30.0781,0.200000000000001,30.100000000000016,0.0034636667,0.0009393245,-0.002434908,290.4231,1.0,0.00020496547,294.98486,295.60962,295.71362,295.9558,296.1189,0.39985657,0.37098694,0.35009766,0.3700409,89705.44,296.1609,-0.40826035,-0.11959648,126.49907,0.93766785,91.86377970377605,87.2197806040446
Kasese,1994-11,10529.614022288868,0.827247341034288,19.0,0.0,1.0,0.1098988295973021,1.0000305189751728,3.999954221537241,0.1699,30.0781,0.200000000000001,30.100000000000016,0.00833902,0.003492929,-0.002953072,291.30127,1.0,0.00034433603,294.17798,294.8457,294.9402,295.29248,295.92163,0.4624176,0.44119263,0.36795044,0.37443542,89758.625,295.29736,-0.30639076,-0.12459946,113.9327,1.9382935,104.98278045654295,77.89082781473796
Kasese,1994-12,10529.614022288868,0.827247341034288,19.0,0.0,1.0,0.1098988295973021,1.0000305189751728,3.999954221537241,0.1699,30.0781,0.200000000000001,30.100000000000016,0.0047532306,0.0025023818,-0.00321873,290.6792,1.0,0.00025184453,294.5437,295.09644,295.07202,295.12402,295.63623,0.4293213,0.42913818,0.38461304,0.37506104,89774.81,296.27808,-0.5736389,-0.5256691,87.68599,14.761986,109.3725865681966,86.76297760009766
Kasese,1995-01,10529.614022288868,0.827247341034288,19.0,0.0,1.0,0.1098988295973021,1.0000305189751728,3.999954221537241,0.1699,30.0781,0.200000000000001,30.100000000000016,0.002604432,0.001149334,-0.0026036212,290.05713,1.0,0.00012737513,296.57593,296.95728,296.76807,296.22876,295.65088,0.36894226,0.36779785,0.36727905,0.3711853,89727.75,298.0442,-0.2847166,-0.43988037,32.03228,-2.567646,77.88365681966145,84.87371826171875
Kasese,1995-02,10529.614022288868,0.827247341034288,19.0,0.0,1.0,0.1098988295973021,1.0000305189751728,3.999954221537241,0.1699,30.0781,0.200000000000001,30.100000000000016,0.0045884377,0.0012011454,-0.0025344072,290.48096,1.0,0.00020733476,296.00806,296.5818,296.59106,296.54102,295.96362,0.39509583,0.36276245,0.36387634,0.36798096,89736.19,297.28564,-0.14616585,-0.23684978,32.281254,-10.262573,50.66650772094727,77.82464408874512
Kasese,1995-03,10529.614022288868,0.827247341034288,19.0,0.0,1.0,0.1098988295973021,1.0000305189751728,3.999954221537241,0.1699,30.0781,0.200000000000001,30.100000000000016,0.0057077846,0.0027522296,-0.003173071,291.21484,1.0,0.00025196373,295.37305,295.9839,296.00024,296.09204,296.0664,0.4388275,0.42399597,0.3621521,0.37295532,89673.44,297.02612,-0.39081764,-0.25171185,90.52301,-1.3918457,51.61218134562174,80.49238395690918
Kasese,1995-04,10529.614022288868,0.827247341034288,19.0,0.0,1.0,0.1098988295973021,1.0000305189751728,3.999954221537241,0.1699,30.0781,0.200000000000001,30.100000000000016,0.0055360105,0.001949057,-0.0031334446,291.3772,1.0,0.00026588142,295.64478,296.24585,296.2417,296.15894,296.08765,0.42042542,0.39360046,0.36276245,0.37057495,89615.75,297.4541,-0.5388746,0.016360283,160.28658,22.165268,94.36361312866212,86.12363497416179
Kasese,1995-05,10529.614022288868,0.827247341034288,19.0,0.0,1.0,0.1098988295973021,1.0000305189751728,3.999954221537241,0.1699,30.0781,0.200000000000001,30.100000000000016,0.006145427,0.0031259656,-0.003362571,291.0149,1.0,0.00029571354,294.8462,295.5039,295.55542,295.76514,296.04883,0.43746948,0.4306488,0.36317444,0.37161255,89777.875,297.1277,-0.58724594,0.13590813,62.54315,-36.80407,104.45091247558594,77.5587100982666
Kasese,1995-06,10529.614022288868,0.827247341034288,19.0,0.0,1.0,0.1098988295973021,1.0000305189751728,3.999954221537241,0.1699,30.0781,0.200000000000001,30.100000000000016,0.0028592655,0.0008634478,-0.0027523693,290.3291,1.0,0.00016091764,295.3694,295.84717,295.83252,295.82593,295.9485,0.41184998,0.39024353,0.3561554,0.36610413,89825.81,297.26538,-0.37639332,0.08464146,63.995262,14.324249,95.60832977294922,73.61025555928548
Kasese,1995-07,10529.614022288868,0.827247341034288,19.0,0.0,1.0,0.1098988295973021,1.0000305189751728,3.999954221537241,0.1699,30.0781,0.200000000000001,30.100000000000016,0.0026801021,0.00075766444,-0.0024259929,289.29663,1.0,0.00015857816,295.3147,295.78418,295.7705,295.7727,295.89478,0.3867035,0.38287354,0.36068726,0.3633423,89769.06,296.96777,-0.4302826,0.04983425,29.310125,-7.3379955,51.94951311747233,73.15656312306722
Kasese,1995-08,10529.614022288868,0.827247341034288,19.0,0.0,1.0,0.1098988295973021,1.0000305189751728,3.999954221537241,0.1699,30.0781,0.200000000000001,30.100000000000016,0.002922654,0.0006531179,-0.0024457434,288.7246,1.0,0.00012530386,296.2605,296.7002,296.57568,296.2693,295.93042,0.36372375,0.36120605,0.3480835,0.36061096,89785.375,297.44556,-0.58653355,-0.08744526,26.398922,-50.681507,39.90143648783366,72.1761744817098
Kasese,1995-09,10529.614022288868,0.827247341034288,19.0,0.0,1.0,0.1098988295973021,1.0000305189751728,3.999954221537241,0.1699,30.0781,0.200000000000001,30.100000000000016,0.00311147,0.00058436394,-0.0024480773,289.86768,1.0,0.00017890334,296.35132,296.84888,296.77734,296.5564,296.1162,0.3801117,0.35813904,0.35307312,0.35858154,89816.56,297.13208,-0.4417553,-0.045622826,117.74729,13.070633,57.818779627482094,76.71355470021565
Kasese,1995-10,10529.614022288868,0.827247341034288,19.0,0.0,1.0,0.1098988295973021,1.0000305189751728,3.999954221537241,0.1699,30.0781,0.200000000000001,30.100000000000016,0.005439761,0.001182057,-0.0027935738,290.90308,1.0,0.00024664402,295.47583,296.13403,296.219,296.40234,296.26025,0.41363525,0.39109802,0.35884094,0.36177063,89684.56,296.3589,-0.42294598,-0.106954575,75.577934,-49.983467,73.24138259887695,62.59544785817464
Kasese,1995-11,10529.614022288868,0.827247341034288,19.0,0.0,1.0,0.1098988295973021,1.0000305189751728,3.999954221537241,0.1699,30.0781,0.200000000000001,30.100000000000016,0.008053884,0.003964752,-0.0033206716,290.99585,1.0,0.00029946864,294.80908,295.47974,295.55444,295.7932,296.18555,0.4577179,0.4482727,0.3725891,0.3703308,89719.81,296.3269,-0.45574856,-0.22286415,123.57414,11.579735,105.63312276204428,72.76727962493896
Kasese,1995-12,10529.614022288868,0.827247341034288,19.0,0.0,1.0,0.1098988295973021,1.0000305189751728,3.999954221537241,0.1699,30.0781,0.200000000000001,30.100000000000016,0.0044772564,0.0021069497,-0.0031684237,290.30762,1.0,0.00022917986,294.4712,295.10742,295.17114,295.42065,295.9712,0.41375732,0.4140625,0.3769226,0.3685913,89768.06,296.40576,-0.47702885,-0.585268,94.97072,22.046715,98.04093170166016,77.92985566457112
Kasese,1996-01,10529.614022288868,0.827247341034288,19.0,0.0,1.0,0.1098988295973021,1.0000305189751728,3.999954221537241,0.1699,30.0781,0.200000000000001,30.100000000000016,0.0036702787,0.0013050586,-0.002758218,290.27856,1.0,0.00018534064,295.29175,295.80078,295.74878,295.64648,295.7876,0.39562988,0.380188,0.3718567,0.36572266,89604.375,296.812,-0.3897848,-0.55229187,73.68086,39.080936,97.40857442220052,85.32497851053874
Kasese,1996-02,10529.614022288868,0.827247341034288,19.0,0.0,1.0,0.1098988295973021,1.0000305189751728,3.999954221537241,0.1699,30.0781,0.200000000000001,30.100000000000016,0.0033139829,0.0011298135,-0.002488275,290.52417,1.0,0.00016885996,296.56982,296.99487,296.82788,296.38525,295.86597,0.38163757,0.3610382,0.36647034,0.36468506,89559.375,297.72412,-0.33447456,-0.3656807,40.402916,-2.140911,69.68483225504558,87.65897750854492
Kasese,1996-03,10529.614022288868,0.827247341034288,19.0,0.0,1.0,0.1098988295973021,1.0000305189751728,3.999954221537241,0.1699,30.0781,0.200000000000001,30.100000000000016,0.0062821247,0.0026182756,-0.0026473692,291.1311,1.0,0.00022505224,296.20483,296.82568,296.8352,296.77368,296.1687,0.39746094,0.3700409,0.36523438,0.36730957,89589.19,297.22803,-0.43513584,-0.1433773,105.731224,13.816368,73.27166748046875,85.65629959106445
Kasese,1996-04,10529.614022288868,0.827247341034288,19.0,0.0,1.0,0.1098988295973021,1.0000305189751728,3.999954221537241,0.1699,30.0781,0.200000000000001,30.100000000000016,0.0046578147,0.0026575401,-0.0033338415,290.89502,1.0,0.00021085143,295.60083,296.1809,296.146,296.12207,296.2351,0.41288757,0.42190552,0.3622589,0.3680725,89653.44,297.54468,-0.6835623,0.0044984818,83.14107,-54.98024,76.42506917317708,86.9168217976888
Kasese,1996-05,10529.614022288868,0.827247341034288,19.0,0.0,1.0,0.1098988295973021,1.0000305189751728,3.999954221537241,0.1699,30.0781,0.200000000000001,30.100000000000016,0.0031147322,0.00091953576,-0.0024918513,290.9348,1.0,0.00021393597,295.82007,296.34668,296.37354,296.41187,296.27905,0.38668823,0.3655548,0.35377502,0.36213684,89761.81,297.56396,-0.61516,0.0693512,98.52784,-0.8193817,95.80004374186198,82.74243799845378
Kasese,1996-06,10529.614022288868,0.827247341034288,19.0,0.0,1.0,0.1098988295973021,1.0000305189751728,3.999954221537241,0.1699,30.0781,0.200000000000001,30.100000000000016,0.006421026,0.0027910173,-0.002671388,289.79907,1.0,0.00022777915,294.68115,295.27783,295.38794,295.72852,296.19775,0.42295837,0.40371704,0.36361694,0.36398315,89860.81,296.50928,-0.35552883,0.06596279,59.813972,10.14296,80.49429321289062,76.88298034667969
Kasese,1996-07,10529.614022288868,0.827247341034288,19.0,0.0,1.0,0.1098988295973021,1.0000305189751728,3.999954221537241,0.1699,30.0781,0.200000000000001,30.100000000000016,0.0012600567,0.0007124245,-0.0021944977,289.16553,1.0,0.00010959804,295.16528,295.58325,295.53467,295.53174,295.9585,0.36715698,0.37695312,0.34716797,0.36221313,89900.06,296.57568,-0.36088085,0.015859604,39.291595,2.6434746,65.87780253092448,71.15143585205078
Kasese,1996-08,10529.614022288868,0.827247341034288,19.0,0.0,1.0,0.1098988295973021,1.0000305189751728,3.999954221537241,0.1699,30.0781,0.200000000000001,30.100000000000016,0.0040947413,0.00081704557,-0.002288008,289.1272,1.0,0.0001911819,295.65918,296.24756,296.26196,296.2234,295.95996,0.3723297,0.36479187,0.3382721,0.3564911,89827.94,296.6787,-0.23872375,0.079683304,134.4086,57.32817,77.83805592854817,86.81904983520508
Kasese,1996-09,10529.614022288868,0.827247341034288,19.0,0.0,1.0,0.1098988295973021,1.0000305189751728,3.999954221537241,0.1699,30.0781,0.200000000000001,30.100000000000016,0.0039961273,0.00096808374,-0.003013799,290.32202,1.0,0.0002104938,295.18726,295.7312,295.71484,295.74292,295.9348,0.42436218,0.40823364,0.3636322,0.35690308,89733.25,296.4795,-0.28604126,0.10348511,104.92412,0.24745941,92.87477111816406,86.68453216552734
Kasese,1996-10,10529.614022288868,0.827247341034288,19.0,0.0,1.0,0.1098988295973021,1.0000305189751728,3.999954221537241,0.1699,30.0781,0.200000000000001,30.100000000000016,0.0051629595,0.0018093884,-0.002915333,290.34814,1.0,0.00019662082,295.01318,295.5874,295.62354,295.72974,295.8877,0.41719055,0.41877747,0.36408997,0.36260986,89722.25,296.37476,-0.36095715,-0.05365753,155.50302,29.94162,131.6119130452474,98.74485778808594
Kasese,1996-11,10529.614022288868,0.827247341034288,19.0,0.0,1.0,0.1098988295973021,1.0000305189751728,3.999954221537241,0.1699,30.0781,0.200000000000001,30.100000000000016,0.0079979375,0.0039968267,-0.0030288994,290.97095,1.0,0.00030714273,294.10156,294.7915,294.92432,295.3274,295.7732,0.45429993,0.44158936,0.37887573,0.36683655,89676.56,295.60376,-0.39425278,-0.20069313,136.56041,24.566002,132.32918294270834,105.08361943562824
Kasese,1996-12,10529.614022288868,0.827247341034288,19.0,0.0,1.0,0.1098988295973021,1.0000305189751728,3.999954221537241,0.1699,30.0781,0.200000000000001,30.100000000000016,0.0061088996,0.002749674,-0.003519183,290.4729,1.0,0.0002644956,294.34863,294.93433,294.90405,294.94482,295.49487,0.44430542,0.44589233,0.39840698,0.36598206,89710.69,296.3308,-0.41370106,-0.5484085,158.73282,85.808815,150.26541646321616,121.57009379069012
Kasese,1997-01,10529.614022288868,0.827247341034288,19.0,0.0,1.0,0.1098988295973021,1.0000305189751728,3.999954221537241,0.1699,30.0781,0.200000000000001,30.100000000000016,0.0032513419,0.0014658868,-0.0028887382,289.94727,1.0,0.00015594065,295.1931,295.6648,295.5874,295.4082,295.3911,0.39286804,0.39118958,0.386734,0.36390686,89664.5,296.9651,-0.2305336,-0.44382858,75.06046,40.460537,123.45123036702472,127.53157170613606
Kasese,1997-02,10529.614022288868,0.827247341034288,19.0,0.0,1.0,0.1098988295973021,1.0000305189751728,3.999954221537241,0.1699,30.0781,0.200000000000001,30.100000000000016,0.00017940796,0.00047296286,-0.001729032,287.62305,1.0,1.2516975e-05,298.18408,298.44922,298.02295,296.91528,295.62183,0.2671814,0.31822205,0.34924316,0.3597412,89631.625,299.4309,-0.093811035,-0.2974186,1.1103456,-41.433483,78.30120905240376,105.31519599755605
Kasese,1997-03,10529.614022288868,0.827247341034288,19.0,0.0,1.0,0.1098988295973021,1.0000305189751728,3.999954221537241,0.1699,30.0781,0.200000000000001,30.100000000000016,0.0030492463,0.00042317063,-0.0019953148,290.17944,1.0,0.00014822185,297.96265,298.51196,298.4402,298.03076,296.35742,0.3343506,0.32112122,0.3249817,0.35351562,89575.44,298.6731,-0.33594513,-0.30314732,90.094406,-1.8204498,55.42173822720846,102.8435773452123
Kasese,1997-04,10529.614022288868,0.827247341034288,19.0,0.0,1.0,0.1098988295973021,1.0000305189751728,3.999954221537241,0.1699,30.0781,0.200000000000001,30.100000000000016,0.009185911,0.0023587272,-0.003033909,291.84644,1.0,0.00031884015,294.20898,295.0337,295.28418,295.98047,296.60034,0.46385193,0.453125,0.391922,0.35699463,89783.375,295.6914,-0.20863819,0.10206509,208.03955,69.91824,99.74810083707172,111.59966560204823
Kasese,1997-05,10529.614022288868,0.827247341034288,19.0,0.0,1.0,0.1098988295973021,1.0000305189751728,3.999954221537241,0.1699,30.0781,0.200000000000001,30.100000000000016,0.0062779165,0.0039434433,-0.0033336598,290.7422,1.0,0.00021919608,294.05933,294.71045,294.79517,295.1704,296.16675,0.44030762,0.45004272,0.4338684,0.36653137,89895.625,296.28882,-0.46544075,0.00032234192,131.05353,31.706306,143.06249491373697,110.68185198307036
Kasese,1997-06,10529.614022288868,0.827247341034288,19.0,0.0,1.0,0.1098988295973021,1.0000305189751728,3.999954221537241,0.1699,30.0781,0.200000000000001,30.100000000000016,0.0028937208,0.0007153973,-0.0027100388,289.81006,1.0,0.00010372698,295.27124,295.75244,295.72144,295.66235,295.8667,0.339859,0.36730957,0.39198303,0.36180115,89836.875,297.29272,-0.5238333,0.10161209,91.33293,41.66192,143.47533671061197,99.44853746891022
Kasese,1997-07,10529.614022288868,0.827247341034288,19.0,0.0,1.0,0.1098988295973021,1.0000305189751728,3.999954221537241,0.1699,30.0781,0.200000000000001,30.100000000000016,0.0021626698,0.0004104674,-0.0027645119,288.9746,1.0,0.00012420118,294.8037,295.27466,295.2683,295.33105,295.7173,0.39564514,0.40182495,0.38078308,0.35723877,89951.875,296.97217,-0.46486378,0.052197456,28.762175,-7.8859463,83.71621131896973,91.73215607802074
Kasese,1997-08,10529.614022288868,0.827247341034288,19.0,0.0,1.0,0.1098988295973021,1.0000305189751728,3.999954221537241,0.1699,30.0781,0.200000000000001,30.100000000000016,0.0018043786,0.00028513372,-0.0024094377,289.33276,1.0,0.0001154542,296.22803,296.64722,296.521,296.16357,295.72485,0.35404968,0.356781,0.36154175,0.3538971,89931.31,297.5227,-0.4998331,0.019270897,31.55201,-45.52842,50.549038569132485,96.80576674143474
Kasese,1997-09,10529.614022288868,0.827247341034288,19.0,0.0,1.0,0.1098988295973021,1.0000305189751728,3.999954221537241,0.1699,30.0781,0.200000000000001,30.100000000000016,0.0015755753,0.00022116303,-0.0021455167,289.37476,1.0,0.000104531646,297.0381,297.40527,297.22803,296.76294,296.00537,0.34268188,0.3421631,0.34429932,0.35075378,89760.94,298.0332,-0.6679096,-0.24470139,62.23107,-42.445587,40.84841855367025,92.16187763214111
Kasese,1997-10,10529.614022288868,0.827247341034288,19.0,0.0,1.0,0.1098988295973021,1.0000305189751728,3.999954221537241,0.1699,30.0781,0.200000000000001,30.100000000000016,0.0025763703,0.00025604665,-0.0021331222,290.42773,1.0,0.00013820827,295.97998,296.5288,296.59766,296.72803,296.32275,0.3655548,0.3456726,0.33692932,0.34797668,89762.69,296.75366,-0.6069231,-0.13931274,105.21007,-20.351334,66.33104960123698,75.02363046010335
Kasese,1997-11,10529.614022288868,0.827247341034288,19.0,0.0,1.0,0.1098988295973021,1.0000305189751728,3.999954221537241,0.1699,30.0781,0.200000000000001,30.100000000000016,0.008826373,0.0018980578,-0.0027944576,291.86157,1.0,0.0003130138,294.33423,295.0598,295.23706,295.7185,296.27075,0.4565277,0.44018555,0.38420105,0.35427856,89757.875,295.40283,-0.39553833,-0.16811371,143.69019,31.695778,103.71044158935548,77.12974007924397
Kasese,1997-12,10529.614022288868,0.827247341034288,19.0,0.0,1.0,0.1098988295973021,1.0000305189751728,3.999954221537241,0.1699,30.0781,0.200000000000001,30.100000000000016,0.0068579065,0.0029863566,-0.003002178,291.94287,1.0,0.00032253563,293.86353,294.52466,294.62573,294.99854,295.8899,0.47288513,0.47505188,0.45114136,0.36930847,89834.69,294.8999,-0.31901836,-0.2607708,82.59948,9.675476,110.49991099039714,75.67416477203369
Kasese,1998-01,10529.614022288868,0.827247341034288,19.0,0.0,1.0,0.1098988295973021,1.0000305189751728,3.999954221537241,0.1699,30.0781,0.200000000000001,30.100000000000016,0.0055381986,0.002189383,-0.0033066254,292.3391,1.0,0.0002809167,294.69238,295.2539,295.21143,295.13086,295.53418,0.45951843,0.46388245,0.45576477,0.37251282,89766.75,296.20728,-0.35773468,-0.3684368,36.116188,1.516262,87.46861775716145,76.89983367919922
Kasese,1998-02,10529.614022288868,0.827247341034288,19.0,0.0,1.0,0.1098988295973021,1.0000305189751728,3.999954221537241,0.1699,30.0781,0.200000000000001,30.100000000000016,0.0060901744,0.0030570626,-0.0034600357,292.47095,1.0,0.00020818412,295.96533,296.46045,296.33765,296.0027,295.5725,0.44621277,0.450943,0.45555115,0.3773651,89856.06,297.52808,0.010119438,-0.20758152,37.325687,-5.2181396,52.01378504435221,77.86211331685384
Kasese,1998-03,10529.614022288868,0.827247341034288,19.0,0.0,1.0,0.1098988295973021,1.0000305189751728,3.999954221537241,0.1699,30.0781,0.200000000000001,30.100000000000016,0.0055768006,0.0018810183,-0.0035929205,291.79272,1.0,0.0001975894,296.29443,296.84375,296.77246,296.52686,295.85938,0.41911316,0.4313507,0.43640137,0.37712097,89688.44,298.20508,-0.4644251,-0.2883396,105.26228,13.347427,59.56805292765299,85.03398195902507
Kasese,1998-04,10529.614022288868,0.827247341034288,19.0,0.0,1.0,0.1098988295973021,1.0000305189751728,3.999954221537241,0.1699,30.0781,0.200000000000001,30.100000000000016,0.005676287,0.002868183,-0.0035932735,292.0039,1.0,0.0002681315,296.10864,296.67896,296.62378,296.48413,296.11548,0.42921448,0.40971375,0.4195099,0.38116455,89741.56,298.2207,-0.6035452,-0.0082473755,95.357574,-42.763733,79.31518173217773,83.3918997446696
Kasese,1998-05,10529.614022288868,0.827247341034288,19.0,0.0,1.0,0.1098988295973021,1.0000305189751728,3.999954221537241,0.1699,30.0781,0.200000000000001,30.100000000000016,0.012192555,0.0059901923,-0.0035182526,292.14722,1.0,0.0003554672,295.25732,295.94043,296.00415,296.14697,296.19556,0.45513916,0.46150208,0.43704224,0.38209534,89870.19,297.25293,-0.37047005,0.08648968,84.83182,-14.515404,95.15055847167967,73.58217175801595
Kasese,1998-06,10529.614022288868,0.827247341034288,19.0,0.0,1.0,0.1098988295973021,1.0000305189751728,3.999954221537241,0.1699,30.0781,0.200000000000001,30.100000000000016,0.0028800901,0.0017196387,-0.0035661757,289.94385,1.0,0.00016005337,294.95972,295.54346,295.58228,295.7422,296.08813,0.4202118,0.43377686,0.4496765,0.38571167,89962.31,297.6172,-0.5135679,0.07824516,17.414074,-32.25694,65.86782201131184,62.71793746948242
Kasese,1998-07,10529.614022288868,0.827247341034288,19.0,0.0,1.0,0.1098988295973021,1.0000305189751728,3.999954221537241,0.1699,30.0781,0.200000000000001,30.100000000000016,0.0019213986,0.00061377883,-0.0027278224,288.87036,1.0,0.00010511279,295.47363,295.91138,295.89062,295.875,295.96777,0.370224,0.37335205,0.3987732,0.38090515,89889.31,297.3943,-0.6055336,-0.08438778,36.358795,-0.2893257,46.20156224568685,62.75837198893229
Kasese,1998-08,10529.614022288868,0.827247341034288,19.0,0.0,1.0,0.1098988295973021,1.0000305189751728,3.999954221537241,0.1699,30.0781,0.200000000000001,30.100000000000016,0.0034121035,0.0007786304,-0.0026481207,289.6836,1.0,0.00016474724,295.9192,296.39844,296.3462,296.21338,296.0017,0.37316895,0.36694336,0.37599182,0.37571716,89822.25,297.14185,-0.46714783,-0.016098976,48.116753,-28.963676,33.96320724487305,64.55688285827637
Kasese,1998-09,10529.614022288868,0.827247341034288,19.0,0.0,1.0,0.1098988295973021,1.0000305189751728,3.999954221537241,0.1699,30.0781,0.200000000000001,30.100000000000016,0.0036838455,0.00073955953,-0.002943689,290.0559,1.0,0.00019669533,295.71167,296.27124,296.23975,296.1936,296.0725,0.38783264,0.37576294,0.3734131,0.37252808,89796.125,297.17822,-0.5130882,-0.104231834,71.0178,-33.65886,51.83111572265625,58.84946886698405
Kasese,1998-10,10529.614022288868,0.827247341034288,19.0,0.0,1.0,0.1098988295973021,1.0000305189751728,3.999954221537241,0.1699,30.0781,0.200000000000001,30.100000000000016,0.005977778,0.0016829967,-0.003049055,290.6643,1.0,0.00022636354,295.58374,296.16626,296.18896,296.20508,296.1272,0.42733765,0.4089203,0.37713623,0.37750244,89778.875,296.73315,-0.322896,0.057860374,133.25969,7.698288,84.13141377766927,65.16648801167806
Kasese,1998-11,10529.614022288868,0.827247341034288,19.0,0.0,1.0,0.1098988295973021,1.0000305189751728,3.999954221537241,0.1699,30.0781,0.200000000000001,30.100000000000016,0.004133757,0.0020631477,-0.003277679,290.30176,1.0,0.00020176172,295.0813,295.64795,295.6599,295.77734,296.07007,0.42816162,0.43302917,0.3816986,0.3835144,89695.94,296.6499,-0.6576967,-0.44102,92.52742,-19.466988,98.93496958414714,66.44908841451009
Kasese,1998-12,10529.614022288868,0.827247341034288,19.0,0.0,1.0,0.1098988295973021,1.0000305189751728,3.999954221537241,0.1699,30.0781,0.200000000000001,30.100000000000016,0.002334844,0.0007582158,-0.0025838278,289.16504,1.0,0.00012400746,295.86108,296.37695,296.3186,296.18018,296.03467,0.3518982,0.35664368,0.35671997,0.37779236,89692.19,297.34033,-0.5755873,-0.69688797,66.80551,-6.118492,97.53087361653644,74.68099466959636
Kasese,1999-01,10529.614022288868,0.827247341034288,19.0,0.0,1.0,0.1098988295973021,1.0000305189751728,3.999954221537241,0.1699,30.0781,0.200000000000001,30.100000000000016,0.00331853,0.0008084066,-0.0025160573,289.64282,1.0,0.00014689565,295.5879,296.10767,296.09106,296.10254,296.0874,0.3820343,0.3726654,0.35723877,0.37356567,89605.69,296.72388,-0.40532207,-0.57384586,42.732742,8.132816,67.355224609375,75.74331919352214
Kasese,1999-02,10529.614022288868,0.827247341034288,19.0,0.0,1.0,0.1098988295973021,1.0000305189751728,3.999954221537241,0.1699,30.0781,0.200000000000001,30.100000000000016,0.0021327233,0.00048226863,-0.0021171877,286.7876,1.0,9.125471e-05,297.9453,298.37427,298.08252,297.18018,296.20996,0.31193542,0.3411255,0.34373474,0.37046814,89551.31,299.0432,-0.6776314,-0.63753414,16.935217,-25.60861,42.15782356262207,70.5463965733846
Kasese,1999-03,10529.614022288868,0.827247341034288,19.0,0.0,1.0,0.1098988295973021,1.0000305189751728,3.999954221537241,0.1699,30.0781,0.200000000000001,30.100000000000016,0.0071512377,0.0021222234,-0.0030643665,291.14038,1.0,0.0002719611,295.26733,296.02368,296.1809,296.5957,296.52148,0.43026733,0.40646362,0.36390686,0.37464905,89563.56,296.44238,-0.23679638,-0.17797375,103.81196,11.897102,54.4933058420817,76.01208972930908
Kasese,1999-04,10529.614022288868,0.827247341034288,19.0,0.0,1.0,0.1098988295973021,1.0000305189751728,3.999954221537241,0.1699,30.0781,0.200000000000001,30.100000000000016,0.006861529,0.003289923,-0.003235423,290.969,1.0,0.0002796799,295.06665,295.75,295.81348,296.04688,296.40552,0.43429565,0.42259216,0.36590576,0.38000488,89737.19,296.56958,-0.507864,-0.08093643,95.33618,-42.785126,72.02778561909993,69.69150511423747
Kasese,1999-05,10529.614022288868,0.827247341034288,19.0,0.0,1.0,0.1098988295973021,1.0000305189751728,3.999954221537241,0.1699,30.0781,0.200000000000001,30.100000000000016,0.002258152,0.0015178844,-0.002934751,290.27466,1.0,0.00014987588,294.86816,295.40894,295.4209,295.58618,296.17554,0.4011383,0.40013123,0.3533783,0.3769989,89802.625,296.69043,-0.5567684,-0.1100378,46.396828,-52.950394,81.84832255045573,62.0030730565389
Kasese,1999-06,10529.614022288868,0.827247341034288,19.0,0.0,1.0,0.1098988295973021,1.0000305189751728,3.999954221537241,0.1699,30.0781,0.200000000000001,30.100000000000016,0.0026311162,0.00066269934,-0.0023839464,288.75928,1.0,0.00013059378,295.63965,296.12793,296.12085,296.07617,296.06055,0.36421204,0.36676025,0.33729553,0.3695984,89821.31,297.15283,-0.6189699,-0.13471794,8.6956,-40.975414,50.14286963144938,52.31808773676554
Kasese,1999-07,10529.614022288868,0.827247341034288,19.0,0.0,1.0,0.1098988295973021,1.0000305189751728,3.999954221537241,0.1699,30.0781,0.200000000000001,30.100000000000016,0.0009963195,0.00024150312,-0.0016363459,287.98022,1.0,9.5039606e-05,296.08398,296.46875,296.36914,296.18164,296.06543,0.31925964,0.33329773,0.32992554,0.36460876,89885.0,297.0586,-0.7111635,-0.137743,26.738894,-9.909227,27.277106920878094,49.65244626998901
Kasese,1999-08,10529.614022288868,0.827247341034288,19.0,0.0,1.0,0.1098988295973021,1.0000305189751728,3.999954221537241,0.1699,30.0781,0.200000000000001,30.100000000000016,0.004050405,0.00058175623,-0.0024753269,289.9922,1.0,0.00022299588,294.74512,295.39404,295.54028,295.89673,296.09888,0.4032898,0.38362122,0.3380432,0.36091614,89892.25,295.82544,-0.37674522,-0.0259161,122.8141,45.733673,52.749531745910645,67.29892714818318
Kasese,1999-09,10529.614022288868,0.827247341034288,19.0,0.0,1.0,0.1098988295973021,1.0000305189751728,3.999954221537241,0.1699,30.0781,0.200000000000001,30.100000000000016,0.0023184277,0.00034430623,-0.0024588397,289.73145,1.0,0.00013551116,295.71436,296.21143,296.1267,295.90454,295.95947,0.37069702,0.36280823,0.3460083,0.35897827,89724.56,296.65137,-0.52332306,-0.072787285,105.780624,1.1039658,85.11120669047038,67.62703816095988
Kasese,1999-10,10529.614022288868,0.827247341034288,19.0,0.0,1.0,0.1098988295973021,1.0000305189751728,3.999954221537241,0.1699,30.0781,0.200000000000001,30.100000000000016,0.0032379474,0.0005618632,-0.0025272025,290.09546,1.0,0.00019051135,295.6438,296.1682,296.1316,296.09644,296.00977,0.39385986,0.36697388,0.3513794,0.35850525,89741.75,296.08423,-0.42200375,4.9591064e-05,155.88998,30.328583,128.16157023111978,77.71933857599895
Kasese,1999-11,10529.614022288868,0.827247341034288,19.0,0.0,1.0,0.1098988295973021,1.0000305189751728,3.999954221537241,0.1699,30.0781,0.200000000000001,30.100000000000016,0.0076521877,0.0021195263,-0.00280077,290.27783,1.0,0.00028185546,294.63647,295.35327,295.5161,295.90967,296.04688,0.42575073,0.4131012,0.3610382,0.36654663,89700.81,296.10083,-0.6260042,-0.36245346,113.57107,1.5766602,125.08055877685548,88.91504526138306
Kasese,1999-12,10529.614022288868,0.827247341034288,19.0,0.0,1.0,0.1098988295973021,1.0000305189751728,3.999954221537241,0.1699,30.0781,0.200000000000001,30.100000000000016,0.0046248958,0.0020584688,-0.0031345384,290.10645,1.0,0.0002284646,294.4724,295.0547,295.08667,295.26196,295.82104,0.42622375,0.4243164,0.3704071,0.37290955,89694.94,296.364,-0.602437,-0.45989227,74.60897,1.684967,114.69000752766928,99.90060710906982
Kasese,2000-01,10529.614022288868,0.827247341034288,19.0,0.0,1.0,0.1098988295973021,1.0000305189751728,3.999954221537241,0.1699,30.0781,0.200000000000001,30.100000000000016,0.0021796632,0.0011493564,-0.002799715,289.27246,1.0,0.0001116842,296.03296,296.4292,296.21948,295.7744,295.68506,0.3730774,0.38749695,0.36047363,0.3703003,89547.69,297.18335,-0.43017673,-0.64889145,42.989624,8.389698,77.05655415852864,102.60906219482422
Kasese,2000-02,10529.614022288868,0.827247341034288,19.0,0.0,1.0,0.1098988295973021,1.0000305189751728,3.999954221537241,0.1699,30.0781,0.200000000000001,30.100000000000016,0.0016405917,0.0004903376,-0.001955809,289.06885,1.0,9.2968345e-05,297.58887,298.0254,297.78516,297.0415,295.96313,0.324646,0.33737183,0.33816528,0.36506653,89633.75,297.8142,-0.22010136,-0.5479326,24.18805,-18.355778,47.26221466064453,86.17138671875
Kasese,2000-03,10529.614022288868,0.827247341034288,19.0,0.0,1.0,0.1098988295973021,1.0000305189751728,3.999954221537241,0.1699,30.0781,0.200000000000001,30.100000000000016,0.0036071425,0.00063013285,-0.002366973,290.17896,1.0,0.00015324354,296.95117,297.52734,297.51953,297.37988,296.45874,0.3684845,0.34378052,0.33354187,0.36026,89559.81,297.87085,-0.31014538,-0.25179863,69.1952,-22.719658,45.45762379964193,80.0738156636556
Kasese,2000-04,10529.614022288868,0.827247341034288,19.0,0.0,1.0,0.1098988295973021,1.0000305189751728,3.999954221537241,0.1699,30.0781,0.200000000000001,30.100000000000016,0.004936287,0.001342617,-0.0028411578,290.51562,1.0,0.00022187829,295.58252,296.19434,296.26025,296.47437,296.60352,0.40704346,0.38272095,0.35809326,0.36419678,89653.56,297.28857,-0.49011135,-0.006843567,142.70204,4.5807343,78.69509633382161,77.87582524617513
Kasese,2000-05,10529.614022288868,0.827247341034288,19.0,0.0,1.0,0.1098988295973021,1.0000305189751728,3.999954221537241,0.1699,30.0781,0.200000000000001,30.100000000000016,0.0014164767,0.00064250827,-0.0022642305,290.1997,1.0,0.000104278326,296.4402,296.8806,296.78394,296.59058,296.55518,0.35238647,0.35440063,0.34674072,0.36454773,89766.125,297.8098,-0.50756073,-0.005797386,66.18295,-33.16427,92.69339752197266,69.9778060913086
Kasese,2000-06,10529.614022288868,0.827247341034288,19.0,0.0,1.0,0.1098988295973021,1.0000305189751728,3.999954221537241,0.1699,30.0781,0.200000000000001,30.100000000000016,0.0008193142,0.00028164685,-0.0012946259,288.6106,1.0,7.531047e-05,296.66968,297.13354,297.14282,297.1089,296.69116,0.29423523,0.3099823,0.32408142,0.35958862,89844.94,297.49805,-0.6218128,-0.05787182,48.407093,-1.2639198,85.76402918497722,65.61082649230957
Kasese,2000-07,10529.614022288868,0.827247341034288,19.0,0.0,1.0,0.1098988295973021,1.0000305189751728,3.999954221537241,0.1699,30.0781,0.200000000000001,30.100000000000016,0.001688608,0.00026461482,-0.0014740201,287.8584,1.0,0.00010958314,296.44434,296.9082,296.90088,296.88794,296.78467,0.31910706,0.3199463,0.3137207,0.35450745,89783.69,297.0525,-0.60371494,-0.09662914,45.874153,9.226032,53.48806635538737,66.09158134460449
Kasese,2000-08,10529.614022288868,0.827247341034288,19.0,0.0,1.0,0.1098988295973021,1.0000305189751728,3.999954221537241,0.1699,30.0781,0.200000000000001,30.100000000000016,0.0029321716,0.00040103495,-0.0019992488,289.2129,1.0,0.00016131997,295.99194,296.49,296.49414,296.54492,296.75806,0.37127686,0.35038757,0.32202148,0.35058594,89839.69,296.73657,-0.50512505,-0.019454956,83.33789,6.2574615,59.20637893676758,75.94988822937012
Kasese,2000-09,10529.614022288868,0.827247341034288,19.0,0.0,1.0,0.1098988295973021,1.0000305189751728,3.999954221537241,0.1699,30.0781,0.200000000000001,30.100000000000016,0.002108063,0.00029473007,-0.002118188,289.28125,1.0,0.00012528896,296.417,296.92334,296.90918,296.8806,296.74292,0.35943604,0.34970093,0.33354187,0.3479309,89697.06,296.9275,-0.5786028,-0.17380524,80.34509,-24.331566,69.85237884521484,77.80820401509602
Kasese,2000-10,10529.614022288868,0.827247341034288,19.0,0.0,1.0,0.1098988295973021,1.0000305189751728,3.999954221537241,0.1699,30.0781,0.200000000000001,30.100000000000016,0.0040895967,0.00056378543,-0.0023238128,290.45386,1.0,0.00017870963,295.71655,296.29565,296.35522,296.5144,296.72437,0.39109802,0.37641907,0.3430786,0.34651184,89748.75,296.3562,-0.4378147,-0.07117176,152.39476,26.833359,105.35924784342448,79.42365709940593
Kasese,2000-11,10529.614022288868,0.827247341034288,19.0,0.0,1.0,0.1098988295973021,1.0000305189751728,3.999954221537241,0.1699,30.0781,0.200000000000001,30.100000000000016,0.009151168,0.0028896183,-0.0031696716,291.0525,1.0,0.00030305982,294.16162,294.9348,295.12988,295.7102,296.5227,0.4510498,0.45231628,0.3950348,0.36146545,89663.75,295.43848,-0.32831478,-0.33804035,121.84538,9.850975,118.19507853190105,88.7007287343343
Kasese,2000-12,10529.614022288868,0.827247341034288,19.0,0.0,1.0,0.1098988295973021,1.0000305189751728,3.999954221537241,0.1699,30.0781,0.200000000000001,30.100000000000016,0.007304809,0.0037054718,-0.003408134,290.95117,1.0,0.000281021,294.0332,294.70825,294.79443,295.12793,296.0786,0.462265,0.46195984,0.41337585,0.36854553,89731.75,295.58813,-0.36584187,-0.4773779,69.92048,-3.0035248,114.72020721435548,92.28629302978516
Kasese,2001-01,10529.614022288868,0.827247341034288,19.0,0.0,1.0,0.1098988295973021,1.0000305189751728,3.999954221537241,0.1699,30.0781,0.200000000000001,30.100000000000016,0.0062578684,0.002644837,-0.0033967905,290.77417,1.0,0.00019186735,294.12427,294.77393,294.8413,295.07593,295.7107,0.4636078,0.4673462,0.4393463,0.36799622,89710.75,295.98584,0.09463692,-0.17346096,21.208385,-13.391541,70.9914156595866,88.17533175150554
Kasese,2001-02,10529.614022288868,0.827247341034288,19.0,0.0,1.0,0.1098988295973021,1.0000305189751728,3.999954221537241,0.1699,30.0781,0.200000000000001,30.100000000000016,0.0036270847,0.001181744,-0.003546061,290.3816,1.0,0.00014309585,295.21265,295.70068,295.59546,295.38745,295.51025,0.43411255,0.4399414,0.42941284,0.36584473,89612.69,297.09497,-0.26535702,-0.46850014,30.845165,-11.698662,40.65800984700521,79.42654418945312
Kasese,2001-03,10529.614022288868,0.827247341034288,19.0,0.0,1.0,0.1098988295973021,1.0000305189751728,3.999954221537241,0.1699,30.0781,0.200000000000001,30.100000000000016,0.00634211,0.0021415725,-0.003408054,290.38745,1.0,0.0002451241,294.95996,295.62622,295.67188,295.72925,295.58472,0.4300995,0.43284607,0.424057,0.3675537,89667.25,296.84668,-0.3412838,-0.21126175,123.845436,31.93058,58.63299560546875,86.67660140991211
Kasese,2001-04,10529.614022288868,0.827247341034288,19.0,0.0,1.0,0.1098988295973021,1.0000305189751728,3.999954221537241,0.1699,30.0781,0.200000000000001,30.100000000000016,0.0049971556,0.0025120005,-0.0036690189,290.76123,1.0,0.00024087727,294.97974,295.5752,295.53662,295.48706,295.55835,0.43580627,0.43112183,0.4047699,0.3712616,89701.375,297.25415,-0.59039974,0.034490585,164.20132,26.080017,106.29730860392252,88.64436213175456
Kasese,2001-05,10529.614022288868,0.827247341034288,19.0,0.0,1.0,0.1098988295973021,1.0000305189751728,3.999954221537241,0.1699,30.0781,0.200000000000001,30.100000000000016,0.004902757,0.0017921329,-0.00322296,290.50195,1.0,0.00021968782,294.87134,295.49,295.53955,295.6223,295.57886,0.41885376,0.40301514,0.39416504,0.36784363,89813.69,297.2849,-0.40646744,0.043928146,136.91258,37.56536,141.65311431884766,91.15556208292644
Kasese,2001-06,10529.614022288868,0.827247341034288,19.0,0.0,1.0,0.1098988295973021,1.0000305189751728,3.999954221537241,0.1699,30.0781,0.200000000000001,30.100000000000016,0.0032195353,0.0014651865,-0.0028215488,289.41846,1.0,0.00014072657,294.44702,294.9348,294.95044,295.09155,295.4839,0.41046143,0.42111206,0.3869171,0.36750793,89897.25,296.5957,-0.41463566,0.03605175,35.83676,-13.834251,112.31688944498698,85.47494252522786
Kasese,2001-07,10529.614022288868,0.827247341034288,19.0,0.0,1.0,0.1098988295973021,1.0000305189751728,3.999954221537241,0.1699,30.0781,0.200000000000001,30.100000000000016,0.0026052992,0.00078754127,-0.002201939,288.8589,1.0,0.00012983382,295.31787,295.80664,295.76782,295.65332,295.44165,0.34231567,0.35437012,0.3551941,0.36331177,89882.625,296.82788,-0.45459366,0.09020805,76.84535,40.19723,83.19823201497395,94.74777030944824
Kasese,2001-08,10529.614022288868,0.827247341034288,19.0,0.0,1.0,0.1098988295973021,1.0000305189751728,3.999954221537241,0.1699,30.0781,0.200000000000001,30.100000000000016,0.002404934,0.00049415976,-0.0024005156,289.47876,1.0,0.00013957918,295.7473,296.13428,295.99268,295.65137,295.48438,0.36587524,0.36979675,0.3499756,0.35894775,89910.19,296.98486,-0.37639236,0.117227554,80.111496,3.031067,64.26453653971355,102.9588254292806
Kasese,2001-09,10529.614022288868,0.827247341034288,19.0,0.0,1.0,0.1098988295973021,1.0000305189751728,3.999954221537241,0.1699,30.0781,0.200000000000001,30.100000000000016,0.0054378873,0.0012369901,-0.003106976,289.8955,1.0,0.00022602081,295.41895,296.03394,296.03613,296.0254,295.6599,0.41537476,0.4002838,0.3668213,0.35940552,89740.81,296.82397,-0.38934612,-0.008410454,97.49027,-7.186386,84.81570688883464,98.5662981669108
Kasese,2001-10,10529.614022288868,0.827247341034288,19.0,0.0,1.0,0.1098988295973021,1.0000305189751728,3.999954221537241,0.1699,30.0781,0.200000000000001,30.100000000000016,0.007279234,0.003215842,-0.0030450742,290.67725,1.0,0.0002283454,295.16626,295.7776,295.80713,295.82397,295.74072,0.41918945,0.42201233,0.36790466,0.36819458,89763.06,296.4065,-0.29246044,0.003780365,177.2865,51.725098,118.29608917236328,100.74716059366862
Kasese,2001-11,10529.614022288868,0.827247341034288,19.0,0.0,1.0,0.1098988295973021,1.0000305189751728,3.999954221537241,0.1699,30.0781,0.200000000000001,30.100000000000016,0.008259644,0.004178375,-0.0033873785,291.13843,1.0,0.000319615,294.00293,294.71826,294.80078,295.14893,295.6626,0.46536255,0.46748352,0.4119873,0.36898804,89777.625,295.56006,-0.4383726,-0.21868706,114.79089,2.796486,129.85588836669922,97.06021245320638
Kasese,2001-12,10529.614022288868,0.827247341034288,19.0,0.0,1.0,0.1098988295973021,1.0000305189751728,3.999954221537241,0.1699,30.0781,0.200000000000001,30.100000000000016,0.0070529715,0.0030332208,-0.0035486324,290.77905,1.0,0.00024993718,294.4214,295.0254,295.0288,295.07397,295.42456,0.4417572,0.44432068,0.43354797,0.36979675,89700.875,296.50903,-0.5438223,-0.55240345,84.50635,11.582344,125.52791341145831,105.17181015014648
Kasese,2002-01,10529.614022288868,0.827247341034288,19.0,0.0,1.0,0.1098988295973021,1.0000305189751728,3.999954221537241,0.1699,30.0781,0.200000000000001,30.100000000000016,0.003381527,0.0013719946,-0.0031951964,290.6001,1.0,0.00017090142,294.81104,295.32495,295.29614,295.26,295.33228,0.42652893,0.42836,0.41389465,0.36679077,89729.625,296.8418,-0.22945786,-0.329957,47.116173,12.516247,82.13780466715495,100.21694691975912
Kasese,2002-02,10529.614022288868,0.827247341034288,19.0,0.0,1.0,0.1098988295973021,1.0000305189751728,3.999954221537241,0.1699,30.0781,0.200000000000001,30.100000000000016,0.0023923605,0.0007396266,-0.003025027,289.77637,1.0,7.581711e-05,296.53735,296.94336,296.77954,296.2173,295.47705,0.36839294,0.38720703,0.378891,0.3627777,89672.125,298.57422,-0.31632614,-0.42417622,35.95929,-6.5845375,55.86060333251953,92.85824584960938
Kasese,2002-03,10529.614022288868,0.827247341034288,19.0,0.0,1.0,0.1098988295973021,1.0000305189751728,3.999954221537241,0.1699,30.0781,0.200000000000001,30.100000000000016,0.008131555,0.0030637681,-0.003433912,291.24902,1.0,0.00025868416,294.92578,295.5669,295.59082,295.75928,295.68604,0.45225525,0.44787598,0.40901184,0.36663818,89664.625,296.75146,-0.3450508,-0.14541721,131.08942,39.17456,71.38829294840495,98.45810317993164
Kasese,2002-04,10529.614022288868,0.827247341034288,19.0,0.0,1.0,0.1098988295973021,1.0000305189751728,3.999954221537241,0.1699,30.0781,0.200000000000001,30.100000000000016,0.005772318,0.0022787303,-0.0033542747,291.16797,1.0,0.00025221705,295.41675,296.0315,296.02783,295.937,295.74243,0.41911316,0.4044342,0.39857483,0.36819458,89597.125,297.3108,-0.58250237,0.036467552,100.94451,-37.176796,89.33107248942058,85.73443857828777
Kasese,2002-05,10529.614022288868,0.827247341034288,19.0,0.0,1.0,0.1098988295973021,1.0000305189751728,3.999954221537241,0.1699,30.0781,0.200000000000001,30.100000000000016,0.0065498473,0.0037660375,-0.0033997474,291.16064,1.0,0.00026361644,294.73853,295.33496,295.3457,295.4607,295.71167,0.44088745,0.4497223,0.42242432,0.37013245,89819.31,296.7859,-0.42191124,0.028277397,110.38956,11.0423355,114.1411616007487,85.00088246663411
Kasese,2002-06,10529.614022288868,0.827247341034288,19.0,0.0,1.0,0.1098988295973021,1.0000305189751728,3.999954221537241,0.1699,30.0781,0.200000000000001,30.100000000000016,0.0019214873,0.0007157549,-0.002613498,288.23267,1.0,7.7307224e-05,295.7505,296.1787,296.11743,295.9624,295.7202,0.34729004,0.35743713,0.37734985,0.3635559,89882.81,297.77905,-0.5488281,-0.061442375,4.400394,-45.27062,71.91148742039998,71.64989018440247
Kasese,2002-07,10529.614022288868,0.827247341034288,19.0,0.0,1.0,0.1098988295973021,1.0000305189751728,3.999954221537241,0.1699,30.0781,0.200000000000001,30.100000000000016,0.00050034496,0.00021786988,-0.0019543068,287.37207,1.0,3.9801e-05,297.12622,297.45996,297.23926,296.62427,295.89404,0.30532837,0.32868958,0.3484192,0.35739136,89893.81,298.42554,-0.7877312,-0.04467678,24.703686,-11.944435,46.4978788693746,67.91447567939758
Kasese,2002-08,10529.614022288868,0.827247341034288,19.0,0.0,1.0,0.1098988295973021,1.0000305189751728,3.999954221537241,0.1699,30.0781,0.200000000000001,30.100000000000016,0.0022515845,0.00028774142,-0.0019783992,288.88574,1.0,0.000110924244,296.7185,297.15552,297.07764,296.8816,296.24146,0.34109497,0.32780457,0.32704163,0.35229492,89862.125,297.64722,-0.7551174,-0.07211113,50.91605,-26.16438,26.67337656021118,70.40726908047994
Kasese,2002-09,10529.614022288868,0.827247341034288,19.0,0.0,1.0,0.1098988295973021,1.0000305189751728,3.999954221537241,0.1699,30.0781,0.200000000000001,30.100000000000016,0.00085245393,0.00012215972,-0.001821395,289.12036,1.0,6.875396e-05,296.84668,297.27808,297.17603,296.93774,296.48682,0.32514954,0.32792664,0.32025146,0.34820557,89792.875,297.4944,-0.7109852,-0.22297001,48.47001,-56.20665,41.36324818929037,56.63736780484518
Kasese,2002-10,10529.614022288868,0.827247341034288,19.0,0.0,1.0,0.1098988295973021,1.0000305189751728,3.999954221537241,0.1699,30.0781,0.200000000000001,30.100000000000016,0.0018457158,0.00014084578,-0.0016274927,290.0542,1.0,0.00012722611,296.69507,297.24463,297.27588,297.24414,296.71362,0.32536316,0.31167603,0.30950928,0.34446716,89696.94,297.1477,-0.55851173,-0.12662125,123.08145,-2.47995,74.15583674112956,60.32685780525208
Kasese,2002-11,10529.614022288868,0.827247341034288,19.0,0.0,1.0,0.1098988295973021,1.0000305189751728,3.999954221537241,0.1699,30.0781,0.200000000000001,30.100000000000016,0.0070386855,0.001364097,-0.0028592078,290.58984,1.0,0.0002669394,294.92432,295.63892,295.7793,296.22754,296.72314,0.42430115,0.39587402,0.33935547,0.34394836,89768.75,296.1328,-0.44242764,-0.19424629,82.8161,-29.178307,84.78918711344402,55.7312818368276
Kasese,2002-12,10529.614022288868,0.827247341034288,19.0,0.0,1.0,0.1098988295973021,1.0000305189751728,3.999954221537241,0.1699,30.0781,0.200000000000001,30.100000000000016,0.005621557,0.0018769577,-0.0031436393,290.69727,1.0,0.0002503395,294.95093,295.55225,295.59058,295.80298,296.4419,0.4291687,0.4165802,0.37001038,0.36112976,89798.31,296.80884,-0.37875462,-0.27978516,53.55217,-19.371834,86.48324076334636,63.92324447631836
Kasese,2003-01,10529.614022288868,0.827247341034288,19.0,0.0,1.0,0.1098988295973021,1.0000305189751728,3.999954221537241,0.1699,30.0781,0.200000000000001,30.100000000000016,0.0033181866,0.0013123751,-0.00284559,289.93896,1.0,0.0001693368,296.29272,296.75806,296.6482,296.3943,296.29248,0.3887787,0.38328552,0.35647583,0.3640442,89762.69,297.98267,-0.3103571,-0.43535328,27.816193,-6.7837334,54.72815450032552,64.44199562072754
Kasese,2003-02,10529.614022288868,0.827247341034288,19.0,0.0,1.0,0.1098988295973021,1.0000305189751728,3.999954221537241,0.1699,30.0781,0.200000000000001,30.100000000000016,0.0021528373,0.0006541237,-0.0019878587,288.86304,1.0,8.837879e-05,298.62085,298.98682,298.69678,297.75537,296.552,0.32598877,0.3372345,0.3428192,0.3599701,89625.75,299.37378,-0.23971653,-0.37292576,29.723984,-12.819843,37.030782063802086,60.90998458862305
Kasese,2003-03,10529.614022288868,0.827247341034288,19.0,0.0,1.0,0.1098988295973021,1.0000305189751728,3.999954221537241,0.1699,30.0781,0.200000000000001,30.100000000000016,0.0053617302,0.0014738739,-0.002703642,290.4231,1.0,0.0002104789,296.96924,297.6062,297.66138,297.7815,297.05225,0.39282227,0.3607025,0.3547058,0.35884094,89611.06,298.0061,-0.41376877,-0.30171013,84.05854,-7.8563156,47.199572245279946,66.84140650431316
Kasese,2003-04,10529.614022288868,0.827247341034288,19.0,0.0,1.0,0.1098988295973021,1.0000305189751728,3.999954221537241,0.1699,30.0781,0.200000000000001,30.100000000000016,0.0063612643,0.0026447773,-0.0029241834,290.8794,1.0,0.000261724,296.14697,296.79443,296.84473,297.02808,297.1582,0.41656494,0.39956665,0.35466003,0.36575317,89683.5,297.6914,-0.497797,-0.06675148,141.03894,2.917633,84.94048817952473,69.83432133992513
Kasese,2003-05,10529.614022288868,0.827247341034288,19.0,0.0,1.0,0.1098988295973021,1.0000305189751728,3.999954221537241,0.1699,30.0781,0.200000000000001,30.100000000000016,0.00638216,0.0037264675,-0.0034677042,291.06934,1.0,0.00022926927,295.02246,295.6775,295.75854,296.05298,296.88525,0.4287567,0.43989563,0.39723206,0.36584473,89832.44,297.20288,-0.5506506,0.10657501,125.96686,26.619637,117.02144622802734,77.02611414591472
Kasese,2003-06,10529.614022288868,0.827247341034288,19.0,0.0,1.0,0.1098988295973021,1.0000305189751728,3.999954221537241,0.1699,30.0781,0.200000000000001,30.100000000000016,0.00133044,0.0005251318,-0.0023121303,289.4646,1.0,0.000103250146,295.91895,296.3806,296.39722,296.46753,296.66357,0.34399414,0.35133362,0.36169434,0.35917664,89821.31,297.53906,-0.62997055,0.055627823,88.074875,38.403862,118.36022440592448,82.77989832560222
Kasese,2003-07,10529.614022288868,0.827247341034288,19.0,0.0,1.0,0.1098988295973021,1.0000305189751728,3.999954221537241,0.1699,30.0781,0.200000000000001,30.100000000000016,0.0011359864,0.00025785714,-0.0017567175,287.8059,1.0,7.978082e-05,296.37744,296.78052,296.6836,296.49707,296.57227,0.31222534,0.32336426,0.3371582,0.35360718,89914.06,297.4348,-0.59742737,-0.070207596,27.076792,-9.571329,80.37284151713054,82.65666484832764
Kasese,2003-08,10529.614022288868,0.827247341034288,19.0,0.0,1.0,0.1098988295973021,1.0000305189751728,3.999954221537241,0.1699,30.0781,0.200000000000001,30.100000000000016,0.0048887534,0.0009215921,-0.0026434679,289.20215,1.0,0.00018700957,296.09863,296.65942,296.7002,296.82617,296.65698,0.3961792,0.38528442,0.3429718,0.349411,89850.125,297.3318,-0.41623688,0.01584053,44.19166,-32.888767,53.11444282531738,85.06794452667236
Kasese,2003-09,10529.614022288868,0.827247341034288,19.0,0.0,1.0,0.1098988295973021,1.0000305189751728,3.999954221537241,0.1699,30.0781,0.200000000000001,30.100000000000016,0.0025144948,0.00052312016,-0.002772213,289.84277,1.0,0.00013494492,295.99927,296.48682,296.44067,296.38672,296.6001,0.38502502,0.38560486,0.35969543,0.349411,89817.75,297.32983,-0.62389946,-0.094994545,91.97783,-12.69883,54.41542752583822,86.38782596588135
Kasese,2003-10,10529.614022288868,0.827247341034288,19.0,0.0,1.0,0.1098988295973021,1.0000305189751728,3.999954221537241,0.1699,30.0781,0.200000000000001,30.100000000000016,0.004103541,0.0007545352,-0.0025753323,290.14233,1.0,0.0001758337,296.19604,296.75244,296.79175,296.80103,296.62646,0.38981628,0.36819458,0.35836792,0.35102844,89688.69,297.45728,-0.6641264,-0.2201004,81.98865,-43.572754,72.71937942504883,76.54611047108968
Kasese,2003-11,10529.614022288868,0.827247341034288,19.0,0.0,1.0,0.1098988295973021,1.0000305189751728,3.999954221537241,0.1699,30.0781,0.200000000000001,30.100000000000016,0.0044705984,0.0012255833,-0.0025762324,290.21655,1.0,0.000214234,295.56055,296.14722,296.198,296.3733,296.59717,0.3991089,0.36361694,0.36201477,0.35740662,89674.0,297.01465,-0.6481247,-0.33609962,86.28194,-25.712471,86.74947102864583,69.93195692698161
Kasese,2003-12,10529.614022288868,0.827247341034288,19.0,0.0,1.0,0.1098988295973021,1.0000305189751728,3.999954221537241,0.1699,30.0781,0.200000000000001,30.100000000000016,0.0030895572,0.0018835738,-0.002450903,289.0874,1.0,0.00015839934,296.08228,296.51025,296.3689,296.19043,296.4497,0.37371826,0.36212158,0.35162354,0.36401367,89713.69,297.47876,-0.64855576,-0.65852547,39.854332,-33.06967,69.37497202555339,61.8951997756958
Kasese,2004-01,10529.614022288868,0.827247341034288,19.0,0.0,1.0,0.1098988295973021,1.0000305189751728,3.999954221537241,0.1699,30.0781,0.200000000000001,30.100000000000016,0.0035473965,0.0009665191,-0.0022097705,290.1692,1.0,0.00016596913,297.14014,297.64307,297.57446,297.281,296.58862,0.36114502,0.34851074,0.33926392,0.35824585,89608.25,298.43237,-0.36782074,-0.40324497,72.30749,37.70756,66.14791870117188,69.43364906311035
Kasese,2004-02,10529.614022288868,0.827247341034288,19.0,0.0,1.0,0.1098988295973021,1.0000305189751728,3.999954221537241,0.1699,30.0781,0.200000000000001,30.100000000000016,0.0038242992,0.0010169148,-0.0020386912,289.1836,1.0,0.00012685359,297.87915,298.34985,298.23022,297.78638,296.9048,0.34455872,0.34280396,0.3453064,0.35554504,89674.19,298.93872,-0.31161022,-0.30373383,48.863304,6.319477,53.67504119873047,70.21225611368816
Kasese,2004-03,10529.614022288868,0.827247341034288,19.0,0.0,1.0,0.1098988295973021,1.0000305189751728,3.999954221537241,0.1699,30.0781,0.200000000000001,30.100000000000016,0.004457907,0.0014353693,-0.0030413494,290.51025,1.0,0.00017656386,297.1997,297.72388,297.67896,297.52197,297.17798,0.40068054,0.4015503,0.35913086,0.359787,89612.625,299.04614,-0.3785677,-0.1550417,101.80478,9.889923,74.32519022623698,71.85008112589519
Kasese,2004-04,10529.614022288868,0.827247341034288,19.0,0.0,1.0,0.1098988295973021,1.0000305189751728,3.999954221537241,0.1699,30.0781,0.200000000000001,30.100000000000016,0.0049889395,0.001688838,-0.0029347697,291.25244,1.0,0.00023983419,295.5083,296.1914,296.33423,296.80347,297.20703,0.4220581,0.40185547,0.36068726,0.36102295,89711.375,297.18848,-0.46257496,0.11400604,146.69223,8.570923,99.12010447184244,82.63401158650716
Kasese,2004-05,10529.614022288868,0.827247341034288,19.0,0.0,1.0,0.1098988295973021,1.0000305189751728,3.999954221537241,0.1699,30.0781,0.200000000000001,30.100000000000016,0.007124734,0.003786534,-0.003402887,290.1609,1.0,0.00030392408,295.25806,295.92554,296.01733,296.31226,296.93506,0.43388367,0.43333435,0.37104797,0.36453247,89819.625,297.78906,-0.5685139,0.10875988,69.62786,-29.71936,106.04162343343098,79.85833231608073
Kasese,2004-06,10529.614022288868,0.827247341034288,19.0,0.0,1.0,0.1098988295973021,1.0000305189751728,3.999954221537241,0.1699,30.0781,0.200000000000001,30.100000000000016,0.0017733027,0.0008046627,-0.0023299744,288.19702,1.0,0.0001026988,295.90112,296.33594,296.34082,296.42407,296.71997,0.3587036,0.36437988,0.355011,0.3584137,89977.44,297.81665,-0.76274586,-0.055566788,5.946021,-43.72499,74.0887041091919,74.20694716771443
Kasese,2004-07,10529.614022288868,0.827247341034288,19.0,0.0,1.0,0.1098988295973021,1.0000305189751728,3.999954221537241,0.1699,30.0781,0.200000000000001,30.100000000000016,0.0007108394,0.00027753413,-0.0014940659,286.6814,1.0,5.6385994e-05,296.8081,297.18555,297.06958,296.81787,296.67065,0.29104614,0.31550598,0.33454895,0.35331726,89827.56,298.01953,-0.6142721,0.04515171,24.017382,-12.630739,33.19708792368571,66.15859619776408
Kasese,2004-08,10529.614022288868,0.827247341034288,19.0,0.0,1.0,0.1098988295973021,1.0000305189751728,3.999954221537241,0.1699,30.0781,0.200000000000001,30.100000000000016,0.0027372916,0.00047361106,-0.0019757003,289.042,1.0,0.00015977025,296.67773,297.11816,297.06104,296.95972,296.77783,0.3516693,0.3330078,0.328125,0.34895325,89876.56,297.78857,-0.5299549,0.16039276,73.03796,-4.042473,34.33378632863363,70.1877048810323
Kasese,2004-09,10529.614022288868,0.827247341034288,19.0,0.0,1.0,0.1098988295973021,1.0000305189751728,3.999954221537241,0.1699,30.0781,0.200000000000001,30.100000000000016,0.003783541,0.0006457716,-0.0023133857,289.35034,1.0,0.00018945336,296.30078,296.8994,296.95972,296.97583,296.83643,0.37747192,0.35482788,0.34481812,0.3466034,89752.56,297.52075,-0.5508747,0.07124138,84.480804,-20.195854,60.51204744974772,67.3003757794698
Kasese,2004-10,10529.614022288868,0.827247341034288,19.0,0.0,1.0,0.1098988295973021,1.0000305189751728,3.999954221537241,0.1699,30.0781,0.200000000000001,30.100000000000016,0.00348093,0.00056444854,-0.0024232632,290.0349,1.0,0.00018845499,295.91016,296.4707,296.51953,296.7256,296.84595,0.3930359,0.36695862,0.35113525,0.3464203,89731.125,297.1643,-0.6053295,-0.23330975,107.40553,-18.155869,88.30809783935547,60.75259288152059
Kasese,2004-11,10529.614022288868,0.827247341034288,19.0,0.0,1.0,0.1098988295973021,1.0000305189751728,3.999954221537241,0.1699,30.0781,0.200000000000001,30.100000000000016,0.005306126,0.0017703176,-0.0029188069,290.5393,1.0,0.00024554133,295.09814,295.7212,295.79736,296.10938,296.68945,0.42829895,0.4038849,0.36082458,0.35916138,89715.75,296.88647,-0.587801,-0.28803158,136.9733,24.97889,109.61987813313802,71.97683223088582
Kasese,2004-12,10529.614022288868,0.827247341034288,19.0,0.0,1.0,0.1098988295973021,1.0000305189751728,3.999954221537241,0.1699,30.0781,0.200000000000001,30.100000000000016,0.004415314,0.0022291914,-0.0027318187,290.70972,1.0,0.00021834671,295.74756,296.26465,296.24194,296.2141,296.49365,0.39601135,0.37760925,0.3572235,0.36262512,89654.25,297.4104,-0.5125313,-0.6045742,46.232475,-26.691528,96.8704350789388,78.69124126434326
Kasese,2005-01,10529.614022288868,0.827247341034288,19.0,0.0,1.0,0.1098988295973021,1.0000305189751728,3.999954221537241,0.1699,30.0781,0.200000000000001,30.100000000000016,0.0013567611,0.0006864816,-0.001834698,288.90552,1.0,8.545816e-05,298.083,298.41235,298.15015,297.42773,296.57422,0.32312012,0.3322296,0.33039856,0.35792542,89656.69,299.26074,-0.2998762,-0.35612965,54.120335,19.520409,79.1087023417155,83.70840009053548
Kasese,2005-02,10529.614022288868,0.827247341034288,19.0,0.0,1.0,0.1098988295973021,1.0000305189751728,3.999954221537241,0.1699,30.0781,0.200000000000001,30.100000000000016,0.0022366445,0.00040137768,-0.0018294817,287.80396,1.0,8.791685e-05,299.64575,299.9651,299.61694,298.49023,297.0476,0.322052,0.33236694,0.32122803,0.3521576,89534.625,300.73315,-0.640213,-0.4703493,25.931894,-16.611933,42.09490140279134,75.85738976796468
Kasese,2005-03,10529.614022288868,0.827247341034288,19.0,0.0,1.0,0.1098988295973021,1.0000305189751728,3.999954221537241,0.1699,30.0781,0.200000000000001,30.100000000000016,0.006466605,0.0016541183,-0.0030106287,291.04175,1.0,0.000221923,296.76685,297.47656,297.63086,298.14062,297.61548,0.41654968,0.39944458,0.34124756,0.35038757,89688.125,298.3877,-0.4448595,-0.18908215,113.709526,21.79467,64.58725166320801,80.72884337107341
Kasese,2005-04,10529.614022288868,0.827247341034288,19.0,0.0,1.0,0.1098988295973021,1.0000305189751728,3.999954221537241,0.1699,30.0781,0.200000000000001,30.100000000000016,0.006215717,0.002154149,-0.0033010151,290.72412,1.0,0.00021453202,297.01855,297.5918,297.57202,297.4685,297.59912,0.40730286,0.41075134,0.36283875,0.3598938,89658.875,299.01367,-0.6849804,-0.020225525,141.92555,3.804245,93.85565757751463,86.48217995961507
Kasese,2005-05,10529.614022288868,0.827247341034288,19.0,0.0,1.0,0.1098988295973021,1.0000305189751728,3.999954221537241,0.1699,30.0781,0.200000000000001,30.100000000000016,0.008982611,0.0043435246,-0.0034268238,291.24146,1.0,0.00035880506,294.82544,295.64282,295.87866,296.60767,297.437,0.4616394,0.46310425,0.39430237,0.36341858,89821.94,296.9729,-0.33043385,0.23561001,98.19829,-1.1489334,117.94445546468098,80.01967843373616
Kasese,2005-06,10529.614022288868,0.827247341034288,19.0,0.0,1.0,0.1098988295973021,1.0000305189751728,3.999954221537241,0.1699,30.0781,0.200000000000001,30.100000000000016,0.0038650767,0.0017759204,-0.0031277584,290.12476,1.0,0.00016948581,295.02612,295.59326,295.6765,296.01758,296.98193,0.42678833,0.4363861,0.39683533,0.36079407,89852.31,297.3169,-0.5400877,0.104940414,60.67205,11.001038,100.26529693603516,82.42627429962158
Kasese,2005-07,10529.614022288868,0.827247341034288,19.0,0.0,1.0,0.1098988295973021,1.0000305189751728,3.999954221537241,0.1699,30.0781,0.200000000000001,30.100000000000016,0.0011308102,0.0005643368,-0.0024758885,288.0923,1.0,0.00010304153,295.812,296.23535,296.18896,296.1355,296.6211,0.3499298,0.37628174,0.3762207,0.35661316,89938.06,297.73096,-0.60553074,0.12933254,13.200675,-23.447445,57.357004483540855,75.60633103052776
Kasese,2005-08,10529.614022288868,0.827247341034288,19.0,0.0,1.0,0.1098988295973021,1.0000305189751728,3.999954221537241,0.1699,30.0781,0.200000000000001,30.100000000000016,0.0042763995,0.00094786286,-0.0026646694,289.85693,1.0,0.000195086,296.011,296.56104,296.58838,296.6548,296.58325,0.39016724,0.38389587,0.36643982,0.35301208,89831.375,297.41528,-0.45436954,0.21450806,84.35979,7.279358,52.74417082468669,85.34431314468384
Kasese,2005-09,10529.614022288868,0.827247341034288,19.0,0.0,1.0,0.1098988295973021,1.0000305189751728,3.999954221537241,0.1699,30.0781,0.200000000000001,30.100000000000016,0.004456361,0.0012024492,-0.002797057,290.16626,1.0,0.00018776953,295.79712,296.33252,296.34277,296.4099,296.55396,0.39646912,0.39660645,0.369812,0.35499573,89791.5,297.21143,-0.4025154,0.041936874,99.58916,-5.0875015,65.716539700826,82.99091831843059
Kasese,2005-10,10529.614022288868,0.827247341034288,19.0,0.0,1.0,0.1098988295973021,1.0000305189751728,3.999954221537241,0.1699,30.0781,0.200000000000001,30.100000000000016,0.004502461,0.0014230087,-0.0028780224,290.3186,1.0,0.00022695959,295.27173,295.86206,295.92188,296.11572,296.4414,0.41462708,0.40213013,0.36727905,0.35728455,89759.81,296.60327,-0.44184685,-0.07344723,90.184586,-35.376816,91.37784322102864,74.36742385228474
Kasese,2005-11,10529.614022288868,0.827247341034288,19.0,0.0,1.0,0.1098988295973021,1.0000305189751728,3.999954221537241,0.1699,30.0781,0.200000000000001,30.100000000000016,0.0051835272,0.002485253,-0.0031131431,290.2932,1.0,0.0002425015,295.23706,295.81543,295.82544,295.91895,296.2798,0.42108154,0.40951538,0.3712616,0.36210632,89671.56,297.1914,-0.66283417,-0.45649433,93.96867,-18.025734,94.58080546061198,73.66248814264934
Kasese,2005-12,10529.614022288868,0.827247341034288,19.0,0.0,1.0,0.1098988295973021,1.0000305189751728,3.999954221537241,0.1699,30.0781,0.200000000000001,30.100000000000016,0.0023967647,0.0012949184,-0.002488899,288.66406,1.0,0.00012429059,296.6223,297.00635,296.79858,296.34302,296.18384,0.35438538,0.36387634,0.3580017,0.35998535,89558.31,298.35254,-0.58893585,-0.7909746,48.858353,-24.06565,77.67053731282552,71.69353850682576
Kasese,2006-01,10529.614022288868,0.827247341034288,19.0,0.0,1.0,0.1098988295973021,1.0000305189751728,3.999954221537241,0.1699,30.0781,0.200000000000001,30.100000000000016,0.0029677774,0.00065910816,-0.0021694358,289.0337,1.0,0.00012749434,297.37622,297.86987,297.75293,297.33057,296.47998,0.34542847,0.3390808,0.33840942,0.35494995,89573.25,298.6609,-0.46441174,-0.5370369,13.660177,-20.939749,52.16240119934082,71.77012221018474
Kasese,2006-02,10529.614022288868,0.827247341034288,19.0,0.0,1.0,0.1098988295973021,1.0000305189751728,3.999954221537241,0.1699,30.0781,0.200000000000001,30.100000000000016,0.004766903,0.0010810867,-0.0024916409,290.13623,1.0,0.00018256903,297.10254,297.68823,297.7024,297.64355,296.83765,0.3912506,0.36143494,0.34303284,0.3518982,89575.125,298.44922,-0.3564043,-0.45399952,59.726536,17.182709,40.74835522969564,67.66458034515381
Kasese,2006-03,10529.614022288868,0.827247341034288,19.0,0.0,1.0,0.1098988295973021,1.0000305189751728,3.999954221537241,0.1699,30.0781,0.200000000000001,30.100000000000016,0.0055190055,0.0019974709,-0.0030880412,290.65088,1.0,0.00022035837,295.7295,296.3662,296.42456,296.67334,296.92773,0.43019104,0.41218567,0.36160278,0.35856628,89669.0,297.6516,-0.29741,-0.080078125,94.984055,3.0691986,56.123589197794594,66.89706325531006
Kasese,2006-04,10529.614022288868,0.827247341034288,19.0,0.0,1.0,0.1098988295973021,1.0000305189751728,3.999954221537241,0.1699,30.0781,0.200000000000001,30.100000000000016,0.0055402224,0.0028536618,-0.0032195174,290.75977,1.0,0.0002565533,295.19287,295.83398,295.88818,296.14648,296.7351,0.43595886,0.41984558,0.35636902,0.36218262,89681.81,297.31567,-0.45145416,0.08830547,96.86354,-41.257767,83.8580436706543,68.01022243499756
Kasese,2006-05,10529.614022288868,0.827247341034288,19.0,0.0,1.0,0.1098988295973021,1.0000305189751728,3.999954221537241,0.1699,30.0781,0.200000000000001,30.100000000000016,0.0072076637,0.0034370348,-0.0030650403,291.17334,1.0,0.00030778348,294.58228,295.28613,295.43433,295.83447,296.4839,0.44215393,0.44015503,0.37841797,0.36213684,89833.31,296.70654,-0.36519814,0.16371155,96.05564,-3.2915802,95.9677454630534,68.35805034637451
Kasese,2006-06,10529.614022288868,0.827247341034288,19.0,0.0,1.0,0.1098988295973021,1.0000305189751728,3.999954221537241,0.1699,30.0781,0.200000000000001,30.100000000000016,0.0011222833,0.00067289174,-0.002266204,288.761,1.0,7.735193e-05,296.0962,296.4668,296.35474,296.12915,296.24023,0.33572388,0.35601807,0.35568237,0.35697937,89855.44,298.16504,-0.5825176,0.1297493,8.439994,-41.231018,67.11972522735596,61.62165721257528
Kasese,2006-07,10529.614022288868,0.827247341034288,19.0,0.0,1.0,0.1098988295973021,1.0000305189751728,3.999954221537241,0.1699,30.0781,0.200000000000001,30.100000000000016,0.0020842776,0.00039485097,-0.001976329,288.89917,1.0,0.00011743605,296.20923,296.64185,296.6377,296.60132,296.3291,0.35803223,0.34579468,0.33613586,0.35101318,89904.19,297.677,-0.5179415,0.15997696,46.544113,9.895992,50.34658273061117,67.10231320063274
Kasese,2006-08,10529.614022288868,0.827247341034288,19.0,0.0,1.0,0.1098988295973021,1.0000305189751728,3.999954221537241,0.1699,30.0781,0.200000000000001,30.100000000000016,0.0020126041,0.00028073788,-0.00221398,289.41162,1.0,0.0001321435,295.8745,296.2942,296.2268,296.11548,296.29565,0.37542725,0.3551178,0.3340149,0.34727478,89830.81,297.22705,-0.37365723,0.18686485,72.10263,-4.9777985,42.362245877583824,69.1649956703186
Kasese,2006-09,10529.614022288868,0.827247341034288,19.0,0.0,1.0,0.1098988295973021,1.0000305189751728,3.999954221537241,0.1699,30.0781,0.200000000000001,30.100000000000016,0.0021393015,0.00030352175,-0.0019675074,289.1936,1.0,0.00013677776,296.86475,297.34326,297.27563,297.02026,296.4165,0.34040833,0.33511353,0.3255005,0.3440857,89796.625,297.80615,-0.6264677,0.045550346,64.21934,-40.45732,60.955360412597656,64.0375428199768
Kasese,2006-10,10529.614022288868,0.827247341034288,19.0,0.0,1.0,0.1098988295973021,1.0000305189751728,3.999954221537241,0.1699,30.0781,0.200000000000001,30.100000000000016,0.0024719276,0.00030288845,-0.0020724265,289.92285,1.0,0.00013206899,296.84277,297.30444,297.23608,297.05664,296.63428,0.3609314,0.34223938,0.32989502,0.34158325,89731.125,297.69482,-0.6565428,-0.19806099,99.37666,-26.184738,78.5662104288737,64.45639657974243
Kasese,2006-11,10529.614022288868,0.827247341034288,19.0,0.0,1.0,0.1098988295973021,1.0000305189751728,3.999954221537241,0.1699,30.0781,0.200000000000001,30.100000000000016,0.005625694,0.0010735542,-0.0025916388,290.92114,1.0,0.00027827919,295.18018,295.8755,296.03174,296.44678,296.70972,0.41758728,0.3708191,0.35429382,0.3434906,89708.75,296.28003,-0.5103674,-0.22366619,114.37581,2.381401,92.65726979573569,67.50975783665974
Kasese,2006-12,10529.614022288868,0.827247341034288,19.0,0.0,1.0,0.1098988295973021,1.0000305189751728,3.999954221537241,0.1699,30.0781,0.200000000000001,30.100000000000016,0.006324311,0.00266511,-0.0030375086,291.16968,1.0,0.00025966763,294.87476,295.49268,295.5559,295.81372,296.4641,0.44172668,0.42144775,0.3581543,0.36009216,89801.25,296.69556,-0.25086784,-0.26030254,71.28877,-1.635231,95.01374816894533,77.98455429077148
Kasese,2007-01,10529.614022288868,0.827247341034288,19.0,0.0,1.0,0.1098988295973021,1.0000305189751728,3.999954221537241,0.1699,30.0781,0.200000000000001,30.100000000000016,0.0034239385,0.0011219457,-0.003001104,290.83008,1.0,0.00014698505,295.91553,296.3645,296.2937,296.14673,296.27856,0.4143982,0.40975952,0.35394287,0.3575592,89779.06,297.96777,-0.250062,-0.4499941,31.052986,-3.5469398,72.23918914794922,75.40269978841145
Kasese,2007-02,10529.614022288868,0.827247341034288,19.0,0.0,1.0,0.1098988295973021,1.0000305189751728,3.999954221537241,0.1699,30.0781,0.200000000000001,30.100000000000016,0.0036241668,0.001001142,-0.0028852625,290.90723,1.0,0.00013947487,296.3225,296.78882,296.70508,296.47437,296.29614,0.4068451,0.4098053,0.3652649,0.35578918,89673.125,297.92822,-0.21937943,-0.39212036,35.663788,-6.880039,46.00184885660807,69.32955932617188
Kasese,2007-03,10529.614022288868,0.827247341034288,19.0,0.0,1.0,0.1098988295973021,1.0000305189751728,3.999954221537241,0.1699,30.0781,0.200000000000001,30.100000000000016,0.0018734564,0.0004935041,-0.002343012,289.82568,1.0,0.000104665756,297.82373,298.2395,298.04492,297.49707,296.55322,0.3516693,0.35809326,0.34568787,0.353302,89623.875,298.96216,-0.62040615,-0.37586784,56.089706,-35.82515,40.93549346923828,67.9746208190918
Kasese,2007-04,10529.614022288868,0.827247341034288,19.0,0.0,1.0,0.1098988295973021,1.0000305189751728,3.999954221537241,0.1699,30.0781,0.200000000000001,30.100000000000016,0.005436079,0.0014140308,-0.0027455967,290.31226,1.0,0.00022172928,296.61646,297.23218,297.2776,297.3999,296.9441,0.39483643,0.38423157,0.3518982,0.35269165,89676.125,298.2522,-0.6190262,-0.016840935,103.0187,-35.102608,64.92406463623047,68.58162689208984
Kasese,2007-05,10529.614022288868,0.827247341034288,19.0,0.0,1.0,0.1098988295973021,1.0000305189751728,3.999954221537241,0.1699,30.0781,0.200000000000001,30.100000000000016,0.005161039,0.0017162561,-0.003046344,290.59863,1.0,0.00022618473,296.02295,296.61475,296.65356,296.75098,296.93506,0.40699768,0.39964294,0.36157227,0.35783386,89766.0,298.19067,-0.6378374,0.11767006,94.55109,-4.796135,84.55316416422527,65.27750651041667
Kasese,2007-06,10529.614022288868,0.827247341034288,19.0,0.0,1.0,0.1098988295973021,1.0000305189751728,3.999954221537241,0.1699,30.0781,0.200000000000001,30.100000000000016,0.005062175,0.0026067495,-0.0028722333,289.91846,1.0,0.00023752451,294.71216,295.34058,295.4729,295.92798,296.73633,0.42878723,0.43197632,0.36520386,0.36146545,89847.0,296.89746,-0.2772627,0.18456364,111.2226,61.55159,102.93079630533856,71.9331448872884
Kasese,2007-07,10529.614022288868,0.827247341034288,19.0,0.0,1.0,0.1098988295973021,1.0000305189751728,3.999954221537241,0.1699,30.0781,0.200000000000001,30.100000000000016,0.0020975356,0.00082910806,-0.0022459747,289.4978,1.0,0.00014276803,295.635,296.08716,296.0879,296.09814,296.43604,0.37174988,0.3741455,0.3470459,0.35707092,89847.31,297.1499,-0.4449768,0.111014366,65.095535,28.447414,90.28974151611328,77.60690307617188
Kasese,2007-08,10529.614022288868,0.827247341034288,19.0,0.0,1.0,0.1098988295973021,1.0000305189751728,3.999954221537241,0.1699,30.0781,0.200000000000001,30.100000000000016,0.0024020276,0.00051130354,-0.0021165302,289.6577,1.0,0.00017665327,295.75073,296.2163,296.1963,296.2129,296.3584,0.37826538,0.35580444,0.33744812,0.35232544,89814.0,296.771,-0.44262505,0.10447025,76.251015,-0.82941437,84.18971761067708,84.37144088745117
Kasese,2007-09,10529.614022288868,0.827247341034288,19.0,0.0,1.0,0.1098988295973021,1.0000305189751728,3.999954221537241,0.1699,30.0781,0.200000000000001,30.100000000000016,0.004123331,0.00091037154,-0.0026066704,289.8462,1.0,0.00020030141,295.7915,296.31836,296.28955,296.22583,296.29272,0.40589905,0.37077332,0.35487366,0.35139465,89805.81,297.05127,-0.37277222,0.13076687,110.03698,5.360321,83.79450988769531,93.36265309651692
Kasese,2007-10,10529.614022288868,0.827247341034288,19.0,0.0,1.0,0.1098988295973021,1.0000305189751728,3.999954221537241,0.1699,30.0781,0.200000000000001,30.100000000000016,0.005248993,0.001829341,-0.0029258188,290.14478,1.0,0.00023785233,295.00073,295.67334,295.78833,296.0913,296.27808,0.42904663,0.4074707,0.358078,0.3578186,89710.125,296.54688,-0.4974327,-0.29054642,87.39866,-38.162743,91.22888437906902,90.75931294759114
Kasese,2007-11,10529.614022288868,0.827247341034288,19.0,0.0,1.0,0.1098988295973021,1.0000305189751728,3.999954221537241,0.1699,30.0781,0.200000000000001,30.100000000000016,0.006364884,0.0021851212,-0.002985457,290.75903,1.0,0.00026895106,294.469,295.1233,295.22046,295.51733,296.08594,0.44293213,0.4233551,0.36535645,0.35910034,89651.125,296.00073,-0.45785618,-0.39013958,134.28358,22.289177,110.57307434082033,97.3813959757487
Kasese,2007-12,10529.614022288868,0.827247341034288,19.0,0.0,1.0,0.1098988295973021,1.0000305189751728,3.999954221537241,0.1699,30.0781,0.200000000000001,30.100000000000016,0.00326265,0.0021898486,-0.0029959278,289.5183,1.0,0.00017622113,295.34155,295.80444,295.70605,295.57104,295.85376,0.40142822,0.40464783,0.35295105,0.36091614,89629.25,297.17676,-0.4545622,-0.57942295,52.454403,-20.4696,91.37888209025066,87.58669598897298
Kasese,2008-01,10529.614022288868,0.827247341034288,19.0,0.0,1.0,0.1098988295973021,1.0000305189751728,3.999954221537241,0.1699,30.0781,0.200000000000001,30.100000000000016,0.0029365856,0.0006506443,-0.0022211317,289.92847,1.0,0.00014527142,296.28784,296.78003,296.72754,296.52612,295.97192,0.36463928,0.35360718,0.33644104,0.35404968,89626.56,297.35327,-0.31194973,-0.51290226,48.143482,13.543556,78.2938232421875,84.76135381062825
Kasese,2008-02,10529.614022288868,0.827247341034288,19.0,0.0,1.0,0.1098988295973021,1.0000305189751728,3.999954221537241,0.1699,30.0781,0.200000000000001,30.100000000000016,0.003163219,0.0006650351,-0.0024616132,289.78125,1.0,0.00013336539,296.45508,296.89453,296.7998,296.50952,296.13672,0.38200378,0.36767578,0.34580994,0.35108948,89690.75,297.82178,-0.279356,-0.49261856,41.17367,-1.3701553,47.25718561808268,78.91512997945149
Kasese,2008-03,10529.614022288868,0.827247341034288,19.0,0.0,1.0,0.1098988295973021,1.0000305189751728,3.999954221537241,0.1699,30.0781,0.200000000000001,30.100000000000016,0.00524739,0.0016180724,-0.0025058324,290.08618,1.0,0.00022934377,296.1311,296.7373,296.75122,296.7522,296.3413,0.39137268,0.3667755,0.3610382,0.3556366,89592.06,297.3506,-0.3343668,-0.08061695,126.20727,34.29241,71.84147389729817,81.61017799377441
Kasese,2008-04,10529.614022288868,0.827247341034288,19.0,0.0,1.0,0.1098988295973021,1.0000305189751728,3.999954221537241,0.1699,30.0781,0.200000000000001,30.100000000000016,0.00536445,0.002763465,-0.0030431747,290.29272,1.0,0.0002054125,295.2151,295.8584,295.92188,296.14722,296.38892,0.40837097,0.40385437,0.35391235,0.36065674,89612.5,297.16284,-0.6525669,-0.08944702,71.91501,-66.2063,79.76531600952148,79.02956962585449
Kasese,2008-05,10529.614022288868,0.827247341034288,19.0,0.0,1.0,0.1098988295973021,1.0000305189751728,3.999954221537241,0.1699,30.0781,0.200000000000001,30.100000000000016,0.0019052578,0.00081543624,-0.0024634954,289.79517,1.0,0.000121206045,296.0393,296.52393,296.4817,296.33813,296.30054,0.35845947,0.3607025,0.32977295,0.35656738,89719.375,297.87085,-0.69770813,-0.024950027,71.16467,-28.182549,89.76231638590495,68.50975100199382
Kasese,2008-06,10529.614022288868,0.827247341034288,19.0,0.0,1.0,0.1098988295973021,1.0000305189751728,3.999954221537241,0.1699,30.0781,0.200000000000001,30.100000000000016,0.0019800754,0.00044569373,-0.0020280285,288.90674,1.0,8.673966e-05,295.35596,295.76733,295.74243,295.83105,296.2234,0.35577393,0.36938477,0.3344574,0.3511505,89847.81,296.90063,-0.5840435,-0.033895493,74.18026,24.509247,72.41998036702473,72.13072713216145
Kasese,2008-07,10529.614022288868,0.827247341034288,19.0,0.0,1.0,0.1098988295973021,1.0000305189751728,3.999954221537241,0.1699,30.0781,0.200000000000001,30.100000000000016,0.003061741,0.0005055517,-0.0021493621,288.63037,1.0,0.00015306473,295.4026,295.93066,295.99463,296.13135,296.16504,0.37789917,0.36358643,0.33139038,0.347641,89863.875,297.04956,-0.3968506,0.065636635,52.616028,15.967907,65.9869867960612,72.87615140279134
Kasese,2008-08,10529.614022288868,0.827247341034288,19.0,0.0,1.0,0.1098988295973021,1.0000305189751728,3.999954221537241,0.1699,30.0781,0.200000000000001,30.100000000000016,0.0028114226,0.00047266483,-0.0022094976,289.60815,1.0,0.0001770556,295.9851,296.42212,296.3413,296.13916,296.10352,0.37612915,0.35821533,0.33851624,0.34547424,89737.5,297.12427,-0.5704384,0.0035905838,108.08401,31.003578,78.29343159993489,84.02787399291992
Kasese,2008-09,10529.614022288868,0.827247341034288,19.0,0.0,1.0,0.1098988295973021,1.0000305189751728,3.999954221537241,0.1699,30.0781,0.200000000000001,30.100000000000016,0.0027723277,0.0005041063,-0.0022101589,289.64087,1.0,0.00017160177,296.59204,297.0371,296.9436,296.67505,296.2339,0.3693695,0.35124207,0.3499298,0.34466553,89746.81,297.58813,-0.5032501,-0.024029732,162.61082,57.934166,107.7702865600586,90.09513346354169
Kasese,2008-10,10529.614022288868,0.827247341034288,19.0,0.0,1.0,0.1098988295973021,1.0000305189751728,3.999954221537241,0.1699,30.0781,0.200000000000001,30.100000000000016,0.0052744783,0.0011595413,-0.00251209,290.5227,1.0,0.00021991134,295.93555,296.542,296.57495,296.656,296.41162,0.39967346,0.3765869,0.3539276,0.3478546,89741.06,297.02783,-0.5174961,-0.06269455,73.587814,-51.973587,114.76088205973308,90.37393442789714
Kasese,2008-11,10529.614022288868,0.827247341034288,19.0,0.0,1.0,0.1098988295973021,1.0000305189751728,3.999954221537241,0.1699,30.0781,0.200000000000001,30.100000000000016,0.004946215,0.002310373,-0.0031391513,290.29468,1.0,0.00021997094,295.51807,296.05908,296.04834,296.0879,296.37915,0.42799377,0.41986084,0.35838318,0.36010742,89672.5,297.38867,-0.5380764,-0.3068533,76.814804,-35.179604,104.33781433105467,91.3156229654948
Kasese,2008-12,10529.614022288868,0.827247341034288,19.0,0.0,1.0,0.1098988295973021,1.0000305189751728,3.999954221537241,0.1699,30.0781,0.200000000000001,30.100000000000016,0.001950726,0.0008902475,-0.0023526587,288.8457,1.0,9.462237e-05,296.70386,297.10815,296.95264,296.60034,296.35278,0.35247803,0.36764526,0.3406372,0.35673523,89610.375,298.13306,-0.5084963,-0.68976974,53.38875,-19.535255,67.93045552571614,87.85037104288737
Kasese,2009-01,10529.614022288868,0.827247341034288,19.0,0.0,1.0,0.1098988295973021,1.0000305189751728,3.999954221537241,0.1699,30.0781,0.200000000000001,30.100000000000016,0.004034044,0.0008186102,-0.0020997552,289.10742,1.0,0.00018081069,296.97046,297.56982,297.57617,297.46265,296.6443,0.34936523,0.33891296,0.33143616,0.35136414,89664.625,298.1416,-0.35054398,-0.48126316,28.482302,-6.1176243,52.89528465270996,83.82808335622151
Kasese,2009-02,10529.614022288868,0.827247341034288,19.0,0.0,1.0,0.1098988295973021,1.0000305189751728,3.999954221537241,0.1699,30.0781,0.200000000000001,30.100000000000016,0.0037454974,0.0011221692,-0.0024902718,289.65625,1.0,0.00017914176,296.9668,297.41797,297.28662,297.01367,296.81348,0.38017273,0.35951233,0.35865784,0.35462952,89576.5,298.36694,-0.52162457,-0.32761765,61.6525,19.108673,47.84118334452311,76.0894988377889
Kasese,2009-03,10529.614022288868,0.827247341034288,19.0,0.0,1.0,0.1098988295973021,1.0000305189751728,3.999954221537241,0.1699,30.0781,0.200000000000001,30.100000000000016,0.0051026926,0.0019039884,-0.0024182778,290.04224,1.0,0.00017479062,297.45557,297.99414,297.92334,297.5735,296.99756,0.37167358,0.3577423,0.35784912,0.3587494,89549.75,298.54395,-0.49529552,-0.29332638,61.1059,-30.808956,50.41356722513834,59.172011375427246
Kasese,2009-04,10529.614022288868,0.827247341034288,19.0,0.0,1.0,0.1098988295973021,1.0000305189751728,3.999954221537241,0.1699,30.0781,0.200000000000001,30.100000000000016,0.0048632408,0.0024133176,-0.003148185,291.11792,1.0,0.00026357174,295.54858,296.2605,296.38086,296.80273,297.09717,0.42121887,0.40802002,0.35665894,0.3610382,89725.06,297.3589,-0.41561222,0.036211967,108.34265,-29.778656,77.03368377685547,64.96448421478271
Kasese,2009-05,10529.614022288868,0.827247341034288,19.0,0.0,1.0,0.1098988295973021,1.0000305189751728,3.999954221537241,0.1699,30.0781,0.200000000000001,30.100000000000016,0.004208136,0.001346238,-0.0026174942,290.6172,1.0,0.00021377206,295.8213,296.37134,296.4226,296.61914,296.9463,0.402771,0.37467957,0.3486786,0.35731506,89736.81,297.70776,-0.49793434,0.030879974,115.69396,16.34674,95.04750442504884,71.44434388478597
Kasese,2009-06,10529.614022288868,0.827247341034288,19.0,0.0,1.0,0.1098988295973021,1.0000305189751728,3.999954221537241,0.1699,30.0781,0.200000000000001,30.100000000000016,0.0019340962,0.0008178577,-0.0022652159,288.9856,1.0,0.00014026463,296.531,296.9829,296.92065,296.74902,296.81982,0.35609436,0.36672974,0.34799194,0.35609436,89824.125,298.3484,-0.65147495,0.006770134,96.61932,46.94831,106.88531239827472,78.64943981170654
Kasese,2009-07,10529.614022288868,0.827247341034288,19.0,0.0,1.0,0.1098988295973021,1.0000305189751728,3.999954221537241,0.1699,30.0781,0.200000000000001,30.100000000000016,0.0007815156,0.00035619736,-0.0015092166,286.38086,1.0,6.222725e-05,297.58838,297.93408,297.73267,297.31104,296.8916,0.30932617,0.32966614,0.3294983,0.35194397,89875.56,298.77466,-0.7103739,0.11989689,14.143581,-22.50454,75.48562240600586,76.25965309143066
Kasese,2009-08,10529.614022288868,0.827247341034288,19.0,0.0,1.0,0.1098988295973021,1.0000305189751728,3.999954221537241,0.1699,30.0781,0.200000000000001,30.100000000000016,0.0027773997,0.0004917085,-0.0019007055,288.9934,1.0,0.00014476478,297.30518,297.81494,297.82764,297.80664,297.19873,0.35705566,0.34124756,0.32330322,0.3475647,89784.44,298.2339,-0.6751919,0.01258564,63.787373,-13.2930565,58.18342590332031,76.61546516418457
Kasese,2009-09,10529.614022288868,0.827247341034288,19.0,0.0,1.0,0.1098988295973021,1.0000305189751728,3.999954221537241,0.1699,30.0781,0.200000000000001,30.100000000000016,0.0037518754,0.0006906763,-0.002457019,290.20166,1.0,0.00018015504,296.82666,297.35474,297.34424,297.30176,297.281,0.38227844,0.3587799,0.3393097,0.34501648,89818.375,297.70752,-0.5127783,-0.025505066,94.83157,-9.845085,57.58750915527344,82.2364107767741
Kasese,2009-10,10529.614022288868,0.827247341034288,19.0,0.0,1.0,0.1098988295973021,1.0000305189751728,3.999954221537241,0.1699,30.0781,0.200000000000001,30.100000000000016,0.0062007164,0.0018908381,-0.0029978883,290.60034,1.0,0.00022351742,295.42676,296.10767,296.26904,296.75293,297.2373,0.43148804,0.42411804,0.36271667,0.3547058,89700.375,297.04102,-0.54978275,-0.16588116,130.74707,5.185669,96.4553387959798,85.97048060099284
Kasese,2009-11,10529.614022288868,0.827247341034288,19.0,0.0,1.0,0.1098988295973021,1.0000305189751728,3.999954221537241,0.1699,30.0781,0.200000000000001,30.100000000000016,0.0068060886,0.0029347613,-0.0031798948,290.7981,1.0,0.00029881299,294.823,295.54102,295.6753,296.0808,296.91553,0.43495178,0.42767334,0.37088013,0.36024475,89695.375,296.49463,-0.504385,-0.28825092,80.78894,-31.205467,102.12252807617188,80.1529769897461
Kasese,2009-12,10529.614022288868,0.827247341034288,19.0,0.0,1.0,0.1098988295973021,1.0000305189751728,3.999954221537241,0.1699,30.0781,0.200000000000001,30.100000000000016,0.00551185,0.002268985,-0.002807186,290.82275,1.0,0.00025101006,294.74805,295.3557,295.44067,295.75366,296.5254,0.42510986,0.40634155,0.37445068,0.3599701,89742.875,296.5547,-0.40364933,-0.37992764,61.01532,-11.908684,90.85044352213542,74.21897633870442
Kasese,2010-01,10529.614022288868,0.827247341034288,19.0,0.0,1.0,0.1098988295973021,1.0000305189751728,3.999954221537241,0.1699,30.0781,0.200000000000001,30.100000000000016,0.005259254,0.0029286891,-0.0033248104,290.66138,1.0,0.00021630526,295.489,295.98608,295.88892,295.7881,296.22876,0.43818665,0.43673706,0.37608337,0.36027527,89728.0,297.32446,-0.37029648,-0.5020542,47.673153,13.073227,63.15913772583008,79.80723826090495
Kasese,2010-02,10529.614022288868,0.827247341034288,19.0,0.0,1.0,0.1098988295973021,1.0000305189751728,3.999954221537241,0.1699,30.0781,0.200000000000001,30.100000000000016,0.0075041037,0.002431415,-0.0030343812,291.42773,1.0,0.00020687282,296.18896,296.74414,296.74976,296.65674,296.27026,0.43711853,0.43260193,0.38432312,0.35739136,89674.94,297.8296,-0.32533836,-0.24670792,99.78186,57.238033,69.49011103312175,85.8063195546468
Kasese,2010-03,10529.614022288868,0.827247341034288,19.0,0.0,1.0,0.1098988295973021,1.0000305189751728,3.999954221537241,0.1699,30.0781,0.200000000000001,30.100000000000016,0.008334257,0.003957741,-0.003406223,291.96826,1.0,0.00025495887,295.46802,296.11865,296.16382,296.28174,296.33765,0.4534607,0.46069336,0.4323883,0.36231995,89765.5,297.1123,-0.40508175,-0.2142992,105.3752,13.460342,84.27673721313477,87.56359036763509
Kasese,2010-04,10529.614022288868,0.827247341034288,19.0,0.0,1.0,0.1098988295973021,1.0000305189751728,3.999954221537241,0.1699,30.0781,0.200000000000001,30.100000000000016,0.0038911635,0.0017012954,-0.0035790093,291.58374,1.0,0.00021472573,295.78784,296.37036,296.3452,296.2439,296.28857,0.42276,0.41905212,0.42355347,0.36158752,89727.375,297.95923,-0.57421017,-0.08136654,158.4728,20.351486,121.20995076497395,92.18454424540202
Kasese,2010-05,10529.614022288868,0.827247341034288,19.0,0.0,1.0,0.1098988295973021,1.0000305189751728,3.999954221537241,0.1699,30.0781,0.200000000000001,30.100000000000016,0.0063070124,0.003043063,-0.003385053,291.6626,1.0,0.00029808283,295.34546,295.92407,295.93018,296.04883,296.26172,0.4425354,0.4380188,0.4189911,0.3634491,89784.69,297.50024,-0.3995657,0.09878445,138.24248,38.895256,134.03015645345053,101.76013374328612
Kasese,2010-06,10529.614022288868,0.827247341034288,19.0,0.0,1.0,0.1098988295973021,1.0000305189751728,3.999954221537241,0.1699,30.0781,0.200000000000001,30.100000000000016,0.0042521404,0.0016266406,-0.0033116397,290.17798,1.0,0.00019222498,295.37158,295.92236,295.9524,296.0315,296.1787,0.42315674,0.43600464,0.4080658,0.3612976,89901.56,297.68335,-0.53817654,0.09807968,54.93152,5.2605057,117.21559651692708,100.74616686503092
Kasese,2010-07,10529.614022288868,0.827247341034288,19.0,0.0,1.0,0.1098988295973021,1.0000305189751728,3.999954221537241,0.1699,30.0781,0.200000000000001,30.100000000000016,0.003020428,0.0009279996,-0.0024568085,288.38428,1.0,0.00012490153,296.0808,296.51733,296.45703,296.32056,296.16455,0.3455658,0.36221313,0.37602234,0.3574829,89835.19,297.77856,-0.7374821,-0.112547874,27.261892,-9.386229,73.47862943013509,97.34429009755452
Kasese,2010-08,10529.614022288868,0.827247341034288,19.0,0.0,1.0,0.1098988295973021,1.0000305189751728,3.999954221537241,0.1699,30.0781,0.200000000000001,30.100000000000016,0.0066765654,0.001944147,-0.0032034405,289.27344,1.0,0.00019747019,295.86255,296.3999,296.39624,296.3806,296.24194,0.42303467,0.42390442,0.3801117,0.35586548,89812.31,297.56934,-0.43560696,-0.061249733,55.33614,-21.74429,45.843183517456055,89.93666998545329
Kasese,2010-09,10529.614022288868,0.827247341034288,19.0,0.0,1.0,0.1098988295973021,1.0000305189751728,3.999954221537241,0.1699,30.0781,0.200000000000001,30.100000000000016,0.0047144117,0.002229154,-0.0035201544,289.88794,1.0,0.00021719933,295.4585,296.0293,296.0227,296.0642,296.2312,0.43971252,0.43811035,0.39439392,0.36386108,89745.625,297.4126,-0.5132179,0.06946087,138.53482,33.858162,73.71095085144043,95.46327368418376
Kasese,2010-10,10529.614022288868,0.827247341034288,19.0,0.0,1.0,0.1098988295973021,1.0000305189751728,3.999954221537241,0.1699,30.0781,0.200000000000001,30.100000000000016,0.005491107,0.0020859838,-0.003241242,290.44067,1.0,0.00023071468,295.61597,296.20093,296.21924,296.27588,296.2351,0.43632507,0.4273529,0.38639832,0.362854,89685.625,297.177,-0.4030981,-0.03934002,135.28735,9.725952,109.71943791707356,91.59903367360432
Kasese,2010-11,10529.614022288868,0.827247341034288,19.0,0.0,1.0,0.1098988295973021,1.0000305189751728,3.999954221537241,0.1699,30.0781,0.200000000000001,30.100000000000016,0.006066388,0.0027546585,-0.003265894,290.59595,1.0,0.00024341047,294.66016,295.31006,295.40283,295.6914,296.1416,0.44450378,0.43759155,0.38920593,0.36416626,89597.0,296.53198,-0.51359177,-0.42106628,114.8557,2.86129,129.55929056803384,87.70123704274495
Kasese,2010-12,10529.614022288868,0.827247341034288,19.0,0.0,1.0,0.1098988295973021,1.0000305189751728,3.999954221537241,0.1699,30.0781,0.200000000000001,30.100000000000016,0.004366641,0.0018738583,-0.0031728363,289.9265,1.0,0.0002233237,294.65698,295.24292,295.28882,295.46924,295.9026,0.4188385,0.41053772,0.3822937,0.36294556,89565.625,296.80957,-0.4231987,-0.3841715,69.189415,-3.7345886,106.44415537516277,90.0775531133016
Kasese,2011-01,10529.614022288868,0.827247341034288,19.0,0.0,1.0,0.1098988295973021,1.0000305189751728,3.999954221537241,0.1699,30.0781,0.200000000000001,30.100000000000016,0.0017753862,0.0006923601,-0.002570263,289.438,1.0,9.153783e-05,296.24146,296.5725,296.35596,295.89233,295.78467,0.37023926,0.36827087,0.36039734,0.35894775,89518.94,297.92627,-0.35972118,-0.54439926,20.935646,-13.66428,68.32691955566406,89.02317873636882
Kasese,2011-02,10529.614022288868,0.827247341034288,19.0,0.0,1.0,0.1098988295973021,1.0000305189751728,3.999954221537241,0.1699,30.0781,0.200000000000001,30.100000000000016,0.002061581,0.0004575327,-0.0022202563,288.76123,1.0,0.00010420382,297.87964,298.24512,297.9602,297.17773,296.0459,0.34184265,0.3464203,0.34327698,0.35469055,89517.875,299.14868,-0.34588337,-0.32737255,0.0,-42.543827,30.04168701171875,79.8004887898763
Kasese,2011-03,10529.614022288868,0.827247341034288,19.0,0.0,1.0,0.1098988295973021,1.0000305189751728,3.999954221537241,0.1699,30.0781,0.200000000000001,30.100000000000016,0.0044107204,0.00077079237,-0.0024826406,290.26025,1.0,0.00018762052,296.83716,297.49854,297.5703,297.55103,296.59644,0.38026428,0.36180115,0.34547424,0.35151672,89604.625,297.71606,-0.285676,-0.20781612,99.47302,7.5581665,40.13622283935547,73.29018910725911
Kasese,2011-04,10529.614022288868,0.827247341034288,19.0,0.0,1.0,0.1098988295973021,1.0000305189751728,3.999954221537241,0.1699,30.0781,0.200000000000001,30.100000000000016,0.004062888,0.0011046901,-0.002610758,290.52637,1.0,0.00020441413,296.20996,296.78662,296.7893,296.81128,296.73486,0.38587952,0.3642273,0.3604889,0.35604858,89625.44,297.9192,-0.598464,-0.018175125,111.03565,-27.085655,70.16955820719402,69.24823888142903
Kasese,2011-05,10529.614022288868,0.827247341034288,19.0,0.0,1.0,0.1098988295973021,1.0000305189751728,3.999954221537241,0.1699,30.0781,0.200000000000001,30.100000000000016,0.0033927576,0.0013430044,-0.002685872,290.95166,1.0,0.00019432604,295.51807,296.08594,296.13794,296.36743,296.6836,0.40586853,0.38079834,0.35159302,0.36076355,89778.75,297.3291,-0.403018,0.031416893,190.81207,91.46485,133.7735824584961,81.90763473510742
Kasese,2011-06,10529.614022288868,0.827247341034288,19.0,0.0,1.0,0.1098988295973021,1.0000305189751728,3.999954221537241,0.1699,30.0781,0.200000000000001,30.100000000000016,0.0040901233,0.0011120662,-0.0023461357,290.2412,1.0,0.00022633374,295.7273,296.29468,296.3462,296.4746,296.59937,0.3852539,0.36647034,0.34262085,0.35690308,89831.94,297.43823,-0.30821896,0.203928,106.62045,56.94944,136.15605926513672,88.1461410522461
Kasese,2011-07,10529.614022288868,0.827247341034288,19.0,0.0,1.0,0.1098988295973021,1.0000305189751728,3.999954221537241,0.1699,30.0781,0.200000000000001,30.100000000000016,0.0024211488,0.0009315461,-0.0022698948,288.91406,1.0,0.00015880167,295.83813,296.31055,296.27686,296.24756,296.47266,0.36569214,0.36268616,0.34820557,0.35899353,89804.625,297.3208,-0.29537487,0.1003561,55.653126,19.005005,117.69521713256836,93.93238766988118
Kasese,2011-08,10529.614022288868,0.827247341034288,19.0,0.0,1.0,0.1098988295973021,1.0000305189751728,3.999954221537241,0.1699,30.0781,0.200000000000001,30.100000000000016,0.003843565,0.0008688569,-0.0024741525,290.18286,1.0,0.00020743906,295.48706,296.01416,296.04834,296.19165,296.41333,0.40983582,0.3955536,0.34710693,0.35565186,89826.875,296.65576,-0.29556465,0.17819786,146.13838,69.05795,102.80398686726888,118.28878466288248
Kasese,2011-09,10529.614022288868,0.827247341034288,19.0,0.0,1.0,0.1098988295973021,1.0000305189751728,3.999954221537241,0.1699,30.0781,0.200000000000001,30.100000000000016,0.0043469165,0.0011345893,-0.0027482687,290.53882,1.0,0.00023920834,294.9817,295.59912,295.67163,295.86963,296.26343,0.42060852,0.39793396,0.35829163,0.35733032,89854.75,296.29736,-0.30678463,0.023068428,137.97241,33.295753,113.25463994344076,124.70534960428874
Kasese,2011-10,10529.614022288868,0.827247341034288,19.0,0.0,1.0,0.1098988295973021,1.0000305189751728,3.999954221537241,0.1699,30.0781,0.200000000000001,30.100000000000016,0.005057742,0.0016214773,-0.0029083593,290.73584,1.0,0.00021316111,294.88306,295.48315,295.531,295.7229,296.09717,0.4349823,0.41151428,0.35586548,0.36018372,89663.875,296.1526,-0.35353184,-0.11106968,102.001,-23.560402,128.7039311726888,123.1995741526286
Kasese,2011-11,10529.614022288868,0.827247341034288,19.0,0.0,1.0,0.1098988295973021,1.0000305189751728,3.999954221537241,0.1699,30.0781,0.200000000000001,30.100000000000016,0.00702723,0.0026086047,-0.003048502,291.28174,1.0,0.0002963543,294.20483,294.89722,295.01172,295.35107,295.90894,0.46513367,0.45739746,0.37763977,0.36209106,89719.69,295.57397,-0.3019743,-0.27270508,147.54333,35.548927,129.17224884033203,115.98811785380046
Kasese,2011-12,10529.614022288868,0.827247341034288,19.0,0.0,1.0,0.1098988295973021,1.0000305189751728,3.999954221537241,0.1699,30.0781,0.200000000000001,30.100000000000016,0.005841359,0.0028550327,-0.0033670217,291.1538,1.0,0.00028136373,294.5974,295.16602,295.13867,295.135,295.62207,0.449646,0.4491272,0.40628052,0.36338806,89721.25,296.22656,-0.32143307,-0.5400953,43.785828,-29.138176,97.77672068277997,105.51568031311037
Kasese,2012-01,10529.614022288868,0.827247341034288,19.0,0.0,1.0,0.1098988295973021,1.0000305189751728,3.999954221537241,0.1699,30.0781,0.200000000000001,30.100000000000016,0.000540094,0.0006720573,-0.0027114311,288.08398,1.0,3.8951635e-05,297.1814,297.4685,297.12598,296.34668,295.64722,0.3304901,0.36454773,0.37487793,0.35871887,89620.625,299.07666,-0.1968298,-0.56919575,7.600401,-26.999525,66.30985450744629,97.50689284006756
Kasese,2012-02,10529.614022288868,0.827247341034288,19.0,0.0,1.0,0.1098988295973021,1.0000305189751728,3.999954221537241,0.1699,30.0781,0.200000000000001,30.100000000000016,0.0019755638,0.00037304312,-0.0019008936,287.15674,1.0,9.3609095e-05,298.43042,298.91772,298.72485,298.04126,296.27393,0.3044281,0.31602478,0.33676147,0.35240173,89487.94,299.36182,-0.45053673,-0.43536663,38.240456,-4.3033714,29.87556139628093,79.52390511830647
Kasese,2012-03,10529.614022288868,0.827247341034288,19.0,0.0,1.0,0.1098988295973021,1.0000305189751728,3.999954221537241,0.1699,30.0781,0.200000000000001,30.100000000000016,0.002106879,0.00028865784,-0.0021512676,289.65918,1.0,0.00011712313,298.4431,298.84082,298.62622,297.9873,296.84985,0.3449707,0.34068298,0.33042908,0.3481903,89604.56,299.33594,-0.24051094,-0.22353172,67.557175,-24.357681,37.799343744913735,67.78803221384685
Kasese,2012-04,10529.614022288868,0.827247341034288,19.0,0.0,1.0,0.1098988295973021,1.0000305189751728,3.999954221537241,0.1699,30.0781,0.200000000000001,30.100000000000016,0.008333664,0.0020100772,-0.002893609,291.37427,1.0,0.00034065545,295.21387,296.05176,296.3391,297.0669,297.17944,0.4341278,0.39764404,0.35690308,0.34892273,89729.69,296.614,-0.30252075,0.0053396225,231.49438,93.37308,112.43067169189452,89.37026309967041
Kasese,2012-05,10529.614022288868,0.827247341034288,19.0,0.0,1.0,0.1098988295973021,1.0000305189751728,3.999954221537241,0.1699,30.0781,0.200000000000001,30.100000000000016,0.006084703,0.0033740774,-0.0032976037,291.06665,1.0,0.00025974214,294.32935,295.0332,295.1704,295.68433,296.81128,0.447052,0.44641113,0.39793396,0.36280823,89823.31,296.63013,-0.28487206,0.11679268,148.16298,48.815758,149.0715128580729,89.47353712717693
Kasese,2012-06,10529.614022288868,0.827247341034288,19.0,0.0,1.0,0.1098988295973021,1.0000305189751728,3.999954221537241,0.1699,30.0781,0.200000000000001,30.100000000000016,0.0035376674,0.001089707,-0.0029695071,289.99023,1.0,0.00019411743,294.9209,295.48242,295.53857,295.75024,296.39136,0.4145813,0.40888977,0.38813782,0.35798645,89891.19,297.22656,-0.4137497,0.11521435,19.756018,-29.914995,133.13779385884604,85.46856880187988
Kasese,2012-07,10529.614022288868,0.827247341034288,19.0,0.0,1.0,0.1098988295973021,1.0000305189751728,3.999954221537241,0.1699,30.0781,0.200000000000001,30.100000000000016,0.0035344611,0.000952512,-0.0026826952,289.63257,1.0,0.00016351044,295.36084,295.83594,295.82422,295.8269,296.15186,0.40101624,0.3922882,0.38139343,0.35554504,89833.44,297.0852,-0.28056622,0.20957565,47.762455,11.114334,71.89381726582845,92.1622444788615
Kasese,2012-08,10529.614022288868,0.827247341034288,19.0,0.0,1.0,0.1098988295973021,1.0000305189751728,3.999954221537241,0.1699,30.0781,0.200000000000001,30.100000000000016,0.003556248,0.00087971985,-0.0027267393,289.90234,1.0,0.00015947223,295.4668,295.99292,296.00366,296.0122,296.07983,0.40786743,0.38641357,0.37512207,0.35505676,89867.125,297.04028,-0.33664608,0.123496056,76.531456,-0.5489731,48.01664288838705,98.54407787322998
Kasese,2012-09,10529.614022288868,0.827247341034288,19.0,0.0,1.0,0.1098988295973021,1.0000305189751728,3.999954221537241,0.1699,30.0781,0.200000000000001,30.100000000000016,0.0056254594,0.002080515,-0.0031743012,290.23022,1.0,0.00024867058,295.22876,295.8015,295.78027,295.8047,296.01294,0.4275055,0.4144287,0.37350464,0.36050415,89864.94,296.73315,-0.4105692,0.039704323,103.93978,-0.73687744,76.07789738972981,104.60784562428792
Kasese,2012-10,10529.614022288868,0.827247341034288,19.0,0.0,1.0,0.1098988295973021,1.0000305189751728,3.999954221537241,0.1699,30.0781,0.200000000000001,30.100000000000016,0.007309395,0.0030395985,-0.0030221846,290.48877,1.0,0.00027693808,295.39697,296.0188,296.04248,296.0879,296.01074,0.42710876,0.4045868,0.37132263,0.3623047,89696.56,296.85474,-0.47962666,-0.13241673,204.70198,79.14058,128.39107259114584,100.14244492848714
Kasese,2012-11,10529.614022288868,0.827247341034288,19.0,0.0,1.0,0.1098988295973021,1.0000305189751728,3.999954221537241,0.1699,30.0781,0.200000000000001,30.100000000000016,0.0073878947,0.0038687065,-0.0033110045,291.06567,1.0,0.00028933585,294.47437,295.14526,295.2212,295.47534,295.90723,0.45306396,0.44889832,0.39924622,0.3635254,89737.31,296.28906,-0.42302227,-0.17165184,128.72755,16.733147,145.7897720336914,96.90320746103924
Kasese,2012-12,10529.614022288868,0.827247341034288,19.0,0.0,1.0,0.1098988295973021,1.0000305189751728,3.999954221537241,0.1699,30.0781,0.200000000000001,30.100000000000016,0.004748391,0.002249211,-0.0031995252,290.6399,1.0,0.0002539605,294.74463,295.32275,295.33496,295.4419,295.74976,0.4239502,0.41506958,0.39813232,0.3627472,89683.625,296.67065,-0.4531927,-0.35872078,106.302956,33.378952,146.57749684651694,111.32769711812335
Kasese,2013-01,10529.614022288868,0.827247341034288,19.0,0.0,1.0,0.1098988295973021,1.0000305189751728,3.999954221537241,0.1699,30.0781,0.200000000000001,30.100000000000016,0.003686832,0.0017748177,-0.0028922372,290.09326,1.0,0.0001667589,296.9253,297.30005,297.052,296.32812,295.74658,0.37838745,0.3795166,0.3789673,0.36186218,89704.5,298.93994,-0.37808037,-0.4076681,25.760056,-8.83987,86.93018849690755,107.66063054402667
Kasese,2013-02,10529.614022288868,0.827247341034288,19.0,0.0,1.0,0.1098988295973021,1.0000305189751728,3.999954221537241,0.1699,30.0781,0.200000000000001,30.100000000000016,0.002137712,0.00083405524,-0.0027434751,289.28442,1.0,0.000108882785,297.63672,297.99512,297.72876,297.1504,296.1338,0.36650085,0.38256836,0.36276245,0.35829163,89607.0,299.04395,-0.48395634,-0.49879837,46.129814,3.585987,59.3976084391276,102.5936902364095
Kasese,2013-03,10529.614022288868,0.827247341034288,19.0,0.0,1.0,0.1098988295973021,1.0000305189751728,3.999954221537241,0.1699,30.0781,0.200000000000001,30.100000000000016,0.007067518,0.0019436479,-0.0026867948,291.0088,1.0,0.00024163723,296.22046,296.96216,297.12964,297.35938,296.6267,0.40879822,0.38970947,0.36184692,0.35786438,89682.94,297.7356,-0.33241558,-0.077337265,95.27446,3.359604,55.72144317626953,101.14947001139323
Kasese,2013-04,10529.614022288868,0.827247341034288,19.0,0.0,1.0,0.1098988295973021,1.0000305189751728,3.999954221537241,0.1699,30.0781,0.200000000000001,30.100000000000016,0.008292953,0.0040986463,-0.0035140635,291.56348,1.0,0.00032138824,294.88867,295.5996,295.6775,295.98047,296.56982,0.460083,0.46043396,0.3905182,0.36424255,89758.31,296.9226,-0.4037676,-0.010029793,204.11588,65.99457,115.17338307698569,101.0517857869466
Kasese,2013-05,10529.614022288868,0.827247341034288,19.0,0.0,1.0,0.1098988295973021,1.0000305189751728,3.999954221537241,0.1699,30.0781,0.200000000000001,30.100000000000016,0.0037299714,0.002545528,-0.0032162955,290.30664,1.0,0.0001796782,294.85303,295.40454,295.40967,295.5481,296.23657,0.41073608,0.42967224,0.40933228,0.36294556,89863.31,297.344,-0.5205412,-0.031827927,109.44249,10.095268,136.2776082356771,97.83760833740234
Kasese,2013-06,10529.614022288868,0.827247341034288,19.0,0.0,1.0,0.1098988295973021,1.0000305189751728,3.999954221537241,0.1699,30.0781,0.200000000000001,30.100000000000016,0.0046351687,0.0012038946,-0.0029437058,289.07886,1.0,0.00020435452,295.65063,296.18726,296.18433,296.1814,296.1306,0.3907776,0.38937378,0.38058472,0.35594177,89849.69,297.89404,-0.4991703,-0.022821426,23.094261,-26.576752,112.21754201253256,83.96949259440105
Kasese,2013-07,10529.614022288868,0.827247341034288,19.0,0.0,1.0,0.1098988295973021,1.0000305189751728,3.999954221537241,0.1699,30.0781,0.200000000000001,30.100000000000016,0.0030399153,0.0007568896,-0.002714321,288.27808,1.0,0.00012847781,295.6045,296.10303,296.11475,296.11353,296.12695,0.38389587,0.38380432,0.38067627,0.353714,89852.56,297.6848,-0.35392666,0.078951836,19.35431,-17.293812,50.63035329182943,82.90186818440755
Kasese,2013-08,10529.614022288868,0.827247341034288,19.0,0.0,1.0,0.1098988295973021,1.0000305189751728,3.999954221537241,0.1699,30.0781,0.200000000000001,30.100000000000016,0.0055899564,0.0019503906,-0.003102907,289.688,1.0,0.00019574165,294.93628,295.49707,295.53174,295.71118,296.03857,0.4310913,0.43119812,0.38401794,0.3581848,89820.0,296.76855,-0.42880058,0.049952507,62.936157,-14.144272,35.12824249267578,85.70292536417644
Kasese,2013-09,10529.614022288868,0.827247341034288,19.0,0.0,1.0,0.1098988295973021,1.0000305189751728,3.999954221537241,0.1699,30.0781,0.200000000000001,30.100000000000016,0.006818977,0.0023753718,-0.0032332158,290.46948,1.0,0.0002641827,295.11035,295.73584,295.7483,295.80713,295.93506,0.43241882,0.42085266,0.38075256,0.36058044,89817.625,296.66577,-0.28813362,0.053481102,121.13655,16.459892,67.80900573730469,90.01327387491862
Kasese,2013-10,10529.614022288868,0.827247341034288,19.0,0.0,1.0,0.1098988295973021,1.0000305189751728,3.999954221537241,0.1699,30.0781,0.200000000000001,30.100000000000016,0.0041490747,0.0020672455,-0.0032930644,290.03955,1.0,0.00020560622,295.3103,295.8545,295.82568,295.79663,295.88086,0.4274292,0.42384338,0.38664246,0.36254883,89762.625,296.93896,-0.48526096,-0.139328,110.24364,-15.317764,98.10544840494792,74.36790084838867
Kasese,2013-11,10529.614022288868,0.827247341034288,19.0,0.0,1.0,0.1098988295973021,1.0000305189751728,3.999954221537241,0.1699,30.0781,0.200000000000001,30.100000000000016,0.005830248,0.002480507,-0.003094199,290.60913,1.0,0.00023564696,294.76758,295.38135,295.44116,295.63892,295.84302,0.43113708,0.40812683,0.38459778,0.36231995,89657.56,296.43896,-0.5606785,-0.32161427,141.56802,29.573616,124.31607055664062,79.7221565246582
Kasese,2013-12,10529.614022288868,0.827247341034288,19.0,0.0,1.0,0.1098988295973021,1.0000305189751728,3.999954221537241,0.1699,30.0781,0.200000000000001,30.100000000000016,0.0037270004,0.0015563369,-0.003065466,290.26953,1.0,0.00016860664,295.37427,295.82837,295.7605,295.59473,295.7351,0.4146881,0.4265747,0.37295532,0.36140442,89717.56,297.563,-0.28929043,-0.37780762,38.8245,-34.099503,96.87872060139972,82.34386316935222
Kasese,2014-01,10529.614022288868,0.827247341034288,19.0,0.0,1.0,0.1098988295973021,1.0000305189751728,3.999954221537241,0.1699,30.0781,0.200000000000001,30.100000000000016,0.001313184,0.00047716498,-0.0022723721,288.82178,1.0,7.541478e-05,297.3994,297.70288,297.4431,296.77466,295.88135,0.3340454,0.34928894,0.34953308,0.35595703,89651.44,299.1726,-0.2963171,-0.46855068,24.96705,-9.632875,68.45319175720215,83.27932008107503
Kasese,2014-02,10529.614022288868,0.827247341034288,19.0,0.0,1.0,0.1098988295973021,1.0000305189751728,3.999954221537241,0.1699,30.0781,0.200000000000001,30.100000000000016,0.0016909038,0.00029236823,-0.0020011235,288.82715,1.0,8.1539154e-05,298.96338,299.31348,299.0266,298.12402,296.4431,0.32321167,0.32955933,0.32972717,0.35098267,89549.81,299.78516,-0.07432175,-0.052108765,26.652843,-15.890984,30.14813168843587,77.23210112253825
Kasese,2014-03,10529.614022288868,0.827247341034288,19.0,0.0,1.0,0.1098988295973021,1.0000305189751728,3.999954221537241,0.1699,30.0781,0.200000000000001,30.100000000000016,0.0061497716,0.0011896864,-0.0028168038,290.47485,1.0,0.00021234155,296.62964,297.31396,297.41797,297.6267,297.01758,0.40460205,0.38685608,0.34465027,0.34817505,89647.56,298.17578,-0.35590363,-0.18873692,96.18941,4.2745514,49.26976712544759,73.07424386342366
Kasese,2014-04,10529.614022288868,0.827247341034288,19.0,0.0,1.0,0.1098988295973021,1.0000305189751728,3.999954221537241,0.1699,30.0781,0.200000000000001,30.100000000000016,0.003224489,0.0013421252,-0.0028264308,290.30005,1.0,0.00017477572,296.083,296.6145,296.59595,296.67456,297.0027,0.38839722,0.38865662,0.35769653,0.35977173,89727.81,298.17847,-0.6879692,-0.04293251,119.05806,-19.063248,80.63343683878581,74.54331429799397
Kasese,2014-05,10529.614022288868,0.827247341034288,19.0,0.0,1.0,0.1098988295973021,1.0000305189751728,3.999954221537241,0.1699,30.0781,0.200000000000001,30.100000000000016,0.002970463,0.00083619356,-0.0023005567,290.21558,1.0,0.00016461313,296.6748,297.17285,297.16748,297.0984,296.96777,0.36843872,0.353302,0.33831787,0.35627747,89758.06,298.35376,-0.64669895,0.06283569,53.703903,-45.64332,89.65045674641927,59.89929421742757
Kasese,2014-06,10529.614022288868,0.827247341034288,19.0,0.0,1.0,0.1098988295973021,1.0000305189751728,3.999954221537241,0.1699,30.0781,0.200000000000001,30.100000000000016,0.0041093295,0.0012406558,-0.0024848534,289.86304,1.0,0.00017105043,295.7373,296.26147,296.34766,296.63428,296.94458,0.40582275,0.3955841,0.353302,0.35435486,89870.75,297.66772,-0.4330511,0.13955498,25.951166,-23.719847,66.23770968119304,57.75373840332031
Kasese,2014-07,10529.614022288868,0.827247341034288,19.0,0.0,1.0,0.1098988295973021,1.0000305189751728,3.999954221537241,0.1699,30.0781,0.200000000000001,30.100000000000016,0.0014477104,0.00044801086,-0.0019559152,288.58594,1.0,0.00010241568,296.7578,297.16235,297.08813,296.89893,296.8352,0.3364563,0.35211182,0.34046936,0.35417175,89960.875,298.22314,-0.49708748,0.14396286,33.325535,-3.322586,37.66020139058431,59.14681911468506
Kasese,2014-08,10529.614022288868,0.827247341034288,19.0,0.0,1.0,0.1098988295973021,1.0000305189751728,3.999954221537241,0.1699,30.0781,0.200000000000001,30.100000000000016,0.0040034465,0.0008107573,-0.002324799,289.823,1.0,0.00018498302,295.48462,296.0564,296.1748,296.48535,296.8142,0.3931427,0.36776733,0.3423767,0.35108948,89887.31,296.8081,-0.34431267,0.1322279,136.38171,59.301285,65.21947161356609,77.43496417999268
Kasese,2014-09,10529.614022288868,0.827247341034288,19.0,0.0,1.0,0.1098988295973021,1.0000305189751728,3.999954221537241,0.1699,30.0781,0.200000000000001,30.100000000000016,0.0040062806,0.00080957264,-0.0027625347,289.9724,1.0,0.00015488267,295.49512,296.0149,296.02612,296.12817,296.58276,0.3983307,0.40126038,0.35766602,0.35231018,89837.06,296.8391,-0.56344604,-0.0506773,187.17892,82.502266,118.96205774943034,92.59988371531168
Kasese,2014-10,10529.614022288868,0.827247341034288,19.0,0.0,1.0,0.1098988295973021,1.0000305189751728,3.999954221537241,0.1699,30.0781,0.200000000000001,30.100000000000016,0.005705205,0.0016840845,-0.0031653615,290.48608,1.0,0.0002181083,295.9038,296.4912,296.48608,296.4751,296.511,0.4205017,0.40797424,0.36323547,0.35668945,89757.31,297.38892,-0.5054064,0.010224342,104.27863,-21.282768,142.61309051513672,90.13664595286052
Kasese,2014-11,10529.614022288868,0.827247341034288,19.0,0.0,1.0,0.1098988295973021,1.0000305189751728,3.999954221537241,0.1699,30.0781,0.200000000000001,30.100000000000016,0.0045588603,0.0017255098,-0.003036053,290.44678,1.0,0.00022746623,295.38574,296.00513,296.06445,296.2661,296.47876,0.41685486,0.40177917,0.36579895,0.36027527,89740.56,297.02905,-0.64733887,-0.36869907,171.93309,59.938683,154.4635492960612,109.84151045481364
Kasese,2014-12,10529.614022288868,0.827247341034288,19.0,0.0,1.0,0.1098988295973021,1.0000305189751728,3.999954221537241,0.1699,30.0781,0.200000000000001,30.100000000000016,0.0027129985,0.0014643371,-0.0025060335,289.4934,1.0,0.00014780462,296.823,297.19556,296.9956,296.56348,296.40503,0.3686676,0.36747742,0.3559265,0.36045837,89724.56,298.42383,-0.5067673,-0.60754395,58.07923,-14.844772,111.43031819661458,115.19618797302246
Kasese,2015-01,10529.614022288868,0.827247341034288,19.0,0.0,1.0,0.1098988295973021,1.0000305189751728,3.999954221537241,0.1699,30.0781,0.200000000000001,30.100000000000016,0.00057271455,0.00044407696,-0.0015436336,287.30347,1.0,3.2290816e-05,298.73242,299.09375,298.80273,297.98315,296.73608,0.2913971,0.3196106,0.33033752,0.35516357,89716.875,299.83716,-0.07853317,-0.23313141,1.129751,-33.470177,77.04735747973125,109.83022399743398
Kasese,2015-02,10529.614022288868,0.827247341034288,19.0,0.0,1.0,0.1098988295973021,1.0000305189751728,3.999954221537241,0.1699,30.0781,0.200000000000001,30.100000000000016,0.0013359815,0.00023377687,-0.0014128191,288.71362,1.0,7.273257e-05,299.65527,300.08545,299.85596,299.0642,297.3816,0.29260254,0.29785156,0.3136139,0.3494568,89594.56,299.99365,-0.24528313,-0.42259693,34.84248,-7.7013474,31.35048731168111,92.90701830387115
Kasese,2015-03,10529.614022288868,0.827247341034288,19.0,0.0,1.0,0.1098988295973021,1.0000305189751728,3.999954221537241,0.1699,30.0781,0.200000000000001,30.100000000000016,0.004927291,0.0007105246,-0.00200056,289.4773,1.0,0.00018538535,297.89893,298.563,298.67236,298.81543,297.94238,0.3632965,0.34613037,0.31602478,0.34510803,89623.125,298.97778,-0.47257996,-0.18833733,71.443405,-20.47145,35.80521194140116,73.61776506900787
Kasese,2015-04,10529.614022288868,0.827247341034288,19.0,0.0,1.0,0.1098988295973021,1.0000305189751728,3.999954221537241,0.1699,30.0781,0.200000000000001,30.100000000000016,0.0075149545,0.0024136156,-0.003315004,291.69458,1.0,0.00036618114,294.6665,295.51392,295.7417,296.54834,297.83398,0.45814514,0.4500885,0.37501526,0.35658264,89809.25,296.365,-0.1896944,0.09959793,148.5217,10.400391,84.93586095174153,80.99160921573639
Kasese,2015-05,10529.614022288868,0.827247341034288,19.0,0.0,1.0,0.1098988295973021,1.0000305189751728,3.999954221537241,0.1699,30.0781,0.200000000000001,30.100000000000016,0.008209357,0.004306644,-0.0036047231,291.11792,1.0,0.0003222078,295.0879,295.77637,295.8562,296.16846,297.24658,0.4530182,0.4562683,0.39471436,0.36328125,89858.25,297.4436,-0.4101982,0.22750092,81.39087,-17.956352,100.45199076334636,65.90123903751373
Kasese,2015-06,10529.614022288868,0.827247341034288,19.0,0.0,1.0,0.1098988295973021,1.0000305189751728,3.999954221537241,0.1699,30.0781,0.200000000000001,30.100000000000016,0.0063134925,0.0031747296,-0.0032730335,290.8933,1.0,0.0003040582,294.72388,295.39478,295.51343,295.9414,296.8413,0.45814514,0.456604,0.40563965,0.3626709,89915.5,297.02222,-0.2661028,0.19913197,93.6516,43.98059,107.85472361246744,71.82996777693431
Kasese,2015-07,10529.614022288868,0.827247341034288,19.0,0.0,1.0,0.1098988295973021,1.0000305189751728,3.999954221537241,0.1699,30.0781,0.200000000000001,30.100000000000016,0.0027181285,0.0012593195,-0.0028450778,289.02173,1.0,0.00014421344,295.781,296.26367,296.22656,296.15063,296.5039,0.3840332,0.391037,0.3837433,0.3591156,89913.125,298.10254,-0.5035486,0.05825329,27.418877,-9.229244,67.48711649576823,76.21148872375488
Kasese,2015-08,10529.614022288868,0.827247341034288,19.0,0.0,1.0,0.1098988295973021,1.0000305189751728,3.999954221537241,0.1699,30.0781,0.200000000000001,30.100000000000016,0.0037318578,0.0009863302,-0.0031214347,288.92212,1.0,0.00015941262,296.60156,297.03345,296.91602,296.6631,296.48218,0.40196228,0.397583,0.3812561,0.35569763,89834.875,298.52173,-0.6359606,0.009863853,22.609203,-54.471226,47.893227895100914,74.17260932922363
Kasese,2015-09,10529.614022288868,0.827247341034288,19.0,0.0,1.0,0.1098988295973021,1.0000305189751728,3.999954221537241,0.1699,30.0781,0.200000000000001,30.100000000000016,0.0029029786,0.000904873,-0.002664202,289.66187,1.0,0.00014072657,296.72607,297.19556,297.1333,296.98096,296.62598,0.37358093,0.3712921,0.36869812,0.35610962,89805.375,298.2876,-0.62441254,-0.095355034,132.85066,28.174004,60.9595807393392,84.40715217590332
Kasese,2015-10,10529.614022288868,0.827247341034288,19.0,0.0,1.0,0.1098988295973021,1.0000305189751728,3.999954221537241,0.1699,30.0781,0.200000000000001,30.100000000000016,0.0066089453,0.0019140989,-0.0026663067,290.97656,1.0,0.00025951862,296.21362,296.8745,296.95605,297.0708,296.79517,0.4057312,0.372406,0.35995483,0.35595703,89788.625,297.38403,-0.48840618,-0.045882225,102.02368,-23.53772,85.82784907023112,76.65748278299968
Kasese,2015-11,10529.614022288868,0.827247341034288,19.0,0.0,1.0,0.1098988295973021,1.0000305189751728,3.999954221537241,0.1699,30.0781,0.200000000000001,30.100000000000016,0.00625245,0.0028167665,-0.003203936,291.3982,1.0,0.00030072033,294.66187,295.3899,295.53784,295.99683,296.69043,0.46377563,0.45603943,0.37841797,0.3625183,89771.875,296.25024,-0.34557724,-0.13930988,107.3758,-4.6186066,114.08338165283205,80.98830477396648
Kasese,2015-12,10529.614022288868,0.827247341034288,19.0,0.0,1.0,0.1098988295973021,1.0000305189751728,3.999954221537241,0.1699,30.0781,0.200000000000001,30.100000000000016,0.0055470485,0.0026139542,-0.003496118,290.81567,1.0,0.0002449304,295.55908,296.0774,296.00684,295.9756,296.3933,0.44140625,0.42973328,0.38528442,0.3620453,89847.44,297.66284,-0.46324444,-0.39066315,48.23475,-24.689255,85.87807718912761,73.4188289642334
Kasese,2016-01,10529.614022288868,0.827247341034288,19.0,0.0,1.0,0.1098988295973021,1.0000305189751728,3.999954221537241,0.1699,30.0781,0.200000000000001,30.100000000000016,0.0033188288,0.0013855696,-0.0030343737,290.94604,1.0,0.00011996925,296.62793,297.0569,296.95825,296.70093,296.4082,0.40863037,0.40048218,0.37461853,0.35992432,89771.19,298.77954,-0.14733887,-0.41433334,33.83689,-0.7630348,63.149147033691406,74.48849805196126
Kasese,2016-02,10529.614022288868,0.827247341034288,19.0,0.0,1.0,0.1098988295973021,1.0000305189751728,3.999954221537241,0.1699,30.0781,0.200000000000001,30.100000000000016,0.0014440906,0.0005440414,-0.00211191,289.59644,1.0,7.328391e-05,299.188,299.45972,299.08936,298.0725,296.71265,0.30732727,0.33659363,0.34487915,0.3556366,89682.06,300.54907,-0.21861076,-0.3111248,21.754852,-20.788975,34.60883076985677,74.3461062113444
Kasese,2016-03,10529.614022288868,0.827247341034288,19.0,0.0,1.0,0.1098988295973021,1.0000305189751728,3.999954221537241,0.1699,30.0781,0.200000000000001,30.100000000000016,0.006138584,0.0015851706,-0.0029110648,291.41846,1.0,0.00021213293,298.1548,298.69556,298.62305,298.33447,297.31543,0.39709473,0.3685608,0.3563385,0.35377502,89689.875,299.52686,-0.413105,-0.2438612,68.40044,-23.51442,41.33072662353516,63.60440190633138
Kasese,2016-04,10529.614022288868,0.827247341034288,19.0,0.0,1.0,0.1098988295973021,1.0000305189751728,3.999954221537241,0.1699,30.0781,0.200000000000001,30.100000000000016,0.009849424,0.004808679,-0.003217101,292.42407,1.0,0.0003721267,295.16724,296.02344,296.28735,296.99023,297.4624,0.47071838,0.45874023,0.37528992,0.3633728,89768.94,296.82886,-0.2544899,0.059542656,182.24635,44.125046,90.80054728190105,76.97484715779622
Kasese,2016-05,10529.614022288868,0.827247341034288,19.0,0.0,1.0,0.1098988295973021,1.0000305189751728,3.999954221537241,0.1699,30.0781,0.200000000000001,30.100000000000016,0.010201135,0.005556047,-0.0035850303,291.47388,1.0,0.00036397576,295.29102,295.9619,296.0315,296.28833,297.08618,0.46592712,0.47547913,0.43522644,0.36444092,89915.31,297.4348,-0.41592312,0.040470123,84.60544,-14.741783,111.75074259440105,73.1797866821289
Kasese,2016-06,10529.614022288868,0.827247341034288,19.0,0.0,1.0,0.1098988295973021,1.0000305189751728,3.999954221537241,0.1699,30.0781,0.200000000000001,30.100000000000016,0.002155658,0.0010741726,-0.0032480834,289.18652,1.0,0.0001218915,295.27515,295.84375,295.94482,296.26294,296.81396,0.39718628,0.4132843,0.41967773,0.36135864,89977.06,298.01367,-0.58691597,0.03601837,69.32254,19.651527,112.05811055501302,76.6944185892741
Kasese,2016-07,10529.614022288868,0.827247341034288,19.0,0.0,1.0,0.1098988295973021,1.0000305189751728,3.999954221537241,0.1699,30.0781,0.200000000000001,30.100000000000016,0.0033719037,0.00091446936,-0.0028207526,288.9026,1.0,0.00018079579,295.7351,296.2229,296.19653,296.19092,296.55347,0.37904358,0.38171387,0.39390564,0.3571167,89882.56,297.93042,-0.40849113,0.07426548,28.18613,-8.46199,60.70470301310221,75.75262514750163
Kasese,2016-08,10529.614022288868,0.827247341034288,19.0,0.0,1.0,0.1098988295973021,1.0000305189751728,3.999954221537241,0.1699,30.0781,0.200000000000001,30.100000000000016,0.0022109656,0.0006009117,-0.002777488,288.51855,1.0,0.0001193732,296.51855,296.9297,296.82544,296.60938,296.49023,0.3803711,0.36671448,0.386261,0.35531616,89871.625,298.30615,-0.732378,0.0059432983,90.344215,13.263786,62.617628733317055,87.18418566385905
Kasese,2016-09,10529.614022288868,0.827247341034288,19.0,0.0,1.0,0.1098988295973021,1.0000305189751728,3.999954221537241,0.1699,30.0781,0.200000000000001,30.100000000000016,0.0060493187,0.0014773905,-0.00311728,289.63184,1.0,0.00021247566,296.41333,296.98633,296.99512,296.98804,296.64282,0.40856934,0.39146423,0.3733673,0.35488892,89825.5,297.90503,-0.5871124,-0.0176363,77.59216,-27.084496,65.37416966756184,88.71614011128743
Kasese,2016-10,10529.614022288868,0.827247341034288,19.0,0.0,1.0,0.1098988295973021,1.0000305189751728,3.999954221537241,0.1699,30.0781,0.200000000000001,30.100000000000016,0.005920115,0.002123028,-0.003302263,290.4558,1.0,0.00022268295,295.83936,296.44116,296.4712,296.54907,296.6526,0.4316101,0.4303894,0.3821106,0.36288452,89705.125,297.55615,-0.49368,-0.16149902,122.79707,-2.764328,96.91115061442058,78.8079268137614
Kasese,2016-11,10529.614022288868,0.827247341034288,19.0,0.0,1.0,0.1098988295973021,1.0000305189751728,3.999954221537241,0.1699,30.0781,0.200000000000001,30.100000000000016,0.008965366,0.0046583116,-0.0033370852,290.87646,1.0,0.00031010807,294.8379,295.52808,295.63696,295.9917,296.5398,0.45980835,0.4562378,0.3922119,0.3662567,89737.625,296.72974,-0.45431995,-0.22549343,102.78814,-9.206268,101.05912526448569,81.83837699890137
Kasese,2016-12,10529.614022288868,0.827247341034288,19.0,0.0,1.0,0.1098988295973021,1.0000305189751728,3.999954221537241,0.1699,30.0781,0.200000000000001,30.100000000000016,0.0018433721,0.0013699532,-0.00313796,289.15137,1.0,0.00011138618,296.04736,296.4817,296.34497,296.0896,296.30103,0.3712616,0.39578247,0.38705444,0.36314392,89687.94,298.1819,-0.57179165,-0.63834286,14.564149,-58.359856,80.04978720347087,72.71197843551636
Kasese,2017-01,10529.614022288868,0.827247341034288,19.0,0.0,1.0,0.1098988295973021,1.0000305189751728,3.999954221537241,0.1699,30.0781,0.200000000000001,30.100000000000016,0.0005968589,0.0003347546,-0.0018797116,286.59424,1.0,3.938377e-05,298.66748,299.04932,298.7185,297.81128,296.53467,0.27896118,0.3146515,0.34594727,0.3561859,89628.25,300.07446,-0.39737225,-0.54514503,10.886724,-23.713202,42.74633757273356,69.82874409357707
Kasese,2017-02,10529.614022288868,0.827247341034288,19.0,0.0,1.0,0.1098988295973021,1.0000305189751728,3.999954221537241,0.1699,30.0781,0.200000000000001,30.100000000000016,0.0036060673,0.0004967265,-0.002107828,290.06787,1.0,0.00015474856,297.4983,298.094,298.14185,298.1267,297.12012,0.3531189,0.32695007,0.3267212,0.35076904,89655.0,298.65796,-0.32694244,-0.38681602,61.90275,19.358921,29.11787382761637,65.08849954605103
Kasese,2017-03,10529.614022288868,0.827247341034288,19.0,0.0,1.0,0.1098988295973021,1.0000305189751728,3.999954221537241,0.1699,30.0781,0.200000000000001,30.100000000000016,0.004603949,0.0009469092,-0.0029039616,290.90698,1.0,0.00019520521,296.74365,297.32642,297.32837,297.33936,297.28198,0.4065857,0.3695526,0.3571167,0.3496704,89656.75,298.19995,-0.2988882,-0.13534641,64.43414,-27.480713,45.7412052154541,62.895496209462486
Kasese,2017-04,10529.614022288868,0.827247341034288,19.0,0.0,1.0,0.1098988295973021,1.0000305189751728,3.999954221537241,0.1699,30.0781,0.200000000000001,30.100000000000016,0.003626478,0.0007465929,-0.0025516283,290.97998,1.0,0.00017103553,296.3352,296.93555,297.02856,297.24463,297.3125,0.3934784,0.37542725,0.35992432,0.35450745,89714.56,298.25,-0.49648857,-0.04685211,97.36976,-40.75155,74.56888326009114,58.65761041641235
Kasese,2017-05,10529.614022288868,0.827247341034288,19.0,0.0,1.0,0.1098988295973021,1.0000305189751728,3.999954221537241,0.1699,30.0781,0.200000000000001,30.100000000000016,0.004793196,0.0020769984,-0.0029838393,291.10522,1.0,0.00023809075,295.11133,295.72705,295.78687,296.1272,297.03833,0.42108154,0.40655518,0.3590088,0.36253357,89860.94,297.37842,-0.37050152,0.058811188,72.23183,-27.115395,78.01190948486328,53.56489165623983
Kasese,2017-06,10529.614022288868,0.827247341034288,19.0,0.0,1.0,0.1098988295973021,1.0000305189751728,3.999954221537241,0.1699,30.0781,0.200000000000001,30.100000000000016,0.0020481995,0.00085775554,-0.0022176653,289.5835,1.0,0.00013583899,296.8562,297.24878,297.1399,296.8877,296.8413,0.35980225,0.36238098,0.34085083,0.35925293,89829.31,298.44775,-0.60275936,-0.09818745,26.50021,-23.170803,65.36726506551106,55.55423514048258
Kasese,2017-07,10529.614022288868,0.827247341034288,19.0,0.0,1.0,0.1098988295973021,1.0000305189751728,3.999954221537241,0.1699,30.0781,0.200000000000001,30.100000000000016,0.001985922,0.00046521425,-0.0017289445,289.63477,1.0,0.00015178323,296.6521,297.10254,297.09888,297.07202,296.90918,0.35128784,0.34519958,0.33096313,0.3544464,89932.25,297.76953,-0.38774586,0.0797863,52.715916,16.067795,50.48265075683594,62.52576700846354
Kasese,2017-08,10529.614022288868,0.827247341034288,19.0,0.0,1.0,0.1098988295973021,1.0000305189751728,3.999954221537241,0.1699,30.0781,0.200000000000001,30.100000000000016,0.002115341,0.00041987002,-0.0018528765,290.00342,1.0,0.00013059378,296.7793,297.22314,297.19824,297.10986,296.96558,0.3550415,0.34239197,0.33180237,0.3508911,89829.44,297.8318,-0.5243187,0.09406948,64.71741,-12.363022,47.97784423828125,62.994876861572266
Kasese,2017-09,10529.614022288868,0.827247341034288,19.0,0.0,1.0,0.1098988295973021,1.0000305189751728,3.999954221537241,0.1699,30.0781,0.200000000000001,30.100000000000016,0.005501627,0.0012848079,-0.002884617,290.2307,1.0,0.00023552775,295.75488,296.37207,296.4497,296.71582,296.9602,0.41874695,0.3993225,0.35360718,0.35227966,89828.375,297.2849,-0.38861847,0.074915886,103.795135,-0.88152313,73.74281946818034,69.5550422668457
Kasese,2017-10,10529.614022288868,0.827247341034288,19.0,0.0,1.0,0.1098988295973021,1.0000305189751728,3.999954221537241,0.1699,30.0781,0.200000000000001,30.100000000000016,0.006681096,0.0025923848,-0.0030194074,290.66968,1.0,0.00024183095,296.19263,296.81567,296.8457,296.88647,296.896,0.4182129,0.4040985,0.36079407,0.35987854,89714.81,297.57642,-0.47285366,-0.09515667,143.00226,17.440857,103.83826700846356,77.16045888264973
Kasese,2017-11,10529.614022288868,0.827247341034288,19.0,0.0,1.0,0.1098988295973021,1.0000305189751728,3.999954221537241,0.1699,30.0781,0.200000000000001,30.100000000000016,0.0066210176,0.0030734316,-0.003203583,290.9043,1.0,0.0002860874,294.59644,295.30493,295.44922,295.91406,296.7256,0.45257568,0.44613647,0.37345886,0.36392212,89714.125,296.49634,-0.4864521,-0.38432217,113.26178,1.2673721,120.0197245279948,83.99878438313802
Kasese,2017-12,10529.614022288868,0.827247341034288,19.0,0.0,1.0,0.1098988295973021,1.0000305189751728,3.999954221537241,0.1699,30.0781,0.200000000000001,30.100000000000016,0.002658779,0.0016241968,-0.0028736023,289.29736,1.0,0.00013196468,296.4795,296.87744,296.70483,296.3523,296.46045,0.37420654,0.38409424,0.3668213,0.361969,89661.31,298.656,-0.48696804,-0.6656704,21.066685,-51.85732,92.44357426961264,83.09319686889648
Kasese,2018-01,10529.614022288868,0.827247341034288,19.0,0.0,1.0,0.1098988295973021,1.0000305189751728,3.999954221537241,0.1699,30.0781,0.200000000000001,30.100000000000016,0.0015467756,0.0005013719,-0.0021693595,289.09033,1.0,6.80536e-05,297.2019,297.58423,297.43335,297.07178,296.57764,0.34695435,0.34196472,0.33636475,0.3560791,89646.5,298.771,0.017290115,-0.12177849,10.322243,-24.277683,48.21690241495768,76.02758471171062
Kasese,2018-02,10529.614022288868,0.827247341034288,19.0,0.0,1.0,0.1098988295973021,1.0000305189751728,3.999954221537241,0.1699,30.0781,0.200000000000001,30.100000000000016,0.0035791807,0.00064864755,-0.0018517738,289.05444,1.0,0.00012041628,298.70337,299.20752,299.07935,298.50098,297.0144,0.32650757,0.32725525,0.323349,0.35072327,89536.0,299.85962,-0.39299393,-0.18691349,53.215046,10.671219,28.201324462890625,74.1105244954427
Kasese,2018-03,10529.614022288868,0.827247341034288,19.0,0.0,1.0,0.1098988295973021,1.0000305189751728,3.999954221537241,0.1699,30.0781,0.200000000000001,30.100000000000016,0.008618263,0.0024768338,-0.0031798976,291.86768,1.0,0.00026631355,294.91284,295.67725,295.87915,296.5498,297.19873,0.45848083,0.4554596,0.40142822,0.35620117,89719.94,296.60327,-0.187747,-0.1481247,146.86678,54.95192,70.13468805948894,81.28913116455078
Kasese,2018-04,10529.614022288868,0.827247341034288,19.0,0.0,1.0,0.1098988295973021,1.0000305189751728,3.999954221537241,0.1699,30.0781,0.200000000000001,30.100000000000016,0.011153991,0.0054287016,-0.0029878588,292.08496,1.0,0.00041002035,294.0288,294.81006,295.00732,295.57275,296.73413,0.4758911,0.48272705,0.46580505,0.3675537,89788.56,295.3833,-0.10357952,-0.020637512,211.18654,73.06523,137.08945337931314,92.65317789713542
Kasese,2018-05,10529.614022288868,0.827247341034288,19.0,0.0,1.0,0.1098988295973021,1.0000305189751728,3.999954221537241,0.1699,30.0781,0.200000000000001,30.100000000000016,0.008006258,0.0038689598,-0.0034020143,291.42456,1.0,0.0002913624,294.16943,294.84912,294.94043,295.28784,296.21362,0.4647522,0.46794128,0.471344,0.38442993,89836.06,296.41357,-0.22980976,0.13250351,114.60206,15.254837,157.55179087320963,92.87655766805013
Kasese,2018-06,10529.614022288868,0.827247341034288,19.0,0.0,1.0,0.1098988295973021,1.0000305189751728,3.999954221537241,0.1699,30.0781,0.200000000000001,30.100000000000016,0.004787158,0.0027623102,-0.0032940404,289.8955,1.0,0.00021444261,294.33252,294.91528,294.96973,295.19678,295.82788,0.4337921,0.4443817,0.46318054,0.4008789,89946.875,296.76245,-0.34757996,-0.024795532,21.14449,-28.526524,115.64436213175456,92.88952509562176
Kasese,2018-07,10529.614022288868,0.827247341034288,19.0,0.0,1.0,0.1098988295973021,1.0000305189751728,3.999954221537241,0.1699,30.0781,0.200000000000001,30.100000000000016,0.0017881923,0.0005429238,-0.0026559457,287.75073,1.0,8.3342195e-05,295.84448,296.28906,296.17017,295.8164,295.66284,0.3237152,0.35855103,0.3991089,0.3970337,89953.31,298.00537,-0.69540405,0.16830826,9.253251,-27.39487,48.33326625823975,92.71135981877644
Kasese,2018-08,10529.614022288868,0.827247341034288,19.0,0.0,1.0,0.1098988295973021,1.0000305189751728,3.999954221537241,0.1699,30.0781,0.200000000000001,30.100000000000016,0.0028835777,0.00046481937,-0.0028776787,289.74658,1.0,0.00017113984,295.02905,295.56982,295.62012,295.83423,295.78833,0.41041565,0.3949585,0.3779602,0.39067078,89933.75,296.93164,-0.32774544,0.06194687,68.060814,-9.019615,32.819518089294434,95.18565448125204
Kasese,2018-09,10529.614022288868,0.827247341034288,19.0,0.0,1.0,0.1098988295973021,1.0000305189751728,3.999954221537241,0.1699,30.0781,0.200000000000001,30.100000000000016,0.002034366,0.0003893003,-0.0027841842,289.6272,1.0,0.00012139976,295.8152,296.2268,296.1006,295.80444,295.75513,0.37477112,0.37628174,0.3804779,0.38716125,89750.06,297.635,-0.60365486,-0.13399696,76.80458,-27.872078,51.37288188934326,83.5086220105489
Kasese,2018-10,10529.614022288868,0.827247341034288,19.0,0.0,1.0,0.1098988295973021,1.0000305189751728,3.999954221537241,0.1699,30.0781,0.200000000000001,30.100000000000016,0.006639722,0.0015186667,-0.0029851198,290.40308,1.0,0.00023204088,295.3418,295.96777,296.02563,296.12744,295.89526,0.41487122,0.4121704,0.38002014,0.38835144,89768.19,296.9834,-0.46565914,-0.13991642,90.15462,-35.406784,78.34000396728516,63.33663511276245
Kasese,2018-11,10529.614022288868,0.827247341034288,19.0,0.0,1.0,0.1098988295973021,1.0000305189751728,3.999954221537241,0.1699,30.0781,0.200000000000001,30.100000000000016,0.005516189,0.0025318936,-0.003390871,290.60474,1.0,0.00025603175,295.19165,295.7412,295.7102,295.6836,295.8567,0.43536377,0.43206787,0.39126587,0.3981781,89703.875,297.55566,-0.6229181,-0.41801548,99.22571,-12.7687,88.72830200195312,60.77391004562378
Kasese,2018-12,10529.614022288868,0.827247341034288,19.0,0.0,1.0,0.1098988295973021,1.0000305189751728,3.999954221537241,0.1699,30.0781,0.200000000000001,30.100000000000016,0.005187391,0.002283506,-0.00313076,290.87866,1.0,0.00023181736,294.85645,295.45972,295.5144,295.66895,295.81445,0.42893982,0.4208374,0.38163757,0.39735413,89791.19,297.0454,-0.36266422,-0.478446,82.97716,10.053154,90.78582763671876,71.079354763031
Kasese,2019-01,10529.614022288868,0.827247341034288,19.0,0.0,1.0,0.1098988295973021,1.0000305189751728,3.999954221537241,0.1699,30.0781,0.200000000000001,30.100000000000016,0.0024614353,0.0011293888,-0.002775182,289.7793,1.0,0.0001321435,296.98682,297.32788,297.05078,296.38428,295.83203,0.36044312,0.3722992,0.3665161,0.39311218,89739.625,298.6941,-0.3086052,-0.47968102,25.93909,-8.660835,69.3806521097819,73.86032803853352
Kasese,2019-02,10529.614022288868,0.827247341034288,19.0,0.0,1.0,0.1098988295973021,1.0000305189751728,3.999954221537241,0.1699,30.0781,0.200000000000001,30.100000000000016,0.0013119105,0.00044132024,-0.0019595204,289.40576,1.0,7.495284e-05,298.5227,298.90137,298.65503,297.9043,296.34937,0.31956482,0.33380127,0.33987427,0.3864746,89664.625,299.70093,-0.34020138,-0.40669537,28.504429,-14.039398,45.80689239501953,67.26759719848633
Kasese,2019-03,10529.614022288868,0.827247341034288,19.0,0.0,1.0,0.1098988295973021,1.0000305189751728,3.999954221537241,0.1699,30.0781,0.200000000000001,30.100000000000016,0.002484172,0.00044587255,-0.0021472666,290.2339,1.0,0.000111699104,298.56543,299.0027,298.80054,298.13428,296.91382,0.34298706,0.34214783,0.33200073,0.3804474,89690.81,299.43042,-0.30714893,-0.32835388,65.96999,-25.944862,40.137837727864586,65.46183268229167
Kasese,2019-04,10529.614022288868,0.827247341034288,19.0,0.0,1.0,0.1098988295973021,1.0000305189751728,3.999954221537241,0.1699,30.0781,0.200000000000001,30.100000000000016,0.005419846,0.0012329072,-0.0027280655,291.3069,1.0,0.00027231872,296.89917,297.54712,297.62817,297.79468,297.36523,0.39245605,0.36009216,0.35583496,0.37921143,89708.31,298.43896,-0.37330532,0.03336239,104.15926,-33.962044,66.21122868855794,67.79594039916992
Kasese,2019-05,10529.614022288868,0.827247341034288,19.0,0.0,1.0,0.1098988295973021,1.0000305189751728,3.999954221537241,0.1699,30.0781,0.200000000000001,30.100000000000016,0.0070529394,0.0031045675,-0.0031986795,291.44458,1.0,0.00031203032,295.65234,296.37305,296.5105,296.93726,297.35205,0.42988586,0.40905762,0.36143494,0.38865662,89783.625,297.97998,-0.50960445,0.22458267,101.5501,2.2028809,90.5597864786784,68.18333943684895
Kasese,2019-06,10529.614022288868,0.827247341034288,19.0,0.0,1.0,0.1098988295973021,1.0000305189751728,3.999954221537241,0.1699,30.0781,0.200000000000001,30.100000000000016,0.008490452,0.004158087,-0.0028295908,291.17065,1.0,0.0003208369,294.71582,295.36353,295.51807,296.0276,297.00293,0.46092224,0.45593262,0.37808228,0.38883972,89956.875,296.76807,-0.30838108,0.11517429,106.4325,56.76149,104.0472895304362,72.09256362915039
Kasese,2019-07,10529.614022288868,0.827247341034288,19.0,0.0,1.0,0.1098988295973021,1.0000305189751728,3.999954221537241,0.1699,30.0781,0.200000000000001,30.100000000000016,0.0019297854,0.0011810064,-0.002842119,289.93848,1.0,0.000116467476,295.36035,295.86133,295.87378,295.96387,296.6001,0.38667297,0.39579773,0.39100647,0.38478088,89885.69,297.36304,-0.3299322,0.16878796,36.19323,-0.4548912,81.3919448852539,73.80158678690593
Kasese,2019-08,10529.614022288868,0.827247341034288,19.0,0.0,1.0,0.1098988295973021,1.0000305189751728,3.999954221537241,0.1699,30.0781,0.200000000000001,30.100000000000016,0.003909763,0.0010686815,-0.0028065592,289.68774,1.0,0.00018964708,296.24072,296.73853,296.70117,296.58032,296.47583,0.38623047,0.3743286,0.3716278,0.37780762,89928.56,297.89453,-0.48900032,0.18480206,37.468334,-39.612095,60.03135553995768,75.29557100931804
Kasese,2019-09,10529.614022288868,0.827247341034288,19.0,0.0,1.0,0.1098988295973021,1.0000305189751728,3.999954221537241,0.1699,30.0781,0.200000000000001,30.100000000000016,0.004429019,0.0011815801,-0.0030740583,290.4419,1.0,0.00020717084,295.91772,296.45532,296.45215,296.47632,296.50806,0.41596985,0.40039062,0.38182068,0.37768555,89820.5,297.69482,-0.470335,0.047542572,74.30024,-30.37642,49.32060114542643,76.68394533793132
Kasese,2019-10,10529.614022288868,0.827247341034288,19.0,0.0,1.0,0.1098988295973021,1.0000305189751728,3.999954221537241,0.1699,30.0781,0.200000000000001,30.100000000000016,0.0051729805,0.0016959086,-0.0028631845,291.00464,1.0,0.00021737814,294.70923,295.36255,295.49658,295.9143,296.41772,0.431839,0.4118042,0.37686157,0.3808899,89727.69,296.0376,-0.40223312,-0.013083458,220.6884,95.127,110.81899134318034,96.10546811421712
Kasese,2019-11,10529.614022288868,0.827247341034288,19.0,0.0,1.0,0.1098988295973021,1.0000305189751728,3.999954221537241,0.1699,30.0781,0.200000000000001,30.100000000000016,0.004301441,0.0017485842,-0.0030319458,290.92627,1.0,0.0002283752,295.27368,295.80664,295.79565,295.85254,296.19434,0.4255066,0.41210938,0.37657166,0.38235474,89697.06,297.062,-0.53369236,-0.21317959,105.99968,-5.994728,133.66277313232422,96.84706433614096
Kasese,2019-12,10529.614022288868,0.827247341034288,19.0,0.0,1.0,0.1098988295973021,1.0000305189751728,3.999954221537241,0.1699,30.0781,0.200000000000001,30.100000000000016,0.0062166685,0.0029812753,-0.0032606674,291.5205,1.0,0.0002939254,294.9077,295.5078,295.52295,295.6223,296.02075,0.4492035,0.4431305,0.38633728,0.3837738,89738.81,296.81494,-0.348114,-0.3431244,32.330498,-40.593506,119.67285919189452,84.49673016866048
Kasese,2020-01,10529.614022288868,0.827247341034288,19.0,0.0,1.0,0.1098988295973021,1.0000305189751728,3.999954221537241,0.1699,30.0781,0.200000000000001,30.100000000000016,0.0025530923,0.0010511354,-0.0026629688,290.45605,1.0,0.000130862,296.8308,297.21924,297.07837,296.5835,296.02295,0.3751831,0.37516785,0.36502075,0.37908936,89710.56,298.5437,-0.26479626,-0.32887173,36.786808,2.186882,58.37232844034831,84.59565989176433
Kasese,2020-02,10529.614022288868,0.827247341034288,19.0,0.0,1.0,0.1098988295973021,1.0000305189751728,3.999954221537241,0.1699,30.0781,0.200000000000001,30.100000000000016,0.0040582116,0.0010318607,-0.002862827,290.7317,1.0,0.00020834804,296.97437,297.4375,297.31982,296.9912,296.3164,0.4008484,0.3768158,0.36376953,0.37478638,89702.75,298.67065,-0.4548664,-0.44011593,49.713875,7.1700478,39.61039352416992,86.63658332824707
Kasese,2020-03,10529.614022288868,0.827247341034288,19.0,0.0,1.0,0.1098988295973021,1.0000305189751728,3.999954221537241,0.1699,30.0781,0.200000000000001,30.100000000000016,0.006151446,0.0020985752,-0.0032605259,291.9265,1.0,0.00023421645,296.1106,296.70898,296.73413,296.87012,296.5957,0.4535675,0.43618774,0.3739624,0.3781891,89673.375,297.98877,-0.30577755,-0.09720421,122.427574,30.512718,69.64275232950847,94.65780576070148
Kasese,2020-04,10529.614022288868,0.827247341034288,19.0,0.0,1.0,0.1098988295973021,1.0000305189751728,3.999954221537241,0.1699,30.0781,0.200000000000001,30.100000000000016,0.006335076,0.0020200238,-0.00312215,291.63013,1.0,0.00028721988,296.02148,296.65308,296.71118,296.79102,296.68652,0.4300232,0.4269867,0.3748169,0.37794495,89743.56,297.7417,-0.5067816,-0.03108406,113.69081,-24.430496,95.27742004394533,76.8248742421468
Kasese,2020-05,10529.614022288868,0.827247341034288,19.0,0.0,1.0,0.1098988295973021,1.0000305189751728,3.999954221537241,0.1699,30.0781,0.200000000000001,30.100000000000016,0.008067474,0.0038766414,-0.0035845805,291.2373,1.0,0.0003068596,294.77075,295.40918,295.46045,295.71802,296.4673,0.46287537,0.47044373,0.4497223,0.381073,89887.375,296.95312,-0.4127407,-0.014966965,78.6178,-20.729424,104.9120610555013,72.26122728983562
Kasese,2020-06,10529.614022288868,0.827247341034288,19.0,0.0,1.0,0.1098988295973021,1.0000305189751728,3.999954221537241,0.1699,30.0781,0.200000000000001,30.100000000000016,0.0075537693,0.003217861,-0.0032798164,290.29663,1.0,0.000278309,294.7334,295.34985,295.43408,295.69946,296.20728,0.44726562,0.45645142,0.45739746,0.3834839,89858.25,297.26343,-0.44948578,0.012163162,72.61213,22.941116,88.30691274007161,78.97483253479004
Kasese,2020-07,10529.614022288868,0.827247341034288,19.0,0.0,1.0,0.1098988295973021,1.0000305189751728,3.999954221537241,0.1699,30.0781,0.200000000000001,30.100000000000016,0.003801469,0.0014618337,-0.0030585742,289.06567,1.0,0.00015109777,295.0481,295.5266,295.54248,295.63208,295.96973,0.41577148,0.42617798,0.43338013,0.38713074,89762.19,297.48584,-0.52097607,0.051104546,13.175236,-23.472885,54.8017209370931,75.03957049051921
Kasese,2020-08,10529.614022288868,0.827247341034288,19.0,0.0,1.0,0.1098988295973021,1.0000305189751728,3.999954221537241,0.1699,30.0781,0.200000000000001,30.100000000000016,0.004348077,0.0010991395,-0.0035113767,290.0569,1.0,0.00019475818,295.27637,295.82788,295.8235,295.80493,295.8689,0.4454193,0.45506287,0.43629456,0.38475037,89749.75,297.60962,-0.46019554,0.05337143,147.85939,70.77896,77.88225173950195,91.39715639750165
Kasese,2020-09,10529.614022288868,0.827247341034288,19.0,0.0,1.0,0.1098988295973021,1.0000305189751728,3.999954221537241,0.1699,30.0781,0.200000000000001,30.100000000000016,0.0049050096,0.0012861863,-0.0035826266,290.43652,1.0,0.00024065375,295.32227,295.89673,295.88306,295.84692,295.84595,0.44502258,0.4445343,0.42881775,0.38549805,89725.5,297.09326,-0.37159824,0.022426605,85.126274,-19.550385,82.05363337198894,85.18027305603027
Kasese,2020-10,10529.614022288868,0.827247341034288,19.0,0.0,1.0,0.1098988295973021,1.0000305189751728,3.999954221537241,0.1699,30.0781,0.200000000000001,30.100000000000016,0.0042897956,0.0011696741,-0.0031085815,290.58228,1.0,0.00020770729,295.2976,295.85962,295.89038,295.96436,295.8872,0.41584778,0.41871643,0.40853882,0.38591003,89713.375,296.85742,-0.33426762,0.028060913,115.00931,-10.5520935,115.99832407633464,85.40002250671387
Kasese,2020-11,10529.614022288868,0.827247341034288,19.0,0.0,1.0,0.1098988295973021,1.0000305189751728,3.999954221537241,0.1699,30.0781,0.200000000000001,30.100000000000016,0.0058553377,0.0021905005,-0.0032086838,291.3872,1.0,0.00023923814,294.52344,295.13525,295.19775,295.40674,295.80786,0.45629883,0.45437622,0.41851807,0.38856506,89724.75,296.1914,-0.41091537,-0.29021835,115.99126,3.996849,105.37561289469402,91.62893231709798
Kasese,2020-12,10529.614022288868,0.827247341034288,19.0,0.0,1.0,0.1098988295973021,1.0000305189751728,3.999954221537241,0.1699,30.0781,0.200000000000001,30.100000000000016,0.003632769,0.0016327575,-0.003553789,290.00366,1.0,0.000191167,295.39014,295.89307,295.7871,295.58594,295.65332,0.40853882,0.41441345,0.41674805,0.38824463,89658.125,297.59106,-0.4657011,-0.5894041,67.96312,-4.960884,99.65456136067708,90.854097366333
Kasese,2021-01,10529.614022288868,0.827247341034288,19.0,0.0,1.0,0.1098988295973021,1.0000305189751728,3.999954221537241,0.1699,30.0781,0.200000000000001,30.100000000000016,0.0035332558,0.001291357,-0.0029773237,289.70972,1.0,0.00016579032,296.24658,296.6853,296.5525,296.20264,295.75366,0.38961792,0.37979126,0.39707947,0.38591003,89596.69,298.19287,-0.3062687,-0.43435764,46.780205,12.180279,76.91152699788411,96.45492553710938
Kasese,2021-02,10529.614022288868,0.827247341034288,19.0,0.0,1.0,0.1098988295973021,1.0000305189751728,3.999954221537241,0.1699,30.0781,0.200000000000001,30.100000000000016,0.001971298,0.0007739663,-0.0024776366,289.46973,1.0,9.460747e-05,297.96094,298.30957,298.0586,297.35767,296.13672,0.34727478,0.34921265,0.3675232,0.38282776,89593.19,299.50195,-0.111543655,-0.052001,58.64332,16.099491,57.79554748535156,81.58558019002278
Kasese,2021-03,10529.614022288868,0.827247341034288,19.0,0.0,1.0,0.1098988295973021,1.0000305189751728,3.999954221537241,0.1699,30.0781,0.200000000000001,30.100000000000016,0.0037518633,0.000734739,-0.0026329588,290.12354,1.0,0.00018040836,296.948,297.55322,297.59497,297.47998,296.63867,0.38412476,0.35406494,0.35238647,0.3779297,89551.06,298.3728,-0.43494225,-0.18777847,79.1753,-12.739555,61.53294118245443,80.59375127156575
Kasese,2021-04,10529.614022288868,0.827247341034288,19.0,0.0,1.0,0.1098988295973021,1.0000305189751728,3.999954221537241,0.1699,30.0781,0.200000000000001,30.100000000000016,0.0051671932,0.0012167841,-0.003202293,290.8994,1.0,0.0002681017,295.66626,296.2937,296.32837,296.552,296.74902,0.43206787,0.39263916,0.3671112,0.37864685,89675.81,297.74292,-0.6687937,-0.046658516,102.62596,-35.495346,80.148193359375,78.52986017862956
Kasese,2021-05,10529.614022288868,0.827247341034288,19.0,0.0,1.0,0.1098988295973021,1.0000305189751728,3.999954221537241,0.1699,30.0781,0.200000000000001,30.100000000000016,0.008865668,0.003775075,-0.0033991197,291.25073,1.0,0.0003259331,294.97437,295.62476,295.69385,295.9746,296.5603,0.4563446,0.45487976,0.40322876,0.38450623,89796.625,296.83203,-0.4727087,0.019361496,56.150658,-43.196564,79.31730651855469,68.55642700195312
Kasese,2021-06,10529.614022288868,0.827247341034288,19.0,0.0,1.0,0.1098988295973021,1.0000305189751728,3.999954221537241,0.1699,30.0781,0.200000000000001,30.100000000000016,0.0017755933,0.0007429421,-0.0032023676,288.90356,1.0,0.00011442602,295.15308,295.68213,295.74414,295.9375,296.33423,0.40652466,0.41819763,0.40202332,0.37986755,89817.69,297.95898,-0.70799065,0.039073944,47.836296,-1.8347168,68.8709716796875,65.20195643107097
Kasese,2021-07,10529.614022288868,0.827247341034288,19.0,0.0,1.0,0.1098988295973021,1.0000305189751728,3.999954221537241,0.1699,30.0781,0.200000000000001,30.100000000000016,0.00125556,0.00032103807,-0.0024149567,287.98755,1.0,9.803474e-05,295.96265,296.3208,296.23462,296.07764,296.1858,0.35043335,0.356781,0.36927795,0.3740692,89884.375,297.89624,-0.49128628,0.16394234,26.696686,-9.951435,43.56121317545573,61.85470326741537
Kasese,2021-08,10529.614022288868,0.827247341034288,19.0,0.0,1.0,0.1098988295973021,1.0000305189751728,3.999954221537241,0.1699,30.0781,0.200000000000001,30.100000000000016,0.002520099,0.00031062216,-0.0025084987,289.0459,1.0,0.00012220442,296.34814,296.81787,296.7373,296.552,296.2688,0.3541565,0.35710144,0.34849548,0.3687744,89806.94,297.6609,-0.527874,0.061201096,112.41163,35.3312,62.31487019856771,70.8160883585612
Kasese,2021-09,10529.614022288868,0.827247341034288,19.0,0.0,1.0,0.1098988295973021,1.0000305189751728,3.999954221537241,0.1699,30.0781,0.200000000000001,30.100000000000016,0.0045225103,0.000705421,-0.0028875368,290.34473,1.0,0.00024148822,295.66675,296.27515,296.3379,296.47754,296.35815,0.40963745,0.38690186,0.34918213,0.36486816,89762.19,296.97705,-0.47515106,0.03935814,113.424736,8.748077,84.1776835123698,76.52432759602864
Kasese,2021-10,10529.614022288868,0.827247341034288,19.0,0.0,1.0,0.1098988295973021,1.0000305189751728,3.999954221537241,0.1699,30.0781,0.200000000000001,30.100000000000016,0.006910237,0.0014594272,-0.0033994755,291.05908,1.0,0.00026741624,295.62622,296.2351,296.23755,296.23584,296.34033,0.45169067,0.44532776,0.38200378,0.3704834,89685.375,297.11426,-0.4073944,-0.058847427,101.80046,-23.76094,109.21227518717448,76.38674418131511
Kasese,2021-11,10529.614022288868,0.827247341034288,19.0,0.0,1.0,0.1098988295973021,1.0000305189751728,3.999954221537241,0.1699,30.0781,0.200000000000001,30.100000000000016,0.004125607,0.0016552135,-0.0032742927,290.5642,1.0,0.00022496283,295.38184,295.9851,296.04785,296.1941,296.29834,0.43649292,0.43536377,0.38700867,0.37954712,89650.5,297.11572,-0.45454216,-0.33423805,98.320595,-13.673813,104.51526387532552,83.41506703694661
Kasese,2021-12,10529.614022288868,0.827247341034288,19.0,0.0,1.0,0.1098988295973021,1.0000305189751728,3.999954221537241,0.1699,30.0781,0.200000000000001,30.100000000000016,0.0034534228,0.0010330006,-0.0029892912,290.2793,1.0,0.00022010505,295.82544,296.3147,296.2644,296.1687,296.23096,0.39605713,0.3818512,0.37594604,0.3756256,89638.81,297.91895,-0.6169882,-0.42694855,145.0248,72.10079,115.04861704508464,99.61315027872722
Kasese,2022-01,10529.614022288868,0.827247341034288,19.0,0.0,1.0,0.1098988295973021,1.0000305189751728,3.999954221537241,0.1699,30.0781,0.200000000000001,30.100000000000016,0.0028208003,0.0008709952,-0.0026700143,289.45215,1.0,0.00011795759,296.43506,296.89014,296.79956,296.5708,296.29883,0.3771515,0.37800598,0.36801147,0.37301636,89641.81,298.5005,-0.27361202,-0.34180737,44.38057,9.780643,95.90865325927734,102.5604642232259
Kasese,2022-02,10529.614022288868,0.827247341034288,19.0,0.0,1.0,0.1098988295973021,1.0000305189751728,3.999954221537241,0.1699,30.0781,0.200000000000001,30.100000000000016,0.0015369081,0.00039788336,-0.0021055965,289.9458,1.0,9.0390444e-05,297.58984,297.95068,297.72632,297.14795,296.46436,0.33035278,0.3496399,0.3484497,0.36982727,89594.94,298.6765,0.0047922134,-0.10319519,60.971634,18.427807,83.45899963378906,93.9871317545573
Kasese,2022-03,10529.614022288868,0.827247341034288,19.0,0.0,1.0,0.1098988295973021,1.0000305189751728,3.999954221537241,0.1699,30.0781,0.200000000000001,30.100000000000016,0.00369598,0.00059520453,-0.0023960574,289.98584,1.0,0.00015835464,297.97485,298.50317,298.41528,298.05176,296.90942,0.36523438,0.35101318,0.3340149,0.36535645,89527.44,298.85938,-0.32527733,-0.26803684,75.96843,-15.946426,60.4402109781901,87.74441401163737
Kasese,2022-04,10529.614022288868,0.827247341034288,19.0,0.0,1.0,0.1098988295973021,1.0000305189751728,3.999954221537241,0.1699,30.0781,0.200000000000001,30.100000000000016,0.005199546,0.0010556728,-0.002671728,291.08936,1.0,0.00025214255,295.91943,296.57568,296.72803,297.1687,297.2019,0.4108734,0.40997314,0.3538208,0.3630066,89601.06,297.31372,-0.42962265,-0.026602745,199.63774,61.516434,112.19260152180988,104.05062739054362
Kasese,2022-05,10529.614022288868,0.827247341034288,19.0,0.0,1.0,0.1098988295973021,1.0000305189751728,3.999954221537241,0.1699,30.0781,0.200000000000001,30.100000000000016,0.005254729,0.0015704855,-0.0034325933,291.0498,1.0,0.00028653443,295.02783,295.7002,295.7959,296.12622,296.9253,0.44691467,0.44273376,0.39112854,0.3727417,89808.94,297.26782,-0.42989922,0.11272335,62.29255,-37.054672,112.63290659586588,98.04595311482748
Kasese,2022-06,10529.614022288868,0.827247341034288,19.0,0.0,1.0,0.1098988295973021,1.0000305189751728,3.999954221537241,0.1699,30.0781,0.200000000000001,30.100000000000016,0.0015055429,0.0006595701,-0.0029189745,288.56274,1.0,0.000110939145,295.1626,295.64282,295.6416,295.7898,296.55322,0.39009094,0.39344788,0.3742981,0.37039185,89765.0,297.66138,-0.7001028,0.042399406,13.748102,-35.922913,91.89279747009276,76.16650422414143
Kasese,2022-07,10529.614022288868,0.827247341034288,19.0,0.0,1.0,0.1098988295973021,1.0000305189751728,3.999954221537241,0.1699,30.0781,0.200000000000001,30.100000000000016,0.00094149046,0.00026534498,-0.0015934175,287.01,1.0,5.0231814e-05,296.8274,297.22974,297.15747,296.802,296.4536,0.28019714,0.31446838,0.34095764,0.36470032,89803.5,297.9485,-0.60141754,0.1072216,4.111258,-32.53686,26.71730311711629,69.45495231946309
Kasese,2022-08,10529.614022288868,0.827247341034288,19.0,0.0,1.0,0.1098988295973021,1.0000305189751728,3.999954221537241,0.1699,30.0781,0.200000000000001,30.100000000000016,0.0039255307,0.0004524067,-0.0026237871,289.87866,1.0,0.00018449128,295.26123,295.81055,295.8933,296.26782,296.53735,0.41712952,0.388443,0.33129883,0.35966492,89757.5,296.39185,-0.3824463,0.12209606,89.42628,12.345848,35.76187912623087,74.19739286104839
Kasese,2022-09,10529.614022288868,0.827247341034288,19.0,0.0,1.0,0.1098988295973021,1.0000305189751728,3.999954221537241,0.1699,30.0781,0.200000000000001,30.100000000000016,0.002021016,0.00028315932,-0.0017963042,290.53223,1.0,0.00022289157,294.57812,295.2146,295.3069,295.60815,296.28735,0.4471283,0.43870544,0.3659973,0.3578949,89353.0,295.7837,-0.29183102,0.018268585,84.489845,-20.186813,59.34246015548706,75.61762881278992
Kasese,2022-10,10529.614022288868,0.827247341034288,19.0,0.0,1.0,0.1098988295973021,1.0000305189751728,3.999954221537241,0.1699,30.0781,0.200000000000001,30.100000000000016,0.00093958166,0.00013530813,-0.001547229,289.93018,1.0,0.00012513995,296.27466,296.68433,296.5564,296.26465,296.1477,0.3730774,0.36683655,0.3590393,0.35740662,89279.56,297.10034,-0.5062752,-0.12644577,112.386566,-13.174835,95.4342295328776,61.07576632499695
Kasese,2022-11,10529.614022288868,0.827247341034288,19.0,0.0,1.0,0.1098988295973021,1.0000305189751728,3.999954221537241,0.1699,30.0781,0.200000000000001,30.100000000000016,0.004393542,0.0010992475,-0.0015970306,291.26636,1.0,0.00036352873,293.82544,294.5879,294.84033,295.52515,296.1255,0.46147156,0.4530487,0.39471436,0.36463928,89299.75,295.04175,-0.25031376,-0.22989559,148.90048,36.906075,115.25896453857422,75.51042183240254
Kasese,2022-12,10529.614022288868,0.827247341034288,19.0,0.0,1.0,0.1098988295973021,1.0000305189751728,3.999954221537241,0.1699,30.0781,0.200000000000001,30.100000000000016,0.0032318577,0.0014398918,-0.001968402,290.88257,1.0,0.00028696656,293.82812,294.48584,294.5581,294.83887,295.6936,0.45783997,0.45787048,0.42755127,0.37278748,89278.0,295.32446,-0.2538538,-0.39928436,75.28521,2.361206,112.19075266520184,85.76660641034444
Kasese,2023-01,10529.614022288868,0.827247341034288,19.0,0.0,1.0,0.1098988295973021,1.0000305189751728,3.999954221537241,0.1699,30.0781,0.200000000000001,30.100000000000016,0.00097336347,0.0005460456,-0.0019144425,288.84595,1.0,8.9630485e-05,295.2273,295.65356,295.5232,295.26758,295.42383,0.38423157,0.40367126,0.40237427,0.3708496,89247.81,297.07642,-0.31278896,-0.56957054,27.00231,-7.597616,83.72933387756348,89.58178170522054
Kasese,2023-02,10529.614022288868,0.827247341034288,19.0,0.0,1.0,0.1098988295973021,1.0000305189751728,3.999954221537241,0.1699,30.0781,0.200000000000001,30.100000000000016,0.0013346407,0.00027506053,-0.0014360435,288.5254,1.0,0.00010243058,297.7002,298.1377,297.84888,296.938,295.65747,0.32228088,0.34425354,0.36715698,0.36462402,89192.06,298.9297,-0.08886337,-0.30630207,25.319,-17.224827,42.53550656636556,78.8972355524699
Kasese,2023-03,10529.614022288868,0.827247341034288,19.0,0.0,1.0,0.1098988295973021,1.0000305189751728,3.999954221537241,0.1699,30.0781,0.200000000000001,30.100000000000016,0.004684068,0.0011842977,-0.0018126685,291.49072,1.0,0.0002772659,294.6377,295.3894,295.57568,296.11523,296.06226,0.46424866,0.4641571,0.42106628,0.36567688,89264.0,295.85205,-0.13637543,-0.16357136,108.55928,16.644424,53.62686347961426,82.90880807240804
Kasese,2023-04,10529.614022288868,0.827247341034288,19.0,0.0,1.0,0.1098988295973021,1.0000305189751728,3.999954221537241,0.1699,30.0781,0.200000000000001,30.100000000000016,0.0024927694,0.0009004846,-0.0020423834,291.29224,1.0,0.00025074184,294.66675,295.2959,295.3506,295.4756,295.88086,0.4577484,0.45573425,0.4439392,0.3735962,89221.31,296.40332,-0.46926212,-0.16681576,120.76389,-17.357414,84.88072458902995,84.30502923329671
Kasese,2023-05,10529.614022288868,0.827247341034288,19.0,0.0,1.0,0.1098988295973021,1.0000305189751728,3.999954221537241,0.1699,30.0781,0.200000000000001,30.100000000000016,0.0021043678,0.0012199134,-0.0022086175,291.01807,1.0,0.00023259223,295.1958,295.71558,295.646,295.53198,295.70923,0.4447174,0.45355225,0.4503479,0.37806702,89406.81,297.4961,-0.547945,-0.0003709793,62.977947,-36.369274,97.43370691935222,69.98460674285889
Kasese,2023-06,10529.614022288868,0.827247341034288,19.0,0.0,1.0,0.1098988295973021,1.0000305189751728,3.999954221537241,0.1699,30.0781,0.200000000000001,30.100000000000016,0.00243541,0.0006276667,-0.0017313771,290.32153,1.0,0.00025689602,294.97705,295.5415,295.60132,295.7827,295.76172,0.4264679,0.43554688,0.4238739,0.37428284,89441.44,297.18018,-0.4677992,-0.0014486313,41.7655,-7.905514,75.16911315917969,64.39798831939697
Kasese,2023-07,10529.614022288868,0.827247341034288,19.0,0.0,1.0,0.1098988295973021,1.0000305189751728,3.999954221537241,0.1699,30.0781,0.200000000000001,30.100000000000016,0.00030777397,0.0002288036,-0.0018063257,287.4126,1.0,3.9681792e-05,296.03613,296.37378,296.19604,295.79565,295.69727,0.35910034,0.38475037,0.42131042,0.3745575,89490.94,298.48608,-0.67022896,0.021970749,1.0635179,-35.584602,35.26898809274038,60.07485634088516
Kasese,2023-08,10529.614022288868,0.827247341034288,19.0,0.0,1.0,0.1098988295973021,1.0000305189751728,3.999954221537241,0.1699,30.0781,0.200000000000001,30.100000000000016,0.0007706605,0.00016249716,-0.0015699444,288.82153,1.0,0.00010100007,297.13672,297.44922,297.28442,296.82007,295.96948,0.36817932,0.35076904,0.3729248,0.36965942,89381.19,298.7627,-0.8045435,0.008229256,29.96959,-47.11084,24.266202092170715,60.84995450576147
Kasese,2023-09,10529.614022288868,0.827247341034288,19.0,0.0,1.0,0.1098988295973021,1.0000305189751728,3.999954221537241,0.1699,30.0781,0.200000000000001,30.100000000000016,0.0027409992,0.00047376007,-0.0019102027,290.6626,1.0,0.00026480854,296.05884,296.67773,296.70825,296.74707,296.3247,0.42340088,0.4159088,0.37426758,0.36572266,89345.69,297.55078,-0.35031128,0.10699749,71.04386,-33.632797,34.02565618356069,54.597384671370186
Kasese,2023-10,10529.614022288868,0.827247341034288,19.0,0.0,1.0,0.1098988295973021,1.0000305189751728,3.999954221537241,0.1699,30.0781,0.200000000000001,30.100000000000016,0.0017456855,0.00029203296,-0.0018037292,290.84692,1.0,0.00020231307,295.41406,296.00464,296.08032,296.2671,296.37866,0.43667603,0.4233551,0.3894348,0.36836243,89296.56,297.1726,-0.410573,-0.18372536,99.38073,-26.180672,66.79806009928386,51.03352409601212
Kasese,2023-11,10529.614022288868,0.827247341034288,19.0,0.0,1.0,0.1098988295973021,1.0000305189751728,3.999954221537241,0.1699,30.0781,0.200000000000001,30.100000000000016,0.0035594646,0.0010074191,-0.0016353605,291.68872,1.0,0.00032429397,294.30762,294.94824,295.083,295.4978,296.17505,0.46914673,0.45544434,0.40013123,0.37571716,89323.25,295.5183,-0.35916233,-0.20132446,116.55417,4.559761,95.65958658854169,59.96289434035619
Kasese,2023-12,10529.614022288868,0.827247341034288,19.0,0.0,1.0,0.1098988295973021,1.0000305189751728,3.999954221537241,0.1699,30.0781,0.200000000000001,30.100000000000016,0.0027134782,0.0014394745,-0.002061985,291.45972,1.0,0.00026287138,295.22974,295.77612,295.72485,295.6101,295.88965,0.4498291,0.44143677,0.40948486,0.3793335,89310.5,297.08032,-0.42861938,-0.4110508,127.679794,54.75579,114.5382308959961,74.2819435397784
Kasese,2024-01,10529.614022288868,0.827247341034288,19.0,0.0,1.0,0.1098988295973021,1.0000305189751728,3.999954221537241,0.1699,30.0781,0.200000000000001,30.100000000000016,0.0018777407,0.00083489344,-0.0019873693,291.2517,1.0,0.00011757016,296.17944,296.6084,296.49,296.20483,295.91602,0.43434143,0.4380951,0.39126587,0.37672424,89383.06,298.25073,0.061392784,-0.061365128,13.899305,-20.70062,86.04442278544109,76.42124144236247
Kasese,2024-02,10529.614022288868,0.827247341034288,19.0,0.0,1.0,0.1098988295973021,1.0000305189751728,3.999954221537241,0.1699,30.0781,0.200000000000001,30.100000000000016,0.0018494915,0.0003790632,-0.0017618942,291.25122,1.0,0.00015841424,296.8369,297.29028,297.18213,296.83936,296.15454,0.3960266,0.39949036,0.37368774,0.3705902,89354.56,298.52173,-0.18809319,-0.34320354,36.39453,-6.149296,59.32454363505045,77.49206511179607
Kasese,2024-03,10529.614022288868,0.827247341034288,19.0,0.0,1.0,0.1098988295973021,1.0000305189751728,3.999954221537241,0.1699,30.0781,0.200000000000001,30.100000000000016,0.0038439438,0.00082527846,-0.0029919827,290.8452,1.0,0.00016263127,297.56372,298.0476,297.92017,297.44824,296.50854,0.38464355,0.37556458,0.3691864,0.36714172,89281.375,299.3357,-0.43392944,-0.18255234,73.57218,-18.342674,41.28867276509603,77.91345183054607
Kasese,2024-04,10529.614022288868,0.827247341034288,19.0,0.0,1.0,0.1098988295973021,1.0000305189751728,3.999954221537241,0.1699,30.0781,0.200000000000001,30.100000000000016,0.0057283947,0.0013447702,-0.0032484923,291.927,1.0,0.00028663874,295.92798,296.55103,296.59424,296.7915,296.75586,0.43803406,0.4172821,0.37753296,0.37086487,89285.44,297.48486,-0.40701962,0.0903759,113.2552,-24.866104,74.40730539957683,80.22586409250896
Kasese,2024-05,10529.614022288868,0.827247341034288,19.0,0.0,1.0,0.1098988295973021,1.0000305189751728,3.999954221537241,0.1699,30.0781,0.200000000000001,30.100000000000016,0.007964676,0.0034170896,-0.0036234716,291.45874,1.0,0.00032648444,295.7893,296.39868,296.41162,296.50854,296.7068,0.45721436,0.46406555,0.41407776,0.37675476,89377.56,298.00073,-0.38089657,0.11428261,101.91404,2.5668182,96.2471415201823,77.78584257761638
Kasese,2024-06,10529.614022288868,0.827247341034288,19.0,0.0,1.0,0.1098988295973021,1.0000305189751728,3.999954221537241,0.1699,30.0781,0.200000000000001,30.100000000000016,0.0035268746,0.0018963292,-0.0035241125,289.0376,1.0,0.0001784265,295.35693,295.98315,296.08154,296.354,296.63647,0.42929077,0.4414215,0.41833496,0.37594604,89434.81,298.136,-0.4479332,0.013221741,11.763471,-37.907543,75.64423783620198,58.46645530064901
Kasese,2024-07,10529.614022288868,0.827247341034288,19.0,0.0,1.0,0.1098988295973021,1.0000305189751728,3.999954221537241,0.1699,30.0781,0.200000000000001,30.100000000000016,0.003256627,0.0007043928,-0.0028525991,289.4973,1.0,0.00019153953,295.40332,295.95312,295.99243,296.0913,296.4536,0.3959198,0.39289856,0.38243103,0.369812,89452.375,297.23218,-0.21443081,0.08439922,42.42689,5.7787704,52.03480052947998,63.2210529645284
Kasese,2024-08,10529.614022288868,0.827247341034288,19.0,0.0,1.0,0.1098988295973021,1.0000305189751728,3.999954221537241,0.1699,30.0781,0.200000000000001,30.100000000000016,0.004684765,0.0011301488,-0.0030881092,290.21655,1.0,0.00018770993,295.61548,296.146,296.13306,296.17456,296.32764,0.4250641,0.41212463,0.37789917,0.36549377,89416.94,297.00977,-0.31257153,0.0615139,65.8374,-11.243027,40.00925477345785,68.12819814682007
Kasese,2024-09,10529.614022288868,0.827247341034288,19.0,0.0,1.0,0.1098988295973021,1.0000305189751728,3.999954221537241,0.1699,30.0781,0.200000000000001,30.100000000000016,0.0032658821,0.00060909986,-0.0031937184,290.19434,1.0,0.00018195808,296.3474,296.823,296.7295,296.47607,296.30103,0.4064331,0.4024353,0.38360596,0.3637085,89340.375,297.74683,-0.4639883,-0.025149345,91.38712,-13.2895355,66.55047225952148,71.09735504786174
Kasese,2024-10,10529.614022288868,0.827247341034288,19.0,0.0,1.0,0.1098988295973021,1.0000305189751728,3.999954221537241,0.1699,30.0781,0.200000000000001,30.100000000000016,0.0048477864,0.0010543987,-0.0032253312,290.61328,1.0,0.00023695827,295.70288,296.2754,296.29736,296.40796,296.38818,0.43707275,0.4225464,0.38282776,0.3660431,89339.5,297.2251,-0.39451027,-0.010625839,88.763054,-36.798347,81.99585978190105,67.0153301556905
Kasese,2024-11,10529.614022288868,0.827247341034288,19.0,0.0,1.0,0.1098988295973021,1.0000305189751728,3.999954221537241,0.1699,30.0781,0.200000000000001,30.100000000000016,0.0059202965,0.00199195,-0.0029520672,290.95483,1.0,0.00027383864,294.8291,295.4834,295.6184,295.96802,296.31567,0.44665527,0.43241882,0.38246155,0.37295532,89313.19,296.19336,-0.45061398,-0.27908516,121.989845,9.995438,100.71334075927734,70.3612977663676
Kasese,2024-12,10529.614022288868,0.827247341034288,19.0,0.0,1.0,0.1098988295973021,1.0000305189751728,3.999954221537241,0.1699,30.0781,0.200000000000001,30.100000000000016,0.0046412344,0.0025152862,-0.003268879,290.187,1.0,0.00017726421,295.16382,295.68213,295.66577,295.70898,296.10034,0.42271423,0.41966248,0.39035034,0.37446594,89319.875,296.87085,-0.4141178,-0.5221529,87.67417,14.750168,99.47569020589192,83.01308123270671
Kasese,2025-01,10529.614022288868,0.827247341034288,19.0,0.0,1.0,0.1098988295973021,1.0000305189751728,3.999954221537241,0.1699,30.0781,0.200000000000001,30.100000000000016,0.0018826058,0.0011395365,-0.0024372116,288.68115,1.0,8.921325e-05,297.03247,297.39307,297.17065,296.61206,296.0996,0.3405304,0.35766602,0.3640442,0.37120056,89221.125,298.8169,-0.10252857,-0.279047,8.530784,-26.069141,72.73160012563069,77.36372995376587
Kasese,2025-02,10529.614022288868,0.827247341034288,19.0,0.0,1.0,0.1098988295973021,1.0000305189751728,3.999954221537241,0.1699,30.0781,0.200000000000001,30.100000000000016,0.0013227491,0.00042024255,-0.00196781,288.1189,1.0,8.606911e-05,299.1831,299.47852,299.0808,298.00098,296.5298,0.32133484,0.3327942,0.33598328,0.3651123,89126.0,300.12817,-0.3411541,-0.44799423,34.901314,-7.6425133,43.702089627583824,72.20771519343059
Kasese,2025-03,10529.614022288868,0.827247341034288,19.0,0.0,1.0,0.1098988295973021,1.0000305189751728,3.999954221537241,0.1699,30.0781,0.200000000000001,30.100000000000016,0.004987771,0.00091499835,-0.002290153,290.25317,1.0,0.0001565814,297.9795,298.61157,298.6648,298.58838,297.2495,0.3655243,0.35835266,0.32795715,0.3597107,89209.125,298.8601,-0.2900095,-0.015411377,94.22498,2.3101273,45.88569355010986,72.6806918780009
Kasese,2025-04,10529.614022288868,0.827247341034288,19.0,0.0,1.0,0.1098988295973021,1.0000305189751728,3.999954221537241,0.1699,30.0781,0.200000000000001,30.100000000000016,0.0057569533,0.0012188628,-0.0033470714,291.3164,1.0,0.0002758056,295.3589,296.05322,296.1848,296.64185,297.32935,0.45004272,0.44779968,0.37916565,0.36203003,89274.19,297.04126,-0.41176414,0.047164917,121.70966,-16.411644,83.6119867960612,78.17179346084595
Kasese,2025-05,10529.614022288868,0.827247341034288,19.0,0.0,1.0,0.1098988295973021,1.0000305189751728,3.999954221537241,0.1699,30.0781,0.200000000000001,30.100000000000016,0.0057599843,0.0019171163,-0.0035021892,290.7583,5.0,0.0002309084,295.35107,295.9812,296.0625,296.33032,296.9917,0.44207764,0.44128418,0.39753723,0.3682251,89424.625,297.4768,-0.5503979,0.13702583,87.06908,-12.278145,101.00124104817708,72.35166533788045
Kasese,2025-06,10529.614022288868,0.827247341034288,19.0,0.0,1.0,0.1098988295973021,1.0000305189751728,3.999954221537241,0.1699,30.0781,0.200000000000001,30.100000000000016,0.002429409,0.0008150935,-0.0030924045,289.09302,5.0,0.0001590699,295.17896,295.7544,295.8369,296.11133,296.7085,0.40672302,0.41516113,0.39085388,0.36643982,89493.69,297.74316,-0.46988583,0.1108942,33.830788,-15.840225,80.86984252929688,63.37776803970337
