date,city,geopotential_height,high_vegetation_cover,high_vegetation_type,lake_cover,land_sea_mask,low_vegetation_cover,low_vegetation_type,soil_type,target_latitude,target_longitude,grid_latitude,grid_longitude,total_precipitation,runoff,evaporation,dewpoint_temperature_2m,skin_reservoir_content,skin_temperature,soil_temperature_level1,soil_temperature_level2,soil_temperature_level3,soil_temperature_level4,soil_volume_water_content_level1,soil_volume_water_content_level2,soil_volume_water_content_level3,soil_volume_water_content_level4,surface_pressure,temperature_2m,u_component_wind_10m,v_component_wind_10m,rainfall_mm,rainfall_monthly_anomaly,rainfall_3month_avg,rainfall_6month_avg,monsoon_intensity,climate_change,siltation,agricultural_practices,landslide_risks
2033-04-30,Kabale,17455.652201526806,0.9086567073077686,19.0,0.0,1.0,0.0186623533181755,1.0000305189751728,2.000030518975173,-1.242,29.9856,-1.0,30.00000000000001,0.005378195634377983,0.0015045214412976312,-0.003589503166666667,286.64887302231836,0.0001888691753589483,293.59993333333335,294.1649566666667,292.60701,293.3415994428429,292.8622241315024,0.4240997343333333,0.4263168316666667,0.42180379333333334,0.44368998333333337,83104.89333333333,292.71166999999997,-0.4657056223739023,0.34632559716667216,111.91973542270027,11.9744452933352,98.17336078889792,93.22016649683646,4.9595910952675775,3.7290664221804946,1.1514285838344127,6.333333333333333,1.306367240539818
2043-07-31,Kabale,17455.652201526806,0.9086567073077686,19.0,0.0,1.0,0.0186623533181755,1.0000305189751728,2.000030518975173,-1.242,29.9856,-1.0,30.00000000000001,0.004353535388926859,0.0011525649340119553,-0.003589503166666667,286.22153591917,0.00017009165748970586,293.59993333333335,294.1649566666667,292.60701,293.6612693685163,293.71545358621256,0.4240997343333333,0.4263168316666667,0.42180379333333334,0.44368998333333337,83104.89333333333,292.71166999999997,-0.6386618013454779,0.5123784190353806,100.37193112349458,11.293759390454602,108.377475527051,103.92403780165317,4.340016442805194,3.7020143139391397,0.26534581461589657,6.333333333333333,0.44828496312480887
2024-01-31,Kabale,17455.652201526806,0.9086567073077686,19.0,0.0,1.0,0.0186623533181755,1.0000305189751728,2.000030518975173,-1.242,29.9856,-1.0,30.00000000000001,0.003940118372841502,0.001052043031362997,-0.0032940843301232617,287.2544260098088,0.00014737714726319263,293.59993333333335,294.1649566666667,292.60701,293.84641910217925,292.9150942028842,0.38976108568337536,0.3869561105664789,0.38901055847445914,0.43684453446985105,83104.89333333333,292.71166999999997,-0.6859682681099007,0.5624471070034879,90.03267689431648,7.005417952360382,92.70837134209715,92.32729435589341,4.022843208413358,3.36794905073614,0.39262594344624024,5.230776120664673,0.5324289529948115
2038-04-30,Kabale,17455.652201526806,0.9086567073077686,19.0,0.0,1.0,0.0186623533181755,1.0000305189751728,2.000030518975173,-1.242,29.9856,-1.0,30.00000000000001,0.004894209667635669,0.0011702881125001691,-0.003589503166666667,286.36374632292376,0.00017717530340267954,293.59993333333335,294.1649566666667,292.60701,293.42950373784083,293.3384888888889,0.4218100527964807,0.42072078405207464,0.41689954726592077,0.44368998333333337,83104.89333333333,292.71166999999997,-0.5780456178809212,0.40162195365536424,107.93832313472232,9.90707140676968,97.24081572885711,95.21322829213734,4.7783793389216775,3.9343568089963683,0.6153759673114554,6.2336888096280205,0.7856364463532398
2035-07-31,Kabale,17455.652201526806,0.9086567073077686,19.0,0.0,1.0,0.0186623533181755,1.0000305189751728,2.000030518975173,-1.242,29.9856,-1.0,30.00000000000001,0.004415726711335828,0.0012281236037828523,-0.003589503166666667,286.3312735282388,0.000169586117104814,293.59993333333335,294.1649566666667,292.60701,293.5550917501009,293.65207116431975,0.42166247926507605,0.42450083736890204,0.42180379333333334,0.44368998333333337,83104.89333333333,292.71166999999997,-0.5966820168474114,0.5012150404691927,98.82125690208399,10.158378711983227,106.73949692853688,101.88998683351836,4.314941539478066,3.7087760607046274,0.46521788369373623,6.333333333333333,0.6251765570905071
2025-07-31,Kabale,17455.652201526806,0.9086567073077686,19.0,0.0,1.0,0.0186623533181755,1.0000305189751728,2.000030518975173,-1.242,29.9856,-1.0,30.00000000000001,0.004693457872471929,0.0016612680352135806,-0.0035318859355359454,286.99863654234804,0.00017265758444739296,293.59993333333335,294.1649566666667,292.60701,293.28993527286616,293.04939647753173,0.4080599797584372,0.41335246148382715,0.415904988329805,0.4429966133829178,83104.89333333333,292.71166999999997,-0.5404417176641789,0.472258603707046,106.33823418912651,15.96212819905808,107.76897675455245,102.18316145507843,4.777269942772086,3.6078308121493374,1.2419002502808143,6.004342263068163,1.3797723707970306
2041-01-31,Kabale,17455.652201526806,0.9086567073077686,19.0,0.0,1.0,0.0186623533181755,1.0000305189751728,2.000030518975173,-1.242,29.9856,-1.0,30.00000000000001,0.004215361198389501,0.001137912608554631,-0.003589503166666667,286.1951365783314,0.00015934535740399778,293.59993333333335,294.1649566666667,292.60701,293.87134206311845,292.92791661615775,0.4093887733749135,0.41587715992167634,0.42112652286145663,0.44368998333333337,83104.89333333333,292.71166999999997,-0.6449134606917287,0.5330276732437075,92.32123613873205,10.485186887450245,97.62826660068406,95.04377405044913,4.089693589718686,3.3273041957327014,0.45408411804414345,6.210754851016326,0.5665193793625974
2042-01-31,Kabale,17455.652201526806,0.9086567073077686,19.0,0.0,1.0,0.0186623533181755,1.0000305189751728,2.000030518975173,-1.242,29.9856,-1.0,30.00000000000001,0.004088025577061445,0.0010387175345842124,-0.003589503166666667,286.59731432316966,0.00015568482462179544,293.59993333333335,294.1649566666667,292.60701,293.9579048432308,293.7190429979794,0.41559337421083825,0.41760857162413284,0.4191992832986518,0.44368998333333337,83104.89333333333,292.71166999999997,-0.7151023396394175,0.563075054413028,93.75085291191819,10.821882465756062,97.44797069362694,96.25877157604098,4.154109269680352,3.392734448870639,0.22144808089778553,6.313326941392237,0.3595337413905313
2039-01-31,Kabale,17455.652201526806,0.9086567073077686,19.0,0.0,1.0,0.0186623533181755,1.0000305189751728,2.000030518975173,-1.242,29.9856,-1.0,30.00000000000001,0.003972272618755453,0.0009847798237009066,-0.0035112041545725978,286.82383242274227,0.00015230673984156489,293.59993333333335,294.1649566666667,292.60701,293.90474109568214,293.6813716257755,0.40941018279943725,0.40844876239221556,0.40955865091237387,0.44368998333333337,83104.89333333333,292.71166999999997,-0.736595254955145,0.5671114526298994,93.47371961098004,10.098286924912896,96.50107684719687,95.99588131771559,4.13879977674361,3.388206211756394,0.14643167316530156,5.9973542688806,0.3274275516485009
2039-01-31,Kabale,17455.652201526806,0.9086567073077686,19.0,0.0,1.0,0.0186623533181755,1.0000305189751728,2.000030518975173,-1.242,29.9856,-1.0,30.00000000000001,0.003972272618755453,0.0009847798237009066,-0.0035112041545725978,286.82383242274227,0.00015230673984156489,293.59993333333335,294.1649566666667,292.60701,293.90474109568214,293.6813716257755,0.40941018279943725,0.40844876239221556,0.40955865091237387,0.44368998333333337,83104.89333333333,292.71166999999997,-0.736595254955145,0.5671114526298994,93.47371961098004,10.098286924912896,96.50107684719687,95.99588131771559,4.13879977674361,3.388206211756394,0.14643167316530156,5.9973542688806,0.3274275516485009
2042-04-30,Kabale,17455.652201526806,0.9086567073077686,19.0,0.0,1.0,0.0186623533181755,1.0000305189751728,2.000030518975173,-1.242,29.9856,-1.0,30.00000000000001,0.004861520455261406,0.0011384637103021387,-0.003589503166666667,286.2201971486908,0.00017717575074726027,293.59993333333335,294.1649566666667,292.60701,293.4794437321196,293.3384888888889,0.423635236701777,0.42268692751579007,0.4191992832986518,0.44368998333333337,83104.89333333333,292.71166999999997,-0.5975816411487056,0.4044470263332329,108.49683745480367,10.812160082651728,98.23540608617289,96.34484169873542,4.785369078227906,3.9400554365931555,0.5104281710440768,6.313326941392237,0.7118586403235779
2045-04-30,Kabale,17455.652201526806,0.9086567073077686,19.0,0.0,1.0,0.0186623533181755,1.0000305189751728,2.000030518975173,-1.242,29.9856,-1.0,30.00000000000001,0.0052826505700916725,0.001391530923929113,-0.003589503166666667,286.1703226454115,0.0001893464624716867,293.59993333333335,294.1649566666667,292.60701,293.42195541685663,292.9395077777778,0.4240997343333333,0.4263168316666667,0.42180379333333334,0.44368998333333337,83104.89333333333,292.71166999999997,-0.5287346231176344,0.35922507381077207,113.79954250867365,13.363690165965965,100.71784150621123,96.3936707784794,5.005693547351279,3.736663888824905,0.8501099943262765,6.333333333333333,1.0708307787490081
2026-04-30,Kabale,17455.652201526806,0.9086567073077686,19.0,0.0,1.0,0.0186623533181755,1.0000305189751728,2.000030518975173,-1.242,29.9856,-1.0,30.00000000000001,0.004989202072220027,0.001292080858455311,-0.0035196770639342634,286.680558241593,0.00017712997521082758,293.59993333333335,294.1649566666667,292.60701,293.26866566180723,293.3316353627018,0.4157370313488607,0.41493744149811856,0.40961677808690283,0.4378704749421718,83104.89333333333,292.71166999999997,-0.5153180173660291,0.38782233927756216,105.80020738902034,7.746763843226084,94.78361615300345,92.0914831048896,4.741453632108797,3.930959223121897,0.9098598130155505,5.980099864167497,1.0323505029900415
2021-01-31,Kabale,17455.652201526806,0.9086567073077686,19.0,0.0,1.0,0.0186623533181755,1.0000305189751728,2.000030518975173,-1.242,29.9856,-1.0,30.00000000000001,0.004383965976779847,0.0013336230986353613,-0.0034495853149440602,286.98397812412776,0.00015882898541910015,293.59993333333335,294.1649566666667,292.60701,293.74258500075126,292.76612105708205,0.39677602409109985,0.4022472248824495,0.4017822590430245,0.433391513718806,83090.22887577229,292.71166999999997,-0.5769886926226785,0.5207772748043684,89.27411689973563,6.867287861678455,93.3504004022687,89.74225660880593,4.038629886141204,3.3219754442187974,0.7861262064937176,5.589861627317808,0.8859931610873896
2025-10-31,Kabale,17455.652201526806,0.9086567073077686,19.0,0.0,1.0,0.0186623533181755,1.0000305189751728,2.000030518975173,-1.242,29.9856,-1.0,30.00000000000001,0.004436484431369392,0.0013171766163584152,-0.0034620598328035414,286.75434323625024,0.0001562886862617153,293.59993333333335,294.1649566666667,292.60701,293.40494176258244,293.18419395304403,0.39969727677396455,0.4019730713152791,0.4037179730833744,0.43902570745218733,83104.89333333333,292.71166999999997,-0.6434704426284228,0.5899511115666667,103.77178809358696,14.015323454795649,93.13063140057352,97.62462975399427,4.6745917430091035,4.168121898466039,0.8102387378368999,5.651108793902327,0.9551902519981436
2033-07-31,Kabale,17455.652201526806,0.9086567073077686,19.0,0.0,1.0,0.0186623533181755,1.0000305189751728,2.000030518975173,-1.242,29.9856,-1.0,30.00000000000001,0.004623865363735034,0.0015766435711305545,-0.0035872687129332777,286.6868559597587,0.00017328988400630414,293.59993333333335,294.1649566666667,292.60701,293.3415994428429,293.17838354482603,0.41200625526510465,0.4171549348770851,0.4206827511895039,0.44368998333333337,83104.89333333333,292.71166999999997,-0.5809004692475198,0.4812494870911859,108.00861573076082,16.92165555490345,109.54797231313546,104.34474111475267,4.803048892546468,3.607930943221627,1.0476825036614497,6.167176854706239,1.2211262783100805
2020-10-31,Kabale,17455.652201526806,0.9086567073077686,19.0,0.0,1.0,0.0186623533181755,1.0000305189751728,2.000030518975173,-1.242,29.9856,-1.0,30.00000000000001,0.003888720070119857,0.0010444501900437075,-0.0033796263890827566,286.8775656572485,0.00013817508543902726,293.59993333333335,294.1649566666667,292.60701,294.0188766666667,292.54052666666666,0.3831141689699831,0.39021242149034086,0.3917714918978701,0.42889384309188305,83082.89664699177,292.71166999999997,-0.7060446897176024,0.690000686138095,82.96328542965435,6.113870939781377,83.6473644975057,88.82199476967936,3.76846091249337,3.6878594939544227,0.29724514217438597,5.218125774310045,0.41552362855338126
2042-04-30,Kabale,17455.652201526806,0.9086567073077686,19.0,0.0,1.0,0.0186623533181755,1.0000305189751728,2.000030518975173,-1.242,29.9856,-1.0,30.00000000000001,0.004861520455261406,0.0011384637103021387,-0.003589503166666667,286.2201971486908,0.00017717575074726027,293.59993333333335,294.1649566666667,292.60701,293.4794437321196,293.3384888888889,0.423635236701777,0.42268692751579007,0.4191992832986518,0.44368998333333337,83104.89333333333,292.71166999999997,-0.5975816411487056,0.4044470263332329,108.49683745480367,10.812160082651728,98.23540608617289,96.34484169873542,4.785369078227906,3.9400554365931555,0.5104281710440768,6.313326941392237,0.7118586403235779
2027-10-31,Kabale,17455.652201526806,0.9086567073077686,19.0,0.0,1.0,0.0186623533181755,1.0000305189751728,2.000030518975173,-1.242,29.9856,-1.0,30.00000000000001,0.00394487835608737,0.001056056243700963,-0.003339176620887188,286.48449243661463,0.00014523443620389112,293.59993333333335,294.1649566666667,292.60701,293.44754117103554,293.3384888888889,0.39380374830074305,0.3909475046348927,0.39356393151268626,0.4382301372384992,83104.89333333333,292.71166999999997,-0.697947442031822,0.6303968686451493,100.65721871199837,11.711802537399336,93.94406631790979,101.33201008819152,4.495228026476711,4.780108657283594,0.5144824880960913,5.399685611462641,0.588633146594611
2029-10-31,Kabale,17455.652201526806,0.9086567073077686,19.0,0.0,1.0,0.0186623533181755,1.0000305189751728,2.000030518975173,-1.242,29.9856,-1.0,30.00000000000001,0.004400455647696357,0.0012729610603428579,-0.0035168346431746025,286.60344172867684,0.00015645307725780744,293.59993333333335,294.1649566666667,292.60701,293.4314384588946,293.2238045880045,0.40360971724198924,0.40619992550744444,0.4085646589016447,0.4420051469898885,83104.89333333333,292.71166999999997,-0.663739035458252,0.5934588683360713,104.42501791636157,14.529815973338438,94.13208985538768,98.84475785297275,4.686569712962474,4.176444164203687,0.7112456148104759,5.819635617622104,0.875363044770432
2020-10-31,Kabale,17455.652201526806,0.9086567073077686,19.0,0.0,1.0,0.0186623533181755,1.0000305189751728,2.000030518975173,-1.242,29.9856,-1.0,30.00000000000001,0.003888720070119857,0.0010444501900437075,-0.0033796263890827566,286.8775656572485,0.00013817508543902726,293.59993333333335,294.1649566666667,292.60701,294.0188766666667,292.54052666666666,0.3831141689699831,0.39021242149034086,0.3917714918978701,0.42889384309188305,83082.89664699177,292.71166999999997,-0.7060446897176024,0.690000686138095,82.96328542965435,6.113870939781377,83.6473644975057,88.82199476967936,3.76846091249337,3.6878594939544227,0.29724514217438597,5.218125774310045,0.41552362855338126
2036-04-30,Kabale,17455.652201526806,0.9086567073077686,19.0,0.0,1.0,0.0186623533181755,1.0000305189751728,2.000030518975173,-1.242,29.9856,-1.0,30.00000000000001,0.004641051365639527,0.001150939034409997,-0.003398363287681233,287.4469506613256,0.00016796462304934795,293.59993333333335,294.1649566666667,292.60701,294.0188766666667,292.9395077777778,0.40410515944426867,0.4001561123590363,0.3999515661159438,0.44368998333333337,83104.89333333333,292.71166999999997,-0.6471923785096503,0.4304538620265748,110.61360165863839,9.378314540439225,97.3108766216288,98.14758814215922,4.956879009537659,3.7251219718576416,0.7150450854589104,5.668385746453172,0.8486183991214694
2035-04-30,Kabale,17455.652201526806,0.9086567073077686,19.0,0.0,1.0,0.0186623533181755,1.0000305189751728,2.000030518975173,-1.242,29.9856,-1.0,30.00000000000001,0.004452276780356312,0.000917776348632103,-0.003483898817435128,286.4712774793411,0.00016498508925763935,293.59993333333335,294.1649566666667,292.60701,293.5096079091313,293.65207116431975,0.41198260401517994,0.4096674237916911,0.40707385739352936,0.44368998333333337,83104.89333333333,292.71166999999997,-0.6491129578929499,0.45182189533750394,103.59230150819504,5.155197944869818,95.61173268910522,96.4733779554494,4.5945559690541495,4.169163277020998,0.2580782724049265,5.913936809028715,0.4302393206507005
2025-07-31,Kabale,17455.652201526806,0.9086567073077686,19.0,0.0,1.0,0.0186623533181755,1.0000305189751728,2.000030518975173,-1.242,29.9856,-1.0,30.00000000000001,0.004693457872471929,0.0016612680352135806,-0.0035318859355359454,286.99863654234804,0.00017265758444739296,293.59993333333335,294.1649566666667,292.60701,293.28993527286616,293.04939647753173,0.4080599797584372,0.41335246148382715,0.415904988329805,0.4429966133829178,83104.89333333333,292.71166999999997,-0.5404417176641789,0.472258603707046,106.33823418912651,15.96212819905808,107.76897675455245,102.18316145507843,4.777269942772086,3.6078308121493374,1.2419002502808143,6.004342263068163,1.3797723707970306
2028-07-31,Kabale,17455.652201526806,0.9086567073077686,19.0,0.0,1.0,0.0186623533181755,1.0000305189751728,2.000030518975173,-1.242,29.9856,-1.0,30.00000000000001,0.004442094891376129,0.0013862325919533284,-0.0035142975450706223,287.18444251387564,0.00016589185809846806,293.59993333333335,294.1649566666667,292.60701,293.9914655783584,292.9365383615189,0.4035331686424987,0.41028356055221876,0.41381761043395865,0.44368998333333337,83104.89333333333,292.71166999999997,-0.6198637166962903,0.4997139858018673,100.56525590482069,10.079107411618287,104.93889740755337,101.11072875229767,4.500664934060601,3.1396579252214316,0.7873184231838595,5.952293089455711,0.9635947608194
2039-04-30,Kabale,17455.652201526806,0.9086567073077686,19.0,0.0,1.0,0.0186623533181755,1.0000305189751728,2.000030518975173,-1.242,29.9856,-1.0,30.00000000000001,0.004417835726308917,0.0008798443137252891,-0.003511204154572598,286.42283068080116,0.00016546660695230218,293.59993333333335,294.1649566666667,292.60701,293.56268459277425,293.6813716257755,0.4139900375757355,0.4114255470875867,0.40955865091237387,0.44368998333333337,83104.89333333333,292.71166999999997,-0.6705917353828478,0.45454822810135526,104.44543740171385,5.936103240762329,96.42521766681362,97.42003146890369,4.599686005313322,4.164260463382369,0.1807196102288229,5.997354268880599,0.34167598159028567
2034-10-31,Kabale,17455.652201526806,0.9086567073077686,19.0,0.0,1.0,0.0186623533181755,1.0000305189751728,2.000030518975173,-1.242,29.9856,-1.0,30.00000000000001,0.004123470135532392,0.0010990585904030747,-0.003483898817435128,286.2484059999857,0.00015107743189091965,293.59993333333335,294.1649566666667,292.60701,293.39793134465367,293.3384888888889,0.4053349906911312,0.40458834743434774,0.40707385739352936,0.44368998333333337,83104.89333333333,292.71166999999997,-0.7100577864327035,0.6124014119095559,103.85555827006459,14.882650051006394,95.34617089162754,101.53604473534638,4.61677944644416,4.481242791594906,0.4727916879527984,5.862242486818697,0.6236512355324482
2025-10-31,Kabale,17455.652201526806,0.9086567073077686,19.0,0.0,1.0,0.0186623533181755,1.0000305189751728,2.000030518975173,-1.242,29.9856,-1.0,30.00000000000001,0.004436484431369392,0.0013171766163584152,-0.0034620598328035414,286.75434323625024,0.0001562886862617153,293.59993333333335,294.1649566666667,292.60701,293.40494176258244,293.18419395304403,0.39969727677396455,0.4019730713152791,0.4037179730833744,0.43902570745218733,83104.89333333333,292.71166999999997,-0.6434704426284228,0.5899511115666667,103.77178809358696,14.015323454795649,93.13063140057352,97.62462975399427,4.6745917430091035,4.168121898466039,0.8102387378368999,5.651108793902327,0.9551902519981436
2042-07-31,Kabale,17455.652201526806,0.9086567073077686,19.0,0.0,1.0,0.0186623533181755,1.0000305189751728,2.000030518975173,-1.242,29.9856,-1.0,30.00000000000001,0.00447481880722506,0.0013243456114784091,-0.003589503166666667,286.48646120877703,0.0001717994362647414,293.59993333333335,294.1649566666667,292.60701,293.50908499401623,293.3384888888889,0.4214408699557566,0.4254903621153307,0.42180379333333334,0.44368998333333337,83104.89333333333,292.71166999999997,-0.6297738433696497,0.49751900940277216,104.94804501205856,15.769039678361738,109.95239865639445,105.04269519307336,4.6132670467191845,3.686638034972806,0.5483062635864014,6.333333333333333,0.7616739983474372
2032-07-31,Kabale,17455.652201526806,0.9086567073077686,19.0,0.0,1.0,0.0186623533181755,1.0000305189751728,2.000030518975173,-1.242,29.9856,-1.0,30.00000000000001,0.004401225600952083,0.0013572485865306714,-0.003539525489181587,287.0387579101517,0.00016606297093681643,293.59993333333335,294.1649566666667,292.60701,294.0126902779631,292.9395077777778,0.4054493660825647,0.4121206249761264,0.41605467732652834,0.44368998333333337,83104.89333333333,292.71166999999997,-0.6317856190551557,0.5039965223187788,100.95595995005458,10.727043011769196,105.9746126815304,102.10546466873694,4.511251467305855,3.142955239684673,0.7544001929971184,6.045595790752756,0.8995547984808246
2043-01-31,Kabale,17455.652201526806,0.9086567073077686,19.0,0.0,1.0,0.0186623533181755,1.0000305189751728,2.000030518975173,-1.242,29.9856,-1.0,30.00000000000001,0.003929846587233992,0.0009454565781863004,-0.0035381799970820114,286.7213139058174,0.00015219219170910312,293.59993333333335,294.1649566666667,292.60701,293.9287012897884,293.71545358621256,0.4132278315119898,0.4126719559182653,0.4118218873391632,0.44368998333333337,83104.89333333333,292.71166999999997,-0.7554397482703928,0.5723496701885602,94.16507309235192,10.6511648050599,97.55602054933367,97.0752357573728,4.158915477129956,3.3987762964489625,0.0806161373492409,6.081388134359545,0.2417721530619715
2035-01-31,Kabale,17455.652201526806,0.9086567073077686,19.0,0.0,1.0,0.0186623533181755,1.0000305189751728,2.000030518975173,-1.242,29.9856,-1.0,30.00000000000001,0.003999616613879261,0.001017782041427458,-0.003483898817435128,286.92689066331167,0.00015185964982658836,293.59993333333335,294.1649566666667,292.60701,293.8763924557648,293.65207116431975,0.4053349906911312,0.40458834743434774,0.40707385739352936,0.44368998333333337,83104.89333333333,292.71166999999997,-0.7142282361414964,0.5645603470697397,92.85904373698266,9.233706382078362,95.73080894119205,94.9420010472535,4.13236658562478,3.408998515325976,0.2189194280940042,5.862242486818697,0.40710180160062565
2030-10-31,Kabale,17455.652201526806,0.9086567073077686,19.0,0.0,1.0,0.0186623533181755,1.0000305189751728,2.000030518975173,-1.242,29.9856,-1.0,30.00000000000001,0.00415872881756773,0.0011518155985327887,-0.0034562779486340643,286.41018281670017,0.00015092888254617038,293.59993333333335,294.1649566666667,292.60701,293.37288033059684,293.32735195904803,0.40136334642600985,0.4008451992857213,0.40451195720711386,0.4415637729159894,83104.89333333333,292.71166999999997,-0.6921638776852678,0.6089598862918061,103.0475910424169,14.169159937948953,94.43652876562307,100.50781261238274,4.599442868812355,4.458968048928017,0.5822852622410448,5.7019560841353,0.7004459621585951
2043-04-30,Kabale,17455.652201526806,0.9086567073077686,19.0,0.0,1.0,0.0186623533181755,1.0000305189751728,2.000030518975173,-1.242,29.9856,-1.0,30.00000000000001,0.004373215626775678,0.0008414220665202181,-0.003538179997082012,286.3715676752938,0.00016553741758795247,293.59993333333335,294.1649566666667,292.60701,293.6135095296849,293.71545358621256,0.41588669588956656,0.4134984254696013,0.4118218873391632,0.44368998333333337,83104.89333333333,292.71166999999997,-0.6905210345040743,0.46133134747887666,105.01581525358533,6.52761351510695,97.16439913527961,98.36942192518582,4.620064284483504,4.167281650980664,0.11688491283259243,6.081388134359545,0.2543056058141168
2035-04-30,Kabale,17455.652201526806,0.9086567073077686,19.0,0.0,1.0,0.0186623533181755,1.0000305189751728,2.000030518975173,-1.242,29.9856,-1.0,30.00000000000001,0.004452276780356312,0.000917776348632103,-0.003483898817435128,286.4712774793411,0.00016498508925763935,293.59993333333335,294.1649566666667,292.60701,293.5096079091313,293.65207116431975,0.41198260401517994,0.4096674237916911,0.40707385739352936,0.44368998333333337,83104.89333333333,292.71166999999997,-0.6491129578929499,0.45182189533750394,103.59230150819504,5.155197944869818,95.61173268910522,96.4733779554494,4.5945559690541495,4.169163277020998,0.2580782724049265,5.913936809028715,0.4302393206507005
2040-04-30,Kabale,17455.652201526806,0.9086567073077686,19.0,0.0,1.0,0.0186623533181755,1.0000305189751728,2.000030518975173,-1.242,29.9856,-1.0,30.00000000000001,0.0046206840955416535,0.001111286493177981,-0.003427481716013376,287.2848588480538,0.0001683624787839694,293.59993333333335,294.1649566666667,292.60701,294.0188766666667,292.93950777777775,0.4062999443287642,0.4021902545036402,0.4022281801573564,0.44368998333333337,83104.89333333333,292.71166999999997,-0.6636213976181854,0.4318524258064202,111.01679427710229,9.89161649501063,98.2217990989151,99.4355562666155,4.961691624369727,3.742451157798282,0.6890402303430093,5.762080228770317,0.7976224882946013
2024-01-31,Kabale,17455.652201526806,0.9086567073077686,19.0,0.0,1.0,0.0186623533181755,1.0000305189751728,2.000030518975173,-1.242,29.9856,-1.0,30.00000000000001,0.003940118372841502,0.001052043031362997,-0.0032940843301232617,287.2544260098088,0.00014737714726319263,293.59993333333335,294.1649566666667,292.60701,293.84641910217925,292.9150942028842,0.38976108568337536,0.3869561105664789,0.38901055847445914,0.43684453446985105,83104.89333333333,292.71166999999997,-0.6859682681099007,0.5624471070034879,90.03267689431648,7.005417952360382,92.70837134209715,92.32729435589341,4.022843208413358,3.36794905073614,0.39262594344624024,5.230776120664673,0.5324289529948115
2035-10-31,Kabale,17455.652201526806,0.9086567073077686,19.0,0.0,1.0,0.0186623533181755,1.0000305189751728,2.000030518975173,-1.242,29.9856,-1.0,30.00000000000001,0.00387727128422439,0.0009788415515842924,-0.003398363287681233,286.2835258617344,0.0001447245267013588,293.59993333333335,294.1649566666667,292.60701,293.5550917501009,293.3384888888889,0.40166790437601146,0.39834011806127173,0.3999515661159438,0.44368998333333337,83104.89333333333,292.71166999999997,-0.7242825835355139,0.6358776584580469,102.15312473671513,13.30970841757023,95.60524199270587,103.53721919935894,4.517762778145803,4.7758732758551,0.358868059398461,5.668385746453172,0.43839694933046375
2035-10-31,Kabale,17455.652201526806,0.9086567073077686,19.0,0.0,1.0,0.0186623533181755,1.0000305189751728,2.000030518975173,-1.242,29.9856,-1.0,30.00000000000001,0.00387727128422439,0.0009788415515842924,-0.003398363287681233,286.2835258617344,0.0001447245267013588,293.59993333333335,294.1649566666667,292.60701,293.5550917501009,293.3384888888889,0.40166790437601146,0.39834011806127173,0.3999515661159438,0.44368998333333337,83104.89333333333,292.71166999999997,-0.7242825835355139,0.6358776584580469,102.15312473671513,13.30970841757023,95.60524199270587,103.53721919935894,4.517762778145803,4.7758732758551,0.358868059398461,5.668385746453172,0.43839694933046375
2032-01-31,Kabale,17455.652201526806,0.9086567073077686,19.0,0.0,1.0,0.0186623533181755,1.0000305189751728,2.000030518975173,-1.242,29.9856,-1.0,30.00000000000001,0.0038714871600499883,0.0009749760738834542,-0.003371109438664212,287.059229473195,0.00014740208149363807,293.59993333333335,294.1649566666667,292.60701,293.89809608074904,292.9395077777778,0.3976556748919286,0.39467872647269037,0.39762581329808794,0.4415523145467965,83104.89333333333,292.71166999999997,-0.7144457386500717,0.5710457278241106,91.61248174084436,8.34252656199125,94.46987532055812,94.5718512100363,4.044060987851597,3.341534189717885,0.24842329531094945,5.5609707423932235,0.3705541776616288
2035-10-31,Kabale,17455.652201526806,0.9086567073077686,19.0,0.0,1.0,0.0186623533181755,1.0000305189751728,2.000030518975173,-1.242,29.9856,-1.0,30.00000000000001,0.00387727128422439,0.0009788415515842924,-0.003398363287681233,286.2835258617344,0.0001447245267013588,293.59993333333335,294.1649566666667,292.60701,293.5550917501009,293.3384888888889,0.40166790437601146,0.39834011806127173,0.3999515661159438,0.44368998333333337,83104.89333333333,292.71166999999997,-0.7242825835355139,0.6358776584580469,102.15312473671513,13.30970841757023,95.60524199270587,103.53721919935894,4.517762778145803,4.7758732758551,0.358868059398461,5.668385746453172,0.43839694933046375
2033-01-31,Kabale,17455.652201526806,0.9086567073077686,19.0,0.0,1.0,0.0186623533181755,1.0000305189751728,2.000030518975173,-1.242,29.9856,-1.0,30.00000000000001,0.0042826834215133934,0.0012171707849340577,-0.003539525489181587,286.51029183876614,0.00015900975715377283,293.59993333333335,294.1649566666667,292.60701,293.8200605539541,292.8622241315024,0.4054493660825648,0.4121206249761264,0.4160546773265283,0.44368998333333337,83104.89333333333,292.71166999999997,-0.6184236365539652,0.528351383942044,91.2050910485187,9.173087979473529,95.9055098188225,92.9592627037145,4.0704996094948,3.325231213808862,0.5905533212162329,6.045595790752756,0.6752938052263827
2034-01-31,Kabale,17455.652201526806,0.9086567073077686,19.0,0.0,1.0,0.0186623533181755,1.0000305189751728,2.000030518975173,-1.242,29.9856,-1.0,30.00000000000001,0.004152687939014066,0.0011122721449989535,-0.0035715298504303463,286.86108354910664,0.0001556356463209229,293.59993333333335,294.1649566666667,292.60701,293.8548296129148,293.6546483022126,0.4075208198650393,0.4096112122089608,0.41333772963961507,0.44368998333333337,83104.89333333333,292.71166999999997,-0.683677160474646,0.5556748798453847,92.69956629848718,9.186731114580729,95.67120411739099,94.0149878412246,4.136005751618481,3.3794094552359866,0.34367320536257306,5.985535390974107,0.530259124224717
2036-04-30,Kabale,17455.652201526806,0.9086567073077686,19.0,0.0,1.0,0.0186623533181755,1.0000305189751728,2.000030518975173,-1.242,29.9856,-1.0,30.00000000000001,0.004641051365639527,0.001150939034409997,-0.003398363287681233,287.4469506613256,0.00016796462304934795,293.59993333333335,294.1649566666667,292.60701,294.0188766666667,292.9395077777778,0.40410515944426867,0.4001561123590363,0.3999515661159438,0.44368998333333337,83104.89333333333,292.71166999999997,-0.6471923785096503,0.4304538620265748,110.61360165863839,9.378314540439225,97.3108766216288,98.14758814215922,4.956879009537659,3.7251219718576416,0.7150450854589104,5.668385746453172,0.8486183991214694
2021-01-31,Kabale,17455.652201526806,0.9086567073077686,19.0,0.0,1.0,0.0186623533181755,1.0000305189751728,2.000030518975173,-1.242,29.9856,-1.0,30.00000000000001,0.004383965976779847,0.0013336230986353613,-0.0034495853149440602,286.98397812412776,0.00015882898541910015,293.59993333333335,294.1649566666667,292.60701,293.74258500075126,292.76612105708205,0.39677602409109985,0.4022472248824495,0.4017822590430245,0.433391513718806,83090.22887577229,292.71166999999997,-0.5769886926226785,0.5207772748043684,89.27411689973563,6.867287861678455,93.3504004022687,89.74225660880593,4.038629886141204,3.3219754442187974,0.7861262064937176,5.589861627317808,0.8859931610873896
2045-07-31,Kabale,17455.652201526806,0.9086567073077686,19.0,0.0,1.0,0.0186623533181755,1.0000305189751728,2.000030518975173,-1.242,29.9856,-1.0,30.00000000000001,0.0045337921879393455,0.0014694288979580237,-0.003589503166666667,286.20818245597735,0.00017337965914279173,293.59993333333335,294.1649566666667,292.60701,293.42195541685663,293.3384888888889,0.4181088002612725,0.42326527982984286,0.42180379333333334,0.44368998333333337,83104.89333333333,292.71166999999997,-0.6271322647991017,0.49258492596384507,109.69444577413337,18.41873505116368,112.23951464413994,107.61130202646227,4.8382668986476745,3.6385301594483255,0.8501099943262765,6.333333333333333,1.0041106854664033
2033-01-31,Kabale,17455.652201526806,0.9086567073077686,19.0,0.0,1.0,0.0186623533181755,1.0000305189751728,2.000030518975173,-1.242,29.9856,-1.0,30.00000000000001,0.0042826834215133934,0.0012171707849340577,-0.003539525489181587,286.51029183876614,0.00015900975715377283,293.59993333333335,294.1649566666667,292.60701,293.8200605539541,292.8622241315024,0.4054493660825648,0.4121206249761264,0.4160546773265283,0.44368998333333337,83104.89333333333,292.71166999999997,-0.6184236365539652,0.528351383942044,91.2050910485187,9.173087979473529,95.9055098188225,92.9592627037145,4.0704996094948,3.325231213808862,0.5905533212162329,6.045595790752756,0.6752938052263827
2022-01-31,Kabale,17455.652201526806,0.9086567073077686,19.0,0.0,1.0,0.0186623533181755,1.0000305189751728,2.000030518975173,-1.242,29.9856,-1.0,30.00000000000001,0.00425543428507495,0.0012361915389054964,-0.0034076696016720844,287.1808869139348,0.00015567807189826647,293.59993333333335,294.1649566666667,292.60701,293.6928091246744,293.5189997914994,0.39552727895820317,0.39778160705045656,0.3989140431912232,0.4335313754738399,83104.89333333333,292.71166999999997,-0.6230537244408014,0.5421137827061826,90.59871294425257,6.978003570181131,93.23838117641431,90.79288244157102,4.102508061899463,3.3647157830260745,0.6408503062623694,5.489337359612416,0.7781418439966078
2025-07-31,Kabale,17455.652201526806,0.9086567073077686,19.0,0.0,1.0,0.0186623533181755,1.0000305189751728,2.000030518975173,-1.242,29.9856,-1.0,30.00000000000001,0.004693457872471929,0.0016612680352135806,-0.0035318859355359454,286.99863654234804,0.00017265758444739296,293.59993333333335,294.1649566666667,292.60701,293.28993527286616,293.04939647753173,0.4080599797584372,0.41335246148382715,0.415904988329805,0.4429966133829178,83104.89333333333,292.71166999999997,-0.5404417176641789,0.472258603707046,106.33823418912651,15.96212819905808,107.76897675455245,102.18316145507843,4.777269942772086,3.6078308121493374,1.2419002502808143,6.004342263068163,1.3797723707970306
2038-07-31,Kabale,17455.652201526806,0.9086567073077686,19.0,0.0,1.0,0.0186623533181755,1.0000305189751728,2.000030518975173,-1.242,29.9856,-1.0,30.00000000000001,0.004513390841840812,0.0013627785055714849,-0.003589503166666667,286.62242775147206,0.00017171443741572832,293.59993333333335,294.1649566666667,292.60701,293.48440834704707,293.3384888888889,0.4195198795570352,0.42334004697129557,0.42180379333333334,0.44368998333333337,83104.89333333333,292.71166999999997,-0.6107208598810754,0.49297181142538155,104.42037357021275,15.023379477363102,108.92297994374314,103.8953359146369,4.604824609459279,3.669417413404231,0.6602690521944566,6.333333333333333,0.8424662218538361
2030-01-31,Kabale,17455.652201526806,0.9086567073077686,19.0,0.0,1.0,0.0186623533181755,1.0000305189751728,2.000030518975173,-1.242,29.9856,-1.0,30.00000000000001,0.004194662376417429,0.0011622234143782802,-0.0035168346431746025,286.97266908482146,0.00015551618516429074,293.59993333333335,294.1649566666667,292.60701,293.7974154619529,293.6227856991156,0.40360971724198924,0.40619992550744444,0.4085646589016447,0.44200514698988846,83104.89333333333,292.71166999999997,-0.6636096601215332,0.552748896556945,91.79003630775271,8.48173054864912,95.04192470432531,93.02552256003902,4.12890976554806,3.3691048995454445,0.4410561003987666,5.819635617622104,0.6005338335442375
2024-10-31,Kabale,17455.652201526806,0.9086567073077686,19.0,0.0,1.0,0.0186623533181755,1.0000305189751728,2.000030518975173,-1.242,29.9856,-1.0,30.00000000000001,0.004666204651569974,0.001431200179560425,-0.0034687981049292605,287.0538632541393,0.00016122834887258126,293.59993333333335,294.1649566666667,292.60701,293.96374264275636,292.9043378641663,0.4008638108228157,0.40589262602752746,0.40668118504459305,0.43681920486457,83104.89333333333,292.71166999999997,-0.5987324500536465,0.5621712219325776,102.24973096287856,12.312319156629433,93.08330925935746,95.94659983078868,4.630585855083242,3.897501544824801,0.9858156176576546,5.767305597781134,1.1198238793282664
2021-04-30,Kabale,17455.652201526806,0.9086567073077686,19.0,0.0,1.0,0.0186623533181755,1.0000305189751728,2.000030518975173,-1.242,29.9856,-1.0,30.00000000000001,0.005483926608782587,0.001619092135557551,-0.003565234359136449,287.1164131343926,0.00018870598793695054,293.59993333333335,294.1649566666667,292.60701,293.26412388964013,292.76612105708205,0.42084147637251673,0.42195336882343937,0.4132769678650869,0.4347408655771762,83089.37490489906,292.71166999999997,-0.4041603727274958,0.3348871250179166,109.87801978021457,10.45968730318317,95.57837742308413,89.9374274519106,4.928574709879903,3.722115229988168,1.4450249275970657,6.091593079447911,1.55569319058825
2042-07-31,Kabale,17455.652201526806,0.9086567073077686,19.0,0.0,1.0,0.0186623533181755,1.0000305189751728,2.000030518975173,-1.242,29.9856,-1.0,30.00000000000001,0.00447481880722506,0.0013243456114784091,-0.003589503166666667,286.48646120877703,0.0001717994362647414,293.59993333333335,294.1649566666667,292.60701,293.50908499401623,293.3384888888889,0.4214408699557566,0.4254903621153307,0.42180379333333334,0.44368998333333337,83104.89333333333,292.71166999999997,-0.6297738433696497,0.49751900940277216,104.94804501205856,15.769039678361738,109.95239865639445,105.04269519307336,4.6132670467191845,3.686638034972806,0.5483062635864014,6.333333333333333,0.7616739983474372
2035-04-30,Kabale,17455.652201526806,0.9086567073077686,19.0,0.0,1.0,0.0186623533181755,1.0000305189751728,2.000030518975173,-1.242,29.9856,-1.0,30.00000000000001,0.004452276780356312,0.000917776348632103,-0.003483898817435128,286.4712774793411,0.00016498508925763935,293.59993333333335,294.1649566666667,292.60701,293.5096079091313,293.65207116431975,0.41198260401517994,0.4096674237916911,0.40707385739352936,0.44368998333333337,83104.89333333333,292.71166999999997,-0.6491129578929499,0.45182189533750394,103.59230150819504,5.155197944869818,95.61173268910522,96.4733779554494,4.5945559690541495,4.169163277020998,0.2580782724049265,5.913936809028715,0.4302393206507005
2023-10-31,Kabale,17455.652201526806,0.9086567073077686,19.0,0.0,1.0,0.0186623533181755,1.0000305189751728,2.000030518975173,-1.242,29.9856,-1.0,30.00000000000001,0.003985056393806842,0.001091805582353986,-0.0032940843301232617,286.5958688248208,0.00014465870931348572,293.59993333333335,294.1649566666667,292.60701,293.39719510031824,293.3140753139953,0.3891664140563638,0.38562428436880986,0.3871534384320238,0.4335907090022317,83104.89333333333,292.71166999999997,-0.681383264100611,0.6245091685665586,100.05992195833426,11.057587553735372,93.09572437518314,100.39479674691476,4.481058418228973,4.788284177457702,0.6116366305692501,5.14207167403365,0.6707606642183298
2022-07-31,Kabale,17455.652201526806,0.9086567073077686,19.0,0.0,1.0,0.0186623533181755,1.0000305189751728,2.000030518975173,-1.242,29.9856,-1.0,30.00000000000001,0.004643010619144396,0.0015254254955208654,-0.003539577198543347,287.0451961093201,0.0001715444031707757,293.59993333333335,294.1649566666667,292.60701,293.37628261470803,293.3384888888889,0.4112905700315424,0.415122131892083,0.4153515563730918,0.43718736562835603,83097.37091245335,292.71166999999997,-0.5254526115594357,0.4772751622469918,101.96747435991294,12.053459743103929,105.55709426960654,99.58368363077646,4.5553981112986515,3.640813771320149,1.044682365788077,5.976100063494222,1.1731108454109884
2042-10-31,Kabale,17455.652201526806,0.9086567073077686,19.0,0.0,1.0,0.0186623533181755,1.0000305189751728,2.000030518975173,-1.242,29.9856,-1.0,30.00000000000001,0.00404892134733545,0.0010295748334663403,-0.003538179997082012,285.9526227947063,0.00015123016020494737,293.59993333333335,294.1649566666667,292.60701,293.45024017867723,293.3384888888889,0.4132278315119898,0.4126719559182653,0.4118218873391632,0.44368998333333337,83104.89333333333,292.71166999999997,-0.752304743762649,0.6208023635742853,104.91751248870348,16.302871368507372,97.21367249967544,103.65756596242001,4.6461716666573905,4.484644083052992,0.326858182688616,6.081388134359545,0.46012258189487887
2033-07-31,Kabale,17455.652201526806,0.9086567073077686,19.0,0.0,1.0,0.0186623533181755,1.0000305189751728,2.000030518975173,-1.242,29.9856,-1.0,30.00000000000001,0.004623865363735034,0.0015766435711305545,-0.0035872687129332777,286.6868559597587,0.00017328988400630414,293.59993333333335,294.1649566666667,292.60701,293.3415994428429,293.17838354482603,0.41200625526510465,0.4171549348770851,0.4206827511895039,0.44368998333333337,83104.89333333333,292.71166999999997,-0.5809004692475198,0.4812494870911859,108.00861573076082,16.92165555490345,109.54797231313546,104.34474111475267,4.803048892546468,3.607930943221627,1.0476825036614497,6.167176854706239,1.2211262783100805
2020-10-31,Kabale,17455.652201526806,0.9086567073077686,19.0,0.0,1.0,0.0186623533181755,1.0000305189751728,2.000030518975173,-1.242,29.9856,-1.0,30.00000000000001,0.003888720070119857,0.0010444501900437075,-0.0033796263890827566,286.8775656572485,0.00013817508543902726,293.59993333333335,294.1649566666667,292.60701,294.0188766666667,292.54052666666666,0.3831141689699831,0.39021242149034086,0.3917714918978701,0.42889384309188305,83082.89664699177,292.71166999999997,-0.7060446897176024,0.690000686138095,82.96328542965435,6.113870939781377,83.6473644975057,88.82199476967936,3.76846091249337,3.6878594939544227,0.29724514217438597,5.218125774310045,0.41552362855338126
2041-04-30,Kabale,17455.652201526806,0.9086567073077686,19.0,0.0,1.0,0.0186623533181755,1.0000305189751728,2.000030518975173,-1.242,29.9856,-1.0,30.00000000000001,0.005310460659100894,0.0014310324929860967,-0.003589503166666667,286.33257659990926,0.00018925274039156378,293.59993333333335,294.1649566666667,292.60701,293.3928809520073,292.92791661615775,0.4240997343333333,0.4263168316666667,0.42180379333333334,0.44368998333333337,83104.89333333333,292.71166999999997,-0.5059311112417789,0.35340965604924196,112.93757443198751,12.93195737573542,99.83682474514318,95.32426713290408,4.982000543722052,3.733189458157268,0.9555030251935749,6.333333333333333,1.1455328381235061
2043-04-30,Kabale,17455.652201526806,0.9086567073077686,19.0,0.0,1.0,0.0186623533181755,1.0000305189751728,2.000030518975173,-1.242,29.9856,-1.0,30.00000000000001,0.004373215626775678,0.0008414220665202181,-0.003538179997082012,286.3715676752938,0.00016553741758795247,293.59993333333335,294.1649566666667,292.60701,293.6135095296849,293.71545358621256,0.41588669588956656,0.4134984254696013,0.4118218873391632,0.44368998333333337,83104.89333333333,292.71166999999997,-0.6905210345040743,0.46133134747887666,105.01581525358533,6.52761351510695,97.16439913527961,98.36942192518582,4.620064284483504,4.167281650980664,0.11688491283259243,6.081388134359545,0.2543056058141168
2035-04-30,Kabale,17455.652201526806,0.9086567073077686,19.0,0.0,1.0,0.0186623533181755,1.0000305189751728,2.000030518975173,-1.242,29.9856,-1.0,30.00000000000001,0.004452276780356312,0.000917776348632103,-0.003483898817435128,286.4712774793411,0.00016498508925763935,293.59993333333335,294.1649566666667,292.60701,293.5096079091313,293.65207116431975,0.41198260401517994,0.4096674237916911,0.40707385739352936,0.44368998333333337,83104.89333333333,292.71166999999997,-0.6491129578929499,0.45182189533750394,103.59230150819504,5.155197944869818,95.61173268910522,96.4733779554494,4.5945559690541495,4.169163277020998,0.2580782724049265,5.913936809028715,0.4302393206507005
2038-01-31,Kabale,17455.652201526806,0.9086567073077686,19.0,0.0,1.0,0.0186623533181755,1.0000305189751728,2.000030518975173,-1.242,29.9856,-1.0,30.00000000000001,0.0041214167544030055,0.0010720644469949722,-0.003589503166666667,286.75615393545826,0.0001557516998019832,293.59993333333335,294.1649566666667,292.60701,293.90796484895196,293.68867763395184,0.41176510717570675,0.4134369335862627,0.41689954726592077,0.44368998333333337,83104.89333333333,292.71166999999997,-0.7018366967688398,0.5613044476494767,93.20468547422918,9.957388278722355,96.54556273540048,95.06162310795976,4.153221230406113,3.3766942953120656,0.29047478958492606,6.153806826658706,0.4347388132131888
2031-04-30,Kabale,17455.652201526806,0.9086567073077686,19.0,0.0,1.0,0.0186623533181755,1.0000305189751728,2.000030518975173,-1.242,29.9856,-1.0,30.00000000000001,0.004485138259008342,0.0009563429295307678,-0.0034562779486340643,286.52864356625497,0.00016517653007333698,293.59993333333335,294.1649566666667,292.60701,293.4552446444643,293.6084872256349,0.4100583741630033,0.4076541731392355,0.40504377648447965,0.4415637729159894,83104.89333333333,292.71166999999997,-0.6302731522601691,0.448477686421967,102.9814320231984,4.327401543930108,94.75702199381614,95.33253232110661,4.585718928209883,4.158738807304007,0.35276206189562886,5.829901796839557,0.5007218753806272
2022-04-30,Kabale,17455.652201526806,0.9086567073077686,19.0,0.0,1.0,0.0186623533181755,1.0000305189751728,2.000030518975173,-1.242,29.9856,-1.0,30.00000000000001,0.005027645286771759,0.0013322956704647203,-0.003491627083396479,286.7863666335274,0.00017722626194517554,293.59993333333335,294.1649566666667,292.60701,293.21434801356327,293.29797263348087,0.4133750465313238,0.4123675091500465,0.4061584439545,0.4307834809223361,83097.37091245335,292.71166999999997,-0.49429390484151153,0.3834490712749592,105.31464975145013,6.965392381967014,93.9392972402524,90.88157538236197,4.732202834482951,3.914235201517575,0.9949109817819375,5.834912835975558,1.1279203102562294
2032-01-31,Kabale,17455.652201526806,0.9086567073077686,19.0,0.0,1.0,0.0186623533181755,1.0000305189751728,2.000030518975173,-1.242,29.9856,-1.0,30.00000000000001,0.0038714871600499883,0.0009749760738834542,-0.003371109438664212,287.059229473195,0.00014740208149363807,293.59993333333335,294.1649566666667,292.60701,293.89809608074904,292.9395077777778,0.3976556748919286,0.39467872647269037,0.39762581329808794,0.4415523145467965,83104.89333333333,292.71166999999997,-0.7144457386500717,0.5710457278241106,91.61248174084436,8.34252656199125,94.46987532055812,94.5718512100363,4.044060987851597,3.341534189717885,0.24842329531094945,5.5609707423932235,0.3705541776616288
2029-01-31,Kabale,17455.652201526806,0.9086567073077686,19.0,0.0,1.0,0.0186623533181755,1.0000305189751728,2.000030518975173,-1.242,29.9856,-1.0,30.00000000000001,0.004308324214964697,0.0012499020577001554,-0.0035142975450706223,286.66505216997143,0.0001592429929329757,293.59993333333335,294.1649566666667,292.60701,293.79283747453,292.8315054366871,0.4035331686424987,0.4101051303955847,0.41149833818599557,0.44294559230420094,83104.89333333333,292.71166999999997,-0.6042079934408277,0.5256835288805823,90.39727399516312,8.30406919841303,95.04777790537194,91.77552340067217,4.06767323060432,3.3299279644272066,0.6556625997661065,5.930402404721074,0.7326991677729108
2039-10-31,Kabale,17455.652201526806,0.9086567073077686,19.0,0.0,1.0,0.0186623533181755,1.0000305189751728,2.000030518975173,-1.242,29.9856,-1.0,30.00000000000001,0.003853691999599318,0.0009421166990925262,-0.003427481716013376,286.1733591163599,0.00014496915612717293,293.59993333333335,294.1649566666667,292.60701,293.608324022649,293.33848888888883,0.40593483016338655,0.4021902545036402,0.4022281801573564,0.44368998333333337,83104.89333333333,292.71166999999997,-0.7377244292995222,0.640807623969007,102.68788908491076,13.966953418103541,96.65278309265182,104.605805161059,4.533640903548838,4.796339850627686,0.29274687662243465,5.762080228770317,0.3698017876758839
2040-07-31,Kabale,17455.652201526806,0.9086567073077686,19.0,0.0,1.0,0.0186623533181755,1.0000305189751728,2.000030518975173,-1.242,29.9856,-1.0,30.00000000000001,0.004344045271613466,0.0012688257623606732,-0.003589503166666667,286.7220252567074,0.00016627156834910772,293.59993333333335,294.1649566666667,292.60701,294.0188766666667,292.9395077777778,0.4093887733749135,0.41587715992167634,0.4211265228614567,0.44368998333333337,83104.89333333333,292.71166999999997,-0.6636213976181854,0.507582529104167,101.81211637600286,11.543492496818553,107.62522730740055,104.33185311889133,4.5258676252887025,3.1654731747675893,0.6890402303430093,6.2107548510163255,0.7976224882946013
2029-04-30,Kabale,17455.652201526806,0.9086567073077686,19.0,0.0,1.0,0.0186623533181755,1.0000305189751728,2.000030518975173,-1.242,29.9856,-1.0,30.00000000000001,0.005404971009175492,0.0015402080163298953,-0.003589503166666667,286.7984190567202,0.0001890273219325374,293.59993333333335,294.1649566666667,292.60701,293.3143763634189,292.8315054366871,0.4240997343333333,0.4261384015100327,0.4194845210853703,0.44294559230420094,83104.89333333333,292.71166999999997,-0.4444956970010862,0.34258641152513736,111.06592474034032,11.423068267952381,97.23929694664689,92.01479902361909,4.955175668533407,3.7321249896316644,1.251029429439246,6.311442648598695,1.3910824364266905
2032-10-31,Kabale,17455.652201526806,0.9086567073077686,19.0,0.0,1.0,0.0186623533181755,1.0000305189751728,2.000030518975173,-1.242,29.9856,-1.0,30.00000000000001,0.004597538394206108,0.001356054293741924,-0.003539525489181587,286.80879842726773,0.00016133084018059423,293.59993333333335,294.1649566666667,292.60701,294.01269027796315,292.9395077777778,0.4054493660825647,0.41212062497612645,0.4160546773265283,0.44368998333333337,83104.89333333333,292.71166999999997,-0.6244805567832573,0.5678123158812717,103.17231421143966,13.349786362540906,94.81208484154466,98.35054853001787,4.643879901234953,3.920353866377407,0.8581462731700816,6.045595790752756,0.9845069938407477
2021-04-30,Kabale,17455.652201526806,0.9086567073077686,19.0,0.0,1.0,0.0186623533181755,1.0000305189751728,2.000030518975173,-1.242,29.9856,-1.0,30.00000000000001,0.005483926608782587,0.001619092135557551,-0.003565234359136449,287.1164131343926,0.00018870598793695054,293.59993333333335,294.1649566666667,292.60701,293.26412388964013,292.76612105708205,0.42084147637251673,0.42195336882343937,0.4132769678650869,0.4347408655771762,83089.37490489906,292.71166999999997,-0.4041603727274958,0.3348871250179166,109.87801978021457,10.45968730318317,95.57837742308413,89.9374274519106,4.928574709879903,3.722115229988168,1.4450249275970657,6.091593079447911,1.55569319058825
2020-10-31,Kabale,17455.652201526806,0.9086567073077686,19.0,0.0,1.0,0.0186623533181755,1.0000305189751728,2.000030518975173,-1.242,29.9856,-1.0,30.00000000000001,0.003888720070119857,0.0010444501900437075,-0.0033796263890827566,286.8775656572485,0.00013817508543902726,293.59993333333335,294.1649566666667,292.60701,294.0188766666667,292.54052666666666,0.3831141689699831,0.39021242149034086,0.3917714918978701,0.42889384309188305,83082.89664699177,292.71166999999997,-0.7060446897176024,0.690000686138095,82.96328542965435,6.113870939781377,83.6473644975057,88.82199476967936,3.76846091249337,3.6878594939544227,0.29724514217438597,5.218125774310045,0.41552362855338126
2021-10-31,Kabale,17455.652201526806,0.9086567073077686,19.0,0.0,1.0,0.0186623533181755,1.0000305189751728,2.000030518975173,-1.242,29.9856,-1.0,30.00000000000001,0.004467370636091901,0.001344871249484705,-0.003390049376871632,286.91606412058576,0.0001566132656389211,293.59993333333335,294.1649566666667,292.60701,293.3784809544108,293.12001868038834,0.3950043564701821,0.3975393011785926,0.3975482898494714,0.4342336889467746,83089.37490489904,292.71166999999997,-0.6227135939444558,0.5835125732609124,103.1721077137672,13.540515357635618,92.47174300330938,96.592849864046,4.662514813956325,4.165977404372716,0.9093105088968717,5.447343596456857,1.0432569429400964
2033-10-31,Kabale,17455.652201526806,0.9086567073077686,19.0,0.0,1.0,0.0186623533181755,1.0000305189751728,2.000030518975173,-1.242,29.9856,-1.0,30.00000000000001,0.004361314773214981,0.0012283791173552628,-0.003571529850430346,286.4412683040191,0.00015679638837092774,293.59993333333335,294.1649566666667,292.60701,293.45907244328055,293.2556671911015,0.4075208198650393,0.4096112122089608,0.41333772963961507,0.44368998333333337,83104.89333333333,292.71166999999997,-0.6835669597652926,0.5973888415382743,105.32776589515593,15.007376164402311,94.92536949385266,99.78098700544642,4.701001969114144,4.181375594290166,0.615467519247132,5.985535390974107,0.7986342364038349
2021-04-30,Kabale,17455.652201526806,0.9086567073077686,19.0,0.0,1.0,0.0186623533181755,1.0000305189751728,2.000030518975173,-1.242,29.9856,-1.0,30.00000000000001,0.005483926608782587,0.001619092135557551,-0.003565234359136449,287.1164131343926,0.00018870598793695054,293.59993333333335,294.1649566666667,292.60701,293.26412388964013,292.76612105708205,0.42084147637251673,0.42195336882343937,0.4132769678650869,0.4347408655771762,83089.37490489906,292.71166999999997,-0.4041603727274958,0.3348871250179166,109.87801978021457,10.45968730318317,95.57837742308413,89.9374274519106,4.928574709879903,3.722115229988168,1.4450249275970657,6.091593079447911,1.55569319058825
2033-10-31,Kabale,17455.652201526806,0.9086567073077686,19.0,0.0,1.0,0.0186623533181755,1.0000305189751728,2.000030518975173,-1.242,29.9856,-1.0,30.00000000000001,0.004361314773214981,0.0012283791173552628,-0.003571529850430346,286.4412683040191,0.00015679638837092774,293.59993333333335,294.1649566666667,292.60701,293.45907244328055,293.2556671911015,0.4075208198650393,0.4096112122089608,0.41333772963961507,0.44368998333333337,83104.89333333333,292.71166999999997,-0.6835669597652926,0.5973888415382743,105.32776589515593,15.007376164402311,94.92536949385266,99.78098700544642,4.701001969114144,4.181375594290166,0.615467519247132,5.985535390974107,0.7986342364038349
2043-07-31,Kabale,17455.652201526806,0.9086567073077686,19.0,0.0,1.0,0.0186623533181755,1.0000305189751728,2.000030518975173,-1.242,29.9856,-1.0,30.00000000000001,0.004353535388926859,0.0011525649340119553,-0.003589503166666667,286.22153591917,0.00017009165748970586,293.59993333333335,294.1649566666667,292.60701,293.6612693685163,293.71545358621256,0.4240997343333333,0.4263168316666667,0.42180379333333334,0.44368998333333337,83104.89333333333,292.71166999999997,-0.6386618013454779,0.5123784190353806,100.37193112349458,11.293759390454602,108.377475527051,103.92403780165317,4.340016442805194,3.7020143139391397,0.26534581461589657,6.333333333333333,0.44828496312480887
2036-01-31,Kabale,17455.652201526806,0.9086567073077686,19.0,0.0,1.0,0.0186623533181755,1.0000305189751728,2.000030518975173,-1.242,29.9856,-1.0,30.00000000000001,0.0038299012001038082,0.0009342530653125205,-0.003398363287681233,286.9088241994833,0.00014746178532110157,293.59993333333335,294.1649566666667,292.60701,293.9218762967344,292.9395077777778,0.40166790437601146,0.39834011806127173,0.39995156611594385,0.44368998333333337,83104.89333333333,292.71166999999997,-0.7281434775608475,0.574526733260741,92.18875038149167,9.174612395811716,95.18824334200582,95.55441475602754,4.065531269038433,3.378442736225505,0.21488239177859822,5.668385746453171,0.29288737364076134
2024-10-31,Kabale,17455.652201526806,0.9086567073077686,19.0,0.0,1.0,0.0186623533181755,1.0000305189751728,2.000030518975173,-1.242,29.9856,-1.0,30.00000000000001,0.004666204651569974,0.001431200179560425,-0.0034687981049292605,287.0538632541393,0.00016122834887258126,293.59993333333335,294.1649566666667,292.60701,293.96374264275636,292.9043378641663,0.4008638108228157,0.40589262602752746,0.40668118504459305,0.43681920486457,83104.89333333333,292.71166999999997,-0.5987324500536465,0.5621712219325776,102.24973096287856,12.312319156629433,93.08330925935746,95.94659983078868,4.630585855083242,3.897501544824801,0.9858156176576546,5.767305597781134,1.1198238793282664
2042-10-31,Kabale,17455.652201526806,0.9086567073077686,19.0,0.0,1.0,0.0186623533181755,1.0000305189751728,2.000030518975173,-1.242,29.9856,-1.0,30.00000000000001,0.00404892134733545,0.0010295748334663403,-0.003538179997082012,285.9526227947063,0.00015123016020494737,293.59993333333335,294.1649566666667,292.60701,293.45024017867723,293.3384888888889,0.4132278315119898,0.4126719559182653,0.4118218873391632,0.44368998333333337,83104.89333333333,292.71166999999997,-0.752304743762649,0.6208023635742853,104.91751248870348,16.302871368507372,97.21367249967544,103.65756596242001,4.6461716666573905,4.484644083052992,0.326858182688616,6.081388134359545,0.46012258189487887
2031-04-30,Kabale,17455.652201526806,0.9086567073077686,19.0,0.0,1.0,0.0186623533181755,1.0000305189751728,2.000030518975173,-1.242,29.9856,-1.0,30.00000000000001,0.004485138259008342,0.0009563429295307678,-0.0034562779486340643,286.52864356625497,0.00016517653007333698,293.59993333333335,294.1649566666667,292.60701,293.4552446444643,293.6084872256349,0.4100583741630033,0.4076541731392355,0.40504377648447965,0.4415637729159894,83104.89333333333,292.71166999999997,-0.6302731522601691,0.448477686421967,102.9814320231984,4.327401543930108,94.75702199381614,95.33253232110661,4.585718928209883,4.158738807304007,0.35276206189562886,5.829901796839557,0.5007218753806272
2028-10-31,Kabale,17455.652201526806,0.9086567073077686,19.0,0.0,1.0,0.0186623533181755,1.0000305189751728,2.000030518975173,-1.242,29.9856,-1.0,30.00000000000001,0.00463376329017677,0.0013832600226869093,-0.0035142975450706223,286.9467305619771,0.0001615260492914592,293.59993333333335,294.1649566666667,292.60701,293.99146557835843,292.9365383615189,0.4035331686424987,0.4101051303955847,0.4114983381859956,0.44294559230420094,83104.89333333333,292.71166999999997,-0.6111501243588097,0.5663978374479582,102.66244605789427,12.722651432417068,93.81313335866805,97.16332303135677,4.640601428621257,3.912323071675108,0.9200556240072335,5.930402404721073,1.0532553826743287
2038-10-31,Kabale,17455.652201526806,0.9086567073077686,19.0,0.0,1.0,0.0186623533181755,1.0000305189751728,2.000030518975173,-1.242,29.9856,-1.0,30.00000000000001,0.004097640650546196,0.0010708860240716644,-0.003511204154572598,286.0919428767177,0.00015128309340295282,293.59993333333335,294.1649566666667,292.60701,293.426279984571,293.3384888888889,0.40941018279943725,0.40844876239221567,0.40955865091237387,0.44368998333333337,83104.89333333333,292.71166999999997,-0.7332817521225635,0.6158393024873922,104.37983704638748,15.719236817048307,96.11642883722136,102.6575487563207,4.62779264454863,4.470784846184024,0.3997751258098649,5.997354268880599,0.5384057274902856
2035-10-31,Kabale,17455.652201526806,0.9086567073077686,19.0,0.0,1.0,0.0186623533181755,1.0000305189751728,2.000030518975173,-1.242,29.9856,-1.0,30.00000000000001,0.00387727128422439,0.0009788415515842924,-0.003398363287681233,286.2835258617344,0.0001447245267013588,293.59993333333335,294.1649566666667,292.60701,293.5550917501009,293.3384888888889,0.40166790437601146,0.39834011806127173,0.3999515661159438,0.44368998333333337,83104.89333333333,292.71166999999997,-0.7242825835355139,0.6358776584580469,102.15312473671513,13.30970841757023,95.60524199270587,103.53721919935894,4.517762778145803,4.7758732758551,0.358868059398461,5.668385746453172,0.43839694933046375
2045-04-30,Kabale,17455.652201526806,0.9086567073077686,19.0,0.0,1.0,0.0186623533181755,1.0000305189751728,2.000030518975173,-1.242,29.9856,-1.0,30.00000000000001,0.0052826505700916725,0.001391530923929113,-0.003589503166666667,286.1703226454115,0.0001893464624716867,293.59993333333335,294.1649566666667,292.60701,293.42195541685663,292.9395077777778,0.4240997343333333,0.4263168316666667,0.42180379333333334,0.44368998333333337,83104.89333333333,292.71166999999997,-0.5287346231176344,0.35922507381077207,113.79954250867365,13.363690165965965,100.71784150621123,96.3936707784794,5.005693547351279,3.736663888824905,0.8501099943262765,6.333333333333333,1.0708307787490081
2023-10-31,Kabale,17455.652201526806,0.9086567073077686,19.0,0.0,1.0,0.0186623533181755,1.0000305189751728,2.000030518975173,-1.242,29.9856,-1.0,30.00000000000001,0.003985056393806842,0.001091805582353986,-0.0032940843301232617,286.5958688248208,0.00014465870931348572,293.59993333333335,294.1649566666667,292.60701,293.39719510031824,293.3140753139953,0.3891664140563638,0.38562428436880986,0.3871534384320238,0.4335907090022317,83104.89333333333,292.71166999999997,-0.681383264100611,0.6245091685665586,100.05992195833426,11.057587553735372,93.09572437518314,100.39479674691476,4.481058418228973,4.788284177457702,0.6116366305692501,5.14207167403365,0.6707606642183298
2044-01-31,Kabale,17455.652201526806,0.9086567073077686,19.0,0.0,1.0,0.0186623533181755,1.0000305189751728,2.000030518975173,-1.242,29.9856,-1.0,30.00000000000001,0.0037657175746859963,0.0008592108169558007,-0.003454224519230368,286.58925327580596,0.00014764346398176957,293.59993333333335,294.1649566666667,292.60701,293.9764611286198,292.9395077777778,0.40815910882626144,0.4042011644883037,0.4047028819968979,0.44368998333333337,83104.89333333333,292.71166999999997,-0.7566905993004692,0.5832283226588434,93.43460747831847,10.248093282943849,97.105946909611,97.86137288238412,4.078504953066905,3.3851688263401463,0.14846090178330415,5.851837519717928,0.19839927859628173
2032-04-30,Kabale,17455.652201526806,0.9086567073077686,19.0,0.0,1.0,0.0186623533181755,1.0000305189751728,2.000030518975173,-1.242,29.9856,-1.0,30.00000000000001,0.004680349872729893,0.0011919129004552536,-0.003371109438664212,287.5971543387914,0.00016787663683974851,293.59993333333335,294.1649566666667,292.60701,294.01269027796315,292.9395077777778,0.40206304435739565,0.39834199653118746,0.39762581329808794,0.4415523145467965,83104.89333333333,292.71166999999997,-0.6317856190551557,0.42548248627653273,110.23905301466107,8.873854607338336,96.54540522377806,97.23026911192072,4.940999866652963,3.6943220115502675,0.7544001929971184,5.591882861562646,0.9303300008771345
2024-01-31,Kabale,17455.652201526806,0.9086567073077686,19.0,0.0,1.0,0.0186623533181755,1.0000305189751728,2.000030518975173,-1.242,29.9856,-1.0,30.00000000000001,0.003940118372841502,0.001052043031362997,-0.0032940843301232617,287.2544260098088,0.00014737714726319263,293.59993333333335,294.1649566666667,292.60701,293.84641910217925,292.9150942028842,0.38976108568337536,0.3869561105664789,0.38901055847445914,0.43684453446985105,83104.89333333333,292.71166999999997,-0.6859682681099007,0.5624471070034879,90.03267689431648,7.005417952360382,92.70837134209715,92.32729435589341,4.022843208413358,3.36794905073614,0.39262594344624024,5.230776120664673,0.5324289529948115
2038-04-30,Kabale,17455.652201526806,0.9086567073077686,19.0,0.0,1.0,0.0186623533181755,1.0000305189751728,2.000030518975173,-1.242,29.9856,-1.0,30.00000000000001,0.004894209667635669,0.0011702881125001691,-0.003589503166666667,286.36374632292376,0.00017717530340267954,293.59993333333335,294.1649566666667,292.60701,293.42950373784083,293.3384888888889,0.4218100527964807,0.42072078405207464,0.41689954726592077,0.44368998333333337,83104.89333333333,292.71166999999997,-0.5780456178809212,0.40162195365536424,107.93832313472232,9.90707140676968,97.24081572885711,95.21322829213734,4.7783793389216775,3.9343568089963683,0.6153759673114554,6.2336888096280205,0.7856364463532398
2039-10-31,Kabale,17455.652201526806,0.9086567073077686,19.0,0.0,1.0,0.0186623533181755,1.0000305189751728,2.000030518975173,-1.242,29.9856,-1.0,30.00000000000001,0.003853691999599318,0.0009421166990925262,-0.003427481716013376,286.1733591163599,0.00014496915612717293,293.59993333333335,294.1649566666667,292.60701,293.608324022649,293.33848888888883,0.40593483016338655,0.4021902545036402,0.4022281801573564,0.44368998333333337,83104.89333333333,292.71166999999997,-0.7377244292995222,0.640807623969007,102.68788908491076,13.966953418103541,96.65278309265182,104.605805161059,4.533640903548838,4.796339850627686,0.29274687662243465,5.762080228770317,0.3698017876758839
2042-01-31,Kabale,17455.652201526806,0.9086567073077686,19.0,0.0,1.0,0.0186623533181755,1.0000305189751728,2.000030518975173,-1.242,29.9856,-1.0,30.00000000000001,0.004088025577061445,0.0010387175345842124,-0.003589503166666667,286.59731432316966,0.00015568482462179544,293.59993333333335,294.1649566666667,292.60701,293.9579048432308,293.7190429979794,0.41559337421083825,0.41760857162413284,0.4191992832986518,0.44368998333333337,83104.89333333333,292.71166999999997,-0.7151023396394175,0.563075054413028,93.75085291191819,10.821882465756062,97.44797069362694,96.25877157604098,4.154109269680352,3.392734448870639,0.22144808089778553,6.313326941392237,0.3595337413905313
2035-10-31,Kabale,17455.652201526806,0.9086567073077686,19.0,0.0,1.0,0.0186623533181755,1.0000305189751728,2.000030518975173,-1.242,29.9856,-1.0,30.00000000000001,0.00387727128422439,0.0009788415515842924,-0.003398363287681233,286.2835258617344,0.0001447245267013588,293.59993333333335,294.1649566666667,292.60701,293.5550917501009,293.3384888888889,0.40166790437601146,0.39834011806127173,0.3999515661159438,0.44368998333333337,83104.89333333333,292.71166999999997,-0.7242825835355139,0.6358776584580469,102.15312473671513,13.30970841757023,95.60524199270587,103.53721919935894,4.517762778145803,4.7758732758551,0.358868059398461,5.668385746453172,0.43839694933046375
2030-04-30,Kabale,17455.652201526806,0.9086567073077686,19.0,0.0,1.0,0.0186623533181755,1.0000305189751728,2.000030518975173,-1.242,29.9856,-1.0,30.00000000000001,0.004963319394188978,0.0012566056570932722,-0.003545572960121729,286.5771924804125,0.00017715949672968148,293.59993333333335,294.1649566666667,292.60701,293.31895435084175,293.3384888888889,0.4177190552097873,0.41701501140974284,0.41207487225716727,0.4420051469898885,83104.89333333333,292.71166999999997,-0.5356693677895877,0.3937319825685128,106.58882406500716,8.43151750370416,95.8054497451839,93.19840097938682,4.756738912039659,3.9346717589666187,0.8029491734250689,6.06411477520447,0.953942846601386
2041-07-31,Kabale,17455.652201526806,0.9086567073077686,19.0,0.0,1.0,0.0186623533181755,1.0000305189751728,2.000030518975173,-1.242,29.9856,-1.0,30.00000000000001,0.004557743350413107,0.001505183097242099,-0.003589503166666667,286.37153173855853,0.00017333659845002137,293.59993333333335,294.1649566666667,292.60701,293.3928809520073,293.3084707252483,0.4160578718423947,0.4212384757750094,0.42180379333333334,0.44368998333333337,83104.89333333333,292.71166999999997,-0.6111181091363077,0.48771205093849607,108.83864778797253,17.92966387370802,111.20227238686873,106.58614029827449,4.82321679770923,3.636807035529973,0.9196976280382573,6.333333333333333,1.0619296483959362
2040-04-30,Kabale,17455.652201526806,0.9086567073077686,19.0,0.0,1.0,0.0186623533181755,1.0000305189751728,2.000030518975173,-1.242,29.9856,-1.0,30.00000000000001,0.0046206840955416535,0.001111286493177981,-0.003427481716013376,287.2848588480538,0.0001683624787839694,293.59993333333335,294.1649566666667,292.60701,294.0188766666667,292.93950777777775,0.4062999443287642,0.4021902545036402,0.4022281801573564,0.44368998333333337,83104.89333333333,292.71166999999997,-0.6636213976181854,0.4318524258064202,111.01679427710229,9.89161649501063,98.2217990989151,99.4355562666155,4.961691624369727,3.742451157798282,0.6890402303430093,5.762080228770317,0.7976224882946013
2040-10-31,Kabale,17455.652201526806,0.9086567073077686,19.0,0.0,1.0,0.0186623533181755,1.0000305189751728,2.000030518975173,-1.242,29.9856,-1.0,30.00000000000001,0.004531640754636159,0.001264605457727431,-0.003589503166666667,286.48870305209994,0.00016174685834587812,293.59993333333335,294.1649566666667,292.60701,294.0188766666667,292.9395077777778,0.4093887733749135,0.41587715992167623,0.42112652286145663,0.44368998333333337,83104.89333333333,292.71166999999997,-0.6547952933599983,0.5728248476510353,104.03645129962347,14.128913955043279,96.47736791908365,100.44373297357193,4.65920942935488,3.918204355655586,0.7248456274983268,6.2107548510163255,0.8792634041480972
2033-07-31,Kabale,17455.652201526806,0.9086567073077686,19.0,0.0,1.0,0.0186623533181755,1.0000305189751728,2.000030518975173,-1.242,29.9856,-1.0,30.00000000000001,0.004623865363735034,0.0015766435711305545,-0.0035872687129332777,286.6868559597587,0.00017328988400630414,293.59993333333335,294.1649566666667,292.60701,293.3415994428429,293.17838354482603,0.41200625526510465,0.4171549348770851,0.4206827511895039,0.44368998333333337,83104.89333333333,292.71166999999997,-0.5809004692475198,0.4812494870911859,108.00861573076082,16.92165555490345,109.54797231313546,104.34474111475267,4.803048892546468,3.607930943221627,1.0476825036614497,6.167176854706239,1.2211262783100805
2026-04-30,Kabale,17455.652201526806,0.9086567073077686,19.0,0.0,1.0,0.0186623533181755,1.0000305189751728,2.000030518975173,-1.242,29.9856,-1.0,30.00000000000001,0.004989202072220027,0.001292080858455311,-0.0035196770639342634,286.680558241593,0.00017712997521082758,293.59993333333335,294.1649566666667,292.60701,293.26866566180723,293.3316353627018,0.4157370313488607,0.41493744149811856,0.40961677808690283,0.4378704749421718,83104.89333333333,292.71166999999997,-0.5153180173660291,0.38782233927756216,105.80020738902034,7.746763843226084,94.78361615300345,92.0914831048896,4.741453632108797,3.930959223121897,0.9098598130155505,5.980099864167497,1.0323505029900415
2026-10-31,Kabale,17455.652201526806,0.9086567073077686,19.0,0.0,1.0,0.0186623533181755,1.0000305189751728,2.000030518975173,-1.242,29.9856,-1.0,30.00000000000001,0.004197897531839398,0.0011907133380131966,-0.00340148276776029,286.5710152370454,0.00015089197471103826,293.59993333333335,294.1649566666667,292.60701,293.3460003224523,293.29572199004184,0.3971404576023121,0.3970288805113813,0.39971712776648444,0.43868030171396954,83104.89333333333,292.71166999999997,-0.6703722644059247,0.602949498310513,102.25083886841475,13.386962293970596,93.63518938287599,99.45625216414605,4.597271367955575,4.461929242086803,0.6670040230225137,5.526887281641667,0.7788728314887851
2036-10-31,Kampala,11573.29113153154,0.4988173897120534,19.0,0.0720095219202539,0.927990478079746,0.5011826102879465,1.0000305189751728,3.000045778462759,0.3152,32.5816,0.300000000000001,32.60000000000005,0.0039022954854960705,0.0003707657266666667,-0.0035217448,291.1902686175485,0.0001356907229364906,295.35864,295.96036666666663,295.95597,295.83331929077974,295.20974222222225,0.34480795000000003,0.33265686666666666,0.3097941066666667,0.3310525972800115,88264.94833333332,295.1938466666667,0.013105115456463456,1.4152811066666666,112.2614019120086,-3.6107650603238546,115.1484768790683,120.84633691030791,5.389600338849163,6.226368376012658,0.0,10.0,0.09272597240705378
2047-01-31,Kampala,11573.29113153154,0.4988173897120534,19.0,0.0720095219202539,0.927990478079746,0.5011826102879465,1.0000305189751728,3.000045778462759,0.3152,32.5816,0.300000000000001,32.60000000000005,0.00356957322,0.0003707657266666667,-0.0035217448,291.79413825896205,0.00014741460088268398,295.35864,295.96036666666663,295.95597,295.9186233333333,295.70475,0.34480795000000003,0.33265686666666666,0.3097941066666667,0.3120477382856055,88290.69173213716,295.1938466666667,0.03870151483063743,1.2878040265048833,151.19435259265168,33.06868013228521,148.93343730140097,132.8287572829861,7.284301605281789,7.863498426780732,0.0,10.0,0.0
2027-07-31,Kampala,11573.29113153154,0.4988173897120534,19.0,0.0720095219202539,0.927990478079746,0.5011826102879465,1.0000305189751728,3.000045778462759,0.3152,32.5816,0.300000000000001,32.60000000000005,0.0037284095779144505,0.000543747491210771,-0.0035217448,291.61790188871134,0.0001633919968799699,295.35864,295.96036666666663,295.95597,295.9186233333333,295.69106729434174,0.34480795000000003,0.33265686666666666,0.3158234791644056,0.336715627756559,88250.93956950954,295.1938466666667,0.1671524724815823,1.2232589303877557,154.72280135273147,36.2693170722759,152.07934752968129,135.8353430700591,7.226022082912833,8.755837681166602,0.38691744674362955,10.408039305008264,0.3244238846965513
2041-10-31,Kampala,11573.29113153154,0.4988173897120534,19.0,0.0720095219202539,0.927990478079746,0.5011826102879465,1.0000305189751728,3.000045778462759,0.3152,32.5816,0.300000000000001,32.60000000000005,0.0037160625487457307,0.0003707657266666667,-0.0035217448,291.6343019691485,0.00013900779358559502,295.35864,295.96036666666663,295.95597,295.9186233333333,295.20974222222225,0.34480795000000003,0.33265686666666666,0.3097941066666667,0.3207022372732245,88244.02438880398,295.1938466666667,0.020004982935087113,1.4152811066666666,124.06255436447118,8.136666532630272,127.25147341693024,125.54946347844633,6.073336764656285,6.568488713129516,0.0,10.0,0.0
2039-01-31,Kampala,11573.29113153154,0.4988173897120534,19.0,0.0720095219202539,0.927990478079746,0.5011826102879465,1.0000305189751728,3.000045778462759,0.3152,32.5816,0.300000000000001,32.60000000000005,0.00356957322,0.0003707657266666667,-0.0035217448,291.73180731868393,0.00014848268596266882,295.35864,295.96036666666663,295.95597,295.9186233333333,295.70475,0.34480795000000003,0.33265686666666666,0.3097941066666667,0.3190608394225038,88281.43774506821,295.1938466666667,0.04729542730343611,1.1969857790721736,146.05126332193387,30.438651673559445,146.92587828285733,129.96412148247404,6.983360031023074,7.585956678281399,0.0,10.0,0.0
2029-01-31,Kampala,11573.29113153154,0.4988173897120534,19.0,0.0720095219202539,0.927990478079746,0.5011826102879465,1.0000305189751728,3.000045778462759,0.3152,32.5816,0.300000000000001,32.60000000000005,0.0038434566598128197,0.0005068406954881094,-0.0035217448,291.4344844444445,0.00014549808019905785,295.22240322451347,295.96036666666663,295.95597,295.64630125313596,295.20974222222225,0.34480795000000003,0.33265686666666666,0.3119485618693688,0.3321622977866177,88228.36427704322,295.1938466666667,0.1003730254505504,1.3057428702709561,101.30372412658339,-12.904018590625837,110.82538337595356,112.14343541328371,4.781218981690157,4.903642509023855,0.2820018036050526,10.137742891638423,0.25008300634650965
2044-07-31,Kampala,11573.29113153154,0.4988173897120534,19.0,0.0720095219202539,0.927990478079746,0.5011826102879465,1.0000305189751728,3.000045778462759,0.3152,32.5816,0.300000000000001,32.60000000000005,0.003786140684751379,0.0003707657266666667,-0.0035217448,291.22200367519054,0.00014623404176205415,295.35864,295.96036666666663,295.95597,295.9186233333333,295.70475,0.34480795000000003,0.33265686666666666,0.3097941066666667,0.31987673052301385,88269.05909275588,295.1938466666667,0.04342150661048272,1.3034087245560204,150.08272476809006,33.589450920232956,156.5069352480783,142.4296512019583,7.230228462384667,8.663277970150059,0.0,10.0,0.0
2045-07-31,Kampala,11573.29113153154,0.4988173897120534,19.0,0.0720095219202539,0.927990478079746,0.5011826102879465,1.0000305189751728,3.000045778462759,0.3152,32.5816,0.300000000000001,32.60000000000005,0.0036955901859765175,0.0003707657266666667,-0.0035217448,291.6508214072982,0.00015884301317566256,295.35864,295.96036666666663,295.95597,295.9186233333333,295.70475,0.34480795000000003,0.33265686666666666,0.3097941066666667,0.31511047463192216,88271.43073117551,295.1938466666667,0.08430495740560028,1.3939786433013204,149.93205255073312,33.35017115668917,156.85021319433122,139.65559885057627,7.21048193656797,7.950905617751034,0.0,10.0,0.014121809258860881
2042-07-31,Kampala,11573.29113153154,0.4988173897120534,19.0,0.0720095219202539,0.927990478079746,0.5011826102879465,1.0000305189751728,3.000045778462759,0.3152,32.5816,0.300000000000001,32.60000000000005,0.003575243800238713,0.0003707657266666667,-0.0035217448,291.78604628502876,0.0001607497316200349,295.35864,295.96036666666663,295.95597,295.9186233333333,295.70475,0.34480795000000003,0.33265686666666666,0.3097941066666667,0.3151829221127867,88252.43966367707,295.1938466666667,0.11479093341725748,1.3633651628712833,157.45744712633874,40.524003971224204,159.13063837769354,139.35809455482058,7.552215120767723,8.600358998960456,0.0,10.0,0.0
2042-07-31,Kampala,11573.29113153154,0.4988173897120534,19.0,0.0720095219202539,0.927990478079746,0.5011826102879465,1.0000305189751728,3.000045778462759,0.3152,32.5816,0.300000000000001,32.60000000000005,0.003575243800238713,0.0003707657266666667,-0.0035217448,291.78604628502876,0.0001607497316200349,295.35864,295.96036666666663,295.95597,295.9186233333333,295.70475,0.34480795000000003,0.33265686666666666,0.3097941066666667,0.3151829221127867,88252.43966367707,295.1938466666667,0.11479093341725748,1.3633651628712833,157.45744712633874,40.524003971224204,159.13063837769354,139.35809455482058,7.552215120767723,8.600358998960456,0.0,10.0,0.0
2045-10-31,Kampala,11573.29113153154,0.4988173897120534,19.0,0.0720095219202539,0.927990478079746,0.5011826102879465,1.0000305189751728,3.000045778462759,0.3152,32.5816,0.300000000000001,32.60000000000005,0.0036580252906524956,0.0003707657266666667,-0.0035217448,291.6508214072982,0.00013862024184863847,295.35864,295.96036666666663,295.95597,295.9186233333333,295.20974222222225,0.34480795000000003,0.33265686666666666,0.3097941066666667,0.31511047463192216,88246.03888779627,295.1938466666667,0.012953285841104127,1.4152811066666666,128.31606113650588,12.10628656050482,130.21745019620926,127.06884154922749,6.2442582347499735,6.609699292679568,0.0,10.0,0.0
2048-10-31,Kampala,11573.29113153154,0.4988173897120534,19.0,0.0720095219202539,0.927990478079746,0.5011826102879465,1.0000305189751728,3.000045778462759,0.3152,32.5816,0.300000000000001,32.60000000000005,0.0037229693145779744,0.0003707657266666667,-0.0035217448,291.23560134461144,0.00013457462717695869,295.35864,295.96036666666663,295.95597,295.9186233333333,295.20974222222225,0.34480795000000003,0.33265686666666666,0.3097941066666667,0.31455577508341565,88264.94833333332,295.1938466666667,-0.00715196711655403,1.4152811066666666,119.95157448610792,4.160803396159618,121.4866998432958,123.06126358205324,5.704430795677946,6.37220348767011,0.0,10.0,0.0
2029-10-31,Kampala,11573.29113153154,0.4988173897120534,19.0,0.0720095219202539,0.927990478079746,0.5011826102879465,1.0000305189751728,3.000045778462759,0.3152,32.5816,0.300000000000001,32.60000000000005,0.003895409185553478,0.00042552674966886417,-0.0035217448,291.58942990936094,0.00014006766097054665,295.35864,295.96036666666663,295.95597,295.9186233333333,295.20974222222225,0.34480795000000003,0.33265686666666666,0.3097941066666667,0.3400456319140335,88236.76382967357,295.1938466666667,0.04517928511066435,1.4095938194192852,113.86680079926464,-1.8677157491976406,117.89035300633701,120.4977393440984,5.446021082089099,6.315555500153541,0.21073126271668044,10.0,0.22627403159315884
2024-07-31,Kampala,11573.29113153154,0.4988173897120534,19.0,0.0720095219202539,0.927990478079746,0.5011826102879465,1.0000305189751728,3.000045778462759,0.3152,32.5816,0.300000000000001,32.60000000000005,0.004082033912113227,0.0004956927644863411,-0.0035217448,291.10752846416875,0.0001488670964582241,295.11243683481683,295.92182582721074,295.88269112801373,295.553183735955,295.70475,0.34480795000000003,0.33265686666666666,0.3151150939962039,0.35928651381455196,88264.94833333332,295.1938466666667,0.10479667280023985,1.18390119502515,137.60010956939473,20.877057601082544,145.87383028196606,133.95846552161376,6.563017187401844,8.272227463031216,0.39040432229791433,10.490251496784657,0.33435624155450067
2029-04-30,Kampala,11573.29113153154,0.4988173897120534,19.0,0.0720095219202539,0.927990478079746,0.5011826102879465,1.0000305189751728,3.000045778462759,0.3152,32.5816,0.300000000000001,32.60000000000005,0.004169292625366298,0.0004718125821608731,-0.0035217448,291.8902933333333,0.00015610251544545428,295.35864,295.96036666666663,295.95597,295.9186233333333,295.20974222222225,0.34480795000000003,0.33265686666666666,0.31194856186936887,0.3328006305730006,88200.17977338344,295.1938466666667,0.11664038342584311,1.3057428702709561,118.15140845001879,-5.208660478807175,114.17258700830064,116.22572362738147,5.593801376593286,6.361979107704368,0.3538124622345699,10.137742891638423,0.3741071446166382
2037-01-31,Kampala,11573.29113153154,0.4988173897120534,19.0,0.0720095219202539,0.927990478079746,0.5011826102879465,1.0000305189751728,3.000045778462759,0.3152,32.5816,0.300000000000001,32.60000000000005,0.003722992384673963,0.0003707657266666667,-0.0035217448,291.4344844444444,0.00014483442095197352,295.35864,295.96036666666663,295.95597,295.8333192907797,295.20974222222225,0.34480795000000003,0.33265686666666666,0.3097941066666667,0.32039922182985375,88233.19385735724,295.1938466666667,0.08459730883049643,1.3513532523425213,106.49275279114188,-7.713241359996215,115.07273866776029,115.06666816275651,5.069499455365594,5.121260875402586,0.022197554137724174,10.0,0.11661062315130732
2024-04-30,Kampala,11573.29113153154,0.4988173897120534,19.0,0.0720095219202539,0.927990478079746,0.5011826102879465,1.0000305189751728,3.000045778462759,0.3152,32.5816,0.300000000000001,32.60000000000005,0.004338264258169839,0.0004248877732123395,-0.0035217448,291.3998593629198,0.00015767412690390666,295.35864,295.96036666666663,295.95597,295.9186233333333,295.70475,0.34480795000000003,0.33265686666666666,0.3151603125783258,0.36097387044617757,88238.74583333333,295.1938466666667,0.11459016263238199,1.074898752945161,157.26344573667245,32.0632089054191,154.8888004518221,136.8963926709921,7.5320744541583515,9.830111667875913,0.32577123310518963,10.542612002695057,0.3751378236964472
2045-10-31,Kampala,11573.29113153154,0.4988173897120534,19.0,0.0720095219202539,0.927990478079746,0.5011826102879465,1.0000305189751728,3.000045778462759,0.3152,32.5816,0.300000000000001,32.60000000000005,0.0036580252906524956,0.0003707657266666667,-0.0035217448,291.6508214072982,0.00013862024184863847,295.35864,295.96036666666663,295.95597,295.9186233333333,295.20974222222225,0.34480795000000003,0.33265686666666666,0.3097941066666667,0.31511047463192216,88246.03888779627,295.1938466666667,0.012953285841104127,1.4152811066666666,128.31606113650588,12.10628656050482,130.21745019620926,127.06884154922749,6.2442582347499735,6.609699292679568,0.0,10.0,0.0
2031-04-30,Kampala,11573.29113153154,0.4988173897120534,19.0,0.0720095219202539,0.927990478079746,0.5011826102879465,1.0000305189751728,3.000045778462759,0.3152,32.5816,0.300000000000001,32.60000000000005,0.0036111817236870736,0.0003814909684661634,-0.0035217448,291.71098147251473,0.00015809161462550277,295.35864,295.96036666666663,295.95597,295.9186233333333,295.70475,0.34480795000000003,0.33265686666666666,0.3097941066666667,0.320270238138904,88235.41400252089,295.1938466666667,0.1663181186947089,1.1024612045056725,145.88278017460078,21.17944298447871,131.1686804530158,125.41498591697855,6.908427189276665,8.044402255294395,0.19471246599358946,10.0,0.05174370089576743
2033-04-30,Kampala,11573.29113153154,0.4988173897120534,19.0,0.0720095219202539,0.927990478079746,0.5011826102879465,1.0000305189751728,3.000045778462759,0.3152,32.5816,0.300000000000001,32.60000000000005,0.004046915995018662,0.0004181400898714235,-0.0035217448,291.8902933333333,0.00015567664925405982,295.35864,295.96036666666663,295.95597,295.9186233333333,295.20974222222225,0.34480795000000003,0.33265686666666666,0.3097941066666667,0.3264414082765384,88204.56662389128,295.1938466666667,0.10805929384845037,1.3265738555582516,120.80001937206025,-2.5463995641744197,116.41111838105023,117.4741009545666,5.726464438579849,6.48035100095793,0.16212532691683526,10.0,0.26789516337994357
2024-04-30,Kampala,11573.29113153154,0.4988173897120534,19.0,0.0720095219202539,0.927990478079746,0.5011826102879465,1.0000305189751728,3.000045778462759,0.3152,32.5816,0.300000000000001,32.60000000000005,0.004338264258169839,0.0004248877732123395,-0.0035217448,291.3998593629198,0.00015767412690390666,295.35864,295.96036666666663,295.95597,295.9186233333333,295.70475,0.34480795000000003,0.33265686666666666,0.3151603125783258,0.36097387044617757,88238.74583333333,295.1938466666667,0.11459016263238199,1.074898752945161,157.26344573667245,32.0632089054191,154.8888004518221,136.8963926709921,7.5320744541583515,9.830111667875913,0.32577123310518963,10.542612002695057,0.3751378236964472
2039-10-31,Kampala,11573.29113153154,0.4988173897120534,19.0,0.0720095219202539,0.927990478079746,0.5011826102879465,1.0000305189751728,3.000045778462759,0.3152,32.5816,0.300000000000001,32.60000000000005,0.00356957322,0.0003707657266666667,-0.0035217448,291.67038648681864,0.00016049776418534478,295.35864,295.96036666666663,295.95597,295.9186233333333,295.70475,0.34480795000000003,0.33265686666666666,0.3097941066666667,0.3162315727993277,88283.8830391344,295.1938466666667,0.0989575903839036,1.1343376510667595,165.66305657533712,42.997202248993254,147.86471132343777,141.1235577963474,7.805650202761163,9.335497813716087,0.0189486247380302,10.0,0.038243785250988725
2038-10-31,Kampala,11573.29113153154,0.4988173897120534,19.0,0.0720095219202539,0.927990478079746,0.5011826102879465,1.0000305189751728,3.000045778462759,0.3152,32.5816,0.300000000000001,32.60000000000005,0.003634459854512199,0.0003707657266666667,-0.0035217448,291.73180731868393,0.00014785770603424893,295.35864,295.96036666666663,295.95597,295.9186233333333,295.70475,0.34480795000000003,0.33265686666666666,0.3097941066666667,0.31940600723934803,88249.37497412394,295.1938466666667,0.05033253757433053,1.2940742654592,143.9051187106505,27.037216242736637,138.3681967726092,133.73670125602143,6.872850779885321,7.640495596475783,0.0,10.0,0.0
2029-01-31,Kampala,11573.29113153154,0.4988173897120534,19.0,0.0720095219202539,0.927990478079746,0.5011826102879465,1.0000305189751728,3.000045778462759,0.3152,32.5816,0.300000000000001,32.60000000000005,0.0038434566598128197,0.0005068406954881094,-0.0035217448,291.4344844444445,0.00014549808019905785,295.22240322451347,295.96036666666663,295.95597,295.64630125313596,295.20974222222225,0.34480795000000003,0.33265686666666666,0.3119485618693688,0.3321622977866177,88228.36427704322,295.1938466666667,0.1003730254505504,1.3057428702709561,101.30372412658339,-12.904018590625837,110.82538337595356,112.14343541328371,4.781218981690157,4.903642509023855,0.2820018036050526,10.137742891638423,0.25008300634650965
2032-01-31,Kampala,11573.29113153154,0.4988173897120534,19.0,0.0720095219202539,0.927990478079746,0.5011826102879465,1.0000305189751728,3.000045778462759,0.3152,32.5816,0.300000000000001,32.60000000000005,0.00356957322,0.0004326655768198678,-0.0035217448,291.6821445049457,0.00015758246488255928,295.35864,295.96036666666663,295.95597,295.9186233333333,295.70475,0.34480795000000003,0.33265686666666666,0.3097941066666667,0.333171292272902,88258.16753537233,295.1938466666667,0.07097576022024439,0.9120784318647521,163.47796556608225,43.39555174690156,156.028732179203,137.4472991389662,7.768349289627076,9.292019902468999,0.007813537939276046,10.00733418942153,0.14194939918037466
2042-10-31,Kampala,11573.29113153154,0.4988173897120534,19.0,0.0720095219202539,0.927990478079746,0.5011826102879465,1.0000305189751728,3.000045778462759,0.3152,32.5816,0.300000000000001,32.60000000000005,0.003575243800238713,0.0003707657266666667,-0.0035217448,291.7617825147792,0.0001474330719936316,295.35864,295.96036666666663,295.95597,295.9186233333333,295.70475,0.34480795000000003,0.33265686666666666,0.3097941066666667,0.31478834557785546,88251.83389839123,295.1938466666667,0.04630109937016494,1.3164150758361168,147.93000646105872,29.57689239177381,140.3100468446444,134.3087861314794,7.113378451686529,7.770085619239873,0.0,10.0,0.0
2038-04-30,Kampala,11573.29113153154,0.4988173897120534,19.0,0.0720095219202539,0.927990478079746,0.5011826102879465,1.0000305189751728,3.000045778462759,0.3152,32.5816,0.300000000000001,32.60000000000005,0.003663641410780736,0.0003707657266666667,-0.0035217448,291.8902933333333,0.00015434070777382324,295.35864,295.96036666666663,295.95597,295.9186233333333,295.2097422222222,0.34480795000000003,0.33265686666666666,0.3097941066666667,0.31172996501766564,88197.80595718084,295.1938466666667,0.12293344452448034,1.3405460379784895,130.985103651317,7.275133555913709,125.13615096035846,120.2215879874269,6.307770471566596,7.0003999632975775,0.0,10.0,0.0
2029-04-30,Kampala,11573.29113153154,0.4988173897120534,19.0,0.0720095219202539,0.927990478079746,0.5011826102879465,1.0000305189751728,3.000045778462759,0.3152,32.5816,0.300000000000001,32.60000000000005,0.004169292625366298,0.0004718125821608731,-0.0035217448,291.8902933333333,0.00015610251544545428,295.35864,295.96036666666663,295.95597,295.9186233333333,295.20974222222225,0.34480795000000003,0.33265686666666666,0.31194856186936887,0.3328006305730006,88200.17977338344,295.1938466666667,0.11664038342584311,1.3057428702709561,118.15140845001879,-5.208660478807175,114.17258700830064,116.22572362738147,5.593801376593286,6.361979107704368,0.3538124622345699,10.137742891638423,0.3741071446166382
2046-01-31,Kampala,11573.29113153154,0.4988173897120534,19.0,0.0720095219202539,0.927990478079746,0.5011826102879465,1.0000305189751728,3.000045778462759,0.3152,32.5816,0.300000000000001,32.60000000000005,0.00356957322,0.0003707657266666667,-0.0035217448,291.6508214072982,0.00014376188184632473,295.35864,295.96036666666663,295.95597,295.9186233333333,295.2097422222222,0.34480795000000003,0.33265686666666666,0.3097941066666667,0.3122675203537156,88255.14519078401,295.1938466666667,0.04867989862353601,1.3869191894791664,126.39679342667965,12.080721149621063,134.8210790808918,123.01709513515287,6.208317809442079,6.057862646747104,0.0,10.0,0.0
2036-01-31,Kampala,11573.29113153154,0.4988173897120534,19.0,0.0720095219202539,0.927990478079746,0.5011826102879465,1.0000305189751728,3.000045778462759,0.3152,32.5816,0.300000000000001,32.60000000000005,0.00356957322,0.0003865178232011889,-0.0035217448,291.714862652705,0.00015712753407593434,295.35864,295.96036666666663,295.95597,295.9186233333333,295.70475,0.34480795000000003,0.33265686666666666,0.3097941066666667,0.32478138707761933,88260.73632012558,295.1938466666667,0.06273800629803114,0.9550844168423485,165.64451845117696,44.64680433643508,156.9860174033258,139.09272042922382,7.851807175874941,9.359532240053593,0.0,10.0,0.09128236101497446
2046-07-31,Kampala,11573.29113153154,0.4988173897120534,19.0,0.0720095219202539,0.927990478079746,0.5011826102879465,1.0000305189751728,3.000045778462759,0.3152,32.5816,0.300000000000001,32.60000000000005,0.00356957322,0.0003707657266666667,-0.0035217448,291.8025955749053,0.0001601178285682138,295.35864,295.96036666666663,295.95597,295.9186233333333,295.70475,0.34480795000000003,0.33265686666666666,0.3097941066666667,0.3120477382856055,88255.14519078401,295.1938466666667,0.10652122053610062,1.3869191894791664,160.92088782448778,43.021832989362935,161.14807776153938,140.07255596256655,7.733468450208626,8.679128176346131,0.0,10.0,0.0
2038-07-31,Kampala,11573.29113153154,0.4988173897120534,19.0,0.0720095219202539,0.927990478079746,0.5011826102879465,1.0000305189751728,3.000045778462759,0.3152,32.5816,0.300000000000001,32.60000000000005,0.0036636414107807363,0.0003707657266666667,-0.0035217448,291.7709959665815,0.00016120511590451872,295.35864,295.96036666666663,295.95597,295.9186233333333,295.70475,0.34480795000000003,0.33265686666666666,0.3097941066666667,0.32258061812030747,88250.21095718083,295.1938466666667,0.12293344452448034,1.3405460379784895,153.7677434652754,37.76937134734374,157.12900859675258,138.62316955068277,7.313823099106689,8.468935043948264,0.0,10.0,0.0
2034-04-30,Kampala,11573.29113153154,0.4988173897120534,19.0,0.0720095219202539,0.927990478079746,0.5011826102879465,1.0000305189751728,3.000045778462759,0.3152,32.5816,0.300000000000001,32.60000000000005,0.0037808725163905586,0.0003707657266666667,-0.0035217448,291.8902933333333,0.00015457406189280432,295.35864,295.96036666666663,295.95597,295.9186233333333,295.2043856433597,0.34480795000000003,0.33265686666666666,0.3097941066666667,0.3173484190368323,88195.2618396179,295.1938466666667,0.1307326177106843,1.319830956359628,127.21607048024201,3.352085873901354,121.73603899514586,118.53355132292613,6.10641954131729,6.890995276315729,0.083784247206189,10.0,0.09942803749536148
2046-10-31,Kampala,11573.29113153154,0.4988173897120534,19.0,0.0720095219202539,0.927990478079746,0.5011826102879465,1.0000305189751728,3.000045778462759,0.3152,32.5816,0.300000000000001,32.60000000000005,0.00356957322,0.0003707657266666667,-0.0035217448,291.79413825896205,0.00014676438249336266,295.35864,295.96036666666663,295.95597,295.9186233333333,295.70475,0.34480795000000003,0.33265686666666666,0.3097941066666667,0.3120477382856055,88254.09167534519,295.1938466666667,0.04111736977923128,1.3381166872146697,151.1943525926517,32.144342071988426,142.53448391329906,135.155628702117,7.284301605281789,7.863498426780732,0.0,10.0,0.0
2038-10-31,Kampala,11573.29113153154,0.4988173897120534,19.0,0.0720095219202539,0.927990478079746,0.5011826102879465,1.0000305189751728,3.000045778462759,0.3152,32.5816,0.300000000000001,32.60000000000005,0.003634459854512199,0.0003707657266666667,-0.0035217448,291.73180731868393,0.00014785770603424893,295.35864,295.96036666666663,295.95597,295.9186233333333,295.70475,0.34480795000000003,0.33265686666666666,0.3097941066666667,0.31940600723934803,88249.37497412394,295.1938466666667,0.05033253757433053,1.2940742654592,143.9051187106505,27.037216242736637,138.3681967726092,133.73670125602143,6.872850779885321,7.640495596475783,0.0,10.0,0.0
2043-10-31,Kampala,11573.29113153154,0.4988173897120534,19.0,0.0720095219202539,0.927990478079746,0.5011826102879465,1.0000305189751728,3.000045778462759,0.3152,32.5816,0.300000000000001,32.60000000000005,0.00356957322,0.0003707657266666667,-0.0035217448,291.71651952249516,0.00015992643029227353,295.35864,295.96036666666663,295.95597,295.9186233333333,295.70475,0.34480795000000003,0.33265686666666666,0.3097941066666667,0.31106768233642906,88288.04442461648,295.1938466666667,0.09073477510329729,1.1575857717571576,167.97089661681625,44.25204862481896,149.7682767188389,141.93226026010484,7.942135799396109,9.431595266734325,0.0,10.0,0.0
2027-07-31,Kampala,11573.29113153154,0.4988173897120534,19.0,0.0720095219202539,0.927990478079746,0.5011826102879465,1.0000305189751728,3.000045778462759,0.3152,32.5816,0.300000000000001,32.60000000000005,0.0037284095779144505,0.000543747491210771,-0.0035217448,291.61790188871134,0.0001633919968799699,295.35864,295.96036666666663,295.95597,295.9186233333333,295.69106729434174,0.34480795000000003,0.33265686666666666,0.3158234791644056,0.336715627756559,88250.93956950954,295.1938466666667,0.1671524724815823,1.2232589303877557,154.72280135273147,36.2693170722759,152.07934752968129,135.8353430700591,7.226022082912833,8.755837681166602,0.38691744674362955,10.408039305008264,0.3244238846965513
2039-04-30,Kampala,11573.29113153154,0.4988173897120534,19.0,0.0720095219202539,0.927990478079746,0.5011826102879465,1.0000305189751728,3.000045778462759,0.3152,32.5816,0.300000000000001,32.60000000000005,0.00356957322,0.0003707657266666667,-0.0035217448,291.7744919962051,0.00015704524185453062,295.35864,295.96036666666663,295.95597,295.9186233333333,295.70475,0.34480795000000003,0.33265686666666666,0.3097941066666667,0.308210186319862,88249.65049455536,295.1938466666667,0.1434092665664898,1.1969857790721734,153.15180981446312,27.981427855875655,136.64623097370563,129.96412148247407,7.2456724624418145,8.373254005595966,0.0189486247380302,10.0,0.0
2039-04-30,Kampala,11573.29113153154,0.4988173897120534,19.0,0.0720095219202539,0.927990478079746,0.5011826102879465,1.0000305189751728,3.000045778462759,0.3152,32.5816,0.300000000000001,32.60000000000005,0.00356957322,0.0003707657266666667,-0.0035217448,291.7744919962051,0.00015704524185453062,295.35864,295.96036666666663,295.95597,295.9186233333333,295.70475,0.34480795000000003,0.33265686666666666,0.3097941066666667,0.308210186319862,88249.65049455536,295.1938466666667,0.1434092665664898,1.1969857790721734,153.15180981446312,27.981427855875655,136.64623097370563,129.96412148247407,7.2456724624418145,8.373254005595966,0.0189486247380302,10.0,0.0
2035-07-31,Kampala,11573.29113153154,0.4988173897120534,19.0,0.0720095219202539,0.927990478079746,0.5011826102879465,1.0000305189751728,3.000045778462759,0.3152,32.5816,0.300000000000001,32.60000000000005,0.00356957322,0.0003865178232011889,-0.0035217448,291.6877500441716,0.0001624594676077204,295.35864,295.96036666666663,295.95597,295.9186233333333,295.70475,0.34480795000000003,0.33265686666666666,0.3097941066666667,0.32086198975269126,88260.34322265424,295.1938466666667,0.15061974618925314,1.2959536773848679,162.1909849963534,41.4361406952754,156.23960758113716,138.75171022558266,7.658019377153928,9.087785233246196,0.10728548201561065,10.0,0.09128236101497446
2039-04-30,Kampala,11573.29113153154,0.4988173897120534,19.0,0.0720095219202539,0.927990478079746,0.5011826102879465,1.0000305189751728,3.000045778462759,0.3152,32.5816,0.300000000000001,32.60000000000005,0.00356957322,0.0003707657266666667,-0.0035217448,291.7744919962051,0.00015704524185453062,295.35864,295.96036666666663,295.95597,295.9186233333333,295.70475,0.34480795000000003,0.33265686666666666,0.3097941066666667,0.308210186319862,88249.65049455536,295.1938466666667,0.1434092665664898,1.1969857790721734,153.15180981446312,27.981427855875655,136.64623097370563,129.96412148247407,7.2456724624418145,8.373254005595966,0.0189486247380302,10.0,0.0
2036-07-31,Kampala,11573.29113153154,0.4988173897120534,19.0,0.0720095219202539,0.927990478079746,0.5011826102879465,1.0000305189751728,3.000045778462759,0.3152,32.5816,0.300000000000001,32.60000000000005,0.0039022954854960705,0.0003707657266666667,-0.0035217448,291.1902686175485,0.00014728865247713352,295.35864,295.96036666666663,295.95597,295.8333192907798,295.70475,0.34480795000000003,0.33265686666666666,0.3097941066666667,0.3340149227288884,88264.94833333332,295.1938466666667,0.06826906278590732,1.2583076519072256,145.08708195645306,28.407645928565035,152.31940590478894,139.6078442819029,6.989600338849162,8.559701709345992,0.0,10.0,0.09272597240705378
2037-07-31,Kampala,11573.29113153154,0.4988173897120534,19.0,0.0720095219202539,0.927990478079746,0.5011826102879465,1.0000305189751728,3.000045778462759,0.3152,32.5816,0.300000000000001,32.60000000000005,0.00393188451319989,0.0003707657266666667,-0.0035217448,291.6207659474262,0.00015984770153319768,295.35864,295.96036666666663,295.95597,295.9186233333333,295.70475,0.34480795000000003,0.33265686666666666,0.3097941066666667,0.33201297713887307,88262.0336009782,295.1938466666667,0.10903002032602621,1.3513532523425213,142.28414134006417,25.87687435707025,150.68581385722666,136.7974305048135,6.816380398069138,7.741896539729381,0.022197554137724174,10.0,0.16780083303782425
2039-10-31,Kampala,11573.29113153154,0.4988173897120534,19.0,0.0720095219202539,0.927990478079746,0.5011826102879465,1.0000305189751728,3.000045778462759,0.3152,32.5816,0.300000000000001,32.60000000000005,0.00356957322,0.0003707657266666667,-0.0035217448,291.67038648681864,0.00016049776418534478,295.35864,295.96036666666663,295.95597,295.9186233333333,295.70475,0.34480795000000003,0.33265686666666666,0.3097941066666667,0.3162315727993277,88283.8830391344,295.1938466666667,0.0989575903839036,1.1343376510667595,165.66305657533712,42.997202248993254,147.86471132343777,141.1235577963474,7.805650202761163,9.335497813716087,0.0189486247380302,10.0,0.038243785250988725
2024-07-31,Kampala,11573.29113153154,0.4988173897120534,19.0,0.0720095219202539,0.927990478079746,0.5011826102879465,1.0000305189751728,3.000045778462759,0.3152,32.5816,0.300000000000001,32.60000000000005,0.004082033912113227,0.0004956927644863411,-0.0035217448,291.10752846416875,0.0001488670964582241,295.11243683481683,295.92182582721074,295.88269112801373,295.553183735955,295.70475,0.34480795000000003,0.33265686666666666,0.3151150939962039,0.35928651381455196,88264.94833333332,295.1938466666667,0.10479667280023985,1.18390119502515,137.60010956939473,20.877057601082544,145.87383028196606,133.95846552161376,6.563017187401844,8.272227463031216,0.39040432229791433,10.490251496784657,0.33435624155450067
2049-01-31,Kampala,11573.29113153154,0.4988173897120534,19.0,0.0720095219202539,0.927990478079746,0.5011826102879465,1.0000305189751728,3.000045778462759,0.3152,32.5816,0.300000000000001,32.60000000000005,0.00356957322,0.0003707657266666667,-0.0035217448,291.4344844444444,0.00014393825858750308,295.35864,295.96036666666663,295.95597,295.9186233333333,295.20974222222225,0.34480795000000003,0.33265686666666666,0.3097941066666667,0.3067982966666667,88240.1435646974,295.1938466666667,0.05994407374390239,1.4152811066666666,114.05504587728608,-0.08943460687887732,121.3826471577964,119.51820584361053,5.48427168577224,5.422273256484785,0.0,10.0,0.0
2036-07-31,Kampala,11573.29113153154,0.4988173897120534,19.0,0.0720095219202539,0.927990478079746,0.5011826102879465,1.0000305189751728,3.000045778462759,0.3152,32.5816,0.300000000000001,32.60000000000005,0.0039022954854960705,0.0003707657266666667,-0.0035217448,291.1902686175485,0.00014728865247713352,295.35864,295.96036666666663,295.95597,295.8333192907798,295.70475,0.34480795000000003,0.33265686666666666,0.3097941066666667,0.3340149227288884,88264.94833333332,295.1938466666667,0.06826906278590732,1.2583076519072256,145.08708195645306,28.407645928565035,152.31940590478894,139.6078442819029,6.989600338849162,8.559701709345992,0.0,10.0,0.09272597240705378
2025-07-31,Kampala,11573.29113153154,0.4988173897120534,19.0,0.0720095219202539,0.927990478079746,0.5011826102879465,1.0000305189751728,3.000045778462759,0.3152,32.5816,0.300000000000001,32.60000000000005,0.004293623253119259,0.0006683104059472354,-0.0035217448,291.5745235967847,0.00016134690936998235,295.35864,295.96036666666663,295.95597,295.9186233333333,295.70475,0.34859623032442455,0.33683148989577943,0.31974021098432454,0.35723640434355475,88247.5173542797,295.1938466666667,0.14509349028903004,1.2838452219928815,130.63484342401478,14.606002753455618,141.3118460263013,130.68825457991895,6.1987242683877355,7.296077285930842,0.6817682032257312,10.501291567205632,0.6003542241951897
2029-01-31,Kampala,11573.29113153154,0.4988173897120534,19.0,0.0720095219202539,0.927990478079746,0.5011826102879465,1.0000305189751728,3.000045778462759,0.3152,32.5816,0.300000000000001,32.60000000000005,0.0038434566598128197,0.0005068406954881094,-0.0035217448,291.4344844444445,0.00014549808019905785,295.22240322451347,295.96036666666663,295.95597,295.64630125313596,295.20974222222225,0.34480795000000003,0.33265686666666666,0.3119485618693688,0.3321622977866177,88228.36427704322,295.1938466666667,0.1003730254505504,1.3057428702709561,101.30372412658339,-12.904018590625837,110.82538337595356,112.14343541328371,4.781218981690157,4.903642509023855,0.2820018036050526,10.137742891638423,0.25008300634650965
2042-01-31,Kampala,11573.29113153154,0.4988173897120534,19.0,0.0720095219202539,0.927990478079746,0.5011826102879465,1.0000305189751728,3.000045778462759,0.3152,32.5816,0.300000000000001,32.60000000000005,0.00356957322,0.0003707657266666667,-0.0035217448,291.6343019691485,0.00014423096801976056,295.35864,295.96036666666663,295.95597,295.9186233333333,295.2097422222222,0.34480795000000003,0.33265686666666666,0.3097941066666667,0.315509753482985,88252.43966367707,295.1938466666667,0.05533534735589942,1.3633651628712833,122.29526952695119,8.341953147697614,132.1169970620231,120.78325565662577,5.984013862340954,5.986926017847679,0.0,10.0,0.0
2033-07-31,Kampala,11573.29113153154,0.4988173897120534,19.0,0.0720095219202539,0.927990478079746,0.5011826102879465,1.0000305189751728,3.000045778462759,0.3152,32.5816,0.300000000000001,32.60000000000005,0.004046915995018662,0.0004205607539711855,-0.0035217448,291.60417135351025,0.00016025381044411534,295.35864,295.96036666666663,295.95597,295.9186233333333,295.70475,0.34480795000000003,0.33265686666666666,0.3097941066666667,0.34046619511126447,88256.97162389128,295.1938466666667,0.1193827624043915,1.3265738555582514,138.2488604875247,22.158381038138554,147.601569162868,135.223444225441,6.612605482264303,7.618597818812529,0.16212532691683526,10.0,0.2888832820044538
2028-04-30,Kampala,11573.29113153154,0.4988173897120534,19.0,0.0720095219202539,0.927990478079746,0.5011826102879465,1.0000305189751728,3.000045778462759,0.3152,32.5816,0.300000000000001,32.60000000000005,0.004023311419315312,0.0003707657266666667,-0.0035217448,291.498275007901,0.0001595471377872144,295.35864,295.96036666666663,295.95597,295.9186233333333,295.7003658056978,0.34480795000000003,0.33265686666666666,0.3097941066666667,0.3479864001104849,88256.31645073486,295.1938466666667,0.09436398805597242,0.8638050371335756,160.40502699795834,34.49746803334481,147.65624976163826,135.6251862864866,7.664788868797594,9.872155221898408,0.13781608049019714,10.11058205196646,0.23743723594020957
2024-10-31,Kampala,11573.29113153154,0.4988173897120534,19.0,0.0720095219202539,0.927990478079746,0.5011826102879465,1.0000305189751728,3.000045778462759,0.3152,32.5816,0.300000000000001,32.60000000000005,0.004082033912113227,0.0004956927644863411,-0.0035217448,291.14376203353936,0.00013672973269779942,295.11243683481683,295.92182582721074,295.88269112801373,295.553183735955,295.20974222222225,0.34480795000000003,0.33265686666666666,0.3115376233884312,0.3513755286485471,88264.94833333332,295.1938466666667,0.03833289793266719,1.4108227641728204,104.77442952495029,-11.141353387806342,108.80234486488591,117.52276061350084,4.963017187401843,5.938894129697883,0.39040432229791433,10.213207026077848,0.33435624155450067
2046-01-31,Kampala,11573.29113153154,0.4988173897120534,19.0,0.0720095219202539,0.927990478079746,0.5011826102879465,1.0000305189751728,3.000045778462759,0.3152,32.5816,0.300000000000001,32.60000000000005,0.00356957322,0.0003707657266666667,-0.0035217448,291.6508214072982,0.00014376188184632473,295.35864,295.96036666666663,295.95597,295.9186233333333,295.2097422222222,0.34480795000000003,0.33265686666666666,0.3097941066666667,0.3122675203537156,88255.14519078401,295.1938466666667,0.04867989862353601,1.3869191894791664,126.39679342667965,12.080721149621063,134.8210790808918,123.01709513515287,6.208317809442079,6.057862646747104,0.0,10.0,0.0
2038-10-31,Kampala,11573.29113153154,0.4988173897120534,19.0,0.0720095219202539,0.927990478079746,0.5011826102879465,1.0000305189751728,3.000045778462759,0.3152,32.5816,0.300000000000001,32.60000000000005,0.003634459854512199,0.0003707657266666667,-0.0035217448,291.73180731868393,0.00014785770603424893,295.35864,295.96036666666663,295.95597,295.9186233333333,295.70475,0.34480795000000003,0.33265686666666666,0.3097941066666667,0.31940600723934803,88249.37497412394,295.1938466666667,0.05033253757433053,1.2940742654592,143.9051187106505,27.037216242736637,138.3681967726092,133.73670125602143,6.872850779885321,7.640495596475783,0.0,10.0,0.0
2027-04-30,Kampala,11573.29113153154,0.4988173897120534,19.0,0.0720095219202539,0.927990478079746,0.5011826102879465,1.0000305189751728,3.000045778462759,0.3152,32.5816,0.300000000000001,32.60000000000005,0.0037284095779144496,0.0004290711631846868,-0.0035217448,291.6696573660574,0.00015841315081479288,295.35864,295.96036666666663,295.95597,295.9186233333333,295.69106729434174,0.34480795000000003,0.33265686666666666,0.31438098936283865,0.3286555512294347,88228.25458871662,295.1938466666667,0.17903908951915581,1.0325760198804215,142.28283937665333,17.24575710414427,128.1828957411124,123.15925926184805,6.676925512821601,7.8758391597968584,0.29241880798361947,10.211616393661027,0.12985824120878942
2026-01-31,Kampala,11573.29113153154,0.4988173897120534,19.0,0.0720095219202539,0.927990478079746,0.5011826102879465,1.0000305189751728,3.000045778462759,0.3152,32.5816,0.300000000000001,32.60000000000005,0.0037781940369323724,0.000534922394134804,-0.0035217448,291.5745235967847,0.00014538045779413327,295.35864,295.96036666666663,295.95597,295.9186233333333,295.2097422222222,0.34537178201724344,0.33334850684516387,0.31408888393949735,0.34304122465934483,88242.83757495966,295.1938466666667,0.08815649857360926,1.2493749833557484,109.6078401535127,-4.2703446310005075,119.43118923014386,112.54901800451803,5.152613270763708,5.545119497672694,0.2975239740237457,10.261412520905845,0.2728104022097368
2046-04-30,Kampala,11573.29113153154,0.4988173897120534,19.0,0.0720095219202539,0.927990478079746,0.5011826102879465,1.0000305189751728,3.000045778462759,0.3152,32.5816,0.300000000000001,32.60000000000005,0.00356957322,0.0003707657266666667,-0.0035217448,291.8902933333333,0.00015363835487429016,295.35864,295.96036666666663,295.95597,295.9186233333333,295.2097422222222,0.34480795000000003,0.33265686666666666,0.3097941066666667,0.3067982966666667,88202.74019078402,295.1938466666667,0.10652122053610062,1.3869191894791664,137.96503512795948,14.843746476813628,131.2132931601021,123.05927691377599,6.713050379338125,7.114830020734203,0.0,10.0,0.0
2037-01-31,Kampala,11573.29113153154,0.4988173897120534,19.0,0.0720095219202539,0.927990478079746,0.5011826102879465,1.0000305189751728,3.000045778462759,0.3152,32.5816,0.300000000000001,32.60000000000005,0.003722992384673963,0.0003707657266666667,-0.0035217448,291.4344844444444,0.00014483442095197352,295.35864,295.96036666666663,295.95597,295.8333192907797,295.20974222222225,0.34480795000000003,0.33265686666666666,0.3097941066666667,0.32039922182985375,88233.19385735724,295.1938466666667,0.08459730883049643,1.3513532523425213,106.49275279114188,-7.713241359996215,115.07273866776029,115.06666816275651,5.069499455365594,5.121260875402586,0.022197554137724174,10.0,0.11661062315130732
2024-04-30,Kampala,11573.29113153154,0.4988173897120534,19.0,0.0720095219202539,0.927990478079746,0.5011826102879465,1.0000305189751728,3.000045778462759,0.3152,32.5816,0.300000000000001,32.60000000000005,0.004338264258169839,0.0004248877732123395,-0.0035217448,291.3998593629198,0.00015767412690390666,295.35864,295.96036666666663,295.95597,295.9186233333333,295.70475,0.34480795000000003,0.33265686666666666,0.3151603125783258,0.36097387044617757,88238.74583333333,295.1938466666667,0.11459016263238199,1.074898752945161,157.26344573667245,32.0632089054191,154.8888004518221,136.8963926709921,7.5320744541583515,9.830111667875913,0.32577123310518963,10.542612002695057,0.3751378236964472
2044-10-31,Kampala,11573.29113153154,0.4988173897120534,19.0,0.0720095219202539,0.927990478079746,0.5011826102879465,1.0000305189751728,3.000045778462759,0.3152,32.5816,0.300000000000001,32.60000000000005,0.0037861406847513796,0.0003707657266666667,-0.0035217448,291.22200367519054,0.00013498154981905563,295.35864,295.96036666666663,295.95597,295.9186233333333,295.20974222222225,0.34480795000000003,0.33265686666666666,0.3097941066666667,0.31987673052301385,88264.94833333332,295.1938466666667,-0.002727927757874815,1.4152811066666666,117.25704472364562,1.571039931344065,119.33600622235765,122.37193813840038,5.630228462384667,6.329944636816726,0.0,10.0,0.0
2046-10-31,Kampala,11573.29113153154,0.4988173897120534,19.0,0.0720095219202539,0.927990478079746,0.5011826102879465,1.0000305189751728,3.000045778462759,0.3152,32.5816,0.300000000000001,32.60000000000005,0.00356957322,0.0003707657266666667,-0.0035217448,291.79413825896205,0.00014676438249336266,295.35864,295.96036666666663,295.95597,295.9186233333333,295.70475,0.34480795000000003,0.33265686666666666,0.3097941066666667,0.3120477382856055,88254.09167534519,295.1938466666667,0.04111736977923128,1.3381166872146697,151.1943525926517,32.144342071988426,142.53448391329906,135.155628702117,7.284301605281789,7.863498426780732,0.0,10.0,0.0
2038-10-31,Kampala,11573.29113153154,0.4988173897120534,19.0,0.0720095219202539,0.927990478079746,0.5011826102879465,1.0000305189751728,3.000045778462759,0.3152,32.5816,0.300000000000001,32.60000000000005,0.003634459854512199,0.0003707657266666667,-0.0035217448,291.73180731868393,0.00014785770603424893,295.35864,295.96036666666663,295.95597,295.9186233333333,295.70475,0.34480795000000003,0.33265686666666666,0.3097941066666667,0.31940600723934803,88249.37497412394,295.1938466666667,0.05033253757433053,1.2940742654592,143.9051187106505,27.037216242736637,138.3681967726092,133.73670125602143,6.872850779885321,7.640495596475783,0.0,10.0,0.0
2041-07-31,Kampala,11573.29113153154,0.4988173897120534,19.0,0.0720095219202539,0.927990478079746,0.5011826102879465,1.0000305189751728,3.000045778462759,0.3152,32.5816,0.300000000000001,32.60000000000005,0.003808362077000223,0.0003707657266666667,-0.0035217448,291.6343019691485,0.00015942623422775023,295.35864,295.96036666666663,295.95597,295.9186233333333,295.70475,0.34480795000000003,0.33265686666666666,0.3097941066666667,0.323469954241179,88266.74012420622,295.1938466666667,0.09577250205926639,1.3735459063596218,145.53396832852198,29.330691618448572,153.81969019981582,138.1835338200974,7.041266177177003,7.849288002880594,0.0,10.0,0.061243028287403155
2034-10-31,Kampala,11573.29113153154,0.4988173897120534,19.0,0.0720095219202539,0.927990478079746,0.5011826102879465,1.0000305189751728,3.000045778462759,0.3152,32.5816,0.300000000000001,32.60000000000005,0.003692252354971552,0.00038212922143305753,-0.0035217448,291.699988875732,0.000148323425705241,295.35864,295.96036666666663,295.95597,295.9186233333333,295.69939342113753,0.34480795000000003,0.33265686666666666,0.3097941066666667,0.3269364834658822,88246.99563570572,295.1938466666667,0.05832929965581656,1.2715073641315449,140.2913184776827,23.157064059012466,135.98912129532218,132.66161019517492,6.685648429202342,7.486334789329153,0.083784247206189,10.0,0.10155925102067472
2025-10-31,Kampala,11573.29113153154,0.4988173897120534,19.0,0.0720095219202539,0.927990478079746,0.5011826102879465,1.0000305189751728,3.000045778462759,0.3152,32.5816,0.300000000000001,32.60000000000005,0.003957552538854797,0.0005191718406202989,-0.0035217448,291.5745235967847,0.00014027892654826617,295.35864,295.96036666666663,295.95597,295.9186233333333,295.20974222222225,0.34480795000000003,0.33265686666666666,0.3118587483536468,0.34836970149990826,88234.05638092257,295.1938466666667,0.052925538421298324,1.3894273867763633,111.48343937544603,-4.186735843445203,114.68308254267804,118.78769926765949,5.234753898744493,6.221894878355268,0.3908677716843287,10.177374212148552,0.3268175677923589
2035-07-31,Kampala,11573.29113153154,0.4988173897120534,19.0,0.0720095219202539,0.927990478079746,0.5011826102879465,1.0000305189751728,3.000045778462759,0.3152,32.5816,0.300000000000001,32.60000000000005,0.00356957322,0.0003865178232011889,-0.0035217448,291.6877500441716,0.0001624594676077204,295.35864,295.96036666666663,295.95597,295.9186233333333,295.70475,0.34480795000000003,0.33265686666666666,0.3097941066666667,0.32086198975269126,88260.34322265424,295.1938466666667,0.15061974618925314,1.2959536773848679,162.1909849963534,41.4361406952754,156.23960758113716,138.75171022558266,7.658019377153928,9.087785233246196,0.10728548201561065,10.0,0.09128236101497446
2032-07-31,Kampala,11573.29113153154,0.4988173897120534,19.0,0.0720095219202539,0.927990478079746,0.5011826102879465,1.0000305189751728,3.000045778462759,0.3152,32.5816,0.300000000000001,32.60000000000005,0.003964901644423303,0.0003707657266666667,-0.0035217448,291.17163839682553,0.00014771185950304976,295.33388508501383,295.96036666666663,295.95597,295.7388502179121,295.70475,0.34480795000000003,0.33265686666666666,0.3097941066666667,0.34224580296456625,88264.94833333332,295.1938466666667,0.0806709531886556,1.2354962554397966,142.4340228118086,26.052201313857285,150.23429654044034,137.98713917306407,6.848492334311235,8.490301425449363,0.033958378395857115,10.0,0.14827751350292026
2043-04-30,Kampala,11573.29113153154,0.4988173897120534,19.0,0.0720095219202539,0.927990478079746,0.5011826102879465,1.0000305189751728,3.000045778462759,0.3152,32.5816,0.300000000000001,32.60000000000005,0.00356957322,0.0003707657266666667,-0.0035217448,291.8036326809161,0.00015666859749308005,295.35864,295.96036666666663,295.95597,295.9186233333333,295.70475,0.34480795000000003,0.33265686666666666,0.3097941066666667,0.3067982966666667,88256.73695846234,295.1938466666667,0.13389756589033433,1.2419425616666895,155.6901000377717,30.295795877452804,138.62443232577013,131.22889308316155,7.398300925522854,8.519994258223887,0.0,10.0,0.0
2044-01-31,Kampala,11573.29113153154,0.4988173897120534,19.0,0.0720095219202539,0.927990478079746,0.5011826102879465,1.0000305189751728,3.000045778462759,0.3152,32.5816,0.300000000000001,32.60000000000005,0.00356957322,0.0003707657266666667,-0.0035217448,291.77891640466277,0.00015592682303603778,295.35864,295.96036666666663,295.95597,295.9186233333333,295.70475,0.34480795000000003,0.33265686666666666,0.3097941066666667,0.31106768233642906,88269.05909275588,295.1938466666667,0.045171392632704234,1.0457133896465112,168.09661390048248,45.656651966666665,159.0563561805363,141.93226026010484,7.988118839535111,9.463258465209583,0.0,10.0,0.0
2032-10-31,Kampala,11573.29113153154,0.4988173897120534,19.0,0.0720095219202539,0.927990478079746,0.5011826102879465,1.0000305189751728,3.000045778462759,0.3152,32.5816,0.300000000000001,32.60000000000005,0.003964901644423303,0.0003707657266666667,-0.0035217448,291.1749314909877,0.00013597053309487327,295.33388508501383,295.96036666666663,295.95597,295.7388502179121,295.20974222222225,0.34480795000000003,0.33265686666666666,0.3097941066666667,0.3366043009579598,88264.94833333332,295.1938466666667,0.021342004390675073,1.4152811066666666,109.60834276736415,-5.966209675031604,113.06336751471969,120.13743848785437,5.248492334311234,6.15696809211603,0.033958378395857115,10.0,0.14827751350292026
2036-04-30,Kampala,11573.29113153154,0.4988173897120534,19.0,0.0720095219202539,0.927990478079746,0.5011826102879465,1.0000305189751728,3.000045778462759,0.3152,32.5816,0.300000000000001,32.60000000000005,0.0039022954854960705,0.0003707657266666667,-0.0035217448,291.5784870846914,0.00015859782797157294,295.35864,295.96036666666663,295.95597,295.9186233333333,295.70475,0.34480795000000003,0.33265686666666666,0.3097941066666667,0.3311176237935095,88260.73632012558,295.1938466666667,0.07120381433849826,0.9550844168423485,164.9140138306723,39.344090136179496,151.63162749701937,139.09272042922382,7.89346490654745,10.0,0.0,10.0,0.09272597240705378
2024-10-31,Kampala,11573.29113153154,0.4988173897120534,19.0,0.0720095219202539,0.927990478079746,0.5011826102879465,1.0000305189751728,3.000045778462759,0.3152,32.5816,0.300000000000001,32.60000000000005,0.004082033912113227,0.0004956927644863411,-0.0035217448,291.14376203353936,0.00013672973269779942,295.11243683481683,295.92182582721074,295.88269112801373,295.553183735955,295.20974222222225,0.34480795000000003,0.33265686666666666,0.3115376233884312,0.3513755286485471,88264.94833333332,295.1938466666667,0.03833289793266719,1.4108227641728204,104.77442952495029,-11.141353387806342,108.80234486488591,117.52276061350084,4.963017187401843,5.938894129697883,0.39040432229791433,10.213207026077848,0.33435624155450067
2024-04-30,Kampala,11573.29113153154,0.4988173897120534,19.0,0.0720095219202539,0.927990478079746,0.5011826102879465,1.0000305189751728,3.000045778462759,0.3152,32.5816,0.300000000000001,32.60000000000005,0.004338264258169839,0.0004248877732123395,-0.0035217448,291.3998593629198,0.00015767412690390666,295.35864,295.96036666666663,295.95597,295.9186233333333,295.70475,0.34480795000000003,0.33265686666666666,0.3151603125783258,0.36097387044617757,88238.74583333333,295.1938466666667,0.11459016263238199,1.074898752945161,157.26344573667245,32.0632089054191,154.8888004518221,136.8963926709921,7.5320744541583515,9.830111667875913,0.32577123310518963,10.542612002695057,0.3751378236964472
2025-04-30,Kampala,11573.29113153154,0.4988173897120534,19.0,0.0720095219202539,0.927990478079746,0.5011826102879465,1.0000305189751728,3.000045778462759,0.3152,32.5816,0.300000000000001,32.60000000000005,0.004293623253119259,0.0005642781102275285,-0.0035217448,291.8902933333333,0.00015638943238547435,295.35864,295.96036666666663,295.95597,295.9186233333333,295.20974222222225,0.3485962303244245,0.33683148989577943,0.31974021098432454,0.3411495060077842,88195.11235427968,295.1938466666667,0.12484260651143557,1.2838452219928815,115.75944407012526,-7.566107841872789,112.14883455797126,114.44845314877493,5.458248120272884,6.270917976350866,0.5330829285700815,10.464851267856014,0.4773491639387757
2037-04-30,Kampala,11573.29113153154,0.4988173897120534,19.0,0.0720095219202539,0.927990478079746,0.5011826102879465,1.0000305189751728,3.000045778462759,0.3152,32.5816,0.300000000000001,32.60000000000005,0.00393188451319989,0.0003707657266666667,-0.0035217448,291.8902933333333,0.00015532382326932694,295.35864,295.96036666666663,295.95597,295.9186233333333,295.20974222222225,0.34480795000000003,0.33265686666666666,0.3097941066666667,0.32090219185157826,88209.62860097822,295.1938466666667,0.10075908878770301,1.3513532523425216,123.49432185563269,-0.09289891736705395,118.40265166191641,118.28692056553183,5.867838532116175,6.561559166056594,0.022197554137724174,10.0,0.16780083303782425
2024-10-31,Kampala,11573.29113153154,0.4988173897120534,19.0,0.0720095219202539,0.927990478079746,0.5011826102879465,1.0000305189751728,3.000045778462759,0.3152,32.5816,0.300000000000001,32.60000000000005,0.004082033912113227,0.0004956927644863411,-0.0035217448,291.14376203353936,0.00013672973269779942,295.11243683481683,295.92182582721074,295.88269112801373,295.553183735955,295.20974222222225,0.34480795000000003,0.33265686666666666,0.3115376233884312,0.3513755286485471,88264.94833333332,295.1938466666667,0.03833289793266719,1.4108227641728204,104.77442952495029,-11.141353387806342,108.80234486488591,117.52276061350084,4.963017187401843,5.938894129697883,0.39040432229791433,10.213207026077848,0.33435624155450067
2037-04-30,Kampala,11573.29113153154,0.4988173897120534,19.0,0.0720095219202539,0.927990478079746,0.5011826102879465,1.0000305189751728,3.000045778462759,0.3152,32.5816,0.300000000000001,32.60000000000005,0.00393188451319989,0.0003707657266666667,-0.0035217448,291.8902933333333,0.00015532382326932694,295.35864,295.96036666666663,295.95597,295.9186233333333,295.20974222222225,0.34480795000000003,0.33265686666666666,0.3097941066666667,0.32090219185157826,88209.62860097822,295.1938466666667,0.10075908878770301,1.3513532523425216,123.49432185563269,-0.09289891736705395,118.40265166191641,118.28692056553183,5.867838532116175,6.561559166056594,0.022197554137724174,10.0,0.16780083303782425
2047-01-31,Kampala,11573.29113153154,0.4988173897120534,19.0,0.0720095219202539,0.927990478079746,0.5011826102879465,1.0000305189751728,3.000045778462759,0.3152,32.5816,0.300000000000001,32.60000000000005,0.00356957322,0.0003707657266666667,-0.0035217448,291.79413825896205,0.00014741460088268398,295.35864,295.96036666666663,295.95597,295.9186233333333,295.70475,0.34480795000000003,0.33265686666666666,0.3097941066666667,0.3120477382856055,88290.69173213716,295.1938466666667,0.03870151483063743,1.2878040265048833,151.19435259265168,33.06868013228521,148.93343730140097,132.8287572829861,7.284301605281789,7.863498426780732,0.0,10.0,0.0
2039-07-31,Kampala,11573.29113153154,0.4988173897120534,19.0,0.0720095219202539,0.927990478079746,0.5011826102879465,1.0000305189751728,3.000045778462759,0.3152,32.5816,0.300000000000001,32.60000000000005,0.00356957322,0.0003707657266666667,-0.0035217448,291.72189823956086,0.00016182162508433776,295.35864,295.96036666666663,295.95597,295.9186233333333,295.70475,0.34480795000000003,0.33265686666666666,0.3097941066666667,0.3153238545016602,88265.22385376475,295.1938466666667,0.14292720630771785,1.3181926202796401,165.6630565753371,42.997202248993254,157.52307265476972,140.35172260309378,7.805650202761163,9.252791351215047,0.0189486247380302,10.0,0.038243785250988725
2028-04-30,Kampala,11573.29113153154,0.4988173897120534,19.0,0.0720095219202539,0.927990478079746,0.5011826102879465,1.0000305189751728,3.000045778462759,0.3152,32.5816,0.300000000000001,32.60000000000005,0.004023311419315312,0.0003707657266666667,-0.0035217448,291.498275007901,0.0001595471377872144,295.35864,295.96036666666663,295.95597,295.9186233333333,295.7003658056978,0.34480795000000003,0.33265686666666666,0.3097941066666667,0.3479864001104849,88256.31645073486,295.1938466666667,0.09436398805597242,0.8638050371335756,160.40502699795834,34.49746803334481,147.65624976163826,135.6251862864866,7.664788868797594,9.872155221898408,0.13781608049019714,10.11058205196646,0.23743723594020957
2046-04-30,Kampala,11573.29113153154,0.4988173897120534,19.0,0.0720095219202539,0.927990478079746,0.5011826102879465,1.0000305189751728,3.000045778462759,0.3152,32.5816,0.300000000000001,32.60000000000005,0.00356957322,0.0003707657266666667,-0.0035217448,291.8902933333333,0.00015363835487429016,295.35864,295.96036666666663,295.95597,295.9186233333333,295.2097422222222,0.34480795000000003,0.33265686666666666,0.3097941066666667,0.3067982966666667,88202.74019078402,295.1938466666667,0.10652122053610062,1.3869191894791664,137.96503512795948,14.843746476813628,131.2132931601021,123.05927691377599,6.713050379338125,7.114830020734203,0.0,10.0,0.0
2034-10-31,Kampala,11573.29113153154,0.4988173897120534,19.0,0.0720095219202539,0.927990478079746,0.5011826102879465,1.0000305189751728,3.000045778462759,0.3152,32.5816,0.300000000000001,32.60000000000005,0.003692252354971552,0.00038212922143305753,-0.0035217448,291.699988875732,0.000148323425705241,295.35864,295.96036666666663,295.95597,295.9186233333333,295.69939342113753,0.34480795000000003,0.33265686666666666,0.3097941066666667,0.3269364834658822,88246.99563570572,295.1938466666667,0.05832929965581656,1.2715073641315449,140.2913184776827,23.157064059012466,135.98912129532218,132.66161019517492,6.685648429202342,7.486334789329153,0.083784247206189,10.0,0.10155925102067472
2032-04-30,Kampala,11573.29113153154,0.4988173897120534,19.0,0.0720095219202539,0.927990478079746,0.5011826102879465,1.0000305189751728,3.000045778462759,0.3152,32.5816,0.300000000000001,32.60000000000005,0.003964901644423302,0.0003707657266666667,-0.0035217448,291.5447866058111,0.00015896495319638366,295.35864,295.96036666666663,295.95597,295.9186233333333,295.70475,0.34480795000000003,0.33265686666666666,0.3097941066666667,0.33940609761616986,88258.16753537233,295.1938466666667,0.0839474476946359,0.9120784318647521,162.80990179243562,36.965454936768985,149.71429471301192,137.44729913896617,7.814081470278129,9.966556500239568,0.033958378395857115,10.0,0.14827751350292026
2042-04-30,Kampala,11573.29113153154,0.4988173897120534,19.0,0.0720095219202539,0.927990478079746,0.5011826102879465,1.0000305189751728,3.000045778462759,0.3152,32.5816,0.300000000000001,32.60000000000005,0.003575243800238713,0.0003707657266666667,-0.0035217448,291.8902933333333,0.00015408938653233497,295.35864,295.96036666666663,295.95597,295.9186233333333,295.2097422222222,0.34480795000000003,0.33265686666666666,0.3097941066666667,0.307192873201598,88200.03466367708,295.1938466666667,0.11479093341725748,1.3633651628712833,134.3694459814446,10.999143596778277,128.2464579744229,121.6063987381218,6.525872616311083,7.08510397138483,0.0,10.0,0.0
2039-04-30,Kampala,11573.29113153154,0.4988173897120534,19.0,0.0720095219202539,0.927990478079746,0.5011826102879465,1.0000305189751728,3.000045778462759,0.3152,32.5816,0.300000000000001,32.60000000000005,0.00356957322,0.0003707657266666667,-0.0035217448,291.7744919962051,0.00015704524185453062,295.35864,295.96036666666663,295.95597,295.9186233333333,295.70475,0.34480795000000003,0.33265686666666666,0.3097941066666667,0.308210186319862,88249.65049455536,295.1938466666667,0.1434092665664898,1.1969857790721734,153.15180981446312,27.981427855875655,136.64623097370563,129.96412148247407,7.2456724624418145,8.373254005595966,0.0189486247380302,10.0,0.0
2048-10-31,Kampala,11573.29113153154,0.4988173897120534,19.0,0.0720095219202539,0.927990478079746,0.5011826102879465,1.0000305189751728,3.000045778462759,0.3152,32.5816,0.300000000000001,32.60000000000005,0.0037229693145779744,0.0003707657266666667,-0.0035217448,291.23560134461144,0.00013457462717695869,295.35864,295.96036666666663,295.95597,295.9186233333333,295.20974222222225,0.34480795000000003,0.33265686666666666,0.3097941066666667,0.31455577508341565,88264.94833333332,295.1938466666667,-0.00715196711655403,1.4152811066666666,119.95157448610792,4.160803396159618,121.4866998432958,123.06126358205324,5.704430795677946,6.37220348767011,0.0,10.0,0.0
2027-04-30,Kampala,11573.29113153154,0.4988173897120534,19.0,0.0720095219202539,0.927990478079746,0.5011826102879465,1.0000305189751728,3.000045778462759,0.3152,32.5816,0.300000000000001,32.60000000000005,0.0037284095779144496,0.0004290711631846868,-0.0035217448,291.6696573660574,0.00015841315081479288,295.35864,295.96036666666663,295.95597,295.9186233333333,295.69106729434174,0.34480795000000003,0.33265686666666666,0.31438098936283865,0.3286555512294347,88228.25458871662,295.1938466666667,0.17903908951915581,1.0325760198804215,142.28283937665333,17.24575710414427,128.1828957411124,123.15925926184805,6.676925512821601,7.8758391597968584,0.29241880798361947,10.211616393661027,0.12985824120878942
2047-07-31,Kampala,11573.29113153154,0.4988173897120534,19.0,0.0720095219202539,0.927990478079746,0.5011826102879465,1.0000305189751728,3.000045778462759,0.3152,32.5816,0.300000000000001,32.60000000000005,0.00356957322,0.0003707657266666667,-0.0035217448,291.78328461228983,0.00016094861330296438,295.35864,295.96036666666663,295.95597,295.9186233333333,295.70475,0.34480795000000003,0.33265686666666666,0.3097941066666667,0.3083598793183546,88274.55079585077,295.1938466666667,0.12552262427601604,1.3649684459568805,169.01380533333335,45.53861210785999,159.5320057972948,141.79743095751022,8.0,9.508664911388772,0.0,10.0,0.0
2035-10-31,Kampala,11573.29113153154,0.4988173897120534,19.0,0.0720095219202539,0.927990478079746,0.5011826102879465,1.0000305189751728,3.000045778462759,0.3152,32.5816,0.300000000000001,32.60000000000005,0.00356957322,0.0003865178232011889,-0.0035217448,291.62015962242566,0.0001611035141450636,295.35864,295.96036666666663,295.95597,295.9186233333333,295.70475,0.34480795000000003,0.33265686666666666,0.3097941066666667,0.3218190616287424,88278.87717823347,295.1938466666667,0.10715052713877926,1.1120578716017897,163.0549484949836,40.76615812901465,145.52650433798584,139.5850095904501,7.660632570902812,9.22876418696648,0.10728548201561065,10.0,0.09128236101497446
2027-07-31,Kampala,11573.29113153154,0.4988173897120534,19.0,0.0720095219202539,0.927990478079746,0.5011826102879465,1.0000305189751728,3.000045778462759,0.3152,32.5816,0.300000000000001,32.60000000000005,0.0037284095779144505,0.000543747491210771,-0.0035217448,291.61790188871134,0.0001633919968799699,295.35864,295.96036666666663,295.95597,295.9186233333333,295.69106729434174,0.34480795000000003,0.33265686666666666,0.3158234791644056,0.336715627756559,88250.93956950954,295.1938466666667,0.1671524724815823,1.2232589303877557,154.72280135273147,36.2693170722759,152.07934752968129,135.8353430700591,7.226022082912833,8.755837681166602,0.38691744674362955,10.408039305008264,0.3244238846965513
2041-10-31,Kampala,11573.29113153154,0.4988173897120534,19.0,0.0720095219202539,0.927990478079746,0.5011826102879465,1.0000305189751728,3.000045778462759,0.3152,32.5816,0.300000000000001,32.60000000000005,0.0037160625487457307,0.0003707657266666667,-0.0035217448,291.6343019691485,0.00013900779358559502,295.35864,295.96036666666663,295.95597,295.9186233333333,295.20974222222225,0.34480795000000003,0.33265686666666666,0.3097941066666667,0.3207022372732245,88244.02438880398,295.1938466666667,0.020004982935087113,1.4152811066666666,124.06255436447118,8.136666532630272,127.25147341693024,125.54946347844633,6.073336764656285,6.568488713129516,0.0,10.0,0.0
2043-04-30,Kampala,11573.29113153154,0.4988173897120534,19.0,0.0720095219202539,0.927990478079746,0.5011826102879465,1.0000305189751728,3.000045778462759,0.3152,32.5816,0.300000000000001,32.60000000000005,0.00356957322,0.0003707657266666667,-0.0035217448,291.8036326809161,0.00015666859749308005,295.35864,295.96036666666663,295.95597,295.9186233333333,295.70475,0.34480795000000003,0.33265686666666666,0.3097941066666667,0.3067982966666667,88256.73695846234,295.1938466666667,0.13389756589033433,1.2419425616666895,155.6901000377717,30.295795877452804,138.62443232577013,131.22889308316155,7.398300925522854,8.519994258223887,0.0,10.0,0.0
2045-07-31,Kampala,11573.29113153154,0.4988173897120534,19.0,0.0720095219202539,0.927990478079746,0.5011826102879465,1.0000305189751728,3.000045778462759,0.3152,32.5816,0.300000000000001,32.60000000000005,0.0036955901859765175,0.0003707657266666667,-0.0035217448,291.6508214072982,0.00015884301317566256,295.35864,295.96036666666663,295.95597,295.9186233333333,295.70475,0.34480795000000003,0.33265686666666666,0.3097941066666667,0.31511047463192216,88271.43073117551,295.1938466666667,0.08430495740560028,1.3939786433013204,149.93205255073312,33.35017115668917,156.85021319433122,139.65559885057627,7.21048193656797,7.950905617751034,0.0,10.0,0.014121809258860881
2039-04-30,Kampala,11573.29113153154,0.4988173897120534,19.0,0.0720095219202539,0.927990478079746,0.5011826102879465,1.0000305189751728,3.000045778462759,0.3152,32.5816,0.300000000000001,32.60000000000005,0.00356957322,0.0003707657266666667,-0.0035217448,291.7744919962051,0.00015704524185453062,295.35864,295.96036666666663,295.95597,295.9186233333333,295.70475,0.34480795000000003,0.33265686666666666,0.3097941066666667,0.308210186319862,88249.65049455536,295.1938466666667,0.1434092665664898,1.1969857790721734,153.15180981446312,27.981427855875655,136.64623097370563,129.96412148247407,7.2456724624418145,8.373254005595966,0.0189486247380302,10.0,0.0
2033-10-31,Kampala,11573.29113153154,0.4988173897120534,19.0,0.0720095219202539,0.927990478079746,0.5011826102879465,1.0000305189751728,3.000045778462759,0.3152,32.5816,0.300000000000001,32.60000000000005,0.003835673598904802,0.00037318639076642867,-0.0035217448,291.60417135351025,0.00013956644767998516,295.35864,295.96036666666663,295.95597,295.9186233333333,295.20974222222225,0.34480795000000003,0.33265686666666666,0.3097941066666667,0.33206766666068643,88238.88925627687,295.1938466666667,0.036174842839674044,1.4152811066666666,116.98970606880367,0.8619030345580967,120.87937574146788,122.63113933923744,5.651749387563115,6.435498496089465,0.054439577867627376,10.0,0.1222917746760638
2045-01-31,Kampala,11573.29113153154,0.4988173897120534,19.0,0.0720095219202539,0.927990478079746,0.5011826102879465,1.0000305189751728,3.000045778462759,0.3152,32.5816,0.300000000000001,32.60000000000005,0.0036071381153240222,0.0003707657266666667,-0.0035217448,291.4344844444444,0.00014422541456504405,295.35864,295.96036666666663,295.95597,295.9186233333333,295.20974222222225,0.34480795000000003,0.33265686666666666,0.3097941066666667,0.30924066344573337,88237.93517671258,295.1938466666667,0.06823314645455261,1.3939786433013204,111.74194006908958,-2.71722254896245,119.24300868846494,117.94541639095861,5.345442968848683,5.337817628554859,0.0,10.0,0.014121809258860881
2043-10-31,Kampala,11573.29113153154,0.4988173897120534,19.0,0.0720095219202539,0.927990478079746,0.5011826102879465,1.0000305189751728,3.000045778462759,0.3152,32.5816,0.300000000000001,32.60000000000005,0.00356957322,0.0003707657266666667,-0.0035217448,291.71651952249516,0.00015992643029227353,295.35864,295.96036666666663,295.95597,295.9186233333333,295.70475,0.34480795000000003,0.33265686666666666,0.3097941066666667,0.31106768233642906,88288.04442461648,295.1938466666667,0.09073477510329729,1.1575857717571576,167.97089661681625,44.25204862481896,149.7682767188389,141.93226026010484,7.942135799396109,9.431595266734325,0.0,10.0,0.0
2044-04-30,Kampala,11573.29113153154,0.4988173897120534,19.0,0.0720095219202539,0.927990478079746,0.5011826102879465,1.0000305189751728,3.000045778462759,0.3152,32.5816,0.300000000000001,32.60000000000005,0.0037861406847513796,0.0003707657266666667,-0.0035217448,291.64240655340006,0.0001574865202133548,295.35864,295.96036666666663,295.95597,295.9186233333333,295.70475,0.34480795000000003,0.33265686666666666,0.3097941066666667,0.31743436374394723,88269.05909275588,295.1938466666667,0.045561989984772955,1.0457133896465114,167.47645751232852,43.01071253060823,155.84733211111367,141.93226026010484,8.0,10.0,0.0,10.0,0.0
2037-01-31,Kampala,11573.29113153154,0.4988173897120534,19.0,0.0720095219202539,0.927990478079746,0.5011826102879465,1.0000305189751728,3.000045778462759,0.3152,32.5816,0.300000000000001,32.60000000000005,0.003722992384673963,0.0003707657266666667,-0.0035217448,291.4344844444444,0.00014483442095197352,295.35864,295.96036666666663,295.95597,295.8333192907797,295.20974222222225,0.34480795000000003,0.33265686666666666,0.3097941066666667,0.32039922182985375,88233.19385735724,295.1938466666667,0.08459730883049643,1.3513532523425213,106.49275279114188,-7.713241359996215,115.07273866776029,115.06666816275651,5.069499455365594,5.121260875402586,0.022197554137724174,10.0,0.11661062315130732
2029-10-31,Kampala,11573.29113153154,0.4988173897120534,19.0,0.0720095219202539,0.927990478079746,0.5011826102879465,1.0000305189751728,3.000045778462759,0.3152,32.5816,0.300000000000001,32.60000000000005,0.003895409185553478,0.00042552674966886417,-0.0035217448,291.58942990936094,0.00014006766097054665,295.35864,295.96036666666663,295.95597,295.9186233333333,295.20974222222225,0.34480795000000003,0.33265686666666666,0.3097941066666667,0.3400456319140335,88236.76382967357,295.1938466666667,0.04517928511066435,1.4095938194192852,113.86680079926464,-1.8677157491976406,117.89035300633701,120.4977393440984,5.446021082089099,6.315555500153541,0.21073126271668044,10.0,0.22627403159315884
2030-04-30,Kampala,11573.29113153154,0.4988173897120534,19.0,0.0720095219202539,0.927990478079746,0.5011826102879465,1.0000305189751728,3.000045778462759,0.3152,32.5816,0.300000000000001,32.60000000000005,0.003906938307544964,0.0003805415290771168,-0.0035217448,291.8902933333333,0.0001549324179478434,295.35864,295.96036666666663,295.95597,295.9186233333333,295.13844390213865,0.34480795000000003,0.33265686666666666,0.3097941066666667,0.3252074554657953,88193.11595340882,295.1938466666667,0.13861777041613207,1.2901226304624043,124.49739165255124,0.7932184847892797,119.06010074040582,116.12403628950706,5.897278005926158,6.784951472071953,0.24259760206687794,10.036380145977883,0.19774932418932764
2036-04-30,Kasese,10529.614022288868,0.827247341034288,19.0,0.0,1.0,0.1098988295973021,1.0000305189751728,3.999954221537241,0.1699,30.0781,0.200000000000001,30.100000000000016,0.004125871405972561,0.000894771589729841,-0.002628238956378129,289.02759,0.00018719007596886212,295.31648400459727,295.14603666666665,295.702079160648,295.2303058333333,295.55110666666667,0.4224366442554293,0.3799275915024041,0.3561182324434354,0.378227235,89711.53833333333,296.3176675,-0.45921387208006986,-0.16652483378555002,56.34627575723899,-17.616855711516287,55.7994943966487,65.89576015082243,2.655169785947791,6.892029560009369,1.1051064429307973,5.734661290785155,0.3799987853959788
2046-07-31,Kasese,10529.614022288868,0.827247341034288,19.0,0.0,1.0,0.1098988295973021,1.0000305189751728,3.999954221537241,0.1699,30.0781,0.200000000000001,30.100000000000016,0.004692721086587808,0.001458011161970654,-0.0026489593919973506,289.02759,0.00021297406163328569,294.6338823881569,295.14603666666665,295.1554375,295.2303058333333,295.55110666666667,0.43333943999999996,0.4008586492821707,0.3740101852067465,0.378227235,89657.25583333333,296.3176675,-0.4028949745890222,-0.12071740219806078,63.25611797674001,-14.446610150245485,75.28195994929581,67.97858914583588,2.8446107224054074,6.263896588665008,1.903903826443446,6.196174602887492,0.9273550325115746
2027-01-31,Kasese,10529.614022288868,0.827247341034288,19.0,0.0,1.0,0.1098988295973021,1.0000305189751728,3.999954221537241,0.1699,30.0781,0.200000000000001,30.100000000000016,0.0041798561230452684,0.0011515741082265885,-0.0026133510489186693,289.02759,0.00019481357074390627,295.09529100700394,295.14603666666665,295.4208722029791,295.2303058333333,295.55110666666667,0.4182424182087874,0.38777489400988197,0.3609383552903263,0.3748623918066089,89657.25583333333,296.3176675,-0.4609107580290978,-0.08933863762780937,64.13935446700346,-16.370362390972616,69.68059231852854,64.74881579956842,2.8620105261106796,6.383553487643643,1.275496468843616,5.919223391621142,0.6025039277483983
2041-04-30,Kasese,10529.614022288868,0.827247341034288,19.0,0.0,1.0,0.1098988295973021,1.0000305189751728,3.999954221537241,0.1699,30.0781,0.200000000000001,30.100000000000016,0.00520681831818671,0.0016134874086576312,-0.0029039231805893188,289.02759,0.00022624124233084914,294.8685785766247,295.14603666666665,295.1554375,295.2303058333333,295.55110666666667,0.43333943999999996,0.41077537967564853,0.38160160541634386,0.378227235,89657.25583333333,296.3176675,-0.3700058018350423,-0.1373860606121884,93.58796462542949,6.36357491307161,91.81185966940775,82.65798969609237,4.204886435792318,7.420960709610665,2.0879442106261004,6.453912767767666,0.9732375241034289
2038-07-31,Kasese,10529.614022288868,0.827247341034288,19.0,0.0,1.0,0.1098988295973021,1.0000305189751728,3.999954221537241,0.1699,30.0781,0.200000000000001,30.100000000000016,0.004697428921539834,0.001510701288815931,-0.0026877347666652233,289.02759,0.00021222035090054522,294.83836819400216,295.14603666666665,295.1893638510033,295.2303058333333,295.55110666666667,0.43333943999999996,0.4017373031246425,0.3744100168736808,0.378227235,89657.25583333333,296.3176675,-0.4064728855022645,-0.12373381598873644,67.98843449173273,-10.30586125067638,76.39232951516554,70.17650126193841,3.056993124366701,6.432717082714994,1.860067539888081,6.223167824175394,0.9270406518548251
2028-07-31,Kasese,10529.614022288868,0.827247341034288,19.0,0.0,1.0,0.1098988295973021,1.0000305189751728,3.999954221537241,0.1699,30.0781,0.200000000000001,30.100000000000016,0.004357679248029927,0.001084204965793751,-0.002711145322021082,289.3287377376068,0.00019565354208552583,295.586165626257,295.14603666666665,295.16080340762,295.2303058333333,295.55110666666667,0.4166581908572775,0.38910443331091044,0.3615046022046691,0.36613183585827763,89711.53833333333,296.3176675,-0.4700553526049611,-0.14257478589172143,57.76560178507517,-16.33230068866763,57.95134349661625,66.63540492757078,2.7229437539666232,7.069706762064897,1.307161153839879,6.010865483853426,0.4604958946625672
2044-01-31,Kasese,10529.614022288868,0.827247341034288,19.0,0.0,1.0,0.1098988295973021,1.0000305189751728,3.999954221537241,0.1699,30.0781,0.200000000000001,30.100000000000016,0.003943971305949334,0.000912854781202779,-0.0024802941044767095,289.02759,0.00018757028492563977,294.8892681443078,295.14603666666665,295.19239264583507,295.2303058333333,295.55110666666667,0.4302241185985025,0.378392959090675,0.35027434628720994,0.378227235,89711.53833333333,296.3176675,-0.4599484609132746,-0.08125123788263555,52.9859388616602,-14.75225828592968,61.57481170649127,62.836598282765486,2.446927609805352,6.0,1.1314943311318888,5.63655609855497,0.4775014885664774
2045-01-31,Kasese,10529.614022288868,0.827247341034288,19.0,0.0,1.0,0.1098988295973021,1.0000305189751728,3.999954221537241,0.1699,30.0781,0.200000000000001,30.100000000000016,0.004607590025543946,0.0013482324433345327,-0.002686720725734388,289.02759,0.00020979109336115355,295.0481602328938,295.14603666666665,295.1554375,295.2303058333333,295.55110666666667,0.4329116560391843,0.39957420916177283,0.37116018388354144,0.3780228007107728,89657.25583333333,296.3176675,-0.44274103894944533,-0.08823236831847774,80.04263456231389,-0.1905498464761816,87.42022443239826,78.64941956001257,3.6407888441925724,6.65860579015979,1.8878437657142626,6.166167877607136,0.8715574946694291
2042-01-31,Kasese,10529.614022288868,0.827247341034288,19.0,0.0,1.0,0.1098988295973021,1.0000305189751728,3.999954221537241,0.1699,30.0781,0.200000000000001,30.100000000000016,0.004397307844138256,0.0012152510187883885,-0.0026262369685226294,289.02759,0.0002028181947568463,294.8284174204464,295.14603666666665,295.1554375,295.2303058333333,295.55110666666667,0.43333943999999996,0.3945629986492618,0.3671393391734012,0.378227235,89657.25583333333,296.3176675,-0.446564392288533,-0.08643145190236699,66.09511892219491,-14.237183443364247,77.99354416507437,69.19933702200042,3.0212439732119645,6.210233231542158,1.62710535701218,6.043340692012369,0.7453955839904065
2042-01-31,Kasese,10529.614022288868,0.827247341034288,19.0,0.0,1.0,0.1098988295973021,1.0000305189751728,3.999954221537241,0.1699,30.0781,0.200000000000001,30.100000000000016,0.004397307844138256,0.0012152510187883885,-0.0026262369685226294,289.02759,0.0002028181947568463,294.8284174204464,295.14603666666665,295.1554375,295.2303058333333,295.55110666666667,0.43333943999999996,0.3945629986492618,0.3671393391734012,0.378227235,89657.25583333333,296.3176675,-0.446564392288533,-0.08643145190236699,66.09511892219491,-14.237183443364247,77.99354416507437,69.19933702200042,3.0212439732119645,6.210233231542158,1.62710535701218,6.043340692012369,0.7453955839904065
2045-04-30,Kasese,10529.614022288868,0.827247341034288,19.0,0.0,1.0,0.1098988295973021,1.0000305189751728,3.999954221537241,0.1699,30.0781,0.200000000000001,30.100000000000016,0.00522389770814026,0.0015903020619622871,-0.0028835218840451656,289.02759,0.00022689492539934163,294.76836949759934,295.14603666666665,295.1554375,295.2303058333333,295.55110666666667,0.43333943999999996,0.41062651876425527,0.38153295484015737,0.378227235,89657.25583333333,296.3176675,-0.36862304119566686,-0.136451608770834,91.59489024990428,4.01412425726432,91.45530975322735,81.32686371573699,4.137949685021014,7.181101973276037,2.1172981802303505,6.438358047705889,0.97574289263635
2048-04-30,Kasese,10529.614022288868,0.827247341034288,19.0,0.0,1.0,0.1098988295973021,1.0000305189751728,3.999954221537241,0.1699,30.0781,0.200000000000001,30.100000000000016,0.004129337159490917,0.0008453700219850053,-0.0025846893651146185,289.02759,0.00018775316282453177,295.0205696915332,295.14603666666665,295.1554375,295.2303058333333,295.55110666666667,0.43333943999999996,0.37917150934705984,0.3554848991986584,0.378227235,89711.53833333333,296.3176675,-0.4545768605031089,-0.1618323863621018,54.186949198308376,-19.81234561977708,54.61826763916756,64.78550108658561,2.5572312949361407,6.647060487921248,1.1816707463322091,5.6967105382369425,0.3901016539152497
2029-04-30,Kasese,10529.614022288868,0.827247341034288,19.0,0.0,1.0,0.1098988295973021,1.0000305189751728,3.999954221537241,0.1699,30.0781,0.200000000000001,30.100000000000016,0.005225800880370136,0.001689330161996441,-0.0029724335155206887,289.02759,0.0002255193594057667,295.2890619477702,295.39476148852106,295.99807605236646,295.2303058333333,295.55110666666667,0.43333943999999996,0.41207752717220375,0.38234651747286647,0.3776429951490579,89657.25583333333,296.3176675,-0.37437149283207655,-0.14102373656805942,99.15844894515556,12.681401701936641,93.63712845789074,85.78876881844717,4.406788960774429,8.153172104706575,2.0058021349758346,6.49315242043604,0.9658846575507413
2024-01-31,Kasese,10529.614022288868,0.827247341034288,19.0,0.0,1.0,0.1098988295973021,1.0000305189751728,3.999954221537241,0.1699,30.0781,0.200000000000001,30.100000000000016,0.003954714211293309,0.0010065932226864533,-0.00255961174295088,290.1630438906266,0.00018652956716894807,295.14019320006554,295.39153484360975,295.7866627777778,295.65441513956745,295.6924080533896,0.40183945287650835,0.37981156124531124,0.35123436334117747,0.3655117378834019,89738.10420292088,296.40255154570053,-0.47004318687525193,-0.08886266253617618,57.53459012288986,-11.119865899480331,63.60873688449823,64.67624903999291,2.6213548157096818,6.4361183651170775,1.0060207580839315,5.711626798296648,0.46756783578153005
2028-10-31,Kasese,10529.614022288868,0.827247341034288,19.0,0.0,1.0,0.1098988295973021,1.0000305189751728,3.999954221537241,0.1699,30.0781,0.200000000000001,30.100000000000016,0.004513572324946172,0.0012395677650640438,-0.002843748310896963,289.02759,0.00020129627908146804,295.87439032829633,295.33320529770305,295.63138556336,295.2303058333333,295.55110666666667,0.4177094083446,0.3999845457441243,0.3722846391586821,0.368874396939684,89657.25583333333,296.3176675,-0.45797898715817215,-0.059292845384317706,84.45878267396405,1.5069731874272148,74.52981125912639,75.44159479665404,3.8062770872999567,7.736056207470599,1.460514773511548,6.20879443365157,0.5786906012335834
2036-07-31,Kasese,10529.614022288868,0.827247341034288,19.0,0.0,1.0,0.1098988295973021,1.0000305189751728,3.999954221537241,0.1699,30.0781,0.200000000000001,30.100000000000016,0.004363167488812755,0.0010298043954475855,-0.002667629715027363,289.02759,0.0001960364343195649,295.3880593550541,295.14603666666665,295.1554375,295.2303058333333,295.55110666666667,0.4253000665639575,0.3880494673987229,0.3611215126382013,0.37381386936629885,89711.53833333333,296.3176675,-0.46627338656326583,-0.138273373826087,56.34627575723899,-17.61685571151629,57.021994012294606,65.89576015082244,2.655169785947791,6.892029560009369,1.3581355243430266,5.976375927937096,0.46287039456916296
2023-10-31,Kasese,10529.614022288868,0.827247341034288,19.0,0.0,1.0,0.1098988295973021,1.0000305189751728,3.999954221537241,0.1699,30.0781,0.200000000000001,30.100000000000016,0.0034355060918721076,0.0010590897534961629,-0.002482127636850284,289.74338583594,0.00017051418842108226,295.428727716765,295.5142839320813,296.10227541666666,295.5650402866619,295.7630587467511,0.39350400713429906,0.3759460562248822,0.35384786476232166,0.3673283512074952,89697.10463771464,296.4449935685508,-0.5120303219330481,-0.018722699208679666,64.61604151766812,-4.7431560992204975,68.47979914900975,66.22557472775827,2.890365556897856,6.654177547675615,0.8876682609040891,5.526249956673788,0.520473682473618
2045-04-30,Kasese,10529.614022288868,0.827247341034288,19.0,0.0,1.0,0.1098988295973021,1.0000305189751728,3.999954221537241,0.1699,30.0781,0.200000000000001,30.100000000000016,0.00522389770814026,0.0015903020619622871,-0.0028835218840451656,289.02759,0.00022689492539934163,294.76836949759934,295.14603666666665,295.1554375,295.2303058333333,295.55110666666667,0.43333943999999996,0.41062651876425527,0.38153295484015737,0.378227235,89657.25583333333,296.3176675,-0.36862304119566686,-0.136451608770834,91.59489024990428,4.01412425726432,91.45530975322735,81.32686371573699,4.137949685021014,7.181101973276037,2.1172981802303505,6.438358047705889,0.97574289263635
2030-10-31,Kasese,10529.614022288868,0.827247341034288,19.0,0.0,1.0,0.1098988295973021,1.0000305189751728,3.999954221537241,0.1699,30.0781,0.200000000000001,30.100000000000016,0.004140645226700579,0.0012236530946655312,-0.0025781749358867786,289.02759,0.00019283578851260016,295.20349624126726,295.14603666666665,295.16233784104094,295.2303058333333,295.55110666666667,0.42520589158277894,0.3899551940410555,0.3690074842661413,0.378227235,89657.25583333333,296.3176675,-0.45215260433888177,-0.05831172479116655,73.33914699131661,-11.083518663951068,67.16671900494055,67.75396843921766,3.316884123507236,6.863603778961294,1.3694205416719092,5.952279893387811,0.6879648466895345
2032-10-31,Kasese,10529.614022288868,0.827247341034288,19.0,0.0,1.0,0.1098988295973021,1.0000305189751728,3.999954221537241,0.1699,30.0781,0.200000000000001,30.100000000000016,0.004507764493608862,0.0012173049879530265,-0.0028209785709381783,289.02759,0.0002014455596984717,295.72234711378036,295.14603666666665,295.36960095424075,295.2303058333333,295.55110666666667,0.42153720293089353,0.39948978626291365,0.37200454354660645,0.37163502152819633,89657.25583333333,296.3176675,-0.456943966172578,-0.05721531661270574,83.79396536952856,0.21994061683499075,74.06749874163282,74.76792792933647,3.7739438790362776,7.576730733013139,1.4970247748464638,6.191853597632098,0.5775683982869498
2023-10-31,Kasese,10529.614022288868,0.827247341034288,19.0,0.0,1.0,0.1098988295973021,1.0000305189751728,3.999954221537241,0.1699,30.0781,0.200000000000001,30.100000000000016,0.0034355060918721076,0.0010590897534961629,-0.002482127636850284,289.74338583594,0.00017051418842108226,295.428727716765,295.5142839320813,296.10227541666666,295.5650402866619,295.7630587467511,0.39350400713429906,0.3759460562248822,0.35384786476232166,0.3673283512074952,89697.10463771464,296.4449935685508,-0.5120303219330481,-0.018722699208679666,64.61604151766812,-4.7431560992204975,68.47979914900975,66.22557472775827,2.890365556897856,6.654177547675615,0.8876682609040891,5.526249956673788,0.520473682473618
2039-04-30,Kasese,10529.614022288868,0.827247341034288,19.0,0.0,1.0,0.1098988295973021,1.0000305189751728,3.999954221537241,0.1699,30.0781,0.200000000000001,30.100000000000016,0.004457286460268046,0.0011346454739121394,-0.0024928907100783063,289.02759,0.00020496534908061542,295.00659023272163,295.14603666666665,295.1554375,295.2303058333333,295.55110666666667,0.4329320455271038,0.38640424762756886,0.36230394836245833,0.378227235,89657.25583333333,296.3176675,-0.4109050826724305,-0.1486653239776353,63.03564507535369,-19.940186081545345,64.33172307879674,64.59472360250173,2.845679885699413,6.249117498434695,1.5617606777124353,5.962303907290829,0.7568948610000484
2038-04-30,Kasese,10529.614022288868,0.827247341034288,19.0,0.0,1.0,0.1098988295973021,1.0000305189751728,3.999954221537241,0.1699,30.0781,0.200000000000001,30.100000000000016,0.0048473971202670696,0.0013869009774420892,-0.0027117284555229194,289.02759,0.00021555749165979185,295.05407938175625,295.14603666666665,295.1893638510033,295.2303058333333,295.55110666666667,0.43333943999999996,0.39926112404459024,0.37285016569677615,0.378227235,89657.25583333333,296.3176675,-0.3871147091142278,-0.14350758533408658,79.9409542788956,-7.931523600248614,78.59692806594923,72.81114701881155,3.619070299636583,6.728735001372951,1.8251701345995237,6.210851714470909,0.8697041763911478
2028-07-31,Kasese,10529.614022288868,0.827247341034288,19.0,0.0,1.0,0.1098988295973021,1.0000305189751728,3.999954221537241,0.1699,30.0781,0.200000000000001,30.100000000000016,0.004357679248029927,0.001084204965793751,-0.002711145322021082,289.3287377376068,0.00019565354208552583,295.586165626257,295.14603666666665,295.16080340762,295.2303058333333,295.55110666666667,0.4166581908572775,0.38910443331091044,0.3615046022046691,0.36613183585827763,89711.53833333333,296.3176675,-0.4700553526049611,-0.14257478589172143,57.76560178507517,-16.33230068866763,57.95134349661625,66.63540492757078,2.7229437539666232,7.069706762064897,1.307161153839879,6.010865483853426,0.4604958946625672
2031-07-31,Kasese,10529.614022288868,0.827247341034288,19.0,0.0,1.0,0.1098988295973021,1.0000305189751728,3.999954221537241,0.1699,30.0781,0.200000000000001,30.100000000000016,0.0047907458518007045,0.0015038615353805786,-0.0026723137036615773,289.02759,0.00021730341459386964,294.88212386082205,295.14603666666665,295.1554375,295.2303058333333,295.55110666666667,0.43333943999999996,0.3998550057894026,0.3674598221295469,0.378227235,89657.25583333333,296.3176675,-0.3859674963849719,-0.10783666495459528,69.5747691650901,-7.322014572857282,73.87810366611983,67.70132640630784,3.0912497325050268,6.379505824200536,1.752581682545095,6.243400875332159,0.9025256841826295
2042-04-30,Kasese,10529.614022288868,0.827247341034288,19.0,0.0,1.0,0.1098988295973021,1.0000305189751728,3.999954221537241,0.1699,30.0781,0.200000000000001,30.100000000000016,0.004842990774471678,0.0013672555246187987,-0.002694756805430422,289.02759,0.00021597540799049965,294.9015098160638,295.14603666666665,295.1554375,295.2303058333333,295.55110666666667,0.43333943999999996,0.398628297964513,0.37290775263951037,0.378227235,89657.25583333333,296.3176675,-0.38514868611248515,-0.14138208971332045,77.65704334762404,-10.196353895918898,78.13990057134775,71.80605883157365,3.513968791188745,6.568805323823351,1.843433515867883,6.198129839379017,0.8703137449468205
2037-10-31,Kasese,10529.614022288868,0.827247341034288,19.0,0.0,1.0,0.1098988295973021,1.0000305189751728,3.999954221537241,0.1699,30.0781,0.200000000000001,30.100000000000016,0.004338303532041207,0.0011880384393773856,-0.0026752444910827368,289.02759,0.00019746418309308418,295.0868211214461,295.14603666666665,295.1554375,295.2303058333333,295.55110666666667,0.43333943999999996,0.39559170862849974,0.37210733984273925,0.378227235,89657.25583333333,296.3176675,-0.44939384222311735,-0.0557212936679489,74.04700684878718,-10.828575875702631,70.08246310574465,69.39593600339491,3.4332252358051343,6.971858024415352,1.4763561839215817,6.067016632356492,0.6410177045816908
2028-10-31,Kasese,10529.614022288868,0.827247341034288,19.0,0.0,1.0,0.1098988295973021,1.0000305189751728,3.999954221537241,0.1699,30.0781,0.200000000000001,30.100000000000016,0.004513572324946172,0.0012395677650640438,-0.002843748310896963,289.02759,0.00020129627908146804,295.87439032829633,295.33320529770305,295.63138556336,295.2303058333333,295.55110666666667,0.4177094083446,0.3999845457441243,0.3722846391586821,0.368874396939684,89657.25583333333,296.3176675,-0.45797898715817215,-0.059292845384317706,84.45878267396405,1.5069731874272148,74.52981125912639,75.44159479665404,3.8062770872999567,7.736056207470599,1.460514773511548,6.20879443365157,0.5786906012335834
2045-07-31,Kasese,10529.614022288868,0.827247341034288,19.0,0.0,1.0,0.1098988295973021,1.0000305189751728,3.999954221537241,0.1699,30.0781,0.200000000000001,30.100000000000016,0.004601339978264382,0.0015131796645803267,-0.002693682251609458,289.02759,0.00020745340912545437,294.68043498107767,295.14603666666665,295.1554375,295.2303058333333,295.55110666666667,0.43333943999999996,0.4008603270376974,0.3776477321350204,0.378227235,89657.25583333333,296.3176675,-0.43292089006163215,-0.14053628527079512,66.6958591805912,-10.99730380943951,78.80316387217698,73.98947428558516,3.054616351687681,6.841618254768396,1.9463782296294727,6.169773746483667,0.9389288926631817
2035-07-31,Kasese,10529.614022288868,0.827247341034288,19.0,0.0,1.0,0.1098988295973021,1.0000305189751728,3.999954221537241,0.1699,30.0781,0.200000000000001,30.100000000000016,0.004784665239737448,0.0014784600069919574,-0.00264794418497368,289.02759,0.00021779800870249983,294.78389873215104,295.14603666666665,295.1554375,295.2303058333333,295.55110666666667,0.43333943999999996,0.3992285566393312,0.3675492849810445,0.378227235,89657.25583333333,296.3176675,-0.38454768255442756,-0.10554838854985814,67.60685303532561,-8.694192525698623,73.39153651696762,66.85416789502868,2.992933894389498,6.2456815490843995,1.7774669418235376,6.230007799476694,0.907654033506375
2046-01-31,Kasese,10529.614022288868,0.827247341034288,19.0,0.0,1.0,0.1098988295973021,1.0000305189751728,3.999954221537241,0.1699,30.0781,0.200000000000001,30.100000000000016,0.004396010483176099,0.0011897328872551296,-0.0026000502506615896,289.02759,0.00020326425287475907,294.68062324590005,295.14603666666665,295.1554375,295.2303058333333,295.55110666666667,0.43333943999999996,0.39388548319800143,0.36705536059507987,0.378227235,89657.25583333333,296.3176675,-0.44471137863156646,-0.08681724513191151,64.59781366886766,-15.598592135152922,77.26577455409193,68.37561180821548,2.958790215393966,6.1246186758147365,1.639760894550185,6.0303749181971815,0.7457129174466622
2038-01-31,Kasese,10529.614022288868,0.827247341034288,19.0,0.0,1.0,0.1098988295973021,1.0000305189751728,3.999954221537241,0.1699,30.0781,0.200000000000001,30.100000000000016,0.004396098605477096,0.001245962656186691,-0.0026460482865385596,289.02759,0.00020238794362643255,294.9803980961415,295.14603666666665,295.1893638510033,295.2303058333333,295.55110666666667,0.43333943999999996,0.3949949548221709,0.3672085632011379,0.378227235,89657.25583333333,296.3176675,-0.44917061825020327,-0.08817158446663609,68.16350444115155,-12.681693514910512,78.390998587375,70.31256623841311,3.113133064703716,6.296017918657957,1.5994975772730868,6.0586646058986,0.7395982601428525
2033-10-31,Kasese,10529.614022288868,0.827247341034288,19.0,0.0,1.0,0.1098988295973021,1.0000305189751728,3.999954221537241,0.1699,30.0781,0.200000000000001,30.100000000000016,0.004330360549168832,0.0012111618288822717,-0.002695946459402678,289.02759,0.0001973351713234404,295.23294158735155,295.14603666666665,295.1554375,295.2303058333333,295.55110666666667,0.43197621306932416,0.39615830889389797,0.3721252464635385,0.378227235,89657.25583333333,296.3176675,-0.45088129149057726,-0.05653070371617274,76.37025877991827,-8.49637081431099,70.72646518966845,70.59292659560872,3.5246083148914082,7.136982989564221,1.4500527544806827,6.082636463700555,0.6326812637660317
2046-04-30,Kasese,10529.614022288868,0.827247341034288,19.0,0.0,1.0,0.1098988295973021,1.0000305189751728,3.999954221537241,0.1699,30.0781,0.200000000000001,30.100000000000016,0.004847324389585681,0.001334598760353296,-0.002669307373582394,289.02759,0.0002162552582310678,294.74679177798356,295.14603666666665,295.1554375,295.2303058333333,295.55110666666667,0.43333943999999996,0.3981548522330998,0.372589755762615,0.378227235,89657.25583333333,296.3176675,-0.38264240707348196,-0.14099135871333238,75.31038389669261,-12.080494165534938,77.38651091111997,70.58829138048503,3.4090912923796033,6.388515264479744,1.8706949350915998,6.1871259569112445,0.8695189199815047
2038-04-30,Kasese,10529.614022288868,0.827247341034288,19.0,0.0,1.0,0.1098988295973021,1.0000305189751728,3.999954221537241,0.1699,30.0781,0.200000000000001,30.100000000000016,0.0048473971202670696,0.0013869009774420892,-0.0027117284555229194,289.02759,0.00021555749165979185,295.05407938175625,295.14603666666665,295.1893638510033,295.2303058333333,295.55110666666667,0.43333943999999996,0.39926112404459024,0.37285016569677615,0.378227235,89657.25583333333,296.3176675,-0.3871147091142278,-0.14350758533408658,79.9409542788956,-7.931523600248614,78.59692806594923,72.81114701881155,3.619070299636583,6.728735001372951,1.8251701345995237,6.210851714470909,0.8697041763911478
2043-04-30,Kasese,10529.614022288868,0.827247341034288,19.0,0.0,1.0,0.1098988295973021,1.0000305189751728,3.999954221537241,0.1699,30.0781,0.200000000000001,30.100000000000016,0.004455441186826493,0.0011092410179612368,-0.0024726323861092264,289.02759,0.00020515296892587454,294.9021311520735,295.14603666666665,295.1554375,295.2303058333333,295.55110666666667,0.43333943999999996,0.3858546037536003,0.36208462104213357,0.378227235,89657.25583333333,296.3176675,-0.4092025178420866,-0.14673432646971707,60.953969197959445,-20.842661632803715,63.953300675185055,64.21035585529516,2.7734518840054254,6.074679238536931,1.5916679576380666,5.943578862867569,0.7592934175710052
2027-01-31,Kasese,10529.614022288868,0.827247341034288,19.0,0.0,1.0,0.1098988295973021,1.0000305189751728,3.999954221537241,0.1699,30.0781,0.200000000000001,30.100000000000016,0.0041798561230452684,0.0011515741082265885,-0.0026133510489186693,289.02759,0.00019481357074390627,295.09529100700394,295.14603666666665,295.4208722029791,295.2303058333333,295.55110666666667,0.4182424182087874,0.38777489400988197,0.3609383552903263,0.3748623918066089,89657.25583333333,296.3176675,-0.4609107580290978,-0.08933863762780937,64.13935446700346,-16.370362390972616,69.68059231852854,64.74881579956842,2.8620105261106796,6.383553487643643,1.275496468843616,5.919223391621142,0.6025039277483983
2038-10-31,Kasese,10529.614022288868,0.827247341034288,19.0,0.0,1.0,0.1098988295973021,1.0000305189751728,3.999954221537241,0.1699,30.0781,0.200000000000001,30.100000000000016,0.004138130688719633,0.0011663370076841234,-0.002529175693497325,289.02759,0.00019305405924601249,295.0080009874534,295.14603666666665,295.1554375,295.2303058333333,295.55110666666667,0.4329320455271038,0.389234386840162,0.36851842964341985,0.378227235,89657.25583333333,296.3176675,-0.4473990710914708,-0.05571847353096737,68.87772835618458,-14.13040308599284,66.190537648534,65.81112791674126,3.1217268791989574,6.518278211801369,1.4196928231648502,5.919801530605696,0.6969413617848014
2038-10-31,Kasese,10529.614022288868,0.827247341034288,19.0,0.0,1.0,0.1098988295973021,1.0000305189751728,3.999954221537241,0.1699,30.0781,0.200000000000001,30.100000000000016,0.004138130688719633,0.0011663370076841234,-0.002529175693497325,289.02759,0.00019305405924601249,295.0080009874534,295.14603666666665,295.1554375,295.2303058333333,295.55110666666667,0.4329320455271038,0.389234386840162,0.36851842964341985,0.378227235,89657.25583333333,296.3176675,-0.4473990710914708,-0.05571847353096737,68.87772835618458,-14.13040308599284,66.190537648534,65.81112791674126,3.1217268791989574,6.518278211801369,1.4196928231648502,5.919801530605696,0.6969413617848014
2035-01-31,Kasese,10529.614022288868,0.827247341034288,19.0,0.0,1.0,0.1098988295973021,1.0000305189751728,3.999954221537241,0.1699,30.0781,0.200000000000001,30.100000000000016,0.004175455616677126,0.001101287458239989,-0.002566129203246698,289.02759,0.00019548874248499702,294.89864491133307,295.14603666666665,295.1554375,295.2303058333333,295.55110666666667,0.4289699744221418,0.38687266185772917,0.36034257763118555,0.378227235,89657.25583333333,296.3176675,-0.45664348937253574,-0.08634060839192532,59.71516736526903,-18.26348964115107,68.63252563212592,63.15840735518816,2.673622207214501,6.172515518790733,1.3347775007476061,5.896679308069053,0.6028475952191616
2038-10-31,Kasese,10529.614022288868,0.827247341034288,19.0,0.0,1.0,0.1098988295973021,1.0000305189751728,3.999954221537241,0.1699,30.0781,0.200000000000001,30.100000000000016,0.004138130688719633,0.0011663370076841234,-0.002529175693497325,289.02759,0.00019305405924601249,295.0080009874534,295.14603666666665,295.1554375,295.2303058333333,295.55110666666667,0.4329320455271038,0.389234386840162,0.36851842964341985,0.378227235,89657.25583333333,296.3176675,-0.4473990710914708,-0.05571847353096737,68.87772835618458,-14.13040308599284,66.190537648534,65.81112791674126,3.1217268791989574,6.518278211801369,1.4196928231648502,5.919801530605696,0.6969413617848014
2036-01-31,Kasese,10529.614022288868,0.827247341034288,19.0,0.0,1.0,0.1098988295973021,1.0000305189751728,3.999954221537241,0.1699,30.0781,0.200000000000001,30.100000000000016,0.003953114943458399,0.000947700881242941,-0.002513645930296278,289.02759,0.00018690100017035728,294.98856044999087,295.14603666666665,295.70207916064794,295.2303058333333,295.55110666666667,0.4224366442554293,0.37886523825217483,0.35084178182636006,0.378227235,89711.53833333333,296.3176675,-0.4635901950488746,-0.0842543723982349,54.50636126023037,-13.258265527018253,62.49145135519304,63.50766015588564,2.513456570637207,6.0,1.0775159730111321,5.665230258182196,0.47056314410719097
2037-01-31,Kasese,10529.614022288868,0.827247341034288,19.0,0.0,1.0,0.1098988295973021,1.0000305189751728,3.999954221537241,0.1699,30.0781,0.200000000000001,30.100000000000016,0.004597923826397505,0.001392648693934131,-0.002730786790317762,289.02759,0.00020906085277095862,295.2765975819246,295.14603666666665,295.1554375,295.2303058333333,295.55110666666667,0.4253000665639575,0.40030346826526597,0.3716190912712373,0.37381386936629885,89657.25583333333,296.3176675,-0.4459598470711204,-0.0904618661497959,82.77860398096739,2.5751147137358728,88.60467869116621,80.14020396434489,3.708620314978125,6.990019785221914,1.8395608095351124,6.18982745349658,0.8692897794661544
2039-04-30,Kasese,10529.614022288868,0.827247341034288,19.0,0.0,1.0,0.1098988295973021,1.0000305189751728,3.999954221537241,0.1699,30.0781,0.200000000000001,30.100000000000016,0.004457286460268046,0.0011346454739121394,-0.0024928907100783063,289.02759,0.00020496534908061542,295.00659023272163,295.14603666666665,295.1554375,295.2303058333333,295.55110666666667,0.4329320455271038,0.38640424762756886,0.36230394836245833,0.378227235,89657.25583333333,296.3176675,-0.4109050826724305,-0.1486653239776353,63.03564507535369,-19.940186081545345,64.33172307879674,64.59472360250173,2.845679885699413,6.249117498434695,1.5617606777124353,5.962303907290829,0.7568948610000484
2024-01-31,Kasese,10529.614022288868,0.827247341034288,19.0,0.0,1.0,0.1098988295973021,1.0000305189751728,3.999954221537241,0.1699,30.0781,0.200000000000001,30.100000000000016,0.003954714211293309,0.0010065932226864533,-0.00255961174295088,290.1630438906266,0.00018652956716894807,295.14019320006554,295.39153484360975,295.7866627777778,295.65441513956745,295.6924080533896,0.40183945287650835,0.37981156124531124,0.35123436334117747,0.3655117378834019,89738.10420292088,296.40255154570053,-0.47004318687525193,-0.08886266253617618,57.53459012288986,-11.119865899480331,63.60873688449823,64.67624903999291,2.6213548157096818,6.4361183651170775,1.0060207580839315,5.711626798296648,0.46756783578153005
2048-07-31,Kasese,10529.614022288868,0.827247341034288,19.0,0.0,1.0,0.1098988295973021,1.0000305189751728,3.999954221537241,0.1699,30.0781,0.200000000000001,30.100000000000016,0.004360628444740164,0.0009601869594593653,-0.002598961085981655,289.02759,0.00019656509919326677,295.08838822354363,295.14603666666665,295.1554375,295.2303058333333,295.55110666666667,0.43333943999999996,0.38690133111092445,0.3606605709610175,0.378227235,89711.53833333333,296.3176675,-0.4622983595408387,-0.1338895994288621,54.186949198308376,-19.81234561977708,55.28305416989202,64.78550108658563,2.5572312949361407,6.647060487921248,1.4294833726834384,5.934523184929403,0.4758645898829492
2036-01-31,Kasese,10529.614022288868,0.827247341034288,19.0,0.0,1.0,0.1098988295973021,1.0000305189751728,3.999954221537241,0.1699,30.0781,0.200000000000001,30.100000000000016,0.003953114943458399,0.000947700881242941,-0.002513645930296278,289.02759,0.00018690100017035728,294.98856044999087,295.14603666666665,295.70207916064794,295.2303058333333,295.55110666666667,0.4224366442554293,0.37886523825217483,0.35084178182636006,0.378227235,89711.53833333333,296.3176675,-0.4635901950488746,-0.0842543723982349,54.50636126023037,-13.258265527018253,62.49145135519304,63.50766015588564,2.513456570637207,6.0,1.0775159730111321,5.665230258182196,0.47056314410719097
2025-01-31,Kasese,10529.614022288868,0.827247341034288,19.0,0.0,1.0,0.1098988295973021,1.0000305189751728,3.999954221537241,0.1699,30.0781,0.200000000000001,30.100000000000016,0.00460944952238965,0.0014748560513548586,-0.0027998690697102267,289.02759,0.0002086247057758355,295.7157256536952,296.3206222741216,296.53928959858894,295.2303058333333,295.7528565028659,0.4124371801236382,0.4014147497215799,0.37218614710099934,0.36440355126706875,89665.3353663723,296.3176675,-0.4501312803748176,-0.09551323961067555,85.44161780135539,7.054422539188368,90.10900989612925,82.8266511248023,3.8097781157796504,7.486966792261739,1.7548799866439,6.237470125765081,0.8536634959444974
2028-07-31,Kasese,10529.614022288868,0.827247341034288,19.0,0.0,1.0,0.1098988295973021,1.0000305189751728,3.999954221537241,0.1699,30.0781,0.200000000000001,30.100000000000016,0.004357679248029927,0.001084204965793751,-0.002711145322021082,289.3287377376068,0.00019565354208552583,295.586165626257,295.14603666666665,295.16080340762,295.2303058333333,295.55110666666667,0.4166581908572775,0.38910443331091044,0.3615046022046691,0.36613183585827763,89711.53833333333,296.3176675,-0.4700553526049611,-0.14257478589172143,57.76560178507517,-16.33230068866763,57.95134349661625,66.63540492757078,2.7229437539666232,7.069706762064897,1.307161153839879,6.010865483853426,0.4604958946625672
2041-07-31,Kasese,10529.614022288868,0.827247341034288,19.0,0.0,1.0,0.1098988295973021,1.0000305189751728,3.999954221537241,0.1699,30.0781,0.200000000000001,30.100000000000016,0.0045928765677972355,0.0015313743330095289,-0.002714936757183184,289.02759,0.00020686893314741876,294.77381494876164,295.14603666666665,295.1554375,295.2303058333333,295.55110666666667,0.43333943999999996,0.40124606573014354,0.3775231223726156,0.378227235,89657.25583333333,296.3176675,-0.43469916170607253,-0.14094767000245093,67.97352236532828,-9.445708073475036,79.3169643249589,74.90817449353035,3.1215531024589853,7.001056923608292,1.9227175697483752,6.185864040792669,0.9329114885152645
2033-01-31,Kasese,10529.614022288868,0.827247341034288,19.0,0.0,1.0,0.1098988295973021,1.0000305189751728,3.999954221537241,0.1699,30.0781,0.200000000000001,30.100000000000016,0.004606263037097945,0.001423916081288364,-0.002753567126171597,289.02759,0.00020915453350406875,295.41834101913133,295.14603666666665,295.4831319694944,295.2303058333333,295.55110666666667,0.42153720293089353,0.4007112318735306,0.371765179120205,0.37163502152819633,89657.25583333333,296.3176675,-0.4476840884379443,-0.09160200300623263,84.06451334323866,4.1755241296403165,88.9651015503332,80.856852636265,3.74081897265285,7.151888547977191,1.8144737094521768,6.207202670665435,0.8631800367501219
2027-10-31,Kasese,10529.614022288868,0.827247341034288,19.0,0.0,1.0,0.1098988295973021,1.0000305189751728,3.999954221537241,0.1699,30.0781,0.200000000000001,30.100000000000016,0.003896612369216134,0.0012211823771471955,-0.002492067790326636,289.02759,0.00018769275438889471,295.4035348465596,295.15952893222016,295.8933988550012,295.2303058333333,295.55110666666667,0.41275829646535916,0.38393060857188804,0.3615223075575375,0.3731986552146351,89657.25583333333,296.3176675,-0.45484843000560327,-0.06096389223231002,69.23093747509624,-5.855269461614374,67.03894602191625,68.42666245793873,3.125225704269438,6.6898977637938115,1.2715883258757346,5.786501670070506,0.732272846891442
2024-04-30,Kasese,10529.614022288868,0.827247341034288,19.0,0.0,1.0,0.1098988295973021,1.0000305189751728,3.999954221537241,0.1699,30.0781,0.200000000000001,30.100000000000016,0.00412337135252492,0.0009599787422520388,-0.0026751319779359695,289.83133775479257,0.0001867855826591684,295.61631287571123,295.31267055365316,296.0481582586244,295.43125883734837,295.55110666666667,0.4054998917315123,0.380714454912719,0.35651014205223297,0.3666504410148326,89738.10420292088,296.4881922443692,-0.46610470876190524,-0.17084639640832186,59.3956626233799,-15.34217236781646,56.90734124771408,67.02172213622761,2.7599881239912563,7.373910388872108,1.0341533554498135,5.782598219876523,0.37233258027709226
2045-07-31,Kasese,10529.614022288868,0.827247341034288,19.0,0.0,1.0,0.1098988295973021,1.0000305189751728,3.999954221537241,0.1699,30.0781,0.200000000000001,30.100000000000016,0.004601339978264382,0.0015131796645803267,-0.002693682251609458,289.02759,0.00020745340912545437,294.68043498107767,295.14603666666665,295.1554375,295.2303058333333,295.55110666666667,0.43333943999999996,0.4008603270376974,0.3776477321350204,0.378227235,89657.25583333333,296.3176675,-0.43292089006163215,-0.14053628527079512,66.6958591805912,-10.99730380943951,78.80316387217698,73.98947428558516,3.054616351687681,6.841618254768396,1.9463782296294727,6.169773746483667,0.9389288926631817
2038-04-30,Kasese,10529.614022288868,0.827247341034288,19.0,0.0,1.0,0.1098988295973021,1.0000305189751728,3.999954221537241,0.1699,30.0781,0.200000000000001,30.100000000000016,0.0048473971202670696,0.0013869009774420892,-0.0027117284555229194,289.02759,0.00021555749165979185,295.05407938175625,295.14603666666665,295.1893638510033,295.2303058333333,295.55110666666667,0.43333943999999996,0.39926112404459024,0.37285016569677615,0.378227235,89657.25583333333,296.3176675,-0.3871147091142278,-0.14350758533408658,79.9409542788956,-7.931523600248614,78.59692806594923,72.81114701881155,3.619070299636583,6.728735001372951,1.8251701345995237,6.210851714470909,0.8697041763911478
2026-10-31,Kasese,10529.614022288868,0.827247341034288,19.0,0.0,1.0,0.1098988295973021,1.0000305189751728,3.999954221537241,0.1699,30.0781,0.200000000000001,30.100000000000016,0.004135726377700253,0.0012412755320984944,-0.002601355041162662,289.02759,0.00019284737539113723,295.303133160461,295.14603666666665,295.42087220297907,295.2303058333333,295.55110666666667,0.4179750531683626,0.39035797162897773,0.369285151706556,0.3745400063500058,89657.25583333333,296.3176675,-0.45285767024685714,-0.059805478819080105,75.76619113619697,-9.402657633925811,67.76376271800255,68.85559161313863,3.418212987569621,7.079388607451321,1.353500744248352,5.962876698624362,0.6899531824472565
2025-07-31,Kasese,10529.614022288868,0.827247341034288,19.0,0.0,1.0,0.1098988295973021,1.0000305189751728,3.999954221537241,0.1699,30.0781,0.200000000000001,30.100000000000016,0.004594679698509538,0.0016338776386646062,-0.0028080591104578507,289.02759,0.00020619011961929765,295.34378823104765,295.56626710907534,295.7980648386783,295.2303058333333,295.55110666666667,0.42403860929693943,0.40270444981981046,0.3784090575559105,0.37550443104189096,89674.17678723892,296.3554509968873,-0.442425447485439,-0.14778324940170634,76.72584193351842,-1.2632928419276226,81.43906282809326,79.40161491693199,3.507553649056518,7.667916012375213,1.8162848415894628,6.240765171672893,0.9172943787065303
2045-10-31,Kasese,10529.614022288868,0.827247341034288,19.0,0.0,1.0,0.1098988295973021,1.0000305189751728,3.999954221537241,0.1699,30.0781,0.200000000000001,30.100000000000016,0.0043478083622418015,0.0011347194971623074,-0.0026286290373075728,289.02759,0.00019824820115775236,294.7933443709043,295.14603666666665,295.1554375,295.2303058333333,295.55110666666667,0.43333943999999996,0.3946930992082382,0.37194560064911353,0.378227235,89657.25583333333,296.3176675,-0.4454591590214245,-0.05335896406639828,70.81519819824786,-13.886473503255722,68.95825955906783,67.50382683964857,3.2745937879569986,6.647114858930984,1.5260283194946627,6.036801310187999,0.6484606993903577
2036-07-31,Kasese,10529.614022288868,0.827247341034288,19.0,0.0,1.0,0.1098988295973021,1.0000305189751728,3.999954221537241,0.1699,30.0781,0.200000000000001,30.100000000000016,0.004363167488812755,0.0010298043954475855,-0.002667629715027363,289.02759,0.0001960364343195649,295.3880593550541,295.14603666666665,295.1554375,295.2303058333333,295.55110666666667,0.4253000665639575,0.3880494673987229,0.3611215126382013,0.37381386936629885,89711.53833333333,296.3176675,-0.46627338656326583,-0.138273373826087,56.34627575723899,-17.61685571151629,57.021994012294606,65.89576015082244,2.655169785947791,6.892029560009369,1.3581355243430266,5.976375927937096,0.46287039456916296
2023-10-31,Kasese,10529.614022288868,0.827247341034288,19.0,0.0,1.0,0.1098988295973021,1.0000305189751728,3.999954221537241,0.1699,30.0781,0.200000000000001,30.100000000000016,0.0034355060918721076,0.0010590897534961629,-0.002482127636850284,289.74338583594,0.00017051418842108226,295.428727716765,295.5142839320813,296.10227541666666,295.5650402866619,295.7630587467511,0.39350400713429906,0.3759460562248822,0.35384786476232166,0.3673283512074952,89697.10463771464,296.4449935685508,-0.5120303219330481,-0.018722699208679666,64.61604151766812,-4.7431560992204975,68.47979914900975,66.22557472775827,2.890365556897856,6.654177547675615,0.8876682609040891,5.526249956673788,0.520473682473618
2044-04-30,Kasese,10529.614022288868,0.827247341034288,19.0,0.0,1.0,0.1098988295973021,1.0000305189751728,3.999954221537241,0.1699,30.0781,0.200000000000001,30.100000000000016,0.004118262651436839,0.0008618217593484248,-0.0025964758085793853,289.02759,0.0001878184274449134,295.11807914983456,295.14603666666665,295.19239264583507,295.2303058333333,295.55110666666667,0.4302241185985025,0.3795052227423093,0.3555800136777685,0.378227235,89711.53833333333,296.3176675,-0.45600741587433413,-0.16244915624006034,54.86159897503831,-19.214728934941785,55.07711841396383,65.17029500436223,2.5935027032219837,6.730807575310426,1.1621120209355487,5.704343077362484,0.38633437026894785
2046-04-30,Kasese,10529.614022288868,0.827247341034288,19.0,0.0,1.0,0.1098988295973021,1.0000305189751728,3.999954221537241,0.1699,30.0781,0.200000000000001,30.100000000000016,0.004847324389585681,0.001334598760353296,-0.002669307373582394,289.02759,0.0002162552582310678,294.74679177798356,295.14603666666665,295.1554375,295.2303058333333,295.55110666666667,0.43333943999999996,0.3981548522330998,0.372589755762615,0.378227235,89657.25583333333,296.3176675,-0.38264240707348196,-0.14099135871333238,75.31038389669261,-12.080494165534938,77.38651091111997,70.58829138048503,3.4090912923796033,6.388515264479744,1.8706949350915998,6.1871259569112445,0.8695189199815047
2038-04-30,Kasese,10529.614022288868,0.827247341034288,19.0,0.0,1.0,0.1098988295973021,1.0000305189751728,3.999954221537241,0.1699,30.0781,0.200000000000001,30.100000000000016,0.0048473971202670696,0.0013869009774420892,-0.0027117284555229194,289.02759,0.00021555749165979185,295.05407938175625,295.14603666666665,295.1893638510033,295.2303058333333,295.55110666666667,0.43333943999999996,0.39926112404459024,0.37285016569677615,0.378227235,89657.25583333333,296.3176675,-0.3871147091142278,-0.14350758533408658,79.9409542788956,-7.931523600248614,78.59692806594923,72.81114701881155,3.619070299636583,6.728735001372951,1.8251701345995237,6.210851714470909,0.8697041763911478
2041-01-31,Kasese,10529.614022288868,0.827247341034288,19.0,0.0,1.0,0.1098988295973021,1.0000305189751728,3.999954221537241,0.1699,30.0781,0.200000000000001,30.100000000000016,0.00459342821346734,0.0013706183162304868,-0.002705027745457318,289.02759,0.00020948014214563384,295.15007745385816,295.14603666666665,295.1554375,295.2303058333333,295.55110666666667,0.42924647792206666,0.3998205303012887,0.37139118510077124,0.37586806018597607,89657.25583333333,296.3176675,-0.44513063068428266,-0.08929922986322762,81.4212596708183,1.4227679003153417,87.70370240729044,79.57570055866897,3.6737354183926745,6.829315347928001,1.8646999347764286,6.1798342159414625,0.8705972688584
2034-04-30,Kasese,10529.614022288868,0.827247341034288,19.0,0.0,1.0,0.1098988295973021,1.0000305189751728,3.999954221537241,0.1699,30.0781,0.200000000000001,30.100000000000016,0.0048427950427822886,0.001406918207173995,-0.0027344852080298312,289.02759,0.00021542959830380586,295.19498707512093,295.14603666666665,295.4458907970838,295.2303058333333,295.55110666666667,0.43333943999999996,0.3997987394479891,0.37287096832725036,0.378227235,89657.25583333333,296.3176675,-0.38932998943013963,-0.1441335563039695,82.02451584918532,-5.684914334374821,79.11789457630395,74.00439974963008,3.718390092672587,7.002016349834496,1.7957153955588447,6.233967747276568,0.8626754743107304
2025-04-30,Kasese,10529.614022288868,0.827247341034288,19.0,0.0,1.0,0.1098988295973021,1.0000305189751728,3.999954221537241,0.1699,30.0781,0.200000000000001,30.100000000000016,0.005219686774174032,0.001709158201888646,-0.002999120855344354,289.02759,0.00022574596320061192,295.4376936782872,296.11003199979234,296.4102482582,295.2303058333333,295.55110666666667,0.4316175166641516,0.4123518910969089,0.3824902203029232,0.3727592486108087,89657.25583333333,296.3176675,-0.37488750940198834,-0.1438094965814052,100.50257879498025,14.947016592162145,94.09675347187651,87.13470397742792,4.477772585186945,8.419374470475999,1.981901569494208,6.508228860838092,0.9617044625861769
2035-01-31,Kasese,10529.614022288868,0.827247341034288,19.0,0.0,1.0,0.1098988295973021,1.0000305189751728,3.999954221537241,0.1699,30.0781,0.200000000000001,30.100000000000016,0.004175455616677126,0.001101287458239989,-0.002566129203246698,289.02759,0.00019548874248499702,294.89864491133307,295.14603666666665,295.1554375,295.2303058333333,295.55110666666667,0.4289699744221418,0.38687266185772917,0.36034257763118555,0.378227235,89657.25583333333,296.3176675,-0.45664348937253574,-0.08634060839192532,59.71516736526903,-18.26348964115107,68.63252563212592,63.15840735518816,2.673622207214501,6.172515518790733,1.3347775007476061,5.896679308069053,0.6028475952191616
2032-01-31,Kasese,10529.614022288868,0.827247341034288,19.0,0.0,1.0,0.1098988295973021,1.0000305189751728,3.999954221537241,0.1699,30.0781,0.200000000000001,30.100000000000016,0.003950816440757072,0.0009640716138801644,-0.0025283386505797873,289.02759,0.00018681691023521163,295.0406513142213,295.14603666666665,295.7866627777778,295.2303058333333,295.55110666666667,0.4185396018648346,0.3793059106035253,0.3507346704841931,0.37514242318989227,89711.53833333333,296.3176675,-0.46569170917230157,-0.08561072130175551,55.09790445535203,-12.61208589035227,62.74402974036578,63.94692499615885,2.5529726237507115,6.109744091223462,1.0548648829344094,5.685115093560591,0.46944162755676194
2042-10-31,Kasese,10529.614022288868,0.827247341034288,19.0,0.0,1.0,0.1098988295973021,1.0000305189751728,3.999954221537241,0.1699,30.0781,0.200000000000001,30.100000000000016,0.004131071551128323,0.001145942795464679,-0.0025109641501305457,289.02759,0.00019347629334018771,294.9073767713001,295.14603666666665,295.1554375,295.2303058333333,295.55110666666667,0.43333943999999996,0.388504305439139,0.3682645917509668,0.378227235,89657.25583333333,296.3176675,-0.4463082520761845,-0.05416721366800189,66.81076523422546,-15.642769951059433,65.83487140816607,65.06920583225158,3.023015854984512,6.358572092281194,1.4457586989108269,5.908525149335515,0.6973288146742425
2043-07-31,Kasese,10529.614022288868,0.827247341034288,19.0,0.0,1.0,0.1098988295973021,1.0000305189751728,3.999954221537241,0.1699,30.0781,0.200000000000001,30.100000000000016,0.004781657353589726,0.0014300867790205333,-0.0026042250851944387,289.02759,0.000217857729358559,294.67530243055234,295.14603666666665,295.1554375,295.2303058333333,295.55110666666667,0.43333943999999996,0.39834455266968655,0.3671655020787968,0.378227235,89657.25583333333,296.3176675,-0.38227276350114764,-0.1035565541667966,63.300915791863986,-11.721634418733396,72.23661449177864,65.46935647359844,2.8578611937918836,6.074679238536931,1.8248243801148156,6.195704599259805,0.9151518706719403
2032-04-30,Kasese,10529.614022288868,0.827247341034288,19.0,0.0,1.0,0.1098988295973021,1.0000305189751728,3.999954221537241,0.1699,30.0781,0.200000000000001,30.100000000000016,0.00412028265376169,0.0009149997119734568,-0.0026429273810443716,289.02759,0.00018704948789828696,295.41784683730884,295.14603666666665,295.7866627777778,295.2303058333333,295.55110666666667,0.41853960186483463,0.3803347215142477,0.3561585643357419,0.37514242318989227,89711.53833333333,296.3176675,-0.46188514137004416,-0.16787997826534232,57.100784480639675,-16.890465350135297,56.13807171794907,66.29673771144054,2.690610545702944,7.049640776716444,1.0861677780339587,5.750693490599338,0.3742757744975298
2035-10-31,Kasese,10529.614022288868,0.827247341034288,19.0,0.0,1.0,0.1098988295973021,1.0000305189751728,3.999954221537241,0.1699,30.0781,0.200000000000001,30.100000000000016,0.0039031606913712646,0.0011791485130036485,-0.0024624873298640534,289.02759,0.00018814782221195404,295.20058120206835,295.14603666666665,295.702079160648,295.2303058333333,295.55110666666667,0.4224366442554293,0.3834802727201841,0.3612637393714741,0.378227235,89657.25583333333,296.3176675,-0.45297974983710826,-0.05828007246035583,66.09846558306585,-8.694192525698623,66.30933771989594,66.85416789502868,2.992933894389498,6.2456815490843995,1.3253105015352395,5.759724516122071,0.7411529022601205
2024-04-30,Kasese,10529.614022288868,0.827247341034288,19.0,0.0,1.0,0.1098988295973021,1.0000305189751728,3.999954221537241,0.1699,30.0781,0.200000000000001,30.100000000000016,0.00412337135252492,0.0009599787422520388,-0.0026751319779359695,289.83133775479257,0.0001867855826591684,295.61631287571123,295.31267055365316,296.0481582586244,295.43125883734837,295.55110666666667,0.4054998917315123,0.380714454912719,0.35651014205223297,0.3666504410148326,89738.10420292088,296.4881922443692,-0.46610470876190524,-0.17084639640832186,59.3956626233799,-15.34217236781646,56.90734124771408,67.02172213622761,2.7599881239912563,7.373910388872108,1.0341533554498135,5.782598219876523,0.37233258027709226
2023-10-31,Kasese,10529.614022288868,0.827247341034288,19.0,0.0,1.0,0.1098988295973021,1.0000305189751728,3.999954221537241,0.1699,30.0781,0.200000000000001,30.100000000000016,0.0034355060918721076,0.0010590897534961629,-0.002482127636850284,289.74338583594,0.00017051418842108226,295.428727716765,295.5142839320813,296.10227541666666,295.5650402866619,295.7630587467511,0.39350400713429906,0.3759460562248822,0.35384786476232166,0.3673283512074952,89697.10463771464,296.4449935685508,-0.5120303219330481,-0.018722699208679666,64.61604151766812,-4.7431560992204975,68.47979914900975,66.22557472775827,2.890365556897856,6.654177547675615,0.8876682609040891,5.526249956673788,0.520473682473618
2024-10-31,Kasese,10529.614022288868,0.827247341034288,19.0,0.0,1.0,0.1098988295973021,1.0000305189751728,3.999954221537241,0.1699,30.0781,0.200000000000001,30.100000000000016,0.004510160116634448,0.0012665928064353336,-0.0028674752897824584,289.08547685968955,0.0002012405685350798,296.0179621703403,296.0670257186994,296.1771995990134,295.2303058333333,295.7528565028659,0.41198685410359154,0.3999552645616658,0.37241519245629345,0.36579102534669555,89665.3353663723,296.4881922443692,-0.459550099422471,-0.06000472309952485,85.08747462149547,3.254039230069729,75.11443735179387,76.59367051832639,3.8433214573245897,7.9055239593909405,1.4395205617343414,6.227192709708909,0.5695404633515998
2036-10-31,Kasese,10529.614022288868,0.827247341034288,19.0,0.0,1.0,0.1098988295973021,1.0000305189751728,3.999954221537241,0.1699,30.0781,0.200000000000001,30.100000000000016,0.004508805648710501,0.0011836377791095431,-0.0028000849665864337,289.02759,0.0002017159860999581,295.5744343216636,295.14603666666665,295.1554375,295.2303058333333,295.55110666666667,0.4253000665639575,0.39889932802860173,0.37186172431838616,0.37381386936629885,89657.25583333333,296.3176675,-0.4556629413514996,-0.05564254312798802,82.47230226504132,-1.196645264790052,73.5868408821869,74.03165502943092,3.7385031192811247,7.39190443847973,1.5176694672200688,6.180601919299491,0.5858473515604418
2024-04-30,Kasese,10529.614022288868,0.827247341034288,19.0,0.0,1.0,0.1098988295973021,1.0000305189751728,3.999954221537241,0.1699,30.0781,0.200000000000001,30.100000000000016,0.00412337135252492,0.0009599787422520388,-0.0026751319779359695,289.83133775479257,0.0001867855826591684,295.61631287571123,295.31267055365316,296.0481582586244,295.43125883734837,295.55110666666667,0.4054998917315123,0.380714454912719,0.35651014205223297,0.3666504410148326,89738.10420292088,296.4881922443692,-0.46610470876190524,-0.17084639640832186,59.3956626233799,-15.34217236781646,56.90734124771408,67.02172213622761,2.7599881239912563,7.373910388872108,1.0341533554498135,5.782598219876523,0.37233258027709226
2036-10-31,Kasese,10529.614022288868,0.827247341034288,19.0,0.0,1.0,0.1098988295973021,1.0000305189751728,3.999954221537241,0.1699,30.0781,0.200000000000001,30.100000000000016,0.004508805648710501,0.0011836377791095431,-0.0028000849665864337,289.02759,0.0002017159860999581,295.5744343216636,295.14603666666665,295.1554375,295.2303058333333,295.55110666666667,0.4253000665639575,0.39889932802860173,0.37186172431838616,0.37381386936629885,89657.25583333333,296.3176675,-0.4556629413514996,-0.05564254312798802,82.47230226504132,-1.196645264790052,73.5868408821869,74.03165502943092,3.7385031192811247,7.39190443847973,1.5176694672200688,6.180601919299491,0.5858473515604418
2046-07-31,Kasese,10529.614022288868,0.827247341034288,19.0,0.0,1.0,0.1098988295973021,1.0000305189751728,3.999954221537241,0.1699,30.0781,0.200000000000001,30.100000000000016,0.004692721086587808,0.001458011161970654,-0.0026489593919973506,289.02759,0.00021297406163328569,294.6338823881569,295.14603666666665,295.1554375,295.2303058333333,295.55110666666667,0.43333943999999996,0.4008586492821707,0.3740101852067465,0.378227235,89657.25583333333,296.3176675,-0.4028949745890222,-0.12071740219806078,63.25611797674001,-14.446610150245485,75.28195994929581,67.97858914583588,2.8446107224054074,6.263896588665008,1.903903826443446,6.196174602887492,0.9273550325115746
2039-01-31,Kasese,10529.614022288868,0.827247341034288,19.0,0.0,1.0,0.1098988295973021,1.0000305189751728,3.999954221537241,0.1699,30.0781,0.200000000000001,30.100000000000016,0.004175492309166078,0.001081661466584285,-0.0025392735213745935,289.02759,0.00019512446136654064,294.8406720583902,295.14603666666665,295.1554375,295.2303058333333,295.55110666666667,0.43293204552710374,0.3865951399462924,0.3603236678378565,0.378227235,89657.25583333333,296.3176675,-0.45608000918165786,-0.08595440246137698,57.493592515705075,-18.999339799310565,68.23496310954567,62.87709005493098,2.598000011313228,6.085561129086375,1.3456507958926054,5.881679911876664,0.608670882843758
2027-10-31,Kasese,10529.614022288868,0.827247341034288,19.0,0.0,1.0,0.1098988295973021,1.0000305189751728,3.999954221537241,0.1699,30.0781,0.200000000000001,30.100000000000016,0.003896612369216134,0.0012211823771471955,-0.002492067790326636,289.02759,0.00018769275438889471,295.4035348465596,295.15952893222016,295.8933988550012,295.2303058333333,295.55110666666667,0.41275829646535916,0.38393060857188804,0.3615223075575375,0.3731986552146351,89657.25583333333,296.3176675,-0.45484843000560327,-0.06096389223231002,69.23093747509624,-5.855269461614374,67.03894602191625,68.42666245793873,3.125225704269438,6.6898977637938115,1.2715883258757346,5.786501670070506,0.732272846891442
2045-10-31,Kasese,10529.614022288868,0.827247341034288,19.0,0.0,1.0,0.1098988295973021,1.0000305189751728,3.999954221537241,0.1699,30.0781,0.200000000000001,30.100000000000016,0.0043478083622418015,0.0011347194971623074,-0.0026286290373075728,289.02759,0.00019824820115775236,294.7933443709043,295.14603666666665,295.1554375,295.2303058333333,295.55110666666667,0.43333943999999996,0.3946930992082382,0.37194560064911353,0.378227235,89657.25583333333,296.3176675,-0.4454591590214245,-0.05335896406639828,70.81519819824786,-13.886473503255722,68.95825955906783,67.50382683964857,3.2745937879569986,6.647114858930984,1.5260283194946627,6.036801310187999,0.6484606993903577
2034-04-30,Kasese,10529.614022288868,0.827247341034288,19.0,0.0,1.0,0.1098988295973021,1.0000305189751728,3.999954221537241,0.1699,30.0781,0.200000000000001,30.100000000000016,0.0048427950427822886,0.001406918207173995,-0.0027344852080298312,289.02759,0.00021542959830380586,295.19498707512093,295.14603666666665,295.4458907970838,295.2303058333333,295.55110666666667,0.43333943999999996,0.3997987394479891,0.37287096832725036,0.378227235,89657.25583333333,296.3176675,-0.38932998943013963,-0.1441335563039695,82.02451584918532,-5.684914334374821,79.11789457630395,74.00439974963008,3.718390092672587,7.002016349834496,1.7957153955588447,6.233967747276568,0.8626754743107304
2031-10-31,Kasese,10529.614022288868,0.827247341034288,19.0,0.0,1.0,0.1098988295973021,1.0000305189751728,3.999954221537241,0.1699,30.0781,0.200000000000001,30.100000000000016,0.003907262612842539,0.0011931823247366786,-0.002478556110688608,289.02759,0.00018783611236175318,295.3053029252872,295.14603666666665,295.7866627777778,295.2303058333333,295.55110666666667,0.41853960186483463,0.3837605827067528,0.3609481297249584,0.37637516498794144,89657.25583333333,296.3176675,-0.4539438508985474,-0.05969234305939347,67.3666311376363,-7.322014572857282,66.58998872182376,67.70132640630783,3.064707856573842,6.441262979444443,1.3006730170039014,5.774575994746068,0.7344578999010442
2041-10-31,Kasese,10529.614022288868,0.827247341034288,19.0,0.0,1.0,0.1098988295973021,1.0000305189751728,3.999954221537241,0.1699,30.0781,0.200000000000001,30.100000000000016,0.004336665939595887,0.0011570513891081063,-0.0026553684836091076,289.02759,0.00019764966175979054,294.9389626409881,295.14603666666665,295.1554375,295.2303058333333,295.55110666666667,0.43333943999999996,0.3953752369608061,0.37194751589126507,0.378227235,89657.25583333333,296.3176675,-0.4472303190846259,-0.053023959212945275,72.14305968691734,-12.404703344005945,69.74297299381753,68.27055145184964,3.341328009978193,6.801878593224822,1.501469838413516,6.0529837831876465,0.6477002847560237
2038-10-31,Kasese,10529.614022288868,0.827247341034288,19.0,0.0,1.0,0.1098988295973021,1.0000305189751728,3.999954221537241,0.1699,30.0781,0.200000000000001,30.100000000000016,0.004138130688719633,0.0011663370076841234,-0.002529175693497325,289.02759,0.00019305405924601249,295.0080009874534,295.14603666666665,295.1554375,295.2303058333333,295.55110666666667,0.4329320455271038,0.389234386840162,0.36851842964341985,0.378227235,89657.25583333333,296.3176675,-0.4473990710914708,-0.05571847353096737,68.87772835618458,-14.13040308599284,66.190537648534,65.81112791674126,3.1217268791989574,6.518278211801369,1.4196928231648502,5.919801530605696,0.6969413617848014
2048-04-30,Kasese,10529.614022288868,0.827247341034288,19.0,0.0,1.0,0.1098988295973021,1.0000305189751728,3.999954221537241,0.1699,30.0781,0.200000000000001,30.100000000000016,0.004129337159490917,0.0008453700219850053,-0.0025846893651146185,289.02759,0.00018775316282453177,295.0205696915332,295.14603666666665,295.1554375,295.2303058333333,295.55110666666667,0.43333943999999996,0.37917150934705984,0.3554848991986584,0.378227235,89711.53833333333,296.3176675,-0.4545768605031089,-0.1618323863621018,54.186949198308376,-19.81234561977708,54.61826763916756,64.78550108658561,2.5572312949361407,6.647060487921248,1.1816707463322091,5.6967105382369425,0.3901016539152497
2026-10-31,Kasese,10529.614022288868,0.827247341034288,19.0,0.0,1.0,0.1098988295973021,1.0000305189751728,3.999954221537241,0.1699,30.0781,0.200000000000001,30.100000000000016,0.004135726377700253,0.0012412755320984944,-0.002601355041162662,289.02759,0.00019284737539113723,295.303133160461,295.14603666666665,295.42087220297907,295.2303058333333,295.55110666666667,0.4179750531683626,0.39035797162897773,0.369285151706556,0.3745400063500058,89657.25583333333,296.3176675,-0.45285767024685714,-0.059805478819080105,75.76619113619697,-9.402657633925811,67.76376271800255,68.85559161313863,3.418212987569621,7.079388607451321,1.353500744248352,5.962876698624362,0.6899531824472565
2047-01-31,Kasese,10529.614022288868,0.827247341034288,19.0,0.0,1.0,0.1098988295973021,1.0000305189751728,3.999954221537241,0.1699,30.0781,0.200000000000001,30.100000000000016,0.004170803965603115,0.0010288045207001693,-0.002496266901051773,289.02759,0.000195780221411564,294.74060755972585,295.14603666666665,295.1554375,295.2303058333333,295.55110666666667,0.43333943999999996,0.3856871962119007,0.3597476196826223,0.378227235,89657.25583333333,296.3176675,-0.4522165767812038,-0.08209349059686066,53.582566274648606,-20.457263591706766,67.077008115462,62.21668044927501,2.4575968826128,6.0,1.3918415850883747,5.856657654742526,0.6210944514378947
2035-04-30,Kasese,10529.614022288868,0.827247341034288,19.0,0.0,1.0,0.1098988295973021,1.0000305189751728,3.999954221537241,0.1699,30.0781,0.200000000000001,30.100000000000016,0.004459402553436749,0.001153931785369906,-0.0025181399751862616,289.02759,0.0002051837096464611,295.11066566341054,295.14603666666665,295.1554375,295.2303058333333,295.55110666666667,0.4289699744221418,0.3867313952864428,0.3625242367260675,0.378227235,89657.25583333333,296.3176675,-0.41111868001566026,-0.14892443867678176,65.14315630568187,-19.309212498680367,64.80321559506986,64.92410540360522,2.9167109007856724,6.418197067875133,1.543596455662659,5.975254630729829,0.7532228922551769
2027-01-31,Kasese,10529.614022288868,0.827247341034288,19.0,0.0,1.0,0.1098988295973021,1.0000305189751728,3.999954221537241,0.1699,30.0781,0.200000000000001,30.100000000000016,0.0041798561230452684,0.0011515741082265885,-0.0026133510489186693,289.02759,0.00019481357074390627,295.09529100700394,295.14603666666665,295.4208722029791,295.2303058333333,295.55110666666667,0.4182424182087874,0.38777489400988197,0.3609383552903263,0.3748623918066089,89657.25583333333,296.3176675,-0.4609107580290978,-0.08933863762780937,64.13935446700346,-16.370362390972616,69.68059231852854,64.74881579956842,2.8620105261106796,6.383553487643643,1.275496468843616,5.919223391621142,0.6025039277483983
2041-04-30,Kasese,10529.614022288868,0.827247341034288,19.0,0.0,1.0,0.1098988295973021,1.0000305189751728,3.999954221537241,0.1699,30.0781,0.200000000000001,30.100000000000016,0.00520681831818671,0.0016134874086576312,-0.0029039231805893188,289.02759,0.00022624124233084914,294.8685785766247,295.14603666666665,295.1554375,295.2303058333333,295.55110666666667,0.43333943999999996,0.41077537967564853,0.38160160541634386,0.378227235,89657.25583333333,296.3176675,-0.3700058018350423,-0.1373860606121884,93.58796462542949,6.36357491307161,91.81185966940775,82.65798969609237,4.204886435792318,7.420960709610665,2.0879442106261004,6.453912767767666,0.9732375241034289
2042-10-31,Kasese,10529.614022288868,0.827247341034288,19.0,0.0,1.0,0.1098988295973021,1.0000305189751728,3.999954221537241,0.1699,30.0781,0.200000000000001,30.100000000000016,0.004131071551128323,0.001145942795464679,-0.0025109641501305457,289.02759,0.00019347629334018771,294.9073767713001,295.14603666666665,295.1554375,295.2303058333333,295.55110666666667,0.43333943999999996,0.388504305439139,0.3682645917509668,0.378227235,89657.25583333333,296.3176675,-0.4463082520761845,-0.05416721366800189,66.81076523422546,-15.642769951059433,65.83487140816607,65.06920583225158,3.023015854984512,6.358572092281194,1.4457586989108269,5.908525149335515,0.6973288146742425
2045-01-31,Kasese,10529.614022288868,0.827247341034288,19.0,0.0,1.0,0.1098988295973021,1.0000305189751728,3.999954221537241,0.1699,30.0781,0.200000000000001,30.100000000000016,0.004607590025543946,0.0013482324433345327,-0.002686720725734388,289.02759,0.00020979109336115355,295.0481602328938,295.14603666666665,295.1554375,295.2303058333333,295.55110666666667,0.4329116560391843,0.39957420916177283,0.37116018388354144,0.3780228007107728,89657.25583333333,296.3176675,-0.44274103894944533,-0.08823236831847774,80.04263456231389,-0.1905498464761816,87.42022443239826,78.64941956001257,3.6407888441925724,6.65860579015979,1.8878437657142626,6.166167877607136,0.8715574946694291
2038-10-31,Kasese,10529.614022288868,0.827247341034288,19.0,0.0,1.0,0.1098988295973021,1.0000305189751728,3.999954221537241,0.1699,30.0781,0.200000000000001,30.100000000000016,0.004138130688719633,0.0011663370076841234,-0.002529175693497325,289.02759,0.00019305405924601249,295.0080009874534,295.14603666666665,295.1554375,295.2303058333333,295.55110666666667,0.4329320455271038,0.389234386840162,0.36851842964341985,0.378227235,89657.25583333333,296.3176675,-0.4473990710914708,-0.05571847353096737,68.87772835618458,-14.13040308599284,66.190537648534,65.81112791674126,3.1217268791989574,6.518278211801369,1.4196928231648502,5.919801530605696,0.6969413617848014
2033-04-30,Kasese,10529.614022288868,0.827247341034288,19.0,0.0,1.0,0.1098988295973021,1.0000305189751728,3.999954221537241,0.1699,30.0781,0.200000000000001,30.100000000000016,0.005210389318543861,0.0016681294683520917,-0.0029518035747922154,289.02759,0.000226200383913225,295.1394882515936,295.14603666666665,295.4831319694944,295.2303058333333,295.55110666666667,0.43333943999999996,0.41155896336976316,0.38215384725987755,0.378227235,89657.25583333333,296.3176675,-0.3725782171671983,-0.13943946979097413,97.78027316991529,10.57027097896878,92.89191802305565,84.64511666166696,4.342773735409746,7.911269033370124,2.0433472896662876,6.481938854304938,0.9641085983827401
2044-07-31,Kasese,10529.614022288868,0.827247341034288,19.0,0.0,1.0,0.1098988295973021,1.0000305189751728,3.999954221537241,0.1699,30.0781,0.200000000000001,30.100000000000016,0.004362364006381454,0.0009810487310238179,-0.00262072708093487,289.02759,0.0001965246801890386,295.1890367218989,295.14603666666665,295.1554375,295.2303058333333,295.55110666666667,0.4329116560391843,0.387403421936571,0.3607238214321371,0.3780228007107728,89711.53833333333,296.3176675,-0.4619722341439043,-0.13455378910103777,54.86159897503831,-19.214728934941785,55.834189501485476,65.17029500436223,2.593502703221984,6.730807575310426,1.4117102897494516,5.9492194954985225,0.47275306751754503
2043-04-30,Kasese,10529.614022288868,0.827247341034288,19.0,0.0,1.0,0.1098988295973021,1.0000305189751728,3.999954221537241,0.1699,30.0781,0.200000000000001,30.100000000000016,0.004455441186826493,0.0011092410179612368,-0.0024726323861092264,289.02759,0.00020515296892587454,294.9021311520735,295.14603666666665,295.1554375,295.2303058333333,295.55110666666667,0.43333943999999996,0.3858546037536003,0.36208462104213357,0.378227235,89657.25583333333,296.3176675,-0.4092025178420866,-0.14673432646971707,60.953969197959445,-20.842661632803715,63.953300675185055,64.21035585529516,2.7734518840054254,6.074679238536931,1.5916679576380666,5.943578862867569,0.7592934175710052
2043-10-31,Kasese,10529.614022288868,0.827247341034288,19.0,0.0,1.0,0.1098988295973021,1.0000305189751728,3.999954221537241,0.1699,30.0781,0.200000000000001,30.100000000000016,0.003899774938086508,0.0011462933933437888,-0.002432070489649892,289.02759,0.0001885885918904979,295.0014464081935,295.14603666666665,295.19239264583507,295.2303058333333,295.55110666666667,0.4302241185985025,0.38278393105135794,0.36066880418872077,0.378227235,89657.25583333333,296.3176675,-0.45081571202610915,-0.05572272739806385,63.27159221739504,-11.721634418733396,65.54906998069623,65.46935647359844,2.8578611937918836,6.074679238536931,1.372639581498519,5.726374768449642,0.7435767918030153
2036-07-31,Kasese,10529.614022288868,0.827247341034288,19.0,0.0,1.0,0.1098988295973021,1.0000305189751728,3.999954221537241,0.1699,30.0781,0.200000000000001,30.100000000000016,0.004363167488812755,0.0010298043954475855,-0.002667629715027363,289.02759,0.0001960364343195649,295.3880593550541,295.14603666666665,295.1554375,295.2303058333333,295.55110666666667,0.4253000665639575,0.3880494673987229,0.3611215126382013,0.37381386936629885,89711.53833333333,296.3176675,-0.46627338656326583,-0.138273373826087,56.34627575723899,-17.61685571151629,57.021994012294606,65.89576015082244,2.655169785947791,6.892029560009369,1.3581355243430266,5.976375927937096,0.46287039456916296
2029-04-30,Kasese,10529.614022288868,0.827247341034288,19.0,0.0,1.0,0.1098988295973021,1.0000305189751728,3.999954221537241,0.1699,30.0781,0.200000000000001,30.100000000000016,0.005225800880370136,0.001689330161996441,-0.0029724335155206887,289.02759,0.0002255193594057667,295.2890619477702,295.39476148852106,295.99807605236646,295.2303058333333,295.55110666666667,0.43333943999999996,0.41207752717220375,0.38234651747286647,0.3776429951490579,89657.25583333333,296.3176675,-0.37437149283207655,-0.14102373656805942,99.15844894515556,12.681401701936641,93.63712845789074,85.78876881844717,4.406788960774429,8.153172104706575,2.0058021349758346,6.49315242043604,0.9658846575507413
2029-10-31,Kasese,10529.614022288868,0.827247341034288,19.0,0.0,1.0,0.1098988295973021,1.0000305189751728,3.999954221537241,0.1699,30.0781,0.200000000000001,30.100000000000016,0.00434182121886222,0.0012348441856763984,-0.0027221375818175055,289.02759,0.00019715566401664824,295.3844153307104,295.14603666666665,295.1554375,295.2303058333333,295.55110666666667,0.4258099126267471,0.3965976698911517,0.3723958026316516,0.378227235,89657.25583333333,296.3176675,-0.45373949954895215,-0.057261791315634525,78.43160283132727,-6.366201786011616,71.52318107032262,71.63379761210622,3.6193140197674154,7.2994721537994,1.41953987856811,6.093650622076936,0.6312091726718756
