date,city,geopotential_height,high_vegetation_cover,high_vegetation_type,lake_cover,land_sea_mask,low_vegetation_cover,low_vegetation_type,soil_type,target_latitude,target_longitude,grid_latitude,grid_longitude,total_precipitation,runoff,evaporation,dewpoint_temperature_2m,experiment_version,skin_reservoir_content,skin_temperature,soil_temperature_level1,soil_temperature_level2,soil_temperature_level3,soil_temperature_level4,soil_volume_water_content_level1,soil_volume_water_content_level2,soil_volume_water_content_level3,soil_volume_water_content_level4,surface_pressure,temperature_2m,u_component_wind_10m,v_component_wind_10m,rainfall_mm,rainfall_monthly_anomaly,rainfall_3month_avg,rainfall_6month_avg
2025-07-01,Kabale,17455.652201526806,0.9086567073077686,19.0,0.0,1.0,0.0186623533181755,1.0000305189751728,2.000030518975173,-1.242,29.9856,-1.0,30.00000000000001,0.0030525954637842974,0.0010449917564254575,-0.0026913178215440823,285.654851393416,1.0,0.0001162264742530454,292.9459228543827,293.4493309605117,293.41941277478185,293.370568559434,293.3812179954381,0.3481399953121126,0.35238244975533695,0.3601326788077236,0.4164211763457457,83032.97000688312,292.56117237724305,-0.5165662092797819,0.6493021793703492,52.49881746837036,0.04696105148411989,69.09579727557112,86.87415691748143
2025-08-01,Kabale,17455.652201526806,0.9086567073077686,19.0,0.0,1.0,0.0186623533181755,1.0000305189751728,2.000030518975173,-1.242,29.9856,-1.0,30.00000000000001,0.00354725518450137,0.0010336044353191146,-0.0027473767401902365,285.97172019488045,1.0,0.00012711626837974836,293.0285092041777,293.5408042919957,293.5113208317209,293.4509876024854,293.39798289874017,0.35994089776729365,0.3609556498511296,0.3584957304785774,0.4135699239646132,83025.32408014391,292.55762548496136,-0.512653331003184,0.5976460191597268,60.155007872131236,0.05601191024420748,64.63335471880933,85.50865211834757
2025-09-01,Kabale,17455.652201526806,0.9086567073077686,19.0,0.0,1.0,0.0186623533181755,1.0000305189751728,2.000030518975173,-1.242,29.9856,-1.0,30.00000000000001,0.004014251316284107,0.0011126647718950246,-0.002820928434474139,286.28939839883765,1.0,0.00013725326339243966,293.0277890892005,293.5584652374726,293.5345824541848,293.4848859957236,293.42136785615605,0.370519105034175,0.37109155559869694,0.3641626394384166,0.4120828930680677,83012.99151726319,292.50165379683455,-0.5064286475010475,0.5612196830019949,71.58482292479839,-0.012368005625170472,67.17594404992938,84.14264991888817
2025-10-01,Kabale,17455.652201526806,0.9086567073077686,19.0,0.0,1.0,0.0186623533181755,1.0000305189751728,2.000030518975173,-1.242,29.9856,-1.0,30.00000000000001,0.004851397031719457,0.0013023662974919973,-0.0029394498873061303,286.83208786468805,1.0,0.0001573434788780889,292.9793465689574,293.54149131422975,293.5312744543766,293.51429678474364,293.4553721156307,0.3896687084054531,0.3894264694229113,0.3757274564185489,0.41073967758953894,82991.14444534761,292.38668879677294,-0.4913850445489314,0.4871399023356111,89.55326170779836,-0.056535657643774606,74.05744477549199,81.83793442890162
2025-11-01,Kabale,17455.652201526806,0.9086567073077686,19.0,0.0,1.0,0.0186623533181755,1.0000305189751728,2.000030518975173,-1.242,29.9856,-1.0,30.00000000000001,0.005398167531686233,0.0016160391620917477,-0.0030120735975322083,287.2109923738646,1.0,0.00017507770357579134,292.8015796348014,293.3921065565721,293.40035068859265,293.4346378431444,293.4595439159022,0.4026272126974921,0.40449654444005684,0.3935486963426736,0.41379976406748037,82970.96835762191,292.1969225568939,-0.4658265376459077,0.4243756405113925,102.32052390274139,-0.1680044218205874,88.04189206345656,80.91326827835324
2025-12-01,Kabale,17455.652201526806,0.9086567073077686,19.0,0.0,1.0,0.0186623533181755,1.0000305189751728,2.000030518975173,-1.242,29.9856,-1.0,30.00000000000001,0.005304201275158593,0.001783850463478213,-0.003052087433800768,287.32258808708656,1.0,0.00018564885711700263,292.6555719829871,293.25252868303625,293.2657431713776,293.3224245673202,293.4158613163101,0.4082577974971831,0.41105298805837354,0.4042505276977581,0.4190537845533946,82961.48801540384,292.08683279776375,-0.4298072620518953,0.3494392820256224,100.50531834744334,-0.1689910130741594,97.31135391838502,82.53471629863962
2026-01-01,Kabale,17455.652201526806,0.9086567073077686,19.0,0.0,1.0,0.0186623533181755,1.0000305189751728,2.000030518975173,-1.242,29.9856,-1.0,30.00000000000001,0.0047714663893661064,0.0017181792394765168,-0.003087356353540908,287.20969555122366,1.0,0.00018131751806252694,292.66503371506013,293.24611946079887,293.24821287931314,293.27584263151226,293.355044779465,0.4053350121502602,0.40819963311945795,0.40428701465140354,0.4227496166722098,82957.18845605524,292.13786923977904,-0.3608999203930526,0.2716181832638276,91.08516072947468,-0.15827562354698538,97.63216681258712,86.0610967074358
2026-02-01,Kabale,17455.652201526806,0.9086567073077686,19.0,0.0,1.0,0.0186623533181755,1.0000305189751728,2.000030518975173,-1.242,29.9856,-1.0,30.00000000000001,0.004210555379205762,0.001476044531825927,-0.003123638793526328,287.0394004643199,1.0,0.00016869327651898016,292.8793043368248,293.4354599302765,293.40999238858376,293.3631145211776,293.3306549759059,0.39788280526178355,0.39971166380663337,0.395253004510417,0.4227069177718567,82951.60371970556,292.38338547967754,-0.3208114702592834,0.2291318856850004,83.88122902991937,-0.052430275139862946,91.59750544856479,90.04632300497042
2026-03-01,Kabale,17455.652201526806,0.9086567073077686,19.0,0.0,1.0,0.0186623533181755,1.0000305189751728,2.000030518975173,-1.242,29.9856,-1.0,30.00000000000001,0.00429811643935831,0.001336759220700075,-0.0031443601866719944,287.0755699046263,1.0,0.00016376833805253392,293.06925103839166,293.61957581835253,293.588264072655,293.5111388162867,293.37964316975473,0.3955585376240169,0.3966967485350299,0.38845403326791844,0.4201029616582324,82943.51048032068,292.5648266121499,-0.34240082619360984,0.2754231840585497,90.31556278531384,-0.06716478307393027,88.22100591850263,93.10478416750975
2026-04-01,Kabale,17455.652201526806,0.9086567073077686,19.0,0.0,1.0,0.0186623533181755,1.0000305189751728,2.000030518975173,-1.242,29.9856,-1.0,30.00000000000001,0.004886343662830319,0.0014995812099060921,-0.003133754010722177,287.32548938736005,1.0,0.00017441174448503378,293.09368071681456,293.65807531369995,293.63693595486126,293.5828055120335,293.45704182656283,0.39927706147183867,0.40086611009899636,0.39137822186011134,0.418971231115214,82942.8844351184,292.56545461148613,-0.44540820404227394,0.4138511807464287,102.76662438265556,-0.09982279094731668,92.14794100448489,95.19513531328455
2026-05-01,Kabale,17455.652201526806,0.9086567073077686,19.0,0.0,1.0,0.0186623533181755,1.0000305189751728,2.000030518975173,-1.242,29.9856,-1.0,30.00000000000001,0.005110408912478786,0.0017942998793289689,-0.003115883869339043,287.4919735077317,1.0,0.00017977549613722353,292.9455714101575,293.5207596830408,293.5240265838033,293.53462993380066,293.50377475096707,0.402802112216505,0.4054029022132881,0.39853493526315037,0.4209634746827761,82961.74105627475,292.4405536652544,-0.5578563752505331,0.5863925221653178,107.37060537714807,-0.1195448287951617,100.0229780490716,95.97737588779118
2026-06-01,Kabale,17455.652201526806,0.9086567073077686,19.0,0.0,1.0,0.0186623533181755,1.0000305189751728,2.000030518975173,-1.242,29.9856,-1.0,30.00000000000001,0.004619907873904722,0.0018419508621770962,-0.0030360988469482248,287.16304139343447,1.0,0.00016525098270708455,292.7989994233398,293.3639516752552,293.376521291296,293.42350426283315,293.48621665711846,0.3916891610050621,0.3965775664045322,0.3966215356375762,0.42290049294013227,82991.66459283199,292.3848140576648,-0.5886204542806001,0.688266404337791,90.93740092048826,-0.06600016470048464,100.65028987277715,94.49999937428277
2026-07-01,Kabale,17455.652201526806,0.9086567073077686,19.0,0.0,1.0,0.0186623533181755,1.0000305189751728,2.000030518975173,-1.242,29.9856,-1.0,30.00000000000001,0.0036845919299797387,0.001554895213134183,-0.0028887353653494472,286.46082277878713,1.0,0.00013795479989187626,292.81707746409785,293.3520557825121,293.35203565119247,293.37064814745935,293.4345167449408,0.37092703519024023,0.376933009528541,0.38252207396270843,0.42187381643013894,83015.81446801162,292.45703514655764,-0.5800668557944951,0.7071218370187107,69.75629729004146,-0.057271212789646204,89.91156309204858,91.20425240722658
2026-08-01,Kabale,17455.652201526806,0.9086567073077686,19.0,0.0,1.0,0.0186623533181755,1.0000305189751728,2.000030518975173,-1.242,29.9856,-1.0,30.00000000000001,0.0034597278706364402,0.0011897728760578458,-0.0027851081664572023,286.07154150567453,1.0,0.0001271428682180679,292.93392127909925,293.455502567978,293.4380929205833,293.4160456671561,293.4084905891041,0.36095235972190626,0.36496536650519057,0.36639908292303947,0.41702856092754775,83019.48290332274,292.52736234129026,-0.5368023175703006,0.6439205372181578,59.68764483689392,-0.12048246797453561,73.76466006690869,87.33268006695555
2026-09-01,Kabale,17455.652201526806,0.9086567073077686,19.0,0.0,1.0,0.0186623533181755,1.0000305189751728,2.000030518975173,-1.242,29.9856,-1.0,30.00000000000001,0.0039207222532304355,0.0011040762194955921,-0.0027985647089272055,286.2590152542441,1.0,0.00013634723328718906,293.0314350961027,293.56344070561914,293.53807546590457,293.49014339946933,293.4222156486752,0.36925908336549806,0.37042039002102384,0.36393235441911337,0.41257072597105376,83004.8482137894,292.50724523119675,-0.5232666013017155,0.5702012699750202,71.61794320685405,-0.1468690918176361,66.7557581624429,84.17843857442529
2026-10-01,Kabale,17455.652201526806,0.9086567073077686,19.0,0.0,1.0,0.0186623533181755,1.0000305189751728,2.000030518975173,-1.242,29.9856,-1.0,30.00000000000001,0.004822013680764706,0.0013017260732851763,-0.0029156762308654165,286.81683771834724,1.0,0.00015743160705668308,292.97546312831565,293.53851640782386,293.52863158298186,293.51594202948894,293.45700938259023,0.38936487986591617,0.38883543232685547,0.37482101465483764,0.41080748484962865,82980.08707465846,292.3788812886108,-0.49358836810176515,0.48708640200686165,89.92760729761967,-0.1436497816814141,73.1531098407142,81.87316426252795
2026-11-01,Kabale,17455.652201526806,0.9086567073077686,19.0,0.0,1.0,0.0186623533181755,1.0000305189751728,2.000030518975173,-1.242,29.9856,-1.0,30.00000000000001,0.00537793180840507,0.0015932398374749383,-0.0029957827624531885,287.2068375688948,1.0,0.0001755349361945841,292.79257246600747,293.38399076615565,293.3940061326455,293.431023333131,293.45873384563464,0.40340100750907837,0.40478023202118063,0.39274272666256826,0.4135781192689428,82958.72119357371,292.1902115796333,-0.46511713054381393,0.41940278982775275,102.51725529225325,-0.03978941259168504,87.57706943554258,80.9421112149857
2026-12-01,Kabale,17455.652201526806,0.9086567073077686,19.0,0.0,1.0,0.0186623533181755,1.0000305189751728,2.000030518975173,-1.242,29.9856,-1.0,30.00000000000001,0.005342854697525246,0.0017845422781669305,-0.0030364184753012436,287.3123079525467,1.0,0.00018592109413342393,292.65478038883793,293.2509796542127,293.2647200816829,293.3198852337857,293.41231633018936,0.40866976957642814,0.411430123337499,0.4045062374476887,0.418916412474479,82949.22864094308,292.08643098921976,-0.419366370118955,0.3423496250520106,100.59182394644881,-0.040080811315428885,97.57678107475965,82.51176789058637
2027-01-01,Kabale,17455.652201526806,0.9086567073077686,19.0,0.0,1.0,0.0186623533181755,1.0000305189751728,2.000030518975173,-1.242,29.9856,-1.0,30.00000000000001,0.004790190530502663,0.0017194103690767522,-0.0030708012027313857,287.2206169470805,1.0,0.00018165046802483446,292.671690031865,293.25253928853994,293.251891176381,293.27590078787836,293.35174931221195,0.4060171154186715,0.4088431848799121,0.40492117127673194,0.42304665026024163,82946.61587832875,292.14432857369917,-0.35436886504365833,0.26724113229181407,91.0206576298843,0.009554560251989095,98.12738134315565,86.02915147518691
2027-02-01,Kabale,17455.652201526806,0.9086567073077686,19.0,0.0,1.0,0.0186623533181755,1.0000305189751728,2.000030518975173,-1.242,29.9856,-1.0,30.00000000000001,0.004239173711868777,0.0015041819271340434,-0.0031064227976640574,287.0618302779048,1.0,0.0001689941411302338,292.8922859475827,293.44531101592406,293.41840168043063,293.3699767525557,293.331964758418,0.39850532319755927,0.4003873156038795,0.39605149779678056,0.4233380658729837,82942.1933316465,292.3879555613184,-0.3193159347214108,0.22939032757075395,83.95004494230818,-0.009602376503164789,91.97844075104042,90.07529053074086
2027-03-01,Kabale,17455.652201526806,0.9086567073077686,19.0,0.0,1.0,0.0186623533181755,1.0000305189751728,2.000030518975173,-1.242,29.9856,-1.0,30.00000000000001,0.004278417844759154,0.0013491807964884684,-0.003125956753475906,287.0768240176242,1.0,0.00016389964866412817,293.0700473059351,293.6190820826491,293.58779197856694,293.5133304965677,293.3812572422465,0.3957213915151751,0.39704289981248836,0.3887428271901769,0.4205136862232714,82932.40935180671,292.55958414799755,-0.34776294310899886,0.2753105052007692,90.37456418166035,-0.02762555291875464,88.04901055663288,93.16545594794091
2027-04-01,Kabale,17455.652201526806,0.9086567073077686,19.0,0.0,1.0,0.0186623533181755,1.0000305189751728,2.000030518975173,-1.242,29.9856,-1.0,30.00000000000001,0.004822890353733087,0.0014991300325265646,-0.0031151102575735744,287.2900274816785,1.0,0.0001741196512834484,293.0937896491619,293.65602700956555,293.63565178785973,293.58392902602924,293.4570815761927,0.3985464707736254,0.4002971576947328,0.39087315091389657,0.41921346160439726,82931.73558369,292.56125866683857,-0.4498531789613048,0.413214652563068,102.70876527178758,-0.11408947479233415,91.44849111000842,95.23950668020909
2027-05-01,Kabale,17455.652201526806,0.9086567073077686,19.0,0.0,1.0,0.0186623533181755,1.0000305189751728,2.000030518975173,-1.242,29.9856,-1.0,30.00000000000001,0.005059187878821313,0.0017695358394915538,-0.0030954396804596823,287.4620518557136,1.0,0.00017997107662604084,292.93786460270843,293.51388202264275,293.51575390895306,293.5283975449616,293.5003588843997,0.40251978989249554,0.40519736230324116,0.3979313934992661,0.4208258411500719,82949.70786114248,292.43172554227556,-0.5577655360512918,0.5855552247257484,107.70478245930944,-0.11986226266389494,99.49712178112024,96.05472005478254
2027-06-01,Kabale,17455.652201526806,0.9086567073077686,19.0,0.0,1.0,0.0186623533181755,1.0000305189751728,2.000030518975173,-1.242,29.9856,-1.0,30.00000000000001,0.004682157066704052,0.00184951010104969,-0.0030223497711191205,287.19493710885433,1.0,0.00016642688406969233,292.8041902429016,293.3675276650459,293.3774043686356,293.4234463910129,293.4835651140911,0.39343927919130767,0.3975259094784462,0.3968359962841134,0.4229610795362728,82979.36893087684,292.38600204013443,-0.5719848632506453,0.6767876746741335,91.27500662318754,0.004335431977504624,100.8895577152607,94.60020043850767
2027-07-01,Kabale,17455.652201526806,0.9086567073077686,19.0,0.0,1.0,0.0186623533181755,1.0000305189751728,2.000030518975173,-1.242,29.9856,-1.0,30.00000000000001,0.0037419393748471565,0.0015677020878763345,-0.002876759976999201,286.4900441291502,1.0,0.00013867608148545796,292.82368584451507,293.35693596219085,293.35384835051445,293.37162826155503,293.434394992524,0.37240422310426924,0.37845795305318797,0.38395242595946405,0.42209700168680303,83004.74118731491,292.46370110671455,-0.5749541292894381,0.7024900425161125,70.05871717664031,0.02398735518396534,90.86697732876576,91.28642997463085
2027-08-01,Kabale,17455.652201526806,0.9086567073077686,19.0,0.0,1.0,0.0186623533181755,1.0000305189751728,2.000030518975173,-1.242,29.9856,-1.0,30.00000000000001,0.003483177955668871,0.0012255647835193492,-0.0027682443056319065,286.0693918203796,1.0,0.00012712540460179585,292.9496156281587,293.46563549302624,293.4495835131923,293.42228729661065,293.41157161602723,0.3608416733750465,0.3652695592671497,0.36775662504138396,0.4176612965289476,83009.2877012938,292.5397733602776,-0.5343211737101904,0.6391215811009271,59.35226039019441,-0.06065824169812426,74.14442009434404,87.32412903398598
2027-09-01,Kabale,17455.652201526806,0.9086567073077686,19.0,0.0,1.0,0.0186623533181755,1.0000305189751728,2.000030518975173,-1.242,29.9856,-1.0,30.00000000000001,0.0038117070713910017,0.0010999867245663692,-0.002776696429241162,286.22358219432607,1.0,0.000135527732468685,293.03728253848544,293.5647194326809,293.54350790764016,293.4935067582198,293.42701552192597,0.367888055123702,0.3697602559904977,0.36386083206494657,0.4131026042195347,82996.47322083426,292.5141582717915,-0.5401279123559779,0.5775621938019092,71.26905019963262,-0.16135824401700324,66.2865168786761,84.17537112419365
2027-10-01,Kabale,17455.652201526806,0.9086567073077686,19.0,0.0,1.0,0.0186623533181755,1.0000305189751728,2.000030518975173,-1.242,29.9856,-1.0,30.00000000000001,0.004782446251112195,0.0013010655457421775,-0.0028916021597593343,286.7980909419393,1.0,0.00015758558741382227,292.97113575564714,293.5330818800317,293.52916613691883,293.5168738478235,293.4614513310508,0.3888913529633781,0.38821429838941207,0.3738828118339343,0.4109526972067708,82968.64853847028,292.372834577114,-0.49577464525151727,0.4856491191194468,89.70089284177261,-0.1108745350473087,72.26906989692868,81.9857887865938
2027-11-01,Kabale,17455.652201526806,0.9086567073077686,19.0,0.0,1.0,0.0186623533181755,1.0000305189751728,2.000030518975173,-1.242,29.9856,-1.0,30.00000000000001,0.005340762364214684,0.0015683004753714676,-0.0029788249723550118,287.20607096180646,1.0,0.00017605612737717942,292.7836306287183,293.3743981305888,293.3869837983593,293.4271468442428,293.45937610147365,0.404159761255976,0.40509392618993295,0.39180014864306906,0.4133758229592123,82946.23921371392,292.1869440341167,-0.46357455009479515,0.413333470717376,102.35046925637283,-0.07525416370231483,87.19451697897348,81.0658619594338
2027-12-01,Kabale,17455.652201526806,0.9086567073077686,19.0,0.0,1.0,0.0186623533181755,1.0000305189751728,2.000030518975173,-1.242,29.9856,-1.0,30.00000000000001,0.005375565311886064,0.0017880127382870839,-0.00301900216412839,287.3049830559817,1.0,0.00018640553458580472,292.6569935898287,293.2515705150058,293.2649032450559,293.317958505385,293.4100436196572,0.40912570969742806,0.41179621362791,0.4048732927606431,0.418843381587112,82936.82708992294,292.09076259046634,-0.40795462989961084,0.33419776350843694,100.34728850317845,-0.05109353388471068,97.78830243618627,82.54694454789886
2028-01-01,Kabale,17455.652201526806,0.9086567073077686,19.0,0.0,1.0,0.0186623533181755,1.0000305189751728,2.000030518975173,-1.242,29.9856,-1.0,30.00000000000001,0.004804298317385645,0.0017238801186745631,-0.0030542938645033105,287.23616202186423,1.0,0.00018200825020211824,292.6824388997786,293.2590080387002,293.2573053350839,293.2777155860281,293.3492641524144,0.4066170175484685,0.4095969162992798,0.40585792371777774,0.4233906398537091,82936.20755892567,292.15499931082036,-0.34757819840556725,0.26189280199255527,90.69068923097832,-0.09142314193296457,98.57764000674187,85.99361539849549
2028-02-01,Kabale,17455.652201526806,0.9086567073077686,19.0,0.0,1.0,0.0186623533181755,1.0000305189751728,2.000030518975173,-1.242,29.9856,-1.0,30.00000000000001,0.004274225963124356,0.0015303232680647875,-0.003089084401569938,287.0862061920183,1.0,0.00016925754900096258,292.90444204168625,293.4551766043209,293.4303157041694,293.37815155705766,293.3328652039193,0.39905991222836595,0.40105075130690554,0.39714779880046674,0.4239464556017359,82933.13459224704,292.39753803767894,-0.31703343213323854,0.2278594126205046,83.8939398654139,-0.06645831544944143,92.3420826245033,90.02721833687694
2028-03-01,Kabale,17455.652201526806,0.9086567073077686,19.0,0.0,1.0,0.0186623533181755,1.0000305189751728,2.000030518975173,-1.242,29.9856,-1.0,30.00000000000001,0.004355663279806553,0.001365730108744606,-0.003108781122266728,287.1569388538631,1.0,0.00016425098520246608,293.1065587096753,293.65214595575105,293.62162649953365,293.5375208770874,293.3837632253321,0.3972373374253786,0.3983055958289968,0.38911651185104534,0.4212471395873066,82923.16415839187,292.588295220927,-0.3509047814816298,0.2823787027595785,90.59468387051281,-0.0028597647541657536,89.07425464356191,93.1595098928912
2028-04-01,Kabale,17455.652201526806,0.9086567073077686,19.0,0.0,1.0,0.0186623533181755,1.0000305189751728,2.000030518975173,-1.242,29.9856,-1.0,30.00000000000001,0.005018879705813471,0.001525924867319692,-0.0031017330962383066,287.41929954557963,1.0,0.00017559402522435632,293.12212820165746,293.68226487040494,293.66464219871773,293.60862691495004,293.4623386250824,0.4017773705163226,0.4029736188468558,0.3933079701223487,0.4199142898409363,82923.07480028846,292.5749525766997,-0.45402933515060057,0.4230351411269592,103.4081395390167,0.021777990284771256,93.39345595784759,95.32674801032836
2028-05-01,Kabale,17455.652201526806,0.9086567073077686,19.0,0.0,1.0,0.0186623533181755,1.0000305189751728,2.000030518975173,-1.242,29.9856,-1.0,30.00000000000001,0.005203935776064669,0.0018601255180640205,-0.0030881897015209037,287.53854581697135,1.0,0.000180666271049469,292.9694904606358,293.5423340642498,293.54274974008416,293.55005771685956,293.5061517996812,0.40439470680612116,0.40697613725284004,0.40073544906893854,0.42208932875053135,82941.84639089584,292.4576799023021,-0.5514749119532131,0.579349019497794,107.28280469468832,-0.1001031762398157,100.94672467025521,96.05111888497748
2028-06-01,Kabale,17455.652201526806,0.9086567073077686,19.0,0.0,1.0,0.0186623533181755,1.0000305189751728,2.000030518975173,-1.242,29.9856,-1.0,30.00000000000001,0.0044745469076857185,0.00184084732270433,-0.0029957195148125385,287.09272937630664,1.0,0.00016406661405689118,292.8009360328026,293.36376604108347,293.3760462480948,293.4286251142228,293.4915232972657,0.38943649485567694,0.3956325986793494,0.39710282242804507,0.42361421733426025,82972.4918802643,292.38491585671625,-0.6169576746546482,0.7014628871257576,90.70297044212522,-0.19381550006476475,99.98532623842458,94.52249080917284
2028-07-01,Kabale,17455.652201526806,0.9086567073077686,19.0,0.0,1.0,0.0186623533181755,1.0000305189751728,2.000030518975173,-1.242,29.9856,-1.0,30.00000000000001,0.0035407911094232094,0.001544503787965031,-0.00284261356170012,286.39167419926486,1.0,0.00013765095883340272,292.8161578137329,293.3500781406604,293.348640036891,293.3733456612961,293.44064084373775,0.36901161739813776,0.37493984879586195,0.3805299478534872,0.4221501327699868,82994.62586286204,292.4493460513799,-0.5861317165104699,0.7047083987298691,69.56427068309569,-0.15364487954802372,87.72262430804471,91.14040937087378
2028-08-01,Kabale,17455.652201526806,0.9086567073077686,19.0,0.0,1.0,0.0186623533181755,1.0000305189751728,2.000030518975173,-1.242,29.9856,-1.0,30.00000000000001,0.003368999162359084,0.0011339570336020234,-0.0027479530566187327,286.06081142577955,1.0,0.00012795651814597213,292.91453451418494,293.4379260123015,293.42430654712535,293.4091457058399,293.4117493334179,0.3620482311587468,0.36543857587089645,0.3643832248180267,0.4167197169288496,82996.67499737811,292.5095974787033,-0.5389314279283288,0.6384266534661901,60.0301108945068,-0.036099100166541165,72.5485562537439,87.35140339444338
2028-09-01,Kabale,17455.652201526806,0.9086567073077686,19.0,0.0,1.0,0.0186623533181755,1.0000305189751728,2.000030518975173,-1.242,29.9856,-1.0,30.00000000000001,0.004092885052467649,0.0011338872483091938,-0.00277231352153386,286.30922854805635,1.0,0.00013894579058912752,293.02730265099717,293.56017166285955,293.5357611813669,293.4857018555167,293.4205682433265,0.37293918029875345,0.3727306837922977,0.364756672202629,0.41227136662745095,82977.87239972662,292.50181604569383,-0.4855375356025733,0.5390878034832278,71.64290508118438,-0.06794076054741119,67.3773038745381,84.19287073607973
2028-10-01,Kabale,17455.652201526806,0.9086567073077686,19.0,0.0,1.0,0.0186623533181755,1.0000305189751728,2.000030518975173,-1.242,29.9856,-1.0,30.00000000000001,0.004865283789994737,0.0013199313338964735,-0.0028935327268225924,286.8403692247696,1.0,0.0001581237438741417,292.9879371400634,293.54964928366354,293.5389656584639,293.5175610234244,293.4536971319069,0.39120944999584034,0.3910694082445043,0.3772575686174642,0.4113946145953557,82958.81233739083,292.40098398505603,-0.48389978521706994,0.47355204709340254,89.54290628890362,-0.12824535606685697,74.75297193066187,81.80850063275537
2028-11-01,Kabale,17455.652201526806,0.9086567073077686,19.0,0.0,1.0,0.0186623533181755,1.0000305189751728,2.000030518975173,-1.242,29.9856,-1.0,30.00000000000001,0.005407771417287939,0.0016499673360221001,-0.002958986489555978,287.2042229129792,1.0,0.0001756910949279831,292.81832798621036,293.40532611131715,293.4128286044492,293.44457835569176,293.4599871702864,0.4030330996544109,0.40510737649587486,0.3950953009256468,0.4146972497356321,82939.63311064908,292.20848509676165,-0.4621927714882849,0.4160851800498948,102.26781085919701,-0.21076227973602749,88.30243053037509,80.90510319659795
2028-12-01,Kabale,17455.652201526806,0.9086567073077686,19.0,0.0,1.0,0.0186623533181755,1.0000305189751728,2.000030518975173,-1.242,29.9856,-1.0,30.00000000000001,0.005251341727563359,0.0017875365100438832,-0.0029990104992134174,287.33155115245023,1.0,0.0001863012959998141,292.66123772784255,293.2576188418761,293.27155848998126,293.33053237581174,293.4192452134811,0.40877786270827543,0.4115377410957928,0.4044270748967518,0.4199814241546364,82929.95564352018,292.0896148338784,-0.4360606334116001,0.3446132203268301,100.5227199032672,-0.18036307634821905,96.98856275620763,82.57827417852762
2029-01-01,Kabale,17455.652201526806,0.9086567073077686,19.0,0.0,1.0,0.0186623533181755,1.0000305189751728,2.000030518975173,-1.242,29.9856,-1.0,30.00000000000001,0.004724042129333616,0.0017209876733762367,-0.0030332115944971282,287.195815165092,1.0,0.00018207811056610034,292.66195113057006,293.2451065041594,293.24740518521844,293.2788494016964,293.3580764810196,0.4056948428991322,0.4083487727149598,0.40396999170550435,0.4233167426895488,82923.94238498613,292.13358112940773,-0.3632972668676442,0.26481724682805136,91.09201661874594,-0.1912649330339622,97.05021861893745,86.19542468840586
2029-02-01,Kabale,17455.652201526806,0.9086567073077686,19.0,0.0,1.0,0.0186623533181755,1.0000305189751728,2.000030518975173,-1.242,29.9856,-1.0,30.00000000000001,0.004141263548370294,0.0014590170952188833,-0.0030705646059796276,287.01684102731605,1.0,0.00016927924836702816,292.87392241635354,293.4288609736474,293.4030699915526,293.35967944172404,293.33022462933735,0.3982570370483462,0.39994451486559734,0.39484858138478834,0.42297606098968316,82917.02619396574,292.37679195903144,-0.31763179833009025,0.2191883846989705,83.7846279127017,-0.15551526643722283,91.01026656845748,90.19154855632848
2029-03-01,Kabale,17455.652201526806,0.9086567073077686,19.0,0.0,1.0,0.0186623533181755,1.0000305189751728,2.000030518975173,-1.242,29.9856,-1.0,30.00000000000001,0.004281262923241317,0.0013401956723202721,-0.003092266292688364,287.06939733827227,1.0,0.00016433405388685605,293.07782345136155,293.6248481941596,293.5921531370822,293.5136725446375,293.3764053429866,0.3963235606282374,0.39737618427051585,0.38880374408622,0.4205785666828263,82910.77758567366,292.5680425877734,-0.33229009634845513,0.26465152541997033,90.4576634353121,-0.07653676563013491,88.2419195724958,93.1682519507624
2029-04-01,Kabale,17455.652201526806,0.9086567073077686,19.0,0.0,1.0,0.0186623533181755,1.0000305189751728,2.000030518975173,-1.242,29.9856,-1.0,30.00000000000001,0.004924668116193506,0.0015138419590462178,-0.003083058273493484,287.35370665805766,1.0,0.00017528487948504065,293.1034655618993,293.66433658704017,293.6417842137129,293.58753921008247,293.45467979085566,0.40106524466949817,0.40234836195045826,0.392604452256673,0.41960666866287616,82909.8650649143,292.56491757152844,-0.4364431968927054,0.4042277141106346,102.96623354747538,-0.114372775859144,92.74548279404458,95.25951753218736
2029-05-01,Kabale,17455.652201526806,0.9086567073077686,19.0,0.0,1.0,0.0186623533181755,1.0000305189751728,2.000030518975173,-1.242,29.9856,-1.0,30.00000000000001,0.0051472716653293525,0.0018339756756787229,-0.0030670545303129906,287.51212985917596,1.0,0.0001804788924143372,292.95945356699417,293.53501646357864,293.5368721242997,293.5424514113585,293.50488318012685,0.4041499442187381,0.4065184046164094,0.39985754242159527,0.42195829124452117,82929.61204039612,292.44908966439743,-0.5527856894819414,0.5770188499799404,107.42379638650567,-0.12844444918199857,100.57958444656595,95.99140562696613
2029-06-01,Kabale,17455.652201526806,0.9086567073077686,19.0,0.0,1.0,0.0186623533181755,1.0000305189751728,2.000030518975173,-1.242,29.9856,-1.0,30.00000000000001,0.004536665712690755,0.0018454234615529266,-0.0029817151467976407,287.1212450096022,1.0,0.00016482680356267113,292.80231327183543,293.36622526664195,293.37888437011907,293.4263629614692,293.48980146772465,0.39118431289048033,0.3964450353248337,0.3970954447407337,0.42367293609249673,82959.95328448272,292.3862838653802,-0.6005466625949915,0.6892644765089466,90.86630197422978,-0.1850811300658249,100.35940039887593,94.49395284315426
2029-07-01,Kabale,17455.652201526806,0.9086567073077686,19.0,0.0,1.0,0.0186623533181755,1.0000305189751728,2.000030518975173,-1.242,29.9856,-1.0,30.00000000000001,0.003602326216667277,0.0015525517571258526,-0.002831893782230853,286.42126984534076,1.0,0.00013810376493213002,292.8193417594814,293.35223237136495,293.35267260325054,293.372796369812,293.4388272362847,0.37039103009996005,0.3763136470901461,0.38173828454974096,0.4224777793771793,82983.10148172922,292.45548875737535,-0.5808539278436743,0.7001870098668636,69.75158262875881,-0.040721880352260265,88.90390743605887,91.16116080182684
2029-08-01,Kabale,17455.652201526806,0.9086567073077686,19.0,0.0,1.0,0.0186623533181755,1.0000305189751728,2.000030518975173,-1.242,29.9856,-1.0,30.00000000000001,0.0034062473086347318,0.0011676166897190917,-0.002733319387052096,286.0616485505716,1.0,0.00012791905089225853,292.9304825529062,293.4473434980695,293.4332498772915,293.41435841926824,293.41166770696327,0.3618536190701018,0.3656951792679821,0.36573607170330497,0.41731616819224554,82986.12292502145,292.519333231195,-0.5355649122772069,0.6360396372679412,59.84148625671593,0.0022304232080876765,73.16410056713546,87.34238931631735
2029-09-01,Kabale,17455.652201526806,0.9086567073077686,19.0,0.0,1.0,0.0186623533181755,1.0000305189751728,2.000030518975173,-1.242,29.9856,-1.0,30.00000000000001,0.003996294882937005,0.0011281626579054606,-0.0027516790170947335,286.2791924956911,1.0,0.00013814264495411207,293.03539353994034,293.562141981205,293.5385860063646,293.48981202638396,293.4229645400483,0.3714965466183993,0.37203317287684157,0.36468287017925927,0.41292927926121986,82969.42267712136,292.5056925120026,-0.5019083164927851,0.5495225575246224,71.6614581791556,-0.02429250718671681,67.1014786097471,84.20586281647404
2029-10-01,Kabale,17455.652201526806,0.9086567073077686,19.0,0.0,1.0,0.0186623533181755,1.0000305189751728,2.000030518975173,-1.242,29.9856,-1.0,30.00000000000001,0.004833100942151163,0.0013231896766270424,-0.0028694592400078916,286.82430408952496,1.0,0.00015822715933947842,292.9865384933601,293.54494194536835,293.5363211747941,293.5191381487081,293.4574057650812,0.3908470119108191,0.39043647360965616,0.3762824680912509,0.4115327450363964,82947.49530869855,292.3922569226629,-0.4859302119223862,0.4759272976429115,89.7090695576087,-0.10483535219732494,73.9763880542589,81.90473763722821
2029-11-01,Kabale,17455.652201526806,0.9086567073077686,19.0,0.0,1.0,0.0186623533181755,1.0000305189751728,2.000030518975173,-1.242,29.9856,-1.0,30.00000000000001,0.005379598496111398,0.001630986493445602,-0.002942278091440186,287.20184679393657,1.0,0.00017596518336682217,292.80850144475596,293.3972048341268,293.4044403836808,293.4398467323363,293.4611143197078,0.4038172096513806,0.40542644763379765,0.3940249845653823,0.4145756759344097,82927.15491446461,292.20365742544163,-0.4605141946642471,0.41264363428349154,102.44761005984054,-0.09491622865062659,88.00885507190064,80.99097627066483
2029-12-01,Kabale,17455.652201526806,0.9086567073077686,19.0,0.0,1.0,0.0186623533181755,1.0000305189751728,2.000030518975173,-1.242,29.9856,-1.0,30.00000000000001,0.005285583369637079,0.001792238804523662,-0.00298269803062037,287.31862248821784,1.0,0.00018637099000885855,292.6618753587664,293.2565990451621,293.27082453633244,293.3264571899728,293.4179597428011,0.4092167714528834,0.4119974225315242,0.4045466390331049,0.41983305069298255,82917.59735483797,292.09272918328674,-0.4247488188988216,0.33759877699985646,100.5686884574874,-0.15833187690865527,97.36114585456745,82.60487109800611
2030-01-01,Kabale,17455.652201526806,0.9086567073077686,19.0,0.0,1.0,0.0186623533181755,1.0000305189751728,2.000030518975173,-1.242,29.9856,-1.0,30.00000000000001,0.00474809390439473,0.0017231813210631872,-0.0030183314451955635,287.2030333952188,1.0,0.00018213461017561777,292.6712596718276,293.24992857322485,293.25220537340823,293.27927433837743,293.35666293420303,0.4062533328675359,0.4092556193478352,0.40466999537343407,0.42357788449458944,82913.44203305154,292.14236446321155,-0.35624981935091066,0.25972529083933565,91.0599650802909,-0.12644372991889935,97.68421116777135,86.13917454799387
2030-02-01,Kabale,17455.652201526806,0.9086567073077686,19.0,0.0,1.0,0.0186623533181755,1.0000305189751728,2.000030518975173,-1.242,29.9856,-1.0,30.00000000000001,0.004177295955884601,0.0014852987502651472,-0.0030551246921974302,287.0340556610537,1.0,0.0001693899481997324,292.8872073894595,293.436485707076,293.41531834207564,293.36741070953786,293.3330773060079,0.39883812965564086,0.4007387967158978,0.3957160406088394,0.42353007993140074,82907.87895338346,292.3864267780463,-0.3154500085428716,0.21643145182999265,83.9244275593076,-0.1320919780657003,91.62530147383228,90.18510460082341
2030-03-01,Kabale,17455.652201526806,0.9086567073077686,19.0,0.0,1.0,0.0186623533181755,1.0000305189751728,2.000030518975173,-1.242,29.9856,-1.0,30.00000000000001,0.004263072455910152,0.0013480175064654078,-0.003075094392990194,287.07195222211163,1.0,0.00016432652072964353,293.078313382862,293.6218147094267,293.59333846937824,293.51767304505523,293.38017731488895,0.39648541246539987,0.39775573045374024,0.3891157711400049,0.42093245175644595,82900.67413878122,292.5672518893182,-0.3370734446511872,0.26332851520873585,90.50262640929776,-0.06816486651334708,88.23595801893931,93.22331653349865
2030-04-01,Kabale,17455.652201526806,0.9086567073077686,19.0,0.0,1.0,0.0186623533181755,1.0000305189751728,2.000030518975173,-1.242,29.9856,-1.0,30.00000000000001,0.004854868901727209,0.001509682314150785,-0.0030649690431956166,287.322012154623,1.0,0.00017497414126282993,293.1037141796459,293.6612582165415,293.64234216689914,293.5890713352175,293.4571918154433,0.4002708161474879,0.4017886911088166,0.39208507749835514,0.41977826847623545,82899.84767620625,292.5667492718973,-0.4404467663729092,0.4022193962875751,102.99780004393544,-0.13110111032605723,92.08677766703009,95.32271616548017
2030-05-01,Kabale,17455.652201526806,0.9086567073077686,19.0,0.0,1.0,0.0186623533181755,1.0000305189751728,2.000030518975173,-1.242,29.9856,-1.0,30.00000000000001,0.005088672345579722,0.0018047402662278774,-0.0030457772386552396,287.4896436866231,1.0,0.0001804040354677119,292.9547744257848,293.526412037764,293.5289103230373,293.539387784295,293.5035891495002,0.4037432240326659,0.4064015804352101,0.3993024500465883,0.4217556487653759,82918.96013485898,292.44292311876785,-0.5527023083505351,0.5757718443932025,107.5091129730625,-0.1182740283478651,99.98974177636062,96.07506349416713
2030-06-01,Kabale,17455.652201526806,0.9086567073077686,19.0,0.0,1.0,0.0186623533181755,1.0000305189751728,2.000030518975173,-1.242,29.9856,-1.0,30.00000000000001,0.004602027254414102,0.0018525447522500067,-0.002967091405211166,287.1605114799884,1.0,0.00016592707601049256,292.80707336193115,293.3692910547615,293.3809160829213,293.427189108253,293.4875760195587,0.39271184576925355,0.397514663704615,0.3972359250552086,0.423663105383328,82948.14643718071,292.3885071253142,-0.5837185487648189,0.6767644801753828,91.00882263706382,-0.09874386319576928,100.55730549070584,94.63185419644884
2030-07-01,Kabale,17455.652201526806,0.9086567073077686,19.0,0.0,1.0,0.0186623533181755,1.0000305189751728,2.000030518975173,-1.242,29.9856,-1.0,30.00000000000001,0.0036661622992544343,0.0015673634790026713,-0.002818742073759412,286.4581567960936,1.0,0.00013861583124920098,292.82632557735974,293.3571912530601,293.3556616665457,293.3748864228717,293.43709195319656,0.37190861146063287,0.3779390102591739,0.3830536438013135,0.4226103725909685,82972.44344781902,292.46115448155814,-0.5751878823803394,0.695197784950938,69.83866879080472,-0.033758733114282125,89.87017798253733,91.29492270484769
2030-08-01,Kabale,17455.652201526806,0.9086567073077686,19.0,0.0,1.0,0.0186623533181755,1.0000305189751728,2.000030518975173,-1.242,29.9856,-1.0,30.00000000000001,0.00344016462421403,0.0012042374953908834,-0.002715602344236534,286.06757344129375,1.0,0.00012778892472624828,292.9428550195928,293.4595488743678,293.4437576440433,293.42165909298495,293.4113550550939,0.361899367292585,0.36595080001357755,0.3668997561093869,0.4178101817579108,82976.04938841517,292.5314617479813,-0.5325837102711661,0.6313599719115136,59.67582151842195,-0.05275415838467079,73.65483021042898,87.37476604541614
2030-09-01,Kabale,17455.652201526806,0.9086567073077686,19.0,0.0,1.0,0.0186623533181755,1.0000305189751728,2.000030518975173,-1.242,29.9856,-1.0,30.00000000000001,0.0038925729766961167,0.0011223746352548658,-0.0027290227222236878,286.2536322449912,1.0,0.0001371530296224451,293.0398596572945,293.5665280294124,293.5435253034672,293.49479609609693,293.4252334460534,0.3701180178833607,0.37136127231839344,0.3644761217429879,0.41329899206011295,82961.43201172295,292.51191049203476,-0.518342525768255,0.557408983660958,71.44373774192282,-0.04617680325333895,66.7595903784888,84.19797347572211
2030-10-01,Kabale,17455.652201526806,0.9086567073077686,19.0,0.0,1.0,0.0186623533181755,1.0000305189751728,2.000030518975173,-1.242,29.9856,-1.0,30.00000000000001,0.004793177648294959,0.0013192729525343322,-0.0028464713607602877,286.8112884415562,1.0,0.00015823415693459497,292.98248749994946,293.54252842153,293.53565599906625,293.5213579616818,293.45931121452696,0.39018807063779937,0.38968574994386446,0.3753276609620433,0.41159389503572874,82936.54064211769,292.38364538534495,-0.4880083338541304,0.47425960609707785,89.69029724598538,-0.1011732681297919,73.23618596380908,81.94690835844563
2030-11-01,Kabale,17455.652201526806,0.9086567073077686,19.0,0.0,1.0,0.0186623533181755,1.0000305189751728,2.000030518975173,-1.242,29.9856,-1.0,30.00000000000001,0.005341670785764612,0.001606487488232963,-0.00292554972490909,287.2024881281826,1.0,0.0001764001269763582,292.7999613107623,293.38755796044353,293.3987574478054,293.4360361685006,293.46092114551533,0.4043078556929553,0.4056914789958721,0.39316038303113504,0.41433528664417363,82915.05388856915,292.195405529597,-0.4592996709055921,0.40680547253091603,102.34407993294776,-0.07927246187491066,87.70877309203665,81.07139650731575
2030-12-01,Kabale,17455.652201526806,0.9086567073077686,19.0,0.0,1.0,0.0186623533181755,1.0000305189751728,2.000030518975173,-1.242,29.9856,-1.0,30.00000000000001,0.005313364024446226,0.0017950752719939954,-0.0029667502708098127,287.30881489350594,1.0,0.00018666493394230797,292.6634652803355,293.25540397639406,293.26977130477917,293.32509094276446,293.4137512111868,0.40961552639955934,0.41231549584622845,0.4049654048566493,0.4197207893087067,82905.48340661226,292.09102220033816,-0.4132596872241086,0.3302052782797381,100.54997294335686,-0.030302884025321625,97.61103900462585,82.65295611091621
2031-01-01,Kabale,17455.652201526806,0.9086567073077686,19.0,0.0,1.0,0.0186623533181755,1.0000305189751728,2.000030518975173,-1.242,29.9856,-1.0,30.00000000000001,0.004757728398188183,0.001730687112689847,-0.003001287615145012,287.2175131861978,1.0,0.00018237894898346686,292.6806601102315,293.2551448094024,293.2550194574335,293.28102482235425,293.3532624819261,0.40690154775342413,0.4098165225920254,0.40550539227887955,0.4238450656906881,82903.13156447787,292.150628251142,-0.34894569180216,0.2551477459441,90.97715627053718,-0.04299679021596523,98.10004245120446,86.11606680414002
2031-02-01,Kabale,17455.652201526806,0.9086567073077686,19.0,0.0,1.0,0.0186623533181755,1.0000305189751728,2.000030518975173,-1.242,29.9856,-1.0,30.00000000000001,0.004212394224792688,0.0015158706407443169,-0.003037389703379146,287.0581791513835,1.0,0.000169820569254444,292.90005008482365,293.44763704320883,293.42183192002955,293.37512253138544,293.33186779081984,0.3993981856491633,0.4012827297435643,0.3966653810954177,0.4241245931156006,82901.2116441211,292.39390452779,-0.3132967887054956,0.21680701693151105,83.91321739357761,-0.05046778007331517,91.94350607501887,90.12228252083024
2031-03-01,Kabale,17455.652201526806,0.9086567073077686,19.0,0.0,1.0,0.0186623533181755,1.0000305189751728,2.000030518975173,-1.242,29.9856,-1.0,30.00000000000001,0.004250190541219685,0.001359773981598271,-0.0030562432413538134,287.0739239282188,1.0,0.0001648329275286957,293.0779729398962,293.6219300715888,293.5900607483288,293.5193826813124,293.3815473273167,0.3965789911397255,0.3979293028244231,0.38929560148217496,0.4213525559851437,82896.21320044846,292.5656303076062,-0.3422537518795023,0.26248663208850037,90.3073450597563,-0.15980350237624857,88.06042007211175,93.18298381270597
2031-04-01,Kabale,17455.652201526806,0.9086567073077686,19.0,0.0,1.0,0.0186623533181755,1.0000305189751728,2.000030518975173,-1.242,29.9856,-1.0,30.00000000000001,0.004799534517325999,0.0015107755625503657,-0.0030452155756578183,287.2886529766472,1.0,0.00017506598024746942,293.10258119650854,293.6612094876014,293.638144512232,293.58913172898224,293.4571352310649,0.39952614178334817,0.40105682820423444,0.3913035223630219,0.4200153084241329,82895.3744075733,292.56720159403716,-0.44417325671883195,0.4001366065648204,102.73265305896491,-0.16970836566162717,91.44874144760352,95.29804666077071
2031-05-01,Kabale,17455.652201526806,0.9086567073077686,19.0,0.0,1.0,0.0186623533181755,1.0000305189751728,2.000030518975173,-1.242,29.9856,-1.0,30.00000000000001,0.005031518067941238,0.0017809752783020045,-0.0030260130666414447,287.46154844929646,1.0,0.00018073891175007076,292.947155347648,293.51886921237644,293.5191362107939,293.5331443899789,293.50157712563333,0.4034531988745446,0.40591884460431843,0.3982965086368775,0.4216740662766336,82910.864814293,292.4364243090413,-0.5524617537779682,0.5728878851563596,107.65193596505173,-0.11658122423153228,99.50434731312339,96.09415583007723
2031-06-01,Kabale,17455.652201526806,0.9086567073077686,19.0,0.0,1.0,0.0186623533181755,1.0000305189751728,2.000030518975173,-1.242,29.9856,-1.0,30.00000000000001,0.004662475395623506,0.0018634844189151245,-0.0029525286419892095,287.19439516177755,1.0,0.00016711504466933305,292.81123760592453,293.3726626644652,293.3831031603888,293.4279378653562,293.4850117947662,0.3944215903120005,0.3983665795577113,0.39719669752206777,0.4237422212854891,82935.87222747291,292.39025070411356,-0.5665827653772665,0.664590084863991,91.18333001653896,-0.03404122860606714,100.93853825744232,94.6424829298103
2031-07-01,Kabale,17455.652201526806,0.9086567073077686,19.0,0.0,1.0,0.0186623533181755,1.0000305189751728,2.000030518975173,-1.242,29.9856,-1.0,30.00000000000001,0.003722274906451902,0.0015802126924172454,-0.0028061229406935715,286.49121929139125,1.0,0.0001393791851344614,292.82988662745873,293.3602161521081,293.3601516748349,293.3774580226307,293.43621644791847,0.3733105848130875,0.3792516689348319,0.38435765860537013,0.42289891443762745,82961.23850973809,292.4656523372494,-0.569332449926555,0.6911844732556687,69.86869240883703,-0.044602293176841466,90.90606316656232,91.32722429315453
2031-08-01,Kabale,17455.652201526806,0.9086567073077686,19.0,0.0,1.0,0.0186623533181755,1.0000305189751728,2.000030518975173,-1.242,29.9856,-1.0,30.00000000000001,0.0034660624305044864,0.0012403637683981571,-0.0026968912214146534,286.07071639697125,1.0,0.00012786983368231187,292.95436421220774,293.46982957808507,293.4541374141835,293.42867738466913,293.4128711059348,0.3618581847597757,0.36614125712151585,0.3682485957022121,0.41842849310910096,82965.95431118087,292.54074883144597,-0.5286727877097652,0.6280253495081484,59.32680882899556,-0.1661636055100029,74.1711955750162,87.38023838912174
2031-09-01,Kabale,17455.652201526806,0.9086567073077686,19.0,0.0,1.0,0.0186623533181755,1.0000305189751728,2.000030518975173,-1.242,29.9856,-1.0,30.00000000000001,0.003788969776434148,0.001113933045794183,-0.0027051709604676965,286.22115628854834,1.0,0.00013633922776004536,293.0423796393017,293.5689353905622,293.5474409864716,293.4996897006259,293.4279716635332,0.3688148084459654,0.3706124242385402,0.3644082276415568,0.4139170729712636,82952.99083279695,292.5140791202712,-0.5339653773625677,0.5664164248517579,71.40843418199859,-0.23380951072763825,66.27972975310924,84.2472461357416
2031-10-01,Kabale,17455.652201526806,0.9086567073077686,19.0,0.0,1.0,0.0186623533181755,1.0000305189751728,2.000030518975173,-1.242,29.9856,-1.0,30.00000000000001,0.004757772210781604,0.001317637156683214,-0.002822096627673368,286.79315587097034,1.0,0.00015833084231037847,292.9770821475018,293.538038676193,293.5318126718614,293.5218159492042,293.461624218406,0.38983380629037034,0.38910798325598667,0.37451575136779763,0.41177547613633964,82926.67114295847,292.3745287525168,-0.4897110705178292,0.4734150782734889,89.76944249351568,-0.1839584205510433,72.27365784257137,82.01979269798586
2031-11-01,Kabale,17455.652201526806,0.9086567073077686,19.0,0.0,1.0,0.0186623533181755,1.0000305189751728,2.000030518975173,-1.242,29.9856,-1.0,30.00000000000001,0.005319619539021975,0.0015835699465064045,-0.002910173063053178,287.19821949609303,1.0,0.00017683341091516284,292.7907471520912,293.38030928159463,293.39079541022113,293.43118390308246,293.45992678713844,0.40506204293124015,0.4060263127296589,0.3924141851746561,0.41420723004237175,82906.46493479598,292.18986651835195,-0.4577536621205475,0.40108310157530336,102.37011263048147,-0.12757969354478382,87.2538024800308,81.12523637166642
2031-12-01,Kabale,17455.652201526806,0.9086567073077686,19.0,0.0,1.0,0.0186623533181755,1.0000305189751728,2.000030518975173,-1.242,29.9856,-1.0,30.00000000000001,0.005351522660594624,0.0018052736238605854,-0.0029515762678557315,287.3004776821313,1.0,0.00018701478991604,292.6655950010473,293.25679387335407,293.2677592444087,293.3223033342273,293.41118709063,0.410189985003586,0.4125647851012206,0.40547226399520525,0.41961014680850517,82897.22399876376,292.09541684654135,-0.40275127930070537,0.3219930809735831,100.3137504488888,-0.044558457963507526,97.82794142224675,82.57886483522988
2032-01-01,Kabale,17455.652201526806,0.9086567073077686,19.0,0.0,1.0,0.0186623533181755,1.0000305189751728,2.000030518975173,-1.242,29.9856,-1.0,30.00000000000001,0.004779691424375833,0.00174085210571556,-0.0029859861450718173,287.231167430459,1.0,0.00018266388327550353,292.6905764621835,293.2645142956341,293.26181130215485,293.28199765765135,293.35096791098255,0.40773136724039616,0.4104040184108171,0.4063125222252965,0.4241187761182221,82897.22399876376,292.15992904140006,-0.3428607186250691,0.24960483864223726,90.83186771454149,0.0068616940705629,98.63279680324088,86.04682634263516
2032-02-01,Kabale,17455.652201526806,0.9086567073077686,19.0,0.0,1.0,0.0186623533181755,1.0000305189751728,2.000030518975173,-1.242,29.9856,-1.0,30.00000000000001,0.004252764028690482,0.0015462899584378475,-0.003021217074709527,287.08257315638707,1.0,0.00017001072103269496,292.9123713397064,293.4602006451347,293.4337826305718,293.3827441707315,293.3340163702779,0.4000722109683359,0.40171217391929703,0.3976481061503924,0.42464211127253604,82897.22399876376,292.4016438978491,-0.312260532899728,0.21524157400636942,83.93877861521865,0.0017347460429302287,92.38117486982314,90.12358518679957
2032-03-01,Kabale,17455.652201526806,0.9086567073077686,19.0,0.0,1.0,0.0186623533181755,1.0000305189751728,2.000030518975173,-1.242,29.9856,-1.0,30.00000000000001,0.004337092217847594,0.0013786208936328052,-0.003039901238572373,287.15400424345125,1.0,0.00016516551011783618,293.1134515616356,293.65736467693927,293.6260562056585,293.5426467246366,293.3844724369165,0.39819365557084835,0.39903351521160757,0.38960856305432,0.42197578228794597,82894.421,292.5900921666253,-0.34549176184138314,0.27004061127026974,90.54223418183484,0.020824802551903093,89.11878404499642,93.26019889610006
2032-04-01,Kabale,17455.652201526806,0.9086567073077686,19.0,0.0,1.0,0.0186623533181755,1.0000305189751728,2.000030518975173,-1.242,29.9856,-1.0,30.00000000000001,0.004999241934224188,0.0015366984731494955,-0.003032365845763362,287.41799609272545,1.0,0.00017647146806122597,293.1282930087956,293.68675106724794,293.6681188860981,293.614006771968,293.46241440067075,0.40267262583560887,0.40370778859061734,0.39387619810664837,0.4206755029973599,82894.421,292.5754288323653,-0.44786258396524364,0.41068003311377926,103.25229889580466,-0.05255048970866407,93.40639566748735,95.39936939898797
2032-05-01,Kabale,17455.652201526806,0.9086567073077686,19.0,0.0,1.0,0.0186623533181755,1.0000305189751728,2.000030518975173,-1.242,29.9856,-1.0,30.00000000000001,0.005183762578516555,0.0018708302403417185,-0.0030176977211994606,287.541264228271,1.0,0.0001813187320281279,292.97608080971276,293.5451715083356,293.5466266166438,293.5561718685498,293.50708526916736,0.4052913020053102,0.40774235393985875,0.4012203256596627,0.42290880210402076,82907.71358739138,292.4594635762617,-0.5448008580342081,0.5673039891202439,107.2633358612682,-0.1254676253133321,101.04329486564342,96.0756642920306
2032-06-01,Kabale,17455.652201526806,0.9086567073077686,19.0,0.0,1.0,0.0186623533181755,1.0000305189751728,2.000030518975173,-1.242,29.9856,-1.0,30.00000000000001,0.0044547328690032915,0.001848312941548064,-0.002925118970173777,287.0919784347502,1.0,0.00016463660558765293,292.80683495597435,293.3661559286364,293.3793909859517,293.4339541539494,293.4914918438888,0.3904297868592182,0.39646386982330767,0.39760867366402114,0.4244694131295444,82930.98128562524,292.38890881673905,-0.6103987464480256,0.6898358835379065,90.68802074624813,-0.19483448010264784,100.05479724005754,94.53647598308464
2032-07-01,Kabale,17455.652201526806,0.9086567073077686,19.0,0.0,1.0,0.0186623533181755,1.0000305189751728,2.000030518975173,-1.242,29.9856,-1.0,30.00000000000001,0.0035233593365692523,0.0015526652853448018,-0.0027721578099357824,286.3898844952875,1.0,0.00013804132742494964,292.8219109715628,293.35194824657265,293.35283088338673,293.37885857996747,293.4400108198908,0.36996516222175985,0.37573184960499856,0.3809575266346365,0.42301256755069366,82950.97106839837,292.45453117835876,-0.5797928117001596,0.6934225612293669,69.60687124739395,-0.10201947842055192,87.9332470104091,91.1745252169145
2032-08-01,Kabale,17455.652201526806,0.9086567073077686,19.0,0.0,1.0,0.0186623533181755,1.0000305189751728,2.000030518975173,-1.242,29.9856,-1.0,30.00000000000001,0.0033494299658589203,0.001143847528023355,-0.0026780085625020458,286.0547466904766,1.0,0.00012844770605113914,292.92180985302366,293.43976575110196,293.4293710502977,293.41415030464555,293.41096548215233,0.36300234014724286,0.36625337640894157,0.3648369083393044,0.41752503573191707,82952.950213794,292.5144879659263,-0.5328724368811217,0.6281719002089319,59.959380775785576,-0.015114253229537267,72.58426709691697,87.41455606309266
2032-09-01,Kabale,17455.652201526806,0.9086567073077686,19.0,0.0,1.0,0.0186623533181755,1.0000305189751728,2.000030518975173,-1.242,29.9856,-1.0,30.00000000000001,0.004071308173488997,0.0011476198466619488,-0.0027029838195901626,286.31040707486045,1.0,0.00013944889372305438,293.0350709280671,293.56175754433434,293.54062123686975,293.490716730736,293.42022597426734,0.3737738484711432,0.373492355340675,0.36524249728704844,0.41308176746580366,82934.3637011939,292.50556845738663,-0.47984615222195637,0.5287565038705742,71.59689351557161,-0.031911320978156375,67.44179752712017,84.28229219659953
2032-10-01,Kabale,17455.652201526806,0.9086567073077686,19.0,0.0,1.0,0.0186623533181755,1.0000305189751728,2.000030518975173,-1.242,29.9856,-1.0,30.00000000000001,0.004841729896133324,0.0013319505685774969,-0.0028234527176964528,286.84165001531005,1.0,0.00015877260175148442,292.99693919267764,293.55283975704816,293.5437396068822,293.52335696169,293.4549543422223,0.39220599887386404,0.39189104763210797,0.37773235646456493,0.41219174821679033,82915.08942439457,292.4045674555401,-0.4783201405590711,0.46366804781390897,89.47135598915457,-0.08306128403876734,74.7377467110502,81.90210088955298
2032-11-01,Kabale,17455.652201526806,0.9086567073077686,19.0,0.0,1.0,0.0186623533181755,1.0000305189751728,2.000030518975173,-1.242,29.9856,-1.0,30.00000000000001,0.005385444576991655,0.0016603143334227588,-0.0028893005389829985,287.2034209142317,1.0,0.00017626275974480933,292.8248422448476,293.4087431733088,293.41644185262345,293.4496391292403,293.4613557403461,0.4040265196721989,0.40594765496562113,0.39567506647948036,0.4155735792295496,82899.81769160756,292.2121971818033,-0.4565700756637903,0.4050599992029625,102.24346477185718,-0.12855057577822548,88.32719797564327,80.96905848322179
2032-12-01,Kabale,17455.652201526806,0.9086567073077686,19.0,0.0,1.0,0.0186623533181755,1.0000305189751728,2.000030518975173,-1.242,29.9856,-1.0,30.00000000000001,0.005226745917207562,0.001794026154637346,-0.0029282592975480655,287.32191164357783,1.0,0.00018681139679029612,292.66828245867805,293.2613151268419,293.2763524430304,293.3365845623687,293.4199470336758,0.4098031948361695,0.41236405551755134,0.4049880858128594,0.4208267980588216,82895.1365059738,292.09428642519487,-0.43029122480142795,0.3333104820226456,100.57354854953068,-0.1728782176412977,97.06234410558056,82.61612989755655
2033-01-01,Kabale,17455.652201526806,0.9086567073077686,19.0,0.0,1.0,0.0186623533181755,1.0000305189751728,2.000030518975173,-1.242,29.9856,-1.0,30.00000000000001,0.004703551687651657,0.0017275813514729624,-0.0029640969462215185,287.1866536000284,1.0,0.00018261450263443415,292.6680175392293,293.24769181487983,293.25106996095144,293.2846332458111,293.3586435201475,0.4066413386084706,0.40918343604803825,0.40456806927194383,0.4241213338809384,82894.421,292.1390314506422,-0.35786464255549183,0.2529732384401337,91.15282879542299,-0.22837439795862466,97.08809360206317,86.24189455034404
2033-02-01,Kabale,17455.652201526806,0.9086567073077686,19.0,0.0,1.0,0.0186623533181755,1.0000305189751728,2.000030518975173,-1.242,29.9856,-1.0,30.00000000000001,0.004116035770879976,0.0014678416348074847,-0.003001493393038655,287.0096703200315,1.0,0.00016991500535456497,292.8807310901468,293.4321454612052,293.407333749993,293.3655170015595,293.3308850111208,0.39917862373317203,0.40087787643973966,0.3953279760337785,0.423711708501306,82894.421,292.38450039502277,-0.3129387164633795,0.20723992827716245,83.82267090395648,-0.17180923833045625,91.04923587110359,90.27151524082836
2033-03-01,Kabale,17455.652201526806,0.9086567073077686,19.0,0.0,1.0,0.0186623533181755,1.0000305189751728,2.000030518975173,-1.242,29.9856,-1.0,30.00000000000001,0.004254977099767096,0.0013514936632091294,-0.0030240429222595697,287.0669347922272,1.0,0.000165062345137258,293.08524294380294,293.62823736515656,293.5952785549802,293.51786621676496,293.3788098673315,0.39727352471839233,0.39835867529078145,0.38929053826927723,0.42134555770184984,82894.421,292.57499677095535,-0.32728588630250144,0.2529193552590406,90.40008794505063,-0.14948412463199476,88.20530257670656,93.2982944977745
2033-04-01,Kabale,17455.652201526806,0.9086567073077686,19.0,0.0,1.0,0.0186623533181755,1.0000305189751728,2.000030518975173,-1.242,29.9856,-1.0,30.00000000000001,0.0048968611948651845,0.0015254452397372798,-0.0030139083369234887,287.350487504455,1.0,0.00017619174745235275,293.11162251479203,293.66824413711055,293.6448139131792,293.59294278017927,293.45611714356045,0.40181912158851746,0.403411140117957,0.3931193438038245,0.42043035910164445,82894.421,292.5711564219907,-0.431182069316662,0.3929894938577692,102.92247731999453,-0.12654501644340888,92.65385714338991,95.39242747450514
2033-05-01,Kabale,17455.652201526806,0.9086567073077686,19.0,0.0,1.0,0.0186623533181755,1.0000305189751728,2.000030518975173,-1.242,29.9856,-1.0,30.00000000000001,0.005119735125263419,0.0018437671289461225,-0.002997122231814215,287.5115817587158,1.0,0.00018120232537523475,292.9688032694343,293.5387264635794,293.5389867843987,293.55005850410686,293.5058959325889,0.4049437036015365,0.40757696087085454,0.40042764778681145,0.42279870902007793,82903.57717958542,292.45375842092557,-0.546831231754159,0.5661343257677968,107.3210575002743,-0.23485459863464722,100.52330419248807,96.09161465879338
2033-06-01,Kabale,17455.652201526806,0.9086567073077686,19.0,0.0,1.0,0.0186623533181755,1.0000305189751728,2.000030518975173,-1.242,29.9856,-1.0,30.00000000000001,0.00451147462623168,0.0018545277295350564,-0.0029112589282316546,287.1240022061217,1.0,0.00016562534606661794,292.809333926993,293.3701733310319,293.3807283837571,293.43347046397685,293.49015141639126,0.3919127486698633,0.3975509409757032,0.3976099552753751,0.42450045682028675,82922.64424557444,292.391561680002,-0.5944050235426778,0.677477369534215,90.83456020903628,-0.2010990552504938,100.27132989361785,94.57529081226743
2033-07-01,Kabale,17455.652201526806,0.9086567073077686,19.0,0.0,1.0,0.0186623533181755,1.0000305189751728,2.000030518975173,-1.242,29.9856,-1.0,30.00000000000001,0.003578003636179477,0.001561359346467635,-0.00276070472256075,286.42095197586826,1.0,0.00013873131722332965,292.82508965203345,293.3555269125486,293.35625192366626,293.37818510862695,293.4396637955688,0.371440049644201,0.3773570974223481,0.38224850809909405,0.4232800195463325,82939.80677093887,292.4595957775535,-0.5742460833081976,0.6883694318223306,69.73567041235816,-0.22651260379712293,88.83916245128887,91.24366721316333
2033-08-01,Kabale,17455.652201526806,0.9086567073077686,19.0,0.0,1.0,0.0186623533181755,1.0000305189751728,2.000030518975173,-1.242,29.9856,-1.0,30.00000000000001,0.0033798098498980735,0.0011742695144865269,-0.0026620402969493658,286.0618326015528,1.0,0.00012864034361154817,292.9331531825548,293.4509570329113,293.43801856464233,293.4190861389854,293.4116503422775,0.36297237313310954,0.36662645756734746,0.36616463954415684,0.41814249302030904,82942.72622404575,292.523181291718,-0.5298500000483556,0.623088473638355,59.899412920414996,-0.16701932698460328,73.15119591645409,87.43682010271549
2033-09-01,Kabale,17455.652201526806,0.9086567073077686,19.0,0.0,1.0,0.0186623533181755,1.0000305189751728,2.000030518975173,-1.242,29.9856,-1.0,30.00000000000001,0.003971685514376729,0.0011355610153437991,-0.002680403106636991,286.2807927270795,1.0,0.00013869870320571767,293.03820454053124,293.56611487081847,293.5441552351509,293.4954203883351,293.42241371078495,0.3725635093884963,0.37281385434225484,0.36515506585089336,0.41369849275780396,82925.94667847712,292.50876858241963,-0.4965930178349866,0.536929829492195,71.64018928641207,-0.21570340510904049,67.0977987860504,84.29069295371721
2033-10-01,Kabale,17455.652201526806,0.9086567073077686,19.0,0.0,1.0,0.0186623533181755,1.0000305189751728,2.000030518975173,-1.242,29.9856,-1.0,30.00000000000001,0.004805815057645012,0.0013286910113016557,-0.0027989669060390827,286.8249283579521,1.0,0.00015895804431757915,292.99074859026393,293.54859489117763,293.541184715586,293.5252627912917,293.4570280779208,0.39169561050997953,0.3911286840771822,0.37682313771714787,0.41234185519537053,82908.78415311272,292.3948441910948,-0.48099882088782725,0.46296858033166255,89.59141975962085,-0.16929846634136914,74.0075347340708,81.95737393680105
2033-11-01,Kabale,17455.652201526806,0.9086567073077686,19.0,0.0,1.0,0.0186623533181755,1.0000305189751728,2.000030518975173,-1.242,29.9856,-1.0,30.00000000000001,0.005354650626236365,0.0016408173273240072,-0.00287134725253884,287.1978136898386,1.0,0.00017676857552267896,292.81493050281364,293.3991282220208,293.41046690529225,293.44463396535366,293.4618915277835,0.40455877544131374,0.4060846205370445,0.3946190852323965,0.4154124218265089,82896.7085204204,292.206272125691,-0.4547852696756453,0.4002432801529549,102.24301669996733,-0.19393966031438806,87.99084934539871,81.02982874994234
2033-12-01,Kabale,17455.652201526806,0.9086567073077686,19.0,0.0,1.0,0.0186623533181755,1.0000305189751728,2.000030518975173,-1.242,29.9856,-1.0,30.00000000000001,0.005256985534521323,0.0018024106593239192,-0.0029122782102470814,287.3106649181594,1.0,0.00018712884817959552,292.66967156232766,293.2585025248615,293.2757636243717,293.3324008667699,293.4185426312243,0.4099562173966584,0.4127330971295804,0.4051405195116926,0.420732548353593,82894.421,292.0961915915637,-0.41880994493247165,0.32607682615419586,100.3943932885951,-0.15341069122520012,97.40097482641056,82.65873906233419
2034-01-01,Kabale,17455.652201526806,0.9086567073077686,19.0,0.0,1.0,0.0186623533181755,1.0000305189751728,2.000030518975173,-1.242,29.9856,-1.0,30.00000000000001,0.00471946022482804,0.001735137408203613,-0.002948245596803433,287.1986240754921,1.0,0.00018277548043902736,292.67824713393253,293.2531912134357,293.25731327624936,293.28457145806163,293.3576095732482,0.407068760212327,0.4098984466201336,0.40506281988244225,0.4244476874357792,82894.421,292.14762915846654,-0.3498080863968063,0.24800430158811018,90.979747870111,-0.15682922713550404,97.68080855876327,86.21546461414407
2034-02-01,Kabale,17455.652201526806,0.9086567073077686,19.0,0.0,1.0,0.0186623533181755,1.0000305189751728,2.000030518975173,-1.242,29.9856,-1.0,30.00000000000001,0.004156116133999677,0.0014969871082553758,-0.002985230256905268,287.0320190034739,1.0,0.0001700485774419561,292.89319257203886,293.4419382648751,293.41772813226316,293.3725408139093,293.33316935900075,0.399758075320253,0.4014886674362297,0.3961437112314137,0.4243717177446163,82894.421,292.391831429052,-0.30949250674277606,0.20563695941170015,83.78431509645704,-0.10209456892953743,91.64611833337729,90.24011677446725
2034-03-01,Kabale,17455.652201526806,0.9086567073077686,19.0,0.0,1.0,0.0186623533181755,1.0000305189751728,2.000030518975173,-1.242,29.9856,-1.0,30.00000000000001,0.004244642989076993,0.001360154380328365,-0.003005518928729908,287.0674872426714,1.0,0.00016515073375776972,293.0828761036311,293.62824427068296,293.59631323435445,293.5218802384579,293.38173231069203,0.3975076079380377,0.3985008729793967,0.3894871305014817,0.4217860095224271,82894.421,292.57311938549446,-0.33110115544562346,0.2515041662549704,90.41500309982882,-0.12970584534604887,88.24539315670724,93.29081055298086
2034-04-01,Kabale,17455.652201526806,0.9086567073077686,19.0,0.0,1.0,0.0186623533181755,1.0000305189751728,2.000030518975173,-1.242,29.9856,-1.0,30.00000000000001,0.004841976813075222,0.001522284918346711,-0.002994776675751857,287.3178003571556,1.0,0.00017571179282440273,293.10980129390606,293.6682567199229,293.6451465609266,293.59444885465734,293.4583975909383,0.40125283438420434,0.4025892029461011,0.39249609492226645,0.4205891130699492,82894.421,292.5732586617343,-0.4353256177828327,0.3908469160074062,102.91804165015458,-0.17674391468740436,92.16943878869348,95.41705975097152
2034-05-01,Kabale,17455.652201526806,0.9086567073077686,19.0,0.0,1.0,0.0186623533181755,1.0000305189751728,2.000030518975173,-1.242,29.9856,-1.0,30.00000000000001,0.005069715482726137,0.0018151504458399166,-0.002976836397939033,287.4874549347776,1.0,0.00018113533753044678,292.96256765832044,293.53212970315195,293.53223661070143,293.5459175565805,293.50525727096954,0.40470605560634576,0.4071091045744672,0.39964710708646284,0.42256545437633825,82899.58674601062,292.446510491756,-0.5476367867981363,0.563311127997021,107.67646873099125,-0.15057771603975192,100.07262807746899,96.17744836308846
2034-06-01,Kabale,17455.652201526806,0.9086567073077686,19.0,0.0,1.0,0.0186623533181755,1.0000305189751728,2.000030518975173,-1.242,29.9856,-1.0,30.00000000000001,0.004579957977292789,0.0018636126850342012,-0.0028969203690896142,287.1595236009227,1.0,0.00016659718505847632,292.8162455026138,293.3733569003428,293.38330962829974,293.4349664377771,293.4889121263895,0.39364101338864366,0.3983342498537345,0.3976668045745076,0.42442307798729023,82914.26556554182,292.3913224173358,-0.5782226915383133,0.6649860413243531,91.1244081141207,-0.09734377431983154,100.56579568236424,94.68375987549496
2034-07-01,Kabale,17455.652201526806,0.9086567073077686,19.0,0.0,1.0,0.0186623533181755,1.0000305189751728,2.000030518975173,-1.242,29.9856,-1.0,30.00000000000001,0.0036442776082142186,0.0015771648722067183,-0.0027495702506046098,286.4562239303874,1.0,0.00013934495841025544,292.83307589398555,293.3602098942399,293.3571279143055,293.38204140875547,293.4385051999346,0.37276664331610676,0.3787779288382853,0.3835795510566466,0.4234468397509863,82928.53895967845,292.4618020547555,-0.5690539217994521,0.6829116357704624,69.83319265187028,-0.0725488781334629,89.882615452736,91.3243010722194
2034-08-01,Kabale,17455.652201526806,0.9086567073077686,19.0,0.0,1.0,0.0186623533181755,1.0000305189751728,2.000030518975173,-1.242,29.9856,-1.0,30.00000000000001,0.0034173555936356935,0.0012146221118198056,-0.0026454732269402593,286.0615195937121,1.0,0.00012851343762136313,292.9489230207658,293.4619254345245,293.4453537975621,293.42738861013964,293.4123892639382,0.3627402518988465,0.36687357312752794,0.3674610561993452,0.41861979225036894,82932.20627814704,292.5348383605174,-0.5264930552555632,0.6200478208766831,59.499211971776504,-0.18940030750008616,73.65607038483326,87.40405332902175
2034-09-01,Kabale,17455.652201526806,0.9086567073077686,19.0,0.0,1.0,0.0186623533181755,1.0000305189751728,2.000030518975173,-1.242,29.9856,-1.0,30.00000000000001,0.00387424033589656,0.0011325044094630543,-0.0026595039168982744,286.2474375692159,1.0,0.00013782428537625316,293.046532801969,293.5698726651421,293.54702079879957,293.4998980962694,293.42487142060287,0.37102829309124785,0.3722291680993221,0.36496466214308265,0.41417538713269947,82917.52745861585,292.5149460561447,-0.5130675348237819,0.5460833742877456,71.36399655485748,-0.2916480983996479,66.77291784983909,84.25645926656985
2034-10-01,Kabale,17455.652201526806,0.9086567073077686,19.0,0.0,1.0,0.0186623533181755,1.0000305189751728,2.000030518975173,-1.242,29.9856,-1.0,30.00000000000001,0.0047745971975486565,0.0013302217198289112,-0.0027755855417852444,286.80625772262835,1.0,0.0001589888415646768,292.9899628400207,293.5453666407528,293.54019189563746,293.52674611203827,293.45884003353535,0.39118553104520454,0.3906768017267092,0.3759033898726985,0.4124249682574656,82903.25406447922,292.3883191664101,-0.4833784389493641,0.4633774976766592,89.6495872393031,-0.3142284992301965,73.13477429444411,81.98308922738224
2034-11-01,Kabale,17455.652201526806,0.9086567073077686,19.0,0.0,1.0,0.0186623533181755,1.0000305189751728,2.000030518975173,-1.242,29.9856,-1.0,30.00000000000001,0.005327251094114505,0.0016164340417269378,-0.002856114798342566,287.19829016524704,1.0,0.0001771969121117775,292.80746114623116,293.3916590200328,293.40270521835527,293.4416397840419,293.46103200566307,0.4053254282467547,0.40655449444722075,0.3937287138512435,0.4152262610222659,82894.421,292.1999047188422,-0.45407977998771304,0.39517582105578714,102.39595977446582,-0.24521174056166375,87.570226507558,81.10876548501722
2034-12-01,Kabale,17455.652201526806,0.9086567073077686,19.0,0.0,1.0,0.0186623533181755,1.0000305189751728,2.000030518975173,-1.242,29.9856,-1.0,30.00000000000001,0.005296006652621126,0.0018063736813132315,-0.0028968122670917323,287.3053290418736,1.0,0.00018749777297727356,292.67043982354824,293.25951681474055,293.2741722801693,293.3304547159538,293.4154363971058,0.41063468545035486,0.41313438837643773,0.40562444840388406,0.42055259558102837,82894.421,292.09649692615585,-0.40858069887256154,0.31876728011107963,100.40507529467362,-0.13999413265673327,97.52946864340485,82.6837752755378
2035-01-01,Kabale,17455.652201526806,0.9086567073077686,19.0,0.0,1.0,0.0186623533181755,1.0000305189751728,2.000030518975173,-1.242,29.9856,-1.0,30.00000000000001,0.004740654016833643,0.0017419949875169757,-0.0029323536638012422,287.21408856620724,1.0,0.0001832271368376272,292.68703661369767,293.2603664774153,293.2601654157811,293.2862188580569,293.35528070199854,0.40795097497430327,0.4105877541688016,0.4060195760662324,0.4246857958030475,82894.421,292.1543625951185,-0.343672942783764,0.24298088475141344,90.88019377332937,-0.1135656010110611,98.04642823435977,86.17951498851328
2035-02-01,Kabale,17455.652201526806,0.9086567073077686,19.0,0.0,1.0,0.0186623533181755,1.0000305189751728,2.000030518975173,-1.242,29.9856,-1.0,30.00000000000001,0.004188884345322038,0.0015257442520888195,-0.002967990497248763,287.0555712255175,1.0,0.00017043828262086827,292.90564146202126,293.4542224409161,293.4295003604209,293.379992409488,293.33491073196615,0.4004028481337765,0.4020691971168307,0.39721662034809424,0.42490494862896755,82894.421,292.39769559671464,-0.3078161164373527,0.20443842038411822,83.74248502356293,-0.09418754454693741,91.97263789204224,90.18531292638723
2035-03-01,Kabale,17455.652201526806,0.9086567073077686,19.0,0.0,1.0,0.0186623533181755,1.0000305189751728,2.000030518975173,-1.242,29.9856,-1.0,30.00000000000001,0.004226533319196503,0.0013670474241700434,-0.0029872147879032025,287.0703422267247,1.0,0.00016537164190735148,293.0835710458952,293.627712343061,293.59663363189594,293.5243987167474,293.38459843731397,0.39752540683738546,0.39882001049046706,0.3898025197309296,0.42213640576194283,82894.421,292.56952765795313,-0.3358477799368443,0.24977357865636196,90.2961092319196,-0.1566019466578089,88.07171075828892,93.23481593644858
2035-04-01,Kabale,17455.652201526806,0.9086567073077686,19.0,0.0,1.0,0.0186623533181755,1.0000305189751728,2.000030518975173,-1.242,29.9856,-1.0,30.00000000000001,0.004771140065159097,0.0015183490205816698,-0.0029766574534149776,287.2840329752992,1.0,0.0001755152721673855,293.1086537940824,293.6649122269411,293.64514401598944,293.59415344325816,293.4596697052966,0.40040781208304743,0.4020141017276968,0.39185280663662786,0.4207742676151038,82894.421,292.57122463029395,-0.43826063691597844,0.38850201833273545,102.67954897951076,-0.28220684104726673,91.44819251730912,95.33582750361568
2035-05-01,Kabale,17455.652201526806,0.9086567073077686,19.0,0.0,1.0,0.0186623533181755,1.0000305189751728,2.000030518975173,-1.242,29.9856,-1.0,30.00000000000001,0.005008909196043614,0.001792169933756323,-0.0029571292120075,287.45705224986307,1.0,0.0001814015206450688,292.95370948954064,293.52308884089285,293.5255196012301,293.539592039213,293.50393426979275,0.40434196176649645,0.4069220508506226,0.3988774436769604,0.42244712009770097,82895.36428936345,292.44027036187885,-0.5475273913773652,0.5613101075605378,107.68444248755362,-0.14361501479260283,99.45467713627534,96.133538031753
2035-06-01,Kabale,17455.652201526806,0.9086567073077686,19.0,0.0,1.0,0.0186623533181755,1.0000305189751728,2.000030518975173,-1.242,29.9856,-1.0,30.00000000000001,0.004640147760697529,0.0018738469787040444,-0.002883278571992814,287.18961274421395,1.0,0.0001678469000303331,292.81827059957425,293.3764957072422,293.38861907560994,293.43398631690707,293.4867833614106,0.3952972451374474,0.39929160794805146,0.39775258078390036,0.42452734125259445,82905.79721695451,292.39406134233195,-0.5619725052037724,0.653175432816607,91.23383840199529,-0.011653452831406008,100.88062306376166,94.68357461351796
2035-07-01,Kabale,17455.652201526806,0.9086567073077686,19.0,0.0,1.0,0.0186623533181755,1.0000305189751728,2.000030518975173,-1.242,29.9856,-1.0,30.00000000000001,0.0037006089930402834,0.0015897996170176707,-0.0027421665510054473,286.48777072091394,1.0,0.00014017999050678907,292.8373955057975,293.3655277285015,293.36445727636175,293.38364245529846,293.43794752944586,0.3742160559791145,0.38024900262308625,0.3848641778535036,0.42372653889611983,82917.68373780744,292.4702071989038,-0.5649049563527845,0.6791674286830797,69.87620504352661,0.04203010354446859,90.88717666357554,91.35937338319219
2035-08-01,Kabale,17455.652201526806,0.9086567073077686,19.0,0.0,1.0,0.0186623533181755,1.0000305189751728,2.000030518975173,-1.242,29.9856,-1.0,30.00000000000001,0.003442916657498779,0.0012480608892246577,-0.0026331960458624167,286.0668454287516,1.0,0.00012847333971049383,292.96286062634135,293.4728381650578,293.45756079395983,293.4352687816734,293.4131345709004,0.3627582213052692,0.3670223520486469,0.3686609987280969,0.41924744525324337,82922.32078446496,292.5455452003776,-0.5241289807420807,0.616391304282196,59.321661997876426,-0.14669296164886897,74.0935038687477,87.4265607057357
2035-09-01,Kabale,17455.652201526806,0.9086567073077686,19.0,0.0,1.0,0.0186623533181755,1.0000305189751728,2.000030518975173,-1.242,29.9856,-1.0,30.00000000000001,0.003767586642999938,0.00112380775806937,-0.0026416485669622674,286.22132061030607,1.0,0.00013701885432313015,293.0526961954117,293.5724338956664,293.5505802593246,293.50662720185846,293.42832321655334,0.3697596556428695,0.3715916191772397,0.36485948141806235,0.41472037288622277,82911.8878568739,292.51780601908314,-0.5295352183222871,0.5549597744370263,71.41500267656211,-0.2423319539555074,66.22154292951264,84.30533314377068
2035-10-01,Kabale,17455.652201526806,0.9086567073077686,19.0,0.0,1.0,0.0186623533181755,1.0000305189751728,2.000030518975173,-1.242,29.9856,-1.0,30.00000000000001,0.00473853228528871,0.0013265389553111535,-0.0027528248492555397,286.79098537885847,1.0,0.00015893746073338599,292.98661718300355,293.5415208481301,293.5345933345042,293.52892231672644,293.4631094816579,0.39085032756936683,0.390057588462762,0.37502756373450485,0.41257162124790697,82900.00133602099,292.37690969445975,-0.48492537523310913,0.4619053705610387,89.92920707318486,-0.2492146726737904,72.24163850786896,82.09283628241752
2035-11-01,Kabale,17455.652201526806,0.9086567073077686,19.0,0.0,1.0,0.0186623533181755,1.0000305189751728,2.000030518975173,-1.242,29.9856,-1.0,30.00000000000001,0.0052993951513171204,0.001593385051714969,-0.002839887445086353,287.19789451321304,1.0,0.00017747524083481733,292.8003776880087,293.38290905206236,293.3925621740762,293.4373280506846,293.4616733794831,0.40602802365619817,0.40710804799496025,0.39294156991266255,0.4150417010022644,82894.421,292.1916957611995,-0.4526047182556559,0.3909992910620734,102.44886082097611,-0.18837164357319713,87.22993057329127,81.21677003679588
2035-12-01,Kabale,17455.652201526806,0.9086567073077686,19.0,0.0,1.0,0.0186623533181755,1.0000305189751728,2.000030518975173,-1.242,29.9856,-1.0,30.00000000000001,0.0053337579139839395,0.0018099135636147946,-0.002880507755688859,287.29726167043964,1.0,0.00018772192410058898,292.67192491461765,293.25992991736746,293.27027138427746,293.32719516570904,293.4124950816093,0.411095436430393,0.4137754043753899,0.40600455719364437,0.4204663727326498,82894.421,292.09640753722084,-0.39719306479932165,0.3113446889576719,100.38345942194972,-0.17627322041416324,97.77612115438512,82.68981287855607
2036-01-01,Kabale,17455.652201526806,0.9086567073077686,19.0,0.0,1.0,0.0186623533181755,1.0000305189751728,2.000030518975173,-1.242,29.9856,-1.0,30.00000000000001,0.00476020774347593,0.001745766264762004,-0.0029143982277372985,287.23105324811735,1.0,0.00018343313568527247,292.6975012443659,293.266855322571,293.26301681933757,293.28750593066604,293.35132821514543,0.4086368422477132,0.41145343771323556,0.4069050608251712,0.42500516072699823,82894.421,292.1620521875257,-0.33697190850885783,0.23919291716562918,90.84239938075923,-0.10527120257126611,98.55338518981004,86.15409700352468
2036-02-01,Kabale,17455.652201526806,0.9086567073077686,19.0,0.0,1.0,0.0186623533181755,1.0000305189751728,2.000030518975173,-1.242,29.9856,-1.0,30.00000000000001,0.004228557865093765,0.001551201010142603,-0.0029494307090421577,287.0786278013298,1.0,0.0001706287653633063,292.91861312181385,293.46485153634165,293.43673380490185,293.38881530918695,293.3346167277548,0.4010416162126756,0.40279044361956956,0.3982650143994178,0.4255367512916597,82894.421,292.40537825281984,-0.3063938908047193,0.20315639195710014,84.09339990410699,-0.16018754096529833,92.33254876505264,90.18207744913354
2036-03-01,Kabale,17455.652201526806,0.9086567073077686,19.0,0.0,1.0,0.0186623533181755,1.0000305189751728,2.000030518975173,-1.242,29.9856,-1.0,30.00000000000001,0.004312785450539383,0.0013873341469138357,-0.0029694378146691417,287.1476846461702,1.0,0.0001656023331809852,293.1200101126549,293.66146331727583,293.62879029824046,293.5490422155189,293.38530407771486,0.39921072099818106,0.4000406477087086,0.39018840844120434,0.4228968734854918,82894.421,292.5957894175494,-0.3400633886468904,0.25781120046802736,90.71913192656297,-0.1445221311794226,89.06047899524465,93.27235851821781
2036-04-01,Kabale,17455.652201526806,0.9086567073077686,19.0,0.0,1.0,0.0186623533181755,1.0000305189751728,2.000030518975173,-1.242,29.9856,-1.0,30.00000000000001,0.00497540557495976,0.001548226398179492,-0.0029618055479356258,287.41081900975934,1.0,0.00017690686921169852,293.13467993417373,293.69219169455914,293.6728405258608,293.6187852321314,293.4643725390634,0.40359472592158446,0.4047564779248927,0.39434631794015057,0.4215556149272976,82894.421,292.58275362869784,-0.4428922124959412,0.39815658218024036,103.48417422297679,-0.15848810024664542,93.30569542300269,95.40846500851661
2036-05-01,Kabale,17455.652201526806,0.9086567073077686,19.0,0.0,1.0,0.0186623533181755,1.0000305189751728,2.000030518975173,-1.242,29.9856,-1.0,30.00000000000001,0.0051611719206495835,0.0018823276412798546,-0.002947493814989086,287.5326512511405,1.0,0.00018202702792357447,292.98138675116616,293.5503037202512,293.55204725467814,293.56029788985467,293.5100946998968,0.4061955405064764,0.40876917755790965,0.4017126766457735,0.4237454567499908,82894.421,292.4653645813168,-0.5400152145896054,0.555405716052093,107.41734117369134,-0.30359770999515284,100.86935599994972,96.12225454670147
2036-06-01,Kabale,17455.652201526806,0.9086567073077686,19.0,0.0,1.0,0.0186623533181755,1.0000305189751728,2.000030518975173,-1.242,29.9856,-1.0,30.00000000000001,0.00442898866670505,0.001860452874087474,-0.002854226564135604,287.0879106789707,1.0,0.00016546258750140048,292.81449819983703,293.37273374241266,293.38496386739126,293.43764277795316,293.4949816690605,0.3911597660240143,0.3972667545558095,0.39804156033348015,0.4252550417696117,82903.32137530622,292.39410528800795,-0.6061965699996875,0.6771640532602103,90.84579394497523,-0.28694956591108595,99.95701757595369,94.60969175784184
2036-07-01,Kabale,17455.652201526806,0.9086567073077686,19.0,0.0,1.0,0.0186623533181755,1.0000305189751728,2.000030518975173,-1.242,29.9856,-1.0,30.00000000000001,0.0034941986172619087,0.0015635351138489361,-0.002716792076527408,286.38336308965944,1.0,0.00013896424639389527,292.8306268446186,293.3568712793042,293.35768238812165,293.3829467509419,293.4436452724965,0.3706626696353332,0.3765778685533078,0.38148601128131804,0.42383119850848255,82908.57163229056,292.45939486811454,-0.575478852539157,0.6810163375320556,69.76947052366476,-0.20630408025490407,87.77900351528933,91.25274100204759
2036-08-01,Kabale,17455.652201526806,0.9086567073077686,19.0,0.0,1.0,0.0186623533181755,1.0000305189751728,2.000030518975173,-1.242,29.9856,-1.0,30.00000000000001,0.003325953084155549,0.00115234852940224,-0.0026231581909159887,286.05239350275065,1.0,0.0001294690713842205,292.9316568747104,293.4449610188628,293.4323876807686,293.41863583622677,293.41339617459124,0.36366372094949934,0.36707384932013926,0.36536258613411626,0.4183385135232783,82909.44980687929,292.51875749447987,-0.5287188361515011,0.6151323657019271,60.161226411772184,-0.06219384395608813,72.58860501515427,87.47298221686019
2036-09-01,Kabale,17455.652201526806,0.9086567073077686,19.0,0.0,1.0,0.0186623533181755,1.0000305189751728,2.000030518975173,-1.242,29.9856,-1.0,30.00000000000001,0.00404481517307394,0.0011560291100292518,-0.0026476885990384205,286.3032170982514,1.0,0.0001403450917410994,293.0437557760794,293.5661316717588,293.54340781481284,293.496399136912,293.422068334685,0.3745243863539433,0.3742758402479775,0.3658383909565861,0.41391778451415306,82900.54943157309,292.51013215322877,-0.47456899107334577,0.5161949783965375,71.81047839977116,-0.15047473769702657,67.41346438161685,84.3186998462849
2036-10-01,Kabale,17455.652201526806,0.9086567073077686,19.0,0.0,1.0,0.0186623533181755,1.0000305189751728,2.000030518975173,-1.242,29.9856,-1.0,30.00000000000001,0.0048195292346964,0.0013430154402166849,-0.0027530055016145513,286.8345458234608,1.0,0.00015962039467207138,293.0040593620035,293.55780776470664,293.5463448238779,293.52877886384755,293.4555634204378,0.3929388193617273,0.39271497255175375,0.37824716861748314,0.4130201739359005,82895.29917458871,292.4084924941179,-0.4728367658209516,0.4512494294418776,89.70570381254475,-0.2134464961095293,74.82195631432802,81.94575587389245
2036-11-01,Kabale,17455.652201526806,0.9086567073077686,19.0,0.0,1.0,0.0186623533181755,1.0000305189751728,2.000030518975173,-1.242,29.9856,-1.0,30.00000000000001,0.005359889164666523,0.001674806758283234,-0.0028187817920232116,287.1977881284354,1.0,0.0001769028419796504,292.832040420626,293.4137183889242,293.4206877411141,293.45517137478805,293.46197736418014,0.40482129281338075,0.4068527340842885,0.39609645948288236,0.4163885465680535,82894.421,292.2152652883414,-0.45123499409397955,0.392812509139697,102.4368931590999,-0.24090385451528365,88.37974783847436,81.03311598420359
2036-12-01,Kabale,17455.652201526806,0.9086567073077686,19.0,0.0,1.0,0.0186623533181755,1.0000305189751728,2.000030518975173,-1.242,29.9856,-1.0,30.00000000000001,0.005205041369602959,0.001810336886169285,-0.002859314115486985,287.3208146697098,1.0,0.00018755638463717193,292.6758789395772,293.26700494709934,293.2799497064664,293.34114121313974,293.42169731016634,0.4106238114479181,0.4134044969576078,0.4054499593778846,0.42161326871021804,82894.421,292.09695517822763,-0.42521595260111184,0.3210707257319443,100.62832674634569,-0.261379484634898,97.08285028495037,82.70223439621793
2037-01-01,Kabale,17455.652201526806,0.9086567073077686,19.0,0.0,1.0,0.0186623533181755,1.0000305189751728,2.000030518975173,-1.242,29.9856,-1.0,30.00000000000001,0.004681346052494705,0.0017411160609950693,-0.0028947913715526995,287.18520816244813,1.0,0.0001833016265414801,292.67726583011137,293.25389577287564,293.25645912866804,293.2896206019409,293.3603836507671,0.40750685290128114,0.4101683257850101,0.4050751606806109,0.42491191610197726,82894.421,292.14082389853894,-0.351896621763701,0.24064951231914142,91.10954230902105,-0.29628778225452707,97.07336878422136,86.30219928593586
2037-02-01,Kabale,17455.652201526806,0.9086567073077686,19.0,0.0,1.0,0.0186623533181755,1.0000305189751728,2.000030518975173,-1.242,29.9856,-1.0,30.00000000000001,0.004096147688941204,0.0014807235704129423,-0.002932144335504545,287.0070396329359,1.0,0.00017062197736796827,292.8890445865782,293.436427282453,293.4121649899983,293.3702720793603,293.33313331942367,0.4001280803340226,0.4017444257087213,0.3959954663656162,0.42455482839155145,82894.421,292.3860797576101,-0.30611922851549206,0.19504177691023253,83.90248174714655,-0.239816942742164,91.05437686579963,90.29934470786365
2037-03-01,Kabale,17455.652201526806,0.9086567073077686,19.0,0.0,1.0,0.0186623533181755,1.0000305189751728,2.000030518975173,-1.242,29.9856,-1.0,30.00000000000001,0.004235044965415498,0.0013622974739278745,-0.0029544358442433034,287.06250182214177,1.0,0.00016565391626865316,293.0922323014329,293.63174893196185,293.6011000807069,293.5241201173078,293.3795547544938,0.39823546627860873,0.3991893902011901,0.3898179089771479,0.4222324030819767,82894.421,292.5774380594203,-0.32033821133993867,0.24070772494277626,90.51933056977259,-0.1307491262231015,88.19889421343254,93.32586328667433
2037-04-01,Kabale,17455.652201526806,0.9086567073077686,19.0,0.0,1.0,0.0186623533181755,1.0000305189751728,2.000030518975173,-1.242,29.9856,-1.0,30.00000000000001,0.004876649411318542,0.001535936781754525,-0.0029448549753930656,287.3457243870176,1.0,0.00017677696673528827,293.1167440593486,293.6712925326572,293.64993318425076,293.59826128608455,293.4580024385562,0.4029035572920205,0.40419182007056964,0.39365900985942587,0.4212543559441708,82894.421,292.5746408159673,-0.42508632773931865,0.3801890002451412,103.02810326002424,-0.09943182207537384,92.64596170398848,95.4316799602763
2037-05-01,Kabale,17455.652201526806,0.9086567073077686,19.0,0.0,1.0,0.0186623533181755,1.0000305189751728,2.000030518975173,-1.242,29.9856,-1.0,30.00000000000001,0.005102136039043155,0.0018512589013670346,-0.002927724752849297,287.50882657834137,1.0,0.0001819914011631932,292.9751670558337,293.5427169650166,293.5448709080507,293.5553833692345,293.5070712589262,0.4059857048598685,0.40839185226639346,0.4008137753489431,0.4235828700921618,82894.421,292.4591736887769,-0.5411138914137675,0.5528702551943244,107.35967360056812,-0.1090955112148997,100.45758773635119,96.15810004933839
2037-06-01,Kabale,17455.652201526806,0.9086567073077686,19.0,0.0,1.0,0.0186623533181755,1.0000305189751728,2.000030518975173,-1.242,29.9856,-1.0,30.00000000000001,0.004493801577283512,0.0018631895728938067,-0.0028420537016650717,287.1174071165255,1.0,0.0001664657469781901,292.8179312210547,293.37411438461044,293.3875867873231,293.4393599040081,293.49124336227334,0.39301265558279397,0.3983793039819994,0.398060699093725,0.4252572665116389,82898.71863953694,292.39675787006126,-0.5891656748033905,0.6642368704615006,90.74240225726214,-0.12596732376543673,100.27604552514242,94.635423913866
2037-07-01,Kabale,17455.652201526806,0.9086567073077686,19.0,0.0,1.0,0.0186623533181755,1.0000305189751728,2.000030518975173,-1.242,29.9856,-1.0,30.00000000000001,0.003561378774531937,0.0015729053073711143,-0.002710840411873463,286.41907159556035,1.0,0.0001396995093834593,292.835490808584,293.35992991997495,293.3619387992599,293.3861034196531,293.4402800626345,0.37233939874872046,0.37819902336665273,0.38276382714823587,0.4239939767531092,82901.49096727736,292.46491444820555,-0.5693591871621507,0.6758994382499584,69.58832809206497,-0.109412575681938,88.81361486024441,91.28848128471391
2037-08-01,Kabale,17455.652201526806,0.9086567073077686,19.0,0.0,1.0,0.0186623533181755,1.0000305189751728,2.000030518975173,-1.242,29.9856,-1.0,30.00000000000001,0.003363958856439187,0.0011884985360632566,-0.0026127384090472417,286.05311906233993,1.0,0.00012950285822982857,292.9443021039851,293.4547924094602,293.4423523230609,293.427098917848,293.41362311560766,0.3638660055118547,0.36735403039370357,0.36672457478336157,0.41885348298178804,82901.49096727734,292.5290531144073,-0.5239380956324919,0.6109505226314501,59.63825577994215,-0.06654934480680462,73.07833374302523,87.44535317473276
2037-09-01,Kabale,17455.652201526806,0.9086567073077686,19.0,0.0,1.0,0.0186623533181755,1.0000305189751728,2.000030518975173,-1.242,29.9856,-1.0,30.00000000000001,0.003949071147246451,0.001148721122780248,-0.002631122272510966,286.2745818693063,1.0,0.00013964096634823064,293.0497087847528,293.57043748253756,293.54808853727286,293.5022739632655,293.4249757888912,0.3733211926716266,0.37366614153437894,0.36569523799588066,0.4144423322906053,82897.19332774042,292.514793647347,-0.4903194793748004,0.5246262144641887,71.57278163520353,-0.1155042921800427,67.01539274535797,84.30861292640748
2037-10-01,Kabale,17455.652201526806,0.9086567073077686,19.0,0.0,1.0,0.0186623533181755,1.0000305189751728,2.000030518975173,-1.242,29.9856,-1.0,30.00000000000001,0.004781501832021028,0.0013401750455396824,-0.00273000849561487,286.81732459607343,1.0,0.0001596643438763834,293.0023350677787,293.55385140836364,293.54430087847453,293.5311740451696,293.4586087519292,0.3925706884492772,0.3919991486683423,0.3773105861168979,0.4131404437234405,82894.421,292.40072752967086,-0.4748682486877069,0.4503173812663767,89.63362062627425,-0.23113329651029904,73.94585529822618,82.02417488952044
2037-11-01,Kabale,17455.652201526806,0.9086567073077686,19.0,0.0,1.0,0.0186623533181755,1.0000305189751728,2.000030518975173,-1.242,29.9856,-1.0,30.00000000000001,0.005326958742527761,0.0016525131704451246,-0.0028026723751131467,287.1965295380685,1.0,0.0001774543329184765,292.8248514407272,293.4044534645954,293.4121438243062,293.4505438769399,293.4624768833337,0.4055800969959717,0.4070855123058931,0.3951987769524489,0.41617471659947974,82894.421,292.2111716670484,-0.44972964706753277,0.387595965519731,102.36873325880578,-0.25869370865342045,87.96563361649044,81.12814923834249
2037-12-01,Kabale,17455.652201526806,0.9086567073077686,19.0,0.0,1.0,0.0186623533181755,1.0000305189751728,2.000030518975173,-1.242,29.9856,-1.0,30.00000000000001,0.00523753795029059,0.001814624403433979,-0.0028423793699457306,287.312454286001,1.0,0.0001879181472285779,292.67811393321387,293.2630557038819,293.2756878653261,293.3385534318564,293.4198595952146,0.41109557684543035,0.41348870043495395,0.40576480641205137,0.421427873062747,82894.421,292.09891432704444,-0.4137108809763128,0.3139222924282791,100.51592294611756,-0.2445986681937986,97.2736036880694,82.75049553697569
2038-01-01,Kabale,17455.652201526806,0.9086567073077686,19.0,0.0,1.0,0.0186623533181755,1.0000305189751728,2.000030518975173,-1.242,29.9856,-1.0,30.00000000000001,0.004701909886811958,0.0017469081324730771,-0.0028781149134489876,287.19877034731786,1.0,0.00018367640387903462,292.68617005012266,293.2568914422607,293.2585253375422,293.2906597203714,293.35866370086154,0.4081638830673713,0.4107633276680825,0.4058121860291555,0.42515691513126885,82894.421,292.1500860679859,-0.34510165658161807,0.23662827114797316,90.98293640848722,-0.17071467377361457,97.5612460553012,86.24077927941927
2038-02-01,Kabale,17455.652201526806,0.9086567073077686,19.0,0.0,1.0,0.0186623533181755,1.0000305189751728,2.000030518975173,-1.242,29.9856,-1.0,30.00000000000001,0.004138592862820439,0.0015067200579773536,-0.0029145608670253843,287.0298588509533,1.0,0.00017095668834342143,292.90136300680314,293.445700304201,293.42114168117894,293.37967218609015,293.3346013429048,0.40068279794095024,0.4023823163587597,0.396794150845555,0.425148061190545,82894.421,292.39299112243424,-0.3048943592857993,0.19405261063581516,83.87343580971947,-0.22170588000476246,91.48271720459991,90.2565116876891
2038-03-01,Kabale,17455.652201526806,0.9086567073077686,19.0,0.0,1.0,0.0186623533181755,1.0000305189751728,2.000030518975173,-1.242,29.9856,-1.0,30.00000000000001,0.004224516490040748,0.001371297646483515,-0.002935818419548784,287.0631024725748,1.0,0.0001659647292181433,293.0924365835576,293.63117304273374,293.600917580254,293.52841994388245,293.3819769438669,0.39844983440140136,0.3995607818591051,0.39010582277599154,0.422581351990869,82894.421,292.575540454733,-0.3268371547851134,0.23956817474735725,90.35288472579413,-0.1966683966232707,88.1115984865118,93.30858976667469
2038-04-01,Kabale,17455.652201526806,0.9086567073077686,19.0,0.0,1.0,0.0186623533181755,1.0000305189751728,2.000030518975173,-1.242,29.9856,-1.0,30.00000000000001,0.00481750117041212,0.0015370958689093297,-0.00292546573864202,287.3129568388425,1.0,0.0001765756646823799,293.1183062395484,293.6700684075378,293.64917959274436,293.60023766785616,293.45918012188514,0.4022942163254242,0.4035627422966737,0.39307746653465553,0.4214334579684149,82894.421,292.5746171261455,-0.4299631274712931,0.37826666343330834,102.89332480227311,-0.24770690489771038,92.01699088642685,95.44860694049775
2038-05-01,Kabale,17455.652201526806,0.9086567073077686,19.0,0.0,1.0,0.0186623533181755,1.0000305189751728,2.000030518975173,-1.242,29.9856,-1.0,30.00000000000001,0.005040403834836008,0.0018310982359287808,-0.002907323971270243,287.4813897757352,1.0,0.00018214228612708952,292.9690506495588,293.53499412683055,293.5360544583122,293.55000139891973,293.50536810177397,0.4056766313394929,0.40795420828726536,0.4002958647781343,0.42345316881412515,82894.421,292.4515863197868,-0.5420019506671901,0.5518252946094826,107.56369908703164,-0.18313551422250576,99.93686241615467,96.21497718053017
2038-06-01,Kabale,17455.652201526806,0.9086567073077686,19.0,0.0,1.0,0.0186623533181755,1.0000305189751728,2.000030518975173,-1.242,29.9856,-1.0,30.00000000000001,0.0045512254150743975,0.0018780068302091015,-0.0028270121077322015,287.1543346289507,1.0,0.00016741601021485436,292.82119928586116,293.3774171320637,293.3889972271607,293.4395259840391,293.4898560228919,0.39454007916249906,0.3990722827876032,0.3982927080976331,0.42533882119259236,82894.56278762751,292.3970096612929,-0.5725283059059249,0.6536657031032852,91.1258454379838,-0.17410176915120978,100.55855918092387,94.71706292428645
2038-07-01,Kabale,17455.652201526806,0.9086567073077686,19.0,0.0,1.0,0.0186623533181755,1.0000305189751728,2.000030518975173,-1.242,29.9856,-1.0,30.00000000000001,0.0036138779763434316,0.0015905677676357908,-0.0027027430220318035,286.4520316682225,1.0,0.00014013367546553541,292.8398215031788,293.3648149011538,293.36430827658126,293.3877633518951,293.43991241396833,0.3736245239459399,0.37948632497599655,0.3841316755601227,0.42431179049959233,82894.56362831731,292.4696696434832,-0.5637918848915635,0.6715489733007969,69.90050258063904,-0.10082480320002617,89.79496949020636,91.38030815444853
2038-08-01,Kabale,17455.652201526806,0.9086567073077686,19.0,0.0,1.0,0.0186623533181755,1.0000305189751728,2.000030518975173,-1.242,29.9856,-1.0,30.00000000000001,0.0033930669031597047,0.0012280466181689227,-0.00259930278379493,286.0610498012299,1.0,0.00012926684449144417,292.9576164987306,293.4666339186215,293.451528467757,293.43368667192414,293.4145383469466,0.3637030448652214,0.367636310882939,0.36799192398104713,0.4194517980902402,82894.56362831731,292.53910929439775,-0.5208929090087955,0.6072505823326318,59.573037809919704,-0.19446004709718034,73.59659259708972,87.48465702510448
2038-09-01,Kabale,17455.652201526806,0.9086567073077686,19.0,0.0,1.0,0.0186623533181755,1.0000305189751728,2.000030518975173,-1.242,29.9856,-1.0,30.00000000000001,0.0038470461736165727,0.0011446380708048712,-0.002613649890645572,286.24740514283934,1.0,0.0001385765025497663,293.0545682150311,293.5728791952694,293.54996006024845,293.506485306515,293.42752157292836,0.37204345833817404,0.3730011651100619,0.3655836173506406,0.41500896334948284,82894.42184068979,292.5177376710761,-0.5071651027238797,0.5334743841196553,71.4058897419323,-0.28962560038059965,66.61163299515702,84.34022879806885
2038-10-01,Kabale,17455.652201526806,0.9086567073077686,19.0,0.0,1.0,0.0186623533181755,1.0000305189751728,2.000030518975173,-1.242,29.9856,-1.0,30.00000000000001,0.0047494100682649145,0.0013417826789356875,-0.002707019846152235,286.80788127422784,1.0,0.00015971111435574307,292.996160069086,293.5479280948122,293.54034631970944,293.5319460708813,293.46145119833955,0.39228168758168486,0.39140668063210377,0.37641975034793984,0.4132876173914884,82894.421,292.3916057559624,-0.47688467866772327,0.4512487867544876,89.54099987527756,-0.2923534508822957,73.07718233471017,82.06603281449624
2038-11-01,Kabale,17455.652201526806,0.9086567073077686,19.0,0.0,1.0,0.0186623533181755,1.0000305189751728,2.000030518975173,-1.242,29.9856,-1.0,30.00000000000001,0.0053014924831429845,0.0016289752672002855,-0.002786484018527884,287.1994903095048,1.0,0.00017791791707049957,292.8135913594786,293.3937751884918,293.40474707114095,293.4468317564762,293.4627680667297,0.40643434826293406,0.4073103088713667,0.3941677402391705,0.416033209644584,82894.421,292.20542617559084,-0.4481931121546973,0.38426170168649243,102.28041252879393,-0.22803048025000336,87.58378819120793,81.16894672643288
2038-12-01,Kabale,17455.652201526806,0.9086567073077686,19.0,0.0,1.0,0.0186623533181755,1.0000305189751728,2.000030518975173,-1.242,29.9856,-1.0,30.00000000000001,0.00527257454571543,0.0018186826875214628,-0.002827004413085132,287.3064930383671,1.0,0.00018844910837011866,292.6771024725538,293.2638222287531,293.2782205228525,293.335632283386,293.41695372778827,0.4116810305595968,0.41398988785263263,0.40603953645552293,0.42135319439242774,82894.421,292.10270624011974,-0.40249313830218686,0.3066459555746632,100.38929195359744,-0.17527059099512374,97.56894151474738,82.7166364943527
2039-01-01,Kabale,17455.652201526806,0.9086567073077686,19.0,0.0,1.0,0.0186623533181755,1.0000305189751728,2.000030518975173,-1.242,29.9856,-1.0,30.00000000000001,0.0047243320418235,0.0017504057063513013,-0.002862286652229071,287.2146724279635,1.0,0.00018411078387369035,292.69554784740313,293.2644147917967,293.26614771132887,293.29126455529786,293.356425420171,0.4089355641066538,0.4114512943534585,0.4065356038860539,0.42547150967575337,82894.421,292.1594320643574,-0.33783154400026555,0.2310093703060405,90.9111082943091,-0.14532456537511795,98.09962561661257,86.19153425707462
2039-02-01,Kabale,17455.652201526806,0.9086567073077686,19.0,0.0,1.0,0.0186623533181755,1.0000305189751728,2.000030518975173,-1.242,29.9856,-1.0,30.00000000000001,0.004173081920291933,0.0015360568732299153,-0.002897908028782151,287.05269404463024,1.0,0.0001713582616658348,292.91403887424923,293.4567004485211,293.4326227680574,293.38602955465245,293.33608576093684,0.40136188054366245,0.40287080036808404,0.3977793505165645,0.4257316944047216,82894.421,292.4017621106428,-0.30186859217757883,0.19182628786412667,83.8690480271391,-0.15549875671954494,91.92236445651974,90.21612295313128
2039-03-01,Kabale,17455.652201526806,0.9086567073077686,19.0,0.0,1.0,0.0186623533181755,1.0000305189751728,2.000030518975173,-1.242,29.9856,-1.0,30.00000000000001,0.004208350935631242,0.0013781043045311486,-0.002916442851097701,287.0681391303758,1.0,0.00016621484584998001,293.0905494902211,293.6290665519744,293.5997189757003,293.5299648744355,293.3847203583919,0.39853747376291565,0.3995365350856357,0.3904007323098555,0.42294563296092685,82894.421,292.5726390932896,-0.3299697971797227,0.23791876183013372,90.29802344036254,-0.2120596230743852,87.99011048277038,93.30237837583066
2039-04-01,Kabale,17455.652201526806,0.9086567073077686,19.0,0.0,1.0,0.0186623533181755,1.0000305189751728,2.000030518975173,-1.242,29.9856,-1.0,30.00000000000001,0.004746310735226124,0.0015326689011803112,-0.002905260345403554,287.2814969181748,1.0,0.00017642092889327257,293.1151789335334,293.667485683283,293.647472071315,293.6002013014025,293.4593018810681,0.401314464348499,0.4027649306154695,0.3924335827656882,0.42160019194192727,82894.421,292.57436254292674,-0.4326756714474819,0.37534278294962337,102.83849040257167,-0.30512134370641564,91.43226862108203,95.41925394705606
2039-05-01,Kabale,17455.652201526806,0.9086567073077686,19.0,0.0,1.0,0.0186623533181755,1.0000305189751728,2.000030518975173,-1.242,29.9856,-1.0,30.00000000000001,0.004980852796965343,0.0018037891260198734,-0.002885691597977505,287.45772995771966,1.0,0.00018212681044805893,292.959091355905,293.5255807494577,293.5286618609594,293.5440387170344,293.50284663951925,0.4053467744961223,0.4078175978136462,0.39948123923069706,0.4232830169762038,82894.421,292.4444900299695,-0.54125150336607,0.5487594947376727,107.68498214645514,-0.1910431283577013,99.43787672026785,96.23747285037318
2039-06-01,Kabale,17455.652201526806,0.9086567073077686,19.0,0.0,1.0,0.0186623533181755,1.0000305189751728,2.000030518975173,-1.242,29.9856,-1.0,30.00000000000001,0.004612031505490946,0.0018872896984813824,-0.0028132313276107855,287.1859481513703,1.0,0.0001685321614845554,292.8246555456802,293.37918349416617,293.39145111995657,293.43841762920647,293.48579712674865,0.39630458359678294,0.4002126295693551,0.3982655428158604,0.4253709581403306,82894.421,292.3991088267459,-0.5558881385494056,0.6405043594939857,91.37643861781235,-0.09704671106126404,100.82319287291172,94.76923485454506
2039-07-01,Kabale,17455.652201526806,0.9086567073077686,19.0,0.0,1.0,0.0186623533181755,1.0000305189751728,2.000030518975173,-1.242,29.9856,-1.0,30.00000000000001,0.0036690154079439697,0.0016038113567122632,-0.002695761638654331,286.4825780375618,1.0,0.0001406860489858692,292.8432379442806,293.3681962605781,293.3674362162779,293.3880575781241,293.43737916433975,0.3752881006851547,0.38118742068262584,0.38539522323693665,0.42455235453136053,82894.421,292.47591261094664,-0.5584526781947788,0.6672115497245006,70.00365456790557,-0.06602562700796939,90.76544142866759,91.42910013546259
2039-08-01,Kabale,17455.652201526806,0.9086567073077686,19.0,0.0,1.0,0.0186623533181755,1.0000305189751728,2.000030518975173,-1.242,29.9856,-1.0,30.00000000000001,0.0034125009090810996,0.0012613450731561388,-0.0025946574113695346,286.06163219220724,1.0,0.00012921631620826292,292.96950077964107,293.4772676007439,293.4613910526046,293.43920153230846,293.4145749671804,0.36371279083828184,0.3679705055498119,0.36920766348623285,0.4200369886933028,82894.421,292.5510434496137,-0.5179126762097411,0.6040322667534322,59.459426847637,-0.21381577495360124,74.0216263745432,87.43650045410156
2039-09-01,Kabale,17455.652201526806,0.9086567073077686,19.0,0.0,1.0,0.0186623533181755,1.0000305189751728,2.000030518975173,-1.242,29.9856,-1.0,30.00000000000001,0.0037376665347965206,0.0011358489871281668,-0.0026029588403641453,286.2165627033268,1.0,0.00013778651802086287,293.0582885402309,293.57686356344726,293.55504191162254,293.5106577741608,293.4298811730426,0.3707193306932112,0.37240858082928474,0.36538043218725597,0.41552047701872885,82894.421,292.52407041065544,-0.5234832661917791,0.5430202962462446,71.49993993249223,-0.23576691631038796,66.19354665284185,84.32405891033169
2039-10-01,Kabale,17455.652201526806,0.9086567073077686,19.0,0.0,1.0,0.0186623533181755,1.0000305189751728,2.000030518975173,-1.242,29.9856,-1.0,30.00000000000001,0.004714487992087375,0.0013363708912450187,-0.0026904000121528346,286.7902838702208,1.0,0.00015985433572555078,292.99204601330786,293.5454549821001,293.5414983371398,293.533763352,293.4643540535854,0.3917340118893926,0.39074485297164446,0.3754555853942057,0.41336803408198897,82894.421,292.3835804883868,-0.47899695100831363,0.45034327619336656,89.85293627996334,-0.21330703542314935,72.24374297703486,82.11154776803305
2039-11-01,Kabale,17455.652201526806,0.9086567073077686,19.0,0.0,1.0,0.0186623533181755,1.0000305189751728,2.000030518975173,-1.242,29.9856,-1.0,30.00000000000001,0.005277470329466569,0.001603370957287181,-0.002771407937271849,287.1960364720851,1.0,0.00017828612671707045,292.8045641832766,293.385952659741,293.4000616658382,293.44334905126357,293.46237061220955,0.40694375253764553,0.40765229762220917,0.3933374813880319,0.4158248167339331,82894.421,292.19806326855314,-0.44681407642696397,0.37826932595049584,102.48909717962637,-0.1936969494664699,87.24985175603017,81.2401829347299
2039-12-01,Kabale,17455.652201526806,0.9086567073077686,19.0,0.0,1.0,0.0186623533181755,1.0000305189751728,2.000030518975173,-1.242,29.9856,-1.0,30.00000000000001,0.005310862044571582,0.0018206070269624227,-0.002812374209180428,287.2937240356332,1.0,0.0001884087163794691,292.6776850001634,293.2627116759984,293.27731615570616,293.33350793234985,293.4138111182231,0.41199613482131386,0.4143178356297623,0.4064518147329132,0.42128010539380645,82894.421,292.10231581690323,-0.39169554434701603,0.2980682303671964,100.3478267835193,-0.20321320925302824,97.8142563457633,82.73129094846287
2040-01-01,Kabale,17455.652201526806,0.9086567073077686,19.0,0.0,1.0,0.0186623533181755,1.0000305189751728,2.000030518975173,-1.242,29.9856,-1.0,30.00000000000001,0.00474144609234408,0.0017558806974243967,-0.002846827019807725,287.22266656079313,1.0,0.00018417516909739173,292.7032200355329,293.27028102514436,293.2698980727941,293.2930879369296,293.3527716672174,0.4095363138933103,0.41215267513267223,0.4072914266447432,0.4257668333726113,82894.421,292.1657194356424,-0.33190392922784134,0.2261307052215614,90.83297400112413,-0.16450582378292933,98.55291982793888,86.19157117844888
2040-02-01,Kabale,17455.652201526806,0.9086567073077686,19.0,0.0,1.0,0.0186623533181755,1.0000305189751728,2.000030518975173,-1.242,29.9856,-1.0,30.00000000000001,0.004203400581073077,0.0015638935762261807,-0.0028809300790091624,287.0706041433504,1.0,0.00017139225691823788,292.9258515233533,293.4681512344239,293.44317987902235,293.39410212251056,293.3361177792148,0.40187267673936095,0.4035171352040569,0.398554680639498,0.4263231339428264,82894.421,292.4073147011705,-0.3013590424765831,0.1912303593959972,83.91276169616488,-0.16544772575097025,92.32142332715216,90.23186568991044
2040-03-01,Kabale,17455.652201526806,0.9086567073077686,19.0,0.0,1.0,0.0186623533181755,1.0000305189751728,2.000030518975173,-1.242,29.9856,-1.0,30.00000000000001,0.0042840096010047304,0.0013989409153996604,-0.0028999555109568437,287.1429409074126,1.0,0.00016651498383550608,293.12687378676895,293.6656820671155,293.6351121613657,293.5549486627654,293.38657455127304,0.40004978542797964,0.4007196005630243,0.39044382833401287,0.4235959192950605,82894.421,292.5978003600356,-0.3348920887976145,0.24675459043694947,90.46158176783736,-0.12270936810377477,89.11015010439685,93.32724722155005
2040-04-01,Kabale,17455.652201526806,0.9086567073077686,19.0,0.0,1.0,0.0186623533181755,1.0000305189751728,2.000030518975173,-1.242,29.9856,-1.0,30.00000000000001,0.004943704182311468,0.0015591320287544211,-0.0028926731858861555,287.40889457197187,1.0,0.00017772807198268068,293.1421348973317,293.6960265184521,293.6770747854628,293.6247133035295,293.46527630165116,0.4045006550479573,0.4054100046009415,0.3947068224747938,0.422329203855101,82894.421,292.58465470451966,-0.4376671994118038,0.3867643129213863,103.29773375981937,-0.1689598998021403,93.4161623569475,95.49225593716079
2040-05-01,Kabale,17455.652201526806,0.9086567073077686,19.0,0.0,1.0,0.0186623533181755,1.0000305189751728,2.000030518975173,-1.242,29.9856,-1.0,30.00000000000001,0.0051357785634385195,0.0018926234619706748,-0.0028780943581030397,287.533642587746,1.0,0.0001828112587570817,292.988889689495,293.55423693532487,293.5554524546644,293.5671081447158,293.50938475460566,0.4071761160365877,0.4094031245235786,0.40218998519705934,0.4245400921921643,82894.421,292.46921134698346,-0.5352389018465001,0.5437961357565205,107.29523744064768,-0.28050667055800166,101.00179241259252,96.22527072621001
2040-06-01,Kabale,17455.652201526806,0.9086567073077686,19.0,0.0,1.0,0.0186623533181755,1.0000305189751728,2.000030518975173,-1.242,29.9856,-1.0,30.00000000000001,0.004412980128514662,0.0018709764467970949,-0.0027853548773099073,287.09001312463533,1.0,0.00016609047040982145,292.82199399012546,293.37481520627324,293.3892792115191,293.44376697701955,293.49429855219506,0.3922005713717696,0.39806830670950744,0.39862662845359376,0.42608628222491846,82894.421,292.3982348172999,-0.600740169121397,0.6654738214427225,90.75588377678234,-0.335951328740916,100.06030298963748,94.70911452066257
2040-07-01,Kabale,17455.652201526806,0.9086567073077686,19.0,0.0,1.0,0.0186623533181755,1.0000305189751728,2.000030518975173,-1.242,29.9856,-1.0,30.00000000000001,0.0034802329940915137,0.0015758559337512442,-0.00267074321996461,286.38632262947425,1.0,0.00013954581054118095,292.8375345922475,293.3595191698536,293.3621637161256,293.3884340492741,293.4432927899591,0.37176908379408125,0.3774107093244119,0.3820879690412913,0.4246231895892492,82894.421,292.46461555098864,-0.569863606324641,0.6690587825997639,69.58283970689267,-0.26785221620369787,87.87501806749894,91.34210270122252
2040-08-01,Kabale,17455.652201526806,0.9086567073077686,19.0,0.0,1.0,0.0186623533181755,1.0000305189751728,2.000030518975173,-1.242,29.9856,-1.0,30.00000000000001,0.0033112957507002785,0.0011647356962847537,-0.0025758367485090206,286.05032727414977,1.0,0.00012983373023586122,292.9396463603957,293.4472851651385,293.43668205050926,293.42425428904437,293.4141197671554,0.36480632468372215,0.36793670217500324,0.36599221066019977,0.4191306546129041,82894.421,292.523040775918,-0.5225151657058212,0.6036783514862971,59.96318618521601,-0.10317996415133558,72.67692405306607,87.60315445224614
2040-09-01,Kabale,17455.652201526806,0.9086567073077686,19.0,0.0,1.0,0.0186623533181755,1.0000305189751728,2.000030518975173,-1.242,29.9856,-1.0,30.00000000000001,0.004030612087056899,0.001166295530173879,-0.0026002112506084605,286.3014513066989,1.0,0.00014088933946323167,293.0532891597268,293.5700352066264,293.54801380617187,293.5024725173093,293.42352402221604,0.3756325684219231,0.3753021978852882,0.36641297298972847,0.4147472582837605,82894.421,292.5142137512696,-0.46888815543557505,0.5046201960046319,71.65239147349412,-0.1408666452703888,67.47474455935189,84.46335424390247
2040-10-01,Kabale,17455.652201526806,0.9086567073077686,19.0,0.0,1.0,0.0186623533181755,1.0000305189751728,2.000030518975173,-1.242,29.9856,-1.0,30.00000000000001,0.004799926474271305,0.0013530096943902992,-0.0026823010203175044,286.83202824344363,1.0,0.00016024875101908794,293.0150766582761,293.5615805896228,293.55102334252103,293.53517469215984,293.45695689394694,0.39401139845340527,0.3937161809186696,0.3788604969438573,0.4138150094097031,82894.421,292.4129526690625,-0.46738366689700667,0.43973150736142025,89.49437395210794,-0.1996601979205396,74.85995417481355,82.09607440934128
2040-11-01,Kabale,17455.652201526806,0.9086567073077686,19.0,0.0,1.0,0.0186623533181755,1.0000305189751728,2.000030518975173,-1.242,29.9856,-1.0,30.00000000000001,0.005342502701789407,0.0016839587270554596,-0.0027486617952114253,287.19668124086473,1.0,0.00017785435824549563,292.84255040118984,293.41717759191465,293.42541844412267,293.4601332881858,293.4639317978924,0.4059203270675756,0.4078294233817709,0.396659891722328,0.41717165426183406,82894.421,292.2211493361143,-0.44583260322316515,0.3810331949806925,102.24272988278743,-0.20598375863283067,88.369324706956,81.14833266387599
2040-12-01,Kabale,17455.652201526806,0.9086567073077686,19.0,0.0,1.0,0.0186623533181755,1.0000305189751728,2.000030518975173,-1.242,29.9856,-1.0,30.00000000000001,0.005179476805244255,0.0018226605522682897,-0.002788502450861206,287.31660294905186,1.0,0.00018854984800613408,292.6843531019144,293.2679447483909,293.2831453427828,293.34567711311405,293.4225200086741,0.41168512309250094,0.4141733776688901,0.40588856373127763,0.4224000829413998,82894.421,292.1032571432007,-0.4199182535463822,0.3093203973393534,100.5063452504556,-0.22265158081261224,97.12451150585134,82.8021668626636
2041-01-01,Kabale,17455.652201526806,0.9086567073077686,19.0,0.0,1.0,0.0186623533181755,1.0000305189751728,2.000030518975173,-1.242,29.9856,-1.0,30.00000000000001,0.004660363077415293,0.0017545071230706938,-0.0028244046582718407,287.18018049121616,1.0,0.00018420114471474992,292.6842418207113,293.25500284560627,293.2580368391832,293.29427369582834,293.36133713937136,0.408585746030577,0.4109269341386996,0.4055195161583393,0.42576954633215136,82894.421,292.1471424482711,-0.34719596305749295,0.22878034190750687,91.14332029260406,-0.23836567242409737,97.12848463730704,86.40752523417996
2041-02-01,Kabale,17455.652201526806,0.9086567073077686,19.0,0.0,1.0,0.0186623533181755,1.0000305189751728,2.000030518975173,-1.242,29.9856,-1.0,30.00000000000001,0.004074274141073007,0.0014951449681181548,-0.0028613960605494925,287.0033723683493,1.0,0.00017141660325407977,292.8950123149407,293.43911624019455,293.4145347133955,293.3751419697139,293.3339257843514,0.40112141573762833,0.4024917981510768,0.39641831372729763,0.425427348421414,82894.421,292.39274258401565,-0.3016229016409248,0.18296073745458075,83.89185474082038,-0.29877658250724215,91.13586328176923,90.40760633173448
2041-03-01,Kabale,17455.652201526806,0.9086567073077686,19.0,0.0,1.0,0.0186623533181755,1.0000305189751728,2.000030518975173,-1.242,29.9856,-1.0,30.00000000000001,0.004223978604806044,0.0013747784237155272,-0.002883934233760032,287.0584457932492,1.0,0.00016640327890294097,293.0984465222291,293.63667274691585,293.60348828620533,293.52862975516285,293.3809560325055,0.3991893540141804,0.40002907305005203,0.39038825699677915,0.4230457964769054,82894.421,292.584410513415,-0.3157374267598731,0.22893315443988924,90.43579196683127,-0.22057414675929296,88.25331186387716,93.39926434538705
2041-04-01,Kabale,17455.652201526806,0.9086567073077686,19.0,0.0,1.0,0.0186623533181755,1.0000305189751728,2.000030518975173,-1.242,29.9856,-1.0,30.00000000000001,0.0048646667830220015,0.0015474246112267443,-0.0028737004646945882,287.3437992735164,1.0,0.0001775414291051403,293.1236295666775,293.6761738200372,293.6545096481221,293.603029271113,293.4593341836907,0.4038858201291551,0.4051013433005681,0.39415967141674807,0.4220271378529476,82894.421,292.5800561411541,-0.41967084713520664,0.36871770038200374,103.05353720001521,-0.3017735713357155,92.70551281380419,95.49638976829713
2041-05-01,Kabale,17455.652201526806,0.9086567073077686,19.0,0.0,1.0,0.0186623533181755,1.0000305189751728,2.000030518975173,-1.242,29.9856,-1.0,30.00000000000001,0.005086339428539138,0.001865901257984836,-0.0028580521068184844,287.5038375442609,1.0,0.00018266205904936926,292.9821199623686,293.5478552659192,293.54845938475756,293.55977609539724,293.50826264479235,0.4068223682405258,0.4093521529255712,0.40146056043548856,0.42434416568933225,82894.421,292.4623217652355,-0.5356793255907233,0.5417076183587111,107.42380940661815,-0.30823635038665237,100.50599731385967,96.20024093894652
2041-06-01,Kabale,17455.652201526806,0.9086567073077686,19.0,0.0,1.0,0.0186623533181755,1.0000305189751728,2.000030518975173,-1.242,29.9856,-1.0,30.00000000000001,0.004472182994144952,0.0018795152822400011,-0.0027712753222638963,287.115760303004,1.0,0.00016700644532016034,292.8257784584984,293.3792004931615,293.39144740699993,293.44432642463175,293.4926818577476,0.39379602825850996,0.3993335559454938,0.3986697076742376,0.4260806749740304,82894.421,292.39759169727455,-0.584015865604445,0.6531638614325607,90.91058163775568,-0.3174311115688604,100.29612022573235,94.71294906594694
2041-07-01,Kabale,17455.652201526806,0.9086567073077686,19.0,0.0,1.0,0.0186623533181755,1.0000305189751728,2.000030518975173,-1.242,29.9856,-1.0,30.00000000000001,0.003534882948280215,0.00158942564264559,-0.002663517114209661,286.4129231362111,1.0,0.0001402224217795815,292.8435633484333,293.3652373632577,293.3657078041618,293.3903451239859,293.44133353041224,0.373067439624551,0.3791528050637302,0.3833545263851068,0.42486189374365363,82894.421,292.46728602103013,-0.5637966430721169,0.6644028291603394,69.66250392317858,-0.1798377375954565,88.79840210197791,91.3774642049528
2041-08-01,Kabale,17455.652201526806,0.9086567073077686,19.0,0.0,1.0,0.0186623533181755,1.0000305189751728,2.000030518975173,-1.242,29.9856,-1.0,30.00000000000001,0.003335558835580335,0.0012002613811509086,-0.0025701876098324456,286.050701115379,1.0,0.00012999227610803902,292.9521245032378,293.46047077015345,293.4471360643691,293.4316029469032,293.41390636502365,0.36469159950116303,0.3683706966347596,0.3672507096039273,0.4197415834959057,82894.421,292.532506150561,-0.5188469823065817,0.5999021167358548,59.70183968961154,-0.16993095407184877,73.07356174064779,87.53064422821865
2041-09-01,Kabale,17455.652201526806,0.9086567073077686,19.0,0.0,1.0,0.0186623533181755,1.0000305189751728,2.000030518975173,-1.242,29.9856,-1.0,30.00000000000001,0.003922312631466027,0.001159374454391267,-0.0025892569731224163,286.2708730419742,1.0,0.0001402045457294018,293.057518625912,293.57539413336366,293.55284421706887,293.5063570754661,293.42469102883297,0.37428930509121366,0.374630938323769,0.366299968600295,0.4152680019679869,82894.421,292.5189637710318,-0.4857604972002186,0.5134732876961713,71.47410737300633,-0.19479099147358533,67.03469387734371,84.39366818817149
2041-10-01,Kabale,17455.652201526806,0.9086567073077686,19.0,0.0,1.0,0.0186623533181755,1.0000305189751728,2.000030518975173,-1.242,29.9856,-1.0,30.00000000000001,0.004757839547043099,0.0013506245749021694,-0.0026655734830036333,286.81605417639565,1.0,0.00016036014414854663,293.0097058479971,293.5573774490678,293.5496449796392,293.53584480411445,293.45914168100893,0.3935662159452917,0.39303718155545403,0.3778994448456576,0.41396359951541806,82894.421,292.40431095804615,-0.47081248196499503,0.4391315535548825,89.48876232613584,-0.263173210238885,73.95786465357283,82.08720275897792
2041-11-01,Kabale,17455.652201526806,0.9086567073077686,19.0,0.0,1.0,0.0186623533181755,1.0000305189751728,2.000030518975173,-1.242,29.9856,-1.0,30.00000000000001,0.005305162056426762,0.001660810968786238,-0.002732157406013991,287.1931985017955,1.0,0.00017824235815127383,292.8327854457699,293.40779036811006,293.4185877801561,293.45603058321956,293.4640670273996,0.40656901943419355,0.4081054169406378,0.3957529635025385,0.4169583164473207,82894.421,292.21479177322817,-0.4458753671345093,0.3761059463835195,102.3215579207606,-0.1904880827325607,87.9450109237539,81.2213194777821
2041-12-01,Kabale,17455.652201526806,0.9086567073077686,19.0,0.0,1.0,0.0186623533181755,1.0000305189751728,2.000030518975173,-1.242,29.9856,-1.0,30.00000000000001,0.005211371321970667,0.0018236692808801178,-0.002772874793637922,287.30626968253097,1.0,0.00018864520027315706,292.68563729820374,293.26765682851016,293.28249792432206,293.3437005673073,293.4204812183664,0.41209838549450833,0.41459267432374713,0.4062771774559603,0.422263663873826,82894.421,292.10369823891773,-0.40937430233617594,0.30242225202205836,100.51822917791752,-0.15734989204514588,97.2615357115448,82.80961084662984
2042-01-01,Kabale,17455.652201526806,0.9086567073077686,19.0,0.0,1.0,0.0186623533181755,1.0000305189751728,2.000030518975173,-1.242,29.9856,-1.0,30.00000000000001,0.00467392809645741,0.0017556143842388456,-0.002807968688401825,287.19261351520595,1.0,0.00018443535888587755,292.69398160625366,293.2617398611837,293.26299415392276,293.2956047976653,293.35917210485485,0.4092245822205119,0.4116573958251153,0.40630621050601184,0.42600467230877054,82894.421,292.15618916826156,-0.3399849198351532,0.22503535629042604,91.09687305632548,-0.15869121574691533,97.52365181068451,86.32574565600987
2042-02-01,Kabale,17455.652201526806,0.9086567073077686,19.0,0.0,1.0,0.0186623533181755,1.0000305189751728,2.000030518975173,-1.242,29.9856,-1.0,30.00000000000001,0.004107333194148689,0.001517335591286629,-0.002844979213169023,287.0261733815648,1.0,0.0001717075925339759,292.90906739873174,293.44966995588396,293.4248307808652,293.38333944467803,293.33424354872255,0.40169627040928363,0.40314226873758835,0.3972578408293354,0.4259934088926925,82894.421,292.3998627485578,-0.29916609076868467,0.1825963594948934,83.82583459594899,-0.20188267155659734,91.45743443939621,90.33363954342649
2042-03-01,Kabale,17455.652201526806,0.9086567073077686,19.0,0.0,1.0,0.0186623533181755,1.0000305189751728,2.000030518975173,-1.242,29.9856,-1.0,30.00000000000001,0.004201569365744632,0.001378797477435548,-0.002865925176089433,287.06412635424675,1.0,0.00016678626187132482,293.0980944260247,293.63555617649695,293.6053437880792,293.53224285832886,293.3830702787141,0.39933453572180017,0.40026735043306827,0.39062269608938527,0.4234197495241088,82894.421,292.5819225323999,-0.32043097027342854,0.22791866431880248,90.32370745964336,-0.2886548635576143,88.0505262841394,93.36837003689259
2042-04-01,Kabale,17455.652201526806,0.9086567073077686,19.0,0.0,1.0,0.0186623533181755,1.0000305189751728,2.000030518975173,-1.242,29.9856,-1.0,30.00000000000001,0.004796771888511013,0.0015414383086599047,-0.002855333515348815,287.3122583860384,1.0,0.00017744621416015865,293.1233112951432,293.67426033614476,293.65448558168697,293.6050574611891,293.46035341251803,0.40299692867090714,0.40438776041460417,0.39359686395741805,0.42226668763861747,82894.421,292.57947299298615,-0.42454532182739224,0.366543517222148,102.85320185615147,-0.2862974710029734,92.00007688101273,95.50412772936433
2042-05-01,Kabale,17455.652201526806,0.9086567073077686,19.0,0.0,1.0,0.0186623533181755,1.0000305189751728,2.000030518975173,-1.242,29.9856,-1.0,30.00000000000001,0.005022640259226251,0.0018371751462066199,-0.002837553017531968,287.4775751206112,1.0,0.00018288225777254698,292.97487184521356,293.5394219518104,293.5414807422008,293.5562549855784,293.50740139896874,0.4065243987613359,0.4089848487656169,0.40071398830794935,0.4242268954538506,82894.421,292.4544006369388,-0.5367281019174357,0.5399732540300209,107.52899405769229,-0.24755058560695178,99.9300790695122,96.27287947143897
2042-06-01,Kabale,17455.652201526806,0.9086567073077686,19.0,0.0,1.0,0.0186623533181755,1.0000305189751728,2.000030518975173,-1.242,29.9856,-1.0,30.00000000000001,0.0045302963570453105,0.0018840248348484022,-0.0027575965931059417,287.14790250384203,1.0,0.00016828934976646922,292.82894069136006,293.3814854473388,293.39284764673283,293.44548627163,293.4914892863965,0.3955459101246394,0.4001305492342278,0.3986414853746158,0.42612590301152425,82894.421,292.3988160262538,-0.5683198389221603,0.641774164680311,91.09401340646325,-0.11611721741644719,100.53271695778056,94.83074212736483
2042-07-01,Kabale,17455.652201526806,0.9086567073077686,19.0,0.0,1.0,0.0186623533181755,1.0000305189751728,2.000030518975173,-1.242,29.9856,-1.0,30.00000000000001,0.003595673068116616,0.0015968080859319756,-0.0026567778492014387,286.44731759114666,1.0,0.0001409414462022697,292.84669017140624,293.36908693044444,293.36846771172094,293.39381304254096,293.4412148573446,0.3747270315534743,0.3805041350754162,0.38463115778055107,0.42508098685165274,82894.421,292.47204514814774,-0.5590939321163223,0.6605904468915016,69.82078121445791,-0.14601562663504133,89.81625408173291,91.4975314190807
2042-08-01,Kabale,17455.652201526806,0.9086567073077686,19.0,0.0,1.0,0.0186623533181755,1.0000305189751728,2.000030518975173,-1.242,29.9856,-1.0,30.00000000000001,0.0033727912413766513,0.0012339321641074504,-0.00257096389924073,286.05496241906764,1.0,0.00013013716254375797,292.9640552105736,293.47068697503295,293.45684348674945,293.43967701308367,293.415711395892,0.3647120801949901,0.3684907177084138,0.3686002900728276,0.420292145679306,82894.421,292.5431706391805,-0.516460818122562,0.5967679975116537,59.5997747548416,-0.17954754581048604,73.63555903599354,87.58427041211583
2042-09-01,Kabale,17455.652201526806,0.9086567073077686,19.0,0.0,1.0,0.0186623533181755,1.0000305189751728,2.000030518975173,-1.242,29.9856,-1.0,30.00000000000001,0.0038335418577640757,0.0011529950216914483,-0.002584758109175677,286.24120137658724,1.0,0.00013938253241404258,293.0621211842958,293.57612590444154,293.557521974582,293.51299448178725,293.4281209424689,0.372949967782169,0.37383511027630467,0.36624882431955835,0.41579832438376085,82894.421,292.5239171144204,-0.5022625883903249,0.5231848906173967,71.53218290354447,-0.2891074819534604,66.7309764816756,84.41976587648968
2042-10-01,Kabale,17455.652201526806,0.9086567073077686,19.0,0.0,1.0,0.0186623533181755,1.0000305189751728,2.000030518975173,-1.242,29.9856,-1.0,30.00000000000001,0.004734648546320286,0.0013502157867878088,-0.0026548857863036303,286.7999026665963,1.0,0.00016045292240966864,293.00568260028143,293.55316462139217,293.5493619930161,293.53826139549375,293.4622954465105,0.3931127461666854,0.39230321522580464,0.37702839007972083,0.4140649440053304,82894.421,292.3956395916868,-0.47245833482419236,0.44012213903748926,89.78419734256636,-0.2321764049233935,73.16439478803655,82.1408721901084
2042-11-01,Kabale,17455.652201526806,0.9086567073077686,19.0,0.0,1.0,0.0186623533181755,1.0000305189751728,2.000030518975173,-1.242,29.9856,-1.0,30.00000000000001,0.005289048844939939,0.0016355216377154386,-0.002717515114262214,287.19215999380543,1.0,0.00017862703658088055,292.8225469668509,293.39834430749835,293.41234208874613,293.45257533969,293.4633728536965,0.4071646915937095,0.40831848610312416,0.39486269788731726,0.41681341955842305,82894.421,292.2074194720057,-0.4432916040555166,0.37214833080502735,102.44783211514876,-0.251094154226574,87.62474361144068,81.23835057616657
2042-12-01,Kabale,17455.652201526806,0.9086567073077686,19.0,0.0,1.0,0.0186623533181755,1.0000305189751728,2.000030518975173,-1.242,29.9856,-1.0,30.00000000000001,0.0052530448026005165,0.0018249585618608753,-0.0027584874345154067,287.29908934279837,1.0,0.0001890513603892928,292.68462737120126,293.26909236325577,293.28401116536867,293.3414215418631,293.4171558145543,0.41241240350570285,0.41489360438057266,0.4066911616385617,0.42219733888258393,82894.421,292.1036716867168,-0.39717449687213363,0.2945304471974393,100.38605677582346,-0.18887613484666166,97.51079366480853,82.77793872640126
2043-01-01,Kabale,17455.652201526806,0.9086567073077686,19.0,0.0,1.0,0.0186623533181755,1.0000305189751728,2.000030518975173,-1.242,29.9856,-1.0,30.00000000000001,0.004695445297159248,0.0017599877259217528,-0.0027938394878064174,287.20647400642923,1.0,0.00018469665621890564,292.7015770108954,293.26869462489736,293.27049421317514,293.2967838663203,293.3571867490636,0.4097206708582262,0.41223875953504124,0.40708236184244173,0.4263544800340764,82894.421,292.1624917762121,-0.33250028676785787,0.21927101439510188,90.88038777012567,-0.2659357198753552,98.01186312677329,86.2539921138536
2043-02-01,Kabale,17455.652201526806,0.9086567073077686,19.0,0.0,1.0,0.0186623533181755,1.0000305189751728,2.000030518975173,-1.242,29.9856,-1.0,30.00000000000001,0.0041454930577633844,0.0015449869786651335,-0.002828902166135867,287.0485587925218,1.0,0.000171894717200668,292.92129169023764,293.46219744880614,293.43705610380937,293.3911655543934,293.3375938388793,0.40220651022526605,0.40369970662878735,0.398285002028933,0.4266251349873422,82894.421,292.40701813272176,-0.2973201637008802,0.18026680670752734,83.93304791125472,-0.23292530207837517,91.8759924597512,90.30214641378306
2043-03-01,Kabale,17455.652201526806,0.9086567073077686,19.0,0.0,1.0,0.0186623533181755,1.0000305189751728,2.000030518975173,-1.242,29.9856,-1.0,30.00000000000001,0.004185393459027018,0.0013906864633220584,-0.0028475724673166485,287.0634524877039,1.0,0.00016673260906672753,293.0990606324592,293.6335768939418,293.6041500331467,293.5346328888506,293.38761554118065,0.39943045633523866,0.40042729073183275,0.39086079245665273,0.42379666240345415,82894.421,292.5777660129346,-0.3263375701570473,0.2262566468041484,90.50537824308124,-0.2975066824704022,87.94509214401675,93.39673700661774
2043-04-01,Kabale,17455.652201526806,0.9086567073077686,19.0,0.0,1.0,0.0186623533181755,1.0000305189751728,2.000030518975173,-1.242,29.9856,-1.0,30.00000000000001,0.004733127382155723,0.0015435856380285296,-0.0028360455617817506,287.278410706406,1.0,0.00017696305071268227,293.12194007468867,293.6720519290921,293.6518977889401,293.6052577769802,293.46227586649707,0.4022234440988164,0.4036202314058564,0.3928678158414951,0.42241043309707277,82894.421,292.578439522308,-0.4282187999619012,0.3640135290398157,102.84986695108955,-0.29084827144589026,91.38471767540454,95.51895300044687
2043-05-01,Kabale,17455.652201526806,0.9086567073077686,19.0,0.0,1.0,0.0186623533181755,1.0000305189751728,2.000030518975173,-1.242,29.9856,-1.0,30.00000000000001,0.00496273201727358,0.0018151128024658549,-0.002816168821433028,287.45201943586534,1.0,0.00018281724150700295,292.9651878956548,293.5293349062336,293.5323281156081,293.55003432003787,293.5059945357231,0.40624745180151317,0.4084164785853264,0.39984474802861314,0.4240662181624106,82894.421,292.44710622596364,-0.5362274019744945,0.5372511117257349,107.6661615751761,-0.2548377469646574,99.35023285582554,96.31328162106463
2043-06-01,Kabale,17455.652201526806,0.9086567073077686,19.0,0.0,1.0,0.0186623533181755,1.0000305189751728,2.000030518975173,-1.242,29.9856,-1.0,30.00000000000001,0.004587202497651085,0.0018937578929326905,-0.00274289424030259,287.1823325144803,1.0,0.0001692845574243155,292.82939562677785,293.38407680923666,293.39411214559794,293.44384780533466,293.48892071619804,0.3972343114740844,0.40082015710970764,0.39872456778028265,0.4261541042571276,82894.421,292.40246338446997,-0.5491128497194587,0.6291712824052609,91.27071616109014,-0.12023498867249527,100.72464935526828,94.82915168273807
2043-07-01,Kabale,17455.652201526806,0.9086567073077686,19.0,0.0,1.0,0.0186623533181755,1.0000305189751728,2.000030518975173,-1.242,29.9856,-1.0,30.00000000000001,0.0036459488046428692,0.0016116099550947264,-0.0026489414154185244,286.4778585751099,1.0,0.0001415669148015778,292.8506523991055,293.3723179802055,293.37082994486576,293.39254775625335,293.43991676782366,0.37624228964960027,0.38175960720918806,0.3859637532924756,0.4253220213328572,82894.421,292.47903420759695,-0.5525008032243929,0.655236885666962,69.94574704415568,-0.13954304839005707,90.67579097405435,91.50234853518369
2043-08-01,Kabale,17455.652201526806,0.9086567073077686,19.0,0.0,1.0,0.0186623533181755,1.0000305189751728,2.000030518975173,-1.242,29.9856,-1.0,30.00000000000001,0.003393959026030986,0.0012709766815731589,-0.002571126149479214,286.056770920839,1.0,0.0001300762057998326,292.9765797237782,293.481146283747,293.46504627945905,293.44396919849663,293.41584954401384,0.3647330789652726,0.3686574309508411,0.3697737131802685,0.42084634531702214,82894.421,292.5536315621835,-0.5122649797707973,0.5925180909056956,59.30207087526147,-0.20312726858454944,73.94224104784207,87.50048561864647
2043-09-01,Kabale,17455.652201526806,0.9086567073077686,19.0,0.0,1.0,0.0186623533181755,1.0000305189751728,2.000030518975173,-1.242,29.9856,-1.0,30.00000000000001,0.0037229684422123398,0.0011469675705640101,-0.0025797261543412994,286.2151789484262,1.0,0.00013859207702577672,293.0652214657187,293.57939586775586,293.55836378161615,293.51626966747864,293.43100167713783,0.3717363547130444,0.37308720714524607,0.36591347779977373,0.4163345561096598,82894.421,292.5259306136045,-0.51888827503694,0.5309377631511968,71.29823155673922,-0.29424026107775675,66.15148039172739,84.37574835586507
2043-10-01,Kabale,17455.652201526806,0.9086567073077686,19.0,0.0,1.0,0.0186623533181755,1.0000305189751728,2.000030518975173,-1.242,29.9856,-1.0,30.00000000000001,0.004695588603912418,0.0013505779143941357,-0.0026437090635555004,286.7889207810195,1.0,0.00016054178418299062,292.99978220466755,293.5483447628007,293.543328968191,293.54055032878335,293.4652205566631,0.3927214744716366,0.3916566626037961,0.37599423707649365,0.41421852768187123,82894.421,292.38598063714016,-0.4741301823307836,0.4384598270816067,89.78866973507475,-0.20511145696194447,72.17307213947818,82.15731053380325
2043-11-01,Kabale,17455.652201526806,0.9086567073077686,19.0,0.0,1.0,0.0186623533181755,1.0000305189751728,2.000030518975173,-1.242,29.9856,-1.0,30.00000000000001,0.005255326719081618,0.0016158219003604014,-0.002701117572060136,287.19556970586933,1.0,0.00017897742086045413,292.81295500832437,293.3896772111489,293.4012868541967,293.4497935346172,293.4637629859836,0.4079005661093657,0.4085606879251456,0.39392737062835487,0.41667491310613053,82894.421,292.20245745428707,-0.4414827372390688,0.3654943920556277,102.56497460917483,-0.28479282107386455,87.19760220773442,81.27389382819673
2043-12-01,Kabale,17455.652201526806,0.9086567073077686,19.0,0.0,1.0,0.0186623533181755,1.0000305189751728,2.000030518975173,-1.242,29.9856,-1.0,30.00000000000001,0.00528770273867564,0.0018322835719104882,-0.002741917442734181,287.2902829414017,1.0,0.0001892029889461437,292.6868228811578,293.2678097109827,293.2800007885116,293.3402126489638,293.4147946957141,0.4129197214311664,0.41524809073094887,0.4069740122474564,0.42212084874318273,82894.421,292.107515869644,-0.3857901115806994,0.28635512685452164,100.43016174464913,-0.26382874856307187,97.81479159045436,82.79388201856415
2044-01-01,Kabale,17455.652201526806,0.9086567073077686,19.0,0.0,1.0,0.0186623533181755,1.0000305189751728,2.000030518975173,-1.242,29.9856,-1.0,30.00000000000001,0.004714405190427542,0.0017665788031277572,-0.002776403475867714,287.22133893792494,1.0,0.0001848870108666462,292.7111092638191,293.27526509631434,293.27383821756956,293.29903063740204,293.3545951386321,0.41050339068491065,0.4129049210641604,0.4079338507576448,0.4266190550384244,82894.421,292.17159575425853,-0.3256440648575257,0.2146458564037573,90.87588381087646,-0.1922135165843972,98.65668808991784,86.21612434579207
2044-02-01,Kabale,17455.652201526806,0.9086567073077686,19.0,0.0,1.0,0.0186623533181755,1.0000305189751728,2.000030518975173,-1.242,29.9856,-1.0,30.00000000000001,0.004183651031390405,0.0015737230786109187,-0.0028105025684117897,287.0697545327271,1.0,0.00017217822793090325,292.9335048777394,293.47225094248444,293.4469043027149,293.3996438620572,293.33817558291804,0.4029089844551838,0.4043067335629312,0.39922366641938484,0.42712346081724434,82894.421,292.413230475508,-0.2954295001300258,0.18050842039757398,83.9509653650594,-0.10056697242743877,92.33804159633162,90.30200519000884
2044-03-01,Kabale,17455.652201526806,0.9086567073077686,19.0,0.0,1.0,0.0186623533181755,1.0000305189751728,2.000030518975173,-1.242,29.9856,-1.0,30.00000000000001,0.00426650339333226,0.00141134034392419,-0.002829587441293671,287.1431630243477,1.0,0.00016724928133740344,293.13414449552215,293.6688789369495,293.6369733841553,293.5596485347422,293.38835993055153,0.40112523602178646,0.4015655883228051,0.3911269754074594,0.42444609448138165,82894.421,292.6039426581044,-0.32960120636673,0.23542916014378454,90.63474660582027,-0.09132571681814054,89.08213392282461,93.39095302322467
2044-04-01,Kabale,17455.652201526806,0.9086567073077686,19.0,0.0,1.0,0.0186623533181755,1.0000305189751728,2.000030518975173,-1.242,29.9856,-1.0,30.00000000000001,0.004928816073215745,0.0015689011032042203,-0.0028220267439522384,287.40638636658895,1.0,0.00017869443150444943,293.14936379480156,293.6996999755752,293.6786851827462,293.6299193162419,293.46638979111646,0.4055924611376172,0.4063224313937231,0.39526858056527797,0.42315683473295307,82894.421,292.5912507018429,-0.4325273710984461,0.3752491100806614,103.30416769431129,-0.16265178000514796,93.23667069130067,95.56047598734081
2044-05-01,Kabale,17455.652201526806,0.9086567073077686,19.0,0.0,1.0,0.0186623533181755,1.0000305189751728,2.000030518975173,-1.242,29.9856,-1.0,30.00000000000001,0.005118190290648455,0.0019059504256467728,-0.0028091617895476474,287.52694855158904,1.0,0.00018371141094803353,292.99738057067407,293.55784929022144,293.55804830374046,293.5708092672408,293.5101295765903,0.40821806230790897,0.4103319919734949,0.40267871827400153,0.42539092461868,82894.421,292.47503214725117,-0.5295441668135034,0.5320402713275253,107.26122413009678,-0.2864212651099611,100.86954895256365,96.23349238623034
2044-06-01,Kabale,17455.652201526806,0.9086567073077686,19.0,0.0,1.0,0.0186623533181755,1.0000305189751728,2.000030518975173,-1.242,29.9856,-1.0,30.00000000000001,0.004388038522083216,0.0018829544657113617,-0.002716496703317143,287.0810199483099,1.0,0.00016694813883854647,292.8310775543741,293.37864764470186,293.3915527083346,293.44853972688395,293.49524723896553,0.3931871448377933,0.3989283636264697,0.39909504468474427,0.4269403833309249,82894.421,292.40192398229175,-0.5948537911022224,0.6541578340484119,90.63886588145279,-0.2931963990455926,99.94956765143037,94.7160843384414
2044-07-01,Kabale,17455.652201526806,0.9086567073077686,19.0,0.0,1.0,0.0186623533181755,1.0000305189751728,2.000030518975173,-1.242,29.9856,-1.0,30.00000000000001,0.0034568190458476376,0.0015868712850647876,-0.00262558845831084,286.3784862741675,1.0,0.00014033138555208838,292.84708272644684,293.36426233172335,293.36485408721506,293.3939546481242,293.444844191368,0.3726855719823101,0.37832118840735945,0.38257594221429675,0.42547275658836803,82894.421,292.4671537044544,-0.564034908110537,0.6573114356170565,69.59936350554999,-0.2571732739456707,87.83732186990228,91.37555959435787
2044-08-01,Kabale,17455.652201526806,0.9086567073077686,19.0,0.0,1.0,0.0186623533181755,1.0000305189751728,2.000030518975173,-1.242,29.9856,-1.0,30.00000000000001,0.003283440315317335,0.0011721002163096537,-0.00254694581166672,286.04515847904395,1.0,0.00013068955892232633,292.9470624453507,293.45263403442243,293.4393117470514,293.42947098418364,293.4154963249942,0.3656929331429886,0.3689011120424816,0.3665207416644875,0.4200049912811918,82894.421,292.5259476559229,-0.5170212429413331,0.5921193055572708,60.02856441244884,-0.1460171094311705,72.6035170738137,87.61382285762397
2044-09-01,Kabale,17455.652201526806,0.9086567073077686,19.0,0.0,1.0,0.0186623533181755,1.0000305189751728,2.000030518975173,-1.242,29.9856,-1.0,30.00000000000001,0.004009051226761245,0.0011749072362164704,-0.0025712679945430975,286.29527779746684,1.0,0.00014181507694147787,293.05964027051874,293.5753950400143,293.5527234940081,293.5066971247532,293.4243616548522,0.376457119411046,0.3762823088020219,0.3668854643316683,0.4155782312707898,82894.421,292.5194245905325,-0.4634472865245935,0.49231953638757764,71.63360618238704,-0.183908514693777,67.37404739466459,84.4433821591809
2044-10-01,Kabale,17455.652201526806,0.9086567073077686,19.0,0.0,1.0,0.0186623533181755,1.0000305189751728,2.000030518975173,-1.242,29.9856,-1.0,30.00000000000001,0.0047792548121265285,0.001363748391204545,-0.0026295343950382827,286.82691639295876,1.0,0.00016113192298189955,293.0197855919608,293.56493495163767,293.5561095282016,293.53961399568135,293.45707600302404,0.39490755439555486,0.3945196263724024,0.3792179495600827,0.4146571641982664,82894.421,292.41737106675254,-0.46152503651507765,0.4280861582903231,89.5232763104451,-0.263603663535187,74.7039913918095,82.03051427907333
2044-11-01,Kabale,17455.652201526806,0.9086567073077686,19.0,0.0,1.0,0.0186623533181755,1.0000305189751728,2.000030518975173,-1.242,29.9856,-1.0,30.00000000000001,0.005316328446827103,0.0016969014946740153,-0.00267829062137794,287.19258024238326,1.0,0.00017856464863381274,292.84739625562935,293.4200262641219,293.43007500159854,293.4664370244271,293.46379825181094,0.40680822610641104,0.40854668689629525,0.3969978666893499,0.41800656292602917,82894.421,292.2254548568687,-0.4398605957573758,0.3699085093252102,102.23537472142426,-0.2878507180834199,88.27195098926423,81.17591652790692
2044-12-01,Kabale,17455.652201526806,0.9086567073077686,19.0,0.0,1.0,0.0186623533181755,1.0000305189751728,2.000030518975173,-1.242,29.9856,-1.0,30.00000000000001,0.005153837595483944,0.0018333609876852563,-0.0027180605169513975,287.3141730953819,1.0,0.00018911588466771683,292.6901448786406,293.27168419060456,293.28885120431556,293.3534457587519,293.4234441922046,0.4125307917340341,0.4149588189373703,0.406478381820605,0.4232012407149434,82894.421,292.10628152629766,-0.41325431004867674,0.29885760612508955,100.58279140135865,-0.3530121360203357,97.00832141859867,82.8642742668312
2045-01-01,Kabale,17455.652201526806,0.9086567073077686,19.0,0.0,1.0,0.0186623533181755,1.0000305189751728,2.000030518975173,-1.242,29.9856,-1.0,30.00000000000001,0.004634086321579815,0.001764342494022915,-0.0027546353663639657,287.17736569894834,1.0,0.00018485763727697996,292.69114174884675,293.25830494134493,293.26411166649575,293.300845002348,293.3629508656965,0.4093888754558721,0.4118609306605707,0.40610060747430005,0.4265373028984887,82894.421,292.15033808128345,-0.3412064369047653,0.21838592465522264,91.19554104989687,-0.3274832982704818,97.05204858053105,86.48610006328822
2045-02-01,Kabale,17455.652201526806,0.9086567073077686,19.0,0.0,1.0,0.0186623533181755,1.0000305189751728,2.000030518975173,-1.242,29.9856,-1.0,30.00000000000001,0.004052521140096222,0.0015014223863423926,-0.002793078960887369,286.9966661158466,1.0,0.0001721640610464531,292.9039561927208,293.4422500907273,293.42103049424185,293.38225651890923,293.33527634273787,0.401971929359262,0.4035208215536275,0.3970070180536307,0.42616813819270244,82894.421,292.39635883695297,-0.29594774776007576,0.1722056317648634,83.91981958745434,-0.24721965300001683,91.03524390279226,90.43929140155011
2045-03-01,Kabale,17455.652201526806,0.9086567073077686,19.0,0.0,1.0,0.0186623533181755,1.0000305189751728,2.000030518975173,-1.242,29.9856,-1.0,30.00000000000001,0.004197384916086885,0.0013842039517223317,-0.0028158503003767395,287.0501046882723,1.0,0.00016720554256555154,293.1067681678615,293.63849263327114,293.60960843329036,293.5353796463747,293.3825121695858,0.40021011614643154,0.4009755314251621,0.3908047163503799,0.4238137876458749,82894.421,292.5870481033474,-0.31111242227411506,0.21754198435646033,90.58340184913204,-0.12367472241295278,88.16757659136458,93.45641685492906
2045-04-01,Kabale,17455.652201526806,0.9086567073077686,19.0,0.0,1.0,0.0186623533181755,1.0000305189751728,2.000030518975173,-1.242,29.9856,-1.0,30.00000000000001,0.0048347942808444205,0.00155675690292396,-0.0028060517105003395,287.33633406302846,1.0,0.0001783046414853914,293.1326260929718,293.6785381961782,293.65939134767217,293.61038759963225,293.46007909487304,0.40477566609687815,0.4059128912812704,0.3946953357809673,0.4228375009711376,82894.421,292.5847551128201,-0.415122558665318,0.35680242070713536,103.1020815593934,-0.09003844638631502,92.60379409613934,95.55311431965136
2045-05-01,Kabale,17455.652201526806,0.9086567073077686,19.0,0.0,1.0,0.0186623533181755,1.0000305189751728,2.000030518975173,-1.242,29.9856,-1.0,30.00000000000001,0.0050596063687789695,0.0018769695839062895,-0.002788617954002597,287.49892978398,1.0,0.00018351225734884776,292.9894663592797,293.5495276450568,293.55341617114595,293.56700814660104,293.5104533609297,0.40781114773264265,0.4100427167377525,0.40197162124637886,0.42514442376020306,82894.421,292.46731951790673,-0.530657358824908,0.5293505189182991,107.51844821582235,-0.2014493466400391,100.38006721705459,96.26444192508835
2045-06-01,Kabale,17455.652201526806,0.9086567073077686,19.0,0.0,1.0,0.0186623533181755,1.0000305189751728,2.000030518975173,-1.242,29.9856,-1.0,30.00000000000001,0.004445326211154494,0.001888593094269977,-0.0027017283158662186,287.114161535067,1.0,0.00016801021107849486,292.8322108340442,293.3816222842326,293.39537700340975,293.4497246776364,293.49478772997986,0.39475363394807034,0.3999808169228496,0.3992216264731039,0.4268796216759787,82894.421,292.40484473663963,-0.578122222946689,0.6406462742918436,90.99086449015265,-0.26388191810656836,100.15028832459348,94.74480900321494
2045-07-01,Kabale,17455.652201526806,0.9086567073077686,19.0,0.0,1.0,0.0186623533181755,1.0000305189751728,2.000030518975173,-1.242,29.9856,-1.0,30.00000000000001,0.003512702979074826,0.0015972356916215767,-0.002616685655834865,286.40939964338685,1.0,0.00014108413260911461,292.848729523171,293.3683754038218,293.36882990380724,293.39562638256047,293.44430340126803,0.37413131678206457,0.3798630784950217,0.3838633693988038,0.4256716223210642,82894.421,292.4730506283575,-0.5576261131436809,0.6515928447220947,69.86819165083145,-0.25323034398678557,88.76062241147754,91.40276761237051
2045-08-01,Kabale,17455.652201526806,0.9086567073077686,19.0,0.0,1.0,0.0186623533181755,1.0000305189751728,2.000030518975173,-1.242,29.9856,-1.0,30.00000000000001,0.0033129644465751183,0.0012105286156409336,-0.0025469195914695473,286.0482714115364,1.0,0.0001307656432290308,292.9583367408223,293.4638707017851,293.44940530436537,293.4368915454054,293.41632154138364,0.36572348780517444,0.369125241506034,0.36779377164053534,0.4205412898984387,82894.421,292.5371899920236,-0.5124424929619037,0.5870191002101491,59.97650082119893,-0.23012906198584546,73.12958682298812,87.6106720400578
2045-09-01,Kabale,17455.652201526806,0.9086567073077686,19.0,0.0,1.0,0.0186623533181755,1.0000305189751728,2.000030518975173,-1.242,29.9856,-1.0,30.00000000000001,0.0039002882990295026,0.0011704496736692372,-0.002565986080716339,286.26485038720807,1.0,0.0001408372352221942,293.06452317447344,293.578011612686,293.5546239733807,293.5137799318315,293.4276598899783,0.3752386184164707,0.3754523576518433,0.36674333881371085,0.41604831729176245,82894.421,292.5218632759816,-0.4794804674104228,0.5007090026168515,71.67553934722635,-0.2113130855892917,67.13726463053887,84.47804347281401
2045-10-01,Kabale,17455.652201526806,0.9086567073077686,19.0,0.0,1.0,0.0186623533181755,1.0000305189751728,2.000030518975173,-1.242,29.9856,-1.0,30.00000000000001,0.004735722388475919,0.0013634211285813403,-0.0026180376225103438,286.80983953394394,1.0,0.00016107564272323702,293.01689924860403,293.56021649823646,293.55238792756944,293.5430056101606,293.4607962179388,0.3945846226445006,0.3937594863539811,0.3783683577597625,0.4147334204915985,82894.421,292.40784624296344,-0.464644045424133,0.4269236282724668,89.61146330791955,-0.24871776692264302,73.93535930125985,82.16222493245466
2045-11-01,Kabale,17455.652201526806,0.9086567073077686,19.0,0.0,1.0,0.0186623533181755,1.0000305189751728,2.000030518975173,-1.242,29.9856,-1.0,30.00000000000001,0.005281948198335658,0.001672411284786994,-0.0026620107990189337,287.1874605837375,1.0,0.0001788905449376822,292.8382847107032,293.4110662468627,293.42186934500313,293.46266764672447,293.46451177604655,0.40750150587420153,0.40875192000952615,0.3961149344700954,0.41778947769322183,82894.421,292.21729792303535,-0.43967219460013496,0.3640229055060605,102.29945955531396,-0.2190211954452762,87.89457469320685,81.24174708968519
2045-12-01,Kabale,17455.652201526806,0.9086567073077686,19.0,0.0,1.0,0.0186623533181755,1.0000305189751728,2.000030518975173,-1.242,29.9856,-1.0,30.00000000000001,0.005190870014254167,0.0018336521968125956,-0.002702623411262313,287.3044728891545,1.0,0.00018947961110432737,292.69107431148353,293.27030583537515,293.2872534829428,293.3493065952077,293.42051691359546,0.4130242640065905,0.4152767022771986,0.4067226103014214,0.42313160489479246,82894.421,292.1076446461455,-0.4030360112637956,0.2900465978516834,100.5022849426665,-0.23085475243532985,97.19217558325501,82.84120529041697
2046-01-01,Kabale,17455.652201526806,0.9086567073077686,19.0,0.0,1.0,0.0186623533181755,1.0000305189751728,2.000030518975173,-1.242,29.9856,-1.0,30.00000000000001,0.004653599034099497,0.0017651483059039508,-0.0027383552292351413,287.19131937836687,1.0,0.00018524136445172146,292.70064865542827,293.2639236989418,293.2682625578594,293.30137000168287,293.360245335216,0.40993543981111236,0.41239575715085697,0.4067953155772059,0.4268382689408861,82894.421,292.1584149397945,-0.3336537550616882,0.21253821982836593,91.01367105707597,-0.22255032508577913,97.47889583276203,86.40593621793725
2046-02-01,Kabale,17455.652201526806,0.9086567073077686,19.0,0.0,1.0,0.0186623533181755,1.0000305189751728,2.000030518975173,-1.242,29.9856,-1.0,30.00000000000001,0.0040885971426151925,0.0015273261000469157,-0.002774519443658724,287.0224826347854,1.0,0.00017247868312634827,292.9165911855923,293.45238109491453,293.430093661876,293.38973714810004,293.3366207361993,0.4024290543652494,0.40399620432277067,0.3979385185726734,0.4267792525493992,82894.421,292.4032289229021,-0.2929143930010794,0.16985664736685566,83.8086171247375,-0.2108859428060961,91.40492790945136,90.42313500283274
2046-03-01,Kabale,17455.652201526806,0.9086567073077686,19.0,0.0,1.0,0.0186623533181755,1.0000305189751728,2.000030518975173,-1.242,29.9856,-1.0,30.00000000000001,0.004173523189648381,0.0013918122718327612,-0.0027953564447839954,287.0525957523664,1.0,0.00016734295853032015,293.10720452275945,293.6378711299871,293.6098070542434,293.5392049091445,293.38471905666,0.4000602022799032,0.40101918258923425,0.3912884132481876,0.4241916464371544,82894.421,292.58454269252553,-0.3142149075373848,0.21576437894455147,90.3796317547115,-0.21302923406916807,88.04894551168555,93.48448248222279
2046-04-01,Kabale,17455.652201526806,0.9086567073077686,19.0,0.0,1.0,0.0186623533181755,1.0000305189751728,2.000030518975173,-1.242,29.9856,-1.0,30.00000000000001,0.004766009953670482,0.0015571635888223018,-0.0027853279497296406,287.3002941548105,1.0,0.00017789573729363813,293.1316450473809,293.67653720849955,293.65868657577454,293.6104914245819,293.4616317978166,0.40392526804360324,0.40523349148571525,0.39423015257296196,0.4230415884317896,82894.421,292.5847419006559,-0.4178914628396515,0.35465534687776,102.9286329387877,-0.2619650920468339,91.99426398167918,95.60730536503404
2046-05-01,Kabale,17455.652201526806,0.9086567073077686,19.0,0.0,1.0,0.0186623533181755,1.0000305189751728,2.000030518975173,-1.242,29.9856,-1.0,30.00000000000001,0.004996752303105784,0.0018529223812519615,-0.002766695326775797,287.46587655952777,1.0,0.00018354610815044548,292.9824759558156,293.540056454698,293.5463622712814,293.5606563005083,293.5079903761961,0.4074405271164155,0.4097959602887548,0.4013847229357946,0.4250250588189591,82894.421,292.4608786260869,-0.5301023378559536,0.5286155346692595,107.64015674628392,-0.2702034318499434,99.89347115752359,96.3606405946361
2046-06-01,Kabale,17455.652201526806,0.9086567073077686,19.0,0.0,1.0,0.0186623533181755,1.0000305189751728,2.000030518975173,-1.242,29.9856,-1.0,30.00000000000001,0.004506689540662402,0.001897459049134789,-0.0026871222489195557,287.1403717947731,1.0,0.0001689659976860052,292.8356679831698,293.3829412568686,293.39865836449616,293.44925739484984,293.4922792190552,0.39651210989225305,0.40099997046802144,0.39934518827507787,0.4269314613020492,82894.421,292.4073278651597,-0.561674731945694,0.6304847115097726,91.03091908129592,-0.20483530169575667,100.46546092151294,94.90182993254678
2046-07-01,Kabale,17455.652201526806,0.9086567073077686,19.0,0.0,1.0,0.0186623533181755,1.0000305189751728,2.000030518975173,-1.242,29.9856,-1.0,30.00000000000001,0.003569985700744384,0.0016099792955980026,-0.002609367384207077,286.4418712975653,1.0,0.00014171775556404557,292.85291850265344,293.3716537121041,293.3735191766231,293.39787617375873,293.44275966342485,0.3756568912165649,0.3813368730141829,0.3852219704979625,0.42587499281631064,82894.421,292.4801161904204,-0.5529459104869857,0.6489936037171278,69.82616789979566,-0.14320125887892463,89.73301975598373,91.51062052443949
2046-08-01,Kabale,17455.652201526806,0.9086567073077686,19.0,0.0,1.0,0.0186623533181755,1.0000305189751728,2.000030518975173,-1.242,29.9856,-1.0,30.00000000000001,0.003342155779534211,0.0012462280128162854,-0.0025478626162287487,286.050451718711,1.0,0.00013080140478075313,292.97065031671764,293.4740521655763,293.46012753092117,293.44407023525446,293.4172915897819,0.36569778865300306,0.36942835808669505,0.3689819304449171,0.4210515553192075,82894.421,292.54977062425854,-0.5104266188958477,0.5853898629337407,59.52387340141024,-0.1656992632624226,73.54341268095784,87.60924577899306
2046-09-01,Kabale,17455.652201526806,0.9086567073077686,19.0,0.0,1.0,0.0186623533181755,1.0000305189751728,2.000030518975173,-1.242,29.9856,-1.0,30.00000000000001,0.0037998816062017765,0.0011649489583798126,-0.0025604805954421283,286.2368761989615,1.0,0.00014011399228566139,293.0671827236118,293.5807073335492,293.5585033376295,293.5174554717593,293.42975179608317,0.3738762751107753,0.3748042735872023,0.36655523152904795,0.4165824656040675,82894.421,292.5285103760015,-0.4967787310765066,0.5109912717612869,71.46477479164683,-0.2598057958697696,66.61059091668955,84.44379716754476
2046-10-01,Kabale,17455.652201526806,0.9086567073077686,19.0,0.0,1.0,0.0186623533181755,1.0000305189751728,2.000030518975173,-1.242,29.9856,-1.0,30.00000000000001,0.004702095216632847,0.0013609741584705466,-0.0026070980432799304,286.7970829826451,1.0,0.00016124626274056531,293.01069430446483,293.55610158146305,293.5492513864756,293.5436957382706,293.4632207658055,0.39398509634392637,0.39325647657792046,0.37747139869077967,0.41484770188929093,82894.421,292.39971289790583,-0.46671996164885954,0.42772766974455984,89.64343768811086,-0.3127987295162073,73.09539610052168,82.20909023100145
2046-11-01,Kabale,17455.652201526806,0.9086567073077686,19.0,0.0,1.0,0.0186623533181755,1.0000305189751728,2.000030518975173,-1.242,29.9856,-1.0,30.00000000000001,0.005256474086574758,0.0016489843667843417,-0.002646454263098221,287.1895278533989,1.0,0.00017922742794797652,292.8286068217735,293.40283439849867,293.4130564853899,293.45893123576246,293.4647851104557,0.4081067276818003,0.4092065345612565,0.3953353417276429,0.41760783276449925,82894.421,292.2127487603364,-0.43797133569914976,0.358709214010134,102.31945259725285,-0.3096154029840957,87.54865276667374,81.30587682526614
2046-12-01,Kabale,17455.652201526806,0.9086567073077686,19.0,0.0,1.0,0.0186623533181755,1.0000305189751728,2.000030518975173,-1.242,29.9856,-1.0,30.00000000000001,0.005227316932076102,0.0018375008022375077,-0.002688152764188417,287.29596548273383,1.0,0.00018959853854006882,292.69196616026187,293.2711499896116,293.2850487483491,293.34763644865535,293.4183507427647,0.41348825460087646,0.41582936077797267,0.407231731301055,0.42292704829999006,82894.421,292.10892299342663,-0.39166300571798746,0.28159958197311585,100.36661203257478,-0.2783587671274379,97.46797839985845,82.85307728799604
2047-01-01,Kabale,17455.652201526806,0.9086567073077686,19.0,0.0,1.0,0.0186623533181755,1.0000305189751728,2.000030518975173,-1.242,29.9856,-1.0,30.00000000000001,0.004677584823062773,0.0017719034656686183,-0.0027233062990817468,287.2026633249123,1.0,0.00018523212848020729,292.70815706198465,293.27093290301957,293.274063333264,293.30336959639544,293.3572250849721,0.4108636050760712,0.4132775705283964,0.40763480088876003,0.42711803693756756,82894.421,292.16765123239514,-0.32712234522921535,0.2065570279148734,90.88317036885867,-0.27332304963887055,97.98202320512807,86.3776142750243
2047-02-01,Kabale,17455.652201526806,0.9086567073077686,19.0,0.0,1.0,0.0186623533181755,1.0000305189751728,2.000030518975173,-1.242,29.9856,-1.0,30.00000000000001,0.004129296892926631,0.0015546035412026388,-0.0027587672650896764,287.045189443131,1.0,0.0001725922118124308,292.92731660100793,293.4633432646607,293.44150166482524,293.3970951772024,293.33660403737076,0.4032775099562509,0.4047101664293316,0.3988976156689858,0.4273865611594699,82894.421,292.4105886582101,-0.29103131690318995,0.16819395794530245,83.90613937352008,-0.28712315890491497,91.90465007137698,90.42148183050897
2047-03-01,Kabale,17455.652201526806,0.9086567073077686,19.0,0.0,1.0,0.0186623533181755,1.0000305189751728,2.000030518975173,-1.242,29.9856,-1.0,30.00000000000001,0.004165535703281713,0.00139788359546671,-0.0027788484518669935,287.06078900971414,1.0,0.0001675534069871832,293.10534619232834,293.6367508853118,293.61099758665995,293.54114288737946,293.38663105593673,0.40039634706919935,0.4013941493777171,0.3914495912546469,0.424609202707271,82894.421,292.58165793170383,-0.3195511845386995,0.2141068839410396,90.37346043193695,-0.3518500609909534,88.00765913341523,93.5003684264379
2047-04-01,Kabale,17455.652201526806,0.9086567073077686,19.0,0.0,1.0,0.0186623533181755,1.0000305189751728,2.000030518975173,-1.242,29.9856,-1.0,30.00000000000001,0.004705286514538231,0.00154903343943561,-0.0027677361354350367,287.27505219611766,1.0,0.00017778857900205454,293.13090281149863,293.6765484423386,293.6572514264046,293.6108927006615,293.46233301998177,0.40322168114789525,0.40466725895263767,0.39349443930065714,0.423211575474059,82894.421,292.5822020973047,-0.42228069857051764,0.35178691177973026,102.81081278565307,-0.3445337698381213,91.41615597907206,95.56600402754744
2047-05-01,Kabale,17455.652201526806,0.9086567073077686,19.0,0.0,1.0,0.0186623533181755,1.0000305189751728,2.000030518975173,-1.242,29.9856,-1.0,30.00000000000001,0.004938288837837462,0.001819769826182801,-0.0027480425903493796,287.44717118057747,1.0,0.0001835637429466792,292.9743002829401,293.53446117202174,293.5374354258275,293.5547029114719,293.5063312164619,0.40715397185227736,0.4095142393665754,0.4004830374388925,0.42486867336155276,82894.421,292.4516393650597,-0.5309758503404763,0.5249886458419405,107.58284533027329,-0.18280953342293413,99.45093874066714,96.35688926359306
2047-06-01,Kabale,17455.652201526806,0.9086567073077686,19.0,0.0,1.0,0.0186623533181755,1.0000305189751728,2.000030518975173,-1.242,29.9856,-1.0,30.00000000000001,0.004569906540892183,0.0019026358797733453,-0.0026740416279657842,287.1812105239223,1.0,0.00017002361074495154,292.83966479588184,293.38874618599914,293.39898971736574,293.4489653851097,293.4897618763601,0.39820816742698933,0.40188421064673213,0.3994214095461299,0.42696893631389427,82894.421,292.40622252065623,-0.545507139302437,0.6165346646270639,91.11017476278421,-0.037969098227904806,100.82615791999683,94.88561072944223
2047-07-01,Kabale,17455.652201526806,0.9086567073077686,19.0,0.0,1.0,0.0186623533181755,1.0000305189751728,2.000030518975173,-1.242,29.9856,-1.0,30.00000000000001,0.0036342688691290586,0.0016203515473528541,-0.0026033829616666088,286.4774753980378,1.0,0.00014232525118406812,292.85837954455366,293.37527378635593,293.37614700121134,293.39829827557213,293.44112508452673,0.3771200470521144,0.3826836198996746,0.3866363924951353,0.4261865696026013,82894.421,292.48355624205806,-0.5482640102632806,0.6433907744141335,69.70355035223443,-0.05964263824020825,90.74913705381304,91.59460426868232
2047-08-01,Kabale,17455.652201526806,0.9086567073077686,19.0,0.0,1.0,0.0186623533181755,1.0000305189751728,2.000030518975173,-1.242,29.9856,-1.0,30.00000000000001,0.00337350807063158,0.001280861205574499,-0.002548259320926046,286.0546983775477,1.0,0.00013098419051612737,292.984154337241,293.4839950345377,293.4708437280504,293.4499764796223,293.4180081413767,0.36566164718447164,0.3694948722498241,0.37042958992563646,0.42172365548139173,82894.421,292.55844399384404,-0.5083697220992147,0.5801945646865776,59.216754144998845,-0.22589144867006836,73.94898958404873,87.63656544060086
2047-09-01,Kabale,17455.652201526806,0.9086567073077686,19.0,0.0,1.0,0.0186623533181755,1.0000305189751728,2.000030518975173,-1.242,29.9856,-1.0,30.00000000000001,0.0037006243205761763,0.001155197655817661,-0.0025555695643949823,286.20723584852703,1.0,0.00013960586658805587,293.07215936760645,293.58408446943497,293.5644647424097,293.52125684288416,293.43315140178925,0.3726250743782879,0.3739598194223362,0.3665467718997177,0.4171879439226848,82894.421,292.5304880649128,-0.5134722162539033,0.5188385007228172,71.31547653818298,-0.37820788435568864,66.1168143844676,84.4841020947602
2047-10-01,Kabale,17455.652201526806,0.9086567073077686,19.0,0.0,1.0,0.0186623533181755,1.0000305189751728,2.000030518975173,-1.242,29.9856,-1.0,30.00000000000001,0.0046705375861801094,0.0013593370905378354,-0.0025968613395043597,286.77996773882234,1.0,0.0001615308591023974,293.00781765218545,293.553555581215,293.54875472464244,293.54347657332374,293.46651173068653,0.39356374304891756,0.3925193940663306,0.3765296233536066,0.41499211865729024,82894.421,292.38906938408985,-0.46842722654274266,0.42641043290986563,89.80386743482173,-0.3498177047480964,72.1775938212319,82.25151755378613
2047-11-01,Kabale,17455.652201526806,0.9086567073077686,19.0,0.0,1.0,0.0186623533181755,1.0000305189751728,2.000030518975173,-1.242,29.9856,-1.0,30.00000000000001,0.005234540669846278,0.0016269178976669818,-0.00263077544499849,287.18912103258424,1.0,0.00017990694263832782,292.8201638334875,293.3943888879442,293.4071160067601,293.45409073236914,293.46459230736076,0.4088405166761991,0.4094445889358409,0.3944433105571157,0.41744133778300746,82894.421,292.2045176590109,-0.4358175788855508,0.3547420095552041,102.41567101803766,-0.34525219499362003,87.1715250171306,81.34539969344748
2047-12-01,Kabale,17455.652201526806,0.9086567073077686,19.0,0.0,1.0,0.0186623533181755,1.0000305189751728,2.000030518975173,-1.242,29.9856,-1.0,30.00000000000001,0.005264466664390556,0.0018461070969008541,-0.0026723989700304144,287.2855836857957,1.0,0.00018998275690944473,292.6939071625567,293.2707950795912,293.28505234592075,293.3445516554802,293.4153369600463,0.413861527828488,0.4161769891005552,0.40751206027301223,0.422888399718133,82894.421,292.1104426844597,-0.3813016395460549,0.27530293587636595,100.35536673871945,-0.27972996624528845,97.7615330415863,82.87158111185381
2048-01-01,Kabale,17455.652201526806,0.9086567073077686,19.0,0.0,1.0,0.0186623533181755,1.0000305189751728,2.000030518975173,-1.242,29.9856,-1.0,30.00000000000001,0.00469157768539816,0.001778383873121246,-0.002706054588441287,287.2156894198979,1.0,0.0001856890720889657,292.718238570323,293.27873585904246,293.27836898463784,293.30537650003635,293.3558750310595,0.4115141748619619,0.4139108966861527,0.4084287005149743,0.4274322754858264,82894.421,292.17587783584787,-0.3214210497467151,0.20211589764601187,90.77670859746938,-0.2365717801427342,98.54543392200237,86.30755764959058
2048-02-01,Kabale,17455.652201526806,0.9086567073077686,19.0,0.0,1.0,0.0186623533181755,1.0000305189751728,2.000030518975173,-1.242,29.9856,-1.0,30.00000000000001,0.00415831878717532,0.001584172346181828,-0.002739944353218079,287.06327110025705,1.0,0.00017297696702579376,292.940128820368,293.47492629784244,293.45035891093113,293.40488369503777,293.33970348191133,0.403852903798343,0.4053483598065168,0.39975706201388767,0.4279479283421083,82894.421,292.41751996786223,-0.2909028943257912,0.16696117327648383,83.962108115835,-0.20933051723896365,92.30674294208926,90.37530823643495
2048-03-01,Kabale,17455.652201526806,0.9086567073077686,19.0,0.0,1.0,0.0186623533181755,1.0000305189751728,2.000030518975173,-1.242,29.9856,-1.0,30.00000000000001,0.004241682354568767,0.0014178209302091237,-0.0027596462694766967,287.1371754133842,1.0,0.0001679809080901578,293.1401908444272,293.67188364967507,293.641979463127,293.56529261022644,293.39056115340213,0.40205951809398904,0.40258286201505405,0.39164393501321354,0.42525898194371026,82894.421,292.6081545808454,-0.3245765178590824,0.22196009926931,90.45912205782652,-0.11326378124618906,89.06132819823323,93.45855706766487
2048-04-01,Kabale,17455.652201526806,0.9086567073077686,19.0,0.0,1.0,0.0186623533181755,1.0000305189751728,2.000030518975173,-1.242,29.9856,-1.0,30.00000000000001,0.004901586394701886,0.0015784240135770797,-0.0027526530796027,287.4003131323855,1.0,0.00017923597721745133,293.15523755829304,293.70252678488754,293.6856635318392,293.63482706722334,293.4692437064856,0.4065520382967922,0.4073712171423265,0.3957907195108706,0.42392684706907674,82894.421,292.59333207656044,-0.4271921137059078,0.3624218268700778,103.25534579549658,-0.14012386211374742,93.36693131187815,95.55590747149006
2048-05-01,Kabale,17455.652201526806,0.9086567073077686,19.0,0.0,1.0,0.0186623533181755,1.0000305189751728,2.000030518975173,-1.242,29.9856,-1.0,30.00000000000001,0.005095497065254533,0.0019106844884249372,-0.002738911698068848,287.52294355261193,1.0,0.00018426216997751875,293.00334682229897,293.5621671389724,293.56497533014743,293.577296706583,293.51306260951606,0.40915471417949356,0.4113807044350626,0.4031624304581533,0.42617543998442237,82894.421,292.4778270568261,-0.5242547276255765,0.5189684370760675,107.14026865557246,-0.24714001352203827,100.91312218201556,96.25146798137325
2048-06-01,Kabale,17455.652201526806,0.9086567073077686,19.0,0.0,1.0,0.0186623533181755,1.0000305189751728,2.000030518975173,-1.242,29.9856,-1.0,30.00000000000001,0.00436731469185771,0.001890730227273375,-0.0026622960423833245,287.07628136639437,1.0,0.0001675546407341403,292.8366664125198,293.3827957438304,293.39804473403336,293.4552003366146,293.4981114296539,0.3941008484727986,0.40002851998905453,0.39951376674652134,0.4277019380185356,82894.421,292.40554651302426,-0.5895833166452943,0.6409553726687021,90.62837171237537,-0.3420943054568774,99.98637962469105,94.73443363589848
2048-07-01,Kabale,17455.652201526806,0.9086567073077686,19.0,0.0,1.0,0.0186623533181755,1.0000305189751728,2.000030518975173,-1.242,29.9856,-1.0,30.00000000000001,0.003435090954298115,0.001597282134264956,-0.0025943418387370716,286.3747449340149,1.0,0.00014111600521320597,292.8518554833926,293.36741294755615,293.3711478612743,293.4004856018085,293.44683994415095,0.37356839004353265,0.3792720937775931,0.3830519968740716,0.4262792542789516,82894.421,292.47173946728395,-0.5586910943364933,0.6443770698987971,69.48565557554984,-0.3061377281019972,87.8273495477123,91.42359330311417
2048-08-01,Kabale,17455.652201526806,0.9086567073077686,19.0,0.0,1.0,0.0186623533181755,1.0000305189751728,2.000030518975173,-1.242,29.9856,-1.0,30.00000000000001,0.003259810610693928,0.0011888709671289508,-0.0025402793500000002,286.04331712902587,1.0,0.00013144968293247005,292.95207975315765,293.45547169769003,293.4457450492089,293.435265648074,293.4181473903846,0.36658998473784554,0.3697334265347864,0.36692996011012563,0.4207634717866065,82894.421,292.5311149260256,-0.5114571633076951,0.5790715837028982,59.957859172800624,-0.16838685294061354,72.66509695974459,87.64296390027049
2048-09-01,Kabale,17455.652201526806,0.9086567073077686,19.0,0.0,1.0,0.0186623533181755,1.0000305189751728,2.000030518975173,-1.242,29.9856,-1.0,30.00000000000001,0.0039820950671376415,0.0011908814573233092,-0.0025476749925809335,286.29221052872253,1.0,0.00014264577886657136,293.0647556866281,293.5772873337996,293.5565953376574,293.51279014199787,293.42645158760473,0.37747397944082234,0.37701744351215205,0.36741516321503426,0.4163221398844799,82894.421,292.52293707030566,-0.457550295700108,0.48026453422298837,71.67379245263895,-0.22407357685635562,67.5423349207022,84.49274885839783
2048-10-01,Kabale,17455.652201526806,0.9086567073077686,19.0,0.0,1.0,0.0186623533181755,1.0000305189751728,2.000030518975173,-1.242,29.9856,-1.0,30.00000000000001,0.004753192577375914,0.0013766040200035021,-0.002583345372452691,286.8237161554926,1.0,0.00016196542178145736,293.02604813347693,293.5683703667922,293.5583819727888,293.54571576612756,293.46003884090527,0.3959190426959071,0.39535665308890405,0.37977823710080916,0.4154236021612969,82894.421,292.42300876126654,-0.45636831432406844,0.41519410975492593,89.5940291336441,-0.2768273087682135,74.81641061099634,82.10021620001407
2048-11-01,Kabale,17455.652201526806,0.9086567073077686,19.0,0.0,1.0,0.0186623533181755,1.0000305189751728,2.000030518975173,-1.242,29.9856,-1.0,30.00000000000001,0.005294332757495599,0.0017055748757359302,-0.002609201143807001,287.18618998832886,1.0,0.0001794048894088808,292.8554390583368,293.4240380945312,293.43407003407486,293.4728340209718,293.4660674987701,0.4076894944335164,0.40941547662743094,0.3977408335099364,0.41882836457457584,82894.421,292.23054143112114,-0.4346939181660543,0.35710572486694375,102.27549116964731,-0.3193200070054109,88.28104139684086,81.23813916685991
2048-12-01,Kabale,17455.652201526806,0.9086567073077686,19.0,0.0,1.0,0.0186623533181755,1.0000305189751728,2.000030518975173,-1.242,29.9856,-1.0,30.00000000000001,0.0051351243668881184,0.0018428839405425755,-0.0026496613911605807,287.3123960522831,1.0,0.00018988988551289855,292.6999657324116,293.27640303135325,293.2934218728979,293.35822153945657,293.4254380752596,0.41341390015743945,0.4158244886489886,0.4070885623290417,0.42410471211008144,82894.421,292.1110478053477,-0.40869559306297815,0.2851917902551473,100.53330862741309,-0.33704149773519987,96.94617322616209,82.90512925759775
2049-01-01,Kabale,17455.652201526806,0.9086567073077686,19.0,0.0,1.0,0.0186623533181755,1.0000305189751728,2.000030518975173,-1.242,29.9856,-1.0,30.00000000000001,0.004614553179019888,0.0017761853557697839,-0.002684829043274144,287.17744647792796,1.0,0.00018565204404691547,292.7006763377421,293.26388519256557,293.2706079767874,293.3063858346082,293.36455842161996,0.41021556611492466,0.41265460539907667,0.4067420940009314,0.42742073108402967,82894.421,292.15462506534027,-0.3356747730556013,0.20517287438479317,91.12453435763086,-0.3033709895796099,96.98643015677071,86.51273720142892
2049-02-01,Kabale,17455.652201526806,0.9086567073077686,19.0,0.0,1.0,0.0186623533181755,1.0000305189751728,2.000030518975173,-1.242,29.9856,-1.0,30.00000000000001,0.004028373639493744,0.0015165555371745793,-0.002722061686414987,286.9994960119202,1.0,0.00017303794708635727,292.91146085110427,293.4483453009841,293.4271678249955,293.38602213501053,293.33725900928425,0.402920302585176,0.4043811273763316,0.3975832122958342,0.4270350283089083,82894.421,292.398918707307,-0.2898118414844754,0.159233762405916,83.79317171457643,-0.3050958540059226,91.02320911766026,90.48846508354131
2049-03-01,Kabale,17455.652201526806,0.9086567073077686,19.0,0.0,1.0,0.0186623533181755,1.0000305189751728,2.000030518975173,-1.242,29.9856,-1.0,30.00000000000001,0.004167140782461169,0.0013963238433711788,-0.0027443033074287786,287.0540571454788,1.0,0.00016804325264886298,293.1132026927069,293.6444166002982,293.61592103133273,293.54127387358636,293.3843823066259,0.4010421328395924,0.40179519066572844,0.39149557245703953,0.4246643070083928,82894.421,292.5917705362663,-0.3042566998340157,0.205374232394561,90.4393931348662,-0.1846153180880814,88.14883915163534,93.47968688292708
2049-04-01,Kabale,17455.652201526806,0.9086567073077686,19.0,0.0,1.0,0.0186623533181755,1.0000305189751728,2.000030518975173,-1.242,29.9856,-1.0,30.00000000000001,0.004808184939786095,0.0015683252723652967,-0.0027344328757103052,287.33830738486563,1.0,0.00017906314271283922,293.139374771948,293.6820801768336,293.6648316512715,293.6151031864387,293.4618678179991,0.4057384390107492,0.40676712936341736,0.39526318768708646,0.4236933881046287,82894.421,292.587689694646,-0.40914234143637246,0.34530168595770144,102.93078910069943,-0.1873621215843926,92.61761587898145,95.58647245470503
2049-05-01,Kabale,17455.652201526806,0.9086567073077686,19.0,0.0,1.0,0.0186623533181755,1.0000305189751728,2.000030518975173,-1.242,29.9856,-1.0,30.00000000000001,0.005034155732553061,0.0018861334366795431,-0.0027179970712542245,287.49854343764343,1.0,0.00018412103071157527,292.9971721767644,293.5525172139424,293.55810899405566,293.5724426558575,293.51072034747835,0.4087142397839458,0.41095170511759554,0.40258753871307,0.42599529077974746,82894.421,292.4712946363671,-0.5256760261535179,0.5186485160199016,107.49959835420823,-0.1841440487069971,100.4768334577284,96.30640589989422
2049-06-01,Kabale,17455.652201526806,0.9086567073077686,19.0,0.0,1.0,0.0186623533181755,1.0000305189751728,2.000030518975173,-1.242,29.9856,-1.0,30.00000000000001,0.004428110691772382,0.0019020855640340545,-0.00264789956030592,287.1078825652642,1.0,0.00016853616465842906,292.8405669314356,293.3849776797556,293.4000837371059,293.45489317616506,293.4949028412936,0.39567035437383763,0.40089405901222985,0.39980289120793994,0.4277128933435042,82894.421,292.40724315298314,-0.5740988959993643,0.6308073976152254,90.93793795849369,-0.23170565154020592,100.30004012985734,94.8508482169333
2049-07-01,Kabale,17455.652201526806,0.9086567073077686,19.0,0.0,1.0,0.0186623533181755,1.0000305189751728,2.000030518975173,-1.242,29.9856,-1.0,30.00000000000001,0.0034984557246873194,0.001608880580112476,-0.002586931960039073,286.4054610961751,1.0,0.0001416368931834066,292.8568966868201,293.3723569170863,293.3735665032431,293.4016114243372,293.4435831872249,0.3749813967311409,0.38079542545539863,0.3844984897313841,0.4264615676642445,82894.421,292.47619623039844,-0.5531778447037743,0.6413471687711761,69.84159741278783,-0.2763491088248908,88.8119752891834,91.52525323381906
2049-08-01,Kabale,17455.652201526806,0.9086567073077686,19.0,0.0,1.0,0.0186623533181755,1.0000305189751728,2.000030518975173,-1.242,29.9856,-1.0,30.00000000000001,0.0033023250362451836,0.0012221101889005447,-0.0025402793500000002,286.0442452914603,1.0,0.00013144562058498732,292.96420563880287,293.4663206655291,293.4525889356169,293.4423935401858,293.41725733428797,0.36659027174708636,0.3700060836838701,0.36827146475740064,0.42133139683688675,82894.421,292.5412019087874,-0.5076523524290099,0.576760172571893,59.82524364951345,-0.2330180811457069,73.10788530167272,87.655708262608
2049-09-01,Kabale,17455.652201526806,0.9086567073077686,19.0,0.0,1.0,0.0186623533181755,1.0000305189751728,2.000030518975173,-1.242,29.9856,-1.0,30.00000000000001,0.0038889521970495848,0.001179332703920233,-0.002542714990079843,286.2658415203601,1.0,0.00014166551027115985,293.0690599055053,293.58090156377085,293.55883247938436,293.5180140340078,293.4281868325351,0.3761448084226169,0.3762752811701641,0.36720741069504864,0.4168736969703641,82894.421,292.5271063860548,-0.473847263676521,0.48928310688606685,71.63830998517331,-0.2910207754800974,67.0073398269053,84.50270764127487
2049-10-01,Kabale,17455.652201526806,0.9086567073077686,19.0,0.0,1.0,0.0186623533181755,1.0000305189751728,2.000030518975173,-1.242,29.9856,-1.0,30.00000000000001,0.004723442046858436,0.0013727713517118116,-0.0025722138620733986,286.8096604988054,1.0,0.00016182131673837198,293.02202260297736,293.5641980207227,293.556986090952,293.5474346647911,293.4623785758199,0.39546895514042185,0.39460318546081946,0.3789176950424286,0.4155535845745728,82894.421,292.412872800123,-0.45850222788447664,0.41584002993124347,89.63112706123025,-0.27286128647139346,73.94377314611857,82.16314012323431
2049-11-01,Kabale,17455.652201526806,0.9086567073077686,19.0,0.0,1.0,0.0186623533181755,1.0000305189751728,2.000030518975173,-1.242,29.9856,-1.0,30.00000000000001,0.005266388975526185,0.0016840782448384977,-0.0025924481214229227,287.18703663943023,1.0,0.00017966634368532497,292.8465170615063,293.4167795778032,293.4262335796366,293.4683479818625,293.46560654855335,0.40842855201443734,0.40955139137019314,0.39683676948626373,0.4186204134989902,82894.421,292.2229327673849,-0.4333646855112289,0.35193704530491793,102.32652653615196,-0.28666328744766273,87.94128376091116,81.29704692874525
2049-12-01,Kabale,17455.652201526806,0.9086567073077686,19.0,0.0,1.0,0.0186623533181755,1.0000305189751728,2.000030518975173,-1.242,29.9856,-1.0,30.00000000000001,0.005171215674539956,0.0018464012647708737,-0.0026336382739313804,287.3001872069637,1.0,0.00019016173154169918,292.6985927270958,293.2758506532311,293.29141061068725,293.3548264676033,293.4230514225422,0.41398716755134024,0.41608608864319335,0.4073798734511849,0.4239320657780589,82894.421,292.1124365673582,-0.39687403388517944,0.27791168045236686,100.33651733844444,-0.22215128890005661,97.25685292616875,82.87171672850975
2050-01-01,Kabale,17455.652201526806,0.9086567073077686,19.0,0.0,1.0,0.0186623533181755,1.0000305189751728,2.000030518975173,-1.242,29.9856,-1.0,30.00000000000001,0.004629191349033772,0.0017790492007894035,-0.002668925993033719,287.1860524384715,1.0,0.00018588273931262293,292.70697301732497,293.2697775620673,293.27103733047676,293.30589607162875,293.3615033122377,0.4110957206383972,0.41317948806654387,0.4073551457238196,0.4276399667487536,82894.421,292.1634553289753,-0.3282344489921102,0.2007177415458078,90.91982517722391,-0.21924190014079825,97.47180856952029,86.44807876017332
2050-02-01,Kabale,17455.652201526806,0.9086567073077686,19.0,0.0,1.0,0.0186623533181755,1.0000305189751728,2.000030518975173,-1.242,29.9856,-1.0,30.00000000000001,0.004068795599119227,0.0015422163357184987,-0.0027064685419681254,287.018654456213,1.0,0.00017312345267078135,292.92310328624995,293.4569503145819,293.4345911131458,293.39402222082816,293.3379473904542,0.4036408532789981,0.4047736033879931,0.3984272448427461,0.42755425892020477,82894.421,292.40764417211847,-0.28790724861059613,0.15858469107938636,83.8362303952744,-0.2714541611811119,91.4888960417926,90.46024321857472
2050-03-01,Kabale,17455.652201526806,0.9086567073077686,19.0,0.0,1.0,0.0186623533181755,1.0000305189751728,2.000030518975173,-1.242,29.9856,-1.0,30.00000000000001,0.004160237185805542,0.0014059757955547283,-0.002726096591075602,287.0535457651364,1.0,0.00016790501595182348,293.11371531187325,293.642101663971,293.61365663299483,293.5437719823205,293.38535832325954,0.40124483921270443,0.4019619245776726,0.39180179475832305,0.4249956851595602,82894.421,292.5896246938684,-0.30938426219909554,0.20387499890948915,90.47707195832999,-0.32344808743609627,88.13128607226561,93.50651046332813
2050-04-01,Kabale,17455.652201526806,0.9086567073077686,19.0,0.0,1.0,0.0186623533181755,1.0000305189751728,2.000030518975173,-1.242,29.9856,-1.0,30.00000000000001,0.004758281382302086,0.001569891425767976,-0.0027160226843803113,287.3015551555639,1.0,0.0001786843519541833,293.13799769407984,293.68023259538046,293.66344841941765,293.6163565881888,293.4635795885068,0.4049169649433488,0.4061732053018317,0.39476387220352344,0.42387187016717803,82894.421,292.58851245054717,-0.412932210874757,0.3425416761204703,103.049155949446,-0.35752449162138183,92.12810993128255,95.60215264818481
2050-05-01,Kabale,17455.652201526806,0.9086567073077686,19.0,0.0,1.0,0.0186623533181755,1.0000305189751728,2.000030518975173,-1.242,29.9856,-1.0,30.00000000000001,0.004980579908933097,0.001861674859301719,-0.0026975319733043624,287.4680896339885,1.0,0.00018410216270190895,292.988707278199,293.54603106782344,293.54956398547625,293.5668292849694,293.5099376559104,0.40840792695534217,0.41068285669914734,0.4018380518172083,0.4258698728008017,82894.421,292.46401389051636,-0.5251143110133439,0.5160321370648676,107.65017373865356,-0.3207797135662198,99.93865621151679,96.38085200114683
2050-06-01,Kabale,17455.652201526806,0.9086567073077686,19.0,0.0,1.0,0.0186623533181755,1.0000305189751728,2.000030518975173,-1.242,29.9856,-1.0,30.00000000000001,0.004490842318008016,0.0019084172912164521,-0.0026342781316085855,287.1420854817515,1.0,0.00016969794981847584,292.8439953676247,293.38825788155793,293.39986712639205,293.45575273430126,293.49426449696574,0.3974124576588247,0.40174831180295784,0.39983167500401146,0.4277467615135641,82894.421,292.4084582890129,-0.5561101123540445,0.6177544639931917,91.2584871589127,-0.28005714789128716,100.53874248394322,94.89784115318439
2050-07-01,Kabale,17455.652201526806,0.9086567073077686,19.0,0.0,1.0,0.0186623533181755,1.0000305189751728,2.000030518975173,-1.242,29.9856,-1.0,30.00000000000001,0.003552308439895976,0.0016199087943071088,-0.002579565447207982,286.44302124266795,1.0,0.0001424537782543152,292.86307368619356,293.3748951921055,293.37528594590276,293.4040686662112,293.44354612745616,0.37661207651798795,0.3821147372074041,0.385632708373609,0.42668808559564614,82894.421,292.481808812681,-0.5472483276248167,0.6351106177558593,69.87386933253393,-0.27086540691772903,89.7969403045571,91.57126825689619
2050-08-01,Kabale,17455.652201526806,0.9086567073077686,19.0,0.0,1.0,0.0186623533181755,1.0000305189751728,2.000030518975173,-1.242,29.9856,-1.0,30.00000000000001,0.003323192887932244,0.0012592875829158913,-0.0025402793500000002,286.0498613146122,1.0,0.00013157796601069463,292.9801195509655,293.4764821049724,293.4623201773471,293.4491659416738,293.4188923999491,0.36655300874576785,0.37026079220098823,0.36943143744947843,0.42190535237213145,82894.421,292.55318143498147,-0.5046083734791864,0.5712879047810535,59.65699656586065,-0.28817101157816927,73.5575389416,87.63482463319208
2050-09-01,Kabale,17455.652201526806,0.9086567073077686,19.0,0.0,1.0,0.0186623533181755,1.0000305189751728,2.000030518975173,-1.242,29.9856,-1.0,30.00000000000001,0.0037778903763034766,0.0011782078667384843,-0.0025402793500000002,286.23279314832894,1.0,0.00014095446844537854,293.0761185146185,293.58470038809895,293.5629107493624,293.5223797182008,293.43137900120513,0.3746885312568935,0.37567563909343676,0.36698777166977853,0.4173832696431345,82894.421,292.53344465027595,-0.4912938569183383,0.4979312307152941,71.48663498177405,-0.32896582016083026,66.64492415210987,84.5395272836668
2050-10-01,Kabale,17455.652201526806,0.9086567073077686,19.0,0.0,1.0,0.0186623533181755,1.0000305189751728,2.000030518975173,-1.242,29.9856,-1.0,30.00000000000001,0.004678012315629538,0.0013759541346287669,-0.0025636502389714904,286.7906493009443,1.0,0.00016191091553742452,293.0194793391807,293.56122364104186,293.5544529071392,293.5467421636021,293.4651269219924,0.39485804036698874,0.39408305439440977,0.3779357354447271,0.41567812124668385,82894.421,292.4046891957087,-0.4614999846507623,0.4152088188365135,89.72587454287346,-0.32084154593282493,73.08168837536239,82.24572821697386
2050-11-01,Kabale,17455.652201526806,0.9086567073077686,19.0,0.0,1.0,0.0186623533181755,1.0000305189751728,2.000030518975173,-1.242,29.9856,-1.0,30.00000000000001,0.005236189861478539,0.0016626423773235908,-0.002579451857043108,287.1855250106441,1.0,0.00018014323444774094,292.8369141041583,293.4057403244901,293.41906230024625,293.4616963510702,293.4653494182676,0.4090559573617043,0.410027800046898,0.39579243214981075,0.4184234030183118,82894.421,292.216274648759,-0.43265787729595534,0.3476886049728997,102.24099320356947,-0.34774560341174143,87.5140006816812,81.39150223137925
2050-12-01,Kabale,17455.652201526806,0.9086567073077686,19.0,0.0,1.0,0.0186623533181755,1.0000305189751728,2.000030518975173,-1.242,29.9856,-1.0,30.00000000000001,0.005205209875832693,0.0018528915582123045,-0.002617489112788555,287.2942068858133,1.0,0.0001905479428648888,292.69973154932865,293.27384921346584,293.2912578673176,293.3508050319119,293.41965955454157,0.41452934914392686,0.41657192626957135,0.4075941363222612,0.4238017314016445,82894.421,292.11235009421415,-0.3864380646438019,0.2708201178068573,100.32350883034917,-0.32608821500437374,97.45860692003787,82.92955369344936
2025-07-01,Kampala,11573.29113153154,0.4988173897120534,19.0,0.0720095219202539,0.927990478079746,0.5011826102879465,1.0000305189751728,3.000045778462759,0.3152,32.5816,0.300000000000001,32.60000000000005,0.0032256980514936877,0.000693721799112537,-0.003371619683272267,290.7394377773104,1.0,0.00011532780332914993,294.59029785193303,295.1945096496114,295.21551559974847,295.2814511324108,295.47105021967707,0.3457709115940094,0.34079649257706945,0.33987064669144706,0.3603165638697414,88338.17901030852,294.46057637257445,0.013814791402195194,0.8554738100911295,94.2616455899396,3.26087648248364,107.9081139485028,118.49715059641852
2025-08-01,Kampala,11573.29113153154,0.4988173897120534,19.0,0.0720095219202539,0.927990478079746,0.5011826102879465,1.0000305189751728,3.000045778462759,0.3152,32.5816,0.300000000000001,32.60000000000005,0.0034396245826915192,0.0006411999407965143,-0.003398660410016836,290.8833460068802,1.0,0.0001248929579943309,294.66648955926144,295.2634334113841,295.2715321497825,295.3063443445649,295.429628636694,0.34832762255480154,0.3413730621559974,0.33596480924205335,0.35817827752947506,88329.06369800976,294.49466207159344,0.009052544833980502,0.6821667502112951,101.33651111734186,3.177994070747575,103.68527360458621,119.70287154967664
2025-09-01,Kampala,11573.29113153154,0.4988173897120534,19.0,0.0720095219202539,0.927990478079746,0.5011826102879465,1.0000305189751728,3.000045778462759,0.3152,32.5816,0.300000000000001,32.60000000000005,0.003619110521962943,0.0006214014237834888,-0.0034268016350828376,291.0406142397598,1.0,0.00013195595404470484,294.7555017786526,295.349324547201,295.34635861584593,295.35147673430146,295.41429115716,0.35245695427417495,0.3448935996254247,0.336051811638759,0.35647244013011753,88313.78119082861,294.55531860821026,0.03584478981796372,0.5689438669596077,111.54638030256092,3.2274656703692983,105.95765353787361,119.92021348086955
2025-10-01,Kampala,11573.29113153154,0.4988173897120534,19.0,0.0720095219202539,0.927990478079746,0.5011826102879465,1.0000305189751728,3.000045778462759,0.3152,32.5816,0.300000000000001,32.60000000000005,0.004027894236735782,0.0006239373643787459,-0.003459193771219861,291.3031609097033,1.0,0.00014711189767036635,294.89104137987897,295.4767056931052,295.46185928222604,295.43169587818426,295.40139523672536,0.3597262999074084,0.3515888024882765,0.33781608497663224,0.3537765452329487,88286.7047006425,294.6440510817012,0.09373301065603253,0.38974856461022594,126.54588762361942,3.1842597395267123,111.99642100460697,119.73161373754043
2025-11-01,Kampala,11573.29113153154,0.4988173897120534,19.0,0.0720095219202539,0.927990478079746,0.5011826102879465,1.0000305189751728,3.000045778462759,0.3152,32.5816,0.300000000000001,32.60000000000005,0.004426803100957794,0.0007537414911698532,-0.0034474417995893104,291.4607818576638,1.0,0.00016201077129934818,294.9376515242455,295.5186369811286,295.5084113805633,295.4804256343351,295.4261663239276,0.36730686719571143,0.36031485917046285,0.3460746816421587,0.35386699334039645,88262.315535923,294.68285353628715,0.1637078924143657,0.3873278672832125,140.31965217722754,3.2434437070153552,125.53874053109605,119.62351635327224
2025-12-01,Kampala,11573.29113153154,0.4988173897120534,19.0,0.0720095219202539,0.927990478079746,0.5011826102879465,1.0000305189751728,3.000045778462759,0.3152,32.5816,0.300000000000001,32.60000000000005,0.004473147015199438,0.0009106636087151679,-0.003437156067586942,291.4671305740576,1.0,0.00016443500910614376,294.9415691954213,295.514150936249,295.50888061172844,295.4885770012359,295.4512171108717,0.3696728188952876,0.3641285813025932,0.3531967978669844,0.35632218895999407,88249.64565550559,294.71988153943175,0.19484889145644765,0.5109175945380667,136.9159738929565,3.2669687255864996,134.3168936327754,121.00012847975222
2026-01-01,Kampala,11573.29113153154,0.4988173897120534,19.0,0.0720095219202539,0.927990478079746,0.5011826102879465,1.0000305189751728,3.000045778462759,0.3152,32.5816,0.300000000000001,32.60000000000005,0.004191165897674152,0.000946384629317942,-0.0034803735603736144,291.3472893289352,1.0,0.0001528537129441902,295.0044794169163,295.5750116266408,295.56290190466825,295.5237161671574,295.47224620541937,0.36456013243432434,0.35954323363101603,0.35305703306295405,0.3585912599730836,88242.7432295744,294.8355948329709,0.17386147025288926,0.6816399580857052,124.31203675304111,3.3627699073564474,133.60111055861628,123.56315054995133
2026-02-01,Kampala,11573.29113153154,0.4988173897120534,19.0,0.0720095219202539,0.927990478079746,0.5011826102879465,1.0000305189751728,3.000045778462759,0.3152,32.5816,0.300000000000001,32.60000000000005,0.003811938231205554,0.000841126535281009,-0.0035672709436701372,291.3060087446707,1.0,0.0001332282218980338,295.2110314013177,295.7837509321757,295.7506436225767,295.6558963577748,295.52271828284773,0.35545335591451255,0.3497737749169753,0.3454519105825808,0.3581924292345093,88232.91337438108,295.06898131797885,0.14904159349228155,0.8709184490311559,106.02529819347494,3.37909396628712,122.17847996685288,124.51868727982874
2026-03-01,Kampala,11573.29113153154,0.4988173897120534,19.0,0.0720095219202539,0.927990478079746,0.5011826102879465,1.0000305189751728,3.000045778462759,0.3152,32.5816,0.300000000000001,32.60000000000005,0.003968819011773243,0.0007478329004460827,-0.003610224958299934,291.38294411779594,1.0,0.00012847559578863844,295.3570325451946,295.94436507368215,295.91184996134206,295.81557108974533,295.6256315704789,0.3522795197109924,0.34532195832613627,0.3381246664479152,0.35535270422189935,88223.49257807825,295.20896110099005,0.16700009321478512,1.019388607836233,110.59603745649298,3.3358579131180655,113.07051132429679,124.26375309411024
2026-04-01,Kampala,11573.29113153154,0.4988173897120534,19.0,0.0720095219202539,0.927990478079746,0.5011826102879465,1.0000305189751728,3.000045778462759,0.3152,32.5816,0.300000000000001,32.60000000000005,0.004518668712009896,0.0008473900855894403,-0.0035500382140294397,291.53908277155756,1.0,0.00014171061946567862,295.30992049224113,295.90416655593873,295.89127210326427,295.84828224781967,295.72532802108725,0.3590973396755263,0.35215122188478704,0.3411163233948376,0.3537532059202062,88225.49532360688,295.16174893795113,0.18516019513623835,1.1731413825433847,128.08102000945635,3.2530746887588946,114.26329850402425,124.53966276613988
2026-05-01,Kampala,11573.29113153154,0.4988173897120534,19.0,0.0720095219202539,0.927990478079746,0.5011826102879465,1.0000305189751728,3.000045778462759,0.3152,32.5816,0.300000000000001,32.60000000000005,0.004880922989499476,0.001078608629076616,-0.003465814683350644,291.5874014771438,1.0,0.00015651746951080898,295.10676119325586,295.7011755759638,295.7132425548172,295.74450940331735,295.75570624511676,0.36808501692397905,0.36231419352327277,0.35085109897467737,0.35601064132564786,88251.41793479385,294.98295109334117,0.16631248201306525,1.260045156841705,141.75964958483542,3.2552668596346783,126.11883717495432,124.82882890136393
2026-06-01,Kampala,11573.29113153154,0.4988173897120534,19.0,0.0720095219202539,0.927990478079746,0.5011826102879465,1.0000305189751728,3.000045778462759,0.3152,32.5816,0.300000000000001,32.60000000000005,0.004557588253911623,0.0011356148990845113,-0.0034038079505343435,291.41504114693726,1.0,0.00015369418846150745,294.8863388380948,295.47915072485233,295.5050043881144,295.5794575016185,295.70284972867233,0.3690198707362296,0.3642917670249013,0.3561915970486047,0.3596616042644296,88290.33904812516,294.7933285529605,0.10420540827521681,1.2118058149679332,129.90382716580777,3.304982021395626,132.6865439869059,123.76296453654896
2026-07-01,Kampala,11573.29113153154,0.4988173897120534,19.0,0.0720095219202539,0.927990478079746,0.5011826102879465,1.0000305189751728,3.000045778462759,0.3152,32.5816,0.300000000000001,32.60000000000005,0.003866559875087279,0.0009907553459523862,-0.003386584926935428,291.1093521967869,1.0,0.00013631595852790212,294.7424072054346,295.3381919625204,295.3631399367311,295.440849443138,295.600731781025,0.3597854085808802,0.35501183290349747,0.35128553409410523,0.36135864067469575,88323.0806255868,294.6487458610039,0.0486381204370103,1.0785113061550946,108.5361894492661,3.3914261988038388,126.22165205706976,121.2312897070971
2026-08-01,Kampala,11573.29113153154,0.4988173897120534,19.0,0.0720095219202539,0.927990478079746,0.5011826102879465,1.0000305189751728,3.000045778462759,0.3152,32.5816,0.300000000000001,32.60000000000005,0.0034787269687801057,0.0007266921008593021,-0.00339051515787106,290.931468176199,1.0,0.00012570172368485868,294.691597542294,295.29066726817206,295.3075544956636,295.3654647378287,295.4988975292122,0.35212752122574803,0.34566013103342014,0.3404078833199102,0.3588788349782987,88332.01694004486,294.5609398630656,0.022274996285041895,0.8107248016915763,99.13318252239863,3.4102917222328952,111.93176575584648,120.08224456737416
2026-09-01,Kampala,11573.29113153154,0.4988173897120534,19.0,0.0720095219202539,0.927990478079746,0.5011826102879465,1.0000305189751728,3.000045778462759,0.3152,32.5816,0.300000000000001,32.60000000000005,0.003592239265161177,0.0006011424727356995,-0.0034104866963334812,291.01403228609274,1.0,0.0001304541438167578,294.7656165156959,295.3588118843711,295.357937445913,295.36498680964957,295.4263766057102,0.351623605854918,0.34408874140383644,0.3347515282775983,0.35493170608719676,88316.54711771576,294.5793449035293,0.03526254843144611,0.5957455418608221,108.88735632024877,3.314876059568567,105.15591698248596,119.8839182909162
2026-10-01,Kampala,11573.29113153154,0.4988173897120534,19.0,0.0720095219202539,0.927990478079746,0.5011826102879465,1.0000305189751728,3.000045778462759,0.3152,32.5816,0.300000000000001,32.60000000000005,0.004005276393734095,0.0006080908730880853,-0.003428247594832177,291.2703368388913,1.0,0.00014614941843502536,294.89111261673366,295.47712028909456,295.46530106060936,295.4381704717777,295.4105306286878,0.35865481584111497,0.3505344132998934,0.33623626222256586,0.3519521559967611,88286.81976135467,294.65204806970434,0.09378524149799772,0.4044966170961204,127.66390633514375,3.3030312852060093,111.46558703378867,119.71033595538461
2026-11-01,Kampala,11573.29113153154,0.4988173897120534,19.0,0.0720095219202539,0.927990478079746,0.5011826102879465,1.0000305189751728,3.000045778462759,0.3152,32.5816,0.300000000000001,32.60000000000005,0.004409550781827743,0.0007426180969581148,-0.0034114241951595536,291.4374796327599,1.0,0.00016181755137336762,294.9445075263639,295.52633739951034,295.5148311758075,295.48559075311414,295.4334470195225,0.36599059683679486,0.3590571720610169,0.3444796618489776,0.35189717931593395,88261.00026427855,294.69014824923397,0.16261420011469277,0.3981533659639513,141.36786142841302,3.3736432994266106,125.55928747528641,119.58352041562365
2026-12-01,Kampala,11573.29113153154,0.4988173897120534,19.0,0.0720095219202539,0.927990478079746,0.5011826102879465,1.0000305189751728,3.000045778462759,0.3152,32.5816,0.300000000000001,32.60000000000005,0.004449566651295763,0.0009032445855657419,-0.003403368289308966,291.44068501346345,1.0,0.00016467044741609962,294.9491888798394,295.52526544883295,295.51602258806145,295.4952521155156,295.4572309611973,0.3684147187837857,0.3628220395903623,0.35175342204597554,0.3547550808298978,88248.65738795493,294.7286302833234,0.1935784249013578,0.49603122744414846,138.84008898026443,3.420811523695985,135.2437180116403,121.0973591152317
2027-01-01,Kampala,11573.29113153154,0.4988173897120534,19.0,0.0720095219202539,0.927990478079746,0.5011826102879465,1.0000305189751728,3.000045778462759,0.3152,32.5816,0.300000000000001,32.60000000000005,0.004176817712180664,0.0009361879806141569,-0.0034546730342846694,291.33457351338006,1.0,0.00015298883782224122,295.0254436837418,295.5970572805868,295.57857238467494,295.53250526710326,295.47880722618083,0.3637705579729256,0.3587115626070306,0.35176176346799504,0.35725795237700736,88243.23163928633,294.86131254568346,0.17200813490229025,0.6648684852638865,123.97210793115262,3.4795204902658567,134.10025420990232,123.89664658162627
2027-02-01,Kampala,11573.29113153154,0.4988173897120534,19.0,0.0720095219202539,0.927990478079746,0.5011826102879465,1.0000305189751728,3.000045778462759,0.3152,32.5816,0.300000000000001,32.60000000000005,0.0037878978772766156,0.0008239728933520001,-0.003543621673365347,291.29966974880347,1.0,0.00013231963781200668,295.23284006014524,295.8064271896289,295.7711882782045,295.6725041196737,295.53151046916213,0.3545813234760165,0.348844347862651,0.34419657659524233,0.35717894951819157,88234.6331761265,295.099773691047,0.14895605328203324,0.8698064140237411,105.6082571487022,3.409316927027234,122.3371724859867,125.26574724274026
2027-03-01,Kampala,11573.29113153154,0.4988173897120534,19.0,0.0720095219202539,0.927990478079746,0.5011826102879465,1.0000305189751728,3.000045778462759,0.3152,32.5816,0.300000000000001,32.60000000000005,0.003963278056028532,0.0007291451911448773,-0.0035814545133917735,291.36666305380646,1.0,0.00012791574998158536,295.3632026919174,295.95027225455306,295.9197662159842,295.82481683681016,295.6381734143,0.3516332632931884,0.34447102111723765,0.3368225647234034,0.35377549203537967,88223.14014903095,295.2243784230534,0.1663252649557458,1.0301286304200472,110.18922327619411,3.442665556168068,112.53406023393943,124.53347538114785
2027-04-01,Kampala,11573.29113153154,0.4988173897120534,19.0,0.0720095219202539,0.927990478079746,0.5011826102879465,1.0000305189751728,3.000045778462759,0.3152,32.5816,0.300000000000001,32.60000000000005,0.0044870239643529175,0.0008288476604660179,-0.003524570650839658,291.5106235493741,1.0,0.0001403874054185726,295.31627234161647,295.91110477036875,295.8990793783035,295.85816804695537,295.73690151834325,0.35797555394781916,0.35081119810565903,0.33949491622796796,0.35189786895444947,88225.36069780604,295.17496990356375,0.18468630266229424,1.1882437982283913,127.43278018544122,3.4233838987919363,113.84052905251933,124.36988316853143
2027-05-01,Kampala,11573.29113153154,0.4988173897120534,19.0,0.0720095219202539,0.927990478079746,0.5011826102879465,1.0000305189751728,3.000045778462759,0.3152,32.5816,0.300000000000001,32.60000000000005,0.004874224958869762,0.0010727358524743956,-0.003436347576711377,291.5501273648306,1.0,0.00015639718675006012,295.10900747653096,295.7018993809866,295.71542886764786,295.74790696905126,295.766582814582,0.3670473599505613,0.3610475480016504,0.3492663733730454,0.35397805410464306,88250.48581154912,294.99056230563286,0.16519369506455633,1.2716871181836227,142.58279206427252,3.4402096986575876,126.09730642916354,124.50708011575887
2027-06-01,Kampala,11573.29113153154,0.4988173897120534,19.0,0.0720095219202539,0.927990478079746,0.5011826102879465,1.0000305189751728,3.000045778462759,0.3152,32.5816,0.300000000000001,32.60000000000005,0.004541068837639162,0.0011261460546599618,-0.003370423247710272,291.40880032496216,1.0,0.00015362470076184207,294.90919137506717,295.4975706463619,295.5217419981561,295.59177367072806,295.7116450613874,0.367922651828224,0.3629903526113251,0.35477684746531263,0.35812756589580713,88289.02348688386,294.8125328033752,0.1035046342255936,1.2003814635554455,131.9187760211937,3.5615159042336053,133.4404883061098,124.2255763962586
2027-07-01,Kampala,11573.29113153154,0.4988173897120534,19.0,0.0720095219202539,0.927990478079746,0.5011826102879465,1.0000305189751728,3.000045778462759,0.3152,32.5816,0.300000000000001,32.60000000000005,0.003862375430049997,0.0009780918567419159,-0.003356119146215608,291.10585149404005,1.0,0.0001365022245846489,294.75979564077244,295.35330519428106,295.38016500510986,295.4535165345289,295.611277947652,0.35895344234626814,0.353921041085875,0.35023613293169314,0.36007701708846734,88322.844535784,294.6685864105165,0.04729222145360251,1.0767932655856207,109.27907772515478,3.524611469092198,126.97813446265923,121.89599068875907
2027-08-01,Kampala,11573.29113153154,0.4988173897120534,19.0,0.0720095219202539,0.927990478079746,0.5011826102879465,1.0000305189751728,3.000045778462759,0.3152,32.5816,0.300000000000001,32.60000000000005,0.003449802943677462,0.0007049183075083951,-0.0033678607379057403,290.9210477381601,1.0,0.0001249839042398538,294.7048590806024,295.30477155865094,295.3231202226817,295.3778877466155,295.5111109861933,0.3515131799241386,0.3446751062671903,0.33930091677055546,0.3576558703963972,88332.25704617756,294.5812597410781,0.020731052829841255,0.8012254252498613,98.32205064716237,3.525558705602547,112.15681899469452,120.54812102435885
2027-09-01,Kampala,11573.29113153154,0.4988173897120534,19.0,0.0720095219202539,0.927990478079746,0.5011826102879465,1.0000305189751728,3.000045778462759,0.3152,32.5816,0.300000000000001,32.60000000000005,0.003561892392232155,0.0005805424774034965,-0.0033947133890970655,290.98556609645647,1.0,0.0001287315694191418,294.7725030569448,295.36963087650673,295.3698153233526,295.3750330481101,295.43987178897436,0.3508569411004315,0.3429861515497441,0.3333837135459909,0.3534622540083791,88318.67685299083,294.60172152269064,0.03428804630569649,0.6220301802066438,106.20478101278889,3.3538102588684215,104.22972195371705,119.88059599731122
2027-10-01,Kampala,11573.29113153154,0.4988173897120534,19.0,0.0720095219202539,0.927990478079746,0.5011826102879465,1.0000305189751728,3.000045778462759,0.3152,32.5816,0.300000000000001,32.60000000000005,0.003985141480729533,0.0005915290090178788,-0.0033991189538108806,291.2385360128187,1.0,0.00014511599647608459,294.888857859431,295.4781811081076,295.4691826478342,295.4451949223309,295.4249627490471,0.35756280793692885,0.3492967465739838,0.3347319022078287,0.3501940451669321,88286.43169709331,294.65851649587495,0.09348509321629224,0.4182122021753709,128.7242753448563,3.4346943612232153,110.84328780232306,119.71845741014373
2027-11-01,Kampala,11573.29113153154,0.4988173897120534,19.0,0.0720095219202539,0.927990478079746,0.5011826102879465,1.0000305189751728,3.000045778462759,0.3152,32.5816,0.300000000000001,32.60000000000005,0.004398085623250028,0.0007295226804730667,-0.0033790327259976987,291.416280432893,1.0,0.00016154251621013386,294.94867313338693,295.5310701217496,295.5211317537392,295.4936045911286,295.44514647666847,0.3646872136410219,0.3576439011580825,0.34303703060074325,0.35000595028234965,88259.7548130525,294.6965937780138,0.16148392186538715,0.40818298229832367,142.39207478804857,3.492452813582388,125.40502926701733,119.58220859373775
2027-12-01,Kampala,11573.29113153154,0.4988173897120534,19.0,0.0720095219202539,0.927990478079746,0.5011826102879465,1.0000305189751728,3.000045778462759,0.3152,32.5816,0.300000000000001,32.60000000000005,0.00443119103519942,0.0008914089089832756,-0.003372603790766071,291.4162963548741,1.0,0.00016484801970732742,294.9569625475778,295.53130548300646,295.5235279392189,295.5031598204542,295.46674623569453,0.3672050991991464,0.3613526760621399,0.35044140514155825,0.3531438697268339,88247.5652530322,294.73487237768467,0.19209006146409502,0.4829360143487697,140.5361092484283,3.558763407289666,136.18787164811613,121.25864590453511
2028-01-01,Kampala,11573.29113153154,0.4988173897120534,19.0,0.0720095219202539,0.927990478079746,0.5011826102879465,1.0000305189751728,3.000045778462759,0.3152,32.5816,0.300000000000001,32.60000000000005,0.004158559967588855,0.0009222282497168603,-0.0034314042909459274,291.32198822401847,1.0,0.00015298690235638842,295.0473836755961,295.61552709475626,295.595266654588,295.545650864852,295.4875333793004,0.3629811293013489,0.35757049371427607,0.3504323451572698,0.35598504650765855,88243.11035596649,294.8841335355798,0.1704264026193596,0.6514103140181224,123.3619591850071,3.543988495549216,134.61251606536015,124.16275733733015
2028-02-01,Kampala,11573.29113153154,0.4988173897120534,19.0,0.0720095219202539,0.927990478079746,0.5011826102879465,1.0000305189751728,3.000045778462759,0.3152,32.5816,0.300000000000001,32.60000000000005,0.0037570325321618896,0.0008060491468171245,-0.003519918412127995,291.29126450946023,1.0,0.0001314510074743646,295.25758919673314,295.8274942468604,295.7924851176963,295.69144379928883,295.54187785883005,0.3537530603533407,0.3477841947405711,0.3430635311044321,0.35621013997703493,88236.02433348239,295.1294079637146,0.14887740083107817,0.8675814246576294,105.1478484975537,3.548576742443789,122.61968137983251,125.94255173631105
2028-03-01,Kampala,11573.29113153154,0.4988173897120534,19.0,0.0720095219202539,0.927990478079746,0.5011826102879465,1.0000305189751728,3.000045778462759,0.3152,32.5816,0.300000000000001,32.60000000000005,0.003900907972545793,0.0007065330024156683,-0.0035625785306681937,291.3989129286999,1.0,0.0001254176361682885,295.43380914033224,296.01544727408714,295.9802968472049,295.8656262216028,295.64542513112906,0.3500864711626299,0.342944010138214,0.33550612360450044,0.35352283351564,88224.08867729174,295.29822065641264,0.16711752590282783,1.0650728081719678,109.99768958537165,3.5583378393130247,113.38188420546635,126.97901949996348
2028-04-01,Kampala,11573.29113153154,0.4988173897120534,19.0,0.0720095219202539,0.927990478079746,0.5011826102879465,1.0000305189751728,3.000045778462759,0.3152,32.5816,0.300000000000001,32.60000000000005,0.004491202620663733,0.0008148826104480612,-0.003491812692034059,291.55476852207926,1.0,0.00014041901481465298,295.3569668474866,295.9491863673864,295.93883643152765,295.8904051848906,295.7470758086732,0.3570330826936963,0.3496221667615771,0.33904056555798306,0.35188212461186313,88227.72909637126,295.2221610695947,0.18507857887240275,1.2238501235051082,127.94450924107916,3.5535151848093807,114.8994485020505,126.94947926429853
2028-05-01,Kampala,11573.29113153154,0.4988173897120534,19.0,0.0720095219202539,0.927990478079746,0.5011826102879465,1.0000305189751728,3.000045778462759,0.3152,32.5816,0.300000000000001,32.60000000000005,0.004832628128543484,0.0010426459070474008,-0.003409980510016086,291.5867516510403,1.0,0.00015493037375508153,295.1491372337826,295.74084655854585,295.75388619824724,295.77798680092405,295.7780239404871,0.36666025445390327,0.3602034301685905,0.3486178573727823,0.3538069830047548,88253.32141481382,295.034872763194,0.1650680875295535,1.2509198843474214,140.61233633941666,3.4730683124990875,126.43108632710705,126.26261685043816
2028-06-01,Kampala,11573.29113153154,0.4988173897120534,19.0,0.0720095219202539,0.927990478079746,0.5011826102879465,1.0000305189751728,3.000045778462759,0.3152,32.5816,0.300000000000001,32.60000000000005,0.00452462972713834,0.0011003647810809093,-0.0033603678544154194,291.3534753819747,1.0,0.00015177788143834578,294.88138685143144,295.4798983414559,295.51044824078764,295.59656505062827,295.7307539182434,0.36764672880228194,0.362385792286116,0.35388379783071655,0.35646739865130445,88293.07970406866,294.81499545520325,0.10224493036029936,1.2468876159133433,126.66571116341565,3.6049657261021033,131.62507741106808,123.5716950788509
2028-07-01,Kampala,11573.29113153154,0.4988173897120534,19.0,0.0720095219202539,0.927990478079746,0.5011826102879465,1.0000305189751728,3.000045778462759,0.3152,32.5816,0.300000000000001,32.60000000000005,0.003801615458154741,0.0009527988946424192,-0.0033602868799165546,291.0383928766417,1.0,0.0001335316243581898,294.7471731269677,295.3477419535341,295.3720662350599,295.4513873577687,295.6233479292547,0.3577206682047321,0.35274647585847485,0.3481875083825052,0.3575256737218086,88323.60433232402,294.6708861248324,0.04815257944537223,1.091769666295879,108.00706604858277,3.672943732949957,125.07139656845021,120.7914848716916
2028-08-01,Kampala,11573.29113153154,0.4988173897120534,19.0,0.0720095219202539,0.927990478079746,0.5011826102879465,1.0000305189751728,3.000045778462759,0.3152,32.5816,0.300000000000001,32.60000000000005,0.0034430656997445747,0.000704592728428494,-0.0033536049407524595,290.87359254904317,1.0,0.00012493257512418687,294.701179327682,295.3034340025669,295.31834668027165,295.37721044697497,295.51774270067034,0.3495229313877966,0.34297572091564504,0.3374323172636635,0.35501067187529833,88330.67860137364,294.580581883373,0.021183335761454036,0.8443600408155353,101.15948333746707,3.719578252376156,111.8621066758842,120.00710976643131
2028-09-01,Kampala,11573.29113153154,0.4988173897120534,19.0,0.0720095219202539,0.927990478079746,0.5011826102879465,1.0000305189751728,3.000045778462759,0.3152,32.5816,0.300000000000001,32.60000000000005,0.0035711192417216425,0.0005789551379388396,-0.003357451669163921,290.9935001754402,1.0,0.0001316311849673133,294.7895108249856,295.38259721034785,295.3785727859576,295.3808200256589,295.441806138157,0.3493760389238314,0.3413017348591652,0.33193761129279853,0.3516977957924625,88311.2751430268,294.59825773986483,0.03347395882960119,0.5545020552459018,114.73736068145688,3.60103458787543,107.17626911772521,120.7154379106414
2028-10-01,Kampala,11573.29113153154,0.4988173897120534,19.0,0.0720095219202539,0.927990478079746,0.5011826102879465,1.0000305189751728,3.000045778462759,0.3152,32.5816,0.300000000000001,32.60000000000005,0.0039699749575915835,0.0005789684761094291,-0.0033789997630969937,291.2579465550809,1.0,0.00014599289715578505,294.9345574248951,295.518568635391,295.50315677552936,295.46482893105986,295.42861934931926,0.3568942917648424,0.3482445932039866,0.3339425522607358,0.3494085536217167,88287.07802748501,294.70170756325297,0.09000820820519735,0.384637865409348,126.14421298197884,3.47228185720491,112.9941798436551,120.47216862547839
2028-11-01,Kampala,11573.29113153154,0.4988173897120534,19.0,0.0720095219202539,0.927990478079746,0.5011826102879465,1.0000305189751728,3.000045778462759,0.3152,32.5816,0.300000000000001,32.60000000000005,0.004367888628468229,0.0007073381965734222,-0.003378999763096993,291.40569529218095,1.0,0.0001601645440603074,294.9751765866849,295.5579801982854,295.5469966122981,295.51406452626867,295.45704941927175,0.3646376192283032,0.35713474880986357,0.34216503446898566,0.34964133794314806,88263.64772890224,294.7413450264564,0.1611207701852008,0.3854881814450561,139.9273998940816,3.5961473922185583,126.07459884363993,120.43568810854254
2028-12-01,Kampala,11573.29113153154,0.4988173897120534,19.0,0.0720095219202539,0.927990478079746,0.5011826102879465,1.0000305189751728,3.000045778462759,0.3152,32.5816,0.300000000000001,32.60000000000005,0.004414014129524627,0.0008623644804911806,-0.0033670712552219245,291.4136109929004,1.0,0.0001621289824413777,294.9766500038923,295.5511396639634,295.54429898261145,295.5240046151671,295.48491054322045,0.3669730202789648,0.361005550847512,0.3492902162220257,0.3518668486078635,88250.89110309344,294.7790330007378,0.19343588560402739,0.5331649446428459,135.7340567717334,3.646502655093471,133.76068816884182,121.6963053865016
2029-01-01,Kampala,11573.29113153154,0.4988173897120534,19.0,0.0720095219202539,0.927990478079746,0.5011826102879465,1.0000305189751728,3.000045778462759,0.3152,32.5816,0.300000000000001,32.60000000000005,0.004132702653281168,0.0009017249006326154,-0.0034036248256866884,291.2817202224146,1.0,0.00015065989438207985,295.02430902564345,295.6001232637947,295.5890158291906,295.5563743830549,295.5075083696331,0.3614050107342636,0.3560532977699186,0.3491189363842416,0.35378856874082437,88242.47443058186,294.8760989554286,0.17396773180443495,0.7082871706920817,125.38336301468819,3.7178804672266974,133.28556984540762,124.11184724873199
2029-02-01,Kampala,11573.29113153154,0.4988173897120534,19.0,0.0720095219202539,0.927990478079746,0.5011826102879465,1.0000305189751728,3.000045778462759,0.3152,32.5816,0.300000000000001,32.60000000000005,0.003764766935889603,0.0008029284329859423,-0.003479442776955518,291.23520757407596,1.0,0.0001322132427450351,295.2293574798335,295.8044946728649,295.77173519292324,295.68377819436654,295.5548849377981,0.35239398682057743,0.3463249982342356,0.3413001215449245,0.3530244517178318,88231.0967315416,295.1035541232745,0.14760244022224955,0.8829489200431618,107.0238568643641,3.640235283776995,122.15160686730354,124.5879352270364
2029-03-01,Kampala,11573.29113153154,0.4988173897120534,19.0,0.0720095219202539,0.927990478079746,0.5011826102879465,1.0000305189751728,3.000045778462759,0.3152,32.5816,0.300000000000001,32.60000000000005,0.003904700757921624,0.000711678696996826,-0.0035263372434451387,291.3232717093769,1.0,0.0001269776797020386,295.39501457486443,295.98162787089905,295.9478935652839,295.8480567659295,295.6544620638529,0.34913644155821383,0.34174071825084634,0.3340273160663256,0.3506240488207349,88223.20580163959,295.25855785817225,0.16527224738653334,1.023846285393117,111.55498565310046,3.676944355287819,113.70781295768707,124.7800923615087
2029-04-01,Kampala,11573.29113153154,0.4988173897120534,19.0,0.0720095219202539,0.927990478079746,0.5011826102879465,1.0000305189751728,3.000045778462759,0.3152,32.5816,0.300000000000001,32.60000000000005,0.004479660887120606,0.0008108922148739327,-0.003468235579047303,291.49255640814516,1.0,0.00014129253046298897,295.3482934443953,295.9396054341787,295.9261416797012,295.88049178392686,295.7552327729558,0.35654532927186783,0.34890231380171194,0.33722563746121953,0.34927067740443296,88224.84846526188,295.21359909910683,0.18244365714644026,1.1746579215564878,129.01776397085104,3.713542752310428,114.9405098708233,125.3270757319941
2029-05-01,Kampala,11573.29113153154,0.4988173897120534,19.0,0.0720095219202539,0.927990478079746,0.5011826102879465,1.0000305189751728,3.000045778462759,0.3152,32.5816,0.300000000000001,32.60000000000005,0.004818425315564523,0.0010302993794535106,-0.0033924176277784733,291.55079236322524,1.0,0.00015467905407881444,295.15069256033524,295.74301774627116,295.75519973033266,295.77993364300613,295.78764050731473,0.3655649670677703,0.3590069354000311,0.3471262954637943,0.35179630209620866,88252.01973108726,295.0410178971261,0.16452841138382066,1.2628314376453253,141.36108216956268,3.7529380799612397,126.4345579716509,125.88431921965571
2029-06-01,Kampala,11573.29113153154,0.4988173897120534,19.0,0.0720095219202539,0.927990478079746,0.5011826102879465,1.0000305189751728,3.000045778462759,0.3152,32.5816,0.300000000000001,32.60000000000005,0.004502893505712225,0.0010880215848541232,-0.0033369300600000003,291.34437219408005,1.0,0.00015169001410152147,294.9050791996594,295.50091128842115,295.5293127969251,295.6067830738236,295.73827775082526,0.36642766682044486,0.3610447072223397,0.35241431469155193,0.3549633721371546,88291.42525512987,294.83557743802544,0.10189892995504823,1.2356230855442867,128.50737114550816,3.7175837574653134,132.31598535066416,124.07392758555629
2029-07-01,Kampala,11573.29113153154,0.4988173897120534,19.0,0.0720095219202539,0.927990478079746,0.5011826102879465,1.0000305189751728,3.000045778462759,0.3152,32.5816,0.300000000000001,32.60000000000005,0.003794090903922785,0.0009436047441369284,-0.0033369300600000003,291.0326910545994,1.0,0.00013374651534612698,294.7657086980992,295.36460545522726,295.38881966115366,295.4648083164985,295.6331380783497,0.3568036219078379,0.35150867849297224,0.3470535882724586,0.3563433970246388,88323.24999114506,294.69013085970397,0.04700855023237701,1.0910433659471803,108.60406196512129,3.7348076569273267,125.7195338912594,121.46405316986636
2029-08-01,Kampala,11573.29113153154,0.4988173897120534,19.0,0.0720095219202539,0.927990478079746,0.5011826102879465,1.0000305189751728,3.000045778462759,0.3152,32.5816,0.300000000000001,32.60000000000005,0.0034202850510007578,0.0006888279277057276,-0.0033369300600000003,290.8603063468395,1.0,0.00012421277750146052,294.71600386462325,295.3178996733506,295.33353385798983,295.39082482563805,295.52987203476886,0.34884945277626106,0.3419769280509933,0.33619987050389494,0.35381025526681475,88331.33144632696,294.6012847911645,0.020481414845203022,0.8327507280695922,100.391244367624,3.6994134065701423,111.95044125350186,120.52025571950765
2029-09-01,Kampala,11573.29113153154,0.4988173897120534,19.0,0.0720095219202539,0.927990478079746,0.5011826102879465,1.0000305189751728,3.000045778462759,0.3152,32.5816,0.300000000000001,32.60000000000005,0.003539385651139461,0.0005627322884177501,-0.0033492405880611743,290.9630752010762,1.0,0.00012989007737258132,294.7967829247374,295.39192067056405,295.3878136906953,295.3911419244926,295.45565533172226,0.3485525801334058,0.3403627930917341,0.33061557418754334,0.35021304768569417,88313.87971617229,294.6191600377834,0.03365079289067165,0.5802725016559086,111.9544136407222,3.7096228781526253,106.15020601048498,120.72822309225872
2029-10-01,Kampala,11573.29113153154,0.4988173897120534,19.0,0.0720095219202539,0.927990478079746,0.5011826102879465,1.0000305189751728,3.000045778462759,0.3152,32.5816,0.300000000000001,32.60000000000005,0.003945369865117865,0.0005664981818069288,-0.0033550628300698447,291.22558977023255,1.0,0.0001450488612036431,294.9316655650379,295.5183408762728,295.5045278748273,295.47082638331955,295.44205947750334,0.3557733270555506,0.34710727217034787,0.3323724598311622,0.34756711285676817,88286.81188742614,294.7093719246939,0.09102268394900882,0.3997378041809669,126.91526289150177,3.6968543765273387,112.34063137613377,120.49829513574599
2029-11-01,Kampala,11573.29113153154,0.4988173897120534,19.0,0.0720095219202539,0.927990478079746,0.5011826102879465,1.0000305189751728,3.000045778462759,0.3152,32.5816,0.300000000000001,32.60000000000005,0.004347793509263317,0.0006958027719528897,-0.0033550628300698447,291.38121169856794,1.0,0.0001599256721300593,294.97972907445995,295.5619801088488,295.5518978548361,295.5204525358701,295.4669983957313,0.36333698205216053,0.35581380238127114,0.340712925350754,0.3476698278585197,88262.07060010674,294.74854570665406,0.16080932731348205,0.3980730739634788,140.67276891323283,3.6997441079718087,125.9352703144804,120.37358444734097
2029-12-01,Kampala,11573.29113153154,0.4988173897120534,19.0,0.0720095219202539,0.927990478079746,0.5011826102879465,1.0000305189751728,3.000045778462759,0.3152,32.5816,0.300000000000001,32.60000000000005,0.004393540817867064,0.0008527161868683067,-0.0033441471937892034,291.3876914277816,1.0,0.00016239432352373997,294.9842981478416,295.5596974209954,295.5517287132636,295.53125063454127,295.492913866754,0.3657485160509082,0.35960278480549396,0.3479171248416075,0.35015367502112343,88249.33391187887,294.78673189218233,0.19224452105497944,0.5205751412827712,137.31187849701953,3.7325245239644644,134.5953084948907,121.72077660960763
2030-01-01,Kampala,11573.29113153154,0.4988173897120534,19.0,0.0720095219202539,0.927990478079746,0.5011826102879465,1.0000305189751728,3.000045778462759,0.3152,32.5816,0.300000000000001,32.60000000000005,0.0041169079653585,0.0008863970282206381,-0.0033875504999634452,291.26822052383045,1.0,0.00015070081119740445,295.0465257451156,295.61995180942,295.6057304802143,295.5664101201424,295.5139458568778,0.3606510265271699,0.35502051249739736,0.34777892634565694,0.3523556369196464,88242.41374409193,294.9014400301948,0.17199796232042988,0.6913240501000733,124.74524917267483,3.729865085943446,133.75570437812516,124.32473210511853
2030-02-01,Kampala,11573.29113153154,0.4988173897120534,19.0,0.0720095219202539,0.927990478079746,0.5011826102879465,1.0000305189751728,3.000045778462759,0.3152,32.5816,0.300000000000001,32.60000000000005,0.0037361100018872234,0.0007806813549799339,-0.0034554320221390302,291.22885971448045,1.0,0.0001312485004369393,295.25374493958014,295.82691681803976,295.793765080784,295.6987671759812,295.56446996433573,0.35157369688578033,0.34522466461685536,0.3400346118292723,0.3519224744185318,88232.618793851,295.1345777270314,0.14694576167101822,0.8793578251206,106.4758386303007,3.777530788666382,122.36697166816627,125.27560012258378
2030-03-01,Kampala,11573.29113153154,0.4988173897120534,19.0,0.0720095219202539,0.927990478079746,0.5011826102879465,1.0000305189751728,3.000045778462759,0.3152,32.5816,0.300000000000001,32.60000000000005,0.0038944278217613823,0.0006888424904518114,-0.0034980786246859674,291.3061857964789,1.0,0.00012649555208868687,295.4010369613954,295.98590216901795,295.9564580991577,295.85784506201213,295.6674032113352,0.3483810096413969,0.34077639205106997,0.3326580589143901,0.3490295770809813,88223.21799301577,295.27335624602864,0.16443589493891167,1.0299675696650283,111.1179045410788,3.7918988220988683,113.33786026485593,125.02407391810958
2030-04-01,Kampala,11573.29113153154,0.4988173897120534,19.0,0.0720095219202539,0.927990478079746,0.5011826102879465,1.0000305189751728,3.000045778462759,0.3152,32.5816,0.300000000000001,32.60000000000005,0.004443705284792065,0.0007891989855588767,-0.0034488530765030543,291.4622244766417,1.0,0.00013988493569049707,295.354125836514,295.9460569844639,295.935904941244,295.89060507297415,295.76704316176637,0.3552308905057973,0.3475673650490438,0.3356594126570152,0.34746971307421237,88225.18416091253,295.2257917685317,0.18205799829590666,1.1853195289062208,128.5332918797152,3.821402151249302,114.58069004622412,125.24119775896656
2030-05-01,Kampala,11573.29113153154,0.4988173897120534,19.0,0.0720095219202539,0.927990478079746,0.5011826102879465,1.0000305189751728,3.000045778462759,0.3152,32.5816,0.300000000000001,32.60000000000005,0.004806112607020859,0.001022105898065454,-0.0033809715543274698,291.5106170230294,1.0,0.00015448387274894683,295.1514290877231,295.7440987857437,295.75807976390064,295.78578192314944,295.7983588024995,0.36419015602257776,0.3577158708651093,0.3454519148719204,0.34978864739022875,88251.29583198352,295.0469173073022,0.16336174604923076,1.2720279662841196,142.25959233661635,3.895127447832739,126.41115431426323,125.55126081256577
2030-06-01,Kampala,11573.29113153154,0.4988173897120534,19.0,0.0720095219202539,0.927990478079746,0.5011826102879465,1.0000305189751728,3.000045778462759,0.3152,32.5816,0.300000000000001,32.60000000000005,0.004480490770126661,0.00107708436427569,-0.0033369300600000003,291.3371612970193,1.0,0.00015170347034505335,294.9296225363901,295.520604287196,295.54623765497314,295.6207612543407,295.7463710413368,0.3651807144929469,0.35975419368561196,0.35086293818701003,0.3534514563370692,88290.1817008701,294.8571943237519,0.10113713926059209,1.2219420335249838,130.44018710103342,3.962516858115499,132.9138022965874,124.47356622005317
2030-07-01,Kampala,11573.29113153154,0.4988173897120534,19.0,0.0720095219202539,0.927990478079746,0.5011826102879465,1.0000305189751728,3.000045778462759,0.3152,32.5816,0.300000000000001,32.60000000000005,0.003785925823878667,0.0009306223254966915,-0.0033369300600000003,291.0296165890639,1.0,0.00013429387910191416,294.7862207442503,295.3807336595369,295.40447388667945,295.48135479361815,295.64348569371424,0.3559296299089833,0.35044565316570647,0.34596463529502136,0.35509128795475475,88323.18096131801,294.7132589759452,0.045863032375538126,1.0874480850474135,108.99319294437987,4.016131163823959,126.38231420954578,122.01541448391521
2030-08-01,Kampala,11573.29113153154,0.4988173897120534,19.0,0.0720095219202539,0.927990478079746,0.5011826102879465,1.0000305189751728,3.000045778462759,0.3152,32.5816,0.300000000000001,32.60000000000005,0.003395806180614792,0.0006655042231635288,-0.0033369300600000003,290.8503866977796,1.0,0.00012377962165013875,294.7328181779366,295.3326211380779,295.3493135050623,295.40692547756413,295.5418983133746,0.348285021823489,0.34105001827601394,0.33509027961921967,0.35262704546708323,88331.86539350679,294.62452257634004,0.019574421074739855,0.8196702586787339,99.44643661956941,3.935254218238891,112.12610513554291,120.89735354859415
2030-09-01,Kampala,11573.29113153154,0.4988173897120534,19.0,0.0720095219202539,0.927990478079746,0.5011826102879465,1.0000305189751728,3.000045778462759,0.3152,32.5816,0.300000000000001,32.60000000000005,0.0035120376089895315,0.0005412265083180923,-0.0033391547545299246,290.9348654515472,1.0,0.0001284048775729347,294.80716299683473,295.40312371183614,295.40252843455755,295.4070275194375,295.46905824848926,0.347772858434056,0.33936811366277436,0.3293635379429756,0.34872798254020215,88316.40565621357,294.64408240945505,0.03334368228220627,0.604102779160648,109.14558220053436,3.887740272265606,105.40998639405525,120.7257272532651
2030-10-01,Kampala,11573.29113153154,0.4988173897120534,19.0,0.0720095219202539,0.927990478079746,0.5011826102879465,1.0000305189751728,3.000045778462759,0.3152,32.5816,0.300000000000001,32.60000000000005,0.0039307482137995375,0.0005502881543253748,-0.003339154754529925,291.19332040845785,1.0,0.00014403206041569815,294.931594010043,295.5204717444599,295.5101786086095,295.48114805052177,295.45502579680897,0.3548220173640642,0.3459087486002786,0.33094245526060445,0.345770803654472,88286.56227264526,294.71629716378425,0.09149432550609986,0.41282657319496163,128.00146757031035,3.885163501195006,111.78256389659452,120.48908047774609
2030-11-01,Kampala,11573.29113153154,0.4988173897120534,19.0,0.0720095219202539,0.927990478079746,0.5011826102879465,1.0000305189751728,3.000045778462759,0.3152,32.5816,0.300000000000001,32.60000000000005,0.004337891584999503,0.0006854969945242095,-0.0033391547545299246,291.36126607799736,1.0,0.0001596737782494918,294.98681431342374,295.56810736216875,295.55881311673335,295.5293225422625,295.4763897054997,0.3621494028587429,0.3544289103647112,0.3392078675524066,0.3457137035130677,88260.89196448005,294.75518568613205,0.16038141435503384,0.4075392077789192,141.86076011802365,3.943059170111413,125.85155089425719,120.38511326690904
2030-12-01,Kampala,11573.29113153154,0.4988173897120534,19.0,0.0720095219202539,0.927990478079746,0.5011826102879465,1.0000305189751728,3.000045778462759,0.3152,32.5816,0.300000000000001,32.60000000000005,0.004375536846503168,0.0008449210581736285,-0.0033369300600000003,291.3629976544459,1.0,0.00016268579324765303,294.99201280706865,295.5652460272394,295.55765243374395,295.5370640570455,295.5007620822064,0.3645811160556977,0.35826202874720603,0.3465126237089062,0.348536987976466,88248.3428295499,294.79128384086425,0.1909549995320253,0.5073291484358954,139.2703536619047,3.9528306501817134,135.53038112529487,121.8741954594271
2031-01-01,Kampala,11573.29113153154,0.4988173897120534,19.0,0.0720095219202539,0.927990478079746,0.5011826102879465,1.0000305189751728,3.000045778462759,0.3152,32.5816,0.300000000000001,32.60000000000005,0.004099081857671376,0.0008768641419973426,-0.0033788094171466852,291.2551748030025,1.0,0.00015096695522621406,295.06867127049804,295.63828187151984,295.6213807052356,295.5756126488831,295.52203397004365,0.3599120746018863,0.35410105685345905,0.34642964581900554,0.35110540666614165,88242.50029708644,294.9238774714924,0.16938733271405434,0.6771581448135987,124.298766952136,3.948091777623709,134.39827148068966,124.65538964065463
2031-02-01,Kampala,11573.29113153154,0.4988173897120534,19.0,0.0720095219202539,0.927990478079746,0.5011826102879465,1.0000305189751728,3.000045778462759,0.3152,32.5816,0.300000000000001,32.60000000000005,0.003705017807235702,0.0007658869086131075,-0.00343822073332142,291.218884696299,1.0,0.00013036052826146652,295.275551898224,295.84943310283666,295.8150999391745,295.71459765996434,295.57556846397284,0.3507823476224416,0.34433359730461127,0.3389359010038302,0.35099119672497964,88234.17676994066,295.1632160489509,0.14580136566539112,0.8810386528681172,105.79579557666614,3.886519009568506,122.65169994854101,126.00241534087955
2031-03-01,Kampala,11573.29113153154,0.4988173897120534,19.0,0.0720095219202539,0.927990478079746,0.5011826102879465,1.0000305189751728,3.000045778462759,0.3152,32.5816,0.300000000000001,32.60000000000005,0.0038810635778213135,0.0006732068833216306,-0.0034702692964142037,291.28817099512503,1.0,0.00012585246658961222,295.40406987692177,295.99417589553985,295.9647051851771,295.8679027766074,295.68152571606765,0.3477660632947988,0.33990627609645624,0.3315962927650047,0.3476404532846285,88223.0273551956,295.28808324089977,0.16339474442243562,1.0395251036718003,110.47790959139122,3.8938751924972816,112.85224318587557,125.31325085516077
2031-04-01,Kampala,11573.29113153154,0.4988173897120534,19.0,0.0720095219202539,0.927990478079746,0.5011826102879465,1.0000305189751728,3.000045778462759,0.3152,32.5816,0.300000000000001,32.60000000000005,0.004402960327053351,0.0007715199438326735,-0.003428389939267519,291.43250851662464,1.0,0.00013835632593079411,295.35688347786214,295.9553805247762,295.9431610014541,295.90159919236277,295.77962112203915,0.35404088716534177,0.3462675843373446,0.33431276267081483,0.3457242837789885,88225.48372514658,295.2411999229271,0.18206269977687672,1.1969864845935383,127.89837421217867,3.8767897163271368,114.0549586607824,125.22961961437579
2031-05-01,Kampala,11573.29113153154,0.4988173897120534,19.0,0.0720095219202539,0.927990478079746,0.5011826102879465,1.0000305189751728,3.000045778462759,0.3152,32.5816,0.300000000000001,32.60000000000005,0.004788994658190062,0.0010139828809110467,-0.003368978623092784,291.4722798066609,1.0,0.00015437237830667047,295.15029909719146,295.74751540417554,295.7583807553035,295.79114883592615,295.80888870642025,0.36309136059595687,0.3564370655302414,0.34392692672181213,0.347833778686302,88250.27591782482,295.05704861188536,0.16286153381056398,1.2811778387853077,143.03338350533497,3.9788200496557855,126.32032176369427,125.34498558714591
2031-06-01,Kampala,11573.29113153154,0.4988173897120534,19.0,0.0720095219202539,0.927990478079746,0.5011826102879465,1.0000305189751728,3.000045778462759,0.3152,32.5816,0.300000000000001,32.60000000000005,0.0044572198328386705,0.0010665773822925192,-0.0033369300600000003,291.3306252371952,1.0,0.00015166432086301043,294.95051486789094,295.54440930529046,295.5646787201785,295.63390394033854,295.75428181446165,0.364033048354181,0.35841946473935155,0.3494216206979058,0.3518978130822121,88288.62852845185,294.8814288569786,0.1008177838852618,1.2094010356111073,132.2772431905161,4.039726467921731,133.61961986047126,124.9993444148826
2031-07-01,Kampala,11573.29113153154,0.4988173897120534,19.0,0.0720095219202539,0.927990478079746,0.5011826102879465,1.0000305189751728,3.000045778462759,0.3152,32.5816,0.300000000000001,32.60000000000005,0.003780247252300192,0.0009209485854791683,-0.0033369300600000003,291.02874539124406,1.0,0.00013457763245689633,294.8015138687379,295.39828460826783,295.4229229560551,295.49536136204443,295.6540256447377,0.35513055012157446,0.349385115304599,0.3448822553897782,0.3538645602292108,88322.67424849827,294.73598598661914,0.04494063346401195,1.0850763846896214,109.36244189270538,4.184208719226194,127.16903845239688,122.6217567447523
2031-08-01,Kampala,11573.29113153154,0.4988173897120534,19.0,0.0720095219202539,0.927990478079746,0.5011826102879465,1.0000305189751728,3.000045778462759,0.3152,32.5816,0.300000000000001,32.60000000000005,0.0033728900067598404,0.0006479620938993758,-0.0033369300600000003,290.8443261489396,1.0,0.00012297162083471926,294.74655133836126,295.34785064715095,295.3667290580141,295.4220804104636,295.5536426485948,0.3477330944679444,0.3402271853756744,0.3340801202442032,0.3514004105429324,88332.24748184731,294.64843065550946,0.01825192834921001,0.8089262482848878,98.54587543589854,4.123871276940146,112.39206474869339,121.3126379661382
2031-09-01,Kampala,11573.29113153154,0.4988173897120534,19.0,0.0720095219202539,0.927990478079746,0.5011826102879465,1.0000305189751728,3.000045778462759,0.3152,32.5816,0.300000000000001,32.60000000000005,0.0034831752136828425,0.0005224456791706094,-0.0033369300600000003,290.907400941312,1.0,0.00012668978404205446,294.8147213968569,295.41065803542506,295.41331538957894,295.4194796085589,295.48239731975315,0.34702897292859586,0.3385664561017669,0.32815227880197,0.34723482432254227,88318.78107796593,294.66769379345766,0.03189318635542146,0.6321359684931183,106.43173180858065,4.023965033335426,104.54256242326888,120.68681308609162
2031-10-01,Kampala,11573.29113153154,0.4988173897120534,19.0,0.0720095219202539,0.927990478079746,0.5011826102879465,1.0000305189751728,3.000045778462759,0.3152,32.5816,0.300000000000001,32.60000000000005,0.003903455153142872,0.0005331433658903942,-0.0033369300600000003,291.1609148419462,1.0,0.00014300205726699118,294.9300229951167,295.5191878856661,295.5124618294279,295.48764901381054,295.46790534268007,0.3537578672085848,0.3448421468880018,0.3294554444135689,0.3438782508106084,88286.12184180137,294.7255909145177,0.09105611929635937,0.4295530558350809,129.0606463415372,4.002453907344218,111.26190383912565,120.5308326394691
2031-11-01,Kampala,11573.29113153154,0.4988173897120534,19.0,0.0720095219202539,0.927990478079746,0.5011826102879465,1.0000305189751728,3.000045778462759,0.3152,32.5816,0.300000000000001,32.60000000000005,0.004314859091965537,0.0006693193247652483,-0.0033369300600000003,291.33849082734326,1.0,0.0001594324788473896,294.99072172495335,295.57185919635845,295.56386254292244,295.53397297817304,295.4880053683973,0.36086296974764553,0.3531829201546776,0.3376317549097712,0.343711740843548,88259.29494756616,294.76278404572787,0.15950192316765135,0.4196711500041686,142.68678506656258,4.069330778349987,125.70730859790643,120.39240415721747
2031-12-01,Kampala,11573.29113153154,0.4988173897120534,19.0,0.0720095219202539,0.927990478079746,0.5011826102879465,1.0000305189751728,3.000045778462759,0.3152,32.5816,0.300000000000001,32.60000000000005,0.004346235328190625,0.0008337883458519003,-0.0033369300600000003,291.33975050633575,1.0,0.00016267435493687633,294.99812384631144,295.57244384715136,295.56673091165254,295.5447002940184,295.5091142385882,0.3633791729640185,0.35689109832399457,0.3450264301886155,0.3468400709373909,88247.05428534072,294.799946298185,0.19037693670935543,0.4928227416713722,140.85243457225187,4.141542040001721,136.5434443345936,122.01749564104148
2032-01-01,Kampala,11573.29113153154,0.4988173897120534,19.0,0.0720095219202539,0.927990478079746,0.5011826102879465,1.0000305189751728,3.000045778462759,0.3152,32.5816,0.300000000000001,32.60000000000005,0.00407672791934716,0.000863162195891947,-0.0033709465988505274,291.24617851319,1.0,0.0001509213221559831,295.08940399406873,295.65771010648103,295.6392426624515,295.58870689128435,295.52911049549533,0.359150435509698,0.3531363177894194,0.34509804796603366,0.34976122846800545,88242.94587077688,294.94836072352126,0.16816235117623726,0.6616064519183896,123.71453994244332,4.010045850755074,134.96303570944625,124.93834000628733
2032-02-01,Kampala,11573.29113153154,0.4988173897120534,19.0,0.0720095219202539,0.927990478079746,0.5011826102879465,1.0000305189751728,3.000045778462759,0.3152,32.5816,0.300000000000001,32.60000000000005,0.0036739409616441273,0.0007476243069201621,-0.0034219880149630733,291.215070005138,1.0,0.00012938085260053736,295.2985472171927,295.86923437458125,295.8364810769911,295.7335816260133,295.5846491113785,0.349898136493223,0.34335736772493924,0.3377536193371266,0.3499480503407593,88235.96800512035,295.19323789953404,0.14675515331984323,0.8798194227022419,105.42400397663674,4.052030787201319,122.9512516088542,126.66887535466549
2032-03-01,Kampala,11573.29113153154,0.4988173897120534,19.0,0.0720095219202539,0.927990478079746,0.5011826102879465,1.0000305189751728,3.000045778462759,0.3152,32.5816,0.300000000000001,32.60000000000005,0.003817795054198043,0.0006466677197342253,-0.0034516723638755575,291.32250525509335,1.0,0.00012342942166929485,295.47566926059,296.0571719666083,296.02376751960736,295.9071334625632,295.68780408577936,0.3462601614705469,0.33848273446618643,0.3302043528839258,0.3472858848224957,88224.0402979221,295.3636400098864,0.16459452281145012,1.0780818525505118,110.265279897349,4.050674978293993,113.67986041321792,127.73332876260311
2032-04-01,Kampala,11573.29113153154,0.4988173897120534,19.0,0.0720095219202539,0.927990478079746,0.5011826102879465,1.0000305189751728,3.000045778462759,0.3152,32.5816,0.300000000000001,32.60000000000005,0.004406978425478807,0.0007562297515361858,-0.00341765582502503,291.47760618746656,1.0,0.00013844066357444735,295.39920712670704,295.9910430245464,295.980799734223,295.92996544776383,295.78996494783155,0.3531821078821515,0.3451528395484038,0.3337122186521884,0.34565581937907197,88227.55660422279,295.28817864041133,0.18267990497409223,1.2368133247758477,128.23918860759966,4.131724381804246,115.14653659753533,127.69456676441855
2032-05-01,Kampala,11573.29113153154,0.4988173897120534,19.0,0.0720095219202539,0.927990478079746,0.5011826102879465,1.0000305189751728,3.000045778462759,0.3152,32.5816,0.300000000000001,32.60000000000005,0.004747185671770169,0.0009876045549642581,-0.003366614408912484,291.51118449135276,1.0,0.0001529579882165782,295.19169223309876,295.7839847267528,295.7950652340349,295.8180930420399,295.8207286694084,0.36279437238538864,0.35572222132397746,0.3433004959354808,0.34760402034445864,88253.12313759333,295.100015719129,0.16255902833823643,1.2619907731058733,140.90727588042864,4.040470495267062,126.66893525208751,127.05184709368739
2032-06-01,Kampala,11573.29113153154,0.4988173897120534,19.0,0.0720095219202539,0.927990478079746,0.5011826102879465,1.0000305189751728,3.000045778462759,0.3152,32.5816,0.300000000000001,32.60000000000005,0.004441026450322831,0.001045277362005629,-0.0033369300600000003,291.27587419384537,1.0,0.00014981037831597396,294.92513094589617,295.5229977535715,295.5514775979866,295.63682894465626,295.77399899897097,0.3637768293230816,0.35792093374501827,0.3485081155674838,0.35022712852013216,88292.83888740279,294.8794980583478,0.09943585462885372,1.2588935987406862,126.96606097885,4.170212289501215,131.72443716276618,124.44056776284366
2032-07-01,Kampala,11573.29113153154,0.4988173897120534,19.0,0.0720095219202539,0.927990478079746,0.5011826102879465,1.0000305189751728,3.000045778462759,0.3152,32.5816,0.300000000000001,32.60000000000005,0.0037185542182440003,0.0008968134214758462,-0.0033369300600000003,290.95983730047533,1.0,0.00013152991937582815,294.7908838100597,295.38924922159276,295.4130783236298,295.4926151279845,295.66553197463014,0.35388217313301534,0.3482212126825918,0.34285970162330304,0.35128342070708535,88323.51881078759,294.7349386912395,0.04531405817268114,1.1021938926653714,108.26930913857302,4.191131864671501,125.10367375880453,121.60009088792997
2032-08-01,Kampala,11573.29113153154,0.4988173897120534,19.0,0.0720095219202539,0.927990478079746,0.5011826102879465,1.0000305189751728,3.000045778462759,0.3152,32.5816,0.300000000000001,32.60000000000005,0.0033657591891105673,0.000644337528007595,-0.0033369300600000003,290.79437629434454,1.0,0.00012293109559489485,294.74434884802685,295.34467827261426,295.3627341117271,295.4190646886887,295.55982074812374,0.3456894078049606,0.33837028997024565,0.332007519561472,0.34873101988612715,88330.61228669035,294.6451610178806,0.01855157645823353,0.8544116852748022,101.46365418968209,4.233103854208277,111.86074543859893,120.7930553925234
2032-09-01,Kampala,11573.29113153154,0.4988173897120534,19.0,0.0720095219202539,0.927990478079746,0.5011826102879465,1.0000305189751728,3.000045778462759,0.3152,32.5816,0.300000000000001,32.60000000000005,0.0034907265400428394,0.000519510739418227,-0.0033369300600000003,290.9158559530385,1.0,0.00012957440644531783,294.83180386847465,295.42384631167494,295.423152441316,295.42232930215664,295.48370498589344,0.34553721939181425,0.33669434362965367,0.3265324309706108,0.34549539163026893,88311.11728868,294.66453847413146,0.03161021048777927,0.5634502047640884,115.01279652851713,4.1044912985744455,107.19799981667734,121.47704386256584
2032-10-01,Kampala,11573.29113153154,0.4988173897120534,19.0,0.0720095219202539,0.927990478079746,0.5011826102879465,1.0000305189751728,3.000045778462759,0.3152,32.5816,0.300000000000001,32.60000000000005,0.0038907945441281344,0.0005202584839168402,-0.0033369300600000003,291.18107386697756,1.0,0.00014405716332732975,294.97644944282985,295.5610602495985,295.5496811789989,295.5082555545287,295.47104881876726,0.35303486168724924,0.34371142151419926,0.32841776418834917,0.3431521367284544,88286.58657102754,294.7663434946242,0.0880707218709819,0.39510244632808567,126.2992352406098,4.07269005352783,113.10784181451315,121.255432787024
2032-11-01,Kampala,11573.29113153154,0.4988173897120534,19.0,0.0720095219202539,0.927990478079746,0.5011826102879465,1.0000305189751728,3.000045778462759,0.3152,32.5816,0.300000000000001,32.60000000000005,0.004286925730948697,0.000650214372687724,-0.0033369300600000003,291.32871253937407,1.0,0.00015820390316527864,295.01796403384304,295.59970091717713,295.5917020532602,295.557903598363,295.49900438989056,0.3607354360565538,0.3527013707258733,0.3368083745408114,0.3434392059153267,88263.2047482244,294.8069791482152,0.15892981284151997,0.39686792481687744,140.08689491408626,4.142379345539847,126.33907378609332,121.20563102484171
2032-12-01,Kampala,11573.29113153154,0.4988173897120534,19.0,0.0720095219202539,0.927990478079746,0.5011826102879465,1.0000305189751728,3.000045778462759,0.3152,32.5816,0.300000000000001,32.60000000000005,0.004338327369525185,0.0008043651771631349,-0.0033369300600000003,291.3352821511967,1.0,0.00016024870780947595,295.0201498068747,295.59457274693386,295.58969745318745,295.5672526292061,295.5279259188159,0.36312102864436446,0.356611814829404,0.34397440847571015,0.34561642147407645,88250.55898585472,294.8432653497043,0.19088061704155113,0.544144773970573,136.00522326682122,4.179577720983297,134.04361407704434,122.42580173011628
2033-01-01,Kampala,11573.29113153154,0.4988173897120534,19.0,0.0720095219202539,0.927990478079746,0.5011826102879465,1.0000305189751728,3.000045778462759,0.3152,32.5816,0.300000000000001,32.60000000000005,0.004052575436563362,0.0008443502298022498,-0.003357868616611038,291.20268915761756,1.0,0.00014864999594081974,295.06835051570243,295.64342690800083,295.63217229920684,295.59768818168465,295.54998181256946,0.35754433775595923,0.3516375643636298,0.3438429239120566,0.3475543413240237,88242.24437438256,294.9422403475849,0.17135954061220746,0.7172181812757074,125.73528342630685,4.200869688695195,133.6339370789252,124.83489405166294
2033-02-01,Kampala,11573.29113153154,0.4988173897120534,19.0,0.0720095219202539,0.927990478079746,0.5011826102879465,1.0000305189751728,3.000045778462759,0.3152,32.5816,0.300000000000001,32.60000000000005,0.0036812349745140144,0.0007439101256511074,-0.003397083928458864,291.15568151973156,1.0,0.0001301968484150146,295.27230402265405,295.8484501353345,295.81511589437133,295.72426819323806,295.59641600413215,0.34852001886773637,0.341840392172877,0.3359884339928931,0.346815002476466,88230.86957781872,295.16844841374467,0.14464136666263508,0.8910559884436693,107.4731057924414,4.220822562426081,122.4860644265026,125.33562940619993
2033-03-01,Kampala,11573.29113153154,0.4988173897120534,19.0,0.0720095219202539,0.927990478079746,0.5011826102879465,1.0000305189751728,3.000045778462759,0.3152,32.5816,0.300000000000001,32.60000000000005,0.003817186819573263,0.0006531085461485966,-0.0034156442029787642,291.2425685598799,1.0,0.00012492378060781435,295.4361197090343,296.0258636628187,295.9915881536999,295.8898624260031,295.69516515789553,0.34510970369752486,0.3372260902750614,0.328660116730366,0.3444310795744041,88223.03645100394,295.3223082386067,0.16222563927172007,1.030956109895873,111.87055689751463,4.237103558833277,114.09580388056179,125.53345763663283
2033-04-01,Kampala,11573.29113153154,0.4988173897120534,19.0,0.0720095219202539,0.927990478079746,0.5011826102879465,1.0000305189751728,3.000045778462759,0.3152,32.5816,0.300000000000001,32.60000000000005,0.004398627364053157,0.0007528818988393732,-0.0033947056463677267,291.4111590918289,1.0,0.00013935745698448771,295.3885759712365,295.9839996567846,295.9702553446693,295.9234852442721,295.7976907911407,0.3524765353773867,0.34432590305138766,0.3318291461664713,0.34314861227667737,88224.89820043552,295.27700315697615,0.17977939336431217,1.183282056191006,129.34118291328983,4.289389584663563,115.26923434472127,126.13542754806508
2033-05-01,Kampala,11573.29113153154,0.4988173897120534,19.0,0.0720095219202539,0.927990478079746,0.5011826102879465,1.0000305189751728,3.000045778462759,0.3152,32.5816,0.300000000000001,32.60000000000005,0.004738357648068199,0.0009749110530360708,-0.0033554903345199005,291.46890473741286,1.0,0.00015275946495214236,295.1915814269186,295.7871170516656,295.798395068331,295.8235746319303,295.8316318702595,0.36149748779971863,0.3545055350867819,0.34167030426987144,0.34563292827914854,88252.16036025819,295.10461829916596,0.16178377890067677,1.2710128579689866,141.69745743318254,4.203591320042995,126.70315983607522,126.66138336673816
2033-06-01,Kampala,11573.29113153154,0.4988173897120534,19.0,0.0720095219202539,0.927990478079746,0.5011826102879465,1.0000305189751728,3.000045778462759,0.3152,32.5816,0.300000000000001,32.60000000000005,0.004423154304967328,0.0010314602201962708,-0.0033369300600000003,291.2664866176795,1.0,0.00014987704908120064,294.94811149495473,295.5435133474686,295.56998678844735,295.6500247887195,295.7812775309166,0.36248909372794585,0.35652811276630186,0.347000552628768,0.34879909908011525,88291.4224489673,294.90105747680366,0.09927186322161746,1.2455318189269446,128.96240599604195,4.221790147051755,132.51604453905506,124.83068190621167
2033-07-01,Kampala,11573.29113153154,0.4988173897120534,19.0,0.0720095219202539,0.927990478079746,0.5011826102879465,1.0000305189751728,3.000045778462759,0.3152,32.5816,0.300000000000001,32.60000000000005,0.0037117326977595274,0.0008851473305702661,-0.0033369300600000003,290.95725449727934,1.0,0.0001319522396134434,294.8095446623115,295.4072279985064,295.43103035373605,295.5081603895076,295.674700497952,0.3528905975123706,0.3470499208954328,0.34174438976729254,0.35015911285849094,88323.0868654282,294.75664244557237,0.04425956011750067,1.100096504204361,108.87313887543299,4.278129717461123,125.86298940013909,122.15076832743922
2033-08-01,Kampala,11573.29113153154,0.4988173897120534,19.0,0.0720095219202539,0.927990478079746,0.5011826102879465,1.0000305189751728,3.000045778462759,0.3152,32.5816,0.300000000000001,32.60000000000005,0.003339199342244758,0.0006284654749109359,-0.0033369300600000003,290.7846747420637,1.0,0.00012238155865872596,294.7602272865602,295.3623457207039,295.37789440510977,295.43349287836554,295.57151404388793,0.34500278082381874,0.33749449366766066,0.3309008027677387,0.34764334105898725,88330.93716464452,294.66847973559624,0.018050483568457266,0.8425041687240252,100.56680973420816,4.317769938953639,112.1749039414372,121.22610147883863
2033-09-01,Kampala,11573.29113153154,0.4988173897120534,19.0,0.0720095219202539,0.927990478079746,0.5011826102879465,1.0000305189751728,3.000045778462759,0.3152,32.5816,0.300000000000001,32.60000000000005,0.003460238313931526,0.0005035343539046962,-0.0033369300600000003,290.8868588829126,1.0,0.00012797388269632877,294.8415988316398,295.4360511908712,295.4347298882645,295.4354814580906,295.4991924484114,0.34471956473683957,0.3358933278137955,0.3253014624034169,0.3440405037148697,88313.47332672474,294.6859782811301,0.031572977385277735,0.5897285234855258,112.1077688870778,4.3453721172772255,106.48977473713323,121.49354115369003
2033-10-01,Kampala,11573.29113153154,0.4988173897120534,19.0,0.0720095219202539,0.927990478079746,0.5011826102879465,1.0000305189751728,3.000045778462759,0.3152,32.5816,0.300000000000001,32.60000000000005,0.0038689031453636477,0.0005078546001313565,-0.0033369300600000003,291.1469611770178,1.0,0.00014294042646160313,294.9757181060589,295.5630778396939,295.55108813981155,295.5143040444261,295.48498786144273,0.3519519913110937,0.34262957951485323,0.3270035181969669,0.3413483224749559,88286.64006766638,294.77353391756304,0.0890642206083652,0.41100235736360086,127.39848197695716,4.266318914450959,112.60427370539533,121.30904322381951
2033-11-01,Kampala,11573.29113153154,0.4988173897120534,19.0,0.0720095219202539,0.927990478079746,0.5011826102879465,1.0000305189751728,3.000045778462759,0.3152,32.5816,0.300000000000001,32.60000000000005,0.0042718881631815765,0.0006393799565976944,-0.0033369300600000003,291.3046848113683,1.0,0.00015790055726003132,295.0247779140049,295.6034952977464,295.5950347805008,295.5640703177814,295.5093174783728,0.3594725469676166,0.3513388297409283,0.3353021045314564,0.34143009952517217,88262.0333723154,294.81183709626976,0.15878242010290386,0.4087585714967155,141.1891330392859,4.327951459771268,126.20051167011758,121.22192886428361
2033-12-01,Kampala,11573.29113153154,0.4988173897120534,19.0,0.0720095219202539,0.927990478079746,0.5011826102879465,1.0000305189751728,3.000045778462759,0.3152,32.5816,0.300000000000001,32.60000000000005,0.004317238626898081,0.000797479087679,-0.0033369300600000003,291.3097753356737,1.0,0.00016042251299540515,295.02802440894965,295.6001951201056,295.5940801320648,295.5731323462887,295.53430068303425,0.36185259475151804,0.3551889832370491,0.342525995351745,0.34393701428079,88249.31847986422,294.8491572539197,0.1899263889837084,0.5309262218412347,137.94473483300675,4.369759250452645,134.85822632742475,122.55097275561047
2034-01-01,Kampala,11573.29113153154,0.4988173897120534,19.0,0.0720095219202539,0.927990478079746,0.5011826102879465,1.0000305189751728,3.000045778462759,0.3152,32.5816,0.300000000000001,32.60000000000005,0.00403628882893804,0.0008314018837502515,-0.0033493336765021277,291.1902954878355,1.0,0.00014891218380779205,295.0906327517317,295.6606869512744,295.64732961982025,295.6081407653725,295.5565148896902,0.3567601870926878,0.3506261177317429,0.34245868777877436,0.3461732182690731,88242.17674620636,294.9640503387861,0.16889101737588055,0.701239487982731,125.16909638770954,4.353337518578327,134.18275811266844,125.16932224722127
2034-02-01,Kampala,11573.29113153154,0.4988173897120534,19.0,0.0720095219202539,0.927990478079746,0.5011826102879465,1.0000305189751728,3.000045778462759,0.3152,32.5816,0.300000000000001,32.60000000000005,0.0036554384902351086,0.0007253243251269754,-0.0033799125472817053,291.150106431671,1.0,0.00012941220406381153,295.2966550211179,295.87082963534084,295.8367912230187,295.74028762965304,295.6075796525402,0.3476663516076625,0.3407789271224468,0.3348051979477675,0.34575241349363534,88232.48075583072,295.1966560944191,0.14399810051351672,0.8904244194398121,106.86296497662102,4.317362678338209,122.75036762140944,126.05093129685531
2034-03-01,Kampala,11573.29113153154,0.4988173897120534,19.0,0.0720095219202539,0.927990478079746,0.5011826102879465,1.0000305189751728,3.000045778462759,0.3152,32.5816,0.300000000000001,32.60000000000005,0.0038098809579041174,0.0006331211239807777,-0.003386037571358316,291.22667459361844,1.0,0.00012459978048108363,295.44381449068254,296.0310903810605,295.9988645877045,295.8983842310504,295.7113729677722,0.34449629692645084,0.33627518976417115,0.3274239945406297,0.34284946673992006,88223.0115543182,295.33670358668957,0.16183882753656262,1.0381412987933374,111.35144529723232,4.313625356027602,113.58328838918835,125.8155421176358
2034-04-01,Kampala,11573.29113153154,0.4988173897120534,19.0,0.0720095219202539,0.927990478079746,0.5011826102879465,1.0000305189751728,3.000045778462759,0.3152,32.5816,0.300000000000001,32.60000000000005,0.0043620611623903125,0.0007329905251693599,-0.0033736339548561894,291.3830328697889,1.0,0.00013784884485705152,295.396851609266,295.99071763124,295.97873747138595,295.9317720363091,295.81037437418064,0.35137508855661465,0.34310079767255625,0.3303011084106959,0.34123866541036474,88225.01804623393,295.2903782694929,0.1802403457168307,1.1921720974895822,128.84291899643992,4.355824257581733,114.72362795406953,126.00418591428793
2034-05-01,Kampala,11573.29113153154,0.4988173897120534,19.0,0.0720095219202539,0.927990478079746,0.5011826102879465,1.0000305189751728,3.000045778462759,0.3152,32.5816,0.300000000000001,32.60000000000005,0.004724345937856729,0.0009639706469245003,-0.003343055084076611,291.43079104431257,1.0,0.00015247855398976316,295.19357284116364,295.7874795748232,295.8013882397573,295.8274739214078,295.84048348312916,0.36039592369461076,0.3532960758365739,0.3400701478581502,0.34358035994427266,88250.8436041912,295.1130894193266,0.16128167210306354,1.2782598454910479,142.61189572441035,4.3942773002553155,126.64272550404962,126.40188899256627
2034-06-01,Kampala,11573.29113153154,0.4988173897120534,19.0,0.0720095219202539,0.927990478079746,0.5011826102879465,1.0000305189751728,3.000045778462759,0.3152,32.5816,0.300000000000001,32.60000000000005,0.004402553239674786,0.00101811681417771,-0.0033369300600000003,291.25903958502494,1.0,0.00014968889309755628,294.9710671500283,295.5648259126422,295.59069841390146,295.66302598239196,295.7868535948319,0.36139603579941015,0.3552711729759361,0.34553410449196625,0.34725330860884096,88289.82069765689,294.9222107313222,0.09886999188270003,1.2320621567844279,130.75945450687558,4.483140201820455,133.31769267804148,125.35379729819856
2034-07-01,Kampala,11573.29113153154,0.4988173897120534,19.0,0.0720095219202539,0.927990478079746,0.5011826102879465,1.0000305189751728,3.000045778462759,0.3152,32.5816,0.300000000000001,32.60000000000005,0.0037085984139130002,0.0008727969992647549,-0.0033369300600000003,290.9529694860696,1.0,0.0001322686485950959,294.82735278756957,295.4238541878312,295.4475551198187,295.5229285744181,295.6847569668345,0.35217338871498244,0.3460034353506835,0.34070493397706025,0.34895037902302956,88322.79999685165,294.7781404126004,0.04355999378068537,1.09819111710354,109.2721679684388,4.540039323315454,126.86408484519238,122.85202690636622
2034-08-01,Kampala,11573.29113153154,0.4988173897120534,19.0,0.0720095219202539,0.927990478079746,0.5011826102879465,1.0000305189751728,3.000045778462759,0.3152,32.5816,0.300000000000001,32.60000000000005,0.00331713401624933,0.0006083830655624388,-0.0033369300600000003,290.7744454220962,1.0,0.00012165297103040206,294.77568554614965,295.37635133915506,295.39086446136344,295.4482183850928,295.58368242570464,0.34457651982970466,0.33660709599179145,0.3298796486343129,0.34649954473972394,88331.59205939202,294.6892476831918,0.017010355597678523,0.8301753684514908,99.65040694038203,4.575603284843107,112.5158672474998,121.71539001642863
2034-09-01,Kampala,11573.29113153154,0.4988173897120534,19.0,0.0720095219202539,0.927990478079746,0.5011826102879465,1.0000305189751728,3.000045778462759,0.3152,32.5816,0.300000000000001,32.60000000000005,0.003429982764939537,0.00048376028267466624,-0.0033369300600000003,290.8572031423539,1.0,0.0001262754696496985,294.8496165007726,295.44511966711184,295.44331997824105,295.4474918411989,295.5125378064893,0.34409046745743455,0.3349933269782744,0.32412727999562885,0.3425903886257067,88316.0992210293,294.7093616567166,0.03027870465810802,0.6135856227622963,109.51174488748633,4.478247850764855,105.64776051568698,121.46995764036016
2034-10-01,Kampala,11573.29113153154,0.4988173897120534,19.0,0.0720095219202539,0.927990478079746,0.5011826102879465,1.0000305189751728,3.000045778462759,0.3152,32.5816,0.300000000000001,32.60000000000005,0.0038438050802517385,0.0004902373314747364,-0.0033369300600000003,291.1144321284519,1.0,0.00014194708606137774,294.97382841211027,295.56183569029326,295.55095706917103,295.52175129099726,295.4976205122749,0.3510342183297805,0.3414465691754927,0.3256640174313886,0.3395902190312019,88286.20170023246,294.7831501427768,0.08867533892861211,0.4215663967730124,128.37750935400132,4.431001471804426,111.96259564135028,121.31140074964901
2034-11-01,Kampala,11573.29113153154,0.4988173897120534,19.0,0.0720095219202539,0.927990478079746,0.5011826102879465,1.0000305189751728,3.000045778462759,0.3152,32.5816,0.300000000000001,32.60000000000005,0.004248370216433356,0.0006280716278930645,-0.0033369300600000003,291.28191795361334,1.0,0.0001576389936068924,295.0284527044416,295.60911635281985,295.60096985505317,295.5699645392776,295.51817103922366,0.35831230388849544,0.3500786998147624,0.3339319750403417,0.3395153875287887,88260.55645231654,294.8217707563803,0.1578424638108881,0.41667788527101707,142.16229423111986,4.45077863813874,125.9463203001364,121.1516216462653
2034-12-01,Kampala,11573.29113153154,0.4988173897120534,19.0,0.0720095219202539,0.927990478079746,0.5011826102879465,1.0000305189751728,3.000045778462759,0.3152,32.5816,0.300000000000001,32.60000000000005,0.0042888100108838196,0.0007895674955620213,-0.0033369300600000003,291.2851767606831,1.0,0.00016056485744895288,295.0343129048308,295.60814470916125,295.60126912515443,295.5790934268194,295.5417507897614,0.3606591667200081,0.3538690464921766,0.34125707745755324,0.3422701101345796,88248.16102602967,294.85760894066283,0.18908730002922303,0.5149354762415707,139.56282655856742,4.471085744538997,135.75564288705968,122.66050611163352
2035-01-01,Kampala,11573.29113153154,0.4988173897120534,19.0,0.0720095219202539,0.927990478079746,0.5011826102879465,1.0000305189751728,3.000045778462759,0.3152,32.5816,0.300000000000001,32.60000000000005,0.004014747776001769,0.0008231146075203852,-0.00334134436776215,291.17945139342964,1.0,0.00014878610326203397,295.111880111698,295.6814557997368,295.66503555961077,295.6179459784969,295.56203011919246,0.35604614016157116,0.34972837944185864,0.34113072441602627,0.34481296668039335,88242.34402690851,294.988538474528,0.1672485444479147,0.6846310936962983,124.71792397781496,4.486240710549918,134.60715784759182,125.38406385808202
2035-02-01,Kampala,11573.29113153154,0.4988173897120534,19.0,0.0720095219202539,0.927990478079746,0.5011826102879465,1.0000305189751728,3.000045778462759,0.3152,32.5816,0.300000000000001,32.60000000000005,0.0036236002411822164,0.0007106020968178495,-0.0033632164934309307,291.1446976799435,1.0,0.00012822669880488391,295.31909058124364,295.89246502637565,295.8574527948119,295.7581901942038,295.6164542540553,0.3468474509107973,0.339814369607456,0.3335640731712936,0.34467815114902417,88234.11664140112,295.2267400436737,0.14405032490582206,0.8877645555291354,106.30820759297733,4.440728451851897,122.96668630847927,126.7365373098412
2035-03-01,Kampala,11573.29113153154,0.4988173897120534,19.0,0.0720095219202539,0.927990478079746,0.5011826102879465,1.0000305189751728,3.000045778462759,0.3152,32.5816,0.300000000000001,32.60000000000005,0.0037978693858706134,0.0006138282698700515,-0.0033632164934309303,291.21335277298317,1.0,0.00012376002786309401,295.4479339897894,296.03643383075445,296.00579343464074,295.9110995014046,295.7214706102225,0.3439137533081828,0.3354504354099012,0.32617358667297786,0.3413584066808997,88222.82232290875,295.35342582129715,0.1615473579171679,1.04927569044521,110.98546157938654,4.49793308311346,113.04734200467176,126.027550851255
2035-04-01,Kampala,11573.29113153154,0.4988173897120534,19.0,0.0720095219202539,0.927990478079746,0.5011826102879465,1.0000305189751728,3.000045778462759,0.3152,32.5816,0.300000000000001,32.60000000000005,0.004321548967832056,0.0007116869565539386,-0.0033588021856687804,291.3553356944495,1.0,0.00013632151646885186,295.4023421849154,295.99809496312133,295.986074662743,295.94310638252466,295.8196275074475,0.35021382021193653,0.341771671291423,0.3288995873902543,0.33947925213182667,88225.24601613851,295.3048248570841,0.18002654332056445,1.2067870529511022,128.25093742474806,4.522886296208216,114.29122908564163,125.99961388191316
2035-05-01,Kampala,11573.29113153154,0.4988173897120534,19.0,0.0720095219202539,0.927990478079746,0.5011826102879465,1.0000305189751728,3.000045778462759,0.3152,32.5816,0.300000000000001,32.60000000000005,0.004708837797276371,0.000951801226676915,-0.0033369300600000003,291.39445808256613,1.0,0.00015231710784899594,295.19417259487255,295.7901622390046,295.8017371399,295.83077228417665,295.84886450789,0.3593490478243475,0.3519194240595381,0.3385629848384712,0.3416105706048754,88249.96625398313,295.1209607019714,0.16046790706399408,1.291858722433248,143.36614453393926,4.570392389535438,126.54912508270178,126.14683492836998
2035-06-01,Kampala,11573.29113153154,0.4988173897120534,19.0,0.0720095219202539,0.927990478079746,0.5011826102879465,1.0000305189751728,3.000045778462759,0.3152,32.5816,0.300000000000001,32.60000000000005,0.004376414502751053,0.0010055545022506576,-0.0033369300600000003,291.25110203346554,1.0,0.00014971999467249753,294.9959187725035,295.58628715957803,295.60721060467375,295.67278417039694,295.794554581732,0.36023515027914693,0.35387249001886006,0.34407017650999183,0.3457275524964117,88288.35531721504,294.9428094323293,0.09851169071492881,1.2203564256846569,132.4371411984852,4.517304959380087,133.9318261109698,125.83683993738849
2035-07-01,Kampala,11573.29113153154,0.4988173897120534,19.0,0.0720095219202539,0.927990478079746,0.5011826102879465,1.0000305189751728,3.000045778462759,0.3152,32.5816,0.300000000000001,32.60000000000005,0.003699288699027631,0.0008601999780878965,-0.0033369300600000003,290.9485647205574,1.0,0.00013258117638753356,294.8458363346738,295.44285734536106,295.46384843459765,295.5353302183886,295.696179340504,0.35130314350823005,0.3448582557017441,0.33952389843765296,0.3476630216441097,88322.49194963438,294.79779392057463,0.04245307482373345,1.096899284748812,109.65511773155451,4.498039969551368,127.51412335822333,123.48138514517031
2035-08-01,Kampala,11573.29113153154,0.4988173897120534,19.0,0.0720095219202539,0.927990478079746,0.5011826102879465,1.0000305189751728,3.000045778462759,0.3152,32.5816,0.300000000000001,32.60000000000005,0.0032942026398557114,0.0005892415717701358,-0.0033369300600000003,290.76358662314425,1.0,0.0001210852531955014,294.7918019925642,295.392240490833,295.4076412618903,295.4612732000354,295.59701260811386,0.3438258098993829,0.33576223651651266,0.3286571283244802,0.3452087443318175,88332.13300265234,294.7117482057529,0.0157279488686369,0.8199948595705023,98.90600675120346,4.509656565756141,112.60575964883226,122.13602771611608
2035-09-01,Kampala,11573.29113153154,0.4988173897120534,19.0,0.0720095219202539,0.927990478079746,0.5011826102879465,1.0000305189751728,3.000045778462759,0.3152,32.5816,0.300000000000001,32.60000000000005,0.0034054779400693974,0.00046299258841050827,-0.0033369300600000003,290.8280396883802,1.0,0.00012476957101742412,294.85919471635907,295.4554344619789,295.4552889480863,295.4597831445544,295.5260285080174,0.34312102969797725,0.33413947752440704,0.3227640270759833,0.34102097467640685,88318.63046794738,294.73259137292894,0.029555968289799468,0.6410339802761421,106.89057602740901,4.480605636088897,104.71041189927,121.50671874268978
2035-10-01,Kampala,11573.29113153154,0.4988173897120534,19.0,0.0720095219202539,0.927990478079746,0.5011826102879465,1.0000305189751728,3.000045778462759,0.3152,32.5816,0.300000000000001,32.60000000000005,0.0038263015199566097,0.000471591672889087,-0.0033369300600000003,291.08219522154076,1.0,0.00014118082755700995,294.9748706948567,295.5629932466199,295.55315146150497,295.52718750565265,295.51018666095973,0.34985623841329055,0.3404060635261255,0.32412125312035645,0.33780002011141574,88285.94897681232,294.7918111153865,0.08888174183335158,0.437468956105938,129.4431212684683,4.615376678064315,111.37074366303524,121.30845601617212
2035-11-01,Kampala,11573.29113153154,0.4988173897120534,19.0,0.0720095219202539,0.927990478079746,0.5011826102879465,1.0000305189751728,3.000045778462759,0.3152,32.5816,0.300000000000001,32.60000000000005,0.004233879768086611,0.0006080020630104773,-0.0033369300600000003,291.2591348795064,1.0,0.00015744023159658624,295.0356422668204,295.6169710486618,295.60595916216846,295.57545211280853,295.5290759344414,0.3570068886917002,0.348708494404963,0.33237678905069895,0.3376017749648843,88259.00549004467,294.82867277544597,0.15721760038064367,0.42695557805438855,143.01868759990396,4.608675610455631,125.9201007656418,121.17656719783598
2035-12-01,Kampala,11573.29113153154,0.4988173897120534,19.0,0.0720095219202539,0.927990478079746,0.5011826102879465,1.0000305189751728,3.000045778462759,0.3152,32.5816,0.300000000000001,32.60000000000005,0.004269925846404281,0.0007747142763657155,-0.0033369300600000003,291.26056536641255,1.0,0.00016076661114897985,295.04238137420793,295.6178167760707,295.60792649451236,295.5851597816838,295.551280281562,0.3595466086520971,0.3524076561227085,0.3398019829900883,0.34072665441618893,88246.81483361327,294.8661949988499,0.18760317207292387,0.5015000798362541,141.226691414608,4.647174355517735,136.66156329516966,122.80266078038146
2036-01-01,Kampala,11573.29113153154,0.4988173897120534,19.0,0.0720095219202539,0.927990478079746,0.5011826102879465,1.0000305189751728,3.000045778462759,0.3152,32.5816,0.300000000000001,32.60000000000005,0.004000379134176319,0.0008061725303286126,-0.0033369300600000003,291.16840606379816,1.0,0.0001489571800353746,295.1326800429763,295.7018744884624,295.68273522123326,295.63059529266775,295.5721089624494,0.35528861659434513,0.3486897060656882,0.3398254195209624,0.343541549973418,88242.66327329511,295.01514580521314,0.16533119985318884,0.6720711986019641,124.07299646138051,4.581977302057859,135.12506523354173,125.72488567783789
2036-02-01,Kampala,11573.29113153154,0.4988173897120534,19.0,0.0720095219202539,0.927990478079746,0.5011826102879465,1.0000305189751728,3.000045778462759,0.3152,32.5816,0.300000000000001,32.60000000000005,0.0035965304569769868,0.0006912902720659682,-0.0033506554953348275,291.13818932699206,1.0,0.00012759538304409754,295.3410250343481,295.91405151791633,295.87779991685045,295.77575015987355,295.62736208290517,0.34602319936842824,0.33880650329572193,0.3324354811037979,0.3437241814422706,88235.68032324071,295.2524876030283,0.1440835354381566,0.8906788389231534,105.77525443048262,4.585438406840804,123.18645975418887,127.4928180088326
2036-03-01,Kampala,11573.29113153154,0.4988173897120534,19.0,0.0720095219202539,0.927990478079746,0.5011826102879465,1.0000305189751728,3.000045778462759,0.3152,32.5816,0.300000000000001,32.60000000000005,0.0037362898061234586,0.0005881305912977465,-0.0033506554953348275,291.2460384400088,1.0,0.00012152073461836538,295.5176260112473,296.1026557145298,296.0649939130822,295.9446598317636,295.7309163850487,0.34236120044362767,0.33383947354199206,0.3248667184449314,0.34104929133677153,88223.80927416019,295.42144701349133,0.16207432294247728,1.0875396672754851,110.50941829242352,4.623870237844683,113.95635670631724,128.51463376297156
2036-04-01,Kampala,11573.29113153154,0.4988173897120534,19.0,0.0720095219202539,0.927990478079746,0.5011826102879465,1.0000305189751728,3.000045778462759,0.3152,32.5816,0.300000000000001,32.60000000000005,0.004324130665460801,0.0006966401792282938,-0.0033506554953348275,291.4003175907958,1.0,0.00013652696025636006,295.44088537925387,296.03547267119666,296.02275772416914,295.96728129305194,295.83396540854125,0.34929701954379205,0.3404468645171976,0.32837142555841636,0.3394101926151889,88227.28170795682,295.3447983795996,0.18050730265153903,1.2454721859634155,128.436921865988,4.650402901173099,115.40467704938173,128.45822468401687
2036-05-01,Kampala,11573.29113153154,0.4988173897120534,19.0,0.0720095219202539,0.927990478079746,0.5011826102879465,1.0000305189751728,3.000045778462759,0.3152,32.5816,0.300000000000001,32.60000000000005,0.00466610275540006,0.0009235180370244654,-0.0033369300600000003,291.43429069785225,1.0,0.00015097320451683358,295.2329758010799,295.8256540471405,295.8396402970586,295.8544024977371,295.86429996689714,0.3589005351986689,0.3511525235315575,0.3379939791095136,0.34141711052067464,88252.901602101,295.163920132887,0.16007496499922724,1.270814867929215,141.2211231206979,4.611315384388113,126.86308913466324,127.74933509534894
2036-06-01,Kampala,11573.29113153154,0.4988173897120534,19.0,0.0720095219202539,0.927990478079746,0.5011826102879465,1.0000305189751728,3.000045778462759,0.3152,32.5816,0.300000000000001,32.60000000000005,0.004362994025512376,0.000982672726184194,-0.0033369300600000003,291.1983768515028,1.0,0.000147726465272208,294.96640515963276,295.5631924460281,295.5984459943622,295.67961400844825,295.81676278386453,0.35981146462767116,0.3533894538756268,0.3432290076326255,0.34406406372052417,88292.55284457083,294.94527342559684,0.09735998586157513,1.2672129357000441,127.47153514815876,4.6132369010047665,132.01953218551816,125.17398999684185
2036-07-01,Kampala,11573.29113153154,0.4988173897120534,19.0,0.0720095219202539,0.927990478079746,0.5011826102879465,1.0000305189751728,3.000045778462759,0.3152,32.5816,0.300000000000001,32.60000000000005,0.0036387117815151124,0.0008353790482606175,-0.0033369300600000003,290.8812403672114,1.0,0.0001293682875905137,294.83290065224605,295.430437584725,295.4595744817854,295.535603403293,295.7084351267549,0.3499067652893684,0.34373654497430034,0.3375521228630878,0.34512314739566813,88323.2599588592,294.8001033549176,0.04311355010200834,1.1117954583074734,108.8166096326368,4.684793521798355,125.4489171918929,122.40048518225107
2036-08-01,Kampala,11573.29113153154,0.4988173897120534,19.0,0.0720095219202539,0.927990478079746,0.5011826102879465,1.0000305189751728,3.000045778462759,0.3152,32.5816,0.300000000000001,32.60000000000005,0.003283883608890525,0.0005874140020513497,-0.0033369300600000003,290.7144585280649,1.0,0.00012075053420891358,294.7863617711682,295.3878656056625,295.40614235462164,295.4619179200973,295.60285053237334,0.34177520439334946,0.3339205100107579,0.32668541327409506,0.34256650044405784,88330.40819824782,294.7107759903199,0.017072206449076078,0.8630254565663694,101.93473403441003,4.762456470020454,112.246331717552,121.6273750638441
2036-09-01,Kampala,11573.29113153154,0.4988173897120534,19.0,0.0720095219202539,0.927990478079746,0.5011826102879465,1.0000305189751728,3.000045778462759,0.3152,32.5816,0.300000000000001,32.60000000000005,0.0034060140653979967,0.00046428040744484356,-0.0033369300600000003,290.8360293111519,1.0,0.00012754002002949674,294.8750772800908,295.4675073021794,295.4658422594279,295.46451047613544,295.52790258109536,0.34166764825155305,0.33232108854480713,0.3211810592428342,0.33925794660653347,88310.74873294627,294.72738853169153,0.029590279711536622,0.5744564707527143,115.37997576986952,4.776855163225619,107.5721086336826,122.24578432895946
2036-10-01,Kampala,11573.29113153154,0.4988173897120534,19.0,0.0720095219202539,0.927990478079746,0.5011826102879465,1.0000305189751728,3.000045778462759,0.3152,32.5816,0.300000000000001,32.60000000000005,0.0038095658682433553,0.0004648018509056335,-0.0033369300600000003,291.10256256734147,1.0,0.000142097043950795,295.0189983130534,295.6049936248549,295.59171774044563,295.54863998956813,295.51426174162935,0.3491759006949913,0.33926370870013356,0.32314206833325726,0.3369873432108916,88286.3340345805,294.8309799008033,0.08629427587882453,0.40463637052712703,126.69299099797779,4.688380947178836,113.4071396419137,122.00345891081172
2036-11-01,Kampala,11573.29113153154,0.4988173897120534,19.0,0.0720095219202539,0.927990478079746,0.5011826102879465,1.0000305189751728,3.000045778462759,0.3152,32.5816,0.300000000000001,32.60000000000005,0.004206996139025852,0.0005933526816241349,-0.0033369300600000003,291.2508447371612,1.0,0.00015629758898442396,295.06219344688367,295.64275370538405,295.6347866153562,295.59857329235393,295.5414527421592,0.3568103390970426,0.34815609751658966,0.33148847149251803,0.33718757492433493,88262.94182252127,294.87064446805726,0.15693849542501284,0.4087757940717638,140.50647951926882,4.7087522002522855,126.48357150616994,121.96511343208273
2036-12-01,Kampala,11573.29113153154,0.4988173897120534,19.0,0.0720095219202539,0.927990478079746,0.5011826102879465,1.0000305189751728,3.000045778462759,0.3152,32.5816,0.300000000000001,32.60000000000005,0.004258567066090457,0.0007466061306402937,-0.0033369300600000003,291.257415378346,1.0,0.00015823136086173578,295.06362594586534,295.63628942606806,295.6306236627608,295.60824674620113,295.5688572064203,0.35921224051215117,0.3520309904872212,0.3385833678879598,0.3393693513280349,88250.36102282269,294.9085669169401,0.18933248451208096,0.5555044907321554,136.4016694240165,4.771425312878755,134.2175347950282,123.20597930832285
2037-01-01,Kampala,11573.29113153154,0.4988173897120534,19.0,0.0720095219202539,0.927990478079746,0.5011826102879465,1.0000305189751728,3.000045778462759,0.3152,32.5816,0.300000000000001,32.60000000000005,0.003975561382250243,0.0007826226181201693,-0.0033369300600000003,291.12471329802935,1.0,0.00014673673587572525,295.11213570107014,295.6850592016051,295.67408982540786,295.64035948245777,295.5918719820752,0.3536267334071006,0.34705697653896217,0.33841726305487274,0.3412663237253139,88241.75629776285,295.00755301202264,0.16949248017327992,0.7293566447406191,126.10277665471968,4.764837791141622,133.79470432996504,125.62901774907958
2037-02-01,Kampala,11573.29113153154,0.4988173897120534,19.0,0.0720095219202539,0.927990478079746,0.5011826102879465,1.0000305189751728,3.000045778462759,0.3152,32.5816,0.300000000000001,32.60000000000005,0.0036068919879008805,0.0006830297757165231,-0.0033391216980548366,291.0781502712752,1.0,0.00012820641438423188,295.3152440836897,295.8902121523034,295.8585918739727,295.76754814106334,295.64068732461095,0.3446965723331299,0.33730265406359633,0.33054006187687296,0.34056969457071,88230.23893119651,295.23453130455164,0.14231285436551047,0.9025957338414052,107.72688174178148,4.747637770974422,122.83245532168287,126.12239474019471
2037-03-01,Kampala,11573.29113153154,0.4988173897120534,19.0,0.0720095219202539,0.927990478079746,0.5011826102879465,1.0000305189751728,3.000045778462759,0.3152,32.5816,0.300000000000001,32.60000000000005,0.003744880928916155,0.0005917919104432003,-0.0033391216980548366,291.16690825259406,1.0,0.00012309875566758006,295.4788103858967,296.0681257349178,296.03451718458587,295.9300706204668,295.7403241257743,0.34134919863211866,0.3326461316889791,0.3232984656386855,0.3382239129604501,88222.67082162824,295.38911080625627,0.15988808088593395,1.0425855942571145,112.25290921580256,4.747162168485956,114.30496332588281,126.39865072661263
2037-04-01,Kampala,11573.29113153154,0.4988173897120534,19.0,0.0720095219202539,0.927990478079746,0.5011826102879465,1.0000305189751728,3.000045778462759,0.3152,32.5816,0.300000000000001,32.60000000000005,0.004320990925531567,0.0006946862465277604,-0.0033391216980548366,291.33718459296887,1.0,0.00013735010811905535,295.42992929675984,296.0265253283151,296.01259572929655,295.963071319271,295.8400162532119,0.3487227903707642,0.33987817124956515,0.3264855363449278,0.3368542951487999,88224.75697703776,295.3429008149456,0.17721688277112038,1.1934702624450153,129.80445670081755,4.799424801440577,115.49058950704676,126.97856025770801
2037-05-01,Kampala,11573.29113153154,0.4988173897120534,19.0,0.0720095219202539,0.927990478079746,0.5011826102879465,1.0000305189751728,3.000045778462759,0.3152,32.5816,0.300000000000001,32.60000000000005,0.00465954454586947,0.000915493927546899,-0.0033369300600000003,291.39388534687663,1.0,0.00015071013428218633,295.23352233241565,295.8297292459394,295.8398510860087,295.8634088212548,295.872917504408,0.3577838661277623,0.35000101749544693,0.3364162377963238,0.3393390623333467,88252.00923684286,295.1710116220756,0.15985140991962546,1.2805005852012084,142.2284107926073,4.798626918895696,126.92948829436341,127.55660006913115
2037-06-01,Kampala,11573.29113153154,0.4988173897120534,19.0,0.0720095219202539,0.927990478079746,0.5011826102879465,1.0000305189751728,3.000045778462759,0.3152,32.5816,0.300000000000001,32.60000000000005,0.004344102197146185,0.0009714317027599487,-0.0033369300600000003,291.18832371829086,1.0,0.00014762333056540114,294.98905103563317,295.5855400898983,295.61468924217183,295.6925597176758,295.82278458541714,0.35873440371510906,0.35208363773644336,0.3417317014870313,0.342506238367299,88291.1241094625,294.96589825632276,0.09699198801346683,1.2535258581388777,129.37237600078848,4.855930625636286,132.82645902581532,125.71506730973253
2037-07-01,Kampala,11573.29113153154,0.4988173897120534,19.0,0.0720095219202539,0.927990478079746,0.5011826102879465,1.0000305189751728,3.000045778462759,0.3152,32.5816,0.300000000000001,32.60000000000005,0.003633827631194812,0.0008246152886070742,-0.0033369300600000003,290.87683782489466,1.0,0.00012972276726688471,294.8514206210621,295.4497025418023,295.47393923474874,295.55104629938324,295.7180411361334,0.34921440054803154,0.3425079962963522,0.33651356695648404,0.34390762077431786,88322.91025605549,294.81999658394085,0.0421262296520837,1.108036708685922,109.37916555810237,4.933607377369712,126.25569839015388,123.02796129075595
2037-08-01,Kampala,11573.29113153154,0.4988173897120534,19.0,0.0720095219202539,0.927990478079746,0.5011826102879465,1.0000305189751728,3.000045778462759,0.3152,32.5816,0.300000000000001,32.60000000000005,0.003259312918834032,0.0005676699700825857,-0.0033369300600000003,290.70560170403843,1.0,0.00012020997335537329,294.80139618467183,295.40383433467144,295.42094378148056,295.4765495735789,295.614030730595,0.3412416994558353,0.3330318003649168,0.3256808210630619,0.3414372349766041,88330.92785267183,294.73027652744685,0.015584501395168752,0.8513873531981794,101.16195069848452,4.999661625346852,112.4355262208414,122.05117830897977
2037-09-01,Kampala,11573.29113153154,0.4988173897120534,19.0,0.0720095219202539,0.927990478079746,0.5011826102879465,1.0000305189751728,3.000045778462759,0.3152,32.5816,0.300000000000001,32.60000000000005,0.003376897181207932,0.0004440141425102557,-0.0033369300600000003,290.8100807823003,1.0,0.00012597113500272157,294.882392903821,295.47862487408725,295.47650467829476,295.4774268884201,295.540398259807,0.34092925041001004,0.3313913537603343,0.3200768865716415,0.3378326984975551,88313.36784828233,294.748377498711,0.029075558446366296,0.5995642627678718,112.7297154791335,4.95317796225707,106.70321010343552,122.2575370113588
2037-10-01,Kampala,11573.29113153154,0.4988173897120534,19.0,0.0720095219202539,0.927990478079746,0.5011826102879465,1.0000305189751728,3.000045778462759,0.3152,32.5816,0.300000000000001,32.60000000000005,0.00378578980975236,0.00044789680178290605,-0.0033369300600000003,291.07116090074135,1.0,0.0001410992770559109,295.01613556230444,295.60536816325066,295.5938259748851,295.5560573085093,295.52614015258683,0.34817676549699345,0.3381371964851967,0.3217024720664065,0.33523628563228086,88286.32716813165,294.83758764448413,0.08662837117559989,0.4207595991324285,127.69804030812274,4.898559770323138,112.7886971036282,122.08355502670649
2037-11-01,Kampala,11573.29113153154,0.4988173897120534,19.0,0.0720095219202539,0.927990478079746,0.5011826102879465,1.0000305189751728,3.000045778462759,0.3152,32.5816,0.300000000000001,32.60000000000005,0.004188372343521872,0.0005793353809399835,-0.0033369300600000003,291.2287898921938,1.0,0.00015599282437136035,295.0643551134163,295.64751420292936,295.639805344749,295.60472817875245,295.5511381318789,0.35561058040750293,0.3468362682097763,0.3299310098870096,0.3353191008580794,88261.62672244415,294.8764211233243,0.15655522383617948,0.41907714249780587,141.40630942623048,4.935193884944852,126.39067349515278,121.99898452694022
2037-12-01,Kampala,11573.29113153154,0.4988173897120534,19.0,0.0720095219202539,0.927990478079746,0.5011826102879465,1.0000305189751728,3.000045778462759,0.3152,32.5816,0.300000000000001,32.60000000000005,0.004237209241553142,0.0007363618669971027,-0.0033369300600000003,291.23321391493613,1.0,0.00015841815002902077,295.0689825434281,295.6452130330874,295.63819426228923,295.61371554667284,295.57686672883443,0.3580388213015488,0.35079046191205016,0.33712583117332223,0.33782237159668665,88249.03776774976,294.9128153829949,0.18791728862446547,0.5420082715790787,138.15705864748566,4.959085376045215,135.112662916231,123.38175244945474
2038-01-01,Kampala,11573.29113153154,0.4988173897120534,19.0,0.0720095219202539,0.927990478079746,0.5011826102879465,1.0000305189751728,3.000045778462759,0.3152,32.5816,0.300000000000001,32.60000000000005,0.003956023154778357,0.0007716581104150281,-0.0033369300600000003,291.11373743284946,1.0,0.00014678480076715824,295.132002805591,295.70437544169704,295.69161004307693,295.64900702251856,295.5993502209783,0.35287515567304517,0.34625537371200554,0.33703223284364786,0.34002442424253054,88241.81120272649,295.02761057451085,0.1674518367993576,0.7134060398850407,125.66215195526568,5.003213892330679,134.37074630811603,125.97118209256098
2038-02-01,Kampala,11573.29113153154,0.4988173897120534,19.0,0.0720095219202539,0.927990478079746,0.5011826102879465,1.0000305189751728,3.000045778462759,0.3152,32.5816,0.300000000000001,32.60000000000005,0.00357304049303885,0.0006669716923631878,-0.0033369300600000003,291.0721874550769,1.0,0.00012727465529233678,295.33756205584865,295.9125274078369,295.878556777343,295.78166419604713,295.64973827383864,0.3438633233677851,0.3364080371158964,0.3294364679636081,0.33958879262650665,88232.04056054792,295.2539490965621,0.14232038202897332,0.9012109751650176,107.45869250229912,4.923691065772757,122.97886030003929,126.84824754490421
2038-03-01,Kampala,11573.29113153154,0.4988173897120534,19.0,0.0720095219202539,0.927990478079746,0.5011826102879465,1.0000305189751728,3.000045778462759,0.3152,32.5816,0.300000000000001,32.60000000000005,0.0037239048028681744,0.0005745585233892672,-0.0033369300600000003,291.15029257430086,1.0,0.0001225348330368967,295.4847292978552,296.07229635847415,296.0408983973105,295.9405964054517,295.75369150798576,0.34064467608335197,0.33178791849216965,0.32206144237246837,0.3367226748367287,88222.53742155213,295.39540629542824,0.15975332356906463,1.0504585149643637,111.87667251753301,4.915227934309204,113.79555883740547,126.63443599074292
2038-04-01,Kampala,11573.29113153154,0.4988173897120534,19.0,0.0720095219202539,0.927990478079746,0.5011826102879465,1.0000305189751728,3.000045778462759,0.3152,32.5816,0.300000000000001,32.60000000000005,0.004276297418050094,0.0006739000358107136,-0.0033369300600000003,291.305256938794,1.0,0.00013590108399654882,295.4377825153792,296.03380638779475,296.02051107028717,295.9734116586241,295.85196958909665,0.34756983926782264,0.3385628871757583,0.3250448384900005,0.33508813540124766,88224.65829204227,295.34893884601024,0.17753194328548663,1.2063796379944678,129.2485412681848,4.860435063703402,114.98148761544233,126.89594925713361
2038-05-01,Kampala,11573.29113153154,0.4988173897120534,19.0,0.0720095219202539,0.927990478079746,0.5011826102879465,1.0000305189751728,3.000045778462759,0.3152,32.5816,0.300000000000001,32.60000000000005,0.0046404309425261,0.0009056236922163819,-0.0033369300600000003,291.3532109679865,1.0,0.00015059367997689716,295.23589222349483,295.83178374239395,295.8420706199338,295.8690347071054,295.8836903866491,0.35656425659442315,0.34878922102084786,0.3346862179450428,0.33739830675530014,88250.5370526222,295.17682336301056,0.15901928672585874,1.293733622774942,142.8979066812997,4.870316863028737,126.81779659590914,127.281161492548
2038-06-01,Kampala,11573.29113153154,0.4988173897120534,19.0,0.0720095219202539,0.927990478079746,0.5011826102879465,1.0000305189751728,3.000045778462759,0.3152,32.5816,0.300000000000001,32.60000000000005,0.004322018877292666,0.000959614970334162,-0.0033369300600000003,291.17788836502865,1.0,0.00014784591088102576,295.01384994689505,295.6084274291073,295.63154569960625,295.704114045968,295.83098443203784,0.3574932361468859,0.35082854820143544,0.3401266558835891,0.3410903312673242,88289.4289718204,294.98545621558725,0.09710793369243913,1.2435490519633925,131.1647215098325,4.918292766611768,133.4522598750444,126.16374636698629
2038-07-01,Kampala,11573.29113153154,0.4988173897120534,19.0,0.0720095219202539,0.927990478079746,0.5011826102879465,1.0000305189751728,3.000045778462759,0.3152,32.5816,0.300000000000001,32.60000000000005,0.0036280253929939555,0.0008138485988179678,-0.0033369300600000003,290.87159335402583,1.0,0.00013027347400322464,294.8703239353547,295.46715940080713,295.4892391016256,295.56407248852395,295.72922454205155,0.3481896092209891,0.3415011596747815,0.3352288697413568,0.3428049469077104,88322.17884942541,294.8414621281839,0.0414468446723373,1.1065909852866456,109.68620800206537,5.027846423944946,126.886809593812,123.63078458336018
2038-08-01,Kampala,11573.29113153154,0.4988173897120534,19.0,0.0720095219202539,0.927990478079746,0.5011826102879465,1.0000305189751728,3.000045778462759,0.3152,32.5816,0.300000000000001,32.60000000000005,0.0032393723014377154,0.0005493456988254256,-0.0033369300600000003,290.69381488830714,1.0,0.00011968040140839843,294.81849028165294,295.4193794932623,295.43527562332207,295.48861736922856,295.6265418569316,0.34053379508070664,0.33213118187138885,0.3244515753951116,0.340318902116256,88331.00661364828,294.75429778685594,0.014923464622824864,0.8386221313313514,100.12027733150023,5.065421230298952,112.6997570905835,122.49347707508797
2038-09-01,Kampala,11573.29113153154,0.4988173897120534,19.0,0.0720095219202539,0.927990478079746,0.5011826102879465,1.0000305189751728,3.000045778462759,0.3152,32.5816,0.300000000000001,32.60000000000005,0.0033530329167269514,0.0004250209820897221,-0.0033369300600000003,290.7790098490814,1.0,0.00012428604267808292,294.89367968575465,295.48832794166816,295.48728142452,295.48831437746054,295.55409337962345,0.3400509937577527,0.3304797569969922,0.318707669767804,0.33635922690063774,88315.62659822185,294.7736282636149,0.028021828507711243,0.6244521640459494,109.87402147590285,5.03649366970102,105.81518374145442,122.28401588814137
2038-10-01,Kampala,11573.29113153154,0.4988173897120534,19.0,0.0720095219202539,0.927990478079746,0.5011826102879465,1.0000305189751728,3.000045778462759,0.3152,32.5816,0.300000000000001,32.60000000000005,0.0037678969237629994,0.00043319078650549394,-0.0033369300600000003,291.03659786729435,1.0,0.00014001187748566385,295.01805703200125,295.606004627128,295.59578207018654,295.5630857911349,295.5397905742798,0.3470401326960917,0.3370178332883931,0.32019455138127345,0.3333853509190609,88286.13838301627,294.84720695346437,0.08667626036418803,0.43405517494508433,128.7316318871835,4.931980947938052,112.2371796719314,122.14730302752186
2038-11-01,Kampala,11573.29113153154,0.4988173897120534,19.0,0.0720095219202539,0.927990478079746,0.5011826102879465,1.0000305189751728,3.000045778462759,0.3152,32.5816,0.300000000000001,32.60000000000005,0.004173950996407966,0.0005672750664777527,-0.0033369300600000003,291.2040501119024,1.0,0.0001556773140165107,295.0722008713463,295.6526985780947,295.64542765720785,295.6128187264936,295.5622958806025,0.35435581338865346,0.34551629054361416,0.32842241658202914,0.33332056477444055,88260.56013742567,294.8860430601626,0.1555967665931548,0.4282771723759476,142.45496181878545,5.004083986442812,126.1774282602994,122.01515242773
2038-12-01,Kampala,11573.29113153154,0.4988173897120534,19.0,0.0720095219202539,0.927990478079746,0.5011826102879465,1.0000305189751728,3.000045778462759,0.3152,32.5816,0.300000000000001,32.60000000000005,0.004213167949962556,0.0007281862091377735,-0.0033369300600000003,291.2063128024682,1.0,0.00015856888787869745,295.07603114210633,295.6514373962051,295.6457393917244,295.62414178971045,295.5850737294987,0.3568263904205708,0.34931563054892384,0.3357231461016952,0.3361166374402213,88248.16702834719,294.9233600497881,0.18649779863702962,0.5285429748911652,139.86337108834715,5.0257683587358075,136.02516048293435,123.53254168230133
2039-01-01,Kampala,11573.29113153154,0.4988173897120534,19.0,0.0720095219202539,0.927990478079746,0.5011826102879465,1.0000305189751728,3.000045778462759,0.3152,32.5816,0.300000000000001,32.60000000000005,0.003938396039335399,0.0007606291425604367,-0.0033369300600000003,291.1006847303688,1.0,0.00014696225259188883,295.1534835436282,295.7243397578612,295.7095717858627,295.66285999655247,295.60545643329937,0.35213935858337564,0.34521597831179585,0.33569401912218,0.33861263026120986,88242.33132970578,295.05438939015363,0.1649661579040911,0.6976362354888712,124.95465642565235,5.024953053553202,134.9408892445426,126.25113774377883
2039-02-01,Kampala,11573.29113153154,0.4988173897120534,19.0,0.0720095219202539,0.927990478079746,0.5011826102879465,1.0000305189751728,3.000045778462759,0.3152,32.5816,0.300000000000001,32.60000000000005,0.003546516535331562,0.0006498323130263214,-0.0033369300600000003,291.065240486265,1.0,0.00012644974172710982,295.36089056384543,295.935888339925,295.9010903635079,295.8007985265056,295.65793841602795,0.3429920687425752,0.33536281072676816,0.32819384860608036,0.3384979037402891,88233.90629072762,295.274833107783,0.14213400354807018,0.9018007273996584,106.68295127474256,4.933839558605363,123.31558775931448,127.60281066365813
2039-03-01,Kampala,11573.29113153154,0.4988173897120534,19.0,0.0720095219202539,0.927990478079746,0.5011826102879465,1.0000305189751728,3.000045778462759,0.3152,32.5816,0.300000000000001,32.60000000000005,0.003721940441754763,0.0005568581942738774,-0.0033369300600000003,291.1333609165817,1.0,0.00012207964964236443,295.4912933056566,296.0794050191724,296.04982155196194,295.9519966896287,295.7642504278569,0.3399779122791542,0.3309246545396735,0.3207767384571098,0.33514685273381367,88222.61138461356,295.3990376553752,0.15943192721690538,1.0594004363415452,111.3072132033347,4.940950028683516,113.42638045627973,126.87360146339897
2039-04-01,Kampala,11573.29113153154,0.4988173897120534,19.0,0.0720095219202539,0.927990478079746,0.5011826102879465,1.0000305189751728,3.000045778462759,0.3152,32.5816,0.300000000000001,32.60000000000005,0.0042457561580551495,0.0006558477492173836,-0.0033369300600000003,291.2763122647197,1.0,0.00013451109229358266,295.4446946164671,296.0400489230829,296.02904176671893,295.98356572559214,295.8621960301543,0.34633954349101326,0.3372812394668383,0.3234919284294516,0.333295412670709,88225.03820643912,295.35136898707657,0.17822546818998353,1.2167595254834775,128.61300794544547,5.061156814535228,114.58589036171884,126.79734499155582
2039-05-01,Kampala,11573.29113153154,0.4988173897120534,19.0,0.0720095219202539,0.927990478079746,0.5011826102879465,1.0000305189751728,3.000045778462759,0.3152,32.5816,0.300000000000001,32.60000000000005,0.004632607769649791,0.0008974200832275681,-0.0033369300600000003,291.31539881400147,1.0,0.00015045343923621388,295.2371596725304,295.8321528874124,295.8463012467725,295.87468693949864,295.89202314290566,0.3554248954731951,0.34744963532438683,0.3331374973345909,0.335403177405508,88249.81748974689,295.1865447753582,0.1583117339542017,1.3006180029822392,143.61202459394005,5.135204268270795,126.74087716357072,126.93329516043237
2039-06-01,Kampala,11573.29113153154,0.4988173897120534,19.0,0.0720095219202539,0.927990478079746,0.5011826102879465,1.0000305189751728,3.000045778462759,0.3152,32.5816,0.300000000000001,32.60000000000005,0.004300060564594222,0.0009486914998288579,-0.0033369300600000003,291.17440745776497,1.0,0.00014767248678491054,295.0363350580971,295.62954550756166,295.65260943421026,295.71697916173935,295.83739336643504,0.3563650694728702,0.349480085381688,0.33868955267263906,0.3395277912466434,88288.2795447129,295.0092455932227,0.09665011877303759,1.228295647656119,132.91219243088474,5.1621587430484235,134.0991720591425,126.61263859164887
2039-07-01,Kampala,11573.29113153154,0.4988173897120534,19.0,0.0720095219202539,0.927990478079746,0.5011826102879465,1.0000305189751728,3.000045778462759,0.3152,32.5816,0.300000000000001,32.60000000000005,0.0036193077909997718,0.0008033973764644786,-0.0033369300600000003,290.8722794466406,1.0,0.00013056924755064063,294.8870627991243,295.48645817268215,295.50928566391985,295.580198450233,295.73828609693186,0.3474201582363756,0.3404667129926395,0.3342075364238628,0.3414608765492901,88322.30337659211,294.86321247283894,0.04036561268612088,1.1059301260919445,110.06802465443491,5.136292728007207,127.65290226734682,124.22815906288177
2039-08-01,Kampala,11573.29113153154,0.4988173897120534,19.0,0.0720095219202539,0.927990478079746,0.5011826102879465,1.0000305189751728,3.000045778462759,0.3152,32.5816,0.300000000000001,32.60000000000005,0.0032120873788637843,0.000531000334376475,-0.0033369300600000003,290.6884223132101,1.0,0.0001189269153319874,294.8315806398653,295.436879592887,295.45163413057753,295.50452456504127,295.63848254964415,0.3399390055819221,0.33129413739065866,0.3234220667849026,0.3390573620447291,88331.8726054196,294.7750173095378,0.013612766755241425,0.8302806052404453,99.29734135750213,5.12678968741343,112.88748896715015,122.90185738857986
2039-09-01,Kampala,11573.29113153154,0.4988173897120534,19.0,0.0720095219202539,0.927990478079746,0.5011826102879465,1.0000305189751728,3.000045778462759,0.3152,32.5816,0.300000000000001,32.60000000000005,0.0033228162190413403,0.000405782830255118,-0.0033369300600000003,290.7517064190397,1.0,0.00012270772800113093,294.89889111206776,295.50011610022136,295.4998118871159,295.50197122288535,295.5680175473497,0.3392404091381563,0.329608453945779,0.31751310252287024,0.33485669029291953,88318.42154045419,294.79450563819563,0.027529582469615187,0.6533912494625692,107.11000928482012,5.0561086893478295,105.02374414446972,122.2886242177694
2039-10-01,Kampala,11573.29113153154,0.4988173897120534,19.0,0.0720095219202539,0.927990478079746,0.5011826102879465,1.0000305189751728,3.000045778462759,0.3152,32.5816,0.300000000000001,32.60000000000005,0.003745424763747429,0.00041533297156711845,-0.0033369300600000003,291.0050137106144,1.0,0.00013902792416965366,295.0154132846614,295.60824092726585,295.59926901791505,295.5696400738445,295.5524269987439,0.3459718385414101,0.3358043197346403,0.31879812623987336,0.331545876025831,88285.8353198414,294.852954024678,0.08671762281142185,0.4505850989182505,129.84706935788648,5.059514313698512,111.7163151731791,122.1362911704992
2039-11-01,Kampala,11573.29113153154,0.4988173897120534,19.0,0.0720095219202539,0.927990478079746,0.5011826102879465,1.0000305189751728,3.000045778462759,0.3152,32.5816,0.300000000000001,32.60000000000005,0.004152689473304766,0.0005530629913218318,-0.0033369300600000003,291.1822068606632,1.0,0.0001555181299738357,295.07607370178505,295.6606796295337,295.652184937428,295.61711340578955,295.57198653622066,0.3530921853095923,0.3442151250472485,0.32692783273992304,0.33132966835198935,88259.05347248727,294.8907626688784,0.15493542734039514,0.4384499258672616,143.4854990478044,5.069498243761957,126.2292663897304,121.96601914301107
2039-12-01,Kampala,11573.29113153154,0.4988173897120534,19.0,0.0720095219202539,0.927990478079746,0.5011826102879465,1.0000305189751728,3.000045778462759,0.3152,32.5816,0.300000000000001,32.60000000000005,0.004188291001338936,0.0007163752365242043,-0.0033369300600000003,291.1846840588209,1.0,0.00015885089285283852,295.084310840422,295.6622602894195,295.6537693977352,295.62792709284287,295.59266774066964,0.3556089136589791,0.3479587480803412,0.3344085369858892,0.33445914789012177,88246.71715262507,294.92966230565384,0.1850955382342319,0.5121943364102411,141.6748987548539,5.073633455258687,137.0133591210315,123.5892942032342
2040-01-01,Kampala,11573.29113153154,0.4988173897120534,19.0,0.0720095219202539,0.927990478079746,0.5011826102879465,1.0000305189751728,3.000045778462759,0.3152,32.5816,0.300000000000001,32.60000000000005,0.003919793117069536,0.0007479165949834908,-0.0033369300600000003,291.09040981370396,1.0,0.00014698255077957433,295.1737403499999,295.74455694462273,295.72628237616317,295.67167090228844,295.613382448153,0.3513840767921379,0.34425163465959496,0.3344533440912644,0.33734822901722983,88242.31328914619,295.0791633793073,0.16307992135306523,0.6807686969813352,124.52339652391532,5.1388898678282375,135.44891809473498,126.49566378402095
2040-02-01,Kampala,11573.29113153154,0.4988173897120534,19.0,0.0720095219202539,0.927990478079746,0.5011826102879465,1.0000305189751728,3.000045778462759,0.3152,32.5816,0.300000000000001,32.60000000000005,0.0035217065616206284,0.0006312487066973039,-0.0033369300600000003,291.05971096416187,1.0,0.00012540195138454477,295.3835951225058,295.95635884241796,295.919263203749,295.8169503027092,295.6690943405467,0.3422073634174821,0.33442708785032654,0.32712415928593624,0.3375466789918846,88235.1313871586,295.2943741101264,0.14145975349920065,0.9002743585037812,106.20912761597197,5.144140788767409,123.38749647508206,128.27493405332928
2040-03-01,Kampala,11573.29113153154,0.4988173897120534,19.0,0.0720095219202539,0.927990478079746,0.5011826102879465,1.0000305189751728,3.000045778462759,0.3152,32.5816,0.300000000000001,32.60000000000005,0.0036627834379102686,0.0005295197048013871,-0.0033369300600000003,291.16562917604944,1.0,0.00011920657623962813,295.5608792705074,296.1426834094131,296.1016412348283,295.97115237354944,295.7720729179005,0.3385680317335488,0.32955500696512724,0.3194911641580476,0.3348892788677575,88223.08653051946,295.46098142812417,0.15988695904508535,1.0972834800960347,111.08344166050064,5.267296211384518,114.04897337025933,129.38566757507826
2040-04-01,Kampala,11573.29113153154,0.4988173897120534,19.0,0.0720095219202539,0.927990478079746,0.5011826102879465,1.0000305189751728,3.000045778462759,0.3152,32.5816,0.300000000000001,32.60000000000005,0.004252651743765951,0.0006360941918280233,-0.0033369300600000003,291.3223950874932,1.0,0.00013435628565723989,295.4854811719072,296.07786340324736,296.05908638303043,295.9956093637335,295.8688389639464,0.3455229709056475,0.3362183917767088,0.322963598755956,0.3332756156474346,88226.80327428377,295.38438860510695,0.1779026961359547,1.2555276076688349,128.99376052424213,5.2379145065558355,115.53992525725579,129.35471080979195
2040-05-01,Kampala,11573.29113153154,0.4988173897120534,19.0,0.0720095219202539,0.927990478079746,0.5011826102879465,1.0000305189751728,3.000045778462759,0.3152,32.5816,0.300000000000001,32.60000000000005,0.004588270706684553,0.0008642291905077872,-0.0033369300600000003,291.3556210099131,1.0,0.00014889938772849688,295.2773424233789,295.86927327980817,295.8777194655726,295.88366143032425,295.8992729118061,0.3551088951688392,0.3468392682083032,0.33256406908922875,0.335257247051981,88252.68473731737,295.2255141084092,0.15782831496846628,1.2808518568960074,141.7180028410382,5.187798428354074,127.07485999143263,128.64215271536997
2040-06-01,Kampala,11573.29113153154,0.4988173897120534,19.0,0.0720095219202539,0.927990478079746,0.5011826102879465,1.0000305189751728,3.000045778462759,0.3152,32.5816,0.300000000000001,32.60000000000005,0.004283171488658943,0.000921867734176316,-0.0033369300600000003,291.1194719437354,1.0,0.00014580893431742276,295.0100879755216,295.6075079558537,295.6400771076144,295.72207690203777,295.8533164503324,0.35601806543741815,0.3489580644838703,0.3378138911325734,0.33790506201484866,88292.40184630516,295.0094941475354,0.09452580516584475,1.2785487365779005,127.79489434976715,5.1651775362988115,132.2735777426477,125.94505925635563
2040-07-01,Kampala,11573.29113153154,0.4988173897120534,19.0,0.0720095219202539,0.927990478079746,0.5011826102879465,1.0000305189751728,3.000045778462759,0.3152,32.5816,0.300000000000001,32.60000000000005,0.003561384607381155,0.0007757063474979503,-0.0033369300600000003,290.80135751323144,1.0,0.000127483786739709,294.8755794857744,295.4736667296948,295.5019139715469,295.57752666624566,295.7510579746143,0.346074585873944,0.33924762392926516,0.3321827894746117,0.33897185775300526,88322.96273323147,294.8642467729406,0.04001635806191269,1.121973963422408,109.16311759735218,5.195842018242194,125.63233691323354,123.15000829890772
2040-08-01,Kampala,11573.29113153154,0.4988173897120534,19.0,0.0720095219202539,0.927990478079746,0.5011826102879465,1.0000305189751728,3.000045778462759,0.3152,32.5816,0.300000000000001,32.60000000000005,0.003208659336963758,0.0005262265414566125,-0.0033369300600000003,290.6351246279851,1.0,0.00011885628088478698,294.828895207081,295.43097058416964,295.4490210193094,295.5031808895034,295.6457004545882,0.33794698137721424,0.3294498968586265,0.3213972622624734,0.3364253716383255,88329.9659872711,294.7739782003645,0.013663469772034859,0.8750584417043901,102.39073640192896,5.286579396534745,112.39051888523,122.39837420908293
2040-09-01,Kampala,11573.29113153154,0.4988173897120534,19.0,0.0720095219202539,0.927990478079746,0.5011826102879465,1.0000305189751728,3.000045778462759,0.3152,32.5816,0.300000000000001,32.60000000000005,0.0033300069966404225,0.00040209989281693947,-0.0033369300600000003,290.75722457305216,1.0,0.0001254661524266619,294.91683424139666,295.510619663484,295.50981710200807,295.5061446173802,295.56978870678694,0.33790960201180353,0.3278418275012535,0.3159474560785916,0.3331537450523185,88310.46596877468,294.7913234642195,0.02675685879545231,0.5841264126898926,115.87233055779582,5.269979539333086,107.73174899929275,123.07506234964615
2040-10-01,Kampala,11573.29113153154,0.4988173897120534,19.0,0.0720095219202539,0.927990478079746,0.5011826102879465,1.0000305189751728,3.000045778462759,0.3152,32.5816,0.300000000000001,32.60000000000005,0.003727741867487606,0.00040295469155372045,-0.0033369300600000003,291.02303375055794,1.0,0.0001399429600751577,295.0603954872023,295.64860899589075,295.6359352917556,295.59135377996404,295.5568823350173,0.34545456052988127,0.3348200387835811,0.317943096879721,0.3308239200688185,88286.02514677621,294.89477600211734,0.08347943806863885,0.4155076154607802,127.04368581341419,5.191147365656385,113.63835738212843,122.85408281650626
2040-11-01,Kampala,11573.29113153154,0.4988173897120534,19.0,0.0720095219202539,0.927990478079746,0.5011826102879465,1.0000305189751728,3.000045778462759,0.3152,32.5816,0.300000000000001,32.60000000000005,0.004125196320746414,0.0005328512413813775,-0.0033369300600000003,291.17077594479065,1.0,0.00015421419445531533,295.10159989139675,295.6872667336651,295.6777395554952,295.64145138251973,295.5844431620344,0.3531461479145493,0.3437545953450852,0.3262561315718064,0.3310833190634921,88262.6060794965,294.93492960214894,0.15446303863972985,0.41682640617099437,140.8300019409006,5.231220407528404,126.80292499205468,122.83898653777304
2040-12-01,Kampala,11573.29113153154,0.4988173897120534,19.0,0.0720095219202539,0.927990478079746,0.5011826102879465,1.0000305189751728,3.000045778462759,0.3152,32.5816,0.300000000000001,32.60000000000005,0.004176747244781574,0.0006889946485327541,-0.0033369300600000003,291.178083542214,1.0,0.00015636838340000984,295.10374017734404,295.6834420457858,295.6738742198805,295.65136518113843,295.61153590929734,0.35539959089969325,0.3476531254820616,0.3333410986426199,0.33324927303932844,88249.91470622197,294.9719951848337,0.18645936017767759,0.5653120162137774,136.7765707080753,5.29419448500559,134.49245812596308,124.11514612291904
2041-01-01,Kampala,11573.29113153154,0.4988173897120534,19.0,0.0720095219202539,0.927990478079746,0.5011826102879465,1.0000305189751728,3.000045778462759,0.3152,32.5816,0.300000000000001,32.60000000000005,0.0038930853105881152,0.0007264806221371086,-0.0033369300600000003,291.0471695784767,1.0,0.00014485431137218103,295.1532513329915,295.73164873010194,295.7174151572411,295.6825279599209,295.63462465643875,0.34976235582457793,0.3427254310401005,0.33314865567668356,0.33517204863071104,88241.7095206158,295.0701704157071,0.1669722746495054,0.7390239911674783,126.49643607781304,5.35275532290972,134.03276570424302,126.50942069738063
2041-02-01,Kampala,11573.29113153154,0.4988173897120534,19.0,0.0720095219202539,0.927990478079746,0.5011826102879465,1.0000305189751728,3.000045778462759,0.3152,32.5816,0.300000000000001,32.60000000000005,0.003523452936531601,0.0006257327127420277,-0.0033369300600000003,291.00057917546565,1.0,0.00012638542087728302,295.35799421276135,295.93649371953364,295.9027057431861,295.80901582858274,295.6812118350222,0.340719663272846,0.3329325698687946,0.3252489921938333,0.3343979308728518,88230.3716074496,295.27915988494937,0.13996740453554815,0.9123918623176621,108.05210983591711,5.372861875330898,122.97760832968719,127.00190870878322
2041-03-01,Kampala,11573.29113153154,0.4988173897120534,19.0,0.0720095219202539,0.927990478079746,0.5011826102879465,1.0000305189751728,3.000045778462759,0.3152,32.5816,0.300000000000001,32.60000000000005,0.0036599806494488495,0.0005332513499282527,-0.0033369300600000003,291.08887275402566,1.0,0.00012114044453319156,295.52210573305007,296.1119430192325,296.07823610304416,295.95772283037377,295.78198678051746,0.33753172183488483,0.32831508287769484,0.3179846290723202,0.3320526868077443,88222.71954122127,295.43456623790854,0.1573525984180996,1.0525277773406498,112.5589707443886,5.346285790905378,114.58705733725463,127.23222226348066
2041-04-01,Kampala,11573.29113153154,0.4988173897120534,19.0,0.0720095219202539,0.927990478079746,0.5011826102879465,1.0000305189751728,3.000045778462759,0.3152,32.5816,0.300000000000001,32.60000000000005,0.004236715833180592,0.0006339600747396325,-0.0033369300600000003,291.2582390159179,1.0,0.0001354503760065211,295.4738569226996,296.069916451499,296.05530845338586,295.9909048493096,295.8740628808636,0.344910276604977,0.3354099777848952,0.3211431828233265,0.3306773511507111,88224.5002522951,295.3907541296328,0.17473968202221554,1.2044373365792496,130.14012191483403,5.394084395978151,115.80442959121437,127.77759362096924
2041-05-01,Kampala,11573.29113153154,0.4988173897120534,19.0,0.0720095219202539,0.927990478079746,0.5011826102879465,1.0000305189751728,3.000045778462759,0.3152,32.5816,0.300000000000001,32.60000000000005,0.004574943136912125,0.0008552080334957487,-0.0033369300600000003,291.31558961034995,1.0,0.0001488605335374263,295.27712949656376,295.8725562642269,295.8814613211423,295.8904776981412,295.9083527287178,0.3539805907295753,0.3454841780606366,0.3310205419373274,0.3332058773686091,88251.69418822875,295.23627623465524,0.1571393136593134,1.29294278445264,142.4978413897818,5.288243673306975,127.22439360172949,128.29251287106555
2041-06-01,Kampala,11573.29113153154,0.4988173897120534,19.0,0.0720095219202539,0.927990478079746,0.5011826102879465,1.0000305189751728,3.000045778462759,0.3152,32.5816,0.300000000000001,32.60000000000005,0.004262606623554068,0.00091132895145451,-0.0033369300600000003,291.1115517408634,1.0,0.00014586692098977758,295.0326887577383,295.63023593868047,295.6558494345738,295.7332462209467,295.85812315710575,0.3548014707086731,0.3475695287055863,0.33632532474775045,0.33634776719076237,88290.81375187356,295.02975183185146,0.09502760438342335,1.2660389109737034,129.66453374451442,5.366284281221662,133.11288329605773,126.42579891434066
2041-07-01,Kampala,11573.29113153154,0.4988173897120534,19.0,0.0720095219202539,0.927990478079746,0.5011826102879465,1.0000305189751728,3.000045778462759,0.3152,32.5816,0.300000000000001,32.60000000000005,0.0035573856749299693,0.0007651746019576,-0.0033369300600000003,290.80023870557574,1.0,0.00012787496153379238,294.8935254353572,295.49413845432156,295.5180520135431,295.5911311312724,295.76133293536947,0.34525758064618456,0.33812955094004565,0.33101219892544514,0.3377606921362473,88322.62490998187,294.8843807049347,0.04023119439298686,1.1200122289823016,109.69265119111385,5.398767147143602,126.50254469963015,123.74073102332038
2041-08-01,Kampala,11573.29113153154,0.4988173897120534,19.0,0.0720095219202539,0.927990478079746,0.5011826102879465,1.0000305189751728,3.000045778462759,0.3152,32.5816,0.300000000000001,32.60000000000005,0.003183304681649919,0.0005109575627929132,-0.0033369300600000003,290.6286012884685,1.0,0.0001182586340065042,294.8443240343419,295.44849885498087,295.4653188541146,295.5183815125958,295.6577434273932,0.33728417112948833,0.32857473252742325,0.3201521256144014,0.3352173167034312,88330.55840626481,294.7955093451901,0.013655744356775518,0.861416013919395,101.4687037494894,5.451900872560954,112.80083697292098,122.813802087842
2041-09-01,Kampala,11573.29113153154,0.4988173897120534,19.0,0.0720095219202539,0.927990478079746,0.5011826102879465,1.0000305189751728,3.000045778462759,0.3152,32.5816,0.300000000000001,32.60000000000005,0.00330422444782991,0.0003872321651335632,-0.0033369300600000003,290.73188361864226,1.0,0.00012393006343517786,294.9254327595634,295.52284996445775,295.52101149383543,295.52038251214657,295.58344590640536,0.3370434885819768,0.3268968108645372,0.314539442579754,0.33158830390298005,88313.13698626588,294.8145524657027,0.026685308301659872,0.6092022568292713,113.08914666056313,5.4256275005067955,106.96640437018357,123.02599646450174
2041-10-01,Kampala,11573.29113153154,0.4988173897120534,19.0,0.0720095219202539,0.927990478079746,0.5011826102879465,1.0000305189751728,3.000045778462759,0.3152,32.5816,0.300000000000001,32.60000000000005,0.0037093233295515866,0.00039090769552699604,-0.0033369300600000003,290.99370347673295,1.0,0.0001390809115120164,295.059975696839,295.6497014108807,295.63555166879183,295.60044192099855,295.56875705105466,0.3442738353083196,0.33363041170458335,0.3163163900634971,0.32891438842782467,88285.8872429488,294.903091605867,0.08435819755612632,0.43135606282820715,128.2129598843659,5.288206940646066,113.1636287340098,122.88117824221416
2041-11-01,Kampala,11573.29113153154,0.4988173897120534,19.0,0.0720095219202539,0.927990478079746,0.5011826102879465,1.0000305189751728,3.000045778462759,0.3152,32.5816,0.300000000000001,32.60000000000005,0.004111798969091315,0.00052143536544032,-0.0033369300600000003,291.15027779943165,1.0,0.00015396993215548472,295.1078885885082,295.69282645515773,295.68068008771485,295.6494409944126,295.5939379732875,0.3518302144882454,0.3423451452202341,0.32466320262672543,0.3290231044143208,88261.19594261567,294.9428086160204,0.154200161658565,0.4297265704626425,141.9930034771119,5.30450365754118,126.64265805792614,122.75947898174844
2041-12-01,Kampala,11573.29113153154,0.4988173897120534,19.0,0.0720095219202539,0.927990478079746,0.5011826102879465,1.0000305189751728,3.000045778462759,0.3152,32.5816,0.300000000000001,32.60000000000005,0.004154702532844285,0.0006787625734101908,-0.0033369300600000003,291.1530470444995,1.0,0.00015646199707007342,295.11144021812805,295.6900129002004,295.6787587492852,295.6584286250272,295.6194429616847,0.35425342589372094,0.3462454467342683,0.331852942155185,0.33150639848149427,88248.68176394106,294.98090691560225,0.1856429480154953,0.5515086022112222,138.6158962033162,5.27055604539392,135.31320519763855,124.11240209433204
2042-01-01,Kampala,11573.29113153154,0.4988173897120534,19.0,0.0720095219202539,0.927990478079746,0.5011826102879465,1.0000305189751728,3.000045778462759,0.3152,32.5816,0.300000000000001,32.60000000000005,0.0038736968237559496,0.0007151297867956925,-0.0033369300600000003,291.0323555323694,1.0,0.00014479007635317376,295.173271894092,295.7499666858312,295.73187625926664,295.6930380810749,295.6420764589425,0.3491793242035574,0.34171593297084724,0.331744773133639,0.33374216070181634,88241.73404918255,295.09608462839924,0.1649045499595094,0.7213053509149724,125.96181468980728,5.41171482787443,134.46438938295208,126.69429871981986
2042-02-01,Kampala,11573.29113153154,0.4988173897120534,19.0,0.0720095219202539,0.927990478079746,0.5011826102879465,1.0000305189751728,3.000045778462759,0.3152,32.5816,0.300000000000001,32.60000000000005,0.0034957031019316395,0.0006081369332493017,-0.0033369300600000003,290.9931372233625,1.0,0.0001252352085404986,295.37921185629926,295.9570836489632,295.9204931520265,295.82578778357566,295.69197693152825,0.3401067422858483,0.33191788530237293,0.3240429859460674,0.3333388796659958,88231.99767249338,295.2997168729679,0.139956733756948,0.9091516722950689,107.73317038681773,5.4724609773192165,123.25264758748743,127.64391789127679
2042-03-01,Kampala,11573.29113153154,0.4988173897120534,19.0,0.0720095219202539,0.927990478079746,0.5011826102879465,1.0000305189751728,3.000045778462759,0.3152,32.5816,0.300000000000001,32.60000000000005,0.003653422005980214,0.0005172591165349204,-0.0033369300600000003,291.07135400434726,1.0,0.00012032229812654365,295.52585981433145,296.1159629600479,296.08278547877813,295.97203063060476,295.79492790610453,0.3368972636447876,0.3273858245171365,0.3167112684685825,0.3304916917067008,88222.49532447511,295.43914653735266,0.15779952272235973,1.0602915668926174,112.2619892031742,5.528038434886548,114.19687078731926,127.42713501213228
2042-04-01,Kampala,11573.29113153154,0.4988173897120534,19.0,0.0720095219202539,0.927990478079746,0.5011826102879465,1.0000305189751728,3.000045778462759,0.3152,32.5816,0.300000000000001,32.60000000000005,0.004203422134118507,0.000616330020789294,-0.0033369300600000003,291.22846465311756,1.0,0.00013368519335725168,295.48049732150685,296.0760090118688,296.0624044017417,296.0038781226605,295.8837734859338,0.3437497810367928,0.3340604266392641,0.31963441259592873,0.32891204187782735,88224.37834420717,295.3912863087138,0.17594430296472266,1.2143897503912369,129.61810744457696,5.423053454276547,115.3977395719191,127.68036376383736
2042-05-01,Kampala,11573.29113153154,0.4988173897120534,19.0,0.0720095219202539,0.927990478079746,0.5011826102879465,1.0000305189751728,3.000045778462759,0.3152,32.5816,0.300000000000001,32.60000000000005,0.004565585678638626,0.0008496475142451184,-0.0033369300600000003,291.27472154372566,1.0,0.00014840826630278459,295.27902350752447,295.8736997894111,295.8855908374884,295.89797124175743,295.9148720603905,0.3527439830140973,0.34427720673699325,0.32942543819071696,0.3312250814489222,88250.19014018495,295.2414289979445,0.15720685572688797,1.3010625450597677,143.38743615153913,5.464878318474471,127.08086611581184,127.98182036725184
2042-06-01,Kampala,11573.29113153154,0.4988173897120534,19.0,0.0720095219202539,0.927990478079746,0.5011826102879465,1.0000305189751728,3.000045778462759,0.3152,32.5816,0.300000000000001,32.60000000000005,0.004239573116386576,0.0009026112383286048,-0.0033369300600000003,291.10301291038536,1.0,0.00014575521520470436,295.0566611931362,295.65139447499854,295.67521888324734,295.7449419862508,295.86320845513364,0.3536460981510905,0.34631058967996986,0.33484067258061284,0.33488353209124333,88289.07393852924,295.0508220575717,0.09456058825755269,1.2510092348357693,131.54203082508084,5.51351240904198,133.69555460508596,126.89406711115721
2042-07-01,Kampala,11573.29113153154,0.4988173897120534,19.0,0.0720095219202539,0.927990478079746,0.5011826102879465,1.0000305189751728,3.000045778462759,0.3152,32.5816,0.300000000000001,32.60000000000005,0.003547716762984808,0.0007566719907406318,-0.0033369300600000003,290.7948118187771,1.0,0.00012831037637402068,294.91191144763724,295.5119418901251,295.53449583124126,295.60629900620415,295.7709534194892,0.3443730577473809,0.3370531018174674,0.3299417552332678,0.3365660406535913,88322.15365098328,294.9070278516172,0.038994947976115836,1.1176618272429077,110.11377678433912,5.628884676556242,127.160786711963,124.40089988075486
2042-08-01,Kampala,11573.29113153154,0.4988173897120534,19.0,0.0720095219202539,0.927990478079746,0.5011826102879465,1.0000305189751728,3.000045778462759,0.3152,32.5816,0.300000000000001,32.60000000000005,0.0031552220747351357,0.0004927244032722026,-0.0033369300600000003,290.61806454541085,1.0,0.00011774132789772079,294.8589396011619,295.46529392156003,295.4789008034042,295.53256778260584,295.668686431932,0.33672381511749655,0.3276579990466962,0.3190799404220536,0.3340776050063455,88331.0439765581,294.8199012386217,0.012676259180877192,0.8506619590076637,100.60866588920764,5.548152029017388,113.0084926750147,123.28848791621742
2042-09-01,Kampala,11573.29113153154,0.4988173897120534,19.0,0.0720095219202539,0.927990478079746,0.5011826102879465,1.0000305189751728,3.000045778462759,0.3152,32.5816,0.300000000000001,32.60000000000005,0.0032706675163635644,0.0003682765186601052,-0.0033369300600000003,290.70036921940516,1.0,0.00012240950393910583,294.93381170691777,295.53380279943786,295.53005773191666,295.533618376759,295.5967121278211,0.33625054023266504,0.32598194730777613,0.31331709799455293,0.3301467832160026,88315.48828117787,294.83915283405673,0.026155397223559113,0.6356798140800931,110.40897015204352,5.420176526618822,106.10672095790386,123.0619735602329
2042-10-01,Kampala,11573.29113153154,0.4988173897120534,19.0,0.0720095219202539,0.927990478079746,0.5011826102879465,1.0000305189751728,3.000045778462759,0.3152,32.5816,0.300000000000001,32.60000000000005,0.0036863266083913965,0.0003754384235830734,-0.0033369300600000003,290.9591421451621,1.0,0.000138147307134534,295.05798429438545,295.64999476040146,295.63885370770413,295.60757608865697,295.5820963454867,0.3432688569438042,0.33246174945723594,0.3148490200814676,0.3271551150104722,88285.67571737817,294.9122538659319,0.0843278159211943,0.44344126609640727,129.35053288287529,5.410821760426337,112.48506950964209,122.87882541330953
2042-11-01,Kampala,11573.29113153154,0.4988173897120534,19.0,0.0720095219202539,0.927990478079746,0.5011826102879465,1.0000305189751728,3.000045778462759,0.3152,32.5816,0.300000000000001,32.60000000000005,0.004093185558187316,0.0005100961767512046,-0.0033369300600000003,291.12699845498213,1.0,0.000153827308722048,295.11097272953924,295.69660081499137,295.6869471627042,295.6547704294653,295.6045181853331,0.35058858533229653,0.34101494622863565,0.32311789212751063,0.3270913338712845,88259.9393564753,294.94986812365454,0.15336573954834046,0.4373752166390781,142.975415527751,5.4614201278530565,126.43549314389816,122.77105883879625
2042-12-01,Kampala,11573.29113153154,0.4988173897120534,19.0,0.0720095219202539,0.927990478079746,0.5011826102879465,1.0000305189751728,3.000045778462759,0.3152,32.5816,0.300000000000001,32.60000000000005,0.004135134573845229,0.0006712240224145366,-0.0033369300600000003,291.132199650954,1.0,0.00015674471431454328,295.1178302339308,295.69568143481774,295.6874849224427,295.663184494719,295.62783054135696,0.3530252152019986,0.3447820418099364,0.3304192607802376,0.32987800338541473,88247.44419116643,294.98703697748107,0.18434777241437292,0.5344953678093561,140.44029420932964,5.550675675549261,136.30276287055264,124.31194657493243
2043-01-01,Kampala,11573.29113153154,0.4988173897120534,19.0,0.0720095219202539,0.927990478079746,0.5011826102879465,1.0000305189751728,3.000045778462759,0.3152,32.5816,0.300000000000001,32.60000000000005,0.0038614937388038438,0.0007020952248403908,-0.0033369300600000003,291.0255929197969,1.0,0.00014507362817851537,295.1952863572722,295.76949708905767,295.7491363266233,295.7013630544308,295.64873563691117,0.3483262786883828,0.3407029085337208,0.33039051772732514,0.332378518852881,88241.85779877692,295.1194205821359,0.16322769515349078,0.7061018116523133,125.37770971785011,5.565666260482981,135.23398126234738,127.07275847490916
2043-02-01,Kampala,11573.29113153154,0.4988173897120534,19.0,0.0720095219202539,0.927990478079746,0.5011826102879465,1.0000305189751728,3.000045778462759,0.3152,32.5816,0.300000000000001,32.60000000000005,0.00347193798800426,0.00059028475064793,-0.0033369300600000003,290.9898404614885,1.0,0.00012450348285783231,295.39769529910797,295.9723895464528,295.9334514637136,295.84136842970094,295.7017851846725,0.3391233751019427,0.330895021916616,0.3228560501084265,0.3323461966996704,88233.39915352072,295.318790248178,0.13964424439601134,0.9094166835849787,107.0571493093725,5.5724079812524545,123.58965514841042,128.39307765928945
2043-03-01,Kampala,11573.29113153154,0.4988173897120534,19.0,0.0720095219202539,0.927990478079746,0.5011826102879465,1.0000305189751728,3.000045778462759,0.3152,32.5816,0.300000000000001,32.60000000000005,0.003645149829032328,0.0004952173890360566,-0.0033369300600000003,291.0557164671931,1.0,0.00012014562141383986,295.5267415300659,296.1166102266203,296.0830792072627,295.9849330258007,295.80214863725337,0.3361376050498148,0.32655636481076916,0.31553245811624003,0.3290607715662761,88222.30861301156,295.4433133293198,0.15732305009795458,1.0705217217528673,111.80438944877608,5.547270899129049,113.59832988785746,127.6648424468412
2043-04-01,Kampala,11573.29113153154,0.4988173897120534,19.0,0.0720095219202539,0.927990478079746,0.5011826102879465,1.0000305189751728,3.000045778462759,0.3152,32.5816,0.300000000000001,32.60000000000005,0.004166532708265791,0.0005934844920226483,-0.0033369300600000003,291.1982422822501,1.0,0.0001325353861204119,295.48103170941863,296.0771219833107,296.0634121305013,296.01728713805045,295.888114359678,0.342497043986762,0.3328618781218031,0.3182526633792277,0.32720898686384836,88224.5060939946,295.39411900363604,0.17570854282124926,1.2272271837004853,129.16512814723612,5.530723588028629,114.85707897681591,127.53825509534221
2043-05-01,Kampala,11573.29113153154,0.4988173897120534,19.0,0.0720095219202539,0.927990478079746,0.5011826102879465,1.0000305189751728,3.000045778462759,0.3152,32.5816,0.300000000000001,32.60000000000005,0.004553088226580172,0.0008360360471559806,-0.0033369300600000003,291.23708290100154,1.0,0.00014859676177099936,295.2803076607314,295.87638108335824,295.8897703885814,295.90679631675715,295.91737032172483,0.35165045570938297,0.3430053813898522,0.3278772429013868,0.3292202633662069,88249.37398713622,295.2499496659753,0.15615981185483385,1.3123651938203427,144.22868536402584,5.558882373601307,127.10239806369368,127.66931189389369
2043-06-01,Kampala,11573.29113153154,0.4988173897120534,19.0,0.0720095219202539,0.927990478079746,0.5011826102879465,1.0000305189751728,3.000045778462759,0.3152,32.5816,0.300000000000001,32.60000000000005,0.00422242214321317,0.0008896982303339259,-0.0033369300600000003,291.0963226369658,1.0,0.00014585960900268284,295.07995405348305,295.6732433886198,295.6966918259625,295.75776464979043,295.8684007830604,0.35260078676527934,0.34498242628802506,0.3333429912893333,0.33326212088836765,88287.75450172102,295.0730365768015,0.09423583975058193,1.2404177007759598,133.2402465103404,5.648212437786479,134.47822010402038,127.33164354464793
2043-07-01,Kampala,11573.29113153154,0.4988173897120534,19.0,0.0720095219202539,0.927990478079746,0.5011826102879465,1.0000305189751728,3.000045778462759,0.3152,32.5816,0.300000000000001,32.60000000000005,0.0035484205069419377,0.0007447701326818738,-0.0033369300600000003,290.7949003541467,1.0,0.0001287784469428397,294.9305130413916,295.5290824528964,295.5535972671544,295.6201030780474,295.78080088746145,0.34366714505358303,0.3358717694720581,0.32883039298784006,0.3352169618510838,88321.90613238425,294.9276511053129,0.0383505491150909,1.1160313196152236,110.46595172865317,5.704981034234454,127.97558819240696,124.97840217790235
2043-08-01,Kampala,11573.29113153154,0.4988173897120534,19.0,0.0720095219202539,0.927990478079746,0.5011826102879465,1.0000305189751728,3.000045778462759,0.3152,32.5816,0.300000000000001,32.60000000000005,0.003139200986093912,0.0004725143379319826,-0.0033369300600000003,290.6097783097144,1.0,0.0001170293819363287,294.87435076690014,295.4790950015185,295.495797444257,295.54541657071474,295.6805043271733,0.33610352925249415,0.326693573280112,0.31802693063142273,0.3327872641358716,88331.60296284838,294.8399171203386,0.011809589616587624,0.8396370718421151,99.69567957084746,5.706981802612149,113.16837143531286,123.67292134684885
2043-09-01,Kampala,11573.29113153154,0.4988173897120534,19.0,0.0720095219202539,0.927990478079746,0.5011826102879465,1.0000305189751728,3.000045778462759,0.3152,32.5816,0.300000000000001,32.60000000000005,0.0032486807775101378,0.00034878266093557494,-0.0033369300600000003,290.6729373587442,1.0,0.00012072667063914835,294.9411452931101,295.5409089263305,295.54177658680084,295.54374741612463,295.6091752257998,0.3353693788935617,0.3249637195991384,0.3121641005722349,0.3287454066137108,88318.14700310519,294.8599291820089,0.025237618532734707,0.6620200850096433,107.55842500978224,5.595947718695697,105.28091528223474,123.0564599610879
2043-10-01,Kampala,11573.29113153154,0.4988173897120534,19.0,0.0720095219202539,0.927990478079746,0.5011826102879465,1.0000305189751728,3.000045778462759,0.3152,32.5816,0.300000000000001,32.60000000000005,0.003668121682137194,0.0003591671008784995,-0.0033369300600000003,290.9260141238738,1.0,0.0001370344037454191,295.05714525793854,295.64810800615396,295.64041674576873,295.61203705034137,295.5938383101558,0.34211896758811006,0.3313083040375752,0.31342713023513197,0.3258840607426971,88285.61671419728,294.9188438574222,0.0841424388748883,0.45904271520688683,130.16237491560767,5.608921236680988,111.91646441702399,122.89007493527448
2043-11-01,Kampala,11573.29113153154,0.4988173897120534,19.0,0.0720095219202539,0.927990478079746,0.5011826102879465,1.0000305189751728,3.000045778462759,0.3152,32.5816,0.300000000000001,32.60000000000005,0.004077807242851408,0.0004964724539416876,-0.0033369300600000003,291.1038750422543,1.0,0.00015356299397705525,295.1191656076091,295.7013935382658,295.6924200239166,295.65972613376584,295.6143022575719,0.3493156780962449,0.33965758178622574,0.32163010287127247,0.3257212819227841,88258.78354622608,294.9558867267746,0.15232929587765165,0.44970950522037795,143.77074746100254,5.569970215797221,126.4213004940309,122.7355231183755
2043-12-01,Kampala,11573.29113153154,0.4988173897120534,19.0,0.0720095219202539,0.927990478079746,0.5011826102879465,1.0000305189751728,3.000045778462759,0.3152,32.5816,0.300000000000001,32.60000000000005,0.004114307193484792,0.0006586489149882279,-0.0033369300600000003,291.1053059186176,1.0,0.00015683005751141292,295.1279142269877,295.7014758662988,295.6942868627313,295.66909278281327,295.63594016884633,0.3518711094481281,0.3434022525511952,0.3289368742099242,0.32878385682108574,88246.45618551185,294.9914914585151,0.18281539396506882,0.5249621519332922,142.00580387168125,5.625714739931843,137.23869489266988,124.4130471430028
2044-01-01,Kampala,11573.29113153154,0.4988173897120534,19.0,0.0720095219202539,0.927990478079746,0.5011826102879465,1.0000305189751728,3.000045778462759,0.3152,32.5816,0.300000000000001,32.60000000000005,0.003842861286303921,0.0006902546095059973,-0.0033369300600000003,291.01210895640753,1.0,0.00014506709183656312,295.21714280474754,295.78694297515136,295.76675027533753,295.71286848158314,295.6559271262914,0.34764225456694015,0.33960987918692,0.3289797778183718,0.3312018426869047,88242.07814602742,295.1408777216354,0.16057211434113602,0.6945414840998683,124.87508742316811,5.609386718899127,135.73621678223938,127.3439166259655
2044-02-01,Kampala,11573.29113153154,0.4988173897120534,19.0,0.0720095219202539,0.927990478079746,0.5011826102879465,1.0000305189751728,3.000045778462759,0.3152,32.5816,0.300000000000001,32.60000000000005,0.0034410591062538957,0.000572876062551303,-0.0033369300600000003,290.98216237525685,1.0,0.00012355386959993353,295.41200877825565,295.9843857943699,295.9461885620069,295.8536124108147,295.7108211810562,0.3384115808979001,0.32980170808615045,0.32164260234871395,0.33139981828665716,88235.16892828325,295.3357381749181,0.1392723656348848,0.9111676469969782,106.62787959915742,5.673336915179516,123.7000367283877,129.06752968425792
2044-03-01,Kampala,11573.29113153154,0.4988173897120534,19.0,0.0720095219202539,0.927990478079746,0.5011826102879465,1.0000305189751728,3.000045778462759,0.3152,32.5816,0.300000000000001,32.60000000000005,0.0035797942570540042,0.00047100055783780786,-0.0033369300600000003,291.08916129793255,1.0,0.00011749043704011742,295.58796419113645,296.1673970404068,296.1152001752502,295.9949465833242,295.80948190981985,0.3347189069820962,0.32495821216636694,0.3140960573146964,0.3286815647275367,88223.28509482513,295.48285396035004,0.15729506834881707,1.1070939283817178,111.45852244795556,5.705220700571249,114.47383254906276,130.09331841970987
2044-04-01,Kampala,11573.29113153154,0.4988173897120534,19.0,0.0720095219202539,0.927990478079746,0.5011826102879465,1.0000305189751728,3.000045778462759,0.3152,32.5816,0.300000000000001,32.60000000000005,0.004168279550372256,0.0005787967499266948,-0.0033369300600000003,291.24415069558,1.0,0.000132566621138132,295.51314235524046,296.10098878974276,296.07296771782563,296.0186828693435,295.8924317636177,0.3416188094557964,0.3316967879116336,0.31761031389382205,0.32704304084249375,88226.79962976363,295.4059694345391,0.1758576203238754,1.2641373701298226,129.40425083140636,5.7253148126962605,115.97133185930784,130.06483818447637
2044-05-01,Kampala,11573.29113153154,0.4988173897120534,19.0,0.0720095219202539,0.927990478079746,0.5011826102879465,1.0000305189751728,3.000045778462759,0.3152,32.5816,0.300000000000001,32.60000000000005,0.004508306242001571,0.0008073036208667367,-0.0033369300600000003,291.2767871377285,1.0,0.00014703347383546953,295.32000679485384,295.90800664835433,295.90631430517846,295.9110389541765,295.9230133341218,0.3512386098888578,0.34230268229026056,0.32716662863889406,0.3289623517616942,88252.27577444242,295.2683335572842,0.15579582200262365,1.290455624025751,142.08907033627352,5.711613517001137,127.52078586598044,129.43278526837634
2044-06-01,Kampala,11573.29113153154,0.4988173897120534,19.0,0.0720095219202539,0.927990478079746,0.5011826102879465,1.0000305189751728,3.000045778462759,0.3152,32.5816,0.300000000000001,32.60000000000005,0.0042004615001099655,0.0008663205444925029,-0.0033369300600000003,291.04067617215713,1.0,0.0001439262658115628,295.05284385410596,295.6514995990326,295.681657408214,295.7630485136,295.8806399119628,0.3521867606973868,0.3444534098609871,0.3324239894072168,0.3316269190571634,88291.99241496508,295.07243464470116,0.09312549166634648,1.2866250246098418,128.27484575153733,5.77362663847146,132.71866800865197,126.81067407833588
2044-07-01,Kampala,11573.29113153154,0.4988173897120534,19.0,0.0720095219202539,0.927990478079746,0.5011826102879465,1.0000305189751728,3.000045778462759,0.3152,32.5816,0.300000000000001,32.60000000000005,0.0034818138035991805,0.0007195973817602062,-0.0033369300600000003,290.72399762307776,1.0,0.0001255616547090934,294.9174923221933,295.51674821257717,295.54356887419027,295.61881159258024,295.79201489586904,0.3422787850763238,0.33472864955842646,0.32674382319082323,0.3326883354550561,88322.6339403109,294.92726514887187,0.03862428130856275,1.1313888921044695,109.6064180152577,5.859720490855857,126.0647529830559,123.99613394742742
2044-08-01,Kampala,11573.29113153154,0.4988173897120534,19.0,0.0720095219202539,0.927990478079746,0.5011826102879465,1.0000305189751728,3.000045778462759,0.3152,32.5816,0.300000000000001,32.60000000000005,0.0031291267594920884,0.0004705898966350784,-0.0033369300600000003,290.55873121909195,1.0,0.0001169392749000681,294.8694712185429,295.47223744818456,295.49037955499176,295.5452174650563,295.6856367740311,0.3341460369421933,0.32493705036604537,0.31597495962980576,0.33019479649744143,88329.72355986887,294.8374024558145,0.012101794933635723,0.8843370121116174,102.76712267362723,5.867440899369426,112.79262633281326,123.22760088628769
2044-09-01,Kampala,11573.29113153154,0.4988173897120534,19.0,0.0720095219202539,0.927990478079746,0.5011826102879465,1.0000305189751728,3.000045778462759,0.3152,32.5816,0.300000000000001,32.60000000000005,0.003258237265783045,0.0003459208582531875,-0.0033369300600000003,290.6820624780757,1.0,0.00012351591461977105,294.958426362733,295.55285577726903,295.5507047147897,295.54875272621996,295.6108340404149,0.33403748795445937,0.3232786346982681,0.3105424001774515,0.327185907862791,88310.09979148058,294.85655926114026,0.02525831529773664,0.5955856436202653,116.19325994821044,5.899558170304144,108.01658497893948,123.8507439024096
2044-10-01,Kampala,11573.29113153154,0.4988173897120534,19.0,0.0720095219202539,0.927990478079746,0.5011826102879465,1.0000305189751728,3.000045778462759,0.3152,32.5816,0.300000000000001,32.60000000000005,0.003654378805304262,0.0003469436298701985,-0.0033369300600000003,290.9473183603951,1.0,0.00013801364996353325,295.10371016800474,295.69174990478524,295.67633212862694,295.6335386948042,295.5981330820942,0.341539178479677,0.3302895073531335,0.31254172768050853,0.3253450294841223,88285.65774110216,294.96010917976895,0.08186360298059199,0.42684426192184605,127.34928451104076,5.7841836507523325,113.88343499139667,123.63218876531498
2044-11-01,Kampala,11573.29113153154,0.4988173897120534,19.0,0.0720095219202539,0.927990478079746,0.5011826102879465,1.0000305189751728,3.000045778462759,0.3152,32.5816,0.300000000000001,32.60000000000005,0.004049152206913333,0.00047622630868938905,-0.0033369300600000003,291.0929389851762,1.0,0.00015215085623658954,295.1463584486134,295.73175004627893,295.71915840930956,295.6825356276863,295.62679159553045,0.3491760090216444,0.33923586989657745,0.32089346429884774,0.3255715037512446,88262.3364545703,294.9995369728327,0.15278618636968136,0.4283810890587252,141.1385639950204,5.855530289138262,127.05776817788608,123.53758336342985
2044-12-01,Kampala,11573.29113153154,0.4988173897120534,19.0,0.0720095219202539,0.927990478079746,0.5011826102879465,1.0000305189751728,3.000045778462759,0.3152,32.5816,0.300000000000001,32.60000000000005,0.004095644924183492,0.000630647270702682,-0.0033369300600000003,291.0989620741121,1.0,0.00015427544011932938,295.1474347834408,295.7258558965305,295.7162693546111,295.69167576096316,295.6536261570903,0.3515892747910309,0.3431307155010268,0.3280083142713393,0.3274742390663254,88249.7743675823,295.03548630927725,0.18414606939703773,0.5748627990632872,136.995430067333,5.847649660796841,134.80174973500957,124.7991974199018
2045-01-01,Kampala,11573.29113153154,0.4988173897120534,19.0,0.0720095219202539,0.927990478079746,0.5011826102879465,1.0000305189751728,3.000045778462759,0.3152,32.5816,0.300000000000001,32.60000000000005,0.00381222841258915,0.0006670021126855072,-0.0033369300600000003,290.9675090224898,1.0,0.00014271525157122364,295.1955110959383,295.77412685205525,295.7609318882763,295.72342963718137,295.6763210681317,0.345958703926937,0.3381678586133359,0.32779392258889367,0.32892594015569726,88241.3219855666,295.13394491307304,0.16427885440188936,0.7484734028055708,126.7223975566409,5.952062930332471,134.3567447460119,127.21336489912511
2045-02-01,Kampala,11573.29113153154,0.4988173897120534,19.0,0.0720095219202539,0.927990478079746,0.5011826102879465,1.0000305189751728,3.000045778462759,0.3152,32.5816,0.300000000000001,32.60000000000005,0.0034450936892466374,0.0005654502110554912,-0.0033369300600000003,290.92252958038347,1.0,0.00012431283095600004,295.3940194793666,295.9716196163426,295.9379483394394,295.8511217618762,295.7235977390256,0.3370259808198952,0.32843448375547357,0.31983287854382986,0.3282059891506548,88230.01722147183,295.32201569032145,0.1373813897574769,0.9230286716189123,108.36541367556305,5.955041032969064,123.32629498915007,127.72037965313746
2045-03-01,Kampala,11573.29113153154,0.4988173897120534,19.0,0.0720095219202539,0.927990478079746,0.5011826102879465,1.0000305189751728,3.000045778462759,0.3152,32.5816,0.300000000000001,32.60000000000005,0.003586619249877195,0.0004746565659072163,-0.0033369300600000003,291.0101645671252,1.0,0.00011901496374669732,295.5599060566764,296.14828773652295,296.1051691313044,295.9864368080121,295.81393933324085,0.33369810219813006,0.32375404459024726,0.31254293178920517,0.32630325383557407,88222.20476774964,295.4628084611342,0.155311710385569,1.063680098695664,113.0307158463966,5.973415564492627,114.86910887277516,127.96512582949022
2045-04-01,Kampala,11573.29113153154,0.4988173897120534,19.0,0.0720095219202539,0.927990478079746,0.5011826102879465,1.0000305189751728,3.000045778462759,0.3152,32.5816,0.300000000000001,32.60000000000005,0.004163041891613602,0.0005754242352965215,-0.0033369300600000003,291.17993680251925,1.0,0.00013329729208611202,295.5122965787015,296.1063879847755,296.0826380468778,296.01954522482373,295.8925703966139,0.34116536469340364,0.3308877242747175,0.31572958933338924,0.32499063442270354,88223.91234767319,295.4171894558367,0.1727768393587612,1.2154005732921185,130.66476536001866,5.899675796628898,116.04094391245992,128.53332941309404
2045-05-01,Kampala,11573.29113153154,0.4988173897120534,19.0,0.0720095219202539,0.927990478079746,0.5011826102879465,1.0000305189751728,3.000045778462759,0.3152,32.5816,0.300000000000001,32.60000000000005,0.004496446733223611,0.000799752078047244,-0.0033369300600000003,291.2377195200667,1.0,0.0001466895678523646,295.3217294833417,295.9161209026775,295.917013963201,295.9195190300655,295.92666572437275,0.3501137921241599,0.34101388848492825,0.3256705596172715,0.3275223241229707,88251.03461178766,295.28448296058986,0.15467620979241117,1.3017794143036119,143.04565768357926,5.873724613643721,127.3721692461436,129.06576982851277
2045-06-01,Kampala,11573.29113153154,0.4988173897120534,19.0,0.0720095219202539,0.927990478079746,0.5011826102879465,1.0000305189751728,3.000045778462759,0.3152,32.5816,0.300000000000001,32.60000000000005,0.004180136351597,0.0008551124570404058,-0.0033369300600000003,291.03439544515066,1.0,0.00014376438874559583,295.0770569769848,295.6739676935185,295.69961474530527,295.77601235097535,295.8863955593462,0.3510558696605776,0.3431285502635805,0.3310230060244598,0.33019970467616777,88290.21571750737,295.094160653478,0.09229804569000603,1.274940831333198,130.16737900023114,5.889189137452576,133.1894797328118,127.17228820805069
2045-07-01,Kampala,11573.29113153154,0.4988173897120534,19.0,0.0720095219202539,0.927990478079746,0.5011826102879465,1.0000305189751728,3.000045778462759,0.3152,32.5816,0.300000000000001,32.60000000000005,0.003471562483074061,0.0007089655266028025,-0.0033369300600000003,290.72294813276307,1.0,0.00012591838463696806,294.9386356324324,295.53731468196935,295.55967686731225,295.63398131877267,295.80289068369467,0.34147093145547575,0.333631626409268,0.32574691651363036,0.3315620750236003,88322.30372416181,294.9495189698879,0.03753018635447703,1.1298879206845003,110.04894883861175,5.991781659189654,126.58376042461468,124.53708220327871
2045-08-01,Kampala,11573.29113153154,0.4988173897120534,19.0,0.0720095219202539,0.927990478079746,0.5011826102879465,1.0000305189751728,3.000045778462759,0.3152,32.5816,0.300000000000001,32.60000000000005,0.003102999029036346,0.00045064061515177786,-0.0033369300600000003,290.5500164088424,1.0,0.00011634628303344236,294.88731372717206,295.4901155005384,295.5066911855193,295.5590286956648,295.6992237622084,0.33358428004532287,0.3240313765096591,0.3148701723661517,0.3289973224896503,88330.2634503978,294.8619218403116,0.011012563339870614,0.8724508637292931,101.75894374466345,6.003051898107262,112.87102732241249,123.64872661814677
2045-09-01,Kampala,11573.29113153154,0.4988173897120534,19.0,0.0720095219202539,0.927990478079746,0.5011826102879465,1.0000305189751728,3.000045778462759,0.3152,32.5816,0.300000000000001,32.60000000000005,0.003224496006084989,0.00032747355417403696,-0.0033369300600000003,290.6510797922499,1.0,0.00012200449941542426,294.9685550917793,295.56459176533576,295.5622010906408,295.5615611675771,295.6254072562561,0.33325059288864217,0.32246200668235775,0.3091855607379615,0.32631994193645325,88312.74419177533,294.88093997605506,0.023719482309767743,0.6190276110414273,113.33592897259182,5.891620655214837,107.09233638826738,123.89403806715923
2045-10-01,Kampala,11573.29113153154,0.4988173897120534,19.0,0.0720095219202539,0.927990478079746,0.5011826102879465,1.0000305189751728,3.000045778462759,0.3152,32.5816,0.300000000000001,32.60000000000005,0.003632093858332195,0.0003305658750144631,-0.0033369300600000003,290.91169198577177,1.0,0.0001369896518031309,295.1010537211834,295.69217718527653,295.67841781985084,295.64033261647063,295.6116757609337,0.34042207716482875,0.32918641603744686,0.31091981220478776,0.3248184899125193,88285.57813837593,294.9686390415412,0.08107122722504652,0.43886564120238125,128.40617527295387,5.894917663793688,113.30714596063989,123.68229192850328
2045-11-01,Kampala,11573.29113153154,0.4988173897120534,19.0,0.0720095219202539,0.927990478079746,0.5011826102879465,1.0000305189751728,3.000045778462759,0.3152,32.5816,0.300000000000001,32.60000000000005,0.004034580628330073,0.0004610806217717358,-0.0033369300600000003,291.07004393395374,1.0,0.00015198028079452177,295.15102215979044,295.73644724981506,295.72387100320134,295.68951256963396,295.6370760225014,0.3479112025500575,0.3379055797640988,0.31922854447402077,0.3249202712623109,88260.99419537604,295.0071593309046,0.15137765308994658,0.43759115384104225,142.3107176660993,6.009854596134578,126.90337577960713,123.54545004267622
2045-12-01,Kampala,11573.29113153154,0.4988173897120534,19.0,0.0720095219202539,0.927990478079746,0.5011826102879465,1.0000305189751728,3.000045778462759,0.3152,32.5816,0.300000000000001,32.60000000000005,0.004077655545085667,0.0006176698960896184,-0.0033369300600000003,291.0756280032237,1.0,0.00015445008591794156,295.152666317634,295.7331156316011,295.72338074214923,295.69750353254244,295.66310312486445,0.35027557213925764,0.34171859618448447,0.3265024068143692,0.32653337441446145,88248.5552478364,295.0429185110136,0.18315172839374583,0.562801714755559,139.00052574289347,6.1998092365756925,135.71330430215693,124.95948234811209
2046-01-01,Kampala,11573.29113153154,0.4988173897120534,19.0,0.0720095219202539,0.927990478079746,0.5011826102879465,1.0000305189751728,3.000045778462759,0.3152,32.5816,0.300000000000001,32.60000000000005,0.003797984340749799,0.0006551611534223635,-0.0033369300600000003,290.9573426289647,1.0,0.0001429310878708158,295.21642934809614,295.793856652187,295.77773869967996,295.73346958405904,295.6849400408017,0.3451963095143971,0.33715564838608336,0.3263609191294843,0.3276029306219948,88241.54081662309,295.15883747781186,0.16247390704708584,0.7344312491024051,126.46126934931011,6.195566994113875,134.90167074021403,127.52277508592238
2046-02-01,Kampala,11573.29113153154,0.4988173897120534,19.0,0.0720095219202539,0.927990478079746,0.5011826102879465,1.0000305189751728,3.000045778462759,0.3152,32.5816,0.300000000000001,32.60000000000005,0.00341477338224001,0.0005494099252290019,-0.0033369300600000003,290.91586471927434,1.0,0.00012327057655619038,295.4083499101093,295.98705285117734,295.95089528179915,295.8638174338758,295.7344049298936,0.33612928452960933,0.32732370982074316,0.31872811881083146,0.327432414359684,88231.66002320744,295.3406208132717,0.1369415305550429,0.9226447585455274,108.04150311604008,6.145242270620024,123.58352513173752,128.43266001435822
2046-03-01,Kampala,11573.29113153154,0.4988173897120534,19.0,0.0720095219202539,0.927990478079746,0.5011826102879465,1.0000305189751728,3.000045778462759,0.3152,32.5816,0.300000000000001,32.60000000000005,0.0035706657381759494,0.00045712142611755075,-0.0033369300600000003,290.99470775331935,1.0,0.00011848073933124453,295.5568681930641,296.1467663559992,296.11307693642203,295.9968006781451,295.8224644985094,0.33299959234831716,0.32282302073792507,0.3113477022783153,0.3258193112075334,88222.05992776941,295.4761658045309,0.15452361142780435,1.0699352959443929,112.48613325327217,6.104295186277959,114.40114815731742,128.18032443540335
2046-04-01,Kampala,11573.29113153154,0.4988173897120534,19.0,0.0720095219202539,0.927990478079746,0.5011826102879465,1.0000305189751728,3.000045778462759,0.3152,32.5816,0.300000000000001,32.60000000000005,0.004120868755154115,0.0005551829384798399,-0.0033369300600000003,291.1518998985818,1.0,0.0001318472493520418,295.5102647659117,296.10621626399114,296.09160934533196,296.03038307247914,295.89786395354616,0.33992427861442626,0.3296206603416596,0.31439509756851775,0.32474975500000003,88224.14943858601,295.4308069188307,0.17281101784963396,1.222953878923117,129.898959116167,6.081935380097089,115.60429921710481,128.42666560838248
2046-05-01,Kampala,11573.29113153154,0.4988173897120534,19.0,0.0720095219202539,0.927990478079746,0.5011826102879465,1.0000305189751728,3.000045778462759,0.3152,32.5816,0.300000000000001,32.60000000000005,0.0044862063679381135,0.0007882360213254062,-0.0033369300600000003,291.2011630965025,1.0,0.0001466373992615424,295.32083082383696,295.91807126741037,295.92865046054504,295.9276506256552,295.9286953524073,0.34900281762932184,0.33980106840891017,0.32414553495371384,0.32679479384509097,88250.17374065872,295.3028832924331,0.15463969828150825,1.3090796455625142,143.58787017512637,6.0609869070484335,127.37439916392896,128.74524006908905
2046-06-01,Kampala,11573.29113153154,0.4988173897120534,19.0,0.0720095219202539,0.927990478079746,0.5011826102879465,1.0000305189751728,3.000045778462759,0.3152,32.5816,0.300000000000001,32.60000000000005,0.0041618356654928605,0.0008421209874665726,-0.0033369300600000003,291.026576283529,1.0,0.00014386108611499308,295.0989689375213,295.69504083054017,295.7189487889662,295.78838215585614,295.8906271164506,0.34991846390261183,0.34181187892015824,0.3296052093102885,0.32916696081977187,88289.1660158272,295.11780924229555,0.09216036593855925,1.2612902928222398,131.7930888550782,6.0330072688568706,133.92940903600478,127.6766602541532
2046-07-01,Kampala,11573.29113153154,0.4988173897120534,19.0,0.0720095219202539,0.927990478079746,0.5011826102879465,1.0000305189751728,3.000045778462759,0.3152,32.5816,0.300000000000001,32.60000000000005,0.0034706434471287254,0.0006974268174761745,-0.0033369300600000003,290.72055094741177,1.0,0.00012636185049078947,294.9540968688419,295.55427969370106,295.57701170507124,295.6469285569569,295.81140278702964,0.34060173658345505,0.3325076227111856,0.32466082267637525,0.3303183110757721,88322.17023327203,294.9718869761852,0.036731677649113385,1.1275158872517126,110.31396551285336,6.117332185049494,127.43343002275482,125.15970668731454
2046-08-01,Kampala,11573.29113153154,0.4988173897120534,19.0,0.0720095219202539,0.927990478079746,0.5011826102879465,1.0000305189751728,3.000045778462759,0.3152,32.5816,0.300000000000001,32.60000000000005,0.0030769076153758586,0.0004316432775606759,-0.0033369300600000003,290.5425620277496,1.0,0.00011569220577485938,294.9031295644631,295.5075281699973,295.52157096200034,295.57261334071796,295.70975156437015,0.3328953230109671,0.32317986015436007,0.31381758350920963,0.32827327223068115,88330.83909875406,294.883253937807,0.009892116640388443,0.8603594162890068,100.76142464432984,6.10799502635131,113.17136439220273,124.05361761945979
2046-09-01,Kampala,11573.29113153154,0.4988173897120534,19.0,0.0720095219202539,0.927990478079746,0.5011826102879465,1.0000305189751728,3.000045778462759,0.3152,32.5816,0.300000000000001,32.60000000000005,0.0031937654492043377,0.0003085813813751591,-0.0033369300600000003,290.62771055746595,1.0,0.00012033907780230635,294.9769741571829,295.57616402764796,295.5715064427953,295.57402800238975,295.6379887724771,0.33240099097537495,0.3215137120616749,0.307984664770029,0.3259011052560002,88315.31131560041,294.90148397626166,0.023240464681923746,0.6435402208283084,110.54967402300828,6.098158584695965,106.34279369577787,123.80487034250778
2046-10-01,Kampala,11573.29113153154,0.4988173897120534,19.0,0.0720095219202539,0.927990478079746,0.5011826102879465,1.0000305189751728,3.000045778462759,0.3152,32.5816,0.300000000000001,32.60000000000005,0.003610137654717895,0.0003132863874624147,-0.0033369300600000003,290.8838784270454,1.0,0.00013609252458889377,295.1019381093581,295.6933470927268,295.6795053250374,295.6487292773727,295.62519857924985,0.3393861106776446,0.32796101697450175,0.3095091416463825,0.32474975500000003,88285.38992162916,294.9739072426428,0.08168107167811643,0.4521017300669108,129.39274795863602,6.0863180822626335,112.69757954242078,123.65848198306912
2046-11-01,Kampala,11573.29113153154,0.4988173897120534,19.0,0.0720095219202539,0.927990478079746,0.5011826102879465,1.0000305189751728,3.000045778462759,0.3152,32.5816,0.300000000000001,32.60000000000005,0.0040188099484899506,0.0004483703341375484,-0.0033369300600000003,291.05134857522427,1.0,0.00015187164779638683,295.1559590869246,295.7386951663605,295.728545946225,295.6968036080523,295.64736155297766,0.346701391957148,0.3365539882948356,0.3177303598405408,0.32474975500000003,88259.68199737865,295.0135004833869,0.1508487183847936,0.44759029924543414,143.18941807422934,6.106042906581528,126.75891641943879,123.54320812743246
2046-12-01,Kampala,11573.29113153154,0.4988173897120534,19.0,0.0720095219202539,0.927990478079746,0.5011826102879465,1.0000305189751728,3.000045778462759,0.3152,32.5816,0.300000000000001,32.60000000000005,0.004058953773601461,0.0006079955499924687,-0.0033369300600000003,291.0541577123168,1.0,0.0001547608636776775,295.16168618621765,295.7378180166624,295.72976085817953,295.7054941585879,295.6703152449209,0.34918649087984255,0.340369809535598,0.3251491193900346,0.32604179156241136,88247.2143004109,295.05145590028246,0.18201210058478337,0.5479277676949651,140.55428442738926,6.0862298929862115,136.59415490849565,125.06725103993706
2047-01-01,Kampala,11573.29113153154,0.4988173897120534,19.0,0.0720095219202539,0.927990478079746,0.5011826102879465,1.0000305189751728,3.000045778462759,0.3152,32.5816,0.300000000000001,32.60000000000005,0.0037790860683014223,0.0006427888426443888,-0.0033369300600000003,290.94738050894256,1.0,0.0001430357761406197,295.2392976584611,295.8098817320384,295.79370137553764,295.74415838442684,295.68990385817966,0.3444882399433397,0.336300298330856,0.32511432609800656,0.3267730765361474,88241.60642795205,295.18379316894374,0.16028287637150399,0.7184341308327902,125.69495385923959,6.093761528799057,135.47268754614245,127.78234795257144
2047-02-01,Kampala,11573.29113153154,0.4988173897120534,19.0,0.0720095219202539,0.927990478079746,0.5011826102879465,1.0000305189751728,3.000045778462759,0.3152,32.5816,0.300000000000001,32.60000000000005,0.0033874214138527024,0.0005325452739779458,-0.0033369300600000003,290.9101075130358,1.0,0.00012249955853820864,295.4256779273482,295.9994301786892,295.9630603822079,295.8731317168102,295.7434334813622,0.33533512095495005,0.3264403575960249,0.3176012166829381,0.3267730765361474,88233.27168938819,295.36075659297524,0.13700799013309736,0.9211528512034247,107.33028077710019,6.146156657549902,123.83625712919144,129.11526136388053
2047-03-01,Kampala,11573.29113153154,0.4988173897120534,19.0,0.0720095219202539,0.927990478079746,0.5011826102879465,1.0000305189751728,3.000045778462759,0.3152,32.5816,0.300000000000001,32.60000000000005,0.0035629791388861504,0.00043698676547119743,-0.0033369300600000003,290.97766980384534,1.0,0.00011817308621490359,295.5545046722369,296.14344257939115,296.1113130813208,296.00229497440176,295.83031081726864,0.33225994181076923,0.32203501763315995,0.3102033450506415,0.32548103997373606,88222.0911254931,295.48554913792606,0.1545216373248615,1.080344494481681,111.97153496923953,6.2043996417745575,113.93057044816561,128.37455458565788
2047-04-01,Kampala,11573.29113153154,0.4988173897120534,19.0,0.0720095219202539,0.927990478079746,0.5011826102879465,1.0000305189751728,3.000045778462759,0.3152,32.5816,0.300000000000001,32.60000000000005,0.0040866421729785765,0.0005359585618003528,-0.0033369300600000003,291.1212113764978,1.0,0.00013049036893031865,295.5073886508099,296.106339904446,296.0900267384538,296.0359400096261,295.90273672665813,0.33861524724930187,0.3284308863196503,0.3129270466991515,0.32474975500000003,88224.19642513614,295.4367190335469,0.17314111931996198,1.2378818439081163,129.35687939821187,6.187096105646174,115.15686359728541,128.3084485359733
2047-05-01,Kampala,11573.29113153154,0.4988173897120534,19.0,0.0720095219202539,0.927990478079746,0.5011826102879465,1.0000305189751728,3.000045778462759,0.3152,32.5816,0.300000000000001,32.60000000000005,0.004472431449570056,0.000778592281292375,-0.0033369300600000003,291.1613714637486,1.0,0.00014642424682520617,295.3209245712168,295.9207678021198,295.92946657595115,295.93603446502544,295.9317046471378,0.34768030859753507,0.33854476392775035,0.3225557323316246,0.32626715801199485,88249.03342691709,295.3134998917245,0.15367680715119164,1.322667107464161,144.52748243442775,6.21129016846109,127.24582674277804,128.46990731897264
2047-06-01,Kampala,11573.29113153154,0.4988173897120534,19.0,0.0720095219202539,0.927990478079746,0.5011826102879465,1.0000305189751728,3.000045778462759,0.3152,32.5816,0.300000000000001,32.60000000000005,0.004136828980203276,0.0008334361519104936,-0.0033369300600000003,291.01899530225637,1.0,0.00014360649554756393,295.1218711572922,295.7168985215262,295.7366194898585,295.80274309835244,295.89687270791563,0.3486755274174374,0.3405954424765594,0.3280164646077082,0.3282834561728651,88287.41339004498,295.13623622909927,0.09191274866398079,1.2501362558711075,133.76894200083498,6.28942230631015,134.6163396439797,128.14770745757662
2047-07-01,Kampala,11573.29113153154,0.4988173897120534,19.0,0.0720095219202539,0.927990478079746,0.5011826102879465,1.0000305189751728,3.000045778462759,0.3152,32.5816,0.300000000000001,32.60000000000005,0.003460215844665699,0.0006886473845373301,-0.0033369300600000003,290.71600845093377,1.0,0.00012653755170313408,294.9733210299344,295.57330416729974,295.5943999083554,295.66336374413726,295.82264218539814,0.3398265476464783,0.33152843042128094,0.323506467970521,0.32908655150999716,88321.47666077335,294.9925965653004,0.03607107914801146,1.1269763013248895,110.96202109629506,6.284092127938791,128.16990041574127,125.76806571663742
2047-08-01,Kampala,11573.29113153154,0.4988173897120534,19.0,0.0720095219202539,0.927990478079746,0.5011826102879465,1.0000305189751728,3.000045778462759,0.3152,32.5816,0.300000000000001,32.60000000000005,0.003048096260784332,0.0004142516163624938,-0.0033369300600000003,290.5317914832462,1.0,0.00011493110598895921,294.9177213111921,295.5231494063426,295.53807700866184,295.5893935737231,295.72387825006257,0.33236714542911794,0.3223643417798024,0.31261044329670534,0.32756914849800234,88331.13289700057,294.9068620213989,0.009708044853817252,0.8511447226736673,100.05848529876103,6.260842174036444,113.40269616136898,124.43162929709108
2047-09-01,Kampala,11573.29113153154,0.4988173897120534,19.0,0.0720095219202539,0.927990478079746,0.5011826102879465,1.0000305189751728,3.000045778462759,0.3152,32.5816,0.300000000000001,32.60000000000005,0.003158984609423174,0.0002894326816341639,-0.0033369300600000003,290.5957998567973,1.0,0.00011867726674252503,294.98553199444706,295.5860498249173,295.58503657400456,295.5867141353537,295.65254347073613,0.33163839966986314,0.32068057577685855,0.3066804859503122,0.3255528503371321,88317.68065392326,294.9282982186048,0.02329093694557868,0.674631357743546,108.00349216464436,6.167641613562265,105.51805425952766,123.83532667766781
2047-10-01,Kampala,11573.29113153154,0.4988173897120534,19.0,0.0720095219202539,0.927990478079746,0.5011826102879465,1.0000305189751728,3.000045778462759,0.3152,32.5816,0.300000000000001,32.60000000000005,0.003580502025570413,0.0002986064548810215,-0.0033369300600000003,290.84908730916374,1.0,0.0001351745888534914,295.1007433688072,295.6927077685232,295.68461063505976,295.6557994817996,295.6385157154687,0.33834398964893714,0.32690864262128067,0.30794094390021304,0.32474975500000003,88285.23503740637,294.9858343700636,0.08246034180082024,0.47000334806339383,130.63198000246533,6.250485248523635,112.16725328697146,123.68587135691008
2047-11-01,Kampala,11573.29113153154,0.4988173897120534,19.0,0.0720095219202539,0.927990478079746,0.5011826102879465,1.0000305189751728,3.000045778462759,0.3152,32.5816,0.300000000000001,32.60000000000005,0.003996105421026967,0.00043758475278126064,-0.0033369300600000003,291.0267545866512,1.0,0.00015154831709772226,295.16283248198374,295.7445396131132,295.73731883127635,295.70320306379534,295.6573193683939,0.3454806139199536,0.3352675268144796,0.31622731205666815,0.32474975500000003,88258.34138609849,295.0225070545661,0.15036764195405347,0.45832238510077944,144.2658568374222,6.245596002577912,126.67604299141529,123.54750055889394
2047-12-01,Kampala,11573.29113153154,0.4988173897120534,19.0,0.0720095219202539,0.927990478079746,0.5011826102879465,1.0000305189751728,3.000045778462759,0.3152,32.5816,0.300000000000001,32.60000000000005,0.004034281653674957,0.0006003594207797611,-0.0033369300600000003,291.02858353181085,1.0,0.00015494852270907104,295.17020538158096,295.7448432461237,295.73929306184544,295.71241705388036,295.679121663483,0.34798425890077217,0.33892118075693706,0.3236756390811868,0.32571755701735067,88246.05797378438,295.05855324497344,0.1807620699554935,0.53356445108309,142.37757842445305,6.272710173165298,137.49627550218904,125.16193746790991
2048-01-01,Kampala,11573.29113153154,0.4988173897120534,19.0,0.0720095219202539,0.927990478079746,0.5011826102879465,1.0000305189751728,3.000045778462759,0.3152,32.5816,0.300000000000001,32.60000000000005,0.0037648022921872265,0.0006302837154476595,-0.0033369300600000003,290.9351858302642,1.0,0.00014309961941450506,295.2606647933737,295.83013393689396,295.8114031059843,295.75588706499525,295.6978620684439,0.34371300556155937,0.33515893772806016,0.3236250454862925,0.3260716223941637,88241.81962910773,295.20800844367056,0.1585329496343861,0.7034024554100798,125.04796761305651,6.2233350976812325,135.96781104421447,128.0684838011261
2048-02-01,Kampala,11573.29113153154,0.4988173897120534,19.0,0.0720095219202539,0.927990478079746,0.5011826102879465,1.0000305189751728,3.000045778462759,0.3152,32.5816,0.300000000000001,32.60000000000005,0.0033637549332276276,0.000513729426285758,-0.0033369300600000003,290.9038127431822,1.0,0.00012165537534306942,295.44063947853255,296.0140289555872,295.9755779719639,295.8823591980143,295.7526697449527,0.3344799543002277,0.32536694885737205,0.31631138567024686,0.3260716223941637,88234.82248488326,295.380289444892,0.13731362879266054,0.922259652491943,106.76861010400371,6.313278251842973,123.97903229647943,129.79787273921374
2048-03-01,Kampala,11573.29113153154,0.4988173897120534,19.0,0.0720095219202539,0.927990478079746,0.5011826102879465,1.0000305189751728,3.000045778462759,0.3152,32.5816,0.300000000000001,32.60000000000005,0.0035035686756956525,0.00041165501280771363,-0.0033369300600000003,291.0101269927579,1.0,0.00011542939281776418,295.6024863443908,296.1823633203704,296.12998776106457,296.0091160129717,295.8370341684122,0.33083977512538515,0.3204927031545222,0.30873607719207474,0.32510382037681307,88222.87460554251,295.5041667697406,0.15569256511018906,1.118556096779885,111.73435953030595,6.438888438919737,114.75495895037865,130.8414477585351
2048-04-01,Kampala,11573.29113153154,0.4988173897120534,19.0,0.0720095219202539,0.927990478079746,0.5011826102879465,1.0000305189751728,3.000045778462759,0.3152,32.5816,0.300000000000001,32.60000000000005,0.004090941058642947,0.000520026242857411,-0.0033369300600000003,291.16643249324244,1.0,0.00013046489714810855,295.52804566662303,296.1152558651722,296.0883458634483,296.0332558028227,295.9065520412361,0.3378001454513711,0.32721040900087367,0.31235816987714554,0.32474975500000003,88226.38014193258,295.42814741455174,0.1740113272550242,1.2772212412236421,129.873939892327,6.499244891024534,116.21933900975948,130.83785561710545
2048-05-01,Kampala,11573.29113153154,0.4988173897120534,19.0,0.0720095219202539,0.927990478079746,0.5011826102879465,1.0000305189751728,3.000045778462759,0.3152,32.5816,0.300000000000001,32.60000000000005,0.004429853243393718,0.000747920334052841,-0.0033369300600000003,291.2008048014507,1.0,0.0001449334955363807,295.34717133129584,295.93675983503095,295.93483165864313,295.93995348994,295.93432399999995,0.34738701056904403,0.3377748021571106,0.3219003559057276,0.3257943446447596,88251.85620595612,295.3118646317485,0.1535645092120019,1.3023639092292993,142.61211817064944,6.452236139838889,127.68821083271018,130.15960844882997
2048-06-01,Kampala,11573.29113153154,0.4988173897120534,19.0,0.0720095219202539,0.927990478079746,0.5011826102879465,1.0000305189751728,3.000045778462759,0.3152,32.5816,0.300000000000001,32.60000000000005,0.004120143807525308,0.0008086111656337589,-0.0033369300600000003,290.96525091130565,1.0,0.00014193910926338534,295.0960621906667,295.6941807574025,295.72512493842686,295.8059872478663,295.90577088335453,0.3483373795390203,0.3399697345841531,0.3271698532348816,0.326785551733262,88291.63556876674,295.13814621837787,0.09001613345940658,1.2977251709035367,128.71862998210761,6.348569552471576,132.80606281561327,127.55766349072333
2048-07-01,Kampala,11573.29113153154,0.4988173897120534,19.0,0.0720095219202539,0.927990478079746,0.5011826102879465,1.0000305189751728,3.000045778462759,0.3152,32.5816,0.300000000000001,32.60000000000005,0.0033964084781333928,0.0006633579822774042,-0.0033369300600000003,290.64800728635424,1.0,0.0001235055808127028,294.95996376706125,295.5604729296778,295.58699689277745,295.66021926533045,295.8315780682263,0.3384371220441748,0.3303002691627957,0.32150661519034157,0.326785551733262,88322.34941625816,294.99114854258283,0.0353708402327404,1.1418330248758404,109.9161397367108,6.339306595422073,126.25503661442217,124.71956550596651
2048-08-01,Kampala,11573.29113153154,0.4988173897120534,19.0,0.0720095219202539,0.927990478079746,0.5011826102879465,1.0000305189751728,3.000045778462759,0.3152,32.5816,0.300000000000001,32.60000000000005,0.0030412766013143706,0.000414590177551516,-0.0033369300600000003,290.4810906176369,1.0,0.00011484176083696787,294.91434716410214,295.5159858942077,295.53426267086076,295.58600775646835,295.7290677110232,0.3303841594123477,0.32055173050472346,0.3107434867541236,0.3257409620885024,88329.60462561896,294.9020428126667,0.008898971481053895,0.8946789707061829,103.03741320393532,6.3780810824619065,113.05367573900803,123.96937811636384
2048-09-01,Kampala,11573.29113153154,0.4988173897120534,19.0,0.0720095219202539,0.927990478079746,0.5011826102879465,1.0000305189751728,3.000045778462759,0.3152,32.5816,0.300000000000001,32.60000000000005,0.0031684972929229356,0.0002900569975712881,-0.0033369300600000003,290.60298323855903,1.0,0.00012144325897041898,295.0012798415157,295.59668185387744,295.59467721425835,295.58970146314687,295.65335122337234,0.33031182434201095,0.3189293172834691,0.30526100727346384,0.32474975500000003,88310.00599292449,294.9216267281333,0.02210704531610119,0.60556313098881,116.57235970357583,6.36953084233549,108.30015951538606,124.62492951030886
2048-10-01,Kampala,11573.29113153154,0.4988173897120534,19.0,0.0720095219202539,0.927990478079746,0.5011826102879465,1.0000305189751728,3.000045778462759,0.3152,32.5816,0.300000000000001,32.60000000000005,0.003568605373942204,0.00028918731563982634,-0.0033369300600000003,290.8683003077751,1.0,0.00013602923980267728,295.1448417303825,295.7348042733749,295.718986377254,295.6756075561961,295.640592927145,0.33779178485756645,0.32588370414161044,0.3071787253807957,0.32474975500000003,88285.75301235732,295.0265087044434,0.0787318856843481,0.4363358775243092,127.88657266777743,6.31807384762963,114.19446616607542,124.42881675510377
2048-11-01,Kampala,11573.29113153154,0.4988173897120534,19.0,0.0720095219202539,0.927990478079746,0.5011826102879465,1.0000305189751728,3.000045778462759,0.3152,32.5816,0.300000000000001,32.60000000000005,0.003964535349118154,0.00041867203937243227,-0.0033369300600000003,291.01516404506367,1.0,0.00015020766336841998,295.18692742392307,295.77287732881706,295.76194185272317,295.7246680428656,295.66868650968377,0.345438394383547,0.33481840681680497,0.31547719780267425,0.32474975500000003,88262.19959296736,295.0667074739078,0.1498211617533752,0.4379860089068594,141.81486532476876,6.359546117999957,127.34074318486891,124.35782268567671
2048-12-01,Kampala,11573.29113153154,0.4988173897120534,19.0,0.0720095219202539,0.927990478079746,0.5011826102879465,1.0000305189751728,3.000045778462759,0.3152,32.5816,0.300000000000001,32.60000000000005,0.0040147645424862865,0.0005706357600645204,-0.0033369300600000003,291.0218364136536,1.0,0.00015219615006559656,295.18942256992045,295.7681170385658,295.7589125838252,295.73406186318806,295.6969408413631,0.3477485812256727,0.3387229247029702,0.322566335951646,0.32474975500000003,88249.42857750552,295.10188348383787,0.1816618878590199,0.5852690283339946,137.57592576980065,6.47798674873908,135.07740723045683,125.65324375972246
2049-01-01,Kampala,11573.29113153154,0.4988173897120534,19.0,0.0720095219202539,0.927990478079746,0.5011826102879465,1.0000305189751728,3.000045778462759,0.3152,32.5816,0.300000000000001,32.60000000000005,0.0037352850096659916,0.0006091788402270238,-0.0033369300600000003,290.89026072455596,1.0,0.00014067716791618247,295.239987288522,295.8180724452603,295.8032360078368,295.76587140785546,295.71971278544476,0.342179654764526,0.3337101843465753,0.32245135765100347,0.32474975500000003,88240.75543099876,295.20037336970455,0.1621096706734075,0.7579873676268377,127.37255455253354,6.554083127078729,134.61734542779632,128.0655783466253
2049-02-01,Kampala,11573.29113153154,0.4988173897120534,19.0,0.0720095219202539,0.927990478079746,0.5011826102879465,1.0000305189751728,3.000045778462759,0.3152,32.5816,0.300000000000001,32.60000000000005,0.003366860107226841,0.0005094308150258705,-0.0033369300600000003,290.84436340117105,1.0,0.00012223357414198097,295.4243925332677,296.0029824554295,295.96652895908943,295.8843247429307,295.7666541114411,0.33313568665481297,0.32387697961930595,0.31451639797520226,0.32474975500000003,88229.61572134543,295.36556311295953,0.13496755130102814,0.9330503587798735,108.88477474348161,6.535682185470165,123.61575497381439,128.53427678234786
2049-03-01,Kampala,11573.29113153154,0.4988173897120534,19.0,0.0720095219202539,0.927990478079746,0.5011826102879465,1.0000305189751728,3.000045778462759,0.3152,32.5816,0.300000000000001,32.60000000000005,0.003503137266871349,0.0004204817932419561,-0.0033369300600000003,290.93273469753956,1.0,0.00011714180184008189,295.58607385048583,296.16962586363957,296.11885040480615,296.00520345800345,295.8426693840582,0.3298627382498643,0.319296635609919,0.30724641090032545,0.32474975500000003,88222.1249147445,295.4845216009334,0.15295913903570985,1.0729998012431545,113.39054887700878,6.521548981533019,115.17457061085611,128.74794038627337
2049-04-01,Kampala,11573.29113153154,0.4988173897120534,19.0,0.0720095219202539,0.927990478079746,0.5011826102879465,1.0000305189751728,3.000045778462759,0.3152,32.5816,0.300000000000001,32.60000000000005,0.004079719353864021,0.0005207337892992631,-0.0033369300600000003,291.1028851711188,1.0,0.00013144042440357338,295.53953598161877,296.12546188681625,296.09682505361843,296.03813349314004,295.90684855133196,0.3372511862081437,0.3264876778432772,0.31039971214921364,0.32474975500000003,88224.0319529712,295.4397323784203,0.17059262093200567,1.2256408320745382,130.78006138170005,6.521161963276203,116.31592981370869,129.3065063301859
2049-05-01,Kampala,11573.29113153154,0.4988173897120534,19.0,0.0720095219202539,0.927990478079746,0.5011826102879465,1.0000305189751728,3.000045778462759,0.3152,32.5816,0.300000000000001,32.60000000000005,0.004416316577827511,0.0007417364313499283,-0.0033369300600000003,291.160615759427,1.0,0.00014480580755189387,295.3615850098723,295.9501807216509,295.9452277676414,295.9468891937979,295.93432399999995,0.34623692147505775,0.3366440474077205,0.3203545501201837,0.3252882422012659,88251.0564507533,295.3286330253422,0.15292590618628263,1.3120592896563956,143.24685255872654,6.468633163628252,127.7157989603585,129.88924983335826
2049-06-01,Kampala,11573.29113153154,0.4988173897120534,19.0,0.0720095219202539,0.927990478079746,0.5011826102879465,1.0000305189751728,3.000045778462759,0.3152,32.5816,0.300000000000001,32.60000000000005,0.0041030339706744365,0.0007963809803458012,-0.0033369300600000003,290.9567241833588,1.0,0.00014179262008801876,295.11922931266037,295.7165853648919,295.74261480415566,295.8179948031581,295.90863845626563,0.34719042647909554,0.3386664464271296,0.32568023799102264,0.32588006819165355,88290.26277409,295.1594443581061,0.09070781372985358,1.2854589577155808,130.3646273679518,6.472103427392891,133.55782379269058,128.04016109270762
2049-07-01,Kampala,11573.29113153154,0.4988173897120534,19.0,0.0720095219202539,0.927990478079746,0.5011826102879465,1.0000305189751728,3.000045778462759,0.3152,32.5816,0.300000000000001,32.60000000000005,0.003393224130965586,0.0006491874748611833,-0.0033369300600000003,290.64481991859606,1.0,0.0001239120200746522,294.97768393994085,295.58016017337064,295.6029587502233,295.6754823364491,295.84015170858567,0.3375857784480197,0.3291757899959971,0.3203314488471685,0.32588006819165355,88321.94539440946,295.0140499011516,0.03556752737074117,1.13950878715949,110.40201919676515,6.520833286927496,126.96796043488905,125.37742430112809
2049-08-01,Kampala,11573.29113153154,0.4988173897120534,19.0,0.0720095219202539,0.927990478079746,0.5011826102879465,1.0000305189751728,3.000045778462759,0.3152,32.5816,0.300000000000001,32.60000000000005,0.003021187854891245,0.00039181829143574267,-0.0033369300600000003,290.4721157440561,1.0,0.0001144015334692288,294.92857135308077,295.5332086929804,295.5498265354532,295.6019849085276,295.7424384068037,0.3297015169374012,0.3196503636985708,0.30947494703346917,0.3253415809903877,88330.04969752878,294.9255731936151,0.008868882073806724,0.8818536285994556,102.19358585224124,6.554040242131109,113.15038443231019,124.41022822982718
2049-09-01,Kampala,11573.29113153154,0.4988173897120534,19.0,0.0720095219202539,0.927990478079746,0.5011826102879465,1.0000305189751728,3.000045778462759,0.3152,32.5816,0.300000000000001,32.60000000000005,0.0031398996301757348,0.000268014592595016,-0.0033369300600000003,290.5734623297388,1.0,0.00011998189810187626,295.00966547262556,295.6090336956872,295.6048536291435,295.6028318497218,295.6682933910293,0.32939852040209794,0.3180101602039087,0.3038473270179713,0.32474975500000003,88312.6272208361,294.9457129736906,0.021600453580554176,0.6298102493156144,113.84637497380528,6.490032185499185,107.41796893132634,124.58269197979514
2049-10-01,Kampala,11573.29113153154,0.4988173897120534,19.0,0.0720095219202539,0.927990478079746,0.5011826102879465,1.0000305189751728,3.000045778462759,0.3152,32.5816,0.300000000000001,32.60000000000005,0.0035455518153794416,0.00027214113656882856,-0.0033369300600000003,290.83581220123784,1.0,0.00013500410607028787,295.14583828008546,295.73613901045013,295.722301103589,295.6833687072285,295.6539476623136,0.3366305996659938,0.3247259464582877,0.3056541758639895,0.32474975500000003,88285.71222519239,295.03322662422175,0.07906602837706721,0.4501403762358204,128.86986618468634,6.460768475947876,113.54357869452066,124.37028839012378
2049-11-01,Kampala,11573.29113153154,0.4988173897120534,19.0,0.0720095219202539,0.927990478079746,0.5011826102879465,1.0000305189751728,3.000045778462759,0.3152,32.5816,0.300000000000001,32.60000000000005,0.00394770674952891,0.00040420727188184924,-0.0033369300600000003,290.9938362074036,1.0,0.00014997350044690104,295.19377303462176,295.7794333211686,295.76857881456283,295.73122394822514,295.6782025931445,0.3441388566582,0.33342273854359156,0.3139330682367654,0.32474975500000003,88261.06370304133,295.0712928008846,0.1492332819399133,0.4483682466046712,142.62053962807778,6.507429611301478,127.20379738338345,124.32219218688265
2049-12-01,Kampala,11573.29113153154,0.4988173897120534,19.0,0.0720095219202539,0.927990478079746,0.5011826102879465,1.0000305189751728,3.000045778462759,0.3152,32.5816,0.300000000000001,32.60000000000005,0.0039936094272548074,0.0005635527907481962,-0.0033369300600000003,291.00031293387553,1.0,0.00015254610409643954,295.1969121384395,295.7737219163139,295.7693629759221,295.7402894671335,295.7038509564083,0.3464723921635216,0.33724544998770184,0.32110829207044483,0.32474975500000003,88248.30010920764,295.1059636448419,0.18060166565558636,0.5702868300644853,139.2272066515482,6.5617723671686825,135.9381625657421,125.73329854964793
2050-01-01,Kampala,11573.29113153154,0.4988173897120534,19.0,0.0720095219202539,0.927990478079746,0.5011826102879465,1.0000305189751728,3.000045778462759,0.3152,32.5816,0.300000000000001,32.60000000000005,0.003715701525269975,0.0005980807983767818,-0.0033369300600000003,290.8799257590833,1.0,0.00014103556605799957,295.25993266035476,295.835110210642,295.8212988533134,295.7752470635158,295.7243819322467,0.34139064187701496,0.33270968730694966,0.32094473795182266,0.32474975500000003,88241.1997687202,295.2219576956622,0.15982688784491203,0.741918838325561,126.59974002883847,6.52001672933918,135.128660299128,128.37126954128334
2050-02-01,Kampala,11573.29113153154,0.4988173897120534,19.0,0.0720095219202539,0.927990478079746,0.5011826102879465,1.0000305189751728,3.000045778462759,0.3152,32.5816,0.300000000000001,32.60000000000005,0.0033345414390945315,0.0004919009058938503,-0.0033369300600000003,290.83985665256665,1.0,0.00012143756960005382,295.43906146442504,296.014048545479,295.9797506430869,295.8921335497827,295.77475996452534,0.3323004460737442,0.32292448566404724,0.31329601966811876,0.32474975500000003,88231.43554423575,295.38346757961386,0.13477681678381795,0.9306432340711436,108.27555998162502,6.515904574368342,123.75622937739179,129.2903040749205
2050-03-01,Kampala,11573.29113153154,0.4988173897120534,19.0,0.0720095219202539,0.927990478079746,0.5011826102879465,1.0000305189751728,3.000045778462759,0.3152,32.5816,0.300000000000001,32.60000000000005,0.0034906126830291186,0.0003966471778508931,-0.0033369300600000003,290.91733423130876,1.0,0.00011660166384363953,295.5873200898969,296.17417962152336,296.126552351523,296.01111548032003,295.84894216077026,0.32913709222089643,0.31846499899974307,0.30599231953551886,0.32474975500000003,88222.10525676736,295.49784562281724,0.152384603025115,1.0814638515832904,112.93702305544484,6.5007450725951115,114.65849106164774,129.0517391783146
2050-04-01,Kampala,11573.29113153154,0.4988173897120534,19.0,0.0720095219202539,0.927990478079746,0.5011826102879465,1.0000305189751728,3.000045778462759,0.3152,32.5816,0.300000000000001,32.60000000000005,0.004040447224052706,0.0004957249998066957,-0.0033369300600000003,291.0737532395053,1.0,0.00012983666284169625,295.5393831420599,296.13249994362155,296.10604357052836,296.0437221677826,295.91124366132755,0.3360165264716029,0.3252226657156772,0.309063641258304,0.32474975500000003,88224.17551626662,295.45142063390745,0.17043396925391308,1.2375174475112216,130.39949233317918,6.584162304781437,115.85776278973331,129.25190939343665
2050-05-01,Kampala,11573.29113153154,0.4988173897120534,19.0,0.0720095219202539,0.927990478079746,0.5011826102879465,1.0000305189751728,3.000045778462759,0.3152,32.5816,0.300000000000001,32.60000000000005,0.004404402070420183,0.0007271936471734967,-0.0033369300600000003,291.1224656538854,1.0,0.00014453138248448445,295.36493159073166,295.9574848719281,295.9574935018591,295.95567776262527,295.93432399999995,0.3450854035614868,0.335341901345051,0.31882305771669633,0.32474975500000003,88250.0021315054,295.344950926831,0.15159595365671788,1.3235039975794265,144.06180495876114,6.571798896028922,127.64099497638135,129.57677034175308
2050-06-01,Kampala,11573.29113153154,0.4988173897120534,19.0,0.0720095219202539,0.927990478079746,0.5011826102879465,1.0000305189751728,3.000045778462759,0.3152,32.5816,0.300000000000001,32.60000000000005,0.004080742711480169,0.0007817686180881276,-0.0033369300600000003,290.9488837750426,1.0,0.00014169266260416125,295.1414212613879,295.73603522092463,295.7612840304003,295.83103869357257,295.90978858542974,0.34606177744201655,0.33727469127017407,0.32426902978401584,0.3250233197814167,88288.696891899,295.18123756824343,0.08951481530223265,1.2737420047804502,132.24059299915749,6.666880208566384,134.24556082144431,128.48285515474595
2050-07-01,Kampala,11573.29113153154,0.4988173897120534,19.0,0.0720095219202539,0.927990478079746,0.5011826102879465,1.0000305189751728,3.000045778462759,0.3152,32.5816,0.300000000000001,32.60000000000005,0.0033908785873570644,0.0006371665328698394,-0.0033369300600000003,290.6423515997737,1.0,0.000124324698366927,294.9973779812851,295.59675944225927,295.6203580565018,295.6909769028434,295.8456375501329,0.3367373399166116,0.3279689858452619,0.31930260522141185,0.3250233197814167,88321.65038306057,295.036326569657,0.03415591949800659,1.1378035519361347,110.85204944754446,6.6513510684227155,127.74033884284601,125.9823399318576
2050-08-01,Kampala,11573.29113153154,0.4988173897120534,19.0,0.0720095219202539,0.927990478079746,0.5011826102879465,1.0000305189751728,3.000045778462759,0.3152,32.5816,0.300000000000001,32.60000000000005,0.002997763266501301,0.00037349218083821485,-0.0033369300600000003,290.46284979559306,1.0,0.00011380218830329705,294.94514973370383,295.549730026398,295.5648158338678,295.6170289434828,295.75236184226,0.3290118315221229,0.31861215230517675,0.3084645582438134,0.3250233197814167,88330.61114391552,294.94864804945337,0.007884207657971641,0.8697971084458557,101.29559210697028,6.7030298875578955,113.45569422494027,124.8685980584483
2050-09-01,Kampala,11573.29113153154,0.4988173897120534,19.0,0.0720095219202539,0.927990478079746,0.5011826102879465,1.0000305189751728,3.000045778462759,0.3152,32.5816,0.300000000000001,32.60000000000005,0.0031152912551982597,0.00024920912588896783,-0.0033369300600000003,290.5469909982525,1.0,0.00011844752780101998,295.0200708432122,295.61860451420426,295.61783163380875,295.61660789310025,295.68182684037157,0.3285095004624548,0.31695716833154447,0.30264120256501764,0.32474975500000003,88315.27220765578,294.96806433971597,0.021153253971423022,0.6547394427373519,111.03618513297984,6.748584748069433,106.57538083273585,124.66462405936197
2050-10-01,Kampala,11573.29113153154,0.4988173897120534,19.0,0.0720095219202539,0.927990478079746,0.5011826102879465,1.0000305189751728,3.000045778462759,0.3152,32.5816,0.300000000000001,32.60000000000005,0.003530921637816214,0.00025492354566123717,-0.0033369300600000003,290.8047755982802,1.0,0.00013411612137521458,295.14492079690507,295.73685996567417,295.7247970020638,295.6903567963116,295.6667859909922,0.3355029483244292,0.32352505673916343,0.3041677108031167,0.32474975500000003,88285.32598994765,295.0401441581934,0.07940486510467193,0.46421872084048843,129.90080943831313,6.753348272891849,112.97182988592245,124.49320821662126
2050-11-01,Kampala,11573.29113153154,0.4988173897120534,19.0,0.0720095219202539,0.927990478079746,0.5011826102879465,1.0000305189751728,3.000045778462759,0.3152,32.5816,0.300000000000001,32.60000000000005,0.003939571321529062,0.00038949476965401174,-0.0033369300600000003,290.9717169462241,1.0,0.0001496135074518658,295.1989663028732,295.78532487453595,295.7739249576369,295.73843043687975,295.68964995890025,0.3428232933248428,0.33203655644070085,0.31245158715505245,0.32474975500000003,88259.46556795477,295.07849845947266,0.14862968895142278,0.45965381462063964,143.70076657784935,6.748752365190381,127.10642994294797,124.33338934664671
2050-12-01,Kampala,11573.29113153154,0.4988173897120534,19.0,0.0720095219202539,0.927990478079746,0.5011826102879465,1.0000305189751728,3.000045778462759,0.3152,32.5816,0.300000000000001,32.60000000000005,0.003977668173795881,0.0005499461430868519,-0.0033369300600000003,290.9750823147726,1.0,0.00015252633059918369,295.2045914611065,295.7839835603756,295.77278243729467,295.7476299810325,295.71268754817874,0.34528760163542005,0.3358349579778932,0.3198695117042952,0.32474975500000003,88246.99366588764,295.11511195603293,0.1797399027397517,0.5570481889036588,141.17214168520138,6.74372916534399,136.91889679307613,125.8129634059669
2025-07-01,Kasese,10529.614022288868,0.827247341034288,19.0,0.0,1.0,0.1098988295973021,1.0000305189751728,3.999954221537241,0.1699,30.0781,0.200000000000001,30.100000000000016,0.0030315126601487266,0.0009882509500633103,-0.0025272594065631105,289.4526366355287,1.0,0.00016170473262438624,295.65117709742236,296.1440501937325,296.1256540251068,296.0913494564454,296.1214212006035,0.38644083302380783,0.38921139162934715,0.38026125775428377,0.37653321737944356,89591.33802010928,297.3560432909577,-0.45042533149818637,-0.017158708569341,57.21681804448582,-3.3182292098949118,69.60646150120006,76.18221501261404
2025-08-01,Kasese,10529.614022288868,0.827247341034288,19.0,0.0,1.0,0.1098988295973021,1.0000305189751728,3.999954221537241,0.1699,30.0781,0.200000000000001,30.100000000000016,0.0033076154640011898,0.001000955232883574,-0.0025660490341282,289.65903560621064,1.0,0.00017018241722911682,295.7001980752601,296.20554566915087,296.18331315972284,296.1460637310753,296.1230792377113,0.3914946330901099,0.3903764438579649,0.3778434601020642,0.3755986532157062,89582.59212196077,297.3239811402765,-0.445756486821016,-0.017294219213132775,67.58636829197627,-3.2646260691355113,67.86031062331185,77.68120434275406
2025-09-01,Kasese,10529.614022288868,0.827247341034288,19.0,0.0,1.0,0.1098988295973021,1.0000305189751728,3.999954221537241,0.1699,30.0781,0.200000000000001,30.100000000000016,0.0034867664731823653,0.0010337403317725745,-0.0026185106716705643,289.8112615024594,1.0,0.0001779483547606184,295.69991625011676,296.2169186353956,296.1987485842985,296.1655293846766,296.13151679659927,0.3959269832808912,0.39311650214749955,0.3776766159230767,0.375223299815242,89566.39391222592,297.28918288150857,-0.43970018512162423,-0.028874079480690634,75.19284743163134,-3.3133432501644813,70.37540243010783,78.47977587734827
2025-10-01,Kasese,10529.614022288868,0.827247341034288,19.0,0.0,1.0,0.1098988295973021,1.0000305189751728,3.999954221537241,0.1699,30.0781,0.200000000000001,30.100000000000016,0.003939927042747788,0.0011624138803047333,-0.002693840898749997,290.11417846346467,1.0,0.0001928638277136742,295.66539411153207,296.20811460495725,296.2002361139507,296.1894929174716,296.141345616926,0.4047790695684732,0.3985579335953709,0.37716275138795474,0.3749423373879412,89539.45170573478,297.19193832939607,-0.43117206156943677,-0.05568591798107828,89.92119681144425,-3.3892396955273116,77.26677349300435,79.4152046395082
2025-11-01,Kasese,10529.614022288868,0.827247341034288,19.0,0.0,1.0,0.1098988295973021,1.0000305189751728,3.999954221537241,0.1699,30.0781,0.200000000000001,30.100000000000016,0.004441357015558092,0.0014539097701920304,-0.002783744717373361,290.3378733771871,1.0,0.00021143414698987593,295.4617924928751,296.02894393444126,296.04342335890556,296.09240518085056,296.13391936936085,0.4149696238162888,0.4083792747900796,0.3807007473295389,0.3760921484354111,89514.88049633267,297.0271531536302,-0.4301995222138652,-0.1166399199938052,95.24402948667023,-3.5051160156315277,87.09302339884971,79.71747392442948
2025-12-01,Kasese,10529.614022288868,0.827247341034288,19.0,0.0,1.0,0.1098988295973021,1.0000305189751728,3.999954221537241,0.1699,30.0781,0.200000000000001,30.100000000000016,0.004524205865931344,0.0016317337114206088,-0.0028331660737868094,290.39224296662013,1.0,0.00021563295401091386,295.337610011546,295.90510625948644,295.91737682627905,295.97539015826874,296.08366940354927,0.41796860341375736,0.41290068665879476,0.38434825547773716,0.37751612396248024,89500.74628706409,296.98792178311515,-0.4317560892749582,-0.20317000194841417,90.34023239364979,-3.4096599932155924,92.14039913664828,80.46733441059
2026-01-01,Kasese,10529.614022288868,0.827247341034288,19.0,0.0,1.0,0.1098988295973021,1.0000305189751728,3.999954221537241,0.1699,30.0781,0.200000000000001,30.100000000000016,0.004188929043498692,0.001571781621663441,-0.0028068692527488965,290.25507910931157,1.0,0.00020255115698379015,295.46712497136195,296.00712674233387,295.9921010623839,295.9801952684116,296.0300785186883,0.41147083315794036,0.4092372981175632,0.3849823376115682,0.3779145447537832,89488.67809499598,297.17384545917366,-0.40380212653429287,-0.2586518837210306,75.03851081624337,-3.4050402656576453,87.06545546045844,81.38064249355271
2026-02-01,Kasese,10529.614022288868,0.827247341034288,19.0,0.0,1.0,0.1098988295973021,1.0000305189751728,3.999954221537241,0.1699,30.0781,0.200000000000001,30.100000000000016,0.003668686509905685,0.0013241787750188482,-0.002700074192231958,290.05046886145493,1.0,0.0001791620252431975,295.90685280665144,296.4114057524355,296.35200761966274,296.2023977067029,296.03696986031576,0.3981202312959132,0.39816400692003723,0.3813437901814074,0.376979550678531,89472.14190833777,297.564569285535,-0.3693104518825751,-0.2669524374919978,63.55172108102496,-3.344278561733953,76.49898755251796,80.8795260522786
2026-03-01,Kasese,10529.614022288868,0.827247341034288,19.0,0.0,1.0,0.1098988295973021,1.0000305189751728,3.999954221537241,0.1699,30.0781,0.200000000000001,30.100000000000016,0.0038706361571406115,0.001278325316624573,-0.0026627590238727174,290.1094294714546,1.0,0.00017790282808259646,296.1435885837105,296.6570390017769,296.6048200250403,296.4475613726953,296.13945788429834,0.3962784798753514,0.39458173800997565,0.37828665984871307,0.37581775061184636,89459.2771741301,297.7338024873432,-0.35329302427823167,-0.2143432245621485,66.2927334725607,-3.5048722401445627,68.51528489975371,79.38909737782787
2026-04-01,Kasese,10529.614022288868,0.827247341034288,19.0,0.0,1.0,0.1098988295973021,1.0000305189751728,3.999954221537241,0.1699,30.0781,0.200000000000001,30.100000000000016,0.004492320321443713,0.0015405454975639067,-0.0027430033535767446,290.3628398966247,1.0,0.00020017161438785924,296.02084236838505,296.569269797161,296.54890906040777,296.48150820076944,296.25495760889044,0.40521597680265825,0.4014994305391624,0.38047659456121724,0.3760685372170957,89460.67735869222,297.6298572564928,-0.3824669261481042,-0.1441391030049515,83.47221424771863,-3.444593173573038,71.42382753313052,78.35430530125916
2026-05-01,Kasese,10529.614022288868,0.827247341034288,19.0,0.0,1.0,0.1098988295973021,1.0000305189751728,3.999954221537241,0.1699,30.0781,0.200000000000001,30.100000000000016,0.004971628006792232,0.0018502931921164315,-0.002871017465728255,290.60139260157945,1.0,0.00022238808503682474,295.64699439407826,296.2270595882774,296.24753608573644,296.3066707376328,296.2995749769188,0.4170425469084025,0.41274687401854654,0.38706027178113916,0.37733480144310266,89487.33321120295,297.3869933316437,-0.4142349769378586,-0.07172215306326267,93.0084674079116,-3.4323604075237317,81.25315466728131,77.97916923399885
2026-06-01,Kasese,10529.614022288868,0.827247341034288,19.0,0.0,1.0,0.1098988295973021,1.0000305189751728,3.999954221537241,0.1699,30.0781,0.200000000000001,30.100000000000016,0.00472155450133208,0.0018718227605355744,-0.0028649340305302935,290.45789237240143,1.0,0.00021911299310324172,295.43103923994835,296.0023071708509,296.0249834685597,296.11357521276665,296.25138343663775,0.41676850876314386,0.41549964115932214,0.39118169358136196,0.378560760890871,89523.76789644278,297.282099721487,-0.43091521713353736,-0.02676595844149318,86.59581330390864,-3.2603559868824923,87.98773885939823,77.29131418475795
2026-07-01,Kasese,10529.614022288868,0.827247341034288,19.0,0.0,1.0,0.1098988295973021,1.0000305189751728,3.999954221537241,0.1699,30.0781,0.200000000000001,30.100000000000016,0.003946154351796315,0.0015320740771575015,-0.0027376661502917575,290.0271185595489,1.0,0.0001931753369533502,295.46199828706966,295.99928366664113,296.0051793464776,296.0458663672345,296.17109359883125,0.4050995758960016,0.40707391798579745,0.3892905898360017,0.37852828817898954,89551.32281601494,297.3045347201084,-0.44222349199175187,-0.016717001297249488,69.8533823073653,-3.277938016143255,83.41193390548176,76.43637063809973
2026-08-01,Kasese,10529.614022288868,0.827247341034288,19.0,0.0,1.0,0.1098988295973021,1.0000305189751728,3.999954221537241,0.1699,30.0781,0.200000000000001,30.100000000000016,0.003471464698999045,0.0011715490718259764,-0.0026282251298619234,289.764448910762,1.0,0.000175637450086649,295.591368961751,296.1041368099605,296.0938962604792,296.08784273986095,296.119497262985,0.3967059797788175,0.39740741278353936,0.38305570526220717,0.3773513368928272,89555.82470597653,297.30789985003804,-0.44601537073524317,-0.02072708530080764,65.75112199372929,-3.4051150338125393,74.26098252958018,76.88363364044595
2026-09-01,Kasese,10529.614022288868,0.827247341034288,19.0,0.0,1.0,0.1098988295973021,1.0000305189751728,3.999954221537241,0.1699,30.0781,0.200000000000001,30.100000000000016,0.003417134675104169,0.0010119246475477019,-0.0026203998996777098,289.7913410177732,1.0,0.00017532615002849118,295.69210673104357,296.2021212903383,296.1834063149875,296.1452507140878,296.10609026356286,0.39561022572373356,0.39366072858283346,0.37863093694748934,0.3760335227670813,89537.49854797892,297.2773044563715,-0.4453430330356498,-0.03348077429189249,74.54145192355894,-3.521914051451164,70.33195623540745,78.30692755519807
2026-10-01,Kasese,10529.614022288868,0.827247341034288,19.0,0.0,1.0,0.1098988295973021,1.0000305189751728,3.999954221537241,0.1699,30.0781,0.200000000000001,30.100000000000016,0.003910190236268472,0.0011447034243841645,-0.00269321253875114,290.1037740924556,1.0,0.00019247168061779362,295.640997746033,296.1784457810481,296.1733698156151,296.1681869739055,296.1185449448628,0.4049913963104314,0.3989464981620687,0.3781170108514416,0.3755820084307246,89508.35018039687,297.15208496777876,-0.431480617484955,-0.059235617842480694,89.32108592676667,-3.559195574360869,76.82290594310894,79.25787161336193
2026-11-01,Kasese,10529.614022288868,0.827247341034288,19.0,0.0,1.0,0.1098988295973021,1.0000305189751728,3.999954221537241,0.1699,30.0781,0.200000000000001,30.100000000000016,0.004414773317058265,0.001435297548076562,-0.002779254111189943,290.3281992561349,1.0,0.00021142448736252248,295.4402904160807,296.0085817529203,296.0206683346889,296.07294960912776,296.1110317284193,0.41499061042697766,0.40850416146771984,0.3817240731810581,0.3766183561910757,89482.8625552656,296.99282249032376,-0.4301376055783097,-0.11726337811384806,95.7384081047599,-3.466045665899586,86.81861451784194,79.65949168820534
2026-12-01,Kasese,10529.614022288868,0.827247341034288,19.0,0.0,1.0,0.1098988295973021,1.0000305189751728,3.999954221537241,0.1699,30.0781,0.200000000000001,30.100000000000016,0.004549263701983923,0.0016341054559411586,-0.0028327484909507084,290.39229473990434,1.0,0.00021714299342481653,295.30623937292916,295.875990561846,295.8866309661994,295.95087845005156,296.0614380607886,0.4190621497352683,0.4139003738479954,0.3854357919201157,0.37817073464648954,89469.22552706284,296.9460473054453,-0.4264870020993607,-0.19685453633602332,90.20312578023182,-3.50741406963134,91.97736500437293,80.16344270863662
2027-01-01,Kasese,10529.614022288868,0.827247341034288,19.0,0.0,1.0,0.1098988295973021,1.0000305189751728,3.999954221537241,0.1699,30.0781,0.200000000000001,30.100000000000016,0.00419594669551119,0.0015758022141218822,-0.0028065246352279552,290.2780521448422,1.0,0.00020311489715855256,295.4423301136506,295.9844896040265,295.9624058631994,295.9506298335081,296.00513169989665,0.41276163773796964,0.41054238621694567,0.38582697305650093,0.3787066143418867,89458.77950514162,297.14644580263894,-0.3985132196500274,-0.25308780613509274,75.19819844613903,-3.504771134822795,87.30395329497766,80.98607647553008
2027-02-01,Kasese,10529.614022288868,0.827247341034288,19.0,0.0,1.0,0.1098988295973021,1.0000305189751728,3.999954221537241,0.1699,30.0781,0.200000000000001,30.100000000000016,0.003675551556929308,0.0013200575957950135,-0.0026966108819421433,290.0744856815999,1.0,0.0001795064264606171,295.892728689019,296.3983639082685,296.3338763524397,296.18319297009856,296.011402254022,0.39875908860456794,0.39879975403695717,0.3817225749256196,0.37783875480643564,89442.96428476366,297.5449667603671,-0.3668843346768235,-0.2640936431013128,63.47964567009032,-3.5282504993056194,76.69140452632662,80.62002545595742
2027-03-01,Kasese,10529.614022288868,0.827247341034288,19.0,0.0,1.0,0.1098988295973021,1.0000305189751728,3.999954221537241,0.1699,30.0781,0.200000000000001,30.100000000000016,0.003860321248244267,0.001274869579744694,-0.0026608912704688434,290.12109017369363,1.0,0.00017795880257950812,296.11142644632815,296.63165949068383,296.5751291715069,296.42454557220907,296.11575609084395,0.3966777853785368,0.39557586356515045,0.3790872507513073,0.37657635061586997,89428.53823496989,297.69797201299895,-0.35436576177837437,-0.21907789864098126,66.32426432367687,-3.6316875909095376,68.66917987581854,79.38466353178721
2027-04-01,Kasese,10529.614022288868,0.827247341034288,19.0,0.0,1.0,0.1098988295973021,1.0000305189751728,3.999954221537241,0.1699,30.0781,0.200000000000001,30.100000000000016,0.0044619847210052264,0.0015277056451328478,-0.0027387724986238497,290.3310562637409,1.0,0.00019947794680596153,296.002670297211,296.55580891085543,296.5314224294501,296.46672156868215,296.2321082040564,0.4047802113051931,0.4015411600199126,0.3816404146380572,0.37665495563219475,89429.83316333184,297.6056625606254,-0.3850399500661597,-0.14880635718813887,82.96742925175205,-3.768077613373992,71.31348067728489,78.30794957962284
2027-05-01,Kasese,10529.614022288868,0.827247341034288,19.0,0.0,1.0,0.1098988295973021,1.0000305189751728,3.999954221537241,0.1699,30.0781,0.200000000000001,30.100000000000016,0.004921615084962203,0.001823370865952386,-0.0028712370414553158,290.5775184696536,1.0,0.00022206360368231116,295.6114367976552,296.1967228510577,296.21480772901936,296.28177855058465,296.2781640312713,0.4174612514804991,0.41337695028944915,0.3882351916285072,0.3778144473174219,89455.58528341958,297.3528034767998,-0.4136211517799893,-0.0714767286885142,92.474761154429,-3.779261117962849,81.06977961765733,77.71060874474828
2027-06-01,Kasese,10529.614022288868,0.827247341034288,19.0,0.0,1.0,0.1098988295973021,1.0000305189751728,3.999954221537241,0.1699,30.0781,0.200000000000001,30.100000000000016,0.004737558027197595,0.0018684929401001742,-0.0028611554980746165,290.47727073115544,1.0,0.00022079709914259944,295.4102892602379,295.98307928460787,296.00250574151465,296.0927303019949,296.227914849422,0.4176607360135069,0.41572190321920294,0.391750673272856,0.3791190319837033,89491.32972637215,297.2527998774272,-0.4231548668852423,-0.020813097778117597,87.19380721884808,-3.4760668057477218,88.02936394289253,76.94224115712179
2027-07-01,Kasese,10529.614022288868,0.827247341034288,19.0,0.0,1.0,0.1098988295973021,1.0000305189751728,3.999954221537241,0.1699,30.0781,0.200000000000001,30.100000000000016,0.003962250938845451,0.0015359412129086496,-0.002737383697966417,290.0580830980289,1.0,0.00019442946654569173,295.4357217460354,295.9765453293836,295.98066631106354,296.0222965453707,296.1447999459909,0.40605145326461495,0.4080263262492072,0.38977406214435556,0.3792426991034925,89520.31074604606,297.27623934665104,-0.43834452853989075,-0.010798660241663267,70.43174316966886,-3.4341118008660465,83.69048450248938,76.21006304325884
2027-08-01,Kasese,10529.614022288868,0.827247341034288,19.0,0.0,1.0,0.1098988295973021,1.0000305189751728,3.999954221537241,0.1699,30.0781,0.200000000000001,30.100000000000016,0.0035108208463023607,0.0011958494068455012,-0.0026305111408442944,289.7864898645478,1.0,0.00017643813807742952,295.56313373966964,296.08062414067473,296.0681734997725,296.06321047821876,296.0929618399498,0.3976251310703293,0.39869865950227434,0.38388862261127876,0.3781998181224679,89526.28084101435,297.27879939715467,-0.44260383081903987,-0.019906393125128513,65.53925753044676,-3.6146184942898736,74.50632949108304,76.64849016575954
2027-09-01,Kasese,10529.614022288868,0.827247341034288,19.0,0.0,1.0,0.1098988295973021,1.0000305189751728,3.999954221537241,0.1699,30.0781,0.200000000000001,30.100000000000016,0.0033622130393483815,0.0009928823533089488,-0.002620111740370777,289.7721030890428,1.0,0.00017308923739437515,295.6726839176081,296.1902248790384,296.16791662058114,296.12613384970905,296.0812542733784,0.39516092123598345,0.3941577307999624,0.37958727617646765,0.3767858188784961,89509.45481270317,297.2681883224422,-0.4510287182451613,-0.03733205171556591,73.73053939856872,-3.782595109796043,70.14797213279341,78.10320270307936
2027-10-01,Kasese,10529.614022288868,0.827247341034288,19.0,0.0,1.0,0.1098988295973021,1.0000305189751728,3.999954221537241,0.1699,30.0781,0.200000000000001,30.100000000000016,0.0038907282061161562,0.001124120991984077,-0.0026912220714158303,290.09198232923114,1.0,0.0001924398897576677,295.60698912748285,296.1501952697049,296.145068294483,296.1470667465876,296.0959881855925,0.40512029134953104,0.39924775895409287,0.3790208843461352,0.37625218402045496,89477.80424360395,297.1152309292943,-0.4319554824716105,-0.06231921438610117,88.75018101157934,-3.7601992766951065,76.36953457024704,79.05529953895278
2027-11-01,Kasese,10529.614022288868,0.827247341034288,19.0,0.0,1.0,0.1098988295973021,1.0000305189751728,3.999954221537241,0.1699,30.0781,0.200000000000001,30.100000000000016,0.004387020429085994,0.0014160621337004824,-0.002774529387559333,290.3129136057927,1.0,0.00021166804253968362,295.41617837213715,295.9856807746291,295.9998182224228,296.0522720265274,296.08697922510447,0.41480678952147937,0.4085104463485986,0.3826517418087218,0.3772157866621501,89451.17455074447,296.96096092365883,-0.4301012924786569,-0.11765754983255917,96.15560841506311,-3.5228757175406784,86.54787551553441,79.603306654534
2027-12-01,Kasese,10529.614022288868,0.827247341034288,19.0,0.0,1.0,0.1098988295973021,1.0000305189751728,3.999954221537241,0.1699,30.0781,0.200000000000001,30.100000000000016,0.004559105016664532,0.0016349772399867353,-0.0028316148974863293,290.39132503222305,1.0,0.00021861552919152133,295.27323029723874,295.8444845836114,295.8580963407848,295.92645928754575,296.03598984560546,0.4198383046546564,0.4146738051735701,0.38633161364299856,0.37883075473606126,89438.08025618062,296.9103689268315,-0.4213500146723769,-0.19049176690152347,90.03962302587598,-3.704630633479638,91.96308869728314,79.8847943814382
2028-01-01,Kasese,10529.614022288868,0.827247341034288,19.0,0.0,1.0,0.1098988295973021,1.0000305189751728,3.999954221537241,0.1699,30.0781,0.200000000000001,30.100000000000016,0.004190774207117085,0.0015769846759387,-0.00280739019238623,290.29664131145176,1.0,0.0002034540793890919,295.4151635886204,295.9565222260799,295.93884396690504,295.9230532970253,295.97702787696227,0.4136898404173522,0.41170734586107,0.3864219250742979,0.379548984963745,89429.79005446908,297.12570364664265,-0.3933365026162783,-0.24767910670715046,75.31576794511703,-3.654930418287988,87.55790518261419,80.59941487913473
2028-02-01,Kasese,10529.614022288868,0.827247341034288,19.0,0.0,1.0,0.1098988295973021,1.0000305189751728,3.999954221537241,0.1699,30.0781,0.200000000000001,30.100000000000016,0.0036718992454761357,0.001316694508566558,-0.0026950342113171814,290.0987424117449,1.0,0.00017958367267796832,295.87757429620564,296.3845726600661,296.3211991958936,296.1658073522589,295.98483116017064,0.39919468466978475,0.3991674247833909,0.3819314598254497,0.3787137750068383,89422.46612343234,297.53114075834065,-0.36438207927394234,-0.26178705786873807,63.462747061033326,-3.7071855056796807,76.88229528789573,80.2327368977809
2028-03-01,Kasese,10529.614022288868,0.827247341034288,19.0,0.0,1.0,0.1098988295973021,1.0000305189751728,3.999954221537241,0.1699,30.0781,0.200000000000001,30.100000000000016,0.003769462597837395,0.0012017892271119744,-0.002644424152941365,290.15381800943845,1.0,0.0001761177841004003,296.16693255897303,296.679909156815,296.6219170680412,296.44196797767563,296.0861718893362,0.39499046102867336,0.3924783157626412,0.3779494517731213,0.3775517544705485,89413.3945,297.7370816833142,-0.35295874634613034,-0.21514025453335361,67.50023799033352,-3.5504698812063182,69.11508728999571,78.9479771715181
2028-04-01,Kasese,10529.614022288868,0.827247341034288,19.0,0.0,1.0,0.1098988295973021,1.0000305189751728,3.999954221537241,0.1699,30.0781,0.200000000000001,30.100000000000016,0.0044683997178371695,0.0014904270808906571,-0.0027290754737055133,290.4174871452978,1.0,0.000202355039402809,296.01312418888915,296.56923781003826,296.5498345581619,296.4754699746143,296.2078973040249,0.4049201472364941,0.4002525228814146,0.37984259226207756,0.3776621587254024,89414.95114506478,297.59754268177124,-0.3825509914199219,-0.13733258430589534,84.87636872889907,-3.5002763075671335,72.09872911047405,78.12523632311841
2028-05-01,Kasese,10529.614022288868,0.827247341034288,19.0,0.0,1.0,0.1098988295973021,1.0000305189751728,3.999954221537241,0.1699,30.0781,0.200000000000001,30.100000000000016,0.0050230618795199244,0.001879309807796983,-0.0028658800238056024,290.6564126824727,1.0,0.00022440595301603792,295.6144207248625,296.20012501565196,296.2193434228138,296.2733392156406,296.2495224747543,0.41799973668935514,0.41375841735972596,0.38801671211590444,0.3790105985814161,89434.57035748895,297.3365416950705,-0.40899739510197186,-0.06972223925601943,94.01844207154306,-3.630383080628922,81.88647534809043,77.52556367026861
2028-06-01,Kasese,10529.614022288868,0.827247341034288,19.0,0.0,1.0,0.1098988295973021,1.0000305189751728,3.999954221537241,0.1699,30.0781,0.200000000000001,30.100000000000016,0.004655512782914366,0.0018513779822035825,-0.0028699741548863992,290.4255121172199,1.0,0.00021648811414166038,295.3757003985591,295.9491753697722,295.97299179561315,296.06590377427864,296.20421191497434,0.41700574522160067,0.41733099346862534,0.3933697447733167,0.38010292464724316,89464.7933267874,297.23058054100665,-0.44074358168764854,-0.03517308928233692,85.32467153056619,-3.917177718912859,88.03124183282368,77.04359273969673
2028-07-01,Kasese,10529.614022288868,0.827247341034288,19.0,0.0,1.0,0.1098988295973021,1.0000305189751728,3.999954221537241,0.1699,30.0781,0.200000000000001,30.100000000000016,0.0038814807603956675,0.0014999545565252236,-0.0027345668178295375,289.972517950872,1.0,0.00019144789211682936,295.41380265513016,295.95035168659496,295.9560891845186,296.0023318015108,296.1233790199567,0.4051282995075039,0.40768984606478126,0.39174718884995996,0.3798553133224391,89491.13368932724,297.2489593035943,-0.4441358823091246,-0.02400743898873986,68.23874689897774,-3.997150284846992,82.71257517847401,76.0435057597217
2028-08-01,Kasese,10529.614022288868,0.827247341034288,19.0,0.0,1.0,0.1098988295973021,1.0000305189751728,3.999954221537241,0.1699,30.0781,0.200000000000001,30.100000000000016,0.003364552815838705,0.0010957930887513304,-0.0026198935828759067,289.72946653106607,1.0,0.0001745647685792697,295.54691865035414,296.058370364249,296.04883954130565,296.0460693589528,296.07230784534903,0.39665121759198874,0.3973210748436779,0.3848511765679344,0.378470211761327,89493.33629933796,297.2559899444205,-0.44710350996452847,-0.01932864096750093,65.60902186498134,-3.7635102621193197,73.49127993996687,76.54954037831565
2028-09-01,Kasese,10529.614022288868,0.827247341034288,19.0,0.0,1.0,0.1098988295973021,1.0000305189751728,3.999954221537241,0.1699,30.0781,0.200000000000001,30.100000000000016,0.0034960730236633015,0.0010264332123154382,-0.0026156754866941724,289.8388158323077,1.0,0.00018070894284030804,295.6248566868132,296.1376009940156,296.12032776166507,296.0957138666896,296.0578708364672,0.39814138596193765,0.395146181190726,0.3800844455711366,0.37735622706324096,89471.50076791756,297.183334513574,-0.42883418481176716,-0.022017836520796735,75.61731701793362,-3.6389412201650386,70.16454502286672,77.85685265692643
2028-10-01,Kasese,10529.614022288868,0.827247341034288,19.0,0.0,1.0,0.1098988295973021,1.0000305189751728,3.999954221537241,0.1699,30.0781,0.200000000000001,30.100000000000016,0.003920776093941018,0.0011576518741705124,-0.0026919562890713403,290.134298293441,1.0,0.00019374964827642937,295.6090582398676,296.14433813299587,296.13219030560657,296.1226331340456,296.06723399244515,0.40631721259653997,0.4006590631711974,0.3795766719493172,0.3771513187451263,89446.9868508771,297.1127636637332,-0.4254630441331531,-0.05032641708768304,90.19349319172089,-3.6693310491975617,77.3486829177326,78.7690975131046
2028-11-01,Kasese,10529.614022288868,0.827247341034288,19.0,0.0,1.0,0.1098988295973021,1.0000305189751728,3.999954221537241,0.1699,30.0781,0.200000000000001,30.100000000000016,0.004431503443713109,0.0014483847729910484,-0.00278536064461413,290.36003347907894,1.0,0.00021180240532164244,295.394845067855,295.95876465231026,295.970041988625,296.0277304724282,296.06012676943095,0.4167715777230425,0.4107757405386396,0.38313070989823456,0.37834706612238134,89425.16502844222,296.9446710077272,-0.42440662749480845,-0.11354041853182949,94.416594849543,-3.9603239193392583,86.98505736723097,78.93729217828117
2028-12-01,Kasese,10529.614022288868,0.827247341034288,19.0,0.0,1.0,0.1098988295973021,1.0000305189751728,3.999954221537241,0.1699,30.0781,0.200000000000001,30.100000000000016,0.004472883938839465,0.0016043724630570438,-0.002829548752532239,290.40373639769746,1.0,0.00021478138469956882,295.27759610514744,295.84251498164843,295.85297781401795,295.91259945069,296.01266298537917,0.41881457949197215,0.41457121993477236,0.38671338432890906,0.37967867006399686,89416.77759056416,296.9103691397833,-0.4308827587668427,-0.2069092460294266,90.03105430564922,-3.7784597007840177,91.92319379823864,79.89770601505772
2029-01-01,Kasese,10529.614022288868,0.827247341034288,19.0,0.0,1.0,0.1098988295973021,1.0000305189751728,3.999954221537241,0.1699,30.0781,0.200000000000001,30.100000000000016,0.00414773633500144,0.0015403330487142608,-0.0028005131035985,290.24444875284695,1.0,0.0002025264315210902,295.40008733691565,295.9394165136698,295.9261252601654,295.9185272859808,295.9595621965513,0.41221258608240036,0.4105865224431126,0.3876419974621592,0.3799721331631108,89413.3945,297.08300878498204,-0.4033944029132756,-0.2608843556941229,74.3499196890953,-3.899863344310816,86.62973289281872,80.89576526374361
2029-02-01,Kasese,10529.614022288868,0.827247341034288,19.0,0.0,1.0,0.1098988295973021,1.0000305189751728,3.999954221537241,0.1699,30.0781,0.200000000000001,30.100000000000016,0.0036271686086579422,0.0012990637977784985,-0.002695300321880269,290.0313443654591,1.0,0.00017970334643239443,295.82454668994933,296.33164165919635,296.2737210501862,296.1314450443767,295.96646835297753,0.3993912203977729,0.4001947888442326,0.3843597630421274,0.3790170802802697,89413.3945,297.46535821536787,-0.36624130971211016,-0.26636680553339126,63.06189520741188,-3.919558466921997,76.12774087634051,80.37652329581589
2029-03-01,Kasese,10529.614022288868,0.827247341034288,19.0,0.0,1.0,0.1098988295973021,1.0000305189751728,3.999954221537241,0.1699,30.0781,0.200000000000001,30.100000000000016,0.0038381732026706254,0.0012542352453269075,-0.002655715171752733,290.104900347256,1.0,0.00017885814218573012,296.0766832579825,296.5915922374324,296.53790203070434,296.3864814145402,296.06541999314703,0.39763803081697063,0.3961566406699486,0.3808818707184833,0.37794276139125227,89413.3945,297.65226098425995,-0.34683149928341367,-0.20669427345145439,65.73331283313874,-4.051809683176008,68.22862543566494,78.61761312535198
2029-04-01,Kasese,10529.614022288868,0.827247341034288,19.0,0.0,1.0,0.1098988295973021,1.0000305189751728,3.999954221537241,0.1699,30.0781,0.200000000000001,30.100000000000016,0.00447648634193521,0.0015249876956326149,-0.0027402690258330545,290.39800486391374,1.0,0.00020173326486083102,295.93762634168075,296.49180328296745,296.4718682220734,296.4156775578254,296.180635592578,0.40743362892107116,0.4038913496015934,0.38266084164327224,0.37826800275332234,89413.3945,297.53517478865126,-0.37471778698275876,-0.13687850336872454,83.61359451391948,-3.9281470938782452,71.42171281626462,77.58104740896592
2029-05-01,Kasese,10529.614022288868,0.827247341034288,19.0,0.0,1.0,0.1098988295973021,1.0000305189751728,3.999954221537241,0.1699,30.0781,0.200000000000001,30.100000000000016,0.004968397647115334,0.0018509319310246956,-0.0028657302180904675,290.6304912844998,1.0,0.00022369005658058876,295.5849729824074,296.16712884185955,296.1856742669096,296.2478287182426,296.2250446360269,0.4185611683608264,0.4146002980217401,0.38922862503952144,0.379604102279367,89421.97390323218,297.30332693987845,-0.4092758612373877,-0.06914376260899813,93.28749076750796,-3.899261241054569,81.43920480010826,77.3358275912659
2029-06-01,Kasese,10529.614022288868,0.827247341034288,19.0,0.0,1.0,0.1098988295973021,1.0000305189751728,3.999954221537241,0.1699,30.0781,0.200000000000001,30.100000000000016,0.004659566327331816,0.0018481806231387613,-0.0028650128601143687,290.4404449764982,1.0,0.0002181027724906646,295.3565860085647,295.93043990637153,295.95189583733753,296.0473177435783,296.1784221651881,0.41787320077754475,0.41779367204961787,0.3940001214919329,0.380724877494319,89441.48010454596,297.19521255946637,-0.43315803823941934,-0.02938283013524774,85.84261795064414,-3.9987260129948985,87.89817752216265,76.75082161191214
2029-07-01,Kasese,10529.614022288868,0.827247341034288,19.0,0.0,1.0,0.1098988295973021,1.0000305189751728,3.999954221537241,0.1699,30.0781,0.200000000000001,30.100000000000016,0.0038898171611524723,0.0015042266733127458,-0.0027343216613273974,289.9997805239968,1.0,0.0001926950116686588,295.3923674394483,295.92986695371,295.93355381752536,295.98036059103765,296.0971488838872,0.4060721907922403,0.4086471981921147,0.39226453755092083,0.3805904198854633,89459.62962960925,297.2181971706281,-0.4402647911669166,-0.018647428285675026,68.78332500764323,-4.05120254993698,82.97019646548311,75.82837458344473
2029-08-01,Kasese,10529.614022288868,0.827247341034288,19.0,0.0,1.0,0.1098988295973021,1.0000305189751728,3.999954221537241,0.1699,30.0781,0.200000000000001,30.100000000000016,0.0034034495017372236,0.0011217734591230377,-0.0026225498410098317,289.74771001023686,1.0,0.0001754064792682104,295.52259087726816,296.03672049311416,296.0245734625143,296.0244922602522,296.0456282127368,0.39759400388972727,0.39854729089984753,0.38567525047354173,0.3792714198107598,89463.19603048213,297.22447352444163,-0.4436020667082592,-0.01815294999665161,65.42697060254513,-3.979159301321513,73.77457673522389,76.2932111662685
2029-09-01,Kasese,10529.614022288868,0.827247341034288,19.0,0.0,1.0,0.1098988295973021,1.0000305189751728,3.999954221537241,0.1699,30.0781,0.200000000000001,30.100000000000016,0.003440094211214486,0.0010071747883612136,-0.0026154207488776685,289.8181907694871,1.0,0.00017843129327904824,295.61068002616776,296.12498895446174,296.1065640783331,296.07802446704306,296.0318272506616,0.3977578725584328,0.395574055758334,0.3810700366941903,0.3780357377347741,89443.68982916833,297.17302656815014,-0.4343826589718827,-0.025461393686839598,74.82973119966398,-3.9600609100886928,70.11268615462694,77.63144369724853
2029-10-01,Kasese,10529.614022288868,0.827247341034288,19.0,0.0,1.0,0.1098988295973021,1.0000305189751728,3.999954221537241,0.1699,30.0781,0.200000000000001,30.100000000000016,0.003897239679083507,0.001137246636937762,-0.0026901414851129755,290.12361814586484,1.0,0.00019349263076267912,295.5777818926607,296.11401559081986,296.1073128320859,296.10305280274866,296.0425409607257,0.406553263242569,0.4009884399076283,0.38058188742179416,0.3777476115492921,89425.54030410504,297.073111729404,-0.4256391970720908,-0.05288635679352021,89.59156507339435,-3.9578788319540266,76.96210568524259,78.56189111554033
2029-11-01,Kasese,10529.614022288868,0.827247341034288,19.0,0.0,1.0,0.1098988295973021,1.0000305189751728,3.999954221537241,0.1699,30.0781,0.200000000000001,30.100000000000016,0.00439616045750211,0.0014251857477845795,-0.002780327805670004,290.3460600240736,1.0,0.0002120388987382327,295.3706949307307,295.936000176419,295.94890236671944,296.0076242390573,296.0357786982916,0.4167690668683286,0.41078607636879044,0.3841631157475443,0.37887990974865593,89413.3945,296.90903215565885,-0.4245272034177465,-0.1136440022985935,94.94017640260877,-4.011362625085922,86.80595112228555,78.83850419504977
2029-12-01,Kasese,10529.614022288868,0.827247341034288,19.0,0.0,1.0,0.1098988295973021,1.0000305189751728,3.999954221537241,0.1699,30.0781,0.200000000000001,30.100000000000016,0.004486873364321234,0.0016031476703301858,-0.0028299282336453195,290.40055479612124,1.0,0.00021630176622873857,295.24428615012863,295.81185195693405,295.8230689102807,295.88959240291746,295.98805301099713,0.4197905631067076,0.41536192942606,0.3878368318250169,0.38030745667917754,89413.3945,296.8714986313947,-0.4255957777102363,-0.200365471811029,89.96806837007476,-3.935190509534708,91.88350072413152,79.55667323954593
2030-01-01,Kasese,10529.614022288868,0.827247341034288,19.0,0.0,1.0,0.1098988295973021,1.0000305189751728,3.999954221537241,0.1699,30.0781,0.200000000000001,30.100000000000016,0.004148839166656724,0.0015417353361222071,-0.0028020436541332434,290.26301521035504,1.0,0.0002032108745292229,295.3722951454816,295.9150434538151,295.8977380711917,295.89179863808977,295.9334323432667,0.41331021698143605,0.4117067274195518,0.3884453854715564,0.38074375981739556,89413.3945,297.05953491131885,-0.3979757522899554,-0.2554965047912068,74.65068886096627,-4.011156065185301,86.88580311466819,80.44848173207636
2030-02-01,Kasese,10529.614022288868,0.827247341034288,19.0,0.0,1.0,0.1098988295973021,1.0000305189751728,3.999954221537241,0.1699,30.0781,0.200000000000001,30.100000000000016,0.0036298141627583366,0.0012949610740811757,-0.00269453799001243,290.0582221893997,1.0,0.0001798230705133143,295.81173954854563,296.3179721748141,296.25854853848455,296.11499258420326,295.93953110384103,0.39996007540276196,0.4006156850680731,0.38480306183473223,0.379865780518956,89413.3945,297.44808109688944,-0.36365696358048377,-0.2634952813051937,63.14083389765248,-4.045279797854099,76.25357832138684,79.99175380575963
2030-03-01,Kasese,10529.614022288868,0.827247341034288,19.0,0.0,1.0,0.1098988295973021,1.0000305189751728,3.999954221537241,0.1699,30.0781,0.200000000000001,30.100000000000016,0.0038259751619293555,0.0012510174438056145,-0.0026565731132389813,290.11593993393853,1.0,0.00017866307711274492,296.04719630409926,296.5642233201254,296.5126727489489,296.3618869737831,296.04158600006673,0.39811355764422185,0.3970923587446234,0.38174718346070113,0.37876534143677687,89413.3945,297.6163778379716,-0.3480166478640811,-0.2111128086013223,65.95340698345616,-4.096930562788836,68.20909256556534,78.53721763076
2030-04-01,Kasese,10529.614022288868,0.827247341034288,19.0,0.0,1.0,0.1098988295973021,1.0000305189751728,3.999954221537241,0.1699,30.0781,0.200000000000001,30.100000000000016,0.004446778342781372,0.0015151256802325857,-0.0027376634546257598,290.367498093762,1.0,0.00020090038133066228,295.9238553325901,296.47564142233495,296.45722591172563,296.39657281650227,296.1577190085332,0.40706490392778366,0.4039547521880518,0.38389829016914634,0.3789817603156849,89413.3945,297.5119960772077,-0.3771481012959363,-0.14115192321133627,83.13288973409134,-4.103640907046372,71.07514831917659,77.48731989256505
2030-05-01,Kasese,10529.614022288868,0.827247341034288,19.0,0.0,1.0,0.1098988295973021,1.0000305189751728,3.999954221537241,0.1699,30.0781,0.200000000000001,30.100000000000016,0.004921256981121353,0.0018240315700192838,-0.002866453924797169,290.6065048347039,1.0,0.0002231448695379916,295.5503916569783,296.1348423805086,296.1542055240107,296.2208677352864,296.20353944900097,0.418994876962127,0.4152846425013726,0.39045909321358524,0.3801985136510839,89413.3945,297.27244886116665,-0.4090223982835893,-0.06884897353485138,92.63631356032921,-4.094326417952683,80.94210874798503,77.10753254216843
2030-06-01,Kasese,10529.614022288868,0.827247341034288,19.0,0.0,1.0,0.1098988295973021,1.0000305189751728,3.999954221537241,0.1699,30.0781,0.200000000000001,30.100000000000016,0.004677718022424614,0.0018454738114813338,-0.002861192417771207,290.46297148142713,1.0,0.00021971996686499147,295.3370087475802,295.90853684825,295.9320425378791,296.0271931190955,296.1560658330336,0.41874305533152034,0.4179204770526388,0.39464024792708857,0.38138075523185044,89421.87542155432,297.1672255404749,-0.42543605662883205,-0.023788421004055555,86.12846571883013,-4.083788626843114,87.70486687228178,76.40333947899136
2030-07-01,Kasese,10529.614022288868,0.827247341034288,19.0,0.0,1.0,0.1098988295973021,1.0000305189751728,3.999954221537241,0.1699,30.0781,0.200000000000001,30.100000000000016,0.0039033310850420167,0.001503758038376845,-0.0027339183687831625,290.0318593366475,1.0,0.00019380953203304246,295.3700632887072,295.90672287661954,295.91110941459624,295.9596621643755,296.0741939321319,0.40703493005218294,0.4095590432432259,0.3928177739995697,0.38139268847057267,89430.35468831607,297.18909199839004,-0.4368697135591704,-0.013520918193819523,69.30367258065012,-4.030729024393046,83.08502063602671,75.61600933463643
2030-08-01,Kasese,10529.614022288868,0.827247341034288,19.0,0.0,1.0,0.1098988295973021,1.0000305189751728,3.999954221537241,0.1699,30.0781,0.200000000000001,30.100000000000016,0.003435084152873497,0.0011438801238428443,-0.002624655391621505,289.77193082993256,1.0,0.00017637182453794395,295.4978695908019,296.0103250400768,296.00126952229516,296.0018635003781,296.0224375792504,0.39846348318698294,0.3998217112077182,0.3865760196634334,0.38023383011303286,89432.78208219945,297.19251511508304,-0.44029280466310045,-0.017592513431326683,65.26991774872404,-4.09985976586345,73.94929024937078,76.05920367138299
2030-09-01,Kasese,10529.614022288868,0.827247341034288,19.0,0.0,1.0,0.1098988295973021,1.0000305189751728,3.999954221537241,0.1699,30.0781,0.200000000000001,30.100000000000016,0.0033803594640003398,0.000984296381890262,-0.002615385085295042,289.79919602851993,1.0,0.00017616451367308793,295.5982070293533,296.1080284127169,296.09051952942696,296.05897644705743,296.00888031037334,0.39727349547835056,0.3961228860692503,0.38212243457115463,0.3789509987039124,89424.30116064513,297.1651368166834,-0.43980257879562473,-0.030290962147465867,74.161368414244,-4.102916611699388,69.94376436885877,77.45003704099706
2030-10-01,Kasese,10529.614022288868,0.827247341034288,19.0,0.0,1.0,0.1098988295973021,1.0000305189751728,3.999954221537241,0.1699,30.0781,0.200000000000001,30.100000000000016,0.0038723236016464184,0.0011176705830948039,-0.0026891966389253185,290.1122632750867,1.0,0.0001932535686088665,295.54739459872025,296.0814488491703,296.0815571683593,296.08163313817437,296.02255519401865,0.40663899835380407,0.4014269593155742,0.38164596851472893,0.378474278301481,89415.82189388336,297.03973116703474,-0.4258759478313432,-0.0561634971843453,88.96377098141348,-4.228028667265441,76.55137518031954,78.37849993864126
2030-11-01,Kasese,10529.614022288868,0.827247341034288,19.0,0.0,1.0,0.1098988295973021,1.0000305189751728,3.999954221537241,0.1699,30.0781,0.200000000000001,30.100000000000016,0.004369833960223485,0.001408757736575031,-0.0027750479170074987,290.3330038766267,1.0,0.00021206330504332962,295.3497992042904,295.9108868960495,295.92958046074904,295.98639230439056,296.0135477891033,0.41662578684100166,0.41100319313810524,0.3852935211038044,0.3794618881932886,89413.3945,296.8788992610633,-0.42463555277122,-0.1142828506677539,95.34051923154891,-4.135988872295975,86.49750961033395,78.78221513721589
2030-12-01,Kasese,10529.614022288868,0.827247341034288,19.0,0.0,1.0,0.1098988295973021,1.0000305189751728,3.999954221537241,0.1699,30.0781,0.200000000000001,30.100000000000016,0.004501553356757706,0.0016065209372267634,-0.0028287337451948255,290.3999631213204,1.0,0.00021760622198680195,295.2142171060925,295.77961058235843,295.795838740473,295.8650014092734,295.96376588988,0.4206666103415115,0.4163628735127536,0.3889393674686025,0.38097652956601463,89413.3945,296.83126783649396,-0.4208776261068375,-0.19390552982651585,89.81041278210664,-4.194809649822682,91.72371269161529,79.31286473407889
2031-01-01,Kasese,10529.614022288868,0.827247341034288,19.0,0.0,1.0,0.1098988295973021,1.0000305189751728,3.999954221537241,0.1699,30.0781,0.200000000000001,30.100000000000016,0.004150229408037553,0.001545986700394011,-0.002802049653129774,290.286684445718,1.0,0.00020366152323388542,295.34898149869696,295.8871728759523,295.87207586041694,295.8632769816614,295.90690315338776,0.41431335138306125,0.4129762184282115,0.3892219161367745,0.38153631379640696,89413.3945,297.0315525720859,-0.3930704498065227,-0.2502066995995081,74.89648216752362,-4.178912010664846,86.94426121822137,80.13470856444923
2031-02-01,Kasese,10529.614022288868,0.827247341034288,19.0,0.0,1.0,0.1098988295973021,1.0000305189751728,3.999954221537241,0.1699,30.0781,0.200000000000001,30.100000000000016,0.0036329493184181117,0.0012902180605419385,-0.0026934961629633686,290.08451472054793,1.0,0.00017995362287944586,295.8001773589101,296.3020411975855,296.2422299445909,296.0943056952545,295.91397043348167,0.4004655348830199,0.4011771391362286,0.38505794826344825,0.380724726354254,89413.3945,297.4304886047944,-0.3612642485577691,-0.26095024342988665,63.15013963702311,-4.16896172015991,76.3769861309741,79.73969619149712
2031-03-01,Kasese,10529.614022288868,0.827247341034288,19.0,0.0,1.0,0.1098988295973021,1.0000305189751728,3.999954221537241,0.1699,30.0781,0.200000000000001,30.100000000000016,0.003816228329698462,0.001243439685777729,-0.002658433946468144,290.1298558325329,1.0,0.00017836057241872943,296.01986976259735,296.53576758936487,296.4826718129645,296.3347457449325,296.0173417006083,0.3984860896054688,0.39799244560409336,0.38242533425263026,0.3794750297551277,89413.3945,297.583028317332,-0.3488633120994753,-0.2157980902714113,65.90233888434265,-4.281913127204227,68.26119066317226,78.51865088164949
2031-04-01,Kasese,10529.614022288868,0.827247341034288,19.0,0.0,1.0,0.1098988295973021,1.0000305189751728,3.999954221537241,0.1699,30.0781,0.200000000000001,30.100000000000016,0.004419614528917391,0.0014954452127798228,-0.0027347222371532655,290.3381966785989,1.0,0.0001998538020418106,295.91067698669184,296.46226535393606,296.4392496976221,296.3780208786893,296.1327931049271,0.406707406310036,0.4039501010679829,0.3850572435998412,0.37954177809340045,89413.3945,297.4910351488467,-0.3792322306885405,-0.14502353473513915,82.53131135314767,-4.346410334848763,70.88504707767369,77.43942989668803
2031-05-01,Kasese,10529.614022288868,0.827247341034288,19.0,0.0,1.0,0.1098988295973021,1.0000305189751728,3.999954221537241,0.1699,30.0781,0.200000000000001,30.100000000000016,0.004874539557033201,0.0017913085402164461,-0.0028660213116676546,290.5851794044128,1.0,0.00022250654158986605,295.5198616180078,296.1057645001212,296.1238911621704,296.19501673736903,296.1778470455899,0.419371036147625,0.415838648395716,0.3916481532795466,0.3807211580985643,89413.3945,297.23836481140887,-0.40765886684285557,-0.06788678276281902,91.9960180139215,-4.440767163422545,80.55448614954307,76.85862590133657
2031-06-01,Kasese,10529.614022288868,0.827247341034288,19.0,0.0,1.0,0.1098988295973021,1.0000305189751728,3.999954221537241,0.1699,30.0781,0.200000000000001,30.100000000000016,0.004691041401354091,0.001837963659912809,-0.002856578630643526,290.4834895908236,1.0,0.00022133963316217696,295.3190781243315,295.88916958220057,295.91348056354906,296.00696712140166,296.1291167999002,0.4195745665882065,0.418200136320617,0.39517543756801415,0.38201447256188964,89413.3945,297.1369108857379,-0.41709742037275827,-0.017454401100184785,86.760430795179,-4.093819200384259,87.61997469296723,76.11622584739457
2031-07-01,Kasese,10529.614022288868,0.827247341034288,19.0,0.0,1.0,0.1098988295973021,1.0000305189751728,3.999954221537241,0.1699,30.0781,0.200000000000001,30.100000000000016,0.0039119059901068206,0.0015083088436586907,-0.0027337798705996054,290.0644817836417,1.0,0.00019503688144911673,295.3474556971305,295.88356110519277,295.8904308168405,295.9370420902121,296.0477422975528,0.4079920096596288,0.41048814515828475,0.39319239815828855,0.38217488752323586,89413.3945,297.16243226713004,-0.43246029428271243,-0.008339289841385898,70.10261560710606,-4.082585440377544,83.33395550800488,75.39529492547861
2031-08-01,Kasese,10529.614022288868,0.827247341034288,19.0,0.0,1.0,0.1098988295973021,1.0000305189751728,3.999954221537241,0.1699,30.0781,0.200000000000001,30.100000000000016,0.003466904960449752,0.001168204105237822,-0.0026267722854017082,289.7929194655517,1.0,0.0001771492571310111,295.4756029805898,295.98526545890684,295.9761258299116,295.9781920845501,295.99656218754444,0.3994346243957203,0.4011084768932803,0.3873455746638503,0.3810790187010618,89413.3945,297.1653181779181,-0.4369854788995357,-0.01718508916824722,65.20675457503644,-4.195495361555023,74.2203434421445,75.87220855273584
2031-09-01,Kasese,10529.614022288868,0.827247341034288,19.0,0.0,1.0,0.1098988295973021,1.0000305189751728,3.999954221537241,0.1699,30.0781,0.200000000000001,30.100000000000016,0.0033162904008849693,0.0009614890373721209,-0.002615021096235766,289.7814225832013,1.0,0.0001738668211990465,295.58796011135115,296.0964527796693,296.075771109071,296.04056868378365,295.98388029634754,0.3969341302214156,0.3964869384113587,0.3830743947875817,0.37967845512731285,89413.3945,297.1568577191257,-0.4453875105210385,-0.03450241161824341,73.52458042498262,-4.42311889158411,69.85490102512732,77.28825758663498
2031-10-01,Kasese,10529.614022288868,0.827247341034288,19.0,0.0,1.0,0.1098988295973021,1.0000305189751728,3.999954221537241,0.1699,30.0781,0.200000000000001,30.100000000000016,0.003848434969269498,0.001092344465823376,-0.002686039611762375,290.1019482235347,1.0,0.000192988188398254,295.5174446517232,296.0559726019462,296.053496563924,296.06128377231374,295.99829129457663,0.4068459336273444,0.40167341505786097,0.3825178628390132,0.37906646309372966,89413.3945,297.00303714275634,-0.42613484606909297,-0.05890518996707478,88.51376857299546,-4.415548798022589,76.09147647069165,78.25735062593577
2031-11-01,Kasese,10529.614022288868,0.827247341034288,19.0,0.0,1.0,0.1098988295973021,1.0000305189751728,3.999954221537241,0.1699,30.0781,0.200000000000001,30.100000000000016,0.004337547614805377,0.0013833641185074157,-0.00276902953946081,290.3238519286841,1.0,0.00021218325114381173,295.3246082721984,295.8927253644354,295.90856615515787,295.9668853069868,295.98893936429926,0.4166112074676404,0.411003518077751,0.3861538332863496,0.3800492072825195,89413.3945,296.84720971541987,-0.42452725078384107,-0.11406724829069459,96.02803020002078,-4.2161394387520446,86.2402654926935,78.75585231018131
2031-12-01,Kasese,10529.614022288868,0.827247341034288,19.0,0.0,1.0,0.1098988295973021,1.0000305189751728,3.999954221537241,0.1699,30.0781,0.200000000000001,30.100000000000016,0.004505277390123962,0.001606365477945892,-0.002826694157755992,290.40067902194306,1.0,0.00021891535324712198,295.1773915647334,295.7516827651263,295.76524052891307,295.84014703350573,295.93764720783025,0.42164421418208975,0.4171995993243581,0.38982447622266464,0.381682530039069,89413.3945,296.79497766295765,-0.41570697006356033,-0.1870698359905422,89.75400820704085,-4.374878945924933,91.61227257627456,79.03102225970254
2032-01-01,Kasese,10529.614022288868,0.827247341034288,19.0,0.0,1.0,0.1098988295973021,1.0000305189751728,3.999954221537241,0.1699,30.0781,0.200000000000001,30.100000000000016,0.0041362766760437,0.0015492613028078408,-0.002803534753108025,290.3068760737586,1.0,0.0002039762300564834,295.32141213478735,295.86430880459176,295.8439693612507,295.8373765086736,295.87846971365065,0.41544153833678515,0.41411908908395095,0.38992679548310827,0.38238299798827263,89413.3945,297.0097587403152,-0.38811344830412353,-0.24468637003355598,74.96220290172828,-4.304679859788752,87.21662314448479,79.73347160819333
2032-02-01,Kasese,10529.614022288868,0.827247341034288,19.0,0.0,1.0,0.1098988295973021,1.0000305189751728,3.999954221537241,0.1699,30.0781,0.200000000000001,30.100000000000016,0.0036232389888703497,0.0012905590748205878,-0.0026907536754734907,290.10811290991575,1.0,0.0001799619002568956,295.78400933955726,296.290533786224,296.22536171984393,296.07750114065675,295.8868918137152,0.4009493955879417,0.4015846509934596,0.3855021300331265,0.3815608644874469,89413.3945,297.4151814115676,-0.35912176421908454,-0.2588630365398259,63.01832554576739,-4.411756247114902,76.57074900828695,79.3739586767416
2032-03-01,Kasese,10529.614022288868,0.827247341034288,19.0,0.0,1.0,0.1098988295973021,1.0000305189751728,3.999954221537241,0.1699,30.0781,0.200000000000001,30.100000000000016,0.0037249143718689624,0.001176622851353365,-0.0026403843425010895,290.1627696515995,1.0,0.00017647899822973204,296.07799949938385,296.5844182189503,296.524102230203,296.3535811178316,295.98865867549284,0.3968192738196225,0.3949300011684474,0.38148348965061274,0.38039243963310004,89413.3945,297.6239211250873,-0.34812562590054,-0.21215601003003756,67.13936770253514,-4.2162069484654525,68.88966521407022,78.1236987175076
2032-04-01,Kasese,10529.614022288868,0.827247341034288,19.0,0.0,1.0,0.1098988295973021,1.0000305189751728,3.999954221537241,0.1699,30.0781,0.200000000000001,30.100000000000016,0.004418301337981437,0.001465038188007195,-0.0027243663319159368,290.42501734583107,1.0,0.00020271091507587547,295.92374108975287,296.47297090970255,296.45248898490877,296.38640726885086,296.109868244636,0.40680116332274335,0.40274540967628564,0.38326399422597407,0.38047547596600223,89413.3945,297.48362837748067,-0.37752816668822015,-0.13434615789833745,84.55250950623908,-4.132543127611538,71.7598855568899,77.28069817173916
2032-05-01,Kasese,10529.614022288868,0.827247341034288,19.0,0.0,1.0,0.1098988295973021,1.0000305189751728,3.999954221537241,0.1699,30.0781,0.200000000000001,30.100000000000016,0.004973872787174046,0.001853859176130436,-0.0028616992374775117,290.6629607517289,1.0,0.00022485682501805146,295.5258208455527,296.1050054314789,296.12424923478153,296.1843242553087,296.1521134278578,0.41984401907232227,0.41620066876329487,0.39137484338129314,0.381790961673448,89413.3945,297.22224589801857,-0.4036148438079832,-0.06695963009460738,93.84014436927639,-4.146706101006579,81.58777296701305,76.69596533776115
2032-06-01,Kasese,10529.614022288868,0.827247341034288,19.0,0.0,1.0,0.1098988295973021,1.0000305189751728,3.999954221537241,0.1699,30.0781,0.200000000000001,30.100000000000016,0.004608084153703569,0.0018244641367261255,-0.002866458324479971,290.43206662568883,1.0,0.00021704844377554326,295.2836970047744,295.8565518098123,295.8805681619146,295.9782641120563,296.107275010771,0.4187785039264127,0.41981211986850414,0.3967152942770644,0.38286731906168586,89413.3945,297.1110156579529,-0.435039441932322,-0.03231948217107066,85.10898674386023,-4.459948676029345,87.7385192884102,76.19827951414281
2032-07-01,Kasese,10529.614022288868,0.827247341034288,19.0,0.0,1.0,0.1098988295973021,1.0000305189751728,3.999954221537241,0.1699,30.0781,0.200000000000001,30.100000000000016,0.0038421734750572786,0.001472196025998999,-0.002731259152055129,289.9795451781654,1.0,0.0001919671289723078,295.3213360786733,295.85881775931244,295.8637033459838,295.91595049621986,296.0264247972422,0.40692509005888966,0.41014933725519914,0.3951815405068131,0.38264626914250094,89413.3945,297.1316060908861,-0.438402075028754,-0.02033094026690147,67.98040859332441,-4.523634250007604,82.44732329636145,75.19633458191912
2032-08-01,Kasese,10529.614022288868,0.827247341034288,19.0,0.0,1.0,0.1098988295973021,1.0000305189751728,3.999954221537241,0.1699,30.0781,0.200000000000001,30.100000000000016,0.0033271536341849804,0.001068095330706608,-0.0026165007126918182,289.7358415235265,1.0,0.00017513130563177382,295.4514491785248,295.96684219302125,295.95648119632284,295.96051312560945,295.97427250595797,0.39838499457821247,0.39977008832559396,0.3883208010115134,0.3813023909761248,89413.3945,297.14041865806473,-0.44132081499273584,-0.01561043448201198,65.27550656600316,-4.386495423928698,73.14082810722847,75.71228800524285
2032-09-01,Kasese,10529.614022288868,0.827247341034288,19.0,0.0,1.0,0.1098988295973021,1.0000305189751728,3.999954221537241,0.1699,30.0781,0.200000000000001,30.100000000000016,0.0034564332944872276,0.0009986278684128264,-0.0026111367914909422,289.8470552603155,1.0,0.00018140930559017168,295.52816857837706,296.04502770216504,296.0280511259721,296.0096125688098,295.9589579507586,0.39991992162184903,0.39761259168370927,0.3835482365220335,0.3801589682269691,89413.3945,297.0699663701212,-0.42322634870394,-0.018268721355557523,75.1845264381346,-4.250804416258428,69.7468488581947,77.03501913739666
2032-10-01,Kasese,10529.614022288868,0.827247341034288,19.0,0.0,1.0,0.1098988295973021,1.0000305189751728,3.999954221537241,0.1699,30.0781,0.200000000000001,30.100000000000016,0.0038795271867513668,0.0011290718843994386,-0.002686633177481449,290.1433694963991,1.0,0.00019446914006689616,295.5151389133764,296.0488596158606,296.04221985196233,296.03507932086865,295.96776467777454,0.4081119833127107,0.40315798129148844,0.3830412581441174,0.3800058923987879,89413.3945,296.9982017993537,-0.41969129924204934,-0.047059288264930645,89.81194840723715,-4.2713485521636505,76.97980957101464,77.96028699329166
2032-11-01,Kasese,10529.614022288868,0.827247341034288,19.0,0.0,1.0,0.1098988295973021,1.0000305189751728,3.999954221537241,0.1699,30.0781,0.200000000000001,30.100000000000016,0.004389445541816288,0.0014200234371795168,-0.002780818860572304,290.369701905952,1.0,0.00021262605901118065,295.30112665395745,295.8624142005851,295.8800276949008,295.9378359867043,295.96092576661357,0.41864063579592514,0.41339161440423666,0.38649369446693843,0.38118592048066446,89413.3945,296.82901198033966,-0.41906003184976043,-0.11060893745387572,94.09616712552922,-4.491858680087952,86.74565663900127,78.10705800556316
2032-12-01,Kasese,10529.614022288868,0.827247341034288,19.0,0.0,1.0,0.1098988295973021,1.0000305189751728,3.999954221537241,0.1699,30.0781,0.200000000000001,30.100000000000016,0.004430708337069579,0.0015766763600241044,-0.002825233301742103,290.41115366923196,1.0,0.00021547399372480038,295.1844098573932,295.7463155040592,295.76282061367675,295.82330255173406,295.9127483947985,0.4205897112760549,0.41715706386504053,0.3901385809574586,0.3825001139684998,89413.3945,296.7954801044746,-0.4251815557377201,-0.20410718496243488,89.80211108483236,-4.340373183424073,91.67085235721133,79.02992754886809
2033-01-01,Kasese,10529.614022288868,0.827247341034288,19.0,0.0,1.0,0.1098988295973021,1.0000305189751728,3.999954221537241,0.1699,30.0781,0.200000000000001,30.100000000000016,0.004106413666104913,0.0015127539675439921,-0.0027958603006006167,290.2524688380633,1.0,0.0002031710156849588,295.30447752148535,295.8465549086565,295.83658729990003,295.82793846473896,295.860279735877,0.41398338473173674,0.4131600356130805,0.3910559212454741,0.3828037968900184,89413.3945,296.9694915426234,-0.3976757049366644,-0.2579856940965901,74.13153341511628,-4.500459493905662,86.42031943328561,80.02368114159547
2033-02-01,Kasese,10529.614022288868,0.827247341034288,19.0,0.0,1.0,0.1098988295973021,1.0000305189751728,3.999954221537241,0.1699,30.0781,0.200000000000001,30.100000000000016,0.0035837761322093883,0.001268822993218853,-0.0026913194753014915,290.04022417224695,1.0,0.00018022736805978733,295.7335940684463,296.24034958964205,296.183654832191,296.0436396290814,295.8674450284033,0.4012138604351274,0.402735842290937,0.387850528570125,0.3818588622845927,89413.3945,297.352505699625,-0.36044486230289524,-0.26310374065446057,62.699651126454484,-4.511464915906943,75.83170526133364,79.51061502795888
2033-03-01,Kasese,10529.614022288868,0.827247341034288,19.0,0.0,1.0,0.1098988295973021,1.0000305189751728,3.999954221537241,0.1699,30.0781,0.200000000000001,30.100000000000016,0.0037972715386953397,0.0012238512308055196,-0.0026522830462609817,290.11329131231514,1.0,0.00017944642229525529,295.98608990617237,296.4998198519085,296.44964773590647,296.297847003767,295.96876541071333,0.39952512089986875,0.39871637368938445,0.38435631489210537,0.3808031129633804,89413.3945,297.5371225775846,-0.34101237695767894,-0.20353488431974034,65.47316709869051,-4.575141515716322,67.93847599460567,77.76902488636716
2033-04-01,Kasese,10529.614022288868,0.827247341034288,19.0,0.0,1.0,0.1098988295973021,1.0000305189751728,3.999954221537241,0.1699,30.0781,0.200000000000001,30.100000000000016,0.004433474906401243,0.0014943691220727102,-0.002738170264178176,290.40603215302536,1.0,0.0002025020333180066,295.84888055450614,296.3981577160543,296.38109628306165,296.32696219261703,296.08481815527836,0.40927749297991517,0.4063990889902113,0.3861332236182094,0.38108696409817006,89413.3945,297.4191408294867,-0.3686404738343043,-0.13427681354948015,83.30246585673764,-4.459345870553787,71.09224000863367,76.72191031486345
2033-05-01,Kasese,10529.614022288868,0.827247341034288,19.0,0.0,1.0,0.1098988295973021,1.0000305189751728,3.999954221537241,0.1699,30.0781,0.200000000000001,30.100000000000016,0.004927540351362059,0.0018207714789091323,-0.0028615223078689938,290.6401642473009,1.0,0.00022436433488029822,295.49154612578616,296.0732740882433,296.09564908809034,296.16117726050487,296.1294049662763,0.42038184978688625,0.41692919004064066,0.3926891902372794,0.3824057659888081,89413.3945,297.1859276444918,-0.40289981673717756,-0.06638228565717766,93.06194888016444,-4.4098391947385,81.08733819307066,76.4789053985735
2033-06-01,Kasese,10529.614022288868,0.827247341034288,19.0,0.0,1.0,0.1098988295973021,1.0000305189751728,3.999954221537241,0.1699,30.0781,0.200000000000001,30.100000000000016,0.004619147758847127,0.0018179832798664152,-0.0028602178154207014,290.45244352349147,1.0,0.0002186881705339258,295.26240234838065,295.83568164784606,295.86054958670076,295.9604353919851,296.0813983128239,0.4196633548638751,0.4200346727909525,0.39747756922887434,0.3835693591480959,89413.3945,297.079973702971,-0.42697916250722656,-0.02638949814989332,85.475052556438,-4.544274702610728,87.54829813734155,75.85639663503872
2033-07-01,Kasese,10529.614022288868,0.827247341034288,19.0,0.0,1.0,0.1098988295973021,1.0000305189751728,3.999954221537241,0.1699,30.0781,0.200000000000001,30.100000000000016,0.003849092469031128,0.0014760681625777799,-0.0027276961172081533,290.0117823600022,1.0,0.00019323089148466763,295.2961088831103,295.834684069176,295.8420441961702,295.89374562413786,296.0001499637578,0.40784625624469956,0.41099063463106916,0.3957426933945236,0.383453491534733,89413.3945,297.1022883732896,-0.4343181673018674,-0.014853131412888534,68.45012614084987,-4.569311986907265,82.5550017876693,74.9479538539111
2033-08-01,Kasese,10529.614022288868,0.827247341034288,19.0,0.0,1.0,0.1098988295973021,1.0000305189751728,3.999954221537241,0.1699,30.0781,0.200000000000001,30.100000000000016,0.003356915708167523,0.0010931515803598432,-0.0026165443994561337,289.7606490415528,1.0,0.00017605421796645343,295.4262357650554,295.94087779231023,295.93288417788295,295.93477621049345,295.94811567054194,0.39923353074223705,0.4009821285641993,0.38914277284658744,0.38216922379923274,89413.3945,297.10960295434614,-0.43776590139250865,-0.014539169304246773,65.05804439282112,-4.488308155077153,73.34195406246174,75.40448344407771
2033-09-01,Kasese,10529.614022288868,0.827247341034288,19.0,0.0,1.0,0.1098988295973021,1.0000305189751728,3.999954221537241,0.1699,30.0781,0.200000000000001,30.100000000000016,0.003394694461773377,0.0009790617517197316,-0.0026102897252705706,289.83195081118396,1.0,0.00017905974056023927,295.51412311788243,296.02984713976434,296.01383096187806,295.98919140953825,295.93640384605584,0.3994318939527797,0.39803341867055914,0.3845214057311948,0.3809340808581088,89413.3945,297.05841346682223,-0.4281636064906449,-0.022029502715008902,74.49930578073942,-4.434885149584666,69.67764778569197,76.78059989233488
2033-10-01,Kasese,10529.614022288868,0.827247341034288,19.0,0.0,1.0,0.1098988295973021,1.0000305189751728,3.999954221537241,0.1699,30.0781,0.200000000000001,30.100000000000016,0.0038498249301776367,0.0011083981929981437,-0.002685950288267269,290.1359911157086,1.0,0.00019404467068593237,295.48234497332646,296.0194815178956,296.0145114182969,296.0146071341672,295.9468479555591,0.4081664212886012,0.40340962825773263,0.38395603212772217,0.3806315635159639,89413.3945,296.9595680858113,-0.4197179844663173,-0.04988199175636695,89.28237481833003,-4.476817095324296,76.54601612415215,77.71742239971208
2033-11-01,Kasese,10529.614022288868,0.827247341034288,19.0,0.0,1.0,0.1098988295973021,1.0000305189751728,3.999954221537241,0.1699,30.0781,0.200000000000001,30.100000000000016,0.004351405180497702,0.0014017649425135288,-0.002776381053317114,290.35748987986386,1.0,0.00021252340968834276,295.2770253248004,295.8422630294319,295.85721284813116,295.91983514455933,295.9405145432065,0.41842883037557926,0.41324913517095485,0.387571653382422,0.3817444325367238,89413.3945,296.7973233537513,-0.4190472076416995,-0.11099197992101055,94.61809946736055,-4.607140056337242,86.39480464052109,78.00758182585277
2033-12-01,Kasese,10529.614022288868,0.827247341034288,19.0,0.0,1.0,0.1098988295973021,1.0000305189751728,3.999954221537241,0.1699,30.0781,0.200000000000001,30.100000000000016,0.004439136541337588,0.0015786881689313168,-0.002824472294513897,290.41027475027846,1.0,0.00021686548928785235,295.151899554499,295.71782653298345,295.73133591723104,295.80139689695517,295.89061681272,0.42140069445140615,0.4178402576051757,0.3912425690894558,0.3831612626680641,89413.3945,296.75839251150916,-0.4205211969198927,-0.19763051908765628,89.61359472391261,-4.602761783476884,91.44308102608066,78.73788236583114
2034-01-01,Kasese,10529.614022288868,0.827247341034288,19.0,0.0,1.0,0.1098988295973021,1.0000305189751728,3.999954221537241,0.1699,30.0781,0.200000000000001,30.100000000000016,0.004103907490905138,0.0015170321715087854,-0.0027969060705673263,290.2743691283656,1.0,0.00020375181267238732,295.27942582981535,295.8218460528778,295.805806232966,295.80461098288214,295.8353421308114,0.41498306238917076,0.4141355578410007,0.3918899565277066,0.38362343639616453,89413.3945,296.9447783599981,-0.3928073499809333,-0.2529604690742085,74.22279080603867,-4.679364817295081,86.45444097314548,79.61870805936887
2034-02-01,Kasese,10529.614022288868,0.827247341034288,19.0,0.0,1.0,0.1098988295973021,1.0000305189751728,3.999954221537241,0.1699,30.0781,0.200000000000001,30.100000000000016,0.003587900283339792,0.0012673456869717256,-0.002690577873727469,290.06687924457043,1.0,0.00018047951274288425,295.72013046630826,296.2239742173902,296.16343871830196,296.0263880543758,295.8404216112075,0.4016498883694584,0.40307416447797495,0.3882096428377491,0.3827278430490355,89413.3945,297.33231212603357,-0.3581378324964563,-0.26095419680083526,62.79774646826126,-4.711048321796704,75.87688147440834,79.17077961045231
2034-03-01,Kasese,10529.614022288868,0.827247341034288,19.0,0.0,1.0,0.1098988295973021,1.0000305189751728,3.999954221537241,0.1699,30.0781,0.200000000000001,30.100000000000016,0.00378778638143586,0.0012238342354950653,-0.002652842386408993,290.12566931585053,1.0,0.0001792620099625593,295.9574566779003,296.47137509194573,296.4150865750974,296.2741385465661,295.9424046121217,0.3998347472255448,0.39948342105501694,0.3851357802673208,0.381590930037811,89413.3945,297.50178367271445,-0.342234715035504,-0.20931877935001664,65.69152286259266,-4.708539547621061,67.9039226132093,77.69812380358529
2034-04-01,Kasese,10529.614022288868,0.827247341034288,19.0,0.0,1.0,0.1098988295973021,1.0000305189751728,3.999954221537241,0.1699,30.0781,0.200000000000001,30.100000000000016,0.004408589227507663,0.0014877969426823586,-0.0027340059463174453,290.37658513586183,1.0,0.00020149698495359385,295.8347191966307,296.3833400191268,296.3589929220131,296.3088800049771,296.0590810408794,0.4088042757676991,0.40649367172577916,0.38735534801616406,0.3817315103713716,89413.3945,297.39775065764286,-0.37122360773795654,-0.13902539190514324,82.92625927167217,-4.677560329556697,70.79117953758555,76.66613657866147
2034-05-01,Kasese,10529.614022288868,0.827247341034288,19.0,0.0,1.0,0.1098988295973021,1.0000305189751728,3.999954221537241,0.1699,30.0781,0.200000000000001,30.100000000000016,0.004883085224997879,0.0017967027054471933,-0.002861733490213214,290.61664459598325,1.0,0.0002236213333729164,295.4589523167734,296.04355260481424,296.05846406564143,296.13427644238504,296.1043560020749,0.4206999861725295,0.4178139051236894,0.3938836750435685,0.38292546630867297,89413.3945,297.1575708246804,-0.40260556452101165,-0.06680026613441782,92.3978917854115,-4.682571782010975,80.68534215576595,76.2682226381012
2034-06-01,Kasese,10529.614022288868,0.827247341034288,19.0,0.0,1.0,0.1098988295973021,1.0000305189751728,3.999954221537241,0.1699,30.0781,0.200000000000001,30.100000000000016,0.004633965717995781,0.0018153343172220826,-0.0028573390355820538,290.47166028966836,1.0,0.00022028665759652016,295.24211135726256,295.8177176456169,295.8373019194435,295.93843742974855,296.0566149576157,0.4204242872517749,0.4206078022426219,0.39795930175761657,0.3841259755932997,89413.3945,297.0536417413951,-0.4192541609226325,-0.02067025557184594,85.9219448085815,-4.6816357155546156,87.4030800373079,75.56961212960856
2034-07-01,Kasese,10529.614022288868,0.827247341034288,19.0,0.0,1.0,0.1098988295973021,1.0000305189751728,3.999954221537241,0.1699,30.0781,0.200000000000001,30.100000000000016,0.0038592936115959217,0.0014758438385692118,-0.0027294409754567007,290.04262031749914,1.0,0.00019446422394787225,295.27230560766367,295.8124014406419,295.81767687155633,295.87032642627423,295.9737745901338,0.40879354203014434,0.41216605796581846,0.39605514527276214,0.38413877918176187,89413.3945,297.0753312720147,-0.4305905926331972,-0.010412402069408815,69.10897043288048,-4.713427748126294,82.79388188585132,74.73662422403692
2034-08-01,Kasese,10529.614022288868,0.827247341034288,19.0,0.0,1.0,0.1098988295973021,1.0000305189751728,3.999954221537241,0.1699,30.0781,0.200000000000001,30.100000000000016,0.003387206670746689,0.0011148436725900912,-0.00261925171454788,289.78189441302806,1.0,0.00017705220023812095,295.4008185209224,295.91607516279714,295.9077556451545,295.912460206839,295.92292115685314,0.4003151967790614,0.40241279310056144,0.38982821823612374,0.382953742440501,89413.3945,297.0796169666124,-0.43451552808466404,-0.014220655049100707,65.04709353953201,-4.786878245016099,73.61870170604425,75.19815429551122
2034-09-01,Kasese,10529.614022288868,0.827247341034288,19.0,0.0,1.0,0.1098988295973021,1.0000305189751728,3.999954221537241,0.1699,30.0781,0.200000000000001,30.100000000000016,0.0033326063253000444,0.0009546055488786022,-0.002609770880722091,289.8103121032338,1.0,0.00017674499489740356,295.5017161331456,296.01671032736175,295.9995970029925,295.97049244087174,295.9099394341681,0.39917038145761047,0.39857186247619697,0.38547758571815,0.38163753099821346,89413.3945,297.0501522876737,-0.4341051439193116,-0.02704211204202049,73.84367520343551,-4.8634743955166755,69.65733449628324,76.61552156882792
2034-10-01,Kasese,10529.614022288868,0.827247341034288,19.0,0.0,1.0,0.1098988295973021,1.0000305189751728,3.999954221537241,0.1699,30.0781,0.200000000000001,30.100000000000016,0.0038236955929074057,0.0010840297253785814,-0.00268276660347614,290.1202989550454,1.0,0.00019377326092740767,295.4504881042476,295.99282039168264,295.9883160250581,295.99306815302094,295.9243164605289,0.4085617723383436,0.403769011656566,0.38503281938649064,0.3812112381829411,89413.3945,296.92511214028104,-0.4202450711165533,-0.05271507412515259,88.69912373093162,-4.841313444659484,76.23075835822294,77.57201389967605
2034-11-01,Kasese,10529.614022288868,0.827247341034288,19.0,0.0,1.0,0.1098988295973021,1.0000305189751728,3.999954221537241,0.1699,30.0781,0.200000000000001,30.100000000000016,0.004321733039867283,0.0013747854012617442,-0.002770280960411502,290.34398884484546,1.0,0.00021260923095362962,295.25185847435614,295.82169029506014,295.8360798160773,295.897717016814,295.9152809916492,0.41850797401603695,0.4133119124387217,0.38868813807214586,0.382288058122447,89413.3945,296.76468245188954,-0.4188453941541667,-0.11077486851625783,95.06585750788281,-4.757195848849228,86.12393028519183,77.98061846868524
2034-12-01,Kasese,10529.614022288868,0.827247341034288,19.0,0.0,1.0,0.1098988295973021,1.0000305189751728,3.999954221537241,0.1699,30.0781,0.200000000000001,30.100000000000016,0.004452872095336012,0.0015782925149737522,-0.002823948899806556,290.4095722713964,1.0,0.00021829165464117733,295.11897215877525,295.6879442551977,295.70127748239776,295.7764173690643,295.86521237654733,0.42247508446216364,0.4187613829628774,0.39228600958642074,0.38380026058354705,89413.3945,296.7189983388154,-0.4151584624507258,-0.19085477332452339,89.54161134490037,-4.779818171961495,91.35883440364238,78.48398923288794
2035-01-01,Kasese,10529.614022288868,0.827247341034288,19.0,0.0,1.0,0.1098988295973021,1.0000305189751728,3.999954221537241,0.1699,30.0781,0.200000000000001,30.100000000000016,0.004100409778949331,0.0015228547881001038,-0.00279922052746202,290.2939970638507,1.0,0.00020425475895525242,295.2563881266192,295.79629808301905,295.77921141979533,295.776644379445,295.80826346331884,0.4160670135624393,0.41539676946722354,0.392626716634934,0.3843650993842019,89413.3945,296.92070986621985,-0.38740512059319765,-0.24748742342978705,74.5775174240376,-4.7653018941814365,86.5907277257479,79.2835547955308
2035-02-01,Kasese,10529.614022288868,0.827247341034288,19.0,0.0,1.0,0.1098988295973021,1.0000305189751728,3.999954221537241,0.1699,30.0781,0.200000000000001,30.100000000000016,0.0035839512155503447,0.0012699248124132384,-0.002689103484164708,290.0897539399199,1.0,0.00018062099010104666,295.70992316896735,296.21127313168023,296.1497913122579,296.0091438735645,295.81592719715644,0.4022013762741004,0.40357657569941424,0.3884478463981618,0.38352229965015866,89413.3945,297.31694076828353,-0.35556378472689515,-0.25821576913997585,62.843562720797934,-4.788934025796379,76.04498848140483,78.86837391425287
2035-03-01,Kasese,10529.614022288868,0.827247341034288,19.0,0.0,1.0,0.1098988295973021,1.0000305189751728,3.999954221537241,0.1699,30.0781,0.200000000000001,30.100000000000016,0.0037705303939313977,0.0012209941207496139,-0.0026547621539110937,290.13406654756517,1.0,0.00017895034120030693,295.929656413319,296.4417326490677,296.3912040944058,296.2499510988125,295.92051691955686,0.4002354252750533,0.4003654569663908,0.38583114566369064,0.3822995667106879,89413.3945,297.46728117046774,-0.34308812478444434,-0.21298072532719034,65.66168152055076,-4.851636157319228,67.95921021093056,77.62535597546209
2035-04-01,Kasese,10529.614022288868,0.827247341034288,19.0,0.0,1.0,0.1098988295973021,1.0000305189751728,3.999954221537241,0.1699,30.0781,0.200000000000001,30.100000000000016,0.004370758233436646,0.0014725220208145816,-0.0027308704109602223,290.34502438347005,1.0,0.0002004296650304242,295.82114542097685,296.3668900101937,296.3490599861611,296.29180215024445,296.03651826367593,0.40836289765678263,0.4064489486084109,0.388404770793231,0.38235336710604845,89413.3945,297.3736448379104,-0.37341957669975434,-0.14203700082482568,82.22034262373931,-4.995706724289018,70.62886648394279,76.54236598275709
2035-05-01,Kasese,10529.614022288868,0.827247341034288,19.0,0.0,1.0,0.1098988295973021,1.0000305189751728,3.999954221537241,0.1699,30.0781,0.200000000000001,30.100000000000016,0.004831501412300323,0.0017646920858347117,-0.0028627515045130457,290.591818124828,1.0,0.00022290575541806132,295.4282356560716,296.00898129891715,296.03348983991685,296.1070918432259,296.0814381576826,0.42100644430297773,0.41842765983672797,0.39503201468352717,0.38351350321165106,89413.3945,297.12191106723935,-0.4019243651012036,-0.0653212128627559,91.69286229990674,-4.993535140170002,80.37685076738948,75.97592509633147
2035-06-01,Kasese,10529.614022288868,0.827247341034288,19.0,0.0,1.0,0.1098988295973021,1.0000305189751728,3.999954221537241,0.1699,30.0781,0.200000000000001,30.100000000000016,0.004645704176638878,0.0018092353986676095,-0.0028528892682985227,290.49370824154187,1.0,0.00022179385251550865,295.225431515485,295.79632604486295,295.82231318128385,295.9171663393027,296.0323420825958,0.42119492518224155,0.4206947615985426,0.3985702513023579,0.38485592459354684,89413.3945,297.02205067053006,-0.4111701145246433,-0.014760684125156248,86.37497146835388,-4.6503294866083875,87.35239702120634,75.23186073047502
2035-07-01,Kasese,10529.614022288868,0.827247341034288,19.0,0.0,1.0,0.1098988295973021,1.0000305189751728,3.999954221537241,0.1699,30.0781,0.200000000000001,30.100000000000016,0.003869293718165147,0.0014772219964931258,-0.0027291102811169803,290.0759024484802,1.0,0.00019550588420632267,295.25336700914414,295.78910769526846,295.7971905392544,295.8468025483756,295.9506091133542,0.4096071573783108,0.4129285094798365,0.3966041470676083,0.3850060284450299,89413.3945,297.0462364636316,-0.4264755807331621,-0.005324744796396173,69.64973869201582,-4.6022097197464005,83.0582757646912,74.51967292512553
2035-08-01,Kasese,10529.614022288868,0.827247341034288,19.0,0.0,1.0,0.1098988295973021,1.0000305189751728,3.999954221537241,0.1699,30.0781,0.200000000000001,30.100000000000016,0.003417540795783004,0.001137766684351012,-0.002622074849639713,289.80473191423613,1.0,0.00017757423485846094,295.380543961015,295.889828090651,295.8831919204012,295.88768703933283,295.8997029645015,0.4011359809057889,0.40351092662777255,0.3907186254519368,0.38390922108049175,89413.3945,297.0490728652572,-0.4308325326316435,-0.01388509596271525,64.76742872354284,-4.824926208616104,73.86365299438073,74.96647617251007
2035-09-01,Kasese,10529.614022288868,0.827247341034288,19.0,0.0,1.0,0.1098988295973021,1.0000305189751728,3.999954221537241,0.1699,30.0781,0.200000000000001,30.100000000000016,0.003270052345762749,0.000934023020500077,-0.0026102291606826394,289.7908686953746,1.0,0.00017420800257445822,295.49204010372483,295.9994882717944,295.9800486501721,295.95088331871125,295.8862766322563,0.39867464509791833,0.3990117176698918,0.3864647265133639,0.3824997617937502,89413.3945,297.0394202524092,-0.4394528127201831,-0.03128291907440633,73.0439900970274,-5.001353856340024,69.54904470853636,76.42032863982594
2035-10-01,Kasese,10529.614022288868,0.827247341034288,19.0,0.0,1.0,0.1098988295973021,1.0000305189751728,3.999954221537241,0.1699,30.0781,0.200000000000001,30.100000000000016,0.0038006583041934015,0.0010640544155365802,-0.0026817132649833222,290.1093369661455,1.0,0.00019335215272017447,295.4223340351464,295.96084979708957,295.9591993609652,295.97180669556707,295.9011331940148,0.4086470196357492,0.4041606533005706,0.38588772522635967,0.38185079579864034,89413.3945,296.8876766001386,-0.4201577288562602,-0.05586492377421936,88.13276592351572,-5.013562191596406,75.75607069964775,77.40515847434001
2035-11-01,Kasese,10529.614022288868,0.827247341034288,19.0,0.0,1.0,0.1098988295973021,1.0000305189751728,3.999954221537241,0.1699,30.0781,0.200000000000001,30.100000000000016,0.004293939877715061,0.001358797594128676,-0.002763936020747553,290.33121173576245,1.0,0.00021272655498705563,295.2291161659751,295.79796396477894,295.8128127420763,295.87684090765555,295.8916230725031,0.4183671831776985,0.4134261181347361,0.38954373688430616,0.3828230085245361,89413.3945,296.73078691371626,-0.4185814581999205,-0.11106126514278743,95.45523260807151,-4.730476476374562,85.9064923089868,77.91812305801787
2035-12-01,Kasese,10529.614022288868,0.827247341034288,19.0,0.0,1.0,0.1098988295973021,1.0000305189751728,3.999954221537241,0.1699,30.0781,0.200000000000001,30.100000000000016,0.004466659071718757,0.0015786399969088124,-0.0028217665572221906,290.4077250626816,1.0,0.00021966197651632918,295.08635312247367,295.65611010304605,295.6717487168265,295.75156004973763,295.84105423969737,0.4233816555765739,0.4195607329663553,0.3932297726433657,0.38441165567702296,89413.3945,296.6786805025226,-0.40994644407482533,-0.18394283403148762,89.30079884053555,-4.885033053088617,91.25538465499834,78.19971995166985
2036-01-01,Kasese,10529.614022288868,0.827247341034288,19.0,0.0,1.0,0.1098988295973021,1.0000305189751728,3.999954221537241,0.1699,30.0781,0.200000000000001,30.100000000000016,0.004101100181236261,0.001521418605568128,-0.0027972238735484126,290.313279104233,1.0,0.00020474311812129848,295.22894087704435,295.7690363181901,295.7523465577771,295.7498120160131,295.7810818801225,0.4172017287201082,0.416524986572607,0.3933146186667437,0.38518202926721995,89413.3945,296.89140758382484,-0.38225395069662965,-0.24186569773741107,74.54345537509883,-4.774932138301571,86.79068261903042,78.88434898184914
2036-02-01,Kasese,10529.614022288868,0.827247341034288,19.0,0.0,1.0,0.1098988295973021,1.0000305189751728,3.999954221537241,0.1699,30.0781,0.200000000000001,30.100000000000016,0.003584407791230258,0.0012583814891774098,-0.0026858426568084925,290.1150820771494,1.0,0.00018077062782915964,295.6930643320734,296.1969169710389,296.1354294532155,295.99073407068676,295.7893986444985,0.4027563063495719,0.40405253200144003,0.3888426093710868,0.38437065556123184,89413.3945,297.2976162616989,-0.3533019910338566,-0.25581445064602054,62.77711255485273,-4.8245794807186195,76.15783051634362,78.53580476655698
2036-03-01,Kasese,10529.614022288868,0.827247341034288,19.0,0.0,1.0,0.1098988295973021,1.0000305189751728,3.999954221537241,0.1699,30.0781,0.200000000000001,30.100000000000016,0.0036823859782305385,0.00114501147712658,-0.0026356234030159645,290.1702880730145,1.0,0.00017731284195873643,295.9826568367682,296.49395959144425,296.43422775769136,296.26539060168557,295.89075259643164,0.39863649145929475,0.39738615140282496,0.3848441074055846,0.3832102953653756,89413.3945,297.50454380132834,-0.34192997918253387,-0.20900483873143086,66.82630769288185,-4.681236135670176,68.48651558461705,77.27617990034643
2036-04-01,Kasese,10529.614022288868,0.827247341034288,19.0,0.0,1.0,0.1098988295973021,1.0000305189751728,3.999954221537241,0.1699,30.0781,0.200000000000001,30.100000000000016,0.0043717483798301,0.0014342101766839218,-0.0027214470270230527,290.43535516156487,1.0,0.00020351149601910686,295.8293208511844,296.38078614505815,296.3599937020797,296.29703679936006,296.0131506048208,0.40858530086861017,0.4052120538953455,0.38671693035629123,0.38328748059534107,89413.3945,297.36675777657575,-0.37149490277866654,-0.1311689463793714,84.15737177450552,-4.669972961200888,71.43990834792204,76.45986452387129
2036-05-01,Kasese,10529.614022288868,0.827247341034288,19.0,0.0,1.0,0.1098988295973021,1.0000305189751728,3.999954221537241,0.1699,30.0781,0.200000000000001,30.100000000000016,0.004927683807999836,0.0018233644611238581,-0.002857861623107033,290.671869272224,1.0,0.00022573353521688295,295.4315065260427,296.0110172775587,296.0293103934818,296.09701420179186,296.05500111460105,0.4216741989051602,0.4186562089426053,0.3948954046552013,0.38465113524104333,89413.3945,297.10630552396316,-0.3982391098414188,-0.06402869045934052,93.27860057374163,-4.762529330136812,81.2580041567211,75.89111585269843
2036-06-01,Kasese,10529.614022288868,0.827247341034288,19.0,0.0,1.0,0.1098988295973021,1.0000305189751728,3.999954221537241,0.1699,30.0781,0.200000000000001,30.100000000000016,0.004557788675898324,0.0017952640328378067,-0.0028612750001951134,290.440289722645,1.0,0.0002177647572817559,295.1912853797215,295.75999205830436,295.7848459348427,295.8909991822946,296.0093511352484,0.4206539889651908,0.42221496135198877,0.4002513715055504,0.3857204444243189,89413.3945,296.9983701973464,-0.42976978930836324,-0.029394840665986483,84.54428182295149,-5.101454153225724,87.39384601695834,75.37262185031159
2036-07-01,Kasese,10529.614022288868,0.827247341034288,19.0,0.0,1.0,0.1098988295973021,1.0000305189751728,3.999954221537241,0.1699,30.0781,0.200000000000001,30.100000000000016,0.003789371138166401,0.0014430367005076438,-0.0027241235442256053,289.9872265084081,1.0,0.00019263821370908287,295.22921003621985,295.7631756309025,295.76953940861,295.82750118546977,295.92736651161346,0.4087206841412834,0.41266192642813354,0.3986133165305899,0.3855028479579135,89413.3945,297.0170532379171,-0.43311731750909077,-0.017518489554963143,67.4813128962507,-5.187541035465979,82.13655320023332,74.36210324251984
2036-08-01,Kasese,10529.614022288868,0.827247341034288,19.0,0.0,1.0,0.1098988295973021,1.0000305189751728,3.999954221537241,0.1699,30.0781,0.200000000000001,30.100000000000016,0.0032705576683247904,0.001037018730267524,-0.002609804609181311,289.7449636722274,1.0,0.0001756161553035756,295.3598120508772,295.8720811553042,295.8641397754621,295.87092593312684,295.875364195892,0.4001201425344599,0.40228368930540914,0.3917097621121674,0.38412793013794494,89413.3945,297.02582156123805,-0.4356777008478014,-0.013053039000423596,64.91707922058777,-4.957546356993561,72.83596065262105,74.84409326411576
2036-09-01,Kasese,10529.614022288868,0.827247341034288,19.0,0.0,1.0,0.1098988295973021,1.0000305189751728,3.999954221537241,0.1699,30.0781,0.200000000000001,30.100000000000016,0.0034013039173773304,0.0009666683900284613,-0.0026057413660963975,289.85590493765835,1.0,0.00018183259722778097,295.43315412891627,295.951279095639,295.93616954185865,295.9209220507503,295.8609850215434,0.40161496815228825,0.40021850533765163,0.38692095100817486,0.38302240106555246,89413.3945,296.95237886231575,-0.4171179578182236,-0.016077034274107543,74.90415418856159,-4.8206109610901455,69.44000279866874,76.16000139072499
2036-10-01,Kasese,10529.614022288868,0.827247341034288,19.0,0.0,1.0,0.1098988295973021,1.0000305189751728,3.999954221537241,0.1699,30.0781,0.200000000000001,30.100000000000016,0.0038242942294885196,0.0010989985267014937,-0.002683790343045242,290.1534491865636,1.0,0.00019495551481495997,295.41864645622445,295.9556275369905,295.9490133592291,295.94917595981246,295.8700101434278,0.4098984559031182,0.4055888178771376,0.3864482143346262,0.38286257633016113,89413.3945,296.8803813565603,-0.4134244516391787,-0.04490485826899626,89.54739373732411,-4.863404284990428,76.66273613984323,77.07781374193314
2036-11-01,Kasese,10529.614022288868,0.827247341034288,19.0,0.0,1.0,0.1098988295973021,1.0000305189751728,3.999954221537241,0.1699,30.0781,0.200000000000001,30.100000000000016,0.004331055383753638,0.0013936778508184464,-0.0027774386960570975,290.37915688859795,1.0,0.0002131658300651351,295.204171104193,295.77143163038727,295.7855099717533,295.8527445300927,295.86390213627794,0.42044474252269753,0.4157708931105226,0.38999024152371375,0.384056162965589,89413.3945,296.7118265157512,-0.41268393028811273,-0.10799478911680566,93.82076538128585,-5.172234295633078,86.4462808187047,77.23511732311306
2036-12-01,Kasese,10529.614022288868,0.827247341034288,19.0,0.0,1.0,0.1098988295973021,1.0000305189751728,3.999954221537241,0.1699,30.0781,0.200000000000001,30.100000000000016,0.004375290677886668,0.0015512133947807845,-0.00282190092562858,290.42376759752887,1.0,0.0002160958041907923,295.09046540039503,295.65278595835497,295.66651658379624,295.73647715762496,295.8158098251659,0.4225009647127295,0.41954129269051615,0.3936088019590546,0.3853584315352598,89413.3945,296.6809082193645,-0.41930772041290093,-0.20119757505628297,89.4199364521719,-5.017465299240288,91.31463318365483,78.16192530492192
2037-01-01,Kasese,10529.614022288868,0.827247341034288,19.0,0.0,1.0,0.1098988295973021,1.0000305189751728,3.999954221537241,0.1699,30.0781,0.200000000000001,30.100000000000016,0.004055905906902525,0.0014847768329251578,-0.0027921474381113233,290.2613671333808,1.0,0.00020378307993223363,295.2097968728353,295.75322149475875,295.73941365658334,295.74238556782547,295.7641616367452,0.4159137111510989,0.415573187874476,0.3944805379956103,0.3856549726936322,89413.3945,296.85389826909926,-0.3920645682460204,-0.2549288247568375,73.6910085707159,-5.089332087249785,85.97922228179972,79.15940156224126
2037-02-01,Kasese,10529.614022288868,0.827247341034288,19.0,0.0,1.0,0.1098988295973021,1.0000305189751728,3.999954221537241,0.1699,30.0781,0.200000000000001,30.100000000000016,0.003542306038906822,0.001242397388716913,-0.0026878032406618484,290.04943229426596,1.0,0.00018082549895873082,295.63900292358693,296.14343686916214,296.0874666772629,295.9564545284686,295.7693733163181,0.4030186084638176,0.4052346981222866,0.3912225564628211,0.38470972216444016,89413.3945,297.23457684920663,-0.35474205981736623,-0.2601094586741535,62.35439803681421,-5.037556915904207,75.3526037275206,78.6690131600849
2037-03-01,Kasese,10529.614022288868,0.827247341034288,19.0,0.0,1.0,0.1098988295973021,1.0000305189751728,3.999954221537241,0.1699,30.0781,0.200000000000001,30.100000000000016,0.003752431681735644,0.0011959292537928698,-0.002648389231334342,290.12009810390214,1.0,0.00018000057757899433,295.8905924041594,296.40630163115844,296.354209997798,296.21096198205174,295.87003897499716,0.4011597086769858,0.4012069347596428,0.3877938382178118,0.3836427671949631,89413.3945,297.4205470808608,-0.3350297375010311,-0.2004740646497475,65.21476881513402,-5.1243358475882985,67.57622846100129,76.95796155556579
2037-04-01,Kasese,10529.614022288868,0.827247341034288,19.0,0.0,1.0,0.1098988295973021,1.0000305189751728,3.999954221537241,0.1699,30.0781,0.200000000000001,30.100000000000016,0.004388496636308625,0.0014694491829955355,-0.00273381654878312,290.4155267497045,1.0,0.00020311453214224133,295.7544302684596,296.30325230124186,296.2878931136411,296.2373763102739,295.9855085801831,0.41086685270438233,0.4089091184730515,0.3895875130386641,0.38395336882039494,89413.3945,297.3054292051242,-0.3628524670521663,-0.1307369872891663,83.06852572067531,-5.0661686753497905,70.7957950288,75.9202648232186
2037-05-01,Kasese,10529.614022288868,0.827247341034288,19.0,0.0,1.0,0.1098988295973021,1.0000305189751728,3.999954221537241,0.1699,30.0781,0.200000000000001,30.100000000000016,0.004879834121542926,0.0017960659683579992,-0.0028584523727093985,290.6492426853717,1.0,0.00022501959393781543,295.39825175009173,295.98006876670155,296.00135523950127,296.07058684709074,296.0317212101752,0.4219810105892376,0.41949325115588226,0.396114830149129,0.3852473354794355,89413.3945,297.07459146718304,-0.39726089571554263,-0.06334902279485745,92.7018035208544,-5.068169401045927,80.83191563842473,75.65463250437834
2037-06-01,Kasese,10529.614022288868,0.827247341034288,19.0,0.0,1.0,0.1098988295973021,1.0000305189751728,3.999954221537241,0.1699,30.0781,0.200000000000001,30.100000000000016,0.004575008920496633,0.0017930768617149234,-0.0028565112030813408,290.46183808221735,1.0,0.0002194592430702524,295.1708706115419,295.7420550106461,295.76736599273426,295.8713738851448,295.9855941416219,0.42133818941011075,0.4226610033272991,0.40083986446751196,0.38638637327468567,89413.3945,296.9675996850523,-0.4216740487384208,-0.02359050144833073,85.03916553036886,-5.235668313200301,87.24149628424341,75.03957066107809
2037-07-01,Kasese,10529.614022288868,0.827247341034288,19.0,0.0,1.0,0.1098988295973021,1.0000305189751728,3.999954221537241,0.1699,30.0781,0.200000000000001,30.100000000000016,0.0038051113489511786,0.0014452199225075321,-0.002724337408188147,290.02038233437094,1.0,0.00019390417162635785,295.2069520300624,295.7402781882299,295.74792843279755,295.80489894530507,295.903658471514,0.4095736727752228,0.41363295928229915,0.3990970196673466,0.3862561715771832,89413.3945,296.9883658438005,-0.4285253885688731,-0.012863732960611279,68.07645877848925,-5.213441853486694,82.2724270285719,74.13153226070537
2037-08-01,Kasese,10529.614022288868,0.827247341034288,19.0,0.0,1.0,0.1098988295973021,1.0000305189751728,3.999954221537241,0.1699,30.0781,0.200000000000001,30.100000000000016,0.0033133368089629262,0.0010577474317214049,-0.0026116615883677494,289.767877261311,1.0,0.00017660841633744922,295.33759067206034,295.8466886135091,295.83907654500916,295.84790997800616,295.85104967510415,0.4010624984152115,0.40360986158271,0.39254483115570843,0.38497124111465375,89413.3945,296.9953647204056,-0.43211912498738553,-0.012420551318235882,64.74253467231684,-5.1565376808337335,73.07450527600169,74.606976547456
2037-09-01,Kasese,10529.614022288868,0.827247341034288,19.0,0.0,1.0,0.1098988295973021,1.0000305189751728,3.999954221537241,0.1699,30.0781,0.200000000000001,30.100000000000016,0.003347838138406889,0.0009443739220634825,-0.002606107750810284,289.8365548153099,1.0,0.00017951198749453757,295.4243180856225,295.93591291270144,295.9215842533945,295.90180325669445,295.83642046445556,0.4011933299207849,0.400662134142987,0.38790293686077115,0.383733741051233,89413.3945,296.9426273021714,-0.4224983798215762,-0.020037965667652362,74.24330632823435,-5.054288701189317,69.4024401845519,75.9413038136521
2037-10-01,Kasese,10529.614022288868,0.827247341034288,19.0,0.0,1.0,0.1098988295973021,1.0000305189751728,3.999954221537241,0.1699,30.0781,0.200000000000001,30.100000000000016,0.003805080462736281,0.0010768070131165423,-0.002681957719363918,290.14194479375254,1.0,0.0001944707954372381,295.3911313721556,295.9268812393796,295.9215740276423,295.92798391480596,295.84573066657305,0.4100004928272712,0.4060546199483564,0.387450069421041,0.3833840225364498,89413.3945,296.8438473175221,-0.4140564935663016,-0.047597961923238,89.00185040024091,-5.090511649370987,76.33501952130631,76.86098377178428
2037-11-01,Kasese,10529.614022288868,0.827247341034288,19.0,0.0,1.0,0.1098988295973021,1.0000305189751728,3.999954221537241,0.1699,30.0781,0.200000000000001,30.100000000000016,0.004304468838718095,0.0013726047345044188,-0.0027719935627745803,290.36648085817563,1.0,0.00021297370004313398,295.1831364398391,295.748025794204,295.7639277247252,295.8329012561635,295.83909957551896,0.42032526554493344,0.41588156827916695,0.3909600913125062,0.384504850862671,89413.3945,296.6799878515315,-0.41311524596181676,-0.10854895590527279,94.38849009006488,-5.174816553897827,86.17226548396916,77.14631390470332
2037-12-01,Kasese,10529.614022288868,0.827247341034288,19.0,0.0,1.0,0.1098988295973021,1.0000305189751728,3.999954221537241,0.1699,30.0781,0.200000000000001,30.100000000000016,0.004391547537381838,0.0015500363718813418,-0.002820452579761151,290.4214274309375,1.0,0.0002172728797944692,295.05809783490946,295.623542069025,295.63806702075624,295.7140541486733,295.7904953182737,0.42337578004967574,0.4204422549077315,0.3946592467807541,0.38598808319346717,89413.3945,296.64178781964836,-0.4143582518312983,-0.1951225193220479,89.37538161385186,-5.115730090909864,91.19596102546434,77.92194723102604
2038-01-01,Kasese,10529.614022288868,0.827247341034288,19.0,0.0,1.0,0.1098988295973021,1.0000305189751728,3.999954221537241,0.1699,30.0781,0.200000000000001,30.100000000000016,0.0040543703320205715,0.0014902587655171128,-0.002791867248852581,290.2823749091745,1.0,0.00020425904310773031,295.1864854980059,295.7270227717449,295.7133783344544,295.71604408863186,295.73734656994316,0.4169250508153845,0.41676577000050524,0.3952201748385737,0.38647584548716196,89413.3945,296.82879752170305,-0.38667268694816687,-0.2500740476877888,73.9724318440857,-5.168329213703545,86.10639115412732,78.81651100201567
2038-02-01,Kasese,10529.614022288868,0.827247341034288,19.0,0.0,1.0,0.1098988295973021,1.0000305189751728,3.999954221537241,0.1699,30.0781,0.200000000000001,30.100000000000016,0.0035365982080454994,0.0012397109941077685,-0.0026853316197029326,290.0725974724339,1.0,0.00018109263185315267,295.62700799884874,296.13053339538396,296.0734136719489,295.9377794481655,295.74360461235193,0.40349228316735414,0.4056335580926868,0.3916184755654528,0.38558958752091915,89413.3945,297.21842751284856,-0.3518816624220517,-0.2578833246262981,62.43844380109181,-5.1905669028152674,75.49818156812364,78.37185602198383
2038-03-01,Kasese,10529.614022288868,0.827247341034288,19.0,0.0,1.0,0.1098988295973021,1.0000305189751728,3.999954221537241,0.1699,30.0781,0.200000000000001,30.100000000000016,0.003739015683591893,0.0011935075452107567,-0.0026478488651159216,290.13143508080196,1.0,0.00017998933220426914,295.863623896689,296.3765041471806,296.3263733919618,296.1847147424298,295.8463325265146,0.40155939701896765,0.4020088501777524,0.3885415797384271,0.3843798293314145,89413.3945,297.387274540043,-0.3361301874808984,-0.20555910716547024,65.22188382381968,-5.291607782101667,67.61502676120018,76.8577038146408
2038-04-01,Kasese,10529.614022288868,0.827247341034288,19.0,0.0,1.0,0.1098988295973021,1.0000305189751728,3.999954221537241,0.1699,30.0781,0.200000000000001,30.100000000000016,0.0043592602234465505,0.0014555857428023367,-0.002729081696330004,290.3855987792041,1.0,0.00020224635102654851,295.7383610714841,296.2888548818691,296.2717921972456,296.2194799843501,295.962345489035,0.410474028290541,0.4087865893499778,0.39078444284757774,0.3846028325855293,89413.3945,297.2833491277751,-0.36526544515322756,-0.1354439146733927,82.45250160444418,-5.335837613674077,70.57767420888835,75.82501862190396
2038-05-01,Kasese,10529.614022288868,0.827247341034288,19.0,0.0,1.0,0.1098988295973021,1.0000305189751728,3.999954221537241,0.1699,30.0781,0.200000000000001,30.100000000000016,0.0048367836222071164,0.001766135447063568,-0.0028577033736217152,290.6261165815677,1.0,0.00022442593285676608,295.36568214736184,295.9495202043986,295.9688778608963,296.0453650501548,296.0072846109784,0.4224097851056392,0.4200764899558322,0.3973134310186981,0.3858024532098652,89413.3945,297.04208197604714,-0.3967723770349106,-0.06286848760109384,92.00456062764248,-5.36321705320082,80.48942680545841,75.40707895926757
2038-06-01,Kasese,10529.614022288868,0.827247341034288,19.0,0.0,1.0,0.1098988295973021,1.0000305189751728,3.999954221537241,0.1699,30.0781,0.200000000000001,30.100000000000016,0.004590673161450964,0.0017860725989845266,-0.002851918126743758,290.48216735466076,1.0,0.00022105954158127384,295.1499690385909,295.72266857008344,295.74519374917287,295.85127384477533,295.9594716382687,0.42223532501412336,0.4228282186905216,0.401432674883661,0.3870378291587253,89413.3945,296.93856791058397,-0.4135178332355714,-0.01771471006880795,85.61398430123528,-5.230096494213964,87.18213447573312,74.74954865274833
2038-07-01,Kasese,10529.614022288868,0.827247341034288,19.0,0.0,1.0,0.1098988295973021,1.0000305189751728,3.999954221537241,0.1699,30.0781,0.200000000000001,30.100000000000016,0.0038161488477311497,0.0014478911479958842,-0.0027239841452075283,290.04983226835856,1.0,0.00019511173833758975,295.1822983343754,295.7191219475092,295.7230895314172,295.7830104449378,295.8773245582658,0.41057339130998255,0.4144768348006535,0.3995937122026178,0.38700346916679873,89413.3945,296.96046422250384,-0.4248582780652355,-0.007371289827112761,68.74099845206426,-5.174197824160516,82.5060778912483,73.92193509808239
2038-08-01,Kasese,10529.614022288868,0.827247341034288,19.0,0.0,1.0,0.1098988295973021,1.0000305189751728,3.999954221537241,0.1699,30.0781,0.200000000000001,30.100000000000016,0.0033455186254831228,0.0010834865023798398,-0.0026141226497430714,289.79060402336194,1.0,0.00017756067788594941,295.31010594394934,295.8211305419888,295.81414082948305,295.82482645756966,295.8258789175546,0.40202279046308426,0.4047348285341086,0.39336985543294234,0.385873719473732,89413.3945,296.96364418975514,-0.4288829875557803,-0.011620627257301973,64.66700978196067,-5.245780701740663,73.29732466284746,74.3863330833177
2038-09-01,Kasese,10529.614022288868,0.827247341034288,19.0,0.0,1.0,0.1098988295973021,1.0000305189751728,3.999954221537241,0.1699,30.0781,0.200000000000001,30.100000000000016,0.003291033125204608,0.000925414261770724,-0.0026056871089471926,289.81862687785133,1.0,0.0001771877563508965,295.4105119495909,295.92096633259393,295.9057752683612,295.8837231632295,295.81311570481085,0.4008182249901881,0.40092848644008733,0.388932253445983,0.3845832364146571,89413.3945,296.93466041386654,-0.42829546043391825,-0.024048669259542382,73.4110507377111,-5.363604429957146,69.28196843209427,75.78397434166097
2038-10-01,Kasese,10529.614022288868,0.827247341034288,19.0,0.0,1.0,0.1098988295973021,1.0000305189751728,3.999954221537241,0.1699,30.0781,0.200000000000001,30.100000000000016,0.003782512494396116,0.0010540474975195512,-0.002679017578034918,290.13065243390923,1.0,0.00019421467670696787,295.3585193244673,295.8963687872262,295.895337780966,295.9071979491361,295.82573369834745,0.41018263346546197,0.40627772221581643,0.3883723106598264,0.38412151043152915,89413.3945,296.8097314686465,-0.41456073781571073,-0.04984364522944562,88.34168669424868,-5.371255192242921,75.89077215015664,76.75453923819404
2038-11-01,Kasese,10529.614022288868,0.827247341034288,19.0,0.0,1.0,0.1098988295973021,1.0000305189751728,3.999954221537241,0.1699,30.0781,0.200000000000001,30.100000000000016,0.0042813271600738,0.0013477807295719437,-0.002765814414513816,290.3513144312521,1.0,0.00021302155416229651,295.1591570360925,295.7262992208435,295.74322689451105,295.81072086054354,295.81757916492853,0.4201210194721061,0.41586174977074347,0.391984941303418,0.38515491111274613,89413.3945,296.64868521961563,-0.4132421891976364,-0.10769265913002977,94.71467745567361,-5.289232121268719,85.89225746477219,77.17036760224957
2038-12-01,Kasese,10529.614022288868,0.827247341034288,19.0,0.0,1.0,0.1098988295973021,1.0000305189751728,3.999954221537241,0.1699,30.0781,0.200000000000001,30.100000000000016,0.004410903670744281,0.001547596746470446,-0.0028197955753875106,290.41685876111865,1.0,0.00021878726230542523,295.0258068995629,295.59284064229104,295.60864899976883,295.687076203749,295.7670754537031,0.4241628997963942,0.4212502700186265,0.3957158114933926,0.38667338285241604,89413.3945,296.60181090404467,-0.40984907349988187,-0.18725513368426583,89.26400031001022,-5.294641989595473,91.10478714559527,77.66974968092347
2039-01-01,Kasese,10529.614022288868,0.827247341034288,19.0,0.0,1.0,0.1098988295973021,1.0000305189751728,3.999954221537241,0.1699,30.0781,0.200000000000001,30.100000000000016,0.004060718261591574,0.001490964468844392,-0.0027943212243668244,290.30250936564795,1.0,0.0002048967753430498,295.1635994415357,295.6998724002273,295.6870276521693,295.6878689023858,295.7120765010702,0.4177938026924976,0.4178613687745898,0.396086138585456,0.3872244739400097,89413.3945,296.8016865843134,-0.38199768097350145,-0.2435313406434929,74.25871873901782,-5.3180251153608005,86.34307852720565,78.44775692139804
2039-02-01,Kasese,10529.614022288868,0.827247341034288,19.0,0.0,1.0,0.1098988295973021,1.0000305189751728,3.999954221537241,0.1699,30.0781,0.200000000000001,30.100000000000016,0.0035427131990497323,0.0012351518501602834,-0.0026839947009776734,290.1000860435558,1.0,0.0001812709401094939,295.61568538563654,296.11444586564454,296.05715539125276,295.9211739961129,295.71899658261424,0.4039725791881132,0.4060475867685247,0.39200518824385183,0.38633089284755284,89413.3945,297.20134454521263,-0.3500631923169662,-0.2549182213277468,62.63778010201162,-5.315900316194561,75.73785239886945,78.0100359405153
2039-03-01,Kasese,10529.614022288868,0.827247341034288,19.0,0.0,1.0,0.1098988295973021,1.0000305189751728,3.999954221537241,0.1699,30.0781,0.200000000000001,30.100000000000016,0.003728533239721693,0.0011892190479464001,-0.002647993292802404,290.14385874978285,1.0,0.0001795787325092823,295.83380651925313,296.34793369421413,296.29748413186525,296.1622455290241,295.82272907395503,0.4020568324098391,0.4029188984093477,0.38933557281678216,0.3850849446331451,89413.3945,297.3527965699441,-0.33707111044665167,-0.21022724701651882,65.37015965104668,-5.4344488804377535,67.6195434660069,76.77023203023266
2039-04-01,Kasese,10529.614022288868,0.827247341034288,19.0,0.0,1.0,0.1098988295973021,1.0000305189751728,3.999954221537241,0.1699,30.0781,0.200000000000001,30.100000000000016,0.004327682225777574,0.001439873763426653,-0.0027246509610789724,290.3556413619454,1.0,0.00020122340422431116,295.7218995107415,296.2734647211341,296.25412791268235,296.20373913031364,295.93782711511744,0.41020473072653435,0.4090089441691147,0.39192531660589053,0.3851646425022202,89413.3945,297.25932401366157,-0.3674535855310057,-0.1398341075658431,81.97844623572767,-5.47449857653137,70.24401290441931,75.71640515978591
2039-05-01,Kasese,10529.614022288868,0.827247341034288,19.0,0.0,1.0,0.1098988295973021,1.0000305189751728,3.999954221537241,0.1699,30.0781,0.200000000000001,30.100000000000016,0.004785111077183981,0.0017377109033252045,-0.0028581187034557917,290.60184599139717,1.0,0.00022385243645963915,295.3299044583095,295.91629363110746,295.93749117211826,296.01932474856454,295.9828932346954,0.4228103026367482,0.42088068174033505,0.3984812748451887,0.38632364653659684,89413.3945,297.0067611009539,-0.3961888800979086,-0.06239428162278376,91.34568130257576,-5.529151947971431,79.91379666552727,75.1782783938314
2039-06-01,Kasese,10529.614022288868,0.827247341034288,19.0,0.0,1.0,0.1098988295973021,1.0000305189751728,3.999954221537241,0.1699,30.0781,0.200000000000001,30.100000000000016,0.004601357089306978,0.0017839227257508284,-0.002848605326212092,290.50136298035204,1.0,0.0002227082465527844,295.13012837933087,295.7013922667843,295.72471750127585,295.83095049192207,295.9342369045599,0.4229613098492184,0.4231706944658176,0.4019706411489181,0.38764200784204883,89413.3945,296.90619867573594,-0.4058415581761998,-0.01205786576900529,86.10261041290558,-5.239142092560493,86.92227992690152,74.42793269856897
2039-07-01,Kasese,10529.614022288868,0.827247341034288,19.0,0.0,1.0,0.1098988295973021,1.0000305189751728,3.999954221537241,0.1699,30.0781,0.200000000000001,30.100000000000016,0.0038271784668528572,0.001453198772172657,-0.0027248264068936968,290.0805296956143,1.0,0.00019629088433341987,295.16253680111066,295.6963817531785,295.69950233360976,295.75987111198043,295.8533249229167,0.4113416121385851,0.41530027627805466,0.4000420839659993,0.3877589621146745,89413.3945,296.9321854252696,-0.42122085939798365,-0.0023545721297220817,69.3330762795385,-5.308548005089597,82.60497981733641,73.66991992456356
2039-08-01,Kasese,10529.614022288868,0.827247341034288,19.0,0.0,1.0,0.1098988295973021,1.0000305189751728,3.999954221537241,0.1699,30.0781,0.200000000000001,30.100000000000016,0.0033757349574942176,0.0011127817777467342,-0.0026161662957925064,289.8096054977062,1.0,0.000178449433928054,295.28979994656237,295.798290892023,295.7874343491251,295.8021358123828,295.8029343562793,0.40292606157059363,0.4059804834061307,0.3942112231022607,0.3866964157574217,89413.3945,296.93460635053503,-0.4256454260188522,-0.011409983969478189,64.37946770200698,-5.499852514123579,73.50465748937272,74.11257702462602
2039-09-01,Kasese,10529.614022288868,0.827247341034288,19.0,0.0,1.0,0.1098988295973021,1.0000305189751728,3.999954221537241,0.1699,30.0781,0.200000000000001,30.100000000000016,0.0032258797333204058,0.0009069821658999729,-0.0026050499449537657,289.79614297654246,1.0,0.00017506334947751023,295.40259498670633,295.90841474467715,295.8893236208973,295.8661321395762,295.78904737189663,0.400403134935357,0.40140022749460186,0.39003020469983035,0.3852471528311823,89413.3945,296.92629774896153,-0.4340298267137148,-0.02857053165118331,72.65914147889454,-5.6787953015894965,69.18834594906163,75.55167505711643
2039-10-01,Kasese,10529.614022288868,0.827247341034288,19.0,0.0,1.0,0.1098988295973021,1.0000305189751728,3.999954221537241,0.1699,30.0781,0.200000000000001,30.100000000000016,0.0037538220711232882,0.0010368200805567177,-0.0026763268519361355,290.116075789179,1.0,0.00019417834864001338,295.3303253790447,295.8684412345134,295.8678417638195,295.88728868087463,295.8021595708082,0.4104294422594383,0.4065871256059321,0.38940495057947305,0.3847093140591216,89413.3945,296.77258217949657,-0.41457182401941733,-0.05308034336918493,87.64244988653495,-5.584465355803675,75.46840166323379,76.53496949327749
2039-11-01,Kasese,10529.614022288868,0.827247341034288,19.0,0.0,1.0,0.1098988295973021,1.0000305189751728,3.999954221537241,0.1699,30.0781,0.200000000000001,30.100000000000016,0.004250092253876184,0.001326156165519438,-0.002760210186158561,290.3398516498541,1.0,0.00021338478067271934,295.13840739975035,295.7055663882742,295.72130514495103,295.79224075192906,295.79162888051724,0.4201672698173975,0.41590411825753887,0.39303572135051273,0.3856529928967564,89413.3945,296.61558487045204,-0.4127521863975074,-0.10799241528479862,95.13904979343386,-5.308064061279683,85.579554948943,77.06620165350351
2039-12-01,Kasese,10529.614022288868,0.827247341034288,19.0,0.0,1.0,0.1098988295973021,1.0000305189751728,3.999954221537241,0.1699,30.0781,0.200000000000001,30.100000000000016,0.004420615803969705,0.0015466671262805447,-0.0028183616163335395,290.4190859770889,1.0,0.0002203963375274732,294.9927036782332,295.56349273903635,295.57731509514446,295.6655999065369,295.74158092790907,0.4252607186401021,0.4221194494611155,0.3966247996963581,0.3872895416528026,89413.3945,296.56237464242355,-0.40396148960713635,-0.1806348852722963,89.0259143803889,-5.478159208576495,90.96468640223384,77.35245093937749
2040-01-01,Kasese,10529.614022288868,0.827247341034288,19.0,0.0,1.0,0.1098988295973021,1.0000305189751728,3.999954221537241,0.1699,30.0781,0.200000000000001,30.100000000000016,0.00405123627160661,0.0014924588970743778,-0.002794561848999821,290.32735277073414,1.0,0.0002053560100974798,295.137101165973,295.6761776554428,295.65957079701315,295.6627999301661,295.6832314991521,0.41908228523426566,0.41903572981826037,0.3967386183087816,0.38795014793535504,89413.3945,296.7765246047672,-0.3761143116198317,-0.23852844178464117,74.44570623146285,-5.463884154730075,86.44904078295998,78.04837933316843
2040-02-01,Kasese,10529.614022288868,0.827247341034288,19.0,0.0,1.0,0.1098988295973021,1.0000305189751728,3.999954221537241,0.1699,30.0781,0.200000000000001,30.100000000000016,0.0035318963831236926,0.001230905489384767,-0.002682374241143318,290.12546756833507,1.0,0.00018130105082365155,295.60055919960445,296.1030199706502,296.0416134372129,295.90315283386377,295.69144555906576,0.4045458140446893,0.40659245520891857,0.39226946481448177,0.38718208897220086,89413.3945,297.18253809550333,-0.3470519700783489,-0.2531608807837228,62.6487627548756,-5.555266693135304,75.82795950753692,77.68168723268852
2040-03-01,Kasese,10529.614022288868,0.827247341034288,19.0,0.0,1.0,0.1098988295973021,1.0000305189751728,3.999954221537241,0.1699,30.0781,0.200000000000001,30.100000000000016,0.0036334767209419802,0.0011161190869942085,-0.002631151178279201,290.17898971320943,1.0,0.00017782204166998854,295.8904137830249,296.39983948809595,296.34159044180046,296.1775228373201,295.79275386333546,0.40039313557423384,0.39993921125597387,0.38829127653459733,0.3860370960755206,89413.3945,297.3901118758706,-0.3357747083162259,-0.20647794585110715,66.72656711051565,-5.403533602874753,68.13945194155013,76.43319287778446
2040-04-01,Kasese,10529.614022288868,0.827247341034288,19.0,0.0,1.0,0.1098988295973021,1.0000305189751728,3.999954221537241,0.1699,30.0781,0.200000000000001,30.100000000000016,0.004333832736773458,0.0014028489655123278,-0.0027162720297378116,290.44099541566464,1.0,0.00020407441716866162,295.73543735654056,296.2885107330872,296.2679891462255,296.2103477677905,295.9133880571092,0.4102704363015787,0.40780136199229383,0.3901099786008326,0.3861372067231532,89413.3945,297.252403406444,-0.3655264773704114,-0.1282114418620711,84.08656170470599,-5.416193663693288,71.1164391111304,75.62401308048548
2040-05-01,Kasese,10529.614022288868,0.827247341034288,19.0,0.0,1.0,0.1098988295973021,1.0000305189751728,3.999954221537241,0.1699,30.0781,0.200000000000001,30.100000000000016,0.004895265890085714,0.001795880089666131,-0.0028535591694438755,290.68148062241124,1.0,0.0002262234899731755,295.33529453015433,295.9204121355064,295.9379146862562,296.00820214393616,295.95496404887075,0.42335650495218696,0.42127964916868127,0.39826918492478286,0.387486814800943,89413.3945,296.9927032991684,-0.39191184847520977,-0.06041793915805361,93.12129068387789,-5.501225917169382,80.90946889841386,75.03853203573466
2040-06-01,Kasese,10529.614022288868,0.827247341034288,19.0,0.0,1.0,0.1098988295973021,1.0000305189751728,3.999954221537241,0.1699,30.0781,0.200000000000001,30.100000000000016,0.004525963673100188,0.001767653196396939,-0.002858140705126098,290.4514585102709,1.0,0.00021817262709656382,295.0951912538701,295.6696247686205,295.69264516166606,295.80251973110154,295.9097718718812,0.42231260887462474,0.42488654554601357,0.40365236034363644,0.38855406659555486,89413.3945,296.8846307387574,-0.42378581136267995,-0.025470408138361728,84.2507842320494,-5.761547719718191,87.03299906902072,74.52334479917772
2040-07-01,Kasese,10529.614022288868,0.827247341034288,19.0,0.0,1.0,0.1098988295973021,1.0000305189751728,3.999954221537241,0.1699,30.0781,0.200000000000001,30.100000000000016,0.0037523614194273336,0.0014134013183313542,-0.00272221943021384,289.99843501866667,1.0,0.00019304229510430163,295.1332644610508,295.6717575838636,295.6764588566688,295.73883319113025,295.83005141458244,0.4104418394977081,0.4151949186192119,0.40206357205291804,0.3883206053970196,89413.3945,296.90403644412754,-0.42716361635321287,-0.014044453201854178,67.08260233252433,-5.744314261815229,81.76401583775585,73.49541457215719
2040-08-01,Kasese,10529.614022288868,0.827247341034288,19.0,0.0,1.0,0.1098988295973021,1.0000305189751728,3.999954221537241,0.1699,30.0781,0.200000000000001,30.100000000000016,0.003233421440037108,0.0010073271747310815,-0.002606815554023379,289.75393425715714,1.0,0.0001761745941654768,295.26399870748133,295.78124990423936,295.77235207982335,295.7834484746313,295.7789138988994,0.40194112743294425,0.4047318495297662,0.3951422058016892,0.3869879696620009,89413.3945,296.91091947978157,-0.4301561538193806,-0.009336953343127457,64.53661267680049,-5.512077259243305,72.48582841420237,73.99642557654364
2040-09-01,Kasese,10529.614022288868,0.827247341034288,19.0,0.0,1.0,0.1098988295973021,1.0000305189751728,3.999954221537241,0.1699,30.0781,0.200000000000001,30.100000000000016,0.003364469638426354,0.0009399751719095364,-0.0026009743466658382,289.86639908709515,1.0,0.0001824341427998673,295.33902891505016,295.8589135899536,295.8436983545122,295.83218235576754,295.76370048675153,0.4034222128954578,0.4026085947792542,0.3903810861097385,0.3858499248971559,89413.3945,296.83743278335436,-0.4115293512120475,-0.012512536060420318,74.59938860852786,-5.351897414733468,69.19515878600372,75.28242744302575
2040-10-01,Kasese,10529.614022288868,0.827247341034288,19.0,0.0,1.0,0.1098988295973021,1.0000305189751728,3.999954221537241,0.1699,30.0781,0.200000000000001,30.100000000000016,0.0037906545561519514,0.0010725345159048447,-0.0026764697667243827,290.16270848903645,1.0,0.00019566725037846477,295.32403546649783,295.861994549321,295.8561905358905,295.8598756883368,295.77070497781943,0.41158418761067567,0.4081442819339815,0.38994223581614756,0.3856856299162059,89413.3945,296.76520197284054,-0.4079701815733417,-0.041213911883546395,89.21146064770414,-5.449266678664124,76.40232649581827,76.2294343205436
2040-11-01,Kasese,10529.614022288868,0.827247341034288,19.0,0.0,1.0,0.1098988295973021,1.0000305189751728,3.999954221537241,0.1699,30.0781,0.200000000000001,30.100000000000016,0.0042951133192446955,0.001363972417308572,-0.002769836278536414,290.3892444955115,1.0,0.00021389607895095278,295.1099828066405,295.6761424401235,295.6919028000343,295.7649489203538,295.7639493533604,0.4220825464476263,0.4183110785376995,0.39344504278408704,0.3868399485219484,89413.3945,296.59705121165524,-0.4071478139743679,-0.1045452270175225,93.4978009560465,-5.75908546808346,86.18513061579385,76.38584498767024
2040-12-01,Kasese,10529.614022288868,0.827247341034288,19.0,0.0,1.0,0.1098988295973021,1.0000305189751728,3.999954221537241,0.1699,30.0781,0.200000000000001,30.100000000000016,0.004338232919383217,0.0015204347268954423,-0.0028159603088046803,290.4299333597489,1.0,0.0002168563209527299,294.994935810398,295.560680978799,295.5760798342718,295.650498304515,295.71662982253406,0.4241322650312169,0.42201715911189736,0.39701364334587846,0.38816744032796024,89413.3945,296.5655963758793,-0.4135288290069352,-0.1978093217021597,89.0540028648226,-5.654311103112349,91.06940857236886,77.3713599766396
2041-01-01,Kasese,10529.614022288868,0.827247341034288,19.0,0.0,1.0,0.1098988295973021,1.0000305189751728,3.999954221537241,0.1699,30.0781,0.200000000000001,30.100000000000016,0.004010023205881658,0.001459133283768757,-0.0027873450383148293,290.2695900396273,1.0,0.0002044633738882229,295.11616915161216,295.6590977201954,295.6490771596305,295.65506001326236,295.6655850225002,0.4176351865016397,0.4180231530104847,0.3978550617408692,0.38849990107243126,89413.3945,296.7395574921468,-0.38660603569145496,-0.2520566226916285,73.448638032358,-5.7777808726155415,85.77575647974824,78.36808528849707
2041-02-01,Kasese,10529.614022288868,0.827247341034288,19.0,0.0,1.0,0.1098988295973021,1.0000305189751728,3.999954221537241,0.1699,30.0781,0.200000000000001,30.100000000000016,0.0034927866682059323,0.0012176760815416265,-0.002683062720068997,290.05771567298666,1.0,0.00018137128454846278,295.5476140214484,296.0487877804112,295.99578554985726,295.8689749573209,295.6721796193574,0.40481143756141297,0.4075855653720142,0.39460599096324983,0.38755496726233307,89413.3945,297.1221870892073,-0.3493281925856692,-0.25742219982070325,62.06481824690942,-5.737944424026364,75.13450080549754,77.84465363086757
2041-03-01,Kasese,10529.614022288868,0.827247341034288,19.0,0.0,1.0,0.1098988295973021,1.0000305189751728,3.999954221537241,0.1699,30.0781,0.200000000000001,30.100000000000016,0.0036993473786234334,0.001173049235440403,-0.0026425420899033932,290.13062035863476,1.0,0.00018048077467152575,295.7991671958155,296.3101756368258,296.2612830355567,296.12356737477245,295.77241483570134,0.4030000398722895,0.40353680266438535,0.3911920324933582,0.38648021762936363,89413.3945,297.30738889628964,-0.3299597650434168,-0.19811589853199904,64.96528846568157,-5.851558683562685,67.23114809998884,76.0694910821377
2041-04-01,Kasese,10529.614022288868,0.827247341034288,19.0,0.0,1.0,0.1098988295973021,1.0000305189751728,3.999954221537241,0.1699,30.0781,0.200000000000001,30.100000000000016,0.004340336387418046,0.0014424527567284955,-0.0027280696158789117,290.424360649369,1.0,0.00020369488430876186,295.66092338313734,296.21190050634186,296.19249007148284,296.151178346339,295.8886247064541,0.41267599523155846,0.4113062146342539,0.3929790905180835,0.3867614631357125,89413.3945,297.18955677667117,-0.35729975650004225,-0.12824403918787877,82.74964429291177,-5.737426228017156,70.43692626578967,75.00649501036652
2041-05-01,Kasese,10529.614022288868,0.827247341034288,19.0,0.0,1.0,0.1098988295973021,1.0000305189751728,3.999954221537241,0.1699,30.0781,0.200000000000001,30.100000000000016,0.004836645683083268,0.0017662437085817476,-0.0028526314308914835,290.6555516664757,1.0,0.00022569091529795596,295.30355619324456,295.8889755157208,295.9061578952032,295.98306025204374,295.9333336650762,0.42371078565550163,0.42189174608855956,0.39953724782498723,0.38802177302109814,89413.3945,296.95680325027564,-0.3917904153717382,-0.06059557022729214,92.42629007508651,-5.690551048771954,80.49256087493113,74.76734342802193
2041-06-01,Kasese,10529.614022288868,0.827247341034288,19.0,0.0,1.0,0.1098988295973021,1.0000305189751728,3.999954221537241,0.1699,30.0781,0.200000000000001,30.100000000000016,0.004532933629136007,0.001761250532276301,-0.0028523060909906727,290.4670088247531,1.0,0.000220082822590798,295.07562880644764,295.65000029667107,295.6714347549558,295.78228093068367,295.88755867308674,0.4230566843939984,0.42506880803941277,0.4042655556279004,0.3891759721196557,89413.3945,296.84993139341947,-0.4158426038020462,-0.02034415911756925,84.78942435159412,-5.743118112199152,86.95197220616667,74.19119990351288
2041-07-01,Kasese,10529.614022288868,0.827247341034288,19.0,0.0,1.0,0.1098988295973021,1.0000305189751728,3.999954221537241,0.1699,30.0781,0.200000000000001,30.100000000000016,0.003760358307281547,0.0014164017771021704,-0.0027210394088242654,290.0275729682595,1.0,0.00019439116500841747,295.1109485693674,295.64646970859235,295.65408353595586,295.7159207509109,295.805114146544,0.41127698679920127,0.41600701445390054,0.4024987127212829,0.38905896676224533,89413.3945,296.8720835833256,-0.4228743999641697,-0.010004106621293947,67.74792937564608,-5.681796297874443,82.01704497098909,73.27458905747504
2041-08-01,Kasese,10529.614022288868,0.827247341034288,19.0,0.0,1.0,0.1098988295973021,1.0000305189751728,3.999954221537241,0.1699,30.0781,0.200000000000001,30.100000000000016,0.003265534358577356,0.0010336180696930047,-0.0026089478067906117,289.77787936121945,1.0,0.00017716964459698364,295.24149724873155,295.753558469439,295.7475617594907,295.75982731796205,295.75360697351624,0.40277117206674395,0.4059454826936802,0.39599446027975915,0.3877865353392845,89413.3945,296.8812099402323,-0.4259508249518249,-0.009711379040358056,64.45670285385393,-5.630641085541384,72.79416311501704,73.75937071809419
2041-09-01,Kasese,10529.614022288868,0.827247341034288,19.0,0.0,1.0,0.1098988295973021,1.0000305189751728,3.999954221537241,0.1699,30.0781,0.200000000000001,30.100000000000016,0.0033027509038645203,0.0009187542573083308,-0.0026016365757515927,289.8485279567767,1.0,0.0001802178398784498,295.3294444110626,295.84300382089504,295.8277519730016,295.81452158078747,295.7392922128122,0.40296704400015043,0.4030714267721136,0.3913126300093029,0.3865855925706461,89413.3945,296.8325256555688,-0.41663512657942786,-0.017607524518103566,73.8443890720452,-5.596876837490787,69.15111333183602,75.10392169679314
2041-10-01,Kasese,10529.614022288868,0.827247341034288,19.0,0.0,1.0,0.1098988295973021,1.0000305189751728,3.999954221537241,0.1699,30.0781,0.200000000000001,30.100000000000016,0.0037617194338339863,0.0010495841622810002,-0.0026757666192933024,290.15270522218185,1.0,0.00019537903835894653,295.29780525551223,295.8342221205965,295.829110944853,295.8413717828089,295.74923642956287,0.41180696521139665,0.40842428423211863,0.3908560745171334,0.38631090966664194,89413.3945,296.73424566523636,-0.40815505452960393,-0.04462467791574396,88.69936213818715,-5.671743749923141,76.00294688337726,76.03849055144381
2041-11-01,Kasese,10529.614022288868,0.827247341034288,19.0,0.0,1.0,0.1098988295973021,1.0000305189751728,3.999954221537241,0.1699,30.0781,0.200000000000001,30.100000000000016,0.004266089013170155,0.0013404067193595003,-0.002765429694378003,290.37579550832675,1.0,0.00021390148651983227,295.0916572309098,295.65492774826504,295.67039923017046,295.7447549006824,295.74280989743494,0.42212944708320316,0.4183315696942362,0.39434102823068024,0.3874669816485285,89413.3945,296.56756903383786,-0.40728592256087043,-0.1054586567679352,93.85859409325131,-5.720706463918117,85.84283864625695,76.31888850069633
2041-12-01,Kasese,10529.614022288868,0.827247341034288,19.0,0.0,1.0,0.1098988295973021,1.0000305189751728,3.999954221537241,0.1699,30.0781,0.200000000000001,30.100000000000016,0.0043555696246141236,0.0015186068908777661,-0.0028150439116731095,290.4278688569819,1.0,0.00021826808914046986,294.96775070059863,295.5299652426201,295.5450782278476,295.6250556002289,295.694742539602,0.4251351666125219,0.42284128984393704,0.3980786585846294,0.38883602435238757,89413.3945,296.52720203926197,-0.40855079767159114,-0.19191206336977093,88.99462580764309,-5.732174146899934,90.87728794823727,77.0605702154369
2042-01-01,Kasese,10529.614022288868,0.827247341034288,19.0,0.0,1.0,0.1098988295973021,1.0000305189751728,3.999954221537241,0.1699,30.0781,0.200000000000001,30.100000000000016,0.004017731272852269,0.001457946106305442,-0.002788715922296039,290.28781297652654,1.0,0.0002050437541233259,295.0955705430466,295.63300494939887,295.6200159046766,295.62759807455046,295.6410748213113,0.41866270370238695,0.41915686009691006,0.39871412032449344,0.3892666742672506,89413.3945,296.71332557935085,-0.380850752575632,-0.24688574368217417,73.5151525872652,-5.757658778408836,85.86024132235673,77.95321091565823
2042-02-01,Kasese,10529.614022288868,0.827247341034288,19.0,0.0,1.0,0.1098988295973021,1.0000305189751728,3.999954221537241,0.1699,30.0781,0.200000000000001,30.100000000000016,0.0034982562196625225,0.0012093039022911024,-0.002682236968594254,290.08167645549264,1.0,0.00018172853765284825,295.53451537972813,296.0358280523703,295.97946376319584,295.85132831515875,295.64747128824456,0.4052636679029005,0.4080425061186548,0.39505770467710777,0.38836007823661906,89413.3945,297.10515883733865,-0.3463170504747553,-0.2547979789143952,62.092890915874214,-5.831815373684932,75.29559992680551,77.49485505906365
2042-03-01,Kasese,10529.614022288868,0.827247341034288,19.0,0.0,1.0,0.1098988295973021,1.0000305189751728,3.999954221537241,0.1699,30.0781,0.200000000000001,30.100000000000016,0.003695782163566389,0.0011631589062757162,-0.0026438259022563276,290.14280559709226,1.0,0.00018043772639247013,295.76838749308473,296.28344487600884,296.2327633504786,296.1002651183116,295.74928124440817,0.40338987465989007,0.40451045478749226,0.3919766398706868,0.38721229116791095,89413.3945,297.2745957770387,-0.3303263827070118,-0.2030763201586875,64.89454511703737,-5.882402945451582,67.3277705901052,75.99582081306501
2042-04-01,Kasese,10529.614022288868,0.827247341034288,19.0,0.0,1.0,0.1098988295973021,1.0000305189751728,3.999954221537241,0.1699,30.0781,0.200000000000001,30.100000000000016,0.004316213935504745,0.0014261903404086701,-0.002723784610761898,290.3972834453764,1.0,0.0002027747863583085,295.64398062927216,296.19446429551635,296.17926286012886,296.1343646294126,295.8663136486499,0.41231567883152165,0.4114224209929173,0.39418307206951564,0.3873954739574886,89413.3945,297.17082936756293,-0.3594734757905517,-0.13296284189730004,82.18088937471659,-5.904700097164778,70.21607840155407,74.95690326567832
2042-05-01,Kasese,10529.614022288868,0.827247341034288,19.0,0.0,1.0,0.1098988295973021,1.0000305189751728,3.999954221537241,0.1699,30.0781,0.200000000000001,30.100000000000016,0.0047963862931399625,0.0017375060441987718,-0.002852060349158464,290.6360552997615,1.0,0.0002249668849333604,295.2676933636746,295.8545877301868,295.87809870955147,295.95927156862575,295.9107182106323,0.42417315209883744,0.4227459974054401,0.40076372532170534,0.38860692976736755,89413.3945,296.9273056761557,-0.39108265692772176,-0.060561077214505134,91.72877835041153,-5.834722775571688,80.02648711977275,74.52664017960474
2042-06-01,Kasese,10529.614022288868,0.827247341034288,19.0,0.0,1.0,0.1098988295973021,1.0000305189751728,3.999954221537241,0.1699,30.0781,0.200000000000001,30.100000000000016,0.004551292710926383,0.0017587313412482444,-0.0028469621967366215,290.49077560009147,1.0,0.00022165589175927064,295.05371984571076,295.6283621390598,295.65462866087415,295.76292878122473,295.8621773533409,0.4238838521994491,0.42549252338967686,0.4048652333654501,0.3898849160227192,89413.3945,296.8223776826031,-0.4079407527656294,-0.014829542210665765,85.26998173053876,-5.701650625825899,86.71309536694753,73.84433096158524
2042-07-01,Kasese,10529.614022288868,0.827247341034288,19.0,0.0,1.0,0.1098988295973021,1.0000305189751728,3.999954221537241,0.1699,30.0781,0.200000000000001,30.100000000000016,0.003774132505904719,0.0014187832790954827,-0.0027191728439513612,290.058314408556,1.0,0.00019577565329577406,295.0868059259598,295.62598867497155,295.6328826611246,295.69584227808565,295.7792098597677,0.41218142098600746,0.4170403635508621,0.4030089229944965,0.3898396746340906,89413.3945,296.84466540216494,-0.4192063512429462,-0.0048375828369262045,68.43082569559658,-5.713048055906756,82.08698582001495,73.02058760225262
2042-08-01,Kasese,10529.614022288868,0.827247341034288,19.0,0.0,1.0,0.1098988295973021,1.0000305189751728,3.999954221537241,0.1699,30.0781,0.200000000000001,30.100000000000016,0.0033016747487203176,0.0010558329818238536,-0.002609921780048461,289.7959557388878,1.0,0.00017842819471097435,295.2184244478473,295.7298847788623,295.7219691643601,295.7376776694339,295.7273968120814,0.40369505807137074,0.4073349421465105,0.39677853108500805,0.38868582468787083,89413.3945,296.8518751233167,-0.4229932985413813,-0.009153953542343994,64.32863224368913,-5.793300402313115,72.95164216946665,73.5008359207498
2042-09-01,Kasese,10529.614022288868,0.827247341034288,19.0,0.0,1.0,0.1098988295973021,1.0000305189751728,3.999954221537241,0.1699,30.0781,0.200000000000001,30.100000000000016,0.003242774799019001,0.0008961932817596187,-0.0026013142524651846,289.8234393243284,1.0,0.00017811015225378387,295.31706368473914,295.8279440986808,295.8137606556564,295.7959229268854,295.71446225757387,0.4026044798080967,0.4035090608220811,0.3924076268424954,0.3873977037480864,89413.3945,296.8216967715286,-0.4224419252998603,-0.02143244166384642,73.17057868243101,-5.920960207773979,68.95576315774566,74.91536506562662
2042-10-01,Kasese,10529.614022288868,0.827247341034288,19.0,0.0,1.0,0.1098988295973021,1.0000305189751728,3.999954221537241,0.1699,30.0781,0.200000000000001,30.100000000000016,0.003741737796850282,0.0010270528503808064,-0.0026750124479032102,290.13778154189185,1.0,0.00019524218362162353,295.2654730816949,295.8035091845374,295.80142854429397,295.8171505200982,295.7269227866721,0.41194807549169804,0.40887118984797693,0.3918626149103365,0.38697407499776254,89413.3945,296.6958666815911,-0.4085765215022564,-0.04744536569265687,88.13124304222087,-5.926471275183633,75.55144512419555,75.89516600071867
2042-11-01,Kasese,10529.614022288868,0.827247341034288,19.0,0.0,1.0,0.1098988295973021,1.0000305189751728,3.999954221537241,0.1699,30.0781,0.200000000000001,30.100000000000016,0.004236753938265376,0.0013193942697337683,-0.0027611156455536693,290.36362952365806,1.0,0.00021387328637988807,295.0665186920326,295.6328472500575,295.64835098347805,295.7221419561559,295.7184932635464,0.4219674951927903,0.4184574939739074,0.3954440016419303,0.38800007543132375,89413.3945,296.53458790356603,-0.407428426368186,-0.10548326913489035,94.54314538999034,-5.851591334045228,85.51698151581024,76.28621303573954
2042-12-01,Kasese,10529.614022288868,0.827247341034288,19.0,0.0,1.0,0.1098988295973021,1.0000305189751728,3.999954221537241,0.1699,30.0781,0.200000000000001,30.100000000000016,0.004364614804164794,0.0015193200965810218,-0.0028145431118301186,290.43050440250744,1.0,0.0002196266797407742,294.9322085943181,295.5003680625634,295.51423511607055,295.60111461981194,295.66883573313174,0.4259623505809944,0.42377232308361296,0.3990951967277017,0.38951814636056875,89413.3945,296.48942361315824,-0.403801201729774,-0.18547390911298564,88.94637797106589,-5.910081201807632,90.68716981540285,76.77869289444762
2043-01-01,Kasese,10529.614022288868,0.827247341034288,19.0,0.0,1.0,0.1098988295973021,1.0000305189751728,3.999954221537241,0.1699,30.0781,0.200000000000001,30.100000000000016,0.004007602591294013,0.001462747773241223,-0.002787867081411582,290.313499355665,1.0,0.00020533311116070386,295.0663868290094,295.6083501249807,295.59244277029063,295.60216653937,295.61348499126717,0.4197262171562112,0.42041088915759345,0.39942750655472214,0.3900783784783893,89413.3945,296.69096091814566,-0.3760277112742256,-0.24175185837963675,73.83059274376548,-5.913282772944144,85.87357334095897,77.55534482473983
2043-02-01,Kasese,10529.614022288868,0.827247341034288,19.0,0.0,1.0,0.1098988295973021,1.0000305189751728,3.999954221537241,0.1699,30.0781,0.200000000000001,30.100000000000016,0.003492596103663487,0.0012072719760927858,-0.002678552966966719,290.10836051429936,1.0,0.00018179425789552982,295.51802643518846,296.0227706801435,295.9639539562349,295.83278773387184,295.6210765947047,0.40580488583790736,0.408532270303926,0.3953349913472537,0.38924666940307634,89413.3945,297.08699495504237,-0.34420717996975475,-0.2528316553051821,62.113375639511865,-5.942788176580797,75.29267978859883,77.15354362921852
2043-03-01,Kasese,10529.614022288868,0.827247341034288,19.0,0.0,1.0,0.1098988295973021,1.0000305189751728,3.999954221537241,0.1699,30.0781,0.200000000000001,30.100000000000016,0.0036823221804075158,0.0011622764432794015,-0.002644061366230679,290.1532794403471,1.0,0.00018016305984265059,295.7394142926332,296.2549477831664,296.2048782905255,296.07342899668294,295.72504697747394,0.4038743469149346,0.40541232682408496,0.3927144863019642,0.38799093846930405,89413.3945,297.2386831258454,-0.33160591136692985,-0.20771134449118647,64.90304319951707,-5.984394301223805,67.23600465751257,75.91934366247166
2043-04-01,Kasese,10529.614022288868,0.827247341034288,19.0,0.0,1.0,0.1098988295973021,1.0000305189751728,3.999954221537241,0.1699,30.0781,0.200000000000001,30.100000000000016,0.004284431795550261,0.0014142039072356824,-0.0027208490313394788,290.3662135281429,1.0,0.00020193959946640137,295.63052267549193,296.18058197696973,296.1613462405199,296.1164922109059,295.8418857296326,0.4119473540549414,0.4114103210841205,0.39530694329618754,0.3881004110471107,89413.3945,297.1455365184194,-0.3619685773906743,-0.13674332504347989,81.44927136598263,-6.124795698098076,69.89356204616328,74.8393309172624
2043-05-01,Kasese,10529.614022288868,0.827247341034288,19.0,0.0,1.0,0.1098988295973021,1.0000305189751728,3.999954221537241,0.1699,30.0781,0.200000000000001,30.100000000000016,0.004740814825316808,0.0017108985744513844,-0.002853696391713461,290.61279729473375,1.0,0.00022447583144934117,295.2375537681525,295.822919712309,295.8461702028242,295.933642040015,295.8870134945678,0.42465156681604216,0.423424940179195,0.40192306258587224,0.38923774262080135,89413.3945,296.8943891438635,-0.390745411204648,-0.05925335468250383,90.88068415659741,-6.189796095183667,79.5834386275319,74.289228276517
2043-06-01,Kasese,10529.614022288868,0.827247341034288,19.0,0.0,1.0,0.1098988295973021,1.0000305189751728,3.999954221537241,0.1699,30.0781,0.200000000000001,30.100000000000016,0.004556779826456624,0.001755533179966311,-0.0028434467973292633,290.51231152793844,1.0,0.00022333821342041218,295.0350911792116,295.60999983488705,295.63554039985337,295.7452890351898,295.8371309130755,0.4247584523782879,0.4257454600426749,0.4054181783689783,0.39051411080953224,89413.3945,296.7931072781955,-0.3999417656079179,-0.008846420139370868,85.59548661146171,-5.907156231550144,86.63567010873255,73.509445052517
2043-07-01,Kasese,10529.614022288868,0.827247341034288,19.0,0.0,1.0,0.1098988295973021,1.0000305189751728,3.999954221537241,0.1699,30.0781,0.200000000000001,30.100000000000016,0.00378230269101741,0.0014220323733151897,-0.002720418065733333,290.0916286367427,1.0,0.00019696518385873058,295.0632447440995,295.6024641629222,295.6130411791891,295.67354751858005,295.75385684911686,0.4132223902392221,0.4178957997504597,0.4034083518695976,0.39061476571201065,89413.3945,296.817930715494,-0.4154780246829115,0.0004603468894667784,68.98595287626328,-5.874163407860201,82.36633094827754,72.78224920245907
2043-08-01,Kasese,10529.614022288868,0.827247341034288,19.0,0.0,1.0,0.1098988295973021,1.0000305189751728,3.999954221537241,0.1699,30.0781,0.200000000000001,30.100000000000016,0.0033301853715509543,0.0010813637571501636,-0.002612748665654989,289.820737788747,1.0,0.00017916557141383946,295.1911708217418,295.70378117038445,295.69846562466756,295.71398085384254,295.7022549289109,0.4047431350320239,0.40845780711796104,0.39751188797519593,0.3895577183672138,89413.3945,296.82034305738017,-0.4196562318203994,-0.008592183939902883,64.14607393139185,-6.018370040007202,73.22521234531065,73.2264267669137
2043-09-01,Kasese,10529.614022288868,0.827247341034288,19.0,0.0,1.0,0.1098988295973021,1.0000305189751728,3.999954221537241,0.1699,30.0781,0.200000000000001,30.100000000000016,0.0031821300437149844,0.0008778748305313896,-0.00260185093093658,289.8058109344476,1.0,0.00017574116470029248,295.30362963363933,295.81389227942367,295.79792032819756,295.7765041673411,295.6904573247846,0.4023153344435455,0.4038865968009107,0.3932858375429527,0.38815781032223606,89413.3945,296.8112068963019,-0.42835843733405515,-0.02587849957004761,72.41672035572797,-6.221136237418432,68.89936925595215,74.70014067511543
2043-10-01,Kasese,10529.614022288868,0.827247341034288,19.0,0.0,1.0,0.1098988295973021,1.0000305189751728,3.999954221537241,0.1699,30.0781,0.200000000000001,30.100000000000016,0.0037128425816203236,0.001010383897063841,-0.0026727468389714797,290.12593851010894,1.0,0.00019487651055398445,295.2359833341406,295.77340328385475,295.77467966797207,295.79752951765835,295.7056147867393,0.4122379220592413,0.409140745912661,0.3928147284337742,0.38756201155853165,89413.3945,296.6575367914072,-0.4088043307155735,-0.05013349263490072,87.43030597379527,-6.165264022523708,75.16205659229342,75.68340917052898
2043-11-01,Kasese,10529.614022288868,0.827247341034288,19.0,0.0,1.0,0.1098988295973021,1.0000305189751728,3.999954221537241,0.1699,30.0781,0.200000000000001,30.100000000000016,0.0042136604902121046,0.0013032911575065898,-0.002756643054689639,290.34748812809744,1.0,0.00021402146265612292,295.0456139402184,295.6111489211223,295.6290064979493,295.70266569555065,295.6961792428716,0.4219854057952926,0.41845796478637487,0.39650750528736606,0.3885004340701161,89413.3945,296.50131859475783,-0.40693598444910556,-0.10526824167252653,94.83616216037406,-5.965946842131845,85.31706470741737,76.21491082602383
2043-12-01,Kasese,10529.614022288868,0.827247341034288,19.0,0.0,1.0,0.1098988295973021,1.0000305189751728,3.999954221537241,0.1699,30.0781,0.200000000000001,30.100000000000016,0.004386676180164642,0.001526299633232692,-0.0028146786888678826,290.42662091788344,1.0,0.00022089142903638774,294.90247726051354,295.4690794885076,295.4849640822391,295.57521381158045,295.6459004899393,0.42701269284085885,0.4246854966285283,0.4001898465590179,0.390088539245475,89413.3945,296.448234161916,-0.39807983448952533,-0.1783737718969536,88.71025115005476,-6.096059766138999,90.68885458632035,76.51660936817551
2044-01-01,Kasese,10529.614022288868,0.827247341034288,19.0,0.0,1.0,0.1098988295973021,1.0000305189751728,3.999954221537241,0.1699,30.0781,0.200000000000001,30.100000000000016,0.004015549630100603,0.0014704768592876587,-0.00279067162894177,290.3329299201267,1.0,0.00020587951866110006,295.04622219894156,295.58175977093083,295.56652413088005,295.57239174348666,295.5859443238875,0.4207854016777423,0.42158408606231856,0.4002331767503164,0.3908228007373447,89413.3945,296.6615298033767,-0.37032856026335964,-0.23610562051728745,73.98937396086545,-6.0327648854664195,86.19933835028216,77.21940922090651
2044-02-01,Kasese,10529.614022288868,0.827247341034288,19.0,0.0,1.0,0.1098988295973021,1.0000305189751728,3.999954221537241,0.1699,30.0781,0.200000000000001,30.100000000000016,0.003494673663068465,0.0012082710043811585,-0.0026788024801360243,290.1339313310981,1.0,0.00018183703685346135,295.50878028506264,296.008050552753,295.9481199220481,295.81457366375065,295.5938640153064,0.4062314543861498,0.40903921730210463,0.3957199634179564,0.390073445556729,89413.3945,297.0674766040656,-0.3414630551086428,-0.24988211192903098,62.116518428466065,-6.07225943425303,75.56664893201054,76.84088739197809
2044-03-01,Kasese,10529.614022288868,0.827247341034288,19.0,0.0,1.0,0.1098988295973021,1.0000305189751728,3.999954221537241,0.1699,30.0781,0.200000000000001,30.100000000000016,0.0035919058939042994,0.0010893203496699713,-0.002627276198141647,290.18822067689393,1.0,0.0001784107723702878,295.797477217141,296.30293860884325,296.2489436843238,296.09041157446524,295.6938475100505,0.40208151134664155,0.40230969360073177,0.3916833624197602,0.3889693994398253,89413.3945,297.2768512198549,-0.3301264844374481,-0.20296032136789346,66.1364250498656,-5.922887652093927,67.8496828360537,75.57038398927334
2044-04-01,Kasese,10529.614022288868,0.827247341034288,19.0,0.0,1.0,0.1098988295973021,1.0000305189751728,3.999954221537241,0.1699,30.0781,0.200000000000001,30.100000000000016,0.004290193494540614,0.001375884175088006,-0.0027123079456479854,290.4506594278798,1.0,0.00020466511023694493,295.6417448828982,296.1940565971784,296.17487409669985,296.12319820497095,295.8159700655452,0.41214179261334083,0.41016176256216347,0.3935163433136724,0.3890493961870616,89413.3945,297.13889012373784,-0.35943681124310406,-0.12465121357734134,83.48216277163856,-6.00227400743481,70.72926932598331,74.74972158311243
2044-05-01,Kasese,10529.614022288868,0.827247341034288,19.0,0.0,1.0,0.1098988295973021,1.0000305189751728,3.999954221537241,0.1699,30.0781,0.200000000000001,30.100000000000016,0.004849285202028022,0.001766823982715263,-0.002847383596723292,290.68946749897503,1.0,0.00022687514527953143,295.2423095134937,295.8243565098273,295.84452565416365,295.9209185663356,295.8586249732941,0.42527587485489854,0.4236024342716603,0.40161790343406173,0.3903710603060249,89413.3945,296.87713955932037,-0.3857092370056379,-0.057930368801120714,92.65576793865051,-6.060768454722709,80.54728749939646,74.17604441030231
2044-06-01,Kasese,10529.614022288868,0.827247341034288,19.0,0.0,1.0,0.1098988295973021,1.0000305189751728,3.999954221537241,0.1699,30.0781,0.200000000000001,30.100000000000016,0.004478930914301289,0.001741089427930962,-0.0028509980903635144,290.4577668347834,1.0,0.00021884585148006537,295.00330000050326,295.57423982568935,295.59879294126307,295.71582817287907,295.81379533032805,0.4242389671834783,0.42721453311239427,0.4068734592789391,0.3914543618246357,89413.3945,296.76850645976305,-0.4175208609090897,-0.023314997000401735,83.92713570460167,-6.326529216449546,86.63472624307677,73.6489407623231
2044-07-01,Kasese,10529.614022288868,0.827247341034288,19.0,0.0,1.0,0.1098988295973021,1.0000305189751728,3.999954221537241,0.1699,30.0781,0.200000000000001,30.100000000000016,0.0037048925012221068,0.0013888387158160233,-0.002715698673943921,290.00729810888635,1.0,0.0001937597617863737,295.0438365577688,295.57533875652,295.5826372110843,295.65377164619076,295.7326014403908,0.4122680503971918,0.4175534162083833,0.4053108323160144,0.3912226585995902,89413.3945,296.78841948394665,-0.4214514681956772,-0.01245232477733693,66.87945501487614,-6.315353525081389,81.36540424666204,72.63498826721245
2044-08-01,Kasese,10529.614022288868,0.827247341034288,19.0,0.0,1.0,0.1098988295973021,1.0000305189751728,3.999954221537241,0.1699,30.0781,0.200000000000001,30.100000000000016,0.0031842346534768765,0.0009833663203420134,-0.002600602635200282,289.76344461063763,1.0,0.00017681353507149734,295.17630961074656,295.68470035162187,295.67780687933373,295.6974505895282,295.6811494148169,0.40368464865190373,0.4072045510235503,0.3984853528082513,0.389829483929574,89413.3945,296.79769542467074,-0.4247590205476935,-0.007319107612692656,64.32922826331979,-6.169713001562218,72.09630777944598,73.14027596862223
2044-09-01,Kasese,10529.614022288868,0.827247341034288,19.0,0.0,1.0,0.1098988295973021,1.0000305189751728,3.999954221537241,0.1699,30.0781,0.200000000000001,30.100000000000016,0.003316877119192999,0.0009128309439670265,-0.0025966296118201085,289.8754792748018,1.0,0.0001831508954712113,295.25151797203205,295.76323841599265,295.7510177274252,295.74685320204236,295.6672062838112,0.40520008708885213,0.40506483189712883,0.3937849434922272,0.3886136440495749,89413.3945,296.7258915500745,-0.40632445061330763,-0.010063885131433222,74.36011648794329,-6.118577286169649,68.78514111082002,74.46103174995353
2044-10-01,Kasese,10529.614022288868,0.827247341034288,19.0,0.0,1.0,0.1098988295973021,1.0000305189751728,3.999954221537241,0.1699,30.0781,0.200000000000001,30.100000000000016,0.0037458421034731845,0.0010440457551999607,-0.002672228262355012,290.1703983485897,1.0,0.00019628039471393361,295.233699347344,295.76599580599395,295.76465960622664,295.77331663466094,295.6751082759522,0.41343636558287383,0.4105600722931644,0.39326632793326083,0.3884629496864336,89413.3945,296.65514246408276,-0.402561648690116,-0.03856813363550391,88.88012756414828,-6.174839628762591,76.05955126035,75.39550039921966
2044-11-01,Kasese,10529.614022288868,0.827247341034288,19.0,0.0,1.0,0.1098988295973021,1.0000305189751728,3.999954221537241,0.1699,30.0781,0.200000000000001,30.100000000000016,0.004255974249111657,0.0013356817959655528,-0.002766847619780726,290.39559187173455,1.0,0.00021450929059402754,295.01989396085986,295.58145972566666,295.60165419837864,295.67720194529664,295.6677967887976,0.42391583536088334,0.4207174862002962,0.3967433494358598,0.38963580570869877,89413.3945,296.4885188988582,-0.4016915969324107,-0.10162178728176592,93.11526985965303,-6.40626979328666,85.76050862064277,75.50535510175057
2044-12-01,Kasese,10529.614022288868,0.827247341034288,19.0,0.0,1.0,0.1098988295973021,1.0000305189751728,3.999954221537241,0.1699,30.0781,0.200000000000001,30.100000000000016,0.004298412895529891,0.001491953742505666,-0.0028113825005917324,290.43776989800324,1.0,0.00021743478402735535,294.90117819426683,295.466440495365,295.4839791109098,295.56338870501753,295.61914581942654,0.42593184029972386,0.4245281867989039,0.40038584182600756,0.3910360052334981,89413.3945,296.45500432036823,-0.40809780861061534,-0.19522750727361834,88.64154934650965,-6.210972627970533,90.65293137989191,76.45413067105194
2045-01-01,Kasese,10529.614022288868,0.827247341034288,19.0,0.0,1.0,0.1098988295973021,1.0000305189751728,3.999954221537241,0.1699,30.0781,0.200000000000001,30.100000000000016,0.003972592744169251,0.0014283762335876044,-0.00278340437324463,290.27724319120296,1.0,0.00020506994849003984,295.02332223515594,295.5673939414441,295.5569211766609,295.5671669530978,295.5684096229719,0.41929531618704435,0.42052840143372894,0.40128091937549243,0.39134209576408946,89413.3945,296.6284257426748,-0.3804521309861613,-0.2490018598941087,73.01055515837255,-6.2880649632640475,85.35035227498308,77.41664602617033
2045-02-01,Kasese,10529.614022288868,0.827247341034288,19.0,0.0,1.0,0.1098988295973021,1.0000305189751728,3.999954221537241,0.1699,30.0781,0.200000000000001,30.100000000000016,0.0034516648483893107,0.0011856024063795865,-0.002678655279283154,290.0654724644932,1.0,0.00018218004292776724,295.4505546755317,295.9586137553963,295.90320785281943,295.78326334766683,295.57591143493585,0.4064882523865483,0.4102112558793484,0.39803059237892585,0.3904028433603226,89413.3945,297.00833788217676,-0.3429920770401927,-0.2544424492168295,61.63294484473101,-6.29047492181548,74.78679086733975,76.93622031990999
2045-03-01,Kasese,10529.614022288868,0.827247341034288,19.0,0.0,1.0,0.1098988295973021,1.0000305189751728,3.999954221537241,0.1699,30.0781,0.200000000000001,30.100000000000016,0.0036624153060944996,0.0011391119617201082,-0.0026391340268385826,290.13900126705545,1.0,0.0001813959106489625,295.70371093730654,296.2180934961554,296.16825404793167,296.03656935532587,295.67697671116633,0.4046093398958581,0.40619825052565955,0.3945712782986373,0.38929571462160323,89413.3945,297.19449464843984,-0.3235844112772543,-0.19468650912287325,64.45952195638432,-6.390365301514989,66.9591225276621,75.1839079770766
2045-04-01,Kasese,10529.614022288868,0.827247341034288,19.0,0.0,1.0,0.1098988295973021,1.0000305189751728,3.999954221537241,0.1699,30.0781,0.200000000000001,30.100000000000016,0.0043003558996451375,0.0014094281547444845,-0.002723589050555269,290.43422105616634,1.0,0.00020437602898100955,295.5665626568155,296.1165148409691,296.0999076235367,296.06575909101247,295.7918093491257,0.4143685367418612,0.4139840105238766,0.39636777743208457,0.3895555957202585,89413.3945,297.0774062717244,-0.3516108159631146,-0.1250792611269143,82.29922288263255,-6.3250008511430735,70.19497838378409,74.17082976910676
2045-05-01,Kasese,10529.614022288868,0.827247341034288,19.0,0.0,1.0,0.1098988295973021,1.0000305189751728,3.999954221537241,0.1699,30.0781,0.200000000000001,30.100000000000016,0.004796324447570564,0.0017344630978020801,-0.00284939546461083,290.66700798729147,1.0,0.00022613364716224927,295.21035843608246,295.7935227122693,295.81527004737944,295.8980899816858,295.8358926562608,0.4254662054498675,0.4244872703385935,0.4029858621653319,0.39086363082760206,89413.3945,296.84534940503113,-0.3861510096951639,-0.057547306883099676,92.03240007311354,-6.296559702826226,80.19896636049553,73.92609075269725
2045-06-01,Kasese,10529.614022288868,0.827247341034288,19.0,0.0,1.0,0.1098988295973021,1.0000305189751728,3.999954221537241,0.1699,30.0781,0.200000000000001,30.100000000000016,0.004492085556516587,0.001733879149581222,-0.002847928217446382,290.4782814569215,1.0,0.0002204933889893639,294.98416770521993,295.556080000262,295.5809213201405,295.6979306059365,295.7886854525602,0.4248783548512424,0.4275596196638365,0.40767079295618297,0.3919869466098778,89413.3945,296.73844540079335,-0.4100941588156328,-0.01761853365369789,84.45218657519361,-6.393158810922273,86.66719030296484,73.35016402514206
2045-07-01,Kasese,10529.614022288868,0.827247341034288,19.0,0.0,1.0,0.1098988295973021,1.0000305189751728,3.999954221537241,0.1699,30.0781,0.200000000000001,30.100000000000016,0.0037202231530622993,0.001390207392971895,-0.002716936311355294,290.03582448272005,1.0,0.00019505147973500962,295.02071345582664,295.5547051827164,295.5633054755769,295.6311579173944,295.70731769919354,0.4131509411375088,0.4184296667082746,0.40590251131894556,0.39186584985725587,89413.3945,296.7597396822993,-0.4174171418098583,-0.00654391580340196,67.3809023123302,-6.3438983236836135,81.69379055977339,72.42387607489225
2045-08-01,Kasese,10529.614022288868,0.827247341034288,19.0,0.0,1.0,0.1098988295973021,1.0000305189751728,3.999954221537241,0.1699,30.0781,0.200000000000001,30.100000000000016,0.0032251713138396637,0.00100546320464378,-0.0026028880827340746,289.7837788337095,1.0,0.00017784104699221663,295.1507651385561,295.66003736269585,295.6538440605102,295.67312935391413,295.6552042266064,0.4046281015102113,0.4083471657110469,0.3992909563029237,0.3906027506180338,89413.3945,296.76752463573985,-0.420640866286014,-0.006098993380763751,63.95806833446884,-6.32104946926093,72.49882379100318,72.90139449361978
2045-09-01,Kasese,10529.614022288868,0.827247341034288,19.0,0.0,1.0,0.1098988295973021,1.0000305189751728,3.999954221537241,0.1699,30.0781,0.200000000000001,30.100000000000016,0.0032579481776708126,0.000890021338566238,-0.0025962820156053205,289.8531827757766,1.0,0.00018075317217677682,295.2382073310467,295.7475784925854,295.7343574455445,295.7251027987165,295.64127120514974,0.40477566289301575,0.4054578418108616,0.39471039490377285,0.38942351597603014,89413.3945,296.7166471886546,-0.41119289425410505,-0.013756281573479821,73.40523771993001,-6.272343206827199,68.8092823039562,74.23275672719795
2045-10-01,Kasese,10529.614022288868,0.827247341034288,19.0,0.0,1.0,0.1098988295973021,1.0000305189751728,3.999954221537241,0.1699,30.0781,0.200000000000001,30.100000000000016,0.0037159885138418197,0.0010210897279062695,-0.0026704994017213448,290.1578993976027,1.0,0.0001958822893187225,295.2045736798852,295.7372625275672,295.734298758261,295.75177063939003,295.6527924977276,0.413612906834756,0.4107999932476622,0.3942429490324601,0.3891562781062086,89413.3945,296.61754134708525,-0.4023898222586175,-0.04089802863745432,88.20511316621857,-6.298916039446048,75.66704355794955,75.18560944322361
2045-11-01,Kasese,10529.614022288868,0.827247341034288,19.0,0.0,1.0,0.1098988295973021,1.0000305189751728,3.999954221537241,0.1699,30.0781,0.200000000000001,30.100000000000016,0.004219627368892362,0.001316207640917227,-0.002761398949798395,290.3827708095601,1.0,0.00021445435320338436,294.9978392791575,295.5594364199738,295.57806814032637,295.65622026495373,295.6462485028135,0.42390294143849827,0.4207081376396485,0.3978081439156747,0.39028159819920166,89413.3945,296.4534444464989,-0.4015943622512177,-0.10171362338670413,93.57417311530611,-6.365268746928955,85.52390572907211,75.46349997173498
2045-12-01,Kasese,10529.614022288868,0.827247341034288,19.0,0.0,1.0,0.1098988295973021,1.0000305189751728,3.999954221537241,0.1699,30.0781,0.200000000000001,30.100000000000016,0.004310465125597755,0.0014927064663078967,-0.002811247348168224,290.4364290703252,1.0,0.00021887293041629658,294.870493209584,295.43638317021816,295.45175848801114,295.53929231154603,295.5980571882544,0.42696016631870765,0.42527484295097423,0.4014458816322061,0.3916961539632073,89413.3945,296.4135066996198,-0.40298484703478593,-0.18802133132193596,88.64121411053212,-6.285888777149217,90.57117335558264,76.21664279975506
2046-01-01,Kasese,10529.614022288868,0.827247341034288,19.0,0.0,1.0,0.1098988295973021,1.0000305189751728,3.999954221537241,0.1699,30.0781,0.200000000000001,30.100000000000016,0.00397407707483251,0.0014288886288967902,-0.0027836211535565716,290.2988666623715,1.0,0.00020560106087308034,294.99754531533466,295.5401129390895,295.5290905120298,295.5394154038631,295.5426844373028,0.4204697432793984,0.421634004135594,0.40208587139830126,0.3921113127242459,89413.3945,296.6006408738914,-0.3753366717058559,-0.24340889118513945,73.30750585890873,-6.402492289099489,85.53765229341319,77.10045441404003
2046-02-01,Kasese,10529.614022288868,0.827247341034288,19.0,0.0,1.0,0.1098988295973021,1.0000305189751728,3.999954221537241,0.1699,30.0781,0.200000000000001,30.100000000000016,0.003455954176226683,0.0011807599589983035,-0.0026769863689473368,290.0917380056973,1.0,0.0001823205105538371,295.4375407624491,295.94181096299207,295.88538758046235,295.763804789227,295.5488248217092,0.4070025811106499,0.4105524285587168,0.39839992007705244,0.39119984582121464,89413.3945,296.9896138116585,-0.34034805360345133,-0.2509275397573964,61.76537220992754,-6.422171875652631,74.91812792096157,76.64194438302236
2046-03-01,Kasese,10529.614022288868,0.827247341034288,19.0,0.0,1.0,0.1098988295973021,1.0000305189751728,3.999954221537241,0.1699,30.0781,0.200000000000001,30.100000000000016,0.003656246732952681,0.0011373790049205351,-0.002639496098212039,290.1508113610502,1.0,0.0001809603699613292,295.6751570212734,296.18875973924673,296.1386504734588,296.01168115069436,295.65097176768677,0.405106204776792,0.40689466541272595,0.39537193597477205,0.39002549815194354,89413.3945,297.15933170635236,-0.3245710527782404,-0.1992510468655837,64.53633595883709,-6.526072215386769,66.9361016690036,75.13398708341401
2046-04-01,Kasese,10529.614022288868,0.827247341034288,19.0,0.0,1.0,0.1098988295973021,1.0000305189751728,3.999954221537241,0.1699,30.0781,0.200000000000001,30.100000000000016,0.004276332403852542,0.0013996044763477274,-0.0027215042044062463,290.403292752871,1.0,0.00020336697267673353,295.5507982748641,296.1004713419761,296.08334226330584,296.04766502358456,295.7671133632438,0.4139906240013121,0.41387376758374234,0.3975229004627506,0.3902635600652849,89413.3945,297.05484076207784,-0.35348515072117626,-0.12917082711132125,81.72990809493466,-6.511165963256876,69.85540314279335,74.07662460019401
2046-05-01,Kasese,10529.614022288868,0.827247341034288,19.0,0.0,1.0,0.1098988295973021,1.0000305189751728,3.999954221537241,0.1699,30.0781,0.200000000000001,30.100000000000016,0.004754839990769836,0.001708188665517243,-0.002850033502066631,290.64277426420244,1.0,0.00022557976832634144,295.17775455739087,295.7589194868595,295.78489023908423,295.8712722602805,295.8120324501048,0.42595005712234996,0.42519277300687897,0.4040529461852829,0.39145486689817605,89413.3945,296.81396220841424,-0.3853914948110113,-0.057681798795977936,91.24499221907861,-6.459671385074549,79.69576401877971,73.68268377174003
2046-06-01,Kasese,10529.614022288868,0.827247341034288,19.0,0.0,1.0,0.1098988295973021,1.0000305189751728,3.999954221537241,0.1699,30.0781,0.200000000000001,30.100000000000016,0.004504573410089929,0.001727501564321631,-0.002844866254587696,290.49932022308434,1.0,0.00022225915879135684,294.962052752866,295.5330174430507,295.56248716332334,295.67646811195954,295.76411733366695,0.42578146547090573,0.42796614123871657,0.4082297127245533,0.3926972912718696,89413.3945,296.7089707901692,-0.4019881262487964,-0.012181161424342604,84.8557070123213,-6.3585353070169655,86.40489796945803,73.00873491702909
2046-07-01,Kasese,10529.614022288868,0.827247341034288,19.0,0.0,1.0,0.1098988295973021,1.0000305189751728,3.999954221537241,0.1699,30.0781,0.200000000000001,30.100000000000016,0.0037312293468427286,0.001390294592768609,-0.002716912995399933,290.0675065688702,1.0,0.00019625466148624686,294.99503629310726,295.5289055739427,295.54057398095097,295.60825866201304,295.68214575869496,0.41411306097304906,0.41953434628159186,0.4064470592500741,0.39266550128562727,89413.3945,296.7318045970819,-0.41324089584238827,-0.0020088203685177893,68.0754428512045,-6.34153963084134,81.80162350231359,72.19716699076655
2046-08-01,Kasese,10529.614022288868,0.827247341034288,19.0,0.0,1.0,0.1098988295973021,1.0000305189751728,3.999954221537241,0.1699,30.0781,0.200000000000001,30.100000000000016,0.003256627500501541,0.0010277945216997377,-0.002607382644784899,289.80653917719206,1.0,0.0001787263072366254,295.12483895984974,295.6346761376013,295.6286068881325,295.65135578325027,295.63121713553255,0.4056197103652958,0.40983193917258137,0.400285929438569,0.3915213603774877,89413.3945,296.7361183736589,-0.4172779552025536,-0.005713572677290247,64.08491283602497,-6.471704217370082,72.64615134970107,72.64400454170836
2046-09-01,Kasese,10529.614022288868,0.827247341034288,19.0,0.0,1.0,0.1098988295973021,1.0000305189751728,3.999954221537241,0.1699,30.0781,0.200000000000001,30.100000000000016,0.003200987445775082,0.0008692142694721451,-0.0025981348080556005,289.83475996062657,1.0,0.00017863543999146903,295.22628143542534,295.73372664333937,295.71897581486996,295.7091867024473,295.61774877189674,0.40441556354527847,0.4060617302066043,0.39584258791348276,0.3901988243056063,89413.3945,296.70794318978284,-0.41681945809241877,-0.018130147683466824,72.90805213022368,-6.549305277972727,68.69168642551567,74.08167746950916
2046-10-01,Kasese,10529.614022288868,0.827247341034288,19.0,0.0,1.0,0.1098988295973021,1.0000305189751728,3.999954221537241,0.1699,30.0781,0.200000000000001,30.100000000000016,0.003688991706437449,0.001000204989263954,-0.002671352062012029,290.14789229224834,1.0,0.0001957071354258059,295.1761500158659,295.71028364093075,295.70824942565446,295.73093862929255,295.6311826060697,0.4137709510391893,0.4112830721036538,0.39536496245784364,0.38975096239798007,89413.3945,296.5802956781461,-0.40318445697440836,-0.044083022885269156,87.74955239172772,-6.5975302196850265,75.25081218401647,75.01301524520292
2046-11-01,Kasese,10529.614022288868,0.827247341034288,19.0,0.0,1.0,0.1098988295973021,1.0000305189751728,3.999954221537241,0.1699,30.0781,0.200000000000001,30.100000000000016,0.004185941602097814,0.0012933749897507216,-0.0027579105594622414,290.36915216194467,1.0,0.0002145926984866133,294.9768470970077,295.54060963338605,295.55643953296067,295.6340445806072,295.6239338307325,0.4238341094572025,0.4208118343154557,0.3989502557655495,0.39081240495106306,89413.3945,296.4180051803659,-0.40168845096072153,-0.10236517965558813,94.06948760587858,-6.427425279516068,85.26985374838704,75.43474244011729
2046-12-01,Kasese,10529.614022288868,0.827247341034288,19.0,0.0,1.0,0.1098988295973021,1.0000305189751728,3.999954221537241,0.1699,30.0781,0.200000000000001,30.100000000000016,0.004319523222753874,0.0014932063900959219,-0.002810766305839579,290.4347533135067,1.0,0.00022010445769309582,294.84218941346944,295.408549746715,295.4226555121206,295.51202025949823,295.5740976134988,0.4278647967523325,0.42621833691489525,0.4025628676009014,0.3923593268273366,89413.3945,296.3715596030242,-0.3979148970750341,-0.1821635410553629,88.53382409183382,-6.450388247548205,90.44991936211512,75.9217663101728
2047-01-01,Kasese,10529.614022288868,0.827247341034288,19.0,0.0,1.0,0.1098988295973021,1.0000305189751728,3.999954221537241,0.1699,30.0781,0.200000000000001,30.100000000000016,0.003967297892833063,0.0014367996990504648,-0.00278525216342549,290.3189977221721,1.0,0.0002061431241899154,294.97658575421843,295.5150638518892,295.49982722710496,295.5135810156558,295.5173302748135,0.4216134394143712,0.42288669975927345,0.4028224790526256,0.3929265166562684,89413.3945,296.57533015587825,-0.36987144376162323,-0.23858826713177658,73.47242771155534,-6.425719211858238,85.70224184673181,76.72436840056059
2047-02-01,Kasese,10529.614022288868,0.827247341034288,19.0,0.0,1.0,0.1098988295973021,1.0000305189751728,3.999954221537241,0.1699,30.0781,0.200000000000001,30.100000000000016,0.003454184379248893,0.0011802661096072644,-0.00267587246182132,290.1165528447487,1.0,0.00018252319248528634,295.42701939523835,295.93030045864094,295.8702786011989,295.74670142009626,295.52340489067956,0.40761074165206335,0.41106993913916173,0.39877593907993125,0.39204977872301483,89413.3945,296.9744625083429,-0.33796732266450363,-0.2492823557171284,61.82107595799639,-6.526245727749127,75.03608229187273,76.29081615488222
2047-03-01,Kasese,10529.614022288868,0.827247341034288,19.0,0.0,1.0,0.1098988295973021,1.0000305189751728,3.999954221537241,0.1699,30.0781,0.200000000000001,30.100000000000016,0.00363845955415767,0.0011336350024508252,-0.002640849330840003,290.1590533596371,1.0,0.00018085027185446565,295.6475249232786,296.161629459343,296.11072218971987,295.98777341094825,295.6275428011459,0.40570753477431215,0.4078551215760653,0.3961780305635785,0.390850919168775,89413.3945,297.1245209356364,-0.3254606238380922,-0.20433563116523867,64.5916576278078,-6.6041175453273055,66.96173975438693,75.04631977022005
2047-04-01,Kasese,10529.614022288868,0.827247341034288,19.0,0.0,1.0,0.1098988295973021,1.0000305189751728,3.999954221537241,0.1699,30.0781,0.200000000000001,30.100000000000016,0.00423971115168089,0.001385463324428479,-0.0027170210559993406,290.37156454041633,1.0,0.000202381056021526,295.538291260611,296.0883085079848,296.06704196290394,296.029176458378,295.7435222202486,0.41380175527104385,0.41386893421371235,0.3987379765196672,0.39092073471279426,89413.3945,297.0303748479452,-0.356100084426302,-0.13332973452112654,81.27664057293441,-6.704976270386961,69.57514099865192,73.99451804507724
2047-05-01,Kasese,10529.614022288868,0.827247341034288,19.0,0.0,1.0,0.1098988295973021,1.0000305189751728,3.999954221537241,0.1699,30.0781,0.200000000000001,30.100000000000016,0.004694901528162363,0.001681265534958341,-0.0028491007583318264,290.6176006750243,1.0,0.00022501793710900516,295.1451484334396,295.72910327288224,295.75128586623566,295.84463193989467,295.78948391926906,0.4265208872657378,0.42578625850129564,0.40530302693221404,0.3920776650527054,89413.3945,296.77777724052794,-0.3848776967306989,-0.055812330404242494,90.68963999194075,-6.681250344232931,79.3412032337429,73.44713612090926
2047-06-01,Kasese,10529.614022288868,0.827247341034288,19.0,0.0,1.0,0.1098988295973021,1.0000305189751728,3.999954221537241,0.1699,30.0781,0.200000000000001,30.100000000000016,0.004512993817597752,0.0017268769793251846,-0.002839610814295133,290.5189182844112,1.0,0.00022398162563619668,294.9435911256937,295.51549329563,295.539251184414,295.6565805824028,295.740478070949,0.4266050095923653,0.42814831633362166,0.4088168819087863,0.3933358817730776,89413.3945,296.6777904683299,-0.3942783186476715,-0.005560607204391818,85.39752995649512,-6.392899380036987,86.35635963249094,72.68486983213474
2047-07-01,Kasese,10529.614022288868,0.827247341034288,19.0,0.0,1.0,0.1098988295973021,1.0000305189751728,3.999954221537241,0.1699,30.0781,0.200000000000001,30.100000000000016,0.0037351013304558907,0.0013946190778791401,-0.0027167051011890014,290.09841303509467,1.0,0.00019772142213369333,294.972215875796,295.5087017772371,295.5176466474233,295.5869862199509,295.65799658080044,0.4150091472376358,0.42039426352115156,0.406918610309734,0.39346960369099343,89413.3945,296.70259693893496,-0.409568963203011,0.0039872388458512655,68.63494213953639,-6.383843234076181,81.98098964202073,71.9590044272987
2047-08-01,Kasese,10529.614022288868,0.827247341034288,19.0,0.0,1.0,0.1098988295973021,1.0000305189751728,3.999954221537241,0.1699,30.0781,0.200000000000001,30.100000000000016,0.0032863343831874593,0.0010540082890066421,-0.0026085780164892916,289.82780931801994,1.0,0.00017971828923255917,295.1023297305189,295.61190537020644,295.60390600758933,295.6285610990845,295.60587065612106,0.4065981499278346,0.41100649535352995,0.40099302071595866,0.3924306362940038,89413.3945,296.7074028656875,-0.41393449943740723,-0.005042693900775538,63.774937030697735,-6.604494484056215,72.84398131319284,72.41643073698073
2047-09-01,Kasese,10529.614022288868,0.827247341034288,19.0,0.0,1.0,0.1098988295973021,1.0000305189751728,3.999954221537241,0.1699,30.0781,0.200000000000001,30.100000000000016,0.0031374284684781875,0.0008513348688407744,-0.00259766277176735,289.8132682987486,1.0,0.00017631190199120554,295.2150445741183,295.72067670828733,295.70437988112894,295.6909853660509,295.5923722434363,0.4040852866119861,0.4064634930835253,0.39676226280563104,0.3910711069634038,89413.3945,296.6992031223583,-0.422392087641142,-0.021853826092312845,72.08740911657235,-6.795441934572707,68.52490166542508,73.87958198592612
2047-10-01,Kasese,10529.614022288868,0.827247341034288,19.0,0.0,1.0,0.1098988295973021,1.0000305189751728,3.999954221537241,0.1699,30.0781,0.200000000000001,30.100000000000016,0.0036691000305466414,0.0009832823664233444,-0.002668447137842656,290.1345559113757,1.0,0.00019542561036384144,295.14587888239424,295.68076216675314,295.68126448678595,295.71070087353286,295.6081385706811,0.4139866764111222,0.4116796297077933,0.3961460744496013,0.39046478987414623,89413.3945,296.5451577172657,-0.4032740527396945,-0.04660489286853676,87.16794508940218,-6.816481513504871,74.82883658270411,74.85573466010914
2047-11-01,Kasese,10529.614022288868,0.827247341034288,19.0,0.0,1.0,0.1098988295973021,1.0000305189751728,3.999954221537241,0.1699,30.0781,0.200000000000001,30.100000000000016,0.004165511886416589,0.0012767917456660404,-0.002751288641957802,290.35734217533224,1.0,0.00021460640210598612,294.9532273844006,295.51512773600007,295.5376747966092,295.61597803406835,295.5983458998956,0.4236283395981544,0.42098979358545413,0.39984940300640365,0.39137032181161474,89413.3945,296.38809634008834,-0.40152832908129893,-0.10158401813292607,94.59891317355306,-6.543237956845849,84.98094183765058,75.36364731687527
2047-12-01,Kasese,10529.614022288868,0.827247341034288,19.0,0.0,1.0,0.1098988295973021,1.0000305189751728,3.999954221537241,0.1699,30.0781,0.200000000000001,30.100000000000016,0.00433922564652803,0.001495538684351704,-0.0028090574550884502,290.43831742171506,1.0,0.00022157554801088177,294.8079814752789,295.3743507484393,295.3965367700482,295.4899306601483,295.5486985847719,0.42871037476890056,0.4271880096342288,0.4034552422319532,0.3929595497393419,89413.3945,296.3335482399305,-0.392841439906207,-0.17444624642974518,88.47224901082843,-6.665186432237196,90.35658021138435,75.62638450805515
2048-01-01,Kasese,10529.614022288868,0.827247341034288,19.0,0.0,1.0,0.1098988295973021,1.0000305189751728,3.999954221537241,0.1699,30.0781,0.200000000000001,30.100000000000016,0.003972914628810888,0.001437575162040519,-0.0027852057926986418,290.3428469884291,1.0,0.00020670269303153265,294.94954037569914,295.4857660906352,295.4756349320807,295.4877728902647,295.4888409277308,0.42253638014160866,0.4240030169291979,0.4035595640888498,0.39365213869560917,89413.3945,296.54829613300376,-0.3648027402703368,-0.23236502581330595,73.76460849805528,-6.544476236528905,85.87366005039759,76.31258714221785
2048-02-01,Kasese,10529.614022288868,0.827247341034288,19.0,0.0,1.0,0.1098988295973021,1.0000305189751728,3.999954221537241,0.1699,30.0781,0.200000000000001,30.100000000000016,0.0034522869083976615,0.0011765134654610151,-0.0026743126804594304,290.14293885240954,1.0,0.00018269770871700685,295.41241293039076,295.9143892728434,295.8544136779181,295.7292058026296,295.49578035845934,0.40804806875222105,0.4114724674155923,0.39908074919464886,0.3928974985499462,89413.3945,296.9522566020792,-0.3356646603813022,-0.24711808344453248,61.87177622831651,-6.572511601427139,75.19160571814062,75.98255890745408
2048-03-01,Kasese,10529.614022288868,0.827247341034288,19.0,0.0,1.0,0.1098988295973021,1.0000305189751728,3.999954221537241,0.1699,30.0781,0.200000000000001,30.100000000000016,0.0035495664337720227,0.0010622942880477648,-0.00262415140525886,290.19775611612823,1.0,0.00017897176497444676,295.7018861753695,296.2106784626867,296.1531510750156,296.0050796168736,295.59624786980754,0.40391135710962445,0.40477194215371637,0.3950730854821432,0.39172014770981356,89413.3945,297.16069782024846,-0.3244829617489806,-0.2007142189086881,65.87173382644733,-6.425259564524399,67.50047729528937,74.75428718434246
2048-04-01,Kasese,10529.614022288868,0.827247341034288,19.0,0.0,1.0,0.1098988295973021,1.0000305189751728,3.999954221537241,0.1699,30.0781,0.200000000000001,30.100000000000016,0.004248412801993639,0.001350856392160398,-0.0027092368245396543,290.46178809627116,1.0,0.0002049640534634839,295.549925659599,296.1016940066699,296.08055468131255,296.0374824743788,295.71716333966395,0.413890337185392,0.41268519178890867,0.3968718918468926,0.39186990592828713,89413.3945,297.0209800266526,-0.3539767530547883,-0.12288510501964796,83.22216531577412,-6.451329025758578,70.48591254518118,73.91416752181283
2048-05-01,Kasese,10529.614022288868,0.827247341034288,19.0,0.0,1.0,0.1098988295973021,1.0000305189751728,3.999954221537241,0.1699,30.0781,0.200000000000001,30.100000000000016,0.004803309638198444,0.0017391671420837144,-0.00284508226557156,290.7015631733565,1.0,0.0002271251383014211,295.15063151562555,295.73152133046625,295.75259564357816,295.8341691520511,295.76073700292415,0.42699564136605234,0.42616583564258415,0.40500377907099505,0.39325118684918897,89413.3945,296.7602078239159,-0.38020680334110696,-0.055148561909449424,92.34396121593686,-6.573476969372862,80.23856880763624,73.32477807673921
2048-06-01,Kasese,10529.614022288868,0.827247341034288,19.0,0.0,1.0,0.1098988295973021,1.0000305189751728,3.999954221537241,0.1699,30.0781,0.200000000000001,30.100000000000016,0.004433846468061293,0.0017110806366749983,-0.002848484925756244,290.4677562405615,1.0,0.00021943087222166206,294.91122510576224,295.48144493091604,295.50698566647384,295.6266917021057,295.7161604654116,0.4259395287931022,0.4297908251026908,0.41042183353774603,0.394312955307682,89413.3945,296.6537606804804,-0.41194827577306165,-0.020687684915837213,83.66629705062275,-6.928290049610837,86.31538252346563,72.78646705185868
2048-07-01,Kasese,10529.614022288868,0.827247341034288,19.0,0.0,1.0,0.1098988295973021,1.0000305189751728,3.999954221537241,0.1699,30.0781,0.200000000000001,30.100000000000016,0.00365822566100292,0.001358463575937753,-0.0027127870400928955,290.01463317040503,1.0,0.00019445190236552098,294.9470238762606,295.4814879024063,295.49056462225775,295.56404641327885,295.6351430641629,0.41405759151055954,0.42014304369022293,0.4089080742334432,0.394072321816999,89413.3945,296.67756435204024,-0.4155715391455416,-0.009168624834076372,66.61280422609437,-6.920414345953748,81.06702172824299,71.79499317987502
2048-08-01,Kasese,10529.614022288868,0.827247341034288,19.0,0.0,1.0,0.1098988295973021,1.0000305189751728,3.999954221537241,0.1699,30.0781,0.200000000000001,30.100000000000016,0.0031453687656760134,0.000951763086829854,-0.002597422331625306,289.7703532422561,1.0,0.00017754313094903192,295.0777144949681,295.5902869252061,295.5840786889766,295.6100157539083,295.58322368229426,0.40547903393641144,0.4098071470087597,0.40206611939577286,0.3926479797537487,89413.3945,296.6856043065407,-0.4188030911823291,-0.004930504267356611,64.20485270760504,-6.738474303759958,71.92239741250711,72.28218725956651
2048-09-01,Kasese,10529.614022288868,0.827247341034288,19.0,0.0,1.0,0.1098988295973021,1.0000305189751728,3.999954221537241,0.1699,30.0781,0.200000000000001,30.100000000000016,0.0032750783255438205,0.0008801847971726997,-0.002592294175821568,289.8827464121269,1.0,0.00018366984377574084,295.1513644652118,295.66827253278615,295.6572879989108,295.65860232240493,295.5675458514277,0.40695518302520384,0.4075962380183256,0.39727659834894014,0.39154559304270253,89413.3945,296.612678262658,-0.4000555756993743,-0.007348147008381749,74.21169492967977,-6.59057657725426,68.61149280331044,73.59426848020978
2048-10-01,Kasese,10529.614022288868,0.827247341034288,19.0,0.0,1.0,0.1098988295973021,1.0000305189751728,3.999954221537241,0.1699,30.0781,0.200000000000001,30.100000000000016,0.003702873687647748,0.0010106882467174174,-0.0026679523877965274,290.18051423879496,1.0,0.00019657109025927663,295.1373886511847,295.672115400616,295.6697430478367,295.6847106369166,295.5771301654143,0.4151396878708325,0.413016676282358,0.39673263154673033,0.39137561650363134,89413.3945,296.53807901189697,-0.39662228933230753,-0.035659878637506824,88.80288088128806,-6.660436112588665,75.8000081765958,74.50288135431464
2048-11-01,Kasese,10529.614022288868,0.827247341034288,19.0,0.0,1.0,0.1098988295973021,1.0000305189751728,3.999954221537241,0.1699,30.0781,0.200000000000001,30.100000000000016,0.004209731758424608,0.0013024946582894728,-0.0027629810884932187,290.40605129968964,1.0,0.00021475554772989872,294.92680938501877,295.4875334708381,295.50719568120275,295.58701901080764,295.5708528224549,0.42564527481366404,0.4231556143287534,0.4002337505449987,0.3925718140245829,89413.3945,296.3706426169194,-0.39600254242999333,-0.09831877952171064,92.92303806230389,-6.976734656942027,85.42204072045264,74.65498682385488
2048-12-01,Kasese,10529.614022288868,0.827247341034288,19.0,0.0,1.0,0.1098988295973021,1.0000305189751728,3.999954221537241,0.1699,30.0781,0.200000000000001,30.100000000000016,0.00425585244816735,0.001462772047075321,-0.00280797323508845,290.44806517495476,1.0,0.00021775883954988545,294.8118530358731,295.37254427999443,295.388880953705,295.47432799239954,295.52306098511417,0.42767503614065044,0.42690101418156634,0.40383795974754544,0.393874885631255,89413.3945,296.33797535026014,-0.40262778160205204,-0.1916896955696533,88.51498099571063,-6.853373540444063,90.28830692597016,75.619262342347
2049-01-01,Kasese,10529.614022288868,0.827247341034288,19.0,0.0,1.0,0.1098988295973021,1.0000305189751728,3.999954221537241,0.1699,30.0781,0.200000000000001,30.100000000000016,0.003933639654315265,0.0013993828509098107,-0.002778744089586015,290.28742931547157,1.0,0.0002057597702864144,294.9336083945746,295.47395240058967,295.4639503185063,295.4803619493218,295.4713465124224,0.42111257190997264,0.4229022153633868,0.4047919551086949,0.39412092207685684,89413.3945,296.51179501665223,-0.3748850073924887,-0.2452725808812604,72.80131195884411,-6.9843020712427135,84.95535661422899,76.63148479311796
2049-02-01,Kasese,10529.614022288868,0.827247341034288,19.0,0.0,1.0,0.1098988295973021,1.0000305189751728,3.999954221537241,0.1699,30.0781,0.200000000000001,30.100000000000016,0.003416557411981974,0.0011589287167359586,-0.002673204063274851,290.074596010348,1.0,0.00018279776826448678,295.35931282860474,295.8654317510797,295.80923034994197,295.6959817837466,295.477393880186,0.40832284069479735,0.41251298281873344,0.4015303574493147,0.3931670680741795,89413.3945,296.89420582758567,-0.33726299667689014,-0.25070338865344155,61.454495356453776,-6.913169726832589,74.40402135142683,76.12754429362577
2049-03-01,Kasese,10529.614022288868,0.827247341034288,19.0,0.0,1.0,0.1098988295973021,1.0000305189751728,3.999954221537241,0.1699,30.0781,0.200000000000001,30.100000000000016,0.0036258993572536105,0.0011112844892389397,-0.0026331658941115676,290.14798630446523,1.0,0.00018195395058450152,295.60889675518325,296.12537264386566,296.074518012106,295.94902110759745,295.5784715124434,0.4065061011155428,0.4084994349222579,0.3981028839412824,0.39210509238372304,89413.3945,297.07918924363486,-0.31787449082467717,-0.19141680787634982,64.17778777317129,-6.937028384014919,66.59195444562535,74.37129109850115
2049-04-01,Kasese,10529.614022288868,0.827247341034288,19.0,0.0,1.0,0.1098988295973021,1.0000305189751728,3.999954221537241,0.1699,30.0781,0.200000000000001,30.100000000000016,0.0042572199451653345,0.0013840372602804286,-0.002718244229119137,290.44092264465786,1.0,0.0002048873932308997,295.47101111110555,296.0217567669304,296.00612306582553,295.97717524612887,295.6936261759725,0.4162246900077755,0.4163190057672721,0.3998477955227388,0.392495887035159,89413.3945,296.9610543595397,-0.3458297124304526,-0.12208609316969937,82.04707910058954,-6.81980990255535,69.81964371172579,73.30260293820784
2049-05-01,Kasese,10529.614022288868,0.827247341034288,19.0,0.0,1.0,0.1098988295973021,1.0000305189751728,3.999954221537241,0.1699,30.0781,0.200000000000001,30.100000000000016,0.0047502876707224955,0.0017110834428030759,-0.0028430917269407093,290.67604501690334,1.0,0.00022688943787826604,295.1156316109175,295.6975764407745,295.72141134979205,295.80852268664603,295.73823343558735,0.42723584635589584,0.42688419087237667,0.40638878642802023,0.3937573794891196,89413.3945,296.7305496802339,-0.38044936135462754,-0.05450820668245398,91.7044773618109,-6.762998727383586,79.8582402578527,73.0432512729197
2049-06-01,Kasese,10529.614022288868,0.827247341034288,19.0,0.0,1.0,0.1098988295973021,1.0000305189751728,3.999954221537241,0.1699,30.0781,0.200000000000001,30.100000000000016,0.004440954798128618,0.0017077440303187896,-0.0028424215297301607,290.4867081176778,1.0,0.000221231926037161,294.8894122191396,295.45996834219113,295.4879002225047,295.60871193969274,295.6912757935084,0.426620162267471,0.4301244554704611,0.41113221112535125,0.3948901935496078,89413.3945,296.6257910311844,-0.40441447078484033,-0.014269264050110439,84.0892426127044,-6.921431999312134,86.29589961500818,72.46731156107033
2049-07-01,Kasese,10529.614022288868,0.827247341034288,19.0,0.0,1.0,0.1098988295973021,1.0000305189751728,3.999954221537241,0.1699,30.0781,0.200000000000001,30.100000000000016,0.0036746808488006735,0.0013618109128312962,-0.0027113208354211968,290.0448814656639,1.0,0.0001957384558708208,294.9239995803451,295.46145776821317,295.46975495947595,295.5424826871767,295.6094723079236,0.41483256114214645,0.42105419208564415,0.40941203278446864,0.39470637829098215,89413.3945,296.6498413852241,-0.41148908371980414,-0.0036286741994524968,67.14045058620756,-6.920098439236075,81.32273739620177,71.56794019249303
2049-08-01,Kasese,10529.614022288868,0.827247341034288,19.0,0.0,1.0,0.1098988295973021,1.0000305189751728,3.999954221537241,0.1699,30.0781,0.200000000000001,30.100000000000016,0.003178503925122008,0.0009781927946044804,-0.0025994455271983173,289.7919523382568,1.0,0.00017845604154288603,295.0552632713273,295.5678452450764,295.56298482505986,295.5874419992595,295.558001149374,0.4064320693588856,0.4110029284526042,0.4028298046850014,0.3934729710168034,89413.3945,296.65366987672064,-0.41497052193728085,-0.00284391029616788,63.851289853958995,-6.916198975183568,72.09040754572224,72.05032846989316
2049-09-01,Kasese,10529.614022288868,0.827247341034288,19.0,0.0,1.0,0.1098988295973021,1.0000305189751728,3.999954221537241,0.1699,30.0781,0.200000000000001,30.100000000000016,0.0032139804326194797,0.0008651153978044413,-0.0025934610805848214,289.86061442039227,1.0,0.0001814295498128275,295.14364635838746,295.6573310371021,295.6435657861385,295.64104572360975,295.5443303595553,0.40655282080110705,0.4080972382864098,0.3982364049652096,0.3922928755946425,89413.3945,296.60215843477005,-0.4056433702533115,-0.010712005775521746,73.28218217678726,-6.881872277892392,68.38661691069622,73.38077063876402
2049-10-01,Kasese,10529.614022288868,0.827247341034288,19.0,0.0,1.0,0.1098988295973021,1.0000305189751728,3.999954221537241,0.1699,30.0781,0.200000000000001,30.100000000000016,0.0036704584779612835,0.0009970836495390215,-0.002668045525373234,290.16539162053004,1.0,0.00019646150019023392,295.11010980712854,295.6457162829175,295.64405254790955,295.6665642131293,295.5537075917311,0.41531688879592316,0.41342828207582955,0.39772675008381014,0.3919879202070713,89413.3945,296.5005014958571,-0.3971361531142918,-0.03801191243283333,87.92937945383734,-6.9375795060632415,75.25411303856187,74.31739477124823
2049-11-01,Kasese,10529.614022288868,0.827247341034288,19.0,0.0,1.0,0.1098988295973021,1.0000305189751728,3.999954221537241,0.1699,30.0781,0.200000000000001,30.100000000000016,0.004175846745501099,0.001289139185983428,-0.002759139321089068,290.3899102178917,1.0,0.00021501165072223432,294.90256810981344,295.4675984902489,295.4856096154439,295.569555867204,295.546287358421,0.4254644356798923,0.4233363725148602,0.4013474197167992,0.3931041225879079,89413.3945,296.3366113409486,-0.39604238803519753,-0.09962301124248125,93.25857296952377,-7.01438329403168,85.08639487592446,74.5990678518122
2049-12-01,Kasese,10529.614022288868,0.827247341034288,19.0,0.0,1.0,0.1098988295973021,1.0000305189751728,3.999954221537241,0.1699,30.0781,0.200000000000001,30.100000000000016,0.004263832102197277,0.0014674419896409969,-0.0028073385813245245,290.4454254131606,1.0,0.00021935141013906977,294.7760828667395,295.340401678836,295.35906238073875,295.4499250480842,295.49761529132144,0.4285104980960843,0.42775736167838835,0.4049872929052159,0.3944802808205045,89413.3945,296.2974159819275,-0.39724611801695026,-0.18618788991077462,88.37550663686447,-6.926531497288735,90.12602730891633,75.33987522958488
2050-01-01,Kasese,10529.614022288868,0.827247341034288,19.0,0.0,1.0,0.1098988295973021,1.0000305189751728,3.999954221537241,0.1699,30.0781,0.200000000000001,30.100000000000016,0.003930189710613682,0.0014044815301548642,-0.0027800672662507617,290.30770296842195,1.0,0.00020622005379005947,294.9040159779948,295.44392904987586,295.4346057159046,295.4507904838629,295.44469342305524,0.4221198093131892,0.42407252679061447,0.4055968029657914,0.394953848518651,89413.3945,296.4854454411863,-0.3696705343317975,-0.2413280197290133,73.1114473290129,-6.950706750858832,85.13859959519114,76.24158204994025
2050-02-01,Kasese,10529.614022288868,0.827247341034288,19.0,0.0,1.0,0.1098988295973021,1.0000305189751728,3.999954221537241,0.1699,30.0781,0.200000000000001,30.100000000000016,0.003408616996329137,0.001152607362332725,-0.0026734848133360203,290.1009073179811,1.0,0.0001829586175298418,295.34470523445475,295.8483181337643,295.79405299713534,295.67475029537644,295.45153793391097,0.408769948831924,0.4129044755268585,0.40185326748752465,0.3940338611989949,89413.3945,296.8764265439185,-0.3350395103784669,-0.24910667060656053,61.51564777207741,-6.906349594675416,74.5885848338516,75.77861776117282
2050-03-01,Kasese,10529.614022288868,0.827247341034288,19.0,0.0,1.0,0.1098988295973021,1.0000305189751728,3.999954221537241,0.1699,30.0781,0.200000000000001,30.100000000000016,0.003609430675785759,0.001107484686001271,-0.002636313840809694,290.15962320764794,1.0,0.00018171186292367445,295.58248806851475,296.0954519798984,296.04732512346317,295.9223233787683,295.55358029692076,0.4068686120003495,0.40936701523263347,0.39877547639323846,0.3928884701419106,89413.3945,297.0439027124491,-0.3191059910309262,-0.19654886769651383,64.30103899694683,-6.994075418184511,66.64039441691784,74.27458082794573
2050-04-01,Kasese,10529.614022288868,0.827247341034288,19.0,0.0,1.0,0.1098988295973021,1.0000305189751728,3.999954221537241,0.1699,30.0781,0.200000000000001,30.100000000000016,0.004223536201784539,0.0013701591117383886,-0.0027173089486961562,290.41168562521824,1.0,0.00020403281449401814,295.4611229972527,296.00858921907394,295.9918980790413,295.95923958085535,295.66879095699704,0.41577740003059666,0.41634778037245884,0.4009822249105595,0.3930727203313508,89413.3945,296.9390886170308,-0.34813174280147496,-0.12619222111557707,81.46315393787818,-7.028891793792287,69.54425863632495,73.21629127474152
2050-05-01,Kasese,10529.614022288868,0.827247341034288,19.0,0.0,1.0,0.1098988295973021,1.0000305189751728,3.999954221537241,0.1699,30.0781,0.200000000000001,30.100000000000016,0.004699516005679488,0.0016823962075171478,-0.0028440953969722667,290.64986079521,1.0,0.00022607628968338825,295.08688325820486,295.6660211595622,295.68963711841235,295.78222470354495,295.713025096772,0.4276544077908175,0.42767736090296954,0.40758304715152854,0.3943376113379617,89413.3945,296.69479299761264,-0.37972208106307814,-0.053418700882422836,91.06219619148237,-7.039324865132911,79.39548442012405,72.81900497370869
2050-06-01,Kasese,10529.614022288868,0.827247341034288,19.0,0.0,1.0,0.1098988295973021,1.0000305189751728,3.999954221537241,0.1699,30.0781,0.200000000000001,30.100000000000016,0.004452117446210492,0.0017017372206801853,-0.0028383866609897486,290.5071571190116,1.0,0.00022272898818080473,294.87185687357277,295.4402611814142,295.4676718875043,295.58784828554104,295.665315466608,0.42746741867092947,0.43034858919244906,0.4117213757582256,0.39556967714319247,89413.3945,296.59040933852646,-0.3961465242167672,-0.008093725325274507,84.56835211211755,-6.958135999189271,86.11948863024504,72.15096097561548
2050-07-01,Kasese,10529.614022288868,0.827247341034288,19.0,0.0,1.0,0.1098988295973021,1.0000305189751728,3.999954221537241,0.1699,30.0781,0.200000000000001,30.100000000000016,0.0036806056552856,0.001361857434947926,-0.0027098967699437895,290.07766338509833,1.0,0.00019674063268210922,294.9013179805658,295.435358273141,295.44884025739424,295.5191573468582,295.5841357626411,0.41580887664219995,0.42180694992393586,0.4098317273398273,0.39561762834819886,89413.3945,296.614219443371,-0.40744093869488224,0.0020879299415552132,67.72968585384187,-6.945098541917246,81.49881985788359,71.35099729509736
2050-08-01,Kasese,10529.614022288868,0.827247341034288,19.0,0.0,1.0,0.1098988295973021,1.0000305189751728,3.999954221537241,0.1699,30.0781,0.200000000000001,30.100000000000016,0.0032105872331816827,0.000999312674865046,-0.0026004651081646345,289.816770094194,1.0,0.00017934431074737644,295.0304108840708,295.5408905822642,295.54013925971066,295.5622861565642,295.53281350080124,0.4073653437162796,0.41209606356032874,0.40357184596692114,0.3944526951054554,89413.3945,296.62144785535367,-0.4110879286722078,-0.0019640192008489716,63.56978058563815,-7.113868254083822,72.3317117169632,71.81327010751554
2050-09-01,Kasese,10529.614022288868,0.827247341034288,19.0,0.0,1.0,0.1098988295973021,1.0000305189751728,3.999954221537241,0.1699,30.0781,0.200000000000001,30.100000000000016,0.0031564892751084982,0.0008400501828513653,-0.002592085264922099,289.84328603569946,1.0,0.00017916281160769895,295.13126172000256,295.64208635516025,295.63117090354984,295.62107340747906,295.5192150314277,0.4062131850382618,0.4084650730678725,0.3991390883617687,0.3931255880606079,89413.3945,296.59323900839536,-0.4109178697987855,-0.014880891130264036,72.36168610580218,-7.174866916404867,68.3135094337206,73.21934106636417
2050-10-01,Kasese,10529.614022288868,0.827247341034288,19.0,0.0,1.0,0.1098988295973021,1.0000305189751728,3.999954221537241,0.1699,30.0781,0.200000000000001,30.100000000000016,0.003647831693507649,0.0009716742352900435,-0.00266574084476204,290.1549930634488,1.0,0.0001962284023552199,295.0812820914991,295.6171688520506,295.6193189030112,295.6436783850338,295.53075234819175,0.415596155116339,0.41381779786229406,0.3986407972696455,0.39261620654298196,89413.3945,296.46657047530704,-0.3969515723274884,-0.040955162057121644,87.22421197787772,-7.194863726423354,74.82999301235526,74.17007965921026
2050-11-01,Kasese,10529.614022288868,0.827247341034288,19.0,0.0,1.0,0.1098988295973021,1.0000305189751728,3.999954221537241,0.1699,30.0781,0.200000000000001,30.100000000000016,0.004149770264972965,0.0012641866512719275,-0.002752461935919216,290.3788659583834,1.0,0.000215051452477606,294.8822352877857,295.44538403151114,295.465792039678,295.54769974083285,295.52293474413267,0.42557855520998106,0.42339316890611345,0.4022492022465556,0.3936409402801213,89413.3945,296.30510918945106,-0.3959845976954474,-0.09916396338946938,93.67032700456714,-7.044253957525581,84.81854778962253,74.57130576203723
2050-12-01,Kasese,10529.614022288868,0.827247341034288,19.0,0.0,1.0,0.1098988295973021,1.0000305189751728,3.999954221537241,0.1699,30.0781,0.200000000000001,30.100000000000016,0.004276462210775027,0.0014638425884783439,-0.0028063346768552534,290.44362235492997,1.0,0.00022063614390971807,294.74626535425654,295.310714579592,295.33125041303333,295.42507696879085,295.47344016173594,0.4295671410828256,0.4287157996613662,0.40591780382818304,0.39516931375009134,89413.3945,296.25929896618027,-0.3922314158463733,-0.17918933933226108,88.18524207904098,-7.1101295752082185,90.05304335458419,75.06283666549007
