date,city,geopotential_height,high_vegetation_cover,high_vegetation_type,lake_cover,land_sea_mask,low_vegetation_cover,low_vegetation_type,soil_type,target_latitude,target_longitude,grid_latitude,grid_longitude,total_precipitation,runoff,evaporation,dewpoint_temperature_2m,experiment_version,skin_reservoir_content,skin_temperature,soil_temperature_level1,soil_temperature_level2,soil_temperature_level3,soil_temperature_level4,soil_volume_water_content_level1,soil_volume_water_content_level2,soil_volume_water_content_level3,soil_volume_water_content_level4,surface_pressure,temperature_2m,u_component_wind_10m,v_component_wind_10m,rainfall_mm,rainfall_monthly_anomaly,rainfall_3month_avg,rainfall_6month_avg
2025-07-01,Kabale,17455.652201526806,0.9086567073077686,19.0,0.0,1.0,0.0186623533181755,1.0000305189751728,2.000030518975173,-1.242,29.9856,-1.0,30.00000000000001,0.0013123094953155956,0.0005883970092569654,-0.0021953198631192153,284.5428542653258,1.1647066976276919,6.849650838729032e-05,293.1866484937524,293.5742246256611,293.61447921864414,293.4385635843135,293.5028407080002,0.3066105053254743,0.30759458350860125,0.3300455397745846,0.41682859298160024,83033.29397056381,292.9580773720258,-0.5452704538816123,0.7639300760482237,15.512262962226506,0.31564260393526394,50.137837376156604,85.39154245617719
2025-08-01,Kabale,17455.652201526806,0.9086567073077686,19.0,0.0,1.0,0.0186623533181755,1.0000305189751728,2.000030518975173,-1.242,29.9856,-1.0,30.00000000000001,0.0033014635273419836,0.0005331878247114511,-0.0024075010442586708,285.73956007264644,1.1825384341766239,0.00012044239424422041,293.5483870859039,293.93933263186426,293.96430909528766,293.7965523574234,293.5798235817473,0.35489310304956595,0.3459210063856397,0.32574739645023,0.40635194265241825,82997.34725907867,292.894397228828,-0.5120200786512252,0.6019122501133982,43.345395546183155,0.6339631657782772,31.517974149892584,80.82979979433766
2025-09-01,Kabale,17455.652201526806,0.9086567073077686,19.0,0.0,1.0,0.0186623533181755,1.0000305189751728,2.000030518975173,-1.242,29.9856,-1.0,30.00000000000001,0.005221133792052767,0.0009197403925334395,-0.0027735682419480342,286.94577540766005,1.1859424095511557,0.0001523410230787164,293.2933676592175,293.9177660629874,293.8681654550707,293.82077374228777,293.68065479886434,0.3938882906427626,0.391251914932494,0.3655093969730981,0.40095288098282855,82939.8717249312,292.6296188831647,-0.470164384821309,0.4709384379186679,99.70366679011924,-2.212668867662007,58.13857283267069,76.77019366696388
2025-10-01,Kabale,17455.652201526806,0.9086567073077686,19.0,0.0,1.0,0.0186623533181755,1.0000305189751728,2.000030518975173,-1.242,29.9856,-1.0,30.00000000000001,0.006257205191177663,0.0017030308107457857,-0.002891078709446258,287.8457502348583,1.1896506489934595,0.0001865727206088004,292.8845541882062,293.5993074578734,293.5629995790404,293.5971778687845,293.7241735710787,0.4237842086375019,0.42241602213575086,0.4030027888116385,0.4069940439027878,82891.75613859222,292.16143669656486,-0.45608892845308974,0.3481950355223597,126.94357441447234,2.673822954344819,93.435611352908,70.56601036606679
2025-11-01,Kabale,17455.652201526806,0.9086567073077686,19.0,0.0,1.0,0.0186623533181755,1.0000305189751728,2.000030518975173,-1.242,29.9856,-1.0,30.00000000000001,0.0067110015245098196,0.0021977669855619037,-0.002884500114877358,287.99227285442345,1.1985135694680824,0.00022052789091222907,292.4192445074651,293.1126904158768,293.1631808086656,293.29536586083225,293.6096500531921,0.4289306972966357,0.4355698996492742,0.43540331584783815,0.4210050425009311,82873.08218165551,291.77833455368483,-0.3803130037970716,0.18243705390505674,122.15685121145266,-2.055554716600757,115.79082858378067,73.35177332449848
2025-12-01,Kabale,17455.652201526806,0.9086567073077686,19.0,0.0,1.0,0.0186623533181755,1.0000305189751728,2.000030518975173,-1.242,29.9856,-1.0,30.00000000000001,0.004332591310806873,0.0019321097882071662,-0.003003592641663107,287.7580112569788,1.1829870148783237,0.00021388156190674842,292.5501200352162,293.10998720589265,293.1065815613433,293.14060449544996,293.3792024090107,0.4244187109018818,0.4274429076403486,0.42834841350424707,0.4318409719952887,82882.33205812893,291.91830778111773,-0.28959476408582596,0.04010487748703909,91.94581973469074,-1.8199073339042773,111.3126351334648,84.40862427747929
2026-01-01,Kabale,17455.652201526806,0.9086567073077686,19.0,0.0,1.0,0.0186623533181755,1.0000305189751728,2.000030518975173,-1.242,29.9856,-1.0,30.00000000000001,0.003160527070014912,0.0012349893295538563,-0.003106437681337281,286.9706101985292,1.17183481808262,0.0001612747814368109,292.9500032390666,293.47473949764657,293.46484215727713,293.347105556845,293.34879103352046,0.40381742625025097,0.40480510943466164,0.4019831661793212,0.42880363738564997,82876.43470940445,292.55017224073316,-0.026514088026876232,-0.13967714869497921,68.18352231245609,0.39290116209646886,93.3679035230976,93.64769168669628
2026-02-01,Kabale,17455.652201526806,0.9086567073077686,19.0,0.0,1.0,0.0186623533181755,1.0000305189751728,2.000030518975173,-1.242,29.9856,-1.0,30.00000000000001,0.0031303041702271843,0.0009514061505719368,-0.0030600742796100654,286.8959417714358,1.215477805264161,0.00014379870302619414,293.71824926003814,294.21830681841624,294.15591516189545,293.91316370022685,293.4178897007329,0.3891203679809903,0.3854606901432578,0.37644755963787857,0.4225461380399569,82837.94107291811,293.2258014787953,-0.15277854362492227,-0.04989998554390726,81.45115368828198,-0.3558107491268464,82.33528295449449,99.00266622229537
2026-03-01,Kabale,17455.652201526806,0.9086567073077686,19.0,0.0,1.0,0.0186623533181755,1.0000305189751728,2.000030518975173,-1.242,29.9856,-1.0,30.00000000000001,0.005357828328760195,0.0010606999900667818,-0.0031443517774087247,287.84088595182834,1.21512753425977,0.00018955483226961069,293.65802854896447,294.1960651403564,294.1275118087381,294.09474040144767,293.738052010102,0.4137158109566116,0.4123341570114119,0.3867410018937215,0.41764666405353845,82823.24111060111,293.01538168041844,-0.4152088369673655,0.32607531460270456,121.84672811434457,-1.1855633322611148,90.57471024322543,102.6923110271373
2026-04-01,Kabale,17455.652201526806,0.9086567073077686,19.0,0.0,1.0,0.0186623533181755,1.0000305189751728,2.000030518975173,-1.242,29.9856,-1.0,30.00000000000001,0.0065930686270127825,0.0023655039643777137,-0.0030297309360888284,288.4717489338787,1.1850727428586467,0.00022868075262196119,293.09859968533107,293.72335466026897,293.7219523777376,293.828337118237,293.8029144920433,0.42808412363295834,0.4294130883249473,0.42372875741420224,0.42407472811834823,82869.8232137157,292.53979781316076,-0.6533343097671375,0.717393796874549,139.5181705713212,1.2153847683730712,115.903976746918,104.87510340371767
2026-05-01,Kabale,17455.652201526806,0.9086567073077686,19.0,0.0,1.0,0.0186623533181755,1.0000305189751728,2.000030518975173,-1.242,29.9856,-1.0,30.00000000000001,0.004444292125926024,0.0026564625255472325,-0.002979487988958224,287.98059305092926,1.3020911788380465,0.000169350790811115,292.8852176996894,293.3992270370068,293.42580170743537,293.5944210526827,293.72325260582534,0.4067043647962673,0.4136477711002706,0.42340308486677475,0.4333441493652454,82961.76076949708,292.5598854879641,-0.7871724552466338,0.9660204184641428,107.5248803618266,-2.8986949435048968,127.81661309103258,102.95896225695155
2026-06-01,Kabale,17455.652201526806,0.9086567073077686,19.0,0.0,1.0,0.0186623533181755,1.0000305189751728,2.000030518975173,-1.242,29.9856,-1.0,30.00000000000001,0.0021678549123628063,0.0013312607575203114,-0.0025964018414964428,285.95340502390735,1.293221576929847,9.597074869675211e-05,292.74313788880886,293.2463646722847,293.2683437838723,293.4225688116899,293.62680437085606,0.34918282023894126,0.3590276182020053,0.37069483309659124,0.4295009525139376,83016.46048944922,292.6969189954293,-0.5887918032287722,0.8889491345202929,25.757110966163644,2.454913547567272,93.67462325662723,93.66658178521234
2026-07-01,Kabale,17455.652201526806,0.9086567073077686,19.0,0.0,1.0,0.0186623533181755,1.0000305189751728,2.000030518975173,-1.242,29.9856,-1.0,30.00000000000001,0.0009384464630984691,0.0005137347339643704,-0.002199650969912091,284.41367701288266,1.23378356327254,6.597773093797655e-05,293.27258323001263,293.6061445103764,293.58439667553455,293.5077016615513,293.49831030551,0.3095675591895167,0.3108067499059915,0.3328463875008514,0.41793242511578915,83010.23631602137,293.0191070611239,-0.5770799526760186,0.8090416158517975,15.825322668627987,-1.1933358295963599,50.66574829909524,83.85559454161546
2026-08-01,Kabale,17455.652201526806,0.9086567073077686,19.0,0.0,1.0,0.0186623533181755,1.0000305189751728,2.000030518975173,-1.242,29.9856,-1.0,30.00000000000001,0.0033476747794464125,0.0005148012791109367,-0.0023387649649929897,285.62758470846273,1.2009498669534255,0.00011479370928008301,293.539176234148,294.02877858024067,293.9439352942755,293.8443593120288,293.5883635847351,0.3510054526844137,0.341693486139958,0.32758996810865815,0.4073333976069323,82969.4401535674,292.86589179749444,-0.5398239096698395,0.6086940698075903,46.14885761870444,0.6368405076582793,30.043715885978916,80.77161638027053
2026-09-01,Kabale,17455.652201526806,0.9086567073077686,19.0,0.0,1.0,0.0186623533181755,1.0000305189751728,2.000030518975173,-1.242,29.9856,-1.0,30.00000000000001,0.004817589097985684,0.0009044993277524459,-0.002757186207290641,287.07698856630634,1.2026263658403415,0.00015596379446615992,293.31093292721954,293.87872898243637,293.89429884381605,293.856807620376,293.6713643364954,0.3974647780024281,0.39300879628977,0.3607238507051084,0.4015078575143389,82928.63479895529,292.52201293562064,-0.5247432744976536,0.4497200126505435,100.71350124907175,1.1295090997635708,52.988683067205095,73.95813483700658
2026-10-01,Kabale,17455.652201526806,0.9086567073077686,19.0,0.0,1.0,0.0186623533181755,1.0000305189751728,2.000030518975173,-1.242,29.9856,-1.0,30.00000000000001,0.006732702558793192,0.00166974342595704,-0.0029177200459746494,287.59843903960183,1.2047670783790674,0.00019127541429888394,292.88929930644343,293.473517249478,293.5288633672561,293.67154381442333,293.74120261872855,0.422105513550148,0.42576055997986795,0.40088146700867483,0.40750446370390564,82872.73832956949,292.28748987220354,-0.42969613623201797,0.2954403885762305,123.66768682568653,-0.2260210506367943,90.10646449572617,70.69164929099895
2026-11-01,Kabale,17455.652201526806,0.9086567073077686,19.0,0.0,1.0,0.0186623533181755,1.0000305189751728,2.000030518975173,-1.242,29.9856,-1.0,30.00000000000001,0.006623075324059726,0.0023460212852750174,-0.0028631465087995333,287.99526407401015,1.2099168653055294,0.00021891692848331914,292.4158498387131,293.10165656063754,293.1786772088185,293.3468478153654,293.59568460755924,0.4319452197076954,0.4361413911370303,0.431113948863394,0.4235886017053694,82850.4221950306,291.81428870987077,-0.3700823737703612,0.2039554586084315,120.52988018200544,-1.8560316845863998,118.74753660210942,74.17318953510139
2026-12-01,Kabale,17455.652201526806,0.9086567073077686,19.0,0.0,1.0,0.0186623533181755,1.0000305189751728,2.000030518975173,-1.242,29.9856,-1.0,30.00000000000001,0.004579468524668885,0.0020255271724358855,-0.0029486473186333155,287.77023049159567,1.2421826548284338,0.00021424629765958613,292.52868501446767,293.0410137905408,293.0932630422499,293.1604530412163,293.4584731274729,0.42768225355301587,0.42952359817272207,0.4330545841200669,0.43255266762052885,82871.54822649447,292.00203392888034,-0.2421144044121898,-0.044085294688870166,90.27333781474738,2.1452221969933594,110.86558675488213,84.21234486274255
2027-01-01,Kabale,17455.652201526806,0.9086567073077686,19.0,0.0,1.0,0.0186623533181755,1.0000305189751728,2.000030518975173,-1.242,29.9856,-1.0,30.00000000000001,0.0033741523588503753,0.0013160073976444435,-0.0030892186995894523,286.9999142834852,1.2322630313067473,0.00016389330572987173,292.963704304865,293.51466635923794,293.4585600138461,293.3837389327789,293.3704823030774,0.4048151398871676,0.4031785952167819,0.40575888327043513,0.43221345167129194,82844.94466160942,292.55948656759995,-0.042498968354666544,-0.12621427298902446,64.01522197740691,-1.4266478027931966,95.11454333562887,92.26916555813573
2027-02-01,Kabale,17455.652201526806,0.9086567073077686,19.0,0.0,1.0,0.0186623533181755,1.0000305189751728,2.000030518975173,-1.242,29.9856,-1.0,30.00000000000001,0.003207329203080316,0.0008459892146784861,-0.00309098112765348,286.97429136870244,1.221488112590758,0.00013995423640557474,293.83001803426214,294.27057178223646,294.18550178203424,293.89612589020805,293.4909864430642,0.38832021736903394,0.38520004492410476,0.3799838493362359,0.42248489863931393,82825.27675678398,293.2441112055753,-0.15332310180471306,-0.057266389443505344,79.60516204188013,-0.6700394895814958,80.27396576988889,97.43107225776151
2027-03-01,Kabale,17455.652201526806,0.9086567073077686,19.0,0.0,1.0,0.0186623533181755,1.0000305189751728,2.000030518975173,-1.242,29.9856,-1.0,30.00000000000001,0.004988007671477823,0.0010614160995464327,-0.0030666630024954377,287.6235278013289,1.2363978418125534,0.0001865352037428756,293.5751639448395,294.1033721626604,294.15036853277155,294.0495732267128,293.70014419404964,0.40927675657646,0.4101663210691606,0.38386005375218807,0.419023077872994,82811.0730315585,292.960075811614,-0.39233254828334785,0.2636917248543872,124.13245894995327,-1.5078219459108912,89.0237967843809,103.51348225269503
2027-04-01,Kabale,17455.652201526806,0.9086567073077686,19.0,0.0,1.0,0.0186623533181755,1.0000305189751728,2.000030518975173,-1.242,29.9856,-1.0,30.00000000000001,0.006499354788997122,0.0021068674488150642,-0.003039188268638109,288.3695003823201,1.2435883505966343,0.00022116259713143542,293.09610915653565,293.71098073812675,293.74472350653093,293.816606116916,293.81353817009676,0.4247396516292923,0.42446767794893553,0.41757728611976475,0.42326231790687874,82840.22203788129,292.5855165638024,-0.621984093631093,0.7156103075667509,140.9859831046438,-2.3106819430682863,113.9190970546076,104.96025611739397
2027-05-01,Kabale,17455.652201526806,0.9086567073077686,19.0,0.0,1.0,0.0186623533181755,1.0000305189751728,2.000030518975173,-1.242,29.9856,-1.0,30.00000000000001,0.004807697391925568,0.002462692483398637,-0.0029356728418471973,287.9413808795898,1.2872742157807127,0.00018493960746223203,292.79118591921946,293.38747492802474,293.45790645671934,293.5583131868229,293.72238625304135,0.408835380306691,0.4136079499212024,0.41862008180645655,0.43530963768016423,82922.07372686308,292.5393827396663,-0.8034604927139718,1.0049487357150115,110.3963897434809,-0.1833452931364108,125.80249867397677,102.43497426075437
2027-06-01,Kabale,17455.652201526806,0.9086567073077686,19.0,0.0,1.0,0.0186623533181755,1.0000305189751728,2.000030518975173,-1.242,29.9856,-1.0,30.00000000000001,0.0030227949280845585,0.0015249670655321265,-0.0026577875935157444,286.07267115845735,1.296149482823977,0.00010535473317791215,292.7144613944438,293.2254833206424,293.27641126359396,293.4430846890905,293.62690869648867,0.35656458978612626,0.3645342848088034,0.3801779084615003,0.43100755172270294,82986.85983715462,292.6907581864233,-0.47816217149748963,0.8257909346958121,25.309528460585213,3.4331486317322883,95.95762044547955,93.13988145200267
2027-07-01,Kabale,17455.652201526806,0.9086567073077686,19.0,0.0,1.0,0.0186623533181755,1.0000305189751728,2.000030518975173,-1.242,29.9856,-1.0,30.00000000000001,0.000732586925887127,0.00047592016493252414,-0.002146562997218338,284.05534005975454,1.2657911781879991,6.172291941762334e-05,293.2254842061766,293.64269563989825,293.59895486018416,293.4874343561518,293.49935853553256,0.29623686370070945,0.31097017529287974,0.3359826349683697,0.41856165663337885,83000.49917612117,293.0574733354129,-0.6880279293667046,0.8156894591067612,14.5955260346222,0.35956360371045193,52.66301279877299,84.03805481071713
2027-08-01,Kabale,17455.652201526806,0.9086567073077686,19.0,0.0,1.0,0.0186623533181755,1.0000305189751728,2.000030518975173,-1.242,29.9856,-1.0,30.00000000000001,0.0030844895662662367,0.0004916986308680101,-0.002310817866678246,285.43882228122834,1.2552457613034815,0.00010877231497894884,293.603277242799,294.0148249361074,293.9797371401218,293.8923515834955,293.61863361616633,0.34460461440537604,0.3356352822559143,0.3204023886372561,0.40612913108242205,82955.39279440598,292.9563612239935,-0.5734723647270592,0.5965710207455469,47.98851009239033,1.786542670233998,27.364722560280192,79.2513757387085
2027-09-01,Kabale,17455.652201526806,0.9086567073077686,19.0,0.0,1.0,0.0186623533181755,1.0000305189751728,2.000030518975173,-1.242,29.9856,-1.0,30.00000000000001,0.004656330085605273,0.0007756777603966022,-0.0026999603997336554,287.01200047162916,1.2514256811534201,0.00015311169173742907,293.310313003513,293.8551855917795,293.8047814026411,293.8755100634467,293.68804326040356,0.40169658683788606,0.39198081501026594,0.35701812226196566,0.4028342137867284,82914.5879069079,292.53098078059395,-0.5123946423261142,0.46673645836633276,100.11498855489643,-2.4507865953596513,51.36257376152208,74.80642230971027
2027-10-01,Kabale,17455.652201526806,0.9086567073077686,19.0,0.0,1.0,0.0186623533181755,1.0000305189751728,2.000030518975173,-1.242,29.9856,-1.0,30.00000000000001,0.006597894474410228,0.0017623277624966402,-0.0028455600732931116,287.56578902790204,1.2394989404780574,0.00019294586097896301,292.8485197338787,293.56291604025574,293.50543367948427,293.6497570407481,293.7116688988209,0.424307240924732,0.4226385632683041,0.39508946706880643,0.40577921861290034,82833.74505455278,292.16763964714994,-0.40829445202402054,0.29519673888799813,125.14685652954667,-0.8660879092020367,92.77074303170775,73.16076272067454
2027-11-01,Kabale,17455.652201526806,0.9086567073077686,19.0,0.0,1.0,0.0186623533181755,1.0000305189751728,2.000030518975173,-1.242,29.9856,-1.0,30.00000000000001,0.0062992011448594265,0.002058688627416994,-0.002787280172462277,287.9047135728044,1.2280925782405652,0.0002248499840343852,292.4596460226535,293.1068071247782,293.1771816062525,293.31931691086567,293.573461664222,0.4319893656298644,0.44322176140813974,0.43052841108937234,0.42294175320015004,82821.77465895601,291.75371380533244,-0.38348316045639264,0.17301613998454607,118.16135799191595,-4.315771658774757,118.93768406447163,73.94196439627225
2027-12-01,Kabale,17455.652201526806,0.9086567073077686,19.0,0.0,1.0,0.0186623533181755,1.0000305189751728,2.000030518975173,-1.242,29.9856,-1.0,30.00000000000001,0.00503213671795579,0.002064172072907376,-0.0029166451300951008,287.6526218600561,1.216823845524046,0.0002165300111088681,292.50172045383874,293.17762963772225,293.11516499687906,293.19703833455645,293.3989001105928,0.4315687289900415,0.4361278275457712,0.4298516452177061,0.43449141118453144,82862.24294692118,292.0166191238758,-0.179185865791551,-0.031961019035286475,91.80748679336565,-1.1280691107104408,117.02369659566098,84.52931880636815
2028-01-01,Kabale,17455.652201526806,0.9086567073077686,19.0,0.0,1.0,0.0186623533181755,1.0000305189751728,2.000030518975173,-1.242,29.9856,-1.0,30.00000000000001,0.0030898904309334158,0.0013232676961116682,-0.003037285276672332,287.18043690253324,1.2293744687745678,0.0001632343687258347,292.95218601713066,293.52497454875976,293.4595777959488,293.372851283628,293.32225491397924,0.4058435949622791,0.41125912357876887,0.40622926337668847,0.4337732566454208,82826.65451151736,292.60227091807354,-0.06405165264254338,-0.10713783996904137,68.11558688041,-1.065932646319175,93.71209176238263,93.92607711159893
2028-02-01,Kabale,17455.652201526806,0.9086567073077686,19.0,0.0,1.0,0.0186623533181755,1.0000305189751728,2.000030518975173,-1.242,29.9856,-1.0,30.00000000000001,0.002998576843127298,0.001050230120603329,-0.0029839809244217278,287.00015933607364,1.2413638194168104,0.00014842823025326332,293.78522993302033,294.27397103543507,294.1723349965681,293.90706272460324,293.4708519082101,0.3904113974809146,0.38449410829902464,0.37809298535829455,0.42322109397044677,82810.3861841527,293.2675865823233,-0.19073106893586192,-0.022685978130535273,79.21540312038061,1.534788743739123,78.52275276510498,98.10391121653944
2028-03-01,Kabale,17455.652201526806,0.9086567073077686,19.0,0.0,1.0,0.0186623533181755,1.0000305189751728,2.000030518975173,-1.242,29.9856,-1.0,30.00000000000001,0.005566581421816428,0.0012730630250524805,-0.0030646315133105733,288.1635265700891,1.221217696431507,0.0001874519640442534,293.7665360594935,294.26342140129736,294.19759626090837,294.1110765173911,293.66984879251277,0.41872595053891487,0.4194634116941239,0.3907672617463928,0.4189443277632262,82796.13796701175,293.0986033587254,-0.42224473863363865,0.28211618039223035,127.55551385462407,2.1679337112181614,94.52855001520528,101.89125457177664
2028-04-01,Kabale,17455.652201526806,0.9086567073077686,19.0,0.0,1.0,0.0186623533181755,1.0000305189751728,2.000030518975173,-1.242,29.9856,-1.0,30.00000000000001,0.007186522143918732,0.0022288113124873136,-0.0029815662173343126,288.81689584990016,1.220632326472643,0.00023170932150931014,293.13527285124195,293.6906904839675,293.77955942409204,293.7844293198343,293.79404326924083,0.4367667543573564,0.4385236664998376,0.42687192218513614,0.4234996870948813,82826.5960668951,292.48818693423414,-0.6733863224842395,0.7112818323367304,141.68885081248192,-2.1254266952607153,119.7163901125142,104.40686533317813
2028-05-01,Kabale,17455.652201526806,0.9086567073077686,19.0,0.0,1.0,0.0186623533181755,1.0000305189751728,2.000030518975173,-1.242,29.9856,-1.0,30.00000000000001,0.004469567873353946,0.002997063523538887,-0.002929473702072693,287.71494316460473,1.3578294589850943,0.00017132198539530392,292.8461781718407,293.4334167615245,293.4402648302442,293.5789307908137,293.77330420793686,0.4014192905352061,0.41176211406086877,0.4239990420042931,0.4385950215550023,82923.2933506903,292.56982944711797,-0.7518870394883582,0.932529177008926,109.67573188269341,1.0374116790370218,124.66782449984642,104.86611803245904
2028-06-01,Kabale,17455.652201526806,0.9086567073077686,19.0,0.0,1.0,0.0186623533181755,1.0000305189751728,2.000030518975173,-1.242,29.9856,-1.0,30.00000000000001,0.0009502462242255417,0.0009654313331266221,-0.002451288291688662,285.4336777208274,1.3677797707264487,8.578110004317329e-05,292.69152650916845,293.2457705318064,293.22039869216997,293.3763932772313,293.65251048424574,0.32846950939248876,0.3467139896739428,0.3622363994371142,0.4281934584813186,82974.16160433086,292.6504260914243,-0.7953802710521541,1.031428046082643,29.88527785885707,0.1311018072828964,90.36389154260324,93.09894370110851
2028-07-01,Kabale,17455.652201526806,0.9086567073077686,19.0,0.0,1.0,0.0186623533181755,1.0000305189751728,2.000030518975173,-1.242,29.9856,-1.0,30.00000000000001,0.0014666547446625378,0.0004862736612881706,-0.002108648105059061,284.5822964656364,1.2413625320797395,7.30179078823797e-05,293.2042422734819,293.6044764470983,293.59174391307766,293.51525397305016,293.5319959464448,0.31372455124801296,0.30531786510086917,0.32956746245209906,0.4167415480918711,82951.58836760423,292.8517670848097,-0.49153467375954485,0.757144407509775,19.965440225105237,0.6231506671604569,45.2270730743048,85.65111651100138
2028-08-01,Kabale,17455.652201526806,0.9086567073077686,19.0,0.0,1.0,0.0186623533181755,1.0000305189751728,2.000030518975173,-1.242,29.9856,-1.0,30.00000000000001,0.003356388754565494,0.00048828115698290153,-0.0023384623083279386,285.61356087261623,1.202192042104596,0.00011882695585662587,293.5258490471506,294.0278180269545,293.95198804265925,293.81517652584995,293.5790869857882,0.3635250796582663,0.35464418464645847,0.3278816530578248,0.40401308746986087,82928.04314607652,292.9353733738328,-0.4889381151296689,0.5266553789199566,46.1095150935073,-1.6821592196402375,30.40053045352656,80.11879889963241
2028-09-01,Kabale,17455.652201526806,0.9086567073077686,19.0,0.0,1.0,0.0186623533181755,1.0000305189751728,2.000030518975173,-1.242,29.9856,-1.0,30.00000000000001,0.005345110072397178,0.0010221685583838376,-0.002666107764193477,286.8685785621619,1.252539567540601,0.00015279132939307742,293.36545528215726,293.9534558681958,293.92999210261667,293.8320447354189,293.6518947485152,0.3946844911223428,0.3919880680041543,0.3677292813460587,0.4022313304771857,82862.15100126842,292.5871891992388,-0.47100911322175915,0.4441230266938023,101.83602603667813,-3.435294429031809,59.15680525572563,75.25059410348545
2028-10-01,Kabale,17455.652201526806,0.9086567073077686,19.0,0.0,1.0,0.0186623533181755,1.0000305189751728,2.000030518975173,-1.242,29.9856,-1.0,30.00000000000001,0.006143533231574148,0.0015158059407294026,-0.002814374591673762,287.71535492285744,1.2362556615627596,0.00018850135143919918,292.9538431550047,293.6499753208347,293.62163512200107,293.6998407140786,293.71321531002616,0.42035385405413744,0.42227971233709105,0.40323769468599424,0.4128913186025877,82833.83556457899,292.28799814310935,-0.4569560462963363,0.3444835545368615,127.16217771593995,-0.5955596263074956,90.99527160129344,69.92172703457774
2028-11-01,Kabale,17455.652201526806,0.9086567073077686,19.0,0.0,1.0,0.0186623533181755,1.0000305189751728,2.000030518975173,-1.242,29.9856,-1.0,30.00000000000001,0.006436295010987793,0.002358898766064247,-0.0027485757807746937,288.06392324335513,1.267992772553314,0.00021709042630491996,292.44711362026493,293.1482176179927,293.15303904974724,293.34899300106287,293.67673432748285,0.4296279893580321,0.44002324921314323,0.43769421603332803,0.4257599480025411,82816.13301029656,291.80749569763185,-0.3303338218200916,0.2150741823664384,126.17101577275288,-1.826057233065149,116.60924688341238,74.75385317838234
2028-12-01,Kabale,17455.652201526806,0.9086567073077686,19.0,0.0,1.0,0.0186623533181755,1.0000305189751728,2.000030518975173,-1.242,29.9856,-1.0,30.00000000000001,0.004442080619539704,0.001826261118084839,-0.002911700655225836,287.7546443931101,1.2607807652049845,0.00021866661147032762,292.5056374498094,293.0419207047611,293.0965460560284,293.1399075489451,293.38955114547645,0.4288940871412583,0.42742748722398927,0.42381131136587796,0.43341903111674096,82805.78098054211,291.88995428371334,-0.3232886888808755,0.05217742129850855,87.54122542225112,-3.6772195996819734,108.98640160120262,84.6989676697868
2029-01-01,Kabale,17455.652201526806,0.9086567073077686,19.0,0.0,1.0,0.0186623533181755,1.0000305189751728,2.000030518975173,-1.242,29.9856,-1.0,30.00000000000001,0.0029182719137068685,0.0012419386263568708,-0.003034988005160893,286.9623032873933,1.2607766434584917,0.00017048208125846354,292.9735048401271,293.4965388407189,293.4668140201724,293.37879347820603,293.3778558299902,0.4019180687308965,0.40468468889068737,0.402321349664081,0.4317935762101907,82810.19128265152,292.5942270885108,-0.023165698252080705,-0.13605361162046997,71.53438423681402,1.0014507443082512,92.38423393067768,92.74129608319285
2029-02-01,Kabale,17455.652201526806,0.9086567073077686,19.0,0.0,1.0,0.0186623533181755,1.0000305189751728,2.000030518975173,-1.242,29.9856,-1.0,30.00000000000001,0.0029448923728405533,0.0009082777584418801,-0.003003372480829392,286.9482311975577,1.2639413711775254,0.00013800469382920291,293.72547757534505,294.195467123923,294.08517463209284,293.79724947963626,293.4432127392581,0.3856175992443968,0.3893178985218433,0.3799986246933737,0.42342685087631965,82771.19126587917,293.21957596068626,-0.10410667066553773,-0.06719329023021953,76.25798566750585,0.5514013612147264,78.67103477967295,98.05602988674293
2029-03-01,Kabale,17455.652201526806,0.9086567073077686,19.0,0.0,1.0,0.0186623533181755,1.0000305189751728,2.000030518975173,-1.242,29.9856,-1.0,30.00000000000001,0.005145309473669574,0.001249607666171787,-0.0029997237700829424,287.972797361586,1.252445418292582,0.00018911512404377122,293.7310839481485,294.23929161388037,294.2353265068345,294.11273475695197,293.6873289712523,0.41975602057547307,0.41666428000404987,0.38400744819722854,0.4190903179229738,82774.28316773537,293.04035642191417,-0.41206355545171447,0.31978770473470636,132.44394835609424,2.1204658801559457,93.53036611182951,105.16835494686428
2029-04-01,Kabale,17455.652201526806,0.9086567073077686,19.0,0.0,1.0,0.0186623533181755,1.0000305189751728,2.000030518975173,-1.242,29.9856,-1.0,30.00000000000001,0.006787558732448497,0.002380001550805059,-0.0029588110380476466,288.5547852698691,1.2721259085924843,0.0002409241664285992,293.04252005546914,293.6863419945682,293.8032060644376,293.82813821648125,293.829679397546,0.42743240471819355,0.43483695920131327,0.4210357826239917,0.4247843327525466,82800.79574545444,292.51279759023663,-0.6486891536848922,0.6787743808974573,144.63276066957332,1.9323629936178677,120.49211650811935,107.1816436779012
2029-05-01,Kabale,17455.652201526806,0.9086567073077686,19.0,0.0,1.0,0.0186623533181755,1.0000305189751728,2.000030518975173,-1.242,29.9856,-1.0,30.00000000000001,0.004665528100385747,0.002695230056027976,-0.002911529241073609,287.7945289754973,1.3537846922641774,0.00017083493611100493,292.8612830937581,293.44681675914984,293.4399620596818,293.5457540259711,293.7155011783245,0.40718316136663396,0.4193963340867088,0.42055791824041633,0.43827896682864853,82895.61530132216,292.5540915485315,-0.796385894576068,0.9313085085143574,104.42811215889947,-1.8912424355879702,127.13887087841583,102.5701462735591
2029-06-01,Kabale,17455.652201526806,0.9086567073077686,19.0,0.0,1.0,0.0186623533181755,1.0000305189751728,2.000030518975173,-1.242,29.9856,-1.0,30.00000000000001,0.001491545732757111,0.0012154947776856653,-0.0025310869408061635,285.5217957733455,1.3504388953799793,9.579344975937277e-05,292.7375124508992,293.2043295108305,293.33080877157147,293.3809598256749,293.6166934048877,0.33759503317739203,0.35796752099273826,0.3711961452045595,0.429497067313527,82960.03299148256,292.7147548097889,-0.6874191549591737,0.9890923177564073,29.80657659483927,-0.17522570870951018,92.13664063515066,94.36135201823367
2029-07-01,Kabale,17455.652201526806,0.9086567073077686,19.0,0.0,1.0,0.0186623533181755,1.0000305189751728,2.000030518975173,-1.242,29.9856,-1.0,30.00000000000001,0.0011640742784942513,0.000549998024191471,-0.0020756624616601943,284.45145519320477,1.266633264611522,7.371276546943785e-05,293.26529562181497,293.69260750277203,293.5645878701156,293.50873469949795,293.4866781478223,0.3020976859288518,0.3134210759075925,0.3334205380431084,0.4190317460526361,82942.72999000501,292.91254762452616,-0.5198014035262276,0.745049933863739,15.137905402280362,0.25680442245274987,48.45981319032683,85.14802388395788
2029-08-01,Kabale,17455.652201526806,0.9086567073077686,19.0,0.0,1.0,0.0186623533181755,1.0000305189751728,2.000030518975173,-1.242,29.9856,-1.0,30.00000000000001,0.0033922470009981605,0.00038851793927997363,-0.002296332895083793,285.8203351846037,1.2778250201439707,0.00012055412485477605,293.5526112002193,293.99257226807606,293.9759007915396,293.82389694666773,293.61090192020595,0.35856947903291825,0.35022888726730894,0.32790442591289476,0.4047141899369427,82910.02217910468,292.93165940394147,-0.4849612546412417,0.5525776634979506,46.00332542738598,-1.3958158694830078,33.20583514640765,81.00143027153871
2029-09-01,Kabale,17455.652201526806,0.9086567073077686,19.0,0.0,1.0,0.0186623533181755,1.0000305189751728,2.000030518975173,-1.242,29.9856,-1.0,30.00000000000001,0.004985760367855787,0.0009718970600113246,-0.0026076036980458516,286.97998580300606,1.278440738876627,0.00016091263775391853,293.3458064432478,293.9061521309642,293.91549849626153,293.87496723887324,293.6389919483933,0.39560534235579947,0.39198688121219244,0.36628144560290754,0.4015971113070058,82851.439005543,292.59574848206915,-0.494270736573384,0.4563830225009305,102.44175020534763,-0.5752918856967613,52.03155696088405,74.83476995920371
2029-10-01,Kabale,17455.652201526806,0.9086567073077686,19.0,0.0,1.0,0.0186623533181755,1.0000305189751728,2.000030518975173,-1.242,29.9856,-1.0,30.00000000000001,0.006299585515279964,0.0016458595980907626,-0.0028107652714271813,287.9157771281835,1.2789759968880354,0.00018660060086751615,292.8511860753617,293.52684790294086,293.54635399859364,293.6622049532201,293.72132800338034,0.42164525955090826,0.42893265652259827,0.40358717390161514,0.40626388136826047,82812.52873665057,292.28966391717915,-0.43887483795989396,0.3191216924088547,121.84602650348867,0.49111493969791165,91.48342723331557,71.6824029435302
2029-11-01,Kabale,17455.652201526806,0.9086567073077686,19.0,0.0,1.0,0.0186623533181755,1.0000305189751728,2.000030518975173,-1.242,29.9856,-1.0,30.00000000000001,0.006686368971886999,0.0022600929721268833,-0.002753299752381961,287.90305427818686,1.2827309746801048,0.00021650549003217809,292.47134537511306,293.09236296584425,293.1686929268858,293.38440070231627,293.6111626800856,0.43136545262507037,0.43996586198787513,0.430418096426699,0.42477343124526856,82783.23523766042,291.7603292253392,-0.36078229939060735,0.1653877293621086,127.54457680090428,0.2110654127857377,116.81833942514314,74.9115848131157
2029-12-01,Kabale,17455.652201526806,0.9086567073077686,19.0,0.0,1.0,0.0186623533181755,1.0000305189751728,2.000030518975173,-1.242,29.9856,-1.0,30.00000000000001,0.004517477967367726,0.0019803574052332197,-0.0028640457596460995,287.62735611133036,1.265448740155454,0.0002190930012355208,292.49577957309964,293.0576961751845,293.1526663825899,293.1816710243236,293.43745011051084,0.42944190384868236,0.43264284590979424,0.42685173587219805,0.43421780014271344,82792.5814716502,291.9509100627131,-0.25745793576307036,0.004123758112103457,90.06546430552656,1.0357219970583835,112.7416035820526,84.7742407830859
2030-01-01,Kabale,17455.652201526806,0.9086567073077686,19.0,0.0,1.0,0.0186623533181755,1.0000305189751728,2.000030518975173,-1.242,29.9856,-1.0,30.00000000000001,0.002993015791799621,0.0013944607022309953,-0.0030234142599705346,287.02447201347144,1.2824164964274398,0.00016595358875943952,292.9839783387387,293.4896951309464,293.40378123399114,293.38614818890267,293.37001035016965,0.4073400282089554,0.40776054016953,0.40397079914368866,0.43073394803187415,82792.57577139302,292.5434105647881,-0.02157343643467493,-0.14947823069907737,72.23507973455978,-0.6010856706932548,95.75745835089973,94.70728338918394
2030-02-01,Kabale,17455.652201526806,0.9086567073077686,19.0,0.0,1.0,0.0186623533181755,1.0000305189751728,2.000030518975173,-1.242,29.9856,-1.0,30.00000000000001,0.0031739812130010727,0.0008079256645757141,-0.0029097732709526436,286.88828571474136,1.2718461779581398,0.00014723348189886706,293.758630477469,294.20717346929115,294.12502560968835,293.90893618196344,293.4633880061631,0.3898820326698097,0.38867306762449483,0.38182446592128777,0.4244672151669647,82757.99770404915,293.25690714140194,-0.13475672792382534,-0.07791919488576012,84.51024412112197,-2.160952186315121,77.80453210691273,98.02854380904468
2030-03-01,Kabale,17455.652201526806,0.9086567073077686,19.0,0.0,1.0,0.0186623533181755,1.0000305189751728,2.000030518975173,-1.242,29.9856,-1.0,30.00000000000001,0.004921754075684237,0.001051416644594532,-0.002984809134112801,288.04583721887974,1.30062726101137,0.00019373620457088642,293.62621626686297,294.176593934103,294.11099935613066,294.0878340237498,293.7458493638303,0.4151992652166077,0.41380010198617706,0.38754255045154573,0.41808425071944216,82749.12725609033,293.0354913063327,-0.4235766541763213,0.24409487702208033,126.77023818520446,0.6319469051762578,88.81280247545635,103.07490338222225
2030-04-01,Kabale,17455.652201526806,0.9086567073077686,19.0,0.0,1.0,0.0186623533181755,1.0000305189751728,2.000030518975173,-1.242,29.9856,-1.0,30.00000000000001,0.006623286624475524,0.0022222717538855144,-0.0029011518085432144,288.4812457696575,1.3093433095599283,0.00022484716436408118,293.0995533190558,293.7287346625083,293.77816607422915,293.81762087674326,293.81748140400487,0.4307904289797602,0.4302561603251612,0.42107482261482015,0.4243525469403409,82788.88405401217,292.59136306733234,-0.6409565684207592,0.6829881054312579,147.41019061243537,-1.5628629293597962,117.33036481320006,105.90010650876178
2030-05-01,Kabale,17455.652201526806,0.9086567073077686,19.0,0.0,1.0,0.0186623533181755,1.0000305189751728,2.000030518975173,-1.242,29.9856,-1.0,30.00000000000001,0.004720401360952526,0.0025862140583855064,-0.0028364919767397425,287.95105630265897,1.3708951714555173,0.00018048889293723942,292.85212232346026,293.4585455887615,293.42833736819995,293.6206636342735,293.7238548410336,0.4084943899407585,0.410339164167063,0.420789304061279,0.4338676929264859,82868.1380080526,292.5017648134094,-0.7716614430494277,0.9190815691766709,111.50301356077173,-0.1524186441317764,127.9567114251853,104.80186757652105
2030-06-01,Kabale,17455.652201526806,0.9086567073077686,19.0,0.0,1.0,0.0186623533181755,1.0000305189751728,2.000030518975173,-1.242,29.9856,-1.0,30.00000000000001,0.002141164479043065,0.0013537230272476087,-0.002489839193808956,285.77949027536226,1.3781603456539053,0.00010653968813394608,292.7682702529593,293.27277487997213,293.29057735755475,293.43209060394753,293.6228945854297,0.34842039005626807,0.3589141528616747,0.37571300998314006,0.4289619811093658,82931.93854547614,292.734522106992,-0.5659113365045909,0.8576444798860614,30.058631612128526,0.9511742707939416,93.5823552096603,94.05406938551569
2030-07-01,Kabale,17455.652201526806,0.9086567073077686,19.0,0.0,1.0,0.0186623533181755,1.0000305189751728,2.000030518975173,-1.242,29.9856,-1.0,30.00000000000001,0.0010754375589412727,0.0004790579505202319,-0.0020190289101379936,284.30912239370116,1.302755757229014,6.13452890605784e-05,293.18764570158214,293.6893531060278,293.6070497476607,293.44221595422704,293.5277100051732,0.3030264658627495,0.31020988977615815,0.33848115889265457,0.41970324755487415,82934.9870383961,293.00572929334817,-0.5800850537614413,0.8230067804198479,16.480172559738417,-1.1711607934199706,52.5214605769826,84.37069187784317
2030-08-01,Kabale,17455.652201526806,0.9086567073077686,19.0,0.0,1.0,0.0186623533181755,1.0000305189751728,2.000030518975173,-1.242,29.9856,-1.0,30.00000000000001,0.00324689328379923,0.0004995708518014178,-0.002209159029604329,285.5217284087042,1.3158916440032036,0.00010898496967300419,293.55328971561636,294.0436563820419,294.0534029500446,293.8465301535151,293.6235274072111,0.3465124623604871,0.33850055536733864,0.3277473926014251,0.40642021428635056,82883.35075096702,292.8960404809758,-0.5151528399707292,0.5322146287705412,41.85228127203564,-2.0544534020864744,28.92173092832034,80.3487217371573
2030-09-01,Kabale,17455.652201526806,0.9086567073077686,19.0,0.0,1.0,0.0186623533181755,1.0000305189751728,2.000030518975173,-1.242,29.9856,-1.0,30.00000000000001,0.004904722787820991,0.0009643836735160997,-0.00255738523582496,287.07630618111517,1.3077473819350607,0.00014732780410628071,293.3568365404914,293.8304514795519,293.90311171939203,293.83655326291006,293.6810578031732,0.39919186146531643,0.3939927218668199,0.3621385515588395,0.4015542706048152,82833.61855141968,292.57730690671343,-0.49809904788771464,0.418252313458391,102.62714268255614,-1.498916822683472,53.04309356296054,74.66626962664195
2030-10-01,Kabale,17455.652201526806,0.9086567073077686,19.0,0.0,1.0,0.0186623533181755,1.0000305189751728,2.000030518975173,-1.242,29.9856,-1.0,30.00000000000001,0.006417944057498777,0.0018080161646621372,-0.0027439285323704113,287.54345099474614,1.3168102736373526,0.00019112203274031743,292.8827960345743,293.50000304195265,293.54985068391835,293.6628562179848,293.7321561154723,0.42406511157287075,0.42549298810684855,0.3991061526378145,0.40878272688242834,82774.3332653966,292.21403217287536,-0.41161698752854464,0.27345950810397296,125.2652610272416,2.3085667472065565,89.87557220443026,72.81025127476966
2030-11-01,Kabale,17455.652201526806,0.9086567073077686,19.0,0.0,1.0,0.0186623533181755,1.0000305189751728,2.000030518975173,-1.242,29.9856,-1.0,30.00000000000001,0.006418408607961297,0.002311672172890015,-0.0026987083446883644,287.9656959123651,1.3159443212928663,0.00021840803272881796,292.5286537594523,293.1614666766741,293.1803397137572,293.3170632361619,293.61365923939303,0.431562741475561,0.44102140391417,0.4319908985078738,0.4251315587747148,82758.91956303781,291.77956528124525,-0.38573546867687886,0.1474397643634939,121.40563721535864,-0.32187851016733704,115.66233158971617,72.30060400577884
2030-12-01,Kabale,17455.652201526806,0.9086567073077686,19.0,0.0,1.0,0.0186623533181755,1.0000305189751728,2.000030518975173,-1.242,29.9856,-1.0,30.00000000000001,0.004695017367065246,0.0020621675871813428,-0.0028300535560030716,287.53827555736115,1.3138756288006006,0.00021743922522137894,292.5618724220764,293.0519035156629,293.1688259261002,293.1952236474022,293.4436981038443,0.4298453429556737,0.43645965607824294,0.4300735094061653,0.4350592566670967,82786.30478975998,291.9968798714962,-0.23683548443924723,-0.019991327410875462,87.08760502038362,-0.0611690538355171,113.5336112778346,84.4096899841964
2031-01-01,Kabale,17455.652201526806,0.9086567073077686,19.0,0.0,1.0,0.0186623533181755,1.0000305189751728,2.000030518975173,-1.242,29.9856,-1.0,30.00000000000001,0.003148291625541709,0.0013684708696875482,-0.0029502192115123224,286.91722361710083,1.2842681698446134,0.00016493961289018474,293.00872373750167,293.51920985467365,293.51898631491565,293.4279010935331,293.35454106372134,0.41066610440795437,0.4113828187475949,0.4013186398796713,0.4339347198820094,82761.60248514754,292.5962671030607,-0.00023139112345280446,-0.16932144202775548,66.94669741593214,0.6517018513200896,93.10856229278939,90.58388163957414
2031-02-01,Kabale,17455.652201526806,0.9086567073077686,19.0,0.0,1.0,0.0186623533181755,1.0000305189751728,2.000030518975173,-1.242,29.9856,-1.0,30.00000000000001,0.003216883677388574,0.0008910397696731361,-0.002935379563221571,287.0064054694667,1.295777001165549,0.00014362933269860019,293.7618560617064,294.2342869493797,294.2162419447245,293.87321623852074,293.4859733267561,0.39453307335295723,0.3880108356093147,0.3812682372174416,0.4253294507475324,82730.98300947677,293.23171977092056,-0.16426347084203086,-0.10122877365079178,81.95143123231894,2.0254863595328203,78.31261969609008,97.88605929309473
2031-03-01,Kabale,17455.652201526806,0.9086567073077686,19.0,0.0,1.0,0.0186623533181755,1.0000305189751728,2.000030518975173,-1.242,29.9856,-1.0,30.00000000000001,0.004782485263035128,0.0011473336616722983,-0.0029155313731189115,287.74371134286537,1.3321021606919698,0.00018646319280217274,293.587997406235,294.15942143191745,294.14661731609596,294.0481824473887,293.70764088950324,0.41331658760206286,0.4090897107619186,0.39175027428650405,0.41851575497172955,82718.91921024068,292.9774237263691,-0.4107441676056919,0.23816409175320488,130.9096806295604,-1.3208089801586524,88.68154482996313,102.16077181260394
2031-04-01,Kabale,17455.652201526806,0.9086567073077686,19.0,0.0,1.0,0.0186623533181755,1.0000305189751728,2.000030518975173,-1.242,29.9856,-1.0,30.00000000000001,0.006469023750751957,0.002275891762268359,-0.0028760940938552526,288.4171735418057,1.3677250807764871,0.00023253764303923305,293.1977670757229,293.7190006524448,293.7046892343768,293.8067058871411,293.83179490677406,0.42331050113775814,0.4205587272250374,0.41506135130624144,0.42223993956528877,82753.46327576358,292.6323747289917,-0.6436329612226602,0.6595333719757431,135.565233024913,-0.9388661972331003,117.67582181406326,106.0306161795539
2031-05-01,Kabale,17455.652201526806,0.9086567073077686,19.0,0.0,1.0,0.0186623533181755,1.0000305189751728,2.000030518975173,-1.242,29.9856,-1.0,30.00000000000001,0.004831559570102057,0.00258180463746981,-0.002759521531247551,288.04332983614535,1.3785955107330334,0.0001819722653856474,292.8610656896314,293.3906635703272,293.4256206419202,293.55676467185435,293.76970152301703,0.4086628735896616,0.4164559601352631,0.4212683343364912,0.4357478443640716,82850.15718041961,292.4704724562306,-0.783111243115378,0.9642341566890392,109.69033742344755,-0.12089756180257416,128.92103659467995,105.62566742331838
2031-06-01,Kabale,17455.652201526806,0.9086567073077686,19.0,0.0,1.0,0.0186623533181755,1.0000305189751728,2.000030518975173,-1.242,29.9856,-1.0,30.00000000000001,0.002479562414107847,0.001520568132758933,-0.0024703215563254676,286.1137725007476,1.4043127236083985,0.00010355522666539523,292.8316901350161,293.260815401433,293.3247014347645,293.4092931311046,293.6252283751504,0.3600660826312949,0.367166638816941,0.37653426728833894,0.43063717491795095,82900.5733517269,292.6672270737937,-0.461407910664446,0.7743609708116921,29.41483119518662,-0.8191741994546715,97.44249768360982,94.73545562601547
2031-07-01,Kabale,17455.652201526806,0.9086567073077686,19.0,0.0,1.0,0.0186623533181755,1.0000305189751728,2.000030518975173,-1.242,29.9856,-1.0,30.00000000000001,0.0005598853817451767,0.0005205834779934713,-0.002013157286649165,284.06200094692696,1.3395733708959137,6.16942129389609e-05,293.28428578728307,293.7001129056894,293.58605031575865,293.5186530927089,293.5056452076213,0.3026947732588551,0.3084789853099792,0.3395153666851441,0.4203544610113092,82910.98526493565,293.07289140058265,-0.6575989301607157,0.8141119757819789,16.83876337424152,0.4224697332441929,51.969817177581014,86.8542590621187
2031-08-01,Kabale,17455.652201526806,0.9086567073077686,19.0,0.0,1.0,0.0186623533181755,1.0000305189751728,2.000030518975173,-1.242,29.9856,-1.0,30.00000000000001,0.0030748713694325803,0.0005484721326166507,-0.002128979629765884,285.50686619669096,1.3484784141763377,0.00010738110275040009,293.56713219013955,294.0966649929729,294.06867776751386,293.82440893231205,293.60029844639774,0.34216028082805267,0.33482188864675216,0.3215236326897281,0.408196773343096,82873.59176411096,292.91356223381564,-0.5868451949400723,0.6158273356062374,45.57857965306837,-1.6751900027093654,27.987022774769077,78.77574795042607
2031-09-01,Kabale,17455.652201526806,0.9086567073077686,19.0,0.0,1.0,0.0186623533181755,1.0000305189751728,2.000030518975173,-1.242,29.9856,-1.0,30.00000000000001,0.004323912136125518,0.0008512345978759067,-0.0025345844745493723,286.96186266136317,1.3083652061273003,0.00015696036244175926,293.2891378866143,293.90612845736655,293.8211499855379,293.82690106169485,293.68309915800205,0.4069706149515919,0.3900840697892924,0.35820466056179207,0.40527773205162787,82822.7845500333,292.543960527606,-0.5232127433035828,0.43597615275177276,99.5767303985918,3.2416181834761444,51.54824521380758,75.47712343344251
2031-10-01,Kabale,17455.652201526806,0.9086567073077686,19.0,0.0,1.0,0.0186623533181755,1.0000305189751728,2.000030518975173,-1.242,29.9856,-1.0,30.00000000000001,0.006565527064700535,0.0017644018793796263,-0.0027049520012993825,287.77217532467955,1.3259829221583939,0.0001879195821811826,292.9151581047908,293.4823009827231,293.465737075858,293.6712333658155,293.72382826950445,0.42611821010262974,0.4271458004814408,0.4017055684217446,0.40651897755976535,82737.2393937087,292.23523305733306,-0.38104104998985916,0.28752569663974564,124.96662152525855,-0.346272697633522,91.64353066760296,71.6558303818044
2031-11-01,Kabale,17455.652201526806,0.9086567073077686,19.0,0.0,1.0,0.0186623533181755,1.0000305189751728,2.000030518975173,-1.242,29.9856,-1.0,30.00000000000001,0.006539719834186977,0.0021203753795903256,-0.0026571735518067857,287.81378909210446,1.3314304411328652,0.0002236930593360662,292.5289569401226,293.14644111117605,293.17130042546967,293.35823037818574,293.6193749008328,0.43965996131618407,0.4391242793840281,0.4308273687308139,0.42229275665182003,82744.67173408071,291.85229776341816,-0.35371263802150177,0.19270788307306866,126.08651991028846,2.2318540891508594,119.35086328948194,74.42429542370866
2031-12-01,Kabale,17455.652201526806,0.9086567073077686,19.0,0.0,1.0,0.0186623533181755,1.0000305189751728,2.000030518975173,-1.242,29.9856,-1.0,30.00000000000001,0.004896544221273455,0.002195226937225167,-0.0027797739755884314,287.57263251614444,1.3314653559189202,0.00022119664265385112,292.54954902491636,293.1207055244982,293.14365454215164,293.144243142732,293.3857512550079,0.4317659870313207,0.433883698607094,0.4361886224329488,0.4372467377370911,82762.31205367534,291.97604584475687,-0.18778402047013035,-0.04921477025067846,88.86147139749175,-1.0767057362988433,114.38972717804523,85.86205222302242
2032-01-01,Kabale,17455.652201526806,0.9086567073077686,19.0,0.0,1.0,0.0186623533181755,1.0000305189751728,2.000030518975173,-1.242,29.9856,-1.0,30.00000000000001,0.002979100279570534,0.0012095184697972993,-0.0029189273843204955,287.2569358047256,1.3322667491002649,0.00016780022411367725,293.0290461821068,293.5412081007396,293.4866999322866,293.4158447696009,293.34507199692285,0.41026914047175295,0.4109887591712182,0.4056720812097573,0.4348675177761346,82734.23188113407,292.56907109124677,-0.024269428443035996,-0.1735342311882465,64.34078097204286,-2.10631816489953,94.21736480868195,94.01447727197521
2032-02-01,Kabale,17455.652201526806,0.9086567073077686,19.0,0.0,1.0,0.0186623533181755,1.0000305189751728,2.000030518975173,-1.242,29.9856,-1.0,30.00000000000001,0.003187549115960117,0.0008902367015927058,-0.0028315242483686193,287.0588911586114,1.3198891971095652,0.00014502564608799378,293.79322424147284,294.24530734384734,294.20081006225325,293.95983029104764,293.4696609956266,0.3890623739477144,0.3849905284746512,0.3764943723565589,0.42472462528461524,82721.92625191639,293.3116177939807,-0.19972218276319206,-0.06441982450179634,80.86749662605423,-0.42226956993984444,78.9289283829793,97.37123783714249
2032-03-01,Kabale,17455.652201526806,0.9086567073077686,19.0,0.0,1.0,0.0186623533181755,1.0000305189751728,2.000030518975173,-1.242,29.9856,-1.0,30.00000000000001,0.005496113131092554,0.0011448609312378856,-0.002924113685430816,288.08627196447003,1.3278969326984824,0.00018861954650228256,293.81347833723083,294.3024241256471,294.26890655835774,294.16055203093697,293.7320720054949,0.4211205967352348,0.4146246025458231,0.3849764912492466,0.4211824320553805,82709.32288289316,293.1565386442342,-0.39947330552050825,0.2589621054274615,131.604416440764,-3.997510058548605,93.04268838414096,102.77723837616776
2032-04-01,Kabale,17455.652201526806,0.9086567073077686,19.0,0.0,1.0,0.0186623533181755,1.0000305189751728,2.000030518975173,-1.242,29.9856,-1.0,30.00000000000001,0.007242565881278982,0.0023028997393856176,-0.002886368859041328,288.77795565733015,1.3140442665256062,0.00023489512078596312,293.0967495329528,293.6958306698741,293.7542360430865,293.77909714713155,293.8386632005021,0.434350306267477,0.4384891837117217,0.4333789676688877,0.42556697628313245,82742.55195039169,292.5145211422711,-0.6582910589567129,0.6866500071589396,139.09459955852728,0.4538880196832125,122.8978241645818,105.79656899439487
2032-05-01,Kabale,17455.652201526806,0.9086567073077686,19.0,0.0,1.0,0.0186623533181755,1.0000305189751728,2.000030518975173,-1.242,29.9856,-1.0,30.00000000000001,0.004245336438859475,0.002871073957236059,-0.0027901514616360495,287.8299531101695,1.4454079588420956,0.0001753396643348705,292.91109876454647,293.46631125056604,293.44135203511706,293.56666503553475,293.6838022133668,0.4060111649158818,0.41385100022631116,0.4254915341220071,0.43928091804994995,82831.16923258224,292.5571775480002,-0.7993180529605196,0.8640756515021605,103.54088628964203,-0.5110304302190142,122.05553027931117,104.18424080600018
2032-06-01,Kabale,17455.652201526806,0.9086567073077686,19.0,0.0,1.0,0.0186623533181755,1.0000305189751728,2.000030518975173,-1.242,29.9856,-1.0,30.00000000000001,0.0009006029703165987,0.001216927181043189,-0.002381539358529917,285.38949698858636,1.4527879789981255,9.059625062016199e-05,292.72958176969564,293.236976581923,293.26936247986254,293.45629494118236,293.6403956059666,0.3327487951382426,0.34479001453888175,0.3708315217283528,0.4298718016666135,82896.95002281388,292.687597506119,-0.7676547958202612,1.0028545569187006,30.31658015756543,0.561732989193333,90.12503963933038,92.87244832898944
2032-07-01,Kabale,17455.652201526806,0.9086567073077686,19.0,0.0,1.0,0.0186623533181755,1.0000305189751728,2.000030518975173,-1.242,29.9856,-1.0,30.00000000000001,0.0014348017223091759,0.000550907751013211,-0.0019522617462542258,284.41901913192277,1.3397438414231313,7.682895317622641e-05,293.17045947350545,293.64262083262304,293.62653265892595,293.4719463484978,293.51236894529865,0.31182026773176463,0.3137758769637568,0.33053905140051,0.41686788003769254,82865.77214075915,292.89959420323703,-0.4446319421239454,0.69485078657455,15.452944901514767,-5.200197942156007,49.725990380258004,84.76902983961479
2032-08-01,Kabale,17455.652201526806,0.9086567073077686,19.0,0.0,1.0,0.0186623533181755,1.0000305189751728,2.000030518975173,-1.242,29.9856,-1.0,30.00000000000001,0.0033158618699229785,0.0006050783700891367,-0.0022490947538417456,285.8674250823335,1.3269705053171656,0.00012129425310161052,293.56036462773125,293.9827565804038,293.9383456959897,293.83141650061356,293.57774651276475,0.36501105961195734,0.3561969543579844,0.33045335046525204,0.405264038465121,82840.97283899154,292.97265508170227,-0.46170303629770393,0.4916922494205739,47.443345199553185,0.02487873786471767,34.04219387598814,79.81447978538293
2032-09-01,Kabale,17455.652201526806,0.9086567073077686,19.0,0.0,1.0,0.0186623533181755,1.0000305189751728,2.000030518975173,-1.242,29.9856,-1.0,30.00000000000001,0.00529245513806247,0.0011812612867862595,-0.0024808055668942585,286.9514872606661,1.35554583712724,0.00015633276620219354,293.3725722575854,293.95665245501925,293.9825910040117,293.88607105488126,293.64872564797923,0.3959200798016546,0.3939226208365335,0.3652758669313539,0.40154883767233596,82769.76065280582,292.58964671082424,-0.46557833980846136,0.4003505197912119,103.31199440388473,3.150829504242446,60.08115280045187,73.49155680528328
2032-10-01,Kabale,17455.652201526806,0.9086567073077686,19.0,0.0,1.0,0.0186623533181755,1.0000305189751728,2.000030518975173,-1.242,29.9856,-1.0,30.00000000000001,0.006275966037794514,0.001683414004379522,-0.002684817961492423,287.78483335179635,1.3518787869351232,0.00019012460537823562,292.9999450372497,293.5962736731596,293.6147676452045,293.71483163781863,293.75233110308443,0.4249362657612739,0.4292638992513026,0.4059003647090318,0.4103925762569979,82758.98215404752,292.30159985345256,-0.4347427542721796,0.29910678202681973,128.39364581122786,-1.7009648751678756,92.1996074272651,71.34385383157327
2032-11-01,Kabale,17455.652201526806,0.9086567073077686,19.0,0.0,1.0,0.0186623533181755,1.0000305189751728,2.000030518975173,-1.242,29.9856,-1.0,30.00000000000001,0.006535451753415398,0.002518128945467768,-0.002617374118733863,287.93437482724875,1.3936161882712579,0.0002220101701832135,292.45719903513435,293.1211269890839,293.1657659025341,293.3972825846333,293.6061200464787,0.4387113769378128,0.4407054468728504,0.43398236484170705,0.42729485697142816,82723.64296146047,291.7719977027085,-0.3885934257930263,0.1719677097650292,125.39189531388747,-0.9735885548288121,115.08955601651883,74.58570849310775
2032-12-01,Kabale,17455.652201526806,0.9086567073077686,19.0,0.0,1.0,0.0186623533181755,1.0000305189751728,2.000030518975173,-1.242,29.9856,-1.0,30.00000000000001,0.004117323846371411,0.001863388335265828,-0.0027509776175024887,287.69183590462313,1.3519900783472707,0.0002186319641530593,292.5174540638149,293.0811937217723,293.0949597927535,293.2583982005336,293.4447593794956,0.4313644364746089,0.4302925139714218,0.424080189108015,0.4350764965598764,82719.35651523223,291.88968426428033,-0.30995456452635306,0.002387841827884693,88.60460963795832,-3.1693220860527873,113.98159000315279,85.19602143980991
2033-01-01,Kabale,17455.652201526806,0.9086567073077686,19.0,0.0,1.0,0.0186623533181755,1.0000305189751728,2.000030518975173,-1.242,29.9856,-1.0,30.00000000000001,0.0028733474219989957,0.0012402913406326249,-0.002886895672988231,286.8854459742141,1.3734601778856452,0.00016110048550081898,292.9452682253297,293.483064306455,293.46535092396215,293.39097452472527,293.3486438446362,0.4085265277826492,0.40650954679291235,0.4062227686377257,0.4319851440562181,82719.38976157963,292.55332411481675,-0.027073751605276773,-0.11417649880730608,71.95637782988764,-2.7604182113868254,90.93182098903145,92.77166699588949
2033-02-01,Kabale,17455.652201526806,0.9086567073077686,19.0,0.0,1.0,0.0186623533181755,1.0000305189751728,2.000030518975173,-1.242,29.9856,-1.0,30.00000000000001,0.003025951212820329,0.0008027921741507847,-0.0028554692348879643,286.87415817591005,1.377260613812891,0.00014328160613684003,293.7985665896759,294.2185240107115,294.0952555686614,293.9335796734767,293.444797803815,0.387969224135087,0.3862496420865247,0.3785947449780308,0.4261906960995237,82695.48247682904,293.30795641661217,-0.04860175750325531,-0.08731794082357289,80.05610108315466,-0.019135367146735083,77.14465409685072,98.39167229043056
2033-03-01,Kabale,17455.652201526806,0.9086567073077686,19.0,0.0,1.0,0.0186623533181755,1.0000305189751728,2.000030518975173,-1.242,29.9856,-1.0,30.00000000000001,0.0051115573366432455,0.0011035095263537944,-0.0029482830504413346,287.9773072779262,1.341529314343624,0.00019120269321299793,293.66812403205836,294.2229233699357,294.1898741943682,294.1290039864806,293.7691058770224,0.4224642336635648,0.4184476812596892,0.3854457295885094,0.4202011268850575,82688.5308044606,293.1465941952249,-0.4073070255998884,0.23837392995201648,126.29483914833078,-0.7706763207141736,91.94160289608273,103.62299179689937
2033-04-01,Kabale,17455.652201526806,0.9086567073077686,19.0,0.0,1.0,0.0186623533181755,1.0000305189751728,2.000030518975173,-1.242,29.9856,-1.0,30.00000000000001,0.006742680283394859,0.0022835449632301083,-0.0028389395315160785,288.65475068463695,1.3478254050676532,0.00023223700942176745,293.0677136865079,293.7323906783505,293.7480443343725,293.7958222513287,293.8331627226352,0.43380698212560564,0.4356469011488846,0.42325723536748555,0.42667158699205016,82722.82822347534,292.5503081598708,-0.650884950589576,0.6745354325597946,142.0849198456309,-1.008518564304322,115.8093784519883,105.89083369469373
2033-05-01,Kabale,17455.652201526806,0.9086567073077686,19.0,0.0,1.0,0.0186623533181755,1.0000305189751728,2.000030518975173,-1.242,29.9856,-1.0,30.00000000000001,0.00444174733283723,0.0028448421247762846,-0.0027666062626750952,287.85063485352265,1.4729306396778505,0.00017703389201478408,292.866548073324,293.39855265869323,293.4486268311424,293.60733479644773,293.7516273373821,0.412530526326666,0.4134794091407127,0.4218983429609872,0.4373913511887364,82814.0499613183,292.60886009017565,-0.7875687450352918,0.8971767567624284,109.8799916812399,1.034906221042324,125.09604311152049,103.31481890356994
2033-06-01,Kabale,17455.652201526806,0.9086567073077686,19.0,0.0,1.0,0.0186623533181755,1.0000305189751728,2.000030518975173,-1.242,29.9856,-1.0,30.00000000000001,0.0016431735778768143,0.001257826369026631,-0.002368389454971575,285.58544832938065,1.456415519565813,9.61920799731925e-05,292.7293348287578,293.28923641015984,293.2616727578664,293.4318166059223,293.6311319577036,0.34545908448082185,0.36156566292876446,0.372764154178087,0.43141906636329524,82862.5976257344,292.7118100897952,-0.6954218672385758,0.9452785805731986,30.14897554933105,0.6641985727702265,92.89359238182841,93.11656292625973
2033-07-01,Kabale,17455.652201526806,0.9086567073077686,19.0,0.0,1.0,0.0186623533181755,1.0000305189751728,2.000030518975173,-1.242,29.9856,-1.0,30.00000000000001,0.001329866249010831,0.0006214959781582702,-0.0019275625715525146,284.4414083129811,1.374755286445762,7.376313959556954e-05,293.27868159093407,293.69363615966876,293.5986711977721,293.5318023374212,293.5087353789901,0.3062841943927735,0.31516019468608314,0.33553114180191784,0.4182279639257851,82855.91915063845,292.9764582334374,-0.5465403625238463,0.7709004084948422,19.385306212052654,-0.45113505514517627,51.16203677846349,86.96884517193772
2033-08-01,Kabale,17455.652201526806,0.9086567073077686,19.0,0.0,1.0,0.0186623533181755,1.0000305189751728,2.000030518975173,-1.242,29.9856,-1.0,30.00000000000001,0.003241130012232168,0.00046755093575135494,-0.002120603850669411,285.6662352288271,1.3703576264169475,0.00012411844827183824,293.58863878782404,294.02417986753835,294.02332003398266,293.8219102489733,293.59914748241425,0.354031890786725,0.35501145183191607,0.32755877283257545,0.40832479205409467,82819.01834337387,292.9339995390589,-0.5289296561225617,0.5508747704807516,47.2979400391077,1.0083594973021368,34.07724756439289,79.00140418759814
2033-09-01,Kabale,17455.652201526806,0.9086567073077686,19.0,0.0,1.0,0.0186623533181755,1.0000305189751728,2.000030518975173,-1.242,29.9856,-1.0,30.00000000000001,0.005128385725974816,0.0011141377474109362,-0.0024911866612242557,286.9084599105186,1.3616680620864376,0.00015514443220814893,293.37646263750435,293.9221397863529,293.906949806964,293.9017758034877,293.680364552423,0.40199001342717866,0.3919719978394577,0.36285058322779773,0.4053221994625862,82757.59711654291,292.62384945212136,-0.4570092899072693,0.4468385325498484,99.45641502001537,-0.8997924302662967,58.84385477662077,74.6799938244663
2033-10-01,Kabale,17455.652201526806,0.9086567073077686,19.0,0.0,1.0,0.0186623533181755,1.0000305189751728,2.000030518975173,-1.242,29.9856,-1.0,30.00000000000001,0.006264384368899243,0.0016915948867248466,-0.00261068415220644,287.53596671707413,1.3978427802942073,0.00018996249381371286,292.92154785326,293.48376632443825,293.5662947520922,293.699197268784,293.6770136093158,0.425549603540443,0.4268028425778594,0.40087169460218103,0.41276566934643355,82722.62485699386,292.2142171687535,-0.4313268365898431,0.2765317815334159,125.77788731445008,0.8205425450919825,89.31700799004915,71.34101080085367
2033-11-01,Kabale,17455.652201526806,0.9086567073077686,19.0,0.0,1.0,0.0186623533181755,1.0000305189751728,2.000030518975173,-1.242,29.9856,-1.0,30.00000000000001,0.006474871732785199,0.0024222726990675036,-0.0026032436459718466,287.9615904399307,1.3978742950773015,0.0002209888563412267,292.51483982537735,293.1230122107119,293.11949074674186,293.365030583388,293.5882996464082,0.43705469899413857,0.44192254815703136,0.4330907772768656,0.42656441369395987,82700.9057052634,291.7940829425548,-0.32980984841032807,0.16837809057317385,123.05060702453741,-0.12858288838201865,115.538935631668,74.44099993354534
2033-12-01,Kabale,17455.652201526806,0.9086567073077686,19.0,0.0,1.0,0.0186623533181755,1.0000305189751728,2.000030518975173,-1.242,29.9856,-1.0,30.00000000000001,0.004644983216163795,0.0019453666771427323,-0.002735148069727835,287.65290772781526,1.3686771890935705,0.00021579476990735754,292.5525195180703,293.1535507916804,293.0810173697469,293.2048108099033,293.4187945714432,0.4386186752607763,0.4316637931540265,0.4276314581271617,0.43622161816489335,82709.58167819782,291.930777388846,-0.27470343946207604,-0.006446365355975727,91.46171286746532,-4.606411425899214,113.41860760225974,83.37755741610044
2034-01-01,Kabale,17455.652201526806,0.9086567073077686,19.0,0.0,1.0,0.0186623533181755,1.0000305189751728,2.000030518975173,-1.242,29.9856,-1.0,30.00000000000001,0.0031298984355480754,0.0014102233387461905,-0.0028685145841322634,287.0421914166825,1.3739688486479866,0.00016821835765007027,293.04983764215126,293.471508075224,293.4516448408952,293.39229798955745,293.3559866378122,0.4019154258949182,0.4082714409771515,0.4078441507200194,0.4340366114903295,82692.1722002989,292.55286449552403,-0.016187874327388985,-0.21689802068305122,70.68493515088669,-2.148387307516051,91.98892658440148,93.36427761683504
2034-02-01,Kabale,17455.652201526806,0.9086567073077686,19.0,0.0,1.0,0.0186623533181755,1.0000305189751728,2.000030518975173,-1.242,29.9856,-1.0,30.00000000000001,0.0031703372237400244,0.0009137077073579647,-0.0028189772135379263,286.8567504524275,1.3822003940823613,0.00014898256533422548,293.7126537686057,294.26544658712487,294.12934511852137,293.91790826302577,293.46186461109124,0.3883265976263365,0.3884303121923129,0.37843555288225694,0.42487186965904716,82666.1544005629,293.3059423904226,-0.11292808973791495,-0.0742818465611944,80.92796346840922,-2.7248706807970375,77.82268970515555,99.36222246728715
2034-03-01,Kabale,17455.652201526806,0.9086567073077686,19.0,0.0,1.0,0.0186623533181755,1.0000305189751728,2.000030518975173,-1.242,29.9856,-1.0,30.00000000000001,0.005034516631532817,0.0011981917797725867,-0.0028616234864623246,287.82304083740206,1.3837837804255328,0.00018518611171115928,293.6062384095034,294.191120016038,294.1663272379844,294.0425566149363,293.71940653464605,0.41724776230412586,0.4177351724824741,0.38711015580384667,0.4213072718728115,82656.96510602531,293.0404207899524,-0.39759850965888166,0.26340878328659745,122.0587833113645,-2.1128354058462695,94.62449780557887,103.20631249834668
2034-04-01,Kabale,17455.652201526806,0.9086567073077686,19.0,0.0,1.0,0.0186623533181755,1.0000305189751728,2.000030518975173,-1.242,29.9856,-1.0,30.00000000000001,0.006574872466102592,0.002251849899837837,-0.0027784504840303644,288.4907358894373,1.3913668917511663,0.00023617363373437786,293.15704359211605,293.72460482585626,293.7576484785771,293.824574730571,293.83830049370334,0.4294992716563444,0.4341328874124093,0.41905655564522065,0.4265610999715636,82687.37883763318,292.5458525371082,-0.6292180603758994,0.6451218044552829,139.81024206255452,-3.5857809626718073,118.32139872605677,106.4258127554159
2034-05-01,Kabale,17455.652201526806,0.9086567073077686,19.0,0.0,1.0,0.0186623533181755,1.0000305189751728,2.000030518975173,-1.242,29.9856,-1.0,30.00000000000001,0.0047760653098391035,0.00276276140166969,-0.0026869927453086113,287.8759626694844,1.471503455698296,0.00017683678736734508,292.85623452218044,293.41962393264714,293.43357242721356,293.58244169684076,293.72373630374386,0.4100906133046324,0.4211022135747129,0.4234491375812821,0.43851203390068394,82781.69115378277,292.53862933326815,-0.7702444307562525,0.9054355053093825,110.23545371993885,-0.8553156843094221,122.85247012986972,103.43994449071535
2034-06-01,Kabale,17455.652201526806,0.9086567073077686,19.0,0.0,1.0,0.0186623533181755,1.0000305189751728,2.000030518975173,-1.242,29.9856,-1.0,30.00000000000001,0.002160699073461997,0.0014686212581502588,-0.002365170930608902,285.7657784938951,1.466859471207009,0.00010066853754019132,292.7713475057846,293.2479449708052,293.23310135104913,293.42552579928685,293.64748374342827,0.3542552467405052,0.36665011392183516,0.37560063983691994,0.43028839707084815,82836.74957840478,292.7585739009542,-0.5672314418629556,0.8368969082186626,26.790595104287405,0.12480633210670314,98.61045668826713,92.84779420145921
2034-07-01,Kabale,17455.652201526806,0.9086567073077686,19.0,0.0,1.0,0.0186623533181755,1.0000305189751728,2.000030518975173,-1.242,29.9856,-1.0,30.00000000000001,0.0011375495979465044,0.0006315032223044402,-0.0018967619788928189,284.2379694340892,1.4036947527851646,6.45108628890222e-05,293.1972329252077,293.6059458590423,293.63489241174096,293.51068927733354,293.55492395503745,0.30484010569862574,0.32110215130774683,0.3373486018017314,0.41936742633557933,82831.2353033305,293.0689149769952,-0.5698504423774364,0.780238851286606,14.530019054490497,1.9627311836636188,51.66516053669586,86.02721217016322
2034-08-01,Kabale,17455.652201526806,0.9086567073077686,19.0,0.0,1.0,0.0186623533181755,1.0000305189751728,2.000030518975173,-1.242,29.9856,-1.0,30.00000000000001,0.0029574434566970917,0.0005492012802944073,-0.0021043035596618547,285.655821198803,1.4093248685877482,0.00011283200578047828,293.53548801457424,294.0092906255988,293.9464693438326,293.86177394447094,293.59226016151905,0.35591490178604146,0.3443424560713325,0.32763004111893607,0.40881654260191375,82806.21059785853,292.94177338681885,-0.5382737084716427,0.5657454434728189,46.852797627034164,0.6991195713662497,27.380812715119802,79.12872674107214
2034-09-01,Kabale,17455.652201526806,0.9086567073077686,19.0,0.0,1.0,0.0186623533181755,1.0000305189751728,2.000030518975173,-1.242,29.9856,-1.0,30.00000000000001,0.0049251595783962685,0.0009567443792493225,-0.002423344971839028,287.01515960137124,1.3999118268896102,0.00016485648060998845,293.2816516780635,293.8782395881221,293.894524038619,293.8684758960083,293.69368607180957,0.39733066554598623,0.39157825450598316,0.36438128753436294,0.4055548034867171,82753.71583652034,292.6174850851366,-0.49012052226976893,0.39122367557003634,99.74940277225872,0.6749339369404896,53.0442922614707,74.9850516783629
2034-10-01,Kabale,17455.652201526806,0.9086567073077686,19.0,0.0,1.0,0.0186623533181755,1.0000305189751728,2.000030518975173,-1.242,29.9856,-1.0,30.00000000000001,0.006653016654959012,0.0017325964793454328,-0.0025675514785668814,287.67110420612846,1.4296843585515258,0.00019625839156327195,292.8902386025865,293.4925443860602,293.52263182355,293.68543033309385,293.72045809784305,0.4238237626710827,0.43001818746443354,0.40302257364756294,0.4109048768682827,82687.77246323816,292.30437329802174,-0.37984289388242565,0.2679514422432279,126.94756852097964,-1.06377653255513,90.60206479480652,71.62433057490564
2034-11-01,Kabale,17455.652201526806,0.9086567073077686,19.0,0.0,1.0,0.0186623533181755,1.0000305189751728,2.000030518975173,-1.242,29.9856,-1.0,30.00000000000001,0.006445330431318758,0.002330567609683898,-0.002529939414247153,287.8415969351669,1.3817217887359199,0.00022589554542319103,292.4957023831546,293.13974423948787,293.13564465301306,293.34859851669637,293.62251832443474,0.4405592355051317,0.44085972427101594,0.43473720497008744,0.4253666469528527,82680.15006053196,291.81664550720706,-0.3336951032508824,0.14705665472659848,123.17107074439672,-0.395244193434691,118.44097984613362,72.63154269926532
2034-12-01,Kabale,17455.652201526806,0.9086567073077686,19.0,0.0,1.0,0.0186623533181755,1.0000305189751728,2.000030518975173,-1.242,29.9856,-1.0,30.00000000000001,0.004695903857872649,0.0021326479051717554,-0.002637507623636197,287.6390150308749,1.4112605665352007,0.00021711405215942562,292.54609252218546,293.15844381587027,293.10428802320257,293.1713193785936,293.42398108209164,0.43369220320372415,0.4353857589152721,0.4335868006761715,0.4370175956595269,82688.86413095288,291.91356694856194,-0.19704653369811426,-0.051265726303950425,91.02202309464104,2.1585105987514663,112.8738307865329,84.95833202748106
2035-01-01,Kabale,17455.652201526806,0.9086567073077686,19.0,0.0,1.0,0.0186623533181755,1.0000305189751728,2.000030518975173,-1.242,29.9856,-1.0,30.00000000000001,0.0031180165227691252,0.001296369219132354,-0.0028092726827536225,286.98187498877877,1.4083665654396822,0.00016463034343699163,292.94425637429435,293.5420133153468,293.5348528280206,293.38017440160456,293.3251682470355,0.4083698361254005,0.41270274683374125,0.4021877255277694,0.4341745767865697,82666.6924707939,292.6200291465634,-0.04555021732961811,-0.16655087973865698,66.91784783039489,-0.612216827137587,91.08939258557098,91.88162186923276
2035-02-01,Kabale,17455.652201526806,0.9086567073077686,19.0,0.0,1.0,0.0186623533181755,1.0000305189751728,2.000030518975173,-1.242,29.9856,-1.0,30.00000000000001,0.003134741077862582,0.0009104995948257824,-0.00276623763527662,287.075123630695,1.3843164103043721,0.00015058308090578034,293.837038731616,294.26712757974747,294.175891904431,293.9501885224378,293.4908595172232,0.3948479006543692,0.38864913962344627,0.3853406156089961,0.42892126021375604,82651.50111797808,293.31501107881445,-0.1156667559121711,-0.07334028748428167,84.39377004833558,3.0962714074392323,81.60598024299962,97.44848016267034
2035-03-01,Kabale,17455.652201526806,0.9086567073077686,19.0,0.0,1.0,0.0186623533181755,1.0000305189751728,2.000030518975173,-1.242,29.9856,-1.0,30.00000000000001,0.004961004200003603,0.0011399328974127359,-0.002806772675416281,287.8320809623385,1.4109424662288164,0.00018634357984645877,293.56858500892594,294.15509859287397,294.1122182190365,294.0598178759217,293.73638035160855,0.4139090468951321,0.41566749059687735,0.3884891611472041,0.4215627040965174,82642.63697772379,292.96866109701915,-0.42379409561647985,0.21529829040331405,125.09899698307993,-1.3744841984648806,88.5018977214573,102.85635954529728
2035-04-01,Kabale,17455.652201526806,0.9086567073077686,19.0,0.0,1.0,0.0186623533181755,1.0000305189751728,2.000030518975173,-1.242,29.9856,-1.0,30.00000000000001,0.006356640191252148,0.002292156794364719,-0.0027405668973928196,288.40377804009694,1.4252110544993157,0.00022379081191590506,293.1528035337403,293.80818245641245,293.75689614112514,293.8080141697254,293.8329620092996,0.4256491379516015,0.43124407682061977,0.41934273775413655,0.4251939841503458,82677.60591078538,292.6079454479554,-0.6319155087067083,0.6260937625891368,141.3520428331777,0.516637344467743,114.5909987144603,105.92867805282103
2035-05-01,Kabale,17455.652201526806,0.9086567073077686,19.0,0.0,1.0,0.0186623533181755,1.0000305189751728,2.000030518975173,-1.242,29.9856,-1.0,30.00000000000001,0.004713824036396893,0.0026336651670111283,-0.0026070516234063513,288.1184986123132,1.4773150065326606,0.00017721489033470218,292.9127542995952,293.39682556733095,293.5131219426448,293.5646696595242,293.75234316126677,0.4070266453881256,0.4209881274992427,0.424816716698321,0.4368364691501417,82758.9667940117,292.5248903753855,-0.7923092019215248,0.9443311824733435,115.48482402016658,-1.328556997613557,130.7446854107513,104.58209745476286
2035-06-01,Kabale,17455.652201526806,0.9086567073077686,19.0,0.0,1.0,0.0186623533181755,1.0000305189751728,2.000030518975173,-1.242,29.9856,-1.0,30.00000000000001,0.0023555012888526153,0.0016549951848178932,-0.002404138859406393,286.040014690508,1.4707782101150324,0.0001164410208774827,292.73945126994744,293.2679835140637,293.376293187732,293.4340723342775,293.61933376064536,0.36385825877496786,0.36988883078181856,0.3779199529127184,0.43223336130377615,82810.99626745303,292.718915223527,-0.48706277598782904,0.7912916086418272,20.917421372216612,0.5518130497052409,97.73196025360382,94.76402999357327
2035-07-01,Kabale,17455.652201526806,0.9086567073077686,19.0,0.0,1.0,0.0186623533181755,1.0000305189751728,2.000030518975173,-1.242,29.9856,-1.0,30.00000000000001,0.0008063538613991982,0.0005815135653787446,-0.0018663358729313704,284.26292906415364,1.4381039626709642,6.424040279806336e-05,293.3364125190739,293.652374114086,293.6038924870056,293.50121394227824,293.52208035409984,0.3044336785721948,0.31881217806974277,0.33776890709669805,0.42102481280427034,82826.33432062867,293.08103337502905,-0.6481806900743,0.7661566403417767,14.252616030487458,-1.3635421971938988,52.86528408376213,85.87030933549596
2035-08-01,Kabale,17455.652201526806,0.9086567073077686,19.0,0.0,1.0,0.0186623533181755,1.0000305189751728,2.000030518975173,-1.242,29.9856,-1.0,30.00000000000001,0.002764432448036249,0.0005611100568985848,-0.0019538107061498194,285.4446771623881,1.4352414633370987,0.00011014533049185423,293.57559948460806,294.0526532550041,294.0477919998017,293.8715454609377,293.6015630749846,0.34587415379480674,0.3385370984182429,0.3256736135864502,0.4108482823938435,82778.72767536815,292.8990876516611,-0.5614907777723802,0.5965411703967473,45.23408198561281,-4.1813745618013884,28.54475427307996,81.2293290984792
2035-09-01,Kabale,17455.652201526806,0.9086567073077686,19.0,0.0,1.0,0.0186623533181755,1.0000305189751728,2.000030518975173,-1.242,29.9856,-1.0,30.00000000000001,0.004719842641109174,0.0009563612329521208,-0.0024077641853955797,287.1069158777129,1.3937662170672178,0.00016197499125643596,293.3893296409389,293.81469482616416,293.851204056596,293.84336755092966,293.7437984356947,0.4073381876360214,0.3971552373097716,0.35953427379240976,0.40643962279157186,82729.53591505926,292.5643395029037,-0.5177181390932842,0.38823195165982594,101.73594858309772,-0.2503713302397595,51.28455272377399,74.75431688779275
2035-10-01,Kabale,17455.652201526806,0.9086567073077686,19.0,0.0,1.0,0.0186623533181755,1.0000305189751728,2.000030518975173,-1.242,29.9856,-1.0,30.00000000000001,0.006442319801571152,0.0017937859133826842,-0.002536230478450718,287.7154302265513,1.4278211568305654,0.0001939000437489894,292.8850123214304,293.45836231342537,293.55810825069,293.6724272105651,293.7387468271113,0.42340138064813326,0.4272641293884407,0.4012873614455689,0.40854659225677453,82659.39913718906,292.12040995780103,-0.34914913399077047,0.27018967123023696,125.13634377333595,-1.9651601193224433,90.07644589425325,72.81650093702063
2035-11-01,Kabale,17455.652201526806,0.9086567073077686,19.0,0.0,1.0,0.0186623533181755,1.0000305189751728,2.000030518975173,-1.242,29.9856,-1.0,30.00000000000001,0.00640001394912371,0.002056306905863153,-0.0025050996934434587,287.835335193163,1.3926480435134252,0.00022161838656997666,292.4902520879722,293.1216165371907,293.14144091665474,293.3505437474629,293.59569469446734,0.4357101438254209,0.44187201703906115,0.4336626372144804,0.4245538802836473,82652.69727864975,291.804075831405,-0.3375553652594811,0.1600356296780388,125.02836439848285,1.0665939207640966,115.59274070897635,74.10750846837354
2035-12-01,Kabale,17455.652201526806,0.9086567073077686,19.0,0.0,1.0,0.0186623533181755,1.0000305189751728,2.000030518975173,-1.242,29.9856,-1.0,30.00000000000001,0.00483050832317989,0.0022582644906608885,-0.002700783091157362,287.62625783429405,1.4200583355639904,0.00021938337809227192,292.56812384093894,293.1264517068094,293.1110175553286,293.1887566489395,293.40764038638326,0.4299924211785686,0.439434812299834,0.432604187635717,0.43815887315665114,82684.8334569608,291.9424001353714,-0.18831117751556353,-0.038778024950745726,92.33852561759372,0.07306388976457276,115.11906606049942,85.41241469607951
2036-01-01,Kabale,17455.652201526806,0.9086567073077686,19.0,0.0,1.0,0.0186623533181755,1.0000305189751728,2.000030518975173,-1.242,29.9856,-1.0,30.00000000000001,0.002902929301694717,0.0012532362765294521,-0.0027624738078034124,287.11551184549626,1.4183592900385344,0.00016768315238551844,293.01581229644324,293.5824663573949,293.4854122738299,293.436187093738,293.37018100037875,0.40898651292658994,0.4093833185434377,0.4044440728931433,0.4333484666411379,82652.05167414706,292.62509507843106,-0.01560539842485796,-0.1923264425091484,68.46987987353141,-1.0471629003335206,95.45069692999039,93.44575473468782
2036-02-01,Kabale,17455.652201526806,0.9086567073077686,19.0,0.0,1.0,0.0186623533181755,1.0000305189751728,2.000030518975173,-1.242,29.9856,-1.0,30.00000000000001,0.003171822330808342,0.0009306954732186257,-0.0027385609639702826,287.05727424162217,1.4271017940356463,0.00014903728857599733,293.8974201631448,294.2767654126413,294.17016778350285,293.9317707987215,293.4891102287688,0.3887329243421003,0.3912616381595803,0.38172803581364523,0.42851254970566904,82635.57959200967,293.3399791361315,-0.19692132913861488,-0.037289102048658374,80.56494829681729,3.3810508807528707,80.83475271672481,99.85399169565817
2036-03-01,Kabale,17455.652201526806,0.9086567073077686,19.0,0.0,1.0,0.0186623533181755,1.0000305189751728,2.000030518975173,-1.242,29.9856,-1.0,30.00000000000001,0.005204867942662678,0.0012951770581311813,-0.002746082886646421,288.03793101178024,1.401815395021815,0.0001919848118286963,293.7490211778465,294.34460366479976,294.30842317554567,294.1789349789361,293.7049401438405,0.4220904377544773,0.4235732121092152,0.3906621391915181,0.4235517106754085,82622.23486687691,293.11514071587624,-0.38416949915464027,0.2583736073987933,124.37764432528952,-2.946078352423164,95.45261637009969,104.51743885645122
2036-04-01,Kabale,17455.652201526806,0.9086567073077686,19.0,0.0,1.0,0.0186623533181755,1.0000305189751728,2.000030518975173,-1.242,29.9856,-1.0,30.00000000000001,0.007156982638529457,0.0022275620683031264,-0.002746476118161802,288.79315399925423,1.3929920229051431,0.00023178443580051787,293.0976667892367,293.70740247463374,293.7813121232734,293.84982067799865,293.8411387964921,0.44236611584930674,0.43896501775040736,0.4296770671513206,0.4273187554397395,82656.33015868468,292.51240771359795,-0.612641236025387,0.6781550820691192,145.5919194771374,-3.3491142342015348,119.86470750373725,106.1725220449926
2036-05-01,Kabale,17455.652201526806,0.9086567073077686,19.0,0.0,1.0,0.0186623533181755,1.0000305189751728,2.000030518975173,-1.242,29.9856,-1.0,30.00000000000001,0.004389260315421072,0.00296732735868159,-0.002662025789292321,287.69134789048445,1.5478178943828778,0.00017382859018231193,292.96708662171017,293.4059490345371,293.5219600845398,293.59633635574585,293.78205833690487,0.406992470649322,0.4167567606971656,0.42305402590837116,0.4410927676964905,82740.99685249629,292.54699455221305,-0.7645265433521199,0.8968593769399724,100.47844398619878,-1.8128763965717303,125.8011540333293,102.0038354431361
2036-06-01,Kabale,17455.652201526806,0.9086567073077686,19.0,0.0,1.0,0.0186623533181755,1.0000305189751728,2.000030518975173,-1.242,29.9856,-1.0,30.00000000000001,0.0007909396627294997,0.001158116873858243,-0.0021866720305657675,285.3070353600566,1.5629253174474709,9.778358741547296e-05,292.75617292651606,293.21513765089077,293.31557653635383,293.389047909024,293.6245383427633,0.3332847766082163,0.3541369442016501,0.36817641131609463,0.4316348389696666,82799.70034448276,292.6536083512205,-0.7371423941363382,0.9997013310006779,30.255571038385614,0.49261661767345805,87.39538802261205,93.91058376941069
2036-07-01,Kabale,17455.652201526806,0.9086567073077686,19.0,0.0,1.0,0.0186623533181755,1.0000305189751728,2.000030518975173,-1.242,29.9856,-1.0,30.00000000000001,0.0014455190753472815,0.0004932254984337219,-0.0018318803488738243,284.52791805638435,1.4016962326732774,7.647445838264522e-05,293.20669552661593,293.66034869750035,293.55284215522994,293.53311760277046,293.53604832625757,0.31615492951089924,0.3143913688821854,0.3316089056730433,0.4192242896826936,82783.39535617261,292.883433161411,-0.4585866781888985,0.7291582840418571,15.7414685505655,-1.0881095870391815,47.46502482992398,87.11752452583845
2036-08-01,Kabale,17455.652201526806,0.9086567073077686,19.0,0.0,1.0,0.0186623533181755,1.0000305189751728,2.000030518975173,-1.242,29.9856,-1.0,30.00000000000001,0.003024671121856812,0.0006078914361810332,-0.0020996361116238185,285.7774621367946,1.4316757782872283,0.0001185407247620184,293.52404340855514,293.9952247756232,293.9486622669747,293.8315759547488,293.57063652661105,0.3659738230289029,0.3618866058445215,0.3325352304656063,0.4087991351088573,82758.81870658309,292.96273403180186,-0.47032429087350924,0.4534870558415932,43.46148436431447,4.211151607282375,33.97147249833265,82.12575349694661
2036-09-01,Kabale,17455.652201526806,0.9086567073077686,19.0,0.0,1.0,0.0186623533181755,1.0000305189751728,2.000030518975173,-1.242,29.9856,-1.0,30.00000000000001,0.005220776720031107,0.0010956778405230212,-0.0023638865697268633,286.8964742912137,1.4471080684551425,0.00015216408616451643,293.45823197441257,294.0003225136871,293.94707731155927,293.9133730731251,293.67787371884447,0.39958599704304165,0.40168260918439924,0.36770563139588,0.4051834557912923,82694.13595194742,292.6558236855042,-0.43710274387428494,0.4076260114707544,96.31410209368646,1.7005893367571376,58.594065792527424,75.05736490310093
2036-10-01,Kabale,17455.652201526806,0.9086567073077686,19.0,0.0,1.0,0.0186623533181755,1.0000305189751728,2.000030518975173,-1.242,29.9856,-1.0,30.00000000000001,0.00630096582711149,0.001561010734955877,-0.0024899272980128382,287.775000951192,1.442731781027264,0.0001886368127599693,293.01190668993337,293.5750319128897,293.5999550209587,293.7272571650369,293.7418318546978,0.4309657821097957,0.4263161292046596,0.4073626213062351,0.41311234143191744,82667.83849605215,292.3612495644525,-0.4195122027688525,0.32337665487331074,121.53575153804596,-2.783146863464171,96.24596670244135,72.45788311363988
2036-11-01,Kabale,17455.652201526806,0.9086567073077686,19.0,0.0,1.0,0.0186623533181755,1.0000305189751728,2.000030518975173,-1.242,29.9856,-1.0,30.00000000000001,0.006660747369217479,0.002485051047645185,-0.0024741089677483025,287.94864161344776,1.4782912971803697,0.0002245976207965267,292.5272881114381,293.07055072262597,293.2293961103528,293.39837981638567,293.61668251805605,0.4334641621924374,0.4363303554004303,0.43527057899951405,0.42763590314158534,82640.12229456837,291.819136224211,-0.3301136131066507,0.11277942138864461,122.2378166693934,0.45791743741601676,114.75946521183626,75.51316114201792
2036-12-01,Kabale,17455.652201526806,0.9086567073077686,19.0,0.0,1.0,0.0186623533181755,1.0000305189751728,2.000030518975173,-1.242,29.9856,-1.0,30.00000000000001,0.004086803248853014,0.001737171164583376,-0.002628672321144411,287.67186199159534,1.4463087125256726,0.0002237628936801482,292.541291593804,293.0671207772475,293.1437397890639,293.2135018879592,293.4421916972316,0.43163719131615297,0.429118293615894,0.42624518154414576,0.4359263560614499,82628.65161605051,291.95845449311315,-0.29225941987073717,-0.01822450092418584,88.78209806429867,2.225249853147917,110.87652145339382,84.37095995483993
2037-01-01,Kabale,17455.652201526806,0.9086567073077686,19.0,0.0,1.0,0.0186623533181755,1.0000305189751728,2.000030518975173,-1.242,29.9856,-1.0,30.00000000000001,0.0027277686861498867,0.0012372439039120193,-0.002736757383376977,286.8033886588764,1.4424008229133658,0.00017146684252749008,293.0316071659199,293.5409660845939,293.49607096328316,293.43297211656886,293.34440048787604,0.40430081059592077,0.40841232952856427,0.4036846797082618,0.4330610887666127,82630.29807146711,292.5664919290139,0.004095476331570483,-0.202758702769493,68.80951214134683,-0.09659191263526817,92.65552296507687,93.03746585593322
2037-02-01,Kabale,17455.652201526806,0.9086567073077686,19.0,0.0,1.0,0.0186623533181755,1.0000305189751728,2.000030518975173,-1.242,29.9856,-1.0,30.00000000000001,0.0031518733997060798,0.0009370524879679159,-0.0026925491241255864,286.8851743749597,1.453750469626446,0.0001568162247924512,293.7286758751341,294.2228586955664,294.12444297782736,293.8643799991388,293.46677143142443,0.38839079203877697,0.3914647116240926,0.38218842952266857,0.42733367693111296,82601.88237945297,293.300636706705,-0.06919928855643392,-0.14250839235150842,81.2820940147946,-0.9215251283316065,81.8248993392906,98.03984835454966
2037-03-01,Kabale,17455.652201526806,0.9086567073077686,19.0,0.0,1.0,0.0186623533181755,1.0000305189751728,2.000030518975173,-1.242,29.9856,-1.0,30.00000000000001,0.005150810291238185,0.001264535726801175,-0.0027426549903716737,287.9723104807662,1.4610223648330547,0.00019415590719720907,293.70490727375955,294.2697397828736,294.21279765563764,294.13739171182215,293.71880053642127,0.4189574824851476,0.4181715302249456,0.38842892869375684,0.4200886576462987,82594.70919379208,293.09195325137665,-0.35215919962278897,0.2891642477451959,130.4732707415705,-2.0084081610844593,90.68214281164865,102.14025902347215
2037-04-01,Kabale,17455.652201526806,0.9086567073077686,19.0,0.0,1.0,0.0186623533181755,1.0000305189751728,2.000030518975173,-1.242,29.9856,-1.0,30.00000000000001,0.006803097804035937,0.0022003667493732484,-0.0026678926646004626,288.5455628361389,1.444361528268431,0.000228846707807036,293.1520575523435,293.72936200202474,293.71988955841425,293.84491287478903,293.8250455268995,0.4321661250162149,0.4411637809793896,0.42599165820666474,0.4268550026371014,82623.40915012066,292.5953264512055,-0.6304558054725694,0.6673576850841023,147.29049144963983,-0.6451296938616523,114.34585808269964,105.54803466954958
2037-05-01,Kabale,17455.652201526806,0.9086567073077686,19.0,0.0,1.0,0.0186623533181755,1.0000305189751728,2.000030518975173,-1.242,29.9856,-1.0,30.00000000000001,0.004129075550731499,0.0028530703505359667,-0.0026176040036623473,287.7686632603456,1.5490548644314415,0.00018554406536915835,292.9614289607668,293.5065149825132,293.51622029994815,293.60437089958026,293.7392271351594,0.4140465540026181,0.4143053584254072,0.42646636006817024,0.4403087455912077,82719.71277473822,292.6184373553152,-0.7565790215062425,0.8963956427943608,107.20390128246427,-0.8138233171195621,125.1435805810458,104.67462683915846
2037-06-01,Kabale,17455.652201526806,0.9086567073077686,19.0,0.0,1.0,0.0186623533181755,1.0000305189751728,2.000030518975173,-1.242,29.9856,-1.0,30.00000000000001,0.0015875261085629472,0.0013402000358854432,-0.0022150353740749227,285.6074786714446,1.5540349589785667,9.664485311367171e-05,292.7884127235607,293.2267164171446,293.2386078252627,293.4708076451577,293.61398681177724,0.3403305371050409,0.3576084821933639,0.3771638638247284,0.433294520027592,82775.78747663305,292.76456340101834,-0.6487890951744101,0.9061180510161103,28.93283933953333,1.4743895382068535,90.46362675826174,94.61123090986234
2037-07-01,Kabale,17455.652201526806,0.9086567073077686,19.0,0.0,1.0,0.0186623533181755,1.0000305189751728,2.000030518975173,-1.242,29.9856,-1.0,30.00000000000001,0.0010827700124631937,0.0005536807416443991,-0.0018125447289376866,284.4610518262646,1.478018921010713,7.379626969075891e-05,293.2742921842297,293.6296112608521,293.6029579087683,293.5072727860175,293.56043359854584,0.3071802575717019,0.32125007599453925,0.33636990668621497,0.4201404583021575,82764.83328444311,292.93545983838914,-0.5162531638274007,0.7040252438633011,15.316810454280617,1.925327776383856,53.74930515944815,84.90709296323526
2037-08-01,Kabale,17455.652201526806,0.9086567073077686,19.0,0.0,1.0,0.0186623533181755,1.0000305189751728,2.000030518975173,-1.242,29.9856,-1.0,30.00000000000001,0.0032311510638291436,0.0005420718925694689,-0.0020303513595853143,285.67215289358694,1.4603393090453503,0.00011525907694996649,293.53235202952953,293.9781177063278,294.00950940239454,293.8663842870865,293.62880887996926,0.3584917889166124,0.34991165770755533,0.3258666676727229,0.4096597454323657,82736.50135678222,292.9917276773174,-0.4962526647216997,0.5284105914547662,45.95049175534558,-0.4548484294606913,28.801339697893283,80.80859543691815
2037-09-01,Kabale,17455.652201526806,0.9086567073077686,19.0,0.0,1.0,0.0186623533181755,1.0000305189751728,2.000030518975173,-1.242,29.9856,-1.0,30.00000000000001,0.00509093867927583,0.0011062145205090698,-0.002325541513899387,286.9484219517411,1.452863248926229,0.00015966386791562163,293.3475100699137,293.92732907566915,293.95570548727875,293.86768608194564,293.66739792352985,0.3980403534032115,0.39413630092825674,0.3728222964405682,0.406262254183728,82679.12851832637,292.6122143624373,-0.45395082149041116,0.41291346692396075,99.41233556122326,-1.6985814776996024,55.882282777805436,73.68225925277787
2037-10-01,Kabale,17455.652201526806,0.9086567073077686,19.0,0.0,1.0,0.0186623533181755,1.0000305189751728,2.000030518975173,-1.242,29.9856,-1.0,30.00000000000001,0.006227220804543634,0.0016299258686780008,-0.0024223516404288806,287.65412697581155,1.474923455208352,0.00019662258793346445,292.93690856938395,293.5373208315538,293.5887223841963,293.6182606891742,293.7569005601973,0.4320466945816222,0.42650472290399205,0.402712595466795,0.41306641164487534,82640.05377368757,292.26873573672077,-0.44636270897775926,0.31556272983090117,123.06131686528038,-1.4649510658236071,90.79638232692498,71.09246892408662
2037-11-01,Kabale,17455.652201526806,0.9086567073077686,19.0,0.0,1.0,0.0186623533181755,1.0000305189751728,2.000030518975173,-1.242,29.9856,-1.0,30.00000000000001,0.006417624150546832,0.00234572322332599,-0.002459603468137087,288.0066635156358,1.4664712993203213,0.0002222849668890106,292.46850794584105,293.14342346354283,293.1912257914399,293.3579755533213,293.58334128606776,0.4375092702177457,0.43876540036813066,0.43151137038219706,0.42941782610839035,82606.37006763971,291.77231038724017,-0.32599617653524476,0.11653827514581717,127.86643265186544,-1.4831611765827681,115.74649636167649,76.50943968317313
2037-12-01,Kabale,17455.652201526806,0.9086567073077686,19.0,0.0,1.0,0.0186623533181755,1.0000305189751728,2.000030518975173,-1.242,29.9856,-1.0,30.00000000000001,0.0046290671347745055,0.001961796192850014,-0.0026211771734917597,287.49845713888055,1.4801540025391238,0.00022232518168435072,292.48252065464385,293.14583538908636,293.1722850914877,293.1776666439368,293.4349880848278,0.43190303116221046,0.43446858490200596,0.42971155293333824,0.43601893668619834,82620.16273874526,291.9474292460748,-0.26889530958738644,-0.05569042025080955,91.16342364033537,-0.3707764829666359,113.36103518483408,85.43966875913752
2038-01-01,Kabale,17455.652201526806,0.9086567073077686,19.0,0.0,1.0,0.0186623533181755,1.0000305189751728,2.000030518975173,-1.242,29.9856,-1.0,30.00000000000001,0.003141774666377186,0.0012139560376444411,-0.002674123032185994,286.9364598175547,1.452714338031776,0.0001672351315032653,293.0926673879423,293.5473862581858,293.4875743505842,293.4299944666948,293.35107857134926,0.40918081327832845,0.4125747883504802,0.4062870764589603,0.43565447756241277,82613.29155506316,292.5902109157503,-0.019243074825792277,-0.18173792764781932,73.77767698512493,-1.2991611386076674,94.65766130722457,92.45182730343187
2038-02-01,Kabale,17455.652201526806,0.9086567073077686,19.0,0.0,1.0,0.0186623533181755,1.0000305189751728,2.000030518975173,-1.242,29.9856,-1.0,30.00000000000001,0.0031020452531458835,0.001019714185207449,-0.002673551872097453,286.9197883358495,1.4851519867189993,0.00015140425445825856,293.77045472350284,294.3075439553574,294.152200103795,293.87141578752073,293.4574073311981,0.39033454244913185,0.3920979122109751,0.38060559412885975,0.4278682649241635,82573.88718217071,293.3035012364352,-0.11961112354064835,-0.08331252155178615,78.1257921175294,0.39345429359603534,76.73663670297358,98.76552055946095
2038-03-01,Kabale,17455.652201526806,0.9086567073077686,19.0,0.0,1.0,0.0186623533181755,1.0000305189751728,2.000030518975173,-1.242,29.9856,-1.0,30.00000000000001,0.004875476628782185,0.0010675481739761696,-0.0026853732685241166,287.82655000678307,1.4746804702051017,0.00019286928050890877,293.6256566678825,294.20316401812323,294.15556746409646,294.037530951572,293.7379607117594,0.415626426244102,0.4207892158210358,0.38871997175588086,0.42091160777503156,82571.1803008174,293.00631659302263,-0.36842623569510713,0.22451623373839102,126.60138102154167,-2.0906996459103544,89.69550564171239,103.16618382581905
2038-04-01,Kabale,17455.652201526806,0.9086567073077686,19.0,0.0,1.0,0.0186623533181755,1.0000305189751728,2.000030518975173,-1.242,29.9856,-1.0,30.00000000000001,0.006602730312204717,0.0022370444808198597,-0.002625269825457096,288.50487941638687,1.4768628834868605,0.0002299516979759819,293.157677701986,293.7523954926606,293.79115935194716,293.88778459438277,293.80277164424854,0.43081068436332604,0.4373234427937229,0.422768566897634,0.43004509450923106,82600.68471311487,292.56267023756516,-0.6287384259498913,0.642869666213081,140.80298848701952,0.0018006827072223341,117.50867515259216,106.76815738243086
2038-05-01,Kabale,17455.652201526806,0.9086567073077686,19.0,0.0,1.0,0.0186623533181755,1.0000305189751728,2.000030518975173,-1.242,29.9856,-1.0,30.00000000000001,0.00448370664102864,0.002776502498935596,-0.0025598128444499096,287.8156898169467,1.5515034311511442,0.0001839739774222986,292.8684522619667,293.480388954146,293.4731595724175,293.6449675902153,293.78324047970676,0.419664904629802,0.4174838673641996,0.423785139581656,0.4386609086799245,82691.9730124129,292.5414733277702,-0.7954700030961438,0.913703082949854,107.64809680660849,-2.1868274361152973,128.15109639848725,102.15001067623814
2038-06-01,Kabale,17455.652201526806,0.9086567073077686,19.0,0.0,1.0,0.0186623533181755,1.0000305189751728,2.000030518975173,-1.242,29.9856,-1.0,30.00000000000001,0.001952297426234083,0.0014622688742802362,-0.002206240484211204,285.78538483616774,1.5719881975453815,9.974508659521012e-05,292.7584258217622,293.1926184501676,293.3650013054633,293.4646734308034,293.6257998802885,0.3556415537365988,0.36407786848277385,0.37511375708116335,0.4345416638948026,82752.55163313684,292.7324800593504,-0.5889117566424469,0.8130609820424959,29.576563682853358,-2.1794938216080557,91.90249794978313,95.08903341760558
2038-07-01,Kabale,17455.652201526806,0.9086567073077686,19.0,0.0,1.0,0.0186623533181755,1.0000305189751728,2.000030518975173,-1.242,29.9856,-1.0,30.00000000000001,0.0011608239411445135,0.00046177878965276785,-0.001728970057165944,284.2488950697445,1.4829609642212875,7.127007893086384e-05,293.25649131915094,293.712443640096,293.59667980686925,293.5477797829312,293.508732105122,0.3082904231951649,0.32104377902590187,0.3374365727992644,0.421961878735688,82752.51480410728,293.0070029538136,-0.569590137890555,0.7445937544790175,17.413916620468854,-2.7072311639952646,50.32786394711321,85.96805251241857
2038-08-01,Kabale,17455.652201526806,0.9086567073077686,19.0,0.0,1.0,0.0186623533181755,1.0000305189751728,2.000030518975173,-1.242,29.9856,-1.0,30.00000000000001,0.0028262238732641555,0.0005935789120603784,-0.0019536517710344054,285.526361462042,1.4971917117572118,0.00011190181401454274,293.5399878337808,294.04417782077127,294.034977751172,293.87873928448323,293.6174761608632,0.35907353300647454,0.3478842440148269,0.3260374779827361,0.4105963171639787,82720.48867753455,292.91556759988526,-0.5376657566018309,0.5363325771427857,47.66511212565887,0.42511743440315186,30.297087368355324,80.10758432411319
2038-09-01,Kabale,17455.652201526806,0.9086567073077686,19.0,0.0,1.0,0.0186623533181755,1.0000305189751728,2.000030518975173,-1.242,29.9856,-1.0,30.00000000000001,0.004667098959729259,0.0008522513783596137,-0.0023257700726048327,286.96781296226,1.4807655102574124,0.0001587714426791344,293.33862032112074,293.92323990293687,293.91813062893027,293.8576045116056,293.69756442500807,0.40133989419843724,0.3936520995543477,0.36361342156101556,0.40654853745596986,82662.69103798698,292.6685943459147,-0.4511494800263586,0.36447823029102866,101.61365385564525,2.2518188213127184,52.176298251197736,75.85858302067373
2038-10-01,Kabale,17455.652201526806,0.9086567073077686,19.0,0.0,1.0,0.0186623533181755,1.0000305189751728,2.000030518975173,-1.242,29.9856,-1.0,30.00000000000001,0.006204118836686002,0.001608111435434678,-0.0024543688654553,287.5880387080568,1.4712173494011964,0.00019674476094849074,292.9567705629673,293.60678017536145,293.57455609371186,293.66842784468565,293.72906184244573,0.42345307146400385,0.42948883641679975,0.40653192905860286,0.4115976953400906,82606.08294687697,292.2369815003369,-0.40455568122012164,0.250003158934527,123.67316744308273,0.7918268795886115,89.688013703923,71.04123880262433
2038-11-01,Kabale,17455.652201526806,0.9086567073077686,19.0,0.0,1.0,0.0186623533181755,1.0000305189751728,2.000030518975173,-1.242,29.9856,-1.0,30.00000000000001,0.006396347867211684,0.0023878197997789443,-0.002434401617649,287.94060601164745,1.5051243036348787,0.00022334673411414943,292.5273744228153,293.1216176158993,293.1597130749559,293.36918445018347,293.5987994540028,0.4387055713706616,0.44409208556431984,0.43260747822325313,0.4270850237591613,82593.546303945,291.86335953251273,-0.3472546941534796,0.09400391624511573,126.73568147206097,-0.34851511925811046,116.70481832536012,73.27381805788596
2038-12-01,Kabale,17455.652201526806,0.9086567073077686,19.0,0.0,1.0,0.0186623533181755,1.0000305189751728,2.000030518975173,-1.242,29.9856,-1.0,30.00000000000001,0.004631448229946741,0.002015180492879274,-0.0025688468597983975,287.51431699794375,1.522129773615084,0.00022048925317171364,292.5633392416153,293.08303023136125,293.15009786950003,293.2549115601311,293.41981598601717,0.4324227765260755,0.4401295964938546,0.4357881296753018,0.4402832304386244,82611.69929696416,291.92398226579013,-0.22861361118478765,-0.08976395213119406,94.65837869973419,3.632692890479837,114.74754783423731,83.80601127389603
2039-01-01,Kabale,17455.652201526806,0.9086567073077686,19.0,0.0,1.0,0.0186623533181755,1.0000305189751728,2.000030518975173,-1.242,29.9856,-1.0,30.00000000000001,0.003157874235089586,0.0014086964916929826,-0.002684764296282112,287.0675869188199,1.5088332426368989,0.00016881452201010895,293.03280788607844,293.55267749380255,293.47654353736766,293.42580677682963,293.34131416100007,0.4107997308984747,0.4131022516471099,0.4038559179023095,0.43558295815084297,82589.86793237286,292.6157823268469,-0.0006668483784136045,-0.2440287059536025,70.23516297880495,-3.204202556589986,94.100821958426,91.8672833042719
2039-02-01,Kabale,17455.652201526806,0.9086567073077686,19.0,0.0,1.0,0.0186623533181755,1.0000305189751728,2.000030518975173,-1.242,29.9856,-1.0,30.00000000000001,0.002990832677911417,0.0009793505470822382,-0.0026050281503440177,287.0375550444219,1.5017912441434549,0.0001476106010153621,293.78868937012965,294.26753633706613,294.14438710787226,293.9472533342928,293.52369846453206,0.3945090199231916,0.39732929479433454,0.3825289556721794,0.42929587554338744,82567.53854152057,293.2794478322634,-0.12952875403476294,-0.05637876900089419,84.39082389051933,0.8462019455822467,78.98229902601837,100.97262198433323
2039-03-01,Kabale,17455.652201526806,0.9086567073077686,19.0,0.0,1.0,0.0186623533181755,1.0000305189751728,2.000030518975173,-1.242,29.9856,-1.0,30.00000000000001,0.004797527980261156,0.0010843490489764469,-0.0026586090980059234,287.68045492804106,1.5152618647526164,0.00019412227395409384,293.61613549245664,294.16503111223943,294.1341069471423,294.0368095828567,293.7340654091397,0.41193031008450387,0.41586552387270104,0.3892372915799203,0.42232247695958736,82549.5325883731,293.00217954555364,-0.3798289337022848,0.19042465712735016,128.74541696513174,-0.8083094679481807,88.13968395499022,103.55084297554706
2039-04-01,Kabale,17455.652201526806,0.9086567073077686,19.0,0.0,1.0,0.0186623533181755,1.0000305189751728,2.000030518975173,-1.242,29.9856,-1.0,30.00000000000001,0.006442038322286591,0.002293708440691914,-0.0025903164580276506,288.2770941300059,1.526292903560321,0.00023035419911753588,293.1458952713771,293.78365340616915,293.79976392745874,293.84361663112344,293.8381763088978,0.4296235260594449,0.42837510994839395,0.4175943964240104,0.4256280556034181,82580.38581402811,292.57705850622966,-0.6250688012775217,0.631809898602637,144.15438607329983,-0.6258706901537298,111.59111092551531,105.29052737271908
2039-05-01,Kabale,17455.652201526806,0.9086567073077686,19.0,0.0,1.0,0.0186623533181755,1.0000305189751728,2.000030518975173,-1.242,29.9856,-1.0,30.00000000000001,0.004445976222379247,0.0026533572488241335,-0.0025065724172081793,288.0331214735504,1.5390142705921324,0.00018348266246680093,292.93997873079604,293.4360705476862,293.42049325227737,293.6186003152187,293.7526049982003,0.41515230286318366,0.41978734457558586,0.42276084604427727,0.43886392451757605,82664.04051428715,292.4937764058394,-0.773768775784365,0.9249194185265142,113.60098180875525,2.658638328135316,123.87300687057014,103.66496260021674
2039-06-01,Kabale,17455.652201526806,0.9086567073077686,19.0,0.0,1.0,0.0186623533181755,1.0000305189751728,2.000030518975173,-1.242,29.9856,-1.0,30.00000000000001,0.0024932472898508647,0.0017450773038761708,-0.0021863678240357527,286.05333933817906,1.5604345465658358,0.00010775191478567517,292.7722411938026,293.3093115768875,293.3382845574764,293.4135852815074,293.63009530383795,0.36164115858066065,0.3730421735051033,0.38291683393078896,0.43391656196802925,82724.5654843881,292.7375248330705,-0.44480292726789933,0.77568712793058,32.386342855610266,0.7880317424861434,99.89384224991713,94.0319299817909
2039-07-01,Kabale,17455.652201526806,0.9086567073077686,19.0,0.0,1.0,0.0186623533181755,1.0000305189751728,2.000030518975173,-1.242,29.9856,-1.0,30.00000000000001,0.0005402844175939527,0.00048297996008946976,-0.0017383160720588664,284.1762212690486,1.5418859033675534,6.104746093798777e-05,293.249892391198,293.70234659008116,293.6678015351738,293.54610500305273,293.50530472172994,0.3081096124970629,0.319532442733373,0.34148461703327654,0.4228386921075022,82734.87320355764,293.0032220059526,-0.6272228809789083,0.7657459861133736,16.294314400183847,-0.19101373926119775,53.43740514912631,86.00381759242721
2039-08-01,Kabale,17455.652201526806,0.9086567073077686,19.0,0.0,1.0,0.0186623533181755,1.0000305189751728,2.000030518975173,-1.242,29.9856,-1.0,30.00000000000001,0.003121396276091746,0.0005638301132742595,-0.0018681899406724188,285.6028847778059,1.5247855841722004,0.00011726260672268837,293.64191813409286,294.1223156194524,294.0029877395057,293.8506713869569,293.56956976415296,0.3488322350674772,0.33905522078820005,0.3266483111290838,0.41172850765426144,82695.80393132416,292.98564611806404,-0.560124650268644,0.5932229045073266,46.07461883947333,2.9624415647120825,27.206613235455755,80.58592184723042
2039-09-01,Kabale,17455.652201526806,0.9086567073077686,19.0,0.0,1.0,0.0186623533181755,1.0000305189751728,2.000030518975173,-1.242,29.9856,-1.0,30.00000000000001,0.004536847539020125,0.0009248127214506686,-0.0022379812833396087,287.11137069796524,1.5108191764226613,0.00015624990063356592,293.2840939055462,293.89705023447505,293.86963735621754,293.8702859112874,293.6974459924016,0.4054884613869095,0.3984093047645052,0.35804343604058486,0.4081467956510511,82652.63090811943,292.6372327125843,-0.4942246856408468,0.3409178020790817,101.86896729866048,2.343891179960716,48.22576097693393,74.22437307519661
2039-10-01,Kabale,17455.652201526806,0.9086567073077686,19.0,0.0,1.0,0.0186623533181755,1.0000305189751728,2.000030518975173,-1.242,29.9856,-1.0,30.00000000000001,0.006483281722943694,0.0017509708904408614,-0.002413747880530764,287.4715667238686,1.5163366748676625,0.00019541332249802988,292.90577750662044,293.5149012591055,293.5171434134373,293.7205941238011,293.7372940007922,0.4269905809110466,0.43102325889599796,0.40174047645875033,0.409840923621419,82567.52312859715,292.2305985214213,-0.3776158929660348,0.18518798355852586,125.6628060656299,0.6812478870630192,89.35750557017312,73.22297687596753
2039-11-01,Kabale,17455.652201526806,0.9086567073077686,19.0,0.0,1.0,0.0186623533181755,1.0000305189751728,2.000030518975173,-1.242,29.9856,-1.0,30.00000000000001,0.0063297157745153204,0.002236439837076421,-0.002340881933733963,288.042162670704,1.5013478241287364,0.00021930606962833812,292.5251373464639,293.15373056872653,293.17951062726735,293.36171373947616,293.5990440762382,0.4377499331306961,0.441462034465894,0.4385421753226091,0.42378910239662737,82560.29142967326,291.88524313076977,-0.3313851936206517,0.1377173710515234,125.20412195175237,0.3650100598410008,115.564013756139,74.8040768325207
2039-12-01,Kabale,17455.652201526806,0.9086567073077686,19.0,0.0,1.0,0.0186623533181755,1.0000305189751728,2.000030518975173,-1.242,29.9856,-1.0,30.00000000000001,0.0045794010210877326,0.0021457100245845266,-0.0025313278801171197,287.55802547559153,1.5059968303307187,0.00021801144270121534,292.5747089385931,293.1382442594487,293.10844002722683,293.182174050157,293.44416715473045,0.4340619749872321,0.4376316518034232,0.43712594116225,0.44013296673551633,82590.19004908831,292.004312434003,-0.18515526969683618,-0.11119392628612065,88.73092723815074,-1.1880254550374199,113.68833939551038,85.02847446838662
2040-01-01,Kabale,17455.652201526806,0.9086567073077686,19.0,0.0,1.0,0.0186623533181755,1.0000305189751728,2.000030518975173,-1.242,29.9856,-1.0,30.00000000000001,0.003092166388885792,0.0013826727052328438,-0.002672464178316348,287.14195076336324,1.514056483976866,0.0001708046778888965,293.0704906213461,293.57507483508886,293.5210313629908,293.40137533827664,293.3729797516848,0.4136593268709118,0.41554241011454407,0.4084629448475325,0.43774096577744487,82562.03236670395,292.6221170886852,-0.033488479177813654,-0.18581410074341195,68.73820338331433,0.6776377362234336,94.95415831848737,93.44190724431866
2040-02-01,Kabale,17455.652201526806,0.9086567073077686,19.0,0.0,1.0,0.0186623533181755,1.0000305189751728,2.000030518975173,-1.242,29.9856,-1.0,30.00000000000001,0.0033166764614867956,0.0009569341509449529,-0.002592181251892609,287.0789025091856,1.5213680301731831,0.000149746978641126,293.82673460663256,294.30183631180626,294.13896323740875,293.99648659619106,293.49114068977406,0.3961389913594212,0.39299694014325837,0.3795307041721013,0.42956748120319216,82547.0825112278,293.30865760522784,-0.15562357474153266,-0.0822542048133697,83.64801232301292,-2.1909043736336717,81.56647883411284,99.16955514066336
2040-03-01,Kabale,17455.652201526806,0.9086567073077686,19.0,0.0,1.0,0.0186623533181755,1.0000305189751728,2.000030518975173,-1.242,29.9856,-1.0,30.00000000000001,0.005207554177944336,0.0011758942634026292,-0.0026240532703214934,288.09174829105285,1.5177251949750603,0.00018668751377429462,293.8555798168715,294.33713306443406,294.31134808089666,294.163452040936,293.7165198359208,0.42839606416514614,0.41736618221109034,0.39259058791712215,0.4245352864816543,82535.22409864266,293.08307552392955,-0.36637784148886887,0.23276300551610787,128.35327061666652,1.1110482533023953,96.27689329631616,103.0939995372777
2040-04-01,Kabale,17455.652201526806,0.9086567073077686,19.0,0.0,1.0,0.0186623533181755,1.0000305189751728,2.000030518975173,-1.242,29.9856,-1.0,30.00000000000001,0.006849891095472606,0.002230815244288984,-0.0026006444165560983,288.8615408718583,1.4916417099986865,0.00023673480800592608,293.17793685861284,293.70566725773614,293.72983668105337,293.8556209470652,293.82510594115706,0.44189688737952393,0.4456867072859654,0.42739727538115035,0.4313190125488147,82564.36846756836,292.515475836554,-0.6471846951000276,0.6648089261370486,143.5426517586341,-1.0054824623754792,119.31893979343762,105.01644998131866
2040-05-01,Kabale,17455.652201526806,0.9086567073077686,19.0,0.0,1.0,0.0186623533181755,1.0000305189751728,2.000030518975173,-1.242,29.9856,-1.0,30.00000000000001,0.0044840300678872895,0.0030814369926300124,-0.002509656686313974,287.7234004686536,1.6184501958610464,0.0001772656502992424,292.9182138489945,293.52509757623153,293.48301117488626,293.58848772600254,293.76714441298026,0.40938311710073105,0.416434050319257,0.4278761739528627,0.44229613739633006,82654.76905551359,292.61911917088906,-0.7309117648696913,0.8407395673634476,104.70417928427605,-1.0035060966382363,126.45459200716755,101.91527119025822
2040-06-01,Kabale,17455.652201526806,0.9086567073077686,19.0,0.0,1.0,0.0186623533181755,1.0000305189751728,2.000030518975173,-1.242,29.9856,-1.0,30.00000000000001,0.0010141379304908047,0.001020653703261835,-0.0020861563764004976,285.3478707416863,1.6475182812467803,9.092534332782044e-05,292.7268498921424,293.26647089719154,293.25906960403915,293.49094063025643,293.63034479283516,0.33495980247790796,0.3513018501442914,0.3677273064989477,0.4328905739361519,82718.43830477416,292.70326151425746,-0.7560411963564369,0.9294918722692831,32.898002552426235,1.78401172659615,89.31465331778938,92.70576879913939
2040-07-01,Kabale,17455.652201526806,0.9086567073077686,19.0,0.0,1.0,0.0186623533181755,1.0000305189751728,2.000030518975173,-1.242,29.9856,-1.0,30.00000000000001,0.0013039979072152284,0.0005764918533739966,-0.0016342932859481673,284.62599442589215,1.525398474973779,7.97994920947329e-05,293.2576342285798,293.68236066743816,293.61037955075074,293.55508627679126,293.51016011255984,0.3161599940216375,0.32210963483425614,0.33679778320925374,0.4190013772516297,82699.8164704024,292.9069292177359,-0.4355419030710602,0.6446983892658879,15.70591108456265,-0.48193530831081655,47.2110123070186,85.00867926814763
2040-08-01,Kabale,17455.652201526806,0.9086567073077686,19.0,0.0,1.0,0.0186623533181755,1.0000305189751728,2.000030518975173,-1.242,29.9856,-1.0,30.00000000000001,0.003422287303107079,0.0005261173812493791,-0.0019586661897891093,285.6821163969317,1.5272703400651402,0.00012398564978302558,293.5500433002245,294.00735627409114,293.9265852350218,293.84544507067193,293.5758295301265,0.3665233302271059,0.35905994579311923,0.32949221644506965,0.4090490828130233,82667.54334959034,292.92323284312556,-0.4767944298697717,0.4596220297244532,46.78464708508142,0.2955944213195077,36.90758952741981,81.55632773478614
2040-09-01,Kabale,17455.652201526806,0.9086567073077686,19.0,0.0,1.0,0.0186623533181755,1.0000305189751728,2.000030518975173,-1.242,29.9856,-1.0,30.00000000000001,0.005274430125905819,0.0011568839741271399,-0.0022092890715326424,286.7490469917409,1.5400532747498412,0.00016085841555907066,293.4739244857129,294.01718921391614,293.92779072978243,293.8794262149179,293.6731242530868,0.4007338858065587,0.3936330875664899,0.37199685585979486,0.4071899860673323,82603.438786659,292.6574005863427,-0.44356899325273963,0.35560910486995084,100.28454892400991,2.509073462540793,58.88423779263902,73.35775346917218
2040-10-01,Kabale,17455.652201526806,0.9086567073077686,19.0,0.0,1.0,0.0186623533181755,1.0000305189751728,2.000030518975173,-1.242,29.9856,-1.0,30.00000000000001,0.00588228425011957,0.0017151780860636312,-0.0023582758982600587,287.68870424628045,1.5596699365233153,0.00019406309158098004,293.04802394960785,293.55115383283885,293.6209077872781,293.72640337515315,293.7772465551421,0.4345120336501891,0.4312319045413092,0.408684689795891,0.41510539712461836,82577.55488858528,292.33584516807906,-0.42256616016582155,0.2560297012731599,123.89935210048608,2.860424979412631,91.6052161660502,71.24146701882749
2040-11-01,Kabale,17455.652201526806,0.9086567073077686,19.0,0.0,1.0,0.0186623533181755,1.0000305189751728,2.000030518975173,-1.242,29.9856,-1.0,30.00000000000001,0.006592374595790389,0.002558472384038369,-0.002329634948029139,287.96271202234175,1.556433082731613,0.0002224218087468413,292.5418874525161,293.1559549160408,293.1819918900611,293.4081669819295,293.6345242511278,0.43930852618803595,0.43914639671787814,0.44202303889403227,0.4298019854475103,82553.36091357122,291.7180801175999,-0.3285280294308819,0.12426172515944814,125.21788952161933,-0.4295302567879158,118.65298530266665,76.7600923498704
2040-12-01,Kabale,17455.652201526806,0.9086567073077686,19.0,0.0,1.0,0.0186623533181755,1.0000305189751728,2.000030518975173,-1.242,29.9856,-1.0,30.00000000000001,0.004183855839548091,0.0017844255584411055,-0.002478038442376183,287.56347627428005,1.5514277468389728,0.00021988927984236927,292.53242594082616,293.13394965352364,293.1397855219841,293.2249495989679,293.444911766339,0.4327058424707549,0.4341336544134287,0.4277375846110467,0.4366589656977642,82544.53530239139,291.95229891257407,-0.31388730102232176,-0.02662576550671223,85.75570823728201,0.588072828960206,110.8540255352133,84.96316038474056
2041-01-01,Kabale,17455.652201526806,0.9086567073077686,19.0,0.0,1.0,0.0186623533181755,1.0000305189751728,2.000030518975173,-1.242,29.9856,-1.0,30.00000000000001,0.002822148727850237,0.0012760317931988568,-0.0026105458109447585,286.7906178761258,1.5478809237614872,0.0001646678145491685,293.021134455535,293.49809065047475,293.47373129460175,293.4460499050898,293.335506328776,0.406678761848413,0.4089004190873964,0.40012250661706256,0.4342462559815951,82543.72706864004,292.62020397476607,0.048476943050441264,-0.24054155396879853,66.14413548378981,-2.1263558331476142,91.0533343566662,94.43777663824864
2041-02-01,Kabale,17455.652201526806,0.9086567073077686,19.0,0.0,1.0,0.0186623533181755,1.0000305189751728,2.000030518975173,-1.242,29.9856,-1.0,30.00000000000001,0.0030608549927136153,0.0009445248841230008,-0.0025576331773143894,286.9051176528544,1.5422712628023496,0.00015206244786200799,293.844557085628,294.23486064261795,294.196069454759,293.81953279702344,293.4096115506953,0.3940095421431783,0.3959456727865078,0.38164154219421326,0.42737701123917665,82510.37999552135,293.2659252714193,-0.07076939144163295,-0.1717282657781944,73.42425503099248,-1.1298294374745281,80.04857617976627,98.51383914766974
2041-03-01,Kabale,17455.652201526806,0.9086567073077686,19.0,0.0,1.0,0.0186623533181755,1.0000305189751728,2.000030518975173,-1.242,29.9856,-1.0,30.00000000000001,0.0049572151296242,0.0012632830836166145,-0.0026157390441505003,287.94565361538486,1.5298184629721707,0.00019444810090478106,293.76717806737145,294.22240352396426,294.24196711930114,294.1070009366186,293.71980832141355,0.42534265752953915,0.41869406529538805,0.3878355846501681,0.42248928895231386,82504.07314155782,293.06693172929164,-0.36355778997398447,0.2210690810542799,131.47226175974706,0.5897621663219212,90.94109082883136,102.17255098502505
2041-04-01,Kabale,17455.652201526806,0.9086567073077686,19.0,0.0,1.0,0.0186623533181755,1.0000305189751728,2.000030518975173,-1.242,29.9856,-1.0,30.00000000000001,0.006709985493463448,0.002303909717248486,-0.0025611191002953373,288.69030004644173,1.5102162542983497,0.00023811714616107227,293.1467328786953,293.72030278259683,293.70545489914116,293.89773944835105,293.8226767070049,0.4426067007067352,0.4397945220160031,0.4304967303501753,0.42987805409322105,82536.13890186213,292.54541582979584,-0.6147658491496666,0.5971901783275717,143.5945927721879,-3.374420887325045,116.61640967043195,107.14542478256735
2041-05-01,Kabale,17455.652201526806,0.9086567073077686,19.0,0.0,1.0,0.0186623533181755,1.0000305189751728,2.000030518975173,-1.242,29.9856,-1.0,30.00000000000001,0.004152908802335433,0.002721801994446838,-0.002440888519277335,287.8418995601031,1.6228488974613717,0.0001819042572302465,292.94602151156005,293.4792933653699,293.4005495782762,293.6000430589579,293.70810553909814,0.4086112208768889,0.4171557894854544,0.4271153775662222,0.4425986602535529,82629.80004201633,292.5400076110829,-0.7514656134334473,0.846707581606238,106.77646909620692,0.7538124013335457,126.8262133668444,102.38952690422559
2041-06-01,Kabale,17455.652201526806,0.9086567073077686,19.0,0.0,1.0,0.0186623533181755,1.0000305189751728,2.000030518975173,-1.242,29.9856,-1.0,30.00000000000001,0.0014152403151433373,0.0013478048773715554,-0.002112314853482226,285.68647612882353,1.6564191904280505,0.00010105452535190086,292.7906377745719,293.2349932959173,293.2852326118634,293.41499264025543,293.6504355724945,0.3477487473072463,0.35716693536785016,0.37071333615334867,0.432502613435921,82695.21983871474,292.7135610194747,-0.6808431482142759,0.86955503302528,31.844980867898315,1.5228374717861715,90.16129941431937,95.14698999655822
2041-07-01,Kabale,17455.652201526806,0.9086567073077686,19.0,0.0,1.0,0.0186623533181755,1.0000305189751728,2.000030518975173,-1.242,29.9856,-1.0,30.00000000000001,0.0014339288937325477,0.000532854200918089,-0.001667428186049517,284.3539647132719,1.5457174176392865,7.122191151382217e-05,293.2646435246598,293.6446783375621,293.5766182881781,293.53532271825236,293.515862372934,0.31289901432298434,0.31762628368094287,0.33766460043175817,0.4225470868645868,82674.63775224373,292.98678717284463,-0.5190998147533299,0.6875109951059524,18.206423017029238,0.005011432169548469,49.00011477952067,87.75835574230209
2041-08-01,Kabale,17455.652201526806,0.9086567073077686,19.0,0.0,1.0,0.0186623533181755,1.0000305189751728,2.000030518975173,-1.242,29.9856,-1.0,30.00000000000001,0.003210471060321305,0.0004900119837473036,-0.0018737677663580325,285.63217242314977,1.562584352925108,0.00011770004745825071,293.4875081418253,294.0860372280141,293.9678463506494,293.8732111656672,293.60182985538273,0.36422942316445683,0.35220902586033276,0.32762325382173985,0.41306389722362397,82655.61767797673,292.9047782130305,-0.4809254437366785,0.46258537104912284,47.00973279523788,-3.1201935676062265,34.51806291918782,80.83536040058063
2041-09-01,Kabale,17455.652201526806,0.9086567073077686,19.0,0.0,1.0,0.0186623533181755,1.0000305189751728,2.000030518975173,-1.242,29.9856,-1.0,30.00000000000001,0.004988285843015945,0.0010681958434809909,-0.002170900900827384,287.007510325655,1.5697879065841203,0.00016241309643007704,293.3954910872842,293.93493611320565,293.8668135488065,293.9242988769292,293.7451285397428,0.400912718425766,0.3964936805043789,0.36563607775471146,0.40777637010666123,82593.39250490796,292.5729750985089,-0.4470040508455872,0.3901287946885083,100.13079161697141,-2.2734134364696197,55.51934654334816,75.32290217473937
2041-10-01,Kabale,17455.652201526806,0.9086567073077686,19.0,0.0,1.0,0.0186623533181755,1.0000305189751728,2.000030518975173,-1.242,29.9856,-1.0,30.00000000000001,0.006323224244144927,0.0016172176695557683,-0.0023434982661526475,287.69057996596007,1.580055464535646,0.00018952077675061762,292.9765174012025,293.54616715467154,293.5815825801638,293.6797830659872,293.714599730404,0.43207272489123183,0.4296134690570628,0.40394451163083905,0.41537460378535634,82546.40747332215,292.3092375943151,-0.39601443986059925,0.23378660874552126,118.00680299071671,-3.5583802666197526,90.01033386610705,73.25612543710832
2041-11-01,Kabale,17455.652201526806,0.9086567073077686,19.0,0.0,1.0,0.0186623533181755,1.0000305189751728,2.000030518975173,-1.242,29.9856,-1.0,30.00000000000001,0.0064774355063157325,0.002437520239745795,-0.0023376194033509646,287.9367953300042,1.5517399427176208,0.00022395102168318626,292.61044125246605,293.0535453161389,293.1302749280788,293.3789546024788,293.6264478776073,0.4353793059226417,0.4430956256879388,0.4379668045194744,0.42895672300576254,82527.2620314374,291.8274209701801,-0.31688527160707974,0.11106705504338599,123.12981152302916,0.41997150899674135,114.66211639536533,75.57030586923393
2041-12-01,Kabale,17455.652201526806,0.9086567073077686,19.0,0.0,1.0,0.0186623533181755,1.0000305189751728,2.000030518975173,-1.242,29.9856,-1.0,30.00000000000001,0.004392568840107677,0.002018439685651718,-0.0024381565764971863,287.55761783854706,1.5603883478040854,0.00022316240104558888,292.49528202673383,293.0861160795167,293.10282185107536,293.19142945402234,293.4412849732572,0.4327134684254801,0.4356118197582248,0.42954877946455766,0.4394645831852948,82531.9843554759,291.9439326826414,-0.21873145810708003,-0.132270683324025,87.9199684789443,-1.5856980169029695,110.19255900485938,84.1344954869645
2042-01-01,Kabale,17455.652201526806,0.9086567073077686,19.0,0.0,1.0,0.0186623533181755,1.0000305189751728,2.000030518975173,-1.242,29.9856,-1.0,30.00000000000001,0.002665667117840335,0.0013426171854733983,-0.002535337620743264,286.97426509586967,1.574836298687723,0.0001717973863774217,293.04122718686045,293.5568613025572,293.5255839041515,293.4179602391777,293.32484860321387,0.40929668080839177,0.4136164971034216,0.4017424242444097,0.4363942831390509,82526.2103136582,292.5539096212721,0.00960297351417497,-0.2538553378620155,72.07375735498005,-2.399384175701914,92.97266513776103,94.18749105925265
2042-02-01,Kabale,17455.652201526806,0.9086567073077686,19.0,0.0,1.0,0.0186623533181755,1.0000305189751728,2.000030518975173,-1.242,29.9856,-1.0,30.00000000000001,0.002945516969144642,0.0010547112346671165,-0.0024877577452549074,286.9354797599117,1.5755878228161242,0.00014356827170654488,293.73950062866487,294.28236400029965,294.1653837189426,293.8760331491094,293.4879204567129,0.39812874436889933,0.39317504842086726,0.38615203485228483,0.4313967741405592,82496.0794163031,293.25388387210666,-0.06880556254180634,-0.14213972609695927,81.87294643005227,-1.376439741636249,80.87872042258667,98.98988954735913
2042-03-01,Kabale,17455.652201526806,0.9086567073077686,19.0,0.0,1.0,0.0186623533181755,1.0000305189751728,2.000030518975173,-1.242,29.9856,-1.0,30.00000000000001,0.005090837504622916,0.0012692587091828577,-0.002568973527405457,287.81682840838835,1.568149476664729,0.00019820621923042004,293.60464275619995,294.23278830056836,294.19725815216384,294.1542619626651,293.7063975866323,0.4167354744122101,0.4188022405387944,0.3948723562618383,0.4246451388945927,82488.21043636184,293.0549987765192,-0.39720842911836957,0.1576879249227523,128.44039226495354,1.6120445063853195,90.88710222941206,105.80368784584716
2042-04-01,Kabale,17455.652201526806,0.9086567073077686,19.0,0.0,1.0,0.0186623533181755,1.0000305189751728,2.000030518975173,-1.242,29.9856,-1.0,30.00000000000001,0.006480183292199169,0.0023650315075164946,-0.0024864385636429722,288.56604485433735,1.57469475653704,0.0002333895606790109,293.17062903894566,293.72415948167617,293.75175653950544,293.8609141201611,293.8456507310887,0.43888597544442703,0.4389119436072176,0.423849792602474,0.42901521510887103,82522.79047476125,292.5842322191818,-0.6212504561870522,0.6161649289358668,142.98398816025917,1.2512732837010183,117.15516692017682,104.17177696704287
2042-05-01,Kabale,17455.652201526806,0.9086567073077686,19.0,0.0,1.0,0.0186623533181755,1.0000305189751728,2.000030518975173,-1.242,29.9856,-1.0,30.00000000000001,0.004387053132134907,0.0027901998715222837,-0.0024283574537626164,287.9240322975837,1.6377909738964995,0.00018074803261980779,292.918904398342,293.4726158688101,293.5224413656613,293.5664014465318,293.73822613478825,0.41566002966886784,0.4172921852199475,0.42766094636921725,0.442570762059182,82613.78370153518,292.4525888551956,-0.7480105013041799,0.9065361071337066,108.26949452600863,0.4261694660971147,129.87290129867148,103.17303152319795
2042-06-01,Kabale,17455.652201526806,0.9086567073077686,19.0,0.0,1.0,0.0186623533181755,1.0000305189751728,2.000030518975173,-1.242,29.9856,-1.0,30.00000000000001,0.002070847561323774,0.0014476180665863227,-0.0021240590110716178,285.7581194543375,1.6610993275736314,9.968507787268904e-05,292.7261536683918,293.2435716454006,293.3381812930385,293.43602713276016,293.6369385311161,0.3582727284783899,0.36516582932383446,0.37741927770733186,0.4316540978379299,82659.3545972969,292.74621862812575,-0.543890544510179,0.8066264182987093,30.060523144343243,0.09115224167837097,94.43378166888482,94.84338943826874
2042-07-01,Kabale,17455.652201526806,0.9086567073077686,19.0,0.0,1.0,0.0186623533181755,1.0000305189751728,2.000030518975173,-1.242,29.9856,-1.0,30.00000000000001,0.0008514084927340767,0.000584014885161729,-0.0016218090298111716,284.23928974242193,1.5768615947844156,7.070428787380443e-05,293.22672279502757,293.67549982305883,293.62311006211246,293.5622941133938,293.53137097810765,0.31022056912284246,0.3217190797667236,0.3389546880948721,0.42363659536856785,82662.52192876674,293.029262032788,-0.553113918769756,0.701000327454298,10.324189878626065,-1.7986629314806746,51.48630428648153,85.26123182909741
2042-08-01,Kabale,17455.652201526806,0.9086567073077686,19.0,0.0,1.0,0.0186623533181755,1.0000305189751728,2.000030518975173,-1.242,29.9856,-1.0,30.00000000000001,0.002865603137738905,0.0005901823329025175,-0.001785431942881996,285.6724917660907,1.577140186415789,0.00011798107324117964,293.5713888419045,294.09745717184524,294.0430343551244,293.8849087687829,293.61069309569376,0.3579336629470276,0.35129328273603916,0.32528872709984796,0.41187930760553715,82637.81077880046,292.9283992371166,-0.49505134185204175,0.5252004373757818,51.16232731142112,0.816881682284203,29.3473460220218,79.65816235606104
2042-09-01,Kabale,17455.652201526806,0.9086567073077686,19.0,0.0,1.0,0.0186623533181755,1.0000305189751728,2.000030518975173,-1.242,29.9856,-1.0,30.00000000000001,0.004765722804207209,0.0009903337238654072,-0.0021168898851376254,286.98601811089407,1.593010558283425,0.00015901494983926694,293.3021239128574,293.9442557552174,293.938904289491,293.90540899544254,293.73287524743034,0.40248978783367817,0.3986847138777168,0.3636513606314318,0.407338146936922,82581.5465317587,292.5500119709001,-0.4743860137606895,0.3555365454612378,102.28905599854092,-2.6404582139777015,52.57820133677884,74.34871037753825
2042-10-01,Kabale,17455.652201526806,0.9086567073077686,19.0,0.0,1.0,0.0186623533181755,1.0000305189751728,2.000030518975173,-1.242,29.9856,-1.0,30.00000000000001,0.006388172593120151,0.001865901764556895,-0.002346658156664932,287.5670316709519,1.5888250378585442,0.00019542841234812308,292.93499024182194,293.54250721103324,293.57580662582654,293.72985442350057,293.74796431296824,0.4290371524958563,0.4293283098595901,0.40319576244415245,0.41316277174355687,82517.14499364626,292.2341123265126,-0.3558243289668454,0.1959650403787361,126.26547468274072,-0.7292799336973188,90.55543815854655,72.98987874238001
2042-11-01,Kabale,17455.652201526806,0.9086567073077686,19.0,0.0,1.0,0.0186623533181755,1.0000305189751728,2.000030518975173,-1.242,29.9856,-1.0,30.00000000000001,0.006391365969432787,0.0022957465827139235,-0.0022422253883132726,287.96168108129194,1.5917755200530217,0.000227102504336747,292.57695227699037,293.13105462980354,293.1736826954934,293.35122243786077,293.60014603147914,0.4402110587079044,0.4409936918566145,0.4317784200743169,0.42889945262916734,82497.00124758815,291.8076152780937,-0.33447221212381245,0.07731686938293678,124.04286596751554,0.7875871047535583,119.53902512269482,74.52663469715561
2042-12-01,Kabale,17455.652201526806,0.9086567073077686,19.0,0.0,1.0,0.0186623533181755,1.0000305189751728,2.000030518975173,-1.242,29.9856,-1.0,30.00000000000001,0.004662167356261719,0.0020634117478151065,-0.002423316220330896,287.7475098503245,1.5952299728778359,0.00022711333640638542,292.5055276796517,293.1355354640697,293.07007654307176,293.2346420683989,293.4380229135424,0.4344957176248951,0.4323593616843037,0.4357231545404814,0.44036020077974763,82517.40613951426,292.037408437347,-0.20022605986683012,-0.08681989299280202,90.03870948998103,-0.94224953728955,110.25965325280754,85.38328462928428
2043-01-01,Kabale,17455.652201526806,0.9086567073077686,19.0,0.0,1.0,0.0186623533181755,1.0000305189751728,2.000030518975173,-1.242,29.9856,-1.0,30.00000000000001,0.0031970516611932315,0.0014740956132016018,-0.002506570246128621,287.1365799235423,1.5779072709411122,0.00017515223994401985,293.0247071690363,293.53145410105947,293.52154756916474,293.409215184057,293.3642577766485,0.40981729349171653,0.4128791810207684,0.4081415815330087,0.4387478565769662,82505.60985083392,292.6067727168292,-0.008604487215760855,-0.20685815626791654,72.8982873342836,-0.694791537589035,92.87235646723919,92.69520995729374
2043-02-01,Kabale,17455.652201526806,0.9086567073077686,19.0,0.0,1.0,0.0186623533181755,1.0000305189751728,2.000030518975173,-1.242,29.9856,-1.0,30.00000000000001,0.003083600899277193,0.0010377205576140081,-0.002448376801521493,286.9861139361679,1.5804259804317302,0.00015251781010560626,293.8042422292261,294.292404129824,294.2805170829743,293.9919779202049,293.4710746560237,0.3971973822033877,0.3970270606504461,0.38554785470941233,0.4289418872874261,82470.37524478359,293.35666514472416,-0.11503046520214216,-0.15530391006519947,80.96464611494704,1.124879181876027,77.40029640905766,97.76057122130644
2043-03-01,Kabale,17455.652201526806,0.9086567073077686,19.0,0.0,1.0,0.0186623533181755,1.0000305189751728,2.000030518975173,-1.242,29.9856,-1.0,30.00000000000001,0.004498998835278647,0.0011740829072848494,-0.002513847221136193,287.6491674241473,1.6187194925263948,0.00018872257267796145,293.60962282233885,294.1050805517372,294.1740923483759,294.1276689981998,293.7309120708633,0.4171721949035431,0.4203342581158018,0.3890689272828548,0.4207570502665639,82459.38941578435,292.9965996231145,-0.36385118482417744,0.1412963093458442,126.87631062532672,-2.096284159124221,89.63394359967066,102.47829696691682
2043-04-01,Kabale,17455.652201526806,0.9086567073077686,19.0,0.0,1.0,0.0186623533181755,1.0000305189751728,2.000030518975173,-1.242,29.9856,-1.0,30.00000000000001,0.006106998370478565,0.0021938278016593754,-0.0024826731937163046,288.30368585073217,1.6190392753632954,0.00022786435973881774,293.1887254341518,293.79437258677945,293.8326111854561,293.80624417789085,293.79156023618964,0.43239602576600716,0.4341709831774067,0.41762591026786916,0.43055347602253813,82499.28545862084,292.6186474539642,-0.624810353687357,0.5758910107923418,142.39903668843337,-1.488328797720778,116.77803360610652,106.64557233281138
2043-05-01,Kabale,17455.652201526806,0.9086567073077686,19.0,0.0,1.0,0.0186623533181755,1.0000305189751728,2.000030518975173,-1.242,29.9856,-1.0,30.00000000000001,0.004383459975511842,0.002582906334012175,-0.0023995191333182203,287.9555540423505,1.67687332888915,0.0001859756296632322,292.8747484290412,293.41929251410426,293.5168092448471,293.6052478165155,293.7621036138572,0.4180958204426693,0.4187351886233189,0.4237940718906844,0.44060981031169133,82580.87238491516,292.4530607477303,-0.7665213193141737,0.8940250074796771,107.42690922927554,-0.7232383819635662,128.655627068499,104.18903839139276
2043-06-01,Kabale,17455.652201526806,0.9086567073077686,19.0,0.0,1.0,0.0186623533181755,1.0000305189751728,2.000030518975173,-1.242,29.9856,-1.0,30.00000000000001,0.002488163167640732,0.0015709990352268822,-0.002084245766905255,286.29431184951056,1.6527598289739989,0.00010627229404304295,292.75921337525756,293.3886330475545,293.31690251029573,293.48361936249046,293.62579668140035,0.36933011180653863,0.3752128254119168,0.3810634707653754,0.43689015471187986,82636.14965355511,292.69279167358866,-0.45408439424910446,0.762358165260264,29.89090531530001,3.2918026523450026,96.20655902610639,94.24239162357277
2043-07-01,Kabale,17455.652201526806,0.9086567073077686,19.0,0.0,1.0,0.0186623533181755,1.0000305189751728,2.000030518975173,-1.242,29.9856,-1.0,30.00000000000001,0.000597548998473358,0.0006493294610518583,-0.0016030945614274627,283.977119721393,1.6213531986655414,6.40587380977605e-05,293.3630809456592,293.65138549499073,293.65757614200027,293.510907009415,293.49205301781296,0.30141765579532676,0.32509266405073256,0.3426352916735491,0.42360539508902134,82648.67942551106,293.06542498134814,-0.6231495594911808,0.7699202295915296,17.231225009800845,-2.442873755120438,53.73325810843047,86.05892176314725
2043-08-01,Kabale,17455.652201526806,0.9086567073077686,19.0,0.0,1.0,0.0186623533181755,1.0000305189751728,2.000030518975173,-1.242,29.9856,-1.0,30.00000000000001,0.003008076400567553,0.0006718639182005437,-0.001736265688307073,285.5025061615988,1.618843535068438,0.00011690722913186456,293.6180043230717,294.1256128424788,294.10053874727544,293.9192377692466,293.5902007955953,0.3489981330896001,0.33920778707150756,0.3278976759046064,0.41272462773666896,82607.84277834423,292.95728992827765,-0.5487991248674262,0.5303429760285187,43.617592407653945,0.7500352337491896,27.337673011593754,78.53203537379167
2043-09-01,Kabale,17455.652201526806,0.9086567073077686,19.0,0.0,1.0,0.0186623533181755,1.0000305189751728,2.000030518975173,-1.242,29.9856,-1.0,30.00000000000001,0.004379128801087378,0.0008603982228721981,-0.0021482689777479456,286.9701227761417,1.6101951152776026,0.00015922777128343524,293.2781014182079,293.86342974634164,293.91399511286994,293.84949071490985,293.73179459820346,0.40987151737199917,0.4002452115785928,0.3644115129059597,0.4100466721319686,82560.30111075685,292.5792462737814,-0.4935952458344413,0.36340259411156894,101.75337779750372,3.577791198432258,52.40590926972313,75.95041361648592
2043-10-01,Kabale,17455.652201526806,0.9086567073077686,19.0,0.0,1.0,0.0186623533181755,1.0000305189751728,2.000030518975173,-1.242,29.9856,-1.0,30.00000000000001,0.006364030437697322,0.0018316240316950745,-0.0022694617613525114,287.481136638507,1.5938211290613564,0.000191351231177922,292.85834807800813,293.51196460307295,293.60642705955166,293.682512260096,293.773766018183,0.4314865081789507,0.4301481820945502,0.4013760891160715,0.4107218425946811,82477.1682353774,292.26236790892494,-0.3565198439693697,0.22038173837022912,124.70074344406808,-3.1878904929305905,90.06308235281452,73.13475577425311
2043-11-01,Kabale,17455.652201526806,0.9086567073077686,19.0,0.0,1.0,0.0186623533181755,1.0000305189751728,2.000030518975173,-1.242,29.9856,-1.0,30.00000000000001,0.006279214071535437,0.0021640298240365413,-0.002258632557309777,287.7588859334792,1.5891871616334143,0.00022797120418161255,292.5123714423352,293.1625845422365,293.2229192588194,293.3588374290769,293.605840250651,0.43982564017256465,0.44599668233350864,0.4327406837018998,0.4281723550346134,82473.26709572614,291.880229757794,-0.3509644826552605,0.07077955604640677,119.71087164035083,-0.8152976336294406,120.15457704696674,72.89910111088334
2043-12-01,Kabale,17455.652201526806,0.9086567073077686,19.0,0.0,1.0,0.0186623533181755,1.0000305189751728,2.000030518975173,-1.242,29.9856,-1.0,30.00000000000001,0.004569101539129412,0.0022627171202669054,-0.0023756652171875877,287.6050329007528,1.5923540092590998,0.0002207369637613841,292.53387692893006,293.1455110559239,293.15621439758854,293.2251765548485,293.4055179180747,0.43814286061296276,0.4415710348216925,0.4411117609613335,0.4421244797861381,82502.8793705283,292.01964292625104,-0.140129753617212,-0.13356821861007126,90.40519049058047,1.1741403635970298,115.3179908484632,85.5494366927162
2044-01-01,Kabale,17455.652201526806,0.9086567073077686,19.0,0.0,1.0,0.0186623533181755,1.0000305189751728,2.000030518975173,-1.242,29.9856,-1.0,30.00000000000001,0.002808425145918841,0.0014139295478561619,-0.002503181872423448,287.1279054323293,1.6047935581328503,0.00017316947879046881,293.05546948736173,293.54391862242494,293.50640963725584,293.43055911403246,293.36190773398175,0.41663891321109603,0.41715483621185334,0.4059392206851829,0.4409038167575673,82475.50199194481,292.5733666305994,0.013373570854509853,-0.22374563570415276,68.8521451029426,-1.1209126540004073,92.28079531467354,93.85777295311892
2044-02-01,Kabale,17455.652201526806,0.9086567073077686,19.0,0.0,1.0,0.0186623533181755,1.0000305189751728,2.000030518975173,-1.242,29.9856,-1.0,30.00000000000001,0.0030564125654900147,0.001008782902207263,-0.002444666710983858,287.0208866361511,1.5980093965911715,0.00014477761368889765,293.86173950281994,294.3200603297911,294.2425061377593,293.9624205990645,293.4892471018782,0.3940482287886579,0.39580393829735044,0.3831588090080423,0.4313614042284477,82457.15077427207,293.34404278561686,-0.16965674248103388,-0.11888691797551527,84.3939350829488,-0.41900924369503223,79.00413196230127,100.04224402790982
2044-03-01,Kabale,17455.652201526806,0.9086567073077686,19.0,0.0,1.0,0.0186623533181755,1.0000305189751728,2.000030518975173,-1.242,29.9856,-1.0,30.00000000000001,0.005203632246790131,0.0013334083059708612,-0.002507410784262676,287.9534518303523,1.591091728877514,0.00019412450763360304,293.7702167686855,294.33286100654175,294.3453649732594,294.20925003442767,293.699034416698,0.4264309189173429,0.4222813162861588,0.3868042241666359,0.42553416190314663,82447.97161657937,293.1548631991678,-0.3357016532342626,0.22297031965530542,128.59575950947016,-0.07659366957105364,93.83361549672902,101.86229705372689
2044-04-01,Kabale,17455.652201526806,0.9086567073077686,19.0,0.0,1.0,0.0186623533181755,1.0000305189751728,2.000030518975173,-1.242,29.9856,-1.0,30.00000000000001,0.006775670532240122,0.002363979557593244,-0.0024672786302609483,288.68843303407243,1.615545150241303,0.00024065660383377008,293.09272703264895,293.7488207489729,293.75831530031434,293.8526180924835,293.8231902877268,0.443222062395189,0.4453580722801736,0.43306079455317054,0.43289016160001664,82478.51887531299,292.5156896919647,-0.6241608080926196,0.6056454859502207,143.0506361416417,1.3701564388434297,121.85844153103838,105.81907408827894
2044-05-01,Kabale,17455.652201526806,0.9086567073077686,19.0,0.0,1.0,0.0186623533181755,1.0000305189751728,2.000030518975173,-1.242,29.9856,-1.0,30.00000000000001,0.004187735918140276,0.002968478626821612,-0.0023859027863170922,287.6868150505474,1.722222819384879,0.00017857867822474807,292.93083854053185,293.4672167753798,293.49665798580014,293.6297449551027,293.74512079488926,0.4151675390129893,0.41479977130685325,0.42919984539833356,0.4428674532746982,82568.72142177462,292.67479145179703,-0.7285965713393013,0.8698195086744526,105.74241101231728,-4.173243206491019,125.48520858455174,101.65290708331648
2044-06-01,Kabale,17455.652201526806,0.9086567073077686,19.0,0.0,1.0,0.0186623533181755,1.0000305189751728,2.000030518975173,-1.242,29.9856,-1.0,30.00000000000001,0.0006172906232247205,0.0011415639884005944,-0.0019379338903854485,285.3314560903065,1.7537109029370381,8.851710758889975e-05,292.7903555734141,293.23905178283206,293.3269464003261,293.49587055914685,293.61691873634555,0.3341603360807191,0.3566015565819542,0.3676834524357052,0.43501632524548145,82628.1898525857,292.7057361561844,-0.7413506821713366,0.9530865545711433,28.792845641925474,-2.670526612484696,88.92969904138023,95.7145047964372
2044-07-01,Kabale,17455.652201526806,0.9086567073077686,19.0,0.0,1.0,0.0186623533181755,1.0000305189751728,2.000030518975173,-1.242,29.9856,-1.0,30.00000000000001,0.001586403675966741,0.0005721809089734333,-0.0014922280476164466,284.5299098914889,1.6006606564966068,8.02445712829049e-05,293.28058183484563,293.68818663726574,293.64672594750135,293.53715236302173,293.5273381393923,0.32260115885049484,0.31898477667570696,0.3353861486760808,0.4231657321532263,82612.95901231404,292.9563562109614,-0.4228477596717954,0.6469599175687584,16.7452548214918,-0.023952478611216667,48.28179866284721,85.94048757976229
2044-08-01,Kabale,17455.652201526806,0.9086567073077686,19.0,0.0,1.0,0.0186623533181755,1.0000305189751728,2.000030518975173,-1.242,29.9856,-1.0,30.00000000000001,0.00314599062634511,0.0005010221150054651,-0.001825535826627737,285.8537627431088,1.6220548052855899,0.0001179653543220527,293.54363355592193,293.97807272332415,293.9966371191875,293.89236151749134,293.56464332080367,0.3699179549176595,0.3660145301617408,0.3337520262612804,0.4104310920235474,82581.24805877909,292.9809251525295,-0.44641603470829644,0.42569687580803534,48.589404168046435,-0.12962165081226049,32.85356064080081,80.3449187825036
2044-09-01,Kabale,17455.652201526806,0.9086567073077686,19.0,0.0,1.0,0.0186623533181755,1.0000305189751728,2.000030518975173,-1.242,29.9856,-1.0,30.00000000000001,0.005147471625833405,0.001079349142481955,-0.0020801209390255886,286.9499943470618,1.6183616650055144,0.00015771277458214865,293.39815019740286,293.9727919677774,294.0028162640535,293.91204060861895,293.67055576004634,0.4035039842127807,0.3959787239626886,0.3698606662945596,0.4081001895047316,82521.18101990396,292.6741220988087,-0.425602571109556,0.31827739312659226,95.80141375412558,2.4383593097808265,61.27517364888697,74.92474092806461
2044-10-01,Kabale,17455.652201526806,0.9086567073077686,19.0,0.0,1.0,0.0186623533181755,1.0000305189751728,2.000030518975173,-1.242,29.9856,-1.0,30.00000000000001,0.006228442054312061,0.00177092334454943,-0.0022390716782225706,287.63219723629265,1.626625558801048,0.0001957013362085675,293.0293933647656,293.6014382128897,293.62210800526395,293.78414238955287,293.717832043626,0.4339902680485592,0.4324806237236917,0.406517803937891,0.41710678669782486,82494.27248284798,292.2797606325654,-0.4249660309082444,0.22662301572991572,126.88486803829255,-4.091279263377945,92.07899614485073,71.26978209679527
2044-11-01,Kabale,17455.652201526806,0.9086567073077686,19.0,0.0,1.0,0.0186623533181755,1.0000305189751728,2.000030518975173,-1.242,29.9856,-1.0,30.00000000000001,0.006263805629111217,0.002563885453049912,-0.002154949795201743,288.0122661186893,1.6384673612003395,0.0002220559948770555,292.54325502689886,293.1075349333664,293.2055552178026,293.3982993322306,293.6187688409516,0.4441378746051555,0.44415609772971365,0.43843738384218983,0.43210178860113496,82464.05900899877,291.7527242774855,-0.3352832928535965,0.08959815814461303,125.95076011053014,1.1775465065764945,117.72120895395884,77.73957509283348
2044-12-01,Kabale,17455.652201526806,0.9086567073077686,19.0,0.0,1.0,0.0186623533181755,1.0000305189751728,2.000030518975173,-1.242,29.9856,-1.0,30.00000000000001,0.0041319467911271265,0.0019528923966658323,-0.002331885150084893,287.49576911746925,1.6576304661933887,0.0002189247668054925,292.5318596972896,293.08257637039463,293.0072787841805,293.24204390749196,293.445714414516,0.4369046032950753,0.4337308790633512,0.42917635074865496,0.4382929802994281,82458.27935098071,291.9983466010048,-0.28266309508969817,-0.1109075537115331,87.07309662474309,-0.4384442919535704,108.73836477867724,83.59220453442612
2045-01-01,Kabale,17455.652201526806,0.9086567073077686,19.0,0.0,1.0,0.0186623533181755,1.0000305189751728,2.000030518975173,-1.242,29.9856,-1.0,30.00000000000001,0.0028477952830251976,0.0013128119293287562,-0.002438433195660785,287.02156842152687,1.6438390596615908,0.0001699379600148764,292.96310002671635,293.54964239044887,293.4780358316386,293.4052897213082,293.38682529213816,0.4068867799271043,0.41376614644021414,0.4081890685416873,0.4377488882412921,82457.44982355194,292.5160193530024,0.04069605499230301,-0.28810430001261483,64.61455563910043,-1.3855343702183573,90.65575505034751,94.34572618523488
2045-02-01,Kabale,17455.652201526806,0.9086567073077686,19.0,0.0,1.0,0.0186623533181755,1.0000305189751728,2.000030518975173,-1.242,29.9856,-1.0,30.00000000000001,0.002877681909495103,0.0009378557708890103,-0.0024209906434642784,286.80320000007265,1.645219350163065,0.000143536066998678,293.7697951977727,294.24043094947825,294.1088060487182,293.85202854364286,293.4455291950009,0.3944233681833496,0.39459875789697585,0.383799595849155,0.4276704774233756,82422.21939645332,293.27449826450334,-0.04229612692016077,-0.17382212773709255,79.36542768447329,-1.9618990898713486,80.73985711833465,98.04837421783223
2045-03-01,Kabale,17455.652201526806,0.9086567073077686,19.0,0.0,1.0,0.0186623533181755,1.0000305189751728,2.000030518975173,-1.242,29.9856,-1.0,30.00000000000001,0.0051420667199172255,0.0011673471894170244,-0.0024807555390069435,287.9472848852067,1.6400185200903898,0.00019188566495795205,293.7284653782678,294.27087404713416,294.26925092790253,294.1653766336787,293.7542503726397,0.423982043211564,0.42213454762833535,0.39506436786724525,0.42521214793305845,82419.53445048197,293.08731358606065,-0.34522959150801413,0.19262537683555797,128.87368791046558,0.6583515169059723,94.24398731628652,102.82101396572689
2045-04-01,Kabale,17455.652201526806,0.9086567073077686,19.0,0.0,1.0,0.0186623533181755,1.0000305189751728,2.000030518975173,-1.242,29.9856,-1.0,30.00000000000001,0.006818512888874399,0.0024492187974016564,-0.002390615010711271,288.5365290049842,1.6219865412026742,0.00023875184011095787,293.1961646020997,293.73073148680896,293.778007052691,293.8593224788149,293.84828266233984,0.43783993919339526,0.44272004653018454,0.4308279301239891,0.4312328000257613,82453.05897996442,292.52308908630494,-0.5745860231923542,0.6051677052941727,146.52425645578302,-1.4904888896263637,120.81024048124313,106.39762711876347
2045-05-01,Kabale,17455.652201526806,0.9086567073077686,19.0,0.0,1.0,0.0186623533181755,1.0000305189751728,2.000030518975173,-1.242,29.9856,-1.0,30.00000000000001,0.004314670571981954,0.0028692683157288887,-0.0023012703896841047,287.83908912192857,1.7574896416971124,0.00018786302265324297,292.96322476440565,293.37363870137807,293.5131369749802,293.6462694779589,293.7562906099942,0.4128391629254856,0.4188418830481922,0.4262228966732488,0.4440010148441869,82547.20659884432,292.5941907452881,-0.7651486586999743,0.8240706578310759,105.46743712407657,-0.3961087695081376,127.32752637268838,102.89519023015608
2045-06-01,Kabale,17455.652201526806,0.9086567073077686,19.0,0.0,1.0,0.0186623533181755,1.0000305189751728,2.000030518975173,-1.242,29.9856,-1.0,30.00000000000001,0.0010943067373642504,0.001262880129713148,-0.0019207161453295427,285.50285090532066,1.7596246963187814,9.777722502153624e-05,292.8233927651309,293.2368182910186,293.29587942556145,293.4621733561383,293.61721668588825,0.3436903901475416,0.36257203399641685,0.37436346993703257,0.43486052476636117,82603.5784701649,292.74838604703626,-0.6344012399512259,0.8272752128999541,32.0560715920979,-0.05314644425090753,91.78843024941385,93.53403858131844
2045-07-01,Kabale,17455.652201526806,0.9086567073077686,19.0,0.0,1.0,0.0186623533181755,1.0000305189751728,2.000030518975173,-1.242,29.9856,-1.0,30.00000000000001,0.0011586446200677215,0.0005585715181370364,-0.0015227530339715464,284.33365379943547,1.644929406491774,7.961635208927817e-05,293.2326692097564,293.6332213134851,293.61276657010916,293.5561726637567,293.49256184194496,0.31660645178596264,0.3209731859059278,0.33942531609102533,0.4228542001345971,82597.84739049853,293.00980874099685,-0.4862460144064295,0.6689978279711898,19.564253560497352,-3.4808016325160622,51.34182059992469,86.44712110494558
2045-08-01,Kabale,17455.652201526806,0.9086567073077686,19.0,0.0,1.0,0.0186623533181755,1.0000305189751728,2.000030518975173,-1.242,29.9856,-1.0,30.00000000000001,0.003179330527410722,0.0006041025261529155,-0.0016969436980241888,285.6948534172284,1.634836135194865,0.00012361944206452019,293.6289949517742,294.0171226079228,293.97677831660064,293.8593759040941,293.60852921622404,0.35958881539237814,0.3563062295506956,0.33000853530447033,0.4115610124608463,82572.12863609448,292.97906631292733,-0.47077029034620466,0.4727516391909677,47.71930627380116,2.236658508851505,32.089644519697295,80.01975446443774
2045-09-01,Kabale,17455.652201526806,0.9086567073077686,19.0,0.0,1.0,0.0186623533181755,1.0000305189751728,2.000030518975173,-1.242,29.9856,-1.0,30.00000000000001,0.00479881086507788,0.001074939411451676,-0.002055250024513555,286.94715860874527,1.6440040531616325,0.0001635803849136565,293.4847157201374,294.0038263091407,293.9811914738317,293.9062240645768,293.6594735928949,0.4016194252305341,0.40158766126757495,0.36806551620508227,0.40969842280319585,82502.23288224972,292.5836223870878,-0.44476162269171615,0.35238257264991557,101.45078597494665,0.8327496873825183,54.71051078147251,74.57452317868604
2045-10-01,Kabale,17455.652201526806,0.9086567073077686,19.0,0.0,1.0,0.0186623533181755,1.0000305189751728,2.000030518975173,-1.242,29.9856,-1.0,30.00000000000001,0.006029933725603556,0.0017425172299418464,-0.0022275727926410393,287.6465350914059,1.6533453260467752,0.00019461335179625,293.00347558547736,293.57202945601927,293.5678882139585,293.7258070436383,293.7066332829764,0.4324840602388174,0.4283133618827795,0.4053292714823801,0.41678781572291795,82467.39703402242,292.31143652269543,-0.42324717394927164,0.18560542664008195,119.69425037624335,-3.2694997950310727,90.3100155129778,71.03608729140522
2045-11-01,Kabale,17455.652201526806,0.9086567073077686,19.0,0.0,1.0,0.0186623533181755,1.0000305189751728,2.000030518975173,-1.242,29.9856,-1.0,30.00000000000001,0.006545233577966067,0.002378047647141184,-0.002204142583298812,287.8655986240204,1.6333191790398291,0.00023080935148159053,292.56581128613226,293.19000992399145,293.19437385073036,293.3695363903356,293.62116508163837,0.44274129089030423,0.44851109673373796,0.43867613315012527,0.4325043522538369,82437.99515816834,291.8427461721643,-0.3174746238409233,0.10312407247317257,126.35966249701077,-1.088459141119202,112.24386890399103,76.1829929604065
2045-12-01,Kabale,17455.652201526806,0.9086567073077686,19.0,0.0,1.0,0.0186623533181755,1.0000305189751728,2.000030518975173,-1.242,29.9856,-1.0,30.00000000000001,0.004555434959866992,0.002132137883194416,-0.002306014978374861,287.6544888224423,1.6525955489191138,0.0002219316008973437,292.54125307404155,293.08803698198096,293.06708231277685,293.1981373759504,293.408781009995,0.44143761873169013,0.43697244195995827,0.42881539911122923,0.44096774735893146,82445.99496780842,291.9311528586485,-0.21616595938092278,-0.08559964245399397,88.73588150046852,-1.15398270694801,113.35799379718387,83.7758511026901
2046-01-01,Kabale,17455.652201526806,0.9086567073077686,19.0,0.0,1.0,0.0186623533181755,1.0000305189751728,2.000030518975173,-1.242,29.9856,-1.0,30.00000000000001,0.0029168240312202214,0.0013529276510341524,-0.0024303376106398506,286.9541988832389,1.6656474391129141,0.0001713739955827124,293.0553640155784,293.5042247575953,293.4895628438074,293.40528624180706,293.38306819558403,0.41267000584031777,0.4147197700837507,0.4077017058471192,0.43679700902275637,82435.96733950452,292.6295185279321,0.017858395130972943,-0.24569106770230106,69.86412211039931,-0.48660080143997364,92.73317059907208,92.88917441563179
2046-02-01,Kabale,17455.652201526806,0.9086567073077686,19.0,0.0,1.0,0.0186623533181755,1.0000305189751728,2.000030518975173,-1.242,29.9856,-1.0,30.00000000000001,0.0029050819178393817,0.0011310699308160793,-0.0023670652842532804,287.02184922562765,1.655715886989043,0.00014935936839787878,293.8273931067599,294.3244195951013,294.1878972540914,293.9101272165428,293.4835676083743,0.3967250739267516,0.39546566373818604,0.3864284717326703,0.4301282212888265,82407.69678268369,293.2675179477118,-0.08865355735703151,-0.18093476854059418,79.78775292718782,0.48938211692073563,80.34566358491014,97.88771683661976
2046-03-01,Kabale,17455.652201526806,0.9086567073077686,19.0,0.0,1.0,0.0186623533181755,1.0000305189751728,2.000030518975173,-1.242,29.9856,-1.0,30.00000000000001,0.004835416991999998,0.0012755791095580083,-0.002423303806766283,287.8176030345024,1.6678160035735456,0.0001929904722511489,293.72137514142344,294.17647560516116,294.18322185375393,294.1100151338067,293.7316239520838,0.4175178488182421,0.41673464448587616,0.39089274492970677,0.4245832696795853,82400.05263876797,293.09695575316135,-0.34682846166146397,0.18847340093457238,132.21738726543776,-1.6003148860615988,89.00094861035413,103.45796434212536
2046-04-01,Kabale,17455.652201526806,0.9086567073077686,19.0,0.0,1.0,0.0186623533181755,1.0000305189751728,2.000030518975173,-1.242,29.9856,-1.0,30.00000000000001,0.006410324884844325,0.0023526310504382504,-0.002399751766758838,288.48498464591336,1.6759423683749501,0.0002387382891333365,293.20302128737785,293.74854929287494,293.73608282677355,293.883339526423,293.82419655446495,0.43545928514354204,0.43989856535900046,0.42612677708658325,0.4307962819038933,82433.0569404289,292.599980388814,-0.6184664027327429,0.5882335416007942,142.52211756001637,-1.483413730899708,115.7515297478548,106.24221712457343
2046-05-01,Kabale,17455.652201526806,0.9086567073077686,19.0,0.0,1.0,0.0186623533181755,1.0000305189751728,2.000030518975173,-1.242,29.9856,-1.0,30.00000000000001,0.00423874376939733,0.0028145209553767088,-0.0023081724734506687,287.92639310092034,1.742858156911296,0.00017804052651239298,292.94482893569887,293.4681400954283,293.4936844215564,293.6157239684905,293.76401323464705,0.41877109789285927,0.4234778094631059,0.42683851933259853,0.44227684261749717,82514.53059544212,292.4843935710738,-0.752560651086515,0.8327035554823796,110.9994358893876,-2.009847493819682,125.28194228699095,103.88731824523957
2046-06-01,Kabale,17455.652201526806,0.9086567073077686,19.0,0.0,1.0,0.0186623533181755,1.0000305189751728,2.000030518975173,-1.242,29.9856,-1.0,30.00000000000001,0.0016581779795042373,0.001539335269128066,-0.0019459979680683593,285.8264664540982,1.7637276211552912,0.00011318912913383731,292.8116081484864,293.2227872920293,293.28580142231266,293.48082214790577,293.6427289163553,0.35425306787247496,0.3729447452930765,0.3763910570713606,0.4378380113136473,82579.19238795133,292.65677958409873,-0.5685497909385039,0.7805188535080743,25.381263862145186,-2.1498273476008003,96.92876237054669,94.31844211404882
2046-07-01,Kabale,17455.652201526806,0.9086567073077686,19.0,0.0,1.0,0.0186623533181755,1.0000305189751728,2.000030518975173,-1.242,29.9856,-1.0,30.00000000000001,0.0007793347663339926,0.0006397017717761923,-0.0014896510828235736,284.18517984395305,1.677021821532318,7.38768070171003e-05,293.33599385259083,293.6708429070457,293.6056081888629,293.5526394964062,293.5409474772518,0.31268163944173827,0.3236914716609514,0.33992860368324684,0.4259274853072749,82573.00318772756,293.05115069383976,-0.536926587740234,0.7310637288112634,17.382460020136946,-0.4454327760073371,52.55153275466079,86.27539825051934
2046-08-01,Kabale,17455.652201526806,0.9086567073077686,19.0,0.0,1.0,0.0186623533181755,1.0000305189751728,2.000030518975173,-1.242,29.9856,-1.0,30.00000000000001,0.0032247801886233257,0.0005123182707594844,-0.0016288945208910125,285.57792578900035,1.6635452417800023,0.00011450285020809477,293.64305773175585,294.06835286315766,294.022281363245,293.9013398954332,293.63486603246895,0.3568207462755637,0.3493916511207357,0.3335015806433011,0.4142447275192574,82546.46897190441,292.9525013767283,-0.48653848934549393,0.503203503863048,47.80674820183261,-1.1418272804526577,29.001094075497228,79.13311702328392
2046-09-01,Kabale,17455.652201526806,0.9086567073077686,19.0,0.0,1.0,0.0186623533181755,1.0000305189751728,2.000030518975173,-1.242,29.9856,-1.0,30.00000000000001,0.004671099217551757,0.0009242659223822154,-0.0020391261323278688,286.8843009308317,1.6915969633628019,0.00016347166569272,293.415931022806,293.8935371480796,293.9953293940382,293.9142388543083,293.7306253140371,0.4098710914300923,0.39444344716984286,0.3671038086053083,0.40768588984244625,82486.20350704833,292.64218619914413,-0.4699044603065546,0.35444688615993725,100.74302471733478,-2.3873189185772326,53.94009755713684,77.42152886711403
2046-10-01,Kabale,17455.652201526806,0.9086567073077686,19.0,0.0,1.0,0.0186623533181755,1.0000305189751728,2.000030518975173,-1.242,29.9856,-1.0,30.00000000000001,0.0061312797948361785,0.0016685621942142547,-0.0021659135449900915,287.6225950441439,1.68140982211954,0.0001996485953215875,292.9100200435769,293.5809872165755,293.610748254363,293.694582662596,293.74197244603687,0.4378588637349784,0.430702760772288,0.40748436980330216,0.41405004577340143,82425.77772696284,292.2408389987827,-0.37088807945866253,0.2155525913108256,123.97355204962479,-1.2350758887282747,89.14759601367014,72.19478461807833
2046-11-01,Kabale,17455.652201526806,0.9086567073077686,19.0,0.0,1.0,0.0186623533181755,1.0000305189751728,2.000030518975173,-1.242,29.9856,-1.0,30.00000000000001,0.00643122715593646,0.0023134699331983735,-0.0021251927273116264,288.13504443969777,1.6998131400608625,0.0002258761041185371,292.6357606582272,293.13209408217415,293.2593691407399,293.3707318758114,293.6164938736257,0.4437469704797448,0.445419593763194,0.4374336366006667,0.4308946274461111,82408.68296789186,291.8062473058457,-0.33746667772937616,0.10463165527615982,122.46899728957472,-1.0602234170777947,117.4103444252179,74.37940169320824
2046-12-01,Kabale,17455.652201526806,0.9086567073077686,19.0,0.0,1.0,0.0186623533181755,1.0000305189751728,2.000030518975173,-1.242,29.9856,-1.0,30.00000000000001,0.00443230255332826,0.0021002510762683844,-0.0022872683681054704,287.6021329485583,1.6907648248889775,0.0002238128579010133,292.5603268476845,293.1478260562312,293.12695002638645,293.1863071183915,293.4218392248916,0.4353266213342122,0.4365653240690251,0.4347149704209744,0.4419619976712856,82433.38467109147,291.9818308425444,-0.20298485436281655,-0.12099003789046332,89.53176609606972,-1.8358989134263861,111.82097029999613,85.14489235889177
2047-01-01,Kabale,17455.652201526806,0.9086567073077686,19.0,0.0,1.0,0.0186623533181755,1.0000305189751728,2.000030518975173,-1.242,29.9856,-1.0,30.00000000000001,0.002863777987640216,0.0014245842981542773,-0.0023749945708289983,287.1232424180954,1.6795359354075763,0.00017532210807888048,293.0001001155017,293.4747746863359,293.5207684654441,293.4535711862236,293.39935506977963,0.4110059517997371,0.4166478042199811,0.4074640166227661,0.4398685340168495,82409.49118889721,292.6589273063071,0.02866728377507287,-0.27684823807444264,68.28871043934264,-1.9401712089964838,95.41638303785976,92.87700842914954
2047-02-01,Kabale,17455.652201526806,0.9086567073077686,19.0,0.0,1.0,0.0186623533181755,1.0000305189751728,2.000030518975173,-1.242,29.9856,-1.0,30.00000000000001,0.002954490984907565,0.0008651888142821437,-0.0023140450717834844,286.8995354146742,1.6962638127963077,0.00014568413922720172,293.872128825974,294.29683715810245,294.22319423329674,293.9144056997268,293.4706138192851,0.3987701880113133,0.3937525463111219,0.38500805318765946,0.43333402375922914,82393.97584451613,293.2658025893329,-0.11620700344004779,-0.1751007748439944,85.28445862268993,-3.465028850409233,77.08939726231931,99.59823700507158
2047-03-01,Kabale,17455.652201526806,0.9086567073077686,19.0,0.0,1.0,0.0186623533181755,1.0000305189751728,2.000030518975173,-1.242,29.9856,-1.0,30.00000000000001,0.004639069119020921,0.001221399064854202,-0.0024105914498878645,287.69604412950986,1.685764909541943,0.00019354245559437936,293.68361558931105,294.1921133780804,294.1478135748151,294.1147676301613,293.71088555590956,0.4209444039181905,0.4227513046860062,0.3908898820030191,0.42538974629072324,82373.03736070544,293.0320180551062,-0.33044769535351315,0.14462397243397218,127.16745967003745,-1.2187136137727888,86.32749234093619,101.32598278436228
2047-04-01,Kabale,17455.652201526806,0.9086567073077686,19.0,0.0,1.0,0.0186623533181755,1.0000305189751728,2.000030518975173,-1.242,29.9856,-1.0,30.00000000000001,0.00621664779081247,0.0023097147641807547,-0.0023070212457483477,288.3583092152221,1.7192330504905993,0.0002326244771445014,293.1873316322216,293.6933351951457,293.79589263261823,293.8845483991811,293.8120186098982,0.43184334993400764,0.43584928542148726,0.42216054621728877,0.4315170648138635,82407.57034170661,292.6421048060497,-0.5816945309035787,0.6045463836039211,141.19392284303916,0.7945675905184283,117.8025877210251,105.6870948397658
2047-05-01,Kabale,17455.652201526806,0.9086567073077686,19.0,0.0,1.0,0.0186623533181755,1.0000305189751728,2.000030518975173,-1.242,29.9856,-1.0,30.00000000000001,0.004534286068124221,0.002566343227327467,-0.002231734962352346,287.9519326501337,1.7577009401942212,0.00018617714814002386,292.923716461581,293.45511562216706,293.51100748254714,293.6337469721497,293.74081728165106,0.42235853028485437,0.4275334768816846,0.4271273837585976,0.4404248932540709,82496.9288215385,292.53225502758875,-0.7724849952263565,0.9069204653332917,106.23341847164562,-2.904390546755036,126.90329569332425,101.40057643919495
2047-06-01,Kabale,17455.652201526806,0.9086567073077686,19.0,0.0,1.0,0.0186623533181755,1.0000305189751728,2.000030518975173,-1.242,29.9856,-1.0,30.00000000000001,0.002500231207682285,0.0016447994755467708,-0.0019266445236758925,286.1526062943181,1.762499211548936,0.00011581735218210103,292.8930040531848,293.2797582188405,293.2656702711736,293.4288703157105,293.628290046628,0.3680955454772047,0.37526009653270753,0.38759203108252493,0.4367870815951325,82550.62400060239,292.7331561013057,-0.43432558213182787,0.6930471094710939,27.829443458710436,-0.2614192596238782,95.9396424165543,94.35539244728608
2047-07-01,Kabale,17455.652201526806,0.9086567073077686,19.0,0.0,1.0,0.0186623533181755,1.0000305189751728,2.000030518975173,-1.242,29.9856,-1.0,30.00000000000001,0.0006557577591926009,0.0005778349977766392,-0.0014512731909290192,284.05969115392816,1.7247432101693967,6.956645212544895e-05,293.3165650644328,293.723259273606,293.633923779673,293.5567374873874,293.54150898711106,0.30725739076775976,0.32380704459152426,0.3425310188245835,0.42721853007097355,82560.9766202395,293.17385294002116,-0.6148188489725939,0.7215117294102299,14.45536465471058,-0.744351966477619,52.68032237977908,86.10158735689362
2047-08-01,Kabale,17455.652201526806,0.9086567073077686,19.0,0.0,1.0,0.0186623533181755,1.0000305189751728,2.000030518975173,-1.242,29.9856,-1.0,30.00000000000001,0.002855472996580305,0.0005210522046919148,-0.0016047786613501971,285.51834016952614,1.718910088686664,0.00011120523106048923,293.6900824252166,294.10508108641244,294.0109509811439,293.92113742830605,293.5920596245034,0.3495373425798464,0.34769560409045286,0.32999857422956774,0.4149087337937006,82523.6897764862,292.98540632626845,-0.5195250049989447,0.5182959271823182,44.54784165722729,-1.6139682588825623,28.259966627390927,80.11952754715887
2047-09-01,Kabale,17455.652201526806,0.9086567073077686,19.0,0.0,1.0,0.0186623533181755,1.0000305189751728,2.000030518975173,-1.242,29.9856,-1.0,30.00000000000001,0.004514668658586716,0.001057172556142109,-0.0019978996252233857,286.9236625208253,1.718194613645337,0.00017109646619373523,293.3596819937086,293.9030053284989,293.87031487367915,293.8877550919947,293.7128906094085,0.4073716337919945,0.4006286344169011,0.36524917712460986,0.4109192000649796,82478.44320915322,292.6455383866952,-0.4994983571630827,0.3731989600327565,105.57654981617436,-1.2139047055844658,52.78310496390989,76.1737720167696
2047-10-01,Kabale,17455.652201526806,0.9086567073077686,19.0,0.0,1.0,0.0186623533181755,1.0000305189751728,2.000030518975173,-1.242,29.9856,-1.0,30.00000000000001,0.006433666906063487,0.0017541833478627175,-0.0021096812895234694,287.5179874958158,1.699939463194785,0.00019517192949540792,292.9382955313035,293.5166584443825,293.507210966326,293.6864797376451,293.758492370699,0.4274828349821189,0.4320512640671556,0.4008760144926784,0.41512558639915287,82401.03110780579,292.2249441862548,-0.3501336819997284,0.1722286526213114,117.87293370627701,-2.3619864602620675,90.37276492735137,72.59090376080987
2047-11-01,Kabale,17455.652201526806,0.9086567073077686,19.0,0.0,1.0,0.0186623533181755,1.0000305189751728,2.000030518975173,-1.242,29.9856,-1.0,30.00000000000001,0.006252406514796987,0.0022463757110433693,-0.0021351237513018806,287.911606072174,1.705000993859211,0.00022808596816467402,292.5397443943234,293.1392840639707,293.2474455985985,293.36164173699194,293.61284420880014,0.4440066162052677,0.4478220339349752,0.43832418938266604,0.4317103707632094,82392.30916671736,291.894810426503,-0.3361744411041029,0.027218476035795955,120.29107600001872,1.6185179786656083,116.16272611035473,74.44493870719423
2047-12-01,Kabale,17455.652201526806,0.9086567073077686,19.0,0.0,1.0,0.0186623533181755,1.0000305189751728,2.000030518975173,-1.242,29.9856,-1.0,30.00000000000001,0.004371918416794694,0.0023369402215377257,-0.0022047135893557665,287.57568000438033,1.6775390817229707,0.00022019951929957133,292.6087512119463,293.17622938634975,293.1440407397339,293.2032537993835,293.41326245825394,0.4389861420310694,0.44313390612556713,0.44543732489000765,0.4432247674414151,82416.557678021,292.0516961835663,-0.14876492148243128,-0.13145058993449554,92.98140800390927,0.17967744863218243,114.25727849774054,85.2761118855728
2048-01-01,Kabale,17455.652201526806,0.9086567073077686,19.0,0.0,1.0,0.0186623533181755,1.0000305189751728,2.000030518975173,-1.242,29.9856,-1.0,30.00000000000001,0.002857492530144544,0.0014739317881104822,-0.0023515752111446966,287.1640244958513,1.701692417610542,0.00017244164458690863,293.05825303879936,293.6072061318344,293.56365946908886,293.4459866381097,293.35803490906926,0.41698379024008825,0.41830021009966023,0.4060346968985455,0.44128666755210066,82389.62494347934,292.61483947990587,-0.0010852504549136287,-0.27418507728355707,66.75157872312334,0.22756222432888373,93.38380094112998,92.73608750463163
2048-02-01,Kabale,17455.652201526806,0.9086567073077686,19.0,0.0,1.0,0.0186623533181755,1.0000305189751728,2.000030518975173,-1.242,29.9856,-1.0,30.00000000000001,0.0031446109906259393,0.0009389166814718662,-0.0022613574526162902,287.0760890660132,1.716315315550561,0.0001562050940665491,293.9110663200661,294.32578217506386,294.24110365889686,293.9831921810663,293.53290554434705,0.39862072854813624,0.3990395742317172,0.38683953031971585,0.43498163890872726,82369.61745278844,293.300110181577,-0.13835121761702415,-0.129256029147229,80.6400100547434,-1.4122564524710692,85.17866426351786,99.29498145593432
2048-03-01,Kabale,17455.652201526806,0.9086567073077686,19.0,0.0,1.0,0.0186623533181755,1.0000305189751728,2.000030518975173,-1.242,29.9856,-1.0,30.00000000000001,0.0050732882717378245,0.0012001210467198786,-0.00235002287849237,288.0839059797597,1.6924533988559698,0.00020083264363503263,293.8215620061476,294.3065974908137,294.3880591137144,294.2139334055654,293.6975396177296,0.4307411687805461,0.4243628056863333,0.39259086663618376,0.4263699923776077,82363.00563839312,293.1085377782512,-0.3361182844807408,0.18680643967269756,125.44313818835587,-1.4633078786405147,96.43671575449993,103.88478811270886
2048-04-01,Kabale,17455.652201526806,0.9086567073077686,19.0,0.0,1.0,0.0186623533181755,1.0000305189751728,2.000030518975173,-1.242,29.9856,-1.0,30.00000000000001,0.006997197287182415,0.0023143141246697264,-0.0023149799979220306,288.75348325708285,1.6689902057308494,0.00024238304640163285,293.21583342586825,293.75810096349545,293.7697918559509,293.8733751428055,293.8329781198041,0.44282835788319924,0.4489739637837777,0.4320417529095396,0.4325519970410864,82387.46438711467,292.5325613929849,-0.613713849852085,0.5914150104929755,140.8122162752795,-0.9409854166153623,121.65784106275748,105.37655137602474
2048-05-01,Kabale,17455.652201526806,0.9086567073077686,19.0,0.0,1.0,0.0186623533181755,1.0000305189751728,2.000030518975173,-1.242,29.9856,-1.0,30.00000000000001,0.004137641449409483,0.0030293272938846758,-0.0022143602834451916,287.8381971904288,1.8649942166205238,0.00017790662115675724,292.96014391462313,293.4468265624268,293.4806854355427,293.593525249172,293.7820339781808,0.40951892348672625,0.4182002776198297,0.4303128230733541,0.44846221337850917,82479.79922034603,292.5843586647492,-0.7181377416815249,0.823852094872313,103.09165396695145,-1.6621079490741661,126.48895514527156,103.61356346368665
2048-06-01,Kabale,17455.652201526806,0.9086567073077686,19.0,0.0,1.0,0.0186623533181755,1.0000305189751728,2.000030518975173,-1.242,29.9856,-1.0,30.00000000000001,0.0008243805502696717,0.0012371341784823834,-0.0018000863178812055,285.3139809139064,1.8325267652892498,9.721568532840734e-05,292.78959023042546,293.2864665990664,293.25546192255064,293.44463665792506,293.6225424308865,0.340635843064446,0.35358201859689337,0.3719210843192249,0.43525447855674454,82537.23864585967,292.69821410457945,-0.7486578169679644,0.9224811748631567,33.58660104852887,-1.8828231247085947,87.23815547589403,94.82664652357231
2048-07-01,Kabale,17455.652201526806,0.9086567073077686,19.0,0.0,1.0,0.0186623533181755,1.0000305189751728,2.000030518975173,-1.242,29.9856,-1.0,30.00000000000001,0.0014556013704490832,0.0005720883689492414,-0.0014374200103705753,284.54554587808855,1.6910836745968973,8.400917234832126e-05,293.28489748041784,293.6761701859009,293.6378861263783,293.53241154412353,293.5559716290256,0.32632728371162534,0.32539899496430363,0.3351991870668381,0.4219877755825159,82527.83073503045,292.95049518444716,-0.4086444075029757,0.6093025298757855,16.527676589396737,-0.6853388474607095,48.381779982162286,86.01569463351552
2048-08-01,Kabale,17455.652201526806,0.9086567073077686,19.0,0.0,1.0,0.0186623533181755,1.0000305189751728,2.000030518975173,-1.242,29.9856,-1.0,30.00000000000001,0.0032950631083426885,0.0005016250367634806,-0.0016698729482280573,285.7044553095803,1.695491625209766,0.00012169212803100996,293.52306697364025,293.99555840567564,293.95244022011894,293.81445820746495,293.60600515106836,0.3678999595000725,0.36428951686143013,0.3354495299259819,0.4122477012062879,82498.66205678416,292.9840089139699,-0.4386672558129463,0.44342326109172064,48.98950220010728,1.0243944202929698,33.03535928686703,80.60409523557459
2048-09-01,Kabale,17455.652201526806,0.9086567073077686,19.0,0.0,1.0,0.0186623533181755,1.0000305189751728,2.000030518975173,-1.242,29.9856,-1.0,30.00000000000001,0.005039869665917735,0.0012467359546829927,-0.0019690689482399003,286.8521081064963,1.707592991088434,0.0001555275207498085,293.48940991576035,294.026599915589,293.9642981401785,293.8780445565241,293.6649132087521,0.39982524048136675,0.39774167038951697,0.368968941008812,0.4090618033878912,82431.72703713641,292.7085884581592,-0.4207821253765705,0.3288881517835838,99.57688115623776,-1.685521144046413,56.67212483035029,75.1936466844115
2048-10-01,Kabale,17455.652201526806,0.9086567073077686,19.0,0.0,1.0,0.0186623533181755,1.0000305189751728,2.000030518975173,-1.242,29.9856,-1.0,30.00000000000001,0.005715880187440635,0.0016642326139807192,-0.0021320823361954118,287.71471597010327,1.7278530178867373,0.00020322213994835195,293.0486419768614,293.5622948324467,293.6376142301769,293.7401723523073,293.7187297378902,0.4314352727820072,0.42634272366462367,0.4129371408274264,0.41836359729959915,82405.56023177755,292.2986158758035,-0.3942276682613103,0.22889700136443897,127.2591743195135,-1.4402699173014164,90.60614043313723,71.97504440256596
2048-11-01,Kabale,17455.652201526806,0.9086567073077686,19.0,0.0,1.0,0.0186623533181755,1.0000305189751728,2.000030518975173,-1.242,29.9856,-1.0,30.00000000000001,0.0065577832785679475,0.002514533344992256,-0.0020446726192144575,287.9143976582502,1.7162129904341625,0.00022273699458344521,292.53294539282706,293.10456381110384,293.23007901034237,293.42964527920645,293.63596723839106,0.44284332189227116,0.44895022325978623,0.4411172222953569,0.433783828345064,82387.47277583549,291.8211049639165,-0.28232765468151716,0.04768456518331434,121.93058887642214,-4.149532919962683,113.2067796946365,75.05535483702438
2048-12-01,Kabale,17455.652201526806,0.9086567073077686,19.0,0.0,1.0,0.0186623533181755,1.0000305189751728,2.000030518975173,-1.242,29.9856,-1.0,30.00000000000001,0.003925163902970744,0.0019986316712578603,-0.0022084448233590914,287.5145576102916,1.728423807489367,0.00022728331937845245,292.6428866555487,293.0270785796604,293.0731413774487,293.27486376072056,293.48432750391686,0.43967192299379504,0.4368933907215693,0.4291026920393235,0.4419398628301688,82366.16405217497,291.94204159123814,-0.26295515881035436,-0.06846964790369295,92.98112658808887,2.30877645156728,109.11956009944667,85.6716814318658
2049-01-01,Kabale,17455.652201526806,0.9086567073077686,19.0,0.0,1.0,0.0186623533181755,1.0000305189751728,2.000030518975173,-1.242,29.9856,-1.0,30.00000000000001,0.0025966255401620605,0.001343337268801589,-0.0023459473339478678,286.7169917781938,1.7339944304305774,0.00017817498975183365,293.05345808875734,293.4408680720839,293.4582109498761,293.4718685440423,293.37799266467874,0.41169713095376415,0.41379529995065856,0.4076507745210551,0.43896029797877745,82371.44546329569,292.5911157006054,0.046476668121487125,-0.2567281215661502,65.8919177704816,-1.547890277396925,91.59026545673457,93.52040167833067
2049-02-01,Kabale,17455.652201526806,0.9086567073077686,19.0,0.0,1.0,0.0186623533181755,1.0000305189751728,2.000030518975173,-1.242,29.9856,-1.0,30.00000000000001,0.00291826183804318,0.001067702176891751,-0.0022411683687353166,286.92394544154484,1.7347502397521624,0.00015150379786850904,293.8443235875855,294.2278688540464,294.0925859147845,293.89361996012116,293.4634489199605,0.40157139208763293,0.3960566347366374,0.38329778144608495,0.4308223390490999,82339.09327209702,293.2606314556697,-0.055683271956825875,-0.21362414860791631,82.74084127125728,-0.8742380427250072,81.20420285932151,97.5540945132961
2049-03-01,Kabale,17455.652201526806,0.9086567073077686,19.0,0.0,1.0,0.0186623533181755,1.0000305189751728,2.000030518975173,-1.242,29.9856,-1.0,30.00000000000001,0.005143076362660338,0.0012307727399500298,-0.002311942949045163,287.8197183117642,1.7495232669448069,0.00019702466297933044,293.70926645580846,294.30025368768264,294.24277815360557,294.1509045955613,293.74561980825547,0.4210426435308459,0.42520051150991756,0.39163622644823665,0.42589020596848526,82328.47152663379,293.11549034896416,-0.34298642857873046,0.1477368305405209,126.73907226634797,-1.6815478858307775,91.15395496910847,101.67370972719993
2049-04-01,Kabale,17455.652201526806,0.9086567073077686,19.0,0.0,1.0,0.0186623533181755,1.0000305189751728,2.000030518975173,-1.242,29.9856,-1.0,30.00000000000001,0.006574380996889359,0.002359646068015097,-0.002269723715382338,288.6136363409594,1.7157602562911611,0.0002437556500732605,293.13390142009735,293.7518162328719,293.8332459360256,293.8773938209665,293.85713465536827,0.4362084897894337,0.4390485680058445,0.4357201768846177,0.43292217580822323,82364.46728507339,292.5856170452564,-0.5881593398103421,0.5673631500086712,144.61827094656536,1.479008857951801,119.35019492533152,104.77047606092475
2049-05-01,Kabale,17455.652201526806,0.9086567073077686,19.0,0.0,1.0,0.0186623533181755,1.0000305189751728,2.000030518975173,-1.242,29.9856,-1.0,30.00000000000001,0.004223529286684218,0.0029401987968432166,-0.0021694734951411255,287.8789211350433,1.8241033653242789,0.00018234203160950817,292.92097895224504,293.47462941803616,293.510403749336,293.6142638417521,293.7642581734873,0.4148545041019554,0.42210772235903643,0.4300107135790017,0.44496644672559527,82459.76889257088,292.63564348094894,-0.7226045431793867,0.8487862640252349,102.71074143115753,-0.8990579632735409,127.81490042312032,103.7304869049603
2049-06-01,Kabale,17455.652201526806,0.9086567073077686,19.0,0.0,1.0,0.0186623533181755,1.0000305189751728,2.000030518975173,-1.242,29.9856,-1.0,30.00000000000001,0.0012577565483410597,0.0013325017297373364,-0.0018054889073293927,285.69229659867096,1.857476773760943,0.00010137925507279887,292.8572933464291,293.3011517571802,293.31775471710824,293.4430817802887,293.66124439757635,0.34962689645266576,0.36369556310686124,0.37456932488498695,0.4384561452725157,82514.8582642022,292.70686659555946,-0.6186376940642594,0.8351655533945894,29.887659642080497,-1.0541873560630497,91.34820544056812,95.5873138005859
2049-07-01,Kabale,17455.652201526806,0.9086567073077686,19.0,0.0,1.0,0.0186623533181755,1.0000305189751728,2.000030518975173,-1.242,29.9856,-1.0,30.00000000000001,0.0010918734764205785,0.0005429714964692851,-0.0013531648773611182,284.47309097526744,1.7357751310457843,7.69182114766825e-05,293.34301753553933,293.6755278852447,293.62163109104495,293.5664370087859,293.5276388685475,0.3194732938117063,0.32141795260996037,0.3397409871298103,0.4256691667644158,82501.50239074833,292.9770516398836,-0.5056655804633037,0.6235951695329092,16.615869640512948,0.37554782101639833,48.740468647143224,86.497008420846
2049-08-01,Kabale,17455.652201526806,0.9086567073077686,19.0,0.0,1.0,0.0186623533181755,1.0000305189751728,2.000030518975173,-1.242,29.9856,-1.0,30.00000000000001,0.0031290777447406633,0.0006722060972446206,-0.0015821797206720387,285.6469652203518,1.7531633227158718,0.00012088779286924191,293.63260810724836,294.01311552266566,294.02142900076234,293.8945666157624,293.60292522768253,0.3646337896084274,0.3547096206601781,0.33513684892186724,0.41528795678033004,82477.57039495472,292.9763857436722,-0.43878517406445583,0.4409315763841888,44.99120245372926,1.87977380658258,31.99688792135488,80.72819992707652
2049-09-01,Kabale,17455.652201526806,0.9086567073077686,19.0,0.0,1.0,0.0186623533181755,1.0000305189751728,2.000030518975173,-1.242,29.9856,-1.0,30.00000000000001,0.005131689941527227,0.0010539793921355458,-0.001971886878493266,286.89994805135143,1.7436470792292347,0.0001648884992667932,293.5142651377298,293.94632097017694,293.9174378515004,293.95337359700767,293.75929188448964,0.4046992165269067,0.39992875280933216,0.3668791411094946,0.4127881849532899,82417.54247583733,292.6070335815032,-0.4025083143884385,0.3262219826925234,100.3207921839346,2.1185270400219585,57.91408738316822,74.95111682598679
2049-10-01,Kabale,17455.652201526806,0.9086567073077686,19.0,0.0,1.0,0.0186623533181755,1.0000305189751728,2.000030518975173,-1.242,29.9856,-1.0,30.00000000000001,0.0059474266124109375,0.0017693430092293515,-0.002045576605947823,287.672749814277,1.7367101447141984,0.00019734126162087245,292.9533664831871,293.57929858642694,293.62125609076963,293.6813976161522,293.7529806382626,0.43427912926763945,0.4334245298803458,0.4063088200529571,0.4148947187632872,82370.84109944916,292.2794296595922,-0.3834593636325232,0.20104497757533696,123.0291555907985,-1.1711164953957944,88.59544177711213,72.23780073609159
2049-11-01,Kabale,17455.652201526806,0.9086567073077686,19.0,0.0,1.0,0.0186623533181755,1.0000305189751728,2.000030518975173,-1.242,29.9856,-1.0,30.00000000000001,0.006508133605856684,0.0024763930374474977,-0.002034904222090568,287.81312120799043,1.7549753324592574,0.00022777182587327814,292.52774158891935,293.1754524578518,293.18133187079246,293.39555647799915,293.65017778083615,0.44552404800832646,0.4506911745590381,0.43955347083378055,0.43378586495752103,82350.08752211877,291.8701277066328,-0.30329597578295353,0.04789180550934364,121.84314114750316,-2.5829817221950924,115.62050370074746,75.3025793639604
2049-12-01,Kabale,17455.652201526806,0.9086567073077686,19.0,0.0,1.0,0.0186623533181755,1.0000305189751728,2.000030518975173,-1.242,29.9856,-1.0,30.00000000000001,0.004177361472591259,0.0020388479701277454,-0.002120870167112644,287.5625135201154,1.75114618403362,0.00022848383225760978,292.56652794896326,293.1539520884224,293.0876541458875,293.2173272199725,293.43685178131443,0.4392935897360561,0.4410736079216759,0.4347845148332678,0.44204775234975985,82358.21456744165,292.00128898187023,-0.20426475620604176,-0.16640788273587676,91.02957302096141,1.8145665043932286,111.49149282756788,85.54476950807016
2050-01-01,Kabale,17455.652201526806,0.9086567073077686,19.0,0.0,1.0,0.0186623533181755,1.0000305189751728,2.000030518975173,-1.242,29.9856,-1.0,30.00000000000001,0.0027911913360637534,0.0012720923910884007,-0.0023005379303884053,286.9663045485992,1.7700193407307387,0.00016401282065680225,293.0727098779173,293.50035781875994,293.4618665536428,293.4881985007891,293.3532892337403,0.4142052607922672,0.41622658950063895,0.40798852633413785,0.43975590139655346,82355.33740461865,292.60153352484537,0.008552316327069952,-0.22639632718273556,73.11457248328577,0.9131410139095415,90.53033425471594,94.06373977660884
2050-02-01,Kabale,17455.652201526806,0.9086567073077686,19.0,0.0,1.0,0.0186623533181755,1.0000305189751728,2.000030518975173,-1.242,29.9856,-1.0,30.00000000000001,0.0029216847897375635,0.0009695101744875113,-0.0022657879386543166,286.8635839717311,1.764643114487725,0.00015097683183101372,293.82807265454187,294.22670949264284,294.16977990016824,293.95326387617854,293.47558368765146,0.3953659286820091,0.3984604862874925,0.38098739929673164,0.4317444304911053,82316.6003658604,293.32850093170913,-0.0896499551080295,-0.1860670110716058,81.62013441749667,-1.3274852160222341,76.44114241766502,99.24912943870872
2050-03-01,Kabale,17455.652201526806,0.9086567073077686,19.0,0.0,1.0,0.0186623533181755,1.0000305189751728,2.000030518975173,-1.242,29.9856,-1.0,30.00000000000001,0.004827238287849029,0.0012371705141240943,-0.0023060804404387457,287.7120016135985,1.749309306341342,0.00019454664589955016,293.62242087028864,294.24708189708167,294.16423295660053,294.1303316964122,293.74079274668065,0.427492214381705,0.42471557960879214,0.39511235199339256,0.4275824724725326,82304.4576165462,293.07681441742284,-0.33182151182154535,0.141021906029971,131.2704143505603,-1.2074242975982177,90.74675461100917,103.8274922514256
2050-04-01,Kabale,17455.652201526806,0.9086567073077686,19.0,0.0,1.0,0.0186623533181755,1.0000305189751728,2.000030518975173,-1.242,29.9856,-1.0,30.00000000000001,0.006265058138423827,0.0023521077723030813,-0.0022636063168057,288.5166503360124,1.7594329190755773,0.00023007940821031142,293.16585122856,293.7761880349276,293.8202465364318,293.85984577856726,293.83848019168846,0.434016494543175,0.4382632729780302,0.4278825261220031,0.4333363335717366,82343.1092133161,292.57432739439446,-0.5754050997551449,0.5372484352168494,147.68382866215038,0.6081332960855301,117.70328781787958,105.55420230336235
2050-05-01,Kabale,17455.652201526806,0.9086567073077686,19.0,0.0,1.0,0.0186623533181755,1.0000305189751728,2.000030518975173,-1.242,29.9856,-1.0,30.00000000000001,0.004456617192948187,0.002740132613255443,-0.0021354554913099928,287.83288393334124,1.8170151337061948,0.00018456697826006274,292.9648446335078,293.45784481225,293.492650115037,293.62815301244143,293.75876458661725,0.41197582191986193,0.4271459393307452,0.426345130373474,0.4421483177006437,82432.64613919865,292.53784438785965,-0.7434217442139756,0.8718474818405615,111.5594324236721,2.095651532351301,125.39173255176523,104.69167071257637
2050-06-01,Kabale,17455.652201526806,0.9086567073077686,19.0,0.0,1.0,0.0186623533181755,1.0000305189751728,2.000030518975173,-1.242,29.9856,-1.0,30.00000000000001,0.001983941261912308,0.0016647104181206729,-0.0018040034589183922,285.7192454960396,1.8474796299045078,0.00010730101805738192,292.85671469855066,293.2789224560667,293.35329975706594,293.43081820654174,293.6432296094921,0.3597525072743742,0.369723976651888,0.37576886863684805,0.4389162444520783,82488.98675277746,292.8399279438527,-0.5243853802541093,0.7590721469762701,30.612843504729685,-1.2551890980791132,93.20735987569671,94.23674440301663
2050-07-01,Kabale,17455.652201526806,0.9086567073077686,19.0,0.0,1.0,0.0186623533181755,1.0000305189751728,2.000030518975173,-1.242,29.9856,-1.0,30.00000000000001,0.0005905528534136751,0.0006411284994664645,-0.0013408369917386179,284.39773797080943,1.7780183747770004,7.50776769378937e-05,293.28859403972587,293.7536087294656,293.5569318033853,293.5883344437994,293.5170137493031,0.30976664500840323,0.3237961004096476,0.339691426170633,0.4256740835094503,82482.92751519082,293.0498322157236,-0.517328086377037,0.6459050697577953,12.291430826989789,-0.40002302704781767,49.60679014416692,86.98825919593779
2050-08-01,Kabale,17455.652201526806,0.9086567073077686,19.0,0.0,1.0,0.0186623533181755,1.0000305189751728,2.000030518975173,-1.242,29.9856,-1.0,30.00000000000001,0.0029527869249396594,0.0005709994562566692,-0.0015457461931959468,285.4667448567156,1.7593949499627854,0.00011368641442795346,293.6476496223538,294.06644836478165,294.03296063362,293.91997769725276,293.5841866102995,0.3615620545762922,0.34644596422132196,0.3290862202559063,0.41677804773772653,82455.44561280962,292.9459298915558,-0.47746050774528037,0.46798048622522154,49.42019798332811,-0.2630987136373696,33.02372092098151,81.21914975489763
2050-09-01,Kabale,17455.652201526806,0.9086567073077686,19.0,0.0,1.0,0.0186623533181755,1.0000305189751728,2.000030518975173,-1.242,29.9856,-1.0,30.00000000000001,0.004610245651898247,0.000977438490524632,-0.0019057793688627745,286.92260217267005,1.7867417251162572,0.00016442467465675254,293.39356460468395,293.93066129314985,293.95420251447587,293.91814418387287,293.6712519683545,0.40697244562926965,0.4033165396815724,0.363929570340989,0.4112085349066785,82399.71629583585,292.6384188579417,-0.4321611541776824,0.32010804627789957,102.48233683415077,-0.43935908831496306,53.540162157953446,76.29940303175302
2050-10-01,Kabale,17455.652201526806,0.9086567073077686,19.0,0.0,1.0,0.0186623533181755,1.0000305189751728,2.000030518975173,-1.242,29.9856,-1.0,30.00000000000001,0.006501262030367104,0.001944526196483854,-0.002036070278114809,287.58529893438975,1.7710089924941168,0.00019707114294015534,292.9536425541865,293.54820176989233,293.5713907112477,293.76453772569727,293.7567909338533,0.43103269494771135,0.4310238659121017,0.40558821248896165,0.41556409406032774,82338.74917469748,292.28782516079315,-0.3304200646678421,0.16552787665382887,122.78960627180953,1.5148897528122505,89.79208128646928,73.39721865861524
2050-11-01,Kabale,17455.652201526806,0.9086567073077686,19.0,0.0,1.0,0.0186623533181755,1.0000305189751728,2.000030518975173,-1.242,29.9856,-1.0,30.00000000000001,0.006050840154948318,0.0023183335841080103,-0.001999579233664457,287.9606181204204,1.7612046680848705,0.00023074611623299606,292.5680033481313,293.16259377187356,293.2092158840964,293.39137072942646,293.62290001883827,0.4452332877977591,0.44739275984377336,0.43457908086097463,0.432644764847927,82331.14210945352,291.8360005583391,-0.3099201396498398,0.027271770367855136,122.83588941339588,-3.5072467788696065,116.08271873949656,74.70615899055673
2050-12-01,Kabale,17455.652201526806,0.9086567073077686,19.0,0.0,1.0,0.0186623533181755,1.0000305189751728,2.000030518975173,-1.242,29.9856,-1.0,30.00000000000001,0.0044687346534405216,0.0022207000369178134,-0.002114015459719097,287.6421663891173,1.7875248087716222,0.00022790151290803847,292.5966405229144,293.1503652124894,293.17758058796414,293.2912417051759,293.4357468540976,0.44280330553213176,0.44310676918450265,0.43638468835027194,0.44396504804640863,82344.25911864164,292.02383353923483,-0.18053749577002245,-0.1334933268668531,91.29794773959837,1.3908721074492938,109.54614989626226,84.97952229440605
2025-07-01,Kampala,11573.29113153154,0.4988173897120534,19.0,0.0720095219202539,0.927990478079746,0.5011826102879465,1.0000305189751728,3.000045778462759,0.3152,32.5816,0.300000000000001,32.60000000000005,0.001841302432245647,0.00013329820542443442,-0.0030667455603977435,290.08510894088107,1.18418991101362,7.648966015410375e-05,294.54197083885845,295.1529457815312,295.1922937835318,295.385682492942,295.7443657416168,0.3154291003643811,0.30716980282543765,0.31088043037949564,0.34233002132628904,88426.20398499524,294.4589611095076,-0.10529344141522298,0.942942370921161,69.42858958081392,7.916327255685186,101.07079745703629,118.3984493064884
2025-08-01,Kampala,11573.29113153154,0.4988173897120534,19.0,0.0720095219202539,0.927990478079746,0.5011826102879465,1.0000305189751728,3.000045778462759,0.3152,32.5816,0.300000000000001,32.60000000000005,0.0028349685875199288,-9.637585861171552e-05,-0.00317172594643138,290.7031557602488,1.1911680699806335,0.00011058518179658951,294.7925774705285,295.43773092865837,295.40595613949563,295.3838282649922,295.55703145682094,0.3282440338322424,0.31265595232633253,0.2981240393692982,0.3330843785788032,88387.13518596585,294.6109646111831,-0.13186140170740604,0.2577103000606776,98.9795761814817,11.110294405116019,77.80537358526624,123.44496445627762
2025-09-01,Kampala,11573.29113153154,0.4988173897120534,19.0,0.0720095219202539,0.927990478079746,0.5011826102879465,1.0000305189751728,3.000045778462759,0.3152,32.5816,0.300000000000001,32.60000000000005,0.0033353475884699245,-7.688495396095035e-05,-0.0033063355239801593,291.250928522893,1.179475522475442,0.00013763207707938113,295.2244554049284,295.87500681349314,295.81464113555836,295.6636582647184,295.49998318419955,0.3446641667599255,0.3286589643383698,0.30312644538992667,0.32555578956477327,88309.02130235944,294.91915658141954,0.03029562308088521,-0.08935402234171586,149.7155045590777,6.242281756424958,101.85739935783998,121.8589200609533
2025-10-01,Kampala,11573.29113153154,0.4988173897120534,19.0,0.0720095219202539,0.927990478079746,0.5011826102879465,1.0000305189751728,3.000045778462759,0.3152,32.5816,0.300000000000001,32.60000000000005,0.004218349969552892,0.00020067146665060157,-0.0032614206790200603,291.62419479356606,1.1965140931660885,0.00016633655001911966,295.28566394778824,295.90634110074956,295.849368880649,295.8237121422941,295.6472552087217,0.35914166925645585,0.3472574308637019,0.32480787618940704,0.3248446674547744,88245.44236573658,294.9488214976609,0.2509628631553673,-0.0971145582002645,161.28317997531065,9.870696100691669,132.47010711541827,118.52154291116233
2025-11-01,Kampala,11573.29113153154,0.4988173897120534,19.0,0.0720095219202539,0.927990478079746,0.5011826102879465,1.0000305189751728,3.000045778462759,0.3152,32.5816,0.300000000000001,32.60000000000005,0.00496049411124211,0.0007406695937955175,-0.0031456759880858043,291.57863801093447,1.1919804119366224,0.00020707756526608357,295.0463895195023,295.6568778578565,295.7381633689508,295.69522261660825,295.6869057461036,0.36819918078258274,0.36073010489262264,0.34490379353471906,0.33298470926232815,88233.82988343881,294.84132996701965,0.27607282459724913,0.19580077053637132,184.65589487921147,6.187319764882252,159.82264464912708,122.0234844644338
2025-12-01,Kampala,11573.29113153154,0.4988173897120534,19.0,0.0720095219202539,0.927990478079746,0.5011826102879465,1.0000305189751728,3.000045778462759,0.3152,32.5816,0.300000000000001,32.60000000000005,0.00380303125272697,0.0007638501122208972,-0.00322228359455313,291.3863274489568,1.2074936062499277,0.000155557438371637,295.2604246507027,295.74354741889357,295.75781857219454,295.7163713125234,295.71357322976763,0.36011044209082105,0.35512297432089734,0.34681892906046674,0.34538759198050145,88233.96648392589,295.08303786440547,0.21941343455381315,0.6231778127205841,122.72159187796208,2.6575572436321355,154.2405064078618,129.87134221772692
2026-01-01,Kampala,11573.29113153154,0.4988173897120534,19.0,0.0720095219202539,0.927990478079746,0.5011826102879465,1.0000305189751728,3.000045778462759,0.3152,32.5816,0.300000000000001,32.60000000000005,0.002571560773390897,0.00043210973314183714,-0.003522188003202923,290.9453315300439,1.195614441254543,9.553688560925141e-05,295.7162957810802,296.25340375524985,296.18673305185513,295.9641865128616,295.76539435069225,0.3272043801840135,0.3192641069506404,0.32051536154644533,0.3378416302534901,88216.58955469956,295.6733868484734,0.08355620811416885,0.8613458573698434,87.99832702527611,8.053352044003493,127.61434466154329,129.60967733208292
2026-02-01,Kampala,11573.29113153154,0.4988173897120534,19.0,0.0720095219202539,0.927990478079746,0.5011826102879465,1.0000305189751728,3.000045778462759,0.3152,32.5816,0.300000000000001,32.60000000000005,0.0028553029252865263,4.8205786568206574e-05,-0.003606469590063857,291.329957481132,1.2060717881712335,8.789357065216259e-05,296.35151462694887,296.90501410221964,296.76462671627723,296.5192719950267,296.02416582050756,0.31325328487482695,0.30126485738002784,0.3003961141173119,0.33065538021074653,88178.16908610442,296.20721715250596,0.12743635521333815,1.3164323567774383,69.36503984377653,7.624086647986139,95.95467765724108,128.32528939078458
2026-03-01,Kampala,11573.29113153154,0.4988173897120534,19.0,0.0720095219202539,0.927990478079746,0.5011826102879465,1.0000305189751728,3.000045778462759,0.3152,32.5816,0.300000000000001,32.60000000000005,0.004602207763695558,0.0002616782130733784,-0.0034654796188156247,291.7753037772,1.1931663369413896,0.00012372915476553472,296.07965833853575,296.7745030019543,296.6918333901009,296.6457323879219,296.32168675485036,0.3392852654944078,0.32619496009605536,0.30363662204812647,0.32407572852492117,88171.44253900387,295.92717912784383,0.34489402470120284,1.5471940257479864,148.98151972503288,7.571832217994743,99.84080925978641,126.96564324396209
2026-04-01,Kampala,11573.29113153154,0.4988173897120534,19.0,0.0720095219202539,0.927990478079746,0.5011826102879465,1.0000305189751728,3.000045778462759,0.3152,32.5816,0.300000000000001,32.60000000000005,0.0059014231066495705,0.0010319547123086123,-0.00316865785275514,291.8558964933716,1.2112491107040746,0.00017697192510310246,295.3663516846282,296.03706043516166,296.1362397924548,296.2133258248197,296.3605095362226,0.3663494490088641,0.3597601108967897,0.3379423676603488,0.3292014102277837,88228.63873537473,295.3879977996612,0.20954480118602536,1.8330828998221296,191.95336891628745,9.10613576280852,131.81369626025258,134.11875122638008
2026-05-01,Kampala,11573.29113153154,0.4988173897120534,19.0,0.0720095219202539,0.927990478079746,0.5011826102879465,1.0000305189751728,3.000045778462759,0.3152,32.5816,0.300000000000001,32.60000000000005,0.005020459353723626,0.0014879779855114677,-0.0031135934281185528,291.597085324684,1.2687600408082498,0.00017214221921702387,295.1126619646004,295.73460449873284,295.7735622942259,295.8647267330272,296.1938031123538,0.36889998906656424,0.3661606023701937,0.3592556572904367,0.3444837073772368,88336.72750184855,295.14579214617385,0.02212058078479294,1.8585717582853707,161.19997574821133,7.437853253430053,161.2531890401563,131.88758614089562
2026-06-01,Kampala,11573.29113153154,0.4988173897120534,19.0,0.0720095219202539,0.927990478079746,0.5011826102879465,1.0000305189751728,3.000045778462759,0.3152,32.5816,0.300000000000001,32.60000000000005,0.002632920259715332,0.0005901404831724932,-0.0031301533180950977,290.76433302431803,1.2657211368143064,0.00010098418577246755,294.71974220233534,295.351050848304,295.4691403768464,295.62107111214124,295.98130097795166,0.3502920921948838,0.3400187030228335,0.33605782734786654,0.34677569259078894,88409.86802999207,294.81126044515287,-0.0431461126026591,1.200342715885265,77.11729980996495,4.9427441876452916,138.92230424563752,123.33862832029011
2026-07-01,Kampala,11573.29113153154,0.4988173897120534,19.0,0.0720095219202539,0.927990478079746,0.5011826102879465,1.0000305189751728,3.000045778462759,0.3152,32.5816,0.300000000000001,32.60000000000005,0.0017947703014956208,7.519776385289846e-06,-0.003042136092227903,289.9790964901718,1.212125259313787,6.800746797455058e-05,294.5456261611132,295.27681946691985,295.2197470343903,295.38882297883333,295.79662772827265,0.31260132992723205,0.30311889212938187,0.31040561888714246,0.33649917693538384,88425.89842742948,294.51928962729414,-0.1044852657535807,1.02827157400669,53.04679577017488,6.249307889914702,98.00067697782985,119.55970516586243
2026-08-01,Kampala,11573.29113153154,0.4988173897120534,19.0,0.0720095219202539,0.927990478079746,0.5011826102879465,1.0000305189751728,3.000045778462759,0.3152,32.5816,0.300000000000001,32.60000000000005,0.0026926940207202214,-0.00013820237200580404,-0.003142896308871801,290.4938128707269,1.2030437105771923,0.00010745315250416384,294.79414767966335,295.4024925620055,295.37404705068525,295.4392459990639,295.548190547044,0.3225772833187362,0.30935313797434505,0.2945879892124488,0.3297877805363282,88390.06732705809,294.60431821230213,-0.14134370184083608,0.3028643241413487,94.06832362360727,9.90009454144137,75.85827567981913,123.57111868180857
2026-09-01,Kampala,11573.29113153154,0.4988173897120534,19.0,0.0720095219202539,0.927990478079746,0.5011826102879465,1.0000305189751728,3.000045778462759,0.3152,32.5816,0.300000000000001,32.60000000000005,0.003237280435064192,-5.491346291617387e-05,-0.0032724335734324074,291.29386135370356,1.2356137178447295,0.00013246257453875744,295.2655970332886,295.83218250632643,295.7536600983067,295.6380244299421,295.5840921014966,0.3439456102766485,0.3282493979114681,0.30179945538488767,0.32302297331861696,88317.14563305213,294.8841170784486,0.01651367285614722,-0.04265293799898143,137.21880973204847,7.3803160412140585,102.22433683656817,121.01197910211073
2026-10-01,Kampala,11573.29113153154,0.4988173897120534,19.0,0.0720095219202539,0.927990478079746,0.5011826102879465,1.0000305189751728,3.000045778462759,0.3152,32.5816,0.300000000000001,32.60000000000005,0.004385557718435839,7.358683020921756e-05,-0.0031477856158241085,291.55884128900095,1.2250211717960795,0.0001663252520562862,295.3066687431203,295.9073266192475,295.83974750783835,295.8039314782135,295.64820352043654,0.3564531803469406,0.3430392571125995,0.3195872367488431,0.3218015723772393,88244.69876045514,294.97814785888414,0.23527741936413113,-0.13220827815631914,170.72977734268565,3.4512359657588094,135.87916489659938,119.69063223536047
2026-11-01,Kampala,11573.29113153154,0.4988173897120534,19.0,0.0720095219202539,0.927990478079746,0.5011826102879465,1.0000305189751728,3.000045778462759,0.3152,32.5816,0.300000000000001,32.60000000000005,0.005129077736600525,0.0007576621775982298,-0.0030645334448376927,291.5603545161028,1.206411217646369,0.000205462057110807,295.1313477117092,295.7037881539694,295.7223047235992,295.7241361467743,295.6965117053134,0.3687754878466732,0.3606225501562167,0.34273428121988797,0.32898164944590946,88234.50058983824,294.9167605832027,0.279587818720175,0.2771943518157881,178.79396608871917,9.370695760136588,159.92047684638536,122.86567759985763
2026-12-01,Kampala,11573.29113153154,0.4988173897120534,19.0,0.0720095219202539,0.927990478079746,0.5011826102879465,1.0000305189751728,3.000045778462759,0.3152,32.5816,0.300000000000001,32.60000000000005,0.00362218905669765,0.0009393160773396524,-0.0031895463078126223,291.33846263203645,1.2252469508289752,0.00014802258834029265,295.33400469691037,295.7924354332972,295.7929016262507,295.75051200920814,295.71120650693194,0.3559826419738549,0.3502162739085117,0.34140652402650196,0.33889851858045583,88239.43568747095,295.164333915368,0.2264327498976179,0.5095256594294223,118.58522805260449,8.538096395543315,157.10471282228215,128.9066785466061
2027-01-01,Kampala,11573.29113153154,0.4988173897120534,19.0,0.0720095219202539,0.927990478079746,0.5011826102879465,1.0000305189751728,3.000045778462759,0.3152,32.5816,0.300000000000001,32.60000000000005,0.00266396758060188,0.00031220968206221436,-0.0034543216360939017,290.95107384163987,1.1925932117054603,9.453618188246328e-05,295.7235878886701,296.3086102439951,296.25710160430435,296.0572581151363,295.78160225874444,0.3251307937443366,0.318680207405645,0.3187046840217699,0.3356756716429256,88210.39563567353,295.84535743092454,0.10579096088043223,0.9257776014175413,83.10155626161779,5.0874411585997406,129.4451752219501,133.15444998502016
2027-02-01,Kampala,11573.29113153154,0.4988173897120534,19.0,0.0720095219202539,0.927990478079746,0.5011826102879465,1.0000305189751728,3.000045778462759,0.3152,32.5816,0.300000000000001,32.60000000000005,0.0027049576425307495,5.691052795077973e-05,-0.0035690759782773984,291.3342688334775,1.2253207605337926,8.485987707903721e-05,296.32709130462473,297.0103353550283,296.89151263331235,296.5531146276614,296.06157299616405,0.31061193641598395,0.3015916631764165,0.3001827009610063,0.3296659796225643,88181.99139954257,296.3080515458363,0.14296462801101487,1.4739039505492781,67.67276928545417,6.6334648291788385,89.46215387063566,128.37514923925357
2027-03-01,Kampala,11573.29113153154,0.4988173897120534,19.0,0.0720095219202539,0.927990478079746,0.5011826102879465,1.0000305189751728,3.000045778462759,0.3152,32.5816,0.300000000000001,32.60000000000005,0.004575568556901112,0.0002658008621759584,-0.003403873980378894,291.7357622740301,1.2443327919089282,0.00013030445752239142,295.99933205263824,296.6683874960369,296.74713760884543,296.6457978592314,296.33247792425243,0.3391840406119437,0.3249400057745844,0.3049013999841284,0.32010032380339504,88185.38284058342,295.8843071529304,0.32728394997296756,1.4534399215629914,152.2543190612261,7.314766148495608,97.73478042482203,124.24400643667943
2027-04-01,Kampala,11573.29113153154,0.4988173897120534,19.0,0.0720095219202539,0.927990478079746,0.5011826102879465,1.0000305189751728,3.000045778462759,0.3152,32.5816,0.300000000000001,32.60000000000005,0.005729359406474874,0.0009936898339715436,-0.0031095450404767253,291.7784029100318,1.2485595341729736,0.0001697661455544293,295.4705648847526,296.0884125727452,296.14954549211643,296.2215116951374,296.3919775458753,0.3622394719202652,0.35411574783685557,0.3330384474988556,0.32509297505270496,88227.19171640243,295.4775119909955,0.2301895239005843,1.8183378596551372,189.1492516134952,8.279918003785777,135.50342634848528,132.8374568694622
2027-05-01,Kampala,11573.29113153154,0.4988173897120534,19.0,0.0720095219202539,0.927990478079746,0.5011826102879465,1.0000305189751728,3.000045778462759,0.3152,32.5816,0.300000000000001,32.60000000000005,0.005081573118782808,0.0014878041846499224,-0.0030217626931135244,291.6145669647221,1.277428611177581,0.00017432801338857087,295.1650099420921,295.7201597203904,295.7960482232263,295.9282891868062,296.2143527928606,0.3676584037533617,0.3637582038969899,0.3545715011463439,0.34058872540340707,88332.08411997026,295.1313259771619,0.03009719683802741,2.00575758416842,155.1817956481237,6.569949173441577,162.9539459119841,132.2409347311175
2027-06-01,Kampala,11573.29113153154,0.4988173897120534,19.0,0.0720095219202539,0.927990478079746,0.5011826102879465,1.0000305189751728,3.000045778462759,0.3152,32.5816,0.300000000000001,32.60000000000005,0.0025424724024789257,0.0005557208737739681,-0.0029642597342897947,290.8349312114669,1.2854009314421968,0.00010953063829222697,294.83926523483774,295.44906445509747,295.54311089035764,295.66207229559353,295.98557907331383,0.3451355683747284,0.34155735250409486,0.33517864939269876,0.34421846972307185,88409.9996694962,294.8222462493846,-0.04602730574981248,1.1121686723651711,87.63053376956267,5.046369455165978,140.57725399297297,121.95393319981592
2027-07-01,Kampala,11573.29113153154,0.4988173897120534,19.0,0.0720095219202539,0.927990478079746,0.5011826102879465,1.0000305189751728,3.000045778462759,0.3152,32.5816,0.300000000000001,32.60000000000005,0.0016695956999933752,0.0001220435689304556,-0.003044655403502461,289.96678445220306,1.2485745228882978,6.621923671140206e-05,294.5822765513505,295.2932228299941,295.3096567741724,295.4401747564512,295.7601559887494,0.3120862778645743,0.3035592211722717,0.31013358892460724,0.3372687931511149,88428.8289653199,294.63609614057003,-0.10987737056767448,1.0164385147348665,49.74734816610645,4.46259629352106,97.99244184049911,118.46965792686797
2027-08-01,Kampala,11573.29113153154,0.4988173897120534,19.0,0.0720095219202539,0.927990478079746,0.5011826102879465,1.0000305189751728,3.000045778462759,0.3152,32.5816,0.300000000000001,32.60000000000005,0.0026258515913398887,-0.0001922645295453804,-0.003131459764727444,290.4849884382688,1.2563686671285101,0.00010188675458290757,294.80993349135053,295.3834673224015,295.4023163616987,295.445780315211,295.6124020508149,0.32327912675374826,0.3044231421960837,0.29405712180774646,0.3260310865398405,88385.04895312594,294.6440663261034,-0.12153856404358593,0.27230308111315726,95.93381643511262,1.713077690920815,77.95738180195013,120.17074095621763
2027-09-01,Kampala,11573.29113153154,0.4988173897120534,19.0,0.0720095219202539,0.927990478079746,0.5011826102879465,1.0000305189751728,3.000045778462759,0.3152,32.5816,0.300000000000001,32.60000000000005,0.0032243031206533063,-0.00015985994725639817,-0.0031577797579418255,291.2100027235206,1.212097818370912,0.00013026520334132174,295.30011378926,295.8669738620414,295.83974749879684,295.6772631816781,295.60379013588516,0.3387103330994882,0.3253583108636163,0.29649470324313876,0.3211891709822934,88327.39059165619,294.95133210699714,0.04570197073378071,-0.0283259911896983,136.3880869842274,7.693547442591551,92.71970906118122,120.62424650858551
2027-10-01,Kampala,11573.29113153154,0.4988173897120534,19.0,0.0720095219202539,0.927990478079746,0.5011826102879465,1.0000305189751728,3.000045778462759,0.3152,32.5816,0.300000000000001,32.60000000000005,0.004162095489011598,0.00016834337199041715,-0.003051561668781149,291.51978369966287,1.2244654154360401,0.0001670318418866012,295.2789034319531,295.91151259569534,295.8551595662496,295.84822912342014,295.700831532852,0.3535071547691476,0.3443941070346047,0.31657736065922576,0.315816822259918,88235.83965615985,294.98841255760334,0.23856463893000762,-0.12391004909732956,187.096894750204,7.012342196155845,138.12833433381076,118.16936266118685
2027-11-01,Kampala,11573.29113153154,0.4988173897120534,19.0,0.0720095219202539,0.927990478079746,0.5011826102879465,1.0000305189751728,3.000045778462759,0.3152,32.5816,0.300000000000001,32.60000000000005,0.005162140773823386,0.0006958114276804684,-0.002991447772179575,291.56913681639486,1.2642579718658002,0.00020743252017268942,295.16091921322135,295.72670712728495,295.686326022991,295.76961757358873,295.6561635250087,0.36454588884295036,0.3586556691018962,0.3397165619182346,0.32395000415095315,88223.41069390149,294.92573550093584,0.2742519115565235,0.31608086059055845,173.60657453633118,8.776871639633358,160.5161531801368,123.6195305865927
2027-12-01,Kampala,11573.29113153154,0.4988173897120534,19.0,0.0720095219202539,0.927990478079746,0.5011826102879465,1.0000305189751728,3.000045778462759,0.3152,32.5816,0.300000000000001,32.60000000000005,0.00349774566219487,0.0008237258674317907,-0.0031074458440401593,291.1702133462882,1.2202373651982958,0.00015204594218875273,295.2255552446569,295.82183442646783,295.8256713316388,295.7722627829826,295.69095594051714,0.35875773165397684,0.3485479346686407,0.3443227767192647,0.34084566506061736,88254.42282763518,295.178014449073,0.2432446379626205,0.4808057401809541,121.28267872055557,10.41712221209296,159.05129098354502,129.12631328867514
2028-01-01,Kampala,11573.29113153154,0.4988173897120534,19.0,0.0720095219202539,0.927990478079746,0.5011826102879465,1.0000305189751728,3.000045778462759,0.3152,32.5816,0.300000000000001,32.60000000000005,0.002502229918035199,0.0003558652413582837,-0.0033947435242952973,290.94525458820766,1.2358873050914971,9.267251710315299e-05,295.82483133839173,296.34231448635035,296.36985422428,296.12248667550944,295.81078797135785,0.3278048534659423,0.316884994483733,0.32023834212956853,0.33521591501524683,88205.31025040027,295.82203508281964,0.10223699015527894,0.8517072733150035,85.16742811636168,5.726682253493999,124.77035369811911,134.72860894677933
2028-02-01,Kampala,11573.29113153154,0.4988173897120534,19.0,0.0720095219202539,0.927990478079746,0.5011826102879465,1.0000305189751728,3.000045778462759,0.3152,32.5816,0.300000000000001,32.60000000000005,0.0025618753307329154,-0.00012122494918200292,-0.0035574616683084564,291.3515676628731,1.2355387744138844,7.701261230584137e-05,296.420943063551,297.013546078183,296.87777910618894,296.5927227714021,296.06461466003174,0.30555036058852225,0.29841878134702776,0.29801188856534083,0.3270381631104316,88181.29039078216,296.3508112597521,0.15589151916999613,1.584611164442305,66.41889581058985,10.511678308299906,92.56585749106523,134.58834331697335
2028-03-01,Kampala,11573.29113153154,0.4988173897120534,19.0,0.0720095219202539,0.927990478079746,0.5011826102879465,1.0000305189751728,3.000045778462759,0.3152,32.5816,0.300000000000001,32.60000000000005,0.004418248133827804,0.0002218321724046761,-0.003367405807510833,291.8104775580912,1.2042216347624455,0.000109355151498597,296.3393497766276,296.91685495052036,297.00766465489437,296.84291498798314,296.343215913419,0.33282419674932684,0.31864169278499344,0.29268075753147094,0.3231290643653486,88174.68289893557,296.21374434427065,0.32557527728321434,1.7025487201332141,154.81065267011468,6.602910736512791,110.07199873474396,136.32265102519224
2028-04-01,Kampala,11573.29113153154,0.4988173897120534,19.0,0.0720095219202539,0.927990478079746,0.5011826102879465,1.0000305189751728,3.000045778462759,0.3152,32.5816,0.300000000000001,32.60000000000005,0.0062180987562730035,0.0010085454139529357,-0.003014316116656548,291.85579817889953,1.2472363180016108,0.00018253737681142611,295.31904709681805,295.98624615222775,296.0307406868737,296.21087300185064,296.39454440258504,0.36623430152028186,0.35790625386037406,0.3364806041586546,0.3251347251974246,88233.4617117983,295.36287498405665,0.22339030263495996,1.8175428413667667,194.14602228008008,10.552210879518356,138.48937639492493,134.92948788606768
2028-05-01,Kampala,11573.29113153154,0.4988173897120534,19.0,0.0720095219202539,0.927990478079746,0.5011826102879465,1.0000305189751728,3.000045778462759,0.3152,32.5816,0.300000000000001,32.60000000000005,0.004758794961483074,0.0013395793259944,-0.0030442830095208533,291.576794175513,1.3397303988261515,0.00016644017863065973,295.22268780259367,295.7064066128009,295.82884689056516,295.95704410483535,296.3079057419913,0.3666327806999415,0.35977645185164614,0.35448068038681085,0.3367419785310684,88340.00795020601,295.2055015712721,0.03512954790762309,1.7183781237807203,145.6572210587474,4.093328752028535,164.9330883491299,128.13064442882643
2028-06-01,Kampala,11573.29113153154,0.4988173897120534,19.0,0.0720095219202539,0.927990478079746,0.5011826102879465,1.0000305189751728,3.000045778462759,0.3152,32.5816,0.300000000000001,32.60000000000005,0.002454045782580882,0.000515459181090421,-0.0030893846942498387,290.51742122618987,1.3713313574160124,9.724704866596745e-05,294.75611485708095,295.39656485258195,295.478737557562,295.675691849929,296.0396932557669,0.3383036241803825,0.332011227573353,0.3299372265348833,0.33838939795338313,88410.40767010856,294.85130763661004,-0.050236655399790574,1.667369499544899,71.4325018326874,6.748428695633291,136.18699667714301,120.07965416257561
2028-07-01,Kampala,11573.29113153154,0.4988173897120534,19.0,0.0720095219202539,0.927990478079746,0.5011826102879465,1.0000305189751728,3.000045778462759,0.3152,32.5816,0.300000000000001,32.60000000000005,0.001771188300102686,4.1391788984513455e-05,-0.002858243268898758,289.90885363528974,1.2216175889992296,7.788878079007091e-05,294.53961028169255,295.2162535713508,295.2645753219659,295.3621451870917,295.75847689894135,0.31054962790111235,0.30229127793419913,0.3023842989376873,0.33303808172803745,88413.31887610706,294.4894414962688,-0.10447489403640602,0.8837922920623419,79.33054117642251,8.573985789996243,95.68255271398819,116.74635734589323
2028-08-01,Kampala,11573.29113153154,0.4988173897120534,19.0,0.0720095219202539,0.927990478079746,0.5011826102879465,1.0000305189751728,3.000045778462759,0.3152,32.5816,0.300000000000001,32.60000000000005,0.002445386366019089,-0.0002336770671630558,-0.002986239885405922,290.5129106482213,1.2387871943639779,0.00011211139396277352,294.9109600393541,295.49160064660583,295.53762495099375,295.532896577695,295.5860794808252,0.3208490737982551,0.30025051752672316,0.2900052073455142,0.3239719225606309,88377.4713405006,294.67372730504337,-0.1359996260628906,0.3127869115448282,101.44204347001627,10.125408410602196,81.47143805755138,124.29664187693406
2028-09-01,Kampala,11573.29113153154,0.4988173897120534,19.0,0.0720095219202539,0.927990478079746,0.5011826102879465,1.0000305189751728,3.000045778462759,0.3152,32.5816,0.300000000000001,32.60000000000005,0.003347005049328387,-0.0001658258818751184,-0.003122607270050027,291.2221689145118,1.2459392743814663,0.00013815431289914247,295.28871161397274,295.88599516964786,295.7982521941951,295.69471548451673,295.60903908771513,0.33457477543883385,0.32080393722997447,0.2960279466360578,0.31723814168407016,88294.33874382522,294.9648984737436,0.03520058157571473,-0.12037006940295272,152.69854198415285,8.032625971466167,105.55021876759699,123.61942408262063
2028-10-01,Kampala,11573.29113153154,0.4988173897120534,19.0,0.0720095219202539,0.927990478079746,0.5011826102879465,1.0000305189751728,3.000045778462759,0.3152,32.5816,0.300000000000001,32.60000000000005,0.004127348759403395,9.328155861269472e-05,-0.0030987039594047457,291.6215314636946,1.2638323945652843,0.0001589203184617903,295.36398706644275,296.04087804068575,296.0186319945546,295.93733398026995,295.69322792154225,0.3511015453182951,0.33975273939279776,0.31615779703333136,0.31575060261642995,88266.16323199566,295.16981470557914,0.24026938238523562,-0.18854307141603677,146.57636278318637,12.234516381554972,133.06600806887022,119.91521896310492
2028-11-01,Kampala,11573.29113153154,0.4988173897120534,19.0,0.0720095219202539,0.927990478079746,0.5011826102879465,1.0000305189751728,3.000045778462759,0.3152,32.5816,0.300000000000001,32.60000000000005,0.004878991448654484,0.0005963082680420215,-0.002935974605592402,291.40696343810373,1.2772360739850899,0.0001973978192848028,295.1713611030263,295.7307390142976,295.7132196780144,295.8004885637444,295.7674359197453,0.36462767624556525,0.35564632037443933,0.3392470616088721,0.3242254517358784,88228.30362808549,294.8824038132449,0.27558719009866606,0.22436670355652905,185.82317369965548,8.23731987502105,160.99397980152898,124.51660043957247
2028-12-01,Kampala,11573.29113153154,0.4988173897120534,19.0,0.0720095219202539,0.927990478079746,0.5011826102879465,1.0000305189751728,3.000045778462759,0.3152,32.5816,0.300000000000001,32.60000000000005,0.003499957331870361,0.0007832016847829633,-0.0030449124064395442,291.2247073376198,1.297994804614154,0.00014249683971605617,295.25306776240484,295.83737136413663,295.74850709122865,295.7720413650746,295.75759268749414,0.3528834579710861,0.34504023244432785,0.3384297297827764,0.3293220988006305,88223.18617768538,295.24638115530473,0.2163534027558875,0.7705568890134782,128.08261211825726,7.332883801929225,157.0947737991954,129.13950115895204
2029-01-01,Kampala,11573.29113153154,0.4988173897120534,19.0,0.0720095219202539,0.927990478079746,0.5011826102879465,1.0000305189751728,3.000045778462759,0.3152,32.5816,0.300000000000001,32.60000000000005,0.0025193894509121712,0.00040577731006906316,-0.0033249417272580794,290.80591604952764,1.2699268741492225,8.941438731217165e-05,295.7838793387961,296.267779530434,296.2564702419479,296.08121452846325,295.8061700547331,0.3201254627296356,0.31272823338711925,0.3099891111800805,0.32876288615350613,88219.61991285354,295.73674402624357,0.12298365908802751,0.9237274127281503,87.53303226833441,6.892162801440636,131.38783269625918,129.55701698692332
2029-02-01,Kampala,11573.29113153154,0.4988173897120534,19.0,0.0720095219202539,0.927990478079746,0.5011826102879465,1.0000305189751728,3.000045778462759,0.3152,32.5816,0.300000000000001,32.60000000000005,0.0027777014763895476,8.504784252478541e-05,-0.003460370232499199,291.1775834596671,1.2699970451383407,8.622355185497691e-05,296.38194526533033,297.01129572798476,296.87821251908383,296.54747467824234,296.0580819845808,0.3094120397302612,0.29631025500791075,0.2889428207268865,0.3210722468568447,88169.48644971267,296.296533182014,0.13005274425410074,1.2955205741035856,74.7324043674211,8.662081709028879,94.93494842864048,125.7879087658561
2029-03-01,Kampala,11573.29113153154,0.4988173897120534,19.0,0.0720095219202539,0.927990478079746,0.5011826102879465,1.0000305189751728,3.000045778462759,0.3152,32.5816,0.300000000000001,32.60000000000005,0.004325560214094667,0.0003312534157054082,-0.0033219233889691504,291.72836685155323,1.2680227614714012,0.00011737904107276832,296.2384181206266,296.88093855930236,296.8763361395828,296.7678951029274,296.3552033458375,0.3304347000674035,0.3175226821558159,0.2914278554042516,0.3167939201857929,88180.22169050758,296.0920797524246,0.32843596118802093,1.5458175629672344,154.9367510957853,9.863016944225773,102.68351785424478,130.9592318859939
2029-04-01,Kampala,11573.29113153154,0.4988173897120534,19.0,0.0720095219202539,0.927990478079746,0.5011826102879465,1.0000305189751728,3.000045778462759,0.3152,32.5816,0.300000000000001,32.60000000000005,0.005770318046821571,0.0009316982465323616,-0.0029646640414530898,291.75672302195676,1.2653353394196247,0.0001799899392064891,295.4588993330576,295.98023607048566,296.0921296032313,296.2592231403118,296.42777494228295,0.3645702240684347,0.3535460850644728,0.33468724101077707,0.3201816408827964,88229.07687523634,295.35918434464253,0.21864239691612689,1.737926963936488,191.0901419829743,5.336916768803958,135.95866458980356,134.96288863086306
2029-05-01,Kampala,11573.29113153154,0.4988173897120534,19.0,0.0720095219202539,0.927990478079746,0.5011826102879465,1.0000305189751728,3.000045778462759,0.3152,32.5816,0.300000000000001,32.60000000000005,0.004772525760390286,0.0014378432525219882,-0.0029728800817683827,291.4858633395391,1.3923540444490772,0.00016717419150701017,295.165277101973,295.83097720379175,295.8417606611825,295.89171368022187,296.23873566501544,0.36454962038935784,0.358564211435355,0.3507871149370271,0.3354071995784654,88339.96805704178,295.2923590299647,0.04253860622072351,1.8213550924826738,150.4898894014939,7.107483349743675,163.9734444302159,129.0000475600151
2029-06-01,Kampala,11573.29113153154,0.4988173897120534,19.0,0.0720095219202539,0.927990478079746,0.5011826102879465,1.0000305189751728,3.000045778462759,0.3152,32.5816,0.300000000000001,32.60000000000005,0.002352867902346438,0.0005590312603502185,-0.0029897292174955177,290.51385618395483,1.3787890636065914,9.759068039894616e-05,294.77647906032684,295.4525815873366,295.529843659866,295.74420468927735,296.11908680628125,0.3341774999269539,0.3336141650614053,0.3263097802018738,0.3353677174201916,88416.33026200646,295.01384857568274,-0.047832095738802406,1.4303363538930571,81.65046855932415,5.397075275089941,136.7380196305119,122.31149951204648
2029-07-01,Kampala,11573.29113153154,0.4988173897120534,19.0,0.0720095219202539,0.927990478079746,0.5011826102879465,1.0000305189751728,3.000045778462759,0.3152,32.5816,0.300000000000001,32.60000000000005,0.0017676334275053176,8.410941982901418e-05,-0.0028353892213939455,289.85739000157224,1.2995503877696777,7.329672920530615e-05,294.6055335663307,295.2444319673845,295.2450986955662,295.45786587075605,295.83731057417157,0.306122815255085,0.2987876518203378,0.2966470356117884,0.3309315182732146,88417.34215833202,294.6291732867889,-0.10843566307997561,0.9324675303772179,74.74035086402529,7.590221673754467,98.55871581398169,119.96474461056945
2029-08-01,Kampala,11573.29113153154,0.4988173897120534,19.0,0.0720095219202539,0.927990478079746,0.5011826102879465,1.0000305189751728,3.000045778462759,0.3152,32.5816,0.300000000000001,32.60000000000005,0.0026237718522285998,-0.00022671646284293037,-0.002922230785709434,290.4937602003866,1.239444361682349,0.00011155681114538055,294.8229622940052,295.55393824797113,295.46987977386505,295.50894784287146,295.6095969296631,0.3171687808079907,0.30366643720163466,0.28795971556439104,0.3201693216908061,88382.81811466477,294.7200246485512,-0.14005314825308693,0.17905282221222416,97.60069496586075,5.325204643524975,82.68234120761997,126.58036709534342
2029-09-01,Kampala,11573.29113153154,0.4988173897120534,19.0,0.0720095219202539,0.927990478079746,0.5011826102879465,1.0000305189751728,3.000045778462759,0.3152,32.5816,0.300000000000001,32.60000000000005,0.003153819287549496,-0.00024444407009331225,-0.003059987071706506,291.2173964266386,1.2871798394578846,0.00013251194484654484,295.33940146664065,295.8280707382824,295.87429501801626,295.7334217958908,295.6055872949851,0.33505444647732985,0.31974262378641505,0.29294264732849123,0.3139219173815502,88309.65263985468,295.0707805164825,0.04318408355823147,-0.03804487868670581,149.28032053744982,4.754834218930821,103.02498823665083,124.80941994370106
2029-10-01,Kampala,11573.29113153154,0.4988173897120534,19.0,0.0720095219202539,0.927990478079746,0.5011826102879465,1.0000305189751728,3.000045778462759,0.3152,32.5816,0.300000000000001,32.60000000000005,0.004136284370003276,2.3036751382834696e-05,-0.003058262666783308,291.44373501140467,1.296767957823606,0.00016088102635090963,295.3697974625673,295.95011837587464,295.96737398771137,295.9097656692615,295.7550075680095,0.35055835363453186,0.33856945249222536,0.31084668367448354,0.3124144991838976,88257.78190367804,295.15672691876216,0.24123701019757676,-0.14078204596682553,158.32831836943538,4.6035212226556865,137.1552273809003,118.07491297391957
2029-11-01,Kampala,11573.29113153154,0.4988173897120534,19.0,0.0720095219202539,0.927990478079746,0.5011826102879465,1.0000305189751728,3.000045778462759,0.3152,32.5816,0.300000000000001,32.60000000000005,0.004881819466540165,0.0005895233270854142,-0.002869631563993486,291.4054443652115,1.2832432504269755,0.00019684049946169734,295.12178322430674,295.7945527313838,295.711345541341,295.83333652080506,295.8148987739104,0.36664896907331945,0.34890119766207733,0.3366399722217983,0.3219981653639921,88240.2126957811,294.9188660809983,0.2800143294404558,0.185641785717867,175.34471357093338,9.858789666852326,163.22785782514208,121.81883121072383
2029-12-01,Kampala,11573.29113153154,0.4988173897120534,19.0,0.0720095219202539,0.927990478079746,0.5011826102879465,1.0000305189751728,3.000045778462759,0.3152,32.5816,0.300000000000001,32.60000000000005,0.0034130383611245692,0.0007070604173415478,-0.0030200805580135213,291.15388785588897,1.278437904743875,0.0001488489942372638,295.287637434253,295.87348127319854,295.8347229596146,295.76055263107753,295.7417822046626,0.34924615095128264,0.343355680030478,0.3366992658089719,0.3278168927909711,88230.1201002733,295.18383406915336,0.23309507718247563,0.6232556119021517,122.95107246136008,2.8459148453449528,154.10433872920748,133.51937716145758
2030-01-01,Kampala,11573.29113153154,0.4988173897120534,19.0,0.0720095219202539,0.927990478079746,0.5011826102879465,1.0000305189751728,3.000045778462759,0.3152,32.5816,0.300000000000001,32.60000000000005,0.002504403320100832,0.00030874790293637547,-0.0033049398579819847,290.7489432204177,1.278898060205457,9.497450289924115e-05,295.77845076978815,296.3090590255595,296.26834526939007,296.02753190372056,295.8502495927554,0.3193580929493505,0.3149589750829887,0.3103489763013358,0.3258264001371945,88219.13150597952,295.8654461784511,0.09561936463859254,0.8850256777814431,81.38110614614278,9.924031295899933,132.9528972734893,134.38273151501068
2030-02-01,Kampala,11573.29113153154,0.4988173897120534,19.0,0.0720095219202539,0.927990478079746,0.5011826102879465,1.0000305189751728,3.000045778462759,0.3152,32.5816,0.300000000000001,32.60000000000005,0.002717237442366227,4.648128810592641e-05,-0.0033976725341649428,291.17105557320133,1.2954241695140958,7.84691688672529e-05,296.455665344058,297.0316918336076,296.86803849803465,296.57458123273653,296.12576583868577,0.3045778253653071,0.2940883187024482,0.29090871998035145,0.31694969231573705,88179.03750416085,296.3177417895057,0.13918399443459908,1.352489876022421,73.4325293753106,4.9043109562886285,94.8785215314979,129.85967517053174
2030-03-01,Kampala,11573.29113153154,0.4988173897120534,19.0,0.0720095219202539,0.927990478079746,0.5011826102879465,1.0000305189751728,3.000045778462759,0.3152,32.5816,0.300000000000001,32.60000000000005,0.004267784510994446,0.00021724997823519067,-0.0032806603690362086,291.6417614351886,1.2925522725496763,0.00011807087877034744,296.1860494483886,296.79096703944816,296.82046826739276,296.72249490706037,296.3763039185177,0.3305077822691323,0.3150059056601781,0.29336864298452603,0.3139225214083363,88180.71102092788,296.09913253387793,0.3513073059942436,1.5123245560654661,151.03393461062657,9.604147381956736,99.89215770458816,128.73457071502858
2030-04-01,Kampala,11573.29113153154,0.4988173897120534,19.0,0.0720095219202539,0.927990478079746,0.5011826102879465,1.0000305189751728,3.000045778462759,0.3152,32.5816,0.300000000000001,32.60000000000005,0.005709820871720324,0.0008116880130528168,-0.0029155140714657727,291.69851522813593,1.2895186860495482,0.00017304090590903158,295.4738134939718,296.12217542884093,296.17071161998786,296.3181034224542,296.4661812021032,0.36045189545060785,0.3492814675665172,0.3284498594030689,0.31546247991848936,88236.75694941402,295.6073615848897,0.22634657927784493,1.849725836195382,189.122403151695,9.93681441085443,134.19817852341103,136.07540203466954
2030-05-01,Kampala,11573.29113153154,0.4988173897120534,19.0,0.0720095219202539,0.927990478079746,0.5011826102879465,1.0000305189751728,3.000045778462759,0.3152,32.5816,0.300000000000001,32.60000000000005,0.004842678929000806,0.0014269782878827688,-0.002855486747182558,291.41210937057565,1.359786186861694,0.00017320949294299284,295.2144045643936,295.80177605975086,295.81513563080944,295.9529603781843,296.24897180159815,0.3600353216181092,0.35508502049120283,0.3498927853828614,0.33201983886112263,88330.13705632754,295.2789425679505,0.0155126079862965,1.9012969600921685,149.41358479046994,8.36856294199137,164.5150357260558,132.60853380918783
2030-06-01,Kampala,11573.29113153154,0.4988173897120534,19.0,0.0720095219202539,0.927990478079746,0.5011826102879465,1.0000305189751728,3.000045778462759,0.3152,32.5816,0.300000000000001,32.60000000000005,0.0025431461078996207,0.0005456057644675749,-0.0029028842716620528,290.5672864641858,1.3663256869924087,0.00010350848903234161,294.8809762001369,295.48484351380375,295.5672201382595,295.75113315724246,296.10673181421106,0.33631114204278606,0.3268374816557967,0.32390183148106355,0.33551597395063854,88409.78593918309,294.92288009859,-0.04994094736589089,1.2753463447621087,82.54881102037122,10.510265636183908,139.41032158968466,123.8848187125525
2030-07-01,Kampala,11573.29113153154,0.4988173897120534,19.0,0.0720095219202539,0.927990478079746,0.5011826102879465,1.0000305189751728,3.000045778462759,0.3152,32.5816,0.300000000000001,32.60000000000005,0.0015160288532760971,3.8226276708225184e-07,-0.002858244531816598,289.8612988049466,1.3015682602472975,6.832928412329778e-05,294.66985633676455,295.31753105962383,295.3382704622531,295.4234328649107,295.89897472563916,0.307063048350651,0.29410088767701964,0.29796339680412587,0.3291324106302528,88420.45801182231,294.62598155425763,-0.12179730102097439,1.051768918805358,60.599567567854926,8.627951539561039,98.83629320971335,120.94052589869781
2030-08-01,Kampala,11573.29113153154,0.4988173897120534,19.0,0.0720095219202539,0.927990478079746,0.5011826102879465,1.0000305189751728,3.000045778462759,0.3152,32.5816,0.300000000000001,32.60000000000005,0.0023759462140408374,-0.0002873336474028994,-0.0028889685345668587,290.4081447313699,1.2879123294928798,0.00010150393072913468,294.8986510505157,295.4805912561692,295.5316099622757,295.5435887876525,295.66049417558804,0.3114658299282236,0.2976781652408468,0.2826605185912656,0.31671419165498427,88387.81196900799,294.76536495903673,-0.13075194324878966,0.2807254037093091,98.72643570362473,2.547580319865247,78.8942428091816,123.11018758504136
2030-09-01,Kampala,11573.29113153154,0.4988173897120534,19.0,0.0720095219202539,0.927990478079746,0.5011826102879465,1.0000305189751728,3.000045778462759,0.3152,32.5816,0.300000000000001,32.60000000000005,0.0030574681174594556,-0.0002015611772647439,-0.0030066028252681933,291.07956538876635,1.292907379729391,0.00012556138742681226,295.368978085308,295.88345429493677,295.8592611231556,295.76656202941047,295.6570945676223,0.33340099288942676,0.31951372618466584,0.2913069238083654,0.31106464791532895,88317.98514204641,295.08204275543375,0.03584952445725687,0.011798396370680121,143.60694328807725,5.446627373250957,101.50063501420044,123.35607254447308
2030-10-01,Kampala,11573.29113153154,0.4988173897120534,19.0,0.0720095219202539,0.927990478079746,0.5011826102879465,1.0000305189751728,3.000045778462759,0.3152,32.5816,0.300000000000001,32.60000000000005,0.004167058963011344,6.06989656760908e-05,-0.002929156018130529,291.4040522539846,1.3198518208932932,0.000161444942585542,295.4136687637353,296.0726475400917,295.9795830499721,295.87577320316376,295.782422667178,0.3459068270922809,0.33384557138128457,0.30924011549544533,0.3128146248680517,88250.96788346954,295.11401837879407,0.2206067532577377,-0.11675397185228223,172.8111609528439,6.434208846288421,137.87600875301678,119.34701794035328
2030-11-01,Kampala,11573.29113153154,0.4988173897120534,19.0,0.0720095219202539,0.927990478079746,0.5011826102879465,1.0000305189751728,3.000045778462759,0.3152,32.5816,0.300000000000001,32.60000000000005,0.004863436554022009,0.0006100531725055727,-0.002785451396768171,291.3986065300915,1.317301186034511,0.0001980056933024749,295.22737961830063,295.8352915098449,295.79176370900194,295.8363033960582,295.79769025713773,0.3625378577721843,0.35021872785541275,0.3326497582847318,0.31757232047401,88226.3234989118,294.99882524589077,0.2841774736096563,0.23130452420620157,182.81460148072077,7.045998993172618,164.44575960249742,122.92932891468934
2030-12-01,Kampala,11573.29113153154,0.4988173897120534,19.0,0.0720095219202539,0.927990478079746,0.5011826102879465,1.0000305189751728,3.000045778462759,0.3152,32.5816,0.300000000000001,32.60000000000005,0.0034549840946443517,0.0007762816429180963,-0.0029252510872117246,291.06042301954386,1.3098666720342416,0.0001537453365468323,295.38228830418484,295.9008455894927,295.8952554990106,295.8370162194108,295.78310741034466,0.34851735108314136,0.33957994372690564,0.3391506606894878,0.3267033170552163,88234.44571768137,295.24951285611417,0.2374275903721404,0.5393163254443762,123.78554650777079,10.463567312693446,159.36363219411214,131.22869912491535
2031-01-01,Kampala,11573.29113153154,0.4988173897120534,19.0,0.0720095219202539,0.927990478079746,0.5011826102879465,1.0000305189751728,3.000045778462759,0.3152,32.5816,0.300000000000001,32.60000000000005,0.002409896938718524,0.00030034294397197285,-0.0032609956824807664,290.79132456879694,1.3025793279237192,9.049317471248451e-05,295.8181751770219,296.38577047722134,296.3339075890263,296.16104496709073,295.9019279926424,0.31938592028378227,0.31016345591578987,0.3053204650866311,0.3231269516740391,88213.78193016326,295.90962834799427,0.09080995016431233,0.8413279019313286,88.69034642088687,6.0227884377351355,128.28142574951056,136.80396011696328
2031-02-01,Kampala,11573.29113153154,0.4988173897120534,19.0,0.0720095219202539,0.927990478079746,0.5011826102879465,1.0000305189751728,3.000045778462759,0.3152,32.5816,0.300000000000001,32.60000000000005,0.0026659335691281666,-2.393998933210625e-05,-0.0033468297697482373,291.2446782033912,1.3109461633870985,7.579628432965202e-05,296.4291618973452,296.9808626464222,296.9372909686969,296.6349480840352,296.13471310446556,0.30473439120507445,0.29107883024296355,0.28417722458254513,0.3139044005835496,88175.18550948927,296.4795319793301,0.12962620230061977,1.4742111293593545,68.10909247620546,12.339292287866769,90.01768264707593,132.18566452893464
2031-03-01,Kampala,11573.29113153154,0.4988173897120534,19.0,0.0720095219202539,0.927990478079746,0.5011826102879465,1.0000305189751728,3.000045778462759,0.3152,32.5816,0.300000000000001,32.60000000000005,0.004388504931276037,0.00015056146486873656,-0.003175830505186619,291.4860525408544,1.325358316976733,0.00011501671319080493,296.0978477693187,296.7954011201759,296.7425996742059,296.76074704753995,296.3929977763876,0.33231494096721537,0.3133049927313229,0.29171768791724395,0.3097221761871467,88179.1502997227,295.96484345943554,0.31442319987914097,1.5101209863407046,153.53998937291914,8.36135543667845,100.69318974573036,126.74666397971684
2031-04-01,Kampala,11573.29113153154,0.4988173897120534,19.0,0.0720095219202539,0.927990478079746,0.5011826102879465,1.0000305189751728,3.000045778462759,0.3152,32.5816,0.300000000000001,32.60000000000005,0.005620788339094896,0.0009155080370282242,-0.002934677891579026,291.6726444120935,1.3557248855712296,0.00016681846572991102,295.55319017149003,296.21803169098257,296.1981483926695,296.3377943537927,296.44792791809454,0.35445307909046225,0.34918904433773706,0.3231369171807913,0.3112859689947565,88225.25333445724,295.54031814082845,0.2033287805669397,1.8714872369943363,190.03133778373459,4.720720396460238,134.92942840836832,134.9927161260368
2031-05-01,Kampala,11573.29113153154,0.4988173897120534,19.0,0.0720095219202539,0.927990478079746,0.5011826102879465,1.0000305189751728,3.000045778462759,0.3152,32.5816,0.300000000000001,32.60000000000005,0.004851772767866914,0.0014314095023717996,-0.0028317364373967656,291.4535925300742,1.3794036028669525,0.0001673878053479529,295.21173195481555,295.82224949838815,295.8286660801871,295.9961734034651,296.277200447974,0.35791492317022416,0.3507328499677755,0.3447264229452441,0.3304125971913933,88321.57889895016,295.28534332106324,0.009335244999143805,2.0667671068995177,161.9040714993301,9.516695612302954,166.66711929130537,132.60432139687776
2031-06-01,Kampala,11573.29113153154,0.4988173897120534,19.0,0.0720095219202539,0.927990478079746,0.5011826102879465,1.0000305189751728,3.000045778462759,0.3152,32.5816,0.300000000000001,32.60000000000005,0.0025289869639426865,0.000520141792873184,-0.002797467908165143,290.6465279385026,1.3813746915167777,0.00010671311257814245,294.96565215423436,295.488941494762,295.54132590420124,295.79714003489136,296.07839661037946,0.33801332609627416,0.32618682303299545,0.3235146983695895,0.32992081407374024,88397.5798545004,294.9005038647045,-0.048470080030769754,1.0909525870010583,90.49962884419976,11.212630047378026,141.46768326661407,125.80581628658973
2031-07-01,Kampala,11573.29113153154,0.4988173897120534,19.0,0.0720095219202539,0.927990478079746,0.5011826102879465,1.0000305189751728,3.000045778462759,0.3152,32.5816,0.300000000000001,32.60000000000005,0.0016823914831256542,-9.236132988462806e-05,-0.00283795349016142,289.7660167957977,1.332730585099041,6.0726066393656626e-05,294.6370084607745,295.2825411685115,295.3911145211608,295.5081904419065,295.8479247052317,0.3051426706223104,0.29389804303088185,0.29500185094737197,0.3244487370444689,88422.77564980942,294.7106842027695,-0.11725954474248909,1.1196412542584624,43.578877084038446,7.9531630921477445,99.55199098385272,121.68175362257006
2031-08-01,Kampala,11573.29113153154,0.4988173897120534,19.0,0.0720095219202539,0.927990478079746,0.5011826102879465,1.0000305189751728,3.000045778462759,0.3152,32.5816,0.300000000000001,32.60000000000005,0.002441882846092863,-0.00024939906617003996,-0.002887358479023704,290.38427091942225,1.3254635367766232,0.00010424430520500836,294.86298883172634,295.55216012060043,295.5239102703307,295.5158865518957,295.7144074047718,0.31446834834718673,0.3004051862067415,0.27997380541637157,0.3157500727075062,88383.95152011531,294.7548725750106,-0.1524934418863127,0.347414382214116,96.01420467596344,10.19103742243473,77.7381723735125,125.4395477410607
2031-09-01,Kampala,11573.29113153154,0.4988173897120534,19.0,0.0720095219202539,0.927990478079746,0.5011826102879465,1.0000305189751728,3.000045778462759,0.3152,32.5816,0.300000000000001,32.60000000000005,0.003293472404597357,-0.0003308358463926592,-0.0029359177263896647,291.04065591479497,1.299348400496126,0.0001297299003868581,295.2359529042338,295.9842801844888,295.86355014926954,295.8037274462728,295.6580721839124,0.33203064253573866,0.3182761084181229,0.2891624428436258,0.3065525375483575,88328.29790543621,295.1992135438071,0.051899374718860115,0.08805766248052418,135.76932181757562,6.5724022575176955,98.59620526450203,121.76346199116134
2031-10-01,Kampala,11573.29113153154,0.4988173897120534,19.0,0.0720095219202539,0.927990478079746,0.5011826102879465,1.0000305189751728,3.000045778462759,0.3152,32.5816,0.300000000000001,32.60000000000005,0.004047586282870314,1.835811837635794e-05,-0.002841776648871434,291.3130658332472,1.3077504357951928,0.0001611303246498906,295.2736970777281,295.90270541896416,295.9451448799539,295.9178386592108,295.76684646814596,0.3418804756473598,0.3355902754900986,0.3070055468037446,0.30619952033714976,88237.581945323,295.0643205981488,0.24732214667448288,-0.09095871099927624,188.89387330129617,8.899550002917675,135.09840228465822,121.3224820268956
2031-11-01,Kampala,11573.29113153154,0.4988173897120534,19.0,0.0720095219202539,0.927990478079746,0.5011826102879465,1.0000305189751728,3.000045778462759,0.3152,32.5816,0.300000000000001,32.60000000000005,0.004965811029446931,0.0005254203546742656,-0.0027295184204638905,291.42491162734143,1.3120250624847218,0.0001999320210359289,295.25017140290197,295.84932781277354,295.85395247458484,295.83664827026035,295.8199139635706,0.35371321010589973,0.3514489076280414,0.3276746569947595,0.3142044207442574,88222.85725781831,295.10378738181805,0.2669944699461861,0.20935097050041962,182.83700633136547,8.506199552082244,164.49427522421948,123.30049715525351
2031-12-01,Kampala,11573.29113153154,0.4988173897120534,19.0,0.0720095219202539,0.927990478079746,0.5011826102879465,1.0000305189751728,3.000045778462759,0.3152,32.5816,0.300000000000001,32.60000000000005,0.0031931218396371937,0.0007099422921214294,-0.0029495685761469883,291.05063389068147,1.3340590627774598,0.00014836071678251783,295.44483035108647,295.9284390629033,295.8458927663376,295.7820080813278,295.84822345387977,0.34700687009026226,0.3408282300314029,0.3307774091113792,0.324562691096764,88240.88180320653,295.26289605485636,0.2119931429188687,0.45162512112271036,118.48222565141191,7.124052909078755,162.10800601914767,133.59255631750315
2032-01-01,Kampala,11573.29113153154,0.4988173897120534,19.0,0.0720095219202539,0.927990478079746,0.5011826102879465,1.0000305189751728,3.000045778462759,0.3152,32.5816,0.300000000000001,32.60000000000005,0.0024004882172827765,0.00019697783099140907,-0.003149467061314398,290.7909452047241,1.3316737902971996,9.176893902209877e-05,295.8840103671599,296.49656235621154,296.36231545191487,296.14332189300666,295.8559066723903,0.31546481646501245,0.3135502209773854,0.3058510256577156,0.3207668432121661,88204.04784012235,295.9972398753637,0.10203924997292238,0.9046986423032165,89.51607535115792,6.815112760755018,128.50401953331757,137.50650673711354
2032-02-01,Kampala,11573.29113153154,0.4988173897120534,19.0,0.0720095219202539,0.927990478079746,0.5011826102879465,1.0000305189751728,3.000045778462759,0.3152,32.5816,0.300000000000001,32.60000000000005,0.0026159278209337083,-7.377854988738747e-05,-0.0032768414385820634,291.1839385170719,1.3198033404299163,6.970621589594205e-05,296.4782658166746,297.10258445669865,296.9796460739282,296.6980490627846,296.1128457987253,0.3020798278834039,0.29022701088951,0.2855615794507915,0.31558049548266004,88182.17210514355,296.45821942841076,0.13170005045173283,1.6126575503384033,65.93061285523797,11.080902923141805,90.8581399263291,136.71501133344427
2032-03-01,Kampala,11573.29113153154,0.4988173897120534,19.0,0.0720095219202539,0.927990478079746,0.5011826102879465,1.0000305189751728,3.000045778462759,0.3152,32.5816,0.300000000000001,32.60000000000005,0.004164890173231161,8.241655100352017e-05,-0.00321362622001776,291.7561400652029,1.3026546800163028,0.00011059685237287868,296.4132834766164,297.02380115866293,297.00901613194236,296.820990857288,296.4236699577438,0.3284083034930049,0.3096990158706587,0.288918439150176,0.310636754016702,88178.1050328499,296.34191863454475,0.30744419202033096,1.7076708713818072,149.7201573724764,9.18349665299178,104.60258837090342,138.6525766928275
2032-04-01,Kampala,11573.29113153154,0.4988173897120534,19.0,0.0720095219202539,0.927990478079746,0.5011826102879465,1.0000305189751728,3.000045778462759,0.3152,32.5816,0.300000000000001,32.60000000000005,0.005950530705491833,0.0008060113850371782,-0.0027717086007391437,291.6611498203728,1.321603310930404,0.00017923574449830984,295.4365221109097,296.04050641671563,296.12820664677326,296.301158141473,296.5263903200404,0.35929393088159967,0.35155530116571043,0.32628753702011615,0.3111523298912598,88229.57941672929,295.5085500521665,0.20064517964965758,1.803104099119068,198.29735575047283,10.294711331169768,135.02968160276336,137.66908373110886
2032-05-01,Kampala,11573.29113153154,0.4988173897120534,19.0,0.0720095219202539,0.927990478079746,0.5011826102879465,1.0000305189751728,3.000045778462759,0.3152,32.5816,0.300000000000001,32.60000000000005,0.004367217733009737,0.0012641421183116428,-0.0027927625998470816,291.37903864454415,1.456700005098971,0.00015767280051397933,295.2262743492731,295.87288645934524,295.8538798002213,295.99311594802447,296.3105565014082,0.3620536830797057,0.3535086598403112,0.3465055541535632,0.32758471788661775,88335.8550410077,295.4332040555707,0.03724181663071612,1.6585722730320138,147.1411138967786,6.775700912188355,160.7913136745752,131.77758372365017
2032-06-01,Kampala,11573.29113153154,0.4988173897120534,19.0,0.0720095219202539,0.927990478079746,0.5011826102879465,1.0000305189751728,3.000045778462759,0.3152,32.5816,0.300000000000001,32.60000000000005,0.002230228186455801,0.00042754830601054425,-0.002867786540179332,290.2843774360374,1.4433077710929614,9.357222989625505e-05,294.8076223576047,295.4596702594315,295.56312786858047,295.8027432015931,296.1263425097664,0.3335367413512857,0.32600230633747074,0.32274571307328775,0.3266820003498895,88419.93504922504,294.8960209695532,-0.0513249114200909,1.6016874606334832,69.46868261463439,6.47068249992218,136.59737169820556,122.42586898606501
2032-07-01,Kampala,11573.29113153154,0.4988173897120534,19.0,0.0720095219202539,0.927990478079746,0.5011826102879465,1.0000305189751728,3.000045778462759,0.3152,32.5816,0.300000000000001,32.60000000000005,0.0016413481551014143,-2.5478819882017586e-05,-0.0026327572940574463,289.8324055899926,1.3192942985066312,7.173167113915046e-05,294.6438037890412,295.2590249933479,295.3599145312477,295.3889744191897,295.8240769982907,0.30006875997802657,0.29313863088164144,0.2920251785244694,0.3164012266385923,88414.91627846785,294.70903753019746,-0.11838593312873913,0.8847964045892994,80.03601031846469,11.702394249348792,98.12655665845234,119.44817121662545
2032-08-01,Kampala,11573.29113153154,0.4988173897120534,19.0,0.0720095219202539,0.927990478079746,0.5011826102879465,1.0000305189751728,3.000045778462759,0.3152,32.5816,0.300000000000001,32.60000000000005,0.0023233882359459416,-0.00014088409323865402,-0.002771098630220096,290.40420045496757,1.3433467305337226,0.00011167649101181136,295.0045472773067,295.54633750590125,295.61226578002726,295.53515850634386,295.6890162874454,0.3073545228950244,0.29239780593527925,0.277822280297217,0.30869630202660864,88384.18008318415,294.7630667235265,-0.145883414468804,0.20371873057825918,100.29076886066835,8.516059383176366,79.71114071191228,124.84486010414697
2032-09-01,Kampala,11573.29113153154,0.4988173897120534,19.0,0.0720095219202539,0.927990478079746,0.5011826102879465,1.0000305189751728,3.000045778462759,0.3152,32.5816,0.300000000000001,32.60000000000005,0.003114698136629448,-0.00027841938735564037,-0.0029036476294555607,291.0569818125493,1.3450255426861846,0.00013633234348530833,295.29149648995474,295.9875213230882,295.9383263463086,295.78155843093754,295.6412401146043,0.3312965291110357,0.3126405990928048,0.28685063844316117,0.3063060330822728,88303.2045012394,295.05549425844464,0.021221390215401925,-0.02430379609403263,148.20530529732628,9.303280431959022,107.03035112130794,125.08105939632875
2032-10-01,Kampala,11573.29113153154,0.4988173897120534,19.0,0.0720095219202539,0.927990478079746,0.5011826102879465,1.0000305189751728,3.000045778462759,0.3152,32.5816,0.300000000000001,32.60000000000005,0.003972696354069754,-9.533352994448507e-05,-0.0028813205105179592,291.3750240360907,1.3378422956026854,0.00015742879634933336,295.5014547855447,296.0283904477525,296.0441252809256,295.9926228871104,295.7809234835151,0.3407222622841982,0.33302590089654066,0.3010462317211696,0.30637431469564913,88264.27322201639,295.30816759692505,0.23191384204049018,-0.12377467705921381,145.52630537731488,2.9111557149993645,132.99002054333312,121.61914270717695
2032-11-01,Kampala,11573.29113153154,0.4988173897120534,19.0,0.0720095219202539,0.927990478079746,0.5011826102879465,1.0000305189751728,3.000045778462759,0.3152,32.5816,0.300000000000001,32.60000000000005,0.004844651550879699,0.00045624928608218153,-0.0027244433905381235,291.28486580892803,1.364483914332006,0.00019327802862553257,295.20809848417485,295.7843215875506,295.85900425907636,295.80744475990724,295.8508334163988,0.35380646181865993,0.34602481091801385,0.32441526763216677,0.3135173804048023,88244.52347552047,294.97884324465537,0.29699233792133345,0.25035293481516185,185.40789253638704,12.72650937036624,158.77530573770122,125.0624701398484
2032-12-01,Kampala,11573.29113153154,0.4988173897120534,19.0,0.0720095219202539,0.927990478079746,0.5011826102879465,1.0000305189751728,3.000045778462759,0.3152,32.5816,0.300000000000001,32.60000000000005,0.0034177260952797605,0.0006316506389077271,-0.0028258275621873027,291.01777377390226,1.3792666978295174,0.000150224679562045,295.3359450356323,295.85377865733204,295.8961613941813,295.82322547288777,295.8596957815019,0.34264539639518415,0.3356514882662037,0.3293201623574377,0.3173831902896697,88219.63315904292,295.34922167883536,0.25588457576562124,0.7324251908614954,129.94896232774175,7.156214781802449,154.83159114848823,133.19618208610765
2033-01-01,Kampala,11573.29113153154,0.4988173897120534,19.0,0.0720095219202539,0.927990478079746,0.5011826102879465,1.0000305189751728,3.000045778462759,0.3152,32.5816,0.300000000000001,32.60000000000005,0.0022174342767605263,0.00011859220556011738,-0.0030978385540077337,290.58505013285145,1.3606301648310914,8.870794624605836e-05,295.84227401501226,296.37059172765703,296.3301361606502,296.1749295169746,295.91816906342626,0.31059017641236925,0.3029709203085295,0.3008563988287829,0.3148808980734896,88219.31644596816,295.75122468640353,0.1111018622562129,0.9284951821755338,91.82397914809994,7.278329238944531,128.76012789209958,132.72103712648655
2033-02-01,Kampala,11573.29113153154,0.4988173897120534,19.0,0.0720095219202539,0.927990478079746,0.5011826102879465,1.0000305189751728,3.000045778462759,0.3152,32.5816,0.300000000000001,32.60000000000005,0.0026978876343416772,-0.00013142459858620086,-0.0032142681464396366,291.0018525666425,1.3683385534704764,8.16016675521898e-05,296.4512569522766,297.1085713820012,296.91040884064336,296.6092699789744,296.12849855079753,0.30251169281073564,0.29199606176464865,0.27794301466741944,0.3102768411730208,88178.95754654943,296.4438907558758,0.13118629552802624,1.3026927144539322,74.46347946640944,12.465358359996527,94.86119032847657,128.37004721881132
2033-03-01,Kampala,11573.29113153154,0.4988173897120534,19.0,0.0720095219202539,0.927990478079746,0.5011826102879465,1.0000305189751728,3.000045778462759,0.3152,32.5816,0.300000000000001,32.60000000000005,0.004241245395337781,4.0539321602877534e-05,-0.0030672952751231958,291.59171351421236,1.3649907113367052,0.00011460401696256036,296.3071706184227,296.97407954976626,296.9381868339061,296.9301325571361,296.43804773099964,0.3273030846001452,0.31120377637863017,0.2820808590043106,0.3046593676576245,88173.44307441732,296.32350250272873,0.33201234497951887,1.5988312032408813,152.24984403226028,4.429571434078853,100.32482967140972,134.44012152701316
2033-04-01,Kampala,11573.29113153154,0.4988173897120534,19.0,0.0720095219202539,0.927990478079746,0.5011826102879465,1.0000305189751728,3.000045778462759,0.3152,32.5816,0.300000000000001,32.60000000000005,0.005734974675749464,0.0007909732876505921,-0.0027449161440097577,291.6497200823396,1.3381617335081528,0.00017618217190089585,295.4837634557683,296.1442231279799,296.17777816497977,296.3945617757892,296.4707658139302,0.3539725638767794,0.3475061309512852,0.3198230163651259,0.30569442414272147,88219.88429143815,295.61463008064686,0.20613361635675256,1.8914510267819291,190.50580243383087,9.68059320015924,137.13009575591573,135.7389092938542
2033-05-01,Kampala,11573.29113153154,0.4988173897120534,19.0,0.0720095219202539,0.927990478079746,0.5011826102879465,1.0000305189751728,3.000045778462759,0.3152,32.5816,0.300000000000001,32.60000000000005,0.004658201708121675,0.0011565189781640407,-0.0027443791039509268,291.3733650044405,1.4709899155184536,0.00016505155945797446,295.30262822845077,295.8753625933089,295.9123579045323,296.01428700022217,296.3401464496396,0.35531506773382204,0.34978032808057136,0.34267309872240015,0.32225903301168113,88327.25098607659,295.29033116868817,0.03269328718092614,1.85157594918548,144.99086747145284,8.800625394918798,161.7651194995669,130.01882719691983
2033-06-01,Kampala,11573.29113153154,0.4988173897120534,19.0,0.0720095219202539,0.927990478079746,0.5011826102879465,1.0000305189751728,3.000045778462759,0.3152,32.5816,0.300000000000001,32.60000000000005,0.0024360075994074963,0.0004531312489577076,-0.002788486728674912,290.3502821862283,1.4627157550315584,9.265703953681485e-05,294.8643815623975,295.5054113999819,295.5904794786293,295.7917222549929,296.18193927761706,0.32977160335360234,0.3226647620252253,0.31994199789208577,0.3237059547231084,88416.09722201315,295.0498652975027,-0.039315659792151715,1.4647449696438946,68.50619027102096,8.089701301936556,136.90180805188933,124.10664641190907
2033-07-01,Kampala,11573.29113153154,0.4988173897120534,19.0,0.0720095219202539,0.927990478079746,0.5011826102879465,1.0000305189751728,3.000045778462759,0.3152,32.5816,0.300000000000001,32.60000000000005,0.0015097008967699208,-7.194188564766868e-06,-0.0026038064073566863,289.7464132047316,1.3509236930653719,6.660952057333123e-05,294.6484587631186,295.42005500088914,295.3289030538059,295.4843258790849,295.8499434677024,0.2998080625886538,0.28947948741770674,0.289126874745151,0.31672254750999046,88416.8751525009,294.6785549919696,-0.1285076811699205,0.9577381662801228,67.90505329423398,9.251259393294639,94.84943565930779,121.31525531076544
2033-08-01,Kampala,11573.29113153154,0.4988173897120534,19.0,0.0720095219202539,0.927990478079746,0.5011826102879465,1.0000305189751728,3.000045778462759,0.3152,32.5816,0.300000000000001,32.60000000000005,0.00237051680438666,-0.0003976074675547392,-0.0027131310375259295,290.3912027652161,1.359142646603061,0.00010465436756535632,294.9878820362324,295.6100408908475,295.555848411044,295.579145839697,295.69702617270343,0.3097434189168951,0.2929139384646217,0.27541048593016976,0.30865572469924846,88382.00286445934,294.8158038132347,-0.1395987440773535,0.2546582330234449,102.27133774703722,5.952610945084656,78.32264441082408,126.13458533369233
2033-09-01,Kampala,11573.29113153154,0.4988173897120534,19.0,0.0720095219202539,0.927990478079746,0.5011826102879465,1.0000305189751728,3.000045778462759,0.3152,32.5816,0.300000000000001,32.60000000000005,0.0030816850560119835,-0.0002482626645595318,-0.0028216517016210444,291.01727714616686,1.3979451332145492,0.000127349005242881,295.3113747758304,295.9602105364933,296.00406847302173,295.8159215105846,295.68244106529545,0.32985458054577566,0.3120039735954254,0.282913848770905,0.3021270276958752,88307.6275795424,295.1081793575713,0.015998108860486523,-0.1161557379981526,149.91484072109023,8.663969807929503,101.66938466666278,123.10250368194531
2033-10-01,Kampala,11573.29113153154,0.4988173897120534,19.0,0.0720095219202539,0.927990478079746,0.5011826102879465,1.0000305189751728,3.000045778462759,0.3152,32.5816,0.300000000000001,32.60000000000005,0.0038784505748186075,-5.295649575336039e-05,-0.002789436080833234,291.32055409742406,1.3782793568509806,0.00015701198951676164,295.4535229285432,296.05391436975526,296.0733107723277,296.018889688681,295.7686295002295,0.3396732446558107,0.33052540380488316,0.29917955137205593,0.303559637406191,88255.81402503309,295.19385761771383,0.23557053898413838,-0.1328710781484989,157.25107234803968,7.806190549551105,132.51877940342672,118.83375180290668
2033-11-01,Kampala,11573.29113153154,0.4988173897120534,19.0,0.0720095219202539,0.927990478079746,0.5011826102879465,1.0000305189751728,3.000045778462759,0.3152,32.5816,0.300000000000001,32.60000000000005,0.0046367923694814,0.0004953319940197401,-0.0026248188366531683,291.2578213681003,1.3941273878218687,0.00019209884645768368,295.2233393934418,295.86644206253743,295.8924146561691,295.8556976573036,295.8550642090869,0.35470317437558857,0.34595153541033963,0.3223213902801951,0.3100893940025804,88232.51784277054,295.08099189516804,0.29651561740495436,0.2791081012121397,178.18533078707947,10.013243229934787,160.89176139758308,127.65722847184611
2033-12-01,Kampala,11573.29113153154,0.4988173897120534,19.0,0.0720095219202539,0.927990478079746,0.5011826102879465,1.0000305189751728,3.000045778462759,0.3152,32.5816,0.300000000000001,32.60000000000005,0.0032912895480542107,0.0006917501999683745,-0.002752288817705983,291.0412760132021,1.377429418424139,0.0001375408099368388,295.39965658062914,296.0045248902687,295.94310074950374,295.8815911817169,295.87869611455216,0.34269043115744885,0.3355792496897009,0.3236722443675707,0.31581794738051344,88237.69727707574,295.3544018656159,0.2152186799738804,0.6745341080688032,128.07441553303417,10.693867905853207,154.04093850218402,133.53981523568157
2034-01-01,Kampala,11573.29113153154,0.4988173897120534,19.0,0.0720095219202539,0.927990478079746,0.5011826102879465,1.0000305189751728,3.000045778462759,0.3152,32.5816,0.300000000000001,32.60000000000005,0.0021036874197239495,4.5233211738134843e-05,-0.003073680057372436,290.6372491954382,1.3787839051593995,8.670364937132864e-05,295.87125386467477,296.49183947529,296.3812149398873,296.1982349390892,295.91329607616444,0.3147552267506289,0.3023279425115505,0.29831728243694383,0.31248731274925406,88206.35195207446,295.90454049052715,0.0969747375490495,0.9710035394831847,87.93564542221267,5.14029661502367,127.80100787865533,136.13727560051436
2034-02-01,Kampala,11573.29113153154,0.4988173897120534,19.0,0.0720095219202539,0.927990478079746,0.5011826102879465,1.0000305189751728,3.000045778462759,0.3152,32.5816,0.300000000000001,32.60000000000005,0.002640907359813284,-0.00015876873641716346,-0.0031704955777854486,291.0434120440299,1.3817539735389037,8.069721336797821e-05,296.4556898947048,297.07033836015495,297.03602094776124,296.6363339637568,296.1598394688295,0.30395241765532194,0.28376002586357335,0.28282308221102254,0.3049475349135634,88167.66273421643,296.45451285955176,0.12754200232013732,1.3982120734426309,69.31140346825497,8.531330057759533,90.53532428813938,130.27003902345075
2034-03-01,Kampala,11573.29113153154,0.4988173897120534,19.0,0.0720095219202539,0.927990478079746,0.5011826102879465,1.0000305189751728,3.000045778462759,0.3152,32.5816,0.300000000000001,32.60000000000005,0.004249591768416653,-7.5651263941149005e-06,-0.003030149535291372,291.46857577436026,1.3919338134432173,0.00011365423107279225,296.286432369006,296.9240082265644,296.8626779248534,296.8679356247579,296.471007216448,0.32696687093219734,0.30932067134097474,0.28210198003766856,0.30119026723382447,88177.84863438632,296.2483515041773,0.31715898381807917,1.6044099487457852,154.8880456026437,5.842829875620428,102.74693480486967,132.76495779119526
2034-04-01,Kampala,11573.29113153154,0.4988173897120534,19.0,0.0720095219202539,0.927990478079746,0.5011826102879465,1.0000305189751728,3.000045778462759,0.3152,32.5816,0.300000000000001,32.60000000000005,0.0057038854028638175,0.0007565075259026928,-0.0026998230598568543,291.57420497603914,1.3995273002606174,0.00016580792423722497,295.6411008432262,296.23536354415415,296.21854375263496,296.4039152307024,296.53445568586955,0.3552889731012144,0.34366584439876924,0.317848254310771,0.30544614489195265,88219.54759975152,295.6260254916274,0.22769324257361345,1.8451973724983737,190.27726611487833,5.824258000943114,138.3174518636854,138.17581264118775
2034-05-01,Kampala,11573.29113153154,0.4988173897120534,19.0,0.0720095219202539,0.927990478079746,0.5011826102879465,1.0000305189751728,3.000045778462759,0.3152,32.5816,0.300000000000001,32.60000000000005,0.004741200880088081,0.001257055378523823,-0.0026723370066075725,291.26923296758656,1.4445441041743725,0.0001608554307620261,295.2946139309859,295.9081391587722,295.90543582182346,296.06489627921417,296.3693272290035,0.3577482392426226,0.346435349336847,0.34082011117696853,0.3185907677841854,88336.76075226505,295.3889841180826,0.013300875463001679,1.8871556811275798,157.31631407316326,6.988812545230532,161.41195796763265,132.29750490850748
2034-06-01,Kampala,11573.29113153154,0.4988173897120534,19.0,0.0720095219202539,0.927990478079746,0.5011826102879465,1.0000305189751728,3.000045778462759,0.3152,32.5816,0.300000000000001,32.60000000000005,0.0024293205116187122,0.00045309800389273886,-0.002690115281331951,290.4568055001517,1.4563577892523358,9.711075638729916e-05,294.9464388961123,295.5925887713323,295.6659417407,295.86890245812293,296.18029833185744,0.3314988680599063,0.3211267021619576,0.3144733601647921,0.31985854989433216,88413.6342082982,295.07710025424916,-0.03813924890453255,1.150055482272256,78.882898651002,10.2588168258499,141.9400369440715,123.89073880528099
2034-07-01,Kampala,11573.29113153154,0.4988173897120534,19.0,0.0720095219202539,0.927990478079746,0.5011826102879465,1.0000305189751728,3.000045778462759,0.3152,32.5816,0.300000000000001,32.60000000000005,0.0014387808852941457,-9.754695915366012e-05,-0.002591146534461674,289.67703373762777,1.388350924757245,6.565451841910606e-05,294.780519006701,295.34747005000594,295.46055363445635,295.51487692993624,295.8965339485961,0.29941514393141694,0.2854516319720672,0.28752945454428347,0.3157957997208231,88417.72301192535,294.7690630725735,-0.12922169900467664,1.0272350722244847,56.86973423229695,9.888022741154392,98.43179923602948,124.71512477769974
2034-08-01,Kampala,11573.29113153154,0.4988173897120534,19.0,0.0720095219202539,0.927990478079746,0.5011826102879465,1.0000305189751728,3.000045778462759,0.3152,32.5816,0.300000000000001,32.60000000000005,0.002409797654919474,-0.00031776982869690046,-0.0026834465330331397,290.2664936062419,1.4027176370066528,0.00010515477828510036,294.97472974656984,295.60310175153575,295.5815400674023,295.63130993457236,295.769342523179,0.30514472815599947,0.2892122545880378,0.26974403486858634,0.30579793734131566,88381.90156172494,294.87613819078996,-0.1448681165198305,0.2511654336936402,94.126712857061,6.807265235312826,78.08107916865207,127.86142887435112
2034-09-01,Kampala,11573.29113153154,0.4988173897120534,19.0,0.0720095219202539,0.927990478079746,0.5011826102879465,1.0000305189751728,3.000045778462759,0.3152,32.5816,0.300000000000001,32.60000000000005,0.0028829196473070967,-0.0003117420084073194,-0.0027362437321321632,291.02274894326916,1.391894274252574,0.0001225267502316807,295.3602619723307,295.95812927015135,295.96262013300293,295.77589488383256,295.7109347629399,0.3275563596475335,0.313003113297258,0.27854855701164527,0.30053777037176654,88321.28576913103,295.23962914533996,0.030783847558690014,0.0034012784900421256,143.26107389982917,6.7516894666922935,97.93323274093177,123.55218248719403
2034-10-01,Kampala,11573.29113153154,0.4988173897120534,19.0,0.0720095219202539,0.927990478079746,0.5011826102879465,1.0000305189751728,3.000045778462759,0.3152,32.5816,0.300000000000001,32.60000000000005,0.003720999187185085,-4.042050827371287e-05,-0.002699116672620968,291.20477068960986,1.3985709729596207,0.00015453312264949117,295.53682447476854,296.03731865713314,296.01793702046143,295.979367382558,295.82379002006576,0.3413231205265818,0.3293531068900917,0.29833821079839673,0.29568617948812725,88244.10647107301,295.1840343757118,0.250489438037402,-0.12059673449537373,176.78642722044233,4.561592309025392,133.71253761862653,121.70519271699615
2034-11-01,Kampala,11573.29113153154,0.4988173897120534,19.0,0.0720095219202539,0.927990478079746,0.5011826102879465,1.0000305189751728,3.000045778462759,0.3152,32.5816,0.300000000000001,32.60000000000005,0.004661021243629756,0.0004666271778180669,-0.0025859722053575796,291.2882634481041,1.3980694027092444,0.00019991226835292572,295.3511387395833,295.8050128881928,295.88582036981404,295.85281386789256,295.8622100153992,0.35174967164896426,0.34236038147697695,0.3222393838883209,0.3053600254770376,88224.88989291532,295.10053911821285,0.28250942558844977,0.3455275554263685,180.0237075812916,9.003336087136349,163.01272620851088,124.24506838018902
2034-12-01,Kampala,11573.29113153154,0.4988173897120534,19.0,0.0720095219202539,0.927990478079746,0.5011826102879465,1.0000305189751728,3.000045778462759,0.3152,32.5816,0.300000000000001,32.60000000000005,0.003262196592087524,0.0006787601543251844,-0.002772882101004132,290.96817446152943,1.3788697629053461,0.00014166800882910028,295.42544130796693,295.96910247785104,295.9517105842932,295.8422902888808,295.8504834531016,0.34189751410624675,0.3348497503470404,0.32382463043855747,0.31797820418928247,88239.51404939615,295.41786934013635,0.2122894930101738,0.5456061071760395,121.38856228718387,8.238826348034696,160.6754677033598,132.89254926287458
2035-01-01,Kampala,11573.29113153154,0.4988173897120534,19.0,0.0720095219202539,0.927990478079746,0.5011826102879465,1.0000305189751728,3.000045778462759,0.3152,32.5816,0.300000000000001,32.60000000000005,0.002398949943779352,0.00011251234053651463,-0.003025301369026547,290.62654745051094,1.4201435995748133,8.778064604208143e-05,295.9367723083653,296.5001267221655,296.4637822316006,296.20915008388056,295.9268776007387,0.31249561086834143,0.30102280731426584,0.2973445510530857,0.31166066215106825,88207.03280161583,295.9840514367011,0.10680866271279155,0.9479723354871591,81.96617093240356,9.2121957872516,129.542412215283,136.9523395780951
2035-02-01,Kampala,11573.29113153154,0.4988173897120534,19.0,0.0720095219202539,0.927990478079746,0.5011826102879465,1.0000305189751728,3.000045778462759,0.3152,32.5816,0.300000000000001,32.60000000000005,0.00255475363912792,-0.00031161124777415996,-0.00316224511587768,291.07862762557943,1.4106523020676933,6.99113973005359e-05,296.4972968148736,297.1384038024497,297.04750240553034,296.7193293070552,296.1886812306658,0.29639474035468155,0.27790813908443296,0.2775648393002331,0.30654244279302895,88183.47534845727,296.5866927421821,0.13130133997711269,1.5101852074323048,76.53651737635211,14.105949529924008,88.54186530269399,131.9330476022156
2035-03-01,Kampala,11573.29113153154,0.4988173897120534,19.0,0.0720095219202539,0.927990478079746,0.5011826102879465,1.0000305189751728,3.000045778462759,0.3152,32.5816,0.300000000000001,32.60000000000005,0.00434338312767479,9.734871441413814e-05,-0.0029580434534097746,291.4014887592248,1.4212262873576305,0.00011430246007455135,296.2080266054536,296.8227059405497,296.8199487705946,296.8012126449643,296.4654023128508,0.3247408503628989,0.30648528769872085,0.27952994696752675,0.29521110500258957,88171.0371084648,296.1545184974207,0.32331251503187475,1.6135483459794737,153.02986039290903,12.28775745375589,98.78879018100675,128.56990901961578
2035-04-01,Kampala,11573.29113153154,0.4988173897120534,19.0,0.0720095219202539,0.927990478079746,0.5011826102879465,1.0000305189751728,3.000045778462759,0.3152,32.5816,0.300000000000001,32.60000000000005,0.005461781375143728,0.0007233535354401563,-0.002694483564452605,291.4930004855977,1.4316868144874848,0.00016106914397037223,295.6641369099097,296.24905968391175,296.29453821666334,296.41153196957293,296.5287499565003,0.35119820825726467,0.3378607179061793,0.3148653876713142,0.2992609064364572,88222.69418570258,295.79902110680626,0.20875039071152665,1.8225524376840405,191.03157485239151,9.219406392027569,138.3106351167466,136.9023546113342
2035-05-01,Kampala,11573.29113153154,0.4988173897120534,19.0,0.0720095219202539,0.927990478079746,0.5011826102879465,1.0000305189751728,3.000045778462759,0.3152,32.5816,0.300000000000001,32.60000000000005,0.004891945124721394,0.0012058090635823841,-0.002581610251768152,291.25437504472643,1.47572150127095,0.00016839963491906498,295.27301266886457,295.8944315687885,295.96520006215223,296.06647594865,296.36857734300605,0.3530265412852827,0.3430880151349703,0.3361559127901443,0.31662988854855795,88326.88231584162,295.50376262955757,0.01680024337564347,2.0005261540903554,161.2129509086618,5.747988464638484,170.34780827243867,134.41789795067334
2035-06-01,Kampala,11573.29113153154,0.4988173897120534,19.0,0.0720095219202539,0.927990478079746,0.5011826102879465,1.0000305189751728,3.000045778462759,0.3152,32.5816,0.300000000000001,32.60000000000005,0.0021693487417433887,0.00034607170241576573,-0.0025608862006519925,290.4699480776225,1.4731716270966209,0.00010176347282659021,295.0422664748167,295.6084138058824,295.7702431404801,295.86450962617994,296.17056026565183,0.32835347136086623,0.31944269797743996,0.3116440427836448,0.31820881914680693,88400.54894282628,295.08246114344524,-0.04739681576377248,1.0795910416217698,87.86302683990061,8.058219950852619,140.75705848278497,126.64373531974603
2035-07-01,Kampala,11573.29113153154,0.4988173897120534,19.0,0.0720095219202539,0.927990478079746,0.5011826102879465,1.0000305189751728,3.000045778462759,0.3152,32.5816,0.300000000000001,32.60000000000005,0.001361747727716388,-0.00021506793777650705,-0.0026016946599958257,289.6796802276282,1.4192208368930308,5.875538678592234e-05,294.74252429128023,295.40972647672453,295.4100786781976,295.54039262691765,295.97124546102697,0.2958417342439273,0.28636490572051043,0.2886279043861188,0.3134865934855821,88433.32872883204,294.83478559418637,-0.11279149427041085,1.1409224332131462,54.36788733238573,6.770999656867741,97.24411309138723,121.59612865307341
2035-08-01,Kampala,11573.29113153154,0.4988173897120534,19.0,0.0720095219202539,0.927990478079746,0.5011826102879465,1.0000305189751728,3.000045778462759,0.3152,32.5816,0.300000000000001,32.60000000000005,0.002331642050298591,-0.00038605120211170145,-0.0026315786521144673,290.1642548876213,1.4223633057038993,9.882776517201548e-05,294.95596419064793,295.6943773510657,295.5859587827728,295.61276646679056,295.79934943836037,0.30495499943492177,0.2878503546672653,0.2695719165813459,0.30268605359482637,88388.45356105945,294.9959530358788,-0.12777910489455133,0.33306052802186853,94.82877016435411,9.457551258514075,74.44565318476472,126.8585935362252
2035-09-01,Kampala,11573.29113153154,0.4988173897120534,19.0,0.0720095219202539,0.927990478079746,0.5011826102879465,1.0000305189751728,3.000045778462759,0.3152,32.5816,0.300000000000001,32.60000000000005,0.002865673262839045,-0.0003568605574124054,-0.002718479164725167,290.8901222280966,1.4252750645792693,0.00011972211357088516,295.44052302309495,296.04830132536387,295.9320895272644,295.9152826971639,295.75898569295646,0.3212432789083496,0.31269276480601393,0.2770157819490614,0.29342829520371566,88332.03358838962,295.2550518834326,0.029503674510945873,0.03352854830645151,141.41144873976813,9.006428708076792,95.06705233098755,120.89603491156913
2035-10-01,Kampala,11573.29113153154,0.4988173897120534,19.0,0.0720095219202539,0.927990478079746,0.5011826102879465,1.0000305189751728,3.000045778462759,0.3152,32.5816,0.300000000000001,32.60000000000005,0.003698157003792893,-4.5297348665777657e-05,-0.0025589268017557755,291.18311046785277,1.4237001064137431,0.00015499104054754549,295.46402406371215,296.02429353902187,296.05731407088547,296.0383392361562,295.8875201123905,0.3322395022701274,0.3200257171307531,0.2964457601340735,0.2929272557323725,88231.21904626835,295.222847056012,0.2278700985250542,-0.07895411346523304,189.698265997925,11.050352636857784,137.35419919562023,121.20065725724905
2035-11-01,Kampala,11573.29113153154,0.4988173897120534,19.0,0.0720095219202539,0.927990478079746,0.5011826102879465,1.0000305189751728,3.000045778462759,0.3152,32.5816,0.300000000000001,32.60000000000005,0.004860381402820825,0.00046522071238706294,-0.002528972492463803,291.21339447432285,1.408991874159024,0.00019939184371818165,295.36124638260134,295.99989052594765,295.8903536689654,295.95712482039335,295.9128500506451,0.34668756069447576,0.3373459989295689,0.319479855886178,0.30195559640700875,88223.55828915552,295.0874370630807,0.28640413054614694,0.3348931676645097,171.3109466986209,9.002091295397573,164.8467622311377,123.82843279319171
2035-12-01,Kampala,11573.29113153154,0.4988173897120534,19.0,0.0720095219202539,0.927990478079746,0.5011826102879465,1.0000305189751728,3.000045778462759,0.3152,32.5816,0.300000000000001,32.60000000000005,0.0032293179333429197,0.0006004496912771275,-0.002683187035953631,290.90674274125155,1.4013351519060526,0.00014069170504182998,295.3947591357603,295.9981001024516,295.9719612708635,295.91522624164713,295.8949183410096,0.33976931306961106,0.3312852292128894,0.3189212092527072,0.3135603760437136,88258.68612210947,295.4320767861567,0.20651525466527115,0.4922301610305804,122.70541819999761,9.524791980988537,159.50981080595105,133.99263222479166
2036-01-01,Kampala,11573.29113153154,0.4988173897120534,19.0,0.0720095219202539,0.927990478079746,0.5011826102879465,1.0000305189751728,3.000045778462759,0.3152,32.5816,0.300000000000001,32.60000000000005,0.002220780320467168,7.06853353050421e-05,-0.002960002510393753,290.64483365800936,1.4081055437853858,8.569474646886984e-05,296.0127728527542,296.5683477603975,296.5217358164067,296.29440839892334,295.97024900493165,0.31211562291667266,0.30283533004748986,0.2949564064802482,0.3100379563435789,88207.1591560039,296.07836765359593,0.09776016730041855,0.9553314255360806,84.8369711877913,9.003220923552098,130.84316072713668,139.52708852744144
2036-02-01,Kampala,11573.29113153154,0.4988173897120534,19.0,0.0720095219202539,0.927990478079746,0.5011826102879465,1.0000305189751728,3.000045778462759,0.3152,32.5816,0.300000000000001,32.60000000000005,0.0023329915591963494,-0.0002556994362688595,-0.0031029106121158766,290.99503840176334,1.4247688808869519,6.623609982605398e-05,296.6114591454339,297.18676603832364,297.1623405087341,296.73661474689607,296.22917973438535,0.2914648619496938,0.28080048576875477,0.2749445144746231,0.3010468884178361,88190.89102544922,296.55362068091557,0.13818281092763482,1.616413263017555,64.48600243079154,8.71505309297482,96.13671735278383,136.3594211649943
2036-03-01,Kampala,11573.29113153154,0.4988173897120534,19.0,0.0720095219202539,0.927990478079746,0.5011826102879465,1.0000305189751728,3.000045778462759,0.3152,32.5816,0.300000000000001,32.60000000000005,0.0038652595375770434,-1.757801114771399e-05,-0.0029452116593120465,291.5186321224735,1.3888877575404845,0.00010726374686748484,296.5078168303791,297.1062970875329,297.1376372285539,297.00094526699183,296.528295793121,0.318490560867157,0.30124136082273756,0.27714802101577624,0.29801131091186767,88181.68588114888,296.4582300365548,0.3213498954107714,1.6745970466099565,152.27957118884888,8.210261445178112,103.9547616491592,140.24358353167176
2036-04-01,Kampala,11573.29113153154,0.4988173897120534,19.0,0.0720095219202539,0.927990478079746,0.5011826102879465,1.0000305189751728,3.000045778462759,0.3152,32.5816,0.300000000000001,32.60000000000005,0.00596556565388607,0.0007278073992121545,-0.0025284744560887663,291.51000732780574,1.4080490867278146,0.0001783490554801943,295.47085999479157,296.1845044098539,296.273261517298,296.40631796459434,296.56645560528267,0.3518263670781978,0.34141441760283947,0.3163112347978519,0.2984524645166481,88228.7947424009,295.65231317707526,0.20041296218877164,1.8032434808445574,196.1303884759408,6.925908994938002,135.15681731473498,139.06382369457094
2036-05-01,Kampala,11573.29113153154,0.4988173897120534,19.0,0.0720095219202539,0.927990478079746,0.5011826102879465,1.0000305189751728,3.000045778462759,0.3152,32.5816,0.300000000000001,32.60000000000005,0.004267540039095657,0.0011056396333192664,-0.002581082155021464,291.2656588100864,1.5455689914816704,0.00015534597848133603,295.3223478127497,295.93369243778693,296.04928065386605,296.1286187544833,296.4003610248444,0.35255654421632193,0.3425098404399393,0.33745350396331864,0.3128839231999195,88343.65750746508,295.4999695048959,0.023480906121178823,1.776564051259987,146.09765435415824,11.086820175873614,164.60040882525448,132.79765261849494
2036-06-01,Kampala,11573.29113153154,0.4988173897120534,19.0,0.0720095219202539,0.927990478079746,0.5011826102879465,1.0000305189751728,3.000045778462759,0.3152,32.5816,0.300000000000001,32.60000000000005,0.002223760645328722,0.00045282742702117644,-0.002654544056381523,290.1308938562173,1.5399613769541076,8.421590670659542e-05,294.9500903145315,295.5184864779717,295.5874163158906,295.93162712812534,296.21184084877177,0.3239593703198962,0.3120481098180969,0.30675403926371475,0.31569412751339593,88418.08857109482,295.1624613344756,-0.062485361826744024,1.5900496989077448,73.23379444951321,7.028386328302675,140.42728447479638,123.13278617474651
2036-07-01,Kampala,11573.29113153154,0.4988173897120534,19.0,0.0720095219202539,0.927990478079746,0.5011826102879465,1.0000305189751728,3.000045778462759,0.3152,32.5816,0.300000000000001,32.60000000000005,0.0015779501802749745,-0.00016648606475623385,-0.00241890914301089,289.63905298595466,1.399581998031672,6.559165974683595e-05,294.7117293626439,295.30870218199726,295.3650146656578,295.53352542564613,295.95098229666814,0.2917447627642685,0.28438787999495535,0.28228579704337575,0.3035992567447202,88421.00466296126,294.7866382465188,-0.1184543389078365,0.8661440078452067,79.88182551838858,7.964306369912858,98.14642875118267,124.58990670449155
2036-08-01,Kampala,11573.29113153154,0.4988173897120534,19.0,0.0720095219202539,0.927990478079746,0.5011826102879465,1.0000305189751728,3.000045778462759,0.3152,32.5816,0.300000000000001,32.60000000000005,0.0022247880727853083,-0.0002964630587036227,-0.0025365021255444515,290.2139914848815,1.4576167464973964,0.00010526874330067974,295.1420592392961,295.6855152076169,295.6707368168444,295.70362227861057,295.75075320307565,0.30362579890299324,0.2835386459068445,0.2651689577699172,0.29723104099934416,88378.60938138244,294.9306544161524,-0.1380351703147808,0.3226781060746932,101.06344809533493,11.759462801545892,82.53095532564873,128.76184496960133
2036-09-01,Kampala,11573.29113153154,0.4988173897120534,19.0,0.0720095219202539,0.927990478079746,0.5011826102879465,1.0000305189751728,3.000045778462759,0.3152,32.5816,0.300000000000001,32.60000000000005,0.0030150322428559345,-0.00034956068746401704,-0.0027057183301419574,290.8808510931078,1.4441880228987773,0.00012671856941576462,295.4544076043659,295.9892847967058,295.9972500918144,295.8949962323863,295.7650600126226,0.3200668663935701,0.30797719576529387,0.2746706496705733,0.29205830818333406,88301.51881288855,295.2221423295434,0.0336871998409128,-0.10588977132745611,155.16500869599713,8.538372968705866,106.97341788442985,126.11089014481587
2036-10-01,Kampala,11573.29113153154,0.4988173897120534,19.0,0.0720095219202539,0.927990478079746,0.5011826102879465,1.0000305189751728,3.000045778462759,0.3152,32.5816,0.300000000000001,32.60000000000005,0.003929306494404283,-0.0001821820493938509,-0.002632237211782279,291.2946186544765,1.4424485678398704,0.00015575880532965155,295.59673811188765,296.17516517103087,296.0676189107854,296.04614886178393,295.87250068500117,0.33793832005548236,0.326431186659869,0.29352876550701146,0.29464370279943236,88265.01258157904,295.4394180430333,0.2216242913905861,-0.14301493078718955,150.2972688813529,8.307291353136385,133.22179460994568,120.20361910162481
2036-11-01,Kampala,11573.29113153154,0.4988173897120534,19.0,0.0720095219202539,0.927990478079746,0.5011826102879465,1.0000305189751728,3.000045778462759,0.3152,32.5816,0.300000000000001,32.60000000000005,0.00480704755673873,0.00041783488761474506,-0.0025058601438268623,291.1463205012705,1.4508279041368195,0.00018877366557135098,295.316796287454,295.91490876372274,295.86765447969464,296.01339181458275,295.9319740862028,0.3469185809636832,0.3366490766493861,0.315464564207716,0.2984399922257341,88237.06861688098,295.2553671187278,0.27409178286736047,0.26473731321622446,178.93509669675956,8.912846245448412,159.82215731188822,129.16383491861015
2036-12-01,Kampala,11573.29113153154,0.4988173897120534,19.0,0.0720095219202539,0.927990478079746,0.5011826102879465,1.0000305189751728,3.000045778462759,0.3152,32.5816,0.300000000000001,32.60000000000005,0.0031947794785484227,0.0005800574499973637,-0.0026052200515053413,290.8810616301261,1.44090501848711,0.00013836033494404334,295.42443513923536,295.9854279486883,296.0240939512394,295.9971290235568,295.90760257594366,0.3400304839049826,0.3291203430826302,0.3193224098577076,0.3054365124402761,88225.70390004448,295.53429565482116,0.21062698222889237,0.7702615991914866,130.42228836848312,9.41303174618787,152.94994108268904,133.9940297996796
2037-01-01,Kampala,11573.29113153154,0.4988173897120534,19.0,0.0720095219202539,0.927990478079746,0.5011826102879465,1.0000305189751728,3.000045778462759,0.3152,32.5816,0.300000000000001,32.60000000000005,0.0021565769692465605,5.490736380450389e-05,-0.002916945106998749,290.4524035474129,1.4784884368341933,8.453883991885882e-05,295.9507143201675,296.39828826905455,296.3278056674789,296.23001073064603,296.02778380279847,0.3088496422538246,0.29736913905872137,0.291630788916074,0.3049256483068211,88220.83259286352,296.00354632708076,0.10035711828253685,0.912751566148795,86.05675063991129,6.185685185387607,128.68466617767731,135.76803298451145
2037-02-01,Kampala,11573.29113153154,0.4988173897120534,19.0,0.0720095219202539,0.927990478079746,0.5011826102879465,1.0000305189751728,3.000045778462759,0.3152,32.5816,0.300000000000001,32.60000000000005,0.002419965195926578,-0.00021856403985670957,-0.0030046174544611846,290.87017624311164,1.4702527888934827,7.637632609631617e-05,296.5319110285891,297.1225640091041,297.023813692543,296.71585767362154,296.22563996847117,0.2944631019442525,0.27770254888987733,0.27032044275848355,0.2985607569530411,88172.22523907281,296.5027594160936,0.12797582640984184,1.3372504742310163,76.17969309392228,9.977374398756357,94.8948024960013,129.19074277065536
2037-03-01,Kampala,11573.29113153154,0.4988173897120534,19.0,0.0720095219202539,0.927990478079746,0.5011826102879465,1.0000305189751728,3.000045778462759,0.3152,32.5816,0.300000000000001,32.60000000000005,0.003994443652747308,-4.625726784579346e-05,-0.002874258354432004,291.40728846777216,1.4361483783029132,0.00010688891956259095,296.4421212967998,297.0939241123359,297.05448909494066,296.90626102543723,296.5709485603265,0.3187680789517509,0.3024915927278023,0.27620116535233374,0.2931897694719768,88180.26014599414,296.4232962299895,0.32883497289053815,1.6575253268521268,160.24627155484188,9.333581592945334,104.94071561505757,135.0873433089564
2037-04-01,Kampala,11573.29113153154,0.4988173897120534,19.0,0.0720095219202539,0.927990478079746,0.5011826102879465,1.0000305189751728,3.000045778462759,0.3152,32.5816,0.300000000000001,32.60000000000005,0.0056304215577505454,0.0006456442438218734,-0.0024815067860545887,291.5090052294431,1.4492426163230323,0.0001727362971915653,295.6193125092042,296.25373696858907,296.23711225096173,296.42070839313305,296.6183352227889,0.3472119628002291,0.33962010735178655,0.3115897333166129,0.2973359411593574,88225.70642848818,295.68387168921555,0.20211735294452518,1.8569908050282553,189.92601955042372,8.594678568133567,135.78201481301113,138.09152112857683
2037-05-01,Kampala,11573.29113153154,0.4988173897120534,19.0,0.0720095219202539,0.927990478079746,0.5011826102879465,1.0000305189751728,3.000045778462759,0.3152,32.5816,0.300000000000001,32.60000000000005,0.004502447280768877,0.001057030685294082,-0.0024810114001594763,291.2416128437903,1.5600297720792078,0.00016047010439520205,295.32886700724043,296.0294494920158,296.06114076011363,296.1004015181652,296.4535367881295,0.35035271068403157,0.3414916963190589,0.3310337691554383,0.310239338818948,88332.54690094861,295.5278763942846,0.0212127119330485,1.8229273093932317,145.3453299844401,9.718696081356486,164.08684225422027,134.82132697120994
2037-06-01,Kampala,11573.29113153154,0.4988173897120534,19.0,0.0720095219202539,0.927990478079746,0.5011826102879465,1.0000305189751728,3.000045778462759,0.3152,32.5816,0.300000000000001,32.60000000000005,0.002187309290443494,0.000326512385234681,-0.002542264142483988,290.2318527994433,1.5637276099679749,9.581378269643318e-05,295.03800076771876,295.5947220309639,295.73391420955625,295.88995393848745,296.2565073029847,0.323172047680125,0.3091938035108626,0.308033939410656,0.31093828694002484,88414.62949738518,295.1658078662569,-0.042332083879179305,1.525665120875499,77.24502492890437,11.79953228254984,136.66094151946785,124.41098545847946
2037-07-01,Kampala,11573.29113153154,0.4988173897120534,19.0,0.0720095219202539,0.927990478079746,0.5011826102879465,1.0000305189751728,3.000045778462759,0.3152,32.5816,0.300000000000001,32.60000000000005,0.0013580366743737014,-0.0002641075569511423,-0.002379725190660025,289.60370507460726,1.4410991558574895,6.322589036256198e-05,294.7497186822538,295.4214132675497,295.46133282296,295.53252004759884,295.9657826128582,0.2902049303008285,0.2804786376531013,0.2806271320540722,0.30265048460592786,88411.42914446154,294.8320021646857,-0.12515551042832657,1.0724565778498085,72.64028842068863,9.255791393956429,98.2386153830153,123.1657682112278
2037-08-01,Kampala,11573.29113153154,0.4988173897120534,19.0,0.0720095219202539,0.927990478079746,0.5011826102879465,1.0000305189751728,3.000045778462759,0.3152,32.5816,0.300000000000001,32.60000000000005,0.0021799269367231305,-0.0005107981273632354,-0.002491935071981762,290.23653151050445,1.441053832677336,9.754010567469572e-05,295.0504380302598,295.6725243576715,295.7118491606723,295.6587394496404,295.8056772383105,0.30135208279179226,0.28464305349103775,0.2661267808829392,0.2951681715374704,88385.14656953415,294.96405175436513,-0.1386135030325525,0.2826755424962005,94.44452545019232,11.798758548024718,81.08384568614656,127.73042133437505
2037-09-01,Kampala,11573.29113153154,0.4988173897120534,19.0,0.0720095219202539,0.927990478079746,0.5011826102879465,1.0000305189751728,3.000045778462759,0.3152,32.5816,0.300000000000001,32.60000000000005,0.0029479641230142103,-0.0003475650498050178,-0.002627517948141666,290.85519255537446,1.4656672581572594,0.00012108577973517025,295.4248607925663,296.0099806792211,296.0680755574987,295.8865314482931,295.76482795262916,0.3182659369788631,0.30316215495437443,0.2719991557320488,0.2897625236721193,88304.63048016258,295.23352334937596,0.02658677454731031,-0.08242324783089203,145.01130250705648,8.657295114691076,105.32641022346078,127.27117029435786
2037-10-01,Kampala,11573.29113153154,0.4988173897120534,19.0,0.0720095219202539,0.927990478079746,0.5011826102879465,1.0000305189751728,3.000045778462759,0.3152,32.5816,0.300000000000001,32.60000000000005,0.003912281218070254,-0.00011359866952068456,-0.002594056423292243,291.1640755836877,1.4488377902880505,0.00015159396292119783,295.55256730149495,296.15894622254126,296.16070262257705,296.04862542487297,295.8887002626517,0.3330511475313782,0.3177857410380644,0.28803514615024123,0.28951002596445374,88256.47667938158,295.4435755542788,0.22980865947736612,-0.0628140436007709,155.62749356263083,10.878439938562916,135.93727310244284,119.97136660006734
2037-11-01,Kampala,11573.29113153154,0.4988173897120534,19.0,0.0720095219202539,0.927990478079746,0.5011826102879465,1.0000305189751728,3.000045778462759,0.3152,32.5816,0.300000000000001,32.60000000000005,0.004553667805607103,0.0003258812851697865,-0.0024155491931232573,291.0493310010413,1.4910790954407906,0.0001912031195560933,295.33960376521,295.9744056821803,295.9496881978652,295.96490609462654,295.9735483523664,0.345626376372751,0.33852238523651934,0.31464614714885586,0.2970467922472593,88228.51824157902,295.22705062812156,0.2758554082925142,0.32214763360407894,181.2261286381449,8.919422476548071,161.82239711116637,127.22476552904917
2037-12-01,Kampala,11573.29113153154,0.4988173897120534,19.0,0.0720095219202539,0.927990478079746,0.5011826102879465,1.0000305189751728,3.000045778462759,0.3152,32.5816,0.300000000000001,32.60000000000005,0.0032017437744803214,0.0005265032827259026,-0.0025792617554291864,290.9337891176152,1.4838881759189408,0.00013744952397901007,295.5346238848218,296.1296513339553,295.97960086448956,295.8740971010864,295.9404135870218,0.334488981398046,0.32712395219229956,0.31514946299574026,0.3045475325206169,88233.24701494517,295.54293072713403,0.21290696293024416,0.6880337393539312,128.18466164825495,8.195880200087268,159.16423396574368,135.81216791790334
2038-01-01,Kampala,11573.29113153154,0.4988173897120534,19.0,0.0720095219202539,0.927990478079746,0.5011826102879465,1.0000305189751728,3.000045778462759,0.3152,32.5816,0.300000000000001,32.60000000000005,0.0023880464788599166,-4.5004991559237324e-05,-0.0028302630159832897,290.4653448324698,1.4614345901714576,7.934874419571796e-05,295.9658007384124,296.5301868234014,296.5010595887755,296.28268964272627,296.0246341597963,0.3007288687505433,0.29184978460771466,0.28708624548014494,0.3025172055930323,88202.33128552667,296.10377672191197,0.11166524717254493,0.98335986355164,89.79165762389715,7.1684024346175,131.06969349533267,137.43964044324537
2038-02-01,Kampala,11573.29113153154,0.4988173897120534,19.0,0.0720095219202539,0.927990478079746,0.5011826102879465,1.0000305189751728,3.000045778462759,0.3152,32.5816,0.300000000000001,32.60000000000005,0.0023713769210401566,-0.00032548921895934587,-0.0029871636351914924,290.84296417112034,1.4716030419105246,8.067852139144977e-05,296.5730853700121,297.15529212471637,297.05305967505643,296.74134181849024,296.244092952532,0.29118550840957597,0.27749339381204835,0.2668552235296048,0.2924634595377996,88177.22706805186,296.58178526652324,0.11222333698605459,1.4133303361165348,67.25158992500101,12.314844600818336,95.15075029833962,132.2212389782726
2038-03-01,Kampala,11573.29113153154,0.4988173897120534,19.0,0.0720095219202539,0.927990478079746,0.5011826102879465,1.0000305189751728,3.000045778462759,0.3152,32.5816,0.300000000000001,32.60000000000005,0.004102185580612083,-3.6347139132468116e-05,-0.002771135323831792,291.3345274985951,1.4802562077560233,0.00011669789488372573,296.3213685115998,297.00273530591494,296.98900545325466,296.9201977065397,296.5894122361023,0.31362422144201224,0.29713707435479825,0.2705492778863167,0.2878979587207244,88179.76029271189,296.31292773292597,0.3126349490483927,1.6345948573256517,148.90392083609066,7.919358841961483,97.55231860959773,131.81722172147602
2038-04-01,Kampala,11573.29113153154,0.4988173897120534,19.0,0.0720095219202539,0.927990478079746,0.5011826102879465,1.0000305189751728,3.000045778462759,0.3152,32.5816,0.300000000000001,32.60000000000005,0.005360313413063428,0.0006770660779098443,-0.0024919257844690174,291.32911175918736,1.4769505441590087,0.00016264063233495054,295.5941719790985,296.29108859010285,296.3640692131312,296.4588671786407,296.6282891995283,0.346775033083876,0.33692241860688893,0.3087574678192832,0.29486310790799086,88222.09970461461,295.7477393233714,0.20066198969660287,1.8615533624333438,188.9563681463283,6.571686748547089,139.17227985516809,140.03622179387045
2038-05-01,Kampala,11573.29113153154,0.4988173897120534,19.0,0.0720095219202539,0.927990478079746,0.5011826102879465,1.0000305189751728,3.000045778462759,0.3152,32.5816,0.300000000000001,32.60000000000005,0.004554925623508497,0.0011055811702582528,-0.0024268299900588454,291.1769381096928,1.5540001512862578,0.00016038585530138368,295.36453734308077,296.03338465428317,296.0838677815125,296.1451402380565,296.469077394582,0.3433263440890327,0.3392772557868465,0.32708818340726603,0.30852884471949416,88335.37751109633,295.4624979057461,0.011735459207032152,1.9656741301285132,159.59979260219714,10.398997144785387,167.70628864200472,133.63478581015482
2038-06-01,Kampala,11573.29113153154,0.4988173897120534,19.0,0.0720095219202539,0.927990478079746,0.5011826102879465,1.0000305189751728,3.000045778462759,0.3152,32.5816,0.300000000000001,32.60000000000005,0.0019904404386722726,0.0003386540423097235,-0.0024675117796319973,290.21006833609874,1.5362989736979347,9.564914177500987e-05,295.00647957023085,295.6066334139844,295.7441487489144,295.8956977749595,296.23456127570773,0.32387104876016837,0.30843413799666475,0.30449207192335903,0.3091513171918629,88406.14469684343,295.2068455389169,-0.07342251584354603,1.3142438499063578,85.28888650187764,10.754315539280835,139.44081888545173,126.81556104255243
2038-07-01,Kampala,11573.29113153154,0.4988173897120534,19.0,0.0720095219202539,0.927990478079746,0.5011826102879465,1.0000305189751728,3.000045778462759,0.3152,32.5816,0.300000000000001,32.60000000000005,0.0013421178843247943,-0.00021569265690371824,-0.002357995060840114,289.53537021728226,1.4934575121038975,6.142723288403261e-05,294.7944687646236,295.417908219218,295.4519560192103,295.6754713600346,296.00295164112157,0.29033335879190814,0.2796161249889047,0.27501002703562943,0.30149443855387875,88432.21531679165,294.9809288630293,-0.13959850985003353,1.0698646638264522,63.29779877720954,14.982430377526528,98.48548581890286,121.79824496461113
2038-08-01,Kampala,11573.29113153154,0.4988173897120534,19.0,0.0720095219202539,0.927990478079746,0.5011826102879465,1.0000305189751728,3.000045778462759,0.3152,32.5816,0.300000000000001,32.60000000000005,0.002132078772660326,-0.00048557977056236574,-0.002466493127222956,290.10815310164975,1.495448244568465,9.713387082487217e-05,295.05674035989745,295.67595548826563,295.71734749282166,295.70370694826005,295.769429816244,0.30236515131774017,0.28375459623949467,0.26093712671300384,0.2945675531373734,88385.27470713298,295.0255432021803,-0.14974064041503982,0.3282740271542255,99.0031335559526,8.893266754453123,80.245302008619,127.74660723133428
2038-09-01,Kampala,11573.29113153154,0.4988173897120534,19.0,0.0720095219202539,0.927990478079746,0.5011826102879465,1.0000305189751728,3.000045778462759,0.3152,32.5816,0.300000000000001,32.60000000000005,0.0029335859937103886,-0.00039002895000383965,-0.0025806621253557376,290.7670082664471,1.5014716325279263,0.00012225194279958456,295.4205060388014,296.076961490656,296.06560995846263,295.88006752010557,295.82571108319075,0.3187784784161,0.3000240107491519,0.2716228676314424,0.2851976153932964,88317.98480990405,295.29685787121,0.016480943219190428,-0.04965713874481338,146.7578095298051,9.822625221131496,98.14684676323691,125.57616534128148
2038-10-01,Kampala,11573.29113153154,0.4988173897120534,19.0,0.0720095219202539,0.927990478079746,0.5011826102879465,1.0000305189751728,3.000045778462759,0.3152,32.5816,0.300000000000001,32.60000000000005,0.003808829657754526,-0.00024320382896341898,-0.0024623475553427203,291.14054909190617,1.4737876143687971,0.000153197780944183,295.5349875746575,296.2040969659911,296.13802466450977,296.1067747460759,295.898705097095,0.33241297961209876,0.3146486052607973,0.28516740259554796,0.2847799236177031,88253.7507133897,295.3575676358377,0.2127883586714701,-0.13349907817642842,176.50408825540734,12.135021982041506,137.92830139773912,121.5480859791631
2038-11-01,Kampala,11573.29113153154,0.4988173897120534,19.0,0.0720095219202539,0.927990478079746,0.5011826102879465,1.0000305189751728,3.000045778462759,0.3152,32.5816,0.300000000000001,32.60000000000005,0.00469123387506422,0.0003349485788581326,-0.002393334644596758,291.0980262638683,1.4902240421467579,0.00018909927088512022,295.3964247581322,295.9915364315338,295.96784416999236,296.0125060567392,295.9773538660918,0.34467407993901344,0.33193086962985924,0.3112453946832919,0.29251300470133096,88232.11079450563,295.2261118055928,0.2564748624633225,0.3337803527519652,177.43973862440416,7.615757375766439,160.97507410587818,127.5552708428275
2038-12-01,Kampala,11573.29113153154,0.4988173897120534,19.0,0.0720095219202539,0.927990478079746,0.5011826102879465,1.0000305189751728,3.000045778462759,0.3152,32.5816,0.300000000000001,32.60000000000005,0.0029197625515241907,0.0004681251107517462,-0.0025176580770218514,290.80519960841804,1.4808657279582076,0.00014077916664104976,295.50692309132495,296.01582164576513,296.1002084982185,295.9160005529962,296.00079988895936,0.3316168011169544,0.32629993070939056,0.3140733728100901,0.3026119954649455,88233.55523507079,295.5208581773093,0.21784677158258617,0.6041358966081939,124.92209376233251,7.603851624720976,158.34604390720855,135.96398878381993
2039-01-01,Kampala,11573.29113153154,0.4988173897120534,19.0,0.0720095219202539,0.927990478079746,0.5011826102879465,1.0000305189751728,3.000045778462759,0.3152,32.5816,0.300000000000001,32.60000000000005,0.002032736050192004,-3.7669725222934855e-05,-0.002811029963187675,290.4454864521563,1.4819250320600925,8.43682396809188e-05,296.03606309665304,296.61730334666885,296.4849320556035,296.3354166248858,296.0533537788659,0.30614820752853844,0.29386698383619514,0.2876346583349739,0.2998534599249919,88217.03822395897,296.21715549360357,0.08416009336528187,0.9393806645343352,84.98740470924399,11.360418510224205,128.9527462819032,139.20612735564666
2039-02-01,Kampala,11573.29113153154,0.4988173897120534,19.0,0.0720095219202539,0.927990478079746,0.5011826102879465,1.0000305189751728,3.000045778462759,0.3152,32.5816,0.300000000000001,32.60000000000005,0.0023788885844722653,-0.0004130481338048584,-0.0029297898854641546,290.8895282803937,1.5105731347285765,6.447923202171197e-05,296.5778672576252,297.1451342973958,297.174654076703,296.83366235166255,296.2767330505913,0.2906246709836145,0.2766173469832792,0.26516178345096897,0.29199899913421523,88174.8350949768,296.6584314181917,0.12600104840576432,1.49786390322367,76.57556825264352,8.467139506825685,92.527082808501,135.00080312284103
2039-03-01,Kampala,11573.29113153154,0.4988173897120534,19.0,0.0720095219202539,0.927990478079746,0.5011826102879465,1.0000305189751728,3.000045778462759,0.3152,32.5816,0.300000000000001,32.60000000000005,0.004153514097412023,-2.321610927299326e-05,-0.0027452311831682114,291.2472881561548,1.496053607928213,0.00011694974350362654,296.24468538929847,296.9927101405877,296.9477319142546,296.86344119236605,296.5988038057985,0.3169542436689878,0.3035708921946363,0.26832465983436027,0.2811594001528875,88169.08485249296,296.28613474118936,0.31139134847771743,1.5280132898562215,155.82764037539278,8.952697299212678,100.89874716977491,130.1885153467696
2039-04-01,Kampala,11573.29113153154,0.4988173897120534,19.0,0.0720095219202539,0.927990478079746,0.5011826102879465,1.0000305189751728,3.000045778462759,0.3152,32.5816,0.300000000000001,32.60000000000005,0.005329611086733528,0.0005717578912987396,-0.0024717629050092986,291.3202214921239,1.509001928864128,0.00015564928894943285,295.74655808560664,296.28792279368037,296.34120579192984,296.50950681007026,296.649684172241,0.34182386745163745,0.3294473142978611,0.30278929675647287,0.2898452277287903,88221.35478262282,295.8973519645067,0.20658158595407633,1.9203583858157702,190.01762221335815,9.161732977709253,136.07365474771416,138.5527874567285
2039-05-01,Kampala,11573.29113153154,0.4988173897120534,19.0,0.0720095219202539,0.927990478079746,0.5011826102879465,1.0000305189751728,3.000045778462759,0.3152,32.5816,0.300000000000001,32.60000000000005,0.004533041424498384,0.0012151057065831685,-0.002385940845157526,291.1261347537193,1.5685151230496204,0.00016572921494769757,295.3873584619471,296.0004629952604,296.005020530966,296.0955948993415,296.42276856168365,0.3435394032329926,0.3341500447783063,0.3272706724572767,0.3053155068150119,88330.73143403283,295.54295293600916,-0.014832510639236476,2.0242464221838485,161.01771236613214,8.352753942824037,166.99095925960407,137.78011402636741
2039-06-01,Kampala,11573.29113153154,0.4988173897120534,19.0,0.0720095219202539,0.927990478079746,0.5011826102879465,1.0000305189751728,3.000045778462759,0.3152,32.5816,0.300000000000001,32.60000000000005,0.002160945216567094,0.00018036731157343807,-0.0023467442429192086,290.3755997047301,1.5586991086564752,9.485122028774191e-05,295.1051028209092,295.6690016331209,295.79205103954064,295.9648908853393,296.2757731946775,0.3233822837496518,0.31266360554159595,0.3014173475372891,0.30711764455913027,88398.79198668011,295.21812780989353,-0.03682723160731103,1.1415796785836803,94.34677565447515,11.861380135807895,143.1929307531019,129.22880676903023
2039-07-01,Kampala,11573.29113153154,0.4988173897120534,19.0,0.0720095219202539,0.927990478079746,0.5011826102879465,1.0000305189751728,3.000045778462759,0.3152,32.5816,0.300000000000001,32.60000000000005,0.0012576708849117806,-0.0004146517570666865,-0.002358476257580047,289.4690547953733,1.532553946471339,5.255044230628204e-05,294.800892652122,295.49964355014924,295.4752809113368,295.67548201816925,295.9984558189269,0.28809687878613877,0.28021054671408546,0.279800974270577,0.29993607663677446,88430.33890442816,295.0357765795917,-0.1554621665293311,1.0880857518701696,58.89859924211953,10.096322047607465,96.4883323332842,122.72999832925271
2039-08-01,Kampala,11573.29113153154,0.4988173897120534,19.0,0.0720095219202539,0.927990478079746,0.5011826102879465,1.0000305189751728,3.000045778462759,0.3152,32.5816,0.300000000000001,32.60000000000005,0.002014537669382471,-0.0005093569089962904,-0.002392560123073055,290.01815674570094,1.5282711271907536,9.361033071265154e-05,295.0589882301066,295.64723889748143,295.7063236427484,295.6925468803079,295.88329967322903,0.29959598511800456,0.27962818084401014,0.2592537304266881,0.2900832742045351,88385.07720684458,294.96204099946385,-0.14630135286024798,0.33772190939056684,97.1966118388921,8.632011916768164,82.66908011117134,127.17991785181943
2039-09-01,Kampala,11573.29113153154,0.4988173897120534,19.0,0.0720095219202539,0.927990478079746,0.5011826102879465,1.0000305189751728,3.000045778462759,0.3152,32.5816,0.300000000000001,32.60000000000005,0.0026625379812663967,-0.0005342075472800912,-0.002494189529090274,290.73172463813785,1.512180790117186,0.00012556319261287,295.47362892868034,296.0676126887719,296.0472298361403,295.91848366319255,295.8124425444323,0.3194589133250367,0.2982074921937986,0.2673420092862642,0.28261040869767207,88326.1695878056,295.3775485463963,0.02034980483655362,0.07427218677179476,137.15369429793762,10.398919806632502,100.10853556392495,123.73577010862205
2039-10-01,Kampala,11573.29113153154,0.4988173897120534,19.0,0.0720095219202539,0.927990478079746,0.5011826102879465,1.0000305189751728,3.000045778462759,0.3152,32.5816,0.300000000000001,32.60000000000005,0.0037712882977194583,-0.00022137763296628348,-0.0023946502935519327,290.9795997399177,1.5267069086547715,0.00015203894346486226,295.5039279764131,296.1456815037804,296.1425745935694,296.11049468532565,295.970061123798,0.32602824369668015,0.31622015471529585,0.28357721563494387,0.27961332064291555,88240.57796418668,295.3433099715899,0.2175654148374156,-0.07092138201981232,188.06143650940308,5.515599874094692,139.32820212041915,122.75363543986636
2039-11-01,Kampala,11573.29113153154,0.4988173897120534,19.0,0.0720095219202539,0.927990478079746,0.5011826102879465,1.0000305189751728,3.000045778462759,0.3152,32.5816,0.300000000000001,32.60000000000005,0.004550191709326868,0.00036440290655977375,-0.002307150500019729,291.13396051416015,1.5052007039133635,0.0001959025468106323,295.4159183142107,296.06859021649024,295.9158253768392,296.0169893883594,296.0232083825478,0.34010038301790674,0.3289735479711885,0.3090058883304824,0.290617356316218,88220.97042480986,295.22102323711096,0.2715404080624254,0.27962545384052134,179.06028120828034,10.940146605597104,164.575291027404,128.01044469265713
2039-12-01,Kampala,11573.29113153154,0.4988173897120534,19.0,0.0720095219202539,0.927990478079746,0.5011826102879465,1.0000305189751728,3.000045778462759,0.3152,32.5816,0.300000000000001,32.60000000000005,0.0029813467983053304,0.0004761907255140147,-0.002463431081792919,290.7527792561662,1.5007479655469156,0.00014098241379698095,295.4953635348146,296.08630324827516,295.9933020371205,296.04171721606855,295.95677597828586,0.3353770464295513,0.3229960216121407,0.3108919921151166,0.3015994395107231,88245.4635832975,295.5973012656525,0.20575798929312603,0.5554777864673076,129.63661522826703,12.380338726128292,161.66697323140076,134.69151513090475
2040-01-01,Kampala,11573.29113153154,0.4988173897120534,19.0,0.0720095219202539,0.927990478079746,0.5011826102879465,1.0000305189751728,3.000045778462759,0.3152,32.5816,0.300000000000001,32.60000000000005,0.002090272828043826,-7.301188000506034e-05,-0.002736828329799826,290.49810026027126,1.526906584465869,8.181407614571156e-05,296.0230440037733,296.57863390185014,296.58223563695947,296.3441719781089,296.0590574234161,0.30283787364862097,0.29242683075680875,0.28115294819523556,0.2983754428970449,88211.21946139062,296.2064930336828,0.09820755365870557,0.9064219873096873,84.22801051571118,7.827873568782861,125.70392334349178,141.4094197201958
2040-02-01,Kampala,11573.29113153154,0.4988173897120534,19.0,0.0720095219202539,0.927990478079746,0.5011826102879465,1.0000305189751728,3.000045778462759,0.3152,32.5816,0.300000000000001,32.60000000000005,0.002215163200916225,-0.00029392507983015865,-0.00284116748052472,290.86659922003,1.517139432918029,6.360248463103102e-05,296.6716435174786,297.2209206172117,297.18901670081215,296.7740994042889,296.2838324254246,0.28528194810181234,0.2730507962520926,0.26720393616489385,0.2877507228054029,88174.4785793835,296.72782488559744,0.13136437383389596,1.609307678425865,69.94892268633527,12.48214093678529,91.11530567005224,136.14897262197292
2040-03-01,Kampala,11573.29113153154,0.4988173897120534,19.0,0.0720095219202539,0.927990478079746,0.5011826102879465,1.0000305189751728,3.000045778462759,0.3152,32.5816,0.300000000000001,32.60000000000005,0.003814391950312019,-5.6122575663433374e-05,-0.0027423309843294264,291.35521728182766,1.5128675062272967,9.760036394704725e-05,296.5967407737712,297.21134561600616,297.17059674717075,297.05011512970054,296.5948152532854,0.3088258223232698,0.29298354639641816,0.2632511129981481,0.2839274542016108,88176.20585594692,296.6328017777672,0.3092049499190189,1.6562188904811606,153.05560383482427,11.89302338158237,105.19450793486732,143.44187097097296
2040-04-01,Kampala,11573.29113153154,0.4988173897120534,19.0,0.0720095219202539,0.927990478079746,0.5011826102879465,1.0000305189751728,3.000045778462759,0.3152,32.5816,0.300000000000001,32.60000000000005,0.0058679566576638744,0.0006557967282392301,-0.0023346164533273434,291.396050894084,1.4685282130137758,0.0001730635095007238,295.6162061343225,296.2057898355884,296.2962529690749,296.51122536259476,296.7337779740191,0.34332470110881513,0.33297560406121507,0.30677143213726565,0.28776152367130464,88226.16349729033,295.7687646492397,0.19545099595746904,1.8411127671998746,198.4871129040289,11.897925852219203,137.76569661781303,142.0052171837549
2040-05-01,Kampala,11573.29113153154,0.4988173897120534,19.0,0.0720095219202539,0.927990478079746,0.5011826102879465,1.0000305189751728,3.000045778462759,0.3152,32.5816,0.300000000000001,32.60000000000005,0.004196556753463751,0.0009533316175838232,-0.0023604918451739986,291.11585610242605,1.6279790054880052,0.0001560460396564024,295.4630672621036,295.99177802531426,296.0850818173285,296.24991569811317,296.51563053421995,0.3452814517885758,0.33562964993952155,0.321723839984294,0.2996999171894723,88329.51413284994,295.5909610686479,-0.010600181814716638,1.7451064721622436,145.44201804533674,7.4607429200791495,166.66632312355844,133.98865162508216
2040-06-01,Kampala,11573.29113153154,0.4988173897120534,19.0,0.0720095219202539,0.927990478079746,0.5011826102879465,1.0000305189751728,3.000045778462759,0.3152,32.5816,0.300000000000001,32.60000000000005,0.0019319814453400488,0.00026284427614503694,-0.0024151501093467413,289.98168331243505,1.6340618553813784,8.07426336861797e-05,294.94683082554576,295.6910782212721,295.7203704826287,295.92102185012254,296.3318440227932,0.313020408661614,0.30679404352031947,0.29997589834233546,0.29997129552321056,88410.32030514727,295.3048225246319,-0.05595443190815205,1.659313554877789,71.96915628887402,12.089962073732714,137.08162785857016,126.17391252959048
2040-07-01,Kampala,11573.29113153154,0.4988173897120534,19.0,0.0720095219202539,0.927990478079746,0.5011826102879465,1.0000305189751728,3.000045778462759,0.3152,32.5816,0.300000000000001,32.60000000000005,0.0012299093947124068,-0.0003116234317490021,-0.0021750023492850463,289.48596195010697,1.5182814853307558,6.586127532056207e-05,294.8004112280286,295.40956751013766,295.55730291540345,295.5720027090325,296.0312672813971,0.28436184996683256,0.2751221284318442,0.2744659606265789,0.2964938630050925,88419.11270536123,294.91970511971755,-0.12438293445892552,0.9405670297738414,83.06601940416908,12.454358972050803,101.16213283292618,125.75165537613205
2040-08-01,Kampala,11573.29113153154,0.4988173897120534,19.0,0.0720095219202539,0.927990478079746,0.5011826102879465,1.0000305189751728,3.000045778462759,0.3152,32.5816,0.300000000000001,32.60000000000005,0.0019744023240083606,-0.000499216883463117,-0.0022438310772757647,290.13344779454025,1.5250221452487818,9.344466930286652e-05,295.11909849769893,295.7833376231494,295.7523982528772,295.7343165128135,295.8044955200894,0.2961349870382093,0.27457738772062823,0.2554144982267022,0.28751262096754115,88380.6752067616,295.04552689955915,-0.14247965937237012,0.28686131895463735,106.89696323672452,9.834793683479779,82.46489547010587,129.69711652962846
2040-09-01,Kampala,11573.29113153154,0.4988173897120534,19.0,0.0720095219202539,0.927990478079746,0.5011826102879465,1.0000305189751728,3.000045778462759,0.3152,32.5816,0.300000000000001,32.60000000000005,0.00292489202471018,-0.0005211763849464775,-0.0024160128818793624,290.6954715553376,1.5279465068431075,0.0001236385411776289,295.52351962827987,296.1296841842538,296.0787906157807,295.94917476363497,295.8017580476467,0.31453081640145375,0.2970629947844897,0.2621259727563527,0.27885083115485965,88302.93946496905,295.30068644554405,0.015063868990123448,-0.0892547036153796,155.67956913119306,5.496788517469689,113.15816626629096,128.89466052422932
2040-10-01,Kampala,11573.29113153154,0.4988173897120534,19.0,0.0720095219202539,0.927990478079746,0.5011826102879465,1.0000305189751728,3.000045778462759,0.3152,32.5816,0.300000000000001,32.60000000000005,0.003831420345985176,-0.0002781703955607843,-0.0024641550663496384,291.04203118875336,1.5312378749721782,0.0001489252124451539,295.7072960135364,296.29720444369053,296.1880487943956,296.1560197043169,295.9615054506854,0.3312345370026482,0.31372688703733675,0.284693470312405,0.27951558611169103,88260.08879196394,295.504751351556,0.22383375116472495,-0.06114169333500772,147.19491259322012,15.47398788370619,134.29023472867027,122.35227428910694
2040-11-01,Kampala,11573.29113153154,0.4988173897120534,19.0,0.0720095219202539,0.927990478079746,0.5011826102879465,1.0000305189751728,3.000045778462759,0.3152,32.5816,0.300000000000001,32.60000000000005,0.004503344920484181,0.00023439259216423278,-0.002263454272447663,290.9970054430456,1.5591620794946097,0.00018603442831162777,295.38809674303104,295.9720456420354,296.0709303755425,296.0795795977844,296.06174559542944,0.3422973797887902,0.32715525708315824,0.3071642684596359,0.28742783349966755,88237.58934867496,295.3445433276977,0.27028140222724567,0.398612172756325,188.59393416175342,11.28373234710353,163.96395211370364,129.7745601348797
2040-12-01,Kampala,11573.29113153154,0.4988173897120534,19.0,0.0720095219202539,0.927990478079746,0.5011826102879465,1.0000305189751728,3.000045778462759,0.3152,32.5816,0.300000000000001,32.60000000000005,0.0029283796411698686,0.0004404283351104276,-0.002392641087962833,290.7539639951395,1.5584502610292945,0.0001342990672822286,295.5386672039709,296.04934126333563,296.06019530349045,296.024798121588,296.0038450513973,0.3289286243697323,0.3209824330102488,0.30952948401910824,0.293347767552533,88222.40665804376,295.61894687366345,0.18893105428816873,0.8213893834620117,127.30467282600819,9.477510471542125,154.5965428134377,137.99824527157477
2041-01-01,Kampala,11573.29113153154,0.4988173897120534,19.0,0.0720095219202539,0.927990478079746,0.5011826102879465,1.0000305189751728,3.000045778462759,0.3152,32.5816,0.300000000000001,32.60000000000005,0.002048825115464537,-2.6646390806154563e-05,-0.002647167791819448,290.2540683341738,1.564817584566391,8.144250925683932e-05,295.9184940436534,296.6203955703161,296.47947643011844,296.36753144971516,296.07042908773565,0.29449749293739796,0.284494445996702,0.2822995095211413,0.291949889846,88217.11521465708,296.1441171887335,0.09677373478547943,0.9953133403871829,84.3598940572925,10.219828575485462,132.24088481884914,136.8017255433699
2041-02-01,Kampala,11573.29113153154,0.4988173897120534,19.0,0.0720095219202539,0.927990478079746,0.5011826102879465,1.0000305189751728,3.000045778462759,0.3152,32.5816,0.300000000000001,32.60000000000005,0.0021809328750322775,-0.00033471088280103757,-0.002781413163021883,290.7209325548508,1.555171900299909,7.306177742613987e-05,296.66438862678115,297.25036817327583,297.1545590803991,296.7896906742955,296.36258324956526,0.28753121321707825,0.26855888771697917,0.2570473422522167,0.2855934474275022,88179.39771132132,296.70378890229836,0.1350326142047106,1.3364846065393925,79.50167742627941,14.513380942543169,95.4184439624131,132.53662089340455
2041-03-01,Kampala,11573.29113153154,0.4988173897120534,19.0,0.0720095219202539,0.927990478079746,0.5011826102879465,1.0000305189751728,3.000045778462759,0.3152,32.5816,0.300000000000001,32.60000000000005,0.00387211441948686,-0.0001473688155462978,-0.0026585761026313177,291.284729879382,1.5457043776518875,0.00010462635239644275,296.5081184088273,297.21652937520633,297.07803264018986,296.9719840938942,296.5792695515983,0.309895928217837,0.29457183475439874,0.2632970459197177,0.27876532210113947,88179.31418268349,296.47707739703804,0.30326857715595745,1.7042446866826253,148.62455369072978,12.829725559331909,102.22982549883055,138.66413435332166
2041-04-01,Kampala,11573.29113153154,0.4988173897120534,19.0,0.0720095219202539,0.927990478079746,0.5011826102879465,1.0000305189751728,3.000045778462759,0.3152,32.5816,0.300000000000001,32.60000000000005,0.005315103596484891,0.0005991458553829984,-0.002322964422065589,291.2995725125696,1.5445641535339918,0.00016506942716311773,295.7364873864981,296.38075074562533,296.3662624237993,296.4969590110754,296.68248403992783,0.3420557608657047,0.33048082138294493,0.3038067183259878,0.28339971496079763,88228.99602113033,295.84420827894263,0.21093472007537256,1.8386136542939122,190.1403199996315,8.26403731388398,141.05359562129695,140.86308170041178
2041-05-01,Kampala,11573.29113153154,0.4988173897120534,19.0,0.0720095219202539,0.927990478079746,0.5011826102879465,1.0000305189751728,3.000045778462759,0.3152,32.5816,0.300000000000001,32.60000000000005,0.004222666089036595,0.0009646126481190376,-0.0023190838928896984,291.047065920583,1.6664235070616762,0.00015557179486793687,295.4376420525865,296.05233210752255,296.0657548618791,296.22511293404494,296.5232710934814,0.34280336614027523,0.3305684665031703,0.31977182807661764,0.29951534166376537,88330.08606491395,295.6596267232167,0.021722330914257466,1.8046406746352404,146.34287423564123,15.415090140439318,163.05478806679022,135.1502971192812
2041-06-01,Kampala,11573.29113153154,0.4988173897120534,19.0,0.0720095219202539,0.927990478079746,0.5011826102879465,1.0000305189751728,3.000045778462759,0.3152,32.5816,0.300000000000001,32.60000000000005,0.0018951698175268773,0.0001447350908552387,-0.002308212629324577,289.99615848223254,1.6406150652250178,8.061306896961588e-05,295.1221223489236,295.7681012806713,295.7396730272991,296.0155910901494,296.35092846906895,0.31384659951822896,0.30751641237934685,0.2924327303784947,0.2986540506698665,88401.83856924891,295.3061726055858,-0.06454973346880297,1.4436096422339522,80.19468819237899,10.266061611586538,139.01638580142375,126.11790221535092
2041-07-01,Kampala,11573.29113153154,0.4988173897120534,19.0,0.0720095219202539,0.927990478079746,0.5011826102879465,1.0000305189751728,3.000045778462759,0.3152,32.5816,0.300000000000001,32.60000000000005,0.0011429822957210324,-0.00027061030051623626,-0.0021728351134501153,289.3767440124738,1.5515825067203346,6.25590257201946e-05,294.806383852552,295.5090512037501,295.5058997331869,295.6215893178224,296.04007725000355,0.2805463331537549,0.27299785805487586,0.2707122436862209,0.2921172861624428,88410.25697914026,295.0051246546061,-0.12639561457578158,1.0110446706518001,72.69858536677238,12.992838590611795,97.75009903861755,124.09522832177643
2041-08-01,Kampala,11573.29113153154,0.4988173897120534,19.0,0.0720095219202539,0.927990478079746,0.5011826102879465,1.0000305189751728,3.000045778462759,0.3152,32.5816,0.300000000000001,32.60000000000005,0.0021141870325973792,-0.0004312248495684304,-0.002298243572168391,290.0557388978198,1.5573412801486832,9.12192489504079e-05,295.1329272151906,295.8329523158047,295.765096921708,295.71343444367585,295.86904933210474,0.29471602848554673,0.2741869565455186,0.2537803682571032,0.2843686768020879,88379.25388339443,295.1879411185142,-0.16248150212952367,0.2706775387200246,103.00789168528772,13.655930395429994,82.27084877420201,129.43375639263812
2041-09-01,Kampala,11573.29113153154,0.4988173897120534,19.0,0.0720095219202539,0.927990478079746,0.5011826102879465,1.0000305189751728,3.000045778462759,0.3152,32.5816,0.300000000000001,32.60000000000005,0.002630967955915192,-0.0005338859916151408,-0.0024057244231134216,290.6581489546402,1.530386657488809,0.00012164975111087604,295.550127297492,296.1672167618492,296.1096312955105,296.01958169644325,295.8453744978411,0.31380963040755244,0.29115783563904274,0.2604844086854062,0.27797226127545144,88308.8434988511,295.43126038975555,0.021009329680081786,-0.007167829278276603,147.5562315419715,10.679855830625199,105.19959557303652,128.1806115962689
2041-10-01,Kampala,11573.29113153154,0.4988173897120534,19.0,0.0720095219202539,0.927990478079746,0.5011826102879465,1.0000305189751728,3.000045778462759,0.3152,32.5816,0.300000000000001,32.60000000000005,0.0037547105324190664,-0.00030056258591778883,-0.0023477189175845235,291.0605515837474,1.5394474643753646,0.0001499481038726009,295.64117532419004,296.192093468838,296.22618556330036,296.19511216468857,295.9461186213529,0.32586333462494343,0.3172195069574605,0.27763810963662255,0.2767581079636045,88246.85787955596,295.5208927230522,0.21325149451419373,-0.026903094724905187,164.76644224121645,10.327875937863116,135.5198876034747,121.11946926712541
2041-11-01,Kampala,11573.29113153154,0.4988173897120534,19.0,0.0720095219202539,0.927990478079746,0.5011826102879465,1.0000305189751728,3.000045778462759,0.3152,32.5816,0.300000000000001,32.60000000000005,0.004338643173598628,0.00018448388480684394,-0.0021972077285296746,290.96060659053023,1.560346329199072,0.00018579916944327856,295.4130617475063,295.9976501844414,296.03232104768574,296.0536506031973,296.0559732368701,0.3398561322492305,0.3257178983165377,0.30314948987313495,0.28290742456288925,88241.38151932412,295.3475714991572,0.26154949228718166,0.2815353082458472,183.9618137859757,12.039900565406468,164.03500482390723,128.57686809001808
2041-12-01,Kampala,11573.29113153154,0.4988173897120534,19.0,0.0720095219202539,0.927990478079746,0.5011826102879465,1.0000305189751728,3.000045778462759,0.3152,32.5816,0.300000000000001,32.60000000000005,0.002997383820065347,0.00045570365197487677,-0.0023260947627206647,290.7046768878641,1.5687200756440474,0.0001374605029869023,295.55950821304884,296.1513008149127,296.0988609227746,296.0682814361326,296.0534471787871,0.3241685030716453,0.3187090675009046,0.3054447407354659,0.29323690831665994,88243.85996373654,295.6158754346521,0.2142514888098241,0.7400874715567636,128.91854993879946,9.605534979783956,155.8915006016467,135.24491848640687
2042-01-01,Kampala,11573.29113153154,0.4988173897120534,19.0,0.0720095219202539,0.927990478079746,0.5011826102879465,1.0000305189751728,3.000045778462759,0.3152,32.5816,0.300000000000001,32.60000000000005,0.001959820770857647,-5.014800161674771e-05,-0.00262182215766867,290.3103653676415,1.5683568401914505,8.069605897560382e-05,296.06843045083406,296.6517428869949,296.5192589443278,296.33788114064805,296.1107154853093,0.2970817421497527,0.2828123756308301,0.28107926999437294,0.2887761898504453,88209.22336728401,296.16314788709326,0.09677438112931727,1.0131913131497512,89.0510785608699,11.11507906501629,131.22725499174143,138.89682657511054
2042-02-01,Kampala,11573.29113153154,0.4988173897120534,19.0,0.0720095219202539,0.927990478079746,0.5011826102879465,1.0000305189751728,3.000045778462759,0.3152,32.5816,0.300000000000001,32.60000000000005,0.0020603317747880812,-0.00025394174853530274,-0.0027219190116289193,290.65411645278215,1.5603572240556707,7.330237672413813e-05,296.72529357163035,297.28877593881816,297.20175733246026,296.8486205811186,296.36481910846214,0.28253774862577974,0.26534354714717223,0.25977966617403936,0.28156909831273697,88179.44221798333,296.7510589374177,0.11774989301482562,1.431871085485601,70.5981850112396,9.181264638978542,94.54931361090203,134.66304557939037
2042-03-01,Kampala,11573.29113153154,0.4988173897120534,19.0,0.0720095219202539,0.927990478079746,0.5011826102879465,1.0000305189751728,3.000045778462759,0.3152,32.5816,0.300000000000001,32.60000000000005,0.003950566918129957,-0.00015770768016834465,-0.0025655274189127714,291.1759632130111,1.5700441221517945,0.00010436935411657422,296.4647732829552,297.098511321243,297.05447222641436,297.0427917427892,296.59857114558866,0.31118949115743766,0.28684071087751817,0.2610229181477451,0.2754317039835721,88167.95269267668,296.5459593352698,0.3044612831489182,1.659599488425575,158.92989660910976,7.241109307634055,105.07594999234465,134.27454737465158
2042-04-01,Kampala,11573.29113153154,0.4988173897120534,19.0,0.0720095219202539,0.927990478079746,0.5011826102879465,1.0000305189751728,3.000045778462759,0.3152,32.5816,0.300000000000001,32.60000000000005,0.005262928145539605,0.0005227676148884895,-0.0022770225701936155,291.2009270053491,1.5769485905112228,0.00015704686498754214,295.76009430860387,296.35158677058797,296.4343764955123,296.5470699945629,296.707211267985,0.3392967315058559,0.32469981554564353,0.29311943063903667,0.2801882053431119,88220.87166603842,295.89184337476496,0.19107167649312404,1.8906931347130669,192.43565534309388,13.874272986966337,137.94066769835436,141.0915503525724
2042-05-01,Kampala,11573.29113153154,0.4988173897120534,19.0,0.0720095219202539,0.927990478079746,0.5011826102879465,1.0000305189751728,3.000045778462759,0.3152,32.5816,0.300000000000001,32.60000000000005,0.004270853369496833,0.0009320831806051542,-0.002205532757747033,291.01315312820094,1.6653165692077807,0.0001566049774790275,295.42807543731334,296.10953174916307,296.0904394863211,296.2343928617168,296.5265538619683,0.33850117420176146,0.3275403848696284,0.31723694670674946,0.2930463426640626,88336.69746010019,295.72034800823496,0.004623288756365517,1.9067858444014223,155.96887219752404,9.116364222387643,166.53972660906194,135.07218291359933
2042-06-01,Kampala,11573.29113153154,0.4988173897120534,19.0,0.0720095219202539,0.927990478079746,0.5011826102879465,1.0000305189751728,3.000045778462759,0.3152,32.5816,0.300000000000001,32.60000000000005,0.00195979722370604,0.00012271631456491257,-0.0021932831846712317,290.08688279194644,1.638554993160381,9.023733721439487e-05,295.0772204898494,295.8015439129347,295.7651598461432,295.97322609267434,296.3457190925976,0.3126948998470287,0.30252944737373744,0.290877501578045,0.29589293191395466,88414.02732301062,295.31755996344145,-0.050624008667714826,1.3701734345075471,91.75510819545858,11.54945355081604,143.00049946348187,127.13476205114165
2042-07-01,Kampala,11573.29113153154,0.4988173897120534,19.0,0.0720095219202539,0.927990478079746,0.5011826102879465,1.0000305189751728,3.000045778462759,0.3152,32.5816,0.300000000000001,32.60000000000005,0.0009245794869703288,-0.00035954371956448415,-0.0021236323174097,289.40017465670616,1.585451562219989,5.598860167615701e-05,294.9326413532639,295.54746800719045,295.49789996237394,295.6775611474414,296.11394016855735,0.2817121886041796,0.2702974305623209,0.2691867199023593,0.2897992856211762,88413.70465440262,295.09893559383806,-0.1310689769494945,1.0780926399998554,65.81752774751422,8.148463079135775,96.94961922407211,122.88216167659475
2042-08-01,Kampala,11573.29113153154,0.4988173897120534,19.0,0.0720095219202539,0.927990478079746,0.5011826102879465,1.0000305189751728,3.000045778462759,0.3152,32.5816,0.300000000000001,32.60000000000005,0.0019335665918566007,-0.0005664004730916027,-0.002235111055780777,289.94308106468526,1.5860508495397125,9.415846766314352e-05,295.1556317674557,295.75410582244626,295.76539885772115,295.7716887203715,295.93806857306384,0.2940427388779794,0.2757844126102286,0.25240689144631173,0.2805396457232723,88382.37691488591,295.17226610485886,-0.14927158500864757,0.3497662744340647,97.8562601292404,11.754754277424087,78.50023446844862,131.2531519682598
2042-09-01,Kampala,11573.29113153154,0.4988173897120534,19.0,0.0720095219202539,0.927990478079746,0.5011826102879465,1.0000305189751728,3.000045778462759,0.3152,32.5816,0.300000000000001,32.60000000000005,0.0026803172957567643,-0.000601612969402767,-0.0023409474905256196,290.61779432305764,1.581677487690909,0.00011658475852590666,295.5588691060766,296.1522455838758,296.1205370506815,296.0037361247819,295.95985189872664,0.31106248990399665,0.2922392674759627,0.25900529597877014,0.2735853587745241,88313.40284498328,295.424178716174,0.019570544781835193,0.10543684483412272,149.5734957584548,8.754323175267647,97.73407757383481,125.86130512555415
2042-10-01,Kampala,11573.29113153154,0.4988173897120534,19.0,0.0720095219202539,0.927990478079746,0.5011826102879465,1.0000305189751728,3.000045778462759,0.3152,32.5816,0.300000000000001,32.60000000000005,0.003739607824627256,-0.0003769092855348177,-0.002244153893608624,290.95106407895145,1.5808040701261443,0.00014218104789587416,295.59471427055064,296.2276827777324,296.2429684185881,296.1623937497632,295.97655778025745,0.32196538792978074,0.3074389411265772,0.2788182627333909,0.27141528934668835,88248.58058834441,295.4887985040442,0.2166342773885427,-0.10886633693579545,180.4465726988105,11.4949014764108,137.52756721221223,124.92708948733674
2042-11-01,Kampala,11573.29113153154,0.4988173897120534,19.0,0.0720095219202539,0.927990478079746,0.5011826102879465,1.0000305189751728,3.000045778462759,0.3152,32.5816,0.300000000000001,32.60000000000005,0.004522078581378625,0.0001635820237851981,-0.002153158783703297,290.99517584150124,1.585330690539957,0.00018705698257650362,295.45300841864116,296.07977189047097,296.0214546232443,296.08073252072495,296.0566884007184,0.33678651371195284,0.3202295134906255,0.2999551840129591,0.27934810566796064,88231.46235525596,295.4041540932895,0.27369860082266373,0.27425991038034225,180.14975051080225,12.823059797802696,167.21361892196794,130.78633987270788
2042-12-01,Kampala,11573.29113153154,0.4988173897120534,19.0,0.0720095219202539,0.927990478079746,0.5011826102879465,1.0000305189751728,3.000045778462759,0.3152,32.5816,0.300000000000001,32.60000000000005,0.002844613814145264,0.0003481161293496275,-0.0022916810584189045,290.59581306530504,1.5778905241878256,0.00013532121676788371,295.6243166831562,296.15955741523686,296.1437343301022,296.0354682378719,296.0482277086365,0.32606339699458303,0.31599726748470336,0.3032946520979719,0.2901741949588264,88243.36300231659,295.6358445922292,0.19314707621468077,0.6795311537609832,130.44697472382015,12.780352364826129,157.55980499354246,136.85829097222148
2043-01-01,Kampala,11573.29113153154,0.4988173897120534,19.0,0.0720095219202539,0.927990478079746,0.5011826102879465,1.0000305189751728,3.000045778462759,0.3152,32.5816,0.300000000000001,32.60000000000005,0.0018049519899046708,-0.00017271330984468806,-0.0025620221324616755,290.3311859805811,1.5882438793941454,7.29879426263694e-05,296.102894932531,296.6719522178307,296.6436164029629,296.3866549899305,296.1354987252597,0.2953345789320395,0.2855236197902837,0.275313085189139,0.2866897613445198,88210.97790141386,296.3529103528298,0.10166501075263466,0.961533620957612,85.32993653475448,12.655709018586355,127.72952413699706,139.4760395173741
2043-02-01,Kampala,11573.29113153154,0.4988173897120534,19.0,0.0720095219202539,0.927990478079746,0.5011826102879465,1.0000305189751728,3.000045778462759,0.3152,32.5816,0.300000000000001,32.60000000000005,0.002056074125815994,-0.0005362088226200586,-0.0026831726780780834,290.70329588452034,1.6016160377468585,6.0505293421689416e-05,296.733407552038,297.2510567927258,297.2538995174064,296.95112158481976,296.36942489420085,0.28309683502021543,0.26356062470644315,0.2567543617274679,0.27841037815097586,88178.11820398203,296.8580513815875,0.13852385797764363,1.5394018182045763,75.38470829222749,8.941770822439016,94.46336698966164,135.86840314367785
2043-03-01,Kampala,11573.29113153154,0.4988173897120534,19.0,0.0720095219202539,0.927990478079746,0.5011826102879465,1.0000305189751728,3.000045778462759,0.3152,32.5816,0.300000000000001,32.60000000000005,0.00393078948530793,-0.00017733878552327018,-0.0025053285006268536,291.00704440197234,1.6052115284378994,0.00011099165447717681,296.36276172266855,297.10134650244976,296.99468199832774,296.94977468934064,296.69086506809356,0.30896126052245665,0.2870695780107841,0.2600434456237546,0.2727008933178183,88171.90038003853,296.4460586297973,0.31626400778942587,1.535416867621924,160.03672977656413,10.883378745525274,99.43401238566695,130.00164804824072
2043-04-01,Kampala,11573.29113153154,0.4988173897120534,19.0,0.0720095219202539,0.927990478079746,0.5011826102879465,1.0000305189751728,3.000045778462759,0.3152,32.5816,0.300000000000001,32.60000000000005,0.005040675315220374,0.00045192069072038456,-0.002271313432944956,291.1753128232677,1.608332384919714,0.0001518876824562663,295.8453083592375,296.4064484601661,296.47719436077267,296.589684661168,296.73324768634916,0.33537461264945767,0.3211042640732802,0.2949601669360326,0.275208563326407,88217.82174110945,296.0094410554385,0.1964638369828798,1.9810183016640595,195.13649288238182,10.613893270645027,135.67895151548532,137.9879160795494
2043-05-01,Kampala,11573.29113153154,0.4988173897120534,19.0,0.0720095219202539,0.927990478079746,0.5011826102879465,1.0000305189751728,3.000045778462759,0.3152,32.5816,0.300000000000001,32.60000000000005,0.004651416165081873,0.0009808394149169346,-0.0021401209671412747,290.97037764714315,1.6534172497262245,0.00016051394880553074,295.4935523463095,296.12227950031195,296.1280446200863,296.19788118444814,296.5281775692467,0.3363096265612874,0.3288460083582558,0.3150368518092012,0.29411545559732954,88323.43896719118,295.7108699404359,0.0017159450200881308,2.0144617529806244,165.99813844917156,15.29773590888904,166.8614024975869,139.06046456752674
2043-06-01,Kampala,11573.29113153154,0.4988173897120534,19.0,0.0720095219202539,0.927990478079746,0.5011826102879465,1.0000305189751728,3.000045778462759,0.3152,32.5816,0.300000000000001,32.60000000000005,0.002024706512840889,0.0001945641024711633,-0.0021062060177983602,290.22963315229555,1.644033190645446,9.293542986743077e-05,295.1705175144803,295.79849960411497,295.75680398046933,296.0036303822983,296.35908775920916,0.31352862785972924,0.29775459495800805,0.2928066925992822,0.29507910251841446,88396.7800902018,295.34096714507245,-0.06145565578644579,1.2053034941239125,94.09666538504284,9.572230544683455,143.4088433373189,131.83457042835644
2043-07-01,Kampala,11573.29113153154,0.4988173897120534,19.0,0.0720095219202539,0.927990478079746,0.5011826102879465,1.0000305189751728,3.000045778462759,0.3152,32.5816,0.300000000000001,32.60000000000005,0.001005455849494296,-0.00043256853644907736,-0.002174802102666809,289.32487671669236,1.6161225310135832,4.934634886552258e-05,294.9919241213531,295.54349696102986,295.61253093685343,295.71668566479053,296.13343140562785,0.2811810985031068,0.2682550913211383,0.26691070440281983,0.28716821813930926,88423.13607828297,295.22087905805654,-0.1261634404473381,1.1926021284710353,57.1680244233019,13.923890149729866,98.13801535211415,126.0797508159446
2043-08-01,Kampala,11573.29113153154,0.4988173897120534,19.0,0.0720095219202539,0.927990478079746,0.5011826102879465,1.0000305189751728,3.000045778462759,0.3152,32.5816,0.300000000000001,32.60000000000005,0.001864519441790626,-0.0005815963018307158,-0.0022205104312702268,289.84994227580216,1.6263611240904166,8.846451009244575e-05,295.1100085929379,295.79674374725516,295.789135184292,295.7316002721032,295.8969095715394,0.2922611854947921,0.2708260078643481,0.2470912747170488,0.2779035122767265,88381.94990525214,295.1845946344043,-0.14550377423759495,0.4403502417026889,94.85657167579548,8.651701443500471,80.53263865752173,129.07341067424673
2043-09-01,Kampala,11573.29113153154,0.4988173897120534,19.0,0.0720095219202539,0.927990478079746,0.5011826102879465,1.0000305189751728,3.000045778462759,0.3152,32.5816,0.300000000000001,32.60000000000005,0.0024663510176331006,-0.0005933471476942196,-0.0022632609737651146,290.54574320556844,1.6155852508298945,0.00011528120595759032,295.5518619344874,296.13468615224696,296.133698509376,296.03439690951535,295.9527534422347,0.30856010593098465,0.29032491882663153,0.25363659205484157,0.27200475356838394,88324.9155771786,295.41016930702676,0.014368493830979667,0.08993442415719784,134.15874117536205,12.858676660845338,95.88186599345669,128.00754842299347
2043-10-01,Kampala,11573.29113153154,0.4988173897120534,19.0,0.0720095219202539,0.927990478079746,0.5011826102879465,1.0000305189751728,3.000045778462759,0.3152,32.5816,0.300000000000001,32.60000000000005,0.0036369206851651036,-0.000322041801306273,-0.0021681122858904834,290.8394968560522,1.5946561349398465,0.00014661418758125304,295.63670812570734,296.24245132334266,296.1661442844301,296.20417175519805,296.0595669913676,0.31886678925620915,0.3059219490760145,0.2738920976554185,0.2665251631003888,88229.36417582391,295.55329168875005,0.2213458920698978,-0.05145387549863807,184.0750455418876,16.662362559942217,138.7090133909351,126.03386077562689
2043-11-01,Kampala,11573.29113153154,0.4988173897120534,19.0,0.0720095219202539,0.927990478079746,0.5011826102879465,1.0000305189751728,3.000045778462759,0.3152,32.5816,0.300000000000001,32.60000000000005,0.004534270146140213,0.00021358153543733202,-0.0020530562825874232,290.9698302907303,1.582279233335539,0.0001869885547489171,295.4429163955305,296.0823322163546,296.07091738243497,296.0637263216618,296.0144980523669,0.3333853939099594,0.3201168622318095,0.29698133326290693,0.2799737151167423,88227.92698519694,295.3849583352692,0.2563494710730276,0.2730152434660743,176.74109098232515,13.407835073949236,165.46613586564945,128.25925023177413
2043-12-01,Kampala,11573.29113153154,0.4988173897120534,19.0,0.0720095219202539,0.927990478079746,0.5011826102879465,1.0000305189751728,3.000045778462759,0.3152,32.5816,0.300000000000001,32.60000000000005,0.0027831345858758925,0.0003870138773843015,-0.002260204440845562,290.69451169360735,1.6089602537700982,0.00013417794159218066,295.6188855394349,296.1692354147762,296.12540065235186,296.13784674284767,296.0517165870578,0.32560565069665487,0.31069298998377626,0.30069061434105604,0.2880137057405276,88251.38617661809,295.69186692980105,0.2147912204672205,0.619283475599615,123.27168450868724,11.322793183984013,162.13904471138082,136.62063726933766
2044-01-01,Kampala,11573.29113153154,0.4988173897120534,19.0,0.0720095219202539,0.927990478079746,0.5011826102879465,1.0000305189751728,3.000045778462759,0.3152,32.5816,0.300000000000001,32.60000000000005,0.001905909991250784,-6.476568624787466e-05,-0.0025162038776197883,290.3305944766906,1.6170489074997725,7.894024001345636e-05,296.0919097791554,296.7047909309484,296.58793547860733,296.4578851611559,296.14861880340123,0.2930504624487455,0.2802073065159618,0.27392010786726834,0.2853111366174029,88202.51020181959,296.3776666252578,0.0787483642013981,0.9564715104669211,91.93508052807323,11.431198337050926,131.6609795282229,140.83851704393038
2044-02-01,Kampala,11573.29113153154,0.4988173897120534,19.0,0.0720095219202539,0.927990478079746,0.5011826102879465,1.0000305189751728,3.000045778462759,0.3152,32.5816,0.300000000000001,32.60000000000005,0.00200416498944051,-0.0005189979272148147,-0.0026408759348614933,290.67623872308894,1.623498397394606,6.142067624424812e-05,296.7530607466791,297.35505944148593,297.2992242238327,296.9209215530533,296.42686646829503,0.27885586805498236,0.2598642947743198,0.2530877717897025,0.27550236842209574,88186.87055195478,296.908567704161,0.130653837785259,1.6366420725047026,66.76164975141104,14.031187033787814,92.58388115473242,139.62602648116606
2044-03-01,Kampala,11573.29113153154,0.4988173897120534,19.0,0.0720095219202539,0.927990478079746,0.5011826102879465,1.0000305189751728,3.000045778462759,0.3152,32.5816,0.300000000000001,32.60000000000005,0.0037288048983603558,-0.00024893777881358255,-0.0025025994054530677,291.22642278182474,1.5957938107435883,9.840785234921923e-05,296.6641795031698,297.37027778302934,297.2608053970149,297.14858499258935,296.6518836095999,0.3039788932537674,0.2868060762363957,0.2543484965983428,0.2743328184465628,88190.1991954103,296.7555958239926,0.3027105293609158,1.7219217938750835,148.5128078034433,8.927316027102027,107.83415866275809,141.47235286834095
2044-04-01,Kampala,11573.29113153154,0.4988173897120534,19.0,0.0720095219202539,0.927990478079746,0.5011826102879465,1.0000305189751728,3.000045778462759,0.3152,32.5816,0.300000000000001,32.60000000000005,0.005447997732270516,0.00045102830381753544,-0.002127903288304168,291.24867139406746,1.592246500574008,0.00016616739879637423,295.73494551302326,296.3465514593436,296.3272179553549,296.55420172749393,296.8152388748098,0.33837160602268357,0.32446860997138777,0.2928526126336381,0.2764441808618372,88222.15078207965,295.8662580216786,0.2115701128461444,1.9075666528421582,196.53974185952774,8.744398244119989,136.98466713586078,141.7799336696973
2044-05-01,Kampala,11573.29113153154,0.4988173897120534,19.0,0.0720095219202539,0.927990478079746,0.5011826102879465,1.0000305189751728,3.000045778462759,0.3152,32.5816,0.300000000000001,32.60000000000005,0.004170767314444566,0.0009095212518653128,-0.0021221840623684546,290.97580808833175,1.7251432494787413,0.0001517010292556184,295.53370392144444,296.1046950087503,296.1425172302443,296.2433656006193,296.55688349776653,0.33472515837112954,0.3230883222321484,0.30874118481782525,0.2904442360479906,88336.0211881276,295.76669944362425,0.0009152437467783272,1.7694561450974935,150.90775618797707,12.04529164862153,161.63970319436174,133.83815714666935
2044-06-01,Kampala,11573.29113153154,0.4988173897120534,19.0,0.0720095219202539,0.927990478079746,0.5011826102879465,1.0000305189751728,3.000045778462759,0.3152,32.5816,0.300000000000001,32.60000000000005,0.0019293571897060374,2.415530238713042e-05,-0.002212611987982552,289.81849204349595,1.7288446461770564,7.516995613452923e-05,295.0279743158513,295.7481086296827,295.7585242474082,296.00422494024394,296.4116520688517,0.3096889242381784,0.29767682231742865,0.2864604133786512,0.2892173281364377,88421.10381070487,295.29689159963414,-0.07569135055473736,1.6139890422748562,71.97415178148621,11.832705879311838,137.17087298490176,127.03081779564536
2044-07-01,Kampala,11573.29113153154,0.4988173897120534,19.0,0.0720095219202539,0.927990478079746,0.5011826102879465,1.0000305189751728,3.000045778462759,0.3152,32.5816,0.300000000000001,32.60000000000005,0.0012024131561504468,-0.00044290319455681773,-0.0019866271637765816,289.36278627821366,1.603536546504509,6.095192021418387e-05,294.89282072675667,295.50324703656514,295.5776823356793,295.69829562044987,296.09454159251726,0.2778652456130804,0.26615542058191943,0.26008746270921745,0.2834926038526354,88412.59965605247,295.02800325130244,-0.12996694053463348,0.9192322688164166,81.89316364683235,11.927372732733973,97.29116281804716,125.01035649069982
2044-08-01,Kampala,11573.29113153154,0.4988173897120534,19.0,0.0720095219202539,0.927990478079746,0.5011826102879465,1.0000305189751728,3.000045778462759,0.3152,32.5816,0.300000000000001,32.60000000000005,0.001908392435132417,-0.0005355268943850527,-0.0020827519232330003,289.92009765145315,1.6071391642370867,9.707481643153242e-05,295.23269646168313,295.8674787708289,295.8429529336467,295.8875653924978,295.9636297807722,0.2839668920691455,0.2680057657380712,0.24849390133582755,0.27416139463912237,88376.46335462379,295.235199165988,-0.1550081103086167,0.3460967757680201,105.54252943583934,13.646646938432255,84.1370829200696,129.5827106865541
2044-09-01,Kampala,11573.29113153154,0.4988173897120534,19.0,0.0720095219202539,0.927990478079746,0.5011826102879465,1.0000305189751728,3.000045778462759,0.3152,32.5816,0.300000000000001,32.60000000000005,0.00259701934737554,-0.0005889876762141483,-0.0021916794923466073,290.5925328059888,1.6184846778361128,0.0001238220925732223,295.64403265677134,296.22174065584153,296.19162307162804,296.03452977904055,295.8939873506631,0.30713297394103045,0.28679986641165134,0.2515106550505765,0.2694783614370172,88293.33469798946,295.50316757421075,0.024096674002755638,-0.033779394723914946,149.10748351734813,8.881616208323457,110.00047075568409,130.0991147670025
2044-10-01,Kampala,11573.29113153154,0.4988173897120534,19.0,0.0720095219202539,0.927990478079746,0.5011826102879465,1.0000305189751728,3.000045778462759,0.3152,32.5816,0.300000000000001,32.60000000000005,0.003438723169491944,-0.00046938627262583263,-0.0022104774744808376,290.92884526553604,1.6164709418333965,0.0001463185222028234,295.76276048423273,296.34437033704035,296.2724171391655,296.15556277986644,296.0658843409023,0.3211438459320701,0.3067362574752701,0.27305401987393824,0.26832171740855354,88264.15835948593,295.67210579845715,0.18432251881600956,0.011641786556191122,159.54913755897647,10.794292918892147,134.9113951564548,124.38906666120472
2044-11-01,Kampala,11573.29113153154,0.4988173897120534,19.0,0.0720095219202539,0.927990478079746,0.5011826102879465,1.0000305189751728,3.000045778462759,0.3152,32.5816,0.300000000000001,32.60000000000005,0.0043430457009726005,0.00013850720872525052,-0.0020493017425106366,290.8065502995128,1.6410219107881405,0.00017702775007245972,295.48537781092665,296.0645835348244,296.06610499647786,296.15814793726634,296.0901214160316,0.3367914158881688,0.3216735975513963,0.29425210249854383,0.2762282554947803,88243.62286048546,295.4706254599922,0.250794004017322,0.19351332306082106,188.67396878199534,15.287852933708951,163.5489364546206,129.96664516690782
2044-12-01,Kampala,11573.29113153154,0.4988173897120534,19.0,0.0720095219202539,0.927990478079746,0.5011826102879465,1.0000305189751728,3.000045778462759,0.3152,32.5816,0.300000000000001,32.60000000000005,0.0029553469663958394,0.0002501844145228765,-0.0021429875580745426,290.6014756370024,1.6367909714418247,0.00013332030793740187,295.578479138593,296.13520883189784,296.15299647111516,296.07625190215214,296.10361253086023,0.32217309042926945,0.3098375808171463,0.2966122980335393,0.2839893594956157,88237.01875274496,295.7434346328831,0.19748549623767842,0.8274932977886831,129.40122287436975,13.496311561364077,156.45392421912226,136.65765842163103
2045-01-01,Kampala,11573.29113153154,0.4988173897120534,19.0,0.0720095219202539,0.927990478079746,0.5011826102879465,1.0000305189751728,3.000045778462759,0.3152,32.5816,0.300000000000001,32.60000000000005,0.001966470049426681,-0.00018744926012452193,-0.0024487886005207364,290.0893302633914,1.6456031274406508,7.608393019926199e-05,296.04110987412986,296.6259451472536,296.6259534835688,296.39080345777234,296.1423358026725,0.2896599723715407,0.2747533293377127,0.2722851215050043,0.27953056047396707,88217.79219560136,296.29477505881937,0.09121035043307887,1.06105491517814,88.58601884897563,9.944597198458638,131.14792416310848,139.73650259947726
2045-02-01,Kampala,11573.29113153154,0.4988173897120534,19.0,0.0720095219202539,0.927990478079746,0.5011826102879465,1.0000305189751728,3.000045778462759,0.3152,32.5816,0.300000000000001,32.60000000000005,0.0020899230945006903,-0.0004906535130627731,-0.0025631245363393375,290.4748939401662,1.660356698293201,7.276884278028118e-05,296.7336420827077,297.3440286721412,297.25817635939984,296.8795442843464,296.38074644732006,0.2802658238235785,0.2603830560388006,0.25033234872283056,0.2708399941969893,88178.45663637023,296.85833997807686,0.11835844652237765,1.2648012884730553,75.13416087800454,13.081504670191133,96.03428745284558,133.17873180734077
2045-03-01,Kampala,11573.29113153154,0.4988173897120534,19.0,0.0720095219202539,0.927990478079746,0.5011826102879465,1.0000305189751728,3.000045778462759,0.3152,32.5816,0.300000000000001,32.60000000000005,0.0036769040868824846,-0.00021076617857485692,-0.002407324678966528,291.17517524538755,1.623538650928623,0.00010024035967174646,296.62718311568494,297.20654327209195,297.21796857691464,297.13948723221023,296.72046342682654,0.3012629497020017,0.28112460275751505,0.24879079240193933,0.26805121040155816,88172.21024134957,296.56727190223125,0.31436158886309123,1.6756620483079308,157.3546568669618,13.527050643266785,101.95746176995215,139.82182439944904
2045-04-01,Kampala,11573.29113153154,0.4988173897120534,19.0,0.0720095219202539,0.927990478079746,0.5011826102879465,1.0000305189751728,3.000045778462759,0.3152,32.5816,0.300000000000001,32.60000000000005,0.00551024104936203,0.00037333863881020327,-0.0020780610115015935,291.1846002623513,1.6470227546335974,0.00016966206749273978,295.7224225642465,296.44228530230413,296.51166138542,296.63337955198807,296.76566255039273,0.3325167499439971,0.3180367314195946,0.2878974660898105,0.27015965343649123,88233.13111740041,295.99073451456326,0.1958036140886468,1.8533278007758178,193.8105146437297,10.876217292979131,137.98846228923904,142.302144158211
2045-05-01,Kampala,11573.29113153154,0.4988173897120534,19.0,0.0720095219202539,0.927990478079746,0.5011826102879465,1.0000305189751728,3.000045778462759,0.3152,32.5816,0.300000000000001,32.60000000000005,0.0042114736877241765,0.0008842337238284902,-0.002064156601045761,290.8760550090311,1.7146864648349485,0.00015202761455035472,295.52855006480485,296.1314293218327,296.1772303315584,296.232998112561,296.6215925229742,0.336066509996965,0.3232209415824662,0.3059370114494006,0.2867386796091047,88334.90756611986,295.7622162027571,0.0034727005584853942,1.9525225990887725,149.7956129014519,14.862735271175987,164.39450877834983,133.8076863504954
2045-06-01,Kampala,11573.29113153154,0.4988173897120534,19.0,0.0720095219202539,0.927990478079746,0.5011826102879465,1.0000305189751728,3.000045778462759,0.3152,32.5816,0.300000000000001,32.60000000000005,0.0017644870105684109,0.00016141974394516046,-0.0020810217070920717,289.9392151179571,1.7515754449462957,8.305086171605215e-05,295.1407880039501,295.78885901757553,295.83556450162337,296.1188466037348,296.40946685401804,0.3065779632395855,0.29564183561258606,0.2841679251414178,0.28574757151409697,88416.44153168239,295.47162902121187,-0.05963305978110608,1.570211536182025,77.98362994364727,12.674321099832362,142.06366441173606,128.182233529875
2045-07-01,Kampala,11573.29113153154,0.4988173897120534,19.0,0.0720095219202539,0.927990478079746,0.5011826102879465,1.0000305189751728,3.000045778462759,0.3152,32.5816,0.300000000000001,32.60000000000005,0.0009780591763715245,-0.0003909393923109923,-0.0019444431023736613,289.2908726829999,1.6569460794516635,5.888578995559201e-05,295.01264816474344,295.5461664756217,295.69133308492314,295.7376052842955,296.11113696824617,0.2776360640232641,0.26323037731676474,0.2591266646047868,0.2808692216277487,88419.15935491124,295.1318940282521,-0.1324603348040628,1.006913043333387,70.04872760875519,12.948587930598617,101.05357418932094,128.0491708014778
2045-08-01,Kampala,11573.29113153154,0.4988173897120534,19.0,0.0720095219202539,0.927990478079746,0.5011826102879465,1.0000305189751728,3.000045778462759,0.3152,32.5816,0.300000000000001,32.60000000000005,0.002158342039352858,-0.0006872099203796419,-0.0020534495907545973,289.89907540978373,1.6562224913538204,8.990219525801327e-05,295.21806595890934,295.8457384187793,295.87225789509415,295.82934398528334,295.9532447197023,0.28441003331073894,0.26160572742268123,0.24162482166966545,0.2712098940014579,88379.4442159759,295.2372556214089,-0.1819899270980252,0.36387180642074185,97.55309532369141,15.090773918880311,79.16339538174887,130.03863851470174
2045-09-01,Kampala,11573.29113153154,0.4988173897120534,19.0,0.0720095219202539,0.927990478079746,0.5011826102879465,1.0000305189751728,3.000045778462759,0.3152,32.5816,0.300000000000001,32.60000000000005,0.0026673602826583743,-0.0007029347183008516,-0.0021426063654117556,290.47914592138324,1.6504890028813568,0.00011250267822979554,295.5864812999059,296.2365001372454,296.1377269573848,296.0545716121169,295.9407919642314,0.3066520179218188,0.2853177821792281,0.24786430432886436,0.26411142758042305,88312.63665861812,295.60388502364674,0.012565930824384472,0.08132695371009062,150.4373668654254,7.357598149738709,106.45576857944279,128.51441360929255
2045-10-01,Kampala,11573.29113153154,0.4988173897120534,19.0,0.0720095219202539,0.927990478079746,0.5011826102879465,1.0000305189751728,3.000045778462759,0.3152,32.5816,0.300000000000001,32.60000000000005,0.0035072695170531433,-0.0004449645490860239,-0.0021220072536928237,290.90503522632895,1.657408296785119,0.00014400554989106245,295.82029632606844,296.3024949954136,296.35183754142827,296.2117363353152,296.03166729012366,0.3200418234743872,0.30306464175299747,0.27210577725078,0.2639757862572735,88261.5641770183,295.70009532594105,0.21317877856773704,0.008870338033405742,159.49063694163988,10.827048212936154,134.43993191333595,123.97919903056382
2045-11-01,Kampala,11573.29113153154,0.4988173897120534,19.0,0.0720095219202539,0.927990478079746,0.5011826102879465,1.0000305189751728,3.000045778462759,0.3152,32.5816,0.300000000000001,32.60000000000005,0.004293089565192698,0.0001430536097430009,-0.0019955890021028768,290.79864046980623,1.6661127129374966,0.00018240308894471486,295.530359659579,296.08418772257426,296.08493958980756,296.11124550482907,296.07054973672115,0.32850390769954924,0.31911449797837266,0.2939087004238556,0.27192309651135854,88224.52723122847,295.5342912754597,0.2713173218488946,0.31517174018323557,188.38255680588225,14.246588594734174,162.32471460009333,129.81919728369348
2045-12-01,Kampala,11573.29113153154,0.4988173897120534,19.0,0.0720095219202539,0.927990478079746,0.5011826102879465,1.0000305189751728,3.000045778462759,0.3152,32.5816,0.300000000000001,32.60000000000005,0.002855184391250956,0.0003195878883022931,-0.0020911281425225626,290.56274505809733,1.6683051608959247,0.00012875362245422093,295.610459383552,296.25006165589576,296.17138079812884,296.14037092557703,296.16541285844215,0.31967978264005753,0.30876028274309114,0.29314163624423534,0.2795577262586463,88232.81721037615,295.7363477548314,0.20690449635970626,0.7535208959195708,123.55321897713878,8.544616603789658,156.6004676503212,137.27702275138594
2046-01-01,Kampala,11573.29113153154,0.4988173897120534,19.0,0.0720095219202539,0.927990478079746,0.5011826102879465,1.0000305189751728,3.000045778462759,0.3152,32.5816,0.300000000000001,32.60000000000005,0.001937735325220821,-0.0002578752200184808,-0.0023958779598670437,290.1268048561446,1.6611237067608182,7.597249679125014e-05,296.17953251831193,296.66053627709147,296.57999274420723,296.4292438906424,296.20879931263596,0.28704220306005773,0.2770261909118809,0.2693812524390359,0.27667328911867295,88219.40819037982,296.31232307537834,0.07444109383010838,0.9580924222175432,90.14714105131802,12.799581795208772,130.09753205006965,141.27505971124634
2046-02-01,Kampala,11573.29113153154,0.4988173897120534,19.0,0.0720095219202539,0.927990478079746,0.5011826102879465,1.0000305189751728,3.000045778462759,0.3152,32.5816,0.300000000000001,32.60000000000005,0.002002512048832193,-0.00045032408987071064,-0.0025306879024669412,290.54584644415837,1.6544750010323683,6.721041464557108e-05,296.7538471365233,297.3232064890797,297.21059352873857,296.9732747316434,296.46644436600593,0.27400889170843,0.2565015805605442,0.2469497624064673,0.26903588528762706,88177.90791941577,297.0053454445135,0.1129977203650289,1.390370943529368,77.55556724649189,12.250042755549686,94.16896907028206,136.1989274803701
2046-03-01,Kampala,11573.29113153154,0.4988173897120534,19.0,0.0720095219202539,0.927990478079746,0.5011826102879465,1.0000305189751728,3.000045778462759,0.3152,32.5816,0.300000000000001,32.60000000000005,0.00378916398953887,-0.0001859572975716116,-0.002360374978391616,291.03065037887563,1.6480382195712515,0.00010180860283680668,296.52675130327117,297.1627435274434,297.1544999378396,297.10284318322243,296.73359867477365,0.29869308702760816,0.2835732297460033,0.24646980604156926,0.2630766209610108,88171.50697124776,296.58548710753416,0.3168211711745491,1.6539310604288642,157.492469906128,13.728132718511281,102.99368369575711,135.5250529006507
2046-04-01,Kampala,11573.29113153154,0.4988173897120534,19.0,0.0720095219202539,0.927990478079746,0.5011826102879465,1.0000305189751728,3.000045778462759,0.3152,32.5816,0.300000000000001,32.60000000000005,0.005159900976193038,0.0003503853088066044,-0.0020363918462816535,291.0733576319774,1.7036624271159153,0.0001542289310028754,295.7916199242404,296.4765442521499,296.54300967585397,296.6440837455793,296.79827331213426,0.33232359615254065,0.3176765800232732,0.28495232471324106,0.26826738237536935,88228.11524458259,296.03231805182753,0.18843110825089132,1.9061790126417937,192.60181823164643,15.141386210398537,136.11089735836273,140.4099433395643
2046-05-01,Kampala,11573.29113153154,0.4988173897120534,19.0,0.0720095219202539,0.927990478079746,0.5011826102879465,1.0000305189751728,3.000045778462759,0.3152,32.5816,0.300000000000001,32.60000000000005,0.004287534970926471,0.0010106543752469064,-0.0020393509203888685,290.8719686808701,1.7449558374760978,0.0001550191143753749,295.5568508411797,296.1185333781557,296.16748724417147,296.27376087807596,296.5552747211759,0.33359247674597303,0.3184228027836347,0.3079147097214791,0.28052322805845414,88330.13947303208,295.80132751450117,0.008984714098337693,1.9921719397786628,153.1513925625916,13.108488647166476,168.076850158807,137.5103180551657
2046-06-01,Kampala,11573.29113153154,0.4988173897120534,19.0,0.0720095219202539,0.927990478079746,0.5011826102879465,1.0000305189751728,3.000045778462759,0.3152,32.5816,0.300000000000001,32.60000000000005,0.0018109808074322149,4.331605891712792e-05,-0.0019924934470905895,289.99032050634014,1.7341342804639852,9.003025349449627e-05,295.12327323388473,295.83565833873814,295.95120557519647,296.1056157450459,296.40464655080297,0.3055210942791931,0.2929608453807572,0.2835611559654919,0.2857453479641151,88400.76237518218,295.4673727173283,-0.04024318219591314,1.288627927959024,84.25376959654861,10.452067674492787,139.86791143141116,130.02798120858805
2046-07-01,Kampala,11573.29113153154,0.4988173897120534,19.0,0.0720095219202539,0.927990478079746,0.5011826102879465,1.0000305189751728,3.000045778462759,0.3152,32.5816,0.300000000000001,32.60000000000005,0.0009139494546538629,-0.0005024041867314468,-0.0019338654885345842,289.1983562441957,1.6717470866427422,5.4144673828215734e-05,294.9929506366845,295.6295765452471,295.72233920243946,295.80867701176976,296.1775615278157,0.27291583437098105,0.2583450412563964,0.2604712669434421,0.2785472296990786,88419.2802003555,295.2477134384029,-0.1152909824969286,1.1515518129988476,63.60777516647561,11.850710358250232,101.36155009887204,128.2071098979988
2046-08-01,Kampala,11573.29113153154,0.4988173897120534,19.0,0.0720095219202539,0.927990478079746,0.5011826102879465,1.0000305189751728,3.000045778462759,0.3152,32.5816,0.300000000000001,32.60000000000005,0.0017496255439955833,-0.0007384697324202803,-0.0019849512827254325,289.80777403621266,1.6707504830744995,9.071943723832168e-05,295.22889583033276,295.82116601545954,295.9313656413382,295.8781585211621,296.0004415219743,0.28626274009655595,0.25951221136897834,0.23819317397945566,0.2694497513144067,88391.93583090504,295.2644297665258,-0.14755091563558292,0.363735279729649,103.1222981447155,9.315963952572092,79.92541634101941,133.466923290726
2046-09-01,Kampala,11573.29113153154,0.4988173897120534,19.0,0.0720095219202539,0.927990478079746,0.5011826102879465,1.0000305189751728,3.000045778462759,0.3152,32.5816,0.300000000000001,32.60000000000005,0.002544143729193327,-0.0006284210384213766,-0.0020862724348573564,290.56809882736144,1.6849091860295762,0.00011751352185747333,295.7048924205309,296.23394485213856,296.1505026669227,296.0259648744351,295.96626681756237,0.30346242330233625,0.2843565337079661,0.24663167701830369,0.26035667605578156,88312.25295544662,295.5456114832392,0.0168539864398292,0.0914276728985168,143.31979135537907,6.921274427467323,99.50404581358633,130.34228740697702
2046-10-01,Kampala,11573.29113153154,0.4988173897120534,19.0,0.0720095219202539,0.927990478079746,0.5011826102879465,1.0000305189751728,3.000045778462759,0.3152,32.5816,0.300000000000001,32.60000000000005,0.003493164486365764,-0.00041245156876616826,-0.002044869585171872,290.7770797405059,1.6775854171245288,0.00014349706438153686,295.76740234162526,296.3587279408616,296.3446785504661,296.21379733376756,296.0791573570392,0.31244545856685163,0.29991108649691517,0.2682579279684325,0.26226492090358156,88246.46189631568,295.6092508330871,0.20229131341461107,-0.09380022158719029,176.01957708718803,9.404257713710681,136.898899129337,126.57342523851558
2046-11-01,Kampala,11573.29113153154,0.4988173897120534,19.0,0.0720095219202539,0.927990478079746,0.5011826102879465,1.0000305189751728,3.000045778462759,0.3152,32.5816,0.300000000000001,32.60000000000005,0.004352656823314728,6.557140169380203e-05,-0.0019347591308485246,290.7705633917624,1.6804162340705209,0.00018336051422893448,295.60158715026205,296.12405603238,296.1394819730388,296.15559707864867,296.1624499960372,0.3272142963638347,0.3159151228439699,0.29221065295791837,0.2682379046896175,88213.86022772265,295.55012832981487,0.2540140022101384,0.33745277433932536,185.02063485375157,14.532794474817052,162.41063441307838,129.6122591790195
2046-12-01,Kampala,11573.29113153154,0.4988173897120534,19.0,0.0720095219202539,0.927990478079746,0.5011826102879465,1.0000305189751728,3.000045778462759,0.3152,32.5816,0.300000000000001,32.60000000000005,0.0028646900601417597,0.00026338019086937485,-0.0020748520436423964,290.42404043625913,1.6906951464653301,0.0001321020498177148,295.6526918680048,296.2151574873232,296.1983041403062,296.1209012766552,296.1477801216917,0.3194818039511662,0.3054154433116851,0.2933557044186793,0.27793071979075645,88238.05474340518,295.8408312149744,0.2130594596704382,0.5901396723304968,129.38855234941272,8.476315698630629,159.49648206062975,134.88635104410406
2047-01-01,Kampala,11573.29113153154,0.4988173897120534,19.0,0.0720095219202539,0.927990478079746,0.5011826102879465,1.0000305189751728,3.000045778462759,0.3152,32.5816,0.300000000000001,32.60000000000005,0.0018772913205991665,-0.00016928173084296072,-0.002345077231701478,290.14722255677407,1.6915857441747997,8.106172735701442e-05,296.1975025964534,296.6764162525265,296.66578370193093,296.4628012294851,296.26106065341105,0.28848691262972354,0.27133240946693643,0.26558165078703677,0.2776379233029863,88216.36434410144,296.4083388987444,0.07002055573136406,0.9014713718066634,91.05998323669348,14.027198454618503,131.38035524864068,142.3133404766216
2047-02-01,Kampala,11573.29113153154,0.4988173897120534,19.0,0.0720095219202539,0.927990478079746,0.5011826102879465,1.0000305189751728,3.000045778462759,0.3152,32.5816,0.300000000000001,32.60000000000005,0.0018073591024253192,-0.0006385527097327957,-0.0024647884799007076,290.572241393785,1.7034815994740817,6.31089384398778e-05,296.85938982155164,297.34964115857184,297.32858750510303,296.9772078526253,296.41321396221383,0.2745343924983168,0.2529652016579562,0.24244473379051737,0.26768948599785997,88178.2166496258,296.97021570385624,0.0959574470241908,1.5726554857847146,74.67442745987563,12.699552415786027,93.35499927500832,137.85977386034378
2047-03-01,Kampala,11573.29113153154,0.4988173897120534,19.0,0.0720095219202539,0.927990478079746,0.5011826102879465,1.0000305189751728,3.000045778462759,0.3152,32.5816,0.300000000000001,32.60000000000005,0.0038458992171918013,-0.0002452825757438686,-0.002291680925196019,290.89980796414073,1.6877947286232968,0.00010367851479683485,296.44402766574393,297.1328314707861,297.1245931282721,297.04887771472534,296.78469433297937,0.30120630479821264,0.2797009533646182,0.2478934708126102,0.25884195354537726,88176.50339737191,296.59725124000954,0.31238515692070246,1.6151178025072728,158.3553382985852,15.077586926965795,100.03875600960266,135.01578818466717
2047-04-01,Kampala,11573.29113153154,0.4988173897120534,19.0,0.0720095219202539,0.927990478079746,0.5011826102879465,1.0000305189751728,3.000045778462759,0.3152,32.5816,0.300000000000001,32.60000000000005,0.004897869762411803,0.0003533836930344223,-0.001987792158297183,291.0089276106801,1.7294223061671372,0.00015116131391423654,295.86369954863665,296.49919795225816,296.5380829817457,296.70699851137925,296.8175637297903,0.3281568705556221,0.311447979170334,0.28126372515508075,0.26288815711428276,88226.22795171605,296.12002513819476,0.17761983163213896,1.9214436423290866,187.93761175850446,11.610459114883314,133.63110381428442,141.30338778181633
2047-05-01,Kampala,11573.29113153154,0.4988173897120534,19.0,0.0720095219202539,0.927990478079746,0.5011826102879465,1.0000305189751728,3.000045778462759,0.3152,32.5816,0.300000000000001,32.60000000000005,0.004137629646655097,0.0009625370936964122,-0.0018829185062286368,290.77323029065894,1.7311897645954872,0.00015154119318359113,295.5621272402465,296.20188974920353,296.2456160462893,296.30835209994234,296.60911502641505,0.3267752029696793,0.31743381874577287,0.3026239765787355,0.2783572048242194,88333.32483637522,295.84209905733974,-0.014577383919761742,2.031424865711873,164.11141846549273,10.681371889675383,163.96213725276885,139.68165468442496
2047-06-01,Kampala,11573.29113153154,0.4988173897120534,19.0,0.0720095219202539,0.927990478079746,0.5011826102879465,1.0000305189751728,3.000045778462759,0.3152,32.5816,0.300000000000001,32.60000000000005,0.0016585648848529628,1.5342343750556275e-06,-0.0019165439458420951,290.04044843265393,1.768462144845298,9.107237010173048e-05,295.1556535894343,295.8765745123209,295.99979802717854,296.1562379915852,296.4684423995391,0.30401289498606926,0.2934772832281474,0.2794345911610141,0.2826115319116174,88399.6777143411,295.49543637468975,-0.04784119275575519,1.1840509663375895,91.80474088321206,9.880465427023067,143.79634568557344,130.3912575821345
2047-07-01,Kampala,11573.29113153154,0.4988173897120534,19.0,0.0720095219202539,0.927990478079746,0.5011826102879465,1.0000305189751728,3.000045778462759,0.3152,32.5816,0.300000000000001,32.60000000000005,0.0009771492159165408,-0.0005401521330609524,-0.0019260936080776644,289.18571858120043,1.698288440648175,5.086682339000844e-05,295.0637490857321,295.65476276353684,295.6800537447676,295.91817559165463,296.2042104751686,0.2716922067032723,0.25684411805317275,0.25560004052936425,0.275065335135015,88419.98885119961,295.22402925828465,-0.14488192762859126,1.1459861334035741,55.17920191318214,14.265192415762385,99.537736026215,126.86892631828614
2047-08-01,Kampala,11573.29113153154,0.4988173897120534,19.0,0.0720095219202539,0.927990478079746,0.5011826102879465,1.0000305189751728,3.000045778462759,0.3152,32.5816,0.300000000000001,32.60000000000005,0.001969053880181223,-0.0007208788876197021,-0.00198286867593006,289.72940363590675,1.712425174166714,8.286316194685978e-05,295.2961411774626,295.85988652467165,295.85971951492365,295.8371022730008,296.0323422525185,0.28251350768506645,0.26234399225445143,0.23757640924855447,0.2633329978400699,88386.45336523112,295.3191981480153,-0.15781622547097637,0.41369719631635016,95.6198490353593,12.254951958126881,81.38374810365563,129.35678427096065
2047-09-01,Kampala,11573.29113153154,0.4988173897120534,19.0,0.0720095219202539,0.927990478079746,0.5011826102879465,1.0000305189751728,3.000045778462759,0.3152,32.5816,0.300000000000001,32.60000000000005,0.0025193507847197354,-0.0008091191791764522,-0.0020266790553903477,290.44414347465835,1.673960068111071,0.000109047319286366,295.6705779010674,296.28817451414267,296.23178889778967,296.1215714448993,296.01738236164556,0.3013913193160964,0.27823250943560096,0.2445256125410282,0.2573193311015193,88315.81532019062,295.59085818668547,0.01867956416935876,0.07701829570860769,128.6490865139896,12.840367575405212,98.29986453121096,127.98840864321438
2047-10-01,Kampala,11573.29113153154,0.4988173897120534,19.0,0.0720095219202539,0.927990478079746,0.5011826102879465,1.0000305189751728,3.000045778462759,0.3152,32.5816,0.300000000000001,32.60000000000005,0.0034100234763370352,-0.0005011798787604208,-0.001973431270930291,290.7134179516054,1.7088241648994793,0.00014397922426375362,295.7464270121114,296.27654254101265,296.279590423324,296.23099169842135,296.13273447134617,0.31399367486125696,0.2952945891676825,0.2594968516456945,0.25529486920881117,88224.58783145767,295.60414173405076,0.24338218118131968,-0.12093242126943944,189.57837070432979,11.577761318044322,140.10411005532558,127.02416987253388
2047-11-01,Kampala,11573.29113153154,0.4988173897120534,19.0,0.0720095219202539,0.927990478079746,0.5011826102879465,1.0000305189751728,3.000045778462759,0.3152,32.5816,0.300000000000001,32.60000000000005,0.004354421554775117,6.421719772560047e-05,-0.0018880935256575134,290.7688869246677,1.6865416378916804,0.0001862049426266493,295.58403210175675,296.25042079752996,296.170787831806,296.13578163051255,296.1213353490734,0.3267487920005345,0.3122695556983844,0.2837642886334411,0.26372749985222305,88217.20485999962,295.4910097113924,0.2605157596284822,0.28659003371691616,177.84312640863132,13.790031400119116,165.01232068309335,129.76609246867923
2047-12-01,Kampala,11573.29113153154,0.4988173897120534,19.0,0.0720095219202539,0.927990478079746,0.5011826102879465,1.0000305189751728,3.000045778462759,0.3152,32.5816,0.300000000000001,32.60000000000005,0.0026425841760509224,0.0002811389896347045,-0.002031010803492439,290.46499930904616,1.7049185711624801,0.00012570477899819614,295.68611366362694,296.27310796971403,296.23579795411734,296.1629964246317,296.1842452966465,0.32043493852524746,0.304765148288595,0.28896749341460554,0.27650188890949323,88255.09913438663,295.8151051194127,0.19064366714394,0.5780693684117357,129.98388499986234,10.313798929764447,161.80334590792896,137.93479819256797
2048-01-01,Kampala,11573.29113153154,0.4988173897120534,19.0,0.0720095219202539,0.927990478079746,0.5011826102879465,1.0000305189751728,3.000045778462759,0.3152,32.5816,0.300000000000001,32.60000000000005,0.0017746644094813304,-0.0002631062774676215,-0.0022858774005286705,290.10874598102095,1.6868749490843207,7.435079152662802e-05,296.2240522046955,296.8330054622826,296.75431631029454,296.462080392179,296.2681372410502,0.28874380972383085,0.27831534309019107,0.26224945368242136,0.2738976335140834,88210.97740546145,296.5293450455578,0.09516854177269252,0.8743004634455536,84.14881563720515,11.586838857637572,132.65939962804305,143.76961203516458
2048-02-01,Kampala,11573.29113153154,0.4988173897120534,19.0,0.0720095219202539,0.927990478079746,0.5011826102879465,1.0000305189751728,3.000045778462759,0.3152,32.5816,0.300000000000001,32.60000000000005,0.0018958393301164594,-0.0005801880123578356,-0.002394797391405551,290.6003323502959,1.7149813236806297,5.3817250246586816e-05,296.84655596409215,297.4205667170199,297.3428194803214,297.05517225284706,296.4899104952116,0.2734268542597802,0.25180817836131886,0.2423270180996749,0.2662244610692033,88184.06785256485,297.01571388685124,0.13918627993458493,1.706249434453503,72.44963036494545,7.239533808470947,96.62431739819269,139.28963583665058
2048-03-01,Kampala,11573.29113153154,0.4988173897120534,19.0,0.0720095219202539,0.927990478079746,0.5011826102879465,1.0000305189751728,3.000045778462759,0.3152,32.5816,0.300000000000001,32.60000000000005,0.003576512071711591,-0.0003313305918567112,-0.0022934269967813873,291.08291481310323,1.6943310799049378,9.736377935671592e-05,296.68479943296546,297.42697334777006,297.3442305432713,297.207499324013,296.77058182408746,0.2950740393671509,0.2698201805859509,0.24371130204809868,0.260339711990509,88182.82649332659,296.8577796819032,0.2956138226172894,1.7080294565151701,157.44654822464219,10.317785384940962,106.30345340802802,143.76363164085612
2048-04-01,Kampala,11573.29113153154,0.4988173897120534,19.0,0.0720095219202539,0.927990478079746,0.5011826102879465,1.0000305189751728,3.000045778462759,0.3152,32.5816,0.300000000000001,32.60000000000005,0.005156066636742993,0.000404587966028225,-0.0019032170735845094,291.0661972097968,1.7120149109471903,0.00016451679378639352,295.805385125428,296.3815993637026,296.453391234769,296.65533436515494,296.8541195026121,0.3292561655368874,0.3140636356854268,0.28262525414966166,0.26225104082936523,88228.07188129201,296.05303222708494,0.20647844197309947,1.9242701405039675,195.00835673027075,14.152748453085405,137.880104254689,143.64981147595822
2048-05-01,Kampala,11573.29113153154,0.4988173897120534,19.0,0.0720095219202539,0.927990478079746,0.5011826102879465,1.0000305189751728,3.000045778462759,0.3152,32.5816,0.300000000000001,32.60000000000005,0.0040392111587553925,0.0007701634739167822,-0.00192019122698107,290.8307149824623,1.8189871743484474,0.00014194133288041554,295.598153917778,296.2863162396098,296.2396300410257,296.34551100570496,296.63494162504406,0.3277685878083221,0.31424259462703025,0.2986661384587818,0.27562354374084197,88341.17621804468,295.84016217897835,0.007208095386608685,1.7968191046640671,145.53262634210193,11.153915246575659,160.16406315672185,136.1517230517442
2048-06-01,Kampala,11573.29113153154,0.4988173897120534,19.0,0.0720095219202539,0.927990478079746,0.5011826102879465,1.0000305189751728,3.000045778462759,0.3152,32.5816,0.300000000000001,32.60000000000005,0.0016851975256653969,8.799880961659333e-06,-0.0019893086929680818,289.6787822453769,1.8280268100950428,7.20120561426024e-05,295.1982575612435,295.78877139411674,295.9266025415649,296.1320281819091,296.45294622553047,0.30213659391383796,0.2864643192689596,0.2777517162796572,0.27880427931336654,88414.48198420118,295.5534583904116,-0.0741980571472831,1.6961280168101476,71.06423741758533,12.317645785509747,135.05652884031426,126.28492244766136
2048-07-01,Kampala,11573.29113153154,0.4988173897120534,19.0,0.0720095219202539,0.927990478079746,0.5011826102879465,1.0000305189751728,3.000045778462759,0.3152,32.5816,0.300000000000001,32.60000000000005,0.0009971941143101521,-0.000627912020822562,-0.0017349097048572606,289.22075338271657,1.703448004263682,5.3471280725476106e-05,294.9312996677535,295.6575072344006,295.6597187117525,295.7932122485586,296.1568532952807,0.2698495686398915,0.25877295066616685,0.24566869404406125,0.2687265394781469,88411.04441903955,295.1652078906011,-0.14454904077334238,1.0380354109869139,83.39957906914186,9.264218704152059,99.66847575352537,126.48156221090997
2048-08-01,Kampala,11573.29113153154,0.4988173897120534,19.0,0.0720095219202539,0.927990478079746,0.5011826102879465,1.0000305189751728,3.000045778462759,0.3152,32.5816,0.300000000000001,32.60000000000005,0.0019302784651797629,-0.0008634576556980608,-0.001884848637150052,289.74379778061336,1.6941802663063474,9.324855310598259e-05,295.24896324405415,295.8957803932143,295.94636712440575,295.9120593139522,296.01744059726684,0.2793907874089245,0.25814488698026733,0.23489859184749784,0.2563145420615277,88382.66551947541,295.38965194202774,-0.16183571412841538,0.28832693541278187,106.06173994988136,13.500173091553316,82.5840581542419,131.90195280151184
2048-09-01,Kampala,11573.29113153154,0.4988173897120534,19.0,0.0720095219202539,0.927990478079746,0.5011826102879465,1.0000305189751728,3.000045778462759,0.3152,32.5816,0.300000000000001,32.60000000000005,0.0025814661241286277,-0.0006413967137385605,-0.0019888853819649004,290.37667308182205,1.7115314150463168,0.00011409631349096261,295.72371382185395,296.2281452647903,296.21442728394584,296.1285035786118,296.0067797467003,0.29914579737541896,0.2781562030010257,0.24634919208817543,0.255886515437701,88299.68563066125,295.63848185764573,0.003223716870302754,-0.040583556772747956,152.23238995350547,11.340681727947509,108.96728954436131,129.72349206976668
2048-10-01,Kampala,11573.29113153154,0.4988173897120534,19.0,0.0720095219202539,0.927990478079746,0.5011826102879465,1.0000305189751728,3.000045778462759,0.3152,32.5816,0.300000000000001,32.60000000000005,0.003501804993121989,-0.0005065017788521284,-0.0020309029241675734,290.75630506414,1.728033728382656,0.00014634016848080405,295.9048791310745,296.4210572662865,296.4561636372998,296.2764344950827,296.13997185842334,0.31604190443870916,0.29960458066733886,0.2624421673421768,0.25411417072406606,88259.3434733995,295.784767374939,0.21180209391087051,-0.03475414239535796,146.3333998872083,8.369195400871785,133.4974439035542,123.38759496012865
2048-11-01,Kampala,11573.29113153154,0.4988173897120534,19.0,0.0720095219202539,0.927990478079746,0.5011826102879465,1.0000305189751728,3.000045778462759,0.3152,32.5816,0.300000000000001,32.60000000000005,0.004132438370660472,5.957908428002867e-05,-0.0018183260965837088,290.6862730444548,1.7406017325641117,0.00017555696493051022,295.58650824687834,296.10408418407036,296.11479957541457,296.19356736684443,296.1758603081335,0.32760659251435525,0.30865954613099267,0.28507183898854066,0.2627681080342469,88238.38215335921,295.559299806284,0.27407320247197015,0.3884997176112736,188.33166827274533,11.495141088675657,162.98878151741837,130.66611077773294
2048-12-01,Kampala,11573.29113153154,0.4988173897120534,19.0,0.0720095219202539,0.927990478079746,0.5011826102879465,1.0000305189751728,3.000045778462759,0.3152,32.5816,0.300000000000001,32.60000000000005,0.002784281434214195,8.491229436363575e-05,-0.0019228924940896622,290.4705836982744,1.7289908151565867,0.00012685771000241206,295.70261812272213,296.3433572630511,296.25419405967057,296.0902627312939,296.18782778100024,0.3105151702548422,0.3027353809758238,0.28172678953909297,0.2718659305286544,88222.16835123172,295.8739304424673,0.1899688110207901,0.912405959247184,132.816809223769,9.607182869017423,155.43401291782388,141.145217868362
2049-01-01,Kampala,11573.29113153154,0.4988173897120534,19.0,0.0720095219202539,0.927990478079746,0.5011826102879465,1.0000305189751728,3.000045778462759,0.3152,32.5816,0.300000000000001,32.60000000000005,0.0016526201693897319,-0.00029183236961198415,-0.0022189072338462653,289.9660376160284,1.7312436767039077,7.898672535205414e-05,296.176316963182,296.7572343403226,296.7387762288607,296.51354410518434,296.26381953551885,0.2808894403124996,0.2683508509004343,0.2653352771760635,0.26812342436533754,88217.43461984108,296.44181108315803,0.08673582358396832,1.031840650605398,86.67607142626788,16.452007520687907,131.6269464253856,140.1826518253114
2049-02-01,Kampala,11573.29113153154,0.4988173897120534,19.0,0.0720095219202539,0.927990478079746,0.5011826102879465,1.0000305189751728,3.000045778462759,0.3152,32.5816,0.300000000000001,32.60000000000005,0.0019323087450793164,-0.0005454380660175996,-0.002343703264172473,290.3470704704771,1.7106571794564183,5.944787515837204e-05,296.7911078425586,297.3979827317505,297.2393620351053,297.0090472902124,296.4854321144268,0.27252170561356204,0.2542707341522064,0.23503949303505603,0.2607411826014009,88169.64157735504,296.9386076030795,0.06966780979116773,1.3888729059548097,79.75828743843478,11.606217119417229,96.3513044328903,131.54502697573216
2049-03-01,Kampala,11573.29113153154,0.4988173897120534,19.0,0.0720095219202539,0.927990478079746,0.5011826102879465,1.0000305189751728,3.000045778462759,0.3152,32.5816,0.300000000000001,32.60000000000005,0.003447491184337894,-0.00038424440733674897,-0.0022101556901087285,290.96478161742857,1.7186324538468811,9.600914066616132e-05,296.6852883727816,297.33205042318815,297.2661725712947,297.24331391065357,296.7701051579598,0.29208243638151593,0.27384540943759966,0.24100933218598203,0.25493772462227976,88165.3327496324,296.84061112402986,0.31996294288078847,1.7032946697717986,152.46199088562938,10.846033226722266,103.65314112539976,140.19177887604735
2049-04-01,Kampala,11573.29113153154,0.4988173897120534,19.0,0.0720095219202539,0.927990478079746,0.5011826102879465,1.0000305189751728,3.000045778462759,0.3152,32.5816,0.300000000000001,32.60000000000005,0.005228306238834359,0.00023456229799486295,-0.0018594250447060204,290.9706610056558,1.7253500055917383,0.0001571969849831597,295.8189088349818,296.5317566108875,296.52603016575114,296.67408242703544,296.9016163217897,0.32447158192851894,0.31158078852101107,0.277599675338237,0.2603401664529811,88214.98516386839,296.11134994514083,0.1964338395057145,1.9669069732462596,196.5516096438975,15.110398057999312,144.32838789825243,143.46274610864458
2049-05-01,Kampala,11573.29113153154,0.4988173897120534,19.0,0.0720095219202539,0.927990478079746,0.5011826102879465,1.0000305189751728,3.000045778462759,0.3152,32.5816,0.300000000000001,32.60000000000005,0.004122897809980191,0.0007295681058896338,-0.0018424342607250318,290.7390119995721,1.7980261080424775,0.00014702797756143085,295.6197375365959,296.21892886553394,296.182647018434,296.4031120455752,296.7207523637278,0.32437472525449956,0.3152779879963484,0.2941269265912271,0.2729933250161574,88335.6112116083,295.97112469716245,0.024340989741486314,1.915922684210459,152.80772005245205,14.575499434037413,166.60765512948572,138.39884127203825
2049-06-01,Kampala,11573.29113153154,0.4988173897120534,19.0,0.0720095219202539,0.927990478079746,0.5011826102879465,1.0000305189751728,3.000045778462759,0.3152,32.5816,0.300000000000001,32.60000000000005,0.0016007915770568503,-6.251388102329435e-05,-0.0018846244366299326,289.71743400637496,1.8518144519278639,7.993565615097455e-05,295.2378144489706,295.8902742114752,295.93208827035903,296.15440607386614,296.4649965853898,0.30228391570505214,0.28626161195269956,0.2737571606532889,0.27428087214222235,88401.25099615469,295.5968007905758,-0.07925786727458756,1.5243457237674105,85.21161119800685,13.71065981324345,140.15097841127584,129.61629681057454
2049-07-01,Kampala,11573.29113153154,0.4988173897120534,19.0,0.0720095219202539,0.927990478079746,0.5011826102879465,1.0000305189751728,3.000045778462759,0.3152,32.5816,0.300000000000001,32.60000000000005,0.0009693882093875253,-0.0005398915482685969,-0.0016895178112739107,289.0967490147803,1.7336009006172592,5.324511557560675e-05,295.0526130721272,295.66960016848685,295.71778189494535,295.86148836233514,296.2909261156455,0.26625853757806817,0.2537315964648679,0.24780481366037704,0.26799593578805087,88418.10696272645,295.2965621487683,-0.12830047991817797,0.9515059366151065,78.89808135914589,12.966316547208333,99.8750164813939,128.2826664876785
2049-08-01,Kampala,11573.29113153154,0.4988173897120534,19.0,0.0720095219202539,0.927990478079746,0.5011826102879465,1.0000305189751728,3.000045778462759,0.3152,32.5816,0.300000000000001,32.60000000000005,0.0017370255694950916,-0.0007852839774815897,-0.001833690444364054,289.7690733561937,1.7360277602666203,9.248043218968781e-05,295.3521889162065,295.89849125797707,295.94863690066353,295.91818599423004,296.0569449359318,0.28028399726609576,0.2586363237197297,0.23346845865488425,0.25844915375407224,88385.68709346671,295.4416935336043,-0.12952015705485176,0.2998559585944137,108.28695550862555,15.315360062744228,83.11220721898802,133.5076967096344
2049-09-01,Kampala,11573.29113153154,0.4988173897120534,19.0,0.0720095219202539,0.927990478079746,0.5011826102879465,1.0000305189751728,3.000045778462759,0.3152,32.5816,0.300000000000001,32.60000000000005,0.0022858986462270053,-0.0007390141145776157,-0.0019432599721590442,290.40915897461537,1.7636966772267653,0.00010981947187099696,295.68634825709717,296.38555567273823,296.2229011930846,296.19684775274953,296.0101347684476,0.29848629900308854,0.2743274543787077,0.24280318696171432,0.2512482603249079,88299.60675858917,295.7034609528545,-0.0012025410291567496,-0.0005238322138667595,154.49635461208692,15.918433073806028,108.46775055320138,129.8187675977334
2049-10-01,Kampala,11573.29113153154,0.4988173897120534,19.0,0.0720095219202539,0.927990478079746,0.5011826102879465,1.0000305189751728,3.000045778462759,0.3152,32.5816,0.300000000000001,32.60000000000005,0.0033524070727364032,-0.0005641225857707986,-0.0019127209434585248,290.7035527230458,1.7473691603231698,0.00013961211906596412,295.7939117377454,296.39554284009563,296.3852588532658,296.2978528208415,296.1254485644295,0.31375105909996975,0.2925565856649126,0.2577317849361509,0.2509709148693717,88257.13365713481,295.787403434867,0.20497649918659946,-0.02371972797419556,163.73094553459205,9.579633150293029,139.89429192586388,126.95059987889216
2049-11-01,Kampala,11573.29113153154,0.4988173897120534,19.0,0.0720095219202539,0.927990478079746,0.5011826102879465,1.0000305189751728,3.000045778462759,0.3152,32.5816,0.300000000000001,32.60000000000005,0.004207979576127337,4.1128047382313205e-05,-0.0017649564999084493,290.60944936978336,1.746507397849895,0.0001792004264058483,295.6231105407156,296.1652641554436,296.1950931111863,296.202632195011,296.200390935426,0.32386676970469336,0.30905946822780384,0.2811591453916204,0.26079965392012294,88218.6196037298,295.58149497541797,0.2633771158006367,0.32815280703509814,186.12398391680654,12.227211652491844,167.0158725292198,133.19719750642406
2049-12-01,Kampala,11573.29113153154,0.4988173897120534,19.0,0.0720095219202539,0.927990478079746,0.5011826102879465,1.0000305189751728,3.000045778462759,0.3152,32.5816,0.300000000000001,32.60000000000005,0.002691151627112086,0.00018670235217967595,-0.0019350981322983833,290.38801669314665,1.748421047332517,0.0001311828980604606,295.7565743123771,296.3590674681444,296.34735640333355,296.21149246160576,296.20233070076733,0.3105420346373691,0.2954319852523183,0.2836138697131993,0.26880889898306554,88228.29514100951,295.7813048040673,0.20573621696713423,0.7270482493976939,129.8110618684051,14.13725082060897,158.73095230686653,140.34544033477243
2050-01-01,Kampala,11573.29113153154,0.4988173897120534,19.0,0.0720095219202539,0.927990478079746,0.5011826102879465,1.0000305189751728,3.000045778462759,0.3152,32.5816,0.300000000000001,32.60000000000005,0.001572522219093725,-0.00031397975492321735,-0.002148289262617499,289.9782754644829,1.7524471290000527,7.420323216129573e-05,296.27383765669043,296.83904439255673,296.7430159487193,296.54248007760054,296.3086199097097,0.28051198934552196,0.2659912555116728,0.25533350383527054,0.2630393063800465,88210.97972298927,296.4159328867634,0.07367295522399823,0.9294162780611692,96.56536922381115,18.934861281567592,132.01116174997452,141.57736242215776
2050-02-01,Kampala,11573.29113153154,0.4988173897120534,19.0,0.0720095219202539,0.927990478079746,0.5011826102879465,1.0000305189751728,3.000045778462759,0.3152,32.5816,0.300000000000001,32.60000000000005,0.0017980735115683843,-0.0006197127975619375,-0.0022624050191480073,290.47627247877665,1.74642920917579,6.26721697963614e-05,296.8458411963595,297.49770932315425,297.3291514548646,297.1003632739738,296.51164712670976,0.2693578082593259,0.24801313047281548,0.23432308731788157,0.2562253812158382,88182.1150692454,296.993151255395,0.09314468273655066,1.4407450511311701,76.00267171910843,15.999336557385595,94.05882141152637,138.9664371615132
2050-03-01,Kampala,11573.29113153154,0.4988173897120534,19.0,0.0720095219202539,0.927990478079746,0.5011826102879465,1.0000305189751728,3.000045778462759,0.3152,32.5816,0.300000000000001,32.60000000000005,0.0034834376411606834,-0.0003757044734530009,-0.002158398090045656,290.86708817153453,1.7867137494338678,9.839595061032648e-05,296.6599416535721,297.246331817881,297.18161220173613,297.1752485806049,296.8330079937124,0.29228131108058925,0.2704732407228634,0.23716147452786304,0.2514708091539388,88174.99483489434,296.72488769671247,0.3018133964164925,1.6452036186502592,158.74892728519282,7.008112153454897,102.90361838369249,136.3605880236831
2050-04-01,Kampala,11573.29113153154,0.4988173897120534,19.0,0.0720095219202539,0.927990478079746,0.5011826102879465,1.0000305189751728,3.000045778462759,0.3152,32.5816,0.300000000000001,32.60000000000005,0.004902993161753174,0.00023496686881698404,-0.001796830054912773,290.95656785795154,1.7711916339905573,0.00015093519767848373,295.88438606423625,296.5525365439602,296.52535728481024,296.73359603598266,296.8931347136101,0.32067683207502107,0.3115742162045562,0.27526004191665293,0.2552462703022335,88217.66960178064,296.12265916781234,0.17920351679291263,1.9875417293432232,193.29011519377548,9.885655829266485,138.64563493361374,141.48237445530455
2050-05-01,Kampala,11573.29113153154,0.4988173897120534,19.0,0.0720095219202539,0.927990478079746,0.5011826102879465,1.0000305189751728,3.000045778462759,0.3152,32.5816,0.300000000000001,32.60000000000005,0.00413326489465536,0.0007633420376541928,-0.0017971907967136538,290.7495484968068,1.8198349886510345,0.0001507721107772384,295.68803714041115,296.25391377054626,296.1737468655649,296.2994984420314,296.70236170546,0.3208673898015577,0.307769374942237,0.29643120857003014,0.2714325782143795,88331.98718052417,295.93459730193126,-0.018577176707476595,1.976572328128528,157.52803130539914,12.300139156388946,165.98102170297037,138.02386792003847
2050-06-01,Kampala,11573.29113153154,0.4988173897120534,19.0,0.0720095219202539,0.927990478079746,0.5011826102879465,1.0000305189751728,3.000045778462759,0.3152,32.5816,0.300000000000001,32.60000000000005,0.0016155167164144822,5.693903606242352e-05,-0.0017626648548644886,289.7961951826225,1.8423387340396205,8.1441999512858e-05,295.3109097005313,295.90410065331605,296.03074937648205,296.2144886927441,296.48262447392125,0.2990454706493656,0.28787164404852517,0.27228173717739157,0.27235475755427385,88410.00457154053,295.5726058649843,-0.07471304437343997,1.3792032642096859,91.75496887649922,15.36076188518317,144.91897140880428,131.68024601949838
2050-07-01,Kampala,11573.29113153154,0.4988173897120534,19.0,0.0720095219202539,0.927990478079746,0.5011826102879465,1.0000305189751728,3.000045778462759,0.3152,32.5816,0.300000000000001,32.60000000000005,0.0007009151637516668,-0.000666927605337954,-0.0017154848455974729,289.02657084566863,1.7718245814745681,4.8697324203806316e-05,295.0603890303769,295.6296698508579,295.7289606183027,295.8576277970261,296.25044704927325,0.26645397158292183,0.2512639758290092,0.24714354407367578,0.26385602541233594,88421.61333756492,295.32034357612895,-0.12863415888605798,1.0583172145036888,69.66476540699162,10.691052444551735,102.33399080596952,128.4187804765234
2050-08-01,Kampala,11573.29113153154,0.4988173897120534,19.0,0.0720095219202539,0.927990478079746,0.5011826102879465,1.0000305189751728,3.000045778462759,0.3152,32.5816,0.300000000000001,32.60000000000005,0.0016501739341446707,-0.000822914870818755,-0.0018318125731291545,289.6261297340031,1.7781793948557336,8.968140336380554e-05,295.2557049224684,295.9861375182761,295.9697066918153,295.96818851548693,296.11534285285535,0.27754528394087546,0.2548023186615032,0.2296048928475764,0.25502330035361587,88373.59727846186,295.3513209945202,-0.15099197543700255,0.35247723223858274,99.01897642345408,14.956499869750035,77.70713511120762,133.28256239519345
2050-09-01,Kampala,11573.29113153154,0.4988173897120534,19.0,0.0720095219202539,0.927990478079746,0.5011826102879465,1.0000305189751728,3.000045778462759,0.3152,32.5816,0.300000000000001,32.60000000000005,0.002272715782541398,-0.0006931704903552147,-0.0018981590633259085,290.3206507297695,1.751897927352935,0.00011084236411946316,295.6431841633332,296.34250565802313,296.3150294495602,296.1948608926917,296.08206886860086,0.2940827558843566,0.27653620907198256,0.2375018092038547,0.24902557639750356,88319.87790410972,295.727049995496,0.002057828998793993,0.0948664827148889,140.95435480393627,13.788771322845102,99.51255120576934,130.90537475578515
2050-10-01,Kampala,11573.29113153154,0.4988173897120534,19.0,0.0720095219202539,0.927990478079746,0.5011826102879465,1.0000305189751728,3.000045778462759,0.3152,32.5816,0.300000000000001,32.60000000000005,0.0033251246770776527,-0.0006206730445504219,-0.001846718438040968,290.64511027406076,1.7613610824877528,0.00014679681672465807,295.80935594820056,296.42684164642793,296.35086515404464,296.3019304069637,296.1563232616482,0.30551323319979734,0.29039864705387003,0.25315702138676427,0.24610809206388254,88244.37728461727,295.7622177857224,0.20256137451606454,0.09605489186011272,177.67294516012157,14.126348822954022,141.04991331431538,127.82160114251396
2050-11-01,Kampala,11573.29113153154,0.4988173897120534,19.0,0.0720095219202539,0.927990478079746,0.5011826102879465,1.0000305189751728,3.000045778462759,0.3152,32.5816,0.300000000000001,32.60000000000005,0.004085287919223297,5.565077728968003e-05,-0.0016751813513581405,290.62902738065293,1.7684206497485635,0.00017999999632839565,295.5853074004269,296.21666808499793,296.27002131051194,296.20515350407925,296.27970056902024,0.3212312495754955,0.3046181015601147,0.2764872041639625,0.2525101582443195,88226.94501493056,295.63423572744784,0.2662555096834298,0.40173211356872296,185.9317872901281,12.223579386350462,167.8955738205287,132.22872294843853
2050-12-01,Kampala,11573.29113153154,0.4988173897120534,19.0,0.0720095219202539,0.927990478079746,0.5011826102879465,1.0000305189751728,3.000045778462759,0.3152,32.5816,0.300000000000001,32.60000000000005,0.002536245216765077,0.0001412950981063308,-0.0018309952134775626,290.35817818275183,1.7645042266997601,0.00012752959281010437,295.80491020332437,296.3792091013165,296.2518291666501,296.1716664078966,296.1834495910098,0.3109636766034305,0.2959486938473329,0.28312133501313386,0.2657638535449579,88236.38689734017,295.9656404605417,0.1812295826177035,0.6450686854236698,129.13064301341322,12.660388180063336,157.36035916345176,139.07780268171547
2025-07-01,Kasese,10529.614022288868,0.827247341034288,19.0,0.0,1.0,0.1098988295973021,1.0000305189751728,3.999954221537241,0.1699,30.0781,0.200000000000001,30.100000000000016,0.0017231129974243796,0.0003983044117216275,-0.0022400056043183477,288.7418499182757,1.179839915553114,0.0001228101480232263,295.62676414727775,296.02086908060755,296.02161413266225,296.0186567094348,296.088398448839,0.3707728920237749,0.38060948448693077,0.3838234883969049,0.37915248646738775,89466.45167006907,297.39804017236713,-0.46730768390552213,0.10747645066590326,34.47332731543566,-6.658682369005687,56.08904236680104,69.3504268200812
2025-08-01,Kasese,10529.614022288868,0.827247341034288,19.0,0.0,1.0,0.1098988295973021,1.0000305189751728,3.999954221537241,0.1699,30.0781,0.200000000000001,30.100000000000016,0.0026037813609867647,0.0004745531119355055,-0.0023757907571581335,289.6078282412718,1.1904819083737126,0.00015738358326519377,295.82229601126835,296.2727133861217,296.40758645521646,296.22321733392425,296.1231257971992,0.39282040368318955,0.3828088292363951,0.37927934219997844,0.37423122962944316,89426.72014455522,297.2802305406676,-0.4474090002245733,0.06940962256389457,74.9681006076885,-7.445048421011102,50.429368639773834,77.2075597111957
2025-09-01,Kasese,10529.614022288868,0.827247341034288,19.0,0.0,1.0,0.1098988295973021,1.0000305189751728,3.999954221537241,0.1699,30.0781,0.200000000000001,30.100000000000016,0.003250698069454563,0.0006368563258767077,-0.002588511409768226,290.02150513959947,1.1874234182413583,0.0001918458970915126,295.76889782187203,296.3142593146336,296.3033861135001,296.2645617967762,296.10778350486015,0.4062002722083233,0.3995565133867736,0.37731363813431695,0.37350197492392273,89348.5146191292,297.15749124564695,-0.4141439742680028,0.03791270151017849,96.33230008516216,-4.361732068603146,66.71383653528889,77.55132014764105
2025-10-01,Kasese,10529.614022288868,0.827247341034288,19.0,0.0,1.0,0.1098988295973021,1.0000305189751728,3.999954221537241,0.1699,30.0781,0.200000000000001,30.100000000000016,0.004362820073872223,0.001110864284347524,-0.002757694294385633,290.52521483184444,1.183608724861848,0.00021195482937176393,295.48357307213126,296.0728259349275,296.0885334317152,296.1802190120333,296.2017579912182,0.42817634654232123,0.41373213826099325,0.37885558816624954,0.3769937206496714,89291.66689449486,296.8489353337157,-0.41738923417311025,-0.052344584444304953,118.17534908718345,-4.286707567578855,98.01805854834278,76.03067329881446
2025-11-01,Kasese,10529.614022288868,0.827247341034288,19.0,0.0,1.0,0.1098988295973021,1.0000305189751728,3.999954221537241,0.1699,30.0781,0.200000000000001,30.100000000000016,0.005786105507174932,0.0022618597574673976,-0.0029363463224337362,290.9385842508716,1.1988573402320266,0.0002718052520348943,294.5368315541587,295.1830537597698,295.34299245870426,295.5856346147526,296.04780471411976,0.4501067109773001,0.4465517237260843,0.39382248742165094,0.38028030835736115,89292.5647454361,296.2721806388198,-0.4433757652940478,-0.24668505543852826,105.45172357048114,-5.688799241450432,111.39006864502689,77.39733037093148
2025-12-01,Kasese,10529.614022288868,0.827247341034288,19.0,0.0,1.0,0.1098988295973021,1.0000305189751728,3.999954221537241,0.1699,30.0781,0.200000000000001,30.100000000000016,0.0038089418683689286,0.0016351814701377058,-0.0029797122187006026,290.36565070377446,1.1952882910385596,0.00021887633296195693,295.0498989823148,295.5870795584129,295.5395816508304,295.5745969052069,295.8008728971714,0.4218054740439993,0.42666494044343967,0.39950189485121135,0.3805436917781345,89261.47944527722,296.94340904420034,-0.4337357710899358,-0.5063761908153467,67.37590958682819,-8.549652413916531,98.91520444148466,82.0349470616162
2026-01-01,Kasese,10529.614022288868,0.827247341034288,19.0,0.0,1.0,0.1098988295973021,1.0000305189751728,3.999954221537241,0.1699,30.0781,0.200000000000001,30.100000000000016,0.0022120734683986885,0.0007458257341973275,-0.002527808973294918,289.73196151194827,1.2007493624940306,0.00013842046482135357,296.18060304683144,296.6373097576177,296.4868399603974,296.1956179958943,295.8715688836857,0.39027513546520665,0.3930602138349624,0.3881509871857782,0.3773248894878867,89231.90718203706,297.86734054497737,-0.23487410805952535,-0.3903826762681361,28.44209460681376,-7.078355018823873,68.79036180534469,81.9551594185527
2026-02-01,Kasese,10529.614022288868,0.827247341034288,19.0,0.0,1.0,0.1098988295973021,1.0000305189751728,3.999954221537241,0.1699,30.0781,0.200000000000001,30.100000000000016,0.0027336089998792825,0.0006962259944968373,-0.002296494362190141,289.8812520394694,1.2036858727662458,0.00013804114937481584,297.3203880209395,297.6637261283566,297.52894535978356,297.01565383174835,296.101447113337,0.37099488044484474,0.3773992999220079,0.37312919557353563,0.37405724222915476,89174.6494806612,298.5373250821312,-0.22907704678428428,-0.32771198973631144,35.987462727572144,-7.614094951465814,46.66564803335537,75.92718000422286
2026-03-01,Kasese,10529.614022288868,0.827247341034288,19.0,0.0,1.0,0.1098988295973021,1.0000305189751728,3.999954221537241,0.1699,30.0781,0.200000000000001,30.100000000000016,0.004961885588427816,0.0015535522938933156,-0.0027153282420250982,290.8546864638533,1.199891733441115,0.00020525873179782906,296.4708847793076,296.9890559137373,297.09713855660215,297.0172665339917,296.5123420219379,0.41363467435966295,0.4074689844573465,0.3839200984413494,0.3756998312480349,89190.6652896927,297.9651345786313,-0.32783113845152834,-0.17589479514475975,87.66580153616039,-6.74439205082007,50.06333645556895,72.87324000888633
2026-04-01,Kasese,10529.614022288868,0.827247341034288,19.0,0.0,1.0,0.1098988295973021,1.0000305189751728,3.999954221537241,0.1699,30.0781,0.200000000000001,30.100000000000016,0.006251975123657793,0.002295025442793509,-0.0030097802054970084,291.3015501645836,1.2120714157364032,0.00026647422534971024,295.5193095220984,296.1023463636593,296.1814301312843,296.4062149257812,296.51554028352695,0.4376510452910055,0.4319900353504784,0.39946420367842206,0.3806113372605015,89245.27585305068,297.28866049247904,-0.4185149781800964,0.015339276627034212,131.3675402265164,-8.645676007228001,86.26519547807904,74.721861483282
2026-05-01,Kasese,10529.614022288868,0.827247341034288,19.0,0.0,1.0,0.1098988295973021,1.0000305189751728,3.999954221537241,0.1699,30.0781,0.200000000000001,30.100000000000016,0.005720572834657856,0.0025264007651566653,-0.0030560628057741536,291.1565559400847,1.2650878396546865,0.0002622450451556209,295.0442603975289,295.70502523088794,295.69295484459633,295.9288774706445,296.3718157491849,0.4449910687240525,0.44316051177132787,0.41527174372933595,0.38259175959607,89346.36414431338,297.23832075803904,-0.425552048480259,0.1182430051569001,95.15172835692647,-7.257335935791906,104.72957257244929,71.64524559592245
2026-06-01,Kasese,10529.614022288868,0.827247341034288,19.0,0.0,1.0,0.1098988295973021,1.0000305189751728,3.999954221537241,0.1699,30.0781,0.200000000000001,30.100000000000016,0.003370016086945471,0.0014716356862083972,-0.0027110181464914734,289.99553743872747,1.2777510086336659,0.0001902879973196111,295.21035634335556,295.6515580398472,295.7245108543397,295.8533317308369,296.0996867394702,0.4130929368319375,0.4231936943383642,0.4044404017772749,0.38191201106012745,89416.06161625238,297.3316987833945,-0.4394030610235655,0.09437518132096794,46.99661654909919,-7.938248843620347,91.38935549366109,69.84276507103176
2026-07-01,Kasese,10529.614022288868,0.827247341034288,19.0,0.0,1.0,0.1098988295973021,1.0000305189751728,3.999954221537241,0.1699,30.0781,0.200000000000001,30.100000000000016,0.0013378622544314447,0.00033008664458901004,-0.002236242328081828,288.67102748215706,1.1982178741424852,0.00011163161846069078,295.69526666375606,296.14374916073984,296.09921764853203,295.99253297267825,296.073179713891,0.36949360123090524,0.38100813775271003,0.3846167209922266,0.3798325349308083,89406.726121641,297.4261567757339,-0.4832523407906874,0.07601992787570223,26.725979225060794,-5.933716138754439,57.356671615428986,71.12116058333281
2026-08-01,Kasese,10529.614022288868,0.827247341034288,19.0,0.0,1.0,0.1098988295973021,1.0000305189751728,3.999954221537241,0.1699,30.0781,0.200000000000001,30.100000000000016,0.0025282724853276347,0.0003483867530293879,-0.0024352526522537624,289.56324666022385,1.2264807081642954,0.0001567170964648994,295.8359531900229,296.3281109725325,296.2581756483485,296.1888100347808,296.053016534882,0.3920431185831128,0.38638581005664085,0.3755807001060939,0.37529227095484285,89368.22114879367,297.1923219517797,-0.4454518539749516,0.09235801944064156,69.53232341335399,-7.157835781577015,53.18069415151786,75.8636110887305
2026-09-01,Kasese,10529.614022288868,0.827247341034288,19.0,0.0,1.0,0.1098988295973021,1.0000305189751728,3.999954221537241,0.1699,30.0781,0.200000000000001,30.100000000000016,0.0031380854153127673,0.0005397221732162264,-0.002660180867541017,290.08515966436426,1.2157380925734296,0.0001877989853977766,295.75992567099024,296.2054444524099,296.271364186562,296.17709673264784,296.0579916536145,0.40751039575309356,0.3996946848055099,0.37735061979845397,0.37409871071297013,89297.03726038599,297.0999155794173,-0.4333889880376466,-0.00128188355658828,105.29838913682441,-10.507739865061463,66.6306878947826,78.46689626213117
2026-10-01,Kasese,10529.614022288868,0.827247341034288,19.0,0.0,1.0,0.1098988295973021,1.0000305189751728,3.999954221537241,0.1699,30.0781,0.200000000000001,30.100000000000016,0.004555917588273007,0.000981398732376121,-0.002676062481845052,290.4659706881062,1.2207159479186434,0.00021607793393044663,295.33572779117475,296.0190027522338,295.9512685950426,296.16194273202643,296.07410307335584,0.42514999127546826,0.4105679858980048,0.3838447479748945,0.3768554608458411,89221.747424267,296.6836684616735,-0.4113599194888638,-0.06474456864090754,119.27599654494895,-4.165773366208779,96.38522017834114,74.83751102453344
2026-11-01,Kasese,10529.614022288868,0.827247341034288,19.0,0.0,1.0,0.1098988295973021,1.0000305189751728,3.999954221537241,0.1699,30.0781,0.200000000000001,30.100000000000016,0.005764537006323995,0.00209437310529791,-0.002939183286290651,290.92705045578185,1.2083726342186116,0.00027084399837511527,294.5760535387044,295.25511541137996,295.3838839530583,295.643115185995,296.026331222979,0.4540332398371557,0.44161669523472913,0.39728553423124324,0.3810859039669378,89209.85682429567,296.1808983397954,-0.42869507600637574,-0.28040942293935606,111.03806617284965,-10.376572486798494,109.18219812232041,78.8351891578033
2026-12-01,Kasese,10529.614022288868,0.827247341034288,19.0,0.0,1.0,0.1098988295973021,1.0000305189751728,3.999954221537241,0.1699,30.0781,0.200000000000001,30.100000000000016,0.00405721746511672,0.0017928063772128413,-0.002958604362676811,290.37223538235156,1.2085159631452984,0.00021450393887714725,294.9707345700567,295.4825185805283,295.4697664172467,295.497676819552,295.71508690694145,0.42728467896106576,0.43170818520486376,0.40153173657059027,0.38371144267769075,89221.23637944392,296.7878041194052,-0.40161794762149433,-0.4673964974757879,67.46721957736288,-8.799195478015726,100.64298693688656,80.87873944554856
2027-01-01,Kasese,10529.614022288868,0.827247341034288,19.0,0.0,1.0,0.1098988295973021,1.0000305189751728,3.999954221537241,0.1699,30.0781,0.200000000000001,30.100000000000016,0.0023486653972151607,0.0007829736211666881,-0.002568669175403902,289.80951810327196,1.2264598866739136,0.00013429981420588828,296.19900766240653,296.5867965012495,296.5258967656866,296.1257852462464,295.7744881018412,0.3875473334622726,0.39158814128120006,0.38480212505613093,0.38067545624152976,89164.22092934261,297.968231301043,-0.2304858593685582,-0.399460488356695,36.211303012744295,-7.665724862827582,69.30832394950089,81.01426949947445
2027-02-01,Kasese,10529.614022288868,0.827247341034288,19.0,0.0,1.0,0.1098988295973021,1.0000305189751728,3.999954221537241,0.1699,30.0781,0.200000000000001,30.100000000000016,0.0025334599704447116,0.0006047296948143604,-0.002298899162961516,289.69467997280844,1.224189888067743,0.0001309660241943504,297.3215984919365,297.74475178487495,297.45536222017165,296.9890622256637,296.07538330740846,0.36492482117382063,0.3756899646728471,0.3765440309041265,0.3771803503406369,89115.24495149271,298.5346958947546,-0.24844990405878675,-0.3481727919958439,37.47756205023071,-7.115047154482456,47.0678999391506,75.80055989858384
2027-03-01,Kasese,10529.614022288868,0.827247341034288,19.0,0.0,1.0,0.1098988295973021,1.0000305189751728,3.999954221537241,0.1699,30.0781,0.200000000000001,30.100000000000016,0.005035595735685667,0.0014534235083544932,-0.002726467576636956,290.70278206332733,1.242029316656999,0.00021273628592782982,296.2287621321354,296.8497058320555,296.9148542481721,296.9279058237074,296.43453164363814,0.4170748943968142,0.4075752257394418,0.38722280603357806,0.3761418420970081,89116.07152311625,297.70409876535314,-0.33712294023361494,-0.1776164849460429,82.74406745047982,-7.980214413898007,48.70629849229328,72.34581743945459
2027-04-01,Kasese,10529.614022288868,0.827247341034288,19.0,0.0,1.0,0.1098988295973021,1.0000305189751728,3.999954221537241,0.1699,30.0781,0.200000000000001,30.100000000000016,0.005874676047435304,0.002212902799109425,-0.003004028297660553,291.1568331735898,1.230759342066204,0.00025702664260633873,295.6215117069941,296.16049052963143,296.13781280437644,296.4064840466753,296.4913486700699,0.4364319427026427,0.43091469794144116,0.4010901602953758,0.3791857364376368,89165.53000061239,297.3204668443955,-0.4311405364028812,0.008759608884529972,131.38355088351443,-6.7269356120294335,85.82864657712318,74.15814695719473
2027-05-01,Kasese,10529.614022288868,0.827247341034288,19.0,0.0,1.0,0.1098988295973021,1.0000305189751728,3.999954221537241,0.1699,30.0781,0.200000000000001,30.100000000000016,0.005479523575603154,0.0023084870368684355,-0.00306400665946688,291.2262142023089,1.2882609156733376,0.000264576757819637,295.0205181721858,295.5837487020645,295.6757016993084,295.9022317578715,296.31328070348883,0.44272046917964675,0.44898810756254925,0.41283322807098094,0.3829242731331885,89278.59809364134,297.1504908835798,-0.4213100751284336,0.12509589587959422,92.69410360558214,-9.495600952514602,105.63813102756697,72.20774762924638
2027-06-01,Kasese,10529.614022288868,0.827247341034288,19.0,0.0,1.0,0.1098988295973021,1.0000305189751728,3.999954221537241,0.1699,30.0781,0.200000000000001,30.100000000000016,0.004036018076149317,0.0016993649934535495,-0.002674380181824446,290.0865713726085,1.2774035145809153,0.0002056040879224053,294.9645384696073,295.56708071363346,295.55384290522403,295.76178036129113,296.1726326480189,0.41855342992246275,0.4235720375887168,0.4072674161660285,0.3851914196368273,89330.1741486491,297.1293740593134,-0.38136660848824283,0.1159937128161472,52.35414536759847,-5.229346973052565,91.68391960163603,69.49929088237148
2027-07-01,Kasese,10529.614022288868,0.827247341034288,19.0,0.0,1.0,0.1098988295973021,1.0000305189751728,3.999954221537241,0.1699,30.0781,0.200000000000001,30.100000000000016,0.0014598284456928444,0.0003035662529814537,-0.0022568825187041426,288.6512101769259,1.2568972446186935,0.00010965120841293392,295.6489228798311,296.1727353961168,296.0295007558263,295.9689825034148,295.9792909441727,0.366139741166973,0.382201274780188,0.39051316758516813,0.38028260743188214,89348.78399436962,297.53550727682045,-0.5089565817313394,0.05819951805226198,28.10342352148833,-6.709127250681243,59.18972380988705,68.8984507694236
2027-08-01,Kasese,10529.614022288868,0.827247341034288,19.0,0.0,1.0,0.1098988295973021,1.0000305189751728,3.999954221537241,0.1699,30.0781,0.200000000000001,30.100000000000016,0.002564359498791097,0.0003257910578030894,-0.002429540385770374,289.54203342577443,1.2535866468185732,0.00016041866770957503,295.7269435855234,296.1585045044521,296.24494302239526,296.16712046779037,295.98448382590516,0.39591195341000435,0.3901698919457367,0.37736915660102405,0.3770793963455465,89309.69094723379,297.06085511536963,-0.4407050519020384,0.10260963707276985,68.82085478326415,-8.046793198673903,49.50435188187832,75.29724869462507
2027-09-01,Kasese,10529.614022288868,0.827247341034288,19.0,0.0,1.0,0.1098988295973021,1.0000305189751728,3.999954221537241,0.1699,30.0781,0.200000000000001,30.100000000000016,0.0030554318582106206,0.00045891478455790485,-0.0026010095669591385,290.1534509005513,1.215314540044286,0.00018339424975904003,295.5828890769734,296.25412385007104,296.16044787469986,296.14939067823997,296.0335535692827,0.3999070283717947,0.3985614051017575,0.38251561907656567,0.3710780666615684,89238.49405442596,297.134635582604,-0.4350753835311834,0.008122880522462362,104.03287413731101,-6.863092215779072,68.37680547821923,77.71766574199496
2027-10-01,Kasese,10529.614022288868,0.827247341034288,19.0,0.0,1.0,0.1098988295973021,1.0000305189751728,3.999954221537241,0.1699,30.0781,0.200000000000001,30.100000000000016,0.004644358625026492,0.0009879992562291376,-0.002707615457452418,290.5458404825783,1.2347002961786422,0.00021827763474647108,295.3214274175566,295.91820972012937,295.9144419980252,296.03369411672645,296.0339136038505,0.4266583333394377,0.4138875305365594,0.3881616721188387,0.37757568708118605,89160.82702827977,296.535289064092,-0.40324206007639063,-0.09339643201844847,118.85625711713813,-8.972516150546198,98.0423432562622,77.55863579684934
2027-11-01,Kasese,10529.614022288868,0.827247341034288,19.0,0.0,1.0,0.1098988295973021,1.0000305189751728,3.999954221537241,0.1699,30.0781,0.200000000000001,30.100000000000016,0.005670793742660806,0.0020642374020276664,-0.002978929774123122,290.89027157693005,1.2413162185114928,0.000268292394047548,294.5313986959629,295.13868077359706,295.2746846834804,295.61454549692405,295.9902632073705,0.44914709137177616,0.4453431490185275,0.3984361942162888,0.38336920073616276,89162.83221743585,296.21165915475336,-0.4366685869835033,-0.24180941180718063,111.71690398494133,-6.2122248611348265,110.41231412058407,78.89584664880444
2027-12-01,Kasese,10529.614022288868,0.827247341034288,19.0,0.0,1.0,0.1098988295973021,1.0000305189751728,3.999954221537241,0.1699,30.0781,0.200000000000001,30.100000000000016,0.0041728121181660695,0.001774192370379786,-0.0030099426781261592,290.57059169245724,1.233405967599228,0.0002273980372003328,294.9014985454833,295.4221437176937,295.31119721954855,295.3867991684185,295.7139041271558,0.43302944125205173,0.4343124640046104,0.4021230288338536,0.3843087985037692,89173.51542887265,296.7637695817807,-0.3860008671885304,-0.41552184160339106,60.91630001897866,-7.147441298220059,98.12772902028154,80.0925686767938
2028-01-01,Kasese,10529.614022288868,0.827247341034288,19.0,0.0,1.0,0.1098988295973021,1.0000305189751728,3.999954221537241,0.1699,30.0781,0.200000000000001,30.100000000000016,0.0020227173974739733,0.0006940427495665263,-0.0025349111845353587,289.9139716142898,1.2214941906069259,0.00012994367230871357,296.13692112765466,296.533838443165,296.46155160741097,296.0491743152847,295.7424777437468,0.3849842041388195,0.3986623816693867,0.3872085932147476,0.3838331268653489,89085.94211504178,297.8748189832945,-0.23081638830232895,-0.4355958292396756,28.793518988110222,-5.424162138702661,66.52110738233343,79.85716537462275
2028-02-01,Kasese,10529.614022288868,0.827247341034288,19.0,0.0,1.0,0.1098988295973021,1.0000305189751728,3.999954221537241,0.1699,30.0781,0.200000000000001,30.100000000000016,0.002358328938286199,0.0005099999763107791,-0.002286201702181065,289.63090207754027,1.2411426345503098,0.00013059161194502243,297.33604735090194,297.84351673969684,297.64183790554495,297.0544049396663,296.056425829578,0.367055557256406,0.3694119815131037,0.370758066671868,0.3770190810372338,89053.80313019251,298.6420816379152,-0.254857170162886,-0.3582193667724516,41.37881559059319,-7.593677620595975,45.27812123849924,74.87898877819734
2028-03-01,Kasese,10529.614022288868,0.827247341034288,19.0,0.0,1.0,0.1098988295973021,1.0000305189751728,3.999954221537241,0.1699,30.0781,0.200000000000001,30.100000000000016,0.0047742883431166295,0.0011386620644964897,-0.0026416352015757177,290.86065652614997,1.2142067759697615,0.0001998499802346872,296.5484728323771,297.20203083511416,297.11248863263484,297.03773350340606,296.4020860393536,0.4067762200169566,0.39408957498533403,0.3805618202481253,0.3776575698247662,89063.603420124,298.0269479610063,-0.3175842716214173,-0.1485526356794958,80.85615267510963,-5.616971260429092,52.73928228664646,72.85806366655179
2028-04-01,Kasese,10529.614022288868,0.827247341034288,19.0,0.0,1.0,0.1098988295973021,1.0000305189751728,3.999954221537241,0.1699,30.0781,0.200000000000001,30.100000000000016,0.006411139541438774,0.0024222816855118774,-0.0031148940213474507,291.5003583270819,1.2158731130703309,0.0002890206922034242,295.1888374920267,295.9545837147831,295.9664644798816,296.207584040135,296.43288153549423,0.4489490744649498,0.441288831420044,0.39716076509913156,0.38533573563745305,89113.45057204188,297.0489265554061,-0.420837281024816,0.0284540444071137,139.0246453008717,-7.110461817799656,86.33451347757563,75.40734025852898
2028-05-01,Kasese,10529.614022288868,0.827247341034288,19.0,0.0,1.0,0.1098988295973021,1.0000305189751728,3.999954221537241,0.1699,30.0781,0.200000000000001,30.100000000000016,0.005838633903860811,0.002907249548334457,-0.0030723568012957425,291.0646044044273,1.3752696286885833,0.000257078512229757,294.98001416681393,295.52139423577427,295.6337462215737,295.82047071416577,296.24005658154664,0.44599055854516106,0.45083110587561565,0.42101061221418334,0.38536318216125537,89231.6175109871,297.0764741921286,-0.4233979171939168,0.08854148208263773,92.69467615800987,-7.816933937648742,103.96288072957665,71.95501045574946
2028-06-01,Kasese,10529.614022288868,0.827247341034288,19.0,0.0,1.0,0.1098988295973021,1.0000305189751728,3.999954221537241,0.1699,30.0781,0.200000000000001,30.100000000000016,0.0022969872019115013,0.0008662205961591018,-0.002706986329146957,289.4874301500089,1.3475704956511456,0.00015928168049178252,295.1580901705241,295.6681638957063,295.75065611584876,295.89179086297526,296.06694044707206,0.40329758701390805,0.4176301482369271,0.41381829142556614,0.3841699879792685,89275.41275715704,297.331327860238,-0.5007491564084415,0.040893691228603625,37.478866320371736,-7.8626495629779125,89.10804614901363,69.15008030755124
2028-07-01,Kasese,10529.614022288868,0.827247341034288,19.0,0.0,1.0,0.1098988295973021,1.0000305189751728,3.999954221537241,0.1699,30.0781,0.200000000000001,30.100000000000016,0.0016483169961587908,0.0003793415831216253,-0.0022320481764073717,288.840773865963,1.222174407103635,0.00013863026564153987,295.4393532791243,295.9704410693284,295.97382472079084,295.84364084543773,295.95876654901014,0.3763065193783257,0.3841814817134815,0.38597894154678053,0.3792242797378656,89280.76146334034,297.19762977469924,-0.44895619079593985,0.11861395375944608,33.29087305899207,-8.025632772959046,54.88460319867798,69.69333836773477
2028-08-01,Kasese,10529.614022288868,0.827247341034288,19.0,0.0,1.0,0.1098988295973021,1.0000305189751728,3.999954221537241,0.1699,30.0781,0.200000000000001,30.100000000000016,0.00269634796971142,0.0003849721892243765,-0.002391445265742173,289.6044673969857,1.2174247377457634,0.00015834441339588606,295.70346957778673,296.2039985363876,296.0826486240555,296.04370680005263,295.9457277443418,0.39195353997289123,0.38908541547188247,0.3795077191629845,0.3774952140301136,89246.70720971316,297.0223902125329,-0.44091935064772675,0.0916300123276233,79.4980932690855,-8.758255966189186,47.17947201130955,74.49251174140907
2028-09-01,Kasese,10529.614022288868,0.827247341034288,19.0,0.0,1.0,0.1098988295973021,1.0000305189751728,3.999954221537241,0.1699,30.0781,0.200000000000001,30.100000000000016,0.003339874085836223,0.0006239143895321831,-0.0026691555617168205,290.0945451646573,1.2164028729062013,0.0001875890846402073,295.56873427103193,296.13345235984764,296.04432781707857,296.0056140809166,296.01184211279786,0.40828709639460253,0.40801801823787487,0.38249084323962484,0.3776211875219495,89162.26506476897,296.94163923002503,-0.3978425162726712,0.03038767937290516,94.90428915117903,-10.123375778630983,68.06471546768779,77.55771886531261
2028-10-01,Kasese,10529.614022288868,0.827247341034288,19.0,0.0,1.0,0.1098988295973021,1.0000305189751728,3.999954221537241,0.1699,30.0781,0.200000000000001,30.100000000000016,0.0042104566731689,0.0011826210873916035,-0.0027138557814713436,290.7003157584176,1.274826290023949,0.00021249788039544299,295.3297283131342,295.89276138206014,295.9311806490976,296.03808568192,295.96878457080527,0.42446913590274427,0.41959914003518434,0.386564545126146,0.3788126457147166,89124.1452801427,296.74662796301186,-0.4167485987471206,-0.05181264641196073,122.08054546011127,-6.67894790605445,99.60821896871424,74.666527650437
2028-11-01,Kasese,10529.614022288868,0.827247341034288,19.0,0.0,1.0,0.1098988295973021,1.0000305189751728,3.999954221537241,0.1699,30.0781,0.200000000000001,30.100000000000016,0.005679547227831256,0.002231338113527547,-0.0029644298762444015,290.9682108064883,1.2595907919720133,0.0002683239129334909,294.47707319402974,295.1634514713752,295.1880750251606,295.5639813553623,295.9318607790337,0.45537503922490097,0.4482255693651117,0.3997311800704004,0.38473853387637996,89096.91584648633,296.09391772391285,-0.4352252451622466,-0.28190991028897683,106.54812790045989,-7.54565885172193,107.187371947616,75.49761405604725
2028-12-01,Kasese,10529.614022288868,0.827247341034288,19.0,0.0,1.0,0.1098988295973021,1.0000305189751728,3.999954221537241,0.1699,30.0781,0.200000000000001,30.100000000000016,0.0034998528515970237,0.0016311839310506494,-0.002924474884619162,290.36839571037774,1.285567068911203,0.00021028881400555552,295.023502565823,295.40845877061395,295.51413104424614,295.43013124679777,295.6639918880939,0.42275051049263745,0.4276626750636749,0.4081355962449897,0.38631920561285094,89074.96997042953,296.7201079022759,-0.4385775759210522,-0.4997068758219576,70.23920257545075,-6.163535028633337,96.88272335647373,81.8926357792893
2029-01-01,Kasese,10529.614022288868,0.827247341034288,19.0,0.0,1.0,0.1098988295973021,1.0000305189751728,3.999954221537241,0.1699,30.0781,0.200000000000001,30.100000000000016,0.0022937138840759294,0.0008156283126689753,-0.002563788681051149,289.61839946106033,1.2558826320631604,0.00014039190746172742,296.08342710662436,296.60438676869825,296.45016362191956,296.0423020736704,295.6814428234581,0.3893273173350659,0.392654848157061,0.3892762734623128,0.38286324863751847,89049.37745775597,297.7384846205273,-0.249392005553605,-0.39713208275380457,25.69102529017201,-8.257182307186287,67.71340179926197,80.8334674797341
2029-02-01,Kasese,10529.614022288868,0.827247341034288,19.0,0.0,1.0,0.1098988295973021,1.0000305189751728,3.999954221537241,0.1699,30.0781,0.200000000000001,30.100000000000016,0.002733092565441656,0.0006369872101136115,-0.0022966907140590546,289.66314659303816,1.2674130348554375,0.00013099519968361346,297.03036105941754,297.4226423152443,297.2095592670241,296.84431606368037,296.0176120509392,0.3785019155938737,0.38723413149008606,0.3814635359315907,0.37868256597378586,88995.08309826178,298.3935712666256,-0.20528690461942176,-0.30125898924279676,39.08092026077348,-7.133761382760472,44.666232108308755,72.96099145347624
2029-03-01,Kasese,10529.614022288868,0.827247341034288,19.0,0.0,1.0,0.1098988295973021,1.0000305189751728,3.999954221537241,0.1699,30.0781,0.200000000000001,30.100000000000016,0.004875677662961242,0.0011971343472639171,-0.0026756417425026855,290.82608656204985,1.2512812388557972,0.00020663591577379373,296.45245545283444,296.9753700531933,296.93271200172103,296.93604592828837,296.34954485939113,0.4130112122059445,0.40162868512629757,0.3847404005021962,0.3815254944371009,88979.57211627706,297.87939785814115,-0.3252901194067024,-0.14592961930641088,92.45098000199552,-8.51774521552288,50.261993474743555,71.92636183975176
2029-04-01,Kasese,10529.614022288868,0.827247341034288,19.0,0.0,1.0,0.1098988295973021,1.0000305189751728,3.999954221537241,0.1699,30.0781,0.200000000000001,30.100000000000016,0.006045020223435774,0.0022928412184785923,-0.0030324219297628244,291.4823202048317,1.2666776724882005,0.0002797915826598175,295.21184677304785,295.89259653987625,295.960887707342,296.22640638255143,296.3778637538119,0.44357962786855953,0.4435414583653672,0.402062391995062,0.3831626900159256,89057.93691348284,296.996256369099,-0.40424699680680015,0.03767115975039978,131.11989587825695,-8.577047634323883,85.21842845781555,74.7422652758763
2029-05-01,Kasese,10529.614022288868,0.827247341034288,19.0,0.0,1.0,0.1098988295973021,1.0000305189751728,3.999954221537241,0.1699,30.0781,0.200000000000001,30.100000000000016,0.0055130181964277766,0.0026096833953289118,-0.003066396092419254,291.0623063124632,1.378048279611208,0.0002626710338098115,294.933610708757,295.5753273418733,295.62857464451,295.87695161416565,296.21141515440473,0.4482118549469058,0.45127592119471294,0.4191821735719303,0.3868024497681279,89154.44015543681,297.08505210425045,-0.43151069381833473,0.08200570951142966,95.80156815202325,-4.253477526426227,105.74330281104926,71.91599240035605
2029-06-01,Kasese,10529.614022288868,0.827247341034288,19.0,0.0,1.0,0.1098988295973021,1.0000305189751728,3.999954221537241,0.1699,30.0781,0.200000000000001,30.100000000000016,0.0029702009320698177,0.0013435982380484762,-0.0026572594960449316,289.6394126162237,1.3827585075561624,0.00017422308111092862,295.02306396419993,295.5580097038757,295.78752902417676,295.761103781721,296.0073747970734,0.40921772552601415,0.42386861056433367,0.4142213093402769,0.3871203660140064,89225.66872631077,297.21042123648215,-0.4689730652044639,0.08059589517257616,41.66836858562479,-6.968291649061144,87.9001144598475,68.91357773957077
2029-07-01,Kasese,10529.614022288868,0.827247341034288,19.0,0.0,1.0,0.1098988295973021,1.0000305189751728,3.999954221537241,0.1699,30.0781,0.200000000000001,30.100000000000016,0.0016227873446489176,0.0003441357767680989,-0.002274317955874987,288.8036324275491,1.2916232306493747,0.00013021265240818197,295.4466964457819,295.9694022015304,295.84150359553627,295.8069197378861,295.9139787189035,0.3689746246763747,0.38503935094324804,0.39025237723144524,0.38151956089119193,89209.95425791093,297.267952407698,-0.4551917202211341,0.10262344298024492,28.211581334116705,-5.782769624779618,55.74222515315812,68.3795869224659
2029-08-01,Kasese,10529.614022288868,0.827247341034288,19.0,0.0,1.0,0.1098988295973021,1.0000305189751728,3.999954221537241,0.1699,30.0781,0.200000000000001,30.100000000000016,0.0027123671694492526,0.00037178407898538405,-0.002455423395965002,289.64941929901704,1.2857123320685238,0.00015694174486498012,295.6584072343737,296.13835661459166,296.1292040354315,296.0827089174339,295.89912099506085,0.3928880101574151,0.390851588882176,0.381014337369836,0.37916471716702566,89181.55035895578,297.03716757104206,-0.4435194442252616,0.09786411058392078,72.0881127840245,-6.228391472117673,50.05054806414773,74.447633105366
2029-09-01,Kasese,10529.614022288868,0.827247341034288,19.0,0.0,1.0,0.1098988295973021,1.0000305189751728,3.999954221537241,0.1699,30.0781,0.200000000000001,30.100000000000016,0.0030533922282009523,0.00046216357449667443,-0.0026670239607462882,290.0939720662146,1.270282129992969,0.00018801536152633373,295.5250121060529,296.17931579729776,296.05854417919323,296.0159683432836,295.9876093162576,0.4082591499454143,0.40550298140706853,0.3859139305005472,0.3791671689751544,89094.78833272822,296.90066243501326,-0.40836357111402105,0.025568890303603622,97.5725706016424,-8.847946444549759,67.18366139656035,75.78650740794185
2029-10-01,Kasese,10529.614022288868,0.827247341034288,19.0,0.0,1.0,0.1098988295973021,1.0000305189751728,3.999954221537241,0.1699,30.0781,0.200000000000001,30.100000000000016,0.0041977325377859104,0.0010894397661018913,-0.002691630393560823,290.5250333430068,1.2779595820657106,0.00021682653642724183,295.30765330538685,295.90670583598336,296.0347222697983,296.03456329222047,295.91818739714193,0.4303435295078035,0.4182261990771872,0.3856131314397235,0.37893299459988666,89051.55652406723,296.60926940332496,-0.40760382167970904,-0.05467224884512609,117.78989981886355,-7.1703846788956325,95.35453635874136,74.04746131133531
2029-11-01,Kasese,10529.614022288868,0.827247341034288,19.0,0.0,1.0,0.1098988295973021,1.0000305189751728,3.999954221537241,0.1699,30.0781,0.200000000000001,30.100000000000016,0.0055653369589104195,0.002123258316835227,-0.0029462424253612115,291.0043599964368,1.278249889009515,0.0002713012363354528,294.3644239866241,295.09586866388884,295.25546253215816,295.5304868620983,295.8282105303999,0.45077495039672305,0.4492976438401561,0.3998532957205541,0.386883165969908,89025.43981190534,296.0259735773194,-0.43182698688692955,-0.2598831211892628,106.59190605868413,-11.294087603853182,108.31046577753612,75.98346205047272
2029-12-01,Kasese,10529.614022288868,0.827247341034288,19.0,0.0,1.0,0.1098988295973021,1.0000305189751728,3.999954221537241,0.1699,30.0781,0.200000000000001,30.100000000000016,0.0038389511226901273,0.0016510609223464245,-0.0029234289830046075,290.3514384982741,1.2895572401001125,0.00021442325421096637,294.7392198332434,295.4365605339112,295.38714653864605,295.38515177318783,295.66631307838287,0.4280932582823566,0.4299788473163867,0.4069292377957688,0.38771075692821466,89010.37682450526,296.683296149921,-0.4277049213132556,-0.4871535587412021,69.42085919401119,-8.446183072121483,97.4822549879081,80.18850760413146
2030-01-01,Kasese,10529.614022288868,0.827247341034288,19.0,0.0,1.0,0.1098988295973021,1.0000305189751728,3.999954221537241,0.1699,30.0781,0.200000000000001,30.100000000000016,0.002167908694886317,0.0006166710275685584,-0.0025671454287753614,289.89991590610936,1.2840259100866676,0.00014008365672620428,296.0708829453521,296.48851491314076,296.34146236244413,296.0490258672751,295.6329102221022,0.39074286708981215,0.3908304852528101,0.3913405032736798,0.38161031151958325,88975.99402376605,297.68607844160874,-0.238071200307261,-0.4010991675840316,29.218129961042862,-8.4009451434439,70.02182821448295,79.55611657668375
2030-02-01,Kasese,10529.614022288868,0.827247341034288,19.0,0.0,1.0,0.1098988295973021,1.0000305189751728,3.999954221537241,0.1699,30.0781,0.200000000000001,30.100000000000016,0.0025030076451983884,0.0005740657711803526,-0.0022775028083482124,289.7830744897874,1.29176945271569,0.00013206235706199026,297.1086471609238,297.5382097457621,297.3270550638084,296.9030739081145,295.9448807462513,0.3776525214005071,0.3823507062306431,0.38653064647551505,0.38116739658274557,88937.63178192113,298.3923585178488,-0.22826990202261038,-0.3062209255849692,37.712399829176256,-5.358942206296878,45.67489701252725,73.58764161015323
2030-03-01,Kasese,10529.614022288868,0.827247341034288,19.0,0.0,1.0,0.1098988295973021,1.0000305189751728,3.999954221537241,0.1699,30.0781,0.200000000000001,30.100000000000016,0.0048754295892814575,0.001355306511402458,-0.0026608541825314325,290.87271991663016,1.3102434998336983,0.00020752708278789575,296.1793844612995,296.89590160846836,296.8185709946639,296.8963308653356,296.2265314224465,0.4207777458905667,0.40590145647544446,0.390682617569055,0.38034099940472715,88942.39396472147,297.5863803784265,-0.3196091683867374,-0.16845895066287245,78.3933052987187,-7.202787957768344,49.25881905154952,71.1420551097447
2030-04-01,Kasese,10529.614022288868,0.827247341034288,19.0,0.0,1.0,0.1098988295973021,1.0000305189751728,3.999954221537241,0.1699,30.0781,0.200000000000001,30.100000000000016,0.005995468889279928,0.0022619038872208363,-0.003016157659839673,291.3160138326352,1.3121223221190719,0.00027383860915123574,295.2887990484117,295.94924866948224,296.00496692490844,296.16863167076536,296.3182768748027,0.44148511152672965,0.440456542718441,0.4046247954447622,0.38730779244662467,88989.73677210818,297.0928484286606,-0.40318534418291896,0.010223685340005218,131.54008894943883,-5.332790258998344,86.61768411431582,74.12374125751873
2030-05-01,Kasese,10529.614022288868,0.827247341034288,19.0,0.0,1.0,0.1098988295973021,1.0000305189751728,3.999954221537241,0.1699,30.0781,0.200000000000001,30.100000000000016,0.005514185766127997,0.0024187929285856185,-0.0030975511158568697,291.14413920303576,1.3813446111305032,0.0002685620891630269,294.8872879559365,295.47882472238115,295.44016792189007,295.7670522190553,296.13499275473293,0.4467973612654961,0.4493122558073716,0.4220401365443186,0.3884262634890811,89083.11442103636,296.96982681077094,-0.4089998930323042,0.1055374637455251,97.77821502635847,-4.127696748108708,103.3804163714158,70.9543828371637
2030-06-01,Kasese,10529.614022288868,0.827247341034288,19.0,0.0,1.0,0.1098988295973021,1.0000305189751728,3.999954221537241,0.1699,30.0781,0.200000000000001,30.100000000000016,0.003417702595697728,0.001379854622581377,-0.0026674402164057545,289.9303220039854,1.3788031954303688,0.00018762310527033167,294.9252695434102,295.4645997041204,295.5730510463513,295.6733068062731,295.95976557481214,0.41543451067334475,0.4234947679962169,0.4109797365303223,0.3901801261537343,89166.14519708123,297.080592831824,-0.41630621018367464,0.08190698189055878,45.820157694715455,-6.286541867556094,90.2255588039117,68.03901139565272
2030-07-01,Kasese,10529.614022288868,0.827247341034288,19.0,0.0,1.0,0.1098988295973021,1.0000305189751728,3.999954221537241,0.1699,30.0781,0.200000000000001,30.100000000000016,0.0014348983842283301,0.0002714158767379296,-0.002261885140347834,288.72813767066503,1.3138053257164561,0.00011924618766209117,295.5260235081993,295.92786802251254,295.94066665444575,295.74553815050706,295.8662158497201,0.37004743914025084,0.38573727063264057,0.39369416067419016,0.38526998138514945,89149.88226518806,297.13561742616474,-0.4757199152258289,0.09365474822706395,32.57917332838294,-7.193948294592559,56.267687989225315,68.92289652461741
2030-08-01,Kasese,10529.614022288868,0.827247341034288,19.0,0.0,1.0,0.1098988295973021,1.0000305189751728,3.999954221537241,0.1699,30.0781,0.200000000000001,30.100000000000016,0.0026721106799580618,0.00028170919180624466,-0.0024095193470263327,289.6046718515434,1.2888606883078308,0.00015817862569335095,295.6044631688107,296.01301357739516,296.03133303082,296.03624046057405,295.80094966923,0.39387761520714465,0.3916787904174397,0.38419871256203403,0.3812246035729145,89121.09734767152,296.93363658813314,-0.42758032988799016,0.08880567936255712,69.7985886394152,-9.282582309282587,50.276358052148915,72.55812223398017
2030-09-01,Kasese,10529.614022288868,0.827247341034288,19.0,0.0,1.0,0.1098988295973021,1.0000305189751728,3.999954221537241,0.1699,30.0781,0.200000000000001,30.100000000000016,0.0031216634939863455,0.0004657552570148622,-0.0026763033540139177,290.07486929127055,1.3094680412106423,0.0001871703436746818,295.6147930546975,296.12435276847145,296.04934623710153,296.0236541808526,295.899801382252,0.4082813278282187,0.40283692702259344,0.38784006279408245,0.3802510428740227,89049.2089871886,296.8477878884021,-0.427619975751232,0.035929423755199794,98.04069491864875,-5.935818085286369,67.96796767306942,77.34278816909233
2030-10-01,Kasese,10529.614022288868,0.827247341034288,19.0,0.0,1.0,0.1098988295973021,1.0000305189751728,3.999954221537241,0.1699,30.0781,0.200000000000001,30.100000000000016,0.004380810733335257,0.0010061540298497303,-0.002682726480825684,290.62781478577296,1.3246818369808708,0.00022486498306745618,295.0873263631152,295.75587709994994,295.9034158297396,295.95195770948953,295.91355344620865,0.42535207604944825,0.41826357204428166,0.39111550521508204,0.38213473857649455,88962.94355302012,296.4331118336272,-0.3923957241499956,-0.08513190929007418,119.17356923228145,-8.51334808064678,97.7792167750234,72.68443199243458
2030-11-01,Kasese,10529.614022288868,0.827247341034288,19.0,0.0,1.0,0.1098988295973021,1.0000305189751728,3.999954221537241,0.1699,30.0781,0.200000000000001,30.100000000000016,0.005712513397462391,0.0020472900920905633,-0.0029842808023666867,290.86915059516963,1.2940730285375626,0.00027847713838076584,294.42992002657854,295.0764034306841,295.1750423330599,295.4511285987513,295.79317904484753,0.4588287984915009,0.4508652367954695,0.40416783639403936,0.38719227308776866,88956.79666373204,295.96692242303453,-0.4161327186263704,-0.27199375571505635,107.09156728728904,-6.230436051051807,111.00263747128704,75.48729329254115
2030-12-01,Kasese,10529.614022288868,0.827247341034288,19.0,0.0,1.0,0.1098988295973021,1.0000305189751728,3.999954221537241,0.1699,30.0781,0.200000000000001,30.100000000000016,0.003989280271393312,0.0016361589163108447,-0.002931671019050461,290.4177814186805,1.3119836023378542,0.0002260418256824017,294.74876001908854,295.29191358790894,295.3448961080449,295.242554600097,295.6257386717141,0.4339483780764871,0.43403910145826285,0.40931992616588664,0.3888049471486769,88980.83613777872,296.6794246804773,-0.4082152369789925,-0.4439873871895668,65.86711446776917,-7.533769548976054,99.16438173559821,79.04016414022071
2031-01-01,Kasese,10529.614022288868,0.827247341034288,19.0,0.0,1.0,0.1098988295973021,1.0000305189751728,3.999954221537241,0.1699,30.0781,0.200000000000001,30.100000000000016,0.002391742876861697,0.0006406679334420503,-0.0025073266009522396,289.83706668014827,1.311704326251781,0.00013652721410521072,296.04476483761545,296.3857080196708,296.31481453684376,296.00221106616965,295.5707300819696,0.38650078878363237,0.39938032081343894,0.3902491435450686,0.3879929236555824,88928.2502929385,297.7337866750207,-0.2309482140212496,-0.3989471787196681,26.15642749916229,-7.303137241802492,66.95051058434423,79.1369593708813
2031-02-01,Kasese,10529.614022288868,0.827247341034288,19.0,0.0,1.0,0.1098988295973021,1.0000305189751728,3.999954221537241,0.1699,30.0781,0.200000000000001,30.100000000000016,0.002733678802439932,0.0005518403441324688,-0.0022551829305668333,289.6562435948343,1.3272398001577208,0.00013367724091161551,297.1425062511787,297.601002142929,297.3999573764995,296.8977906104485,295.82617787508826,0.367280955959279,0.38094968296084697,0.3803730179813707,0.38138696097443503,88872.51405947917,298.4026417479498,-0.2374844627386576,-0.31746671574188057,39.09422425492564,-9.643484072343833,46.7585426699665,73.85744153129926
2031-03-01,Kasese,10529.614022288868,0.827247341034288,19.0,0.0,1.0,0.1098988295973021,1.0000305189751728,3.999954221537241,0.1699,30.0781,0.200000000000001,30.100000000000016,0.004997797339209679,0.0014358980570309085,-0.0027044643978050053,290.72480335941253,1.3280770778940323,0.00020775123354829217,296.0295100077541,296.76611861852007,296.6377986500419,296.73452632480854,296.24642857755657,0.4192871008809713,0.41433028725692467,0.39327156733798535,0.3823998115372674,88870.78928931139,297.5251297588845,-0.3111979457827642,-0.1760979728628267,81.20254298378599,-9.171717167163532,49.53556876524675,73.42570924238522
2031-04-01,Kasese,10529.614022288868,0.827247341034288,19.0,0.0,1.0,0.1098988295973021,1.0000305189751728,3.999954221537241,0.1699,30.0781,0.200000000000001,30.100000000000016,0.005825953414464795,0.002210419169883443,-0.0029895758551370583,291.2197787816266,1.310613184886444,0.0002690993524168271,295.4082961040705,295.94667166493815,296.0135096584279,296.1954245970121,296.2283906179441,0.43545514636264976,0.43235842954900267,0.4091425264243491,0.38478036324747394,88926.2035594538,297.13018215522874,-0.41463696746989914,0.01134808846754225,130.41376130080818,-10.843805085901735,82.93387599500885,72.62824927009967
2031-05-01,Kasese,10529.614022288868,0.827247341034288,19.0,0.0,1.0,0.1098988295973021,1.0000305189751728,3.999954221537241,0.1699,30.0781,0.200000000000001,30.100000000000016,0.00541251354357818,0.002293815012246778,-0.003089102779483411,291.2229530019931,1.378674939242486,0.0002649683861054024,294.81251194496815,295.4604252214693,295.46438138790603,295.7875817052032,296.12870562557794,0.44790950394354934,0.44653813027981276,0.42046127052654,0.3897300056459269,89036.70993707575,296.8251545869439,-0.3956792796910965,0.13980932973981827,94.70119336851812,-13.158858489025889,101.921917754984,70.24171185892038
2031-06-01,Kasese,10529.614022288868,0.827247341034288,19.0,0.0,1.0,0.1098988295973021,1.0000305189751728,3.999954221537241,0.1699,30.0781,0.200000000000001,30.100000000000016,0.003890029486129219,0.0016891510167943182,-0.0026878563539446503,290.1691609358455,1.4001635925285094,0.00020560572396250386,294.8326259578416,295.4739011206968,295.4094363770974,295.6097463273086,295.90091602383507,0.4216603013925054,0.4280558571203879,0.41708243699011355,0.39069606149355873,89100.27720087879,296.9437518063671,-0.3808321026222849,0.11154186992864082,49.41097982102053,-8.386459489042613,91.976578926054,67.20480393890145
2031-07-01,Kasese,10529.614022288868,0.827247341034288,19.0,0.0,1.0,0.1098988295973021,1.0000305189751728,3.999954221537241,0.1699,30.0781,0.200000000000001,30.100000000000016,0.001204844153897965,0.00033494261718067865,-0.0022251150966348795,288.61743545653195,1.3363161119746951,0.00010426335472866157,295.54612082396807,295.88180607118306,295.97036200796634,295.73418641891624,295.7985049237085,0.365937591221013,0.3850248394969532,0.39874653736587123,0.3877998583046282,89092.44037275604,297.28559627883016,-0.4998695495725901,0.09351959704583732,29.307644075137752,-9.603612026210955,57.84038198800138,69.07748703261798
2031-08-01,Kasese,10529.614022288868,0.827247341034288,19.0,0.0,1.0,0.1098988295973021,1.0000305189751728,3.999954221537241,0.1699,30.0781,0.200000000000001,30.100000000000016,0.0021902799730428345,0.00025155440128108797,-0.0024219269806277184,289.57707908748773,1.3570285546593892,0.00016101848464450467,295.5097803926594,296.0447205746708,295.97145603954976,296.06982144236724,295.78442223824237,0.39798499720323754,0.39338934951045335,0.38288610440912285,0.3811797946076932,89057.00745669437,296.99025625115064,-0.4207161527174122,0.09535418055591642,68.48758822569248,-7.754743856065458,47.17075862063071,73.48867782898724
2031-09-01,Kasese,10529.614022288868,0.827247341034288,19.0,0.0,1.0,0.1098988295973021,1.0000305189751728,3.999954221537241,0.1699,30.0781,0.200000000000001,30.100000000000016,0.0029579790965192703,0.0004612971187046036,-0.0026419550267734963,290.00401133014725,1.3318215809485305,0.00017994955861851548,295.5689571303046,296.09433130706185,296.06694741121055,295.97630184064707,295.8281942667691,0.4064621491841933,0.4050776535209367,0.3904201374425473,0.379508099014461,89004.89538582874,296.8716614447068,-0.42390102118681955,0.006606680571767583,102.55721419689088,-9.149830033969486,66.03131511908825,75.6674100393051
2031-10-01,Kasese,10529.614022288868,0.827247341034288,19.0,0.0,1.0,0.1098988295973021,1.0000305189751728,3.999954221537241,0.1699,30.0781,0.200000000000001,30.100000000000016,0.0043665714717362305,0.0009798658577291838,-0.0026676231434466877,290.6189829595365,1.33607976683915,0.00021755870653934758,295.2066121514555,295.71658235285724,295.7597414416567,295.95109624765274,295.89849504755716,0.4284776151786554,0.4163844528417736,0.3920560698408188,0.3832229154006822,88905.589112174,296.35380434255563,-0.3760810975220114,-0.07434127225889071,119.470504904439,-10.979419493755234,97.76545109024356,73.29656206649477
2031-11-01,Kasese,10529.614022288868,0.827247341034288,19.0,0.0,1.0,0.1098988295973021,1.0000305189751728,3.999954221537241,0.1699,30.0781,0.200000000000001,30.100000000000016,0.005491797075231332,0.0019264675246371287,-0.0029407968389405193,290.77054815531227,1.3240185427767392,0.0002808866687324477,294.43554499120404,295.0390535820577,295.11794974526805,295.35287973491546,295.815199547217,0.4604584570609415,0.4508720757479717,0.40809951717517967,0.3885666196885125,88904.33266429647,295.9369276216001,-0.4236366559951964,-0.25165349854744223,109.56021805622296,-9.973103566127326,109.35812334837358,75.92942507576565
2031-12-01,Kasese,10529.614022288868,0.827247341034288,19.0,0.0,1.0,0.1098988295973021,1.0000305189751728,3.999954221537241,0.1699,30.0781,0.200000000000001,30.100000000000016,0.003942893121105606,0.0016346663387980496,-0.002956997362235969,290.5729345969683,1.3294749273218227,0.00022512437859728755,294.59551455558886,295.1825625563618,295.108828565141,295.2070506552884,295.4981306319331,0.43749741791574365,0.43699526793204024,0.4097525944531481,0.3891358061408875,88926.53958898572,296.6448166356619,-0.3750043171206064,-0.4356386735548727,63.071096225547436,-9.478804448201808,99.00765543001197,78.00171702050596
2032-01-01,Kasese,10529.614022288868,0.827247341034288,19.0,0.0,1.0,0.1098988295973021,1.0000305189751728,3.999954221537241,0.1699,30.0781,0.200000000000001,30.100000000000016,0.0021506417899374262,0.0006332893227935525,-0.002552373336630832,289.9925195475109,1.3142260355256932,0.00013835030683745966,295.9320776246985,296.36706328375016,296.2525369077737,295.89296132034997,295.4855557105087,0.3895141553118628,0.4006772037720463,0.39286036928943846,0.38804003200559545,88855.65547949562,297.59645973471333,-0.2269724290829493,-0.4121842754567136,28.373072764319858,-7.97137644019219,68.35104063404698,77.51750910669222
2032-02-01,Kasese,10529.614022288868,0.827247341034288,19.0,0.0,1.0,0.1098988295973021,1.0000305189751728,3.999954221537241,0.1699,30.0781,0.200000000000001,30.100000000000016,0.0023224500958413446,0.00043133943997628293,-0.0022532087399995877,289.6698039062451,1.3341454276336668,0.00013063602074197872,297.3131944675624,297.5864979429768,297.3567498406202,296.8945950770915,295.7976399183155,0.36550804162066663,0.3719345303222604,0.3783677270984245,0.38401573998740296,88813.61728532425,298.4676758423026,-0.24508309444669313,-0.34153493363663345,38.10544044582227,-7.21277732994467,45.26884897396072,73.04840329263224
2032-03-01,Kasese,10529.614022288868,0.827247341034288,19.0,0.0,1.0,0.1098988295973021,1.0000305189751728,3.999954221537241,0.1699,30.0781,0.200000000000001,30.100000000000016,0.004602588072412796,0.0009773167820495397,-0.0025816207986606916,290.86533158339387,1.334421057884525,0.00020505526479450663,296.28905039587033,296.9887640962429,297.02849787359776,296.80032400042455,296.1571938682077,0.4167471859989752,0.4010814621930875,0.38646878743141516,0.38498050754360724,88814.72406916611,297.7641981828052,-0.3107885018788189,-0.13182451217159033,87.81846691270437,-5.7248189016543645,48.53992704892569,69.86618249272433
2032-04-01,Kasese,10529.614022288868,0.827247341034288,19.0,0.0,1.0,0.1098988295973021,1.0000305189751728,3.999954221537241,0.1699,30.0781,0.200000000000001,30.100000000000016,0.006358456854927739,0.0023294137707531473,-0.0030055210676244023,291.4440025564948,1.3327880039893651,0.00028850085346702933,295.0191338886308,295.6666684055395,295.7813028711256,296.0889768698309,296.22630654990866,0.45221250023425463,0.44752158751980775,0.40686633210431367,0.389493616232872,88875.58124156368,296.90049016856847,-0.3896282733601647,0.05618654563804984,132.31052711884664,-9.196076537722607,86.68761734573586,73.96979099113452
2032-05-01,Kasese,10529.614022288868,0.827247341034288,19.0,0.0,1.0,0.1098988295973021,1.0000305189751728,3.999954221537241,0.1699,30.0781,0.200000000000001,30.100000000000016,0.005593478712702844,0.0027847105129186526,-0.0030187129567334748,291.0351694610189,1.4615267738092617,0.0002608525192860231,294.7478439258548,295.3492127606845,295.42116887631397,295.67051173801366,296.09573203561894,0.4457209589580261,0.45405072719516837,0.4266087438698672,0.38914840281701724,88976.48192562819,296.8149867874984,-0.4079477054595791,0.07325566221828904,87.04750380902824,-11.505542317482215,103.88522827504663,70.31991363334382
2032-06-01,Kasese,10529.614022288868,0.827247341034288,19.0,0.0,1.0,0.1098988295973021,1.0000305189751728,3.999954221537241,0.1699,30.0781,0.200000000000001,30.100000000000016,0.0023788544443204755,0.0008789001537859136,-0.0026670423392594384,289.4647560446863,1.465742804901187,0.00015403365850902612,294.8779675935048,295.46954080178915,295.440177316449,295.62075952646603,295.8869347675419,0.4000577000523472,0.4199379651418506,0.4167434446691545,0.38995062328566465,89031.71290985674,297.21576915966386,-0.49590713994003927,0.05341155026976942,32.92246619230199,-10.674638838464679,88.35487472659771,66.24198106578326
2032-07-01,Kasese,10529.614022288868,0.827247341034288,19.0,0.0,1.0,0.1098988295973021,1.0000305189751728,3.999954221537241,0.1699,30.0781,0.200000000000001,30.100000000000016,0.0017314227566960383,0.00029347377531138577,-0.002288546895641659,288.8786958008074,1.3341064335280763,0.00014195943948562515,295.2649897024198,295.6631915057563,295.70222903050603,295.7330268071347,295.77829745845986,0.38169639823629,0.38781143019498937,0.3964545305900566,0.38661433417782337,89019.15968789348,296.9131383805977,-0.41974649337907244,0.12040423429265154,33.39497154695874,-9.206011186483602,56.1275302642583,68.11488969963081
2032-08-01,Kasese,10529.614022288868,0.827247341034288,19.0,0.0,1.0,0.1098988295973021,1.0000305189751728,3.999954221537241,0.1699,30.0781,0.200000000000001,30.100000000000016,0.002544210238027078,0.00046179821067950853,-0.002371399123017129,289.6840011167851,1.3134482589383003,0.00016482183527240484,295.5783447640154,296.06612141438535,296.03102342941264,295.92625252964234,295.7464133909088,0.39579274543391146,0.391160980367253,0.3875279364784322,0.382104203358038,89008.5905170006,296.853623904822,-0.4326334515154613,0.10139861922477061,78.48237206527574,-7.674495502036931,49.74378600059668,72.6429258484091
2032-09-01,Kasese,10529.614022288868,0.827247341034288,19.0,0.0,1.0,0.1098988295973021,1.0000305189751728,3.999954221537241,0.1699,30.0781,0.200000000000001,30.100000000000016,0.0030587191394647866,0.000490141586965231,-0.002660410625293994,290.13598171892914,1.3147311645678896,0.0001929954301465048,295.3524415578114,295.9463557871256,295.9895991251984,295.9427392046863,295.77308938042944,0.416428328649705,0.40905956959252004,0.3905585630120181,0.3841762896791166,88921.36079411402,296.7586485698242,-0.39505837020369283,0.046100891620165584,94.33552328806067,-10.19509068218139,69.16991209263361,74.6192000265529
2032-10-01,Kasese,10529.614022288868,0.827247341034288,19.0,0.0,1.0,0.1098988295973021,1.0000305189751728,3.999954221537241,0.1699,30.0781,0.200000000000001,30.100000000000016,0.004192586656186894,0.001066373397937902,-0.0026108380498764245,290.6045449033332,1.3537189195604586,0.00020923548337423883,295.06124818681064,295.7763860163095,295.764383846301,295.8831278642221,295.8587938546006,0.43101267605641563,0.4220166739472529,0.39401294678889,0.38649490447640333,88876.27478990032,296.4879952386168,-0.38314372514934,-0.05323685136008329,120.19220950592968,-6.776789091797351,97.85655354535012,72.95572275683678
2032-11-01,Kasese,10529.614022288868,0.827247341034288,19.0,0.0,1.0,0.1098988295973021,1.0000305189751728,3.999954221537241,0.1699,30.0781,0.200000000000001,30.100000000000016,0.0057444383577459545,0.002042042292397893,-0.00290547656978165,290.9951366916267,1.3570834699641277,0.000268536176570708,294.23346866131857,295.0081324580076,295.0211872495266,295.27569293273353,295.7277499143795,0.45975000792788295,0.4549367132317995,0.40935008529162975,0.39011753278422273,88844.47604481448,295.8279343870967,-0.40688738541500624,-0.2611696706175787,101.94658768903945,-8.644757517624537,107.72736043653886,73.29715080342432
2032-12-01,Kasese,10529.614022288868,0.827247341034288,19.0,0.0,1.0,0.1098988295973021,1.0000305189751728,3.999954221537241,0.1699,30.0781,0.200000000000001,30.100000000000016,0.003428617918059889,0.001373840864117048,-0.0029115693116159723,290.4211835069138,1.3875226996369465,0.00020539175539466313,294.8122652098271,295.2105516809276,295.1907640340395,295.2668559107433,295.54976838417537,0.4302010191958727,0.4270729215958887,0.4130448138351416,0.390841951373728,88815.55805034914,296.5092053818258,-0.4143952876693343,-0.5009627385510924,73.2328902138174,-8.566988703313376,98.33040644750862,80.55457140210115
2033-01-01,Kasese,10529.614022288868,0.827247341034288,19.0,0.0,1.0,0.1098988295973021,1.0000305189751728,3.999954221537241,0.1699,30.0781,0.200000000000001,30.100000000000016,0.0023001493981918003,0.000599840171668295,-0.0025277240808864307,289.70215936150146,1.3466184834163422,0.00013579005175103892,295.8622859200187,296.33155257447277,296.19689017986207,295.8767718790237,295.5052067130118,0.3892689050812495,0.39708088689381654,0.39742302029696697,0.38858026229993653,88802.63402596259,297.5655708988539,-0.2309369472547807,-0.3816827652307904,26.340863437435836,-9.721586495817224,65.10116410542342,77.73691078106339
2033-02-01,Kasese,10529.614022288868,0.827247341034288,19.0,0.0,1.0,0.1098988295973021,1.0000305189751728,3.999954221537241,0.1699,30.0781,0.200000000000001,30.100000000000016,0.0025293474486651857,0.0006357149923146257,-0.0023247532716383426,289.7696673031593,1.3579063563667948,0.00013467477031891883,296.7971292293952,297.34277136552663,297.0652895683172,296.6674235668665,295.7625866163617,0.37857755859839054,0.38978988393533914,0.3884936539667112,0.3850794682577336,88736.21634952366,298.2312883375099,-0.20867065238547253,-0.30283346677322615,34.58076744748346,-7.094640723639831,42.46025260096943,72.2315159419678
2033-03-01,Kasese,10529.614022288868,0.827247341034288,19.0,0.0,1.0,0.1098988295973021,1.0000305189751728,3.999954221537241,0.1699,30.0781,0.200000000000001,30.100000000000016,0.004582297669790988,0.0012646162308928381,-0.0026509448734418762,290.90361418338256,1.355293467213624,0.00020766347247073373,296.3119369760402,296.86413318038746,296.9234096867946,296.7816186948046,296.1585958426412,0.41882780356406885,0.4035510598808346,0.3909911095006412,0.3841804198362556,88767.80247165622,297.631609565697,-0.3080925452924272,-0.16395860834389667,83.49634461661991,-10.593223514105516,51.903829781739134,70.3451058538489
2033-04-01,Kasese,10529.614022288868,0.827247341034288,19.0,0.0,1.0,0.1098988295973021,1.0000305189751728,3.999954221537241,0.1699,30.0781,0.200000000000001,30.100000000000016,0.00612057054427717,0.002350929294783685,-0.0030265468293157404,291.49244134949197,1.341340789949843,0.0002796326291827885,295.1030441292262,295.7707889587005,295.82625902745133,296.0005758195014,296.1832368544916,0.45211213254030624,0.44278499983553804,0.40730757925715805,0.39045158385332446,88810.80764000965,296.80890281030725,-0.39996237018841496,0.033123972444358586,134.5598499961196,-11.349250446333922,83.07002366702022,72.496904927032
2033-05-01,Kasese,10529.614022288868,0.827247341034288,19.0,0.0,1.0,0.1098988295973021,1.0000305189751728,3.999954221537241,0.1699,30.0781,0.200000000000001,30.100000000000016,0.005624466319321379,0.002699731148334735,-0.0031095343503572998,291.145527790886,1.4631975977403442,0.00026190366978148707,294.763544088912,295.27552646836074,295.3918497450077,295.68123879084703,296.0121074632957,0.4476230235003942,0.45507456975418076,0.42841541764709534,0.3929969020949648,88914.26184275547,296.79024971918875,-0.4002863951144753,0.09208886709568723,89.15792259354825,-8.028535299977293,101.49803988680897,70.36994520645865
2033-06-01,Kasese,10529.614022288868,0.827247341034288,19.0,0.0,1.0,0.1098988295973021,1.0000305189751728,3.999954221537241,0.1699,30.0781,0.200000000000001,30.100000000000016,0.0028243722501804505,0.0011325449540198903,-0.002660983813227862,289.6168086423654,1.476085908227371,0.00017411253336301855,294.9147246573157,295.40018302931884,295.37636487876773,295.51407919236317,295.8483937761829,0.412690556725824,0.42497760777659616,0.41595967339066536,0.3905822104686919,88965.82281260732,296.94215513364634,-0.4717056385051405,0.08070267567851341,40.03072329427737,-8.915035000621494,91.7176606957612,67.20645419864908
2033-07-01,Kasese,10529.614022288868,0.827247341034288,19.0,0.0,1.0,0.1098988295973021,1.0000305189751728,3.999954221537241,0.1699,30.0781,0.200000000000001,30.100000000000016,0.0015363418860474235,0.00018717332119506344,-0.0022178087143120053,288.8671339044001,1.3817819323619003,0.00012713873444468647,295.3487716405694,295.72913180097765,295.76655941572415,295.70201857600824,295.68011007092895,0.3769641985614694,0.39239945446664426,0.3970031190722738,0.38915768801134243,88981.15541128244,296.9702492111252,-0.42696326221795433,0.07519697433988505,30.114803643702597,-7.1406053415195005,53.256276670128905,66.77587230275263
2033-08-01,Kasese,10529.614022288868,0.827247341034288,19.0,0.0,1.0,0.1098988295973021,1.0000305189751728,3.999954221537241,0.1699,30.0781,0.200000000000001,30.100000000000016,0.0024865191830867354,0.0004229299752513906,-0.002389304052735126,289.6917097431399,1.3610348096554234,0.00016044449757062832,295.4677141584719,296.0146867556403,295.93277843049714,295.901532667158,295.7238814455048,0.3946870145648059,0.3954662234733283,0.38817749466822643,0.38612272327650876,88938.37327954322,296.8867801948054,-0.4259195547851954,0.10035640757755618,74.13077490261853,-7.588980379740883,49.1772558965201,72.07609131359094
2033-09-01,Kasese,10529.614022288868,0.827247341034288,19.0,0.0,1.0,0.1098988295973021,1.0000305189751728,3.999954221537241,0.1699,30.0781,0.200000000000001,30.100000000000016,0.0031757787823145007,0.0004949122627381608,-0.002588498249225446,290.1581846528621,1.3724344598843474,0.00019471346799656238,295.43154422697717,295.9733052420259,295.87691939404544,295.8789973111854,295.7698880228688,0.41350410187265246,0.4075684743013716,0.39400282431455796,0.3856907153923327,88854.4501440637,296.73298402458374,-0.38588663277206076,0.04748089211490826,97.33665277567496,-8.083542120521793,65.5351359005998,74.24825467766149
2033-10-01,Kasese,10529.614022288868,0.827247341034288,19.0,0.0,1.0,0.1098988295973021,1.0000305189751728,3.999954221537241,0.1699,30.0781,0.200000000000001,30.100000000000016,0.004296850262384416,0.0009696630304328577,-0.0026985780786660555,290.63356202605297,1.3848751403349333,0.00022089176575292894,295.05481598128324,295.6245941661475,295.7650759270491,295.78164912323064,295.80334631346557,0.42741852529389324,0.4238516351153113,0.3980745808351677,0.38540940583275735,88819.1455164028,296.4313132805483,-0.39274625263380886,-0.06643231046993375,120.67129465284567,-9.11527575518069,97.6462507219569,73.30618166667486
2033-11-01,Kasese,10529.614022288868,0.827247341034288,19.0,0.0,1.0,0.1098988295973021,1.0000305189751728,3.999954221537241,0.1699,30.0781,0.200000000000001,30.100000000000016,0.005648332004822952,0.0020268826636644756,-0.0029381768890530554,290.91276539407517,1.401329274985022,0.0002753091003199494,294.1827493521113,294.96043040784616,294.99833838031554,295.2869872783822,295.68106164227714,0.45635261648753683,0.453232705103956,0.40756509463640755,0.38974296944262365,88783.19202480289,295.8701143801066,-0.41533664691119565,-0.26425308076538123,105.24265683767872,-9.583162937814606,108.52777230279904,74.28903007312951
2033-12-01,Kasese,10529.614022288868,0.827247341034288,19.0,0.0,1.0,0.1098988295973021,1.0000305189751728,3.999954221537241,0.1699,30.0781,0.200000000000001,30.100000000000016,0.0036036771508547246,0.0015217201298062405,-0.0028777064632040904,290.4783963493096,1.3634850822909308,0.00021431990474197416,294.5805441990211,295.1207652702731,295.17407061581605,295.1598988432023,295.51701090760355,0.43097040757418975,0.4370272612283297,0.412921281672992,0.39293925957310605,88769.27049947526,296.3955689149306,-0.3998582046236161,-0.47942031014204645,65.33266526816114,-10.758009225477277,94.53758238327431,78.74696391212944
2034-01-01,Kasese,10529.614022288868,0.827247341034288,19.0,0.0,1.0,0.1098988295973021,1.0000305189751728,3.999954221537241,0.1699,30.0781,0.200000000000001,30.100000000000016,0.0022635997935627366,0.0007190065910363944,-0.002548233178966645,289.8006357719934,1.3827871893153139,0.00013979795870492338,295.8679812110873,296.31685338921494,296.1220533541946,295.9058222862777,295.4535630161338,0.39294196582038216,0.4016034366209435,0.39567864901194305,0.3883985227790884,88742.81965199867,297.50252384510065,-0.2183971015371175,-0.3998043945137107,25.9553921201484,-7.37312969942775,69.90366246703027,77.90376615096092
2034-02-01,Kasese,10529.614022288868,0.827247341034288,19.0,0.0,1.0,0.1098988295973021,1.0000305189751728,3.999954221537241,0.1699,30.0781,0.200000000000001,30.100000000000016,0.00247495518003863,0.0005399832196329664,-0.002261663894293553,289.61484139012447,1.3983587955593695,0.00013217501659497317,296.91902113528306,297.3345343971493,297.16382606438907,296.6647750224506,295.7221200974233,0.3762634278623184,0.39017222929065315,0.3859522209690778,0.3874156483109669,88697.29702947882,298.2459720365646,-0.21864496469115222,-0.30790903988831564,34.13533589461863,-8.58863857957991,45.32878211013511,72.46462641601563
2034-03-01,Kasese,10529.614022288868,0.827247341034288,19.0,0.0,1.0,0.1098988295973021,1.0000305189751728,3.999954221537241,0.1699,30.0781,0.200000000000001,30.100000000000016,0.004702310653184879,0.00126285414819864,-0.002692510981842013,290.67419786179585,1.3813050165323737,0.00021285087491041034,296.1121119682093,296.7001367484138,296.6643127468997,296.6689780825904,296.0487083109527,0.42346215135729753,0.41159197317304924,0.39620552122676794,0.38350235321933246,88699.85765079276,297.36026851815126,-0.30392966528273385,-0.17442877288457437,80.79082009881881,-10.095576683138539,49.25741395235155,69.75095859979655
2034-04-01,Kasese,10529.614022288868,0.827247341034288,19.0,0.0,1.0,0.1098988295973021,1.0000305189751728,3.999954221537241,0.1699,30.0781,0.200000000000001,30.100000000000016,0.005979082088971633,0.002225377970232483,-0.0030339271998878416,291.3366349839324,1.383949111336468,0.00026872047412017554,295.1780769286667,295.76231305973454,295.8398117563264,296.1010885884492,296.12335575435026,0.44459005271443564,0.4409923109764726,0.40822122876563316,0.3912662991973452,88734.15727844564,296.893869388198,-0.4000797831651212,0.0323528520579716,127.88740971734268,-10.194069198929466,82.73072242755421,72.43437834066388
2034-05-01,Kasese,10529.614022288868,0.827247341034288,19.0,0.0,1.0,0.1098988295973021,1.0000305189751728,3.999954221537241,0.1699,30.0781,0.200000000000001,30.100000000000016,0.005395601812690386,0.0024672820391637203,-0.0030836054397503344,291.0977830860029,1.4471453031883341,0.0002692956758369727,294.69315027609997,295.3410139044882,295.31488156305073,295.6524367624306,295.9872281912481,0.44640940614243807,0.4535501381027486,0.4274657142162169,0.3934862183486068,88849.56473546785,296.65149268212986,-0.41323392410107596,0.12511682237199215,95.2639489281418,-8.145866968264691,101.58037966191631,68.03840724970432
2034-06-01,Kasese,10529.614022288868,0.827247341034288,19.0,0.0,1.0,0.1098988295973021,1.0000305189751728,3.999954221537241,0.1699,30.0781,0.200000000000001,30.100000000000016,0.0033001100176052803,0.0014713808416201568,-0.002598494499436526,289.92096345245756,1.4589408343637214,0.00019203883808267044,294.7666708365899,295.2868628624312,295.34788516817184,295.5342215535376,295.7678671678335,0.41848096402060286,0.43133344765794635,0.42166360551434257,0.3925226636941555,88914.99763799456,296.85080660980867,-0.4075365240116013,0.09461297074908231,46.30423909467409,-9.038429277066276,89.85766027703208,66.10709103571256
2034-07-01,Kasese,10529.614022288868,0.827247341034288,19.0,0.0,1.0,0.1098988295973021,1.0000305189751728,3.999954221537241,0.1699,30.0781,0.200000000000001,30.100000000000016,0.0013125220385272595,0.0003459830903405058,-0.002261246251374783,288.75362049212214,1.3976671674544388,0.00011885959289600301,295.33702744377507,295.7424206619575,295.71236953044695,295.54030375348344,295.6755890232713,0.37627472467903156,0.3965317787943707,0.3984552551178558,0.3908129747197522,88916.247776178,296.99699783243244,-0.45904682871603775,0.10300950428598843,28.400662892184332,-11.37092806015596,57.1678417629032,67.46683077471685
2034-08-01,Kasese,10529.614022288868,0.827247341034288,19.0,0.0,1.0,0.1098988295973021,1.0000305189751728,3.999954221537241,0.1699,30.0781,0.200000000000001,30.100000000000016,0.002521453022220678,0.0002976409296665041,-0.002392253579180173,289.6225725061484,1.4003725757815368,0.00015923232724073587,295.3910259869204,295.88920500876,295.8622518011108,295.84666455494414,295.7161870966301,0.3977083618519834,0.39612656444016825,0.3913665654112775,0.38529297899925363,88878.82907433507,296.74460426769946,-0.4049163957953898,0.10193860346051953,67.45408842082719,-11.506719610763971,48.939219831703106,74.05724220898075
2034-09-01,Kasese,10529.614022288868,0.827247341034288,19.0,0.0,1.0,0.1098988295973021,1.0000305189751728,3.999954221537241,0.1699,30.0781,0.200000000000001,30.100000000000016,0.002964662342830986,0.0004048665514179585,-0.0026818127734551164,290.1292214221974,1.3941414308407025,0.00018724839098186268,295.40399173653026,295.8955399439677,295.90242772914803,295.88159380558636,295.6988475804868,0.41321739290186743,0.4094530264258705,0.39661894495662864,0.38562779332130676,88804.33441318669,296.64819678954154,-0.40482901004075006,0.04149583314469036,96.13805300612876,-9.587277725077936,68.49869797944832,74.58123680555163
2034-10-01,Kasese,10529.614022288868,0.827247341034288,19.0,0.0,1.0,0.1098988295973021,1.0000305189751728,3.999954221537241,0.1699,30.0781,0.200000000000001,30.100000000000016,0.004096126847430735,0.0008942658380332728,-0.0027178354661345134,290.5403894513386,1.4281819510567193,0.00021553606204345523,295.0012698632148,295.6084175911576,295.65349904815105,295.82947798772295,295.71032175909227,0.4300372032370988,0.4249758366705964,0.39835576258852634,0.38936549947587934,88734.1244389398,296.20828916616284,-0.39057779237132684,-0.07156747158515533,115.50609390911012,-8.119200270062631,92.53151114994608,73.16852976334732
2034-11-01,Kasese,10529.614022288868,0.827247341034288,19.0,0.0,1.0,0.1098988295973021,1.0000305189751728,3.999954221537241,0.1699,30.0781,0.200000000000001,30.100000000000016,0.00565626189967825,0.001901642930876175,-0.002877321312713923,290.8697292218829,1.3799368105717145,0.00027401145448385236,294.19535490900716,294.8928921010846,294.93952407490195,295.2397635948428,295.5835636360164,0.45885628718672733,0.45446502672278416,0.4130080067747342,0.39186322471455304,88718.65091785448,295.7389687317545,-0.4142339025049661,-0.2718373912861149,106.91213094711927,-9.583545399191326,105.84805793232654,73.6199780481072
2034-12-01,Kasese,10529.614022288868,0.827247341034288,19.0,0.0,1.0,0.1098988295973021,1.0000305189751728,3.999954221537241,0.1699,30.0781,0.200000000000001,30.100000000000016,0.0038992686998370564,0.0016493849121720669,-0.00296264953931987,290.5853674287058,1.3926799069729363,0.00022190500684029634,294.627479414674,295.09798104906986,295.07614433703884,295.1303257378814,295.46591841965295,0.43771301816303565,0.44200188091751197,0.4136808767569972,0.39675681240495875,88710.95415171699,296.3284953574892,-0.382633379196956,-0.4380206177387204,63.981050823805134,-8.769027703377892,97.84982666790265,76.30933365075299
2035-01-01,Kasese,10529.614022288868,0.827247341034288,19.0,0.0,1.0,0.1098988295973021,1.0000305189751728,3.999954221537241,0.1699,30.0781,0.200000000000001,30.100000000000016,0.0020240140863856965,0.0006884427798846392,-0.0024866312261863114,289.9241075135422,1.3959541151092245,0.00013159875815555458,295.8864627382319,296.27307759694116,296.066632167373,295.77859889492345,295.3987992649802,0.3918045948926582,0.4051732523851951,0.40061959681501863,0.3912134380362121,88656.00010281401,297.43029963316303,-0.2053190248872489,-0.390813889515664,29.82523917092201,-9.182951717422002,65.72299563703439,76.89231586247328
2035-02-01,Kasese,10529.614022288868,0.827247341034288,19.0,0.0,1.0,0.1098988295973021,1.0000305189751728,3.999954221537241,0.1699,30.0781,0.200000000000001,30.100000000000016,0.0023711571124964267,0.0004152111144662627,-0.0023090298165636225,289.7226251532268,1.3898286035730962,0.00013615549021190246,296.93402832771585,297.3073217171041,297.17043985885374,296.664257894469,295.69688243985985,0.37180896104896977,0.3791369278476932,0.38659462696640823,0.3878856679136453,88637.19010579647,298.17458741131355,-0.21304552585325126,-0.31372179361717834,36.33811827978688,-8.700904778755723,45.62729766524958,72.5944315908585
2035-03-01,Kasese,10529.614022288868,0.827247341034288,19.0,0.0,1.0,0.1098988295973021,1.0000305189751728,3.999954221537241,0.1699,30.0781,0.200000000000001,30.100000000000016,0.004845887941206234,0.001436687170893818,-0.0027680664601895965,290.75752117416584,1.421876071866011,0.00020898570087784455,295.85055234173865,296.47391999567293,296.59606686559204,296.50712183708123,296.0015168704382,0.4237542839275205,0.42359479237969944,0.39918236926727935,0.3881567162098503,88635.22580841505,297.2819125357731,-0.30213217435786577,-0.17559180588302073,82.98202205003122,-11.058900788639408,49.88864844228121,70.65274669574951
2035-04-01,Kasese,10529.614022288868,0.827247341034288,19.0,0.0,1.0,0.1098988295973021,1.0000305189751728,3.999954221537241,0.1699,30.0781,0.200000000000001,30.100000000000016,0.005863208691755542,0.0022708922990328528,-0.002963944559534764,291.14300815270315,1.441012542122548,0.0002646038537696088,295.1602042541871,295.8613846890017,295.79234204456327,296.0184658050382,296.13583763343183,0.4403536777406919,0.44098320889457143,0.41271674179557033,0.3901726192633213,88671.1510658978,296.8475095490896,-0.4114142976979085,0.031820608718285286,127.6973239858883,-10.877355676030408,83.77417754459601,70.57833487128022
2035-05-01,Kasese,10529.614022288868,0.827247341034288,19.0,0.0,1.0,0.1098988295973021,1.0000305189751728,3.999954221537241,0.1699,30.0781,0.200000000000001,30.100000000000016,0.0052000201234355435,0.002330004684592604,-0.0030910274792719894,291.214183658187,1.4798709751645187,0.0002643831778579813,294.5941188448658,295.24556535063505,295.17075248136706,295.61460299572104,295.9321069101782,0.45199873452657313,0.45433758661997753,0.4234290572566672,0.39641945505908455,88792.75531170711,296.726200694306,-0.39708823503521296,0.1331930506921723,97.13562843168393,-9.83285312655655,103.60317395962387,68.70478822551209
2035-06-01,Kasese,10529.614022288868,0.827247341034288,19.0,0.0,1.0,0.1098988295973021,1.0000305189751728,3.999954221537241,0.1699,30.0781,0.200000000000001,30.100000000000016,0.003969991954525132,0.0016727772329194423,-0.0026484726446898013,290.0624773803103,1.478761969119394,0.0002045436420676556,294.62562883800325,295.2745831605117,295.22524953107614,295.4101188620712,295.7447338093274,0.42600900368488787,0.4349887666577166,0.4194212282473507,0.39521806474538723,88842.39315790308,296.6119095427409,-0.3579203018978909,0.12062411295770548,50.10752835163187,-5.514156659922932,91.46813632797118,65.61744211979794
2035-07-01,Kasese,10529.614022288868,0.827247341034288,19.0,0.0,1.0,0.1098988295973021,1.0000305189751728,3.999954221537241,0.1699,30.0781,0.200000000000001,30.100000000000016,0.001067337722312217,0.00018624496945181092,-0.0022293610604672484,288.70323098546237,1.432645703481845,0.000101907213530839,295.302064314052,295.7785406292879,295.75272437081276,295.541942263576,295.56188995252916,0.37418179735851376,0.3941571565024168,0.4028496625627912,0.39329779746614507,88860.28823131527,297.0117699750366,-0.48173086965323764,0.08167438860385495,26.398791428747646,-10.894504836752844,56.8848118753003,66.73565635935282
2035-08-01,Kasese,10529.614022288868,0.827247341034288,19.0,0.0,1.0,0.1098988295973021,1.0000305189751728,3.999954221537241,0.1699,30.0781,0.200000000000001,30.100000000000016,0.0023544705511694495,0.00017484679686386058,-0.0024157202859470322,289.5759701712159,1.4306317192841653,0.00016679344985898284,295.39286742039,295.81022621517724,295.7044983721949,295.8728661791138,295.6547019426694,0.40067748494346944,0.39765813578034104,0.39399645314430953,0.3879775892265177,88824.12888023834,296.7465670117064,-0.4286407056996782,0.09595285999466624,66.78576829650892,-10.880066146230893,47.67712861694928,71.97177770470205
2035-09-01,Kasese,10529.614022288868,0.827247341034288,19.0,0.0,1.0,0.1098988295973021,1.0000305189751728,3.999954221537241,0.1699,30.0781,0.200000000000001,30.100000000000016,0.002849293772218503,0.00038175524296721656,-0.0026199313184693445,290.092363753916,1.4084481538224787,0.00018391439958286842,295.4008159076513,295.8252668146898,295.9314050807704,295.84844927794643,295.6234937872342,0.4149778043754822,0.4064081955752562,0.39603316661323923,0.3871446151664927,88743.43789916091,296.61146275409203,-0.4302605491292734,0.012188699352526802,100.03415985431742,-11.543665448711247,63.26601478132566,73.37796099261034
2035-10-01,Kasese,10529.614022288868,0.827247341034288,19.0,0.0,1.0,0.1098988295973021,1.0000305189751728,3.999954221537241,0.1699,30.0781,0.200000000000001,30.100000000000016,0.004234271116219371,0.000896402127738666,-0.002722811948831093,290.5877523064347,1.4119392928956185,0.000218890447076833,294.9623893010437,295.5523826406361,295.5890529085373,295.71665718781856,295.66171815325447,0.4313006501907455,0.4216260850716595,0.3971510496002837,0.3897826555452647,88678.24528384583,296.12873036817444,-0.38643429370738813,-0.050965433270698725,122.98124363195673,-8.499664534372464,93.09042136402225,70.65645823783865
2035-11-01,Kasese,10529.614022288868,0.827247341034288,19.0,0.0,1.0,0.1098988295973021,1.0000305189751728,3.999954221537241,0.1699,30.0781,0.200000000000001,30.100000000000016,0.005326274442530717,0.0019216540522993591,-0.0029225245647837117,290.9378888613933,1.4269196977319336,0.0002781476783012821,294.13486077936767,294.87404246359415,294.9257648425663,295.295983639008,295.56857872460705,0.4607254931659769,0.45228370000999446,0.41480740170966485,0.3931143554098536,88660.02249920524,295.7636528958642,-0.4130045967881406,-0.24013235167566463,105.25949072570602,-6.434942196554275,110.60739272239434,76.17612838319596
2035-12-01,Kasese,10529.614022288868,0.827247341034288,19.0,0.0,1.0,0.1098988295973021,1.0000305189751728,3.999954221537241,0.1699,30.0781,0.200000000000001,30.100000000000016,0.003832904775735052,0.0017025091532508582,-0.002949247764967744,290.56833712083613,1.4119425890631288,0.0002272773221053089,294.5259869110499,295.0032570336658,295.0121401348629,295.083690807998,295.40715760664693,0.44135452925510277,0.4447545188005688,0.4201984774019626,0.39355849578828267,88660.427560225,296.25245046826734,-0.3603933409481678,-0.42455294725829995,66.30415007037521,-11.379985270210566,95.99719852071895,75.85005229796953
2036-01-01,Kasese,10529.614022288868,0.827247341034288,19.0,0.0,1.0,0.1098988295973021,1.0000305189751728,3.999954221537241,0.1699,30.0781,0.200000000000001,30.100000000000016,0.002045113045321223,0.0005997754832176154,-0.0025416395863971483,290.07261066450843,1.4077789638689497,0.0001257120248823014,295.82296555921647,296.2056397840399,295.9971019952187,295.7173979054012,295.3077033122409,0.39245133282330985,0.4041841421146434,0.4003019381068131,0.391462523160475,88607.04740471266,297.4569997638111,-0.20538923203069231,-0.3985576506269619,32.67717727028735,-8.457928522209615,68.70005672904414,77.3128045600047
2036-02-01,Kasese,10529.614022288868,0.827247341034288,19.0,0.0,1.0,0.1098988295973021,1.0000305189751728,3.999954221537241,0.1699,30.0781,0.200000000000001,30.100000000000016,0.00236960968315718,0.00040026109263958747,-0.002219963862354076,289.6759908832951,1.4228419324478947,0.00012952009897891154,296.9399194513763,297.4394047296881,297.254791634046,296.72257242267017,295.57599707892484,0.37169131985366594,0.3784639338896477,0.38548325818696694,0.38956399395977204,88563.67137446844,298.26103366661437,-0.23743871892291732,-0.311064791152339,36.46280294064703,-8.709564535023583,43.8613060858256,74.90620787113055
2036-03-01,Kasese,10529.614022288868,0.827247341034288,19.0,0.0,1.0,0.1098988295973021,1.0000305189751728,3.999954221537241,0.1699,30.0781,0.200000000000001,30.100000000000016,0.0045610883096161075,0.0010387749302160295,-0.0026321122799554232,290.9728547835148,1.3983896687909043,0.0002053250705020275,296.1811519037086,296.74278786831735,296.75370893843206,296.68627091420495,296.0208050070313,0.4161945696370227,0.4046283396050194,0.39258712913487465,0.3881587945193709,88562.82226387686,297.60289461726757,-0.2940070695230746,-0.14018597542039038,88.19913662254255,-10.000116769138717,50.88153601512178,69.23028177888308
2036-04-01,Kasese,10529.614022288868,0.827247341034288,19.0,0.0,1.0,0.1098988295973021,1.0000305189751728,3.999954221537241,0.1699,30.0781,0.200000000000001,30.100000000000016,0.006277975469743801,0.002392788556497089,-0.0030629034054916694,291.5511133056361,1.400592384291371,0.00028192303385651303,294.8714747627402,295.55434247336973,295.57687630212604,295.95719402178713,296.08081936397696,0.4544990704339664,0.45085018267376475,0.4111728871464448,0.3926931662601941,88628.83873253255,296.5160212555588,-0.37971466209227484,0.06252633768381553,132.46567288507632,-9.461062789697499,84.44359373484582,71.72479745460019
2036-05-01,Kasese,10529.614022288868,0.827247341034288,19.0,0.0,1.0,0.1098988295973021,1.0000305189751728,3.999954221537241,0.1699,30.0781,0.200000000000001,30.100000000000016,0.005602352707574622,0.0027492467826742274,-0.0030374567499264426,291.12386794123984,1.529695156175453,0.0002601648510205623,294.61017854641005,295.1397142312524,295.27212056625564,295.392783563632,295.8827072070946,0.44912817585888853,0.4550448010089014,0.43580622074294245,0.39747353707778293,88720.52725225645,296.61183662301204,-0.39936393338725146,0.06569943030382369,92.92518306170905,-10.343141832227394,103.24790148315279,68.99591540236685
2036-06-01,Kasese,10529.614022288868,0.827247341034288,19.0,0.0,1.0,0.1098988295973021,1.0000305189751728,3.999954221537241,0.1699,30.0781,0.200000000000001,30.100000000000016,0.002387939089183022,0.0008687262455459694,-0.0026345751411749924,289.51551743892924,1.5511171417124354,0.00015552379276162064,294.7201675675542,295.34380245822246,295.3232327368671,295.46871222164367,295.73971554582306,0.4096270485423342,0.42374636271060234,0.4267901331795401,0.3942319231307051,88795.17427461372,296.888261253471,-0.48483789724291054,0.05324731214895738,34.86716237805848,-11.657061471705877,85.84732350482176,65.49724765567532
2036-07-01,Kasese,10529.614022288868,0.827247341034288,19.0,0.0,1.0,0.1098988295973021,1.0000305189751728,3.999954221537241,0.1699,30.0781,0.200000000000001,30.100000000000016,0.001507644873045765,0.00028895176511228914,-0.002201713985467989,288.9030050900621,1.4163024831263007,0.0001460272354333697,295.17773025870025,295.5424425736021,295.5181293720084,295.4576833891202,295.5990865496747,0.3841095237393207,0.3958824008818252,0.4053760592711447,0.39493813309586273,88779.19561850859,296.68558496355723,-0.40462716103499047,0.12057362470658181,33.12334025992341,-8.397201063563209,52.59251973106785,65.98520940653799
2036-08-01,Kasese,10529.614022288868,0.827247341034288,19.0,0.0,1.0,0.1098988295973021,1.0000305189751728,3.999954221537241,0.1699,30.0781,0.200000000000001,30.100000000000016,0.002478572390096566,0.0002736678558863093,-0.0023546981790991493,289.680682099925,1.4268967821188296,0.00015701913429504052,295.4776236673007,295.84173790202124,295.7651454888034,295.82044134887127,295.5718443839442,0.3943804689147021,0.3963509580863928,0.395370022705137,0.38906017529294745,88753.50077915884,296.69213341290504,-0.4034754523746905,0.10823810159162892,76.64787100502066,-10.402524598709997,47.491921801070575,70.97693089075096
2036-09-01,Kasese,10529.614022288868,0.827247341034288,19.0,0.0,1.0,0.1098988295973021,1.0000305189751728,3.999954221537241,0.1699,30.0781,0.200000000000001,30.100000000000016,0.003130194137284248,0.00039254657033185945,-0.0026575064043357225,290.1040277017894,1.4309130016045977,0.00019892476022006014,295.16334988500194,295.8476874289069,295.7096986461121,295.77153330914297,295.59074525115807,0.41914173547038186,0.41370683035079936,0.39844674864428564,0.38912418296870893,88677.84647836542,296.5343449985061,-0.3738904866728364,0.07150982111674392,94.1583358841999,-11.20323408632844,68.01726392711605,72.91045299980507
2036-10-01,Kasese,10529.614022288868,0.827247341034288,19.0,0.0,1.0,0.1098988295973021,1.0000305189751728,3.999954221537241,0.1699,30.0781,0.200000000000001,30.100000000000016,0.003941295040862221,0.0010193147345508768,-0.0026460711060654132,290.66466410096893,1.4273322597652491,0.0002156795510360854,295.02667318230993,295.586059452877,295.63070858562565,295.69747541192083,295.6221160964991,0.4340769782425055,0.42649783590276413,0.3979985235124971,0.39092988639344384,88629.52194765193,296.2764662586902,-0.39234568105426154,-0.032157364022372896,114.7926456137844,-13.720340727285421,98.18010088791857,71.74989247028202
2036-11-01,Kasese,10529.614022288868,0.827247341034288,19.0,0.0,1.0,0.1098988295973021,1.0000305189751728,3.999954221537241,0.1699,30.0781,0.200000000000001,30.100000000000016,0.005384592754834293,0.0020596974097889394,-0.0029423888159808577,290.9936888595804,1.4639317183954834,0.00027142982114377695,294.05947575992616,294.816339597283,294.85665930083513,295.10373740435944,295.57824813447917,0.46538619381801904,0.4609170655365798,0.413204815928987,0.3953037707763848,88604.55520792348,295.7165369435285,-0.4051071604308264,-0.2729258396750063,106.71166088750242,-10.17220637884694,106.4321087619006,73.75914086621646
2036-12-01,Kasese,10529.614022288868,0.827247341034288,19.0,0.0,1.0,0.1098988295973021,1.0000305189751728,3.999954221537241,0.1699,30.0781,0.200000000000001,30.100000000000016,0.003281024660452678,0.0012557182176039447,-0.002896434555064207,290.3359770192098,1.460050735501709,0.0002099208459920453,294.6149677807496,295.01324160422485,295.07790465965417,295.03989678616045,295.3405565837329,0.42763778456064705,0.4371911821981175,0.4209765675655914,0.39560841613270603,88567.97330584032,296.2362618288539,-0.41644700900826775,-0.5074436577958352,70.12167815759625,-12.109010693924292,99.18027355592184,79.87113382333591
2037-01-01,Kasese,10529.614022288868,0.827247341034288,19.0,0.0,1.0,0.1098988295973021,1.0000305189751728,3.999954221537241,0.1699,30.0781,0.200000000000001,30.100000000000016,0.0021908525055868992,0.00046360212096868496,-0.0025332213438293946,289.6735812182172,1.4627426716956156,0.00014253785862358828,295.7181339666818,296.130315013039,296.0856857201845,295.76207742377295,295.3067980551834,0.39269208020924123,0.4016842265187854,0.40504445764850494,0.392403197968991,88551.9344614796,297.36208263659745,-0.2127583091399498,-0.38988723362542954,23.473053272322435,-8.49235864455637,64.44990283675199,77.82627252294967
2037-02-01,Kasese,10529.614022288868,0.827247341034288,19.0,0.0,1.0,0.1098988295973021,1.0000305189751728,3.999954221537241,0.1699,30.0781,0.200000000000001,30.100000000000016,0.0022757975022987885,0.0005857316705933263,-0.002266791876543989,289.71819019800336,1.4417351928895397,0.00013394638303896656,296.6241217838764,297.03758236841793,296.87486972434385,296.5103517796158,295.57362314156353,0.38096869498984537,0.39833588734530684,0.3960705474409761,0.3906667215422646,88511.06248157298,297.9616484732788,-0.17586927289397755,-0.300899036116269,34.77332817878388,-9.703681775068775,45.047360942452876,68.67241700867723
2037-03-01,Kasese,10529.614022288868,0.827247341034288,19.0,0.0,1.0,0.1098988295973021,1.0000305189751728,3.999954221537241,0.1699,30.0781,0.200000000000001,30.100000000000016,0.004736248736919365,0.0010946864106468697,-0.0026400455882096057,290.7854822668387,1.4206802990931529,0.00020527426782450975,296.11264801085264,296.5764381643808,296.62014747410626,296.5701922714549,295.9228369214068,0.4178525876639415,0.41322777312769793,0.3989535922084508,0.38981834203921434,88509.47753430529,297.3509931530609,-0.30246290563310113,-0.16082149748299443,84.40366893509737,-9.793234371970517,51.461530319444805,68.10552649991189
2037-04-01,Kasese,10529.614022288868,0.827247341034288,19.0,0.0,1.0,0.1098988295973021,1.0000305189751728,3.999954221537241,0.1699,30.0781,0.200000000000001,30.100000000000016,0.006017562296893383,0.0022603305299990287,-0.0030490089600620548,291.5113918541022,1.4302767975530077,0.0002806481602341132,294.94322138439946,295.60119690732506,295.5468235442661,295.84263780602794,295.99793876323463,0.45079957350848976,0.44729116464543095,0.4154125599540903,0.3960267319285939,88557.71490697621,296.6058876350549,-0.3749972442855508,0.050025054283860386,131.4012372856285,-8.91820186169413,83.90988598774051,69.83591944324442
2037-05-01,Kasese,10529.614022288868,0.827247341034288,19.0,0.0,1.0,0.1098988295973021,1.0000305189751728,3.999954221537241,0.1699,30.0781,0.200000000000001,30.100000000000016,0.005466259303180035,0.0025726727252324186,-0.003083383311083163,291.223353368804,1.541043338575167,0.00026967642073458286,294.58609762679225,295.14853962900537,295.1911800893918,295.4065958029493,295.8299682552463,0.45155376135741365,0.4613227664100739,0.43456690314861085,0.3976472205835518,88661.93944895218,296.51672443368375,-0.3891546967965619,0.09890151361160074,89.10379788300375,-12.117797176457389,103.83362572160593,68.6253336953638
2037-06-01,Kasese,10529.614022288868,0.827247341034288,19.0,0.0,1.0,0.1098988295973021,1.0000305189751728,3.999954221537241,0.1699,30.0781,0.200000000000001,30.100000000000016,0.0028574718522085935,0.0010567368092455677,-0.0026660327532691324,289.75737405404766,1.5503960567330157,0.00017996745026515278,294.7079312655822,295.1749634159773,295.1883138393268,295.3857071614674,295.62966256290366,0.41867539336634524,0.430060103081536,0.42689162773046624,0.3985462341884732,88736.54854756185,296.81853215424417,-0.4507520542112824,0.09235240192865171,38.60200781372297,-9.45719035730126,87.18194536130633,64.09825664063554
2037-07-01,Kasese,10529.614022288868,0.827247341034288,19.0,0.0,1.0,0.1098988295973021,1.0000305189751728,3.999954221537241,0.1699,30.0781,0.200000000000001,30.100000000000016,0.0013855081128462123,0.00020798269817148748,-0.0022338407589248114,288.8148924832131,1.4546336075002755,0.00013413121375873164,295.08980617322186,295.5766135930051,295.52612271800245,295.49019839565733,295.5181948138795,0.3757295731403221,0.393846191670237,0.4038223981926927,0.39265918708787934,88725.3092115098,296.69732971446126,-0.4414140783650254,0.11177603242727994,32.138398424783375,-6.487568975649385,54.336254568756765,63.93015755604736
2037-08-01,Kasese,10529.614022288868,0.827247341034288,19.0,0.0,1.0,0.1098988295973021,1.0000305189751728,3.999954221537241,0.1699,30.0781,0.200000000000001,30.100000000000016,0.0025519939041553615,0.00019282443424108886,-0.002410341898547794,289.6148754597258,1.445596631243138,0.0001623052799077337,295.33517586082775,295.72734278972615,295.66989108493544,295.75295862390107,295.49839104931266,0.40705397513710273,0.3993017105836826,0.3959219315365432,0.38954852920544303,88678.12974710707,296.56156940186384,-0.4046857456103319,0.10221361713926501,73.00204905684616,-12.751658771650119,47.557388729997655,71.97231285794888
2037-09-01,Kasese,10529.614022288868,0.827247341034288,19.0,0.0,1.0,0.1098988295973021,1.0000305189751728,3.999954221537241,0.1699,30.0781,0.200000000000001,30.100000000000016,0.002916181301294544,0.00035242403680503254,-0.0026113238423158256,290.1429231046027,1.4647637959879134,0.00019350127227284807,295.3254177529828,295.8159925296918,295.79457954100866,295.72609384368474,295.57643758919255,0.41961660823076746,0.41323359509697954,0.40171630766103206,0.39064832030118724,88605.26712688788,296.4772558456449,-0.39337857877401966,0.04498946020706917,98.6323008539463,-11.070763469457603,66.20746932077512,72.25795424860422
2037-10-01,Kasese,10529.614022288868,0.827247341034288,19.0,0.0,1.0,0.1098988295973021,1.0000305189751728,3.999954221537241,0.1699,30.0781,0.200000000000001,30.100000000000016,0.004139128075754229,0.0010270327751741898,-0.0026554311457590665,290.5869342751809,1.4686961236487222,0.00020944435719284663,294.9000318408165,295.5080668978653,295.5330746120181,295.69015961174506,295.5920558481163,0.4337088248438582,0.4307070031083992,0.3990950953476085,0.3922749603628773,88552.0737978845,296.1075752882548,-0.38558456089134147,-0.06146700742288878,116.88499055864598,-10.572448758001967,94.64392324843328,71.46736115005449
2037-11-01,Kasese,10529.614022288868,0.827247341034288,19.0,0.0,1.0,0.1098988295973021,1.0000305189751728,3.999954221537241,0.1699,30.0781,0.200000000000001,30.100000000000016,0.005570850768887484,0.0020003166673757643,-0.002874870195920651,290.9689433094881,1.4747648429709201,0.0002693288558174784,294.1339014724631,294.78375686659894,294.75338590449803,295.10672417549347,295.50075206358946,0.4628662588915495,0.4599723753648222,0.41667699606526226,0.3982872453682499,88540.60927383685,295.58354742068224,-0.40279779298606816,-0.23306397627175315,103.09453486954297,-7.990583374243133,106.74456790338414,72.35529171210125
2037-12-01,Kasese,10529.614022288868,0.827247341034288,19.0,0.0,1.0,0.1098988295973021,1.0000305189751728,3.999954221537241,0.1699,30.0781,0.200000000000001,30.100000000000016,0.003706073127230315,0.0013884619749851917,-0.002928369838942778,290.4952172641014,1.4530314826108195,0.00022115145961569408,294.3854075214229,294.91269336814713,294.93474681764343,295.0082834351657,295.2373452369076,0.4322139839205224,0.4428888874031834,0.4183450720777971,0.39903643112236786,88521.3431718989,296.1728944796571,-0.40289004185194166,-0.4700917065535149,71.15437477009255,-10.148203563229778,94.70864633497018,77.58714381013796
2038-01-01,Kasese,10529.614022288868,0.827247341034288,19.0,0.0,1.0,0.1098988295973021,1.0000305189751728,3.999954221537241,0.1699,30.0781,0.200000000000001,30.100000000000016,0.002186976369357065,0.000652428121600269,-0.0025233759627248742,289.7855402410064,1.4760331119168288,0.00013642324438632616,295.6622024949932,296.0653727466339,295.9342566247496,295.6558152725039,295.2276643344624,0.397947655267173,0.4055771113495136,0.40323993175480377,0.39576554147745446,88487.88265829279,297.30076050332787,-0.22430216087993674,-0.3711815419226371,24.983729396338276,-11.383683243545505,65.78640401394249,75.92267420318
2038-02-01,Kasese,10529.614022288868,0.827247341034288,19.0,0.0,1.0,0.1098988295973021,1.0000305189751728,3.999954221537241,0.1699,30.0781,0.200000000000001,30.100000000000016,0.002448850105350465,0.0005109193699982188,-0.002262155169863468,289.69214041587406,1.4669047554213672,0.00013297974088107036,296.774782341127,297.106710525955,296.9277591910996,296.43214385878457,295.5390905101304,0.37972288269025994,0.3874880495220486,0.3963517863688945,0.39231901018922055,88441.40309040862,297.97873429200945,-0.19460979089303682,-0.31242002241528244,36.29332877572626,-10.420131908758911,42.05750539182011,70.6255239979666
2038-03-01,Kasese,10529.614022288868,0.827247341034288,19.0,0.0,1.0,0.1098988295973021,1.0000305189751728,3.999954221537241,0.1699,30.0781,0.200000000000001,30.100000000000016,0.004704629993358243,0.0011695351851396221,-0.002718395773616421,290.76155346833525,1.4738915464873126,0.00021073638476074016,295.81888685900503,296.41506238996664,296.4830543340117,296.5232343787313,295.9002801555634,0.42718656085311946,0.4191312346957383,0.40189623820270676,0.3913013218961678,88447.47267796357,297.2167813696445,-0.2982461608237363,-0.17397888980427653,84.91031201406368,-11.250923443508054,50.031188893356486,68.6184019073589
2038-04-01,Kasese,10529.614022288868,0.827247341034288,19.0,0.0,1.0,0.1098988295973021,1.0000305189751728,3.999954221537241,0.1699,30.0781,0.200000000000001,30.100000000000016,0.005833517076864006,0.002201686389981995,-0.0030188526043043486,291.351535198885,1.4666169310819248,0.0002749760189681661,294.9869669871706,295.5832953577073,295.6326025174441,295.87867061576975,295.96830555316694,0.44652669619660507,0.44371023459697095,0.4200796554866138,0.39796487994768065,88487.87454800507,296.7042839729061,-0.3748953136412879,0.03202487799325217,128.28246074161265,-8.899749987704185,85.15424823470828,70.77133378884378
2038-05-01,Kasese,10529.614022288868,0.827247341034288,19.0,0.0,1.0,0.1098988295973021,1.0000305189751728,3.999954221537241,0.1699,30.0781,0.200000000000001,30.100000000000016,0.005182170983614205,0.002336008567850156,-0.003037581798655187,291.0392869149943,1.5576411843716471,0.0002611986000837011,294.55828751502725,295.06945165855205,295.0484618336933,295.45974748788944,295.75185528562355,0.4508212969839569,0.4574857707036251,0.4351813692476627,0.3994507450965986,88591.48754551119,296.456677686513,-0.39012591469455693,0.1282763726903595,92.73335503902828,-7.970574902384024,101.73554194650937,68.0091991840673
2038-06-01,Kasese,10529.614022288868,0.827247341034288,19.0,0.0,1.0,0.1098988295973021,1.0000305189751728,3.999954221537241,0.1699,30.0781,0.200000000000001,30.100000000000016,0.003004577776703636,0.0013559817869052467,-0.002658598402712549,290.0514151826228,1.5658600847317947,0.00019054701925247313,294.6258547875489,295.05782126781276,295.19983465541526,295.3250052907467,295.561850667995,0.42481476381136535,0.43312062110103267,0.4275936220511917,0.39904908925926663,88673.23343317363,296.6410737412293,-0.398928711072144,0.09890832398193494,45.910501431548816,-9.854872017234296,89.045864293405,64.89600222766317
2038-07-01,Kasese,10529.614022288868,0.827247341034288,19.0,0.0,1.0,0.1098988295973021,1.0000305189751728,3.999954221537241,0.1699,30.0781,0.200000000000001,30.100000000000016,0.0009769521610715605,4.067992316496084e-05,-0.0022061382034499616,288.7891293713597,1.502779821483728,0.00011995843519451022,295.177356724158,295.53481753005974,295.47533143424425,295.5134176695514,295.44491140794906,0.3813267300747807,0.3989131019980738,0.4078239117279864,0.39596012924379764,88666.25137535865,296.80002380778166,-0.4409734297837085,0.10230262811394542,28.79626463716602,-10.970767593553978,54.32711009483736,65.88779328643092
2038-08-01,Kasese,10529.614022288868,0.827247341034288,19.0,0.0,1.0,0.1098988295973021,1.0000305189751728,3.999954221537241,0.1699,30.0781,0.200000000000001,30.100000000000016,0.0023266077642864467,0.00023259672969032182,-0.002366813558129152,289.6004455844926,1.4984574194855766,0.00016376609889332523,295.2272893021319,295.6561271050579,295.701116245147,295.7013760264357,295.46363505000045,0.40345407268887373,0.4016518244486807,0.39753903558793663,0.3928327872760282,88623.32784977416,296.5332525777509,-0.421703656446599,0.0983213474338093,69.02430494027256,-9.74044486333126,47.88782256841655,70.57302764823423
2038-09-01,Kasese,10529.614022288868,0.827247341034288,19.0,0.0,1.0,0.1098988295973021,1.0000305189751728,3.999954221537241,0.1699,30.0781,0.200000000000001,30.100000000000016,0.002788770236737095,0.0003828719610038006,-0.0026274981292866133,290.1424832190483,1.4801693999148249,0.00019241350504143202,295.20707169704156,295.6817172906459,295.70261074237203,295.6899835193517,295.5273619349365,0.41747792999172895,0.4132769138986572,0.4028412411803941,0.3889890538892253,88555.90525399159,296.46632623326855,-0.40053591500591795,0.03592631895467265,99.28581234161744,-11.816836113454983,67.31733501145644,72.45798449340552
2038-10-01,Kasese,10529.614022288868,0.827247341034288,19.0,0.0,1.0,0.1098988295973021,1.0000305189751728,3.999954221537241,0.1699,30.0781,0.200000000000001,30.100000000000016,0.004224515659641096,0.0009757528130874396,-0.0026550945869397305,290.6013838554333,1.491942252600285,0.00022215241838839677,294.84409632653876,295.4475816355471,295.4460768738821,295.5929455490285,295.54038495787387,0.43235130100081776,0.4270055026551054,0.40383547920761514,0.3938870379552943,88482.05333459645,295.99149193979235,-0.37855303152297975,-0.049321489729317,120.33536830147983,-12.218162883884846,94.79334810848859,70.40165869901773
2038-11-01,Kasese,10529.614022288868,0.827247341034288,19.0,0.0,1.0,0.1098988295973021,1.0000305189751728,3.999954221537241,0.1699,30.0781,0.200000000000001,30.100000000000016,0.0056182309716340684,0.0019018962468149705,-0.0029066153707261776,290.93825327179667,1.4867016235145718,0.0002726780485142573,294.041918692605,294.6591628526834,294.8284681448022,295.10612984462443,295.3880505453908,0.46195582929141,0.4550367416564279,0.41765898304398136,0.39836905412674367,88473.79425561192,295.67238485146396,-0.4093631394570615,-0.22318399580907416,106.11758842119905,-10.904910686291196,109.22920370777463,72.93651274800024
2038-12-01,Kasese,10529.614022288868,0.827247341034288,19.0,0.0,1.0,0.1098988295973021,1.0000305189751728,3.999954221537241,0.1699,30.0781,0.200000000000001,30.100000000000016,0.003542448322438287,0.0014681722834463445,-0.0029111520908604595,290.5388046059642,1.506088805253304,0.00022559968961254485,294.3798663219835,294.84669512004575,294.9562263800311,294.9347445355003,295.2342647590446,0.4420746342233535,0.4453343096762205,0.42277872424750285,0.4007174417192195,88478.75534250826,296.1591441544296,-0.3692497945071486,-0.4510486502909263,63.03675940470124,-11.311721278067829,98.3191569862797,75.92159383573836
2039-01-01,Kasese,10529.614022288868,0.827247341034288,19.0,0.0,1.0,0.1098988295973021,1.0000305189751728,3.999954221537241,0.1699,30.0781,0.200000000000001,30.100000000000016,0.0022127977453664438,0.00067180966722748,-0.002533510284082192,289.847812146605,1.4855567699022867,0.0001411484205033767,295.6829270619654,296.05682862192896,295.99809281532896,295.6092994154249,295.1838680666038,0.39627062800439833,0.4075389580369671,0.40552552413954673,0.39747381529219844,88421.16269296357,297.17944732932233,-0.21506973713007455,-0.38556599174881784,26.76605496915347,-10.679102740943161,66.6205439470985,76.17273545431871
2039-02-01,Kasese,10529.614022288868,0.827247341034288,19.0,0.0,1.0,0.1098988295973021,1.0000305189751728,3.999954221537241,0.1699,30.0781,0.200000000000001,30.100000000000016,0.0024841410084821395,0.00032466098924176186,-0.0022530506309186476,289.7691594970175,1.4886293519074536,0.00012844559904501442,296.8280061130332,297.19833138397496,297.01028055887747,296.559025998897,295.4290908098158,0.37819513449860553,0.3857801195711412,0.3945280025677549,0.3941964477976524,88386.76116791049,297.93676209892106,-0.21388556240128048,-0.3005096235592878,39.81370292999793,-8.789611065746946,42.47499580757902,70.848885270063
2039-03-01,Kasese,10529.614022288868,0.827247341034288,19.0,0.0,1.0,0.1098988295973021,1.0000305189751728,3.999954221537241,0.1699,30.0781,0.200000000000001,30.100000000000016,0.004672072481699319,0.0012729877979190142,-0.0027318473224078334,290.76609171960047,1.5407346168565044,0.00020958905501624507,295.6854027359836,296.31502100229267,296.36027888127364,296.37590050008356,295.83744234161276,0.4245032955233892,0.42378400457154974,0.4055251349158111,0.3929698624780037,88379.62446392655,297.094160936826,-0.30649163005529056,-0.1697278045191253,82.68614661986683,-11.664774834004678,49.427191162223096,67.48110729179662
2039-04-01,Kasese,10529.614022288868,0.827247341034288,19.0,0.0,1.0,0.1098988295973021,1.0000305189751728,3.999954221537241,0.1699,30.0781,0.200000000000001,30.100000000000016,0.00565518423284851,0.002033914936074892,-0.0029987199937916184,291.15465370652953,1.5459278850464553,0.0002689391911463358,294.9412004002594,295.6396819638695,295.5875314557803,295.8749667678714,295.8615559239528,0.4452533411157412,0.4415854025708507,0.41886662276970915,0.3988798305231748,88437.22092842437,296.6272621797164,-0.390746841063652,0.02612870751643561,125.06087718575314,-9.694761367828043,83.1353850029842,68.66091019593702
2039-05-01,Kasese,10529.614022288868,0.827247341034288,19.0,0.0,1.0,0.1098988295973021,1.0000305189751728,3.999954221537241,0.1699,30.0781,0.200000000000001,30.100000000000016,0.005060407032846707,0.0021289359046761697,-0.0030400628271631397,291.2563205255756,1.569086651898256,0.0002657747445775325,294.48871824283094,295.0780230580163,295.0626421334877,295.39127772650363,295.79269027253787,0.4559517497130842,0.46414915623876674,0.4353952391116935,0.3978769885420968,88526.8611723341,296.4063007903891,-0.3872498155028363,0.1358005259713096,91.47388167835493,-11.626510922589137,102.71710035793221,66.90927086921528
2039-06-01,Kasese,10529.614022288868,0.827247341034288,19.0,0.0,1.0,0.1098988295973021,1.0000305189751728,3.999954221537241,0.1699,30.0781,0.200000000000001,30.100000000000016,0.003546527939861278,0.001582358390762855,-0.0026517558141675615,290.1395313981456,1.5450279709403927,0.00021089089157294645,294.4810181591462,295.0370699810327,295.1135528052485,295.2557182942817,295.5173881457734,0.4295925798291707,0.44454949914420117,0.4288870649385254,0.3992042955304306,88605.22557755592,296.45251518922095,-0.349964196639259,0.1320509644778195,46.97993384462743,-10.665425083506115,91.37363524864146,65.11147757759058
2039-07-01,Kasese,10529.614022288868,0.827247341034288,19.0,0.0,1.0,0.1098988295973021,1.0000305189751728,3.999954221537241,0.1699,30.0781,0.200000000000001,30.100000000000016,0.0009649457050805195,9.113616734674172e-05,-0.0022455677029976106,288.71816632589844,1.5351973976197404,0.0001103493362950769,295.1852228376733,295.5717839520109,295.44963692470475,295.4338067515017,295.38171783344853,0.37440546852657863,0.3972346152446383,0.40763869646739925,0.4006866434132807,88620.59501812937,296.78380388995674,-0.47386423409139466,0.10383879791722866,28.140935968598516,-13.254676646234284,57.880905617152386,65.91828614609561
2039-08-01,Kasese,10529.614022288868,0.827247341034288,19.0,0.0,1.0,0.1098988295973021,1.0000305189751728,3.999954221537241,0.1699,30.0781,0.200000000000001,30.100000000000016,0.0023573344830033352,7.165509656053191e-05,-0.0023671228922960536,289.6577117619948,1.5287976974657975,0.0001656464842550363,295.1399238941373,295.63523427673965,295.55857188813445,295.62852681925403,295.4471233658902,0.40784669890224967,0.40564379786231636,0.3982426712234567,0.3944992834800802,88582.07218630532,296.51992259797606,-0.4091466223477904,0.09377208778987951,64.84868752685529,-12.128807069234378,46.27227735217858,69.88400360936843
2039-09-01,Kasese,10529.614022288868,0.827247341034288,19.0,0.0,1.0,0.1098988295973021,1.0000305189751728,3.999954221537241,0.1699,30.0781,0.200000000000001,30.100000000000016,0.0027656464944068857,0.00024162570246092572,-0.00260441677008823,290.0053553081242,1.5332384589202055,0.00018058210696063532,295.17418805417253,295.7172586491184,295.64618589501674,295.6466694162246,295.484319495626,0.41644605660461986,0.4127882523209937,0.4055195392961993,0.39266128644421455,88505.24340668043,296.3554162698073,-0.4030806769661782,0.03165200243772347,98.21966220987555,-11.299708181874259,65.81077838242531,72.81318732778819
2039-10-01,Kasese,10529.614022288868,0.827247341034288,19.0,0.0,1.0,0.1098988295973021,1.0000305189751728,3.999954221537241,0.1699,30.0781,0.200000000000001,30.100000000000016,0.004226334722380839,0.0009698420976946773,-0.002685597851639809,290.55830616310607,1.5127656215992402,0.00022719757725347443,294.7392655189892,295.31274983289234,295.4158107014147,295.58173577361424,295.4740485176395,0.43728481170212885,0.430479709100241,0.40856625354899156,0.3952274514343535,88413.92803929176,295.96362709898307,-0.35819337078182645,-0.06679783543434024,115.44423803144558,-11.679074458962807,95.37725581046942,70.74546475504032
2039-11-01,Kasese,10529.614022288868,0.827247341034288,19.0,0.0,1.0,0.1098988295973021,1.0000305189751728,3.999954221537241,0.1699,30.0781,0.200000000000001,30.100000000000016,0.0051441647213921905,0.0018792497539183981,-0.002919861695780894,290.8831570743039,1.5025886247996472,0.00027161805916351084,294.05301933115845,294.57072458981537,294.73142212020656,295.0939784783904,295.3762870897922,0.46225375832405374,0.4572716783110754,0.42024218281054254,0.39875303738304624,88408.81384596968,295.5435635769285,-0.4070475861092178,-0.220908268385126,110.1689312944541,-9.401537639028371,107.31396507865618,73.5356254099312
2039-12-01,Kasese,10529.614022288868,0.827247341034288,19.0,0.0,1.0,0.1098988295973021,1.0000305189751728,3.999954221537241,0.1699,30.0781,0.200000000000001,30.100000000000016,0.003978009808666899,0.0016977931999368084,-0.0029141840490810584,290.48600162394524,1.5073116241247326,0.0002322668572455276,294.2982513900575,294.80642499675224,294.8274896878231,294.8598339064156,295.1570120999597,0.443924877746592,0.45173176926236813,0.42655552861008567,0.40169587645867955,88415.64032212025,296.05450495814233,-0.3538479554410542,-0.42169513283191634,64.70425422775698,-13.810226165664954,98.4197989069392,74.56580049477297
2040-01-01,Kasese,10529.614022288868,0.827247341034288,19.0,0.0,1.0,0.1098988295973021,1.0000305189751728,3.999954221537241,0.1699,30.0781,0.200000000000001,30.100000000000016,0.0019136354555484853,0.0005743574245674266,-0.002512323073467707,290.01388409845356,1.5216216993832248,0.00013637019217365012,295.6389814109944,296.07187528351125,295.9404853175468,295.53487126944304,295.1430499881889,0.4000177696311388,0.4071914069806533,0.41133361436905114,0.3979796742161953,88351.42572710387,297.14077398949036,-0.18509916790262307,-0.3944918316695672,32.747396108079855,-11.614779460633754,67.73002548981975,74.73517303316011
2040-02-01,Kasese,10529.614022288868,0.827247341034288,19.0,0.0,1.0,0.1098988295973021,1.0000305189751728,3.999954221537241,0.1699,30.0781,0.200000000000001,30.100000000000016,0.0024352617736470624,0.00030783595160171123,-0.002243119938193599,289.65157958308964,1.519805734862832,0.00012949233167187243,296.76893851258774,297.25893183911603,297.08106072330787,296.5789230261969,295.4637788427317,0.37626901074785357,0.3816311672836371,0.39476638297877814,0.3940370318311809,88312.74057634697,297.8776964969723,-0.22875513736808675,-0.3082827272852455,38.2441954929254,-11.856386393850364,46.111891488805746,70.67953190455584
2040-03-01,Kasese,10529.614022288868,0.827247341034288,19.0,0.0,1.0,0.1098988295973021,1.0000305189751728,3.999954221537241,0.1699,30.0781,0.200000000000001,30.100000000000016,0.004299012059945257,0.001020532833319854,-0.0026347758678474946,290.9068744723355,1.505365316465609,0.00021155658630756237,296.02519438751096,296.5957254590789,296.6769675958651,296.58440675098825,295.7416401255695,0.4192401152565853,0.4110183679990216,0.4017572100104035,0.39628023685707553,88327.4768957129,297.2754494908827,-0.2853988741344812,-0.12011675275497795,86.65535458866663,-11.917185603336582,49.212042881377634,67.54544430301736
2040-04-01,Kasese,10529.614022288868,0.827247341034288,19.0,0.0,1.0,0.1098988295973021,1.0000305189751728,3.999954221537241,0.1699,30.0781,0.200000000000001,30.100000000000016,0.006159592748967107,0.0022991218356512104,-0.0030183597116516148,291.5433881750716,1.5023425252078637,0.00029447960550622117,294.66967215620315,295.3625653745235,295.45585686986783,295.73929405526974,295.83744895211186,0.4585060162840845,0.45781127862730336,0.41725519899230173,0.40117261929684583,88364.302325146,296.35097924963276,-0.3583181580051982,0.06557481793505876,133.01880722570397,-8.689145721672439,85.4361916111471,70.02592885105503
2040-05-01,Kasese,10529.614022288868,0.827247341034288,19.0,0.0,1.0,0.1098988295973021,1.0000305189751728,3.999954221537241,0.1699,30.0781,0.200000000000001,30.100000000000016,0.005433991094310163,0.002628214081821565,-0.0030558239904519345,291.1856120180663,1.6497938189391903,0.0002733271969773303,294.43953687596684,295.03126155062375,295.0215038095996,295.3338869338076,295.6732180762325,0.4494487122791677,0.46389536958101574,0.4429977702280095,0.40148989716892447,88490.52522026126,296.3876888767664,-0.38185650096165086,0.09811009667654876,95.27058457223669,-12.464736836671301,104.1213505151518,66.263295373047
2040-06-01,Kasese,10529.614022288868,0.827247341034288,19.0,0.0,1.0,0.1098988295973021,1.0000305189751728,3.999954221537241,0.1699,30.0781,0.200000000000001,30.100000000000016,0.002067101082011654,0.0007386406204209687,-0.002617583535475172,289.4722415868523,1.6437558517200066,0.00015602304958855834,294.5253393931241,295.16243838633045,295.14849151207136,295.32840499756355,295.5140397172856,0.4126660548279207,0.43222626230365785,0.4299670860964103,0.40074493162723246,88551.96007706807,296.6630002315712,-0.4691246737795096,0.07064647634096008,34.54837948602634,-15.571596185657981,89.48385971785477,63.785831440998415
2040-07-01,Kasese,10529.614022288868,0.827247341034288,19.0,0.0,1.0,0.1098988295973021,1.0000305189751728,3.999954221537241,0.1699,30.0781,0.200000000000001,30.100000000000016,0.0015801116581244416,0.00012814437769147145,-0.00226291713112816,288.87634343461525,1.5035616094080775,0.0001363229036275083,294.8434594615735,295.31196685242645,295.2851434378883,295.3265518583454,295.39426610751224,0.3832612136891413,0.3969412049731073,0.40992839593386493,0.3979950849468905,88537.4304106504,296.43945240581786,-0.398235179181368,0.12344289361068374,30.922640294811252,-9.542729684039545,55.20965631229805,65.45924372036606
2040-08-01,Kasese,10529.614022288868,0.827247341034288,19.0,0.0,1.0,0.1098988295973021,1.0000305189751728,3.999954221537241,0.1699,30.0781,0.200000000000001,30.100000000000016,0.0023498942207716956,0.00013798956539709702,-0.0023648501108652167,289.62459446256446,1.5358148998602448,0.00017284040944852902,295.2135866169019,295.6893601673546,295.6023030342181,295.5459073892069,295.3545403322545,0.4011211955230125,0.40462575038463505,0.3963737280893061,0.39233046252102705,88506.8515619217,296.53040983563267,-0.40714836890957884,0.12803076380949943,73.03262173863752,-10.55780642340284,48.51356925054556,71.06903775139092
2040-09-01,Kasese,10529.614022288868,0.827247341034288,19.0,0.0,1.0,0.1098988295973021,1.0000305189751728,3.999954221537241,0.1699,30.0781,0.200000000000001,30.100000000000016,0.0028112063760746173,0.00036524744718417063,-0.002634623364729777,290.17426890984234,1.4980713144266729,0.00020119884414170064,295.13937247173874,295.67665142242095,295.6025887678459,295.5572477095207,295.40274104139553,0.4247916456149631,0.4176070407707717,0.4050943605954105,0.39517992696759063,88424.88399554329,296.17178101838743,-0.3706457482155342,0.05261841527166586,92.28637132112135,-11.158355550442808,69.33449976614835,70.0494666851329
2040-10-01,Kasese,10529.614022288868,0.827247341034288,19.0,0.0,1.0,0.1098988295973021,1.0000305189751728,3.999954221537241,0.1699,30.0781,0.200000000000001,30.100000000000016,0.0041186345998511864,0.0008547543224534682,-0.0026329193479981638,290.7143217755341,1.5382271409897879,0.00021292196194454927,294.86121490826406,295.2759109146934,295.34409256052544,295.59223996486224,295.3952497792341,0.43600046847074236,0.43236073816826925,0.4040917752706296,0.3973905929051872,88386.34290581357,296.05301351957445,-0.3806423773368636,-0.03524421476807616,121.86885585053925,-9.33259072041741,96.03316028869965,69.48510844308777
2040-11-01,Kasese,10529.614022288868,0.827247341034288,19.0,0.0,1.0,0.1098988295973021,1.0000305189751728,3.999954221537241,0.1699,30.0781,0.200000000000001,30.100000000000016,0.005450463441643689,0.00201829722930354,-0.0029542576780819275,290.9467616348032,1.5442401648038737,0.0002729991957545222,293.88923366121537,294.63311528017414,294.6135928383285,294.9849528440469,295.33586057934906,0.46144591058828216,0.4640100746815843,0.42194571649182916,0.40006382676706015,88353.11773856342,295.44687556525264,-0.3971206895527124,-0.2464937247380207,103.13414869631033,-9.69907429338058,107.55586404432714,71.67769473692356
2040-12-01,Kasese,10529.614022288868,0.827247341034288,19.0,0.0,1.0,0.1098988295973021,1.0000305189751728,3.999954221537241,0.1699,30.0781,0.200000000000001,30.100000000000016,0.0032105899826782203,0.0012366280555367265,-0.002906657486542018,290.5248590811696,1.526030154813598,0.00021517775521239386,294.2661973584251,294.75510927841776,294.9738454563401,294.9218534642751,295.112000242528,0.43095512204119774,0.4400689331985799,0.42587194142562307,0.40302746755296587,88330.32571323833,295.98650917796186,-0.41334836637147193,-0.5143276869915414,67.88739422859024,-8.929119713372172,96.47736759491639,78.30260682258104
2041-01-01,Kasese,10529.614022288868,0.827247341034288,19.0,0.0,1.0,0.1098988295973021,1.0000305189751728,3.999954221537241,0.1699,30.0781,0.200000000000001,30.100000000000016,0.0020603613671362577,0.000564466752651303,-0.0024367047495700653,289.72150330831465,1.5608313708253376,0.0001431535168896823,295.5124859875505,296.0180758271283,295.84902932089216,295.60385767481625,295.11849768858315,0.39307197652726156,0.40961809724818404,0.4118816088542998,0.3983042117397131,88308.20923081055,297.0046286616605,-0.208818501549996,-0.36969736396487957,24.915362933249767,-10.10677803830147,64.69567004523867,74.64960442556352
2041-02-01,Kasese,10529.614022288868,0.827247341034288,19.0,0.0,1.0,0.1098988295973021,1.0000305189751728,3.999954221537241,0.1699,30.0781,0.200000000000001,30.100000000000016,0.0024223363124066854,0.00045203994511057113,-0.0022997448986625275,289.7366823426252,1.5371063060035939,0.00014068617470878853,296.52360384353835,296.8255121546474,296.73730043224936,296.26981158387736,295.3679860925855,0.390126955359733,0.39948006396062,0.4039224580225966,0.3951162849604915,88257.25924686212,297.82591892920516,-0.18113014313582101,-0.2926856232879419,32.10460835903353,-11.843851793583864,42.09598349674247,67.97625744133072
2041-03-01,Kasese,10529.614022288868,0.827247341034288,19.0,0.0,1.0,0.1098988295973021,1.0000305189751728,3.999954221537241,0.1699,30.0781,0.200000000000001,30.100000000000016,0.004288619286020852,0.0010569104189966925,-0.0027360649984130517,290.8793886250252,1.5368102731817574,0.0002095767197122681,295.8448567736014,296.42017326732844,296.4614794436721,296.4728626883462,295.7511177198126,0.42379202853944203,0.4174176429407956,0.4050596644836542,0.39742622292336677,88271.49145604255,297.13777345860444,-0.2796048933088906,-0.13640155637218435,86.80008205601392,-11.894250763943038,47.02100126049061,66.98897324690888
2041-04-01,Kasese,10529.614022288868,0.827247341034288,19.0,0.0,1.0,0.1098988295973021,1.0000305189751728,3.999954221537241,0.1699,30.0781,0.200000000000001,30.100000000000016,0.005986117918646743,0.002073454245397155,-0.002956153006725597,291.5036091670599,1.5515994136765578,0.0002864471093444581,294.77124686205156,295.32268388038153,295.52380887888216,295.75778466229303,295.8130005797954,0.4513970972040158,0.4542302220809447,0.42088861830686536,0.4025298341119115,88316.8714491814,296.30858886777395,-0.38398952716185086,0.040303346912269625,131.44950685570396,-10.914504949179426,85.85219559288981,69.22359281469869
2041-05-01,Kasese,10529.614022288868,0.827247341034288,19.0,0.0,1.0,0.1098988295973021,1.0000305189751728,3.999954221537241,0.1699,30.0781,0.200000000000001,30.100000000000016,0.005102017534181115,0.0024895208229330948,-0.00306757792323614,291.1701912601212,1.6405751961210526,0.0002700912765153576,294.27582801170087,294.8735205962791,294.99988860962657,295.2294007810917,295.63125417019,0.4609277408703783,0.46557012823698957,0.44250454442981557,0.4022720803068998,88418.68320285885,296.4244912039243,-0.3781107655582602,0.1199376868766845,92.04433460297908,-13.03068151327835,102.66966956383477,67.5199141684894
2041-06-01,Kasese,10529.614022288868,0.827247341034288,19.0,0.0,1.0,0.1098988295973021,1.0000305189751728,3.999954221537241,0.1699,30.0781,0.200000000000001,30.100000000000016,0.002471555617832379,0.0010702136621692949,-0.0026049586579091153,289.7640070342698,1.6240560838448892,0.00017103121342874016,294.48224267889725,295.045485416632,295.06033448576466,295.1827499535987,295.47606739660927,0.41994296618346066,0.43764293437929913,0.4344432001213902,0.4038387915232172,88486.92747622752,296.5126152391554,-0.4411719952039911,0.09849954767928885,41.809687332764774,-11.331725427498691,88.43613505958609,62.24984121877439
2041-07-01,Kasese,10529.614022288868,0.827247341034288,19.0,0.0,1.0,0.1098988295973021,1.0000305189751728,3.999954221537241,0.1699,30.0781,0.200000000000001,30.100000000000016,0.0013060147110221846,0.0001229663189671245,-0.0022158203739887808,288.8419984073718,1.554935372852929,0.00013229304669808755,294.8707498839918,295.3929946623041,295.3989101145597,295.3080343895769,295.3534838974342,0.38802709004291935,0.4001605681194074,0.41330258436840306,0.4011820110851006,88475.49806064976,296.5567885204685,-0.4157901825682668,0.11905193322569302,28.613540816001503,-6.863559754599404,53.535813478929505,62.86340669611858
2041-08-01,Kasese,10529.614022288868,0.827247341034288,19.0,0.0,1.0,0.1098988295973021,1.0000305189751728,3.999954221537241,0.1699,30.0781,0.200000000000001,30.100000000000016,0.0025472494130528655,0.0003668435448746689,-0.0023420474552067064,289.62697546813365,1.5660944899087292,0.00016465257818845433,295.0781241238395,295.61639374462317,295.55069067754874,295.5278568634458,295.3554184711125,0.4027920950439551,0.4037197608491774,0.39938914192439917,0.3953947651556973,88439.72684273793,296.31033046327724,-0.3999961267131427,0.12840748375931652,69.61189627947189,-11.384836752568864,47.12215016082384,69.6024924968448
2041-09-01,Kasese,10529.614022288868,0.827247341034288,19.0,0.0,1.0,0.1098988295973021,1.0000305189751728,3.999954221537241,0.1699,30.0781,0.200000000000001,30.100000000000016,0.0029080817258983023,0.000308366454994561,-0.0025904510876669147,290.2698596859301,1.571927599299886,0.00018941974112555602,294.94313051136226,295.56291375230506,295.56381243655176,295.5778407865599,295.3837941169872,0.4222528237685528,0.4179454231021169,0.40326287946099226,0.3933847746297895,88353.14069019357,296.15695330719063,-0.3784786073106788,0.06255420228877578,98.69754355481791,-9.933091794432663,66.3409626599974,72.17636930412328
2041-10-01,Kasese,10529.614022288868,0.827247341034288,19.0,0.0,1.0,0.1098988295973021,1.0000305189751728,3.999954221537241,0.1699,30.0781,0.200000000000001,30.100000000000016,0.004013232965957824,0.0010109487727470036,-0.002648513894720201,290.6976281654305,1.5545086884579782,0.0002221415846961512,294.7247784478411,295.3399341714727,295.35159754243955,295.444875765479,295.3669146214819,0.43772725694736087,0.43210947117962406,0.4074155510981507,0.39955964768512564,88315.49525586456,295.8841267518943,-0.3659760674209256,-0.028142334391936762,116.1678642359428,-11.677081885775891,93.77685081729778,69.13786213698768
2041-11-01,Kasese,10529.614022288868,0.827247341034288,19.0,0.0,1.0,0.1098988295973021,1.0000305189751728,3.999954221537241,0.1699,30.0781,0.200000000000001,30.100000000000016,0.005567577141224825,0.0019515926876529977,-0.002886540098123608,291.0152185298692,1.5774767213061018,0.00027771246880786595,293.9186921321334,294.4396883180399,294.6662349441128,295.016557127221,295.27924421063193,0.467523127632503,0.4628809967136412,0.42219246338033656,0.4035254817679478,88299.79622576512,295.4373137132453,-0.38351273533492347,-0.2676124745246243,104.77330316747201,-11.574784106595617,108.31557670690688,71.44778718809644
2041-12-01,Kasese,10529.614022288868,0.827247341034288,19.0,0.0,1.0,0.1098988295973021,1.0000305189751728,3.999954221537241,0.1699,30.0781,0.200000000000001,30.100000000000016,0.0033562726822638955,0.0014503697708913238,-0.0028422625593819716,290.4488167554798,1.568569083945687,0.00021751311826580596,294.33044540432013,294.81826961051553,294.8126043649731,294.89138208914284,295.0773221017323,0.4418977458391168,0.4436861879942678,0.42618552952586436,0.40596841278477486,88281.21826919277,296.043496835511,-0.37402590659786883,-0.4941382813653126,65.73894595190625,-12.426684410432495,95.22304556697519,75.99921046092335
2042-01-01,Kasese,10529.614022288868,0.827247341034288,19.0,0.0,1.0,0.1098988295973021,1.0000305189751728,3.999954221537241,0.1699,30.0781,0.200000000000001,30.100000000000016,0.002026181269922921,0.0005953970072037352,-0.002512088319383384,289.82249563849905,1.5665750502789184,0.00013470737914177087,295.4717431071288,295.9075574934505,295.7943414095126,295.53823145179604,295.0802392338463,0.4004220662461259,0.4117022139566479,0.41110918459724055,0.40146776529833444,88244.50214745426,296.9508089723837,-0.1913685826122505,-0.37871487870368137,28.177282265731865,-9.734490098486049,67.22740885917968,73.82874449831327
2042-02-01,Kasese,10529.614022288868,0.827247341034288,19.0,0.0,1.0,0.1098988295973021,1.0000305189751728,3.999954221537241,0.1699,30.0781,0.200000000000001,30.100000000000016,0.002214537548394035,0.00041183950082443325,-0.0023209187564993974,289.77378677600876,1.553906703370672,0.00014205757134347027,296.405491449087,296.89974807899034,296.7826110989584,296.2886948456114,295.3473207206344,0.38387210938822447,0.3989743300085452,0.400677603028394,0.39771640276445064,88190.7990518712,297.68207357934665,-0.1888405526584562,-0.3011876272382467,35.25085717910908,-11.257829220201478,43.94696580320162,68.0498984307792
2042-03-01,Kasese,10529.614022288868,0.827247341034288,19.0,0.0,1.0,0.1098988295973021,1.0000305189751728,3.999954221537241,0.1699,30.0781,0.200000000000001,30.100000000000016,0.0046472340419858125,0.0011371677547212533,-0.0026463467710626685,290.9021562581892,1.5627976734503684,0.00021448250029468916,295.71322268721457,296.3107915200633,296.2642669909382,296.2943613009404,295.72557776029663,0.4265940138469883,0.42365181561230336,0.4100714716761327,0.3959262886368378,88209.62607964777,297.08998985165647,-0.2909274777848084,-0.14575713713039753,84.48878284430572,-10.782183180049948,47.82547904606244,67.75479006322439
2042-04-01,Kasese,10529.614022288868,0.827247341034288,19.0,0.0,1.0,0.1098988295973021,1.0000305189751728,3.999954221537241,0.1699,30.0781,0.200000000000001,30.100000000000016,0.005824031344695315,0.002010256058774382,-0.0029727821873335417,291.42084725127734,1.5793908492504385,0.0002822969054593637,294.8229820043655,295.4001680880522,295.4307109348946,295.70904216729457,295.73936887452504,0.45378341812004863,0.4514727782259638,0.42324960721058924,0.39981106093181673,88247.31479730718,296.3480052535165,-0.3710290485244146,0.04114594647488814,129.0176441596682,-10.84791353659977,82.15390325263644,67.8276307038458
2042-05-01,Kasese,10529.614022288868,0.827247341034288,19.0,0.0,1.0,0.1098988295973021,1.0000305189751728,3.999954221537241,0.1699,30.0781,0.200000000000001,30.100000000000016,0.005114252833712218,0.0023488392099415382,-0.003054156803218685,291.2981903136131,1.6695594713133073,0.00026972910462239486,294.2074803348498,294.86410077750713,295.02217413324513,295.2301254376279,295.6217418481251,0.45698164515703954,0.46387498788791043,0.4396243210505456,0.40512586548252644,88345.27715387146,296.3354215593106,-0.37672519874761246,0.15235500929269194,94.8431852211018,-11.558850863461378,101.23761291911138,66.33740888361488
2042-06-01,Kasese,10529.614022288868,0.827247341034288,19.0,0.0,1.0,0.1098988295973021,1.0000305189751728,3.999954221537241,0.1699,30.0781,0.200000000000001,30.100000000000016,0.0031802012006483353,0.0012147358371303438,-0.0026298712105486837,289.9027853762234,1.6459098872713809,0.00020401609591011913,294.41395100478195,294.8626472632627,294.9535904015327,295.1732602202544,295.4173452788516,0.43178479802970743,0.4397866214843973,0.4328398834849517,0.40481580640244036,88418.71979638492,296.3397251261069,-0.38845165687341426,0.1322474504254472,48.6755745179906,-11.658784374850612,88.56498044756482,63.32797819394476
2042-07-01,Kasese,10529.614022288868,0.827247341034288,19.0,0.0,1.0,0.1098988295973021,1.0000305189751728,3.999954221537241,0.1699,30.0781,0.200000000000001,30.100000000000016,0.0011960777981842832,0.00019914571021147957,-0.0022199328311434947,288.66121207852575,1.567996332295992,0.00011719864003402625,294.94903525439696,295.37720021625427,295.4024474126271,295.25906882185257,295.28016642657684,0.3821797384010009,0.40290377219049384,0.4140536621651597,0.4029853513372617,88413.3605649059,296.55781062731853,-0.4410240043500335,0.1076122845763628,29.295801933681226,-12.316889631336322,53.227782808827456,64.09166904435402
2042-08-01,Kasese,10529.614022288868,0.827247341034288,19.0,0.0,1.0,0.1098988295973021,1.0000305189751728,3.999954221537241,0.1699,30.0781,0.200000000000001,30.100000000000016,0.0023196659848844087,0.00011655062608304157,-0.002354506910962492,289.62170943545004,1.5859792420114085,0.0001633074032288039,294.9538865450091,295.5026911887288,295.5301368316867,295.50083655881383,295.2721289080775,0.40513711948136627,0.4080990270097169,0.40280756884249164,0.39789512946403954,88392.58005366505,296.2040099683494,-0.40386902253408,0.11229335549133102,67.98702774982611,-11.871673908093621,46.45021490578366,68.07186182258309
2042-09-01,Kasese,10529.614022288868,0.827247341034288,19.0,0.0,1.0,0.1098988295973021,1.0000305189751728,3.999954221537241,0.1699,30.0781,0.200000000000001,30.100000000000016,0.003012892624513606,0.000361552380011488,-0.0025519615196974792,290.1965476521361,1.5590343557631208,0.00019131837344431464,295.0574833564597,295.4660005638864,295.51486092242476,295.4720115586617,295.3234968905274,0.41928766294057435,0.41801781492274903,0.4069004264768375,0.3991805161964148,88304.86667021005,296.2113223335196,-0.38845392790418604,0.0324904130291883,98.7886144593605,-12.456700611793698,63.03058865522805,71.06581847356604
2042-10-01,Kasese,10529.614022288868,0.827247341034288,19.0,0.0,1.0,0.1098988295973021,1.0000305189751728,3.999954221537241,0.1699,30.0781,0.200000000000001,30.100000000000016,0.003910696033951294,0.0009102157948904131,-0.002694824773293486,290.5536404957235,1.5775816016048134,0.00021909401839289542,294.6623705735611,295.2251160489545,295.3280406385993,295.4341037018236,295.39852610893786,0.43997238772800606,0.4318465699267135,0.41010213963416664,0.39967140226438896,88241.28965712112,295.78387888184466,-0.3606698490915071,-0.045845902551131794,120.48522826033249,-10.747927057810474,96.03600215302342,69.51954269508325
2042-11-01,Kasese,10529.614022288868,0.827247341034288,19.0,0.0,1.0,0.1098988295973021,1.0000305189751728,3.999954221537241,0.1699,30.0781,0.200000000000001,30.100000000000016,0.005503462123609021,0.001853892163132571,-0.0029123089726981392,290.9622089782454,1.5884230141257514,0.0002835682432834846,293.84539418276336,294.57395170419227,294.64308975152295,294.8928438032374,295.21086352619136,0.4654777060928149,0.4616794294199642,0.4250326245186737,0.4049569204449211,88223.70830578158,295.32616502932274,-0.3928212284305139,-0.2597824849006771,103.14460811891301,-11.046592681452639,107.50350918794112,72.29405145155573
2042-12-01,Kasese,10529.614022288868,0.827247341034288,19.0,0.0,1.0,0.1098988295973021,1.0000305189751728,3.999954221537241,0.1699,30.0781,0.200000000000001,30.100000000000016,0.0033995880541512554,0.001507629111209899,-0.0029737525477346017,290.53247284048183,1.5794452932361038,0.00022215377539378943,294.18733269365964,294.67513101229144,294.774583422422,294.7699615294229,295.0613357579825,0.44037101902488274,0.44888849813097204,0.4297162415503043,0.4067847678232166,88225.25649430345,295.9402251640256,-0.36571076204482833,-0.44110237338583286,63.132176869370305,-11.350652513396291,94.66364203740274,73.94176680427643
2043-01-01,Kasese,10529.614022288868,0.827247341034288,19.0,0.0,1.0,0.1098988295973021,1.0000305189751728,3.999954221537241,0.1699,30.0781,0.200000000000001,30.100000000000016,0.0018541327190673472,0.0005109130901325361,-0.002529301865873275,289.8518873912618,1.5869830068188455,0.00013550194886753885,295.51598161656216,295.82331089770076,295.7631558227058,295.4468774497299,294.98942604861924,0.4024333294010529,0.4117945748985783,0.41240806750250925,0.4035861741290023,88178.14462343618,296.9708717126888,-0.1951249186917472,-0.3888976529652821,26.602135332403837,-12.620058941912864,66.97350109904359,73.08039546071291
2043-02-01,Kasese,10529.614022288868,0.827247341034288,19.0,0.0,1.0,0.1098988295973021,1.0000305189751728,3.999954221537241,0.1699,30.0781,0.200000000000001,30.100000000000016,0.002066203602190894,0.0004063487689692057,-0.0022237331396988253,289.77753535859404,1.581301219995311,0.00013300826245173455,296.60541309390567,296.9818313524391,296.88851793915796,296.3068752995562,295.2717492141877,0.38109426371228067,0.39052636357970166,0.3978847625460052,0.4006817669221171,88135.52095211393,297.81200475470496,-0.20200428368651702,-0.2968201808885005,39.95303006119825,-12.759104865924666,43.64077271561449,67.59308958451112
2043-03-01,Kasese,10529.614022288868,0.827247341034288,19.0,0.0,1.0,0.1098988295973021,1.0000305189751728,3.999954221537241,0.1699,30.0781,0.200000000000001,30.100000000000016,0.004793933033193098,0.0012124755333131221,-0.0026989769621346004,290.75457280319216,1.597646014751278,0.00020302766048172678,295.58144428855474,296.1323049674085,296.17712067325203,296.1842063954719,295.6335698216913,0.43088157535192617,0.4349059252449164,0.4130082520640053,0.3984904951451136,88134.63275182515,296.84838075049356,-0.2787558377016791,-0.1627960278940503,83.99337885746657,-10.823873447678846,47.32138975831686,67.19429319226799
2043-04-01,Kasese,10529.614022288868,0.827247341034288,19.0,0.0,1.0,0.1098988295973021,1.0000305189751728,3.999954221537241,0.1699,30.0781,0.200000000000001,30.100000000000016,0.005420625224686759,0.002131308050688419,-0.0029698109019796943,291.19807909716246,1.6226571357713582,0.00027254991205301446,294.77782667793525,295.3910005698239,295.46060678382554,295.75537501890216,295.7040704579956,0.4475131594508429,0.45249721435738127,0.4294536271812768,0.4041723194546839,88192.29498053777,296.41691759678133,-0.38224203732311274,0.03702973679076079,126.26190591237363,-11.581596740818792,80.27926519153351,67.41953594026816
2043-05-01,Kasese,10529.614022288868,0.827247341034288,19.0,0.0,1.0,0.1098988295973021,1.0000305189751728,3.999954221537241,0.1699,30.0781,0.200000000000001,30.100000000000016,0.004941515322963713,0.0021475221193377326,-0.0030629989028525904,291.3048590468725,1.6383119664445456,0.00027526957887133137,294.2707056284524,294.89721279043846,294.9224873516643,295.1209401592091,295.5451627602156,0.4551009710685523,0.46599442903227684,0.43717821885507524,0.4066969600960621,88296.97881531407,296.1824789233871,-0.3677296964931666,0.1799863187951306,92.23438492870199,-10.787514469742494,100.94258514256215,65.54116912803974
2043-06-01,Kasese,10529.614022288868,0.827247341034288,19.0,0.0,1.0,0.1098988295973021,1.0000305189751728,3.999954221537241,0.1699,30.0781,0.200000000000001,30.100000000000016,0.003442575368763016,0.0013967365528037901,-0.002654213762688427,290.1898794309498,1.6613384505196565,0.00020407053130397997,294.26320333279745,294.7773720248396,294.8584288638866,295.1098316117775,295.3135675681668,0.43139362845719453,0.4471614057447675,0.43306738930190636,0.40637869992705233,88360.29260240932,296.2649958619028,-0.3496612180852647,0.1219443473241302,48.98848170028098,-10.465620844375355,90.07669093654985,61.267963049072804
2043-07-01,Kasese,10529.614022288868,0.827247341034288,19.0,0.0,1.0,0.1098988295973021,1.0000305189751728,3.999954221537241,0.1699,30.0781,0.200000000000001,30.100000000000016,0.0009817106026338003,0.00013919503604590102,-0.0022959119704637856,288.75580164164154,1.6422815521108391,0.00010792830868533429,294.95957681599793,295.36440250483537,295.34175208676453,295.21921361676834,295.2382700602693,0.3782237307115835,0.4007052755156348,0.4180799281483939,0.40407124645981224,88353.3210173145,296.6544612730193,-0.47127360859383766,0.10248684983262182,24.765157558070925,-12.808281817789156,57.688158765871904,62.77138612666046
2043-08-01,Kasese,10529.614022288868,0.827247341034288,19.0,0.0,1.0,0.1098988295973021,1.0000305189751728,3.999954221537241,0.1699,30.0781,0.200000000000001,30.100000000000016,0.002360407786657354,0.0001645138733163303,-0.002369797178716107,289.59141450248893,1.617862939184218,0.00017002809336569215,294.9334132809373,295.2974465705014,295.43818668317687,295.47544515148235,295.22172638559147,0.40981007462021124,0.4072692272277092,0.40348261246079636,0.3998577321940448,88328.8460449128,296.2702318514462,-0.38448274019133766,0.11409892526935551,61.53804347766907,-12.85716347895767,47.66087861932057,67.14844591373163
2043-09-01,Kasese,10529.614022288868,0.827247341034288,19.0,0.0,1.0,0.1098988295973021,1.0000305189751728,3.999954221537241,0.1699,30.0781,0.200000000000001,30.100000000000016,0.0026806517168180936,0.0003770539606464922,-0.002579873883018219,290.1748852266042,1.599467857116107,0.0001891944747551385,294.98231280544314,295.4976338102539,295.4931519268715,295.4419326291184,295.2678410795392,0.4189479551504593,0.4154470974474397,0.4107978319512834,0.3994865716085781,88252.41567657285,296.2085805256522,-0.39157486407348224,0.041175358618811636,98.25988501273373,-10.413117090927194,63.53187341157551,72.09039683052256
2043-10-01,Kasese,10529.614022288868,0.827247341034288,19.0,0.0,1.0,0.1098988295973021,1.0000305189751728,3.999954221537241,0.1699,30.0781,0.200000000000001,30.100000000000016,0.003916240565540807,0.0007576531922957446,-0.0026595712960932535,290.63709009976986,1.627233241022962,0.00022820662599428205,294.47475292355495,295.0851938718942,295.2080769329281,295.4713015974654,295.27638784239184,0.438414213686187,0.4340029045507403,0.41400024700711385,0.40019251930556315,88180.39134919728,295.6003893118344,-0.346150142113707,-0.05637608581509265,117.37817545293201,-9.654003157536469,93.83970449467611,69.38029759690622
2043-11-01,Kasese,10529.614022288868,0.827247341034288,19.0,0.0,1.0,0.1098988295973021,1.0000305189751728,3.999954221537241,0.1699,30.0781,0.200000000000001,30.100000000000016,0.0053351417024156906,0.0017535918036790175,-0.002859260717663296,290.91699675378885,1.634027698759391,0.00027813092659529997,293.8832140876006,294.4778389171409,294.5312276619802,294.843630857109,295.20160838094085,0.4664069502861612,0.4663832317706534,0.42638277568568717,0.4039490364598288,88169.66317491702,295.235186146324,-0.3984709572642375,-0.2205335870228112,106.47625368439773,-11.151388657779668,108.07740354393617,71.46760795593966
2043-12-01,Kasese,10529.614022288868,0.827247341034288,19.0,0.0,1.0,0.1098988295973021,1.0000305189751728,3.999954221537241,0.1699,30.0781,0.200000000000001,30.100000000000016,0.003825862959028717,0.0015047059740870858,-0.0029129445483322665,290.6349901479136,1.6029211873028268,0.00022276978807856613,294.05086036368704,294.6070486246157,294.688018676923,294.7638299286442,294.93939926269843,0.4477825250936397,0.4561078222647468,0.4326837232579604,0.40813473856555943,88170.11555057351,295.8891677406518,-0.3461235580176893,-0.4221485158954891,61.42363730361844,-13.228446519618931,94.99653631324472,73.35930251941454
2044-01-01,Kasese,10529.614022288868,0.827247341034288,19.0,0.0,1.0,0.1098988295973021,1.0000305189751728,3.999954221537241,0.1699,30.0781,0.200000000000001,30.100000000000016,0.0017971594137778798,0.0005172806961597434,-0.002538431637516186,290.0338874536441,1.6019788081523816,0.0001353595567470359,295.38884921499897,295.7893865904794,295.66810271307276,295.31220205048805,294.999440822205,0.40246304416782874,0.41210183026452113,0.4146621337096789,0.403781503037303,88107.78592928746,296.88866854843354,-0.19497388099073212,-0.40158115991532856,27.807873492721054,-12.973223524090631,66.01931533526036,73.33086880471238
2044-02-01,Kasese,10529.614022288868,0.827247341034288,19.0,0.0,1.0,0.1098988295973021,1.0000305189751728,3.999954221537241,0.1699,30.0781,0.200000000000001,30.100000000000016,0.002020104928507475,0.00026426380854752953,-0.002191918796260368,289.7820125617337,1.6327546535593682,0.00013197533203897864,296.5765455076496,297.1250804009308,296.9159607706693,296.3379029396581,295.26408026317984,0.3795449300780479,0.3878728000346047,0.4001636299216247,0.39922403583610777,88083.58820353501,297.7346570940494,-0.21004707581635665,-0.3082981382757859,33.42645918303373,-11.005601374735386,41.21669241627634,68.33995759195122
2044-03-01,Kasese,10529.614022288868,0.827247341034288,19.0,0.0,1.0,0.1098988295973021,1.0000305189751728,3.999954221537241,0.1699,30.0781,0.200000000000001,30.100000000000016,0.004390435015400282,0.0008751036078087158,-0.0026285600736372754,290.96944058364403,1.6116335946883347,0.00020652737334272075,295.7454772631484,296.4194106816757,296.4496502355165,296.38411639577185,295.5867618370802,0.421876587382373,0.416577292106892,0.4039341700755116,0.40217821023224076,88068.04146896134,297.0742871317548,-0.2792058625504975,-0.12193697498723978,85.6956082422953,-12.754845471994878,50.56829591358486,64.76653486473437
2044-04-01,Kasese,10529.614022288868,0.827247341034288,19.0,0.0,1.0,0.1098988295973021,1.0000305189751728,3.999954221537241,0.1699,30.0781,0.200000000000001,30.100000000000016,0.005796210471810077,0.002199187699577568,-0.0030193338590393005,291.6429915199874,1.6140140200028128,0.00029119870430033376,294.5021199021713,295.15864782453656,295.119833501472,295.61623655907624,295.6996034193553,0.4586637818225768,0.4587444360128091,0.42342508441984317,0.40316983702967063,88134.58113525722,296.0764944338108,-0.3624965266608233,0.07058518643664688,131.07046455140994,-12.919134838060327,84.94050601972289,68.51357079088194
2044-05-01,Kasese,10529.614022288868,0.827247341034288,19.0,0.0,1.0,0.1098988295973021,1.0000305189751728,3.999954221537241,0.1699,30.0781,0.200000000000001,30.100000000000016,0.0056633744846774975,0.002563398692644748,-0.0030102245707219408,291.2749998103953,1.7373497566461071,0.0002637154525990771,294.19218824141547,294.7777309313063,294.8875308103166,295.18423880952747,295.48336021682593,0.4579686897724227,0.4724333453256933,0.4472615997216727,0.40948095683521535,88244.44658449617,296.1924332726998,-0.387954072943746,0.09702584357162193,89.94372377676703,-13.336430187572528,102.54150929639012,65.7628102258953
2044-06-01,Kasese,10529.614022288868,0.827247341034288,19.0,0.0,1.0,0.1098988295973021,1.0000305189751728,3.999954221537241,0.1699,30.0781,0.200000000000001,30.100000000000016,0.002108696023974838,0.0005872044450648366,-0.002640664934798929,289.52581225808746,1.7406786071862983,0.00015816156433255901,294.493406185384,294.9603114011652,294.9638926035879,295.11721045362265,295.29936257925357,0.4207179812077384,0.43377972220197664,0.4416615030213685,0.4058525715588643,88306.28510527528,296.41830501136087,-0.458046295202245,0.0773012381391395,36.036761583607664,-16.600721304679613,85.47966594022591,61.198560654790555
2044-07-01,Kasese,10529.614022288868,0.827247341034288,19.0,0.0,1.0,0.1098988295973021,1.0000305189751728,3.999954221537241,0.1699,30.0781,0.200000000000001,30.100000000000016,0.0014375327568152399,6.885074141617515e-05,-0.002247378432103039,288.86516169886943,1.6171481019713163,0.00014581886191811024,294.7405057959472,295.13737737973355,295.1709748365123,295.21496001683846,295.14575024517376,0.39047157661813103,0.4035440697605027,0.4175922474125003,0.4025154263262528,88286.86519498694,296.2410790204096,-0.3882827794300872,0.14156486032812324,31.810587888835403,-13.365525971835925,51.81235022597957,61.73851127405933
2044-08-01,Kasese,10529.614022288868,0.827247341034288,19.0,0.0,1.0,0.1098988295973021,1.0000305189751728,3.999954221537241,0.1699,30.0781,0.200000000000001,30.100000000000016,0.0023467643968164537,0.00021391081196893243,-0.002317673218459065,289.6677438118541,1.609504657748307,0.0001626850690923218,295.04012106444526,295.4534355225123,295.4312997058961,295.40643973469054,295.136726417997,0.4075842437288228,0.4079663799199954,0.4070261481462483,0.4019608817114552,88239.64905452068,296.1702279860763,-0.391273787056597,0.13502635413333888,74.42116779158648,-12.435744255564197,46.53340851455429,69.58355929972613
2044-09-01,Kasese,10529.614022288868,0.827247341034288,19.0,0.0,1.0,0.1098988295973021,1.0000305189751728,3.999954221537241,0.1699,30.0781,0.200000000000001,30.100000000000016,0.0027843613370522645,0.00030642621749610657,-0.0025829827072370755,290.1294744979477,1.6248185925003955,0.00019827847588215904,294.9609123227684,295.4370264669759,295.32391202703565,295.42809975611834,295.20206418278633,0.429200235567185,0.4239112559548969,0.4125937354668949,0.4013176699703265,88156.29945295824,295.9805104912164,-0.36232212097152616,0.06819422343945454,94.11274574993236,-13.147773367759363,65.77563696811862,70.44031262911308
2044-10-01,Kasese,10529.614022288868,0.827247341034288,19.0,0.0,1.0,0.1098988295973021,1.0000305189751728,3.999954221537241,0.1699,30.0781,0.200000000000001,30.100000000000016,0.004025525604759297,0.000961696103891744,-0.0026578048707852683,290.578524201093,1.6328217873804125,0.00020853092761725009,294.62090809864856,295.18823898796154,295.2077190568703,295.40774736003664,295.17642145956,0.4409745604865232,0.4374480888544479,0.4123071708047467,0.4042726123995119,88135.20510705627,295.7927696896163,-0.36214698183427463,-0.03145633549342879,122.50597482046135,-12.61450408124216,95.62466665569073,69.83038065977875
2044-11-01,Kasese,10529.614022288868,0.827247341034288,19.0,0.0,1.0,0.1098988295973021,1.0000305189751728,3.999954221537241,0.1699,30.0781,0.200000000000001,30.100000000000016,0.005582846542065756,0.001955258380916677,-0.002890022756688678,291.08347229775535,1.6356998775428184,0.0002651347945745097,293.7667850205474,294.407458360686,294.5152440987249,294.85072533402746,295.1885167988309,0.46874510211587583,0.47096484078711365,0.4260072496718585,0.40852361197293297,88113.44901300105,295.1186385139536,-0.3878963023307773,-0.24067735625295406,98.7306945526649,-9.493824620481917,105.67588221753485,68.2015170902957
2044-12-01,Kasese,10529.614022288868,0.827247341034288,19.0,0.0,1.0,0.1098988295973021,1.0000305189751728,3.999954221537241,0.1699,30.0781,0.200000000000001,30.100000000000016,0.0032133658632573043,0.0013339695399860853,-0.002864273547629736,290.4515865678755,1.652875591240112,0.00021830650748410891,294.14010089147433,294.706830573538,294.6049468461402,294.6844879452798,294.9381247091437,0.43745538224937214,0.44572767320612966,0.43503718451857104,0.40763277736907144,88064.51871700243,295.81157273402323,-0.39758118648069346,-0.5022457343276342,67.41721933466002,-14.160796619000156,96.37379823417042,75.39307529132185
2045-01-01,Kasese,10529.614022288868,0.827247341034288,19.0,0.0,1.0,0.1098988295973021,1.0000305189751728,3.999954221537241,0.1699,30.0781,0.200000000000001,30.100000000000016,0.002078164832323469,0.0005620991706583053,-0.002490034938412616,289.72517620260226,1.6395072255009466,0.00014141805113978046,295.3485415784865,295.82611092702143,295.5843417871911,295.37564713370807,294.9315144418303,0.3961673627956847,0.4154571147861102,0.4173360843575511,0.4037909232754799,88059.27983595945,296.85014694384876,-0.1887633469630286,-0.35263081030173155,22.92335502512178,-12.213315424900827,63.85969200643599,74.40676480117605
2045-02-01,Kasese,10529.614022288868,0.827247341034288,19.0,0.0,1.0,0.1098988295973021,1.0000305189751728,3.999954221537241,0.1699,30.0781,0.200000000000001,30.100000000000016,0.002495755412430187,0.0004702890280835501,-0.0022614269517215596,289.76639092946033,1.6347553759306521,0.0001335740567493282,296.2974371840621,296.6986000627816,296.54286414003934,296.10161053942176,295.1957450763629,0.39289420899339317,0.4047481942906347,0.4105852640165408,0.40238934386242453,88006.62597402166,297.51784330201286,-0.16040591496389622,-0.2871874657857848,37.256593512377584,-11.242781888696726,42.7368789926436,66.55464343530167
2045-03-01,Kasese,10529.614022288868,0.827247341034288,19.0,0.0,1.0,0.1098988295973021,1.0000305189751728,3.999954221537241,0.1699,30.0781,0.200000000000001,30.100000000000016,0.004466039718041577,0.0010626867414870738,-0.0026621382741395362,290.902790741597,1.6138942464482233,0.0002145254081813872,295.7297733498688,296.23990120009455,296.2031522417341,296.2145729980277,295.5644892378442,0.4245296570519708,0.42243080174240644,0.41186123059859325,0.4034458596017365,88014.47734436349,296.9521440426971,-0.2855679078317839,-0.15162146506242621,86.2790229934646,-10.964298249430382,48.93978584411178,65.97691224536467
2045-04-01,Kasese,10529.614022288868,0.827247341034288,19.0,0.0,1.0,0.1098988295973021,1.0000305189751728,3.999954221537241,0.1699,30.0781,0.200000000000001,30.100000000000016,0.005909986676894728,0.002139635470632869,-0.0029743615920836564,291.41212239700974,1.6237252600350753,0.0002852777453516773,294.56385722938523,295.171536380375,295.2421470245873,295.52470059714733,295.60166302378684,0.4563176723558416,0.4571781505329951,0.42742261303292983,0.40743956332775433,88074.53523926559,296.0807011930213,-0.3505495003115864,0.062001984246779114,133.32176318023178,-14.891947091647104,84.18796451085143,67.69913990770283
2045-05-01,Kasese,10529.614022288868,0.827247341034288,19.0,0.0,1.0,0.1098988295973021,1.0000305189751728,3.999954221537241,0.1699,30.0781,0.200000000000001,30.100000000000016,0.005298223202979203,0.0023776297010420842,-0.00308993479372708,291.1851282911062,1.7206696182203765,0.0002664060460253002,294.13394907957735,294.8611001702352,294.8615860484417,295.1514331266836,295.4161531254409,0.45963868638186195,0.47193165157834477,0.44690209882660725,0.4108615746658688,88182.26546155699,296.0580983184227,-0.37747500077787344,0.0911353618172267,90.86362146062444,-12.446684341440339,102.03612466991208,64.58134116365008
2045-06-01,Kasese,10529.614022288868,0.827247341034288,19.0,0.0,1.0,0.1098988295973021,1.0000305189751728,3.999954221537241,0.1699,30.0781,0.200000000000001,30.100000000000016,0.002756504762968675,0.0010269380862033915,-0.0026342485951403693,289.78444634528404,1.7358080060406411,0.00018130742065294695,294.29210262815343,294.79902920705166,294.76463320134064,295.0447776918201,295.26376826845865,0.4215500865900561,0.43993581677101806,0.441407029917316,0.40834296731154485,88248.1090204601,296.34396740014193,-0.41629138037876084,0.0883470424788592,40.526878805543404,-13.196273512585204,88.76276040222089,60.161137452505436
2045-07-01,Kasese,10529.614022288868,0.827247341034288,19.0,0.0,1.0,0.1098988295973021,1.0000305189751728,3.999954221537241,0.1699,30.0781,0.200000000000001,30.100000000000016,0.0012730144529551016,0.00011397297485868786,-0.0022276709135054563,288.8165138082851,1.6523682348111477,0.00013475052430906076,294.82429599272814,295.1602198833121,295.148996516054,295.14194019403624,295.1281213588517,0.38629007445333385,0.4041255223589974,0.41813060786047046,0.4053658554487833,88233.57043340779,296.2438637545547,-0.4063784153374025,0.12975484526928927,28.432822985333534,-12.411834049413676,51.43185178091618,61.60476232047904
2045-08-01,Kasese,10529.614022288868,0.827247341034288,19.0,0.0,1.0,0.1098988295973021,1.0000305189751728,3.999954221537241,0.1699,30.0781,0.200000000000001,30.100000000000016,0.002143370821700953,1.2526364823618996e-06,-0.0023634974225272823,289.7202588332572,1.6348660048973944,0.00016877193108772421,294.9583190769441,295.40707141603764,295.34276725872513,295.37821370012506,295.1620211363158,0.4076041403639722,0.4097860392938851,0.41062038579931875,0.4036434826192767,88190.74405616937,296.11870983751277,-0.39181429466353773,0.11799072826281831,69.81953598425183,-11.071503951805955,47.91474139746667,67.63667487898407
2045-09-01,Kasese,10529.614022288868,0.827247341034288,19.0,0.0,1.0,0.1098988295973021,1.0000305189751728,3.999954221537241,0.1699,30.0781,0.200000000000001,30.100000000000016,0.0027811997949572275,0.0003479758297556045,-0.002608976720512638,290.1792956903604,1.6675403111128357,0.0002024600913171985,294.8283045838708,295.36681482025665,295.3065104340768,295.30446291355935,295.16320153477767,0.42348470209488265,0.42497058761898787,0.41440154114958244,0.40117292217429223,88114.24587887748,295.99242380927586,-0.3789318207491778,0.05906209207583271,94.39562552880403,-10.927044542858651,66.74485809647864,69.04775512941585
2045-10-01,Kasese,10529.614022288868,0.827247341034288,19.0,0.0,1.0,0.1098988295973021,1.0000305189751728,3.999954221537241,0.1699,30.0781,0.200000000000001,30.100000000000016,0.0038696130086627437,0.0008697247913476548,-0.0026897413147876415,290.7388203618896,1.6415982989228346,0.00021804721176797053,294.6785667304858,295.0962840437922,295.07004205199826,295.3126619052956,295.1787474153198,0.44289136074414853,0.43729931257955396,0.41288285308415573,0.40340424227715976,88078.49785406147,295.71032507803784,-0.342821550683629,-0.03532501415388597,123.41910164602078,-13.699649609115772,95.64493533523854,67.72116317744954
2045-11-01,Kasese,10529.614022288868,0.827247341034288,19.0,0.0,1.0,0.1098988295973021,1.0000305189751728,3.999954221537241,0.1699,30.0781,0.200000000000001,30.100000000000016,0.005298334273484913,0.00195181875465018,-0.002898247771733053,291.0271495182914,1.6602713869003913,0.00027820182269383526,293.59677360842954,294.2189281969376,294.4631192771296,294.75496912685065,295.06236889561256,0.4681330079961732,0.46411887224890025,0.43074612132123724,0.40752234945718563,88040.22152008698,295.0937578535827,-0.3870454475366059,-0.23323088702389816,101.4433909686019,-13.851762336877316,104.63082818646296,71.78106794660388
2045-12-01,Kasese,10529.614022288868,0.827247341034288,19.0,0.0,1.0,0.1098988295973021,1.0000305189751728,3.999954221537241,0.1699,30.0781,0.200000000000001,30.100000000000016,0.0033830311003291698,0.0013494524374158975,-0.002877886767449815,290.54363488189637,1.6497158423500242,0.00022180335363936957,294.10581422494045,294.5218868620195,294.6237548893769,294.6708242216199,294.88738802597544,0.44371742272264597,0.44692774098399,0.435402008565121,0.4105331086856609,88015.83398441866,295.74026053499676,-0.3771160177064005,-0.4749157746496582,65.39449042089001,-11.9392690274782,95.48364129487015,73.30549695695393
2046-01-01,Kasese,10529.614022288868,0.827247341034288,19.0,0.0,1.0,0.1098988295973021,1.0000305189751728,3.999954221537241,0.1699,30.0781,0.200000000000001,30.100000000000016,0.00195484968306338,0.0004925189485389344,-0.0024955349962126655,289.9155542262211,1.644980443296265,0.0001417656944827163,295.2782635087442,295.80847237766193,295.59178713312264,295.2754649058328,294.9012158482338,0.40641382418234445,0.4164615240082054,0.4210233708762496,0.4053554757486706,87994.3293076771,296.82435352681847,-0.20234801019891957,-0.37854238983455246,24.586841837740135,-11.638989962906743,64.01600319691187,72.580314496882
2046-02-01,Kasese,10529.614022288868,0.827247341034288,19.0,0.0,1.0,0.1098988295973021,1.0000305189751728,3.999954221537241,0.1699,30.0781,0.200000000000001,30.100000000000016,0.002421100484370985,0.0003661268385100906,-0.002282554880207926,289.7035045603852,1.638942204677061,0.00014423504058263777,296.30387870950307,296.7263792992142,296.58129715726204,296.0956965459892,295.0478729213762,0.38600172734922894,0.40032998308857404,0.4093153593823338,0.4037435603881682,87942.46274757535,297.5458667979735,-0.161688920748859,-0.29435036514432367,35.89412876374631,-15.317301569096456,41.69735655642484,67.36605778350331
2046-03-01,Kasese,10529.614022288868,0.827247341034288,19.0,0.0,1.0,0.1098988295973021,1.0000305189751728,3.999954221537241,0.1699,30.0781,0.200000000000001,30.100000000000016,0.004533537268734599,0.0010042602048723553,-0.002681212325176163,290.91359824532066,1.662164644540312,0.00021534064353218745,295.43136565784675,296.0684816098528,296.15373823202765,296.13163417810904,295.4976339174702,0.4332760958727325,0.4290867531778663,0.41557082198305223,0.40387976941453374,87959.12019760975,296.7543168689734,-0.2694406925064478,-0.15025241954414356,87.38408786854662,-11.704460958187298,46.56737352450227,65.13178166010809
2046-04-01,Kasese,10529.614022288868,0.827247341034288,19.0,0.0,1.0,0.1098988295973021,1.0000305189751728,3.999954221537241,0.1699,30.0781,0.200000000000001,30.100000000000016,0.005630955394318017,0.0020101046501013096,-0.0029521345161019185,291.2075623301015,1.659646997961545,0.00028040513325985254,294.5294763956778,295.25030715822186,295.3375169307185,295.4924191663462,295.506515373172,0.4535733318272387,0.45805750367021425,0.43214024235989407,0.4095692606060153,87999.22828025334,296.1511495138849,-0.35539313344120926,0.03727655651216724,126.34040540648871,-12.47763318685682,80.05016864122666,65.83738311451356
2046-05-01,Kasese,10529.614022288868,0.827247341034288,19.0,0.0,1.0,0.1098988295973021,1.0000305189751728,3.999954221537241,0.1699,30.0781,0.200000000000001,30.100000000000016,0.0050794647379624105,0.0021937595693489404,-0.0030856089407314564,291.16050259844667,1.7599844009323575,0.0002693639762359308,293.9375417744677,294.7160584374972,294.81488027598886,295.0872667933794,295.40153049708397,0.45997999115653476,0.4699058489305452,0.4478081363199231,0.4101913983298854,88110.77008369022,296.00261430986535,-0.3704684443816824,0.15816891120517143,89.89941488615645,-14.807005946080931,101.55620031490791,65.72325955314227
2046-06-01,Kasese,10529.614022288868,0.827247341034288,19.0,0.0,1.0,0.1098988295973021,1.0000305189751728,3.999954221537241,0.1699,30.0781,0.200000000000001,30.100000000000016,0.003126395321837217,0.0013364943581715923,-0.002637572221192862,290.03315212445483,1.7560978735131691,0.00019413997403012193,294.19543367913826,294.66222444210854,294.7717666667975,294.9843914282634,295.19022982976537,0.4302599100998115,0.4437076783485924,0.4419081824456819,0.41057150324609204,88180.58926037702,296.197482197411,-0.3663801851924118,0.11845233339332518,45.13332245560653,-11.925863937940537,91.05618110578921,61.10747931236036
2046-07-01,Kasese,10529.614022288868,0.827247341034288,19.0,0.0,1.0,0.1098988295973021,1.0000305189751728,3.999954221537241,0.1699,30.0781,0.200000000000001,30.100000000000016,0.0009547635509368486,-6.685519689639784e-05,-0.002196049981089586,288.8323623296535,1.678420892676858,0.00012439944976096198,294.7402650758619,295.13003200433474,295.1613270325992,295.0437815545292,295.0675712794765,0.38401250567359246,0.4066923428635883,0.42071243649203555,0.4073926415926305,88169.67569371167,296.2874600848703,-0.4259569406996385,0.12511296267172628,27.27004532971885,-13.06391286036994,52.47455016803049,62.12005471909261
2046-08-01,Kasese,10529.614022288868,0.827247341034288,19.0,0.0,1.0,0.1098988295973021,1.0000305189751728,3.999954221537241,0.1699,30.0781,0.200000000000001,30.100000000000016,0.0021883968819988195,0.00017561634058159723,-0.0023720684486800417,289.58795385378835,1.6763736071403887,0.0001700418940213651,294.8769418924841,295.3082914628846,295.36339580558206,295.36781337378653,295.0897547459908,0.4087514666527597,0.4113888592921914,0.4085184087030125,0.4048144308670504,88136.57904599539,296.0944483809993,-0.4036799949940836,0.13129032600467203,70.17992773305681,-12.848993315357445,47.55855949237506,66.02030865224651
2046-09-01,Kasese,10529.614022288868,0.827247341034288,19.0,0.0,1.0,0.1098988295973021,1.0000305189751728,3.999954221537241,0.1699,30.0781,0.200000000000001,30.100000000000016,0.003091146644209451,0.00023617857292135215,-0.002601352495523008,290.0462866183583,1.6666341093440515,0.00018646053676338824,294.82821986992064,295.4437974492463,295.2426858911784,295.3089287148977,295.10208343579893,0.42694852129807187,0.42627578785514375,0.41342338791125344,0.4035682871037149,88057.92683876982,295.92524145845437,-0.3702907128923009,0.017344076526098377,95.73840068780889,-12.767895794599346,64.32440690577535,68.9473108647896
2046-10-01,Kasese,10529.614022288868,0.827247341034288,19.0,0.0,1.0,0.1098988295973021,1.0000305189751728,3.999954221537241,0.1699,30.0781,0.200000000000001,30.100000000000016,0.003955512564001758,0.0007642951053928182,-0.002638324539507338,290.64346676267377,1.6865532337139084,0.00022423754589363595,294.5314128479763,295.02417546651367,295.0486744359453,295.33403201866815,295.1215246685585,0.43739639653343276,0.4390256817471437,0.4170939069991481,0.40753102426875265,88002.16339071943,295.52595376922113,-0.3508946239241429,-0.04228198808438965,117.78751442314945,-15.207922669821764,94.10273808689217,67.77534363224292
2046-11-01,Kasese,10529.614022288868,0.827247341034288,19.0,0.0,1.0,0.1098988295973021,1.0000305189751728,3.999954221537241,0.1699,30.0781,0.200000000000001,30.100000000000016,0.005155538526680034,0.00186667996490723,-0.0029011819998104797,290.9490174852167,1.6807598927924994,0.000273270579385579,293.6757036255308,294.28036910919195,294.40385801373566,294.7193016997673,295.0706061153312,0.46800510545024737,0.4688597249463238,0.43213824678874485,0.4095088630329133,87978.53960885257,295.0681198617103,-0.37903479466117,-0.23474938576708543,101.58605976947115,-14.433911051764504,107.13372435908592,69.91179960778733
2046-12-01,Kasese,10529.614022288868,0.827247341034288,19.0,0.0,1.0,0.1098988295973021,1.0000305189751728,3.999954221537241,0.1699,30.0781,0.200000000000001,30.100000000000016,0.003664778813802821,0.0014690701973229232,-0.0029409342323331736,290.554772511016,1.6742940358782905,0.00022403060397786832,293.94212260050244,294.4870944404975,294.5022729588518,294.63242739217225,294.87316920663847,0.4486080133322978,0.45796540357859994,0.4394640720308913,0.4115732519550847,87983.10387651813,295.66496917088887,-0.3620742822339839,-0.44634205893209344,66.20404076893959,-10.042147982501668,95.29023621787252,72.3995303046976
2047-01-01,Kasese,10529.614022288868,0.827247341034288,19.0,0.0,1.0,0.1098988295973021,1.0000305189751728,3.999954221537241,0.1699,30.0781,0.200000000000001,30.100000000000016,0.0018562140131517164,0.0004290030893216097,-0.002521701640941294,290.024310314512,1.6718991243560397,0.00014010038293158807,295.28985650286955,295.7018383472762,295.5716569629468,295.2537161300296,294.76520190979113,0.3998383387813,0.4195295815538149,0.42246895348285896,0.4072298588135234,87931.07727195176,296.7826099190661,-0.1955932490908177,-0.38302009556652666,23.962093479984034,-14.529057313617452,62.709492824364,71.84937616220516
2047-02-01,Kasese,10529.614022288868,0.827247341034288,19.0,0.0,1.0,0.1098988295973021,1.0000305189751728,3.999954221537241,0.1699,30.0781,0.200000000000001,30.100000000000016,0.0020696327804061174,0.0003455584115201482,-0.0022532028687722865,289.7240503914379,1.6748924945122252,0.0001465941851723952,296.4224617494413,296.8163382368611,296.5941354719865,296.1916063841274,295.0700725876936,0.38569831929678583,0.3978267712378694,0.40685469179767253,0.40326603279421436,87885.51791063744,297.5285927675957,-0.18876043837458506,-0.30310850370898573,36.23061528340401,-12.334115697086684,43.75647362664782,68.0969162244084
2047-03-01,Kasese,10529.614022288868,0.827247341034288,19.0,0.0,1.0,0.1098988295973021,1.0000305189751728,3.999954221537241,0.1699,30.0781,0.200000000000001,30.100000000000016,0.004774432169950447,0.0011501577915096766,-0.002718734008854453,290.84978769320446,1.718163385558282,0.00021055856344915386,295.1917392068805,295.97660501141905,296.05531814742454,296.0877850273426,295.4028460147006,0.4325261852206984,0.4359398995414932,0.4204571494389517,0.40523141280063896,87881.06109059294,296.6155334445272,-0.275852764378095,-0.15946325509726336,78.56170666190678,-14.645253920238448,47.153981468061836,64.42328572325822
2047-04-01,Kasese,10529.614022288868,0.827247341034288,19.0,0.0,1.0,0.1098988295973021,1.0000305189751728,3.999954221537241,0.1699,30.0781,0.200000000000001,30.100000000000016,0.005515845733912707,0.0019463325988854896,-0.002961563912607063,291.2447053915046,1.6930707659060547,0.0002640581694191254,294.6037783828174,295.2330160824037,295.2059240479715,295.5242764006249,295.5080359507819,0.45302294343845634,0.4536129116116994,0.43376400396395914,0.40650912562897273,87943.22619055578,296.2101682857555,-0.35995841951075835,0.055735565268550995,126.35519977742003,-14.094746677908663,81.91918312974856,65.97074436365752
2047-05-01,Kasese,10529.614022288868,0.827247341034288,19.0,0.0,1.0,0.1098988295973021,1.0000305189751728,3.999954221537241,0.1699,30.0781,0.200000000000001,30.100000000000016,0.005108405997016707,0.0020614627020831507,-0.0030462667511813803,291.33795937240336,1.7380562107694413,0.0002733490469795737,294.00687534804104,294.6621973449712,294.7557392752615,294.95091554111303,295.3550042350773,0.45984382227547393,0.4694276466194178,0.4453144023279736,0.41211206241989046,88043.74639213142,295.91357634205485,-0.36402398987917006,0.16065238397111845,92.1295316667522,-12.180309452695871,98.52397232600876,63.56756703807433
2047-06-01,Kasese,10529.614022288868,0.827247341034288,19.0,0.0,1.0,0.1098988295973021,1.0000305189751728,3.999954221537241,0.1699,30.0781,0.200000000000001,30.100000000000016,0.003572380818933911,0.001411062243530341,-0.0026522025417218937,290.17867198847017,1.7439783715900492,0.00021779276496248064,294.10132233981096,294.5689921278628,294.680489311927,294.9633940663043,295.1641043252029,0.43330819793074515,0.44777177922800043,0.44207361228947306,0.41160080449133113,88111.2876575918,295.9154955908973,-0.3358371157327896,0.11154191022101954,46.92960634726342,-8.7161025176552,88.14697100796829,61.58192454321852
2047-07-01,Kasese,10529.614022288868,0.827247341034288,19.0,0.0,1.0,0.1098988295973021,1.0000305189751728,3.999954221537241,0.1699,30.0781,0.200000000000001,30.100000000000016,0.0007203106629805162,-6.463689574087898e-05,-0.0021970474749786833,288.6158321520972,1.714141239965795,0.00010802634337086619,294.83640377013387,295.2847917645568,295.15359151799544,295.0783026617656,294.99547044335515,0.38589602158273034,0.41204685274472047,0.4223685886115461,0.40835611611446315,88122.59136434566,296.3725420189633,-0.45377137211017304,0.09577435168261067,27.96744012519741,-15.86491036020284,55.40865765022821,61.20282294894746
2047-08-01,Kasese,10529.614022288868,0.827247341034288,19.0,0.0,1.0,0.1098988295973021,1.0000305189751728,3.999954221537241,0.1699,30.0781,0.200000000000001,30.100000000000016,0.0021580907074200207,-6.48707740935655e-05,-0.0024117923538390595,289.54144009248625,1.7081779409261815,0.00016962375453851534,294.8253441608911,295.2223173858854,295.18555342765734,295.2567480698756,294.9995296423528,0.4092307146182931,0.4142134845590194,0.41531439301465345,0.40540023812983245,88079.37224609409,296.0173913820446,-0.38494619941201436,0.10470712974445591,64.37585690092723,-13.854772220787096,46.16363856628472,67.1558938191135
2047-09-01,Kasese,10529.614022288868,0.827247341034288,19.0,0.0,1.0,0.1098988295973021,1.0000305189751728,3.999954221537241,0.1699,30.0781,0.200000000000001,30.100000000000016,0.0024932170292290647,0.00024682377668022547,-0.0025400211597591915,290.17430047225423,1.723579096329077,0.00018990994074179654,294.8195756573765,295.3094931597949,295.3097824029718,295.25659217687763,295.0460366939089,0.4216643468000249,0.4267135704897198,0.4195105920505135,0.4033737851508362,88012.4333809383,295.9594792789056,-0.3878725581330998,0.052327130314542385,98.1528865331147,-11.15384312686105,63.76745278275824,68.8176502449563
2047-10-01,Kasese,10529.614022288868,0.827247341034288,19.0,0.0,1.0,0.1098988295973021,1.0000305189751728,3.999954221537241,0.1699,30.0781,0.200000000000001,30.100000000000016,0.003985301461173502,0.0008108703258940376,-0.0026053151281382357,290.57731365316135,1.6882940308999363,0.00022920974664538242,294.28869607840113,294.85090544475054,295.0717840604189,295.1854072530494,295.0714103477302,0.4434252552274528,0.43593307057959757,0.4206298294830997,0.4057380704597743,87920.60060782496,295.55145421487055,-0.3324818340246736,-0.05656188384368938,117.50154121465118,-12.734175231234756,92.49411513534778,67.23503436571445
2047-11-01,Kasese,10529.614022288868,0.827247341034288,19.0,0.0,1.0,0.1098988295973021,1.0000305189751728,3.999954221537241,0.1699,30.0781,0.200000000000001,30.100000000000016,0.0050881067690716295,0.001916768315214109,-0.002879106853662965,290.9704307732334,1.702107994554726,0.0002804006349788616,293.6367628040496,294.28503836977217,294.38324211745226,294.696324011304,294.99740532544246,0.4686496335771384,0.4734539342760942,0.43202891109835356,0.4128917237456124,87919.92971557652,295.03978092923387,-0.37341748596192426,-0.20481041389055213,102.82727264513458,-16.966917862948996,104.36769941555661,69.31197797880891
2047-12-01,Kasese,10529.614022288868,0.827247341034288,19.0,0.0,1.0,0.1098988295973021,1.0000305189751728,3.999954221537241,0.1699,30.0781,0.200000000000001,30.100000000000016,0.0036209754010861493,0.0015006400347822519,-0.002923866316291525,290.56886471319143,1.6858385437060912,0.00022898892569513132,293.91488153899144,294.33662959344656,294.35561667543584,294.5297812203963,294.76891383670375,0.45003330190818186,0.4583277013183105,0.4379309397407117,0.4127409338977029,87939.78615602797,295.62838640538894,-0.3377588236179702,-0.3784968885226931,62.25352054159827,-15.355626536906085,92.29921213705441,71.08211927354688
2048-01-01,Kasese,10529.614022288868,0.827247341034288,19.0,0.0,1.0,0.1098988295973021,1.0000305189751728,3.999954221537241,0.1699,30.0781,0.200000000000001,30.100000000000016,0.0014593574674187741,0.0005775697175050273,-0.0025421707344681493,290.0185910042776,1.6994865666198582,0.0001393131060754278,295.23741493573647,295.6171393913483,295.5257548484708,295.25214956821094,294.72482434241454,0.40764083712866805,0.4193483008276683,0.4209970778818993,0.41021039720092584,87867.6495012686,296.7117805935964,-0.16544348168548453,-0.3965536579867178,31.34386081171581,-13.865505690258033,68.58062512491432,72.09663307338987
2048-02-01,Kasese,10529.614022288868,0.827247341034288,19.0,0.0,1.0,0.1098988295973021,1.0000305189751728,3.999954221537241,0.1699,30.0781,0.200000000000001,30.100000000000016,0.002033591055594199,0.00018513396134235414,-0.0022237927207252213,289.7547414189831,1.7176525645806582,0.00013247723754166208,296.35565585354044,296.8511737754796,296.6804902840528,296.2050112798593,295.045192854396,0.3855968565004667,0.3937039681734264,0.4076584645701147,0.4045345774443013,87830.82533636471,297.58345927629057,-0.2032318869023419,-0.29496013847893665,36.954612321402635,-13.759709366222424,42.97142161259849,66.6211701861305
2048-03-01,Kasese,10529.614022288868,0.827247341034288,19.0,0.0,1.0,0.1098988295973021,1.0000305189751728,3.999954221537241,0.1699,30.0781,0.200000000000001,30.100000000000016,0.004174849385787846,0.0008340679984944832,-0.0026227899423246523,290.9414792247479,1.6823761975547011,0.0002124001703606695,295.6858972761369,296.17325434430387,296.28148872505557,296.2294254835384,295.39879485597896,0.42990604438136304,0.4218417267016519,0.41438945459345994,0.4081624896691351,87820.38749901488,296.8546137555041,-0.26337731009056814,-0.10653590302047972,90.68820966804711,-13.113575600536755,47.16519596098201,63.457052442180796
2048-04-01,Kasese,10529.614022288868,0.827247341034288,19.0,0.0,1.0,0.1098988295973021,1.0000305189751728,3.999954221537241,0.1699,30.0781,0.200000000000001,30.100000000000016,0.005956361789630422,0.0021646107871250942,-0.003000190427580792,291.72795838134425,1.6801867231357177,0.0002912468112069776,294.3228497915702,294.9376346778421,295.07619092861535,295.4447233178564,295.46725103347944,0.4686259144751556,0.46530959402381744,0.4309614973651174,0.4112996003631994,87882.86691331377,295.8646732414046,-0.35341733176561196,0.06723201770163507,133.1525206738179,-9.014993940246963,82.50764161317214,67.05129052848216
2048-05-01,Kasese,10529.614022288868,0.827247341034288,19.0,0.0,1.0,0.1098988295973021,1.0000305189751728,3.999954221537241,0.1699,30.0781,0.200000000000001,30.100000000000016,0.0054444751455313255,0.00264324864856879,-0.003009859884763511,291.1264432360974,1.8386745771123123,0.00027215187857132365,294.0115292335938,294.6708177501004,294.70737488165526,294.94838784849287,295.2696825502716,0.4581000811227631,0.47275865209570683,0.4564196422341584,0.4157929629395998,87986.33352568351,295.96470157449056,-0.3729353046891613,0.09853347134972477,93.49105146736215,-12.731460613319932,102.77835234414026,63.795622304537986
2048-06-01,Kasese,10529.614022288868,0.827247341034288,19.0,0.0,1.0,0.1098988295973021,1.0000305189751728,3.999954221537241,0.1699,30.0781,0.200000000000001,30.100000000000016,0.0021241752077833247,0.0006564601048786922,-0.0026382678626209444,289.4920683147508,1.8513503946563268,0.000171095411815332,294.28896801863687,294.73180526538994,294.77754217507413,294.9194246739709,295.10236110517127,0.4213329694877557,0.44263074208731434,0.44459707025356054,0.4139645797091337,88049.93131205227,296.28859763755105,-0.453409644412067,0.08259484411880609,31.540178443694174,-13.148836450742094,84.74424207599718,61.004641523686665
2048-07-01,Kasese,10529.614022288868,0.827247341034288,19.0,0.0,1.0,0.1098988295973021,1.0000305189751728,3.999954221537241,0.1699,30.0781,0.200000000000001,30.100000000000016,0.0010627900559089668,-3.113182110599557e-05,-0.002219676247518483,288.8702435028547,1.7080197962648764,0.0001451997808205744,294.46891414347056,294.99098198650404,294.9552560400594,294.9258375629074,294.9539483167076,0.39244323522358215,0.4141323124604399,0.4239032703536314,0.40995648616323827,88033.3008450916,295.99195100738604,-0.37408799745218324,0.14029948011764093,28.38694795532548,-12.777378044015606,51.20544066530749,59.4202070746035
2048-08-01,Kasese,10529.614022288868,0.827247341034288,19.0,0.0,1.0,0.1098988295973021,1.0000305189751728,3.999954221537241,0.1699,30.0781,0.200000000000001,30.100000000000016,0.002292860604145922,0.00016063395345387982,-0.0023596997300210174,289.75903979689446,1.689013704544879,0.0001743340687509241,294.6322751163009,295.2836847509855,295.2505282366234,295.2097982433871,295.01491759750127,0.4075409900311692,0.4127700663202703,0.413006525603252,0.40566644642227806,87997.73379850894,296.018770817947,-0.3929313992251203,0.1223914224629842,73.806489737873,-14.563568766171059,45.954163316796404,67.24312630122353
2048-09-01,Kasese,10529.614022288868,0.827247341034288,19.0,0.0,1.0,0.1098988295973021,1.0000305189751728,3.999954221537241,0.1699,30.0781,0.200000000000001,30.100000000000016,0.002568595086797242,0.0003382922752966525,-0.002618542247399218,290.2198075887283,1.7079568835148031,0.00019681339203582085,294.6761789215071,295.34993192168764,295.1913663355487,295.2830103546264,294.9976321617686,0.4275708606094041,0.4271674524600521,0.4176792684452796,0.40653834445970854,87914.31586349658,295.68711030353893,-0.33660444194654887,0.07037477931175741,94.31355954872902,-9.981422174681512,67.69222569904836,68.93629034254221
2048-10-01,Kasese,10529.614022288868,0.827247341034288,19.0,0.0,1.0,0.1098988295973021,1.0000305189751728,3.999954221537241,0.1699,30.0781,0.200000000000001,30.100000000000016,0.003910800480086521,0.000814064309515096,-0.0026889390431768375,290.6593913109643,1.7187602301388498,0.00022224014699867656,294.3613202019368,295.06048109677624,295.00425331185687,295.14379602288835,295.10892757142403,0.4382508803374996,0.44010504835089487,0.42104601954303117,0.4095423848623433,87886.23621771894,295.5229948948212,-0.3309433963668308,-0.04053828648637517,116.86255461631839,-13.752933270305082,95.0539986491461,65.3863365979513
2048-11-01,Kasese,10529.614022288868,0.827247341034288,19.0,0.0,1.0,0.1098988295973021,1.0000305189751728,3.999954221537241,0.1699,30.0781,0.200000000000001,30.100000000000016,0.00530033777217504,0.0017815903240001043,-0.002924985972578298,291.04726227623195,1.7421326422536167,0.00027896830333528174,293.4851251608602,294.12877140149544,294.25502590182987,294.64059004416424,294.9457349824055,0.4681244052760706,0.4686844349030487,0.43362780398567496,0.41503119917003456,87862.4549571639,294.9313653546202,-0.37765866534700226,-0.25271138577832813,100.81438647632147,-12.000784374247532,105.2127297474006,68.37585433801267
2048-12-01,Kasese,10529.614022288868,0.827247341034288,19.0,0.0,1.0,0.1098988295973021,1.0000305189751728,3.999954221537241,0.1699,30.0781,0.200000000000001,30.100000000000016,0.00322251026406242,0.0012810966502654602,-0.002873682463150839,290.4713238678339,1.7322458474768816,0.00020971921917510106,294.0142996690505,294.54611427835374,294.48770807903895,294.4943567639548,294.7394223400092,0.4406812482984312,0.4490617059673242,0.4391476420343284,0.41315775971287705,87834.96132897289,295.66035164513556,-0.38908216714717825,-0.45784782729219853,65.99409343640774,-11.696333690118538,95.6008625666806,73.86678470617534
2049-01-01,Kasese,10529.614022288868,0.827247341034288,19.0,0.0,1.0,0.1098988295973021,1.0000305189751728,3.999954221537241,0.1699,30.0781,0.200000000000001,30.100000000000016,0.0020130881223565044,0.00032628183982367077,-0.0024977466900315526,289.7870515023404,1.7256774122147343,0.0001514821249772389,295.0998069090527,295.6601217499173,295.48230352373685,295.22161864478784,294.71083565645597,0.4033650841350921,0.4175808184567877,0.42479791772168557,0.4099518679147617,87815.59227399297,296.653688193965,-0.193749305906814,-0.3567420756021355,21.29210315353195,-14.230032598997827,68.42484823320957,72.29982021361664
2049-02-01,Kasese,10529.614022288868,0.827247341034288,19.0,0.0,1.0,0.1098988295973021,1.0000305189751728,3.999954221537241,0.1699,30.0781,0.200000000000001,30.100000000000016,0.002089535733756263,0.00041934733301106695,-0.002291916587566487,289.81586680527755,1.7023847621152863,0.00013770548742894121,296.09933887671,296.6145432274691,296.36774816908377,295.90174251218525,294.9847165054985,0.3966906467910291,0.4097767004469399,0.41744511642764465,0.4061413214964911,87763.61935177738,297.1675829822968,-0.15186807807355981,-0.2588691156347642,33.655421517356515,-13.752226874007935,42.37417139372722,65.11291592880704
2049-03-01,Kasese,10529.614022288868,0.827247341034288,19.0,0.0,1.0,0.1098988295973021,1.0000305189751728,3.999954221537241,0.1699,30.0781,0.200000000000001,30.100000000000016,0.004289703736045818,0.0009893786465322658,-0.0026395387715109344,290.9255154670711,1.73277190947863,0.00020718297836709937,295.39391221048857,295.93394247300057,296.0545387071177,296.14396203290295,295.30369272483495,0.4283309500707676,0.42620826518216715,0.41929912616151854,0.4065482656740725,87768.43732353274,296.740211056641,-0.2558406896566812,-0.13184893788591773,84.27413786067329,-15.38257788903194,49.58310321847632,64.28795133963665
2049-04-01,Kasese,10529.614022288868,0.827247341034288,19.0,0.0,1.0,0.1098988295973021,1.0000305189751728,3.999954221537241,0.1699,30.0781,0.200000000000001,30.100000000000016,0.005745254129954901,0.002110767174861485,-0.003003627511548013,291.5123927867271,1.721754562133977,0.0002829697144784912,294.3006167603053,295.01885726499137,295.1065746447186,295.3817646945419,295.43079543458686,0.4599185113286791,0.4608758506229424,0.4354385351412219,0.41336688019480866,87811.36535411488,295.8737974182511,-0.3561018396888709,0.06546021069881795,130.44508457785733,-14.071754213398476,84.97400784154107,65.58965997121021
2049-05-01,Kasese,10529.614022288868,0.827247341034288,19.0,0.0,1.0,0.1098988295973021,1.0000305189751728,3.999954221537241,0.1699,30.0781,0.200000000000001,30.100000000000016,0.005412565102941401,0.0023796076098254525,-0.0029980488274551765,291.1600017150568,1.8277501847693516,0.0002663807073781966,294.02928693129763,294.62090213302173,294.67167397095466,294.97055821758556,295.2305418079903,0.46557196944326695,0.4745906329167928,0.45640639749874845,0.41563092124954804,87920.95633270702,295.8675105234609,-0.362461426145431,0.13255883855738465,93.65360299605348,-17.857515115306548,100.82859047081733,63.6779992007851
2049-06-01,Kasese,10529.614022288868,0.827247341034288,19.0,0.0,1.0,0.1098988295973021,1.0000305189751728,3.999954221537241,0.1699,30.0781,0.200000000000001,30.100000000000016,0.0024545640146504955,0.0009243948514066442,-0.0026588475872434464,289.65172202482887,1.8254461759909932,0.0001778507697075488,294.1874553685178,294.6017348850897,294.6745168427785,294.8717899662161,295.06351764471384,0.4270015565913791,0.4468305214547096,0.4487956937911863,0.4136346260705507,87982.45605716191,296.0318145367558,-0.40938816588811006,0.10051334797834294,34.77968156986604,-12.789497402433868,89.09185775473881,61.060787356637036
2049-07-01,Kasese,10529.614022288868,0.827247341034288,19.0,0.0,1.0,0.1098988295973021,1.0000305189751728,3.999954221537241,0.1699,30.0781,0.200000000000001,30.100000000000016,0.0010486595927163024,5.5411293440105157e-05,-0.002213444457036446,288.8887386248332,1.7418059677573006,0.0001331180079952556,294.45253673947343,294.93224920574687,294.87570977504515,294.9515865024238,294.93550493133137,0.39400595424524837,0.40819692085930565,0.4258772345789438,0.41227576843710806,87978.72892172796,295.97832960276315,-0.3986958970513584,0.13189192564563543,28.171860521646945,-13.713397810246887,54.79441960852509,59.6703850659985
2049-08-01,Kasese,10529.614022288868,0.827247341034288,19.0,0.0,1.0,0.1098988295973021,1.0000305189751728,3.999954221537241,0.1699,30.0781,0.200000000000001,30.100000000000016,0.0022493037859034897,0.00013125294743669555,-0.002334409960842018,289.7439601652986,1.7413542000637747,0.0001722767217168358,294.7897246410028,295.2263473375559,295.2397015949782,295.184962766813,294.9085712099288,0.4107259673690052,0.4152774128699234,0.4149213037459403,0.40753295476112966,87938.05761364226,295.8844281469042,-0.38765443606412414,0.11587912580320807,69.03449397929323,-13.74825863929214,45.724092716500856,65.98004937922082
2049-09-01,Kasese,10529.614022288868,0.827247341034288,19.0,0.0,1.0,0.1098988295973021,1.0000305189751728,3.999954221537241,0.1699,30.0781,0.200000000000001,30.100000000000016,0.0027596798312604057,0.00032943557760357477,-0.0026080002418141955,290.180629235022,1.747259467078188,0.00019635875948749266,294.65540971280086,295.1640909333764,295.1068618683787,295.1845207548424,295.0197457931723,0.4303490033009496,0.4298616625843776,0.4229156563040483,0.4065675735655467,87870.1390903098,295.8027157142103,-0.34866027859223553,0.07307796214078807,94.45753914456515,-15.761109309622524,64.03539518603074,68.20494117064892
2049-10-01,Kasese,10529.614022288868,0.827247341034288,19.0,0.0,1.0,0.1098988295973021,1.0000305189751728,3.999954221537241,0.1699,30.0781,0.200000000000001,30.100000000000016,0.003801103070936712,0.0007855342746893481,-0.0026673259594075785,290.7625735321421,1.750873598145816,0.00021949384483126394,294.30441264920546,294.92517909163564,294.9254375510526,295.1795524658638,295.0000165034635,0.4467998669274682,0.44146467156023017,0.42128656348972754,0.4107497516620814,87818.64247189443,295.5838317181406,-0.34089551896967996,-0.042388355653939,117.78449245135839,-14.659640588897597,93.43770793950763,65.74658633788967
2049-11-01,Kasese,10529.614022288868,0.827247341034288,19.0,0.0,1.0,0.1098988295973021,1.0000305189751728,3.999954221537241,0.1699,30.0781,0.200000000000001,30.100000000000016,0.00530733293965345,0.0018859296517322233,-0.0028968263910655006,291.0746099924707,1.7468793694813038,0.0002744530069774005,293.5037919748804,294.230532207892,294.3262669690401,294.5419792425487,294.90184255347975,0.47313804016594146,0.4735594973015548,0.4363175201257022,0.41222052060771425,87799.90950526115,295.01098853520944,-0.3716113565672322,-0.23793347348729726,103.1085746320744,-13.603942510644865,103.20090606178448,67.48189740569016
2049-12-01,Kasese,10529.614022288868,0.827247341034288,19.0,0.0,1.0,0.1098988295973021,1.0000305189751728,3.999954221537241,0.1699,30.0781,0.200000000000001,30.100000000000016,0.003028216845117692,0.0013541896735720469,-0.002923469932363928,290.54646635295995,1.757239791655673,0.00022457975559895518,293.92860454003403,294.44354844592266,294.3765758628409,294.49346556426485,294.6404098529787,0.44699455517787773,0.4574147788317676,0.44101223206855544,0.4157823615055169,87769.91657975901,295.48485295721383,-0.35163601391258004,-0.46223835206147484,65.29855279536221,-12.466781285768647,94.81660785692823,73.53511675473882
2050-01-01,Kasese,10529.614022288868,0.827247341034288,19.0,0.0,1.0,0.1098988295973021,1.0000305189751728,3.999954221537241,0.1699,30.0781,0.200000000000001,30.100000000000016,0.0019140051922022314,0.0002880350695885379,-0.0024826365117941746,289.8722261998842,1.742755372179051,0.00014547092963936297,295.19321275037623,295.4428470964197,295.4307387638165,295.1208225080986,294.6516533205333,0.4055626958477329,0.41748908366311965,0.4276183624083988,0.41293698287967256,87749.55872590188,296.5080353045535,-0.18284737787534666,-0.37979096608971136,24.1607377235496,-14.719550432475613,58.77415536832182,71.75138831569282
2050-02-01,Kasese,10529.614022288868,0.827247341034288,19.0,0.0,1.0,0.1098988295973021,1.0000305189751728,3.999954221537241,0.1699,30.0781,0.200000000000001,30.100000000000016,0.0020928049075014557,0.0003276907359194396,-0.0022293364754468743,289.80715541914435,1.731993864733545,0.00013195448033891878,296.3197448422328,296.5762219906481,296.48476728860646,295.9129094488531,294.9430239294795,0.38986966899051206,0.40667229697427615,0.4161312707945738,0.40797158861578664,87707.07655301277,297.2478619127646,-0.1663397367785761,-0.2855846326523679,34.138356900971075,-13.583115349089182,39.981991022821184,65.24078469755769
2050-03-01,Kasese,10529.614022288868,0.827247341034288,19.0,0.0,1.0,0.1098988295973021,1.0000305189751728,3.999954221537241,0.1699,30.0781,0.200000000000001,30.100000000000016,0.0045662144855291124,0.0010418494006830719,-0.002685683467023672,290.90626709498844,1.7676003218411172,0.00022034578796734455,295.34387210922836,295.8878258562283,295.9385597529229,295.97607622704646,295.29460183565993,0.43525402618218756,0.43065472994318005,0.4252349382182731,0.4088497951348643,87705.3398523859,296.6060861830496,-0.2606769613788602,-0.16101915358032604,82.75578148429533,-14.873239258726956,48.53752176037425,62.49091578540117
2050-04-01,Kasese,10529.614022288868,0.827247341034288,19.0,0.0,1.0,0.1098988295973021,1.0000305189751728,3.999954221537241,0.1699,30.0781,0.200000000000001,30.100000000000016,0.0056163113547113295,0.002124938717485904,-0.003007356567654988,291.31884507617616,1.7587110480121424,0.00028437081029146537,294.28634780025914,295.0916560506199,295.06986461005357,295.32847780655305,295.39901952242303,0.4620028310424785,0.4590078991787982,0.43870413981100753,0.4161533531451752,87752.27532481143,295.96124431032484,-0.3463083521429277,0.04077625810574832,125.1775877475467,-14.405567898778287,78.75691410107305,64.73783215655796
2050-05-01,Kasese,10529.614022288868,0.827247341034288,19.0,0.0,1.0,0.1098988295973021,1.0000305189751728,3.999954221537241,0.1699,30.0781,0.200000000000001,30.100000000000016,0.004880734416630258,0.002218811565651804,-0.0030087015325581854,291.2459322522945,1.824285336628445,0.00027102361648750266,293.97007483332817,294.54856099119604,294.5700212869699,294.9246034188169,295.2236349613025,0.4619991096333224,0.47680654751535106,0.4517143181951777,0.418021371603683,87857.55246283398,295.8273218899261,-0.3460519370470977,0.1496912751268771,88.89717353842208,-16.584714635198928,103.02661425674336,62.621281869894986
2050-06-01,Kasese,10529.614022288868,0.827247341034288,19.0,0.0,1.0,0.1098988295973021,1.0000305189751728,3.999954221537241,0.1699,30.0781,0.200000000000001,30.100000000000016,0.003012814232098962,0.0012454024591326302,-0.0026505469331646043,290.01078593724594,1.8415004065307479,0.00019284288793342542,293.9859271667792,294.47811877419264,294.64652243512813,294.8704103941048,294.97420186504917,0.43429679782651426,0.45018186773092755,0.4475954803526864,0.41710945592925625,87930.47455328038,295.91583392949127,-0.36720335121698977,0.12032767158305123,38.73244744883902,-12.556807264188619,87.41693812725791,59.332316002822274
2050-07-01,Kasese,10529.614022288868,0.827247341034288,19.0,0.0,1.0,0.1098988295973021,1.0000305189751728,3.999954221537241,0.1699,30.0781,0.200000000000001,30.100000000000016,0.0009782958779901924,-9.74045278817841e-05,-0.002216516684858664,288.71760301201755,1.7880022614605573,0.00012876620218725023,294.6668431628418,295.0522711226429,294.98717282343915,294.97191025673317,294.86913071227235,0.3861969717585717,0.4107248492828831,0.424644330078923,0.4119793571888307,87919.83237867769,296.0155312392837,-0.414543085419914,0.1082277107263458,29.28448999233171,-15.258824209100615,54.309223512631654,60.85469351993919
2050-08-01,Kasese,10529.614022288868,0.827247341034288,19.0,0.0,1.0,0.1098988295973021,1.0000305189751728,3.999954221537241,0.1699,30.0781,0.200000000000001,30.100000000000016,0.002273612682228101,6.826135897177757e-05,-0.0023540246561429183,289.73847796944494,1.7579300692072508,0.00016980920411685592,294.5571896324355,295.1950076526603,295.0962710968318,295.2301277196255,294.8897033538138,0.41389924371265446,0.41811762190547663,0.4163240073359105,0.41002386381098177,87881.66069926662,295.8797862022684,-0.3849003124023848,0.12910715403905276,67.75238314639464,-13.97763756608307,45.98312598623409,67.20697281519593
2050-09-01,Kasese,10529.614022288868,0.827247341034288,19.0,0.0,1.0,0.1098988295973021,1.0000305189751728,3.999954221537241,0.1699,30.0781,0.200000000000001,30.100000000000016,0.002525583023083611,0.00020988733767745982,-0.0025536739783287767,290.21749980265145,1.7762878292438955,0.00018895787923521544,294.6257060788581,295.1998990262452,295.1533324280198,295.1685260935892,294.905782657173,0.4237683946992591,0.42908483868980407,0.42287124286888955,0.40970965247549246,87814.00672298705,295.65693209421477,-0.3524460675607372,0.059346713595821124,97.83866834163581,-12.377867851341554,62.792184631681145,67.43625693872094
2050-10-01,Kasese,10529.614022288868,0.827247341034288,19.0,0.0,1.0,0.1098988295973021,1.0000305189751728,3.999954221537241,0.1699,30.0781,0.200000000000001,30.100000000000016,0.0036201522107634204,0.0007350186606184287,-0.0026719660276666468,290.6835723118164,1.7851750213027655,0.00022670249788388124,294.3303081641783,294.9177338604556,294.91314024047614,295.0888237404004,294.97539726800915,0.4429534448079595,0.4437274914770865,0.42458882794576325,0.4117534342726128,87745.04938464356,295.3348625245302,-0.3448941550342425,-0.04200148267396717,120.01271762294807,-15.985840578370814,93.12119845247197,65.31135405300954
2050-11-01,Kasese,10529.614022288868,0.827247341034288,19.0,0.0,1.0,0.1098988295973021,1.0000305189751728,3.999954221537241,0.1699,30.0781,0.200000000000001,30.100000000000016,0.0051915775854692635,0.0018214735424727183,-0.002896828581414961,291.00519851092963,1.770182349513416,0.00027832570129860014,293.46022000079904,294.071480070633,294.2615610073762,294.6017678401829,294.827288818993,0.4676681569585181,0.47306002457445945,0.4353852615902998,0.4180746356322515,87739.49157935985,294.7739621216418,-0.3786202143581367,-0.23071736193451217,102.99957580036711,-12.455127223946374,108.0462969106156,67.49772245229848
2050-12-01,Kasese,10529.614022288868,0.827247341034288,19.0,0.0,1.0,0.1098988295973021,1.0000305189751728,3.999954221537241,0.1699,30.0781,0.200000000000001,30.100000000000016,0.003626155265946214,0.0014065823764728084,-0.002913450134340623,290.49965664854165,1.7881093654085085,0.00021793723437730334,293.80365593430855,294.3756729210429,294.27231855293684,294.3818438309809,294.62792707536596,0.45033048351964744,0.4595774160594183,0.44324314644674573,0.4167057958961469,87717.52536962884,295.4365989405311,-0.3480710163080077,-0.4300104792827286,60.965737576078375,-12.938694566238667,95.80199194295595,69.95280659011492
