date,city,geopotential_height,high_vegetation_cover,high_vegetation_type,lake_cover,land_sea_mask,low_vegetation_cover,low_vegetation_type,soil_type,target_latitude,target_longitude,grid_latitude,grid_longitude,total_precipitation,runoff,evaporation,dewpoint_temperature_2m,experiment_version,skin_reservoir_content,skin_temperature,soil_temperature_level1,soil_temperature_level2,soil_temperature_level3,soil_temperature_level4,soil_volume_water_content_level1,soil_volume_water_content_level2,soil_volume_water_content_level3,soil_volume_water_content_level4,surface_pressure,temperature_2m,u_component_wind_10m,v_component_wind_10m,rainfall_mm,rainfall_monthly_anomaly,rainfall_3month_avg,rainfall_6month_avg,monsoon_intensity,climate_change,siltation,agricultural_practices,landslide_risks
2025-07-01,Kabale,17455.652201526806,0.9086567073077686,19.0,0.0,1.0,0.0186623533181755,1.0000305189751728,2.000030518975173,-1.242,29.9856,-1.0,30.00000000000001,0.002381231051406695,0.0008088782343152997,-0.0025402793500000002,285.1614260735481,1.0,9.654839533507485e-05,293.0403485075942,293.52078046507665,293.4844900427763,293.42036171091667,293.4361499628565,0.33179250966608836,0.3364798346923475,0.3489511206318733,0.4161282762649403,83030.93100790365,292.71398769942493,-0.5232101696478433,0.7025586224812267,38.20243724340769,0.2615424661917838,61.45853925566469,86.38979720305144,1.8631866807759154,2.3339199472308048,0.28583360931056123,3.569968661447215,0.27386416588723994
2025-08-01,Kabale,17455.652201526806,0.9086567073077686,19.0,0.0,1.0,0.0186623533181755,1.0000305189751728,2.000030518975173,-1.242,29.9856,-1.0,30.00000000000001,0.0030753059022420835,0.0007997163407196322,-0.002597060175190343,285.6121853989771,1.0,0.00011225316401372572,293.16083640090886,293.6496067225055,293.61397102728375,293.53269390047774,293.4569255570227,0.34829321648696965,0.34812514274849504,0.346405828698231,0.4121436397999083,83020.51734176555,292.71214352884385,-0.5196513906674857,0.629130940434506,48.79688824697656,0.09103413763464194,55.12331934935648,84.35683642700856,2.336305717394168,2.3584070809045374,0.36554894813135097,3.7589538887662464,0.35522907898507555
2025-09-01,Kabale,17455.652201526806,0.9086567073077686,19.0,0.0,1.0,0.0186623533181755,1.0000305189751728,2.000030518975173,-1.242,29.9856,-1.0,30.00000000000001,0.0037247907085777936,0.0009170875373949038,-0.0026928578530762957,286.05203404722477,1.0,0.00012669879908329697,293.161170404084,293.6720738846484,293.64544446933854,293.5777349414054,293.4906929605005,0.3631494842365823,0.3624196256783842,0.35433899572745436,0.4100815908324877,83003.03964874429,292.63458807509295,-0.51141399680623,0.578501401862438,64.72150927216818,-0.01311129155531924,58.59385705953798,82.54105175541723,3.0135022458263143,2.7566665339980823,0.5863395735750816,4.12692844841046,0.575957214020065
2025-10-01,Kabale,17455.652201526806,0.9086567073077686,19.0,0.0,1.0,0.0186623533181755,1.0000305189751728,2.000030518975173,-1.242,29.9856,-1.0,30.00000000000001,0.004896834413417182,0.0011866634899424142,-0.002844275027142856,286.8168435155037,1.0,0.000154875510636351,293.0947734480647,293.64733646423673,293.64089896669105,293.6167890574994,293.5375288957666,0.3899379775571323,0.38786261886574946,0.37044415390383284,0.4081343166653936,82972.58138151112,292.4740088338837,-0.4917900942880548,0.47488963789473937,90.14044707449231,-0.11243430794042392,68.14270657426495,79.30426709102782,4.131980405812716,3.6251323166361247,1.0842431469878564,4.8114436507087985,1.062250032433144
2025-11-01,Kabale,17455.652201526806,0.9086567073077686,19.0,0.0,1.0,0.0186623533181755,1.0000305189751728,2.000030518975173,-1.242,29.9856,-1.0,30.00000000000001,0.005655068643445356,0.0016197080595330732,-0.0029464372138997864,287.3436866853273,1.0,0.00017975891566531982,292.84479863611205,293.4360698988516,293.4558783939533,293.5046053602166,293.54489793128283,0.40796498254822994,0.4091142542327237,0.3955066838710874,0.41238972690674053,82944.26967417153,292.2046033118121,-0.4570404310968705,0.3880198368493377,108.0704221008931,-0.00839647982656295,87.80823297218357,77.98170867809542,4.891572255095001,4.361747547719634,1.6733525150854731,5.516743602640335,1.665369584519729
2025-12-01,Kabale,17455.652201526806,0.9086567073077686,19.0,0.0,1.0,0.0186623533181755,1.0000305189751728,2.000030518975173,-1.242,29.9856,-1.0,30.00000000000001,0.005522465220698371,0.0018489661470878383,-0.003004101896253208,287.50574597485144,1.0,0.00019468484290666944,292.63773004784747,293.2439142883332,293.2659166121148,293.34774878029845,293.48329981822707,0.41563379605443895,0.418109937645262,0.4105710205027305,0.41983403725899526,82930.94102949883,292.04738512459255,-0.4064956974937199,0.28300483965205264,105.38587832160904,-0.12887819385060387,100.93837779370774,80.12426504702609,4.756344736164822,4.178836152482547,1.8457682424541115,5.911440759932046,1.8243826512469283
2026-01-01,Kabale,17455.652201526806,0.9086567073077686,19.0,0.0,1.0,0.0186623533181755,1.0000305189751728,2.000030518975173,-1.242,29.9856,-1.0,30.00000000000001,0.004756741627209039,0.0017565293603430676,-0.003054253791967299,287.346959199563,1.0,0.0001887972128514901,292.6532031682266,293.23761521833995,293.23885618782464,293.27938742110496,293.3994206598573,0.41155931040285365,0.41420769257328555,0.4105860500011818,0.42516450096190184,82924.78942183706,292.1181698979863,-0.3099642865658841,0.17284470594791543,91.88711378331641,-0.1834709239416216,101.42213771563434,84.947759320988,4.147142144451262,3.261007581848937,1.5187428690629783,5.873484819780697,1.4985367264062794
2026-02-01,Kabale,17455.652201526806,0.9086567073077686,19.0,0.0,1.0,0.0186623533181755,1.0000305189751728,2.000030518975173,-1.242,29.9856,-1.0,30.00000000000001,0.0039846111051534535,0.0014230819112580177,-0.0031043280937569618,287.10593553742075,1.0,0.00017110489942990243,292.95314936377525,293.5022536717716,293.46608241687164,293.40203073992006,293.36772249715773,0.40127689688559737,0.4023703514278276,0.39808275803911886,0.42518822716084187,82916.66946415587,292.4599788288779,-0.25385362331806793,0.11454970911981215,82.07963118466999,-0.1273691891260533,92.74861542763314,90.66728637230561,3.7303033653353856,2.740874538609694,0.9865438619184003,5.536624311555759,0.9507851550069969
2026-03-01,Kabale,17455.652201526806,0.9086567073077686,19.0,0.0,1.0,0.0186623533181755,1.0000305189751728,2.000030518975173,-1.242,29.9856,-1.0,30.00000000000001,0.004105036762464479,0.0012293263445857091,-0.0031302189281916127,287.1572400214532,1.0,0.00016377802082450328,293.2204586250461,293.75731191809456,293.71666989774906,293.61199934836617,293.43499970659036,0.3980327612337418,0.3983589047827831,0.3884600147493705,0.421465371074562,82905.44368792798,292.7127708836601,-0.2842541592929216,0.18066523273258336,91.33547701726353,-0.02526985315479306,87.92326226000448,95.01516482186588,4.1681380323946025,3.609627427782615,0.8311924562566344,5.320150040956684,0.7931819506091466
2026-04-01,Kabale,17455.652201526806,0.9086567073077686,19.0,0.0,1.0,0.0186623533181755,1.0000305189751728,2.000030518975173,-1.242,29.9856,-1.0,30.00000000000001,0.004940742213656003,0.0014596086678687716,-0.0031130024135085517,287.50334800887805,1.0,0.00017866637002060686,293.2522087577756,293.81112772435125,293.7852316058011,293.7174566304293,293.5423361867278,0.40323499069112795,0.40420252515032246,0.39266748601839385,0.4196917043076165,82904.40622604181,292.71366008626217,-0.4276341554759817,0.37504435474604964,108.78452058202372,0.023914491660293653,93.35285631978127,98.1454127751167,4.9519433427165325,4.959070796019669,1.365527474845236,5.440678127449126,1.3414300996617623
2026-05-01,Kabale,17455.652201526806,0.9086567073077686,19.0,0.0,1.0,0.0186623533181755,1.0000305189751728,2.000030518975173,-1.242,29.9856,-1.0,30.00000000000001,0.0052449483355599055,0.0018733493392395044,-0.003087706457630303,287.74316091046927,1.0,0.00018607491673714818,293.0446732079449,293.6239252961008,293.6273896726789,293.65053866803834,293.6065869866713,0.40796980951092277,0.41043163023106616,0.4025179151891394,0.4225259070350109,82931.33560281301,292.5434359579135,-0.5844989196034096,0.6159026739853318,115.05133554836522,-0.066588842080056,104.47210720047724,99.17143579327082,5.316993438570734,5.482615953692343,1.8418169234034354,5.648037067162121,1.8168633108052379
2026-06-01,Kabale,17455.652201526806,0.9086567073077686,19.0,0.0,1.0,0.0186623533181755,1.0000305189751728,2.000030518975173,-1.242,29.9856,-1.0,30.00000000000001,0.0045580113267458,0.001943001571839501,-0.002977356561565023,287.27266091850123,1.0,0.00016628528843721052,292.84164873686365,293.4046846887915,293.418966309116,293.49433218275834,293.58277125544777,0.3923914088141858,0.3981085338575461,0.39975150952325395,0.42522635096979516,82973.62816880079,292.46816526962124,-0.6276464629341122,0.7575234703718544,92.09884506382294,0.016239360508999153,105.30481499987775,97.04414771021209,4.276103544740859,4.364315807977988,1.7487020367491972,5.36510091335091,1.7423872629311141
2026-07-01,Kabale,17455.652201526806,0.9086567073077686,19.0,0.0,1.0,0.0186623533181755,1.0000305189751728,2.000030518975173,-1.242,29.9856,-1.0,30.00000000000001,0.0032526904378023525,0.001540230610508255,-0.002793004006467433,286.2894967179022,1.0,0.00012832705025472407,292.8658949129596,293.38689741406074,293.3839289769301,293.4196350950156,293.5102177412718,0.36313722336942594,0.37046031868257695,0.38005678045051683,0.4239059615198604,83007.89333048112,292.56971239106196,-0.6158338717811668,0.7843385677794208,62.52361005081574,0.09623166300837221,90.36149430659457,92.30803643355513,2.9047020660950724,3.075733645595131,1.0321212108979883,4.604555558010618,1.0210455819489743
2026-08-01,Kabale,17455.652201526806,0.9086567073077686,19.0,0.0,1.0,0.0186623533181755,1.0000305189751728,2.000030518975173,-1.242,29.9856,-1.0,30.00000000000001,0.0029309144192552865,0.001040031233010314,-0.002647294715353247,285.7460068607593,1.0,0.00011345130921700632,293.0308754527869,293.5274148980593,293.5057663758683,293.48173551029726,293.4726207888701,0.34920827927222065,0.35370177536377767,0.3575572322299107,0.4170678822912112,83012.86317349935,292.669183676777,-0.5552756523437908,0.6964131248969179,47.91699970364075,0.04660585824364122,67.9013666946146,86.85642360740171,2.1492466165256396,2.3617260438586225,0.5079405592315603,4.020575025390061,0.4995190692006462
2026-09-01,Kabale,17455.652201526806,0.9086567073077686,19.0,0.0,1.0,0.0186623533181755,1.0000305189751728,2.000030518975173,-1.242,29.9856,-1.0,30.00000000000001,0.0035814838690145325,0.0009180216312653003,-0.0026658316589890513,286.01644605982204,1.0,0.0001260490474349128,293.16662317789155,293.67775494826446,293.6476085851053,293.5840617206593,293.49210961214186,0.36090576846124206,0.3612244670372773,0.35437503972355816,0.4107708109724166,82991.69051771601,292.63829683770035,-0.5362071145435358,0.5929385167756843,64.69658869182275,-0.18491184329662733,58.14457249215554,82.42295948392211,2.8903326881478626,2.8097802231676763,0.5734237710265376,4.141404621936085,0.5564551617252962
2026-10-01,Kabale,17455.652201526806,0.9086567073077686,19.0,0.0,1.0,0.0186623533181755,1.0000305189751728,2.000030518975173,-1.242,29.9856,-1.0,30.00000000000001,0.004829207896605608,0.0011925872874254874,-0.0028095783609173772,286.7888073785267,1.0,0.00015552501949779395,293.0893030613385,293.6435953063281,293.6376522420981,293.62013506867726,293.543490445156,0.3891844884473737,0.3872467492716243,0.36956875102113407,0.4082979799883349,82956.7367335969,292.4599175257157,-0.495181805752176,0.47765122128176635,90.1794867121202,-0.3787956206445218,67.10055302509745,79.28683247265924,4.085410714919093,3.6792903728748976,1.0960392081369716,4.811357804261768,1.0807055659594187
2026-11-01,Kabale,17455.652201526806,0.9086567073077686,19.0,0.0,1.0,0.0186623533181755,1.0000305189751728,2.000030518975173,-1.242,29.9856,-1.0,30.00000000000001,0.005602947970230469,0.0015869408834874319,-0.0029228232787695354,287.32872249949145,1.0,0.00018083885600036708,292.8325203592306,293.42979358569966,293.44868054461386,293.4994831466307,293.5461607256829,0.4088706967078852,0.40970373975852187,0.3945572403672821,0.41224985689106947,82926.88242391597,292.19534315060474,-0.4545791325823929,0.38254156191467076,108.30208309481975,-0.44005837036265255,87.27437937984689,77.9598400469861,4.898933701410321,4.352356549463212,1.6449267046904144,5.533659491662018,1.6289703215682014
2026-12-01,Kabale,17455.652201526806,0.9086567073077686,19.0,0.0,1.0,0.0186623533181755,1.0000305189751728,2.000030518975173,-1.242,29.9856,-1.0,30.00000000000001,0.00554673884523342,0.0018609438802486902,-0.0029781611715393908,287.47889491081975,1.0,0.0001955536189409982,292.63682703418505,293.2488255094036,293.26936865962267,293.34344745246403,293.4817727700543,0.416325903603256,0.41890159538075755,0.4108727130633127,0.4199000945611844,82913.89239206414,292.0538432240801,-0.3892698283398868,0.27363562850152595,105.26425848042474,-0.2401279987519388,101.26329546067706,80.21672202851444,4.8067921232342306,4.147613407835585,1.8383277735369663,5.917961179166482,1.8401140167210752
2027-01-01,Kabale,17455.652201526806,0.9086567073077686,19.0,0.0,1.0,0.0186623533181755,1.0000305189751728,2.000030518975173,-1.242,29.9856,-1.0,30.00000000000001,0.0047899594407715814,0.0017741711013321531,-0.003026063490840038,287.3618912188177,1.0,0.00018950373780313764,292.65951503578225,293.24799885244204,293.2517394711304,293.2800410482733,293.39559828215766,0.41253586952432,0.4153139006054882,0.4112901596991523,0.42566553327381573,82910.36043592349,292.13360621664407,-0.29934838457092394,0.16641669653441513,91.95125615826305,-0.15429406412758478,102.01590942701877,85.06014910431492,4.202000511279157,3.2241949826362766,1.4963123253912343,5.896354634734569,1.4980927449467607
2027-02-01,Kabale,17455.652201526806,0.9086567073077686,19.0,0.0,1.0,0.0186623533181755,1.0000305189751728,2.000030518975173,-1.242,29.9856,-1.0,30.00000000000001,0.004022928101298853,0.0014697046876046395,-0.0030755899910497662,287.1410780135553,1.0,0.00017197491488863512,292.96701690658966,293.5146087532021,293.4842425529882,293.4146526871054,293.3664857042657,0.4020805309506678,0.4034914448014065,0.3988624618370748,0.4259508530238328,82906.1862989599,292.4734003468,-0.24948786151432792,0.11141411258182783,82.09570018115252,0.03563921301792702,93.37459473073703,90.76456867674682,3.7608583490538217,2.7098241447355007,0.9932173483411021,5.549631832875817,1.0052204616845692
2027-03-01,Kabale,17455.652201526806,0.9086567073077686,19.0,0.0,1.0,0.0186623533181755,1.0000305189751728,2.000030518975173,-1.242,29.9856,-1.0,30.00000000000001,0.004082177364181709,0.0012514858041124304,-0.0031064157682202313,287.1539837384721,1.0,0.00016457710893131788,293.2186237363989,293.7541314452835,293.7209784336444,293.61531126478326,293.4341168697963,0.39794475938300583,0.3988381321599826,0.3888130702984898,0.42186069327371717,82898.05642060732,292.711887057537,-0.29163952273364097,0.1770751016725317,91.39974260834852,-0.10191437055948793,87.9188345065711,95.1345533181127,4.090002793323621,3.5988280541092266,0.8148720098237977,5.330633398869846,0.7926811670395443
2027-04-01,Kabale,17455.652201526806,0.9086567073077686,19.0,0.0,1.0,0.0186623533181755,1.0000305189751728,2.000030518975173,-1.242,29.9856,-1.0,30.00000000000001,0.004836494187312781,0.0014559798710648251,-0.0030911359919625126,287.45339928900756,1.0,0.00017863003872782023,293.2493743107564,293.8091859069564,293.7885375370742,293.71484892554673,293.5395883620666,0.40206110351488983,0.40349306369978927,0.3919048757137206,0.41998985457792953,82897.22421708,292.7128008022344,-0.43326339454784035,0.374238849180386,108.53997010279727,-0.16551417717193764,92.63673679262085,98.08203175709765,4.836752029937684,4.974834585532187,1.3521674447474303,5.436669539093001,1.3297683903151147
2027-05-01,Kabale,17455.652201526806,0.9086567073077686,19.0,0.0,1.0,0.0186623533181755,1.0000305189751728,2.000030518975173,-1.242,29.9856,-1.0,30.00000000000001,0.005176572935702885,0.0018305765884651399,-0.003064863791289365,287.69715756917515,1.0,0.00018618080817986102,293.032965333855,293.61407491603796,293.6200576225779,293.6360577833436,293.602390984411,0.40755657522158906,0.4104317574201068,0.4017545629222083,0.4223195055337272,82919.86042166028,292.52869403492946,-0.5857950405581591,0.6171751134803606,115.27255884670264,-0.3538258756833961,103.79085873667377,99.1352145812188,5.353263129505752,5.535888983855259,1.805810025367479,5.661175636930736,1.7544645716096465
2027-06-01,Kabale,17455.652201526806,0.9086567073077686,19.0,0.0,1.0,0.0186623533181755,1.0000305189751728,2.000030518975173,-1.242,29.9856,-1.0,30.00000000000001,0.004648982146650855,0.0019359201970029858,-0.002961560742254239,287.3268614027822,1.0,0.00016764361400230699,292.84237390226014,293.41261152357805,293.4272976600153,293.4891289953226,293.58116510618396,0.3951471720622539,0.39987848561039524,0.399706371387685,0.42532692396087995,82956.2130434088,292.4627844825316,-0.6042687128039864,0.7450259103651606,92.39183215479915,-0.062067238562986904,105.74987748854578,97.08825911593452,4.417174474195566,4.390518232087771,1.7551132799739142,5.395207178589103,1.7650863266873185
2027-07-01,Kabale,17455.652201526806,0.9086567073077686,19.0,0.0,1.0,0.0186623533181755,1.0000305189751728,2.000030518975173,-1.242,29.9856,-1.0,30.00000000000001,0.003330292050374866,0.0015420964752710712,-0.002785191497282985,286.3413482773606,1.0,0.0001289692533816338,292.8720642294821,293.39519860327437,293.3917223533784,293.4179000249365,293.513053768411,0.36579707228630626,0.3728334856485727,0.3818712750407718,0.42423588296656073,82991.63304412522,292.5692142338468,-0.6083681552654299,0.776801459019052,62.59894628503929,0.07246323783732098,91.73932093851504,92.42958782477031,2.9916586471670747,3.0687471750879105,1.046531121472146,4.630871447194607,1.037027395783033
2027-08-01,Kabale,17455.652201526806,0.9086567073077686,19.0,0.0,1.0,0.0186623533181755,1.0000305189751728,2.000030518975173,-1.242,29.9856,-1.0,30.00000000000001,0.002962734271145275,0.00107493303508599,-0.002630443126332895,285.7506615639736,1.0,0.00011319776413211088,293.04573906412793,293.54562381290845,293.52157325174204,293.4893833513424,293.4790143182607,0.3498356338605957,0.3540211619089761,0.35945905825952834,0.4179320942346278,82998.38751766481,292.6754566015411,-0.5513219982693798,0.6885433528924932,47.84186491203437,0.000942691033783564,68.24413935086558,86.91690542940245,2.0538561262257264,2.35763003815861,0.5445673168994466,4.023578040135569,0.5571653549397236
2027-09-01,Kabale,17455.652201526806,0.9086567073077686,19.0,0.0,1.0,0.0186623533181755,1.0000305189751728,2.000030518975173,-1.242,29.9856,-1.0,30.00000000000001,0.003427864107271255,0.0008984696934424561,-0.002640225200496077,285.9706099025934,1.0,0.00012451410082991196,293.1688485717502,293.68078063998183,293.65524454627,293.59045905974284,293.50083358201346,0.35959941534419865,0.3604890149414716,0.3543503712530845,0.4115573124858248,82979.93364596943,292.6385221984228,-0.5605736522589501,0.6030908504177013,64.48444695230933,-0.2375687853548022,57.2518929976616,82.51869977405063,2.7636898878213203,2.835771817129261,0.5708126620282902,4.1390190173774455,0.5294499121291971
2027-10-01,Kabale,17455.652201526806,0.9086567073077686,19.0,0.0,1.0,0.0186623533181755,1.0000305189751728,2.000030518975173,-1.242,29.9856,-1.0,30.00000000000001,0.004780920561893523,0.0011855860396683664,-0.0027741735602466494,286.7671883224256,1.0,0.00015556503446517201,293.0821651589851,293.6380813999113,293.6363413510059,293.62349746715745,293.547754556804,0.38884131817322537,0.3865967949807884,0.36818334948291115,0.4084537471380502,82941.710428173,292.44415724418883,-0.49714642161050254,0.47412189872432214,90.40118342933754,-0.31773973337346234,65.65118557827027,79.42399398922599,4.0416721719749376,3.7007215069969397,1.1011917853308553,4.822153625447888,1.0822072067337531
2027-11-01,Kabale,17455.652201526806,0.9086567073077686,19.0,0.0,1.0,0.0186623533181755,1.0000305189751728,2.000030518975173,-1.242,29.9856,-1.0,30.00000000000001,0.005569567701061322,0.0015553738186700396,-0.0028983491898860064,287.337152431338,1.0,0.00018151391964259657,292.8220853241152,293.4167370085085,293.4432136866596,293.49638091211756,293.54523625435155,0.40990595675905017,0.4103732842834815,0.3932776951246937,0.4118716453156857,82912.31975005312,292.18524166635393,-0.45297412194909475,0.37274889171675435,108.08172817416386,-0.41895165097018233,86.88577240282781,78.27576959743436,4.9153727256832545,4.376511418153595,1.62788212781925,5.551940730692937,1.5803030200265937
2027-12-01,Kabale,17455.652201526806,0.9086567073077686,19.0,0.0,1.0,0.0186623533181755,1.0000305189751728,2.000030518975173,-1.242,29.9856,-1.0,30.00000000000001,0.005616245086186108,0.0018619247598164821,-0.00295722874828786,287.47309747822686,1.0,0.0001959934290970359,292.64390171241854,293.2446246161794,293.26771149385127,293.3416604432709,293.4755041172354,0.4169118325738829,0.4195304415594694,0.4118893701743409,0.4194535444480203,82899.93444968697,292.05268057812344,-0.3756599881747526,0.26245126991506446,105.1509404035475,-0.3412327668546114,101.76104018264652,80.28870365069791,4.876374671930651,4.171202440708182,1.8404842883619044,5.9312135094786065,1.82860469803721
2028-01-01,Kabale,17455.652201526806,0.9086567073077686,19.0,0.0,1.0,0.0186623533181755,1.0000305189751728,2.000030518975173,-1.242,29.9856,-1.0,30.00000000000001,0.004829587146109717,0.0017641630602093234,-0.003005743900658473,287.377269686048,1.0,0.0001897320167121081,292.67429350565817,293.2516122157031,293.2564976092893,293.2829677167546,293.3900625499113,0.4133250243149878,0.4162479765709861,0.41337271318822216,0.42591799059639474,82899.93444968697,292.1409302641617,-0.293007909476453,0.16146066563430336,91.81645759986706,-0.18091153806058244,102.95453270537983,85.11600469901599,4.279553471059214,3.2459858779012545,1.4774770750858448,5.909693844658183,1.4773017737414353
2028-02-01,Kabale,17455.652201526806,0.9086567073077686,19.0,0.0,1.0,0.0186623533181755,1.0000305189751728,2.000030518975173,-1.242,29.9856,-1.0,30.00000000000001,0.004077132284035958,0.0014929428511182468,-0.0030546572573603714,287.1640192322175,1.0,0.00017225700652000612,292.98214959939986,293.5280548567898,293.49666124287944,293.4262044081499,293.3670185413675,0.4028639712164607,0.40426760754476104,0.400966573433913,0.4266117851463897,82899.93444968697,292.47880182058935,-0.24933910656423328,0.11238107594725065,82.06428106182877,0.10040838027942249,94.09729965732203,90.79845530733144,3.81346804283856,2.75125636579125,0.9966530271781385,5.56684781089643,1.0311760007059319
2028-03-01,Kabale,17455.652201526806,0.9086567073077686,19.0,0.0,1.0,0.0186623533181755,1.0000305189751728,2.000030518975173,-1.242,29.9856,-1.0,30.00000000000001,0.0041940726409914674,0.001259809577732345,-0.0030788887358604512,287.2660789547187,1.0,0.00016537850394404195,293.265085614486,293.80405635371636,293.7622220685887,293.6475116293156,293.4385668270996,0.4002366693612129,0.4001768002092443,0.3894234567033448,0.4229329326633769,82894.421,292.7442890197423,-0.2976266693822766,0.1883589204815166,91.16773356385691,0.2141206674431476,89.38914615789201,95.23134149522735,4.27085919884619,3.6112255062545224,0.818284443629333,5.347778076401917,0.8270852762536048
2028-04-01,Kabale,17455.652201526806,0.9086567073077686,19.0,0.0,1.0,0.0186623533181755,1.0000305189751728,2.000030518975173,-1.242,29.9856,-1.0,30.00000000000001,0.005119827450807759,0.001490681359993074,-0.003069389200053917,287.63580198159383,1.0,0.00018118497630917923,293.2880451572915,293.85282409241734,293.8202121599367,293.7457049404035,293.54886041125434,0.40675250131347757,0.4071451980998464,0.39512786386570653,0.42098854063197716,82894.421,292.7251728721939,-0.4423465624700433,0.3861270065581331,109.1408519813138,0.1788204322325979,95.20923082024875,98.2124971356215,5.121564896004747,4.991759542783865,1.3564427386006355,5.478450526183209,1.355399336142165
2028-05-01,Kabale,17455.652201526806,0.9086567073077686,19.0,0.0,1.0,0.0186623533181755,1.0000305189751728,2.000030518975173,-1.242,29.9856,-1.0,30.00000000000001,0.005379271120566281,0.0019600158235363843,-0.003049557950093031,287.80232728883124,1.0,0.00018742010851200525,293.07663649260456,293.65255266555056,293.64922448683495,293.66183783695016,293.6123073288872,0.4104017320925952,0.41281529958168833,0.40563801478647793,0.4241460572966582,82914.43063377262,292.561722312227,-0.5776468366090882,0.6062127795642593,114.77218404294796,0.07487151277046701,105.80917378788392,99.19559688948955,5.253051202550666,5.532275486263475,1.8838873984305822,5.68829913524709,1.9159235690264094
2028-06-01,Kabale,17455.652201526806,0.9086567073077686,19.0,0.0,1.0,0.0186623533181755,1.0000305189751728,2.000030518975173,-1.242,29.9856,-1.0,30.00000000000001,0.004352816071851387,0.0019380794017271954,-0.0029217463164260167,287.1729841086327,1.0,0.00016373470323811134,292.84341205419696,293.40366638230944,293.41886943851745,293.49299411558735,293.5902200636182,0.38938289577180535,0.39729572788521894,0.4005416399980217,0.4262147536240426,82948.81080890009,292.46030514924024,-0.6677838931656974,0.7771732147349454,91.78134998830008,-0.041601121062842646,104.50940714391618,97.09057314408938,3.987270445851381,4.426815660719563,1.7235204398556627,5.353274356837542,1.714640672607022
2028-07-01,Kabale,17455.652201526806,0.9086567073077686,19.0,0.0,1.0,0.0186623533181755,1.0000305189751728,2.000030518975173,-1.242,29.9856,-1.0,30.00000000000001,0.0030496892370946,0.0015221875963078151,-0.0027487823401113657,286.1949992132986,1.0,0.0001266852997818125,292.8630643227535,293.37756443231586,293.3811723087908,293.4192993550143,293.517111765864,0.3606320222565982,0.3682143621830825,0.37741170588774287,0.42423483189392325,82977.92986825568,292.55291294175277,-0.6230108127362488,0.7826318966700375,62.45252848591772,-0.1652916953507583,87.54806289575595,92.40821855042999,2.695406416104653,3.1092134892945995,1.0300332489367194,4.581110793651894,1.0189321910275952
2028-08-01,Kabale,17455.652201526806,0.9086567073077686,19.0,0.0,1.0,0.0186623533181755,1.0000305189751728,2.000030518975173,-1.242,29.9856,-1.0,30.00000000000001,0.0028265711715438646,0.0009495302997739844,-0.002615481144492621,285.7311252008954,1.0,0.00011323866844675257,293.00129091603765,293.5018679434619,293.4865758767707,293.46745971494033,293.4745305039757,0.3505985223677159,0.35490566056330525,0.35497161564272406,0.4166304484610463,82980.96849988597,292.636188697307,-0.5587225462704569,0.6917297273599078,48.89663544522713,-0.15709616974413335,66.2099516071666,87.04954023820432,2.2985164486850906,2.370276791869268,0.4473389257793423,4.026573435895509,0.39077232294983255
2028-09-01,Kabale,17455.652201526806,0.9086567073077686,19.0,0.0,1.0,0.0186623533181755,1.0000305189751728,2.000030518975173,-1.242,29.9856,-1.0,30.00000000000001,0.0038417699530613365,0.0009493444233830438,-0.002649795767632508,286.0844326078889,1.0,0.00012891978952822146,293.15913351883836,293.67155799220353,293.641562586334,293.5768441502904,293.486158300961,0.36579988149272596,0.36480000040195576,0.3553745502061807,0.4104706277916302,82954.39038596589,292.62475787001927,-0.4823826059326613,0.5525765073352951,65.2969717132403,-0.2714544293206776,59.079956979149905,82.55731965843796,3.130042755200723,2.82985546783301,0.6064286497898684,4.181624225402699,0.6058729416344834
2028-10-01,Kabale,17455.652201526806,0.9086567073077686,19.0,0.0,1.0,0.0186623533181755,1.0000305189751728,2.000030518975173,-1.242,29.9856,-1.0,30.00000000000001,0.004923776286388938,0.001211298396581274,-0.00277712223932982,286.83072334494733,1.0,0.00015608955115376414,293.10599991053635,293.6608244132646,293.6472204804717,293.62418283138106,293.53562701270477,0.39156448632504876,0.39020942863967156,0.3727751777501655,0.40914251913327004,82927.97862767077,292.4845196555628,-0.4821508372474173,0.4612028316430246,90.00002434639401,-0.18881707870655326,69.5025293495979,79.226488440099,4.1776564200130695,3.6886376661563305,1.0727398164494122,4.866517233779256,1.0569620879318833
2028-11-01,Kabale,17455.652201526806,0.9086567073077686,19.0,0.0,1.0,0.0186623533181755,1.0000305189751728,2.000030518975173,-1.242,29.9856,-1.0,30.00000000000001,0.005677162287977215,0.0016659160246809293,-0.0028696158127248113,287.3416528692496,1.0,0.0001809091117159831,292.86709315135676,293.4579756618617,293.4728928152528,293.52512581959377,293.5459482903884,0.40857467911769557,0.4099185062270956,0.39751967758351947,0.41384078483851816,82904.93036226787,292.2154535057471,-0.44968647455892435,0.37844269193566654,108.09890354067953,-0.23832493506804067,88.44122953608304,78.00071954337947,4.874003577298642,4.423449960797908,1.6810123080896586,5.5560019642665095,1.711712979938479
2028-12-01,Kabale,17455.652201526806,0.9086567073077686,19.0,0.0,1.0,0.0186623533181755,1.0000305189751728,2.000030518975173,-1.242,29.9856,-1.0,30.00000000000001,0.005457543951989546,0.0018564496873658218,-0.002925268416432897,287.5096941834125,1.0,0.0001959954327879442,292.64955386748744,293.25042384244927,293.2755039835601,293.3628842458869,293.4883065243769,0.41649959454186253,0.4191361963443865,0.4107077550118849,0.4211617720634177,82897.12830106048,292.051706363492,-0.41375483782382155,0.2775335534843701,105.6789104947652,-0.11138289298961919,100.7148605033479,80.26409500816317,4.6997845136611955,4.224080793063458,1.8184815694127876,5.939953450212346,1.8102902341534788
2029-01-01,Kabale,17455.652201526806,0.9086567073077686,19.0,0.0,1.0,0.0186623533181755,1.0000305189751728,2.000030518975173,-1.242,29.9856,-1.0,30.00000000000001,0.0047235227013396166,0.0017642041185521597,-0.0029750794533488704,287.3128321932099,1.0,0.00019001556110903107,292.6481172014301,293.2331020411412,293.2401414006053,293.2876121298638,293.40354115675024,0.4121229156127782,0.41487509405502626,0.40998208918847356,0.4258621896173315,82894.421,292.11241052449134,-0.31054566772395253,0.1650881513802997,92.57888826356479,-0.23622353279819538,100.61802367247462,85.28998237466205,4.079977902672977,3.3143078401192843,1.512764915034058,5.893948336809946,1.4996750376292225
2029-02-01,Kabale,17455.652201526806,0.9086567073077686,19.0,0.0,1.0,0.0186623533181755,1.0000305189751728,2.000030518975173,-1.242,29.9856,-1.0,30.00000000000001,0.003897149803974971,0.001403239646992848,-0.003029426801538114,287.06000922769005,1.0,0.00017231312626241773,292.9450271119218,293.4898937325921,293.4586791331187,293.39769296767844,293.3653931265494,0.4013820559255617,0.40331832603662915,0.39719253787491454,0.4253044458444162,82894.421,292.4533650086328,-0.24884773942738558,0.10312037929233965,82.4369230998795,-0.1645000288878933,92.16102165032761,90.8576592016477,3.6900103363415666,2.761558809155673,0.9636452398605666,5.552144750108758,0.8983075541258843
2029-03-01,Kabale,17455.652201526806,0.9086567073077686,19.0,0.0,1.0,0.0186623533181755,1.0000305189751728,2.000030518975173,-1.242,29.9856,-1.0,30.00000000000001,0.004093961727426588,0.001233203226551343,-0.003062098039820162,287.14158337204327,1.0,0.0001653212395583657,293.2266095018985,293.7657609942174,293.7250514408543,293.6151670224751,293.43251829400896,0.3990509972456718,0.3997327397912067,0.3887683040317762,0.42203073217096154,82894.421,292.72016901430993,-0.27007043795354696,0.16597501787982236,91.55241209806836,-0.23079630621213923,88.06130689587981,95.1903895323702,4.228346937908012,3.6067747170756683,0.8202687701011501,5.351564227571714,0.7811347354622789
2029-04-01,Kabale,17455.652201526806,0.9086567073077686,19.0,0.0,1.0,0.0186623533181755,1.0000305189751728,2.000030518975173,-1.242,29.9856,-1.0,30.00000000000001,0.004993851216502045,0.0014703376930730405,-0.0030474886042987145,287.5402766852022,1.0,0.00018068175495985678,293.26253240877526,293.8194696383276,293.7964160833529,293.71805468141605,293.540561599333,0.40551185781996035,0.4065924609823656,0.3942753450462068,0.4207110357894983,82894.421,292.71442170842266,-0.41664705092881693,0.36146975137968224,109.23452188742435,-0.26522590420059844,94.2418077144875,98.12665776756597,5.053369954730427,4.989921744629183,1.349907908555365,5.482283136402562,1.3470151443744391
2029-05-01,Kabale,17455.652201526806,0.9086567073077686,19.0,0.0,1.0,0.0186623533181755,1.0000305189751728,2.000030518975173,-1.242,29.9856,-1.0,30.00000000000001,0.005311794585075732,0.0019199625566873758,-0.003021152583842618,287.76788529298284,1.0,0.00018743904501563298,293.06357732398715,293.6396384437143,293.6480070819119,293.6580546792646,293.609468770825,0.41012847641472483,0.4125579227969454,0.4044376235965074,0.424005698801792,82908.52198859824,292.5547303698525,-0.5784346967255174,0.6006067476201086,115.26862819415449,-0.289406174970173,105.15192316467504,99.16498683395957,5.286031238887872,5.5477789675766855,1.84586504138103,5.696525256172394,1.881204610350234
2029-06-01,Kabale,17455.652201526806,0.9086567073077686,19.0,0.0,1.0,0.0186623533181755,1.0000305189751728,2.000030518975173,-1.242,29.9856,-1.0,30.00000000000001,0.004455737227875259,0.0019407193879530625,-0.0028973785776667837,287.22803481701186,1.0,0.00016552656593202348,292.84641803550613,293.4041726129495,293.4231734685564,293.49359553469606,293.58699695291915,0.3916608963291957,0.3983918822700501,0.40040203354226334,0.4264023118896376,82935.98239361196,292.46643375108175,-0.6440673917081231,0.7586232026889306,92.17240884005798,-0.19405841746522354,104.82518578377962,96.95322089447858,4.138050471124408,4.44143788392224,1.7248945404936784,5.382029880013429,1.7376876318177275
2029-07-01,Kabale,17455.652201526806,0.9086567073077686,19.0,0.0,1.0,0.0186623533181755,1.0000305189751728,2.000030518975173,-1.242,29.9856,-1.0,30.00000000000001,0.0031425148239265874,0.0015333612984612596,-0.0027348505045749452,286.25019495820015,1.0,0.00012786871806303086,292.87203272764737,293.3853668599358,293.38798190521703,293.4174150011931,293.5163504385077,0.3627578123252952,0.37014622714969514,0.37884974029679536,0.42467743013550735,82961.63950750453,292.56435894493734,-0.615987464307619,0.7741944585228492,62.15746110042843,-0.06995240893290755,89.0563884237833,92.28869482756643,2.803918560045041,3.0975603333937083,1.0310925339111743,4.612183398884746,1.0205472545853838
2029-08-01,Kabale,17455.652201526806,0.9086567073077686,19.0,0.0,1.0,0.0186623533181755,1.0000305189751728,2.000030518975173,-1.242,29.9856,-1.0,30.00000000000001,0.002860835150721446,0.0009867361492667656,-0.0025986276887129856,285.74329758958623,1.0,0.00011381305027537371,293.0245194457052,293.52166319222874,293.4991213605145,293.47539269105863,293.4771239604765,0.35079699446645046,0.3550044440643078,0.3563599047238921,0.41739328320577024,82965.74218131202,292.65332734019285,-0.552209729510119,0.6848037826119837,48.156571711471834,-0.19398380709550056,67.33910058152436,86.87205553332599,2.2196569809592988,2.3593601185480604,0.48309475006500874,4.045896108866343,0.4392653459836482
2029-09-01,Kabale,17455.652201526806,0.9086567073077686,19.0,0.0,1.0,0.0186623533181755,1.0000305189751728,2.000030518975173,-1.242,29.9856,-1.0,30.00000000000001,0.003672489037803385,0.0009307528180070732,-0.002626503384762336,286.0452712975419,1.0,0.00012800906271514853,293.16758632496493,293.6837841503511,293.65157853751236,293.5829101777068,293.493947238255,0.36426848970379194,0.3638591584758985,0.3550771965464204,0.4111631297927114,82943.00979012164,292.63582046338996,-0.5073441427707296,0.5625863865969224,64.45759257776517,-0.18795777821717577,58.90426608903226,82.51651967694845,3.0198739615532886,2.794325979359464,0.6011582759032913,4.182352415786089,0.5831026558971281
2029-10-01,Kabale,17455.652201526806,0.9086567073077686,19.0,0.0,1.0,0.0186623533181755,1.0000305189751728,2.000030518975173,-1.242,29.9856,-1.0,30.00000000000001,0.004846265486603504,0.001198747682972238,-0.0027451625057809295,286.7988353198577,1.0,0.00015640996081809654,293.1026194471877,293.66231737677,293.6445059151061,293.62757377351335,293.5409497354765,0.39105305832419246,0.38982007280706643,0.3714059311772848,0.40930086431649043,82917.35267622907,292.47727188140897,-0.4835160073279867,0.4589733994948196,89.84247896174399,-0.22420869138692093,68.3280526047313,79.23959417208069,4.1370200654366505,3.675346360336922,1.0932568705455823,4.865193245106996,1.0836080776694617
2029-11-01,Kabale,17455.652201526806,0.9086567073077686,19.0,0.0,1.0,0.0186623533181755,1.0000305189751728,2.000030518975173,-1.242,29.9856,-1.0,30.00000000000001,0.005618922669934517,0.0016357175502088011,-0.002845548158060628,287.3337942626006,1.0,0.00018108351970962683,292.8526992915074,293.4520073007925,293.46172659144275,293.51543513985536,293.5450177450489,0.4092406955539603,0.410674005420758,0.3966170533322411,0.4136373574367099,82899.14901382335,292.21327162338986,-0.4468782179247193,0.3709772480519144,107.69448247180947,-0.05428610984974038,87.81901375475594,77.94011370276563,4.88865120259517,4.40297164632937,1.6651591748258519,5.563706770241442,1.687698630651396
2029-12-01,Kabale,17455.652201526806,0.9086567073077686,19.0,0.0,1.0,0.0186623533181755,1.0000305189751728,2.000030518975173,-1.242,29.9856,-1.0,30.00000000000001,0.005494496171174263,0.001864069729855277,-0.0029056017043603342,287.49233791488973,1.0,0.0001958313344112144,292.646374169086,293.25742210758557,293.2727336778719,293.36067472627286,293.4847472510703,0.4170435384859182,0.4197133133586002,0.41150302861267624,0.42093664333823594,82894.421,292.0538352696643,-0.3949998513601373,0.2655178951976113,105.42427148344557,0.03758664273414009,100.8327331539365,80.14106744987964,4.740308201383969,4.2234886674458565,1.8298421310881992,5.956164584621946,1.8392487429829936
2030-01-01,Kabale,17455.652201526806,0.9086567073077686,19.0,0.0,1.0,0.0186623533181755,1.0000305189751728,2.000030518975173,-1.242,29.9856,-1.0,30.00000000000001,0.0047421991314952035,0.0017714739364318919,-0.0029558753204303578,287.34095994533885,1.0,0.00018960670302029838,292.65799036620587,293.2459801326283,293.2489241144401,293.29190878304894,293.3988672003073,0.4130888306809932,0.4154613698085277,0.4114811090813411,0.42616859405057106,82894.421,292.1235039094214,-0.2987903734975641,0.15640070611235868,92.17199101406537,0.04296882176917374,101.21999866460897,85.26880922054879,4.140659892385717,3.3139810177090934,1.5040552721203095,5.9234293027436165,1.5032389424676331
2030-02-01,Kabale,17455.652201526806,0.9086567073077686,19.0,0.0,1.0,0.0186623533181755,1.0000305189751728,2.000030518975173,-1.242,29.9856,-1.0,30.00000000000001,0.003943216223140947,0.0014390491320005255,-0.0030101743476084433,287.10345745353646,1.0,0.00017196629530513686,292.9609341066302,293.50826816404265,293.4751035748803,293.4135684595951,293.3670073283319,0.40255919110765603,0.40387746428556753,0.3987813865637897,0.4261262286543584,82894.421,292.4651083761874,-0.2442612985599225,0.09665982377701937,82.16087924153855,-0.0898845535906226,92.63450700712399,91.00912543023502,3.7298976809502307,2.772233326603354,0.981445289723878,5.587588140734258,0.9561610689713208
2030-03-01,Kabale,17455.652201526806,0.9086567073077686,19.0,0.0,1.0,0.0186623533181755,1.0000305189751728,2.000030518975173,-1.242,29.9856,-1.0,30.00000000000001,0.004059363386771877,0.0012486985074465979,-0.00303459743559956,287.1538083777521,1.0,0.00016490695624559856,293.2283022905356,293.7641954804321,293.7222267366943,293.62004354961414,293.43203513248335,0.3989180117608391,0.39995932890453995,0.38923188108910683,0.42258520271790445,82894.421,292.7226324224867,-0.2756379940560321,0.16293803021887324,91.36432453383436,-0.22871530987886549,87.87355002341515,95.31245515905933,4.1550941105865,3.6541343851621613,0.8287669735021161,5.373357298805634,0.7933435508231194
2030-04-01,Kabale,17455.652201526806,0.9086567073077686,19.0,0.0,1.0,0.0186623533181755,1.0000305189751728,2.000030518975173,-1.242,29.9856,-1.0,30.00000000000001,0.004890812430425445,0.00147799928057996,-0.003021369972000728,287.50233625891457,1.0,0.00017992840692347583,293.2621572044458,293.8178619368679,293.78954437879713,293.7204631160484,293.53972732960034,0.40411560467959634,0.4057715696701199,0.3937539502072471,0.4209716399707812,82894.421,292.72171481819424,-0.42212650108692246,0.3577388978862455,108.65749513571933,-0.27745878241251865,93.38575407213142,98.1561375747254,4.939345591418946,5.010173117637408,1.3542088258199632,5.4895101884532265,1.3263920941606238
2030-05-01,Kabale,17455.652201526806,0.9086567073077686,19.0,0.0,1.0,0.0186623533181755,1.0000305189751728,2.000030518975173,-1.242,29.9856,-1.0,30.00000000000001,0.0052140544264451276,0.0018897105459636774,-0.0029954569959675923,287.7328103134259,1.0,0.0001878138625349511,293.0517258211724,293.6286431966225,293.6327807997213,293.6532013631349,293.60392792835484,0.40892491531512826,0.41202792852478815,0.4037709170379568,0.4237897883281243,82902.87986604276,292.5466176986682,-0.5791549036746795,0.5983378965370477,115.09786806523839,-0.06014337755418727,104.50278196097618,99.1786800947843,5.301884727313098,5.5414898646515,1.8258969095979918,5.696288712795405,1.8023170561609005
2030-06-01,Kabale,17455.652201526806,0.9086567073077686,19.0,0.0,1.0,0.0186623533181755,1.0000305189751728,2.000030518975173,-1.242,29.9856,-1.0,30.00000000000001,0.00453883184183285,0.0019573343579802013,-0.0028863162773580045,287.2721823117162,1.0,0.00016734461014229283,292.846481468076,293.406447840167,293.42732824896393,293.4978109470315,293.5825610378008,0.3939279320999684,0.39940202687945153,0.4009827379807473,0.42656563031871847,82924.70334097905,292.4703564880628,-0.620922659520052,0.7421387910606757,91.78512910953282,0.009729990214578524,105.17044385783554,97.11007419265134,4.277747606766602,4.376890665261622,1.725189955811629,5.405520421205611,1.7359851913961952
2030-07-01,Kabale,17455.652201526806,0.9086567073077686,19.0,0.0,1.0,0.0186623533181755,1.0000305189751728,2.000030518975173,-1.242,29.9856,-1.0,30.00000000000001,0.003214270462163521,0.0015545082314278441,-0.002730611003868219,286.2858610373216,1.0,0.00012952581586975372,292.8709679870249,293.3886554961774,293.39171810740885,293.4239950330086,293.5140120703455,0.3648955884149669,0.3719301306534574,0.3812381557792314,0.42506063251376586,82946.49920016051,292.57078246507444,-0.6082635843324445,0.7678517856980571,62.417077583447885,0.15410354075078705,90.01960294783322,92.50010803330754,2.903899697961689,3.066030110123448,1.014626705609233,4.640305283109303,1.0210408823138686
2030-08-01,Kabale,17455.652201526806,0.9086567073077686,19.0,0.0,1.0,0.0186623533181755,1.0000305189751728,2.000030518975173,-1.242,29.9856,-1.0,30.00000000000001,0.002886200355396478,0.0010462505172929586,-0.002596764702962731,285.7384207341326,1.0,0.00011404580768661136,293.039516863299,293.53243842309763,293.5142857233449,293.48935222935853,293.4791616170028,0.35100740730451924,0.35514149282319735,0.35857015938060416,0.4182912190961395,82951.65479376136,292.67175883474846,-0.5483939749987522,0.6808352114184495,48.221168791850424,0.07991887948176897,67.38531996264562,87.0866335934536,2.152562712050324,2.3633973011692784,0.4926050902935087,4.062500680151992,0.4950205208982587
2030-09-01,Kabale,17455.652201526806,0.9086567073077686,19.0,0.0,1.0,0.0186623533181755,1.0000305189751728,2.000030518975173,-1.242,29.9856,-1.0,30.00000000000001,0.0035229033593771435,0.0009295555589841905,-0.0026127610549671163,286.0023237167131,1.0,0.00012694348570053388,293.1757927564134,293.6853650713802,293.6534852687301,293.58995287440956,293.49749137884965,0.3625238868559559,0.36302059623726785,0.3552191049766373,0.41195424799596786,82931.34694956918,292.6428066212806,-0.5307594822579947,0.5769444433723628,64.91889138590652,-0.006944500173038594,57.7723708612786,82.65398474871903,2.9016420143695343,2.84792691320553,0.5726094324512857,4.189139755714883,0.5442978157568085
2030-10-01,Kabale,17455.652201526806,0.9086567073077686,19.0,0.0,1.0,0.0186623533181755,1.0000305189751728,2.000030518975173,-1.242,29.9856,-1.0,30.00000000000001,0.004791226739721182,0.0012097701789144982,-0.002726170917048208,286.78415592711514,1.0,0.0001563994486215194,293.095365231111,293.65156416633243,293.6419075600201,293.6277546123741,293.5432193479926,0.3907810670998623,0.3888736221692557,0.37023511596227415,0.40959655055155575,82909.55109038771,292.4658118418672,-0.4904042524310526,0.45983388531277053,90.35679453358306,-0.20441785473916466,67.02530703260015,79.38815429169551,4.097278470828499,3.6972462994208617,1.1015601243985573,4.869109302210625,1.0778449623642574
2030-11-01,Kabale,17455.652201526806,0.9086567073077686,19.0,0.0,1.0,0.0186623533181755,1.0000305189751728,2.000030518975173,-1.242,29.9856,-1.0,30.00000000000001,0.0055814283187182985,0.0016046705485133182,-0.0028266299087981576,287.3311270291418,1.0,0.00018186570423873723,292.83842121159995,293.4319639512198,293.4512072238231,293.5075441457675,293.54386400097474,0.4105078558592352,0.4113489386469878,0.39517264832562166,0.4134770474813836,82895.93663074412,292.2026700440515,-0.4497349793689703,0.36424093687817855,107.95996894061733,-0.35378234844948464,87.25200211728706,78.08341850646684,4.922545055385974,4.4044923541617385,1.6730955989187117,5.582979578047528,1.6199517550823312
2030-12-01,Kabale,17455.652201526806,0.9086567073077686,19.0,0.0,1.0,0.0186623533181755,1.0000305189751728,2.000030518975173,-1.242,29.9856,-1.0,30.00000000000001,0.005556044206249166,0.0018701036140527452,-0.0028839627893879846,287.4752212324238,1.0,0.0001965898084775576,292.64937278669544,293.24705862014247,293.2711061892873,293.3536983570393,293.4794695185157,0.41787210881872633,0.42049683872377064,0.4117315138512218,0.4210192352344082,82894.421,292.0575898903941,-0.38384917997611695,0.25562431544767733,105.35354232066788,-0.2589938982746327,101.32825258354133,80.33360403438736,4.829126031623363,4.1931524754346965,1.865527115928009,5.9737949473921255,1.8293211824199258
2031-01-01,Kabale,17455.652201526806,0.9086567073077686,19.0,0.0,1.0,0.0186623533181755,1.0000305189751728,2.000030518975173,-1.242,29.9856,-1.0,30.00000000000001,0.004780322271180206,0.0017715822752605236,-0.0029293282382480725,287.34475530915483,1.0,0.0001900627288042656,292.6740345392295,293.2484325933017,293.2525009316364,293.2919618271265,293.39438965993486,0.41391929332131555,0.41691192407179073,0.4125969196669103,0.4267520265595895,82894.421,292.1433977951649,-0.2916910124269974,0.14989560579048697,91.96589854896901,-0.15605741720645197,102.1836744765971,85.29910592570043,4.2226154067552235,3.2904179595540803,1.5192735234190715,5.9486925797021115,1.4753611879799025
2031-02-01,Kabale,17455.652201526806,0.9086567073077686,19.0,0.0,1.0,0.0186623533181755,1.0000305189751728,2.000030518975173,-1.242,29.9856,-1.0,30.00000000000001,0.003999272643305038,0.001475909622707493,-0.002977064384014058,287.1266955183701,1.0,0.00017230167796557835,292.98257491376876,293.5226009077562,293.4866046877024,293.42333191268506,293.36551358341484,0.40326190866260214,0.4048509825262568,0.40031261548715974,0.4269635615060026,82894.421,292.4831202444232,-0.24112529799723637,0.09616516500078759,82.33968084662719,-0.03492381905547425,93.74654354596589,90.87513604711195,3.771650295042761,2.78411956588466,1.0062507712750204,5.6078721268972265,0.988269084632628
2031-03-01,Kabale,17455.652201526806,0.9086567073077686,19.0,0.0,1.0,0.0186623533181755,1.0000305189751728,2.000030518975173,-1.242,29.9856,-1.0,30.00000000000001,0.004030076584479801,0.0012541682282993804,-0.003005040793901941,287.1511734843869,1.0,0.00016502953626217943,293.22975766559165,293.7648163283355,293.72133319505537,293.62286712843115,293.4354280314963,0.39928201471091257,0.4001723376023311,0.3899705588715248,0.4229646498379685,82894.421,292.72362372916893,-0.2799050227072361,0.1618453256230863,91.34842088471432,-0.25048172621687453,88.19855917942589,95.16478832234601,4.088675579856421,3.6645877775990954,0.821942060449823,5.382154979931357,0.7840433692448988
2031-04-01,Kabale,17455.652201526806,0.9086567073077686,19.0,0.0,1.0,0.0186623533181755,1.0000305189751728,2.000030518975173,-1.242,29.9856,-1.0,30.00000000000001,0.004783797034759927,0.0014649541675220562,-0.0029902780463813426,287.4546800460327,1.0,0.0001794045329574131,293.26507715073836,293.81829816588794,293.78828019143856,293.7217485705412,293.54177503853646,0.40327434343977947,0.40474280503286436,0.39267567658702024,0.4211189363500685,82894.421,292.7212624232961,-0.42267215733650093,0.3543940449159453,108.82496261643458,-0.4153164859510518,92.71914320462655,98.01716623703824,4.83264691992224,5.020508286503492,1.3572148475769168,5.486919763247229,1.3291781048734024
2031-05-01,Kabale,17455.652201526806,0.9086567073077686,19.0,0.0,1.0,0.0186623533181755,1.0000305189751728,2.000030518975173,-1.242,29.9856,-1.0,30.00000000000001,0.005113994006424079,0.0018370928196624829,-0.002963743097349093,287.6951961236085,1.0,0.00018748368525091307,293.043953172184,293.61661642711016,293.6200642736033,293.64523115859356,293.6045415718418,0.408769527875471,0.4113903726183749,0.4026466581070572,0.4235580831874212,82897.19194901348,292.536475746638,-0.5745242447522897,0.5962291713243199,115.64992118642762,-0.2915956261837609,103.91861697971346,99.13301133452177,5.351585548553778,5.543308702484974,1.8171760954463636,5.701601165976061,1.7522609213299642
2031-06-01,Kabale,17455.652201526806,0.9086567073077686,19.0,0.0,1.0,0.0186623533181755,1.0000305189751728,2.000030518975173,-1.242,29.9856,-1.0,30.00000000000001,0.004595205139840782,0.0019425169348446815,-0.0028625025097157,287.31946172287957,1.0,0.00016885983645880323,292.85357479476903,293.40842316853826,293.43097415844295,293.49941899516926,293.57852335467896,0.396066041027271,0.4006337884454692,0.40106586573266706,0.42650282741661494,82913.08472465268,292.47006939351235,-0.5960481675118711,0.7223271238440098,92.29734140656797,0.030417472675683916,105.86103360609717,97.07709484244067,4.4220970095078975,4.4073883070559186,1.7539023165740641,5.437773349102673,1.7614213756602541
2031-07-01,Kabale,17455.652201526806,0.9086567073077686,19.0,0.0,1.0,0.0186623533181755,1.0000305189751728,2.000030518975173,-1.242,29.9856,-1.0,30.00000000000001,0.0032914703429832597,0.0015488492908939994,-0.0027184899462951197,286.3348689694681,1.0,0.00012986577252818102,292.88327036155823,293.3941760313589,293.39930375333773,293.42826653888034,293.5103242110603,0.36681170409001823,0.37357703449885554,0.38281422543509414,0.42534514898276504,82930.70821505712,292.57605542170336,-0.6001793268609746,0.7592476150177722,62.50633700832024,0.1558788721425692,91.81987985087987,92.49479669477891,3.0066793653423622,3.10126929984777,1.0392601538267778,4.664633277903034,1.0286688021465893
2031-08-01,Kabale,17455.652201526806,0.9086567073077686,19.0,0.0,1.0,0.0186623533181755,1.0000305189751728,2.000030518975173,-1.242,29.9856,-1.0,30.00000000000001,0.0029397204564857054,0.0010824355149243571,-0.0025968297578114335,285.7470759973695,1.0,0.00011389737805062364,293.06102219158976,293.5486482912058,293.53025440215686,293.50020827771885,293.4756256838664,0.35100719614188663,0.3553674455740951,0.35995465028971313,0.4191640196662514,82936.95178551656,292.6824189396773,-0.5435227922036341,0.6707022946900892,47.80800962503978,-0.04156327482430807,68.27793517652259,87.02189262928157,2.0681072882809146,2.3845558325684895,0.518415329491019,4.06502467073708,0.5510797919527493
2031-09-01,Kabale,17455.652201526806,0.9086567073077686,19.0,0.0,1.0,0.0186623533181755,1.0000305189751728,2.000030518975173,-1.242,29.9856,-1.0,30.00000000000001,0.003406917221507722,0.0009182741037507466,-0.0026056118497456444,285.9676048422245,1.0,0.00012550260171981717,293.18538767052377,293.68703578439107,293.65851484813214,293.59984067142267,293.49863433154604,0.36086475017907244,0.36175721782890974,0.3547250894699652,0.41285093559060293,82921.05900987737,292.64604169014956,-0.5515715424451999,0.5846717781220642,64.8948413865491,-0.15134866694526858,57.34501762747069,82.58054146242995,2.788500709399185,2.850744344999523,0.5498148451062509,4.17766533720225,0.5148022988038692
2031-10-01,Kabale,17455.652201526806,0.9086567073077686,19.0,0.0,1.0,0.0186623533181755,1.0000305189751728,2.000030518975173,-1.242,29.9856,-1.0,30.00000000000001,0.004773177559115104,0.0012027681394746468,-0.0027080762094980784,286.7691790445076,1.0,0.00015667768977530155,293.09120015776915,293.64234708510327,293.63568469258786,293.63032991779005,293.5469158720629,0.3901449597381618,0.3877525928629075,0.36898155009889333,0.40983203091228865,82903.43551947291,292.4491677858288,-0.48952830342975523,0.45719270000731993,90.53327460030214,0.020337423254493215,65.82847238352332,79.49012310894652,4.064342664625239,3.7191861822242385,1.086054205677981,4.864277929885723,1.07827464667314
2031-11-01,Kabale,17455.652201526806,0.9086567073077686,19.0,0.0,1.0,0.0186623533181755,1.0000305189751728,2.000030518975173,-1.242,29.9856,-1.0,30.00000000000001,0.005552328138846928,0.0015695366050311264,-0.0028010404880981776,287.33404280322765,1.0,0.00018266346279111677,292.8255592273773,293.4185441272493,293.4398843211101,293.50153882068275,293.5459232436547,0.4111648570914263,0.4114483438567736,0.39412279722814336,0.41325809988155465,82894.421,292.18934948807544,-0.4443092001236384,0.3561374964913979,107.82930882389735,0.05846441554359086,86.54369197639166,78.24070733292425,4.941581287795799,4.382244090421256,1.6178297542558673,5.6014920897492635,1.567316513023979
2031-12-01,Kabale,17455.652201526806,0.9086567073077686,19.0,0.0,1.0,0.0186623533181755,1.0000305189751728,2.000030518975173,-1.242,29.9856,-1.0,30.00000000000001,0.005590910562622234,0.0018777740532648264,-0.002861011522482902,287.46091961889834,1.0,0.00019700219652461434,292.6503460422346,293.25046900234673,293.2696812942357,293.34752390058327,293.4753759000268,0.41820004420551116,0.4207738652316093,0.41210960420042736,0.42081579758247684,82894.421,292.0589726187445,-0.36537565989145876,0.2455574859851765,104.74912552462585,0.09232424214861762,101.21326817301419,80.33828550599175,4.876825821687629,4.1769934870831635,1.8480219859190363,5.987278842270015,1.8375150016392958
2032-01-01,Kabale,17455.652201526806,0.9086567073077686,19.0,0.0,1.0,0.0186623533181755,1.0000305189751728,2.000030518975173,-1.242,29.9856,-1.0,30.00000000000001,0.004771134050793082,0.0017845282903133,-0.0029091037123109647,287.36268142645065,1.0,0.00019094490767265662,292.6840828055514,293.26181031835404,293.26350688062377,293.2906090029384,293.3902501586826,0.41478274403750914,0.4177268196606212,0.4134813466928813,0.4270744285931604,82894.421,292.14932761434414,-0.280770597038039,0.1433311942530129,91.5411885403707,0.045125178500308484,102.22533274197849,85.13293749213581,4.271045455996923,3.252009850163135,1.5056853703619923,5.976740591076165,1.4790177370980302
2032-02-01,Kabale,17455.652201526806,0.9086567073077686,19.0,0.0,1.0,0.0186623533181755,1.0000305189751728,2.000030518975173,-1.242,29.9856,-1.0,30.00000000000001,0.004023475276760449,0.001516188052002756,-0.002957159438183392,287.16291455996065,1.0,0.00017301082585169955,292.99581969017646,293.53912102818464,293.5003521626227,293.431098966187,293.36818255141606,0.40421888463500366,0.4055790449600239,0.4013435691754195,0.42766990094535356,82894.421,292.488213081456,-0.23902686636610246,0.095140909687643,82.10726108186417,-0.04153012075380389,93.70490639121613,90.91973922877214,3.799601817668183,2.78394816920183,1.032227672596998,5.629612161411283,1.0477077385299387
2032-03-01,Kabale,17455.652201526806,0.9086567073077686,19.0,0.0,1.0,0.0186623533181755,1.0000305189751728,2.000030518975173,-1.242,29.9856,-1.0,30.00000000000001,0.004141455905532357,0.0012830749910234703,-0.0029848212482932886,287.2681872252131,1.0,0.00016622729723106161,293.27618280130037,293.8140431544056,293.7712236504082,293.65639192538805,293.44003317766357,0.40163099331046376,0.40180289974682726,0.3900267034583836,0.42397948362931936,82894.421,292.75208473765724,-0.2877526202039981,0.17281436930450786,91.42170247441614,-0.18528602149365578,89.38320389616759,95.30789009524811,4.261475203841496,3.638029299147238,0.8273240955931748,5.411899889679866,0.8368348647955873
2032-04-01,Kabale,17455.652201526806,0.9086567073077686,19.0,0.0,1.0,0.0186623533181755,1.0000305189751728,2.000030518975173,-1.242,29.9856,-1.0,30.00000000000001,0.0050828841918240586,0.0015133398046364432,-0.00297594834577488,287.6391127319814,1.0,0.00018225324773106334,293.29964873003985,293.8550601620381,293.8283009513863,293.755847693051,293.5502097167152,0.4077868613062751,0.4082542570632693,0.3958775869623797,0.42219288900718044,82894.421,292.73354033260165,-0.4335188455303996,0.36800701443226447,109.20784121712488,-0.28019055283611183,95.50716435002914,98.30403258074203,5.120624139963662,5.043324978499922,1.3442650299213244,5.544325043501757,1.362417968657218
2032-05-01,Kabale,17455.652201526806,0.9086567073077686,19.0,0.0,1.0,0.0186623533181755,1.0000305189751728,2.000030518975173,-1.242,29.9856,-1.0,30.00000000000001,0.005353591938184566,0.0019805861462762722,-0.002957140662667855,287.79832438164067,1.0,0.00018913585077704885,293.08462792444533,293.6540739185268,293.6603458280109,293.67637461829696,293.61149289015117,0.41153864533315465,0.41386092518092044,0.4060982769117236,0.42529337103699677,82894.421,292.5710587002895,-0.5703370779106199,0.5897209428173168,114.59791071799623,-0.5109786222052223,106.17473212323229,99.1619508835309,5.25609422974656,5.589159957180563,1.8640762618468372,5.753410156586651,1.917211046908226
2032-06-01,Kabale,17455.652201526806,0.9086567073077686,19.0,0.0,1.0,0.0186623533181755,1.0000305189751728,2.000030518975173,-1.242,29.9856,-1.0,30.00000000000001,0.00433162041080548,0.001948820203796579,-0.0028246278176762923,287.17252013944375,1.0,0.0001659019808219691,292.84822733580637,293.40488212384304,293.42487230132355,293.5049236294913,293.5911266557591,0.3905825642309679,0.3978681088669,0.4010996907764515,0.4274019719188109,82908.15247513697,292.4702614666842,-0.661376178984851,0.7600749415370199,91.54671798817765,-0.5949993786370961,104.63549094312093,96.97609180943464,3.9921488382899817,4.512013642541695,1.727521735736616,5.415180754013067,1.7164850489371588
2032-07-01,Kabale,17455.652201526806,0.9086567073077686,19.0,0.0,1.0,0.0186623533181755,1.0000305189751728,2.000030518975173,-1.242,29.9856,-1.0,30.00000000000001,0.003030901232518412,0.0015294185872152307,-0.0026829441706142034,286.1902215039439,1.0,0.00012860607635639034,292.8689863272444,293.3842880424723,293.3861521666849,293.42662926345173,293.52086416143385,0.3617474402945735,0.36908036067917843,0.37799318661836495,0.4253558223983119,82917.0139604079,292.5637687107148,-0.6170572780853333,0.7653297288627803,62.01287836730651,-0.4284565253603813,87.48997727553376,92.31443650320944,2.697792755188184,3.167874150719212,1.0406389875672752,4.6403293157922425,1.0266460633344574
2032-08-01,Kabale,17455.652201526806,0.9086567073077686,19.0,0.0,1.0,0.0186623533181755,1.0000305189751728,2.000030518975173,-1.242,29.9856,-1.0,30.00000000000001,0.002781981224212513,0.0009513717020701792,-0.0025607318492487023,285.72569978276164,1.0,0.00011515382603601395,293.0112598383393,293.51055258055806,293.49101919645415,293.4721989538876,293.4810295347342,0.3518681608056468,0.3558825240416194,0.35555142520419175,0.41769556823922915,82919.34523897957,292.6497010906982,-0.5492007998749151,0.6713960195718743,48.74886214799835,-0.08098302169378069,66.00071748742337,87.04186188526161,2.3055349958520828,2.423564751171552,0.4618506414218469,4.0856644174959404,0.4023627074755452
2032-09-01,Kabale,17455.652201526806,0.9086567073077686,19.0,0.0,1.0,0.0186623533181755,1.0000305189751728,2.000030518975173,-1.242,29.9856,-1.0,30.00000000000001,0.003801651967701998,0.0009584954227801756,-0.0025969423463259107,286.08170567075325,1.0,0.00013031691562537872,293.17244088375963,293.6809126034927,293.6434215075031,293.5802585841795,293.49431981215906,0.36688070684935176,0.3658923586892538,0.3563938105566799,0.4114567235442978,82905.6137638426,292.6393171244697,-0.47373103323773336,0.5327709953841053,64.90850864236229,0.032591359565975996,58.831539647678035,82.7279373705894,3.1291620699843,2.8272888498755204,0.6078266325439542,4.239366495133467,0.6148151653985923
2032-10-01,Kabale,17455.652201526806,0.9086567073077686,19.0,0.0,1.0,0.0186623533181755,1.0000305189751728,2.000030518975173,-1.242,29.9856,-1.0,30.00000000000001,0.004883986800224367,0.001224297492420043,-0.0026895643317853776,286.8265253520476,1.0,0.00015705448252113278,293.1156533919729,293.668861722815,293.65095858872843,293.6263137281896,293.53849102690896,0.39288996075923155,0.3915318562708155,0.3736978532462476,0.4102763097129661,82896.75227857167,292.49653028362513,-0.4703978127421829,0.4437690840478415,89.85196353670915,-0.23364447165516697,69.15373674915006,79.35412063560612,4.183895595111253,3.679506132825827,1.075760856251222,4.915019535361064,1.0583826063585737
2032-11-01,Kabale,17455.652201526806,0.9086567073077686,19.0,0.0,1.0,0.0186623533181755,1.0000305189751728,2.000030518975173,-1.242,29.9856,-1.0,30.00000000000001,0.005641448157396767,0.0016942722064066842,-0.002771368585699294,287.33677985834385,1.0,0.00018126183814875529,292.8777609861941,293.46468259481304,293.47616997784866,293.5236738360557,293.5469743058009,0.4094402918835614,0.41135305076760115,0.3987121382798995,0.41502218807391394,82894.421,292.22765725428843,-0.44102621120986246,0.36318004372078666,107.68630580062694,-0.2682082362097372,88.36957153500983,78.03909538513676,4.871212180788606,4.400531707106813,1.6857321195674826,5.604837640286874,1.7093455875263193
2032-12-01,Kabale,17455.652201526806,0.9086567073077686,19.0,0.0,1.0,0.0186623533181755,1.0000305189751728,2.000030518975173,-1.242,29.9856,-1.0,30.00000000000001,0.0054096059410780085,0.0018765675921455737,-0.002827795646411594,287.5104728028164,1.0,0.00019599211674023475,292.65986552376023,293.2560060306727,293.2816935075837,293.3637486838559,293.490325305768,0.41764572555093404,0.42058052308840327,0.41163819995130996,0.4224071736986648,82894.421,292.05971233448446,-0.40425467718927005,0.26285413961897514,105.42165470645871,-0.3421927036833748,100.52044383633933,80.3148450656379,4.717799177717874,4.21953819419548,1.8349947035550234,5.993162486990205,1.7960451217306754
2033-01-01,Kabale,17455.652201526806,0.9086567073077686,19.0,0.0,1.0,0.0186623533181755,1.0000305189751728,2.000030518975173,-1.242,29.9856,-1.0,30.00000000000001,0.004670927004217796,0.001779766381566457,-0.0028794641348799787,287.3188800236386,1.0,0.00019038844494941414,292.66156235896045,293.2367818898428,293.246147238179,293.2913368364928,293.40539094284094,0.41320050704861777,0.4161260373658138,0.4109531064597718,0.42700054147695576,82894.421,292.1193167446877,-0.3037595558877377,0.1495043150761605,92.13414198294133,-0.23536080240832621,100.5318249521531,85.34282717419738,4.080770224805659,3.325220043370647,1.5196639282722717,5.957313149836345,1.4944534935660718
2033-02-01,Kabale,17455.652201526806,0.9086567073077686,19.0,0.0,1.0,0.0186623533181755,1.0000305189751728,2.000030518975173,-1.242,29.9856,-1.0,30.00000000000001,0.0038524874176213003,0.0014138822002455434,-0.0029295464745877995,287.0737202511111,1.0,0.00017276873113727899,292.9556779136183,293.49553943751727,293.46591176220744,293.40671561851286,293.3679244135464,0.40298344046377754,0.4040909523592621,0.39824690165128934,0.42649757853003517,82894.421,292.46102983515084,-0.23908281576419985,0.0844703593578855,82.10923896940359,-0.030003165867211874,92.14567101403236,90.93936785119969,3.7050249940918873,2.789846644308941,0.9638098936748521,5.620606077408827,0.8939352732443591
2033-03-01,Kabale,17455.652201526806,0.9086567073077686,19.0,0.0,1.0,0.0186623533181755,1.0000305189751728,2.000030518975173,-1.242,29.9856,-1.0,30.00000000000001,0.0040545572284947755,0.0012448890214435693,-0.002959895524724041,287.14828179909,1.0,0.00016595718534066382,293.2372514442301,293.77270600678725,293.73047165016504,293.621479027435,293.4325044200738,0.40033718690378617,0.4001590289673156,0.3897100292777386,0.4231815514733312,82894.421,292.7289530081448,-0.2599076886247537,0.14683979430432123,91.45554505553783,0.061867129857189236,88.12361427418925,95.23680309998785,4.229297891557714,3.6564210095566683,0.817222670707871,5.415227358689933,0.7833404737239649
2033-04-01,Kabale,17455.652201526806,0.9086567073077686,19.0,0.0,1.0,0.0186623533181755,1.0000305189751728,2.000030518975173,-1.242,29.9856,-1.0,30.00000000000001,0.004952504549824874,0.0014901910730996577,-0.0029460368559152705,287.5481417587442,1.0,0.00018129477637260277,293.2733875134666,293.8270961683432,293.7990172553344,293.7242573237417,293.54094715365335,0.40675672945599334,0.4072260932774874,0.39505180092464026,0.42184173664514746,82894.421,292.7230542681854,-0.4057441514833906,0.3423321109743469,108.86383197341486,-0.12508762161129852,94.3899943747345,98.18706222392136,5.06551344820321,5.019435844263099,1.3531194199611143,5.547072995595453,1.3425019427528904
2033-05-01,Kabale,17455.652201526806,0.9086567073077686,19.0,0.0,1.0,0.0186623533181755,1.0000305189751728,2.000030518975173,-1.242,29.9856,-1.0,30.00000000000001,0.0052619774356633675,0.0019325482480455722,-0.0029246805699493163,287.77168456616204,1.0,0.00018875638720176508,293.07564265851806,293.6514976580152,293.65159935709653,293.6667671043593,293.60862212203057,0.4107751254340226,0.41321539360899373,0.40505507823903586,0.4250484345833779,82894.421,292.55936540754345,-0.5693393881254675,0.5844903183699003,114.92418167960858,-0.4412155121785772,105.19604121021807,99.2623557251112,5.273747290849297,5.558102084843942,1.8588362911949072,5.755077972488711,1.8727362847507731
2033-06-01,Kabale,17455.652201526806,0.9086567073077686,19.0,0.0,1.0,0.0186623533181755,1.0000305189751728,2.000030518975173,-1.242,29.9856,-1.0,30.00000000000001,0.004414561161776662,0.0019544684648298764,-0.0028024078084721415,287.2187964267733,1.0,0.00016670837706159406,292.8545454190928,293.41209907434444,293.4303076518329,293.5042819997221,293.5865186420697,0.3928135623669892,0.39933990787984275,0.40112032749770593,0.4274769566197092,82902.15360315512,292.474283844119,-0.6378754540886847,0.7423710438644665,91.48130771223377,-0.3950469387591471,105.07814537457118,97.13324451688656,4.127882030141459,4.444899448951987,1.7329239303772637,5.444486705437018,1.7317762205818241
2033-07-01,Kabale,17455.652201526806,0.9086567073077686,19.0,0.0,1.0,0.0186623533181755,1.0000305189751728,2.000030518975173,-1.242,29.9856,-1.0,30.00000000000001,0.0031002677041496608,0.0015469315939057166,-0.00267197600335306,286.23598911971857,1.0,0.0001290205629606023,292.8779204924476,293.392742313754,293.3941106236071,293.4303578985574,293.5162420183474,0.36392032376090927,0.37112745175442347,0.37964161475598907,0.42579877281927675,82907.46130741316,292.5739601079495,-0.6090988253440294,0.7568459088486946,62.31261047146021,-0.17748290842810654,89.21609978991181,92.39484135082542,2.799256930336742,3.1302861204303447,1.0298748348486633,4.673442233176057,1.0085330251888658
2033-08-01,Kabale,17455.652201526806,0.9086567073077686,19.0,0.0,1.0,0.0186623533181755,1.0000305189751728,2.000030518975173,-1.242,29.9856,-1.0,30.00000000000001,0.0028362066429580314,0.0010072534853997573,-0.002561445695697278,285.72676628182427,1.0,0.00011446900587671061,293.0292578797298,293.5233321174489,293.5071600580069,293.4846916299234,293.4770621912256,0.35226487952268254,0.3558054677483602,0.35709206427641943,0.4185945793076429,82907.46130741315,292.6645767771527,-0.5460165574424342,0.665358885812979,48.36462916329441,-0.010990792162526006,67.17530629457302,86.95491237695859,2.2240460957054426,2.4117196689330296,0.47735027168216976,4.104287729664621,0.43192102092015655
2033-09-01,Kabale,17455.652201526806,0.9086567073077686,19.0,0.0,1.0,0.0186623533181755,1.0000305189751728,2.000030518975173,-1.242,29.9856,-1.0,30.00000000000001,0.0036504158654289496,0.0009568376728860782,-0.0025894915153171763,286.04090597714736,1.0,0.0001288754777274197,293.17991682489463,293.68682861995444,293.6526822780265,293.5896018448009,293.4939064926752,0.36519793672557066,0.36465696305366474,0.35586675955202773,0.41236140136759003,82899.72870425803,292.64377331615293,-0.4984011898876253,0.5440462819993754,65.12340478878053,0.06913074615586988,58.490330389371614,82.54564865784668,3.0157657295677196,2.8639141032549227,0.6062063559781993,4.240260483114534,0.5694857677048727
2033-10-01,Kabale,17455.652201526806,0.9086567073077686,19.0,0.0,1.0,0.0186623533181755,1.0000305189751728,2.000030518975173,-1.242,29.9856,-1.0,30.00000000000001,0.004821966315098604,0.0012253957082758013,-0.0026753273560910797,286.8056582982215,1.0,0.00015698266530469573,293.11520399614386,293.666610881467,293.65171433009886,293.63143283556434,293.54037839040075,0.3919984067696476,0.39018705363695255,0.37226961251284557,0.410353115697204,82894.421,292.48238203587727,-0.4766393117275127,0.4409516313721489,90.29557981061181,0.020288805711942397,67.95000167747627,79.47297009567652,4.1341067550634145,3.71893757815718,1.106215972267331,4.920090160491375,1.06364760330903
2033-11-01,Kabale,17455.652201526806,0.9086567073077686,19.0,0.0,1.0,0.0186623533181755,1.0000305189751728,2.000030518975173,-1.242,29.9856,-1.0,30.00000000000001,0.005596299467724566,0.0016627650336582822,-0.002750256135079867,287.33503160832896,1.0,0.00018219263570240203,292.86525067883275,293.4556730466373,293.46595569032746,293.5197792992531,293.546730223778,0.4102111801152797,0.4114153457239403,0.39720517642344544,0.4147660567150527,82894.421,292.2143821088256,-0.4402996620864266,0.35299672649550445,107.90871061833138,0.030547275134873375,87.5616920749646,78.33014502998532,4.889228892604897,4.424059304925886,1.684164844733301,5.623786438241079,1.6709695061890268
2033-12-01,Kabale,17455.652201526806,0.9086567073077686,19.0,0.0,1.0,0.0186623533181755,1.0000305189751728,2.000030518975173,-1.242,29.9856,-1.0,30.00000000000001,0.005469395360567495,0.0018855735310049039,-0.002806991698614711,287.49703869618793,1.0,0.00019697621447886682,292.6572107448125,293.2584704892866,293.27908673659823,293.3641792433603,293.4847695728456,0.418025495456426,0.4206283285998924,0.41183541656675127,0.4221270865297977,82894.421,292.0576118637264,-0.38889436192112753,0.2498761213518631,105.17719854204483,-0.26571553430269274,100.81034390474024,80.63089175640526,4.748420203201673,4.253501052899995,1.8428104192783898,6.0155091724233785,1.8269883091204413
2034-01-01,Kabale,17455.652201526806,0.9086567073077686,19.0,0.0,1.0,0.0186623533181755,1.0000305189751728,2.000030518975173,-1.242,29.9856,-1.0,30.00000000000001,0.00471869393527152,0.0017878179060839253,-0.0028573306292190015,287.33346478028307,1.0,0.00019118044968460162,292.667976997562,293.2473611181258,293.25157659967243,293.29741491135,293.3997186695305,0.41417669095273196,0.4168484619649244,0.4116781501954379,0.42743370260624264,82894.421,292.12842876718133,-0.2935241320172335,0.1439442306285032,91.89308216579748,-0.24822136931939556,101.39051901539965,85.59645577865223,4.147725627673669,3.34272079085325,1.509800916900523,5.983339749859957,1.4956941032935374
2034-02-01,Kabale,17455.652201526806,0.9086567073077686,19.0,0.0,1.0,0.0186623533181755,1.0000305189751728,2.000030518975173,-1.242,29.9856,-1.0,30.00000000000001,0.003915253717402163,0.001450259888770386,-0.002906979795588228,287.09629669089605,1.0,0.00017327417517792702,292.97133753928875,293.5120077305301,293.4779496837693,293.42184299764864,293.36716761578725,0.4034984449124408,0.4050178605005425,0.39925505649789667,0.427302104697093,82894.421,292.4711012718126,-0.23620126627403418,0.08604552791449334,81.90253069016569,-0.32378710834671637,92.83543218450039,91.15641315163735,3.742095190994018,2.825132002699503,0.9813418975459928,5.634281606789845,0.9376090722652978
2034-03-01,Kabale,17455.652201526806,0.9086567073077686,19.0,0.0,1.0,0.0186623533181755,1.0000305189751728,2.000030518975173,-1.242,29.9856,-1.0,30.00000000000001,0.004038380225333397,0.0012588436415393418,-0.002934668213434065,287.14650568264284,1.0,0.00016631091674576797,293.2361865770915,293.7704906945157,293.7285125340975,293.6275636729501,293.43426828963806,0.40022599888222254,0.40077724481746374,0.3897361868129434,0.4238080059993954,82894.421,292.723784268391,-0.266956461561394,0.15011078646654755,91.26802979515485,-0.26805819678181514,88.06133241036186,95.34294957709874,4.174244173784165,3.677973919632475,0.82205463424885,5.416100509041638,0.7842942263220788
2034-04-01,Kabale,17455.652201526806,0.9086567073077686,19.0,0.0,1.0,0.0186623533181755,1.0000305189751728,2.000030518975173,-1.242,29.9856,-1.0,30.00000000000001,0.0048809201649561386,0.001491110863377727,-0.0029203909745158206,287.4961572277245,1.0,0.00018113595203483735,293.27059535296576,293.82618659565804,293.7965220038802,293.7288320980785,293.54258229545735,0.40564159463467614,0.40644688884660923,0.39392362500660844,0.4222634827250475,82894.421,292.7260838511064,-0.4103978101345985,0.3426763665355684,108.70966313005817,-0.3188642045198828,93.34448975211114,98.16300827979842,4.942260756540791,5.046391383540655,1.359802816097462,5.530303050227023,1.3344863467213386
2034-05-01,Kabale,17455.652201526806,0.9086567073077686,19.0,0.0,1.0,0.0186623533181755,1.0000305189751728,2.000030518975173,-1.242,29.9856,-1.0,30.00000000000001,0.005215634064547443,0.0019047619535890192,-0.0028953681447366365,287.73637479491794,1.0,0.00018889616437585042,293.06201758446474,293.63376449671483,293.64238558344545,293.65925054848753,293.6074254232083,0.4107959075886542,0.4127515207972778,0.4039348058117689,0.4250464629140529,82894.421,292.55211438761677,-0.5690806665173939,0.5846192522757457,115.34507717475776,-0.3380429582032713,104.44167650323789,99.16341960977108,5.302332633845604,5.570937691203871,1.8410714227306897,5.750437066502358,1.8147250582120982
2034-06-01,Kabale,17455.652201526806,0.9086567073077686,19.0,0.0,1.0,0.0186623533181755,1.0000305189751728,2.000030518975173,-1.242,29.9856,-1.0,30.00000000000001,0.0045321223153576215,0.0019728226714553435,-0.002784568306257534,287.26927554050707,1.0,0.0001682438085099727,292.8603675622048,293.4133560071335,293.4376229613278,293.5071342376707,293.5847438818123,0.3956357229940129,0.40063473575380665,0.4013147544338016,0.42762667663086434,82896.02917321697,292.47630301883135,-0.6125359877925001,0.7252982087828738,92.01749994175844,-0.19443268347020645,105.34868976705575,97.07989624446755,4.275167697328854,4.42800309018948,1.7445945826035054,5.461556969561414,1.741691783548897
2034-07-01,Kabale,17455.652201526806,0.9086567073077686,19.0,0.0,1.0,0.0186623533181755,1.0000305189751728,2.000030518975173,-1.242,29.9856,-1.0,30.00000000000001,0.003215622675630617,0.001568665318567474,-0.0026626707737975844,286.2839361606464,1.0,0.00013013909373190706,292.8880998420838,293.39412217500035,293.40347633629943,293.4336473120798,293.51537323414135,0.366188425219417,0.37304860271766366,0.3817332993607862,0.42602009506616295,82896.81645270465,292.57709297588707,-0.6028866973245447,0.7503490779910883,62.21964354992699,-0.10986048098483721,90.27559482873346,92.52882138746831,2.9143015406489226,3.132247738952492,1.0372571788352476,4.693459594973758,1.01271599172217
2034-08-01,Kabale,17455.652201526806,0.9086567073077686,19.0,0.0,1.0,0.0186623533181755,1.0000305189751728,2.000030518975173,-1.242,29.9856,-1.0,30.00000000000001,0.0029006038520399797,0.001059375243682082,-0.0025631156582187533,285.72699058261884,1.0,0.00011488833128912137,293.050786431221,293.5381232635361,293.52286599609715,293.49900448672634,293.4796456173879,0.3520745213602621,0.35634864714825215,0.35906742305135175,0.41928083500168994,82896.81645270465,292.678058583256,-0.542448070480548,0.6597639053263448,47.958897658553234,-0.14092694369999662,67.7262400643098,87.12510759684693,2.155149121015684,2.4015576275066497,0.506505702174287,4.114172536202553,0.47928111971073717
2034-09-01,Kabale,17455.652201526806,0.9086567073077686,19.0,0.0,1.0,0.0186623533181755,1.0000305189751728,2.000030518975173,-1.242,29.9856,-1.0,30.00000000000001,0.0035295760420073637,0.0009379074495082688,-0.0025812714754091426,285.99345184401477,1.0,0.00012809097527469136,293.18600052041296,293.69178798691473,293.6623312117922,293.5978022405378,293.49955210328136,0.3634059201971236,0.3639343636346659,0.3554988283686622,0.4130024879910967,82895.20827948766,292.6529059891643,-0.5219551378460526,0.556720811781875,64.69469213380951,-0.1203454651287331,57.81945097314923,82.68609558185896,2.9103888784931864,2.874743543338895,0.5826126941624696,4.239352009389939,0.5330241015153085
2034-10-01,Kabale,17455.652201526806,0.9086567073077686,19.0,0.0,1.0,0.0186623533181755,1.0000305189751728,2.000030518975173,-1.242,29.9856,-1.0,30.00000000000001,0.00479114272539005,0.001211509571717484,-0.0026607197877158025,286.7789400873323,1.0,0.00015770635387869872,293.10615527542285,293.6572999537887,293.64984756481437,293.63518515356515,293.546927425593,0.3917818947383324,0.38991916543141264,0.3706299481663593,0.41062106360588874,82894.421,292.4713714159895,-0.4790436040590895,0.43975197027989044,90.0621418695389,-0.18012419193890905,66.99952437671845,79.4670209712824,4.101244482921603,3.7059305180964563,1.0940702182423416,4.925725332020233,1.0696926825318738
2034-11-01,Kabale,17455.652201526806,0.9086567073077686,19.0,0.0,1.0,0.0186623533181755,1.0000305189751728,2.000030518975173,-1.242,29.9856,-1.0,30.00000000000001,0.005559846776757596,0.0016152940173999,-0.0027287907347269343,287.3273360287069,1.0,0.0001830238425092085,292.8523120019944,293.4399877191645,293.4568238017633,293.51416855958695,293.5494785699604,0.4115297842012406,0.41226687959891173,0.3956220175657444,0.41447132910658363,82894.421,292.20319546745475,-0.43834245862417887,0.3466061147165333,107.82841494054787,-0.18772326119187097,87.30181145100397,78.1403119968938,4.915200824067579,4.421529485360327,1.6512857793662583,5.639105183199102,1.626134482969989
2034-12-01,Kabale,17455.652201526806,0.9086567073077686,19.0,0.0,1.0,0.0186623533181755,1.0000305189751728,2.000030518975173,-1.242,29.9856,-1.0,30.00000000000001,0.005515968988366578,0.0018870079170716883,-0.0027860833409192286,287.4771992299698,1.0,0.00019728607474405892,292.6612238999171,293.2516812539696,293.2746974694914,293.3624266435906,293.4836890411964,0.41899894126593146,0.4214589235225063,0.41237525614430864,0.42197391161644165,82894.421,292.0575249333012,-0.3761388029496995,0.23904783687164244,105.29584834942358,-0.2584487328410922,101.26928080324967,80.41275421080668,4.8047433352957025,4.215483110727871,1.846917029874997,6.030738621703461,1.8252732900827582
2035-01-01,Kabale,17455.652201526806,0.9086567073077686,19.0,0.0,1.0,0.0186623533181755,1.0000305189751728,2.000030518975173,-1.242,29.9856,-1.0,30.00000000000001,0.004736064871447295,0.0017994710504559827,-0.002833697659994702,287.3504491193588,1.0,0.00019110568238711332,292.6825682961601,293.25355916424746,293.25505577519806,293.2976081362835,293.39904214474495,0.4151893385523202,0.4179174375584316,0.41324080857578127,0.4277834871467306,82894.421,292.1415147487919,-0.2852711863375543,0.13787229371232876,92.05046665287533,-0.231479423719578,101.95514090405118,85.30677270551632,4.1972002866004905,3.2948402284465668,1.5170909979672504,6.004963166415174,1.4754613174476565
2035-02-01,Kabale,17455.652201526806,0.9086567073077686,19.0,0.0,1.0,0.0186623533181755,1.0000305189751728,2.000030518975173,-1.242,29.9856,-1.0,30.00000000000001,0.003959539298221049,0.001501085138765322,-0.0028829427816974835,287.1342003276998,1.0,0.00017337853319028692,292.98953527808834,293.52199810059176,293.4923872195419,293.42984089608575,293.36970388834345,0.4047333476219402,0.40605588893766864,0.4009083890241641,0.42808801342455327,82894.421,292.4875896429711,-0.23507913036174086,0.08335988157160935,82.17316678538077,-0.005347363203361506,93.24694376225568,91.07238308217813,3.7657987349260913,2.7954413723905422,1.0066577152162044,5.670239790849724,0.9822555592724443
2035-03-01,Kabale,17455.652201526806,0.9086567073077686,19.0,0.0,1.0,0.0186623533181755,1.0000305189751728,2.000030518975173,-1.242,29.9856,-1.0,30.00000000000001,0.004023052098634217,0.001278826184746266,-0.002911359709328496,287.15856514910234,1.0,0.00016642724715618508,293.2368781811723,293.76356818910955,293.7270292828038,293.62963657945005,293.43937345911667,0.4009505974454927,0.4011707354923604,0.39058989721525084,0.4242278538440163,82894.421,292.7256697358044,-0.273620351998679,0.14917019216999397,91.30801309303091,0.052647744659054974,87.76772388821354,95.34217641908742,4.082438901651721,3.6697317484255563,0.8291704923258422,5.441620713419005,0.7872654696504219
2035-04-01,Kabale,17455.652201526806,0.9086567073077686,19.0,0.0,1.0,0.0186623533181755,1.0000305189751728,2.000030518975173,-1.242,29.9856,-1.0,30.00000000000001,0.004791465586386691,0.001488484624242166,-0.002894927473664681,287.4543965653195,1.0,0.00018058370968546686,293.26958571035675,293.8174757000514,293.7977336097588,293.7307793401524,293.54773630869477,0.40483736120978914,0.40581269859457425,0.3932797439187799,0.4223213121030271,82894.421,292.7234609913986,-0.416919482256702,0.33984305403420517,108.7578964023672,0.017861463489049805,92.40821735740245,98.21188421315141,4.834431867976025,5.059235754398535,1.350515451260186,5.547247492554756,1.3253858200370081
2035-05-01,Kabale,17455.652201526806,0.9086567073077686,19.0,0.0,1.0,0.0186623533181755,1.0000305189751728,2.000030518975173,-1.242,29.9856,-1.0,30.00000000000001,0.0051238955760722765,0.0018570233235498544,-0.002869410314527924,287.698113096144,1.0,0.00018833949564646881,293.05051810809704,293.62172014709085,293.628930976497,293.6537683724714,293.6080226944188,0.41035046044618656,0.4124957480305567,0.4029886554403099,0.42477785935259665,82894.421,292.5369033085876,-0.5694352819390905,0.5816893654106046,115.55077383253764,0.02742109573361301,103.5568327474021,99.25289495934187,5.334629063158214,5.5837418600484385,1.8098981886329542,5.756408817454031,1.759299040133459
2035-06-01,Kabale,17455.652201526806,0.9086567073077686,19.0,0.0,1.0,0.0186623533181755,1.0000305189751728,2.000030518975173,-1.242,29.9856,-1.0,30.00000000000001,0.00460052036510565,0.001978496871602892,-0.0027674167547816508,287.3177398603386,1.0,0.00016953878903145704,292.86176198859977,293.41776320696795,293.43853621674907,293.50576043451287,293.5833011018564,0.39761827229954266,0.4019884426802438,0.4013298740292342,0.42772812735004356,82894.421,292.4744111442183,-0.5896343164440742,0.7084920375798087,92.6016656331281,0.17164260378527887,105.55463457126092,97.22247611740026,4.41139182076996,4.439578206440117,1.7484545873927582,5.48973430167635,1.754156494823276
2035-07-01,Kabale,17455.652201526806,0.9086567073077686,19.0,0.0,1.0,0.0186623533181755,1.0000305189751728,2.000030518975173,-1.242,29.9856,-1.0,30.00000000000001,0.0032750898692270615,0.0015831110333753243,-0.002656786359063333,286.3429001220531,1.0,0.00013074635201086823,292.8915055162857,293.40125906652383,293.39933297342554,293.43449870362025,293.5107648807411,0.3681308778799722,0.3752126149221387,0.38340880048467524,0.4265924931660101,82894.421,292.5843601797442,-0.5939558779694721,0.7439330645719334,62.88784295224671,0.02862812942936066,91.55407457698658,92.62473010034586,2.986647803924804,3.1379214910097506,1.0377021831829076,4.720080932879998,1.0236983022308184
2035-08-01,Kabale,17455.652201526806,0.9086567073077686,19.0,0.0,1.0,0.0186623533181755,1.0000305189751728,2.000030518975173,-1.242,29.9856,-1.0,30.00000000000001,0.0029050187168647335,0.0011141582566321718,-0.002564987449486176,285.7473882619728,1.0,0.00011492084549924384,293.0665235314896,293.5536102745413,293.53016369542553,293.5054205653459,293.4788584857302,0.35213482721803585,0.35693604374122634,0.36084514244280474,0.4202781677520151,82894.421,292.6914242854282,-0.5367194671118506,0.6565531497675917,48.0493788445821,-0.23009873615958978,68.25801387716254,87.09546217254616,2.0580371237620634,2.4290366314038034,0.530584922632971,4.12522706650254,0.5436955780426139
2035-09-01,Kabale,17455.652201526806,0.9086567073077686,19.0,0.0,1.0,0.0186623533181755,1.0000305189751728,2.000030518975173,-1.242,29.9856,-1.0,30.00000000000001,0.0033584158401595288,0.000936383158353548,-0.0025760309793854664,285.9628476009214,1.0,0.00012657162898869708,293.1895031533427,293.695371495815,293.6590634340896,293.6072892293019,293.4997134481448,0.36192504149341254,0.3632182252868772,0.3554965638079588,0.4137877234105911,82894.421,292.6512195201338,-0.5452370451618181,0.572024994155889,64.40457451183579,-0.49978006091834476,57.41155224919736,82.6336765378111,2.782987102293706,2.907915573748049,0.5550146197520053,4.245206238379797,0.515126387451215
2035-10-01,Kabale,17455.652201526806,0.9086567073077686,19.0,0.0,1.0,0.0186623533181755,1.0000305189751728,2.000030518975173,-1.242,29.9856,-1.0,30.00000000000001,0.004718495466236553,0.001225836492984005,-0.0026460747528588477,286.75666539180514,1.0,0.0001574434447692177,293.09831001458923,293.6519271543844,293.64014026501354,293.63685235253405,293.54903623827636,0.391506439175115,0.38873582513601773,0.36937331038234955,0.41081433122997346,82894.421,292.4542406599278,-0.48259939852869155,0.44510343435146127,90.03399809266902,-0.29031697087275804,65.77161007976659,79.55759998459679,4.047855438023336,3.760208950179141,1.0894169462220935,4.928925291653015,1.0783914134314176
2035-11-01,Kabale,17455.652201526806,0.9086567073077686,19.0,0.0,1.0,0.0186623533181755,1.0000305189751728,2.000030518975173,-1.242,29.9856,-1.0,30.00000000000001,0.005504624085365471,0.0015955535265772874,-0.00270677030297496,287.3308116503283,1.0,0.00018342815808229687,292.8374697464813,293.4280466596303,293.44287501209374,293.5093915621494,293.54864696359886,0.4126060871073614,0.41230911626756733,0.3945435723596687,0.41422625649620265,82894.421,292.19472903782497,-0.43935735584683794,0.34186357698478864,107.80368799959719,-0.16520798175301252,86.69050142291474,78.35283908957479,4.928077326445284,4.433100978680903,1.620175323419077,5.645416832145391,1.5621534669004296
2035-12-01,Kabale,17455.652201526806,0.9086567073077686,19.0,0.0,1.0,0.0186623533181755,1.0000305189751728,2.000030518975173,-1.242,29.9856,-1.0,30.00000000000001,0.005547714547235819,0.0018973439630137624,-0.0027612667217848247,287.4692741953666,1.0,0.000197924856728613,292.6593770264897,293.2548330567567,293.2738695920272,293.35573428816923,293.48120028453883,0.41964201894460124,0.42154999542690524,0.4127788840422568,0.42189598020006597,82894.421,292.066240170936,-0.3627196682343148,0.2313123099510921,105.02460693156452,-0.020853118035044183,101.47514537611211,80.54620483811605,4.862592900630964,4.225362473472164,1.8471322746683132,6.026655624990976,1.8298280478589923
2036-01-01,Kabale,17455.652201526806,0.9086567073077686,19.0,0.0,1.0,0.0186623533181755,1.0000305189751728,2.000030518975173,-1.242,29.9856,-1.0,30.00000000000001,0.004744485667157595,0.0018010179757087805,-0.002808178081292323,287.36550421099815,1.0,0.0001917412109229161,292.69557761758654,293.2651879935312,293.2643366900805,293.30195447706615,293.3953064277188,0.4163852281544109,0.41874310518841945,0.41419613875870365,0.42828075665978976,82894.421,292.15745598731627,-0.2789393749077263,0.1301381014022943,91.56089022345937,-0.019861671133641633,102.76740430537235,85.37336282862519,4.273569989526639,3.3002978718775524,1.4981494175193732,6.004761140306317,1.4649200068410597
2036-02-01,Kabale,17455.652201526806,0.9086567073077686,19.0,0.0,1.0,0.0186623533181755,1.0000305189751728,2.000030518975173,-1.242,29.9856,-1.0,30.00000000000001,0.003998713158286359,0.0015361257213880482,-0.002857328948647119,287.1502069829907,1.0,0.00017356988025291745,293.00529351351526,293.5429020695397,293.50848552799664,293.444788753515,293.3703201255997,0.40568324391285343,0.4068528856740478,0.4020492480754845,0.4289886916401407,82894.421,292.4958387836022,-0.23392767874735565,0.08261624456984201,81.71716980513358,0.011127399004983766,94.06180365060645,91.03358772348649,3.7989354489530576,2.807202911451823,1.0175555504862008,5.668929459609093,1.0321758989327388
2036-03-01,Kabale,17455.652201526806,0.9086567073077686,19.0,0.0,1.0,0.0186623533181755,1.0000305189751728,2.000030518975173,-1.242,29.9856,-1.0,30.00000000000001,0.004116107760342974,0.001304515310212983,-0.0028855646035554025,287.25109955530144,1.0,0.0001665375856772115,293.2875984328617,293.8193090159199,293.7773877297663,293.6657606879372,293.440130511688,0.4031333566301493,0.4030967515933515,0.39065583627743816,0.42536707274990365,82894.421,292.7584900261407,-0.27949702998691645,0.15741391676504538,90.96610545825816,-0.12993326725418733,89.36907985104398,95.34176018661235,4.248833520263108,3.6805931804442493,0.8381809490196632,5.447727876772295,0.8280818923967531
2036-04-01,Kabale,17455.652201526806,0.9086567073077686,19.0,0.0,1.0,0.0186623533181755,1.0000305189751728,2.000030518975173,-1.242,29.9856,-1.0,30.00000000000001,0.005047934250138608,0.0015256447198120735,-0.0028756242118444762,287.62635528471213,1.0,0.0001823637732805702,293.3071023782556,293.86101689890455,293.83905450012844,293.76367327716326,293.55035733350337,0.4091632276496347,0.4095915903639027,0.39659450944797187,0.42338732140208357,82894.421,292.7387495789155,-0.42300937985926196,0.3520365199597664,109.01129802799585,-0.2582774892143543,95.2555563031716,98.32157219256355,5.099480588937364,5.045229553072375,1.3614870306543867,5.583880644532449,1.3604576909593973
2036-05-01,Kabale,17455.652201526806,0.9086567073077686,19.0,0.0,1.0,0.0186623533181755,1.0000305189751728,2.000030518975173,-1.242,29.9856,-1.0,30.00000000000001,0.00530993076766124,0.0019873277821305245,-0.0028539159343311366,287.7990166914794,1.0,0.00018936213339645764,293.0938005854184,293.661160117787,293.6667274650927,293.68058927446305,293.61113021840157,0.41294748052844804,0.415073418003403,0.406964617534366,0.42646792817403645,82894.421,292.5781462196383,-0.5599103625764368,0.5732578680842711,114.81182245688933,-0.4189516260613342,105.65042520411261,99.26735749577266,5.2306566567612265,5.593416448202934,1.8868968388731713,5.788095034032903,1.9119144174143117
2036-06-01,Kabale,17455.652201526806,0.9086567073077686,19.0,0.0,1.0,0.0186623533181755,1.0000305189751728,2.000030518975173,-1.242,29.9856,-1.0,30.00000000000001,0.0043008472357244365,0.0019582291441668483,-0.0027354322312275214,287.1759763941406,1.0,0.00016599423656216163,292.85986103003455,293.40968492145186,293.43034333426044,293.51132634297716,293.5909793647949,0.3919671246953667,0.39914939111144604,0.40193597384937196,0.4285644076819195,82894.421,292.47989477144057,-0.6508793357221175,0.7440334842187708,91.90517903382363,-0.20859502468026206,104.2924452822179,97.05562719370612,3.998100997995356,4.481330445082345,1.7224765137137694,5.459912887622749,1.6945863316352412
2036-07-01,Kabale,17455.652201526806,0.9086567073077686,19.0,0.0,1.0,0.0186623533181755,1.0000305189751728,2.000030518975173,-1.242,29.9856,-1.0,30.00000000000001,0.0029920410376981163,0.001551805720900196,-0.00262841748995757,286.194005417555,1.0,0.00012891834338432556,292.88169201220256,293.3931660019534,293.392805986403,293.43432535062624,293.5213317154711,0.3630463118608091,0.36991668398299554,0.3786318531608876,0.42660921347447217,82894.421,292.5698519459167,-0.6068076410701676,0.7490722362708694,62.37511019191884,-0.12667217740934747,87.44883701424827,92.41257429583679,2.714005235620957,3.1829080961252187,1.035332839204633,4.686474865487778,1.0031016290181027
2036-08-01,Kabale,17455.652201526806,0.9086567073077686,19.0,0.0,1.0,0.0186623533181755,1.0000305189751728,2.000030518975173,-1.242,29.9856,-1.0,30.00000000000001,0.002762160358939182,0.000977083203946629,-0.0025402793500000002,285.7247535461809,1.0,0.00011555343632989307,293.0224451727096,293.5155631770684,293.49645094745097,293.48361729151907,293.4816180121106,0.3530942044958332,0.35662878734847614,0.3560868198135638,0.41893220956003924,82894.421,292.6487303815116,-0.5397210734399797,0.65551313453577,48.6829939676087,-0.08521838973180358,66.16913000480757,87.11206336566704,2.3149243786910367,2.433189275629268,0.45410939867116423,4.135263914031963,0.38198206543326146
2036-09-01,Kabale,17455.652201526806,0.9086567073077686,19.0,0.0,1.0,0.0186623533181755,1.0000305189751728,2.000030518975173,-1.242,29.9856,-1.0,30.00000000000001,0.0037633183742073607,0.000981004647915567,-0.002562706916995813,286.0701696802758,1.0,0.00013108363396990784,293.1796578575149,293.6870238102788,293.6539446566356,293.59129079506494,293.49430725426333,0.3682508636720259,0.3668238841838766,0.35672567933710875,0.4127781939040582,82894.421,292.6337542315153,-0.46551846782814127,0.5157620525466984,64.77552392454844,-0.19741751655021136,58.95899133221013,82.76951021181202,3.11743903824305,2.858416172330666,0.6118664917980071,4.28421671770428,0.603090644151683
2036-10-01,Kabale,17455.652201526806,0.9086567073077686,19.0,0.0,1.0,0.0186623533181755,1.0000305189751728,2.000030518975173,-1.242,29.9856,-1.0,30.00000000000001,0.004846490691880674,0.0012380814215226944,-0.002626291242864338,286.8122967776084,1.0,0.0001581322840078128,293.1247520390716,293.6693317305508,293.6614069745392,293.6353641769574,293.5403034084382,0.3942943658459818,0.39261064261851325,0.37409041649368807,0.4114891169120683,82894.421,292.4936422120209,-0.4636240444188327,0.42431520072103085,89.8920632232197,-0.22256574181354108,69.11048926342535,79.37905895241919,4.1718793497666296,3.707756692576581,1.078668852520878,4.974018562317961,1.0584175050265368
2036-11-01,Kabale,17455.652201526806,0.9086567073077686,19.0,0.0,1.0,0.0186623533181755,1.0000305189751728,2.000030518975173,-1.242,29.9856,-1.0,30.00000000000001,0.005598594064306086,0.0017044652311022093,-0.002675570524701524,287.3239391557724,1.0,0.0001826015261293491,292.88619074008164,293.4711034494001,293.4885492341166,293.53510042792374,293.5493407562305,0.41105184025035585,0.4123001683050193,0.39904824398816197,0.41627217257485266,82894.421,292.225413869987,-0.4336327732537426,0.34349729843721394,107.99985731945236,-0.06958343422029062,88.27639577534865,78.14719855651786,4.8596467534941965,4.4269017349900315,1.6904736916971057,5.6692710090264455,1.7120723228551447
2036-12-01,Kabale,17455.652201526806,0.9086567073077686,19.0,0.0,1.0,0.0186623533181755,1.0000305189751728,2.000030518975173,-1.242,29.9856,-1.0,30.00000000000001,0.005379625485850216,0.0018971011677312837,-0.002732770932931911,287.5002612454069,1.0,0.00019781024931914904,292.667309454812,293.2634832832742,293.29017992137835,293.37715280327797,293.4921377617832,0.4188952602955003,0.421290893981553,0.41226476488345193,0.42361579970126745,82894.421,292.0590698787906,-0.39661242990551737,0.24434910779582678,105.73657174317013,0.03104284364952529,100.47879875746277,80.47901180722418,4.6898591956499684,4.238702975638026,1.8354425054386994,6.066110560271821,1.810302115650756
2037-01-01,Kabale,17455.652201526806,0.9086567073077686,19.0,0.0,1.0,0.0186623533181755,1.0000305189751728,2.000030518975173,-1.242,29.9856,-1.0,30.00000000000001,0.004638342232818456,0.0018037077050013343,-0.0027800849617729815,287.311133395102,1.0,0.0001917592615009038,292.6658448353657,293.246540695663,293.25065480870677,293.3062432465601,293.4067292076673,0.41430818074357356,0.4170029180947019,0.41172591624737837,0.428297547810863,82894.421,292.12110744870694,-0.294896801256233,0.13190875407328953,92.27121769912377,0.107045425699554,100.53804724253673,85.4559588159329,4.058314588987344,3.336501524338026,1.5313009043618822,6.0238435499527805,1.4905449897598213
2037-02-01,Kabale,17455.652201526806,0.9086567073077686,19.0,0.0,1.0,0.0186623533181755,1.0000305189751728,2.000030518975173,-1.242,29.9856,-1.0,30.00000000000001,0.003828478864434179,0.0014404482952149623,-0.0028327521437151986,287.0568418127086,1.0,0.00017415338751995368,292.96333000258284,293.50168689036445,293.46662462906596,293.41842455759024,293.37004036543203,0.4040642290836458,0.40536024854029057,0.39874868709249583,0.42781118682835234,82894.421,292.4667939699133,-0.23187138894437329,0.06737857527773732,82.02071199907014,-0.015027634798342146,92.12561283023041,91.03120668064673,3.684913080194106,2.815588469780257,0.975549955039983,5.677833273004514,0.8872612977269929
2037-03-01,Kabale,17455.652201526806,0.9086567073077686,19.0,0.0,1.0,0.0186623533181755,1.0000305189751728,2.000030518975173,-1.242,29.9856,-1.0,30.00000000000001,0.004030350193043397,0.001273451898162505,-0.0028625322074334815,287.13401931231346,1.0,0.00016696057819182709,293.24992890133603,293.780986113131,293.72892572858444,293.6342887240328,293.4353049628169,0.40173388391667864,0.4018870654818533,0.39003026184689654,0.4244267581453416,82894.421,292.73681755574995,-0.25301347902283555,0.13057364398832882,91.22214569274196,-0.22552149139313338,88.1075285330307,95.12332175171734,4.221328593709831,3.6800150581084856,0.8327038651679853,5.4555990395997,0.7711806261947723
2037-04-01,Kabale,17455.652201526806,0.9086567073077686,19.0,0.0,1.0,0.0186623533181755,1.0000305189751728,2.000030518975173,-1.242,29.9856,-1.0,30.00000000000001,0.0049408198222247535,0.0015151196380323976,-0.002849181791373821,287.53055893208534,1.0,0.00018280509054262217,293.2889851537588,293.8349818133752,293.7996855834604,293.73693942714044,293.5434956934967,0.4085342497590041,0.4088122275163575,0.3955289770910424,0.4230686110379063,82894.421,292.733177913889,-0.39826377034514665,0.32603193412581594,108.92675705599017,-0.3304306052500961,94.12234614633654,98.1850456123557,5.045766924837474,5.050134911123114,1.3676559664379198,5.575201247047482,1.3278426424304135
2037-05-01,Kabale,17455.652201526806,0.9086567073077686,19.0,0.0,1.0,0.0186623533181755,1.0000305189751728,2.000030518975173,-1.242,29.9856,-1.0,30.00000000000001,0.0052398070873955005,0.001963516000581863,-0.0028245326481141073,287.76444816865154,1.0,0.0001900399648634442,293.0875559350721,293.6547003167887,293.6531374633206,293.67735275104513,293.6114872241419,0.4128358351059082,0.4148254993085887,0.4059389175408281,0.42624283564399024,82894.421,292.5683288083599,-0.5605124895456308,0.5692113166569815,114.9854782885616,-0.3011747029748128,105.05113277899223,99.30394662532969,5.265543543325309,5.608626088803813,1.8656915458127372,5.786656285260001,1.8648994232065519
2037-06-01,Kabale,17455.652201526806,0.9086567073077686,19.0,0.0,1.0,0.0186623533181755,1.0000305189751728,2.000030518975173,-1.242,29.9856,-1.0,30.00000000000001,0.004388016318674101,0.001977501702611024,-0.002715124609169625,287.21781838474163,1.0,0.00016813622982097577,292.86522312314264,293.4127211044193,293.43539736483694,293.51251885337723,293.5907901697724,0.3946480711197884,0.4007300795909899,0.40236442985800797,0.4285407206001654,82894.421,292.4831601021413,-0.6270031376341177,0.7272598796208692,91.86188432956622,-0.3485255638024048,104.88324279814219,97.3087026939799,4.1245387419340105,4.50531335348727,1.7409217035292783,5.480176010685246,1.7132491338534852
2037-07-01,Kabale,17455.652201526806,0.9086567073077686,19.0,0.0,1.0,0.0186623533181755,1.0000305189751728,2.000030518975173,-1.242,29.9856,-1.0,30.00000000000001,0.003072294089134896,0.0015676119500827276,-0.00261757667051969,286.2391349443207,1.0,0.00013053657310472933,292.8874398046817,293.3926084928124,293.39918640628326,293.4385634450236,293.5194765918589,0.3656216055942027,0.3727569997533504,0.3805838880366888,0.4268095102724079,82894.421,292.57858662223333,-0.5988384969595453,0.7447804504937875,62.01523408505563,-0.26260159171350245,89.07269121949452,92.61624143069072,2.80195400428715,3.1796687016311522,1.0339467006344238,4.711374861870289,1.004659451763837
2037-08-01,Kabale,17455.652201526806,0.9086567073077686,19.0,0.0,1.0,0.0186623533181755,1.0000305189751728,2.000030518975173,-1.242,29.9856,-1.0,30.00000000000001,0.0027996057757452655,0.0010227122758927336,-0.0025402793500000002,285.7235565609542,1.0,0.00011616682024027818,293.03867685534425,293.5251956779441,293.513084894261,293.49370174598727,293.4798436694266,0.3537311527744382,0.3575642432108212,0.3583252821602812,0.41963858436365437,82894.421,292.6681831900733,-0.5344527443006979,0.6523793818039899,48.11051745141358,-0.2688820608174385,67.0523354016981,87.19663004854702,2.230220632431909,2.43082957474857,0.48319776545873167,4.145913167585647,0.42121880049449073
2037-09-01,Kabale,17455.652201526806,0.9086567073077686,19.0,0.0,1.0,0.0186623533181755,1.0000305189751728,2.000030518975173,-1.242,29.9856,-1.0,30.00000000000001,0.0036147056905433705,0.0009738442476099531,-0.002557508149530316,286.0296783583082,1.0,0.0001303102184519011,293.18728578455983,293.6875917240755,293.6610641716943,293.6013316329068,293.4942954761015,0.3670164545637215,0.36639936222183556,0.3567832333246333,0.4134227569893601,82894.421,292.6463307938972,-0.4880584295202138,0.5299941171071875,64.30785789364195,-0.10011220291400663,58.52561187439576,82.80175391507841,3.018353824040444,2.8638501382151182,0.593405676853061,4.284497415698791,0.5687278160886359
2037-10-01,Kabale,17455.652201526806,0.9086567073077686,19.0,0.0,1.0,0.0186623533181755,1.0000305189751728,2.000030518975173,-1.242,29.9856,-1.0,30.00000000000001,0.004792154733768167,0.0012421520558572204,-0.002612369833917861,286.78442024037366,1.0,0.00015867709404742526,293.11913555331563,293.66546854210657,293.6555553737374,293.644360618465,293.5404183577357,0.39412395891025814,0.3917967782912939,0.3733693945193645,0.41157199982244785,82894.421,292.48691867881865,-0.46851026401086915,0.4258736618364838,89.79081273895063,-0.35097529458357873,68.25271110722234,79.52714273957821,4.123564180985013,3.720572524349155,1.0921415909307635,4.965279686243935,1.0593701396970432
2037-11-01,Kabale,17455.652201526806,0.9086567073077686,19.0,0.0,1.0,0.0186623533181755,1.0000305189751728,2.000030518975173,-1.242,29.9856,-1.0,30.00000000000001,0.005554593182602277,0.001670625097490993,-0.002654543595296799,287.31915669449194,1.0,0.00018327463760365583,292.87309859210495,293.45905961719103,293.47474709920436,293.5322259197025,293.5472195546918,0.4120690522692396,0.4128695364012673,0.3980083654352918,0.4158071884697092,82894.421,292.22101521499764,-0.4344269022286524,0.3390000131116937,107.69747458883832,-0.40348707426069796,87.77710400118143,78.268944352492,4.866813702433308,4.41259309847709,1.6768270009513904,5.670934552925199,1.6587529989786691
2037-12-01,Kabale,17455.652201526806,0.9086567073077686,19.0,0.0,1.0,0.0186623533181755,1.0000305189751728,2.000030518975173,-1.242,29.9856,-1.0,30.00000000000001,0.005421423472148721,0.00189441037934001,-0.002709088546500211,287.485756867992,1.0,0.00019777693525564982,292.66702898237526,293.26244306980954,293.28762036325816,293.3739122805891,293.48550973909795,0.41960894692012957,0.4220546222741222,0.4126931441575652,0.42338016810817264,82894.421,292.065072469041,-0.38361266721602094,0.2368681606591109,105.13056000149567,-0.4154965654968385,100.88882232416388,80.55635708747221,4.733417459418443,4.233811979050597,1.8417488033114315,6.064866485537131,1.8085192457599313
2038-01-01,Kabale,17455.652201526806,0.9086567073077686,19.0,0.0,1.0,0.0186623533181755,1.0000305189751728,2.000030518975173,-1.242,29.9856,-1.0,30.00000000000001,0.004650722664122089,0.001800937222501485,-0.0027578052309085803,287.3358207870232,1.0,0.0001916662757367278,292.68203816492377,293.2543754772467,293.2631700133075,293.3043564735311,293.4029300458864,0.4153208233040507,0.4182580010784957,0.412916336782532,0.4286138346889247,82894.421,292.1352181517995,-0.2871722159923252,0.12754351724225135,91.81787328533096,-0.1540543567927499,101.19285484641678,85.55169518032083,4.1338219035693164,3.327783659685912,1.5086251534563597,6.028300341894936,1.4897384499607123
2038-02-01,Kabale,17455.652201526806,0.9086567073077686,19.0,0.0,1.0,0.0186623533181755,1.0000305189751728,2.000030518975173,-1.242,29.9856,-1.0,30.00000000000001,0.0038698740258902406,0.0014725391648657672,-0.0028078509726134886,287.0898975237995,1.0,0.00017417265218549563,292.982630261867,293.51534311438155,293.48655901728284,293.4297345930277,293.36896363455475,0.40480815251312907,0.40655807825251555,0.4004700208417791,0.4285581544912032,82894.421,292.47953380081213,-0.23088868568737123,0.06847599094134149,81.8185454368132,-0.15185522673569746,92.6440613301425,91.16853806044882,3.7375660327739753,2.8251896268550483,0.9814807743973702,5.680377774578872,0.9403675839848148
2038-03-01,Kabale,17455.652201526806,0.9086567073077686,19.0,0.0,1.0,0.0186623533181755,1.0000305189751728,2.000030518975173,-1.242,29.9856,-1.0,30.00000000000001,0.003996362071502636,0.001285104449000409,-0.0028397328720838684,287.1365682874671,1.0,0.00016732858982282175,293.24985148619226,293.7773603898238,293.7335495369849,293.63989246315526,293.43819197705176,0.4014962276884646,0.40221980915599825,0.39102827299739235,0.42487458574945053,82894.421,292.73359974884926,-0.2619709786639006,0.13058720309804892,91.30024700605748,-0.426214230381959,87.74717390374605,95.3658173469467,4.1791417716843355,3.6803365496186125,0.8272708311365932,5.464478172205321,0.783651436030311
2038-04-01,Kabale,17455.652201526806,0.9086567073077686,19.0,0.0,1.0,0.0186623533181755,1.0000305189751728,2.000030518975173,-1.242,29.9856,-1.0,30.00000000000001,0.004843209452448528,0.0015113305792643285,-0.00282491417818375,287.477927227248,1.0,0.00018220821860892743,293.2831953336468,293.82931201186636,293.80193243579635,293.7385081900399,293.5464900654552,0.40677191308224847,0.4083041192124078,0.39483095737533125,0.4232605116560184,82894.421,292.73453957330105,-0.40644586464968,0.32519078298637516,109.0215472562888,-0.5209320198090316,93.28240122191613,98.25105871255455,4.958696691330268,5.056493969028851,1.3709234788705604,5.585274263043523,1.3195922587142883
2038-05-01,Kabale,17455.652201526806,0.9086567073077686,19.0,0.0,1.0,0.0186623533181755,1.0000305189751728,2.000030518975173,-1.242,29.9856,-1.0,30.00000000000001,0.005151497948240403,0.0019214459159552666,-0.0028015039615265857,287.71459581770864,1.0,0.0001896908873284266,293.0759994863247,293.63954525726234,293.6415758524404,293.6688701139517,293.61106095430404,0.41175500474302823,0.414584062636806,0.4046387954449117,0.4261719303887778,82894.421,292.56012477590093,-0.5623044523600907,0.5659854287120688,115.50468423650712,-0.3899919084573626,104.54564723991423,99.36170697309613,5.320149920770892,5.598991518870684,1.8463467173290884,5.805667949512153,1.7969050187425022
2038-06-01,Kabale,17455.652201526806,0.9086567073077686,19.0,0.0,1.0,0.0186623533181755,1.0000305189751728,2.000030518975173,-1.242,29.9856,-1.0,30.00000000000001,0.0044673226376798015,0.001981395247424271,-0.0026978483113224774,287.2524824275543,1.0,0.00016938073266635728,292.8694841800539,293.4159981524031,293.43427351740587,293.5107092469087,293.58744131281384,0.39647846037351037,0.40236783241224033,0.40171243965670356,0.42882607481006874,82894.421,292.48145678546604,-0.6048235539142462,0.7094326885232531,92.42365808180523,-0.05511928765430371,105.39330861467006,97.35767563082442,4.278844023050471,4.467263959926039,1.755343752090319,5.514277667359798,1.731810115644396
2038-07-01,Kabale,17455.652201526806,0.9086567073077686,19.0,0.0,1.0,0.0186623533181755,1.0000305189751728,2.000030518975173,-1.242,29.9856,-1.0,30.00000000000001,0.003157359370717191,0.0015820434603253275,-0.0026090886364266825,286.2794288186014,1.0,0.00013105768050874933,292.89625101514235,293.4007864612283,293.39647180890597,293.44206824918837,293.51483576193124,0.3671798754824331,0.3746292321817612,0.38202862105701335,0.4273555158784503,82894.421,292.57954976704184,-0.5908373241379827,0.734201218138805,62.623251250263934,-0.09011200476361769,90.23180875168809,92.68554010649547,2.9029342602513672,3.163000285544926,1.0353608267370726,4.741483855395764,1.0209402007155914
2038-08-01,Kabale,17455.652201526806,0.9086567073077686,19.0,0.0,1.0,0.0186623533181755,1.0000305189751728,2.000030518975173,-1.242,29.9856,-1.0,30.00000000000001,0.0028524166129170483,0.0010789222226450926,-0.0025402793500000002,285.73324598169097,1.0,0.000115873092224754,293.0581300068772,293.5439963533559,293.5234768246633,293.5050984171544,293.48066306154766,0.35336823756035446,0.3577797110832243,0.3596395744835969,0.42056553875236374,82894.421,292.67695825996003,-0.5324169359504201,0.6452847639503961,48.25997919955325,-0.05375596283332415,67.42640195735818,87.11040509707556,2.1406405863459006,2.444625899346382,0.5031852511242755,4.150264075700803,0.49436975415992923
2038-09-01,Kabale,17455.652201526806,0.9086567073077686,19.0,0.0,1.0,0.0186623533181755,1.0000305189751728,2.000030518975173,-1.242,29.9856,-1.0,30.00000000000001,0.0034985208041140733,0.0009674818766541395,-0.0025500422426352498,285.995674416079,1.0,0.0001289381453675108,293.19433190151653,293.69787420224765,293.66694585966826,293.6091716845601,293.499743733097,0.3649021218546032,0.3652052492749462,0.35669290269110276,0.4142961379383279,82894.421,292.64955611345493,-0.5136412406649478,0.5415623541400728,64.8307279774473,-0.2208876499595901,57.841183549913865,82.57124447697315,2.8839711522923666,2.9146138155462773,0.5759210860072199,4.278824887479343,0.5414766082041255
2038-10-01,Kabale,17455.652201526806,0.9086567073077686,19.0,0.0,1.0,0.0186623533181755,1.0000305189751728,2.000030518975173,-1.242,29.9856,-1.0,30.00000000000001,0.004749665187957907,0.0012394696697586682,-0.0025964762366685354,286.7693451386661,1.0,0.00015863645594105602,293.11257051002394,293.6632370300336,293.6565720984243,293.64276373324304,293.5478926151273,0.39340267488798714,0.39083176936275704,0.37203026816171053,0.41185202715982233,82894.421,292.4726023789979,-0.47283961241454125,0.4269505859648184,90.1319911190039,-0.02856007324544547,66.88793619550295,79.36070999809873,4.083508372203412,3.764392299423664,1.100656052550051,4.972774868760113,1.0627567958402004
2038-11-01,Kabale,17455.652201526806,0.9086567073077686,19.0,0.0,1.0,0.0186623533181755,1.0000305189751728,2.000030518975173,-1.242,29.9856,-1.0,30.00000000000001,0.005515534764976705,0.0016372102440289239,-0.0026297636591791854,287.3214500623726,1.0,0.000184065323718692,292.85772912871226,293.4465417658148,293.465840170677,293.5241051652783,293.54841275078957,0.41320873590549434,0.41321368858513785,0.39698508213003936,0.4157148217592157,82894.421,292.2110552858709,-0.4318216231571778,0.332063705072184,107.82836082813287,0.07783448749913437,87.26122827896681,78.17069229499765,4.897685469301468,4.457847622808948,1.6666409578514525,5.691406347857716,1.6154147168165671
2038-12-01,Kabale,17455.652201526806,0.9086567073077686,19.0,0.0,1.0,0.0186623533181755,1.0000305189751728,2.000030518975173,-1.242,29.9856,-1.0,30.00000000000001,0.005467552870367878,0.0018958974729599263,-0.002685836627230563,287.4705191838836,1.0,0.0001983798721364811,292.6655702624705,293.2600652016133,293.283356479388,293.3681999232847,293.4838911476539,0.4208551738499983,0.4227279621024261,0.4132848093864408,0.42324754475062365,82894.421,292.0648805916082,-0.367044521659101,0.22348443382574948,104.92178350345364,0.08085183853690714,101.25032431278355,80.46385779780206,4.796257140663253,4.255392481524048,1.8629615961023338,6.077704740423872,1.8300102817121522
2039-01-01,Kabale,17455.652201526806,0.9086567073077686,19.0,0.0,1.0,0.0186623533181755,1.0000305189751728,2.000030518975173,-1.242,29.9856,-1.0,30.00000000000001,0.0046984475598198195,0.0018119307521996045,-0.0027343276700040908,287.3441476904316,1.0,0.0001922192493276132,292.6905562512258,293.25866546143584,293.26548889073564,293.3089395708409,293.3992772271127,0.4169691675526368,0.41933730330424374,0.4139499394714011,0.4290307145609867,82894.421,292.14752484362566,-0.27631688262896886,0.11702392766174359,91.7184728581816,0.05526662121365491,102.0888276651375,85.43866114846259,4.198932202145841,3.3312138388441874,1.5151373952507097,6.0515650419873195,1.482699296117195
2039-02-01,Kabale,17455.652201526806,0.9086567073077686,19.0,0.0,1.0,0.0186623533181755,1.0000305189751728,2.000030518975173,-1.242,29.9856,-1.0,30.00000000000001,0.00394698000538831,0.0015148679321259938,-0.0027837406684624116,287.12069934483753,1.0,0.00017431244028734175,292.99872983064455,293.5283753560955,293.49824935242066,293.4415230634156,293.3712305223772,0.4062967798626264,0.40740964525737206,0.4018301769231491,0.4292017329529905,82894.421,292.4883788726412,-0.22609339269026374,0.06417509639970688,82.10727672753853,-0.2671606180319934,93.48096699287508,91.04904325599797,3.7675710344494937,2.8247870596463045,0.9966402986784914,5.714783552770785,0.9881062536963608
2039-03-01,Kabale,17455.652201526806,0.9086567073077686,19.0,0.0,1.0,0.0186623533181755,1.0000305189751728,2.000030518975173,-1.242,29.9856,-1.0,30.00000000000001,0.0039987512016031014,0.0012982044910245906,-0.002812082552831102,287.14381084406887,1.0,0.00016695443138501723,293.2454117180205,293.76841803422303,293.7334827660923,293.64282123462067,293.4389705461837,0.4019172791719215,0.40250052693734517,0.39152131913402743,0.4252439834289721,82894.421,292.73035695022276,-0.26535145796552256,0.12939032408980672,91.33396189477476,-0.3247242445285393,87.85328775853488,95.37339897144028,4.089220567608049,3.7010162634602035,0.8185201773397536,5.495474674485705,0.7799241247111599
2039-04-01,Kabale,17455.652201526806,0.9086567073077686,19.0,0.0,1.0,0.0186623533181755,1.0000305189751728,2.000030518975173,-1.242,29.9856,-1.0,30.00000000000001,0.004766471195318987,0.0015146538381731588,-0.002795609251181661,287.4457434353439,1.0,0.0001813066122325204,293.27992112304656,293.8254074377449,293.8018362071607,293.73940438432777,293.54491427252316,0.40573105838176815,0.4070074953341731,0.3942612404823225,0.4234325521699205,82894.421,292.7299058222952,-0.4086208327353402,0.32330890487529945,108.64483753226266,-0.5274455783377657,92.52198340839834,98.2956860018334,4.825059330134997,5.069316395790012,1.3569090206991687,5.601924026601456,1.3195320268265718
2039-05-01,Kabale,17455.652201526806,0.9086567073077686,19.0,0.0,1.0,0.0186623533181755,1.0000305189751728,2.000030518975173,-1.242,29.9856,-1.0,30.00000000000001,0.005081059117045248,0.001889342150805668,-0.0027708572332852607,287.6867598497181,1.0,0.00018959291499883084,293.06465466353535,293.6291645533986,293.6347926015521,293.6619487776195,293.6053967663682,0.4112402004225924,0.41395075885003535,0.40380331827080235,0.4258004921183904,82894.421,292.54300136325287,-0.5615364833515926,0.5662576372726832,115.39905774779898,-0.3490015684349494,103.69649476238158,99.4491199088256,5.333695116626392,5.592295341423555,1.8297957014844466,5.818497426541307,1.7500306518424233
2039-06-01,Kabale,17455.652201526806,0.9086567073077686,19.0,0.0,1.0,0.0186623533181755,1.0000305189751728,2.000030518975173,-1.242,29.9856,-1.0,30.00000000000001,0.0045639599092970285,0.0020086073990939392,-0.0026766794882299425,287.31343464766763,1.0,0.00017107185783003676,292.8767724413371,293.42631864206487,293.4448907615157,293.5131406930562,293.584246520476,0.39870283973153015,0.4035352687005341,0.4020670828028023,0.428719566426804,82894.421,292.47666588102317,-0.5833984516870706,0.6946239575267921,92.44586436276751,-0.14359823565649465,105.69692052682854,97.32990560712078,4.414065231167779,4.468597564741638,1.7693988004512333,5.553566633375044,1.748147265464074
2039-07-01,Kabale,17455.652201526806,0.9086567073077686,19.0,0.0,1.0,0.0186623533181755,1.0000305189751728,2.000030518975173,-1.242,29.9856,-1.0,30.00000000000001,0.0032426346915833304,0.001602885853687573,-0.0025982277530725703,286.32728425520463,1.0,0.0001321216854257106,292.90565988203826,293.40703372060096,293.4084633383278,293.4434475690457,293.51526740995706,0.36945560562453256,0.3766949694716491,0.38386570175347146,0.4274146852652761,82894.421,292.5877026854279,-0.5874662019139967,0.7300159575338027,62.56550895189494,-0.13371044261706866,91.82444124067166,92.6984128597663,3.0018136344717252,3.158971633642641,1.0587665716942096,4.784437285820627,1.004670683604932
2039-08-01,Kabale,17455.652201526806,0.9086567073077686,19.0,0.0,1.0,0.0186623533181755,1.0000305189751728,2.000030518975173,-1.242,29.9856,-1.0,30.00000000000001,0.0028932479233660636,0.0011245348040414733,-0.0025402793500000002,285.7373214735235,1.0,0.00011581500092441365,293.0809915319042,293.5574482383455,293.53907973701956,293.5127049681152,293.4837749359804,0.3533645599745486,0.35830003819635853,0.36117846256073727,0.42127214824759746,82894.421,292.6932123971984,-0.5292744344394115,0.64206261546334,47.88019689081856,-0.30810954669897944,68.5226083735812,87.19216507881163,2.0545742679009287,2.4423074288000834,0.5463130065190187,4.181872525857485,0.5226070046756903
2039-09-01,Kabale,17455.652201526806,0.9086567073077686,19.0,0.0,1.0,0.0186623533181755,1.0000305189751728,2.000030518975173,-1.242,29.9856,-1.0,30.00000000000001,0.003350724660166436,0.0009480130323689476,-0.002542008643410787,285.95161409790177,1.0,0.0001276938144465537,293.2055609035317,293.6980276759313,293.6691279601481,293.61343641332866,293.50369997648187,0.3631307476380143,0.3643411339638016,0.35595020993993964,0.4148952259269631,82894.421,292.65759997983633,-0.5355604610955197,0.5557269084667426,64.71419833451723,-0.34884963705718564,57.47163926383687,82.72995736980745,2.766503252105895,2.9081490068841753,0.5778792475029427,4.28789575062686,0.4981818048497288
2039-10-01,Kabale,17455.652201526806,0.9086567073077686,19.0,0.0,1.0,0.0186623533181755,1.0000305189751728,2.000030518975173,-1.242,29.9856,-1.0,30.00000000000001,0.004720119633914016,0.001227311927574357,-0.0025802795794151977,286.7539106077434,1.0,0.0001585765606691884,293.1142361580152,293.65560619230513,293.64926049820093,293.6442868571965,293.5522613143408,0.39261987343434757,0.39017956973473716,0.37014252012933757,0.41197097681995487,82894.421,292.4594849760981,-0.4729947261597786,0.42761096372759616,90.49735786055282,-0.37286013870609086,65.84447094922771,79.61434621931245,4.033931257181686,3.7786068680992315,1.1197749295241473,4.967947326947066,1.070054487038396
2039-11-01,Kabale,17455.652201526806,0.9086567073077686,19.0,0.0,1.0,0.0186623533181755,1.0000305189751728,2.000030518975173,-1.242,29.9856,-1.0,30.00000000000001,0.005489568217952589,0.0016070062478046737,-0.002607693412816818,287.3266061610594,1.0,0.00018467034129151543,292.85100975206046,293.43423375665066,293.45103692907514,293.5191022316838,293.54919802759827,0.41393242395703006,0.4137296054874686,0.39531222260383836,0.41532282256432324,82894.421,292.2044324768785,-0.4273605466472768,0.3250869127461835,107.89497782342998,-0.39175833177576824,86.7075128186491,78.36259134000764,4.924048810689707,4.466817729755983,1.6431333616253572,5.695075640262133,1.5655266344874532
2039-12-01,Kabale,17455.652201526806,0.9086567073077686,19.0,0.0,1.0,0.0186623533181755,1.0000305189751728,2.000030518975173,-1.242,29.9856,-1.0,30.00000000000001,0.005522888166155202,0.001906549702858343,-0.0026658002959182026,287.4666048379467,1.0,0.00019886147513637417,292.67288321575626,293.25739210158594,293.2810069037591,293.3651211589882,293.47801077982587,0.42120617705172164,0.423156658173967,0.41369563605660814,0.4229710350098532,82894.421,292.0715477866752,-0.349212809204394,0.21216120755595458,104.8606182567148,-0.37802552631297587,101.66599725993755,80.62616246805356,4.868357905919093,4.246807290102761,1.8634500522269908,6.086807376933066,1.84062835174082
2040-01-01,Kabale,17455.652201526806,0.9086567073077686,19.0,0.0,1.0,0.0186623533181755,1.0000305189751728,2.000030518975173,-1.242,29.9856,-1.0,30.00000000000001,0.004718165426863621,0.001817381187108759,-0.0027126556545791908,287.36785789641976,1.0,0.00019281364722043806,292.7038127909427,293.2662812032364,293.2733547889225,293.30857331663094,293.3930304299019,0.41753664548942676,0.42038559653641316,0.4150403505812328,0.42928360718228875,82894.421,292.1609291093879,-0.2652650244396246,0.1107458122224349,91.4491908635692,-0.19803447752627182,102.79378999816247,85.51528219354377,4.279500127919788,3.313305360201063,1.5026480701751501,6.06837032660681,1.4721796843604784
2040-02-01,Kabale,17455.652201526806,0.9086567073077686,19.0,0.0,1.0,0.0186623533181755,1.0000305189751728,2.000030518975173,-1.242,29.9856,-1.0,30.00000000000001,0.0039716438361492214,0.0015406124272071985,-0.00275997091069187,287.15589219029397,1.0,0.00017498862636135292,293.0105872121208,293.54292736797316,293.51151533845945,293.45031908753054,293.3704129153115,0.4069498738714619,0.4083749293880152,0.40290516650795877,0.4301365098085295,82894.421,292.5006901290298,-0.22447620676265667,0.061181966572902834,81.90839296011916,-0.022893650648821328,93.91721191925517,91.08875325103952,3.8085632745071085,2.805179740313788,1.0282683103545656,5.726938804474312,1.0271215697823057
2040-03-01,Kabale,17455.652201526806,0.9086567073077686,19.0,0.0,1.0,0.0186623533181755,1.0000305189751728,2.000030518975173,-1.242,29.9856,-1.0,30.00000000000001,0.004096315298211496,0.0013090402820804864,-0.002785352478228177,287.2539141915231,1.0,0.0001680210456358707,293.2909062384387,293.8202949245593,293.77920630001745,293.67484499948415,293.4439961735502,0.40446967511098886,0.4045165751285878,0.39157739805780084,0.42629893813427344,82894.421,292.7679137605742,-0.2730805122801956,0.14083929084555757,91.40577722786402,0.005467251195960972,89.34597666652314,95.4019600954989,4.261879578053141,3.6740865491828707,0.8418252265261191,5.506390255157847,0.8143069191431822
2040-04-01,Kabale,17455.652201526806,0.9086567073077686,19.0,0.0,1.0,0.0186623533181755,1.0000305189751728,2.000030518975173,-1.242,29.9856,-1.0,30.00000000000001,0.0050220932455533685,0.0015391134308683984,-0.0027753731207021104,287.63019485242927,1.0,0.0001838350026344595,293.31248651390297,293.8660850321093,293.83880780724195,293.77209372602033,293.5551376091371,0.4108151320031532,0.41083675830813277,0.39754028978007233,0.4244410228810714,82894.421,292.74955914434094,-0.41716098203196594,0.3336147141812608,109.22712140513654,-0.08508486518398556,95.27509443030323,98.29690287335359,5.116495634700214,5.048993563054253,1.3738347015707761,5.6362624992914006,1.3487014337605483
2040-05-01,Kabale,17455.652201526806,0.9086567073077686,19.0,0.0,1.0,0.0186623533181755,1.0000305189751728,2.000030518975173,-1.242,29.9856,-1.0,30.00000000000001,0.005293018848779955,0.002002259384239091,-0.0027549261767906923,287.806264959104,1.0,0.00019074428571523672,293.1011074904813,293.6652404078957,293.67372549179714,293.68998730835784,293.61601332863717,0.4144810242497779,0.41636186923855895,0.4079065361138123,0.42743088045302086,82894.421,292.58452698733885,-0.5529702864333225,0.5526417250552661,114.75313888768824,-0.2552562939964036,106.00931709268298,99.3184163438234,5.254423428695733,5.590220163385855,1.8944142403596764,5.847925545832934,1.908540066130685
2040-06-01,Kabale,17455.652201526806,0.9086567073077686,19.0,0.0,1.0,0.0186623533181755,1.0000305189751728,2.000030518975173,-1.242,29.9856,-1.0,30.00000000000001,0.004262613849095064,0.0019781947845636133,-0.002669708432742214,287.17543176529466,1.0,0.00016719005209586953,292.86960965529124,293.41640925806547,293.4355483241615,293.5173223836627,293.59310337760263,0.39339992027137693,0.4003765370305548,0.4027034853491305,0.42967385587214535,82894.421,292.4850625881529,-0.6449509285989202,0.7225384393385167,91.33924111266087,-0.19055718657512144,104.59034810073227,97.2828280130603,4.011341518238297,4.502472951386257,1.7333139351287992,5.51578560945195,1.690183914472278
2040-07-01,Kabale,17455.652201526806,0.9086567073077686,19.0,0.0,1.0,0.0186623533181755,1.0000305189751728,2.000030518975173,-1.242,29.9856,-1.0,30.00000000000001,0.0029486978400014977,0.0015635260382862854,-0.0025945614956028812,286.1874570848539,1.0,0.00013016816358863258,292.8939795806829,293.39492264308836,293.3987132919173,293.44062370615916,293.51992364373456,0.3646718743665976,0.3714576340367781,0.3794789953810409,0.4276621157626848,82894.421,292.57952041044564,-0.6036074987037702,0.7308466087875723,62.02960599464958,-0.060608267797885494,87.56618768683255,92.65416888989243,2.7201686525235043,3.2159037023710266,1.0433229906012322,4.74778910994504,0.9970351213020253
2040-08-01,Kabale,17455.652201526806,0.9086567073077686,19.0,0.0,1.0,0.0186623533181755,1.0000305189751728,2.000030518975173,-1.242,29.9856,-1.0,30.00000000000001,0.0027132044835773005,0.0009943103212521752,-0.0025402793500000002,285.71401573627054,1.0,0.000116801415022971,293.035607298769,293.51937590279834,293.50425214837065,293.48996826894296,293.4821953426011,0.3548978175557835,0.3582157907971321,0.3570168816476372,0.4199908988815317,82894.421,292.6640870764843,-0.5380200920502903,0.6398371137713926,48.741009741029906,0.09727511360246727,66.1493097807358,87.36132958225414,2.3140307236732838,2.487515770283082,0.4605850688461654,4.190861794702787,0.37449127574948243
2040-09-01,Kabale,17455.652201526806,0.9086567073077686,19.0,0.0,1.0,0.0186623533181755,1.0000305189751728,2.000030518975173,-1.242,29.9856,-1.0,30.00000000000001,0.003725174259412333,0.0009996141584974218,-0.0025402793500000002,286.07054393850694,1.0,0.00013244879896218554,293.19495298425807,293.6895973707074,293.660392270162,293.5998434658947,293.4962534949452,0.3699902110675528,0.3683946547427695,0.3575265424760791,0.4137382018487911,82894.421,292.65197811504595,-0.4626219253893626,0.5012679927248221,65.13714878815126,-0.05221232148005897,58.99844510832393,82.82029677681118,3.1478243715280936,2.902961826247658,0.6212539454676619,4.3316690669331015,0.5978860841524273
2040-10-01,Kabale,17455.652201526806,0.9086567073077686,19.0,0.0,1.0,0.0186623533181755,1.0000305189751728,2.000030518975173,-1.242,29.9856,-1.0,30.00000000000001,0.004816099844538363,0.0012621979057811366,-0.0025683560211425894,286.8080622995187,1.0,0.00015944217268833478,293.14216829341404,293.6775120030893,293.66600768457636,293.64640381009696,293.54289087454873,0.3956325473555579,0.3938297881589911,0.3751101981556959,0.4125931113371799,82894.421,292.50557990762576,-0.45827261125962887,0.4102949344946563,90.00471902627162,-0.17477115052571243,69.27936703264942,79.4048416230031,4.199702613314676,3.73048252544281,1.0786363060468496,5.004283183827766,1.0467299921079876
2040-11-01,Kabale,17455.652201526806,0.9086567073077686,19.0,0.0,1.0,0.0186623533181755,1.0000305189751728,2.000030518975173,-1.242,29.9856,-1.0,30.00000000000001,0.005560464426772001,0.0017262523561940777,-0.002585585044897964,287.3165866108704,1.0,0.00018377136987639554,292.9025648139179,293.4759834768351,293.4876506595747,293.54266778515347,293.5497165385388,0.4122023152101912,0.41339452301837487,0.40008359890766615,0.4173603173014336,82894.421,292.23703042832943,-0.42716479768065563,0.3279651109567053,107.81427945029459,-0.2398398714183538,88.35701497041315,78.13995071752389,4.887384834961985,4.4721754869483386,1.6982124748707428,5.692055713181598,1.6939748931992114
2040-12-01,Kabale,17455.652201526806,0.9086567073077686,19.0,0.0,1.0,0.0186623533181755,1.0000305189751728,2.000030518975173,-1.242,29.9856,-1.0,30.00000000000001,0.005345356614940817,0.0019135694952508236,-0.002632830186928949,287.485310595687,1.0,0.00019871389333044076,292.67925767366256,293.2687951437667,293.29468919386596,293.38412172873376,293.4930989784726,0.42056198108923853,0.4225114080165295,0.41333511731932965,0.4246726572240787,82894.421,292.0697603056831,-0.3916036396731358,0.2250344334798289,105.2511445151204,-0.43392734948254974,100.56780798390717,80.47241454044986,4.6931313661913325,4.296162300493334,1.8387284590360624,6.091613125534301,1.7903034935252389
2041-01-01,Kabale,17455.652201526806,0.9086567073077686,19.0,0.0,1.0,0.0186623533181755,1.0000305189751728,2.000030518975173,-1.242,29.9856,-1.0,30.00000000000001,0.004615791954229648,0.001816349954009042,-0.0026824021650670355,287.2927295370815,1.0,0.00019270298610050136,292.6797923917107,293.24685348776893,293.2586421393963,293.31101264957374,293.4100330892201,0.41625189959601633,0.41832915427714695,0.41254790011741377,0.4292383478868196,82894.421,292.1317852375896,-0.28893899759706826,0.11254616262700341,91.94323184963419,-0.42914718748753344,100.63706994257531,85.59754323071297,4.065838417538978,3.400133642023594,1.5372464156970267,6.064191272059694,1.4981174801915171
2041-02-01,Kabale,17455.652201526806,0.9086567073077686,19.0,0.0,1.0,0.0186623533181755,1.0000305189751728,2.000030518975173,-1.242,29.9856,-1.0,30.00000000000001,0.003802421452316023,0.0014524177297768955,-0.002733746052338318,287.04810732968167,1.0,0.00017509152121097767,292.97536256879255,293.5046676839347,293.47684203753755,293.4254152808803,293.3728060098869,0.40598423531834027,0.40685790705139385,0.3996856718112573,0.4287541508073544,82894.421,292.4728082371028,-0.22421364356748982,0.047019068318115635,81.78474288866597,-0.404968663444796,92.16063089966201,91.21194930894272,3.698337683216953,2.8573965267855606,0.9903341511156771,5.723252098496047,0.900528223930735
2041-03-01,Kabale,17455.652201526806,0.9086567073077686,19.0,0.0,1.0,0.0186623533181755,1.0000305189751728,2.000030518975173,-1.242,29.9856,-1.0,30.00000000000001,0.003997018364970504,0.0012828647181313377,-0.0027654434930138587,287.1231048308446,1.0,0.0001680674775903201,293.26367002836747,293.77973216645427,293.73937109847196,293.6380324597483,293.43875654484606,0.40325287842939234,0.40340626422778775,0.3912965473972547,0.4256384652876597,82894.421,292.74002130632203,-0.24282998899265715,0.11328109669730647,91.28664924519721,-0.25000113091525483,88.11357793546809,95.29214917662644,4.239142687887209,3.7194201486157126,0.8334625680375524,5.520365051534655,0.7883710108498896
2041-04-01,Kabale,17455.652201526806,0.9086567073077686,19.0,0.0,1.0,0.0186623533181755,1.0000305189751728,2.000030518975173,-1.242,29.9856,-1.0,30.00000000000001,0.00488724570913134,0.001523022457449775,-0.0027548722151568422,287.53307014299645,1.0,0.00018363331979934697,293.2969953050087,293.83555123707964,293.80703398286505,293.7430122802452,293.54485868525506,0.40995403642833694,0.4102288248173455,0.396713582871196,0.4243928261095267,82894.421,292.7351776691249,-0.3908022945760082,0.30793814308242146,109.22868712356859,-0.2716343747602195,94.38583243116317,98.19553857869244,5.063940530733027,5.085966921943956,1.3636371488175005,5.648117217313014,1.3272375862690433
2041-05-01,Kabale,17455.652201526806,0.9086567073077686,19.0,0.0,1.0,0.0186623533181755,1.0000305189751728,2.000030518975173,-1.242,29.9856,-1.0,30.00000000000001,0.005200523392749751,0.0019701000709854816,-0.002731559486413831,287.75995021722946,1.0,0.00019088162797193718,293.09707873058977,293.6530177540555,293.6605403412718,293.68166231605557,293.6132227484979,0.4139724528935806,0.41614898903138103,0.40681743326621983,0.4276149238736342,82894.421,292.57086384046085,-0.55381926151315,0.552529681436082,115.43531156267746,-0.45804546690508835,105.39750147458913,99.1365875306919,5.263544316734978,5.6200830849009265,1.8464660302627973,5.857974138911672,1.8619423909473234
2041-06-01,Kabale,17455.652201526806,0.9086567073077686,19.0,0.0,1.0,0.0186623533181755,1.0000305189751728,2.000030518975173,-1.242,29.9856,-1.0,30.00000000000001,0.004348244161434243,0.001997600533894021,-0.002652616903707305,287.2191059496974,1.0,0.00016896547868712507,292.87553764731985,293.41774400222823,293.4413945259581,293.5226894980345,293.59043898040903,0.39542434500363227,0.4021261945581361,0.4028310400134241,0.4298353657707285,82894.421,292.48177045651056,-0.6219666022933978,0.70744785295944,92.1246668018892,-0.42486120629564744,105.13443006240003,97.25984792519762,4.126241083929632,4.499599846232328,1.734386505744564,5.544251120804421,1.7128856878637482
2041-07-01,Kabale,17455.652201526806,0.9086567073077686,19.0,0.0,1.0,0.0186623533181755,1.0000305189751728,2.000030518975173,-1.242,29.9856,-1.0,30.00000000000001,0.003035866393980265,0.0015912087666752391,-0.002585539532283646,286.2340393058524,1.0,0.00013130419036903214,292.89923199794833,293.4003961085941,293.4086288429798,293.4462091583946,293.5202941144497,0.3663415485495287,0.37393694915275616,0.38143882979709726,0.42803948198390235,82894.421,292.57831494290843,-0.5934172208168716,0.7222374666333552,62.08027348926117,-0.337577830952048,89.14768262065915,92.5298333512838,2.7990299742729534,3.2036957272958055,1.0293403288019791,4.762477761312207,1.0095433382524828
2041-08-01,Kabale,17455.652201526806,0.9086567073077686,19.0,0.0,1.0,0.0186623533181755,1.0000305189751728,2.000030518975173,-1.242,29.9856,-1.0,30.00000000000001,0.002765439212691515,0.001042992393233854,-0.0025402793500000002,285.72176748000703,1.0,0.00011674008188195082,293.0517250066645,293.53557882326606,293.5209904060785,293.50360970597586,293.4810604235102,0.3545248295734125,0.3585912679026535,0.3588732015558655,0.42077118966445964,82894.421,292.6717042605872,-0.5311981650482122,0.6323716636533449,48.024757503250775,-0.330019699621305,67.05731980834217,87.23549571927208,2.2254043755880377,2.481011026828528,0.4852912113472812,4.199877740533126,0.4242876443676749
2041-09-01,Kabale,17455.652201526806,0.9086567073077686,19.0,0.0,1.0,0.0186623533181755,1.0000305189751728,2.000030518975173,-1.242,29.9856,-1.0,30.00000000000001,0.0036005440118526363,0.0009827173856863213,-0.0025402793500000002,286.02957937628,1.0,0.0001309989849399873,293.1997099435835,293.6966462787421,293.6654496748951,293.60920324197826,293.49741703103746,0.36783298744676635,0.36735978107596895,0.3574106991040558,0.414528895603317,82894.421,292.6548468164511,-0.4831256079644694,0.5133976245822466,64.55644755712588,-0.4197568277279213,58.48266367682248,82.81438563264474,2.99953865100861,2.9227369157521106,0.5987994505268106,4.333747817424391,0.5514060334325471
2041-10-01,Kabale,17455.652201526806,0.9086567073077686,19.0,0.0,1.0,0.0186623533181755,1.0000305189751728,2.000030518975173,-1.242,29.9856,-1.0,30.00000000000001,0.0047831393881342795,0.001253458131618634,-0.002560786327694475,286.7880475797721,1.0,0.00015916252252639256,293.12991398522274,293.6746692679729,293.6607417332448,293.65084795976605,293.54555972547456,0.39488036444581104,0.39297378927481413,0.3737284679796904,0.41257484969118385,82894.421,292.4953409143162,-0.46231873322915584,0.4105255242242598,90.02777624589852,-0.39090655394912394,67.66300098822796,79.56970552935975,4.117576760022708,3.7628772816486538,1.0976439258808932,5.02317116435998,1.0450648979975001
2041-11-01,Kabale,17455.652201526806,0.9086567073077686,19.0,0.0,1.0,0.0186623533181755,1.0000305189751728,2.000030518975173,-1.242,29.9856,-1.0,30.00000000000001,0.005538018065711571,0.0016985314847622352,-0.0025700681368560478,287.32175833146397,1.0,0.00018432425367377763,292.8835096973119,293.46454825001166,293.47673244088077,293.53743857478463,293.55131039545523,0.413190340120487,0.4139850162936443,0.3990114288467181,0.4168300554698658,82894.421,292.2280938836681,-0.42623330030552137,0.32171100232136995,107.8759085852591,-0.3130283266383224,87.33364707177624,78.27226031547914,4.870435698105372,4.472274267029892,1.678861166558491,5.721594407359621,1.6494559589804734
2041-12-01,Kabale,17455.652201526806,0.9086567073077686,19.0,0.0,1.0,0.0186623533181755,1.0000305189751728,2.000030518975173,-1.242,29.9856,-1.0,30.00000000000001,0.005403217237159686,0.0019246636223481303,-0.00261141283245511,287.48328727852214,1.0,0.00019932210367684295,292.6740601569802,293.2679610112948,293.2904600253606,293.3768429702832,293.4884583165352,0.4212060138515999,0.4231185819042796,0.4140399894537996,0.42435781741556977,82894.421,292.07120792284985,-0.37599713449919353,0.2167370615870732,105.38157011032456,-0.33407267130815194,100.40606797799715,80.43185793846365,4.741264726559284,4.274901529228151,1.850983952387897,6.114057995613849,1.8193943405522337
2042-01-01,Kabale,17455.652201526806,0.9086567073077686,19.0,0.0,1.0,0.0186623533181755,1.0000305189751728,2.000030518975173,-1.242,29.9856,-1.0,30.00000000000001,0.004641121295554632,0.0018254477956825492,-0.002662380218880095,287.3257523705139,1.0,0.00019322256744637857,292.69018318366204,293.2558425726682,293.2647223901065,293.3117333997414,293.40382899705827,0.4171651497451543,0.41925570847266114,0.4140678260179578,0.4297377676440675,82894.421,292.1432361355998,-0.27786930904214424,0.10955296312331457,92.2165256195242,-0.4806396881805756,101.1204099535665,85.55415475599112,4.135740423928791,3.3642724183539685,1.525856273907398,6.0797474308625175,1.4805142161899865
2042-02-01,Kabale,17455.652201526806,0.9086567073077686,19.0,0.0,1.0,0.0186623533181755,1.0000305189751728,2.000030518975173,-1.242,29.9856,-1.0,30.00000000000001,0.0038490713906578658,0.0014873346566091812,-0.002712964974034566,287.08801224348355,1.0,0.00017554924397138348,292.9875820278695,293.5194247921285,293.49433621619255,293.439137168474,293.3699578548887,0.4068963471720887,0.4074571575442565,0.4012068721072058,0.42972099480798454,82894.421,292.4872555353964,-0.22190625849959122,0.0483198754505187,82.26538467376622,-0.28416664415429177,92.72024886539582,91.27011992491926,3.739158633225358,2.8625282512536327,0.9964211669575945,5.739103121983088,0.925516008625275
2042-03-01,Kabale,17455.652201526806,0.9086567073077686,19.0,0.0,1.0,0.0186623533181755,1.0000305189751728,2.000030518975173,-1.242,29.9856,-1.0,30.00000000000001,0.003962569513587534,0.001292161779485508,-0.0027393491932036526,287.1379562671704,1.0,0.0001682009550444982,293.2574659386707,293.7799940922095,293.74625898192295,293.64962925638815,293.4395342569505,0.4035865387470247,0.4033973782953804,0.39162776765743595,0.42609031924026386,82894.421,292.74371348664226,-0.25193404497441974,0.11266654707316891,91.39337779008586,-0.17983807838483923,87.84028587831632,95.62666575323958,4.180342802595997,3.7489866870493347,0.8233853549032064,5.526315705331214,0.7628112504300653
2042-04-01,Kabale,17455.652201526806,0.9086567073077686,19.0,0.0,1.0,0.0186623533181755,1.0000305189751728,2.000030518975173,-1.242,29.9856,-1.0,30.00000000000001,0.004796417424773664,0.001519879646551109,-0.00272513782573726,287.491779911959,1.0,0.00018340735836335466,293.28969328247416,293.8329070905166,293.81163918972675,293.74881176920655,293.54675759915943,0.4086807334652472,0.40895010478494004,0.39555702913389745,0.4243374150766197,82894.421,292.7408515626383,-0.3969477381981344,0.3054918826069676,108.79394531811737,-0.2649406715470317,93.59072673558119,98.44973472449668,4.957181253780224,5.134073920705162,1.3620444303024204,5.642074107270726,1.3113791415221139
2042-05-01,Kabale,17455.652201526806,0.9086567073077686,19.0,0.0,1.0,0.0186623533181755,1.0000305189751728,2.000030518975173,-1.242,29.9856,-1.0,30.00000000000001,0.005124094129680884,0.0019243090502665185,-0.002700296826008662,287.7246312938527,1.0,0.00019084270600534963,293.08442986519987,293.6436064278186,293.6547668239518,293.67906804092934,293.61361649301915,0.4132303905354909,0.4154228306620962,0.40572358082752585,0.42718567920792855,82894.421,292.5634951468971,-0.5540661456438727,0.5491075635530346,115.30201605277342,-0.41732155676273264,104.62164565058579,99.42087316093937,5.311441464811376,5.656000932961983,1.8323577666700839,5.864652972850526,1.8000667506863117
2042-06-01,Kabale,17455.652201526806,0.9086567073077686,19.0,0.0,1.0,0.0186623533181755,1.0000305189751728,2.000030518975173,-1.242,29.9856,-1.0,30.00000000000001,0.004441811717599756,0.0019880690142628043,-0.0026325679112405138,287.2613617325148,1.0,0.00017049610532741285,292.876561029902,293.4219863634452,293.44694606784793,293.52422394700807,293.5887618515042,0.39773326373335377,0.40296185897758713,0.40303978649266736,0.429834890392559,82894.421,292.48154149838126,-0.5981676430333842,0.6929160512862843,92.19037968377496,-0.30174902093436723,105.6666941376106,97.28894804809669,4.265307629297921,4.5155057478922975,1.7559691412453444,5.573179281865134,1.7360141621477956
2042-07-01,Kabale,17455.652201526806,0.9086567073077686,19.0,0.0,1.0,0.0186623533181755,1.0000305189751728,2.000030518975173,-1.242,29.9856,-1.0,30.00000000000001,0.0031315553502863154,0.0015861600122579079,-0.002575304914587446,286.2763828265675,1.0,0.00013224877689009353,292.90323699182665,293.4079518380482,293.41323974011414,293.4519452680693,293.51796171769786,0.3687967705766663,0.37567520436498075,0.38375867581963385,0.4283703565960184,82894.421,292.58413256121304,-0.5869339521503983,0.718786630568545,62.288872842710624,-0.08340291058079352,90.36454014991598,92.65055970738746,2.890358909456135,3.178748990616454,1.042523772453502,4.800332284209584,1.005514329520148
2042-08-01,Kabale,17455.652201526806,0.9086567073077686,19.0,0.0,1.0,0.0186623533181755,1.0000305189751728,2.000030518975173,-1.242,29.9856,-1.0,30.00000000000001,0.0028163956489770693,0.0010837624824717239,-0.0025402793500000002,285.71990809394623,1.0,0.00011698036654903801,293.0671957644419,293.55268848890813,293.5353501620231,293.5149620723192,293.4807901545132,0.35475803520736804,0.3588611002113735,0.36109577339246496,0.42154689481436547,82894.421,292.68322806615305,-0.5258160065103192,0.629615043712042,47.719958203385744,-0.1899103766363038,67.66265304258003,87.20850186109459,2.137587348490321,2.43870669331779,0.5090560490801118,4.212136565026339,0.4647951589132029
2042-09-01,Kabale,17455.652201526806,0.9086567073077686,19.0,0.0,1.0,0.0186623533181755,1.0000305189751728,2.000030518975173,-1.242,29.9856,-1.0,30.00000000000001,0.0034519175687125537,0.0009684284371275003,-0.0025402793500000002,285.98274627158116,1.0,0.0001302183843890899,293.2059541826107,293.70391862151246,293.671151502878,293.61526282248656,293.4999885949359,0.3663974342785956,0.3664807873569132,0.35763794407803284,0.4152207269421912,82894.421,292.65555323701807,-0.5052806080722093,0.5239257518762717,64.26650690074925,-0.43062156214588665,57.85055511588515,82.75322439680127,2.8926632526419396,2.8968393843386124,0.576289780354127,4.335036669498257,0.5042743587139032
2042-10-01,Kabale,17455.652201526806,0.9086567073077686,19.0,0.0,1.0,0.0186623533181755,1.0000305189751728,2.000030518975173,-1.242,29.9856,-1.0,30.00000000000001,0.004709151223085256,0.0012479029653550012,-0.0025516817926198644,286.7565272407924,1.0,0.00015966131576122217,293.1273774218698,293.668997934995,293.6579371968077,293.65086563192375,293.5475340421304,0.3944169940155931,0.392463302758464,0.372326975716232,0.4128373300027106,82894.421,292.4765864839611,-0.46329286063559083,0.4088352346100638,90.07442995802818,-0.6766486678737195,66.81246028528372,79.61325205736011,4.088050226987567,3.758048702847468,1.0866278805297755,5.016112625130064,1.0371596466531825
2042-11-01,Kabale,17455.652201526806,0.9086567073077686,19.0,0.0,1.0,0.0186623533181755,1.0000305189751728,2.000030518975173,-1.242,29.9856,-1.0,30.00000000000001,0.00548977000657789,0.00165269442276012,-0.0025548987043437135,287.312505262304,1.0,0.00018498973631443657,292.8735232469365,293.45206046376717,293.4639993609662,293.53093500673356,293.55053008251053,0.41439296183931895,0.414893970816057,0.39736958861026733,0.41665737737864356,82894.421,292.21679580232177,-0.42486989076944043,0.3146802763504057,107.71974766631024,-0.5095577487386654,87.06468565218239,78.32512152888403,4.907883466137449,4.473947810915211,1.652399555698998,5.733477723088435,1.5995364924761748
2042-12-01,Kabale,17455.652201526806,0.9086567073077686,19.0,0.0,1.0,0.0186623533181755,1.0000305189751728,2.000030518975173,-1.242,29.9856,-1.0,30.00000000000001,0.005452681564201876,0.0019150271558158727,-0.0025885935476119663,287.45986029769534,1.0,0.00019910072547244637,292.68155178473035,293.26681212785303,293.28762781136464,293.3737225862936,293.4851008654745,0.4216857324648633,0.42425869065870575,0.4140157192206629,0.4241977649581792,82894.421,292.0745443555373,-0.3623101471628139,0.20832347265427506,104.96721922626523,-0.4930574556633615,101.06818603402594,80.56925499226732,4.811699643480188,4.2836054486335895,1.8577778433121128,6.122663257790761,1.8213279935643412
2043-01-01,Kabale,17455.652201526806,0.9086567073077686,19.0,0.0,1.0,0.0186623533181755,1.0000305189751728,2.000030518975173,-1.242,29.9856,-1.0,30.00000000000001,0.004680476570477657,0.0018289972252594012,-0.0026410647161621216,287.33554840067103,1.0,0.0001931244288328679,292.70270173768455,293.26552034716093,293.2737988783512,293.3115658374351,293.39873889314794,0.4177916660277418,0.4205820253868436,0.41468742415628707,0.4299371194386333,82894.421,292.1582888106559,-0.27062973404948804,0.10249350106751287,91.55766015361117,-0.24738726463490615,101.87473109179592,85.47161462953291,4.2187551600668725,3.375759586131236,1.5366479688484438,6.107264015578046,1.4844394531972396
2043-02-01,Kabale,17455.652201526806,0.9086567073077686,19.0,0.0,1.0,0.0186623533181755,1.0000305189751728,2.000030518975173,-1.242,29.9856,-1.0,30.00000000000001,0.00391135553163425,0.0015314524582583494,-0.002689701247535653,287.11395826449535,1.0,0.00017536283249389118,293.00536375581197,293.53336042918704,293.5115637025513,293.445784133334,293.3695719222831,0.4069777619944195,0.4085865385233469,0.4024218740087746,0.43043487820239706,82894.421,292.4974375751169,-0.2191512233375795,0.04829274347032222,81.94803833001859,-0.2679140407092728,93.27053489786378,91.20646024704222,3.7741735486634185,2.8719935387509694,1.0497234498512251,5.766742957400257,0.9921889289505809
2043-03-01,Kabale,17455.652201526806,0.9086567073077686,19.0,0.0,1.0,0.0186623533181755,1.0000305189751728,2.000030518975173,-1.242,29.9856,-1.0,30.00000000000001,0.003959774705622784,0.0013183709415223593,-0.0027171777457585824,287.1345093761388,1.0,0.00016809675745833635,293.2550268514296,293.77722691979636,293.7494249894125,293.64848545092957,293.44052569776716,0.403147908820401,0.4035336853017962,0.39173624220461506,0.4265880700937696,82894.421,292.7371910779175,-0.260331584740179,0.11108246840931164,91.43644645922507,-0.30184121052624086,87.87970699670825,95.48753204368893,4.084034154656806,3.753424446691015,0.8632509243426604,5.553617420376082,0.7860598864440199
2043-04-01,Kabale,17455.652201526806,0.9086567073077686,19.0,0.0,1.0,0.0186623533181755,1.0000305189751728,2.000030518975173,-1.242,29.9856,-1.0,30.00000000000001,0.004724668287250698,0.0015254841900127342,-0.002699784422389485,287.436548312408,1.0,0.000182228576415591,293.29183685695267,293.8328021122668,293.8108593798103,293.74530044382317,293.54764217590855,0.40718082054094085,0.4080186310962642,0.3947750098144855,0.4247798005713396,82894.421,292.74161876974745,-0.40445765435053777,0.3047637067988702,108.51401187288779,-0.44346334934435877,92.70679864809695,98.46781071846554,4.816777261209611,5.1331130053876555,1.3861798332901811,5.654656409866054,1.3212695119693991
2043-05-01,Kabale,17455.652201526806,0.9086567073077686,19.0,0.0,1.0,0.0186623533181755,1.0000305189751728,2.000030518975173,-1.242,29.9856,-1.0,30.00000000000001,0.005033521384153612,0.001897114789196008,-0.002672136597991122,287.67589026525064,1.0,0.00019067661442635078,293.07268002037137,293.6363158651521,293.6413019566169,293.6658480802812,293.607498922883,0.4128349234319526,0.4150268322224106,0.40435853031864827,0.42710608078686807,82894.421,292.5571687677737,-0.5566368329677301,0.546760385875249,115.22809279818564,-0.23591327898536507,103.87579245536426,99.57791704865588,5.328256203802453,5.644470945465947,1.8333736006179695,5.868994162618613,1.7462623597035474
2043-06-01,Kabale,17455.652201526806,0.9086567073077686,19.0,0.0,1.0,0.0186623533181755,1.0000305189751728,2.000030518975173,-1.242,29.9856,-1.0,30.00000000000001,0.004524653502938503,0.0020107925882400755,-0.0026109652564999405,287.30571138458646,1.0,0.0001721412951437209,292.8826003976745,293.4288885999584,293.44556162687905,293.5194506416512,293.58493085596996,0.40003651959858555,0.4044310428509787,0.40302916541406714,0.4299143680737388,82894.421,292.4916329668101,-0.5756169734733972,0.675646567004304,91.97550212015419,0.028650589661997638,105.69811173703594,97.60387001950427,4.408987744328676,4.476016575260151,1.7760235455915117,5.595772270918474,1.7539726145773047
2043-07-01,Kabale,17455.652201526806,0.9086567073077686,19.0,0.0,1.0,0.0186623533181755,1.0000305189751728,2.000030518975173,-1.242,29.9856,-1.0,30.00000000000001,0.0032010232287635297,0.0016151011038972483,-0.002564484968699018,286.3193911836559,1.0,0.00013365629492761213,292.9114531937361,293.41308105720697,293.41284795885156,293.4487951143213,293.51745135178385,0.37060710014762116,0.37762512208833426,0.384883815261796,0.4287136727727703,82894.421,292.59395116642065,-0.57910450588449,0.7103991651359841,62.438050487010564,0.21596525453269522,91.52998881508783,92.86442327833528,3.009828107723211,3.1467211864971767,1.0587945811637827,4.828083031883327,1.0207874046002279
2043-08-01,Kabale,17455.652201526806,0.9086567073077686,19.0,0.0,1.0,0.0186623533181755,1.0000305189751728,2.000030518975173,-1.242,29.9856,-1.0,30.00000000000001,0.0028473653754360795,0.0011342216780738763,-0.0025402793500000002,285.7360980938704,1.0,0.00011703387625686293,293.08986607151684,293.5657293937338,293.5428248773768,293.51876776351565,293.48691440303986,0.3546598336840939,0.3591899002657634,0.3623428098661144,0.42237330945320256,82894.421,292.6965599720526,-0.5226627887817475,0.6224591861548295,47.800827341181865,-0.11828612423247875,68.19649818928438,87.24167889935207,2.065205282046675,2.447232888887238,0.5450895681541962,4.225596354313872,0.543469769172996
2043-09-01,Kabale,17455.652201526806,0.9086567073077686,19.0,0.0,1.0,0.0186623533181755,1.0000305189751728,2.000030518975173,-1.242,29.9856,-1.0,30.00000000000001,0.003296407516655938,0.000953883380018976,-0.0025402793500000002,285.9465872433355,1.0,0.00012856154324225868,293.2098012503429,293.70303443502775,293.6742152873358,293.6183567402882,293.5073795602498,0.3644654989970774,0.36573908322619103,0.35689004565198273,0.41610160704953336,82894.421,292.65744540819975,-0.5283970155372885,0.5371706855043302,64.63054818387519,-0.2772042048695494,57.24712561482668,82.81494231978174,2.7866237050943945,2.947607427600371,0.5716291202275925,4.330408843401037,0.4965258113495053
2043-10-01,Kabale,17455.652201526806,0.9086567073077686,19.0,0.0,1.0,0.0186623533181755,1.0000305189751728,2.000030518975173,-1.242,29.9856,-1.0,30.00000000000001,0.00466286356085584,0.0012357119580004789,-0.0025458636588946075,286.75751364205547,1.0,0.0001588044673385178,293.11604948600115,293.6589492979231,293.65253396674353,293.6504771867261,293.55493624268115,0.39412594267978934,0.3915226678873127,0.37121977920487703,0.41317700955147735,82894.421,292.46467217397554,-0.46602510340093556,0.40841871827310405,90.43561206862411,-0.40074061792674026,65.61333196650237,79.72267549075691,4.043369003843746,3.8162585003673697,1.1066724845240803,5.011936549163881,1.0660142009277924
2043-11-01,Kabale,17455.652201526806,0.9086567073077686,19.0,0.0,1.0,0.0186623533181755,1.0000305189751728,2.000030518975173,-1.242,29.9856,-1.0,30.00000000000001,0.005445538934173416,0.001611387758221973,-0.002545863658894607,287.3225769254719,1.0,0.00018493858403622568,292.85523836928604,293.4354794114201,293.4553395259215,293.5263681030967,293.5528052111427,0.41544154645986237,0.41512879577032463,0.3962146213028277,0.41665554971438273,82894.421,292.2106950820482,-0.4187910040649275,0.3072259597288751,108.02619150761304,-0.2688118276414451,86.44053982414066,78.530356318652,4.934601967459884,4.501184698277769,1.6433781505235656,5.740509714874496,1.5623472064478847
2043-12-01,Kabale,17455.652201526806,0.9086567073077686,19.0,0.0,1.0,0.0186623533181755,1.0000305189751728,2.000030518975173,-1.242,29.9856,-1.0,30.00000000000001,0.0054933456974302075,0.00192531181223318,-0.0025735878223403824,287.4601080935583,1.0,0.00019949990623077004,292.6815917612302,293.26577459080437,293.28498126309665,293.3729474320242,293.48167755052174,0.42246721445832797,0.4244465791454368,0.41472819883517276,0.42413985963635303,82894.421,292.08105428286007,-0.343176171684797,0.1930490314843767,104.96693936345338,-0.2521228377908882,101.4914885605884,80.60941614905757,4.8627244858671075,4.289093449679687,1.872371844620244,6.129911768006097,1.8377802234074287
2044-01-01,Kabale,17455.652201526806,0.9086567073077686,19.0,0.0,1.0,0.0186623533181755,1.0000305189751728,2.000030518975173,-1.242,29.9856,-1.0,30.00000000000001,0.004695707416357331,0.0018354658547557006,-0.002623351442614152,287.3608101890157,1.0,0.00019381525272993533,292.7143195020754,293.27569516552916,293.2766170388397,293.3144380280907,293.39585312598297,0.4189538895833964,0.4214975110964659,0.41585952004542404,0.43043846210971476,82894.421,292.1728693020002,-0.2607976918309187,0.09381922173048801,91.60184914884519,-0.240961391960914,102.8100502710876,85.47390953615337,4.274316582529013,3.350581212472601,1.5247143500356566,6.115224776932358,1.4664330538406303
2044-02-01,Kabale,17455.652201526806,0.9086567073077686,19.0,0.0,1.0,0.0186623533181755,1.0000305189751728,2.000030518975173,-1.242,29.9856,-1.0,30.00000000000001,0.003955170076559943,0.001565696687315069,-0.0026666881784067086,287.1512624048924,1.0,0.00017594279614330816,293.0222872259406,293.5524263536993,293.519817908244,293.45518112953187,293.37113923191015,0.40831197943841085,0.4094329886481846,0.4038036750780282,0.4311825424474674,82894.421,292.51031694338053,-0.21896986688436262,0.04619595447047731,81.9096361968916,-0.23491392825156412,94.22656401864629,91.05732465957455,3.789850091697034,2.849466348928667,1.0333576041946708,5.770542574650494,1.0287433616645976
2044-03-01,Kabale,17455.652201526806,0.9086567073077686,19.0,0.0,1.0,0.0186623533181755,1.0000305189751728,2.000030518975173,-1.242,29.9856,-1.0,30.00000000000001,0.004049616910449689,0.0013331619991666065,-0.0026941289566927945,287.2571269065682,1.0,0.00016917384189625085,293.3054424999267,293.8315181966443,293.7891572976328,293.67958893878847,293.4430156482039,0.4060917960068373,0.40540022497699185,0.39238414836627616,0.4275725720681501,82894.421,292.77546346400396,-0.2666248321840792,0.1255190049199583,91.4474857490129,-0.23440192202479893,89.5538708504256,95.42630025769598,4.254546199055866,3.695459106883964,0.8508671699826111,5.542406790802176,0.8251304054956087
2044-04-01,Kabale,17455.652201526806,0.9086567073077686,19.0,0.0,1.0,0.0186623533181755,1.0000305189751728,2.000030518975173,-1.242,29.9856,-1.0,30.00000000000001,0.004961859179199721,0.0015596193841248037,-0.002681620543361981,287.6224561863967,1.0,0.00018487151794234678,293.33203749445204,293.87298520350026,293.84850854037927,293.7812506034384,293.5532137539239,0.4121221858274502,0.41197603252101533,0.39824999029551744,0.42568011546827306,82894.421,292.75464190953045,-0.4091629946311743,0.3189347174121005,109.23481527564233,-0.1919529146202651,95.40408423089718,98.46020236520162,5.104813706505577,5.09360024566445,1.3729252891437553,5.675609148379217,1.3453852243763222
2044-05-01,Kabale,17455.652201526806,0.9086567073077686,19.0,0.0,1.0,0.0186623533181755,1.0000305189751728,2.000030518975173,-1.242,29.9856,-1.0,30.00000000000001,0.005214216686267633,0.002025327304062512,-0.002660589662756642,287.7942475495028,1.0,0.0001918536432484138,293.1201562384883,293.6731843243569,293.67903793097435,293.69844745397046,293.614753796737,0.4155950829577055,0.4178377895988112,0.4085607446486828,0.4286332531324571,82894.421,292.5916382579333,-0.5466437983121476,0.5364450113862499,115.0238950731078,-0.3647312665599703,105.93073607601262,99.45288371396782,5.248955611311104,5.63865214387517,1.8908193133131295,5.886585596600786,1.9014219062282436
2044-06-01,Kabale,17455.652201526806,0.9086567073077686,19.0,0.0,1.0,0.0186623533181755,1.0000305189751728,2.000030518975173,-1.242,29.9856,-1.0,30.00000000000001,0.004220670678377681,0.0019957120822419547,-0.00260542472102478,287.16857533542463,1.0,0.00016862342222105964,292.883474270863,293.41702224254954,293.44348610163615,293.525316661211,293.592893643109,0.39438637925331,0.401987829469431,0.40331882970577526,0.4307972733341117,82894.421,292.4883298543261,-0.6373772450274687,0.7057674720816758,91.60457824093062,-0.3837023713084142,104.58958523516533,97.30654133167245,3.9966289548347014,4.5401854389274625,1.733874049184472,5.560421051159051,1.6830145872417657
2044-07-01,Kabale,17455.652201526806,0.9086567073077686,19.0,0.0,1.0,0.0186623533181755,1.0000305189751728,2.000030518975173,-1.242,29.9856,-1.0,30.00000000000001,0.0029207991360276817,0.0015815304710059767,-0.0025625852051872175,286.17793484509747,1.0,0.00013147831509175337,292.89829229903813,293.40061356442743,293.40849409575554,293.4481674798617,293.5232672361661,0.36594972087841643,0.3731290618950948,0.3802933156931712,0.4288691123676596,82894.421,292.57752949877664,-0.5952248070042441,0.7134071474188687,62.16962948289199,-0.4506631487396811,87.5393600624169,92.55772392053287,2.690444003547782,3.2041532848036005,1.041007426874248,4.789545519650059,0.9966943931152912
2044-08-01,Kabale,17455.652201526806,0.9086567073077686,19.0,0.0,1.0,0.0186623533181755,1.0000305189751728,2.000030518975173,-1.242,29.9856,-1.0,30.00000000000001,0.0026939771960576542,0.0010075203901524434,-0.0025402793500000002,285.7033763003592,1.0,0.00011810613209857169,293.03649784750263,293.52160211201937,293.51327952630555,293.4993577410558,293.4849091977469,0.35609885233463645,0.3593664623452641,0.35775043391282657,0.42130952515632103,82894.421,292.6613635346512,-0.5284160959342654,0.6214785152061456,48.631447197810495,-0.19880466136243377,66.29124998085085,87.36211108337518,2.2936577780408824,2.4601288991867336,0.47085466305582263,4.232656104091109,0.3565324276666395
2044-09-01,Kabale,17455.652201526806,0.9086567073077686,19.0,0.0,1.0,0.0186623533181755,1.0000305189751728,2.000030518975173,-1.242,29.9856,-1.0,30.00000000000001,0.003695566646740566,0.0010143563154917507,-0.0025402793500000002,286.05505104429915,1.0,0.00013307513819125677,293.1961480558748,293.69518245717717,293.6710458742184,293.60787564461964,293.4986955637589,0.3712024761844935,0.3694025511256174,0.3582209895837977,0.41517417448154115,82894.421,292.65235689118896,-0.4536078712981834,0.48298219066183723,64.89534054938419,-0.25934685054270706,58.946880918703535,82.92644151548251,3.111276618256634,2.8876860311006127,0.6218811190229089,4.386908500565344,0.5736538977557171
2044-10-01,Kabale,17455.652201526806,0.9086567073077686,19.0,0.0,1.0,0.0186623533181755,1.0000305189751728,2.000030518975173,-1.242,29.9856,-1.0,30.00000000000001,0.004779804050756144,0.0012728947082554598,-0.0025402793500000002,286.8007286885981,1.0,0.00016026334638380684,293.14791921152465,293.67663054622454,293.6734629666372,293.65391203536257,293.54451412675917,0.3970462917618127,0.3947263508143359,0.3754809058160468,0.41375478386679193,82894.421,292.51459704084556,-0.4493656275026356,0.3921019854886181,89.63869281818563,-0.12800240299921664,69.24704187572262,79.56807146246139,4.1650306085381805,3.7584465035997803,1.092312199543975,5.064482743058426,1.031431799494993
2044-11-01,Kabale,17455.652201526806,0.9086567073077686,19.0,0.0,1.0,0.0186623533181755,1.0000305189751728,2.000030518975173,-1.242,29.9856,-1.0,30.00000000000001,0.005527183209737413,0.0017390457861088584,-0.0025402793500000002,287.3159789512184,1.0,0.0001846221032915488,292.91236037248666,293.4787823612093,293.49702298476245,293.54934362147077,293.5507282707385,0.4136784207304141,0.4146065366253275,0.4004009092466683,0.41840031843543163,82894.421,292.24734750656376,-0.41785061963519227,0.3108781727501653,107.20173685503293,-0.1113196110904529,88.10540151865807,78.3257353775302,4.853599116902971,4.477182603817984,1.703372197902156,5.758820578640802,1.6939634953660512
2044-12-01,Kabale,17455.652201526806,0.9086567073077686,19.0,0.0,1.0,0.0186623533181755,1.0000305189751728,2.000030518975173,-1.242,29.9856,-1.0,30.00000000000001,0.005307781666687341,0.0019250396881559594,-0.0025550984421976665,287.4887164633479,1.0,0.00019976924608673682,292.6923291077803,293.2698592547274,293.2962095957809,293.3918414882005,293.4938288475946,0.42194229976048253,0.4237080775187789,0.4139044590969913,0.42568100534379577,82894.421,292.08202492268265,-0.38023753137462896,0.21147813562033332,104.96140356522335,0.05365737284459088,100.1306435777745,80.6483128671006,4.690519657175818,4.320220588285662,1.84104138042745,6.151892635067,1.797147288994399
2045-01-01,Kabale,17455.652201526806,0.9086567073077686,19.0,0.0,1.0,0.0186623533181755,1.0000305189751728,2.000030518975173,-1.242,29.9856,-1.0,30.00000000000001,0.004581939269339777,0.0018306386155968236,-0.00260386500314543,287.29704320200705,1.0,0.00019377919323645956,292.69243664660206,293.25664574182383,293.26241102574454,293.3193743681929,293.40809898591846,0.41736633239114723,0.41944578038339436,0.41341084428130737,0.4304678000497521,82894.421,292.13832517081977,-0.27909023853173726,0.09850698520688751,92.25252340840406,-0.03233628932077849,100.22834521290328,85.7093656312744,4.070341824818602,3.4252382836057933,1.5303047723708694,6.112249297216866,1.490875148985322
2045-02-01,Kabale,17455.652201526806,0.9086567073077686,19.0,0.0,1.0,0.0186623533181755,1.0000305189751728,2.000030518975173,-1.242,29.9856,-1.0,30.00000000000001,0.0037777527463908694,0.001465089404535598,-0.002641766406810841,287.04825185619444,1.0,0.00017588953647022115,292.985267833594,293.51278704288916,293.4820964189521,293.4320734991997,293.37143194394656,0.40707459052497513,0.40770848254021214,0.40071766419118654,0.43003417689408535,82894.421,292.4774323881989,-0.21690195922752917,0.03725229389217936,82.17116915539545,-0.23522464905457818,91.74448102033817,91.16741031496859,3.69895669251192,2.9103912521418134,0.9790990558241348,5.768527884532755,0.8971414783914359
2045-03-01,Kabale,17455.652201526806,0.9086567073077686,19.0,0.0,1.0,0.0186623533181755,1.0000305189751728,2.000030518975173,-1.242,29.9856,-1.0,30.00000000000001,0.003967963126962558,0.001299496769783398,-0.0026733428228541273,287.123991973433,1.0,0.00016897831263114045,293.2676375188417,293.7887830267812,293.7469172164518,293.6465570392961,293.43747924032095,0.40444484701970257,0.4040328411072956,0.3919846995120293,0.4266516840048487,82894.421,292.7433300146682,-0.23828845250056482,0.10103717342356007,91.31180343116041,-0.2660266300465669,87.89650774726601,95.39707257764731,4.223740417929508,3.746061650225958,0.8306418394682167,5.556757525750425,0.77779991535473
2045-04-01,Kabale,17455.652201526806,0.9086567073077686,19.0,0.0,1.0,0.0186623533181755,1.0000305189751728,2.000030518975173,-1.242,29.9856,-1.0,30.00000000000001,0.0048674985084803,0.001541388097569294,-0.002656978791338447,287.5291200180475,1.0,0.00018422369223942666,293.301518322891,293.84197766352116,293.81677636826316,293.74697001268373,293.54539050137146,0.4107878080611387,0.41106600970063845,0.39725096648214403,0.42527280216086377,82894.421,292.73890839435126,-0.3839522936186182,0.29558406130525544,108.56507404216562,-0.29955874955520384,94.17970640815395,98.43887903475506,5.04625056117599,5.108043045244433,1.3633769603940038,5.68797301493118,1.3201713081208848
2045-05-01,Kabale,17455.652201526806,0.9086567073077686,19.0,0.0,1.0,0.0186623533181755,1.0000305189751728,2.000030518975173,-1.242,29.9856,-1.0,30.00000000000001,0.005177355773720522,0.001984827506179095,-0.0026313334992562882,287.75415937765257,1.0,0.00019165001948097298,293.10449899944655,293.6625736241404,293.66648108063873,293.6865729198041,293.6122248074727,0.4150659728660549,0.41676048089463097,0.40728995740539614,0.42847616528118,82894.421,292.5776886243156,-0.5459053918480465,0.5341707044115113,115.16874293697622,-0.38470480154686576,105.25810677801735,99.43174810494669,5.2617325806536455,5.651456618882065,1.8633301029875253,5.898754382195238,1.822882655673446
2045-06-01,Kabale,17455.652201526806,0.9086567073077686,19.0,0.0,1.0,0.0186623533181755,1.0000305189751728,2.000030518975173,-1.242,29.9856,-1.0,30.00000000000001,0.004330474283567032,0.0020012881904100895,-0.002584937991015335,287.20327500725807,1.0,0.00016981435263161085,292.8870531941221,293.4270119259788,293.44600212960466,293.5239338043666,293.5898414630704,0.396763962276556,0.4029042178744045,0.40353149422683604,0.4308924907765934,82894.421,292.489461386687,-0.6116221200428247,0.6916309410422691,92.12063158232898,-0.33389774010386475,105.01710778688066,97.33402560820564,4.134435140552837,4.5524728821150156,1.7451297248146311,5.592608413540108,1.6888566038316553
2045-07-01,Kabale,17455.652201526806,0.9086567073077686,19.0,0.0,1.0,0.0186623533181755,1.0000305189751728,2.000030518975173,-1.242,29.9856,-1.0,30.00000000000001,0.003019640747836947,0.0015975850535309508,-0.002552535461583253,286.2168860359067,1.0,0.000132722701317656,292.9116880704194,293.40885076252977,293.40838029272595,293.4504248058661,293.5190026336486,0.3680536482621972,0.3745688409029606,0.38218514706137946,0.42913285110852034,82894.421,292.5862537457963,-0.5836157619810912,0.7071344568318269,62.46678207599314,-0.29345163002559,88.90920689724913,92.55655583779257,2.80903531282249,3.245536175435214,1.047119469300259,4.819009700896642,0.988630903336338
2045-08-01,Kabale,17455.652201526806,0.9086567073077686,19.0,0.0,1.0,0.0186623533181755,1.0000305189751728,2.000030518975173,-1.242,29.9856,-1.0,30.00000000000001,0.0027426214576366206,0.0010645348383720797,-0.0025402793500000002,285.70297964747607,1.0,0.0001182839943104185,293.0629560096105,293.5418489654996,293.5223317599928,293.5112503429255,293.48119663908864,0.3562186818883554,0.3597621761552634,0.35986499793079957,0.4220177744857298,82894.421,292.67495834196376,-0.5207418128108071,0.6194849585757725,48.32392297483769,-0.09434756567881893,66.98301000678119,87.21497681666882,2.2184335877339674,2.493501496724328,0.48627085871235765,4.252259646890051,0.42596388163804083
2045-09-01,Kabale,17455.652201526806,0.9086567073077686,19.0,0.0,1.0,0.0186623533181755,1.0000305189751728,2.000030518975173,-1.242,29.9856,-1.0,30.00000000000001,0.003562691762725912,0.001001881406521226,-0.0025402793500000002,286.0092608167643,1.0,0.00013235579791795438,293.20999586757955,293.7019645295706,293.6723194747844,293.6160999306209,293.49579114288895,0.3694703791146865,0.3684509899184163,0.35841187994959406,0.41578624104207873,82894.421,292.65528230120464,-0.47421276559092806,0.49878424493861945,64.80678802662116,-0.23648685263262356,58.44284638198045,82.84001987307384,3.000728084136579,2.940314295907925,0.5991074557947079,4.392159033919435,0.5480851466494597
2045-10-01,Kabale,17455.652201526806,0.9086567073077686,19.0,0.0,1.0,0.0186623533181755,1.0000305189751728,2.000030518975173,-1.242,29.9856,-1.0,30.00000000000001,0.004730447323571075,0.0012685300810646458,-0.0025402793500000002,286.7714343057075,1.0,0.00016041321142989986,293.14116819320316,293.67578518936267,293.6679938626914,293.6576281290291,293.542602212189,0.3963835408272493,0.3942873723151736,0.37464841377493174,0.413961354079992,82894.421,292.49683793036047,-0.4528710375913221,0.3956684386353016,89.95716994488602,-0.34729745662457695,68.13089625370549,79.58603061972099,4.117900776375189,3.7868469131697666,1.0962231236295785,5.068830676197697,1.0409081877155733
2045-11-01,Kabale,17455.652201526806,0.9086567073077686,19.0,0.0,1.0,0.0186623533181755,1.0000305189751728,2.000030518975173,-1.242,29.9856,-1.0,30.00000000000001,0.00550030700138876,0.0016965871073541233,-0.0025402793500000002,287.308079072372,1.0,0.00018553724445107778,292.89499946268626,293.4643851120298,293.48414419553126,293.54481049120824,293.54844653566414,0.41459447069318417,0.41515044348716446,0.39961278030987435,0.41820407833582546,82894.421,292.2326353568794,-0.41853137909165716,0.3076404126213134,107.82477031891011,-0.35677139423962495,87.67377235853354,78.44320591914185,4.88424429907386,4.527568171906368,1.6750823785065396,5.767492994283013,1.6404634144517338
2045-12-01,Kabale,17455.652201526806,0.9086567073077686,19.0,0.0,1.0,0.0186623533181755,1.0000305189751728,2.000030518975173,-1.242,29.9856,-1.0,30.00000000000001,0.005376172648152465,0.0019321023292189904,-0.0025468642890073374,287.4732038658592,1.0,0.0002001202152696742,292.684308637426,293.2688381278377,293.2939647069087,293.387281292224,293.48744671901346,0.42232975381909726,0.4244451056120441,0.41444842827211703,0.42566655870628534,82894.421,292.079953902864,-0.36851123318990625,0.2019429885014246,105.0708452900921,-0.37424403437034304,100.85573316005855,80.71748970076641,4.744817514695408,4.327103937696434,1.8464128547038434,6.146349868306463,1.7988322228138198
2046-01-01,Kabale,17455.652201526806,0.9086567073077686,19.0,0.0,1.0,0.0186623533181755,1.0000305189751728,2.000030518975173,-1.242,29.9856,-1.0,30.00000000000001,0.0046193991238945116,0.0018346357543983442,-0.0025850998294899047,287.3238336124471,1.0,0.00019400208790626495,292.69746158817526,293.26369935702377,293.2695059849774,293.32185910034445,293.40322065776064,0.4183365397144203,0.42036963481726836,0.41451846961218974,0.43095056727325076,82894.421,292.1482953546946,-0.2736579844322207,0.09211912110463401,91.99512237623496,-0.26764903158896003,101.37627486181691,85.73261564838663,4.138062714336656,3.419676797035592,1.5228267268630657,6.123860501787814,1.4716356171717084
2046-02-01,Kabale,17455.652201526806,0.9086567073077686,19.0,0.0,1.0,0.0186623533181755,1.0000305189751728,2.000030518975173,-1.242,29.9856,-1.0,30.00000000000001,0.0038178896833767455,0.0014996158190124502,-0.002612624619728665,287.0801963805059,1.0,0.00017623685849938535,292.9995359072344,293.5277211231367,293.4963759855132,293.4424920461224,293.37260773523286,0.407976735643373,0.4087532945750283,0.40206694602322474,0.4309278835734796,82894.421,292.48685220615744,-0.21677962999789857,0.031491113326013155,81.7872553187588,-0.18323674401167536,92.85964806502481,91.3509890040828,3.719692783597244,2.882022328570154,1.0024514043300379,5.7910303007319435,0.918499272411001
2046-03-01,Kabale,17455.652201526806,0.9086567073077686,19.0,0.0,1.0,0.0186623533181755,1.0000305189751728,2.000030518975173,-1.242,29.9856,-1.0,30.00000000000001,0.003941886240923472,0.001297989869584846,-0.002642252877359086,287.1301025432211,1.0,0.0001694338428465759,293.2688281281168,293.7874387855693,293.7486338556616,293.65162024615057,293.441329504688,0.4046186949273436,0.40454425022519697,0.3924280970223705,0.42727744135324003,82894.421,292.73944665201344,-0.24694644754721376,0.09713595482996806,91.16934525993123,-0.24686385532695945,88.01979934296293,95.62930146593739,4.143684139398068,3.753640982630788,0.8368147908591204,5.580347238330404,0.7650576991657646
2046-04-01,Kabale,17455.652201526806,0.9086567073077686,19.0,0.0,1.0,0.0186623533181755,1.0000305189751728,2.000030518975173,-1.242,29.9856,-1.0,30.00000000000001,0.004779585948847485,0.001528485411689686,-0.0026266875067422536,287.47114332032197,1.0,0.0001847257636447457,293.300762491513,293.83993823341444,293.81795930141135,293.75144872509026,293.54770555157774,0.4096114998431875,0.41021278938802963,0.396427841457829,0.42553868926675703,82894.421,292.73968927813667,-0.39241583391832763,0.2921963377500824,108.63300641238692,-0.47615969874251834,93.20137368941145,98.54932926336892,4.915897073191345,5.131846385415472,1.3630451824035401,5.688405292305937,1.3032550936826988
2046-05-01,Kabale,17455.652201526806,0.9086567073077686,19.0,0.0,1.0,0.0186623533181755,1.0000305189751728,2.000030518975173,-1.242,29.9856,-1.0,30.00000000000001,0.005101830940588438,0.0019365303220084996,-0.00260203895583485,287.71148278384914,1.0,0.00019239604941193055,293.091112025455,293.6516289058897,293.6594206005869,293.6818839986767,293.61272733041807,0.414376070264905,0.4166183247048701,0.40620700458071246,0.42829102629295407,82894.421,292.56782743774016,-0.5479369882410792,0.5346871027856613,115.26674381493525,-0.5129496512371384,104.22159194282447,99.56436991270589,5.287093499882389,5.675944542783866,1.8369897565480109,5.8974723118314465,1.7889124983913642
2046-06-01,Kabale,17455.652201526806,0.9086567073077686,19.0,0.0,1.0,0.0186623533181755,1.0000305189751728,2.000030518975173,-1.242,29.9856,-1.0,30.00000000000001,0.004404210393778924,0.0020104409139997045,-0.002565825759197092,287.25387425044374,1.0,0.00017178520719080906,292.88754078092126,293.4322280832851,293.4531876789975,293.52717974116194,293.5907264707721,0.3991511838524075,0.4042643683049272,0.4036103638632678,0.4308896237402056,82894.421,292.48705402469346,-0.5909301979768583,0.6752797277422875,92.12145721080181,-0.3603483603203724,105.10642566130502,97.39999246536617,4.248738615344982,4.557259453163719,1.7417984625056357,5.611264626133631,1.7124568740645838
2046-07-01,Kabale,17455.652201526806,0.9086567073077686,19.0,0.0,1.0,0.0186623533181755,1.0000305189751728,2.000030518975173,-1.242,29.9856,-1.0,30.00000000000001,0.003088372528673384,0.0016077382681254002,-0.0025431555893313577,286.2715736777953,1.0,0.00013346169553087308,292.91378285061313,293.41455289123707,293.4180364711237,293.4555908025455,293.524198375785,0.36996115500772947,0.3769814612589492,0.3841452469040964,0.4294750253755167,82894.421,292.5904579271009,-0.5763616312050196,0.7013351639120247,62.45652359658977,-0.17611074322230624,90.13647487737398,92.78490399158856,2.8935125212925805,3.2456679621473383,1.0311555786526088,4.841688967035723,0.9947466332723276
2046-08-01,Kabale,17455.652201526806,0.9086567073077686,19.0,0.0,1.0,0.0186623533181755,1.0000305189751728,2.000030518975173,-1.242,29.9856,-1.0,30.00000000000001,0.0027671180614020105,0.0011089721420541358,-0.0025402793500000002,285.7251494115779,1.0,0.00011851613004336147,293.07954044957273,293.5564205547392,293.5438695713771,293.522872241088,293.4863411867959,0.35587546234082196,0.35996892513892326,0.3614656677157722,0.42268592097022223,82894.421,292.6889140857032,-0.5163280860931426,0.6109452659856714,48.10032722560626,-0.2678597662589847,67.57164274332989,87.32205243850393,2.1329344530956993,2.5220831486768884,0.5003514370285369,4.258233560661334,0.4570914942053343
2046-09-01,Kabale,17455.652201526806,0.9086567073077686,19.0,0.0,1.0,0.0186623533181755,1.0000305189751728,2.000030518975173,-1.242,29.9856,-1.0,30.00000000000001,0.0034173164833847178,0.0009954051452706547,-0.0025402793500000002,285.98220169448274,1.0,0.0001316003239517311,293.2128342546579,293.70360132638626,293.6826520522928,293.62589224545263,293.5038921725372,0.3673086028862107,0.3674803000394998,0.35797156161961063,0.4164738586955387,82894.421,292.66511461200804,-0.4980855152960109,0.5074738126354588,64.78807136783705,-0.3644680189362557,57.916016544292916,82.86671706231289,2.8953924382661227,2.9725302234065816,0.575233370500857,4.382211672595825,0.512440927290297
2046-10-01,Kabale,17455.652201526806,0.9086567073077686,19.0,0.0,1.0,0.0186623533181755,1.0000305189751728,2.000030518975173,-1.242,29.9856,-1.0,30.00000000000001,0.004682449346591466,0.0012753033251588083,-0.0025402793500000002,286.76666942294975,1.0,0.00016109562302412135,293.136293104943,293.66830800898884,293.66886917228067,293.6636707614984,293.5498175605926,0.3955549567633594,0.39323782910218874,0.37299478173527545,0.4140812089654184,82894.421,292.48604837209604,-0.45603439907963184,0.3922369346602302,90.21748031840876,-0.3882861482375903,66.91964742844272,79.68214409513344,4.089205923547234,3.8151161428106897,1.099505000245616,5.070876401254545,1.0411086916155032
2046-11-01,Kabale,17455.652201526806,0.9086567073077686,19.0,0.0,1.0,0.0186623533181755,1.0000305189751728,2.000030518975173,-1.242,29.9856,-1.0,30.00000000000001,0.005458945268858665,0.0016732588134626056,-0.0025402793500000002,287.31671514239383,1.0,0.0001861554852429381,292.8785941585806,293.45189737501084,293.4750167850471,293.5429607696429,293.5532702002283,0.41540640713021976,0.41581795232166757,0.39827482285324645,0.41800692930303945,82894.421,292.2228031879734,-0.4163532262245188,0.2976758008598573,107.8608219531966,-0.32814743106424854,87.07173490524859,78.49512661972426,4.922602636585249,4.520274289529746,1.6630337498988323,5.7833509532311105,1.5945183189919359
2046-12-01,Kabale,17455.652201526806,0.9086567073077686,19.0,0.0,1.0,0.0186623533181755,1.0000305189751728,2.000030518975173,-1.242,29.9856,-1.0,30.00000000000001,0.005416827348024814,0.0019395949325846796,-0.0025402793500000002,287.46857587844096,1.0,0.00020072841268944637,292.6858680610706,293.27010263959704,293.2909757679666,293.38598797408855,293.48649574841176,0.42288823742305315,0.42523795724352303,0.41493995533636285,0.42552601798483086,82894.421,292.07920717831416,-0.3497585543535293,0.19045660630090377,104.90910498694431,-0.3152104559433799,101.06385408364663,80.71606805328408,4.816354384489809,4.327957189042432,1.870726381790563,6.1740391571270266,1.8052806320368109
2047-01-01,Kabale,17455.652201526806,0.9086567073077686,19.0,0.0,1.0,0.0186623533181755,1.0000305189751728,2.000030518975173,-1.242,29.9856,-1.0,30.00000000000001,0.004642845569137148,0.0018404275113991038,-0.0025698851181846544,287.3395931537594,1.0,0.00019470614861226087,292.7084030693888,293.2705039397459,293.27469851790346,293.32039800098016,293.4014045419212,0.4193208199662121,0.4217464026062389,0.4153853534904772,0.4312715998934807,82894.421,292.1621076335029,-0.25953201317027724,0.0848194531180907,91.7483850494328,-0.3146516928107984,101.90822773851956,85.58779976481556,4.200055692600549,3.414578348694361,1.5244908793024203,6.149124563429425,1.4568496700562807
2047-02-01,Kabale,17455.652201526806,0.9086567073077686,19.0,0.0,1.0,0.0186623533181755,1.0000305189751728,2.000030518975173,-1.242,29.9856,-1.0,30.00000000000001,0.0038803904558282094,0.0015357902785681748,-0.0025901400766851104,287.11532366281455,1.0,0.0001769899081834877,293.01576519359946,293.54032035561755,293.50850842872006,293.4509732271296,293.3700605941561,0.40904166070896614,0.4098750018962261,0.4030767901669672,0.43152707412381935,82894.421,292.50316607301437,-0.20927788419232027,0.02877141676067316,82.17730947052594,-0.3533473972743968,93.24480703653175,91.16695123303286,3.742904757093379,2.905994959878337,1.0180068071657031,5.812398439724681,0.9594975854890587
2047-03-01,Kabale,17455.652201526806,0.9086567073077686,19.0,0.0,1.0,0.0186623533181755,1.0000305189751728,2.000030518975173,-1.242,29.9856,-1.0,30.00000000000001,0.003934191128081799,0.0013146072025091956,-0.002619101345206257,287.1407999223236,1.0,0.00016954250382059674,293.2689070682407,293.7817695337587,293.7460703580386,293.65382037420017,293.44370736198766,0.4050570644678708,0.40505605447369214,0.3927808005633344,0.427528084117466,82894.421,292.74019970158855,-0.25074013401192335,0.09367379860661278,91.49651380797509,-0.3914137292324555,87.61989643436004,95.57218163336098,4.068486843721657,3.7674815535607458,0.8338169143810465,5.595605740335059,0.7552175380205396
2047-04-01,Kabale,17455.652201526806,0.9086567073077686,19.0,0.0,1.0,0.0186623533181755,1.0000305189751728,2.000030518975173,-1.242,29.9856,-1.0,30.00000000000001,0.004698660006909228,0.001525246114586211,-0.0026031471531720823,287.44089675904894,1.0,0.00018350515792710966,293.3078237673013,293.83508579830726,293.81198966504144,293.75401453567,293.5493252419098,0.40889082697972895,0.40973130309699174,0.39582447500999923,0.4256115542879452,82894.421,292.7427072424009,-0.39579723752570356,0.2875639238072482,108.79443383125418,-0.5078612069591365,92.41586015920007,98.53945052628632,4.821548368981577,5.135271067909124,1.3701819618424984,5.709371986100417,1.2811587242679685
2047-05-01,Kabale,17455.652201526806,0.9086567073077686,19.0,0.0,1.0,0.0186623533181755,1.0000305189751728,2.000030518975173,-1.242,29.9856,-1.0,30.00000000000001,0.005010314444658783,0.0019032082418645076,-0.0025828921946716263,287.68263679343625,1.0,0.0001916093391187867,293.08997402771405,293.63592237551796,293.6448252924674,293.678438161864,293.6118295900435,0.4142641509842489,0.4162806707569664,0.40546369804885835,0.4279279647982568,82894.421,292.5604516912609,-0.5494602247470931,0.5316214256309441,115.43084893484672,-0.533528296882209,103.93815825029282,99.59463291117278,5.341289932489526,5.665449247451252,1.825722365719307,5.929821665853903,1.7214040105307342
2047-06-01,Kabale,17455.652201526806,0.9086567073077686,19.0,0.0,1.0,0.0186623533181755,1.0000305189751728,2.000030518975173,-1.242,29.9856,-1.0,30.00000000000001,0.004495210202857636,0.002016554488201665,-0.00255393092615048,287.30003823357106,1.0,0.0001730309712050464,292.8986077767981,293.43199819111356,293.4534603914604,293.530119889383,293.5859030582576,0.4015994699027305,0.40572689448886007,0.4037133149492045,0.4308143438570899,82894.421,292.4994283360545,-0.5703811857955307,0.6588593139619512,92.30727420310272,-0.47177173602487404,105.93583107274259,97.45002445893472,4.403221141792555,4.516262627347832,1.7622603410728246,5.656655667773479,1.7309392422487824
2047-07-01,Kabale,17455.652201526806,0.9086567073077686,19.0,0.0,1.0,0.0186623533181755,1.0000305189751728,2.000030518975173,-1.242,29.9856,-1.0,30.00000000000001,0.0031763250660006054,0.0016224564200164996,-0.0025402793500000002,286.31727248013607,1.0,0.00013431124115605354,292.92459912671313,293.4164946304677,293.4200194357727,293.4587348590483,293.51698384206713,0.3720480689265366,0.37862418011844684,0.3858043597170555,0.4297230451905382,82894.421,292.6071143537517,-0.5726556119679023,0.69315034050002,62.41237061077266,-0.47448050268449293,91.87698762358805,92.8093722492531,2.990686219700606,3.216731725087803,1.0493653887104253,4.882699389145042,1.0043924889451046
2047-08-01,Kabale,17455.652201526806,0.9086567073077686,19.0,0.0,1.0,0.0186623533181755,1.0000305189751728,2.000030518975173,-1.242,29.9856,-1.0,30.00000000000001,0.002833389436891236,0.0011507083128273463,-0.0025402793500000002,285.72727431718204,1.0,0.00011803209737938786,293.0989191759135,293.5704544396546,293.5503819019658,293.52959944502305,293.4861920726227,0.3559227069550666,0.36055535836088093,0.3633477636199958,0.4235537645084923,82894.421,292.7115199914023,-0.5156862565986943,0.6061879999842702,47.60807385586143,-0.4791634755148966,68.18936954419495,87.28357019882668,2.0505891900447395,2.502951450876866,0.5366553051589684,4.284757428709122,0.5190004480194735
2047-09-01,Kabale,17455.652201526806,0.9086567073077686,19.0,0.0,1.0,0.0186623533181755,1.0000305189751728,2.000030518975173,-1.242,29.9856,-1.0,30.00000000000001,0.0032850861907823443,0.0009755559088724816,-0.0025402793500000002,285.9438432872485,1.0,0.00012968907099032272,293.2271086657201,293.70952338120946,293.6807140748752,293.62789394655863,293.5095877942728,0.36589208303863524,0.36670584547874857,0.3579629022668374,0.4173749624473336,82894.421,292.67204378956035,-0.5217854463477273,0.5213173679795314,64.67560213919091,-0.5175083200072398,57.18391719026181,82.91988292809744,2.78237270348759,2.979524963896852,0.584426131048019,4.394985309739631,0.49230952445056464
2047-10-01,Kabale,17455.652201526806,0.9086567073077686,19.0,0.0,1.0,0.0186623533181755,1.0000305189751728,2.000030518975173,-1.242,29.9856,-1.0,30.00000000000001,0.004637638712129386,0.0012658631528134354,-0.0025402793500000002,286.73693085483126,1.0,0.00016029285261427853,293.1340017185063,293.667175780553,293.65997931185643,293.6591134397178,293.5578206461917,0.39554175171806555,0.3928132560149445,0.3719067830170882,0.41430313781986317,82894.421,292.47265374569355,-0.4598896724907124,0.39286575867702894,90.43842015497239,-0.3833115070565943,65.52195636971472,79.7394183438415,4.049539689041041,3.8481767904842776,1.1269438057197412,5.069692828701682,1.060431901232312
2047-11-01,Kabale,17455.652201526806,0.9086567073077686,19.0,0.0,1.0,0.0186623533181755,1.0000305189751728,2.000030518975173,-1.242,29.9856,-1.0,30.00000000000001,0.005413214762724136,0.0016415331331202808,-0.0025402793500000002,287.3099222210488,1.0,0.00018620932369356656,292.8707300984384,293.44540135343607,293.4641922326588,293.53176668969013,293.55512999687727,0.4167040296568283,0.41636406878520216,0.396753559422737,0.4176176499905219,82894.421,292.21457573543415,-0.41457293229764686,0.28972694041520625,108.25530713224133,-0.4488661277937318,86.57584882895708,78.51071378524578,4.933110223789555,4.532909314404533,1.6684334197232393,5.795152510064475,1.561317450055445
2047-12-01,Kabale,17455.652201526806,0.9086567073077686,19.0,0.0,1.0,0.0186623533181755,1.0000305189751728,2.000030518975173,-1.242,29.9856,-1.0,30.00000000000001,0.005444944415475707,0.0019468613500647416,-0.0025402793500000002,287.4466583792669,1.0,0.00020043081080864313,292.688832667665,293.270728055099,293.2943051759161,293.3803043325654,293.48560270718207,0.42344403566187966,0.4256879068271182,0.4149756255671188,0.42510386448441945,82894.421,292.0811985496266,-0.336418957084071,0.17808900147488516,105.30508895922723,-0.4096452981173602,101.33981911144095,80.67690216375941,4.87356955513071,4.323122106778505,1.8833403495787866,6.184359431375509,1.8255309873683137
2048-01-01,Kabale,17455.652201526806,0.9086567073077686,19.0,0.0,1.0,0.0186623533181755,1.0000305189751728,2.000030518975173,-1.242,29.9856,-1.0,30.00000000000001,0.004657207647211389,0.0018503300549725047,-0.0025603602400180283,287.35611041621524,1.0,0.00019463546632387814,292.72213608214054,293.27927347822646,293.28579670857914,293.3257723052929,293.4018276751414,0.4198555898152474,0.4226374159030015,0.4162937576393317,0.43142389024503935,82894.421,292.17168030151,-0.25223798495227745,0.0762677830779937,92.17456708338106,-0.3562185119350443,102.39518524649606,85.54317314930604,4.271962750853364,3.3741400838019246,1.5210842265619193,6.174066273660697,1.4643221111715077
2048-02-01,Kabale,17455.652201526806,0.9086567073077686,19.0,0.0,1.0,0.0186623533181755,1.0000305189751728,2.000030518975173,-1.242,29.9856,-1.0,30.00000000000001,0.003912963690263434,0.0015736511347858133,-0.002571147046373405,287.14399532851286,1.0,0.00017665093970434744,293.03345084079746,293.5530049608795,293.5271083984309,293.4694981981527,293.3792311360155,0.4092571265873753,0.4103072751815549,0.4038910398306223,0.4322264387612573,82894.421,292.5105194575993,-0.20886961328461714,0.029834107431824883,82.37514855940948,-0.3130134610793995,93.5779529694998,91.26527419701256,3.79585748248714,2.8794125839677016,1.0421595431615402,5.82692080016173,1.01708686875662
2048-03-01,Kabale,17455.652201526806,0.9086567073077686,19.0,0.0,1.0,0.0186623533181755,1.0000305189751728,2.000030518975173,-1.242,29.9856,-1.0,30.00000000000001,0.0040331422700441485,0.0013427261051662748,-0.0025948889751700346,287.247534196819,1.0,0.00017022693989014696,293.31968684742134,293.831096755665,293.79289656110575,293.6933185498975,293.4488942127914,0.4068690985912937,0.40643705426366816,0.3927441395109759,0.4285681531719911,82894.421,292.7765421496077,-0.2585765057088674,0.10473898889537546,91.60191675482956,-0.22207439799875325,88.95099097279372,95.55252441622584,4.2571709369896995,3.745073126003606,0.8536540581399225,5.60503027467588,0.804221262939583
2048-04-01,Kabale,17455.652201526806,0.9086567073077686,19.0,0.0,1.0,0.0186623533181755,1.0000305189751728,2.000030518975173,-1.242,29.9856,-1.0,30.00000000000001,0.004952962386182811,0.001571372771181387,-0.0025846593960113184,287.61311880931135,1.0,0.00018590755764026772,293.3400290370371,293.8739610532271,293.8508517134411,293.79026640095,293.5578502486576,0.4133623379155725,0.41286513804113784,0.39860583108315045,0.4267990126304313,82894.421,292.7595841311036,-0.40245104488812194,0.2997904726266683,109.26647671496751,-0.4068917496094224,95.17872870355006,98.58192505206351,5.112872138408446,5.137777398358094,1.388021511657678,5.733020290291852,1.3375416682581729
2048-05-01,Kabale,17455.652201526806,0.9086567073077686,19.0,0.0,1.0,0.0186623533181755,1.0000305189751728,2.000030518975173,-1.242,29.9856,-1.0,30.00000000000001,0.005221126982355997,0.0020406710034056603,-0.0025738725896559413,287.7752131105685,1.0,0.0001931677297318429,293.1297968387872,293.6749524969626,293.6854041345304,293.70419855046504,293.6184765829903,0.41711939770047163,0.4185951918812774,0.40925645613621825,0.42991686213465163,82894.421,292.5965366077871,-0.538275388440573,0.5159265588453391,115.15959487788784,-0.38489012912360715,105.88233558972253,99.45664059944534,5.250185621018737,5.663710830908556,1.9007422354592343,5.943414724125318,1.8904323413387003
2048-06-01,Kabale,17455.652201526806,0.9086567073077686,19.0,0.0,1.0,0.0186623533181755,1.0000305189751728,2.000030518975173,-1.242,29.9856,-1.0,30.00000000000001,0.004200227753929144,0.002012472033253725,-0.0025501306608593116,287.1535307873134,1.0,0.00016918944357310493,292.8914873696379,293.4249075686054,293.4513864430159,293.53228804814916,293.59733969806683,0.3961605897189073,0.40272509390201305,0.4041659101483821,0.4319908683329741,82894.421,292.4952486257434,-0.6285968470582414,0.6897338209123175,91.99335706302712,-0.47898712715552155,104.51734781880505,97.35036597685813,3.9868930595038243,4.571559026600517,1.7438685573928978,5.611128419505316,1.6773089130786791
2048-07-01,Kabale,17455.652201526806,0.9086567073077686,19.0,0.0,1.0,0.0186623533181755,1.0000305189751728,2.000030518975173,-1.242,29.9856,-1.0,30.00000000000001,0.0028887292469250876,0.0015948312500568592,-0.0025402793500000002,286.1723183851618,1.0,0.00013237401712485055,292.9149309427292,293.4043951154963,293.4158347131777,293.4573541847746,293.5259842261625,0.3671862182484384,0.3737615793758884,0.3810775853718686,0.42994589370696507,82894.421,292.58537345442807,-0.5851707943108477,0.6968699752707911,62.522884114742965,-0.2590404631443538,87.41552183723134,92.56786625461315,2.6983126253767407,3.25764212066287,1.0496481407425826,4.846288082480006,0.9709333918174495
2048-08-01,Kabale,17455.652201526806,0.9086567073077686,19.0,0.0,1.0,0.0186623533181755,1.0000305189751728,2.000030518975173,-1.242,29.9856,-1.0,30.00000000000001,0.002649214871374862,0.0010208500054517103,-0.0025402793500000002,285.7075308040907,1.0,0.00011880673811009137,293.04893966403836,293.5310484972982,293.5139778579435,293.5102060211855,293.4867027379233,0.3574506639361064,0.36064071447380663,0.35845515799254346,0.42229938645280124,82894.421,292.6692604632453,-0.5180278851156688,0.6073211658006964,48.8835500211936,-0.12647931653742103,66.13537699123262,87.39885836261794,2.2978709214408264,2.5011855595629204,0.46975633734385885,4.297987340926122,0.35775088309007436
2048-09-01,Kabale,17455.652201526806,0.9086567073077686,19.0,0.0,1.0,0.0186623533181755,1.0000305189751728,2.000030518975173,-1.242,29.9856,-1.0,30.00000000000001,0.003665101313551491,0.0010308821353032357,-0.0025402793500000002,286.06071571086494,1.0,0.0001343421110917647,293.2065941740459,293.70307374052675,293.6715088782309,293.6186112854389,293.5012826947789,0.37236443966106564,0.3709634050322732,0.3591017744144616,0.416186733580113,82894.421,292.6584042816944,-0.4438953027895613,0.4672665649977065,65.107520886908,-0.1771215747862517,58.885112000875544,82.87174724659651,3.119757803242449,2.942911920913828,0.6317858758327467,4.45019079916127,0.5760304438921552
2048-10-01,Kabale,17455.652201526806,0.9086567073077686,19.0,0.0,1.0,0.0186623533181755,1.0000305189751728,2.000030518975173,-1.242,29.9856,-1.0,30.00000000000001,0.004751566102642788,0.001290810605358608,-0.0025402793500000002,286.79871565154286,1.0,0.00016130851517484146,293.1539119967463,293.6878426330405,293.67729132963615,293.6633055622311,293.54753449936965,0.3982378502675166,0.39659963684179494,0.37637175390262834,0.41480528375540676,82894.421,292.5193443847084,-0.44181750342392956,0.3767357022976547,90.11410059694121,-0.22147319468607463,69.12229100186914,79.65688259710659,4.174686240803463,3.804241398394867,1.0939172309260687,5.129364781214651,1.0418195828156602
2048-11-01,Kabale,17455.652201526806,0.9086567073077686,19.0,0.0,1.0,0.0186623533181755,1.0000305189751728,2.000030518975173,-1.242,29.9856,-1.0,30.00000000000001,0.005502528419799104,0.001751938943407097,-0.0025402793500000002,287.30603917310947,1.0,0.000185823242739877,292.91817389167846,293.48487614173024,293.50367006490455,293.5590276505176,293.55682424319593,0.4147166194314656,0.4163435586710564,0.4013754935379464,0.4194500619019837,82894.421,292.2497029337989,-0.4115104132420228,0.29465017775713315,107.91491049976271,-0.3347250361290404,87.95077792497291,78.40431104045594,4.859881023409174,4.547554895469943,1.7050919857085372,5.812474815057698,1.6892535333679743
2048-12-01,Kabale,17455.652201526806,0.9086567073077686,19.0,0.0,1.0,0.0186623533181755,1.0000305189751728,2.000030518975173,-1.242,29.9856,-1.0,30.00000000000001,0.005291855781197739,0.001930444268888212,-0.0025402793500000002,287.4716008405355,1.0,0.0002008490670044943,292.7012121020543,293.27578900847305,293.30654187414353,293.39969474684534,293.49788783241416,0.4229055053894695,0.42507163039659185,0.4144068274609747,0.42679933142636567,82894.421,292.0830257325977,-0.3752207652011866,0.19502830130336335,105.43360839795461,-0.35138677225151166,100.18890866995643,80.70932575447016,4.692797931707886,4.3497613230514025,1.8331322986014504,6.2030674984169165,1.7864650568778104
2049-01-01,Kabale,17455.652201526806,0.9086567073077686,19.0,0.0,1.0,0.0186623533181755,1.0000305189751728,2.000030518975173,-1.242,29.9856,-1.0,30.00000000000001,0.004559970297351505,0.0018367060354962039,-0.0025545394018349366,287.28804674266104,1.0,0.0001944308632005499,292.70055169052233,293.26063076104475,293.2699948056325,293.32708516549485,293.41246789460774,0.4186507887735155,0.4205534601477576,0.4138288086878709,0.4314913038414381,82894.421,292.14129740000266,-0.2731013072262998,0.08212051409655059,92.13616218417678,-0.4730796841789273,100.30611061833015,85.69592674168058,4.064345152066796,3.4394873752457378,1.5318381018078895,6.16450093336044,1.480880529471318
2049-02-01,Kabale,17455.652201526806,0.9086567073077686,19.0,0.0,1.0,0.0186623533181755,1.0000305189751728,2.000030518975173,-1.242,29.9856,-1.0,30.00000000000001,0.0037501221006686508,0.001471713325964869,-0.0025599371424470667,287.0462561102301,1.0,0.0001764660058187373,292.99415273478417,293.5180604392951,293.4880619627117,293.4419814932816,293.37190419751425,0.40836034879982375,0.4087254385850838,0.40113856648459795,0.4309742611999203,82894.421,292.4846679871282,-0.210196812142168,0.018098827649099248,81.96982239319229,-0.6291016316775,92.03281977156318,91.27011718363156,3.691119215903935,2.9163140095403537,0.9873314577767621,5.833107475568589,0.8820952048493825
2049-03-01,Kabale,17455.652201526806,0.9086567073077686,19.0,0.0,1.0,0.0186623533181755,1.0000305189751728,2.000030518975173,-1.242,29.9856,-1.0,30.00000000000001,0.003936842500157613,0.0013133488920673115,-0.002574302164252749,287.1259792233129,1.0,0.00016940299814600536,293.2779883408363,293.7921686624797,293.749446236469,293.65981287741465,293.43835914616585,0.4057401806362478,0.4052987991725108,0.3924894614506938,0.42761718395990006,82894.421,292.75330124043955,-0.22890677226707712,0.0819841803854343,91.22566692457899,-0.49060221056680037,87.91268246236996,95.59307271520744,4.237078510503264,3.7900140710128376,0.8486124006788979,5.631262654008559,0.7752862446259673
2049-04-01,Kabale,17455.652201526806,0.9086567073077686,19.0,0.0,1.0,0.0186623533181755,1.0000305189751728,2.000030518975173,-1.242,29.9856,-1.0,30.00000000000001,0.004834096249288148,0.0015560227274354378,-0.002561857149215111,287.51999171010124,1.0,0.00018543723357644429,293.3135555325078,293.8468242271318,293.8212145336759,293.762470470559,293.5481077808495,0.4121452604450167,0.41239656657016605,0.39778841919563074,0.42636809307356877,82894.421,292.74860881460285,-0.3746046400441658,0.2753430929229673,108.7446806525732,-0.4903531508345571,94.16391761479572,98.48140832945762,5.073362591707391,5.155596368958839,1.3859813657172921,5.758864647593559,1.3239375871915833
2049-05-01,Kabale,17455.652201526806,0.9086567073077686,19.0,0.0,1.0,0.0186623533181755,1.0000305189751728,2.000030518975173,-1.242,29.9856,-1.0,30.00000000000001,0.005141344271709086,0.002005677432568412,-0.0025564594086029805,287.7433694534384,1.0,0.0001928623804991761,293.11741149934295,293.665453820597,293.6723404279828,293.7014261029008,293.6173347623235,0.41631565507619533,0.41821500704646075,0.40787003322241083,0.42959568328899583,82894.421,292.58317268583187,-0.538236934402956,0.5164950593546145,114.76950991784354,-0.4344278730171653,105.04487531843506,99.43856928831822,5.294344339631061,5.710489517202667,1.8832007206334547,5.96890946100969,1.8507888124320842
2049-06-01,Kabale,17455.652201526806,0.9086567073077686,19.0,0.0,1.0,0.0186623533181755,1.0000305189751728,2.000030518975173,-1.242,29.9856,-1.0,30.00000000000001,0.004287338402746762,0.0020173718429079266,-0.002542094386797298,287.19592523820194,1.0,0.00017140502183072065,292.89587093829067,293.427458787319,293.4556399996072,293.53574905564295,293.59539423207895,0.39805882825485384,0.40431634138085365,0.4040368640779433,0.4320051446644742,82894.421,292.49570213746597,-0.6066809165241062,0.6743927640071786,91.5968926082759,-0.5170762550399646,105.02429494798815,97.31675250245719,4.149987991658896,4.596036398331781,1.7571568934323725,5.653668940480447,1.6965902293663788
2049-07-01,Kabale,17455.652201526806,0.9086567073077686,19.0,0.0,1.0,0.0186623533181755,1.0000305189751728,2.000030518975173,-1.242,29.9856,-1.0,30.00000000000001,0.0029807272601642502,0.0016076511081847672,-0.0025402793500000002,286.2172778983406,1.0,0.00013351759009235957,292.9186385581708,293.40801071615346,293.4191278692875,293.4604707474919,293.52305967599204,0.36907666982655196,0.37621747885704493,0.3828613743281186,0.43019059679240407,82894.421,292.5950367534558,-0.5799728174116731,0.6901246311837953,62.13118226866596,-0.5108350397040612,88.8539535183268,92.68877236403694,2.8139856878686857,3.2745676152048557,1.0482198374111216,4.888177137391389,0.9752463844158683
2049-08-01,Kabale,17455.652201526806,0.9086567073077686,19.0,0.0,1.0,0.0186623533181755,1.0000305189751728,2.000030518975173,-1.242,29.9856,-1.0,30.00000000000001,0.002710663629372171,0.0010646951108532765,-0.0025402793500000002,285.7143667876572,1.0,0.00011917277160979302,293.0711186369901,293.5418564138185,293.5349667950245,293.5158611808522,293.48335116293697,0.3574105939238492,0.36106629501294135,0.36033205764575876,0.4229827314522947,82894.421,292.6860594169994,-0.5173529041198112,0.6014723480790962,48.34711661764729,-0.4760377737945707,66.906405326789,87.39873196519352,2.2151750900527998,2.5255194473910354,0.49047109424502483,4.311219551871229,0.39955865814340513
2049-09-01,Kabale,17455.652201526806,0.9086567073077686,19.0,0.0,1.0,0.0186623533181755,1.0000305189751728,2.000030518975173,-1.242,29.9856,-1.0,30.00000000000001,0.003532226140462525,0.0010107826681423923,-0.0025402793500000002,286.02449338925584,1.0,0.00013301271405431967,293.2182351001523,293.70552276581515,293.68393316278366,293.62101508988763,293.49877021911226,0.3709023824934159,0.3699478943179945,0.3589655029037175,0.4167881984391133,82894.421,292.6690129000288,-0.46951098387548446,0.4773761715632799,64.69273901468722,-0.4642171231364079,58.33548582296129,82.99189804150744,2.9873326959454594,2.9699864849986306,0.6084518720189722,4.445319611140482,0.5404259782592155
2049-10-01,Kabale,17455.652201526806,0.9086567073077686,19.0,0.0,1.0,0.0186623533181755,1.0000305189751728,2.000030518975173,-1.242,29.9856,-1.0,30.00000000000001,0.004697726866549867,0.0012830951233846722,-0.0025402793500000002,286.78950758750966,1.0,0.00016137252954209947,293.1531282722398,293.6818830049962,293.67792192751637,293.6645008714641,293.54779735457936,0.39804609555679954,0.3953980601366109,0.37505676452121595,0.41498876425796016,82894.421,292.5074733570766,-0.447315597216511,0.3771636108972311,89.81775572844488,-0.34084632796398545,67.95860041215623,79.74735369574705,4.111472091438809,3.812426991066411,1.1085658606562776,5.118057268120865,1.0481403123028723
2049-11-01,Kabale,17455.652201526806,0.9086567073077686,19.0,0.0,1.0,0.0186623533181755,1.0000305189751728,2.000030518975173,-1.242,29.9856,-1.0,30.00000000000001,0.005450568247899637,0.0017176859897716581,-0.0025402793500000002,287.31317765333193,1.0,0.0001861778812280253,292.9025163151569,293.47212195784823,293.4948103278624,293.5555104284153,293.5544488425732,0.41617907962552514,0.41649096207569486,0.4000516221367824,0.41934591130989496,82894.421,292.2439288424998,-0.41016234176142197,0.288383617362187,107.46608809342088,-0.40435306561483636,87.65174017603483,78.38906763644302,4.887493886692137,4.533819797413277,1.7055178142608012,5.822721429863098,1.6496281270616224
2049-12-01,Kabale,17455.652201526806,0.9086567073077686,19.0,0.0,1.0,0.0186623533181755,1.0000305189751728,2.000030518975173,-1.242,29.9856,-1.0,30.00000000000001,0.005315450952186083,0.0019426973805354855,-0.0025402793500000002,287.4714304423431,1.0,0.00020101195998016921,292.69804335995775,293.27496246193624,293.3048019950775,293.39715316726756,293.49293936887346,0.42388645396940694,0.4255196462865385,0.4148388175321966,0.42669126526660867,82894.421,292.0836304532058,-0.35997881378784125,0.18620915424458273,105.08825641797607,-0.36382949838239603,100.88644255258252,80.71243198615919,4.7626306399747955,4.325291965140451,1.8721039477715287,6.213569837345738,1.8082117562431215
2050-01-01,Kabale,17455.652201526806,0.9086567073077686,19.0,0.0,1.0,0.0186623533181755,1.0000305189751728,2.000030518975173,-1.242,29.9856,-1.0,30.00000000000001,0.00456473350417649,0.001847443476209248,-0.002545211054235915,287.3067042359558,1.0,0.00019471759934926156,292.7084123211193,293.266313950873,293.2787496624271,293.32842375416385,293.40646318146224,0.4196784208514201,0.4217494429143782,0.4151743096650921,0.431881713397213,82894.421,292.1509608324904,-0.2640385270489867,0.07639478547919716,92.00341530869241,-0.38738745197486874,101.45986585431642,85.70101295261456,4.136165967003528,3.4336795194043757,1.5420475028356482,6.182504596427499,1.4663116640749914
2050-02-01,Kabale,17455.652201526806,0.9086567073077686,19.0,0.0,1.0,0.0186623533181755,1.0000305189751728,2.000030518975173,-1.242,29.9856,-1.0,30.00000000000001,0.0037728329572303807,0.0015128653821396337,-0.002545211054235915,287.07522259765955,1.0,0.00017726572913427606,293.016869401403,293.5302678762303,293.5047003778967,293.4505866274898,293.37291259413524,0.40880259042748207,0.4097771581808323,0.40274451555854274,0.43180889719319,82894.421,292.49312922460007,-0.20762216408929293,0.016782767014407247,81.98806983902374,-0.29051191979107244,92.78113385569166,91.43353192220651,3.7204966786667604,2.9099288983732365,1.0016705119262903,5.845207886840531,0.9224771609805592
2050-03-01,Kabale,17455.652201526806,0.9086567073077686,19.0,0.0,1.0,0.0186623533181755,1.0000305189751728,2.000030518975173,-1.242,29.9856,-1.0,30.00000000000001,0.003902130837041745,0.001319530515383428,-0.0025491562785330893,287.125813820927,1.0,0.00017042086245584633,293.2813139468373,293.7895404236123,293.75214937119944,293.6599605004173,293.4406328697179,0.4057392229061371,0.40564247501130574,0.3931026099206469,0.4281972213150647,82894.421,292.74833071739135,-0.23679903316879924,0.08010602432969542,91.2359454865471,-0.29945403327541253,87.97498747909816,95.60859419931785,4.14680928165948,3.788691892625956,0.8474196037367195,5.629117861714463,0.7652214915434259
2050-04-01,Kabale,17455.652201526806,0.9086567073077686,19.0,0.0,1.0,0.0186623533181755,1.0000305189751728,2.000030518975173,-1.242,29.9856,-1.0,30.00000000000001,0.004724584078563552,0.0015508538966072345,-0.002544224574297174,287.48115571283284,1.0,0.00018556636863311955,293.31619781416634,293.8436366245416,293.8200628437716,293.7606791168384,293.55088765664124,0.4111381572293855,0.41141379456103416,0.39689478738457346,0.42664856580057703,82894.421,292.75187503623334,-0.38077400433614633,0.2759890310278262,108.57763015890968,-0.3370060989581503,93.3762573165937,98.58293921634508,4.940980112423428,5.154541539143931,1.3831179845944153,5.748507904959385,1.313009925532487
2050-05-01,Kabale,17455.652201526806,0.9086567073077686,19.0,0.0,1.0,0.0186623533181755,1.0000305189751728,2.000030518975173,-1.242,29.9856,-1.0,30.00000000000001,0.005058243094664214,0.001963304113030531,-0.002544224574297174,287.7121661994577,1.0,0.00019285331395736257,293.1012983090214,293.6542666955775,293.66169992629153,293.6895020883954,293.6168054385614,0.41627983254465234,0.4181799564917433,0.40692450385346524,0.42938984646882566,82894.421,292.57750728354375,-0.5379983670633457,0.5177680977359098,115.26797448048019,-0.4170296901499684,104.45074694686879,99.61169421301399,5.3099325853123345,5.688447260953963,1.8581713807612328,5.96193443001048,1.7880706072274937
2050-06-01,Kabale,17455.652201526806,0.9086567073077686,19.0,0.0,1.0,0.0186623533181755,1.0000305189751728,2.000030518975173,-1.242,29.9856,-1.0,30.00000000000001,0.004374554695173344,0.002034055499950851,-0.0025402793500000002,287.24739169534473,1.0,0.00017231541552856545,292.9027435174845,293.4343947659913,293.4550960272022,293.5351814369321,293.5925880159091,0.4006612341505998,0.4057517815683973,0.40418895324723203,0.4321689560525619,82894.421,292.5032730641655,-0.5814425087427026,0.6597766430274198,92.20248395483475,-0.5091813449065165,105.32864922459834,97.55406069129954,4.27750685147405,4.545998884928114,1.764297374822424,5.675091875447549,1.7152791067132123
2050-07-01,Kabale,17455.652201526806,0.9086567073077686,19.0,0.0,1.0,0.0186623533181755,1.0000305189751728,2.000030518975173,-1.242,29.9856,-1.0,30.00000000000001,0.003071604581856255,0.0016271176054608206,-0.0025402793500000002,286.2591860699378,1.0,0.00013390077560017152,292.93115952465706,293.41845765941304,293.42125671271515,293.46069721447964,293.5194211056302,0.3714501039756764,0.3781770314209087,0.3846167998272916,0.4307344176240984,82894.421,292.60433306652925,-0.5688572227424901,0.6837657534286411,62.460899430013114,-0.4838428571507524,90.19503135664426,92.85344465096789,2.9122915872555555,3.2368506776640484,1.0526460295097277,4.907015618515882,0.9916428049514318
2050-08-01,Kabale,17455.652201526806,0.9086567073077686,19.0,0.0,1.0,0.0186623533181755,1.0000305189751728,2.000030518975173,-1.242,29.9856,-1.0,30.00000000000001,0.002750117201046959,0.0011169058109988285,-0.0025402793500000002,285.7097081439984,1.0,0.00011864304700274796,293.0985531902693,293.56253364279945,293.54361802520043,293.528507925573,293.4844580955607,0.3573737020826129,0.3613020043039017,0.36192937575183254,0.4240135496949535,82894.421,292.70218007678244,-0.5099029612468965,0.5936500312376319,48.34342377245674,-0.4066335734884352,67.62956334567139,87.36729402782511,2.153406746034824,2.5273002455706437,0.5192315681589089,4.325313585666971,0.4646837759471996
2050-09-01,Kabale,17455.652201526806,0.9086567073077686,19.0,0.0,1.0,0.0186623533181755,1.0000305189751728,2.000030518975173,-1.242,29.9856,-1.0,30.00000000000001,0.0033839465326793577,0.001001934633661586,-0.0025402793500000002,285.96992971635046,1.0,0.000131616909160197,293.228170041996,293.7125294881235,293.6830340768527,293.6293418187176,293.5059947335978,0.3690601037790711,0.3690588261949839,0.3587695239887778,0.41765335747311577,82894.421,292.6699820723702,-0.4918776336385178,0.4915731764863827,64.92506373446284,-0.49531152476946677,57.99267520136052,82.92943479623462,2.8977455391534934,2.982580810432186,0.5892961919480931,4.44683076793016,0.5187545656356589
2050-10-01,Kabale,17455.652201526806,0.9086567073077686,19.0,0.0,1.0,0.0186623533181755,1.0000305189751728,2.000030518975173,-1.242,29.9856,-1.0,30.00000000000001,0.004650593954247033,0.001279370337809527,-0.0025402793500000002,286.7490115352808,1.0,0.00016139685634938912,293.1456505956565,293.6788284705245,293.66938215497174,293.66754147706985,293.5522215477474,0.39723654403833714,0.3950669953816901,0.3739298915852743,0.4152258659358665,82894.421,292.4901056413856,-0.44985973499484766,0.3742700102469976,90.44363759086373,-0.6695954482450466,67.13186046292215,79.75518619594698,4.083455658039526,3.827714582673464,1.1197338748197436,5.123864831350962,1.0505288826179475
2050-11-01,Kabale,17455.652201526806,0.9086567073077686,19.0,0.0,1.0,0.0186623533181755,1.0000305189751728,2.000030518975173,-1.242,29.9856,-1.0,30.00000000000001,0.0054301390743476535,0.00168340301909863,-0.0025402793500000002,287.3019175075587,1.0,0.00018680308446289147,292.8879679517858,293.46163783649365,293.47757104420344,293.54572416975185,293.55333159205236,0.4171659428986942,0.41757920058143466,0.39922838731655347,0.41898251366324235,82894.421,292.2271105823939,-0.40947993746342926,0.27987662535789615,107.84119923693821,-0.5732576761078579,87.48144502228928,78.54468654243121,4.896208610737099,4.51656070132826,1.678457100530057,5.827905793064816,1.6039050548313576
2050-12-01,Kabale,17455.652201526806,0.9086567073077686,19.0,0.0,1.0,0.0186623533181755,1.0000305189751728,2.000030518975173,-1.242,29.9856,-1.0,30.00000000000001,0.005386798500171816,0.001945505918087033,-0.0025402793500000002,287.4558344515622,1.0,0.00020122901250965437,292.69861581766105,293.2784784102764,293.2991266742958,293.3914780185136,293.48588660499723,0.4245857364369727,0.42666460026168157,0.4159855408427943,0.42648736166054624,82894.421,292.0848084882703,-0.34447240403953056,0.1708775687213228,105.20313569491833,-0.4609142407950739,101.33804165447141,80.75919375223253,4.811556902876297,4.3255487325191915,1.8712154588480587,6.219306700844439,1.8121024038364233
2025-07-01,Kampala,11573.29113153154,0.4988173897120534,19.0,0.0720095219202539,0.927990478079746,0.5011826102879465,1.0000305189751728,3.000045778462759,0.3152,32.5816,0.300000000000001,32.60000000000005,0.0026753950400634423,0.00047635331520544345,-0.0033369300600000003,290.47287630849064,1.0,9.971326603822004e-05,294.5616053870392,295.17137835609253,295.2101408227421,295.2987612707359,295.5659592344995,0.33293824440156594,0.327487467219007,0.3287578145457466,0.352839640592028,88371.82756976437,294.46323866343425,-0.035360164264627035,0.8762832947031465,84.64459823090695,4.398079378361563,103.25619170608778,118.35165261705369,3.742523055221854,5.546140896488383,0.16526377523210872,10.666096679609684,0.024378672061458773
2025-08-01,Kampala,11573.29113153154,0.4988173897120534,19.0,0.0720095219202539,0.927990478079746,0.5011826102879465,1.0000305189751728,3.000045778462759,0.3152,32.5816,0.300000000000001,32.60000000000005,0.0029705072595374287,0.0003972752395801837,-0.0033369300600000003,290.6711169579636,1.0,0.00011247222712581652,294.6649299652726,295.26790074051485,295.2882913883136,295.33208314790284,295.5088333963748,0.3368330105253641,0.32800797297244416,0.323421640874655,0.349679729254211,88358.99101240624,294.5088815521163,-0.041579728975443334,0.6345332218443254,94.17251161697604,4.627461849583909,97.29186946907475,119.87584475286855,4.248677862736991,5.916620604105487,0.16592359169556906,10.609707772889763,0.012189336030729386
2025-09-01,Kampala,11573.29113153154,0.4988173897120534,19.0,0.0720095219202539,0.927990478079746,0.5011826102879465,1.0000305189751728,3.000045778462759,0.3152,32.5816,0.300000000000001,32.60000000000005,0.0032314202836653035,0.00037462297847649603,-0.0033577918588157257,290.8932619587402,1.0,0.00012235246833456473,294.7898553358835,295.3920438801154,295.3949765028511,295.3949549126609,295.48832736651593,0.3424218112427646,0.33300418865378456,0.3235212550746081,0.3473049052169455,88337.17716674507,294.59815896382696,-0.0061196974255052035,0.4780050555287246,108.44389135651215,4.682972785909832,100.57454305260467,120.24711160183797,4.909970663718255,6.748019572944354,0.14859529812549457,10.686615095888442,0.008126224020486258
2025-10-01,Kampala,11573.29113153154,0.4988173897120534,19.0,0.0720095219202539,0.927990478079746,0.5011826102879465,1.0000305189751728,3.000045778462759,0.3152,32.5816,0.300000000000001,32.60000000000005,0.003803150360108422,0.00037878717623456216,-0.0033722728599091824,291.25927814530957,1.0,0.00014315264176937334,294.9779653865146,295.57319491625753,295.5571878223299,295.5043909041249,295.4724245572133,0.3526593291407604,0.34248547900952375,0.326043389112471,0.34359416051728736,88299.12947783491,294.72044169086763,0.07503313119959996,0.2300160190486009,129.65380007985283,4.644176870878792,109.09368312630356,119.95550811967927,5.929213686063039,8.200871045473809,0.32749958208092894,10.856633220188556,0.10364460613546385
2025-11-01,Kampala,11573.29113153154,0.4988173897120534,19.0,0.0720095219202539,0.927990478079746,0.5011826102879465,1.0000305189751728,3.000045778462759,0.3152,32.5816,0.300000000000001,32.60000000000005,0.004369015037791471,0.0005668387514124808,-0.0033722728599091816,291.48018161428354,1.0,0.00016416630689142654,295.0455249733688,295.63419283677854,295.62062820334364,295.5753956805875,295.5078041539409,0.3632201111545301,0.35496459562124133,0.3374496628439699,0.34380959612032314,88264.51067361457,294.77606466185574,0.17325142446166078,0.23025301569172474,149.24939022093497,4.603852800892582,128.16417308525666,119.98073657964892,6.814892587698037,9.530017507716957,0.7760774672264191,11.205447833354762,0.4043255765148935
2025-12-01,Kampala,11573.29113153154,0.4988173897120534,19.0,0.0720095219202539,0.927990478079746,0.5011826102879465,1.0000305189751728,3.000045778462759,0.3152,32.5816,0.300000000000001,32.60000000000005,0.004429329710542049,0.0007897609384387065,-0.0033596625217210095,291.486222193721,1.0,0.00016789142906050458,295.0521347741283,295.62608511237227,295.6224204243477,295.5873853182231,295.54153338618187,0.36662154312560974,0.3603986320593387,0.3474326831613898,0.3472730130950996,88246.68886935373,294.8236211775862,0.2193781848924252,0.40435947590313237,144.47867616859915,4.556975731752195,140.5973989268603,121.93897045594993,6.589221016586741,9.184000646074411,1.1683889658047482,11.432152503168192,0.684013726859441
2026-01-01,Kampala,11573.29113153154,0.4988173897120534,19.0,0.0720095219202539,0.927990478079746,0.5011826102879465,1.0000305189751728,3.000045778462759,0.3152,32.5816,0.300000000000001,32.60000000000005,0.004034124468319421,0.0008417268135281105,-0.003422267373953349,291.3191541348752,1.0,0.00015177881929717373,295.1418412219343,295.71211351593996,295.6971501370891,295.6387137694557,295.5698205264754,0.3594331255348169,0.35418114610313484,0.3473797630563962,0.35034848539279073,88236.89809859866,294.9835127668122,0.19013739771123542,0.6431605253178329,126.46873412975037,4.7566067069697935,139.56718606031225,125.60257875197935,5.750107343044945,8.060253167781147,1.073553473122865,11.33982507397029,0.6727244075529724
2026-02-01,Kampala,11573.29113153154,0.4988173897120534,19.0,0.0720095219202539,0.927990478079746,0.5011826102879465,1.0000305189751728,3.000045778462759,0.3152,32.5816,0.300000000000001,32.60000000000005,0.003509319051481536,0.0006929816046710655,-0.003522725756689765,291.2647369464335,1.0,0.0001244849059572617,295.3761961205782,295.9486908871066,295.911629771447,295.8047289846365,295.6403842044751,0.3465338284208303,0.3405853803454347,0.33677079901787993,0.3497203592280777,88223.05626989686,295.24862431555795,0.15437754407554816,0.9067968770254607,100.60703227764058,4.8391474029209265,123.82064671227943,126.74035226194167,4.5532472619299975,6.66338757778929,0.6663948134209627,10.962192395235059,0.38482557040959636
2026-03-01,Kampala,11573.29113153154,0.4988173897120534,19.0,0.0720095219202539,0.927990478079746,0.5011826102879465,1.0000305189751728,3.000045778462759,0.3152,32.5816,0.300000000000001,32.60000000000005,0.0037307389309587775,0.0005543769964967753,-0.0035837241396082485,291.3742114107297,1.0,0.00011736252536352237,295.57808153282605,296.16240489174066,296.10712263980093,295.97799486627514,295.7689912033014,0.34227910415707785,0.3344949929745665,0.32643441824891667,0.3456637952323593,88210.17039282655,295.4462166201634,0.179075605513763,1.1160004319276242,107.04475047456576,5.012921471645395,110.99205484131556,126.38117433974257,4.881015352257307,7.649197868236507,0.5367503631366,10.717868450748874,0.26693639150437676
2026-04-01,Kampala,11573.29113153154,0.4988173897120534,19.0,0.0720095219202539,0.927990478079746,0.5011826102879465,1.0000305189751728,3.000045778462759,0.3152,32.5816,0.300000000000001,32.60000000000005,0.004501063419997683,0.000696115206430339,-0.0035066382862824525,291.59334065861077,1.0,0.00013608672716057847,295.5101291396517,296.09844023118876,296.07667786619294,296.02547495951245,295.8793951274774,0.3520937291385109,0.34369819258642953,0.33036682940144974,0.34346305383607817,88213.05275325368,295.38323913926223,0.20459115220063684,1.3318258632217754,131.56459714594953,5.062058911755072,112.6926703305382,126.71486907026917,6.01085357218735,9.344943095373745,1.104709358731389,10.91489174719072,0.6173515137325178
2026-05-01,Kampala,11573.29113153154,0.4988173897120534,19.0,0.0720095219202539,0.927990478079746,0.5011826102879465,1.0000305189751728,3.000045778462759,0.3152,32.5816,0.300000000000001,32.60000000000005,0.004998939154103213,0.0010211682543219516,-0.0034061799035460367,291.6593838916892,1.0,0.00015661919254366467,295.28047495161815,295.8660294670496,295.87456319515815,295.8965005012626,295.92453721134467,0.3649195158204744,0.35782673594915754,0.3440977873643624,0.3467497014712961,88249.40825623942,295.1951185302058,0.1790810480228138,1.450288839204976,150.86439947757754,4.83714592040153,129.05705776624933,127.32455297061381,6.884786525852959,10.607788328628619,1.8966760751238734,11.356233544961633,1.1530946485068612
2026-06-01,Kampala,11573.29113153154,0.4988173897120534,19.0,0.0720095219202539,0.927990478079746,0.5011826102879465,1.0000305189751728,3.000045778462759,0.3152,32.5816,0.300000000000001,32.60000000000005,0.004540663545916903,0.0011005869909107883,-0.0033369300600000003,291.4150824860414,1.0,0.0001528774164579586,294.9718568454677,295.5650277238619,295.60758389191705,295.7157194618212,295.8692056889375,0.36604041597131426,0.36043700223348635,0.35185772507363433,0.3520675720221517,88303.54709400224,294.924274968309,0.09078827276999146,1.3825134388254396,134.26272536076561,4.790186984814314,138.00765128167166,125.74963624485868,6.0928031814166745,9.056125273599873,1.8262778042755519,11.499577828632598,1.1038972055110967
2026-07-01,Kampala,11573.29113153154,0.4988173897120534,19.0,0.0720095219202539,0.927990478079746,0.5011826102879465,1.0000305189751728,3.000045778462759,0.3152,32.5816,0.300000000000001,32.60000000000005,0.0035762952380263267,0.0008908597084932661,-0.0033369300600000003,290.9860526874653,1.0,0.00012831506835983008,294.7702244678374,295.3716451129431,295.4089207420372,295.5170671822705,295.75583112740827,0.35302096732939275,0.3476401322777946,0.345068910425379,0.3544061830639693,88349.87845636345,294.7200797549383,0.01277641485149083,1.1953881257728591,104.34010571070472,4.885915682806047,128.88185763985237,122.28077616116128,4.704489348137859,7.026212225458856,1.1203702192102105,11.20231368123993,0.6611267964539602
2026-08-01,Kampala,11573.29113153154,0.4988173897120534,19.0,0.0720095219202539,0.927990478079746,0.5011826102879465,1.0000305189751728,3.000045778462759,0.3152,32.5816,0.300000000000001,32.60000000000005,0.003026377178724813,0.0005201738991128503,-0.0033369300600000003,290.7361124296017,1.0,0.00011357900498780911,294.6969183084677,295.31171546294996,295.33399935077625,295.4105647395882,295.61152997763054,0.3422203593160447,0.33450815092869507,0.32988449996751784,0.3510111831373465,88362.42224855813,294.5946461157716,-0.025189103412359515,0.8275011545076113,91.03851511539229,4.936462818750848,109.0515860437431,120.66645249235326,4.1343955698233215,5.863799390051677,0.23874254802277253,10.769254309298129,0.11260152844356323
2026-09-01,Kampala,11573.29113153154,0.4988173897120534,19.0,0.0720095219202539,0.927990478079746,0.5011826102879465,1.0000305189751728,3.000045778462759,0.3152,32.5816,0.300000000000001,32.60000000000005,0.00318451018460833,0.00034836816741385816,-0.003345502731878168,290.85227056779996,1.0,0.00011988181583095408,294.80115287098755,295.4082411652386,295.40738704079985,295.4147358209261,295.5079744808481,0.341664366944626,0.3322105487191558,0.32172443717105587,0.3454820551827639,88340.87279582192,294.6244769570507,-0.005593213919764264,0.5236940273281333,104.90631157771554,4.764042617916869,99.89542113222258,120.40534753768306,4.7857837340303595,6.815377801441713,0.04216678294978138,10.624096701283806,0.0
2026-10-01,Kampala,11573.29113153154,0.4988173897120534,19.0,0.0720095219202539,0.927990478079746,0.5011826102879465,1.0000305189751728,3.000045778462759,0.3152,32.5816,0.300000000000001,32.60000000000005,0.003759049931039046,0.0003617525381871788,-0.003345502731878169,291.2091704942578,1.0,0.0001419057217469695,294.9758603030059,295.57367739251004,295.55971222272706,295.52083007945384,295.48821661199185,0.35132346505065026,0.34119727742945155,0.32390076176069976,0.3413216683201619,88298.96703249223,294.7295367079478,0.0754644891394553,0.2512187121557641,131.40814381677566,4.646586127017542,108.8610486794321,120.05597668139599,5.982952708481462,8.296081568932513,0.2779288786427527,10.764233975349073,0.09833591118131219
2026-11-01,Kampala,11573.29113153154,0.4988173897120534,19.0,0.0720095219202539,0.927990478079746,0.5011826102879465,1.0000305189751728,3.000045778462759,0.3152,32.5816,0.300000000000001,32.60000000000005,0.004326771215144037,0.0005484310062084854,-0.003345502731878168,291.44247917048335,1.0,0.0001639012206440825,295.0535817389493,295.63693961622863,295.6278497962982,295.5897795252146,295.5189310597372,0.3614500352017576,0.3530536129844126,0.33549714160506894,0.3412166720738246,88262.91594353279,294.78524838602226,0.1719983702200021,0.23920909861298814,150.7414825359822,4.804871830965769,128.3495263230631,119.86881770765456,6.8582700799374345,9.585900984308752,0.7742746994817374,11.111582586526737,0.3975851159032424
2026-12-01,Kampala,11573.29113153154,0.4988173897120534,19.0,0.0720095219202539,0.927990478079746,0.5011826102879465,1.0000305189751728,3.000045778462759,0.3152,32.5816,0.300000000000001,32.60000000000005,0.004383950233972514,0.0007696933315951728,-0.0033369300600000003,291.44924774081454,1.0,0.00016781740210745672,295.05927881941017,295.6327682346013,295.6260958309328,295.5995090399526,295.55156840847144,0.3646753437363957,0.3582948233168574,0.34565438390177605,0.34516012983584604,88245.45738473395,294.83690353855775,0.2150567102331029,0.3812052351902025,147.07209321987375,4.99523929900257,141.63856427260438,121.90567106965985,6.659660351858271,9.222726570466177,1.153517030498931,11.34603779127903,0.6592807965083243
2027-01-01,Kampala,11573.29113153154,0.4988173897120534,19.0,0.0720095219202539,0.927990478079746,0.5011826102879465,1.0000305189751728,3.000045778462759,0.3152,32.5816,0.300000000000001,32.60000000000005,0.004005753897552659,0.0008150336877736311,-0.0034000300164648326,291.3011469394683,1.0,0.00015165345871662582,295.16803520007375,295.73490742613797,295.71463206243493,295.65184297957967,295.58089184218085,0.358157021009388,0.35252539377914305,0.3453560868495926,0.3486998395822836,88236.80533071171,295.01782594242326,0.18599693293741995,0.6251884276950306,126.07988752020732,4.936818623673999,140.08130988194853,125.90158198368879,5.715616379775136,8.062568548775547,1.054034975011494,11.295204193831696,0.6321933278125325
2027-02-01,Kampala,11573.29113153154,0.4988173897120534,19.0,0.0720095219202539,0.927990478079746,0.5011826102879465,1.0000305189751728,3.000045778462759,0.3152,32.5816,0.300000000000001,32.60000000000005,0.0034636373184562612,0.0006611279478285723,-0.0034898685678211236,291.2533217765557,1.0,0.00012265863240384974,295.3932741115337,295.9639856165517,295.9235305511595,295.81837043475105,295.6538131266362,0.3452772155638349,0.3388007239362332,0.3347683069605443,0.34847469303284867,88225.15055531036,295.2756685125719,0.15293782639003722,0.9100046095095048,100.35986616361178,4.771559601701114,123.8220559589909,127.64623789998677,4.515393753929961,6.713068853669635,0.6038683874470605,10.912454499513293,0.33294412309060223
2027-03-01,Kampala,11573.29113153154,0.4988173897120534,19.0,0.0720095219202539,0.927990478079746,0.5011826102879465,1.0000305189751728,3.000045778462759,0.3152,32.5816,0.300000000000001,32.60000000000005,0.003711131608289682,0.0005317872512069828,-0.0035405791085377247,291.3484364935942,1.0,0.00011711684002118359,295.576541908397,296.1685267631115,296.11887612974255,295.98525087811663,295.7800627970916,0.34124103072114426,0.33292810603296136,0.32432757557426534,0.3436368973173048,88209.65139319921,295.4498718273175,0.17757985447323985,1.1307432176947914,106.64321027992645,4.5906407910742395,110.08305207497683,126.8262308360621,4.851052601463025,7.714481120399246,0.47867902810709967,10.65719184296048,0.2339896735215575
2027-04-01,Kampala,11573.29113153154,0.4988173897120534,19.0,0.0720095219202539,0.927990478079746,0.5011826102879465,1.0000305189751728,3.000045778462759,0.3152,32.5816,0.300000000000001,32.60000000000005,0.004437364004264289,0.0006644313212280486,-0.003477479152072893,291.5475176872112,1.0,0.0001344323308072209,295.51179719585065,296.1153769329966,296.088745945738,296.0320952445761,295.88387179376764,0.3500361958085944,0.3417669314190615,0.32821235754016465,0.3408860490458747,88213.15538396209,295.38259418763556,0.20344415417501602,1.3480469694208714,130.77609446859915,4.572437344847565,111.63661521025433,126.65728756488629,5.948703506727553,9.396455716917876,0.9797885941582964,10.836777918261058,0.5749579672560113
2027-05-01,Kampala,11573.29113153154,0.4988173897120534,19.0,0.0720095219202539,0.927990478079746,0.5011826102879465,1.0000305189751728,3.000045778462759,0.3152,32.5816,0.300000000000001,32.60000000000005,0.004976875746622593,0.001005363933613775,-0.003387640600716601,291.5998835208303,1.0,0.0001572285551838987,295.2870149891528,295.889737181841,295.89067244029934,295.9054430024583,295.9247234464996,0.3628002611210093,0.356150693131085,0.341699864385572,0.34382304869249364,88247.31162031148,295.20001669375046,0.17737740866779803,1.4662952129585474,151.97069005010178,4.685986846790482,128.54066802174322,126.9583484671234,6.875500866670184,10.63112634191812,1.8903635196719115,11.268277102877606,1.1485316006938897
2027-06-01,Kampala,11573.29113153154,0.4988173897120534,19.0,0.0720095219202539,0.927990478079746,0.5011826102879465,1.0000305189751728,3.000045778462759,0.3152,32.5816,0.300000000000001,32.60000000000005,0.004506857096267374,0.0010788266067631037,-0.0033369300600000003,291.4023956348802,1.0,0.00015334349769553063,295.00806778344617,295.60888678833936,295.63487453744966,295.7304853086412,295.87109479389864,0.36414014209212375,0.3587995957900092,0.3496485043132431,0.34958721887744565,88300.85852751,294.954314705595,0.09070270239364668,1.363693230550347,137.09098207144777,4.783115802548558,138.96059034793066,126.4546310195969,6.137585875877458,9.046729393649583,1.8239333844575392,11.426397805678825,1.0861017574977014
2027-07-01,Kampala,11573.29113153154,0.4988173897120534,19.0,0.0720095219202539,0.927990478079746,0.5011826102879465,1.0000305189751728,3.000045778462759,0.3152,32.5816,0.300000000000001,32.60000000000005,0.003556969341377066,0.0008794821040677908,-0.0033369300600000003,290.98067594910003,1.0,0.00012957804922485234,294.8004591543101,295.4096766787464,295.4344423736787,295.5387998259247,295.76349703369095,0.35175664066398804,0.3460786615894853,0.343291462652533,0.3525665767273918,88348.9656594915,294.7563034359078,0.011932246542388059,1.1920787372141353,105.05547924936843,4.956832080334917,129.9944946253553,123.02466813102514,4.738021295176605,7.04042692380899,1.1853356513204396,11.141375650864303,0.6738850212777273
2027-08-01,Kampala,11573.29113153154,0.4988173897120534,19.0,0.0720095219202539,0.927990478079746,0.5011826102879465,1.0000305189751728,3.000045778462759,0.3152,32.5816,0.300000000000001,32.60000000000005,0.002996361316607661,0.0004974657160910055,-0.0033369300600000003,290.72347517188626,1.0,0.00011321188607902318,294.7216563710049,295.34067621527305,295.3573233395072,295.436962538704,295.6242711031313,0.34142289829247385,0.333111389615205,0.32799180393642874,0.3491525850755128,88362.82744225557,294.6347187715016,-0.025419563385636435,0.8027176914097889,89.8320827815907,4.930222070155513,109.41042143719017,121.12290366545851,4.138552461886197,5.894390443798766,0.2212954191639623,10.726633011759269,0.10031138783984883
2027-09-01,Kampala,11573.29113153154,0.4988173897120534,19.0,0.0720095219202539,0.927990478079746,0.5011826102879465,1.0000305189751728,3.000045778462759,0.3152,32.5816,0.300000000000001,32.60000000000005,0.003155085984001372,0.0003224296472213326,-0.0033369300600000003,290.8116644589323,1.0,0.00011825092865988696,294.81489203996057,295.42445024764976,295.4218447421368,295.437115766036,295.52540821683164,0.34035100662605394,0.3307337132513563,0.31975869060969625,0.3433566027006448,88343.58164348912,294.661679303624,-0.006571365407608221,0.554191185457678,100.68139853487928,4.874856422582732,98.2793192814526,120.15167304101658,4.717179611178053,6.861186865010225,0.02403642993214818,10.570743635002444,0.0
2027-10-01,Kampala,11573.29113153154,0.4988173897120534,19.0,0.0720095219202539,0.927990478079746,0.5011826102879465,1.0000305189751728,3.000045778462759,0.3152,32.5816,0.300000000000001,32.60000000000005,0.003746272443295114,0.00033741282869561933,-0.0033369300600000003,291.1691457568724,1.0,0.0001410558569625919,294.975056664799,295.5720524845616,295.5595547650748,295.5330884864235,295.50410394613556,0.34977722853828447,0.3394628626743594,0.3215511223444211,0.33872064181980877,88297.90065000668,294.73939065791484,0.07707587916804938,0.2686488943074002,132.96714084324614,4.797697704012124,107.62557274082481,119.98878575970127,6.063015481607916,8.347018639888057,0.24995626084944642,10.681688980217396,0.09080810955756714
2027-11-01,Kampala,11573.29113153154,0.4988173897120534,19.0,0.0720095219202539,0.927990478079746,0.5011826102879465,1.0000305189751728,3.000045778462759,0.3152,32.5816,0.300000000000001,32.60000000000005,0.004308993650392546,0.0005244819243816083,-0.0033369300600000003,291.4150101567787,1.0,0.0001640460878345134,295.0592787478167,295.6445026748235,295.6309912759795,295.59817384863965,295.5328712678655,0.35962770716346243,0.35137669081955747,0.333232786075924,0.33849059860036584,88260.58664684278,294.792479967925,0.17222902843887078,0.2550286696705047,151.8363467877757,4.980920150154275,127.93535054884087,119.756447469936,6.927967357541298,9.602606075633126,0.7491107675398708,11.036768002707888,0.3772546380533159
2027-12-01,Kampala,11573.29113153154,0.4988173897120534,19.0,0.0720095219202539,0.927990478079746,0.5011826102879465,1.0000305189751728,3.000045778462759,0.3152,32.5816,0.300000000000001,32.60000000000005,0.004361129605978357,0.0007527496526013852,-0.0033369300600000003,291.417464164708,1.0,0.00016872408577014194,295.0701138487248,295.6470719698827,295.63533652139904,295.6108809028588,295.561894396706,0.3631565213783596,0.3564715036125196,0.3435602657821968,0.3428922059328365,88243.57335212802,294.8436034506906,0.21531648618449664,0.3622611084500078,149.39245480425993,5.040702610935066,143.19798205987274,122.17111577639969,6.733144003289709,9.224305414645064,1.130914692768375,11.278998240506729,0.6389451138119212
2028-01-01,Kampala,11573.29113153154,0.4988173897120534,19.0,0.0720095219202539,0.927990478079746,0.5011826102879465,1.0000305189751728,3.000045778462759,0.3152,32.5816,0.300000000000001,32.60000000000005,0.003988638905476294,0.0007965186187044998,-0.003389633808396457,291.2843336870152,1.0,0.00015192449422533105,295.1951382590007,295.766021995574,295.7401883243583,295.67126583891,295.59038856462865,0.357120913225613,0.35140351226867544,0.3437687861745086,0.34670383609791905,88237.66075653485,295.0516746677609,0.1826365463603756,0.5990880061550096,125.08721362284018,5.0743910999093025,141.18430286013987,126.2405102634868,5.676105387221891,8.047216842399688,1.042695614692074,11.252699985668132,0.604215845944489
2028-02-01,Kampala,11573.29113153154,0.4988173897120534,19.0,0.0720095219202539,0.927990478079746,0.5011826102879465,1.0000305189751728,3.000045778462759,0.3152,32.5816,0.300000000000001,32.60000000000005,0.003423613069332726,0.0006369050181843213,-0.003466310210454637,291.2445057948351,1.0,0.00012165264598220879,295.41450116598617,295.9882120199411,295.9439443530637,295.83467000603235,295.66863296352943,0.3441117864019301,0.3372456159334809,0.3333753724033421,0.3468200508941586,88227.61979302183,295.3027475160422,0.15224126878314345,0.908276141771276,99.55518336539187,5.0120940494077475,124.28036952158435,128.79894619898792,4.483241019768223,6.706840773759268,0.566672307107348,10.855697587339074,0.31776931744874026
2028-03-01,Kampala,11573.29113153154,0.4988173897120534,19.0,0.0720095219202539,0.927990478079746,0.5011826102879465,1.0000305189751728,3.000045778462759,0.3152,32.5816,0.300000000000001,32.60000000000005,0.003614477059308518,0.0004923023228394553,-0.0035128274644410005,291.3929182187799,1.0,0.00011308504511904085,295.60773169609274,296.18682536197343,296.13087560786425,295.9967674182982,295.79210137358956,0.33900685884219023,0.330640766855919,0.3226888754027193,0.34302161547805815,88211.14559860236,295.48704232656075,0.17801370441570005,1.1824690968927654,106.55605344840649,5.08904045127165,111.19239534716002,130.2327183525134,4.804945588161451,7.622339904601245,0.4444212385322626,10.591347980597105,0.18007957782980655
2028-04-01,Kampala,11573.29113153154,0.4988173897120534,19.0,0.0720095219202539,0.927990478079746,0.5011826102879465,1.0000305189751728,3.000045778462759,0.3152,32.5816,0.300000000000001,32.60000000000005,0.004438388011047566,0.0006424647182045237,-0.0034601237160445442,291.61279808825435,1.0,0.00013423884109518817,295.5022243839873,296.09072385235123,296.06780344359026,296.02967605227775,295.8925092365707,0.34892192624270857,0.3399938223479788,0.3276166099277547,0.3408821200682061,88215.60435839766,295.37754949283135,0.20419323330870434,1.4051671818196547,131.7196312555125,5.209409770619801,113.22136263225359,130.17056909867804,5.971749507194875,9.407732025106197,1.085203650056141,10.786784998513527,0.5819569963938954
2028-05-01,Kampala,11573.29113153154,0.4988173897120534,19.0,0.0720095219202539,0.927990478079746,0.5011826102879465,1.0000305189751728,3.000045778462759,0.3152,32.5816,0.300000000000001,32.60000000000005,0.0049176299680584595,0.0009663570724864498,-0.0033834473139863637,291.65973169975234,1.0,0.00015454028393151087,295.2860561193612,295.877381743602,295.8789237231874,295.91447750314484,295.93432399999995,0.3625109443334444,0.3550891546544365,0.34106455438608313,0.3437678627155796,88251.86784889192,295.20479677375005,0.17578970279821005,1.4392312510126717,149.89432732246732,5.020076576416469,129.4771111208648,129.23494378572792,6.811217498839713,10.704171304225895,1.70904788220622,11.254854141529249,1.0276143892826697
2028-06-01,Kampala,11573.29113153154,0.4988173897120534,19.0,0.0720095219202539,0.927990478079746,0.5011826102879465,1.0000305189751728,3.000045778462759,0.3152,32.5816,0.300000000000001,32.60000000000005,0.004493906617935343,0.0010521650667079203,-0.0033369300600000003,291.3296211130835,1.0,0.00015012035236484445,294.96715965802804,295.5766965425696,295.61389915819836,295.74150454963296,295.8886520931163,0.3638594840642381,0.35781612830996057,0.3484778308140745,0.3475859732305513,88308.12259175739,294.9500149165812,0.08746922880749754,1.4333066835273847,130.27859084607474,4.898335959460263,136.69567235079492,125.56473706001431,5.974668115937788,9.232972051751881,1.6131018601018006,11.36961278640689,1.0003081521949004
2028-07-01,Kampala,11573.29113153154,0.4988173897120534,19.0,0.0720095219202539,0.927990478079746,0.5011826102879465,1.0000305189751728,3.000045778462759,0.3152,32.5816,0.300000000000001,32.60000000000005,0.0034764114017130977,0.0008457855208519413,-0.0033369300600000003,290.8852025657855,1.0,0.0001245761354956252,294.77996817225966,295.3923739701284,295.42440100763116,295.5381763628556,295.7816891301689,0.349758208486368,0.3441216737227406,0.3404774196215595,0.34894341226258413,88351.41180855867,294.7523873624571,0.010945608500001145,1.2138267510524037,103.92052154953639,4.9020740778483685,127.55838940178172,121.62829928248651,4.698219801889152,7.169732090493664,0.8869321216361823,11.049533946572538,0.5423518919406765
2028-08-01,Kampala,11573.29113153154,0.4988173897120534,19.0,0.0720095219202539,0.927990478079746,0.5011826102879465,1.0000305189751728,3.000045778462759,0.3152,32.5816,0.300000000000001,32.60000000000005,0.0029775071971305397,0.0004949662103329845,-0.0033369300600000003,290.65411330882245,1.0,0.00011234239310142946,294.71201352116935,295.32851388366595,295.3506676260023,295.434025645668,295.635368617765,0.3383458223471636,0.3303749569059608,0.32524881362985164,0.3454359536284359,88361.16420092218,294.62623214048,-0.025640565007357202,0.867625864442469,94.22956266549208,5.067366793176499,108.9826661898664,120.51432735019598,4.221074333911132,5.93126231598023,0.27937865672776735,10.593080459824263,0.0966944990519022
2028-09-01,Kampala,11573.29113153154,0.4988173897120534,19.0,0.0720095219202539,0.927990478079746,0.5011826102879465,1.0000305189751728,3.000045778462759,0.3152,32.5816,0.300000000000001,32.60000000000005,0.003154894305836462,0.0003213641887259823,-0.0033369300600000003,290.8250175995281,1.0,0.00012167437056736739,294.83738912879573,295.4371635381555,295.4313732059194,295.43868893069885,295.53101945352415,0.33820564178107954,0.3282949591897804,0.31759177334442273,0.3407452432957612,88333.16400761185,294.6540125382112,-0.008402189241391337,0.4661151637769163,113.05112050229859,5.193237319348437,102.45808607024644,121.38709718738188,5.027194185615666,6.838172287443739,0.09173539224662013,10.465288161376945,0.0
2028-10-01,Kampala,11573.29113153154,0.4988173897120534,19.0,0.0720095219202539,0.927990478079746,0.5011826102879465,1.0000305189751728,3.000045778462759,0.3152,32.5816,0.300000000000001,32.60000000000005,0.0037150097782367325,0.0003235316050693559,-0.0033369300600000003,291.19312550312833,1.0,0.00014192753833989068,295.03890913492023,295.6316640318052,295.60534682559336,295.55680216344604,295.5116640508582,0.3487967735393657,0.3382013988218929,0.32036419120609155,0.33752469882372527,88299.16110812385,294.7986692106567,0.07133699818729057,0.22942153524200382,128.6992048837423,4.883964597424634,110.52248706081583,121.12022959590233,5.913595983970954,8.29707878270157,0.21839695985064556,10.668491565205635,0.06987918360078824
2028-11-01,Kampala,11573.29113153154,0.4988173897120534,19.0,0.0720095219202539,0.927990478079746,0.5011826102879465,1.0000305189751728,3.000045778462759,0.3152,32.5816,0.300000000000001,32.60000000000005,0.004273478830994209,0.0005061918320216738,-0.0033369300600000003,291.39808603752454,1.0,0.0001619808701363185,295.0997812023655,295.6838999015675,295.66608005970494,295.6232487761247,295.550665133394,0.35958728169478443,0.35063719409121114,0.3320695514762784,0.33784241189787156,88266.45436437831,294.8526699599772,0.17141109176857694,0.23144492142449924,147.8299896976417,4.935954239650378,129.01214652849865,121.02912039907257,6.794483871009867,9.648393904347435,0.6264409719518841,11.008712427813412,0.33582924191408786
2028-12-01,Kampala,11573.29113153154,0.4988173897120534,19.0,0.0720095219202539,0.927990478079746,0.5011826102879465,1.0000305189751728,3.000045778462759,0.3152,32.5816,0.300000000000001,32.60000000000005,0.0043351297521659615,0.0007186034692576683,-0.0033369300600000003,291.4079615998582,1.0,0.00016495299382190205,295.09849600180655,295.67641549524456,295.6659066790776,295.63563263969735,295.5906284389341,0.362805122685023,0.35607651905497706,0.34206031081374483,0.34084746531698557,88249.08206900071,294.90033205329405,0.21623813940784942,0.43486253270914327,142.32044268704664,4.931113618034448,139.78074216061074,122.73874868591135,6.56009284118375,9.338246880867507,0.9954339906175543,11.230583126139743,0.5818000723680316
2029-01-01,Kampala,11573.29113153154,0.4988173897120534,19.0,0.0720095219202539,0.927990478079746,0.5011826102879465,1.0000305189751728,3.000045778462759,0.3152,32.5816,0.300000000000001,32.60000000000005,0.003945703173645136,0.0007653950474723922,-0.003371459551343757,291.22766961335856,1.0,0.0001488227860375763,295.1631936859503,295.74274362167654,295.7273465300447,295.6822401431452,295.62302344815913,0.3549438075507025,0.3489438663877342,0.3419289656847715,0.3435315770065083,88236.83951900671,295.0354588196919,0.1887870940670552,0.6779795548517296,128.0502148095325,5.1796414942032625,139.18987689886706,126.18211300485535,5.813892544909112,8.215550823861243,0.9176446691159562,11.107820546187492,0.5760331873548197
2029-02-01,Kampala,11573.29113153154,0.4988173897120534,19.0,0.0720095219202539,0.927990478079746,0.5011826102879465,1.0000305189751728,3.000045778462759,0.3152,32.5816,0.300000000000001,32.60000000000005,0.0034240213208358576,0.0006217978855029047,-0.003431056441511775,291.160980974149,1.0,0.00012275968632970225,295.3864445342214,295.96770994712597,295.9292263979649,295.83514279678707,295.6867456362474,0.3422923188706186,0.3351429041575842,0.3309865863430172,0.34257037213889063,88220.57666268572,295.28036601142975,0.150368353541087,0.9190838578659507,102.33838126300564,5.050812968011911,123.53769888270057,126.84581274332088,4.596949365654921,6.792257778661934,0.5601375075590459,10.7475653585184,0.3100831290415201
2029-03-01,Kampala,11573.29113153154,0.4988173897120534,19.0,0.0720095219202539,0.927990478079746,0.5011826102879465,1.0000305189751728,3.000045778462759,0.3152,32.5816,0.300000000000001,32.60000000000005,0.003624917756381444,0.0004969031690016528,-0.003463382187145984,291.2829945053468,1.0,0.00011548146038945803,295.58125058848714,296.1672298999917,296.11371876366417,295.9910686016954,295.79680340183177,0.33767522083418183,0.3286691742280905,0.3206830975312905,0.3393413140355632,88209.6629667856,295.45970537755056,0.17545380249705902,1.1124624874553806,108.40553018395951,5.183869657920055,111.78335025702319,127.31902936897764,4.875102379876124,7.684782636632028,0.46073965990842,10.518163206415098,0.1919094136936724
2029-04-01,Kampala,11573.29113153154,0.4988173897120534,19.0,0.0720095219202539,0.927990478079746,0.5011826102879465,1.0000305189751728,3.000045778462759,0.3152,32.5816,0.300000000000001,32.60000000000005,0.004426599397352325,0.0006407730641846519,-0.003428852695802228,291.5186821678223,1.0,0.00013553722662757586,295.52086590631416,296.10678526782175,296.0848371738562,296.03710564140846,295.89072675822007,0.3481519602803209,0.33879988766741986,0.32493341356885236,0.3375403589141748,88212.12664891937,295.39605961727096,0.2006729453038015,1.3260298805708384,133.1145374194246,5.271340880008297,113.47825867717874,128.04703062183953,5.997466983378538,9.38804880743079,1.067416216688182,10.7318023639832,0.5567936571729905
2029-05-01,Kampala,11573.29113153154,0.4988173897120534,19.0,0.0720095219202539,0.927990478079746,0.5011826102879465,1.0000305189751728,3.000045778462759,0.3152,32.5816,0.300000000000001,32.60000000000005,0.0049101855622959425,0.0009498604616032658,-0.0033692558056342098,291.5989674546673,1.0,0.00015453369748538422,295.3086279149849,295.8954270359071,295.8996078959801,295.9236741047778,295.93432399999995,0.3606804264696553,0.3531255470063563,0.3387080029830732,0.34097589816862667,88249.81028028637,295.2304409030973,0.17699614532297844,1.4488398679285508,150.33380941804705,5.278261326184314,129.6270141873666,128.86691740934307,6.851476504240696,10.691968191853533,1.71555418141777,11.178644497880379,1.0395853010876288
2029-06-01,Kampala,11573.29113153154,0.4988173897120534,19.0,0.0720095219202539,0.927990478079746,0.5011826102879465,1.0000305189751728,3.000045778462759,0.3152,32.5816,0.300000000000001,32.60000000000005,0.004465504628508172,0.001030910918938654,-0.0033369300600000003,291.3137092437603,1.0,0.00015040637044285094,295.0045435669993,295.60360584254425,295.64165334088165,295.75703750893985,295.893015439047,0.3618980483271275,0.3559517172491535,0.3460602595099245,0.3453551241825217,88304.56306818912,294.9829817076684,0.08913991787909908,1.416554013267513,132.2374693826787,5.279958427046705,137.76002012640615,126.25366658728996,6.032899301763089,9.200825837563963,1.6333234184409466,11.306580499204538,1.0054123133168467
2029-07-01,Kampala,11573.29113153154,0.4988173897120534,19.0,0.0720095219202539,0.927990478079746,0.5011826102879465,1.0000305189751728,3.000045778462759,0.3152,32.5816,0.300000000000001,32.60000000000005,0.0034784595241502923,0.0008268444190529935,-0.0033369300600000003,290.8760122421063,1.0,0.00012549613579718028,294.80634915558403,295.41712851392396,295.44348010960545,295.5574395319098,295.7914905920975,0.34845779666369975,0.34275549976786684,0.33884431488054706,0.34727022475338104,88349.22955077041,294.7830091398428,0.011992388846242584,1.2144810951817224,104.19004333111168,5.23589334080993,128.40674405113313,122.40844856196337,4.716196311510305,7.167467080134924,0.9254611896594999,11.003896751869215,0.576415771249952
2029-08-01,Kampala,11573.29113153154,0.4988173897120534,19.0,0.0720095219202539,0.927990478079746,0.5011826102879465,1.0000305189751728,3.000045778462759,0.3152,32.5816,0.300000000000001,32.60000000000005,0.002955284350109813,0.00046602781178546756,-0.0033369300600000003,290.63684531939253,1.0,0.00011190524432720795,294.7347770958117,295.3510505079558,295.3665525095237,295.455896728925,295.65210817197027,0.33750573023761343,0.3294108496035553,0.3236257082782878,0.34363858339418013,88361.01930564689,294.6574495949922,-0.025788001013024614,0.854760338399562,92.8263524713961,5.24077497883743,108.99517773397785,121.02066721875606,4.182383378074923,5.974779810812836,0.19088381919264308,10.550778346866801,0.09362412733531365
2029-09-01,Kampala,11573.29113153154,0.4988173897120534,19.0,0.0720095219202539,0.927990478079746,0.5011826102879465,1.0000305189751728,3.000045778462759,0.3152,32.5816,0.300000000000001,32.60000000000005,0.0031244294523189668,0.0002872629961498517,-0.0033369300600000003,290.7818612286092,1.0,0.00011968606140826045,294.8440177286465,295.4527648482632,295.4488178489714,295.45646799288204,295.54872642832834,0.3371634927585907,0.32723811298947103,0.3158125211538036,0.338632826900602,88336.46159483188,294.68424039475696,-0.006510318243239235,0.4966217101060367,109.01813993667969,5.274563695129338,100.85238692516832,121.28391099362149,4.916815622125969,6.899509645210146,0.003519411154421855,10.411896858849104,0.0
2029-10-01,Kampala,11573.29113153154,0.4988173897120534,19.0,0.0720095219202539,0.927990478079746,0.5011826102879465,1.0000305189751728,3.000045778462759,0.3152,32.5816,0.300000000000001,32.60000000000005,0.0036876584788519107,0.0002922795405461152,-0.0033369300600000003,291.14962006472865,1.0,0.0001404832023026118,295.0341178923907,295.6275296869425,295.6147477331738,295.5688845307895,295.52825242265754,0.34724522575707706,0.3363698584313175,0.3180500594316996,0.33491765566114856,88298.73208040655,294.80751311703995,0.07376579425435867,0.24318958048587058,130.0649050185239,5.260378378510434,109.35997765777648,121.22548361366053,5.950620213162952,8.377148666695984,0.18480102216175776,10.579402311600719,0.06287443682317588
2029-11-01,Kampala,11573.29113153154,0.4988173897120534,19.0,0.0720095219202539,0.927990478079746,0.5011826102879465,1.0000305189751728,3.000045778462759,0.3152,32.5816,0.300000000000001,32.60000000000005,0.0042443157942321915,0.0004752426793621292,-0.0033369300600000003,291.3700195062392,1.0,0.00016137981965665048,295.1035405854436,295.6884695766347,295.6817889956187,295.6344310544005,295.5654033998048,0.35781319727773847,0.3484623945274392,0.32972593144328627,0.3351075839265166,88263.87478962103,294.8608693209722,0.171490235093143,0.24460028729938568,149.48119608202302,5.675769630625645,128.45064257264644,121.14609034829694,6.82897919476574,9.663364124435923,0.6409164530021073,10.934319738122227,0.3245953040076892
2029-12-01,Kampala,11573.29113153154,0.4988173897120534,19.0,0.0720095219202539,0.927990478079746,0.5011826102879465,1.0000305189751728,3.000045778462759,0.3152,32.5816,0.300000000000001,32.60000000000005,0.0043014733795135,0.0006957407064644619,-0.0033369300600000003,291.37797088783674,1.0,0.00016482884003395822,295.1106597954458,295.687455823839,295.6781942921635,295.64724520323233,295.60451667304955,0.36109050706220325,0.3537163833598755,0.33991702869453894,0.3386075664135025,88246.49025330502,294.9148941315346,0.21405410246234466,0.4197082389591049,145.29630644614954,5.570778651750499,140.8794767965339,122.97774127733794,6.62336489717532,9.308136763175664,1.0035153494693272,11.161570188757716,0.5628390611121707
2030-01-01,Kampala,11573.29113153154,0.4988173897120534,19.0,0.0720095219202539,0.927990478079746,0.5011826102879465,1.0000305189751728,3.000045778462759,0.3152,32.5816,0.300000000000001,32.60000000000005,0.003915797098382183,0.0007456815884125242,-0.003360222557145532,291.21017894888263,1.0,0.00014860896846211416,295.1958777816954,295.77698995745567,295.7485798481412,295.6958552848842,295.63901897998215,0.3540900578491919,0.347451055109131,0.33988757460015856,0.34178921110114496,88236.2730642383,295.0715767927032,0.18491589122600552,0.6600449013885202,127.49426932485511,5.591050304864566,140.017156640744,126.45827537999169,5.779887239533683,8.148389116727106,0.919844467122873,11.069960576560087,0.5483002510644887
2030-02-01,Kampala,11573.29113153154,0.4988173897120534,19.0,0.0720095219202539,0.927990478079746,0.5011826102879465,1.0000305189751728,3.000045778462759,0.3152,32.5816,0.300000000000001,32.60000000000005,0.003381661677447813,0.0006000144673756542,-0.0034088713485317655,291.1538327006003,1.0,0.0001212269649008993,295.4102651397441,295.9934863056464,295.9436954636541,295.8452831008886,295.70872094698666,0.34136025047190427,0.33384350154035536,0.3291640281200901,0.341188762996703,88223.03165364428,295.3093988477952,0.14901404460658246,0.9234042056132981,101.97935618213434,5.358582610537408,124.05740175549619,127.71667896439855,4.566418756645181,6.787019511245326,0.5146801175384895,10.693532191114022,0.2865793838799753
2030-03-01,Kampala,11573.29113153154,0.4988173897120534,19.0,0.0720095219202539,0.927990478079746,0.5011826102879465,1.0000305189751728,3.000045778462759,0.3152,32.5816,0.300000000000001,32.60000000000005,0.003601858273711381,0.0004721845596347752,-0.003424057500361064,291.2626344887983,1.0,0.00011453902411895563,295.5979896448927,296.1846069114975,296.1229793827601,295.9985342839378,295.81429797833675,0.33707104209473454,0.32755177696019394,0.3188867437592946,0.33720398001205587,88209.511029687,295.47604243289703,0.1746857050404178,1.1344749661255273,107.97417239574247,5.32630242449807,111.16203258018133,127.4767341803156,4.872773525478646,7.773709683012538,0.4000722399048815,10.450375707928812,0.16712446257632163
2030-04-01,Kampala,11573.29113153154,0.4988173897120534,19.0,0.0720095219202539,0.927990478079746,0.5011826102879465,1.0000305189751728,3.000045778462759,0.3152,32.5816,0.300000000000001,32.60000000000005,0.004366245464547499,0.0006162150190207098,-0.003400765003215532,291.48397770736466,1.0,0.00013347088995540807,295.5316829383209,296.11955115391004,296.0969868856253,296.0441748575291,295.90179452402447,0.3465680934018631,0.33708489786657275,0.3228646398760295,0.33484358732597985,88212.94653222039,295.4122407501406,0.1995699537807769,1.3516003366497007,132.4285761561816,5.205619351012058,112.80625727351851,127.81807770180971,5.982529731303458,9.500856438868169,0.9616897364736824,10.653291702824804,0.5154296900533364
2030-05-01,Kampala,11573.29113153154,0.4988173897120534,19.0,0.0720095219202539,0.927990478079746,0.5011826102879465,1.0000305189751728,3.000045778462759,0.3152,32.5816,0.300000000000001,32.60000000000005,0.004875433455949227,0.0009434174734872236,-0.003352116211829299,291.55174954750595,1.0,0.0001541212329918234,295.3229071679934,295.91206892156634,295.91667237110755,295.93390054415096,295.93432399999995,0.35921542927398936,0.3513507735068262,0.33652544929376066,0.3381340676096048,88248.69300718437,295.25298245131427,0.17366001735103787,1.46896174726166,151.38516957337893,5.309470689674304,129.3926156482437,128.3285499576761,6.871033596097024,10.749610004768057,1.7377289612370477,11.094196199505236,1.0240278395312743
2030-06-01,Kampala,11573.29113153154,0.4988173897120534,19.0,0.0720095219202539,0.927990478079746,0.5011826102879465,1.0000305189751728,3.000045778462759,0.3152,32.5816,0.300000000000001,32.60000000000005,0.004428407802160227,0.0010207975544930098,-0.0033369300600000003,291.3064895283193,1.0,0.00015015159860693478,295.0319459945679,295.6292650210378,295.67120309937764,295.7726935969551,295.8981955686778,0.3605770312202317,0.35422427694559083,0.3441166777266396,0.3432352014341999,88302.64267775948,295.0132805377346,0.08613518437507757,1.3961409052669767,134.9883214340355,5.497421968874407,138.58840213886097,126.80398263510136,6.085249665738292,9.214168555600102,1.6814618998472313,11.233925925139275,0.9748211171607863
2030-07-01,Kampala,11573.29113153154,0.4988173897120534,19.0,0.0720095219202539,0.927990478079746,0.5011826102879465,1.0000305189751728,3.000045778462759,0.3152,32.5816,0.300000000000001,32.60000000000005,0.003472255831217757,0.0008188115064632038,-0.0033369300600000003,290.87582804626794,1.0,0.00012557805745321734,294.83287784631017,295.4350057366466,295.47208853554025,295.5782494199764,295.80581708421056,0.347429293809229,0.3411747619686985,0.3372269635984709,0.3456769423451487,88348.33403191551,294.8152958044637,0.008938432428357864,1.2063273284370661,105.25176586113214,5.780666032280702,129.37127034629336,123.28584002232041,4.723745926217185,7.176628691501247,1.0222336746175484,10.926742131295093,0.5781802629082776
2030-08-01,Kampala,11573.29113153154,0.4988173897120534,19.0,0.0720095219202539,0.927990478079746,0.5011826102879465,1.0000305189751728,3.000045778462759,0.3152,32.5816,0.300000000000001,32.60000000000005,0.002932493802567448,0.00044728307509354437,-0.0033369300600000003,290.62545946438155,1.0,0.00011067375649358303,294.7557323707263,295.36635425762546,295.394074083508,295.47451890021847,295.67163974474084,0.33668595421373104,0.32812779335995107,0.32209478535989694,0.34222486343972713,88360.62347735355,294.6919484007854,-0.02834283526420228,0.8334628080614724,92.00865999238208,5.705518885334167,109.44917626786719,121.64045216882245,4.167957321352287,6.0098593394780835,0.19172395744379525,10.49548314889581,0.06958211343033949
2030-09-01,Kampala,11573.29113153154,0.4988173897120534,19.0,0.0720095219202539,0.927990478079746,0.5011826102879465,1.0000305189751728,3.000045778462759,0.3152,32.5816,0.300000000000001,32.60000000000005,0.0030970942700683825,0.00027657728304185625,-0.0033369300600000003,290.7418209564911,1.0,0.0001170654045534897,294.8591280969199,295.4653778932903,295.4658368888591,295.47581443658805,295.5702796753113,0.3359450706973936,0.3258708891799031,0.3137964272541931,0.33670838503917916,88339.6607596398,294.7183981020671,-0.009394105319315768,0.5319755570448346,105.73011580324048,5.722635367101868,99.83774812437001,121.34409479314547,4.840610091783588,6.938658820463966,0.0,10.358346328050308,0.0
2030-10-01,Kampala,11573.29113153154,0.4988173897120534,19.0,0.0720095219202539,0.927990478079746,0.5011826102879465,1.0000305189751728,3.000045778462759,0.3152,32.5816,0.300000000000001,32.60000000000005,0.0036648947709822743,0.0002790928669245338,-0.0033369300600000003,291.10700009981394,1.0,0.00013917222530629748,295.03359167720765,295.6275773042782,295.6184756266771,295.5759940040087,295.55157638654083,0.34589661000467053,0.33508512241759636,0.315989405821886,0.33254673805018914,88298.06783680669,294.81853344175687,0.07156307463215843,0.2661715076571765,131.86886939504208,5.627795974750036,108.82810161401557,121.08630116864474,6.028882967080517,8.41943858397711,0.1838355752157611,10.501165400326554,0.05973457389142215
2030-11-01,Kampala,11573.29113153154,0.4988173897120534,19.0,0.0720095219202539,0.927990478079746,0.5011826102879465,1.0000305189751728,3.000045778462759,0.3152,32.5816,0.300000000000001,32.60000000000005,0.004225547111215107,0.0004676292830264708,-0.0033369300600000003,291.3394552457669,1.0,0.00016131244907602698,295.11203891080737,295.69386278513457,295.6876536265432,295.6439037812697,295.5821903486268,0.3559838450568477,0.3469502742454587,0.3274934354205785,0.3325144304265916,88262.01800706447,294.8724540733126,0.1691455209880407,0.25962083603696495,151.22785078457224,5.4335303606903125,128.55366344543646,120.87960851034563,6.89182104094207,9.702419306601813,0.640387338149155,10.848598764041894,0.32075479963901293
2030-12-01,Kampala,11573.29113153154,0.4988173897120534,19.0,0.0720095219202539,0.927990478079746,0.5011826102879465,1.0000305189751728,3.000045778462759,0.3152,32.5816,0.300000000000001,32.60000000000005,0.00427500573444358,0.0006926345872911218,-0.0033369300600000003,291.3481312460472,1.0,0.00016543484751728641,295.11866458128907,295.69208816954097,295.68501254056713,295.6588639392157,295.6148372499828,0.35944955571298526,0.35215522546400063,0.33798680615127447,0.3364849731571298,88244.50023502966,294.9247460278178,0.21195453424213298,0.3971041361094613,147.59722659248598,5.302832956395073,142.2821306500069,122.9046067701558,6.6755219028966755,9.346903015025205,1.0037810290381117,11.08007644573726,0.5507654087823731
2031-01-01,Kampala,11573.29113153154,0.4988173897120534,19.0,0.0720095219202539,0.927990478079746,0.5011826102879465,1.0000305189751728,3.000045778462759,0.3152,32.5816,0.300000000000001,32.60000000000005,0.0038961943056585566,0.0007425306997783286,-0.0033488670070196663,291.1950385305628,1.0,0.0001489314643772124,295.2263534079278,295.7961450966612,295.77188852223395,295.71541350970534,295.6394278121423,0.3528455554110033,0.3462732907007682,0.33806984450510474,0.3399129006951879,88236.53485845441,295.10667764323944,0.18217533699322055,0.6328555246713374,126.65217999742056,5.316588005612874,140.6710204899676,126.78320511382829,5.738101050193488,8.192178506652304,0.9125037637605987,11.024259030804664,0.5209605475052689
2031-02-01,Kampala,11573.29113153154,0.4988173897120534,19.0,0.0720095219202539,0.927990478079746,0.5011826102879465,1.0000305189751728,3.000045778462759,0.3152,32.5816,0.300000000000001,32.60000000000005,0.0033513479429557644,0.0005827940321418358,-0.0033863830436670905,291.145482380072,1.0,0.00011998542978527284,295.4338274202394,296.00599332716973,295.96103948891795,295.8615085655804,295.71694365581317,0.34022367342820825,0.33278218616690697,0.32754795133658715,0.3397069463788789,88225.20102247345,295.3353627141882,0.14943735749622783,0.9109357912463615,100.58104519525493,5.477057867644651,124.2505147251083,128.79238011230612,4.54718168183618,6.846971672011644,0.47406646001743097,10.642462013820888,0.25994032175767817
2031-03-01,Kampala,11573.29113153154,0.4988173897120534,19.0,0.0720095219202539,0.927990478079746,0.5011826102879465,1.0000305189751728,3.000045778462759,0.3152,32.5816,0.300000000000001,32.60000000000005,0.0035920305367809252,0.0004434098488848082,-0.0033863830436670905,291.23601692128585,1.0,0.00011372776147507535,295.6147671969897,296.19154820762697,296.1373870412727,296.00645981846066,295.8217852552088,0.3361017441564175,0.32668338473180986,0.31712461889879523,0.3349875429537322,88209.42935790592,295.49632297198104,0.17500754652081518,1.1347109024360773,106.7936552770007,5.6058379698617555,110.60877812567155,127.86926054060581,4.878170499490901,7.81621698717028,0.3464457179942319,10.387907625879114,0.14596939670378892
2031-04-01,Kampala,11573.29113153154,0.4988173897120534,19.0,0.0720095219202539,0.927990478079746,0.5011826102879465,1.0000305189751728,3.000045778462759,0.3152,32.5816,0.300000000000001,32.60000000000005,0.0043259180371584645,0.0005827946893169351,-0.0033744460966474246,291.4344770133107,1.0,0.00013099501353958594,295.54787225027945,296.1348267207884,296.11075095783906,296.0517318923328,295.9082764662871,0.3448663547549928,0.33552730916381174,0.321030169750272,0.3323845791119651,88212.36493218248,295.43055646336256,0.20079661518698833,1.3575087244779098,131.14943577357485,5.341995391936581,112.29731515962418,127.83288388084334,5.987674603430208,9.507062462521755,0.8433651663905345,10.570013773587725,0.48942522207889794
2031-05-01,Kampala,11573.29113153154,0.4988173897120534,19.0,0.0720095219202539,0.927990478079746,0.5011826102879465,1.0000305189751728,3.000045778462759,0.3152,32.5816,0.300000000000001,32.60000000000005,0.004868711645920071,0.0009255454609617426,-0.0033369300600000003,291.4945836330665,1.0,0.00015340914044340438,295.3419209040203,295.93190922868695,295.932975116956,295.94567726833776,295.93432399999995,0.3572952719278468,0.3495124783370147,0.3345257825714272,0.3353561506448674,88247.03748345505,295.2799770401471,0.17305707268888829,1.478111768086734,152.2887297831286,5.5085216114333875,129.32352839899303,127.96236028296148,6.9171790742392085,10.768682561140144,1.740376697722154,11.006106323953533,1.0120437757323033
2031-06-01,Kampala,11573.29113153154,0.4988173897120534,19.0,0.0720095219202539,0.927990478079746,0.5011826102879465,1.0000305189751728,3.000045778462759,0.3152,32.5816,0.300000000000001,32.60000000000005,0.004406343333317158,0.001003537512705537,-0.0033369300600000003,291.2992669336207,1.0,0.00014989656842851756,295.0680158702822,295.66407823687774,295.69397525730096,295.79211912461443,295.9004184280586,0.35834157041035536,0.35227890004990187,0.342232241674089,0.3411354452816406,88301.13568172895,295.0470630994729,0.08647589952822786,1.377346296337171,137.36871787890715,5.51761200905585,139.48688957221898,127.5344370337997,6.174196851819828,9.226891096748298,1.6850123467701323,11.159259801871992,0.9579669917554069
2031-07-01,Kampala,11573.29113153154,0.4988173897120534,19.0,0.0720095219202539,0.927990478079746,0.5011826102879465,1.0000305189751728,3.000045778462759,0.3152,32.5816,0.300000000000001,32.60000000000005,0.0034558789418458213,0.0007979727629115465,-0.0033369300600000003,290.87919669670345,1.0,0.00012601723735542418,294.86110768979285,295.4694107456559,295.4925247801763,295.59863728145757,295.81377431679147,0.3459722466245114,0.3398407072128737,0.3357393718974562,0.3438950086416351,88349.37058180182,294.84311810567834,0.008539958191494368,1.1979988014532734,105.61348042858533,5.752462902574616,130.43313915101433,124.23538290649219,4.7652357515155765,7.223215274708619,1.0955345884355816,10.875913875510363,0.5845814537659796
2031-08-01,Kampala,11573.29113153154,0.4988173897120534,19.0,0.0720095219202539,0.927990478079746,0.5011826102879465,1.0000305189751728,3.000045778462759,0.3152,32.5816,0.300000000000001,32.60000000000005,0.0028836772115426092,0.00042518232672703087,-0.0033369300600000003,290.61737599938687,1.0,0.00010978997124587511,294.7850055422141,295.3985799802556,295.4113295116929,295.49237584180383,295.68600513232894,0.3357157095953926,0.32696399039975876,0.32052927214836563,0.3404845317483409,88363.0845989975,294.71590196828214,-0.028795126996476333,0.8149035337961603,90.51741724108962,5.590087725229295,109.73703002636148,122.43720435989827,4.145561482756428,6.052868866194172,0.18040859791373579,10.454134483549465,0.06196290011257436
2031-09-01,Kampala,11573.29113153154,0.4988173897120534,19.0,0.0720095219202539,0.927990478079746,0.5011826102879465,1.0000305189751728,3.000045778462759,0.3152,32.5816,0.300000000000001,32.60000000000005,0.0030378206029009467,0.00025552233969326,-0.0033369300600000003,290.70505769951234,1.0,0.00011467613292143938,294.87602783344227,295.485043936957,295.48175220798066,295.48999862428326,295.58768756005253,0.33480162701390265,0.3246013932975558,0.3124554349948686,0.33453739299590185,88344.01330654435,294.74111813162085,-0.011204309391435454,0.5702814979151082,101.68470179586114,5.480786141400725,98.59093614867983,121.46478902024332,4.726214693072817,6.9979119627782405,0.0,10.301113126703848,0.0
2031-10-01,Kampala,11573.29113153154,0.4988173897120534,19.0,0.0720095219202539,0.927990478079746,0.5011826102879465,1.0000305189751728,3.000045778462759,0.3152,32.5816,0.300000000000001,32.60000000000005,0.0036298665049863906,0.0002622293365281135,-0.0033369300600000003,291.05962568599887,1.0,0.00013783894695987333,295.03724372562283,295.63384581198676,295.6177905030616,295.5863552488874,295.56492798932845,0.34427202054782585,0.3331835721099121,0.3143654993821274,0.32993526925536915,88298.26374537333,294.8237595349767,0.07180851473238214,0.29056146793898785,133.54061994816527,5.509453409704292,107.96310147390727,121.2065548347952,6.056609604609496,8.471056531612355,0.16892011689668926,10.403022828084508,0.051077484316088606
2031-11-01,Kampala,11573.29113153154,0.4988173897120534,19.0,0.0720095219202539,0.927990478079746,0.5011826102879465,1.0000305189751728,3.000045778462759,0.3152,32.5816,0.300000000000001,32.60000000000005,0.004204770421757737,0.00044277262052535996,-0.0033369300600000003,291.3097862810559,1.0,0.00016066347686405187,295.12102266665937,295.70719649286127,295.6942327024114,295.65430680912306,295.5909504352008,0.3542673552735816,0.3449720615035477,0.32583673501169974,0.32957956341369676,88260.28098059613,294.88368115145,0.16777670350725185,0.2741805353312706,152.80885427457983,5.7360630969243935,128.26200511693978,120.92583203388058,6.924966015504352,9.723482512629422,0.6218406714679839,10.755456167927958,0.30167395220422805
2031-12-01,Kampala,11573.29113153154,0.4988173897120534,19.0,0.0720095219202539,0.927990478079746,0.5011826102879465,1.0000305189751728,3.000045778462759,0.3152,32.5816,0.300000000000001,32.60000000000005,0.00424799579163462,0.0006693754908971284,-0.0033369300600000003,291.3138140003562,1.0,0.00016540816629302715,295.1320240022845,295.70785200343954,295.69531305439,295.66679791023284,295.6193372392059,0.35781055440816223,0.3501656516959513,0.33598002533878835,0.33388821960451986,88242.88447462227,294.93522011321596,0.21168223765584493,0.3726755741728627,150.23026847894502,5.77556178728238,143.5241297680224,123.27618373571488,6.729360044546941,9.333842865734917,0.9764220653256294,10.993955989378641,0.518837371432903
2032-01-01,Kampala,11573.29113153154,0.4988173897120534,19.0,0.0720095219202539,0.927990478079746,0.5011826102879465,1.0000305189751728,3.000045778462759,0.3152,32.5816,0.300000000000001,32.60000000000005,0.0038640182291015007,0.0007183739616600393,-0.003338916274951157,291.18124348211245,1.0,0.0001488353915227016,295.2607219596336,295.8263963161912,295.7963855402432,295.72806609698927,295.64931845223526,0.35177461494934276,0.34491917010192324,0.33611296070663915,0.33794499246743875,88236.85605010996,295.1426952402921,0.18110871176627774,0.6100324768925246,125.65414754441929,5.744053085117007,141.3696278773786,127.3972753477703,5.684827885075301,8.168904620229856,0.9036061162816571,10.984085473175837,0.4822035749772893
2032-02-01,Kampala,11573.29113153154,0.4988173897120534,19.0,0.0720095219202539,0.927990478079746,0.5011826102879465,1.0000305189751728,3.000045778462759,0.3152,32.5816,0.300000000000001,32.60000000000005,0.0032979617109922775,0.0005554619604137835,-0.0033629106523310934,291.13328948556097,1.0,0.00011886273081888057,295.4589965124349,296.0267938928185,295.9789144502599,295.8724306004023,295.72821211005385,0.3387396807745831,0.3312065085891564,0.3257638923712032,0.33820334386302847,88227.14248615348,295.36056918443046,0.1490078692422596,0.9170222213425733,99.90218564211442,5.543840359108377,124.58178367103886,129.92262216380902,4.490498347144627,6.825857405914303,0.4506855617103626,10.581536862398194,0.2316071070891498
2032-03-01,Kampala,11573.29113153154,0.4988173897120534,19.0,0.0720095219202539,0.927990478079746,0.5011826102879465,1.0000305189751728,3.000045778462759,0.3152,32.5816,0.300000000000001,32.60000000000005,0.0035018782481087336,0.0004081322695990526,-0.0033629106523310934,291.28033233056294,1.0,0.00011049544345531436,295.6308779193198,296.207505417348,296.14641126164855,296.0158748605365,295.8320484502665,0.33356784001703255,0.3243452128794613,0.3152727243048603,0.3345238609007324,88210.0452326921,295.516728,0.17327710056794723,1.1980610624301133,106.80981702190809,5.596499084487847,111.59696379779473,131.42024528202063,4.839086993373766,7.767607649558022,0.3294389401538465,10.318067908093488,0.10449393636638393
2032-04-01,Kampala,11573.29113153154,0.4988173897120534,19.0,0.0720095219202539,0.927990478079746,0.5011826102879465,1.0000305189751728,3.000045778462759,0.3152,32.5816,0.300000000000001,32.60000000000005,0.00432914225061708,0.0005601905132554723,-0.003360924437379937,291.4967183582553,1.0,0.00013134007285053862,295.52108873695715,296.11287546782745,296.08983091771506,296.0522089910676,295.91147091922835,0.34331105441538234,0.3337347773046675,0.32007493626346334,0.3322864158226822,88214.93217338568,295.4122262143159,0.19869102434245467,1.41810345553404,132.1402311310481,5.715618711107811,113.66386012340801,131.22775986087478,6.000387026274311,9.516135027761466,0.9561042346739274,10.504248204115434,0.5143648616439834
2032-05-01,Kampala,11573.29113153154,0.4988173897120534,19.0,0.0720095219202539,0.927990478079746,0.5011826102879465,1.0000305189751728,3.000045778462759,0.3152,32.5816,0.300000000000001,32.60000000000005,0.004807171221841677,0.0008820053933643271,-0.0033369300600000003,291.5468061989869,1.0,0.00015178128190027195,295.3256826613468,295.91517698955573,295.923209789934,295.95368409585245,295.93432399999995,0.3567571462343704,0.34844045179479216,0.33358343995065337,0.3351501528263574,88250.86324742906,295.2697619520887,0.17247367039300165,1.45184937564998,149.98657336010763,5.498547971176831,129.83634944888627,130.26025223202353,6.840137682764163,10.776718339193797,1.5701161414952776,10.983490680674556,0.9233685609739976
2032-06-01,Kampala,11573.29113153154,0.4988173897120534,19.0,0.0720095219202539,0.927990478079746,0.5011826102879465,1.0000305189751728,3.000045778462759,0.3152,32.5816,0.300000000000001,32.60000000000005,0.00438383457260389,0.0009620704514000707,-0.0033369300600000003,291.21789810382523,1.0,0.00014731002783695062,295.0269120405215,295.63243721636945,295.6779726501609,295.7987025524801,295.91107668730046,0.35820709922902316,0.3515741276710074,0.3409687572061966,0.3389682862460477,88306.78098805762,295.0457383672015,0.0857988309594504,1.4435100698990733,130.28900701673183,5.351089878513979,136.96143607338453,126.47446620826247,5.999371219310689,9.297665244441442,1.491293221087805,11.097130595791858,0.8878862479187873
2032-07-01,Kampala,11573.29113153154,0.4988173897120534,19.0,0.0720095219202539,0.927990478079746,0.5011826102879465,1.0000305189751728,3.000045778462759,0.3152,32.5816,0.300000000000001,32.60000000000005,0.0033684943113496957,0.0007548119750943554,-0.0033369300600000003,290.77325786202744,1.0,0.00012185335207243502,294.8406858081748,295.44843095222024,295.48598691478054,295.5947490779604,295.82503514304926,0.3444158676482639,0.33782769438204713,0.3331568264005107,0.3404871654647231,88350.20126381567,294.8375418603303,0.009565323403042255,1.225786243802334,103.79527020916963,5.477335608653104,127.81140780746914,122.64170862344906,4.727318250239061,7.267865288276131,0.7749966480153585,10.78615393846689,0.4635716347807128
2032-08-01,Kampala,11573.29113153154,0.4988173897120534,19.0,0.0720095219202539,0.927990478079746,0.5011826102879465,1.0000305189751728,3.000045778462759,0.3152,32.5816,0.300000000000001,32.60000000000005,0.0028728620729409917,0.0004153658122345099,-0.0033369300600000003,290.53976995921477,1.0,0.00010992726000145397,294.77174312373484,295.38813394878497,295.4132100940872,295.49126193899195,295.6970932094536,0.33303198749861457,0.3241445054524686,0.3180620364777306,0.33691803240465434,88360.52442729853,294.7126093250121,-0.02775992947358873,0.8810051070509431,94.41235778220364,5.984218540336312,109.25474650011772,121.56412096313285,4.244644450532881,6.057008044995251,0.16098474119400807,10.324199439386307,0.054567935450698636
2032-09-01,Kampala,11573.29113153154,0.4988173897120534,19.0,0.0720095219202539,0.927990478079746,0.5011826102879465,1.0000305189751728,3.000045778462759,0.3152,32.5816,0.300000000000001,32.60000000000005,0.0030455866133984825,0.0002560275746417286,-0.0033369300600000003,290.709041528462,1.0,0.00011916220322249597,294.8956796750162,295.49886356846224,295.4955567342472,295.49751172001055,295.59123297614934,0.3328161561454118,0.32177964897810424,0.31026676583122925,0.3322203341015841,88333.74444171425,294.7374671098567,-0.009262295465276904,0.47720301580096297,113.48272252011618,6.190386551820353,102.75123982162711,122.5754229019476,5.052370946661168,6.974097052559745,0.006472889300351207,10.199858452164007,0.0
2032-10-01,Kampala,11573.29113153154,0.4988173897120534,19.0,0.0720095219202539,0.927990478079746,0.5011826102879465,1.0000305189751728,3.000045778462759,0.3152,32.5816,0.300000000000001,32.60000000000005,0.003612682125971827,0.0002612483454960042,-0.0033369300600000003,291.0840665924912,1.0,0.00013913484019209096,295.0946831961269,295.6886210894434,295.6710597430266,295.6140335002888,295.57068651216997,0.3432033932927423,0.3317237806387037,0.31277719104547996,0.32890160041756356,88299.41511352081,294.88856048799505,0.06863089279834912,0.24183185146621242,129.6481348937908,5.940876416177626,110.87170005582793,122.27344811640971,5.942524658379253,8.442243300505238,0.12606065850602086,10.3933629290596,0.031596769031349135
2032-11-01,Kampala,11573.29113153154,0.4988173897120534,19.0,0.0720095219202539,0.927990478079746,0.5011826102879465,1.0000305189751728,3.000045778462759,0.3152,32.5816,0.300000000000001,32.60000000000005,0.004165936555247721,0.00043266614330699193,-0.0033369300600000003,291.29261431712945,1.0,0.00015890929665930695,295.15388519510907,295.74103087118175,295.72829028867164,295.68548498527247,295.6103421161209,0.353998469025609,0.3442552511690249,0.3243386841613205,0.32920965845335887,88266.22519107233,294.94130752570146,0.16797660936752432,0.24451066021696236,148.72824284059777,5.957428046653875,129.28796819478092,122.29576608836872,6.825693312625443,9.781926905844518,0.5233909794545428,10.739600942630885,0.26073582030872905
2032-12-01,Kampala,11573.29113153154,0.4988173897120534,19.0,0.0720095219202539,0.927990478079746,0.5011826102879465,1.0000305189751728,3.000045778462759,0.3152,32.5816,0.300000000000001,32.60000000000005,0.004232009640174713,0.000637183976462214,-0.0033369300600000003,291.3052585261402,1.0,0.00016178738561455227,295.15868664401717,295.73270946690815,295.72391679474333,295.6959587801298,295.6480943414127,0.357390997597518,0.3497740223790022,0.3345035972613261,0.3323622426781648,88247.91158458382,294.9943846471785,0.2110361059995531,0.4507751357030694,143.0654052429873,5.98687024984103,139.93280083727163,124.05040292970703,6.554173446445062,9.463673036407537,0.8452076956581417,10.955822904642439,0.46740795106214744
2033-01-01,Kampala,11573.29113153154,0.4988173897120534,19.0,0.0720095219202539,0.927990478079746,0.5011826102879465,1.0000305189751728,3.000045778462759,0.3152,32.5816,0.300000000000001,32.60000000000005,0.003835229766670651,0.0006876514574180922,-0.0033369300600000003,291.1196570589357,1.0,0.00014568256334462505,295.22954608886334,295.7978426965654,295.7846634407047,295.7420690760934,295.6807708842591,0.3496104431531159,0.3429528921600307,0.3341715631940913,0.3350319801240551,88235.41737249824,295.131966027845,0.18406848211508273,0.6921271650235247,128.65397530894788,6.025298962358158,139.30101926176522,127.41781052212365,5.801494302730492,8.338072763857554,0.769184428696038,10.835589510298584,0.4608476686981538
2033-02-01,Kampala,11573.29113153154,0.4988173897120534,19.0,0.0720095219202539,0.927990478079746,0.5011826102879465,1.0000305189751728,3.000045778462759,0.3152,32.5816,0.300000000000001,32.60000000000005,0.0033248951633194947,0.0005457920992538427,-0.0033449495212548187,291.0513748200302,1.0,0.00011974598973660834,295.43469284993154,296.00342839653405,295.96683084353407,295.8726296252932,295.7474786886235,0.3371480085389023,0.3291416199434772,0.323068577110458,0.33403860880888026,88219.82509115255,295.346615787684,0.14604840610482286,0.9352773176023961,103.00159193999843,5.847617312355016,123.92962751037874,127.99998956856895,4.6165929838602855,6.962355537948798,0.4117112411120863,10.465453600740092,0.2317086174207739
2033-03-01,Kampala,11573.29113153154,0.4988173897120534,19.0,0.0720095219202539,0.927990478079746,0.5011826102879465,1.0000305189751728,3.000045778462759,0.3152,32.5816,0.300000000000001,32.60000000000005,0.0035228487530781227,0.00041607105149885196,-0.0033449495212548187,291.17339289112255,1.0,0.00011260045571410107,295.6047254705673,296.1837599543167,296.13409483707557,296.01088759278974,295.8388340093354,0.33240899288119324,0.3226993264583051,0.31283534695306225,0.33066901763538675,88209.09462454722,295.49270446624956,0.1720483727746962,1.1304834906420007,109.08843402077146,5.823631584683301,112.23676276584418,128.24754809698547,4.926533904085622,7.863338533260085,0.3107119452450413,10.234598819747307,0.10816281144449136
2033-04-01,Kampala,11573.29113153154,0.4988173897120534,19.0,0.0720095219202539,0.927990478079746,0.5011826102879465,1.0000305189751728,3.000045778462759,0.3152,32.5816,0.300000000000001,32.60000000000005,0.004320605532406419,0.0005580125374921562,-0.0033449495212548187,291.4111536881639,1.0,0.00013283117744398556,295.5359636259176,296.1277329784236,296.1030184642528,296.0578755774513,295.91274547471966,0.34284278629852216,0.3325873656746938,0.31738438833790017,0.3288880268817877,88212.64149414307,295.42617892458117,0.1962664761559586,1.3443037517956118,133.511489013329,5.999969982779567,113.8698951015761,129.02608339765965,6.0469775377009265,9.533473654803878,0.9184532009540725,10.441959011146553,0.4711745751061429
2033-05-01,Kampala,11573.29113153154,0.4988173897120534,19.0,0.0720095219202539,0.927990478079746,0.5011826102879465,1.0000305189751728,3.000045778462759,0.3152,32.5816,0.300000000000001,32.60000000000005,0.004791740734650639,0.0008697970792926542,-0.0033369300600000003,291.49597484864665,1.0,0.0001515400314698764,295.3417878079379,295.9369397432948,295.9403393437124,295.9633657532166,295.93432399999995,0.35533735435531205,0.3469349602677995,0.3314658293928718,0.3323034099897395,88250.36173591833,295.29128592820786,0.1711610906851031,1.4705810140217987,150.8065649422534,5.940912707507749,129.6254205991506,129.73531942811474,6.863503606158633,10.804301945860033,1.5846862733782885,10.890898427048446,0.9061397710966365
2033-06-01,Kampala,11573.29113153154,0.4988173897120534,19.0,0.0720095219202539,0.927990478079746,0.5011826102879465,1.0000305189751728,3.000045778462759,0.3152,32.5816,0.300000000000001,32.60000000000005,0.004344547754489785,0.0009498083939622979,-0.0033369300600000003,291.2090321965742,1.0,0.00014753748815744667,295.05767924436105,295.66584673657843,295.7019775768827,295.81488669257584,295.9161764620867,0.35661633135268206,0.3497646005072541,0.33874886866373816,0.3367481364974112,88305.11224614437,295.0712248967025,0.08262994537628751,1.4362207788328696,132.84939186576847,5.916646763716556,137.94810017723594,127.3017647742754,6.060018022712455,9.30505956868302,1.505566384021807,11.023189353873276,0.8689965645987181
2033-07-01,Kampala,11573.29113153154,0.4988173897120534,19.0,0.0720095219202539,0.927990478079746,0.5011826102879465,1.0000305189751728,3.000045778462759,0.3152,32.5816,0.300000000000001,32.60000000000005,0.003357446626729188,0.0007423779673332568,-0.0033369300600000003,290.77703866044976,1.0,0.0001222995505439327,294.8649131402313,295.47402826512194,295.5067919328787,295.6145067301599,295.83533463156283,0.34321706109581057,0.3363607265929964,0.33152526767858737,0.338576338727155,88349.40153493734,294.8696937167581,0.006216991855112629,1.229365308260377,104.70942151405562,6.082844433534402,128.82062876001265,123.53272452214149,4.735979353539283,7.298042586912076,0.8477877367688583,10.723099291085639,0.4809483142697109
2033-08-01,Kampala,11573.29113153154,0.4988173897120534,19.0,0.0720095219202539,0.927990478079746,0.5011826102879465,1.0000305189751728,3.000045778462759,0.3152,32.5816,0.300000000000001,32.60000000000005,0.0028263764041355694,0.0004010349858860206,-0.0033369300600000003,290.5351062602835,1.0,0.00010899165774833997,294.79601810327307,295.4068325773387,295.4309506767539,295.51187039100813,295.71466483274645,0.3322105404216244,0.32276744260053586,0.3161859049606986,0.33517236529205435,88360.91296083124,294.74434449107594,-0.029405869806300083,0.8657759886022699,93.30677788051946,6.196041136759628,109.64533209088637,122.26868684754022,4.2082413786117066,6.068658422428782,0.1416975309800721,10.27709874882106,0.04598311827921725
2033-09-01,Kampala,11573.29113153154,0.4988173897120534,19.0,0.0720095219202539,0.927990478079746,0.5011826102879465,1.0000305189751728,3.000045778462759,0.3152,32.5816,0.300000000000001,32.60000000000005,0.002991106140506924,0.0002462268858161456,-0.0033369300600000003,290.6789569099419,1.0,0.00011690579365175146,294.9080560777993,295.51205621068215,295.51045790445113,295.51287828748167,295.610080002138,0.33179345975572966,0.3205661874792363,0.30840235987211767,0.3300991766738872,88336.51073446735,294.77544054088224,-0.010363804695459361,0.5142616051637281,109.53039781950962,6.1311537673573895,101.39537230571705,122.57062674425897,4.926694129859871,7.002772548256826,0.0,10.14184127712923,0.0
2033-10-01,Kampala,11573.29113153154,0.4988173897120534,19.0,0.0720095219202539,0.927990478079746,0.5011826102879465,1.0000305189751728,3.000045778462759,0.3152,32.5816,0.300000000000001,32.60000000000005,0.003569411443094287,0.00025018458822988025,-0.0033369300600000003,291.0401634470632,1.0,0.00013813901966857372,295.0974920294139,295.6918078622167,295.673813327168,295.62560469026215,295.5906923827545,0.3418476546221551,0.33016085474989887,0.31074866443682286,0.3265722820982446,88298.40656584369,294.89870135014934,0.07033657184065155,0.26432327862355315,130.73188864598384,5.743069573870261,109.78281719317029,122.2668848030779,5.970228631140363,8.465655953393037,0.12991477317030184,10.312431447725249,0.01505895719565283
2033-11-01,Kampala,11573.29113153154,0.4988173897120534,19.0,0.0720095219202539,0.927990478079746,0.5011826102879465,1.0000305189751728,3.000045778462759,0.3152,32.5816,0.300000000000001,32.60000000000005,0.004140452539508778,0.00041413921630855034,-0.0033369300600000003,291.2611585517371,1.0,0.00015899126752176205,295.1650137194226,295.7539463312061,295.73687970044506,295.6977478574362,295.6255181140829,0.3522726896068867,0.3425199796810712,0.32258513631313707,0.32657562247832167,88263.67956208182,294.95421682433,0.16746309123791203,0.2624771917689054,150.08816261837993,5.747954363408179,128.7066454112872,122.15092779486059,6.869371077726452,9.830456424338038,0.5303872998159732,10.657399230075539,0.23412492484307898
2033-12-01,Kampala,11573.29113153154,0.4988173897120534,19.0,0.0720095219202539,0.927990478079746,0.5011826102879465,1.0000305189751728,3.000045778462759,0.3152,32.5816,0.300000000000001,32.60000000000005,0.004208980891731516,0.0006146788418598392,-0.0033369300600000003,291.2680647479174,1.0,0.00016217661901532336,295.1705291043786,295.74775244113397,295.73614231329424,295.71599687654003,295.65718383466077,0.3555907251713437,0.34784298022282606,0.33273125303901335,0.32999645352957746,88245.97566992808,295.0033622681463,0.21105379164609173,0.4296421308445644,145.64266992309123,5.921559697002562,141.22945802343904,123.93145287954992,6.649068909327514,9.46706766454941,0.8416656480649877,10.887409128894582,0.4249523725788431
2034-01-01,Kampala,11573.29113153154,0.4988173897120534,19.0,0.0720095219202539,0.927990478079746,0.5011826102879465,1.0000305189751728,3.000045778462759,0.3152,32.5816,0.300000000000001,32.60000000000005,0.003811295135749815,0.0006627322677836481,-0.0033369300600000003,291.1025990600867,1.0,0.0001458390974923511,295.25669708757687,295.83006377949846,295.81110169187303,295.7608419411146,295.6887063787208,0.34831017288109906,0.3414518258272384,0.33252339322107205,0.33294811692837345,88236.0961813678,295.16477278231645,0.18135824804391798,0.6714134611216459,128.403988184827,6.2095383089404335,140.22447347595332,127.49936051197709,5.802438113547168,8.322808654174844,0.7551105861546942,10.793231303183875,0.42015460940330923
2034-02-01,Kampala,11573.29113153154,0.4988173897120534,19.0,0.0720095219202539,0.927990478079746,0.5011826102879465,1.0000305189751728,3.000045778462759,0.3152,32.5816,0.300000000000001,32.60000000000005,0.0032758228111376374,0.0005180891364054036,-0.0033369300600000003,291.04233111713273,1.0,0.00011874202399939758,295.4522462525061,296.0259142334212,295.98655569526096,295.88584493732714,295.7604591394966,0.3357462423859072,0.32778415986775905,0.32154537252578685,0.33242280307354427,88222.45602216183,295.3694995301912,0.14581481986452352,0.9323441341476991,102.44866732027253,6.174971368006705,124.40861980749186,128.7835482994777,4.584632851198839,6.9189636581606635,0.35715294324696595,10.445324647196273,0.20108864175588306
2034-03-01,Kampala,11573.29113153154,0.4988173897120534,19.0,0.0720095219202539,0.927990478079746,0.5011826102879465,1.0000305189751728,3.000045778462759,0.3152,32.5816,0.300000000000001,32.60000000000005,0.0034975865416350393,0.0003883472257995215,-0.0033369300600000003,291.15426579263163,1.0,0.00011219274172326596,295.61880145660075,296.19797749686626,296.1461476215443,296.0150670823905,295.8515257874405,0.3314006020142362,0.32148849260663576,0.31133696530800087,0.32883003287274476,88209.69673208789,295.5093190680739,0.17061421709479116,1.1451090363346628,108.79675356723556,6.223210617513446,111.34973749626266,128.51301123893145,4.901816173238408,7.887927447715337,0.24603767707722404,10.200620279622393,0.09713792533197674
2034-04-01,Kampala,11573.29113153154,0.4988173897120534,19.0,0.0720095219202539,0.927990478079746,0.5011826102879465,1.0000305189751728,3.000045778462759,0.3152,32.5816,0.300000000000001,32.60000000000005,0.004265989525818368,0.000528030244662546,-0.0033369300600000003,291.3729114714919,1.0,0.00013105262301009847,295.5527080201557,296.13984338829795,296.1189610837036,296.06339175295346,295.9202326932878,0.34114958743649937,0.3309556161376481,0.31560523831233667,0.32649282328421814,88212.57421326452,295.4430315509936,0.19678860600077316,1.363573924775374,132.6869991092117,5.867365841686656,113.11351053744723,128.9314483875489,6.012896605968813,9.577514172902482,0.7927650821243281,10.402751506763366,0.4399666866776107
2034-05-01,Kampala,11573.29113153154,0.4988173897120534,19.0,0.0720095219202539,0.927990478079746,0.5011826102879465,1.0000305189751728,3.000045778462759,0.3152,32.5816,0.300000000000001,32.60000000000005,0.004775372488712205,0.0008495990225815146,-0.0033369300600000003,291.4449754833603,1.0,0.00015127136716937807,295.36351732644385,295.95692058005875,295.9604588628925,295.9742161750543,295.93432399999995,0.35361404483579023,0.3451275470068437,0.329391371702291,0.3297038428688282,88249.20102684696,295.3138747597007,0.17068405398809403,1.4883589896389704,152.01404391337766,6.085493515093013,129.65072350494972,129.3629271118459,6.895953000850071,10.84536466862827,1.5838814379809758,10.815073980697003,0.9063978595568801
2034-06-01,Kampala,11573.29113153154,0.4988173897120534,19.0,0.0720095219202539,0.927990478079746,0.5011826102879465,1.0000305189751728,3.000045778462759,0.3152,32.5816,0.300000000000001,32.60000000000005,0.0043264000335648325,0.0009288021394205356,-0.0033369300600000003,291.19940647221733,1.0,0.00014720709355445263,295.0926018652254,295.6952603872435,295.7321494876963,295.8356311113573,295.91707862766833,0.3548728068292333,0.3479115608566914,0.3369755466987849,0.3343904592058388,88303.25099796844,295.1049790322497,0.08308197437409151,1.4167655906410108,135.2382283023136,6.0742915118880845,138.98830620695333,127.91307356307716,6.116817310166801,9.318573842034931,1.5203461033314911,10.956716267340932,0.8598016643327279
2034-07-01,Kampala,11573.29113153154,0.4988173897120534,19.0,0.0720095219202539,0.927990478079746,0.5011826102879465,1.0000305189751728,3.000045778462759,0.3152,32.5816,0.300000000000001,32.60000000000005,0.0033566341301384263,0.000724408105108269,-0.0033369300600000003,290.7691354010792,1.0,0.00012273633862978822,294.89075411939785,295.5014541616944,295.53027204507185,295.6400952484302,295.8383325658929,0.3420718982283549,0.33483466411009183,0.33002389862529086,0.33687387668102176,88349.46891154903,294.9055449126267,0.004723013847282492,1.2255331677474317,105.43503782494076,6.414954795447339,129.9441669882767,124.43711506643233,4.75320694729714,7.31395644322235,0.9302589870243786,10.656312965248013,0.5067117089669749
2034-08-01,Kampala,11573.29113153154,0.4988173897120534,19.0,0.0720095219202539,0.927990478079746,0.5011826102879465,1.0000305189751728,3.000045778462759,0.3152,32.5816,0.300000000000001,32.60000000000005,0.0028112767546206487,0.0003835278304888748,-0.0033369300600000003,290.51839561539197,1.0,0.00010794298345395406,294.81724611991854,295.42623766678463,295.4510786962171,295.53609353437173,295.7247117121536,0.3313964381064422,0.3217964165652781,0.31499075557852985,0.3333785737387774,88361.28078182222,294.78330486777105,-0.03248116897239977,0.850747698009464,91.80473403099386,6.484539015426651,109.99611948401933,122.86784964038475,4.185075259709863,6.128294037160142,0.1366277474297876,10.243990491314376,0.040280536087705425
2034-09-01,Kampala,11573.29113153154,0.4988173897120534,19.0,0.0720095219202539,0.927990478079746,0.5011826102879465,1.0000305189751728,3.000045778462759,0.3152,32.5816,0.300000000000001,32.60000000000005,0.002962581986253624,0.0002335269987044471,-0.0033369300600000003,290.6387644553236,1.0,0.00011438377684569716,294.9190158326517,295.5271014494376,295.5232756207134,295.5347301963511,295.6238798338759,0.3307598819578929,0.3194743134883074,0.30687325408581695,0.32869195740176677,88339.60306996532,294.80923698396145,-0.01285260075287216,0.5497878974371834,105.46139387143626,6.339612875118184,100.36217809494833,122.46340301270722,4.830547589589167,7.0834730544366025,0.0,10.099673860033962,0.0
2034-10-01,Kampala,11573.29113153154,0.4988173897120534,19.0,0.0720095219202539,0.927990478079746,0.5011826102879465,1.0000305189751728,3.000045778462759,0.3152,32.5816,0.300000000000001,32.60000000000005,0.0035461413244268665,0.00024630151947785633,-0.0033369300600000003,290.996539866371,1.0,0.00013644285241990416,295.09617450587285,295.69544880980413,295.6737090738211,295.6384424587382,295.608499308034,0.3403869216842031,0.3285320404305674,0.3090695618756933,0.32557092997392484,88297.64349645145,294.91062566308625,0.07018325172834455,0.28183210843740397,131.7874611776534,6.233366498483275,109.30801442273804,122.17415339083924,6.022700609431485,8.555505924399194,0.13167038209742582,10.243740215761763,0.02030000343330975
2034-11-01,Kampala,11573.29113153154,0.4988173897120534,19.0,0.0720095219202539,0.927990478079746,0.5011826102879465,1.0000305189751728,3.000045778462759,0.3152,32.5816,0.300000000000001,32.60000000000005,0.004114469279188164,0.00040953531998669696,-0.0033369300600000003,291.2279775540767,1.0,0.0001584614330210402,295.17060724019103,295.7635253515746,295.74143518449256,295.7052070565723,295.6384041220581,0.3505200694779546,0.34042925793465867,0.3204809188621068,0.3255483697172569,88261.7574138367,294.9633217180795,0.16695713881502128,0.2720701291217196,151.3643845316875,6.017908194244654,128.93007884727083,121.92272840359321,6.9057296002504005,9.831698314115505,0.5338622059406603,10.57327299787129,0.2326852005003258
2034-12-01,Kampala,11573.29113153154,0.4988173897120534,19.0,0.0720095219202539,0.927990478079746,0.5011826102879465,1.0000305189751728,3.000045778462759,0.3152,32.5816,0.300000000000001,32.60000000000005,0.004176832185248174,0.0006093822487909615,-0.0033369300600000003,291.2277650718209,1.0,0.00016258822306606502,295.17918119273213,295.75475207976825,295.7472991411669,295.71545077520295,295.670384473389,0.3539825087689195,0.34596439058259887,0.33068597999545574,0.328734402653778,88244.64183791517,295.0149607495272,0.20839357730125732,0.4051822374490605,147.8250467914552,6.061804996662229,142.8148540215676,124.07728187442804,6.698662936797138,9.451241693351719,0.8494039108110881,10.804600104489992,0.4222652280244505
2035-01-01,Kampala,11573.29113153154,0.4988173897120534,19.0,0.0720095219202539,0.927990478079746,0.5011826102879465,1.0000305189751728,3.000045778462759,0.3152,32.5816,0.300000000000001,32.60000000000005,0.0037877308405246425,0.0006549273612840501,-0.0033369300600000003,291.08316860286214,1.0,0.00014594443568008984,295.28703403533774,295.85480587530947,295.83570800333837,295.77195743994747,295.6971787343959,0.34757440784410937,0.34026426884156985,0.3304928062873943,0.33112554899328583,88236.25133512529,295.1867026390317,0.17691160907050119,0.6456927218629028,126.89322531874261,6.001711838760737,141.22185895489997,127.99393729691523,5.741254145670747,8.297300044777032,0.7507799442057176,10.74345967604657,0.4019652245911405
2035-02-01,Kampala,11573.29113153154,0.4988173897120534,19.0,0.0720095219202539,0.927990478079746,0.5011826102879465,1.0000305189751728,3.000045778462759,0.3152,32.5816,0.300000000000001,32.60000000000005,0.0032365841698485122,0.0004975236667412783,-0.0033369300600000003,291.03450591958574,1.0,0.00011739703752125302,295.47529999421073,296.044868636688,296.0056774623327,295.89837013407094,295.7722304682897,0.3348244482610136,0.3263874911059564,0.3200832583995105,0.33102271861233884,88224.48438126773,295.385403420187,0.14409278499485678,0.9334784479587572,101.05822442972953,6.108786299404617,124.86013254282072,129.9928954081133,4.538844291787124,6.930894701429337,0.34858812036248327,10.413926893937044,0.18958002752412442
2035-03-01,Kampala,11573.29113153154,0.4988173897120534,19.0,0.0720095219202539,0.927990478079746,0.5011826102879465,1.0000305189751728,3.000045778462759,0.3152,32.5816,0.300000000000001,32.60000000000005,0.0034795690823757578,0.00036413237692025166,-0.0033369300600000003,291.12998498059795,1.0,0.000111641215565743,295.6358717901549,296.2144383186566,296.1559259563583,296.0280748171579,295.85832736756817,0.330590803912721,0.3200677965808334,0.3098155232054392,0.32783668567581775,88208.27155641583,295.516728,0.16947610765343693,1.1632165383636586,107.66685539746464,6.123363525696729,110.93059048162205,128.95946455530853,4.890676610275697,7.92502361546552,0.2215703683645207,10.162471791656158,0.07907333537930301
2035-04-01,Kampala,11573.29113153154,0.4988173897120534,19.0,0.0720095219202539,0.927990478079746,0.5011826102879465,1.0000305189751728,3.000045778462759,0.3152,32.5816,0.300000000000001,32.60000000000005,0.004210833520911399,0.0004993208228716478,-0.0033369300600000003,291.3273226403662,1.0,0.00012914070961833157,295.5710814760671,296.16076285821913,296.13017264099705,296.0715857192928,295.9256596941784,0.33942697152981977,0.32903627316956,0.31379374096877816,0.3254455393363099,88211.8428609708,295.46125855844576,0.19554212132447657,1.3795136158961612,132.11742483590385,6.273306884314891,112.8040481305488,128.8552172982737,6.010081481596065,9.617119151161335,0.7290849683924833,10.350000495975776,0.40457672033337383
2035-05-01,Kampala,11573.29113153154,0.4988173897120534,19.0,0.0720095219202539,0.927990478079746,0.5011826102879465,1.0000305189751728,3.000045778462759,0.3152,32.5816,0.300000000000001,32.60000000000005,0.004758585522485279,0.0008409426449247729,-0.0033369300600000003,291.38080593706906,1.0,0.00015128802031957067,295.3860475832898,295.9774421232465,295.9723652466523,295.9865224426662,295.93432399999995,0.3522327224218416,0.3434069162271893,0.327149156428153,0.3283370014699498,88246.42053222076,295.3381276053026,0.16924807624209315,1.4970404275576776,153.13354247728947,6.298867944838709,129.98581615745536,128.99888934026677,6.922916463505138,10.911256536239527,1.598185819623146,10.729083267539373,0.8956172787281839
2035-06-01,Kampala,11573.29113153154,0.4988173897120534,19.0,0.0720095219202539,0.927990478079746,0.5011826102879465,1.0000305189751728,3.000045778462759,0.3152,32.5816,0.300000000000001,32.60000000000005,0.004291847163024952,0.0009181171001593696,-0.0033369300600000003,291.1831837752388,1.0,0.000147165371924755,295.1271603611802,295.7288973789257,295.75742773845656,295.8525700416324,295.92078507802205,0.3533683877008156,0.3461464143782928,0.3345935209428099,0.3325847887619687,88300.18259749106,295.1370085267776,0.0834270702265842,1.395118182277229,137.96584217112485,6.556461139151685,140.1930564436556,128.5754718011966,6.178439805363819,9.332605610959256,1.5314766684957493,10.883476322621023,0.8341581327317726
2035-07-01,Kampala,11573.29113153154,0.4988173897120534,19.0,0.0720095219202539,0.927990478079746,0.5011826102879465,1.0000305189751728,3.000045778462759,0.3152,32.5816,0.300000000000001,32.60000000000005,0.0033446221834221297,0.000719723981699865,-0.0033369300600000003,290.759278465865,1.0,0.00012310217104818372,294.9151128398276,295.52386905085183,295.5564018061054,295.6606216895202,295.8526197259977,0.3408396788524582,0.33326787692789456,0.3283372187858815,0.33517759166854116,88348.648719262,294.93598615127513,0.005333543340625166,1.2249816116805963,106.01487642108428,6.7539122045308595,131.09065960214414,125.20399141204054,4.779477416481156,7.332954225263038,0.9909156529757311,10.595989774721692,0.5086547477777018
2035-08-01,Kampala,11573.29113153154,0.4988173897120534,19.0,0.0720095219202539,0.927990478079746,0.5011826102879465,1.0000305189751728,3.000045778462759,0.3152,32.5816,0.300000000000001,32.60000000000005,0.0027710574148555934,0.00037227205368067117,-0.0033369300600000003,290.50465933197717,1.0,0.00010679776529082176,294.8345217610693,295.4529479002192,295.47933760454595,295.55585558999115,295.7472603000469,0.33036587497110476,0.3203492916448117,0.31306010394477984,0.33173650043563213,88362.31500506711,294.81414038091356,-0.032780519472360166,0.8354137398420614,91.0998360480678,6.4864846761294706,110.40245605113311,123.37957110898621,4.161130515211315,6.157250832178484,0.12181480174506853,10.216907003158093,0.017614189382891682
2035-09-01,Kampala,11573.29113153154,0.4988173897120534,19.0,0.0720095219202539,0.927990478079746,0.5011826102879465,1.0000305189751728,3.000045778462759,0.3152,32.5816,0.300000000000001,32.60000000000005,0.0029252174585318066,0.00022864195946283657,-0.0033369300600000003,290.5994146353417,1.0,0.00011220912541163859,294.93214554427794,295.5406483042024,295.54314056455814,295.55208695574123,295.6462321900087,0.3294152409139688,0.3180102146909787,0.30497469555902074,0.3274887131436133,88344.0486109373,294.840206427368,-0.014189056728485916,0.5859805212701126,102.08697642699758,6.431749049634178,99.1289250944604,122.52013131801306,4.726651578315367,7.117014927048533,0.0,10.066608343799853,0.0
2035-10-01,Kampala,11573.29113153154,0.4988173897120534,19.0,0.0720095219202539,0.927990478079746,0.5011826102879465,1.0000305189751728,3.000045778462759,0.3152,32.5816,0.300000000000001,32.60000000000005,0.0035168183084234236,0.00024227158927229108,-0.0033369300600000003,290.9532164003702,1.0,0.00013526394270325858,295.09510850804486,295.6921440571459,295.68336910948165,295.650469911439,295.6250620717354,0.33870750039871916,0.32690893562803075,0.3066757604550229,0.3248959102370408,88298.01161861284,294.9195889381272,0.06885348459492553,0.3014699947968588,133.76595175999458,6.2184324148980386,108.3345466163435,122.24378218199531,6.045192864605631,8.578997232105232,0.132331012184301,10.17299583043325,0.013028966483258611
2035-11-01,Kampala,11573.29113153154,0.4988173897120534,19.0,0.0720095219202539,0.927990478079746,0.5011826102879465,1.0000305189751728,3.000045778462759,0.3152,32.5816,0.300000000000001,32.60000000000005,0.0040920293203746474,0.000396174774021924,-0.0033369300600000003,291.20159669473804,1.0,0.00015815572746479675,295.1820042652074,295.76556988871965,295.75555724468,295.7163786365621,295.6491965669242,0.3486584412866094,0.33873227347021634,0.3183693322667522,0.32474975500000003,88260.23757216298,294.97198648219495,0.16515710970910538,0.28757999359440795,152.943004865683,6.300438287544066,128.5801881951083,122.00636301554994,6.9221652513005525,9.849375241357,0.5278754041245323,10.485134344810694,0.22789832148372333
2035-12-01,Kampala,11573.29113153154,0.4988173897120534,19.0,0.0720095219202539,0.927990478079746,0.5011826102879465,1.0000305189751728,3.000045778462759,0.3152,32.5816,0.300000000000001,32.60000000000005,0.00413517694753765,0.000589337387846007,-0.0033369300600000003,291.19922552719663,1.0,0.00016257827643710877,295.188547946461,295.7686144508603,295.75962368574807,295.7307749990961,295.6811523433029,0.3523383623059256,0.34397170793246007,0.32858956875223183,0.32742167974235753,88242.87620123637,295.0252380244112,0.20762758432799955,0.3895836075236323,150.38973033838212,6.196872819640743,143.69455789950283,124.31523004988787,6.760616343839266,9.481610480773744,0.8400659124149642,10.721652681384738,0.4081618729186533
2036-01-01,Kampala,11573.29113153154,0.4988173897120534,19.0,0.0720095219202539,0.927990478079746,0.5011826102879465,1.0000305189751728,3.000045778462759,0.3152,32.5816,0.300000000000001,32.60000000000005,0.0037484578846707973,0.0006344950425867909,-0.0033369300600000003,291.0726840571679,1.0,0.00014599433390203602,295.3146744016646,295.8864027472787,295.8604920162921,295.7890537893698,295.7083054703316,0.3464898474853783,0.3388096635080857,0.32855789962604337,0.3293691413236908,88236.19945843688,295.2023473307086,0.175870074316448,0.6223461058870982,125.92036117570171,5.993758281977878,141.69945389232672,128.42796090976526,5.724789709876419,8.33323294539391,0.742385755435396,10.7063915825033,0.3951329064353944
2036-02-01,Kampala,11573.29113153154,0.4988173897120534,19.0,0.0720095219202539,0.927990478079746,0.5011826102879465,1.0000305189751728,3.000045778462759,0.3152,32.5816,0.300000000000001,32.60000000000005,0.0031835609470179643,0.0004805918578371579,-0.0033369300600000003,291.0277626945487,1.0,0.00011621364765307042,295.49340361603765,296.0672188013102,296.0231754769979,295.91297444040225,295.7872181246128,0.333522036411351,0.3248485216674013,0.3182168651116051,0.3295048823364921,88226.74430133375,295.3949265101457,0.14544557715332748,0.9316933216255453,100.2364897963342,6.213971059890141,124.85562289737543,130.9709685922762,4.542625076867466,6.9664076519886295,0.3468413634951648,10.394253068125856,0.18026355143492978
2036-03-01,Kampala,11573.29113153154,0.4988173897120534,19.0,0.0720095219202539,0.927990478079746,0.5011826102879465,1.0000305189751728,3.000045778462759,0.3152,32.5816,0.300000000000001,32.60000000000005,0.0033906378890299865,0.0003420920524812113,-0.0033369300600000003,291.17993494703813,1.0,0.00010765093071119963,295.64812337368505,296.22501857950715,296.1702435841134,296.036299113152,295.86982938025034,0.3284787843699428,0.3179995525998926,0.30767149315613734,0.3268329575941346,88209.78778530411,295.516728,0.171518822913584,1.2106490798173957,107.06783359406245,6.240730518152404,112.17449371061703,132.4389833652441,4.860061742736227,7.87447794284162,0.2237474305306779,10.131695816743836,0.04894046495560699
2036-04-01,Kampala,11573.29113153154,0.4988173897120534,19.0,0.0720095219202539,0.927990478079746,0.5011826102879465,1.0000305189751728,3.000045778462759,0.3152,32.5816,0.300000000000001,32.60000000000005,0.004227510990205809,0.0004884772545497256,-0.0033369300600000003,291.3984412770383,1.0,0.0001287144803652614,295.5426891303469,296.13462402047435,296.10862871075415,296.0712662914861,295.9320117235192,0.33844958206689957,0.32737468514354956,0.31247332025315816,0.32488549601280137,88215.41087024465,295.4424518686098,0.19801118396296433,1.433547230650016,132.7245858030706,6.385356020466337,114.09461901199101,132.35131697569565,6.027396273152217,9.621295338118886,0.8582934155614762,10.317130175086447,0.43460616893448417
2036-05-01,Kampala,11573.29113153154,0.4988173897120534,19.0,0.0720095219202539,0.927990478079746,0.5011826102879465,1.0000305189751728,3.000045778462759,0.3152,32.5816,0.300000000000001,32.60000000000005,0.004705900087940085,0.000798724007641738,-0.0033369300600000003,291.44692178362396,1.0,0.00014890513816119398,295.36443519042524,295.96056176711437,295.96339872037373,295.994420262399,295.93432399999995,0.3520166530323412,0.34229022548523486,0.32581561017308996,0.3277567936623153,88250.8330078872,295.3294240567669,0.16934654510269773,1.4689867411713362,150.33384147383515,6.275762598195111,130.3228118585941,131.30304907837524,6.871380790595249,10.915375392527814,1.4080210641076958,10.703843374009297,0.8025135290492024
2036-06-01,Kampala,11573.29113153154,0.4988173897120534,19.0,0.0720095219202539,0.927990478079746,0.5011826102879465,1.0000305189751728,3.000045778462759,0.3152,32.5816,0.300000000000001,32.60000000000005,0.004282674855221771,0.0008795017992261489,-0.0033369300600000003,291.11384644352466,1.0,0.00014469416837409403,295.08573398223643,295.6971926216973,295.73848145992827,295.8614181450559,295.9311009916931,0.3531764325855032,0.34523609478196177,0.3332866693867352,0.33051430627834505,88306.06450563016,295.13573247219944,0.08159056344062517,1.4635959550465716,130.81822529349492,6.575292148265952,137.48654190575732,127.67214517729387,6.040161635075351,9.438902608731233,1.3172760629320515,10.814659741782002,0.7762170095061296
2036-07-01,Kampala,11573.29113153154,0.4988173897120534,19.0,0.0720095219202539,0.927990478079746,0.5011826102879465,1.0000305189751728,3.000045778462759,0.3152,32.5816,0.300000000000001,32.60000000000005,0.0032733670164278254,0.0006739516042344125,-0.0033369300600000003,290.6668519205268,1.0,0.00011895259710221748,294.89596122541474,295.5079352847128,295.5461276773819,295.65613927647934,295.8619729199799,0.3390074547416216,0.33163249178988385,0.325481086678428,0.33170418120770145,88348.54104168399,294.9304826315995,0.005314406995967504,1.2472306195045342,104.61323040235042,6.7046759036431665,128.15229524773073,123.83283063027359,4.765570600491615,7.403168549224756,0.6480792226965199,10.537065516355197,0.3905513055272524
2036-08-01,Kampala,11573.29113153154,0.4988173897120534,19.0,0.0720095219202539,0.927990478079746,0.5011826102879465,1.0000305189751728,3.000045778462759,0.3152,32.5816,0.300000000000001,32.60000000000005,0.002774612757184924,0.0003637048511423999,-0.0033369300600000003,290.4333646911865,1.0,0.00010676601416986831,294.8315851053285,295.4468879592695,295.4703474656614,295.5525333381733,295.75463120217825,0.3277555592807415,0.31793961097940676,0.3104045005301595,0.32869714254538623,88358.7706917539,294.80624539956966,-0.030896264850174073,0.8985029495618896,95.02770320116828,6.9517221507201095,109.51465966358744,122.78480739283218,4.265445445996149,6.198351177741646,0.09835157415030032,10.150352317432345,0.022643945412534172
2036-09-01,Kampala,11573.29113153154,0.4988173897120534,19.0,0.0720095219202539,0.927990478079746,0.5011826102879465,1.0000305189751728,3.000045778462759,0.3152,32.5816,0.300000000000001,32.60000000000005,0.0029432980404535346,0.0002282642510898524,-0.0033369300600000003,290.6015932752363,1.0,0.00011621878733428599,294.9543020667954,295.55988894443254,295.55333387638854,295.55637522833723,295.6479925400907,0.3277678952874415,0.3159416599843528,0.3026756362586115,0.32593962992935643,88331.37597031327,294.83430218173294,-0.013929738055245805,0.4938416358342179,114.02458245907899,6.645600665643663,102.76131196011227,123.59281914576667,5.058218959020078,7.126179272592135,0.0,10.022788644059245,0.0
2036-10-01,Kampala,11573.29113153154,0.4988173897120534,19.0,0.0720095219202539,0.927990478079746,0.5011826102879465,1.0000305189751728,3.000045778462759,0.3152,32.5816,0.300000000000001,32.60000000000005,0.0034983244500307945,0.00022761698878762102,-0.0033369300600000003,290.9768908781736,1.0,0.00013665268387532683,295.1567431091906,295.75437328916,295.72772663585465,295.67631050510585,295.6307523350119,0.3383030218418579,0.3255205774408777,0.3054088771766878,0.32474975500000003,88297.62754778452,294.97929886895525,0.0646131111754709,0.25484059931048414,129.78361954162833,6.3463835029079965,110.95521973526097,123.20592092591461,5.9388654450550336,8.57962057172002,0.0722394687720664,10.189411425123795,0.0
2036-11-01,Kampala,11573.29113153154,0.4988173897120534,19.0,0.0720095219202539,0.927990478079746,0.5011826102879465,1.0000305189751728,3.000045778462759,0.3152,32.5816,0.300000000000001,32.60000000000005,0.004053523290757775,0.00036928191180412044,-0.0033369300600000003,291.1810758802657,1.0,0.0001566366083126849,295.21553120663674,295.80529773594594,295.7859052370363,295.7460476739748,295.66983159942146,0.34882252389645335,0.33821352399577265,0.31698965142912616,0.32474975500000003,88264.51704029438,295.0316193633245,0.16366474597412864,0.2565968912386823,149.2275093342735,6.127431156934802,129.36627962740783,123.07544283757669,6.837555299045007,9.889625191557244,0.4374384759322476,10.463107324065993,0.18265522410833598
2036-12-01,Kampala,11573.29113153154,0.4988173897120534,19.0,0.0720095219202539,0.927990478079746,0.5011826102879465,1.0000305189751728,3.000045778462759,0.3152,32.5816,0.300000000000001,32.60000000000005,0.004117436713300121,0.0005439861067847835,-0.0033369300600000003,291.19212201034185,1.0,0.00015932737132876872,295.2204979077527,295.7933330239838,295.7828029245911,295.75871129639523,295.7050013866771,0.35195809305208364,0.3435140545646603,0.3269381547331327,0.32586629073422185,88247.18218019449,295.07950963772595,0.20856528524748133,0.45919910048243207,143.24639127822618,6.108373159154073,140.18489126742153,124.90372445414361,6.577047387334094,9.557591315728326,0.6956216715221356,10.687134041738645,0.35426147059325586
2037-01-01,Kampala,11573.29113153154,0.4988173897120534,19.0,0.0720095219202539,0.927990478079746,0.5011826102879465,1.0000305189751728,3.000045778462759,0.3152,32.5816,0.300000000000001,32.60000000000005,0.00371781822298466,0.0005997917992865187,-0.0033369300600000003,291.0027811499737,1.0,0.00014317518211550727,295.28790290579167,295.86021629951654,295.8487410259866,295.80116082022937,295.7364001184605,0.34419556295970866,0.3367046319633877,0.3266548097794874,0.3264724847060982,88235.08267682674,295.2140389224938,0.18183489882345216,0.7029069192862224,128.8754541200809,6.417552990526487,139.6253108465493,128.26770669009684,5.837018440124229,8.43477080315785,0.623382202750069,10.56058875918462,0.35426147059325586
2037-02-01,Kampala,11573.29113153154,0.4988173897120534,19.0,0.0720095219202539,0.927990478079746,0.5011826102879465,1.0000305189751728,3.000045778462759,0.3152,32.5816,0.300000000000001,32.60000000000005,0.0031955855651868916,0.0004650568525987611,-0.0033369300600000003,290.94080882475356,1.0,0.00011733415981214495,295.47174486835337,296.0444014315339,296.01157262690595,295.91187561875364,295.80269701682255,0.33159027955182463,0.3228709856833374,0.3158051346359947,0.3264724847060982,88218.9983772227,295.39898347199716,0.14299421593759806,0.9464884073066194,103.42264482301289,6.367718183299705,124.15365036184585,129.033034131496,4.642083533909848,7.058620780041466,0.25818319558988767,10.286892860242423,0.17160624648491965
2037-03-01,Kampala,11573.29113153154,0.4988173897120534,19.0,0.0720095219202539,0.927990478079746,0.5011826102879465,1.0000305189751728,3.000045778462759,0.3152,32.5816,0.300000000000001,32.60000000000005,0.0034030799372891,0.00033965757183359127,-0.0033369300600000003,291.0654808261755,1.0,0.00011013521889761939,295.62276241395944,296.20673430375,296.1566057890694,296.02837222351235,295.87738889996126,0.32688922827170935,0.3162631827720798,0.30560107256226926,0.3253559489718763,88208.33437327982,295.516728,0.16806213357590458,1.1440384700939126,109.83501839870178,6.531992305499958,112.33752843307427,129.34406405161516,4.939865183904945,7.998721926332553,0.16495282839336997,10.066134864064301,0.041257524669182616
2037-04-01,Kampala,11573.29113153154,0.4988173897120534,19.0,0.0720095219202539,0.927990478079746,0.5011826102879465,1.0000305189751728,3.000045778462759,0.3152,32.5816,0.300000000000001,32.60000000000005,0.004220654659653465,0.0004805948230096912,-0.0033369300600000003,291.3057417069258,1.0,0.00013022394260057664,295.55751407852557,296.14561759262205,296.12413133271,296.0755671310214,295.93235844497,0.33724034839867884,0.3262268187979226,0.3100328723766433,0.32474975500000003,88211.34678466675,295.45810426912664,0.19169806412872795,1.3560143234524755,134.11028609515532,6.639638801039556,113.87406905016651,130.25489135782746,6.059764365163055,9.704952566229096,0.7742208886719307,10.27552531422964,0.3870194233982391
2037-05-01,Kampala,11573.29113153154,0.4988173897120534,19.0,0.0720095219202539,0.927990478079746,0.5011826102879465,1.0000305189751728,3.000045778462759,0.3152,32.5816,0.300000000000001,32.60000000000005,0.004693731586373539,0.0007868459310714812,-0.0033369300600000003,291.3840008907084,1.0,0.00014897284426536173,295.382316448768,295.9750223336111,295.9802784824309,295.9991166092421,295.93432399999995,0.34999901128646216,0.3404319311567358,0.32376549034173013,0.3268940839300021,88249.55374191381,295.3506746017709,0.1673457317981457,1.4775365987104656,151.14034688736902,6.789727861861771,129.9583158594893,130.99146253367405,6.886695594150967,10.95984659089197,1.4309698562495534,10.638002885302546,0.7896459016154808
2037-06-01,Kampala,11573.29113153154,0.4988173897120534,19.0,0.0720095219202539,0.927990478079746,0.5011826102879465,1.0000305189751728,3.000045778462759,0.3152,32.5816,0.300000000000001,32.60000000000005,0.004243074849930786,0.00086948184878096,-0.0033369300600000003,291.09761684172037,1.0,0.0001448404538137367,295.11688070607306,295.7256701137868,295.76169924079926,295.8752374473427,295.93432399999995,0.3513087048674682,0.34340144625104285,0.3311693088406266,0.32916651311957695,88304.28212619935,295.16398279288177,0.07990910562097281,1.4433697097871132,133.20350436632702,6.794068482691046,138.27480908776744,128.50435831234452,6.081832026323305,9.436654013838412,1.3598429425933691,10.755334529183303,0.7604432906976372
2037-07-01,Kampala,11573.29113153154,0.4988173897120534,19.0,0.0720095219202539,0.927990478079746,0.5011826102879465,1.0000305189751728,3.000045778462759,0.3152,32.5816,0.300000000000001,32.60000000000005,0.0032382683467540086,0.0006626337835837476,-0.0033369300600000003,290.66331493003435,1.0,0.00011990542560238967,294.92084969471216,295.5382099398117,295.56449398384876,295.675931697128,295.8755158782349,0.337758391136459,0.330117724152182,0.32384384209933076,0.32994091440110546,88348.59646322635,294.9591399954446,0.004645668912460418,1.2433733928011768,105.39889936045284,6.836531593553904,129.22617364134626,124.72603464658562,4.756975202515517,7.389707981606701,0.7505748823148086,10.50586658050744,0.4146813919685807
2037-08-01,Kampala,11573.29113153154,0.4988173897120534,19.0,0.0720095219202539,0.927990478079746,0.5011826102879465,1.0000305189751728,3.000045778462759,0.3152,32.5816,0.300000000000001,32.60000000000005,0.0027239225007854996,0.00034945269919321585,-0.0033369300600000003,290.42644236820996,1.0,0.00010662305307406667,294.8521988605875,295.473554786811,295.4889438953909,295.57334684150686,295.7709586814313,0.3265931326442753,0.3166877745378543,0.3087954230452051,0.3277965854711034,88360.33048938728,294.8385261866173,-0.030938855239691743,0.8862830399338617,94.07688355788865,6.875883209731078,110.00974878831455,123.46458486424429,4.237734520632729,6.204023135776147,0.09382591473718577,10.143389009434534,0.012054913751339083
2037-09-01,Kampala,11573.29113153154,0.4988173897120534,19.0,0.0720095219202539,0.927990478079746,0.5011826102879465,1.0000305189751728,3.000045778462759,0.3152,32.5816,0.300000000000001,32.60000000000005,0.0028938417448764932,0.00021751186726824386,-0.0033369300600000003,290.5728686911939,1.0,0.00011433158234869718,294.96472445645554,295.5750495506483,295.56964679956627,295.57400106115864,295.66542952784334,0.32623418412831745,0.3144799927192811,0.30112484966862213,0.3255241562815285,88336.18095872975,294.8625178128708,-0.012487561813944904,0.528332037906634,110.35080285597836,6.703361986373795,101.93844154586805,123.55548256681278,4.958556434845419,7.130155243288933,0.0,10.005755130148229,0.0
2037-10-01,Kampala,11573.29113153154,0.4988173897120534,19.0,0.0720095219202539,0.927990478079746,0.5011826102879465,1.0000305189751728,3.000045778462759,0.3152,32.5816,0.300000000000001,32.60000000000005,0.003473164769474735,0.00022369041407845674,-0.0033369300600000003,290.9369148179005,1.0,0.0001351869320785322,295.1533963485678,295.75200013983294,295.734550347537,295.6852157207245,295.64348445434183,0.33640925061731347,0.32387431160429125,0.3036129386560808,0.32474975500000003,88298.66838470852,294.9871351588534,0.06638286930951932,0.27489684788291796,131.45008311737482,6.454035496884221,110.51807666330667,123.25015229637565,5.989740055568522,8.596689674019936,0.09021625625070395,10.122593838654469,0.0
2037-11-01,Kampala,11573.29113153154,0.4988173897120534,19.0,0.0720095219202539,0.927990478079746,0.5011826102879465,1.0000305189751728,3.000045778462759,0.3152,32.5816,0.300000000000001,32.60000000000005,0.004035838672961864,0.0003623636704164117,-0.0033369300600000003,291.1549606033794,1.0,0.0001557499422344819,295.2214676317556,295.80988327987575,295.79899771901734,295.75637602396597,295.6801299284073,0.34690164907201354,0.3359355456734896,0.31508884100085877,0.32474975500000003,88263.79860082474,295.0383992236221,0.16448745064027692,0.26887337171910447,150.6554417936584,6.445348205588367,129.3712185003448,123.03564072878005,6.8556376863762205,9.902800509247157,0.4442885189941566,10.377917321123025,0.17988515209535047
2037-12-01,Kampala,11573.29113153154,0.4988173897120534,19.0,0.0720095219202539,0.927990478079746,0.5011826102879465,1.0000305189751728,3.000045778462759,0.3152,32.5816,0.300000000000001,32.60000000000005,0.004097031424137691,0.0005359792711774479,-0.0033369300600000003,291.1571723453769,1.0,0.00015921411896887663,295.2272064468234,295.8037299979949,295.7969850742699,295.76859915107383,295.71771479864304,0.35022632476136395,0.34121103897025135,0.3250922911702412,0.3254957923988379,88245.53532513918,295.09166120704367,0.20797437578921527,0.44613049229949714,146.1679273188,6.719124588369716,141.53511224617012,125.07918323513438,6.636512235224008,9.557619397751399,0.7189571744732334,10.605214688212458,0.33607109818364206
2038-01-01,Kampala,11573.29113153154,0.4988173897120534,19.0,0.0720095219202539,0.927990478079746,0.5011826102879465,1.0000305189751728,3.000045778462759,0.3152,32.5816,0.300000000000001,32.60000000000005,0.0037048355196142185,0.0005862410884498255,-0.0033369300600000003,290.99003859088066,1.0,0.00014310989372247045,295.31899549101973,295.88971886458324,295.8715659668719,295.81732426631334,295.74945309664537,0.3430857792648226,0.3349365885782167,0.324823731069889,0.3254957923988379,88235.00027245189,295.2305103893716,0.1799800706547273,0.6853649483852378,128.3221587314575,6.976640971258125,140.4390824168569,128.77241289841314,5.801092625396298,8.41318881279197,0.6287409182225291,10.513502963197388,0.33607109818364206
2038-02-01,Kampala,11573.29113153154,0.4988173897120534,19.0,0.0720095219202539,0.927990478079746,0.5011826102879465,1.0000305189751728,3.000045778462759,0.3152,32.5816,0.300000000000001,32.60000000000005,0.0031711726603180254,0.0004475678321118705,-0.0033369300600000003,290.93142102792405,1.0,0.00011583189715634659,295.4947726717142,296.06708613655206,296.0265215341285,295.9251993404723,295.81736481938356,0.3304062614397933,0.32134672951767945,0.3141466480563408,0.3254957923988379,88221.66828839826,295.407289800786,0.1440838225670833,0.9525715764799613,102.86339162768672,7.002176543756811,124.58920711316698,130.0901459744232,4.615381919217502,7.053927596338816,0.27466865547907643,10.25817948072883,0.15618594608829137
2038-03-01,Kampala,11573.29113153154,0.4988173897120534,19.0,0.0720095219202539,0.927990478079746,0.5011826102879465,1.0000305189751728,3.000045778462759,0.3152,32.5816,0.300000000000001,32.60000000000005,0.0033910437104576023,0.0003183081737695406,-0.0033369300600000003,291.04168594226,1.0,0.00010903404383706535,295.6419440034733,296.22109687441997,296.16641051633223,296.0362011556121,295.8853091027357,0.3259952103854506,0.3149182301003753,0.30388000734207277,0.32474975500000003,88209.09561442082,295.516728,0.16866261188907772,1.1618329400464427,109.24204605129312,6.825577120396713,111.88285652768029,129.7910658111441,4.92113674278292,8.035849989308147,0.1490011609796406,10.025378753416595,0.0380930652343995
2038-04-01,Kampala,11573.29113153154,0.4988173897120534,19.0,0.0720095219202539,0.927990478079746,0.5011826102879465,1.0000305189751728,3.000045778462759,0.3152,32.5816,0.300000000000001,32.60000000000005,0.004152538590711218,0.0004584754931885421,-0.0033369300600000003,291.26070317589347,1.0,0.0001277688681710036,295.5709603069797,296.16499957597694,296.1351318187021,296.076465,295.93432399999995,0.33563478626146886,0.32438042384321336,0.3081810662124858,0.32474975500000003,88212.00985920742,295.4743592584169,0.19273998055645306,1.3745181476659238,133.87719560873856,6.741042592330667,113.534180748538,130.0282005680369,6.029026663739162,9.750755326968777,0.6993345572435622,10.225585785023384,0.3568075034747798
2038-05-01,Kampala,11573.29113153154,0.4988173897120534,19.0,0.0720095219202539,0.927990478079746,0.5011826102879465,1.0000305189751728,3.000045778462759,0.3152,32.5816,0.300000000000001,32.60000000000005,0.004657818036698329,0.0007741539203421463,-0.0033369300600000003,291.32669726144746,1.0,0.00014846594861576135,295.3983585904828,295.9943142324432,295.9965289531288,296.007684975903,295.93432399999995,0.3482376148225838,0.338538330984151,0.3220209715957702,0.3261562449876871,88248.2054895861,295.37295676008017,0.16626315830329363,1.4936231949396392,153.13857518156274,6.802871776650311,130.13149805603504,130.46812495955868,6.89127328524733,10.991925830526071,1.437952662161831,10.548464884266062,0.7805581452984526
2038-06-01,Kampala,11573.29113153154,0.4988173897120534,19.0,0.0720095219202539,0.927990478079746,0.5011826102879465,1.0000305189751728,3.000045778462759,0.3152,32.5816,0.300000000000001,32.60000000000005,0.004200394318365396,0.0008544361222572673,-0.0033369300600000003,291.0867291099448,1.0,0.00014459017325544165,295.14252809297363,295.75572093501046,295.7909690961723,295.88601854049875,295.93432399999995,0.349544347811755,0.3415390898083583,0.3294879743872689,0.327955989805186,88302.00442088161,295.19159941566363,0.0795227875299142,1.4220960791897195,136.5133056415773,7.067544702279828,139.25791003003238,128.89823915027628,6.11636179426777,9.440127144009653,1.3718340746041993,10.689145093976132,0.7424650800640529
2038-07-01,Kampala,11573.29113153154,0.4988173897120534,19.0,0.0720095219202539,0.927990478079746,0.5011826102879465,1.0000305189751728,3.000045778462759,0.3152,32.5816,0.300000000000001,32.60000000000005,0.0032436557597546483,0.0006533789639874315,-0.0033369300600000003,290.65938206003085,1.0,0.00011992368006708444,294.9431230247914,295.5596978144208,295.5931013215548,295.69713785799854,295.8791181314601,0.3366692542752709,0.32849247066699333,0.32257080395869686,0.32814282276869167,88348.38970321522,294.9950891182728,0.0021748948037697744,1.2371649261311475,106.53337659228612,7.212398314995593,130.18086160441226,125.5571439842005,4.761644185401141,7.403565548087879,0.821500678340278,10.463811078878175,0.42375064182367256
2038-08-01,Kampala,11573.29113153154,0.4988173897120534,19.0,0.0720095219202539,0.927990478079746,0.5011826102879465,1.0000305189751728,3.000045778462759,0.3152,32.5816,0.300000000000001,32.60000000000005,0.0026998179942660967,0.00033770053683382725,-0.0033369300600000003,290.41247322106267,1.0,0.00010504454202408204,294.86837585550614,295.493728547687,295.5154431960975,295.5922638980674,295.7854654514395,0.3261149016725391,0.3155789378250919,0.307224516409283,0.3267363327810046,88360.59049531196,294.8745363303417,-0.03504690579845284,0.8660722057602127,92.8410268340392,7.151057488321975,110.07803744265787,123.96840685819393,4.195340611243194,6.223429524743981,0.08288257342200911,10.140931979635496,0.0
2038-09-01,Kampala,11573.29113153154,0.4988173897120534,19.0,0.0720095219202539,0.927990478079746,0.5011826102879465,1.0000305189751728,3.000045778462759,0.3152,32.5816,0.300000000000001,32.60000000000005,0.0028585571414081836,0.0002130623925,-0.0033369300600000003,290.5279115076475,1.0,0.00011163627879060037,294.9773119311796,295.58870687958944,295.58799163260585,295.5950291819457,295.68643164715246,0.32547452478046796,0.3133686980018302,0.29936032607200674,0.3249365879635057,88339.02472499198,294.90219368658853,-0.015130222434224225,0.5700900657223138,106.18806055124936,6.910729837334242,100.75971316723985,123.76297512328239,4.8611983695874486,7.161797463955398,0.0,10.0,0.0
2038-10-01,Kampala,11573.29113153154,0.4988173897120534,19.0,0.0720095219202539,0.927990478079746,0.5011826102879465,1.0000305189751728,3.000045778462759,0.3152,32.5816,0.300000000000001,32.60000000000005,0.0034302648403146375,0.0002188624942691121,-0.0033369300600000003,290.8869292701749,1.0,0.0001338452168727378,295.14963358123646,295.7487980385043,295.73925631093374,295.6986978678253,295.66773884804616,0.33515165861178114,0.32272889780915187,0.30138042044640784,0.32474975500000003,88297.09771276171,295.0006506790131,0.06741697596175994,0.3017026421380648,132.58463740053878,6.8426229964052885,109.53853017589888,123.50075381626453,6.0409158646711845,8.655581808040035,0.08555082910483162,10.063864002991622,0.0
2038-11-01,Kampala,11573.29113153154,0.4988173897120534,19.0,0.0720095219202539,0.927990478079746,0.5011826102879465,1.0000305189751728,3.000045778462759,0.3152,32.5816,0.300000000000001,32.60000000000005,0.003992499751948553,0.0003531260533737141,-0.0033369300600000003,291.1217112260783,1.0,0.0001557379466999871,295.23094557216945,295.8151803384523,295.8061829967191,295.76266507585893,295.6974550083257,0.34503329221190215,0.3346472640228361,0.31291453503283867,0.32474975500000003,88260.96602486708,295.05436053096065,0.16356854252434683,0.2923417091837485,151.82232891751883,6.943299852480962,129.1868376766928,123.31470282852227,6.904130147563097,9.964689393976077,0.427422474567642,10.303549837890548,0.18120027875459935
2038-12-01,Kampala,11573.29113153154,0.4988173897120534,19.0,0.0720095219202539,0.927990478079746,0.5011826102879465,1.0000305189751728,3.000045778462759,0.3152,32.5816,0.300000000000001,32.60000000000005,0.004056387326420759,0.0005224311484380288,-0.0033369300600000003,291.12412620708,1.0,0.00015977537823167766,295.24059601415775,295.81527321141374,295.80716625124916,295.77210202103566,295.7332309276257,0.34840379429037754,0.33979904002468886,0.32301271091293376,0.3250272174257121,88243.7008230036,295.1082978769469,0.20662816498837563,0.4262848886509388,148.4845881525276,7.019566720172441,142.70177133792785,125.32258965219592,6.701025869191671,9.600983458138439,0.6921617214081288,10.525273380255056,0.33262495030656836
2039-01-01,Kampala,11573.29113153154,0.4988173897120534,19.0,0.0720095219202539,0.927990478079746,0.5011826102879465,1.0000305189751728,3.000045778462759,0.3152,32.5816,0.300000000000001,32.60000000000005,0.003667388574408944,0.0005712765368463702,-0.0033369300600000003,290.9754184220813,1.0,0.0001434581206941248,295.3488640316623,295.9188732178018,295.8974687306685,295.8252432875685,295.76052363101525,0.341912464286831,0.3336894024475981,0.32305002367141383,0.3250272174257121,88235.4212242408,295.24871992349625,0.17636351149003063,0.6643244605076707,127.33374043813892,7.185579032072563,141.1754069549569,129.13428867956358,5.7550706349075185,8.445719597282368,0.6066108923032969,10.477562415271494,0.33262495030656836
2039-02-01,Kampala,11573.29113153154,0.4988173897120534,19.0,0.0720095219202539,0.927990478079746,0.5011826102879465,1.0000305189751728,3.000045778462759,0.3152,32.5816,0.300000000000001,32.60000000000005,0.003129551097063497,0.0004370129777417683,-0.0033369300600000003,290.9244674122461,1.0,0.00011489463402862176,295.5149009265114,296.0891455281214,296.0468030359137,295.93493006356294,295.8244601507563,0.32932594263038956,0.3200974980272447,0.31253867712444666,0.3250272174257121,88223.94943389297,295.41696535781654,0.14435828301053832,0.9445551028804801,101.35288701490008,7.155575352372573,124.88606056125235,131.0486606904182,4.587382236606884,7.087748024298503,0.26473924684048655,10.23787658037257,0.1514246715519688
2039-03-01,Kampala,11573.29113153154,0.4988173897120534,19.0,0.0720095219202539,0.927990478079746,0.5011826102879465,1.0000305189751728,3.000045778462759,0.3152,32.5816,0.300000000000001,32.60000000000005,0.003368478624905809,0.0003066286715130542,-0.0033369300600000003,291.0198410118758,1.0,0.00010898804251084357,295.65214490635884,296.23266762069017,296.17883120183177,296.0443942699122,295.8877180357433,0.32512859492377194,0.31399135688480073,0.30231053745922803,0.32474975500000003,88208.63821386902,295.516728,0.16745034734778974,1.1687524822732673,107.83466371670448,7.347062976537232,111.15775710906676,130.06053275227353,4.921854350021602,8.085643617858524,0.1217021360765111,10.016153038008062,0.036953803607904644
2039-04-01,Kampala,11573.29113153154,0.4988173897120534,19.0,0.0720095219202539,0.927990478079746,0.5011826102879465,1.0000305189751728,3.000045778462759,0.3152,32.5816,0.300000000000001,32.60000000000005,0.004102712073836155,0.00044044518621412233,-0.0033369300600000003,291.2222575660846,1.0,0.00012622996861543444,295.5891516023773,296.17720613552837,296.15103288749856,296.076465,295.93432399999995,0.33393512604863806,0.3229266411410117,0.30615521127955936,0.32474975500000003,88212.33030259293,295.49294560241214,0.19251143012270103,1.3905539509125904,132.07478806883591,7.284482928878231,113.0523930675253,129.87566482791607,6.035578699913955,9.770721928836592,0.6111863586607996,10.195147734393212,0.32299175206851277
2039-05-01,Kampala,11573.29113153154,0.4988173897120534,19.0,0.0720095219202539,0.927990478079746,0.5011826102879465,1.0000305189751728,3.000045778462759,0.3152,32.5816,0.300000000000001,32.60000000000005,0.004640527073168314,0.0007577567300434545,-0.0033369300600000003,291.27724841346094,1.0,0.0001484678935820079,295.4225689310877,296.01054307353155,296.0147530518728,296.0075817665056,295.93432399999995,0.3465352202432556,0.337000866642674,0.3195398429683674,0.3254357785736634,88247.19483669921,295.4003309544921,0.1651816099446048,1.5104421762501012,153.58857743226253,7.180709227667893,130.1975372418702,130.17920922171677,6.934283425908707,11.014117650510151,1.4368086912614568,10.489897757201964,0.7734624408264715
2039-06-01,Kampala,11573.29113153154,0.4988173897120534,19.0,0.0720095219202539,0.927990478079746,0.5011826102879465,1.0000305189751728,3.000045778462759,0.3152,32.5816,0.300000000000001,32.60000000000005,0.004183633688006259,0.0008341083151693938,-0.0033369300600000003,291.0820919526061,1.0,0.00014451412983620572,295.18191161455746,295.78206125326847,295.82020534170607,295.8923912843401,295.93432399999995,0.34793055464938205,0.3398050964589568,0.32719923142269,0.32678974274151334,88300.81235318864,295.22802423201375,0.07866747485372007,1.409976308193231,138.5338553361311,7.2568049605322225,140.35382960377873,129.84086143036916,6.180016354535844,9.453761018578104,1.3890104253299844,10.619494831085396,0.7365086372185666
2039-07-01,Kampala,11573.29113153154,0.4988173897120534,19.0,0.0720095219202539,0.927990478079746,0.5011826102879465,1.0000305189751728,3.000045778462759,0.3152,32.5816,0.300000000000001,32.60000000000005,0.0032409738287065347,0.000645646310290872,-0.0033369300600000003,290.6598175734825,1.0,0.00012074622811906717,294.9739013188828,295.5811807400662,295.61839679027156,295.71366277233534,295.88621752749106,0.3354750335487664,0.32726652602107464,0.32081425820578074,0.32678974274151334,88347.94191030324,295.0248795756975,0.0004450331132491668,1.2383631656995073,106.98269624862918,7.218754150949786,131.239527926364,126.6635797332694,4.767767849356702,7.435223481282975,0.899526202745696,10.424347096692182,0.45047068875795854
2039-08-01,Kampala,11573.29113153154,0.4988173897120534,19.0,0.0720095219202539,0.927990478079746,0.5011826102879465,1.0000305189751728,3.000045778462759,0.3152,32.5816,0.300000000000001,32.60000000000005,0.002661901039404878,0.0003283347664615399,-0.0033369300600000003,290.40356539534633,1.0,0.00010429771853661627,294.8975784871256,295.5097952926367,295.5374263576375,295.6111599468342,295.79595954433233,0.32522422005701107,0.31433457457669556,0.3058404051572408,0.3261037191678499,88361.29724275526,294.9013749845178,-0.037523750068081514,0.8526010572130943,91.92531811328784,7.2693590905486785,110.33542417565218,124.76638241614569,4.169810517513876,6.287226019371782,0.07390387014503885,10.129597073883431,0.0
2039-09-01,Kampala,11573.29113153154,0.4988173897120534,19.0,0.0720095219202539,0.927990478079746,0.5011826102879465,1.0000305189751728,3.000045778462759,0.3152,32.5816,0.300000000000001,32.60000000000005,0.002802727724419698,0.0002130623925,-0.0033369300600000003,290.4903839039357,1.0,0.00010954647887737246,294.99433739520083,295.599441399309,295.60109386975085,295.60857864322475,295.70391745957573,0.32430517072113746,0.31182971156379796,0.29755590204036503,0.32474975500000003,88342.08360595208,294.93087481035553,-0.01861662556116853,0.6001734718813759,102.96125293265747,6.9382912401527115,99.64153393804513,123.73517294840543,4.756665965439731,7.246414282688399,0.0,10.0,0.0
2039-10-01,Kampala,11573.29113153154,0.4988173897120534,19.0,0.0720095219202539,0.927990478079746,0.5011826102879465,1.0000305189751728,3.000045778462759,0.3152,32.5816,0.300000000000001,32.60000000000005,0.003387799537858929,0.0002130623925,-0.0033369300600000003,290.8427060552977,1.0,0.00013191814116573876,295.1521228288288,295.7531488233085,295.7371467388659,295.70547745955923,295.68259046828376,0.3336865228412063,0.3204474071463916,0.29951872771243687,0.32474975500000003,88297.22364947786,295.0138811301675,0.06463633458695443,0.31220730448021883,134.23963111239178,7.090456934015258,109.0058889206329,123.35698706592676,6.094800836528638,8.768886476079492,0.09214395510784722,10.017508461997549,0.0
2039-11-01,Kampala,11573.29113153154,0.4988173897120534,19.0,0.0720095219202539,0.927990478079746,0.5011826102879465,1.0000305189751728,3.000045778462759,0.3152,32.5816,0.300000000000001,32.60000000000005,0.0039683660701700305,0.00034314485515860173,-0.0033369300600000003,291.0905079180065,1.0,0.0001550808666071193,295.2351808279108,295.8285642860751,295.81128159791376,295.77331834029746,295.71194681428716,0.3435340870158082,0.33221466978717906,0.31089697925578913,0.32474975500000003,88259.4719145241,295.07224650765465,0.16081196377982157,0.2966402531747205,153.11436064291777,7.367040814857891,129.64997496939898,123.08447349218726,6.968416828293353,10.012873851913152,0.4421874931861908,10.23969280793941,0.15861728079993606
2039-12-01,Kampala,11573.29113153154,0.4988173897120534,19.0,0.0720095219202539,0.927990478079746,0.5011826102879465,1.0000305189751728,3.000045778462759,0.3152,32.5816,0.300000000000001,32.60000000000005,0.004019514370982503,0.0005140178992617089,-0.0033369300600000003,291.0941361436404,1.0,0.00015996310577677604,295.24724791076216,295.8280827216056,295.8133264508711,295.7882277462201,295.7396905994597,0.34691456788883596,0.33750718595064005,0.32124569657978963,0.32474975500000003,88242.70219246058,295.1215047350343,0.20315040485988042,0.40344852999470343,150.7877039632224,7.438201217964958,144.49965989736882,125.37963244066573,6.792770167309854,9.609369250439427,0.6961794169453034,10.441636412885273,0.2966795965919743
2040-01-01,Kampala,11573.29113153154,0.4988173897120534,19.0,0.0720095219202539,0.927990478079746,0.5011826102879465,1.0000305189751728,3.000045778462759,0.3152,32.5816,0.300000000000001,32.60000000000005,0.0036371715749316026,0.0005577963611486432,-0.0033369300600000003,290.9618811876495,1.0,0.00014374565298129913,295.38017838292495,295.944423536481,295.9171078582954,295.8480592028062,295.767727440817,0.34112287388132506,0.332147454652945,0.32105032720590226,0.32474975500000003,88236.0952963542,295.26542546912646,0.1722359035497472,0.646761986677661,126.94672388624701,7.240267027274505,142.11973865593578,129.63755342877775,5.741690730639987,8.405424012840946,0.6040354618374558,10.424127950887724,0.2966795965919743
2040-02-01,Kampala,11573.29113153154,0.4988173897120534,19.0,0.0720095219202539,0.927990478079746,0.5011826102879465,1.0000305189751728,3.000045778462759,0.3152,32.5816,0.300000000000001,32.60000000000005,0.0030705138059771916,0.0004277138984900414,-0.0033369300600000003,290.9158458587968,1.0,0.0001136298319766897,295.5400258868897,296.1070565831407,296.0602232675073,295.9516043810635,295.8286290779724,0.3281989777493037,0.318455689572722,0.31081608626323515,0.32474975500000003,88226.38334230152,295.423179330739,0.14202082645059264,0.956066275917796,101.68469637795818,6.993397504382016,125.08204800758206,132.11585242495585,4.556700914513182,7.082522603360918,0.25399192375911217,10.201943604945866,0.13806231579203807
2040-03-01,Kampala,11573.29113153154,0.4988173897120534,19.0,0.0720095219202539,0.927990478079746,0.5011826102879465,1.0000305189751728,3.000045778462759,0.3152,32.5816,0.300000000000001,32.60000000000005,0.0032754385327965004,0.00028203800508731075,-0.0033369300600000003,291.0645515320169,1.0,0.00010481834867710874,295.6718572124933,296.24637386120094,296.18905861260345,296.0544667609158,295.8929273775563,0.32314761280071974,0.31175239539415034,0.3003006828582262,0.32474975500000003,88209.27916695336,295.516728,0.16762046929786364,1.2304621257722383,108.12883803007207,7.155508225912826,112.10028469992007,133.54556025735397,4.873059431669792,8.010489854888712,0.1302680662547703,10.0,0.011806961822077985
2040-04-01,Kampala,11573.29113153154,0.4988173897120534,19.0,0.0720095219202539,0.927990478079746,0.5011826102879465,1.0000305189751728,3.000045778462759,0.3152,32.5816,0.300000000000001,32.60000000000005,0.004107378782332679,0.00043254712364557444,-0.0033369300600000003,291.2813833638379,1.0,0.00012580363690555728,295.5629501394225,296.15460796329154,296.1313839719146,296.076465,295.93432399999995,0.3326951859581401,0.3210869329378773,0.30528424908878793,0.32474975500000003,88214.64617399452,295.4724025718943,0.19309546942404185,1.445758522479487,133.1967829919699,7.188956560467907,114.41134026168363,133.35171566899723,6.035329077661378,9.76656798880423,0.7562169037364557,10.186483255793654,0.35677281384319537
2040-05-01,Kampala,11573.29113153154,0.4988173897120534,19.0,0.0720095219202539,0.927990478079746,0.5011826102879465,1.0000305189751728,3.000045778462759,0.3152,32.5816,0.300000000000001,32.60000000000005,0.004585655055119366,0.0007140359090412321,-0.0033369300600000003,291.3297254164183,1.0,0.00014599919462674065,295.405813987821,296.00128445902374,296.00469017390026,296.01919325619474,295.93432399999995,0.3461641967521684,0.3358643224948341,0.3187461411777878,0.32474975500000003,88250.4970561908,295.39046208356353,0.16539053273805246,1.4823114032037077,150.55014940811938,7.386244223069649,130.71646398243516,132.43698355327524,6.869841338017941,11.03954128112079,1.2746769656983565,10.484068429445259,0.6875814543353158
2040-06-01,Kampala,11573.29113153154,0.4988173897120534,19.0,0.0720095219202539,0.927990478079746,0.5011826102879465,1.0000305189751728,3.000045778462759,0.3152,32.5816,0.300000000000001,32.60000000000005,0.0041551188171841565,0.0007936859954548861,-0.0033369300600000003,291.0006541298241,1.0,0.00014141508605115227,295.14925607774836,295.75702221590774,295.8011562949818,295.90442586348655,295.93432399999995,0.3473583972823531,0.3389003281385856,0.326232157809154,0.32474975500000003,88306.50962830191,295.227812468058,0.07815609828535522,1.4739207661704057,131.041191736495,7.38928407615095,137.96720020542602,128.7961164890927,6.035135136465251,9.567681331765145,1.1880498030868036,10.543210842633751,0.6757744925132377
2040-07-01,Kampala,11573.29113153154,0.4988173897120534,19.0,0.0720095219202539,0.927990478079746,0.5011826102879465,1.0000305189751728,3.000045778462759,0.3152,32.5816,0.300000000000001,32.60000000000005,0.003138643063609425,0.0005993984150096881,-0.0033369300600000003,290.563755102632,1.0,0.00011580955767105429,294.9595424534015,295.57050155312044,295.6057747196308,295.714916115638,295.88657490694317,0.3335076339914842,0.32554763529435243,0.3183069033344487,0.32474975500000003,88349.64910065626,295.02563068001945,0.001276650706003556,1.2564528695947403,104.76037335030799,7.701887211250418,128.58887823674578,124.86619372268963,4.760704403412366,7.49933807170427,0.5621009656051185,10.356727586840098,0.3308086404921203
2040-08-01,Kampala,11573.29113153154,0.4988173897120534,19.0,0.0720095219202539,0.927990478079746,0.5011826102879465,1.0000305189751728,3.000045778462759,0.3152,32.5816,0.300000000000001,32.60000000000005,0.002645775328315697,0.00031790962961403057,-0.0033369300600000003,290.3338186304174,1.0,0.00010393366140333729,294.89626071775393,295.50516929997247,295.5304558111853,295.6096009037878,295.8010886887923,0.3220557888966136,0.31194159549515654,0.3037010006447638,0.32474975500000003,88359.63867943163,294.8981739009503,-0.03600140920015696,0.9063458172779062,95.30202227035159,7.8178256061593006,109.95449184501369,123.72628571584278,4.268814968496035,6.271392621111093,0.04364090364321738,10.059142413188495,0.0
2040-09-01,Kampala,11573.29113153154,0.4988173897120534,19.0,0.0720095219202539,0.927990478079746,0.5011826102879465,1.0000305189751728,3.000045778462759,0.3152,32.5816,0.300000000000001,32.60000000000005,0.0028155154851785495,0.0002130623925,-0.0033369300600000003,290.50113033379495,1.0,0.00011348561549723772,295.01616548777133,295.61885434958714,295.6119540995737,295.615445398469,295.71252937349607,0.3220030270164071,0.30973441292739257,0.29587122635432406,0.32474975500000003,88332.18771731244,294.92441826290366,-0.01822354174180599,0.5017489141269267,114.37807996021922,7.715318871925814,103.44103283825878,124.74888906719343,5.067205011234724,7.1951926924290825,0.0,10.0,0.0
2040-10-01,Kampala,11573.29113153154,0.4988173897120534,19.0,0.0720095219202539,0.927990478079746,0.5011826102879465,1.0000305189751728,3.000045778462759,0.3152,32.5816,0.300000000000001,32.60000000000005,0.0033826132192941796,0.0002130623925,-0.0033369300600000003,290.86846990378507,1.0,0.0001338616974319777,295.2190357521781,295.8087539954989,295.7860599364387,295.73224491547717,295.69392930790997,0.33240789844282254,0.3194473269541109,0.2984952381918254,0.32474975500000003,88297.63750700573,295.0696749176823,0.06121042122985546,0.2645390300882984,130.29760315125017,7.36526865323457,111.70207069509598,124.51247515424997,5.967522089549841,8.683638686022192,0.038359398767905284,10.079784148739606,0.0
2040-11-01,Kampala,11573.29113153154,0.4988173897120534,19.0,0.0720095219202539,0.927990478079746,0.5011826102879465,1.0000305189751728,3.000045778462759,0.3152,32.5816,0.300000000000001,32.60000000000005,0.003935520791160167,0.0003311242665436707,-0.0033369300600000003,291.07385569362845,1.0,0.00015382695711947095,295.2780322077487,295.8631451934305,295.84739770713287,295.80006189610634,295.7315925060935,0.3432176233705211,0.3319098359418097,0.3093717473960927,0.32474975500000003,88264.60104859188,295.1265843753727,0.16006722501939494,0.2680888300944569,149.926205815329,7.193282498775495,130.06567609185132,124.47237728765492,6.862349221317025,10.011765737587845,0.33769399035149394,10.266973206108046,0.1453441805337032
2040-12-01,Kampala,11573.29113153154,0.4988173897120534,19.0,0.0720095219202539,0.927990478079746,0.5011826102879465,1.0000305189751728,3.000045778462759,0.3152,32.5816,0.300000000000001,32.60000000000005,0.004008338966148615,0.0004800733125098224,-0.0033369300600000003,291.084491892254,1.0,0.00015634967928165565,295.28329536162636,295.85613664229794,295.8434496870182,295.8110927487673,295.7666438316676,0.3464993753187784,0.3371668298963944,0.31928696416806845,0.32474975500000003,88247.01511032181,295.17478709811513,0.20480494011942674,0.47785842239963355,144.27499578630776,7.188210913886988,140.8324290318135,126.11123049771531,6.622849954410612,9.662207543995953,0.5607037795182938,10.4201573438158,0.26675734421477904
2041-01-01,Kampala,11573.29113153154,0.4988173897120534,19.0,0.0720095219202539,0.927990478079746,0.5011826102879465,1.0000305189751728,3.000045778462759,0.3152,32.5816,0.300000000000001,32.60000000000005,0.003611705720848162,0.0005214187459137427,-0.0033369300600000003,290.897331813451,1.0,0.00014015699435024267,295.3497829987534,295.9280642730321,295.907988951662,295.85375267543094,295.7971092541408,0.33874596679263497,0.33027873228808674,0.31924075753309045,0.32474975500000003,88234.77964133986,295.27603765948083,0.17784331864602954,0.7222084665429414,129.86881026349272,7.339305079919124,140.2109170651631,129.4271226445162,5.871073425133884,8.530959983742308,0.5223443807503881,10.340373195076195,0.26675734421477904
2041-02-01,Kampala,11573.29113153154,0.4988173897120534,19.0,0.0720095219202539,0.927990478079746,0.5011826102879465,1.0000305189751728,3.000045778462759,0.3152,32.5816,0.300000000000001,32.60000000000005,0.0030961051261644518,0.0004033568718700721,-0.0033369300600000003,290.8329846167383,1.0,0.0001140698004258597,295.5112044304319,296.0923288325162,296.0486638874277,295.94852265045716,295.8449322741082,0.32617252784276357,0.31636543063488365,0.30836424832882314,0.32474975500000003,88219.0079905034,295.42852546919033,0.14088520898831855,0.9670210709221214,103.98018236155913,7.39366942890166,124.6362258784918,130.04685141852005,4.6700738318351975,7.141341844932885,0.2230097891667996,10.153184137707754,0.12141316368107564
2041-03-01,Kampala,11573.29113153154,0.4988173897120534,19.0,0.0720095219202539,0.927990478079746,0.5011826102879465,1.0000305189751728,3.000045778462759,0.3152,32.5816,0.300000000000001,32.60000000000005,0.003288311479637636,0.0002744408943905532,-0.0033369300600000003,290.95476094281247,1.0,0.00010731091615290972,295.6425944166095,296.2299145771501,296.1746474980724,296.04641469582333,295.8984402638303,0.3214620413839355,0.3100033410612151,0.29823907021527535,0.32474975500000003,88207.66092803013,295.516728,0.16547147752242639,1.165125749990419,110.43956814848268,7.586751555110183,112.75702676678713,130.38947463341523,4.954499125974231,8.078959654713577,0.11821789691038827,10.0,0.010026534692251602
2041-04-01,Kampala,11573.29113153154,0.4988173897120534,19.0,0.0720095219202539,0.927990478079746,0.5011826102879465,1.0000305189751728,3.000045778462759,0.3152,32.5816,0.300000000000001,32.60000000000005,0.004092066092286353,0.000416030680093246,-0.0033369300600000003,291.1947418223808,1.0,0.00012719025583624963,295.5758626640898,296.16908049536977,296.1446997787025,296.076465,295.93432399999995,0.331918407980238,0.32012648399081656,0.3027157508822232,0.32474975500000003,88210.86889122408,295.48828833412557,0.1898894695790271,1.3789755420262855,135.06800527644836,7.448574607867916,114.3246576502741,131.20374962003632,6.079057517240041,9.81258085152418,0.6808190906150063,10.162160906640032,0.32062606511015024
2041-05-01,Kampala,11573.29113153154,0.4988173897120534,19.0,0.0720095219202539,0.927990478079746,0.5011826102879465,1.0000305189751728,3.000045778462759,0.3152,32.5816,0.300000000000001,32.60000000000005,0.004567749717960164,0.0007045162407079087,-0.0033369300600000003,291.27444058828195,1.0,0.00014608837648002616,295.42178394351055,296.01366209159323,296.018101942001,296.0204278253613,295.93432399999995,0.34440078586623274,0.3344990842041325,0.31651224203085443,0.32474975500000003,88248.93235464075,295.4126905374062,0.1654782990712089,1.5000220901933599,152.60728595292633,7.323057323566915,130.51738492639353,132.01071008696127,6.905337210250828,11.095097820902287,1.2740941548590667,10.426800480752487,0.6830804727720814
2041-06-01,Kampala,11573.29113153154,0.4988173897120534,19.0,0.0720095219202539,0.927990478079746,0.5011826102879465,1.0000305189751728,3.000045778462759,0.3152,32.5816,0.300000000000001,32.60000000000005,0.004132057187462467,0.0007846022367988635,-0.0033369300600000003,290.99034529176976,1.0,0.00014166433687493737,295.1754579334572,295.78297003457766,295.82093444192316,295.90931760938076,295.93432399999995,0.34579956743698964,0.33719717779324304,0.3237641060582261,0.32474975500000003,88303.88324886699,295.25453083124256,0.07869575907673741,1.4597265619826016,134.65564701642631,7.120077220896416,138.68392693612205,129.4342797501147,6.110235589325579,9.572586496370052,1.1945002576213772,10.48058480608385,0.6730539380798296
2041-07-01,Kampala,11573.29113153154,0.4988173897120534,19.0,0.0720095219202539,0.927990478079746,0.5011826102879465,1.0000305189751728,3.000045778462759,0.3152,32.5816,0.300000000000001,32.60000000000005,0.00314719090775215,0.0006016670176922503,-0.0033369300600000003,290.57018492101435,1.0,0.00011681049541371721,294.97920321399425,295.5921368500194,295.62423965419606,295.7300904848026,295.89321354518637,0.3324376985249721,0.32376294587127036,0.31624988177818264,0.32474975500000003,88348.86378431814,295.0486997657768,0.0024575834738419975,1.2576390405426638,106.60712777887785,7.258074461076565,129.5638391888199,125.74738810496837,4.788838651615592,7.492723325697763,0.6318990639167591,10.318423899443816,0.362454407661931
2041-08-01,Kampala,11573.29113153154,0.4988173897120534,19.0,0.0720095219202539,0.927990478079746,0.5011826102879465,1.0000305189751728,3.000045778462759,0.3152,32.5816,0.300000000000001,32.60000000000005,0.0026207914666044004,0.0003131814570775877,-0.0033369300600000003,290.3293235332951,1.0,0.00010327277149865848,294.9086023852802,295.5327899507004,295.55302250607946,295.6265861644574,295.8115345477263,0.3215054726667106,0.31054886985537783,0.30245339062955134,0.32474975500000003,88359.48548269951,294.92522917417904,-0.0360984605310417,0.8960894243709542,94.83437605634508,7.163105729581244,110.31305152537692,124.5071026381314,4.2662678179488145,6.301327483361335,0.03862399967269875,10.053784325331362,0.0
2041-09-01,Kampala,11573.29113153154,0.4988173897120534,19.0,0.0720095219202539,0.927990478079746,0.5011826102879465,1.0000305189751728,3.000045778462759,0.3152,32.5816,0.300000000000001,32.60000000000005,0.0027874937509931364,0.0002130623925,-0.0033369300600000003,290.4736975046747,1.0,0.00011132029871996551,295.02240962491607,295.63893871480246,295.62963256174504,295.63049583501805,295.72871512055895,0.32109785935692353,0.308362188232834,0.294637507623094,0.32474975500000003,88335.02160954861,294.9521139854028,-0.017913283299904218,0.5459120097405882,110.6922099459158,7.178948330614163,102.46337344047784,124.82939003008109,4.991860053100833,7.2494631206473805,0.0,10.0,0.0
2041-10-01,Kampala,11573.29113153154,0.4988173897120534,19.0,0.0720095219202539,0.927990478079746,0.5011826102879465,1.0000305189751728,3.000045778462759,0.3152,32.5816,0.300000000000001,32.60000000000005,0.003347148868443659,0.0002130623925,-0.0033369300600000003,290.8241900024817,1.0,0.00013227894585855968,295.2103878469413,295.81500761063495,295.79302505795044,295.740475619433,295.7094984994049,0.33115723930125096,0.3179245324852155,0.2971630865870512,0.32474975500000003,88296.58215608873,295.0786663239101,0.06185111576840894,0.29165778906169254,131.60093729116906,7.045431387171852,111.10917666632882,124.54669160163961,6.034657546469105,8.750798239361256,0.02378873843545402,10.019828242521735,0.0
2041-11-01,Kampala,11573.29113153154,0.4988173897120534,19.0,0.0720095219202539,0.927990478079746,0.5011826102879465,1.0000305189751728,3.000045778462759,0.3152,32.5816,0.300000000000001,32.60000000000005,0.003907436554234902,0.0003226798604424137,-0.0033369300600000003,291.04372492476995,1.0,0.0001533056928908327,295.27900375845667,295.8713629027255,295.85564166257205,295.81294116607586,295.7451686695736,0.34164451304790583,0.3298607078263716,0.3074143417673949,0.32474975500000003,88262.80005562084,295.1316248632425,0.1606757434651573,0.2880661819753249,151.02441072898944,7.420278799259973,130.1250475186335,124.40389555241502,6.911916469877494,10.052313820163393,0.3321971667898728,10.189390694147939,0.14141368954049757
2041-12-01,Kampala,11573.29113153154,0.4988173897120534,19.0,0.0720095219202539,0.927990478079746,0.5011826102879465,1.0000305189751728,3.000045778462759,0.3152,32.5816,0.300000000000001,32.60000000000005,0.003963380948499647,0.000471232177593726,-0.0033369300600000003,291.0492570174401,1.0,0.00015675833310986928,295.2845794741566,295.86297673614087,295.8588244585426,295.8283994949486,295.7784588611177,0.34495677363518623,0.3352207655400113,0.3176841991804495,0.32474975500000003,88245.57148763938,295.1804598264991,0.20326154041316247,0.45490232777825135,146.5550767405064,7.452705016626125,142.1816274217605,126.31202278529042,6.671106247375168,9.710451048502703,0.5636680792913533,10.335828295088634,0.261905685679566
2042-01-01,Kampala,11573.29113153154,0.4988173897120534,19.0,0.0720095219202539,0.927990478079746,0.5011826102879465,1.0000305189751728,3.000045778462759,0.3152,32.5816,0.300000000000001,32.60000000000005,0.0035758631023640373,0.000507308462593858,-0.0033369300600000003,290.88124192883384,1.0,0.00014067031357001267,295.37489568312964,295.95094911708185,295.933666017759,295.8776996753784,295.80976814526707,0.33771485887735025,0.3287443410552853,0.3175157287767511,0.32474975500000003,88235.75450437637,295.2881782193318,0.17500150035552994,0.6957399430760199,128.86125130515958,7.710047252592787,140.90931979056492,129.93052916002537,5.816919788803106,8.555314151805213,0.539879340855899,10.3160000525669,0.261905685679566
2042-02-01,Kampala,11573.29113153154,0.4988173897120534,19.0,0.0720095219202539,0.927990478079746,0.5011826102879465,1.0000305189751728,3.000045778462759,0.3152,32.5816,0.300000000000001,32.60000000000005,0.003039986987587666,0.00039769099465144435,-0.0033369300600000003,290.82507687872754,1.0,0.00011317846077181413,295.5309593209076,296.10935912808685,296.06886439795545,295.9647756237195,295.85577697255843,0.32509936449320903,0.3150473729304435,0.3072644735964074,0.32474975500000003,88221.7795016357,295.43428806831656,0.13881973337383582,0.9587502179509525,103.03486894798756,7.567481942048879,125.03803245549933,131.16437089410468,4.618324997426266,7.16143465048181,0.23147091250148022,10.146437600940695,0.12049199613906825
2042-03-01,Kampala,11573.29113153154,0.4988173897120534,19.0,0.0720095219202539,0.927990478079746,0.5011826102879465,1.0000305189751728,3.000045778462759,0.3152,32.5816,0.300000000000001,32.60000000000005,0.0032664704271060225,0.0002672750104805431,-0.0033369300600000003,290.93616984545946,1.0,0.0001063138058960711,295.65790237562516,296.24228858758505,296.18623904639713,296.0565178402665,295.9053062081816,0.3205635058834701,0.30886200079181153,0.29699657065146295,0.32474975500000003,88208.16989770917,295.516728,0.16423519169590733,1.1736344595930597,109.37486194772187,7.760331599130718,112.29221394979918,130.83948689859173,4.946682940183144,8.10732380105866,0.09824874411766192,10.0,0.0058763485856942466
2042-04-01,Kampala,11573.29113153154,0.4988173897120534,19.0,0.0720095219202539,0.927990478079746,0.5011826102879465,1.0000305189751728,3.000045778462759,0.3152,32.5816,0.300000000000001,32.60000000000005,0.004040998286614414,0.00040319528934510963,-0.0033369300600000003,291.1561878133486,1.0,0.0001249898790666009,295.59516857059475,296.1834898927838,296.15654653148323,296.076465,295.93432399999995,0.3303470126201306,0.318394009673227,0.3010569017870836,0.32474975500000003,88210.96368462131,295.5041790821005,0.1886292435139241,1.3924179112536665,134.1007930660876,7.531503544998849,114.07426144183906,131.21207281293812,6.071327802475847,9.823205066335381,0.6091054649633285,10.132392481803167,0.28872384731340645
2042-05-01,Kampala,11573.29113153154,0.4988173897120534,19.0,0.0720095219202539,0.927990478079746,0.5011826102879465,1.0000305189751728,3.000045778462759,0.3152,32.5816,0.300000000000001,32.60000000000005,0.0045492077776346715,0.0006922169287569563,-0.0033369300600000003,291.22544131001695,1.0,0.00014564073766569933,295.4453927710656,296.03496421234246,296.0357465895879,296.02662598617286,295.93432399999995,0.3428870323354571,0.3327109707827725,0.31433689955394317,0.32474975500000003,88247.66894847713,295.43182699750486,0.16388732952727778,1.514243609321043,153.317057317431,7.3756389776024065,130.43352425663144,131.59528413205462,6.951796333546689,11.122797331687018,1.3001191844355653,10.365873240115276,0.6795571177384709
2042-06-01,Kampala,11573.29113153154,0.4988173897120534,19.0,0.0720095219202539,0.927990478079746,0.5011826102879465,1.0000305189751728,3.000045778462759,0.3152,32.5816,0.300000000000001,32.60000000000005,0.004089692498703026,0.0007700856282616218,-0.0033369300600000003,290.9832040388858,1.0,0.0001418310775870677,295.2126406886081,295.8140262138166,295.8513058391846,295.9246573263876,295.93432399999995,0.34433286165777394,0.33540696933085057,0.3217375528174269,0.32474975500000003,88302.03104776294,295.2838897736214,0.07699345322804846,1.445132179443485,136.51240860164174,7.492847714736411,139.64359301902863,130.21678180107642,6.167549342509794,9.61786238849183,1.2228616869026092,10.415626551002417,0.6736807691527765
2042-07-01,Kampala,11573.29113153154,0.4988173897120534,19.0,0.0720095219202539,0.927990478079746,0.5011826102879465,1.0000305189751728,3.000045778462759,0.3152,32.5816,0.300000000000001,32.60000000000005,0.0031187638718710177,0.000598089064396923,-0.0033369300600000003,290.5807086617959,1.0,0.0001173382604210256,295.01102098231974,295.6201402612962,295.65243826529064,295.7558031658484,295.898431082218,0.3312526279511904,0.3222995217308531,0.31489584218895567,0.32474975500000003,88348.3788948582,295.08258656291395,-1.6503080617386496e-05,1.254779531484903,106.36737698956945,7.713599573240269,130.5592965668749,126.65629224280981,4.7897509319598885,7.5916697813330645,0.7120049660569426,10.283234069199247,0.3908332704250643
2042-08-01,Kampala,11573.29113153154,0.4988173897120534,19.0,0.0720095219202539,0.927990478079746,0.5011826102879465,1.0000305189751728,3.000045778462759,0.3152,32.5816,0.300000000000001,32.60000000000005,0.0025731347005155136,0.0003090674249850765,-0.0033369300600000003,290.3274063541607,1.0,0.00010248606223690584,294.9359712609399,295.55333277751066,295.5751548029823,295.6506678319973,295.82307700398,0.32056959864457,0.3091660743645939,0.3016158444220961,0.32474975500000003,88360.51275972424,294.9610061646492,-0.037644301840575885,0.8816873129923076,93.01984982725212,8.019116046991604,110.60379993698984,125.15468860396113,4.210732215170068,6.405940153030361,0.02099124658470569,10.04975331088714,0.0
2042-09-01,Kampala,11573.29113153154,0.4988173897120534,19.0,0.0720095219202539,0.927990478079746,0.5011826102879465,1.0000305189751728,3.000045778462759,0.3152,32.5816,0.300000000000001,32.60000000000005,0.002734756780659663,0.0002130623925,-0.0033369300600000003,290.44445194286504,1.0,0.00010889844964639581,295.0412076808607,295.65044996608594,295.647044984252,295.6519890169931,295.74525395727613,0.3198322825923659,0.3069667673465865,0.2938575716899902,0.32474975500000003,88339.20381503638,294.98801680821964,-0.01902450651639573,0.579291174230428,107.07365703586936,8.03448041077835,101.0171655764538,124.73293887495406,4.878192098789262,7.330675034457655,0.0,10.0,0.0
2042-10-01,Kampala,11573.29113153154,0.4988173897120534,19.0,0.0720095219202539,0.927990478079746,0.5011826102879465,1.0000305189751728,3.000045778462759,0.3152,32.5816,0.300000000000001,32.60000000000005,0.0033065977302813234,0.0002130623925,-0.0033369300600000003,290.77468050884823,1.0,0.0001310959577449042,295.21087195761055,295.8170688790282,295.7987583591685,295.7542080150293,295.7282404684201,0.3296501868201951,0.31602231316359153,0.2958996048681131,0.32474975500000003,88297.78166971162,295.0933593108375,0.06270882294241334,0.3069909219637063,133.53135201577018,8.050350870109169,109.82312353674494,124.46371674450567,6.065475566469441,8.8119655679085,0.029287000648089274,10.0,0.0
2042-11-01,Kampala,11573.29113153154,0.4988173897120534,19.0,0.0720095219202539,0.927990478079746,0.5011826102879465,1.0000305189751728,3.000045778462759,0.3152,32.5816,0.300000000000001,32.60000000000005,0.003882122585353006,0.0003196733383383558,-0.0033369300600000003,291.0107884488588,1.0,0.0001532730415016001,295.2889537913764,295.88355880954316,295.86919231897076,295.8218611925675,295.7568393177028,0.33982746253509366,0.32806988127329445,0.30544418953389146,0.32474975500000003,88261.74500547997,295.1475767218698,0.15895025026407442,0.299614577139999,152.64754324509624,7.947085592002511,129.53802660111822,124.33081145598487,6.952764798169272,10.09028163752371,0.32445516096602484,10.14429405323799,0.13545459287989894
2042-12-01,Kampala,11573.29113153154,0.4988173897120534,19.0,0.0720095219202539,0.927990478079746,0.5011826102879465,1.0000305189751728,3.000045778462759,0.3152,32.5816,0.300000000000001,32.60000000000005,0.003950574629199664,0.0004673414858351669,-0.0033369300600000003,291.014175310194,1.0,0.0001573925056516473,295.2959907219225,295.87779873930725,295.8721496967474,295.8350317272329,295.78843285175884,0.3431501104203618,0.3334797972774152,0.31546582868636647,0.32474975500000003,88244.41707516545,295.19513048322784,0.20247717273186092,0.4347753069179709,148.82720777805153,7.924597167101585,143.2386855780933,126.42156345991827,6.729479370337578,9.708313319432614,0.5395962776744327,10.280154534192443,0.24169270710328852
2043-01-01,Kampala,11573.29113153154,0.4988173897120534,19.0,0.0720095219202539,0.927990478079746,0.5011826102879465,1.0000305189751728,3.000045778462759,0.3152,32.5816,0.300000000000001,32.60000000000005,0.0035686389483877163,0.0004913766520427298,-0.0033369300600000003,290.86379697615627,1.0,0.00014085960944629368,295.4067755808663,295.9741719313608,295.95766942392623,295.8912765382639,295.8159089091066,0.33657308390416746,0.32771113411815506,0.3155521779196121,0.32474975500000003,88235.94652989497,295.30364010921693,0.1723288022396301,0.6786650075986334,127.61103681466307,8.106978090337451,141.72499883733352,130.30809786246277,5.78704991337819,8.543578659911686,0.510309277026343,10.280154534192443,0.24169270710328852
2043-02-01,Kampala,11573.29113153154,0.4988173897120534,19.0,0.0720095219202539,0.927990478079746,0.5011826102879465,1.0000305189751728,3.000045778462759,0.3152,32.5816,0.300000000000001,32.60000000000005,0.0030207020014273163,0.000384765706204374,-0.0033369300600000003,290.8137505399341,1.0,0.00011190938776352538,295.5535192680094,296.12301516507273,296.08531886832776,295.9785977084038,295.8626641380619,0.3238234444069179,0.31423024134084665,0.3060075932538338,0.32474975500000003,88223.8613886446,295.4433551810452,0.1408296429535457,0.9642464046224744,102.18974520179388,8.231456667614408,125.3036818854937,132.09267338220855,4.584855100940538,7.190161713748281,0.2151411167084074,10.135860480954454,0.10623811422338941
2043-03-01,Kampala,11573.29113153154,0.4988173897120534,19.0,0.0720095219202539,0.927990478079746,0.5011826102879465,1.0000305189751728,3.000045778462759,0.3152,32.5816,0.300000000000001,32.60000000000005,0.003260252953250591,0.0002481354728190236,-0.0033369300600000003,290.9084714919821,1.0,0.0001058246955285439,295.673998,296.2525960452593,296.19491205968467,296.06607464852806,295.9088936507098,0.31972292182270284,0.3078478838755911,0.2959859541013587,0.32474975500000003,88208.28279138036,295.516728,0.16519101220145632,1.1878765514131848,108.68239227695854,7.981398853373528,111.51315028536969,131.10936307023982,4.926751542930589,8.196895334562095,0.0900665915138462,10.0,0.0
2043-04-01,Kampala,11573.29113153154,0.4988173897120534,19.0,0.0720095219202539,0.927990478079746,0.5011826102879465,1.0000305189751728,3.000045778462759,0.3152,32.5816,0.300000000000001,32.60000000000005,0.003997600485439826,0.000385738166169421,-0.0033369300600000003,291.11074955295334,1.0,0.0001232408110647432,295.61010455166473,296.1986981459864,296.1702499018426,296.076465,295.93432399999995,0.3285701230500016,0.31673210166916566,0.2997144250175061,0.32474975500000003,88211.59549026738,295.516728,0.19141402029989532,1.4062334614879994,133.41365548604097,7.805150290988583,113.32948056887035,130.96118683142782,6.050657746077573,9.88712245797916,0.5284531282350156,10.102128816431735,0.250780603344487
2043-05-01,Kampala,11573.29113153154,0.4988173897120534,19.0,0.0720095219202539,0.927990478079746,0.5011826102879465,1.0000305189751728,3.000045778462759,0.3152,32.5816,0.300000000000001,32.60000000000005,0.004533756268413877,0.0006774656044257768,-0.0033369300600000003,291.16747968853343,1.0,0.00014554689714653534,295.4618876897971,296.05471004950397,296.0520664218683,296.0318196579562,295.93432399999995,0.3412663092441519,0.330674733299599,0.31222487377540875,0.32474975500000003,88246.7943482073,295.45161465588245,0.16289671022151214,1.5230182324856314,154.09120392744583,7.697415579243558,130.57854471529092,131.19186580586336,6.981996918946163,11.139649262282896,1.3009983977243753,10.300633000557054,0.6644749298318752
2043-06-01,Kampala,11573.29113153154,0.4988173897120534,19.0,0.0720095219202539,0.927990478079746,0.5011826102879465,1.0000305189751728,3.000045778462759,0.3152,32.5816,0.300000000000001,32.60000000000005,0.0040694470987282004,0.0007502968854969668,-0.0033369300600000003,290.96873720716144,1.0,0.00014175828074948884,295.24522921323336,295.8447710737841,295.8726495581055,295.9382323878631,295.93432399999995,0.34261890022217506,0.3334420676287853,0.31956208731171637,0.32474975500000003,88300.298855216,295.31129026235664,0.07614227387700827,1.4212113126223684,138.82596578641696,7.990787004655222,140.78075860842924,130.83285858040162,6.235048871825771,9.57011537679565,1.227406975848093,10.337830271136104,0.6644749298318752
2043-07-01,Kampala,11573.29113153154,0.4988173897120534,19.0,0.0720095219202539,0.927990478079746,0.5011826102879465,1.0000305189751728,3.000045778462759,0.3152,32.5816,0.300000000000001,32.60000000000005,0.0031182617655363663,0.0005886590259390063,-0.0033369300600000003,290.5866089142447,1.0,0.00011777955076399623,295.0376179785071,295.64400756895105,295.67316302176886,295.7788602797412,295.906660327417,0.33017058114813563,0.3207465652457611,0.3133173341870545,0.32474975500000003,88348.08627346349,295.1118378519809,-0.00228341813070509,1.247130239809649,106.56678288687029,7.863533042833896,131.69592954764312,127.59447438720754,4.810075933840693,7.570998004204647,0.7890204391269237,10.235701454704367,0.413694326487388
2043-08-01,Kampala,11573.29113153154,0.4988173897120534,19.0,0.0720095219202539,0.927990478079746,0.5011826102879465,1.0000305189751728,3.000045778462759,0.3152,32.5816,0.300000000000001,32.60000000000005,0.0025468252913428513,0.0002969315876826506,-0.0033369300600000003,290.32810040838814,1.0,0.0001014506755405658,294.96302417242606,295.5752691776111,295.59313950433494,295.6732002465733,295.84083275694525,0.3197715894366618,0.3079885316878928,0.30080688542915185,0.32474975500000003,88361.43620174861,294.99187685668636,-0.039097663063965636,0.860294402984251,91.87274644220838,7.923698486645766,110.90600075220118,125.71926671819773,4.180152858059408,6.423773953658895,0.016475169637563975,10.037197270579048,0.0
2043-09-01,Kampala,11573.29113153154,0.4988173897120534,19.0,0.0720095219202539,0.927990478079746,0.5011826102879465,1.0000305189751728,3.000045778462759,0.3152,32.5816,0.300000000000001,32.60000000000005,0.002699163421090465,0.0002130623925,-0.0033369300600000003,290.41965083005755,1.0,0.00010652222026069691,295.0554336694199,295.6648725598388,295.66227112702796,295.66645826029475,295.7683215055233,0.3188138562942758,0.3057217478364232,0.2934696718928443,0.32474975500000003,88342.4097246583,295.0162284751859,-0.01949770073736917,0.6140572859424396,103.05742011439743,7.8467777882096605,99.88443702887336,124.82632576009314,4.777669879683409,7.392461156098922,0.0,10.0,0.0
2043-10-01,Kampala,11573.29113153154,0.4988173897120534,19.0,0.0720095219202539,0.927990478079746,0.5011826102879465,1.0000305189751728,3.000045778462759,0.3152,32.5816,0.300000000000001,32.60000000000005,0.003292222148013925,0.0002130623925,-0.0033369300600000003,290.73279170348115,1.0,0.00012935107838782636,295.2151495512327,295.81441911032755,295.7985289166552,295.76386359119766,295.74650839880655,0.3283806511823962,0.3145253852712759,0.29516165626341734,0.32474975500000003,88296.86437630835,295.0992170559212,0.06298964904739464,0.33034973698537146,134.88784254090433,8.121585998693824,109.02227777321032,124.41550344106054,6.119294718944874,8.881132522624233,0.020799677922101984,10.0,0.0
2043-11-01,Kampala,11573.29113153154,0.4988173897120534,19.0,0.0720095219202539,0.927990478079746,0.5011826102879465,1.0000305189751728,3.000045778462759,0.3152,32.5816,0.300000000000001,32.60000000000005,0.003872891075075853,0.00031187686889304084,-0.0033369300600000003,290.9838007187327,1.0,0.0001524834700623454,295.30068288472205,295.8821774918194,295.8741043640013,295.82937161371956,295.77205173710985,0.3380592543153247,0.32620121802906143,0.30407005642942375,0.32474975500000003,88259.33573926042,295.15388796750557,0.15785269409616418,0.317725787748697,153.85346572391052,8.030536289005644,129.05859979640024,124.25260621143786,7.001826908625787,10.106358356593317,0.31722966539231173,10.13511613306572,0.12812049048962015
2043-12-01,Kampala,11573.29113153154,0.4988173897120534,19.0,0.0720095219202539,0.927990478079746,0.5011826102879465,1.0000305189751728,3.000045778462759,0.3152,32.5816,0.300000000000001,32.60000000000005,0.003916170957077641,0.0004492631207721999,-0.0033369300600000003,290.9860244123675,1.0,0.0001571509349691535,295.3142996230709,295.88376987509344,295.8767376707702,295.84368099848507,295.7997129345942,0.34150850519552395,0.3315537416195761,0.3135997615931256,0.32474975500000003,88242.26426142482,295.20407757851876,0.20014926346747086,0.42183048122546074,151.29815128075083,8.016877984772309,144.0957154584043,126.52829997195458,6.816716374569366,9.725236367443445,0.5229677051676379,10.257997686117301,0.22515018550383104
2044-01-01,Kampala,11573.29113153154,0.4988173897120534,19.0,0.0720095219202539,0.927990478079746,0.5011826102879465,1.0000305189751728,3.000045778462759,0.3152,32.5816,0.300000000000001,32.60000000000005,0.0035393701935390928,0.00046405887964643815,-0.0033369300600000003,290.8537571362997,1.0,0.00014090818472032134,295.42608842431963,295.9934376834513,295.96991851563706,295.90163574077894,295.8286242541696,0.3356431400283504,0.3264966914769022,0.31355705776922843,0.32474975500000003,88235.86503018408,295.32054140815916,0.16911685786275552,0.658499252110435,127.13023574487629,7.973226877121294,142.0410435109607,130.8040302875189,5.764422172828706,8.535357778866484,0.5021680272455354,10.257997686117301,0.22515018550383104
2044-02-01,Kampala,11573.29113153154,0.4988173897120534,19.0,0.0720095219202539,0.927990478079746,0.5011826102879465,1.0000305189751728,3.000045778462759,0.3152,32.5816,0.300000000000001,32.60000000000005,0.002971122478969159,0.0003652444032533973,-0.0033369300600000003,290.80552475824487,1.0,0.00011061815758842886,295.56336575877896,296.13840578978187,296.0925500656992,295.98643309346886,295.86890848633806,0.32294662882660957,0.31363626064655165,0.30464865760322196,0.32474975500000003,88225.99671216674,295.4509448359869,0.13982371854396022,0.965062735582273,101.55235569337113,8.246596145132203,125.47761447854116,133.22801506055202,4.5785084972434165,7.2080860385010475,0.20573803977532568,10.122881553051583,0.09702969501421073
2044-03-01,Kampala,11573.29113153154,0.4988173897120534,19.0,0.0720095219202539,0.927990478079746,0.5011826102879465,1.0000305189751728,3.000045778462759,0.3152,32.5816,0.300000000000001,32.60000000000005,0.0031772682124029117,0.00022960627697386345,-0.0033369300600000003,290.9546211423908,1.0,0.00010211713933900875,295.673998,296.257149,296.200202,296.0724529650749,295.91375854027564,0.3178436588357962,0.30696614629562746,0.2951189524395202,0.32474975500000003,88209.50648435595,295.516728,0.16433838185268854,1.2412388664639586,108.41600666587017,8.323516297441747,112.74016217901725,134.67120031427706,4.890073008925602,8.112277142073685,0.08182099157679773,10.0,0.0
2044-04-01,Kampala,11573.29113153154,0.4988173897120534,19.0,0.0720095219202539,0.927990478079746,0.5011826102879465,1.0000305189751728,3.000045778462759,0.3152,32.5816,0.300000000000001,32.60000000000005,0.004002619793583484,0.00037921542974794737,-0.0033369300600000003,291.17783723779297,1.0,0.0001229439386862043,295.5831167335119,296.17141028717975,296.1512656973929,296.076465,295.93432399999995,0.3273755513201682,0.316166845811103,0.30019286244006316,0.32474975500000003,88214.57837319614,295.50204636744314,0.18919440001286006,1.45980206789598,133.67823625906146,7.947439197657977,114.8194847558434,134.53705354614718,6.057594221364244,9.86559129627132,0.6665318009901424,10.096798856347037,0.3006073812722676
2044-05-01,Kampala,11573.29113153154,0.4988173897120534,19.0,0.0720095219202539,0.927990478079746,0.5011826102879465,1.0000305189751728,3.000045778462759,0.3152,32.5816,0.300000000000001,32.60000000000005,0.004480734564048782,0.0006375677265725534,-0.0033369300600000003,291.2248449010849,1.0,0.00014328336504664037,295.44451852445167,296.036482926039,296.0463135611254,296.035590617413,295.93432399999995,0.3407704725178155,0.329934206240209,0.31227988332646645,0.32474975500000003,88250.33475395599,295.45233442130575,0.1608084911252092,1.4941812782071136,151.39841144937677,7.928742468040781,130.94243348103896,133.6569265219048,6.880364734630278,11.15173089516719,1.126502936347812,10.304535261265103,0.5967661995630166
2044-06-01,Kampala,11573.29113153154,0.4988173897120534,19.0,0.0720095219202539,0.927990478079746,0.5011826102879465,1.0000305189751728,3.000045778462759,0.3152,32.5816,0.300000000000001,32.60000000000005,0.004051790624567247,0.0007129873179605577,-0.0033369300600000003,290.8921441055052,1.0,0.00013900920015875412,295.2060700466138,295.8146520902397,295.86155735158826,295.94104847962825,295.93432399999995,0.3419799838343757,0.33260200300214016,0.3185872976250336,0.32474975500000003,88305.38247913386,295.3191275357501,0.07379722105414423,1.4903692872703982,131.84193875927366,7.767210898514915,138.02265860403648,129.94696302602532,6.053519887941024,9.69835089990834,1.0446819447710138,10.304535261265103,0.5967661995630166
2044-07-01,Kampala,11573.29113153154,0.4988173897120534,19.0,0.0720095219202539,0.927990478079746,0.5011826102879465,1.0000305189751728,3.000045778462759,0.3152,32.5816,0.300000000000001,32.60000000000005,0.0030455713788746746,0.0005485824063122356,-0.0033369300600000003,290.4880544127472,1.0,0.00011335289227767963,295.01567980679283,295.6327548455966,295.66923339811507,295.77332668655293,295.904481137103,0.3282027951084203,0.31942615999600493,0.3107281457567968,0.32474975500000003,88348.50086877379,295.1184927318,-0.001917071521587076,1.2754280919033267,105.81832206090378,8.282792649667426,128.77345120986948,125.9514401678307,4.769864564691185,7.6673350083588145,0.45997113535766915,10.207736404918068,0.29615881829074886
2044-08-01,Kampala,11573.29113153154,0.4988173897120534,19.0,0.0720095219202539,0.927990478079746,0.5011826102879465,1.0000305189751728,3.000045778462759,0.3152,32.5816,0.300000000000001,32.60000000000005,0.0025533205873912433,0.00029023010948762957,-0.0033369300600000003,290.25421982051165,1.0,0.00010145771717344726,294.9521894997269,295.57405062940836,295.5929810281259,295.671954402022,295.8358964126834,0.3168646835306365,0.3058986565860214,0.29864112487039346,0.32474975500000003,88358.69435098908,294.9930273833135,-0.039294849315609816,0.9282004790855823,96.1841843664215,8.36187518856582,110.22983764560804,124.87951548837948,4.297190968075268,6.4402644401445235,0.0,10.0,0.0
2044-09-01,Kampala,11573.29113153154,0.4988173897120534,19.0,0.0720095219202539,0.927990478079746,0.5011826102879465,1.0000305189751728,3.000045778462759,0.3152,32.5816,0.300000000000001,32.60000000000005,0.002728345439827358,0.0002130623925,-0.0033369300600000003,290.4270407383983,1.0,0.00011083288001007654,295.07261618114484,295.6834964021927,295.67378668266923,295.6773845028778,295.76224272689154,0.31682476072399957,0.30379512207743653,0.2923337105718263,0.32474975500000003,88331.9078252766,295.01737277749925,-0.021270518835989516,0.5207572415742112,115.31375645346479,8.514721279987421,103.76104814007043,125.9158991523587,5.081431882392452,7.34071333010423,0.0,10.0,0.0
2044-10-01,Kampala,11573.29113153154,0.4988173897120534,19.0,0.0720095219202539,0.927990478079746,0.5011826102879465,1.0000305189751728,3.000045778462759,0.3152,32.5816,0.300000000000001,32.60000000000005,0.003278667932106509,0.0002130623925,-0.0033369300600000003,290.75810332890785,1.0,0.00013115127332925867,295.2743490876131,295.8724918965859,295.8493191431417,295.79356477093205,295.7451108226732,0.32740333750275824,0.3130939278869845,0.29510278702135684,0.32474975500000003,88297.52289593441,295.15701311850034,0.059275851227415875,0.2827201436843788,130.85740509484228,8.251388214688815,112.10548596619519,125.62154618147126,5.971143528208771,8.805181353496806,0.0,10.0,0.0
2044-11-01,Kampala,11573.29113153154,0.4988173897120534,19.0,0.0720095219202539,0.927990478079746,0.5011826102879465,1.0000305189751728,3.000045778462759,0.3152,32.5816,0.300000000000001,32.60000000000005,0.0038270042757031497,0.00030099433402430736,-0.0033369300600000003,290.9665900686642,1.0,0.00015085046564062492,295.33417141928277,295.9240072429006,295.9107383911894,295.86435123593395,295.78444312495577,0.3381551747418119,0.32550413315628474,0.3035151143500628,0.32474975500000003,88264.69796177234,295.20979356271823,0.15856973308598166,0.28717084389633657,150.53099525666752,8.182628804565477,130.68716213766106,125.54214561559377,6.856206667066007,10.16159333868121,0.254993030364134,10.095239486964987,0.10545920243661155
2044-12-01,Kampala,11573.29113153154,0.4988173897120534,19.0,0.0720095219202539,0.927990478079746,0.5011826102879465,1.0000305189751728,3.000045778462759,0.3152,32.5816,0.300000000000001,32.60000000000005,0.003892638616916131,0.0004248894349124734,-0.0033369300600000003,290.9761175537715,1.0,0.00015368235332461025,295.3396296189309,295.9205910901134,295.90903485977964,295.8765058304089,295.82601558192056,0.3413823190102249,0.33078189639540895,0.3121696383120825,0.32474975500000003,88246.46376224846,295.262104496165,0.20335416954112626,0.49269107280065394,144.71396160866905,8.107121963252784,141.29795600844866,127.20295629897062,6.627943544395239,9.811991277797803,0.4323206265448536,10.151737065623545,0.1999349486217278
2045-01-01,Kampala,11573.29113153154,0.4988173897120534,19.0,0.0720095219202539,0.927990478079746,0.5011826102879465,1.0000305189751728,3.000045778462759,0.3152,32.5816,0.300000000000001,32.60000000000005,0.0034985923240793675,0.0004401616693399952,-0.0033369300600000003,290.78745551394167,1.0,0.00013732823576879726,295.40906217561275,295.98985758907247,295.9683705050643,295.92103026454464,295.85813183950853,0.33346033231998806,0.32391533895743635,0.31179032114077326,0.32474975500000003,88234.89680429782,295.337780591671,0.174546007263409,0.73420891855709,130.59360979341878,8.372643467886626,140.4515815092858,130.6226907495378,5.8952590452564415,8.681974140488142,0.4323206265448536,10.151737065623545,0.1999349486217278
2045-02-01,Kampala,11573.29113153154,0.4988173897120534,19.0,0.0720095219202539,0.927990478079746,0.5011826102879465,1.0000305189751728,3.000045778462759,0.3152,32.5816,0.300000000000001,32.60000000000005,0.002980114172318315,0.0003522297278156878,-0.0033369300600000003,290.7261590498667,1.0,0.00011138236492912015,295.55132836006925,296.13197382008684,296.0881557632734,295.9924904666606,295.88738426164554,0.32085311488534374,0.31126527666901366,0.3033779938120673,0.32474975500000003,88219.03261404112,295.46017744207705,0.1365641904668238,0.9729066460886177,104.70768451696046,8.25147134884865,124.90596312989685,131.2446833451495,4.70391008656757,7.282147638486216,0.17732759618071917,10.056497578658558,0.0944757461851161
2045-03-01,Kampala,11573.29113153154,0.4988173897120534,19.0,0.0720095219202539,0.927990478079746,0.5011826102879465,1.0000305189751728,3.000045778462759,0.3152,32.5816,0.300000000000001,32.60000000000005,0.003171331588781501,0.0002283346269275218,-0.0033369300600000003,290.8483157935039,1.0,0.0001039088307809608,295.6638919568411,296.247775035889,296.1938098496769,296.06944790911444,295.9194654904726,0.31631696150995076,0.30498282651245173,0.29472346985004755,0.32474975500000003,88208.18104239821,295.516728,0.16099820614460145,1.1659554490350095,110.70010670210506,8.36677010398571,113.15306980067633,131.5883392871617,4.989408298291725,8.24938592006697,0.07840731766604929,10.0,0.0
2045-04-01,Kampala,11573.29113153154,0.4988173897120534,19.0,0.0720095219202539,0.927990478079746,0.5011826102879465,1.0000305189751728,3.000045778462759,0.3152,32.5816,0.300000000000001,32.60000000000005,0.0039855243960651545,0.0003720227634491198,-0.0033369300600000003,291.0890164945072,1.0,0.00012402669396919473,295.5971782574902,296.18799927986885,296.16235483122875,296.076465,295.93432399999995,0.32662847073669504,0.3150269690285398,0.2991512065845057,0.32474975500000003,88211.11479864939,295.516728,0.18612364738149353,1.378281867687542,134.93805565221734,8.141985813863522,114.86467236085134,132.42478245511788,6.102493545699986,9.956415280101977,0.6005941135276313,10.073837535553283,0.26968138789507057
2045-05-01,Kampala,11573.29113153154,0.4988173897120534,19.0,0.0720095219202539,0.927990478079746,0.5011826102879465,1.0000305189751728,3.000045778462759,0.3152,32.5816,0.300000000000001,32.60000000000005,0.0044585798970716295,0.0006251823610925452,-0.0033369300600000003,291.16528816802594,1.0,0.00014297144696920236,295.46517527856764,296.0567118428268,296.0607042708217,296.043210750738,295.93432399999995,0.33923404666909857,0.3280746501519756,0.31061574223423927,0.32474975500000003,88249.04599543712,295.4692889166452,0.1617101171289975,1.5022460437336091,152.25287726666045,8.172673796125661,130.74298218537766,133.21839349542205,6.918190293662715,11.225137031917514,1.1470669818734298,10.24376471395929,0.5925980774744943
2045-06-01,Kampala,11573.29113153154,0.4988173897120534,19.0,0.0720095219202539,0.927990478079746,0.5011826102879465,1.0000305189751728,3.000045778462759,0.3152,32.5816,0.300000000000001,32.60000000000005,0.004020507690722173,0.0007025810742490387,-0.0033369300600000003,290.8802587613466,1.0,0.00013875904445740837,295.24035200182794,295.84410179952715,295.8832061304497,295.95325034685237,295.93432399999995,0.34072512772646335,0.3309385742012177,0.316586869877921,0.32474975500000003,88304.25492708838,295.3443292723396,0.07428580804038455,1.4718428473523373,134.45743351878002,8.118195514350525,138.90642180995374,130.62781126249112,6.110944810951378,9.697748148282853,1.06865966420738,10.24376471395929,0.5925980774744943
2045-07-01,Kampala,11573.29113153154,0.4988173897120534,19.0,0.0720095219202539,0.927990478079746,0.5011826102879465,1.0000305189751728,3.000045778462759,0.3152,32.5816,0.300000000000001,32.60000000000005,0.003019901950123675,0.000543620703299919,-0.0033369300600000003,290.4971575096636,1.0,0.00011398681359560765,295.048208399271,295.6544980705311,295.69030029772506,295.7938925851735,295.91375056162667,0.3273628970091369,0.3184621833135542,0.3094301432934153,0.32474975500000003,88348.93010659395,295.1426407829949,-0.0035470474299947826,1.2672792902318435,106.53751812144908,8.205575856335512,129.88455667354498,126.94029204635397,4.8042578680618755,7.642488491611908,0.5464728683457981,10.169927178406008,0.3229166895794236
2045-08-01,Kampala,11573.29113153154,0.4988173897120534,19.0,0.0720095219202539,0.927990478079746,0.5011826102879465,1.0000305189751728,3.000045778462759,0.3152,32.5816,0.300000000000001,32.60000000000005,0.002501585089365767,0.0002904611056564935,-0.0033369300600000003,290.2581031718193,1.0,0.00010058359552184448,294.97862131907164,295.5901715607307,295.6113853561582,295.6904925338817,295.85280651868294,0.3162968003399028,0.30541450219011845,0.29796560764368174,0.32474975500000003,88360.05547372268,295.01911470518377,-0.04008873482318838,0.9071382322399599,94.9973345220012,8.344365513656433,110.47795151723749,125.61013331460659,4.290676895356882,6.428305399751166,0.0,10.0,0.0
2045-09-01,Kampala,11573.29113153154,0.4988173897120534,19.0,0.0720095219202539,0.927990478079746,0.5011826102879465,1.0000305189751728,3.000045778462759,0.3152,32.5816,0.300000000000001,32.60000000000005,0.002671055269464846,0.0002130623925,-0.0033369300600000003,290.40175135443866,1.0,0.00010876324520704955,295.09499107777333,295.69534866661775,295.6906810643356,295.69423125510065,295.7869265463205,0.31559037304319565,0.3029861736198631,0.29199448,0.32474975500000003,88335.52635717415,295.0453141467033,-0.02187374069617365,0.5524712809182283,111.25386150957509,8.449989836838876,102.37504699205499,125.91168529410147,5.00729730001578,7.374414867370515,0.0,10.0,0.0
2045-10-01,Kampala,11573.29113153154,0.4988173897120534,19.0,0.0720095219202539,0.927990478079746,0.5011826102879465,1.0000305189751728,3.000045778462759,0.3152,32.5816,0.300000000000001,32.60000000000005,0.0032444154602384707,0.0002130623925,-0.0033369300600000003,290.71385962083326,1.0,0.00012982638099202402,295.27884271088135,295.87199635215853,295.85390200642377,295.80568968153483,295.764912491491,0.32551679340268574,0.31152700595451094,0.29412369333807475,0.32474975500000003,88296.93719260779,295.16941491565495,0.0591414103640537,0.3026644198014195,132.1924685824936,8.449633234069152,110.80698033202971,125.54007939463254,6.033432507214724,8.866299789839783,0.0,10.0,0.0
2045-11-01,Kampala,11573.29113153154,0.4988173897120534,19.0,0.0720095219202539,0.927990478079746,0.5011826102879465,1.0000305189751728,3.000045778462759,0.3152,32.5816,0.300000000000001,32.60000000000005,0.0038068997705381926,0.00029574418478113415,-0.0033369300600000003,290.93446501877906,1.0,0.0001508146275430729,295.3448401858598,295.93122962314806,295.9184564405591,295.87327952993434,295.79854445225357,0.3360855755551089,0.32349120316610824,0.3018654826408395,0.32474975500000003,88263.02546666483,295.22474523384443,0.1567241198786344,0.30087252334427356,151.50776312432006,8.430502706859079,130.18827731374256,125.43527173578165,6.910924318950767,10.202281140169562,0.25443181942256815,10.070892468823837,0.09377841308179806
2045-12-01,Kampala,11573.29113153154,0.4988173897120534,19.0,0.0720095219202539,0.927990478079746,0.5011826102879465,1.0000305189751728,3.000045778462759,0.3152,32.5816,0.300000000000001,32.60000000000005,0.0038602163703662148,0.00041244458589794066,-0.0033369300600000003,290.9427686519626,1.0,0.00015426690074243647,295.34589590164904,295.9249016757405,295.91909906966487,295.8891845773517,295.83680927005975,0.3395874633144816,0.3289118213167603,0.3098911688590631,0.32474975500000003,88245.76998682435,295.2734629981924,0.20077348842118345,0.4685197989753491,146.92107942339592,8.535216769651093,142.53697239378445,127.31208153826333,6.691656095682883,9.82215178940628,0.423316719029863,10.123372547575785,0.17061739980925986
2046-01-01,Kampala,11573.29113153154,0.4988173897120534,19.0,0.0720095219202539,0.927990478079746,0.5011826102879465,1.0000305189751728,3.000045778462759,0.3152,32.5816,0.300000000000001,32.60000000000005,0.0034684011822817824,0.0004176111135364535,-0.0033369300600000003,290.77605072287525,1.0,0.00013782855898291483,295.4310076136078,296.00700743932686,295.9866311290726,295.93691645081026,295.8720310934214,0.3324628467238573,0.32254903696279824,0.30964119435828147,0.32474975500000003,88235.91511625778,295.35105071858544,0.1721694391364288,0.7105476644011177,129.3964591578672,8.781470607145037,141.51832529474447,130.91681939373638,5.856644811910404,8.679992361176678,0.423316719029863,10.123372547575785,0.17061739980925986
2046-02-01,Kampala,11573.29113153154,0.4988173897120534,19.0,0.0720095219202539,0.927990478079746,0.5011826102879465,1.0000305189751728,3.000045778462759,0.3152,32.5816,0.300000000000001,32.60000000000005,0.0029348785763207374,0.00033492932125531936,-0.0033369300600000003,290.71757713439996,1.0,0.00011039779972528082,295.56660019775126,296.1433881151799,296.1026421969111,296.0059809029645,295.8993431756026,0.3196925166873212,0.31058483975120094,0.30189940505551677,0.32474975500000003,88221.42352044211,295.46668556156186,0.13680851509936087,0.9737785286975883,103.89094486091464,8.692469311744158,125.46315543872811,132.1448013188373,4.653076696798705,7.293666950680383,0.16888489960729436,10.052480078751948,0.07683898672746166
2046-03-01,Kampala,11573.29113153154,0.4988173897120534,19.0,0.0720095219202539,0.927990478079746,0.5011826102879465,1.0000305189751728,3.000045778462759,0.3152,32.5816,0.300000000000001,32.60000000000005,0.003157595296924343,0.00021822892013851283,-0.0033369300600000003,290.82424804340775,1.0,0.00010376540234132522,295.673998,296.257149,296.200202,296.07629753821385,295.9269583301588,0.31519240365276074,0.30432539406328973,0.29387371883729313,0.32474975500000003,88207.87454867439,295.516728,0.16099647598887953,1.186470098348602,110.0782419992085,8.622787520858518,112.77038633021897,131.810504129319,4.962650279408903,8.276850616905401,0.057814822560565284,10.0,0.0
2046-04-01,Kampala,11573.29113153154,0.4988173897120534,19.0,0.0720095219202539,0.927990478079746,0.5011826102879465,1.0000305189751728,3.000045778462759,0.3152,32.5816,0.300000000000001,32.60000000000005,0.00392066967697968,0.00035627534960150565,-0.0033369300600000003,291.0440921963152,1.0,0.00012268776738350495,295.60759942922493,296.20333722201826,296.17406202576313,296.076465,295.93432399999995,0.324695920801867,0.31382682686343666,0.2982048774438824,0.32474975500000003,88211.21183494646,295.516728,0.18598931900803606,1.397675732379757,134.36032653734333,8.39584914259843,114.13251014457224,132.1377327509725,6.073283078779127,9.971791433323821,0.5094432685924454,10.042268505359742,0.24370083805308349
2046-05-01,Kampala,11573.29113153154,0.4988173897120534,19.0,0.0720095219202539,0.927990478079746,0.5011826102879465,1.0000305189751728,3.000045778462759,0.3152,32.5816,0.300000000000001,32.60000000000005,0.004428332172826955,0.000613535745704032,-0.0033369300600000003,291.11391062516844,1.0,0.00014322112899256271,295.47754415051963,296.0738652339698,296.0752264544989,296.0457349578315,295.93432399999995,0.3373922766835548,0.3263719689457753,0.3088702602228089,0.32474975500000003,88247.69027389196,295.4791372543079,0.16066854147292223,1.5184580553831315,153.5514415063625,8.572563489584304,130.65736148651476,132.66498219110693,6.95110252431726,11.228124156583808,1.1438769290759752,10.18919736245155,0.5887013496728045
2046-06-01,Kampala,11573.29113153154,0.4988173897120534,19.0,0.0720095219202539,0.927990478079746,0.5011826102879465,1.0000305189751728,3.000045778462759,0.3152,32.5816,0.300000000000001,32.60000000000005,0.003972907639522555,0.0006820740460469554,-0.0033369300600000003,290.8693986309302,1.0,0.0001393246517770103,295.26439568070236,295.8768975179168,295.9105777496749,295.96568974376396,295.93432399999995,0.3388512752886916,0.3292784091000707,0.31429773550386897,0.32474975500000003,88301.77099327669,295.3592269512598,0.07490956218186885,1.4477380002497078,137.12972598723977,8.535733558490621,139.92380914528073,131.1481936460751,6.185305600215698,9.687303252350224,1.0860621065154097,10.18919736245155,0.5887013496728045
2046-07-01,Kampala,11573.29113153154,0.4988173897120534,19.0,0.0720095219202539,0.927990478079746,0.5011826102879465,1.0000305189751728,3.000045778462759,0.3152,32.5816,0.300000000000001,32.60000000000005,0.003009700682405189,0.0005388610889454497,-0.0033369300600000003,290.50416414071543,1.0,0.00011465015689831503,295.068308512966,295.68021501021076,295.71657153791745,295.8152431245632,295.9194110509798,0.3263785385577774,0.317598928319238,0.30808733805998656,0.32474975500000003,88347.21569145261,295.1759724615169,-0.0028944432937922002,1.2660920616618396,107.22172893102409,8.531113133776225,130.99784285481743,127.76763298717316,4.805227223923963,7.667207531923328,0.6344336604835294,10.146928857091806,0.34500051161972084
2046-08-01,Kampala,11573.29113153154,0.4988173897120534,19.0,0.0720095219202539,0.927990478079746,0.5011826102879465,1.0000305189751728,3.000045778462759,0.3152,32.5816,0.300000000000001,32.60000000000005,0.002465299677872987,0.00028160069284292356,-0.0033369300600000003,290.25434116922975,1.0,9.989582210000093e-05,294.9954464312188,295.61395735343575,295.6375933264467,295.70925606930035,295.86414593984045,0.3155785910582177,0.3050537862368994,0.29742195528106014,0.32474975500000003,88360.10363660475,295.05005462137325,-0.04083551621517989,0.8938898380232869,93.86766471364463,8.407582878731237,110.92339496852225,126.14628339996945,4.241515549475124,6.493427728797454,0.0,10.0,0.0
2046-09-01,Kampala,11573.29113153154,0.4988173897120534,19.0,0.0720095219202539,0.927990478079746,0.5011826102879465,1.0000305189751728,3.000045778462759,0.3152,32.5816,0.300000000000001,32.60000000000005,0.0026273371526252423,0.0002130623925,-0.0033369300600000003,290.3754327877923,1.0,0.00010641508635012534,295.101915627649,295.70754601631785,295.7070493290107,295.7081060535677,295.8062966761304,0.3147223003322006,0.30264931861983596,0.29199448,0.32474975500000003,88338.59253708938,295.0796927229575,-0.02240756535811798,0.594728847627069,107.47192031184215,8.337372537544145,101.02862905360182,125.96383413833682,4.896465893183255,7.439533584037444,0.0,10.0,0.0
2046-10-01,Kampala,11573.29113153154,0.4988173897120534,19.0,0.0720095219202539,0.927990478079746,0.5011826102879465,1.0000305189751728,3.000045778462759,0.3152,32.5816,0.300000000000001,32.60000000000005,0.0032083043425014165,0.0002130623925,-0.0033369300600000003,290.67020586729313,1.0,0.00012817279525911832,295.2769259794474,295.87285860836573,295.85831324291826,295.8131692964284,295.7832534589115,0.32437242082454854,0.3103752679130589,0.2935195453979217,0.32474975500000003,88296.95335472813,295.1799622425183,0.060059504452844074,0.32626321157919386,133.62487930481632,8.31606971815453,110.08366828475972,125.77116181021721,6.095018380755099,8.927196839757949,0.0,10.0,0.0
2046-11-01,Kampala,11573.29113153154,0.4988173897120534,19.0,0.0720095219202539,0.927990478079746,0.5011826102879465,1.0000305189751728,3.000045778462759,0.3152,32.5816,0.300000000000001,32.60000000000005,0.003787303124275961,0.0002911394667314649,-0.0033369300600000003,290.9033363193834,1.0,0.00015010407258861345,295.3533485096613,295.93859853728674,295.93009855506324,295.883106424392,295.8115598874977,0.334715242057732,0.32179771828978515,0.3005881534029136,0.32474975500000003,88260.78875283571,295.23521449235,0.1570059550007912,0.3192448649217908,152.73832116284322,8.452182446029267,129.74455527244336,125.63618904460829,6.975701875481632,10.215091420922136,0.25423940657195765,10.058470491493244,0.09653745735261632
2046-12-01,Kampala,11573.29113153154,0.4988173897120534,19.0,0.0720095219202539,0.927990478079746,0.5011826102879465,1.0000305189751728,3.000045778462759,0.3152,32.5816,0.300000000000001,32.60000000000005,0.0038439962670230206,0.0004088829515142167,-0.0033369300600000003,290.9031951394957,1.0,0.00015405965561007218,295.3615309914944,295.9378640901918,295.9318897795926,295.89445100499296,295.84240714448305,0.33816917193887286,0.3270942054499932,0.3081289098108847,0.32474975500000003,88243.5473975122,295.2846794358888,0.19976461995233427,0.45508587721370075,149.14925662156304,8.407276372374357,143.47780445986248,127.76332027000247,6.77670445772586,9.848293335585986,0.429677654148153,10.099228892838331,0.1665026693746862
2047-01-01,Kampala,11573.29113153154,0.4988173897120534,19.0,0.0720095219202539,0.927990478079746,0.5011826102879465,1.0000305189751728,3.000045778462759,0.3152,32.5816,0.300000000000001,32.60000000000005,0.0034535661616607698,0.0004088829515142167,-0.0033369300600000003,290.7555146209924,1.0,0.000137893632226581,295.44900637820746,296.0230457838318,296.0007720516794,295.939834381333,295.87305534112426,0.3314841921247604,0.3215255125852499,0.30802901975144,0.32474975500000003,88236.0141842102,295.36766440607084,0.16934865464239632,0.690799986424846,128.6529847898853,8.647742970480722,141.7599902933184,131.46620863418977,5.820720657872119,8.684797134937254,0.429677654148153,10.099228892838331,0.1665026693746862
2047-02-01,Kampala,11573.29113153154,0.4988173897120534,19.0,0.0720095219202539,0.927990478079746,0.5011826102879465,1.0000305189751728,3.000045778462759,0.3152,32.5816,0.300000000000001,32.60000000000005,0.0028970689697239084,0.0003308058772827517,-0.0033369300600000003,290.702831569579,1.0,0.00010917446713305046,295.57550120844604,296.1530354997342,296.10680052226945,296.0066143508008,295.90001402367733,0.31900777002828645,0.3101030622085236,0.3009604117464481,0.32474975500000003,88224.04656979216,295.47592074207495,0.13710203843602975,0.9727486975219656,102.99496279191607,8.607249520748036,125.49653419880123,133.2447710801272,4.615319157384257,7.322963229343993,0.17543824757619497,10.040758401345085,0.06996521202206973
2047-03-01,Kampala,11573.29113153154,0.4988173897120534,19.0,0.0720095219202539,0.927990478079746,0.5011826102879465,1.0000305189751728,3.000045778462759,0.3152,32.5816,0.300000000000001,32.60000000000005,0.0031369338824545115,0.0002130623925,-0.0033369300600000003,290.7988065257691,1.0,0.00010319379886633009,295.673998,296.257149,296.200202,296.076465,295.9270160304021,0.31474787506961327,0.30390286065177957,0.29341965533847697,0.32474975500000003,88208.34765790992,295.516728,0.1611822251421925,1.198287809879316,109.36855451569421,8.899077272802032,111.80409793442853,132.23020118436614,4.953857627033069,8.328760922394121,0.033264439746953776,10.0,0.0
2047-04-01,Kampala,11573.29113153154,0.4988173897120534,19.0,0.0720095219202539,0.927990478079746,0.5011826102879465,1.0000305189751728,3.000045778462759,0.3152,32.5816,0.300000000000001,32.60000000000005,0.003872808182075572,0.0003468430849720855,-0.0033369300600000003,290.99681838426795,1.0,0.00012059574432096102,295.63035225481445,296.2173931402454,296.18829226523206,296.076465,295.93432399999995,0.32374352903543274,0.312560550305246,0.2973021107559476,0.32474975500000003,88211.29446206563,295.516728,0.18676175109960721,1.417045994699819,133.90500298256038,8.767538998941628,113.77687599965452,132.04615712093448,6.079289119137857,10.023805180931747,0.4210274578860867,10.015037983605284,0.2095150408419875
2047-05-01,Kampala,11573.29113153154,0.4988173897120534,19.0,0.0720095219202539,0.927990478079746,0.5011826102879465,1.0000305189751728,3.000045778462759,0.3152,32.5816,0.300000000000001,32.60000000000005,0.0044126249866494995,0.0006092001956999586,-0.0033369300600000003,291.0545300251957,1.0,0.00014306057818809853,295.50501739687553,296.09112401528563,296.0916671622892,296.0502128887365,295.93432399999995,0.33614047556192533,0.32442122119356964,0.3073584606643422,0.32474975500000003,88245.76882876805,295.48581669658546,0.15876567851270493,1.5349930891653323,155.3417378462991,8.865832819099284,130.75903061528552,132.33590771167903,6.996302925829693,11.280994973514012,1.147798179967334,10.127066753904305,0.5802050660115436
2047-06-01,Kampala,11573.29113153154,0.4988173897120534,19.0,0.0720095219202539,0.927990478079746,0.5011826102879465,1.0000305189751728,3.000045778462759,0.3152,32.5816,0.300000000000001,32.60000000000005,0.003953642125471699,0.0006646605599312464,-0.0033369300600000003,290.85183903751243,1.0,0.00013902804666532273,295.3055695204102,295.90252278937714,295.93820069568824,295.9743741497061,295.93432399999995,0.33746737218838935,0.32721007448623474,0.31216827633668515,0.32474975500000003,88299.62535358958,295.37427405028774,0.0718714770941049,1.4327969626424222,140.31643082932223,8.881881770861058,140.99450648571022,131.8309547872457,6.2409565776333835,9.697993486055847,1.1145337402203799,10.127066753904305,0.5802050660115436
2047-07-01,Kampala,11573.29113153154,0.4988173897120534,19.0,0.0720095219202539,0.927990478079746,0.5011826102879465,1.0000305189751728,3.000045778462759,0.3152,32.5816,0.300000000000001,32.60000000000005,0.003002781509776441,0.0005308798674591608,-0.0033369300600000003,290.50673461801597,1.0,0.00011502521595221838,295.09451627203117,295.7021998460239,295.74049567447264,295.8337586900407,295.9269985219721,0.32550657754433443,0.3163951284042887,0.3068606455807376,0.32474975500000003,88347.23031969483,295.2076856130763,-0.005237735135508949,1.2644466477781477,108.08824644186718,8.946551553027861,131.78213268426092,128.62784446604465,4.8187686959985685,7.7029518057642425,0.726770722081247,10.112028770299021,0.37069002516955596
2047-08-01,Kampala,11573.29113153154,0.4988173897120534,19.0,0.0720095219202539,0.927990478079746,0.5011826102879465,1.0000305189751728,3.000045778462759,0.3152,32.5816,0.300000000000001,32.60000000000005,0.002431719893047131,0.0002685227567312878,-0.0033369300600000003,290.2515811934381,1.0,9.884851775875725e-05,295.01496795801086,295.63305997435367,295.6571601018383,295.73099672437115,295.87789944338016,0.31495221398625656,0.30453445751596503,0.296804295672343,0.32474975500000003,88360.83500461199,295.08742120982197,-0.043455013078405,0.879806243153575,92.65689586153769,8.79739237962096,111.20969696316763,126.76050266886813,4.216734092561318,6.535975413762544,0.0,10.0,0.0
2047-09-01,Kampala,11573.29113153154,0.4988173897120534,19.0,0.0720095219202539,0.927990478079746,0.5011826102879465,1.0000305189751728,3.000045778462759,0.3152,32.5816,0.300000000000001,32.60000000000005,0.0025908962434804147,0.0002130623925,-0.0033369300600000003,290.34756329955485,1.0,0.00010418303146363691,295.1115779831011,295.7213026448203,295.7194076167096,295.7268002677181,295.8241287961345,0.31412395665250187,0.30221328748070025,0.29199448,0.32474975500000003,88341.91659861937,295.1177822009757,-0.024348568431406137,0.6349159682563869,103.75273524178287,8.554804184189274,100.29765733848309,125.95155357016478,4.79880994393609,7.512978981409401,0.0,10.0,0.0
2047-10-01,Kampala,11573.29113153154,0.4988173897120534,19.0,0.0720095219202539,0.927990478079746,0.5011826102879465,1.0000305189751728,3.000045778462759,0.3152,32.5816,0.300000000000001,32.60000000000005,0.0031877037520027973,0.0002130623925,-0.0033369300600000003,290.6254428330695,1.0,0.00012734657680729745,295.2742081738306,295.8682476341173,295.85756143689565,295.8233511056366,295.8036176290082,0.32294484004803015,0.30915144825290874,0.2926041447925198,0.32474975500000003,88296.4090731486,295.199698842592,0.05704388694422818,0.34805305065749276,135.5142249107116,8.709361042611436,109.52854670004483,125.703132150111,6.148409274707279,8.9877833439619,0.0,10.0,0.0
2047-11-01,Kampala,11573.29113153154,0.4988173897120534,19.0,0.0720095219202539,0.927990478079746,0.5011826102879465,1.0000305189751728,3.000045778462759,0.3152,32.5816,0.300000000000001,32.60000000000005,0.003768740699962693,0.0002858022720871632,-0.0033369300600000003,290.8710425896056,1.0,0.0001499699921478624,295.35985592849227,295.93863856073875,295.9346144612229,295.88810055771734,295.83198497567685,0.33290995356941366,0.31966073748930574,0.29902441277493647,0.32474975500000003,88258.63912394334,295.24943129468915,0.15398383584905162,0.3337441831731878,154.39221923179505,8.833797727284592,129.79890695544557,125.42649702448881,7.004990089134899,10.255378869811798,0.24559349545969847,10.040039736787477,0.09063111409880809
2047-12-01,Kampala,11573.29113153154,0.4988173897120534,19.0,0.0720095219202539,0.927990478079746,0.5011826102879465,1.0000305189751728,3.000045778462759,0.3152,32.5816,0.300000000000001,32.60000000000005,0.0038124779219401946,0.00040053497666985103,-0.0033369300600000003,290.87296794241263,1.0,0.00015453432356010417,295.37297733922804,295.93832665460644,295.93779637573647,295.9036693058736,295.860587704187,0.336488879183198,0.3249246078588243,0.3060873128094503,0.32474975500000003,88241.22004829597,295.2961675880802,0.19705287381111972,0.4356259414443775,151.88232841605043,8.777447402763231,144.80306914669336,127.62333041716965,6.817092955875857,9.872630691668258,0.41152417876908126,10.07498493379807,0.1499052677306396
2048-01-01,Kampala,11573.29113153154,0.4988173897120534,19.0,0.0720095219202539,0.927990478079746,0.5011826102879465,1.0000305189751728,3.000045778462759,0.3152,32.5816,0.300000000000001,32.60000000000005,0.0034257859904255924,0.00040053497666985103,-0.0033369300600000003,290.7437304957002,1.0,0.00013779144081218714,295.46504614206304,296.03146046841727,296.00925731153393,295.9477339276204,295.88556248547644,0.3305639445737294,0.3199185274428993,0.3062371463455397,0.32474975500000003,88234.8135794499,295.3808393836753,0.16696458595956776,0.671729443900186,127.20683248266035,8.70428605583338,142.96454679676077,131.67274392503856,5.763169100510351,8.683711730014187,0.41152417876908126,10.07498493379807,0.1499052677306396
2048-02-01,Kampala,11573.29113153154,0.4988173897120534,19.0,0.0720095219202539,0.927990478079746,0.5011826102879465,1.0000305189751728,3.000045778462759,0.3152,32.5816,0.300000000000001,32.60000000000005,0.0028609769701259742,0.00032779509708268773,-0.0033369300600000003,290.70197807564824,1.0,0.00010777569712344013,295.58428155936053,296.1564785384258,296.11216496278394,296.01199855247273,295.90629421739976,0.31875624808393116,0.3094092382065023,0.29981687836312304,0.32474975500000003,88225.26189131581,295.48228263824717,0.13698752647093282,0.9749511113221162,101.68828966270432,8.70606600930742,126.25369936224268,134.2406205273422,4.588920956193177,7.335881936201267,0.16593068330938246,10.034945197010593,0.05927415363183139
2048-03-01,Kampala,11573.29113153154,0.4988173897120534,19.0,0.0720095219202539,0.927990478079746,0.5011826102879465,1.0000305189751728,3.000045778462759,0.3152,32.5816,0.300000000000001,32.60000000000005,0.003070722110115653,0.0002130623925,-0.0033369300600000003,290.8543209839163,1.0,9.92886276600046e-05,295.673998,296.257149,296.200202,296.076465,295.93146213613517,0.3133823003346803,0.3025456421180402,0.2927539783286092,0.32474975500000003,88208.65297985588,295.516728,0.1633459242711113,1.247996205220629,108.35786010803753,8.946418726237306,113.69199940078077,135.6526319892067,4.923800293995234,8.244089111540228,0.04314777447674769,10.0,0.0
2048-04-01,Kampala,11573.29113153154,0.4988173897120534,19.0,0.0720095219202539,0.927990478079746,0.5011826102879465,1.0000305189751728,3.000045778462759,0.3152,32.5816,0.300000000000001,32.60000000000005,0.003900721206258069,0.0003566064380796532,-0.0033369300600000003,291.0723544654048,1.0,0.00012042978570700137,295.60266430575456,296.19266490432415,296.17060729753047,296.076465,295.93432399999995,0.32298072050621535,0.3117051428710474,0.297625345630015,0.32474975500000003,88213.76673074039,295.516728,0.18736816994460592,1.4676422400434124,133.81795085768636,8.949698581301702,115.55887840535405,135.68398973520092,6.080104608796165,9.993739789991016,0.5653224145663461,10.007682658392149,0.26093570287869805
2048-05-01,Kampala,11573.29113153154,0.4988173897120534,19.0,0.0720095219202539,0.927990478079746,0.5011826102879465,1.0000305189751728,3.000045778462759,0.3152,32.5816,0.300000000000001,32.60000000000005,0.004366877563262297,0.0005895095649462406,-0.0033369300600000003,291.1145841097439,1.0,0.00014065062973856121,295.48481336784175,296.07803100036585,296.08205701379,296.060232533168,295.93432399999995,0.3354478463595744,0.323231897245392,0.3072218831846625,0.32474975500000003,88249.59972779713,295.497111305748,0.15870994128172658,1.5039890507078566,151.85936165561426,8.862276901016195,131.57765685812322,134.7108600668699,6.91947366207653,11.269126664921785,0.9777033675074009,10.126223680753418,0.5081208349834025
2048-06-01,Kampala,11573.29113153154,0.4988173897120534,19.0,0.0720095219202539,0.927990478079746,0.5011826102879465,1.0000305189751728,3.000045778462759,0.3152,32.5816,0.300000000000001,32.60000000000005,0.003926521813306245,0.0006420576954937903,-0.0033369300600000003,290.7826948509658,1.0,0.00013628503322958124,295.2677291615269,295.8768555429347,295.91545720353537,295.9831692987067,295.93432399999995,0.3368082829781183,0.3263708093178856,0.3110123150818105,0.32474975500000003,88305.17971826106,295.39458968833554,0.07029928207894186,1.503694864817603,132.4767890115776,8.924361385290572,138.40190026312175,131.11603166754114,6.07222518832407,9.805847587146252,0.9345555930306529,10.126223680753418,0.5081208349834025
2048-07-01,Kampala,11573.29113153154,0.4988173897120534,19.0,0.0720095219202539,0.927990478079746,0.5011826102879465,1.0000305189751728,3.000045778462759,0.3152,32.5816,0.300000000000001,32.60000000000005,0.0029071097949491752,0.0004985136499141371,-0.0033369300600000003,290.41601928267505,1.0,0.0001107201947138959,295.0769223321554,295.6898855870347,295.7215127824432,295.8306131941216,295.9263766115309,0.32431391402052373,0.31527922820859494,0.3053814494517955,0.32474975500000003,88348.2425729854,295.2085183265852,-0.004827114650536565,1.2863298898828142,106.66771883693316,8.846505549670283,129.0497155678258,127.1184407964276,4.795148762643122,7.768287125506471,0.4123809529410545,10.118541022361269,0.24718513210470436
2048-08-01,Kampala,11573.29113153154,0.4988173897120534,19.0,0.0720095219202539,0.927990478079746,0.5011826102879465,1.0000305189751728,3.000045778462759,0.3152,32.5816,0.300000000000001,32.60000000000005,0.0024134592141283892,0.00026561052304754966,-0.0033369300600000003,290.1851407869367,1.0,9.884179452118615e-05,295.0094631857376,295.62793597079764,295.65224298812336,295.72744545051904,295.87638890382715,0.3128719674766596,0.3037524738342504,0.29578491189714806,0.32474975500000003,88358.59830434521,295.0804319588696,-0.042603635625395896,0.940808355080274,96.88728996195566,9.043126908527107,110.5249276128236,125.9817261090546,4.311121659274609,6.538677239489598,0.0,10.0,0.0
2048-09-01,Kampala,11573.29113153154,0.4988173897120534,19.0,0.0720095219202539,0.927990478079746,0.5011826102879465,1.0000305189751728,3.000045778462759,0.3152,32.5816,0.300000000000001,32.60000000000005,0.002594559282920577,0.0002130623925,-0.0033369300600000003,290.35508088078615,1.0,0.00010811827598983095,295.1291171383213,295.7364294747625,295.73863300216846,295.7367575476976,295.82615508120756,0.3127754808482884,0.30128067782915624,0.29199448,0.32474975500000003,88331.1615519356,295.10540715430096,-0.02387063503214786,0.5358103346955433,115.85063137943568,9.115431724108234,103.88020355228282,126.94769500272336,5.127079526489929,7.433933563420793,0.0,10.0,0.0
2048-10-01,Kampala,11573.29113153154,0.4988173897120534,19.0,0.0720095219202539,0.927990478079746,0.5011826102879465,1.0000305189751728,3.000045778462759,0.3152,32.5816,0.300000000000001,32.60000000000005,0.0031596194343981357,0.0002130623925,-0.0033369300600000003,290.64909000054854,1.0,0.00012815540197470628,295.33213657745733,295.92857259368265,295.91295376804874,295.85720034156014,295.80522485838674,0.32193392969276946,0.3084565238751325,0.29253692084175237,0.32474975500000003,88296.9728178978,295.2508909465603,0.05464644799226912,0.29996980704266235,131.37885545342598,9.29096925785476,112.16737960992445,126.64943452011634,6.021335500753388,8.925811102758466,0.0,10.0,0.0
2048-11-01,Kampala,11573.29113153154,0.4988173897120534,19.0,0.0720095219202539,0.927990478079746,0.5011826102879465,1.0000305189751728,3.000045778462759,0.3152,32.5816,0.300000000000001,32.60000000000005,0.0037067221712239564,0.00027430616846166393,-0.0033369300600000003,290.8577017852688,1.0,0.0001478087885980441,295.38943149858636,295.9835034232555,295.9693786077583,295.9234477276537,295.84572664969716,0.33261764879322514,0.318861296993439,0.298634886442076,0.32474975500000003,88264.03328286443,295.30736577306783,0.15386420369181486,0.3021862112777107,150.69702668273592,9.235493398535466,130.48227866258503,126.60495119427675,6.889928506730794,10.282470082801714,0.21644358490107607,10.003681489601304,0.073923183820307
2048-12-01,Kampala,11573.29113153154,0.4988173897120534,19.0,0.0720095219202539,0.927990478079746,0.5011826102879465,1.0000305189751728,3.000045778462759,0.3152,32.5816,0.300000000000001,32.60000000000005,0.003764986394997487,0.00036746144561505557,-0.0033369300600000003,290.86648300662085,1.0,0.00015064093248592087,295.3911276897517,295.97801636896867,295.9635144708481,295.9323455983144,295.8840131544746,0.3357736624614593,0.32433148255853034,0.3047510122033632,0.32474975500000003,88246.07683562832,295.3585139384938,0.1979945138444701,0.5095310187456575,145.02739562138837,9.406272017439301,141.41971685601172,128.26332612177285,6.6292483876404065,9.96357852444275,0.3453513464981069,10.003681489601304,0.12074557768008735
2049-01-01,Kampala,11573.29113153154,0.4988173897120534,19.0,0.0720095219202539,0.927990478079746,0.5011826102879465,1.0000305189751728,3.000045778462759,0.3152,32.5816,0.300000000000001,32.60000000000005,0.003371274516031445,0.00036746144561505557,-0.0033369300600000003,290.6802889580103,1.0,0.00013473393301163388,295.45024877423265,296.0373273016243,296.0127328285295,295.964458909037,295.9128907657645,0.327994494520414,0.31738657620444954,0.3045193858333168,0.32474975500000003,88233.96085615408,295.39910150798477,0.17163329580416695,0.7468963201657507,130.74919562640082,9.256709041208847,140.8127464228936,131.72745510348747,5.876509882768578,8.795767560760707,0.3453513464981069,10.003681489601304,0.12074557768008735
2049-02-01,Kampala,11573.29113153154,0.4988173897120534,19.0,0.0720095219202539,0.927990478079746,0.5011826102879465,1.0000305189751728,3.000045778462759,0.3152,32.5816,0.300000000000001,32.60000000000005,0.0028627845714384505,0.0003062176696533916,-0.0033369300600000003,290.61566421163707,1.0,0.0001089760734642275,295.5782639374342,296.1589799922468,296.11412806688026,296.0176117333779,295.92237668215773,0.31628559611046336,0.306981803086143,0.2984214202329933,0.32474975500000003,88217.85940329883,295.4903297434449,0.13472740892095791,0.990771954713015,105.13699374143141,9.283109235977703,125.32126196568281,132.400478540857,4.6877103077703,7.391843810497439,0.12890776159703052,10.0,0.04682239385978019
2049-03-01,Kampala,11573.29113153154,0.4988173897120534,19.0,0.0720095219202539,0.927990478079746,0.5011826102879465,1.0000305189751728,3.000045778462759,0.3152,32.5816,0.300000000000001,32.60000000000005,0.003071679432180365,0.0002130623925,-0.0033369300600000003,290.7369023821596,1.0,0.00010157604210532754,295.673998,296.257149,296.200202,296.076465,295.93432399999995,0.31183010090025015,0.3006615356076347,0.29230529447170606,0.32474975500000003,88207.05742589378,295.516728,0.1587085829190674,1.1832937361925768,111.34880182170367,9.08684443830011,113.46846723115306,132.73640545549097,4.97911959801588,8.31610729352128,0.02329442930714685,10.0,0.0
2049-04-01,Kampala,11573.29113153154,0.4988173897120534,19.0,0.0720095219202539,0.927990478079746,0.5011826102879465,1.0000305189751728,3.000045778462759,0.3152,32.5816,0.300000000000001,32.60000000000005,0.0038744366465299634,0.00034048345629568883,-0.0033369300600000003,290.97500686004315,1.0,0.00012146582428395742,295.61649452201186,296.2063294681091,296.1857079158804,296.076465,295.93432399999995,0.32210644926041204,0.3107367474585818,0.2966425698841233,0.32474975500000003,88210.0313645703,295.516728,0.1823855499034621,1.4034680560051276,135.59879212428288,9.10134409471384,115.0156178177579,133.34926403457638,6.115053293556238,10.034458941494266,0.4903519122056627,10.0,0.23285524012228834
2049-05-01,Kampala,11573.29113153154,0.4988173897120534,19.0,0.0720095219202539,0.927990478079746,0.5011826102879465,1.0000305189751728,3.000045778462759,0.3152,32.5816,0.300000000000001,32.60000000000005,0.00435569330520582,0.0005749164527549319,-0.0033369300600000003,291.0530414174205,1.0,0.00014039423510271078,295.5004062546654,296.0906042799684,296.1017118635502,296.0624818553659,295.93432399999995,0.3338324979293113,0.3217023449380711,0.30541053513418154,0.32474975500000003,88247.74944493889,295.5013542075598,0.1581031155965426,1.5264295600302262,152.8613842170212,9.155515948350885,131.09857078965328,134.01093596068523,6.952938603267235,11.320193671886207,0.9924103711085558,10.083554695969132,0.5101910092455171
2049-06-01,Kampala,11573.29113153154,0.4988173897120534,19.0,0.0720095219202539,0.927990478079746,0.5011826102879465,1.0000305189751728,3.000045778462759,0.3152,32.5816,0.300000000000001,32.60000000000005,0.003912156208987976,0.0006203671259087749,-0.0033369300600000003,290.7706142284531,1.0,0.00013649181152957266,295.29767361447745,295.9003934124657,295.9458679639015,295.9964254250899,295.93432399999995,0.3349885704680922,0.3245960737433538,0.3088666082684751,0.32474975500000003,88302.75002499732,295.40578408598685,0.07137864867355705,1.490693291325373,134.664721411351,9.099060045819584,139.32186029512766,131.4463478607764,6.149872566505647,9.826477819464868,0.9691159418014087,10.083554695969132,0.5101910092455171
2049-07-01,Kampala,11573.29113153154,0.4988173897120534,19.0,0.0720095219202539,0.927990478079746,0.5011826102879465,1.0000305189751728,3.000045778462759,0.3152,32.5816,0.300000000000001,32.60000000000005,0.00292515633581264,0.000492946062113086,-0.0033369300600000003,290.42469467941777,1.0,0.00011161074195564877,295.10145317289255,295.7125299889587,295.7480553625351,295.8540702038702,295.9333506944428,0.3233329412044945,0.3142899222005112,0.3042185183843518,0.32474975500000003,88347.5486723809,295.2357603071928,-0.004768249728637125,1.2874989101781569,107.01494168138284,9.3315417358785,130.25020637828555,127.85179693990652,4.8332052090063184,7.809357120331291,0.5020584589028928,10.083554695969132,0.2773357691232286
2049-08-01,Kampala,11573.29113153154,0.4988173897120534,19.0,0.0720095219202539,0.927990478079746,0.5011826102879465,1.0000305189751728,3.000045778462759,0.3152,32.5816,0.300000000000001,32.60000000000005,0.002401311571770356,0.000258513065653843,-0.0033369300600000003,290.18325930570296,1.0,9.793431898474068e-05,295.0351800183168,295.6553994777535,295.67148316442984,295.7476784107089,295.8919222731879,0.3122360143100547,0.30332432472102194,0.2954505531342936,0.32474975500000003,88359.02969254374,295.11624113898006,-0.04289691109368268,0.9214772335112347,95.48634745991762,9.165289225242793,110.85642250740409,126.69961795520352,4.294980257624705,6.624784755772872,0.0,10.0,0.0
2049-09-01,Kampala,11573.29113153154,0.4988173897120534,19.0,0.0720095219202539,0.927990478079746,0.5011826102879465,1.0000305189751728,3.000045778462759,0.3152,32.5816,0.300000000000001,32.60000000000005,0.0025598551425599723,0.0002130623925,-0.0033369300600000003,290.3267510703456,1.0,0.00010555886298126937,295.14739261163436,295.75804588726265,295.75087319347614,295.746601723278,295.8468027746789,0.31201307928478794,0.3010665957505321,0.29199448,0.32474975500000003,88334.90310617449,295.1422272571071,-0.02445432526835539,0.5654019443893507,111.96470505928308,9.369452680112502,102.74362820743987,127.00918209206134,5.014718131976971,7.5639777497037635,0.0,10.0,0.0
2049-10-01,Kampala,11573.29113153154,0.4988173897120534,19.0,0.0720095219202539,0.927990478079746,0.5011826102879465,1.0000305189751728,3.000045778462759,0.3152,32.5816,0.300000000000001,32.60000000000005,0.003130048664471185,0.0002130623925,-0.0033369300600000003,290.60157773364057,1.0,0.0001268020144230186,295.33593462939547,295.9366257000838,295.91613206367583,295.8600558912222,295.8277274905136,0.3203723653934649,0.30760821344854006,0.29199448,0.32474975500000003,88296.69191937329,295.2617974333294,0.055213954055584845,0.3130226157320815,132.9126491662553,9.1482057489676,111.25547723632506,126.80232461188116,6.041759102865544,9.01551659192088,0.0,10.0,0.0
2049-11-01,Kampala,11573.29113153154,0.4988173897120534,19.0,0.0720095219202539,0.927990478079746,0.5011826102879465,1.0000305189751728,3.000045778462759,0.3152,32.5816,0.300000000000001,32.60000000000005,0.0036844092516295037,0.00027646780360275955,-0.0033369300600000003,290.82321782501737,1.0,0.00014767226169048664,295.40205342204337,295.99245994957306,295.98078309627886,295.92996202804636,295.86373569319414,0.33092181142507904,0.3174029375837411,0.29730991201320023,0.32474975500000003,88261.78445132024,295.3160140658271,0.15329376722245683,0.31314084664409486,152.2369647229494,9.209044166260659,130.48554088967873,126.608028158229,6.9303672364055275,10.31007651584239,0.20151646927647474,10.0,0.05742324098026872
2049-12-01,Kampala,11573.29113153154,0.4988173897120534,19.0,0.0720095219202539,0.927990478079746,0.5011826102879465,1.0000305189751728,3.000045778462759,0.3152,32.5816,0.300000000000001,32.60000000000005,0.0037551013281114163,0.00037058329290022405,-0.0033369300600000003,290.8280372188563,1.0,0.0001510093144937636,295.4045370292877,295.98572652161994,295.97851727314793,295.94431470912735,295.9004457782426,0.33417173655058896,0.3226450254128365,0.3029317411963133,0.32474975500000003,88243.7713617109,295.3643736967768,0.1973881990572011,0.48767036645800954,147.66378854219258,8.953939846055718,142.8066428473985,128.49004113748765,6.708896532735504,9.94692051315779,0.32242780287535006,10.0,0.09248134673152969
2050-01-01,Kampala,11573.29113153154,0.4988173897120534,19.0,0.0720095219202539,0.927990478079746,0.5011826102879465,1.0000305189751728,3.000045778462759,0.3152,32.5816,0.300000000000001,32.60000000000005,0.0033584319530994143,0.0003705832929002241,-0.0033369300600000003,290.6638608708061,1.0,0.00013435617336655893,295.46971893109964,296.0458296641967,296.0255650884342,295.97321576240284,295.920494367965,0.3271569472449946,0.31640177499503513,0.3029317411963133,0.32474975500000003,88233.99387281941,295.41482729934853,0.16989296325641112,0.726746693628625,130.08338532385173,8.946147940789492,141.70510039890397,132.01919456018007,5.864170274675991,8.82843254427181,0.32242780287535006,10.0,0.09248134673152969
2050-02-01,Kampala,11573.29113153154,0.4988173897120534,19.0,0.0720095219202539,0.927990478079746,0.5011826102879465,1.0000305189751728,3.000045778462759,0.3152,32.5816,0.300000000000001,32.60000000000005,0.002830322639432339,0.00030717788179746437,-0.0033369300600000003,290.6088089499308,1.0,0.00010738595588436171,295.585961560374,296.1628511140534,296.12148230626667,296.02368456337416,295.9259145865394,0.315978379438921,0.3066070508598341,0.29761630918311305,0.32474975500000003,88221.018129065,295.4955036275037,0.13466554305775838,0.9905440526932164,104.59272235113191,9.08122433395904,125.7090856223814,133.3017985165859,4.6712319629880374,7.475734697472838,0.12091133359887501,10.0,0.03505810575126082
2050-03-01,Kampala,11573.29113153154,0.4988173897120534,19.0,0.0720095219202539,0.927990478079746,0.5011826102879465,1.0000305189751728,3.000045778462759,0.3152,32.5816,0.300000000000001,32.60000000000005,0.0030499096693376395,0.0002130623925,-0.0033369300600000003,290.7195455502543,1.0,0.00010093165002469234,295.673998,296.257149,296.200202,296.076465,295.93432399999995,0.31152686626064435,0.3002473569111204,0.29199448,0.32474975500000003,88208.06721022465,295.516728,0.15878105994164265,1.195682155943692,110.69358234276179,9.02731969381796,112.83579243522979,133.0771435135509,4.995882556557402,8.455463202629456,0.007572701610738493,10.0,0.0
2050-04-01,Kampala,11573.29113153154,0.4988173897120534,19.0,0.0720095219202539,0.927990478079746,0.5011826102879465,1.0000305189751728,3.000045778462759,0.3152,32.5816,0.300000000000001,32.60000000000005,0.0038178372466271884,0.00033069871577154076,-0.0033369300600000003,290.9386817737034,1.0,0.00011974735553303135,295.6351081743827,296.22557168052646,296.19774331246725,296.076465,295.93432399999995,0.3212118682079997,0.3095322868196893,0.29578704884124896,0.32474975500000003,88211.38366658271,295.516728,0.18290674055998565,1.409108466922543,135.15489315125922,9.129391774751216,114.65318327998689,133.52818919985273,6.116954733817729,10.13029063390127,0.41047540893744205,10.0,0.20062343801384572
2050-05-01,Kampala,11573.29113153154,0.4988173897120534,19.0,0.0720095219202539,0.927990478079746,0.5011826102879465,1.0000305189751728,3.000045778462759,0.3152,32.5816,0.300000000000001,32.60000000000005,0.004326160688738138,0.0005639846507428276,-0.0033369300600000003,291.00630356434493,1.0,0.00013985481851419917,295.5217046220145,296.1170895044575,296.1206214991875,296.0648536090819,295.93432399999995,0.33227565278569887,0.3200680040857207,0.3041360435408034,0.32474975500000003,88247.19776121898,295.5082806086071,0.15647889365134077,1.5312071859365404,154.3618395307722,9.083702161356085,130.9979397843805,134.0899798767713,6.985700234831211,11.362376063249632,0.996069949571947,10.047677278502007,0.502268484428372
2050-06-01,Kampala,11573.29113153154,0.4988173897120534,19.0,0.0720095219202539,0.927990478079746,0.5011826102879465,1.0000305189751728,3.000045778462759,0.3152,32.5816,0.300000000000001,32.60000000000005,0.0038675268297926435,0.0006040554282189041,-0.0033369300600000003,290.76282599626967,1.0,0.00013613828438472617,295.3303334828402,295.93901861197816,295.97299028258624,296.0026900662413,295.93432399999995,0.33353690607223246,0.3229592915329173,0.3069510651856579,0.32474975500000003,88301.85308328581,295.4173704668854,0.06937854579639278,1.4631076807692989,137.69464071537996,9.205686481184044,140.24024366441867,132.44150609622406,6.192819450030686,9.803996593614935,0.9884972479612081,10.047677278502007,0.502268484428372
2050-07-01,Kampala,11573.29113153154,0.4988173897120534,19.0,0.0720095219202539,0.927990478079746,0.5011826102879465,1.0000305189751728,3.000045778462759,0.3152,32.5816,0.300000000000001,32.60000000000005,0.002904025422238604,0.0004864191049473632,-0.0033369300600000003,290.43303945757583,1.0,0.00011183496581753271,295.12935339208514,295.74088795939235,295.7750584168277,295.86971073871655,295.93432399999995,0.3225074073217945,0.3133759943441417,0.3031584963444089,0.32474975500000003,88347.50719708182,295.2668279260516,-0.008309289313076002,1.2802536129479825,107.5714301092981,9.315998743496692,131.1234694276473,128.77935210268686,4.827955916018813,7.802685633451579,0.5855945406345046,10.047677278502007,0.3016450464145262
2050-08-01,Kampala,11573.29113153154,0.4988173897120534,19.0,0.0720095219202539,0.927990478079746,0.5011826102879465,1.0000305189751728,3.000045778462759,0.3152,32.5816,0.300000000000001,32.60000000000005,0.0023516814868481777,0.00025313316997607657,-0.0033369300600000003,290.18360647688604,1.0,9.718731169988761e-05,295.06088160672397,295.6749296393087,295.69726265968063,295.76704735021866,295.8988514308607,0.31186297417637115,0.3028402770781104,0.2948095016448544,0.32474975500000003,88359.86879009398,295.14527040791296,-0.04476679912967376,0.906923821122774,94.16205325777537,9.295969590180837,111.40720700399645,127.18328643962415,4.249161460221974,6.648157440296416,0.0,10.0,0.0
2050-09-01,Kampala,11573.29113153154,0.4988173897120534,19.0,0.0720095219202539,0.927990478079746,0.5011826102879465,1.0000305189751728,3.000045778462759,0.3152,32.5816,0.300000000000001,32.60000000000005,0.0025169027752403555,0.0002130623925,-0.0033369300600000003,290.3026666560952,1.0,0.00010330799044765036,295.16570483436124,295.7712055950223,295.7677761711273,295.7656943881522,295.8593878410791,0.31115876084451366,0.30059746435847545,0.29199448,0.32474975500000003,88337.40639222758,295.1742258237202,-0.02543928306846807,0.6108370175173862,107.98694157835217,9.257068130812684,101.73701359101047,126.94328552388366,4.911984523822472,7.587527090248744,0.0,10.0,0.0
2050-10-01,Kampala,11573.29113153154,0.4988173897120534,19.0,0.0720095219202539,0.927990478079746,0.5011826102879465,1.0000305189751728,3.000045778462759,0.3152,32.5816,0.300000000000001,32.60000000000005,0.0030933012616683937,0.0002130623925,-0.0033369300600000003,290.55865062740054,1.0,0.00012529579661571508,295.3375510421645,295.93642053566435,295.916972013675,295.87318629817315,295.8429739827921,0.31881560382769497,0.3063013148706302,0.29199448,0.32474975500000003,88295.68295573322,295.27098993547514,0.056818155560351545,0.3419629001865995,134.2599503745222,9.300919626101027,110.46542222850822,126.82705913886855,6.088498770041653,9.06704843489109,0.0,10.0,0.0
2050-11-01,Kampala,11573.29113153154,0.4988173897120534,19.0,0.0720095219202539,0.927990478079746,0.5011826102879465,1.0000305189751728,3.000045778462759,0.3152,32.5816,0.300000000000001,32.60000000000005,0.0036646461598028282,0.0002643968902735356,-0.0033369300600000003,290.79242642886084,1.0,0.0001475777476382221,295.4120873348788,296.0000507791558,295.9810778362051,295.9419522074674,295.8768407970806,0.32887667180712515,0.31553956010521644,0.29664636073679074,0.32474975500000003,88259.48544581227,295.3238516475721,0.1537058201046648,0.33339569164408456,153.23802092783143,9.29846897570535,129.90048453482305,126.67129766552158,6.97983888307989,10.33987292984809,0.20133659158744846,10.0,0.0617542859459086
2050-12-01,Kampala,11573.29113153154,0.4988173897120534,19.0,0.0720095219202539,0.927990478079746,0.5011826102879465,1.0000305189751728,3.000045778462759,0.3152,32.5816,0.300000000000001,32.60000000000005,0.0037153224656956137,0.0003531978190162549,-0.0033369300600000003,290.79726314418093,1.0,0.00015176723960936918,295.4169656161941,295.99524353479484,295.98552265330557,295.95784363655497,295.9105702806233,0.3321886302692298,0.32075635070286707,0.30177280204636214,0.32474975500000003,88242.59597885102,295.37255607851483,0.1962314144694073,0.4705160173401941,149.71877929474132,9.38783210253758,143.76233302791414,128.83204949273218,6.77254825662084,9.977195510459659,0.32667715586172624,10.0,0.08369418958144181
2025-07-01,Kasese,10529.614022288868,0.827247341034288,19.0,0.0,1.0,0.1098988295973021,1.0000305189751728,3.999954221537241,0.1699,30.0781,0.200000000000001,30.100000000000016,0.002473919325325329,0.0007227780504460077,-0.002418917952588246,289.17011538116344,1.0,0.0001471938002273333,295.67000526377774,296.13985790096615,296.10766939332404,296.0683673051338,296.1153261403924,0.3799926016255284,0.3856722645755486,0.382005266732533,0.3769266736354657,89539.82387118162,297.38683064575787,-0.45724851468843086,0.02662953443227501,47.594070222618285,-4.650509114031412,64.47964637433573,73.7786292375436,2.2197381688507303,6.766633503202957,0.23675946741028772,5.961219718596606,0.06933515152906977
2025-08-01,Kasese,10529.614022288868,0.827247341034288,19.0,0.0,1.0,0.1098988295973021,1.0000305189751728,3.999954221537241,0.1699,30.0781,0.200000000000001,30.100000000000016,0.002854632761240951,0.0007429302848547341,-0.0024705104510802374,289.4649740045264,1.0,0.00015933134402808285,295.73910349095,296.2193596670943,296.19142103232736,296.13775972271765,296.1167136126942,0.387331633240025,0.38717495865121065,0.37850060425646154,0.37562774418289313,89526.03927362265,297.33897677820426,-0.4507793473357452,0.024543458424991973,61.94740556064079,-4.691244280875337,62.11819650977654,75.88612964228244,2.874987595156547,7.245285993107603,0.3306071389241654,6.034049908243258,0.09770395713997918
2025-09-01,Kasese,10529.614022288868,0.827247341034288,19.0,0.0,1.0,0.1098988295973021,1.0000305189751728,3.999954221537241,0.1699,30.0781,0.200000000000001,30.100000000000016,0.0031005722743628634,0.0007914798442157263,-0.0025443556855534346,289.6763426080593,1.0,0.0001701990638908967,295.7360392774846,296.2337340014098,296.21413074159665,296.1665059614911,296.1265285477995,0.3934264758534212,0.39089379280807096,0.3783297867396942,0.37511134021418435,89504.51883185127,297.2896907808675,-0.44183914660402374,0.00910972101376185,72.48992402816795,-4.723330917646589,65.61218310416955,77.02265966478575,3.3578904773042164,7.559805373675947,0.38725504470053523,6.125716316962208,0.1497789072957551
2025-10-01,Kasese,10529.614022288868,0.827247341034288,19.0,0.0,1.0,0.1098988295973021,1.0000305189751728,3.999954221537241,0.1699,30.0781,0.200000000000001,30.100000000000016,0.0037380846350948036,0.0009819433423128776,-0.0026486571539827593,290.10653575319066,1.0,0.0001910644230145562,295.6899811827378,296.2164968519236,296.2151297253718,296.20013008470704,296.14020635333077,0.4056036419394822,0.39835833388435016,0.3775744713584337,0.3747014063602672,89466.78620892663,297.14888943472505,-0.4297382652560633,-0.027863533382385553,92.96176563737068,-4.68062379638166,75.31467998873497,78.3195858954946,4.289662408734219,8.487528419060817,0.6633735123454325,6.317612072438035,0.32822082995310625
2025-11-01,Kasese,10529.614022288868,0.827247341034288,19.0,0.0,1.0,0.1098988295973021,1.0000305189751728,3.999954221537241,0.1699,30.0781,0.200000000000001,30.100000000000016,0.004444343984905072,0.0013898281612717406,-0.002776953979081368,290.421807764588,1.0,0.00021678792227101712,295.393246112649,295.96638653795907,295.99436115063907,296.0694811863986,296.12718905724876,0.41979934776863964,0.4122729330149146,0.3826936841032202,0.3762621640643213,89433.83281690539,296.91882807862333,-0.42764215083397633,-0.11202029759600214,100.39279330694539,-4.6607021912021125,89.10619760039533,78.79318669895628,4.6272087723474336,8.706635148225622,1.2003458129816476,6.643373408896603,0.687686191468773
2025-12-01,Kasese,10529.614022288868,0.827247341034288,19.0,0.0,1.0,0.1098988295973021,1.0000305189751728,3.999954221537241,0.1699,30.0781,0.200000000000001,30.100000000000016,0.004572883929203824,0.00164475806703412,-0.002845005827765102,290.4983337233729,1.0,0.00022267677612523078,295.217299528281,295.78915998835674,295.8138328596651,295.9047686506351,296.056188556617,0.42397556113579243,0.41852341454466485,0.38766978622266324,0.3782721873349983,89417.80500080255,296.86057886099616,-0.43021217596636774,-0.23322240562079322,93.3500747021116,-4.677648345193745,96.18299162754268,79.85203781893777,4.313316475173166,8.26031284016137,1.442365145904587,6.818750496856627,0.8204048261707454
2026-01-01,Kasese,10529.614022288868,0.827247341034288,19.0,0.0,1.0,0.1098988295973021,1.0000305189751728,3.999954221537241,0.1699,30.0781,0.200000000000001,30.100000000000016,0.004103159112232073,0.0015544522359370292,-0.002807990722641781,290.3018895336988,1.0,0.00020457741374326743,295.39326046027304,295.939296807525,295.9158623703776,295.91391824266515,295.9802104687123,0.4152263628046901,0.41356007640473474,0.38858863985685715,0.3788117451512858,89413.3945,297.125930732417,-0.3912653258240384,-0.31026296205463993,71.97347110526928,-4.892440598543228,89.15869633880664,81.15432297250906,3.299460500577721,7.241044911103766,1.265608388378794,6.69158509809913,0.6732407092314067
2026-02-01,Kasese,10529.614022288868,0.827247341034288,19.0,0.0,1.0,0.1098988295973021,1.0000305189751728,3.999954221537241,0.1699,30.0781,0.200000000000001,30.100000000000016,0.0033755485943935694,0.0012112664758213818,-0.0026557926912682377,290.0099568143368,1.0,0.00017185804973569657,296.0134305990184,296.50763583689013,296.4190377893426,296.2208745439495,295.9932691841816,0.39643831985476624,0.39775670055880213,0.38314677876621106,0.3776411729980269,89413.3945,297.66976863567805,-0.34335150255798713,-0.3218899082116579,55.76069507353906,-4.982377898798574,74.29583503712973,80.5066352668105,2.5767085977025332,6.78621706973838,0.7927724774679333,6.282034865836809,0.36983488388775526
2026-03-01,Kasese,10529.614022288868,0.827247341034288,19.0,0.0,1.0,0.1098988295973021,1.0000305189751728,3.999954221537241,0.1699,30.0781,0.200000000000001,30.100000000000016,0.003649519998319663,0.0011421901961628975,-0.00260390971543117,290.0950400690111,1.0,0.000170269186240282,296.34573564126026,296.8597360361568,296.770875487634,296.5666111157289,296.13884453599997,0.39393624653499026,0.3927967544737294,0.3788612417294767,0.3759880450720057,89413.3945,297.90700501564476,-0.3201268439044,-0.24767049998427368,59.94690691647187,-4.9661171398299455,63.22826543264565,78.3814325323717,2.750253281268357,7.158626213544367,0.8506586705111645,6.143689817809808,0.41395033821274074
2026-04-01,Kasese,10529.614022288868,0.827247341034288,19.0,0.0,1.0,0.1098988295973021,1.0000305189751728,3.999954221537241,0.1699,30.0781,0.200000000000001,30.100000000000016,0.004512456102910404,0.0015113343513447064,-0.002716387193418377,290.45479816567763,1.0,0.00020161986758347123,296.1724605968284,296.7313045100644,296.6963077130002,296.61108504413943,296.3008949810005,0.4062990363332007,0.4024236874662838,0.381811504250061,0.3762956761963347,89413.3945,297.7585077064482,-0.36067738023653567,-0.15087444476063083,84.19265429178104,-5.01346126952007,67.20686746308637,76.90221431650055,3.8666324605924256,8.465562714723395,1.5132067688244009,6.4035773283898045,0.8695362933166599
2026-05-01,Kasese,10529.614022288868,0.827247341034288,19.0,0.0,1.0,0.1098988295973021,1.0000305189751728,3.999954221537241,0.1699,30.0781,0.200000000000001,30.100000000000016,0.0051777312664986795,0.0019452677815338679,-0.0028967435878502665,290.78739746441516,1.0,0.00023286030424593722,295.6460979882267,296.24963866760544,296.27192278989645,296.3717873626452,296.3635990784744,0.4228077883900208,0.4183886061043654,0.39127003142204897,0.3779002333715294,89426.60599202836,297.4218630432427,-0.4047040223708922,-0.04891847577828038,97.74807473324819,-5.025374160118338,80.94926707468238,76.28995831018898,4.470992870359818,8.95257122482292,2.1262102930170843,6.8347993759732,1.2548854465097996
2026-06-01,Kasese,10529.614022288868,0.827247341034288,19.0,0.0,1.0,0.1098988295973021,1.0000305189751728,3.999954221537241,0.1699,30.0781,0.200000000000001,30.100000000000016,0.004832700807243149,0.001974888497993709,-0.002889503025742522,290.5845864617227,1.0,0.00022804883745409794,295.34375257295613,295.9274850488204,295.96302888613894,296.1000882788048,296.2944711810106,0.42241475094227426,0.4222942924230419,0.39722537846432404,0.3796797712990052,89454.94040756144,297.2791221126618,-0.4281517830390953,0.012648561978251037,88.60714126764698,-4.775111566057004,90.2725344139281,75.3826384033915,4.046504068651969,8.518219518354785,2.0711113676499173,6.942928133135591,1.2368956066108356
2026-07-01,Kasese,10529.614022288868,0.827247341034288,19.0,0.0,1.0,0.1098988295973021,1.0000305189751728,3.999954221537241,0.1699,30.0781,0.200000000000001,30.100000000000016,0.003759988110289275,0.001496136293162002,-0.0027127521773902675,289.97645553258343,1.0,0.0001917404612647943,295.38536816685183,295.92374351336133,295.9354764005282,296.005799368756,296.17876622466855,0.4062338020302006,0.4105519488316219,0.39468701945924883,0.37971164926815265,89483.39595608578,297.3102998817681,-0.4447419609282657,0.028231053485364727,64.83639174475705,-4.592361047375417,83.86428398394376,74.17986238008451,3.0017997379487746,7.29328445233952,1.2809577327641135,6.620404598594341,0.7348584718523358
2026-08-01,Kasese,10529.614022288868,0.827247341034288,19.0,0.0,1.0,0.1098988295973021,1.0000305189751728,3.999954221537241,0.1699,30.0781,0.200000000000001,30.100000000000016,0.0030961479247797446,0.0009921940823826522,-0.0025603834861272485,289.6093074696578,1.0,0.0001675101566883839,295.5720165297542,296.0694514377402,296.06057962661004,296.0623134995014,296.10609172542144,0.394395326699195,0.39672208755425714,0.38588389387759686,0.37804711607068214,89490.6313946818,297.31477777725956,-0.4497378806846906,0.022416404781797017,59.248513736388624,-4.81893549561441,71.0481069745195,74.84224914335675,2.720926743344292,7.067651179534262,0.5891602625225648,6.279055693072898,0.2813419871125255
2026-09-01,Kasese,10529.614022288868,0.827247341034288,19.0,0.0,1.0,0.1098988295973021,1.0000305189751728,3.999954221537241,0.1699,30.0781,0.200000000000001,30.100000000000016,0.0030224783267337398,0.0007696042673606112,-0.002549735146665847,289.6456780342706,1.0,0.0001671561601653205,295.71104277643605,296.21075200369063,296.1882673356356,296.141778766467,296.09291167742884,0.3926526257645801,0.39151382457370837,0.37964423236078654,0.37609405564151976,89465.9196155675,297.2736817524802,-0.4492987334303156,0.0055112333948741585,71.64736546954559,-5.024313543930205,65.5709836890977,76.79945267105728,3.287089532169562,7.600177941690088,0.3443596571054021,6.133300573325552,0.13136541196719248
2026-10-01,Kasese,10529.614022288868,0.827247341034288,19.0,0.0,1.0,0.1098988295973021,1.0000305189751728,3.999954221537241,0.1699,30.0781,0.200000000000001,30.100000000000016,0.003709282866156028,0.0009553623718026807,-0.002651373412919447,290.08453973422957,1.0,0.00019083874873984124,295.6427364125697,296.1765283025757,296.1723978449949,296.16993993539035,296.11318747359337,0.4054860034400898,0.3986889495064621,0.37896121668387456,0.37537343636274273,89437.46406704315,297.10198045761666,-0.4289750711289113,-0.030501508384418268,92.29994512138632,-5.146653030740144,74.661793736306,78.23565523718594,4.225703459727879,8.503998202171553,0.6387474132165689,6.333701491481638,0.3126115070720578
2026-11-01,Kasese,10529.614022288868,0.827247341034288,19.0,0.0,1.0,0.1098988295973021,1.0000305189751728,3.999954221537241,0.1699,30.0781,0.200000000000001,30.100000000000016,0.004410777772418239,0.001360030482343292,-0.0027697070394130958,290.39582580032567,1.0,0.00021687464897917678,295.35893457513015,295.9416370932054,295.9561284256754,296.0360735343531,296.09954511347775,0.4195238955766308,0.412455680652501,0.3841131145839795,0.37681758923568,89417.0171364188,296.8743295179681,-0.4273811278826141,-0.11152902309982504,100.91801389890998,-4.9044572122290875,88.69532455491446,78.71576155549457,4.654847948460856,8.670331585617603,1.1580553141413235,6.663404420713225,0.6697242746032196
2026-12-01,Kasese,10529.614022288868,0.827247341034288,19.0,0.0,1.0,0.1098988295973021,1.0000305189751728,3.999954221537241,0.1699,30.0781,0.200000000000001,30.100000000000016,0.004587604054250808,0.001644805751530945,-0.0028418083490560583,290.4921864609375,1.0,0.00022454109246506594,295.165326478361,295.7535772608292,295.76978669068257,295.867163048424,296.0272877001517,0.425480150017804,0.42005700940124563,0.38934542241652065,0.37885999482494404,89413.3945,296.8092067460928,-0.42276058674398076,-0.22289767689871676,93.01030685936853,-5.109694872438607,95.88211491592428,79.3994948221992,4.305626870875428,8.195142476197875,1.4239900960284961,6.861948776893215,0.8051585436635852
2027-01-01,Kasese,10529.614022288868,0.827247341034288,19.0,0.0,1.0,0.1098988295973021,1.0000305189751728,3.999954221537241,0.1699,30.0781,0.200000000000001,30.100000000000016,0.004088025946137141,0.0015609089962672074,-0.0028055362440904882,290.32863355238595,1.0,0.00020473298787448686,295.355418965675,295.9020214772316,295.8796349773615,295.87051471503105,295.94613497191216,0.4167428190672326,0.41546073491664504,0.3896829627464607,0.37972274340203743,89413.3945,297.083754681757,-0.3836370009819912,-0.30337163186161953,72.10398836216815,-5.053336318379649,89.29787926819101,80.42811459381288,3.3230936837612166,7.223314312829025,1.2323183709628116,6.7377653769894605,0.659458032198767
2027-02-01,Kasese,10529.614022288868,0.827247341034288,19.0,0.0,1.0,0.1098988295973021,1.0000305189751728,3.999954221537241,0.1699,30.0781,0.200000000000001,30.100000000000016,0.00337688258840549,0.0012039859818909436,-0.0026556451599822565,290.0505984963234,1.0,0.00017204474380556715,295.98866323673377,296.47977799627114,296.4026108990707,296.19585244265926,295.95753187489134,0.397168020815352,0.39891378140522865,0.3838153328292994,0.37851286749009966,89413.3945,297.6394984104508,-0.3398071794315373,-0.31935052986413326,56.00966354941849,-5.039834953800171,74.53512763896198,79.92009740852119,2.5697648534869995,6.836650204485498,0.774464303911316,6.306330283781211,0.36064603223907515
2027-03-01,Kasese,10529.614022288868,0.827247341034288,19.0,0.0,1.0,0.1098988295973021,1.0000305189751728,3.999954221537241,0.1699,30.0781,0.200000000000001,30.100000000000016,0.0036444689275236253,0.0011338137070319037,-0.002608796409050153,290.11021121929736,1.0,0.00016985081738938123,296.3029895453775,296.8087808890755,296.7385028488396,296.531258764054,296.10305002116024,0.39420427060921387,0.39449672689623155,0.3799935984855158,0.37689375369852457,89413.3945,297.85259086746674,-0.32231679085187864,-0.25606365718043517,60.1474183186781,-5.07583756460066,63.26885515269947,78.18209076529662,2.758441567231452,7.174834515223391,0.8574905314636251,6.17218155016598,0.42802823954635905
2027-04-01,Kasese,10529.614022288868,0.827247341034288,19.0,0.0,1.0,0.1098988295973021,1.0000305189751728,3.999954221537241,0.1699,30.0781,0.200000000000001,30.100000000000016,0.004487663026965866,0.001491908382675364,-0.002713894345095549,290.410696111007,1.0,0.0002002628792910985,296.1437617779269,296.70186463326627,296.67502209497246,296.5902996490351,296.2701754259422,0.4054649783854767,0.4029934378814298,0.3836049125170808,0.3769302065313855,89413.3945,297.7281820571978,-0.36527334817305873,-0.15679642304562721,83.40068833793323,-5.176215595452098,66.98798211809596,76.73772783171293,3.8273298904169475,8.468007945994882,1.5399033132967375,6.427886588125531,0.8762746054358533
2027-05-01,Kasese,10529.614022288868,0.827247341034288,19.0,0.0,1.0,0.1098988295973021,1.0000305189751728,3.999954221537241,0.1699,30.0781,0.200000000000001,30.100000000000016,0.005120272529171281,0.0019074813041577187,-0.002896537585166809,290.7545955555695,1.0,0.00023146344120589864,295.59719330822037,296.20281950043557,296.2330601403167,296.3326833895221,296.3357048113357,0.4233522435292592,0.41974319328816206,0.39289929144802266,0.378624835425728,89413.3945,297.37946723565364,-0.4047623839365788,-0.04801818084213061,96.49311511746562,-5.139661038600853,80.4399294328499,75.91159796893781,4.427656997097377,8.88134789514905,2.073200704906207,6.878284641135651,1.2098713757391506
2027-06-01,Kasese,10529.614022288868,0.827247341034288,19.0,0.0,1.0,0.1098988295973021,1.0000305189751728,3.999954221537241,0.1699,30.0781,0.200000000000001,30.100000000000016,0.004857928281774258,0.0019680059701993008,-0.002881222942801841,290.6111436376749,1.0,0.00023002534484232312,295.31307975370186,295.9030458579095,295.93599343893067,296.0735780155784,296.265333322498,0.4235525401709701,0.42287131894795144,0.39786507375855734,0.3804683432791151,89427.08992318343,297.23452195816054,-0.41757683947831276,0.022682752801299055,89.14429781946386,-4.7321330312504015,90.21320626313889,74.92438270508413,4.105674436912663,8.489086993519606,2.0622674224278454,6.9896978384211605,1.230801721316131
2027-07-01,Kasese,10529.614022288868,0.827247341034288,19.0,0.0,1.0,0.1098988295973021,1.0000305189751728,3.999954221537241,0.1699,30.0781,0.200000000000001,30.100000000000016,0.003775989607473376,0.0015023399073236389,-0.0027079181178039894,290.01956789185584,1.0,0.0001929196998364035,295.36039497944927,295.89899367887136,295.90675522800115,295.9763983823805,296.1493370194589,0.40738025104143,0.41186722444760443,0.39524379580670166,0.3806882151292126,89441.5716559122,297.26343385437946,-0.4395248234677462,0.03608569741367019,66.00128413286741,-4.732719755736826,84.06810118288371,73.85624299890874,3.061925420911541,7.280340957686252,1.2352484667669017,6.6588615338241395,0.7530621192200568
2027-08-01,Kasese,10529.614022288868,0.827247341034288,19.0,0.0,1.0,0.1098988295973021,1.0000305189751728,3.999954221537241,0.1699,30.0781,0.200000000000001,30.100000000000016,0.0031615338070703335,0.0010238477349762878,-0.0025583820557237174,289.63705292884543,1.0,0.00016813982940568688,295.5341719340322,296.0416132125071,296.0288079162805,296.03033898195787,296.0781531585844,0.3953059627106601,0.39835314890283846,0.38697598831652114,0.37919156339229904,89447.77578850051,297.265880869073,-0.44602763151321406,0.023231529108795324,59.1170082986716,-5.191249991053783,71.40396725280407,74.50045135934312,2.7446546666509875,7.084585881079054,0.6248009822769246,6.325168276479798,0.3468415184291327
2027-09-01,Kasese,10529.614022288868,0.827247341034288,19.0,0.0,1.0,0.1098988295973021,1.0000305189751728,3.999954221537241,0.1699,30.0781,0.200000000000001,30.100000000000016,0.0029590552336695836,0.0007409948645921352,-0.0025404352022167097,289.6226369471879,1.0,0.0001635372535138986,295.69482958848727,296.19747734512504,296.17005805971564,296.1147061147919,296.06069822598806,0.3917319154237024,0.39196320042252103,0.38097043901844846,0.37727819680340885,89434.08036531706,297.2536769511283,-0.45776072440496335,-0.0009244635091060471,70.58825036170758,-5.508538287683469,65.30866967377379,76.51123957279839,3.2325683483503127,7.632501807029809,0.2814318146882036,6.163703307177677,0.12229144243380945
2027-10-01,Kasese,10529.614022288868,0.827247341034288,19.0,0.0,1.0,0.1098988295973021,1.0000305189751728,3.999954221537241,0.1699,30.0781,0.200000000000001,30.100000000000016,0.0036930067851018815,0.000926542074055107,-0.0026428826242063225,290.0703759880634,1.0,0.0001904624010887723,295.59428813396835,296.1443394425342,296.13676687930337,296.1434665805747,296.08187802345145,0.4057812119819493,0.3992696047384301,0.3802278532315771,0.37647811818824334,89419.59863258833,297.0404481349313,-0.43034723688568377,-0.03493295189408573,91.5166212621134,-5.50733020780581,74.32074405947672,77.96139134223971,4.192928213371981,8.508085168074174,0.6219551101251485,6.377607667615236,0.2895914077135651
2027-11-01,Kasese,10529.614022288868,0.827247341034288,19.0,0.0,1.0,0.1098988295973021,1.0000305189751728,3.999954221537241,0.1699,30.0781,0.200000000000001,30.100000000000016,0.004370688539864074,0.0013332834598878175,-0.0027572032571771972,290.38016956045936,1.0,0.0002174335754609128,295.3317923662505,295.91131453482575,295.93234125529307,296.01179230980034,296.0661534040637,0.41954417395412386,0.4124828536638226,0.3853254309090932,0.3777325934843377,89413.3945,296.82395829296473,-0.4275087318071062,-0.11185127906766867,102.01019921144858,-5.006159805788897,88.26759630753514,78.74214940800006,4.67988852948717,8.656742082969407,1.1253978112466843,6.7093154376288,0.6537186068597892
2027-12-01,Kasese,10529.614022288868,0.827247341034288,19.0,0.0,1.0,0.1098988295973021,1.0000305189751728,3.999954221537241,0.1699,30.0781,0.200000000000001,30.100000000000016,0.004609267353483131,0.001639584838030829,-0.0028405080547888577,290.49334121099264,1.0,0.00022757942434829218,295.12558413517854,295.7076967671127,295.73285515576055,295.8353198301076,295.9978709102991,0.4267571670841687,0.42111600682644107,0.39040000516283296,0.37995213689320306,89413.3945,296.7501169832188,-0.41551585663598106,-0.21411360374586086,93.31748996713641,-5.148750099540159,95.68016887363278,79.07455511048049,4.301948451128105,8.153055571004879,1.424802232560609,6.910525555907815,0.8028253631780017
2028-01-01,Kasese,10529.614022288868,0.827247341034288,19.0,0.0,1.0,0.1098988295973021,1.0000305189751728,3.999954221537241,0.1699,30.0781,0.200000000000001,30.100000000000016,0.004095172976007199,0.0015575509264837495,-0.0028064833672681185,290.3647367601753,1.0,0.0002066725232798904,295.3280739521451,295.8624671524436,295.84715232711113,295.82968541847043,295.91635021457074,0.418177693684275,0.4168809940966138,0.3903869400882665,0.38092801077826266,89413.3945,297.05115744704096,-0.37713290015167256,-0.29525937604850394,72.67427204557599,-5.040849555794726,89.15975992006321,80.01908516498347,3.34157080517107,7.205035838761876,1.2219806190927345,6.789252351371342,0.6491835349139827
2028-02-01,Kasese,10529.614022288868,0.827247341034288,19.0,0.0,1.0,0.1098988295973021,1.0000305189751728,3.999954221537241,0.1699,30.0781,0.200000000000001,30.100000000000016,0.0033782047045338493,0.0011969817358760348,-0.002653006660132009,290.0834909280581,1.0,0.00017282344539130498,295.9759851768967,296.46019403059876,296.3846362440382,296.1676096255928,295.92551255505185,0.3977190387129507,0.3994283721631939,0.38431276777821416,0.3798467195359329,89413.3945,297.61835836147264,-0.337432764635848,-0.3152301887467021,55.98046068433111,-5.2465823486440435,74.53014579195671,79.42490990656113,2.5749643236890147,6.859721946812293,0.7518887531426383,6.328780307598127,0.3447821300471332
2028-03-01,Kasese,10529.614022288868,0.827247341034288,19.0,0.0,1.0,0.1098988295973021,1.0000305189751728,3.999954221537241,0.1699,30.0781,0.200000000000001,30.100000000000016,0.0035142827090882435,0.0010381113151728247,-0.0025828771626889664,290.15202624016126,1.0,0.00016731069286128887,296.3830198481864,296.87371999371004,296.79828103969254,296.5469247146518,296.0620786954516,0.39199309359662343,0.3901368527270184,0.37888842857301724,0.37824901719319964,89413.3945,297.9114685131924,-0.3212816172472753,-0.24976689069503877,61.581948765999186,-5.002236672132529,63.93893227335318,77.68392545067373,2.841293285371743,7.2923071592831725,0.6483232819417479,6.139394524378795,0.2898495741041632
2028-04-01,Kasese,10529.614022288868,0.827247341034288,19.0,0.0,1.0,0.1098988295973021,1.0000305189751728,3.999954221537241,0.1699,30.0781,0.200000000000001,30.100000000000016,0.004494497992494597,0.001437251416697095,-0.002700426875448808,290.5230402857532,1.0,0.0002042503347819681,296.1687645853308,296.71554278584745,296.7004994150548,296.59253110289796,296.23087956137886,0.4056423300282687,0.4010784766326352,0.38153432804669124,0.37835290942805005,89413.3945,297.71392406430465,-0.3620530312216223,-0.14042135242804996,85.74792215370111,-5.031256165090292,68.33126320222986,76.56617716314413,3.958780535038756,8.575087112316433,1.3393064071203564,6.400694662015429,0.7923308811001021
2028-05-01,Kasese,10529.614022288868,0.827247341034288,19.0,0.0,1.0,0.1098988295973021,1.0000305189751728,3.999954221537241,0.1699,30.0781,0.200000000000001,30.100000000000016,0.005259220472872773,0.001986662796537033,-0.002891688880710936,290.85907533969436,1.0,0.00023546000105989571,295.60530435620035,296.2005510127751,296.23872658673423,296.31270556311125,296.29295689360174,0.42407986871440057,0.4199723494090772,0.39285170870916314,0.3802536690286271,89413.3945,297.35166613442385,-0.39810132939503823,-0.046263009780993646,98.56431397846795,-5.245876143475127,82.0105701844821,75.7930533964891,4.554294720339776,8.998348472084713,2.19193248848365,6.889898886867122,1.3156050647588609
2028-06-01,Kasese,10529.614022288868,0.827247341034288,19.0,0.0,1.0,0.1098988295973021,1.0000305189751728,3.999954221537241,0.1699,30.0781,0.200000000000001,30.100000000000016,0.004750062351056555,0.001950109575806528,-0.002897011207783583,290.5357329817889,1.0,0.00022457017368079026,295.27220493953934,295.8503052160537,295.9021759289396,296.02923251192436,296.2344809775562,0.42247481730680475,0.4250541334385474,0.4002082622554608,0.3817266306252763,89414.12282857031,297.1980386106505,-0.44228443730873596,0.0019054066708768132,86.39595606961443,-5.68155675819417,90.38939634852505,75.14741548257308,3.9730468509692476,8.52793467426088,2.028395744340861,6.9942921564008,1.2336862219095157
2028-07-01,Kasese,10529.614022288868,0.827247341034288,19.0,0.0,1.0,0.1098988295973021,1.0000305189751728,3.999954221537241,0.1699,30.0781,0.200000000000001,30.100000000000016,0.0036604110719599733,0.0014593144196221545,-0.002708212378279664,289.9000662388535,1.0,0.00018955354336803293,295.31912196343643,295.85591096818774,295.87573603199314,295.9412021031706,296.1190386361732,0.4060306056977927,0.41149206837212726,0.39809883482450364,0.3814096233055055,89414.12282857031,297.230748951718,-0.4471326854528133,0.017200728687108598,62.5659682493679,-5.6938526942697,82.84281654203531,73.66645917453513,2.886254862649009,7.282711431968096,1.2772828507069038,6.685901955664304,0.717838500079652
2028-08-01,Kasese,10529.614022288868,0.827247341034288,19.0,0.0,1.0,0.1098988295973021,1.0000305189751728,3.999954221537241,0.1699,30.0781,0.200000000000001,30.100000000000016,0.0029536604673216344,0.0008834858262528238,-0.0025447951297297247,289.56423417453976,1.0,0.00016546162011407187,295.5043785503919,296.00653331488866,296.0019518427394,296.00153662029805,296.04725769921635,0.3940690584233784,0.3968195292910524,0.3883975891851244,0.37947713784823894,89414.12282857031,297.2418718625122,-0.4511422779134851,0.024620873146964234,59.008819600547916,-5.297396741158928,69.75636250941437,74.38823676201902,2.7188535748556113,7.021591405340595,0.40409066844488,6.336983965544525,0.16781163956225395
2028-09-01,Kasese,10529.614022288868,0.827247341034288,19.0,0.0,1.0,0.1098988295973021,1.0000305189751728,3.999954221537241,0.1699,30.0781,0.200000000000001,30.100000000000016,0.003131100508735852,0.000781528183131753,-0.002539231078724125,289.72174360328296,1.0,0.000173768159997901,295.61037988490364,296.11381245843154,296.1055572620609,296.07076412274773,296.02498816064923,0.39620560880876465,0.3937174316041591,0.3817828031090089,0.37793459761490916,89413.3945,297.1386513379171,-0.42512857440996105,0.02194400171498026,72.98593337493496,-5.1815823168123,65.25888903508563,76.15544444715698,3.4008675797917687,7.488389099258229,0.37238912421807596,6.242001143055244,0.1404091527253649
2028-10-01,Kasese,10529.614022288868,0.827247341034288,19.0,0.0,1.0,0.1098988295973021,1.0000305189751728,3.999954221537241,0.1699,30.0781,0.200000000000001,30.100000000000016,0.0037265823828617397,0.0009707944592767122,-0.0026476741023231734,290.13014854715624,1.0,0.00019153623488687952,295.58954609903225,296.1186132555312,296.1251857371497,296.1145112426428,296.03754454350474,0.4077266853172005,0.4013991371882697,0.38113230425508426,0.37774425057644434,89413.3945,297.03820398003876,-0.42028701221051673,-0.01730297970243788,93.5553087452297,-5.292240892885258,75.39165420548326,77.41873420682607,4.317354108303632,8.457290185752228,0.6253444041155907,6.412737612788244,0.3244804812869582
2028-11-01,Kasese,10529.614022288868,0.827247341034288,19.0,0.0,1.0,0.1098988295973021,1.0000305189751728,3.999954221537241,0.1699,30.0781,0.200000000000001,30.100000000000016,0.004428523433999414,0.0013809867455737857,-0.0027837460841246392,290.44350320641774,1.0,0.00021730657176174134,295.29637054763344,295.8619168433424,295.89626664583,295.9807741873222,296.0286189653457,0.42256800802016903,0.41558257649515634,0.3862964522374412,0.3794901435281846,89413.3945,296.80043945788265,-0.4196939561720088,-0.10718324449636223,99.67449904777816,-5.7080363690661144,89.08665306247043,77.62349545296344,4.590828159044886,8.712854671966573,1.1953546217968798,6.736091249318203,0.6784407524563817
2028-12-01,Kasese,10529.614022288868,0.827247341034288,19.0,0.0,1.0,0.1098988295973021,1.0000305189751728,3.999954221537241,0.1699,30.0781,0.200000000000001,30.100000000000016,0.004494553350083498,0.0016050147278554479,-0.002845125748023033,290.4993465516739,1.0,0.00022167845071258303,295.13410103592406,295.7062846597143,295.7276984347722,295.82030074776526,295.96077416102736,0.425317142592687,0.4210503918665178,0.39130029682311235,0.3813173867669553,89413.3945,296.756505378354,-0.4295591412752759,-0.239615461793958,93.6360145446835,-5.600870259235935,96.00411303718708,78.95828885937198,4.30112675289805,8.30396142580375,1.397076677708019,6.907406761638559,0.7850765120959148
2029-01-01,Kasese,10529.614022288868,0.827247341034288,19.0,0.0,1.0,0.1098988295973021,1.0000305189751728,3.999954221537241,0.1699,30.0781,0.200000000000001,30.100000000000016,0.004051475679124265,0.0015137099227091448,-0.0028039477069787683,290.27718829679964,1.0,0.00020472591335990298,295.3094586712327,295.8463097884051,295.82789450912264,295.82369240935304,295.8867726291941,0.4159710343811816,0.4155627193574296,0.3924000856099508,0.3817965312135952,89413.3945,296.9930137390964,-0.390474217554992,-0.31539092796451434,71.60432593990676,-5.849224715918702,88.45352552077162,80.36915264383602,3.269886630284169,7.246801637124335,1.2272218425829944,6.785553353237766,0.6417122307353867
2029-02-01,Kasese,10529.614022288868,0.827247341034288,19.0,0.0,1.0,0.1098988295973021,1.0000305189751728,3.999954221537241,0.1699,30.0781,0.200000000000001,30.100000000000016,0.003329486285449276,0.0011728443712641977,-0.002654150948547965,289.98281526838383,1.0,0.00017281532701264937,295.9018562396284,296.39814865168404,296.3188422719909,296.1233574284324,295.8939410367134,0.39799241145540787,0.401087798361802,0.38761387925147045,0.38042959398018317,89413.3945,297.5275286827357,-0.33766618424298755,-0.32144998367851757,55.469106344684555,-5.5574881135027425,73.71269607478746,79.65485323634152,2.5602193825628015,6.735727573868185,0.746406791364017,6.398502256354455,0.3378952322511471
2029-03-01,Kasese,10529.614022288868,0.827247341034288,19.0,0.0,1.0,0.1098988295973021,1.0000305189751728,3.999954221537241,0.1699,30.0781,0.200000000000001,30.100000000000016,0.003616787894648934,0.0011091655125088406,-0.002599579934777591,290.08910468202345,1.0,0.00017143249176760383,296.25574301338804,296.75888961354605,296.69071696321333,296.47948451413276,296.03641675599357,0.39550367824378085,0.39522756698413497,0.38283398559037946,0.3788888240841302,89413.3945,297.791749924231,-0.3101651507560485,-0.23633733952268499,59.74955463918215,-5.3776661412006534,62.54571681972283,77.21279125786356,2.723682195079007,7.101313706849456,0.784382029129408,6.248769195508455,0.3729139547927369
2029-04-01,Kasese,10529.614022288868,0.827247341034288,19.0,0.0,1.0,0.1098988295973021,1.0000305189751728,3.999954221537241,0.1699,30.0781,0.200000000000001,30.100000000000016,0.00450306174727312,0.001494806361338448,-0.0027194610505398265,290.50229279746594,1.0,0.0002038602881673648,296.05855183971545,296.61698284063124,296.5982554163489,296.51417846990387,296.1982806190022,0.4091988372783267,0.406083090984475,0.3853765330426549,0.37919578804352144,89413.3945,297.6349476674468,-0.34971526343560644,-0.13849541973102486,84.86734962542586,-5.178371454256942,67.01825805801741,75.77392268737275,3.900783773424878,8.426673703216922,1.4476917788137145,6.515319672139353,0.8306601194324815
2029-05-01,Kasese,10529.614022288868,0.827247341034288,19.0,0.0,1.0,0.1098988295973021,1.0000305189751728,3.999954221537241,0.1699,30.0781,0.200000000000001,30.100000000000016,0.005186136614196763,0.0019499782543413349,-0.002894250128040216,290.82623886879804,1.0,0.00023413259728344713,295.5658769966675,296.1583772579575,296.2004036517362,296.28046634205407,296.26150983382496,0.4245643594627973,0.4209283946542622,0.39446664986301655,0.3810865415948188,89413.3945,297.31342072179797,-0.398592402510401,-0.04491166336700906,98.65785168814739,-5.331237455728368,81.07652429790653,75.46470267645681,4.508509001785545,8.917018000385328,2.1273875685458967,6.934634530785677,1.2712052995071794
2029-06-01,Kasese,10529.614022288868,0.827247341034288,19.0,0.0,1.0,0.1098988295973021,1.0000305189751728,3.999954221537241,0.1699,30.0781,0.200000000000001,30.100000000000016,0.004759279853468356,0.001941083172518996,-0.0028902725480734024,290.56120162007187,1.0,0.00022649038844566095,295.2488178034104,295.8268444526306,295.87082820885223,295.998885980287,296.1958122329845,0.4236599090831719,0.4253757234064262,0.40120446807081533,0.3827262060108873,89413.3945,297.16074916894155,-0.4316655627364579,0.010402107901339124,87.73186082486667,-5.562572784191436,90.18951913788123,74.64548948796549,4.026422295963008,8.497545818794341,2.0187612217707103,7.040209479933623,1.2194804120881741
2029-07-01,Kasese,10529.614022288868,0.827247341034288,19.0,0.0,1.0,0.1098988295973021,1.0000305189751728,3.999954221537241,0.1699,30.0781,0.200000000000001,30.100000000000016,0.0036788855762430266,0.001453058200100571,-0.0027045188793497037,289.9422572453981,1.0,0.00019045406632467508,295.2993108576242,295.8276036663342,295.84227538406077,295.9044080868364,296.0830510174885,0.4070858630051151,0.41261142498217246,0.3987308037435067,0.38269726798143555,89413.3945,297.18919738277333,-0.44160546234752296,0.02631335467625894,63.8788027714501,-5.381495935018834,83.3584084870699,73.37391620663853,2.967750651909673,7.291172610670067,1.2429705694453788,6.727160204264673,0.7130948340449751
2029-08-01,Kasese,10529.614022288868,0.827247341034288,19.0,0.0,1.0,0.1098988295973021,1.0000305189751728,3.999954221537241,0.1699,30.0781,0.200000000000001,30.100000000000016,0.002987567755846446,0.0009175092438200838,-0.0025477040450374217,289.58864814003823,1.0,0.00016656698448346173,295.4765193262691,295.9749031011574,295.9594390566081,295.96766087370605,296.012482928235,0.3953711155574926,0.3984452441020491,0.3896609910082505,0.3808386547315756,89413.3945,297.197429825299,-0.44572439564524763,0.027477571588300508,59.01005466741824,-5.263549703869245,70.26065717514159,74.06121037673302,2.7427456220268494,7.083377183922842,0.4626856440852308,6.3820896365552455,0.21188343291213216
2029-09-01,Kasese,10529.614022288868,0.827247341034288,19.0,0.0,1.0,0.1098988295973021,1.0000305189751728,3.999954221537241,0.1699,30.0781,0.200000000000001,30.100000000000016,0.0030367815446083937,0.0007607362572127074,-0.0025384743947302075,289.6871248088974,1.0,0.00017052965793278287,295.59241317928814,296.09741080700263,296.07488541784096,296.0469679891342,295.994693539789,0.3956614687770084,0.3944169447169335,0.3831605582841607,0.3790301061454156,89413.3945,297.1284456805774,-0.43271464288283984,0.016659591348640763,72.22607234986117,-5.20413510442219,65.08737740958297,75.94958901234205,3.3485334801643307,7.590698724718585,0.31838744126963187,6.266124836855993,0.11791056340153248
2029-10-01,Kasese,10529.614022288868,0.827247341034288,19.0,0.0,1.0,0.1098988295973021,1.0000305189751728,3.999954221537241,0.1699,30.0781,0.200000000000001,30.100000000000016,0.0036789502787790782,0.000943243738817649,-0.002645441824618977,290.1168264626697,1.0,0.00019194365774606137,295.5516371569308,296.08108672577333,296.07207406832237,296.0861793940466,296.0089570842153,0.407904614169857,0.40199015414844985,0.3824252000858596,0.3784498968595858,89413.3945,296.9899798388051,-0.42062146617428064,-0.021921125169799854,92.67655037962038,-5.437233098989321,74.73961704373656,77.23262996863276,4.264163736223973,8.495911074270426,0.5838341993524377,6.450996867510406,0.29566595198836193
2029-11-01,Kasese,10529.614022288868,0.827247341034288,19.0,0.0,1.0,0.1098988295973021,1.0000305189751728,3.999954221537241,0.1699,30.0781,0.200000000000001,30.100000000000016,0.004391861997422972,0.0013513338581052205,-0.0027714091197175183,290.4350387684615,1.0,0.0002176981162164517,295.26834401928016,295.83742159187506,295.8570557318415,295.9508396128677,295.9939018948115,0.4221760347459278,0.4157657742658087,0.3873982875732192,0.38003982821458626,89413.3945,296.75641491068205,-0.4198230735483692,-0.10659227628769863,100.3623624667926,-5.646332455842509,88.55505050251763,77.62663069605948,4.610143677026687,8.702154646149657,1.1227194684159512,6.776625687861614,0.647397329950374
2029-12-01,Kasese,10529.614022288868,0.827247341034288,19.0,0.0,1.0,0.1098988295973021,1.0000305189751728,3.999954221537241,0.1699,30.0781,0.200000000000001,30.100000000000016,0.004514521652077377,0.0015976881508990449,-0.002841615833241637,290.5093503089009,1.0,0.00022387983060787105,295.0917354783814,295.66597426794283,295.68354724781324,295.7815088230174,295.9239785148536,0.4265371575000094,0.4222017261096133,0.39237032965891744,0.38208681791108096,89413.3945,296.6992267371508,-0.42211770760047457,-0.22770751611092968,93.23807524438695,-5.752367657151855,95.59689906259739,78.62022299535084,4.289212154812088,8.238657340966412,1.3583189218800868,6.954149046585116,0.7774717972986833
2030-01-01,Kasese,10529.614022288868,0.827247341034288,19.0,0.0,1.0,0.1098988295973021,1.0000305189751728,3.999954221537241,0.1699,30.0781,0.200000000000001,30.100000000000016,0.004048591085599815,0.0015150099550753273,-0.0028009875770592615,290.31440014672165,1.0,0.00020528617553491402,295.26541947004756,295.8099190112025,295.7922399069865,295.7842907370124,295.8503977658746,0.417504551604203,0.4170286775715529,0.3931812218142771,0.38286598486759954,89413.3945,296.9603319983133,-0.38384834701496445,-0.3047441791350227,71.75789114412702,-5.643157373944574,88.66922076689296,79.9363523390592,3.276878747178014,7.232134234599407,1.1950067267485884,6.826807902369757,0.6312352845534276
2030-02-01,Kasese,10529.614022288868,0.827247341034288,19.0,0.0,1.0,0.1098988295973021,1.0000305189751728,3.999954221537241,0.1699,30.0781,0.200000000000001,30.100000000000016,0.003332849594554195,0.0011660683305915688,-0.0026522711446667064,290.02342135092846,1.0,0.00017302757726264756,295.87921298975897,296.3704279238468,296.29250226958266,296.0927730577832,295.863352939726,0.3988455728089865,0.40150911852664484,0.38814742192607204,0.381580085907618,89413.3945,297.5119839700462,-0.3348015674026535,-0.31718187385290225,55.34763236370605,-5.5608496639449365,74.00452575583085,79.2245799911597,2.544198286170342,6.777762979756446,0.7298594823976918,6.4203283013422565,0.3213100158185122
2030-03-01,Kasese,10529.614022288868,0.827247341034288,19.0,0.0,1.0,0.1098988295973021,1.0000305189751728,3.999954221537241,0.1699,30.0781,0.200000000000001,30.100000000000016,0.0036136224714684723,0.0010981368604652362,-0.0025988736097472508,290.1118500289926,1.0,0.00017149669114500685,296.21435541382834,296.714095440265,296.6422464412654,296.4386813484716,296.006979667227,0.39617760371218075,0.3963953092890142,0.383828652950398,0.3800121258852884,89413.3945,297.7458499061366,-0.31281698947580944,-0.2444236674972695,59.40915574151857,-5.680248071712953,62.907818612259454,77.1280807957594,2.7300413788065057,7.135944786998986,0.7856536008023002,6.278250875808379,0.36378928766833746
2030-04-01,Kasese,10529.614022288868,0.827247341034288,19.0,0.0,1.0,0.1098988295973021,1.0000305189751728,3.999954221537241,0.1699,30.0781,0.200000000000001,30.100000000000016,0.00448651789996838,0.0014649660484299545,-0.002711308627201365,290.4696633835725,1.0,0.0002028337540942168,296.04391610897153,296.58953302614486,296.5624559299857,296.4876638772875,296.1667444334136,0.40894799322252173,0.40622827297081043,0.38707276523342876,0.3801863304984874,89413.3945,297.60043685739873,-0.35379196215586245,-0.1467376221269854,83.67257484569772,-5.873809727374547,66.78604292597285,75.64656764533476,3.863539249034474,8.446051171501987,1.4573473214339259,6.54421690496532,0.812847934742435
2030-05-01,Kasese,10529.614022288868,0.827247341034288,19.0,0.0,1.0,0.1098988295973021,1.0000305189751728,3.999954221537241,0.1699,30.0781,0.200000000000001,30.100000000000016,0.005142744816843567,0.0019037001453495377,-0.0028887414251991352,290.80151002421866,1.0,0.0002336537877125045,295.51553268124115,296.1146329796785,296.14196984302595,296.2435352731631,296.2300227563948,0.42530688835006186,0.4221619497123778,0.3961684018840892,0.38192612564529876,89413.3945,297.2559910950429,-0.3983830090144564,-0.04462897842448188,97.1578277633093,-5.881740278688848,80.55400862698151,75.08591309597351,4.462811106172949,8.909597279463187,2.0629657885416908,6.980494081742552,1.2095446373507162
2030-06-01,Kasese,10529.614022288868,0.827247341034288,19.0,0.0,1.0,0.1098988295973021,1.0000305189751728,3.999954221537241,0.1699,30.0781,0.200000000000001,30.100000000000016,0.0047990041512840555,0.0019392192076489831,-0.0028814754627483068,290.5941683993046,1.0,0.0002282789121830093,295.21296741863625,295.80141129637144,295.832804444666,295.9754467004959,296.1608612433051,0.4249550119300884,0.4259765597108984,0.4019995956792603,0.3836529624563257,89413.3945,297.1068617156884,-0.42135934965104455,0.017538235838481426,87.99488117665776,-5.439664785609344,89.82571653217212,74.20659455551565,4.046837654853434,8.491207681478578,2.013744605141529,7.086809690591571,1.1970047363957315
2030-07-01,Kasese,10529.614022288868,0.827247341034288,19.0,0.0,1.0,0.1098988295973021,1.0000305189751728,3.999954221537241,0.1699,30.0781,0.200000000000001,30.100000000000016,0.0037025491853833626,0.0014612287624578757,-0.002704955493701392,289.9852414414472,1.0,0.00019203916307688814,295.25604925474425,295.80140977524997,295.80421104148496,295.88199007635916,296.0484567196716,0.4085328144681846,0.4139013756894346,0.39931382488682793,0.38367989280371145,89413.3945,297.13886492647094,-0.4356694173138321,0.03283121242038526,64.30831073294311,-5.3284017787054045,83.45690718177481,73.01614472361825,2.994949417738597,7.264878510957627,1.2040944863180152,6.759291928220474,0.7100771668273822
2030-08-01,Kasese,10529.614022288868,0.827247341034288,19.0,0.0,1.0,0.1098988295973021,1.0000305189751728,3.999954221537241,0.1699,30.0781,0.200000000000001,30.100000000000016,0.0030390881326269217,0.0009521981330891143,-0.002551809065759769,289.6233518066069,1.0,0.00016739861947323806,295.44538886662946,295.94644022595946,295.93119680061335,295.9402833659076,295.97641320708755,0.3966224521160129,0.400215196569556,0.39049652157729486,0.3820351769151949,89413.3945,297.1519496992334,-0.44090345480950005,0.026732275263659427,58.647719595871564,-5.36274918693865,70.57041892638436,73.66534981451001,2.736440709891125,7.05176313933476,0.5216401281805952,6.417021648214914,0.252326827182942
2030-09-01,Kasese,10529.614022288868,0.827247341034288,19.0,0.0,1.0,0.1098988295973021,1.0000305189751728,3.999954221537241,0.1699,30.0781,0.200000000000001,30.100000000000016,0.0029583434628791283,0.0007312332427589717,-0.0025397715073211687,289.6640765550189,1.0,0.0001675750272417087,295.58749167654906,296.08452033721125,296.0538973567005,296.0183107604455,295.9581262757172,0.39493750920558207,0.39504747142057206,0.384245007260769,0.3801792409629143,89413.3945,297.1156494766597,-0.44041110637306513,0.010766566801352446,71.08596721586657,-5.730211882698971,65.10649793551624,75.53978719180732,3.295176921059292,7.589445897758988,0.2739189364390892,6.280321796182844,0.09762013927886067
2030-10-01,Kasese,10529.614022288868,0.827247341034288,19.0,0.0,1.0,0.1098988295973021,1.0000305189751728,3.999954221537241,0.1699,30.0781,0.200000000000001,30.100000000000016,0.003658462688634881,0.0009151755056301627,-0.00264068795730783,290.10118682152324,1.0,0.00019142420422780528,295.51985871825696,296.0459712068709,296.0409518633105,296.04898839091584,295.97292816684165,0.40803120932869485,0.4024626627620093,0.3835203801754507,0.3795236072405003,89413.3945,296.93707976352067,-0.42204860788860366,-0.02698401830310058,91.99616800670198,-5.704273075506481,74.23717055744112,76.9645538372788,4.226284738348916,8.492968343661369,0.5791851401280416,6.480296432425361,0.2677510712318845
2030-11-01,Kasese,10529.614022288868,0.827247341034288,19.0,0.0,1.0,0.1098988295973021,1.0000305189751728,3.999954221537241,0.1699,30.0781,0.200000000000001,30.100000000000016,0.004359108268716847,0.0013191700115355257,-0.002764319829615352,290.4121143609937,1.0,0.00021809956508728927,295.2365903764899,295.8099048630838,295.8329699140489,295.91518118148537,295.95890710596717,0.42222980854976716,0.4158924537301345,0.3887781220205108,0.380882305425188,89413.3945,296.7099101873627,-0.42149889465534196,-0.10857778935267144,100.73651671298963,-5.673477984074522,88.28989410758304,77.52840389278941,4.638961182984503,8.677436075348327,1.0908562369809502,6.811055699697462,0.6299590728618449
2030-12-01,Kasese,10529.614022288868,0.827247341034288,19.0,0.0,1.0,0.1098988295973021,1.0000305189751728,3.999954221537241,0.1699,30.0781,0.200000000000001,30.100000000000016,0.004542810745415858,0.0015937915841143303,-0.0028385638273704544,290.50823756725487,1.0,0.00022603104410836607,295.04761432936095,295.62377636693446,295.6456455699444,295.7404880781033,295.8891436492576,0.4276556070773567,0.42338433432051864,0.39394614217307006,0.38301539643474464,89413.3945,296.6441620677226,-0.41650492922336174,-0.22124698460413303,93.22384372630347,-5.756417927844436,95.4765151315475,78.2718134327748,4.285250086304806,8.18910175798768,1.3668793431470039,6.999694204795104,0.7716366714795141
2031-01-01,Kasese,10529.614022288868,0.827247341034288,19.0,0.0,1.0,0.1098988295973021,1.0000305189751728,3.999954221537241,0.1699,30.0781,0.200000000000001,30.100000000000016,0.004048028480375544,0.0015108423146419775,-0.002800131258934354,290.34780969436366,1.0,0.00020612886087117044,295.23798530217476,295.7741578660568,295.7557070709061,295.74243897299306,295.81070852668375,0.4188323928785651,0.4187391256967697,0.39437100127275987,0.3838247549508238,89413.3945,296.92858004729646,-0.3767237326460513,-0.2999773881132542,72.14073515197713,-5.943112923818557,88.76417811381442,79.31039785894758,3.305222747335694,7.214474068487259,1.1838388544415122,6.87071150816,0.6340748716688395
2031-02-01,Kasese,10529.614022288868,0.827247341034288,19.0,0.0,1.0,0.1098988295973021,1.0000305189751728,3.999954221537241,0.1699,30.0781,0.200000000000001,30.100000000000016,0.003315096790433751,0.0011610325749369676,-0.002646643254420135,290.06265896375146,1.0,0.00017313063636128416,295.8718115575778,296.3483439070155,296.2666531931609,296.07137303121254,295.81924626831955,0.39945805724877875,0.40216204404660094,0.38852773438551697,0.3826008834321428,89413.3945,297.48381879455275,-0.33118257433465215,-0.3156761100210958,55.90334586834541,-5.991226504556349,73.85479932973654,78.7351184635503,2.5491121523826785,6.8079079879878215,0.719703709538218,6.430299111984346,0.32964408828811526
2031-03-01,Kasese,10529.614022288868,0.827247341034288,19.0,0.0,1.0,0.1098988295973021,1.0000305189751728,3.999954221537241,0.1699,30.0781,0.200000000000001,30.100000000000016,0.003585018558109269,0.0010975378555122236,-0.002597886709853498,290.11881671817855,1.0,0.00017093717893492687,296.1837168072975,296.6736742431364,296.6035001936862,296.4136027692546,295.96399760153986,0.3970004849653492,0.3975368739744341,0.384822990915515,0.3809577979674166,89413.3945,297.69754421621025,-0.3138958404838202,-0.252090595594705,59.64953848462053,-6.012848876982111,62.729882339408924,77.05998503577933,2.7265360531741183,7.153680316278056,0.78420278661107,6.300528858502875,0.39157649299206704
2031-04-01,Kasese,10529.614022288868,0.827247341034288,19.0,0.0,1.0,0.1098988295973021,1.0000305189751728,3.999954221537241,0.1699,30.0781,0.200000000000001,30.100000000000016,0.004426175017048758,0.0014510882861035197,-0.002707229173845093,290.4135051346302,1.0,0.00020111898579142128,296.03179664123894,296.5752691767989,296.5445730730552,296.47431493123327,296.12653804645964,0.4082542023221629,0.4059564346226945,0.38838490777990176,0.3811204321885045,89413.3945,297.5621449601583,-0.35743883267970006,-0.15184710964915832,82.9723400952365,-6.206415700339025,66.37373357171371,75.62241000115922,3.795628681870735,8.45980320485092,1.4444449589240687,6.5640963386260855,0.8300617861928045
2031-05-01,Kasese,10529.614022288868,0.827247341034288,19.0,0.0,1.0,0.1098988295973021,1.0000305189751728,3.999954221537241,0.1699,30.0781,0.200000000000001,30.100000000000016,0.005070791839421552,0.001860933008718908,-0.0028919950463480036,290.75693395572404,1.0,0.00023239580088849836,295.483768659775,296.0816445460721,296.1036048574599,296.2168910756059,296.1905559285963,0.42567265678648636,0.42291418407276543,0.39749777864568053,0.3827944093865196,89413.3945,297.20938208146896,-0.3982687229792104,-0.043194165720593924,96.30381832690288,-6.21224152930395,79.90227753043139,74.85424274351057,4.411199137314752,8.89110388254393,1.9833638530021709,7.021071365453305,1.1650659893717537
2031-06-01,Kasese,10529.614022288868,0.827247341034288,19.0,0.0,1.0,0.1098988295973021,1.0000305189751728,3.999954221537241,0.1699,30.0781,0.200000000000001,30.100000000000016,0.004804240901914302,0.001918281600220748,-0.002879774111017841,290.6206523943334,1.0,0.00023069108094447748,295.1999080302756,295.77947029811156,295.80874829443707,295.9530112593822,296.12530022616784,0.4257985859433589,0.42640582910943653,0.40237973977017044,0.384538644173674,89413.3945,297.0653574443149,-0.4111388223520553,0.02765978544813354,88.95794107531412,-5.866344077359909,89.73900664380433,73.79643887738699,4.105630617229102,8.4829609028435,1.9889962992026995,7.13466961123932,1.1865807638683665
2031-07-01,Kasese,10529.614022288868,0.827247341034288,19.0,0.0,1.0,0.1098988295973021,1.0000305189751728,3.999954221537241,0.1699,30.0781,0.200000000000001,30.100000000000016,0.0037063701677102824,0.0014519983323238973,-0.002707712344185637,290.03448015548724,1.0,0.00019379354550011287,295.23075908479774,295.76541717454666,295.7699536538274,295.8510890111058,296.010218073421,0.4096221989858753,0.4155278796939322,0.39951211301575534,0.38461746331070024,89413.3945,297.1046033251381,-0.4322762957908118,0.03952223099676638,65.50191153016219,-5.5752412943747105,83.765234805405,72.734054674435,3.0648204985571965,7.276808590875068,1.185372938267351,6.802487455577281,0.7155263385252798
2031-08-01,Kasese,10529.614022288868,0.827247341034288,19.0,0.0,1.0,0.1098988295973021,1.0000305189751728,3.999954221537241,0.1699,30.0781,0.200000000000001,30.100000000000016,0.0030779730828566806,0.0009722309822877624,-0.002555150704598642,289.656153923844,1.0,0.0001688363701053274,295.40500203167994,295.9018870454924,295.8960712666679,295.9082013905151,295.93946534034063,0.3981008654064199,0.4023231101954783,0.39134269348172745,0.38313930278658564,89413.3945,297.1081084597497,-0.43830793374137406,0.027030844834570616,58.64566888099649,-5.869856138962741,70.96539144490212,73.38031136142143,2.7373043253239344,7.071002336658854,0.5798351384611725,6.467484840602691,0.3039488798988978
2031-09-01,Kasese,10529.614022288868,0.827247341034288,19.0,0.0,1.0,0.1098988295973021,1.0000305189751728,3.999954221537241,0.1699,30.0781,0.200000000000001,30.100000000000016,0.0028644544829576958,0.0006898087484932817,-0.002539974390203358,289.6364742653095,1.0,0.00016433101329028717,295.55230940607635,296.05838946886917,296.0388353806717,295.99285909264194,295.9204093958828,0.3946290441808979,0.3958411248612755,0.3853949235094265,0.38111928671209655,89413.3945,297.0949242590664,-0.44956468614010386,0.0031212099090929327,70.29994728105703,-6.041297374754933,64.84889151192068,75.36432603310026,3.2233751972073947,7.627305239911169,0.23032514894008935,6.301645128237724,0.07486049131504381
2031-10-01,Kasese,10529.614022288868,0.827247341034288,19.0,0.0,1.0,0.1098988295973021,1.0000305189751728,3.999954221537241,0.1699,30.0781,0.200000000000001,30.100000000000016,0.003614030255526426,0.0008747112598531224,-0.0026407682274340247,290.0848984176509,1.0,0.00019116877796963137,295.46183856428866,296.0014529207783,296.0083271135332,296.02359771080614,295.94152639420207,0.4084670344928854,0.40309976392165653,0.3848368359533003,0.3803731335498936,89413.3945,296.87806750051107,-0.4226953090918122,-0.030971518153404237,91.27242036363714,-6.1387053687183935,73.49600184770539,76.75505936420141,4.175088322849109,8.496703705629779,0.5606111989243466,6.516911774075834,0.24151124960156198
2031-11-01,Kasese,10529.614022288868,0.827247341034288,19.0,0.0,1.0,0.1098988295973021,1.0000305189751728,3.999954221537241,0.1699,30.0781,0.200000000000001,30.100000000000016,0.00431017428818046,0.0012895946533059593,-0.002758086765626193,290.3958770270703,1.0,0.00021791902037062878,295.1968765080419,295.7772602756022,295.8002872288442,295.88744425531803,295.9297739478442,0.4220153284728068,0.41604051994696584,0.38983028573949596,0.3817685393105548,89413.3945,296.65975475745046,-0.4199083013650131,-0.10836685616179088,101.47621565001322,-5.91945082152123,87.6645658966216,77.46108395204938,4.658702063389839,8.663270428654526,1.0606499772239084,6.845188652252183,0.6065463402998678
2031-12-01,Kasese,10529.614022288868,0.827247341034288,19.0,0.0,1.0,0.1098988295973021,1.0000305189751728,3.999954221537241,0.1699,30.0781,0.200000000000001,30.100000000000016,0.004561279188324434,0.001596145436372257,-0.002835635695592134,290.5066726836044,1.0,0.00022768780941136691,295.0000681155273,295.5814058165392,295.6001032997983,295.7117163048861,295.8590173135617,0.4290489369719306,0.4246980600722195,0.3951216936464907,0.38406020758700926,89413.3945,296.59107307904094,-0.4085910227004217,-0.21166624491107386,92.7167630962536,-6.159083729965758,95.0043978970587,77.89073784657387,4.271893699879069,8.17399560579103,1.3697262740653058,7.042733260073532,0.7589414900554129
2032-01-01,Kasese,10529.614022288868,0.827247341034288,19.0,0.0,1.0,0.1098988295973021,1.0000305189751728,3.999954221537241,0.1699,30.0781,0.200000000000001,30.100000000000016,0.004039226432340123,0.0015182456361997384,-0.0028019142407796397,290.3733211551113,1.0,0.0002065960237361161,295.1981444374037,295.7417582570495,295.714925158565,295.7093135164152,295.7759496726769,0.42048867428428877,0.4202996979249886,0.3953852200190471,0.3849478030740488,89413.3945,296.89207666652237,-0.36907941257766824,-0.29228552908958993,72.31410947903431,-6.13950268354816,88.83306517461999,78.87013589443968,3.314436465046898,7.217967785396252,1.1582171674905122,6.913681728749921,0.6137700202169404
2032-02-01,Kasese,10529.614022288868,0.827247341034288,19.0,0.0,1.0,0.1098988295973021,1.0000305189751728,3.999954221537241,0.1699,30.0781,0.200000000000001,30.100000000000016,0.0033120003245746756,0.0011520678456827238,-0.0026442638606292064,290.0908993423084,1.0,0.00017309298800167406,295.83976647461196,296.3372191776975,296.25188883640857,296.050366176838,295.78567696280555,0.40005643130440366,0.4027241790524996,0.38922150994031135,0.38383994923359444,89413.3945,297.45774292524857,-0.32844752514494724,-0.31253936875419264,55.80150505012811,-6.110583030412155,74.00219396418433,78.34860597904428,2.5593954358340993,6.871261392923135,0.6861334474613942,6.45240065671683,0.3068257688108044
2032-03-01,Kasese,10529.614022288868,0.827247341034288,19.0,0.0,1.0,0.1098988295973021,1.0000305189751728,3.999954221537241,0.1699,30.0781,0.200000000000001,30.100000000000016,0.0034539761638757173,0.000999113413499798,-0.002573973307989436,290.1640110722772,1.0,0.00016801945484106414,296.24639841728066,296.75139689247834,296.6665477308349,296.4354115281938,295.92699057571804,0.39407672749357264,0.39325314832896047,0.383470391979182,0.3822103885786796,89413.3945,297.74468103011986,-0.31238841622135943,-0.24622464072493588,61.56025841117961,-5.885665594397857,63.39396091508083,76.55226423024618,2.8379717085119505,7.299264811145769,0.5676033557578903,6.276402817797501,0.25276398371713915
2032-04-01,Kasese,10529.614022288868,0.827247341034288,19.0,0.0,1.0,0.1098988295973021,1.0000305189751728,3.999954221537241,0.1699,30.0781,0.200000000000001,30.100000000000016,0.004436592716572328,0.0013983447128005863,-0.002690230141749926,290.5337334910508,1.0,0.00020496043836322917,296.0281608630135,296.591359486262,296.56414255671365,296.4783758491528,296.0975062522394,0.40788205846772296,0.40439995352381586,0.3858735188875435,0.38235937732725533,89413.3945,297.5497599569941,-0.3546240347116645,-0.13778457178372988,85.76057378906957,-5.928325395571143,67.73101166390691,75.31587899963097,3.9616474270249005,8.601058465311688,1.2644353003195583,6.53786404955153,0.7542694500226217
2032-05-01,Kasese,10529.614022288868,0.827247341034288,19.0,0.0,1.0,0.1098988295973021,1.0000305189751728,3.999954221537241,0.1699,30.0781,0.200000000000001,30.100000000000016,0.005217435167844773,0.001946416325320642,-0.002885674276820618,290.86943025005934,1.0,0.00023608189065956438,295.47825587920073,296.07408443823016,296.0998195437349,296.19244354045935,296.1581019012863,0.4263191322176607,0.42349928915403073,0.3972838767187019,0.3842017548282091,89413.3945,297.18171665156507,-0.3918124225651805,-0.04318363274689296,98.39052437091367,-5.933589661166454,81.52429745320066,74.4724834675331,4.546335777982208,9.003615667157142,2.117245535268795,7.034106312632609,1.2858100361699993
2032-06-01,Kasese,10529.614022288868,0.827247341034288,19.0,0.0,1.0,0.1098988295973021,1.0000305189751728,3.999954221537241,0.1699,30.0781,0.200000000000001,30.100000000000016,0.00469580376720338,0.0019087959360202193,-0.002890830664868983,290.5408683621651,1.0,0.00022510126404428287,295.14030742827526,295.7162832647034,295.76164533475065,295.9013015504887,296.09134768356483,0.42512425498529116,0.42873646236677093,0.40498608323797086,0.3858486754529739,89413.3945,297.0324363548321,-0.4360491534648469,0.004926366592958771,85.99258101945009,-6.453564103378132,90.15262061760068,73.77887338167862,3.9672226306056224,8.527275964665348,1.9772445929297884,7.131080305791884,1.2061727187514704
2032-07-01,Kasese,10529.614022288868,0.827247341034288,19.0,0.0,1.0,0.1098988295973021,1.0000305189751728,3.999954221537241,0.1699,30.0781,0.200000000000001,30.100000000000016,0.003610158344396414,0.001419255504861637,-0.002702605310704683,289.9047973272854,1.0,0.0001896730416588074,295.19851109718417,295.7222275036095,295.74264415809927,295.816532721166,295.97802644019333,0.40838797385449593,0.4150394281385345,0.40283736539542064,0.3855501794392322,89413.3945,297.06219081467316,-0.43972720510686064,0.020850406989916404,61.816600550549616,-6.4179831451636105,82.76945842901246,72.41650697609533,2.881949169521247,7.281176595163587,1.2295159134459162,6.8306461866947545,0.6831879639979425
2032-08-01,Kasese,10529.614022288868,0.827247341034288,19.0,0.0,1.0,0.1098988295973021,1.0000305189751728,3.999954221537241,0.1699,30.0781,0.200000000000001,30.100000000000016,0.0028773340652597616,0.0008463309063700559,-0.002539863547005724,289.5638730301866,1.0,0.000165898905778177,295.3748496120033,295.8790709041542,295.88002769083886,295.8811371373733,295.9045514771608,0.3964623000260803,0.4003663329098391,0.3932949781958534,0.3836260548864792,89413.3945,297.0743655358553,-0.4429659435134375,0.028770264066448458,58.36049847277761,-6.201604253550357,69.67548922082382,73.20511062946088,2.7110975317456316,7.0171667579643815,0.36500845033371987,6.4820370663637865,0.12533852034973186
2032-09-01,Kasese,10529.614022288868,0.827247341034288,19.0,0.0,1.0,0.1098988295973021,1.0000305189751728,3.999954221537241,0.1699,30.0781,0.200000000000001,30.100000000000016,0.003056417261624911,0.000746681631360872,-0.002532678267563598,289.7262471343435,1.0,0.0001745217783947596,295.4809141706631,295.9954191060462,295.9830201378683,295.95628715897163,295.8879321301944,0.39855485217122616,0.39717831628928874,0.3864917304840397,0.3818852826578884,89413.3945,296.97198749438456,-0.4167778150897166,0.024276575047371626,72.58334071432273,-6.023455582695369,64.91874600405282,75.00347603993153,3.3816266705309164,7.5045591989918,0.3146939302224538,6.386769825054137,0.09578301891246982
2032-10-01,Kasese,10529.614022288868,0.827247341034288,19.0,0.0,1.0,0.1098988295973021,1.0000305189751728,3.999954221537241,0.1699,30.0781,0.200000000000001,30.100000000000016,0.0036489234455440536,0.0009313314115264763,-0.0026391040106623315,290.14607040952177,1.0,0.00019321062305095317,295.4633054370283,295.9969939355671,296.00087811334396,295.9901665122293,295.898247274303,0.4102914342703948,0.40508028733409196,0.3858487681950586,0.381629228185409,89413.3945,296.8676436940143,-0.41285448007742115,-0.01560902901293026,93.16507109060097,-6.135616320443336,74.94279553043499,76.29987738895643,4.294972892328178,8.44906976560984,0.5500050161833482,6.558764802417278,0.2818300785623031
2032-11-01,Kasese,10529.614022288868,0.827247341034288,19.0,0.0,1.0,0.1098988295973021,1.0000305189751728,3.999954221537241,0.1699,30.0781,0.200000000000001,30.100000000000016,0.0043725809524576,0.001340623049233914,-0.0027695847359338454,290.46379483184666,1.0,0.0002188649316781346,295.1690813829303,295.7328142312145,295.7680723794342,295.85143106024736,295.89064278417374,0.4250047058306339,0.41936445913501624,0.3907207553870075,0.38330139276548164,89413.3945,296.63186187267615,-0.411795345704626,-0.10583698125670109,99.05082663999671,-6.516951208773495,88.49910566744929,76.44282569300827,4.57464366247542,8.72320960913514,1.106976312714411,6.876075672094163,0.6348842726644168
2032-12-01,Kasese,10529.614022288868,0.827247341034288,19.0,0.0,1.0,0.1098988295973021,1.0000305189751728,3.999954221537241,0.1699,30.0781,0.200000000000001,30.100000000000016,0.0044376742986332205,0.001560615142778882,-0.0028332304896647215,290.52245723939745,1.0,0.00022289042345328166,295.0111875323996,295.57274312832817,295.59885858784975,295.69030305880824,295.8241488060243,0.4278814178324452,0.42484475593718,0.39591764622442716,0.38516272410807423,89413.3945,296.5896490288058,-0.42047308486729146,-0.2353114715453413,92.69550252232484,-6.244836964539381,95.44773351097687,77.81100479851632,4.278836689067854,8.303215961910466,1.3136890546562272,7.041575278489796,0.7465052947072642
2033-01-01,Kasese,10529.614022288868,0.827247341034288,19.0,0.0,1.0,0.1098988295973021,1.0000305189751728,3.999954221537241,0.1699,30.0781,0.200000000000001,30.100000000000016,0.003988177319603446,0.001467431735145574,-0.0027918858430685763,290.29468771540945,1.0,0.00020556037453509272,295.1788479081126,295.7125524796581,295.6992668601733,295.6979391088289,295.75389104243123,0.41882921344345636,0.41925338389772193,0.3972012585228002,0.38556491309841806,89413.3945,296.83384072325157,-0.38219205135864676,-0.310207626540511,70.75895859889197,-6.334786922439416,88.08517588922643,79.24374166318464,3.2411185631592083,7.256040571269026,1.154658328355916,6.911257133959115,0.5989171688161825
2033-02-01,Kasese,10529.614022288868,0.827247341034288,19.0,0.0,1.0,0.1098988295973021,1.0000305189751728,3.999954221537241,0.1699,30.0781,0.200000000000001,30.100000000000016,0.003248329552972965,0.0011327372945246898,-0.0026463478026577097,289.9927006771417,1.0,0.00017314076378587408,295.7771286081334,296.2633348438534,296.18640215775827,295.99906674177663,295.7635176243529,0.4007439899082801,0.4045674226239,0.3926613847332594,0.38417709228944125,89413.3945,297.373123726086,-0.3323307132051589,-0.31754855510632085,54.97454214487143,-6.345884183523222,73.40372392806773,78.61871117290468,2.522527814677629,6.731773877352187,0.6846781707560718,6.529593291257328,0.2982937522093804
2033-03-01,Kasese,10529.614022288868,0.827247341034288,19.0,0.0,1.0,0.1098988295973021,1.0000305189751728,3.999954221537241,0.1699,30.0781,0.200000000000001,30.100000000000016,0.0035416913673105063,0.0010731818446061282,-0.0025899301166763555,290.09361500179307,1.0,0.00017216702124225295,296.126864707532,296.6242567792355,296.5524853675807,296.35433892831253,295.90448384652683,0.39821788234847055,0.39902318027620565,0.3875880084250298,0.38272445453665993,89413.3945,297.6312212030764,-0.305252040710497,-0.23526220226599792,59.001690049955265,-6.4962714704501145,62.4614224931886,76.14988976703857,2.698628266253765,7.09448665562616,0.7167307456761706,6.386884075930632,0.32699029517127787
2033-04-01,Kasese,10529.614022288868,0.827247341034288,19.0,0.0,1.0,0.1098988295973021,1.0000305189751728,3.999954221537241,0.1699,30.0781,0.200000000000001,30.100000000000016,0.00444311429283354,0.0014593816688358954,-0.0027116979196483543,290.50472814002234,1.0,0.0002045466030116354,295.9272395541968,296.48726083247055,296.45517594693024,296.3929988695668,296.06478984350406,0.41162325867367294,0.40983075468409513,0.39000026099080826,0.38322438993743185,89413.3945,297.4692098217709,-0.3434379107888055,-0.1390779478522711,83.9743775297086,-6.402172337414989,66.72062452894987,74.68380468659622,3.8807211057087776,8.435602725120058,1.3804390237434472,6.658862877269918,0.7872895127778129
2033-05-01,Kasese,10529.614022288868,0.827247341034288,19.0,0.0,1.0,0.1098988295973021,1.0000305189751728,3.999954221537241,0.1699,30.0781,0.200000000000001,30.100000000000016,0.005143627389291939,0.0019104709595190409,-0.002885735531754058,290.8309287644782,1.0,0.00023551657323297708,295.4248482397467,296.0323269988746,296.0506282727202,296.15883711515335,296.1267664539564,0.42717096549697264,0.42477577741926326,0.39928534187963177,0.385092998003082,89413.3945,297.1479333953076,-0.3891681188444472,-0.04295256774490135,97.39337373875672,-6.399524091790171,80.73759661682881,74.24425309625848,4.493318264317868,8.93636698472048,2.059074513811403,7.073824184305949,1.2256117385109773
2033-06-01,Kasese,10529.614022288868,0.827247341034288,19.0,0.0,1.0,0.1098988295973021,1.0000305189751728,3.999954221537241,0.1699,30.0781,0.200000000000001,30.100000000000016,0.004719590762350561,0.0018988672418868773,-0.002885938663599456,290.5685597147537,1.0,0.00022741771195584795,295.10346140899645,295.6977770054386,295.7246796273578,295.8781316459813,296.05976584630145,0.42619800617454673,0.4290052977121035,0.4061660008927472,0.38669854422639954,89413.3945,296.99613520590475,-0.42401423283431977,0.013854736350156093,86.66081178116083,-6.324137618570686,89.59633888477225,73.49620175894283,4.005840739866294,8.504694101394186,1.9523274609370054,7.179187613829985,1.1803241054205524
2033-07-01,Kasese,10529.614022288868,0.827247341034288,19.0,0.0,1.0,0.1098988295973021,1.0000305189751728,3.999954221537241,0.1699,30.0781,0.200000000000001,30.100000000000016,0.0036417706514196486,0.0014108350300646216,-0.002699136429226984,289.9534430806758,1.0,0.00019177808925750135,295.15396984995124,295.6955595503524,295.69680705661057,295.78640426582524,295.94417675586993,0.409835968969481,0.4162483781164615,0.4038401772740343,0.3865120801711868,89413.3945,297.0260808651431,-0.434530503565661,0.029843031282980548,62.87962342165497,-6.214704055203153,82.7571157266701,72.2345532203617,2.9335272709261395,7.278525966277061,1.185815586300496,6.861003760311469,0.6815659540552659
2033-08-01,Kasese,10529.614022288868,0.827247341034288,19.0,0.0,1.0,0.1098988295973021,1.0000305189751728,3.999954221537241,0.1699,30.0781,0.200000000000001,30.100000000000016,0.0029487710080671943,0.0008769015388727718,-0.0025421249278046384,289.6040927461126,1.0,0.00016746564306640332,295.3423294219515,295.84605200888046,295.8313466257748,295.8513603091673,295.8679990449462,0.3980482047845426,0.40210045053999927,0.39460925082139336,0.3848174600267884,89413.3945,297.0318107615733,-0.4403036320045124,0.029941301679196137,58.1793991267748,-6.090891235391484,69.79959299034714,72.93957105277617,2.7076260073582876,7.049366384735426,0.4076159388867331,6.513489601424179,0.1743017201484888
2033-09-01,Kasese,10529.614022288868,0.827247341034288,19.0,0.0,1.0,0.1098988295973021,1.0000305189751728,3.999954221537241,0.1699,30.0781,0.200000000000001,30.100000000000016,0.002994863415479185,0.0007204781818961324,-0.0025321666880953153,289.69719711280686,1.0,0.0001718007688950138,295.46809614606076,295.97258036870267,295.95403500298374,295.9236813812319,295.849204304707,0.39798685547672524,0.3980052773722143,0.38810854798383027,0.3830411567327265,89413.3945,296.96871804096077,-0.4266167911649937,0.018406355388817804,71.35325888707212,-6.295561867038869,64.63791797817193,74.73010465064623,3.3200530736966343,7.555118297991656,0.2651247515846713,6.389352202367514,0.07757539360692979
2033-10-01,Kasese,10529.614022288868,0.827247341034288,19.0,0.0,1.0,0.1098988295973021,1.0000305189751728,3.999954221537241,0.1699,30.0781,0.200000000000001,30.100000000000016,0.003634856818775479,0.0009046851851655134,-0.002636671526109547,290.1218504929494,1.0,0.00019306959882512396,295.4214181016618,295.96009525063533,295.9607563321155,295.9590659446335,295.8668050040987,0.4101029774495248,0.4053288466129871,0.3873320901278325,0.38268452376450784,89413.3945,296.8309729340979,-0.41380965868509634,-0.01974362135243082,92.16151065335994,-6.343067645575363,74.29355646443457,75.98935114561007,4.251939062520417,8.486230401081627,0.5319013938878862,6.574418970407433,0.2540220201006314
2033-11-01,Kasese,10529.614022288868,0.827247341034288,19.0,0.0,1.0,0.1098988295973021,1.0000305189751728,3.999954221537241,0.1699,30.0781,0.200000000000001,30.100000000000016,0.004342946057212975,0.0013125132333657392,-0.0027619203330612034,290.4374588446554,1.0,0.00021910963518322404,295.1309001777151,295.71064136407864,295.7385566557319,295.8238105657579,295.8598311615301,0.42443763657185846,0.41900388292280194,0.3921442028195769,0.38422755904811523,89413.3945,296.59696233546833,-0.4117226352787868,-0.10527669025444601,99.79799651017824,-6.524545196967625,88.11681141767043,76.40844476830624,4.605135441205377,8.700664880396316,1.0711288326153365,6.902235371552369,0.6122757306566596
2033-12-01,Kasese,10529.614022288868,0.827247341034288,19.0,0.0,1.0,0.1098988295973021,1.0000305189751728,3.999954221537241,0.1699,30.0781,0.200000000000001,30.100000000000016,0.0044712682874854665,0.0015607254879218685,-0.002832384653521042,290.5149753586083,1.0,0.00022521111500377293,294.95576720190144,295.53512730250844,295.55865604522523,295.6577451487949,295.79188255590987,0.428914471331929,0.4252788224400474,0.3972829816512517,0.3862395668727827,89413.3945,296.540490930578,-0.41264222976639475,-0.2251263383649463,93.08451486066515,-6.401064116762058,95.47049107732755,77.46792655837255,4.287666128574386,8.24245222119447,1.3048425739938903,7.079834021669878,0.7406764268822058
2034-01-01,Kasese,10529.614022288868,0.827247341034288,19.0,0.0,1.0,0.1098988295973021,1.0000305189751728,3.999954221537241,0.1699,30.0781,0.200000000000001,30.100000000000016,0.004000937830110229,0.0014724729099785938,-0.00279368664303695,290.32328214773617,1.0,0.00020646532405280485,295.1383964969204,295.6780432421305,295.65697766681006,295.65836814051653,295.71408555904344,0.41973346981936804,0.4203533372152732,0.3981838074733192,0.3867248967897969,89413.3945,296.7999263646141,-0.3748990693894692,-0.3015654367865117,71.55401550190862,-6.599060656983628,88.4651961100799,78.72109532975865,3.280483077111628,7.212178772396683,1.1243072243347518,6.95777113571637,0.5862813724713739
2034-02-01,Kasese,10529.614022288868,0.827247341034288,19.0,0.0,1.0,0.1098988295973021,1.0000305189751728,3.999954221537241,0.1699,30.0781,0.200000000000001,30.100000000000016,0.0032719290260915016,0.0011211964305882147,-0.0026461590163533726,290.0360828310297,1.0,0.0001739036667735646,295.7500830138799,296.2364609968341,296.1588714152863,295.96628423897545,295.7226759108,0.4008753265726412,0.404788767659274,0.3931672243025332,0.38554351916275803,89413.3945,297.35092234584016,-0.3262243921047894,-0.31264008312741765,55.29282118914904,-6.544909257694663,73.69527972477262,78.07020104417165,2.5596018019526814,6.755338063258589,0.6482793160897403,6.546879868675318,0.28104436476496014
2034-03-01,Kasese,10529.614022288868,0.827247341034288,19.0,0.0,1.0,0.1098988295973021,1.0000305189751728,3.999954221537241,0.1699,30.0781,0.200000000000001,30.100000000000016,0.003544652061863114,0.0010593785622123677,-0.002591173695397742,290.11972698532264,1.0,0.0001718733065538656,296.0802327941197,296.5807112752021,296.51387833420773,296.3152619329231,295.86447282012404,0.3983080269756914,0.3999301551461519,0.3887810834629561,0.38394219307049643,89413.3945,297.58729795971465,-0.3044842108078001,-0.24125765988433265,59.08527766857933,-6.617587918659837,62.12930887889933,75.9454080809726,2.7289647322609256,7.140294018650515,0.7026637932964851,6.416763704846606,0.3272294305997092
2034-04-01,Kasese,10529.614022288868,0.827247341034288,19.0,0.0,1.0,0.1098988295973021,1.0000305189751728,3.999954221537241,0.1699,30.0781,0.200000000000001,30.100000000000016,0.00439533036704283,0.001428992434541375,-0.0027058460961802756,290.46954061917,1.0,0.0002029956524298907,295.9038595875192,296.45544448881265,296.44091204442753,296.36493894809615,296.0291123617683,0.41117695583659436,0.40959745721593627,0.39188128130821415,0.3842850045984018,89413.3945,297.442675489402,-0.3451598084484598,-0.14346285819896773,83.10425322291557,-6.547582699811379,66.11702105341637,74.49937811817087,3.8504943151958435,8.451589172169502,1.377476949578596,6.677589008297282,0.7835045758765679
2034-05-01,Kasese,10529.614022288868,0.827247341034288,19.0,0.0,1.0,0.1098988295973021,1.0000305189751728,3.999954221537241,0.1699,30.0781,0.200000000000001,30.100000000000016,0.005056639342930855,0.0018634907176704179,-0.0028846095195356474,290.79920055007557,1.0,0.00023435294067325943,295.38328908687896,295.9809721055536,296.0175913001919,296.1220349262964,296.0934974693403,0.42796777591093726,0.4254927301268226,0.40098284168806125,0.38597744202999795,89413.3945,297.1033083414079,-0.38981147480582085,-0.04223821966467182,96.38888809186368,-6.579708926721785,79.95618673675204,73.94642431447807,4.441810640824875,8.92383710397169,1.9944457334385752,7.113591797723256,1.1713984705777074
2034-06-01,Kasese,10529.614022288868,0.827247341034288,19.0,0.0,1.0,0.1098988295973021,1.0000305189751728,3.999954221537241,0.1699,30.0781,0.200000000000001,30.100000000000016,0.004710600547296176,0.0018868442249746992,-0.002877407144779111,290.5991666346885,1.0,0.00022984286512193209,295.0813677848297,295.6668346325351,295.7065671604331,295.8476202723701,296.02713926213937,0.4274670605567119,0.429262866933843,0.4068190040020581,0.387722218621154,89413.3945,296.9559813892848,-0.41288259525329835,0.021963131531071035,87.33241744061245,-6.564493166919001,89.57883692708839,73.04210024625854,4.041717451339179,8.497062280027375,1.9487080862141852,7.213638269547075,1.159368557845926
2034-07-01,Kasese,10529.614022288868,0.827247341034288,19.0,0.0,1.0,0.1098988295973021,1.0000305189751728,3.999954221537241,0.1699,30.0781,0.200000000000001,30.100000000000016,0.0036439634555094007,0.0014145919621236273,-0.0026976040464691043,289.9993386842004,1.0,0.0001938496705432913,295.1324722339348,295.667157114305,295.6785794889052,295.75102509950824,295.9116265492977,0.41113036014462745,0.41751083805317535,0.4041764415453981,0.38758553773924903,89413.3945,296.98971571755175,-0.4279949483788577,0.03616806488687975,63.66420690044496,-6.472646386420892,83.16862956629608,71.9685207924878,2.9878263546259762,7.27939034703198,1.1487010798362414,6.890951171831833,0.6810418404861979
2034-08-01,Kasese,10529.614022288868,0.827247341034288,19.0,0.0,1.0,0.1098988295973021,1.0000305189751728,3.999954221537241,0.1699,30.0781,0.200000000000001,30.100000000000016,0.002993947930764823,0.0009070777190947234,-0.0025443128878721577,289.638484297812,1.0,0.00016912397630307463,295.3123051527798,295.81342920939267,295.80749854487726,295.80951318682645,295.8381217825168,0.39921889447088005,0.40387442851368344,0.3954959643812588,0.38579479590825844,89413.3945,296.99952727238866,-0.4341184106543947,0.030426605994898215,58.0941599095818,-6.634005364215237,70.2609811859085,72.59098508633616,2.71540343604152,7.056146177776039,0.46061779920304424,6.547240304436142,0.2248604918224079
2034-09-01,Kasese,10529.614022288868,0.827247341034288,19.0,0.0,1.0,0.1098988295973021,1.0000305189751728,3.999954221537241,0.1699,30.0781,0.200000000000001,30.100000000000016,0.0029096355203583127,0.0006867553089859481,-0.0025338061314834847,289.6773978971014,1.0,0.00016838587167025673,295.4506557024485,295.95381182572993,295.92917913505454,295.8939296907115,295.8191403357274,0.39763364847058386,0.3986156415859862,0.3892542139189632,0.3839158137714085,89413.3945,296.95912163091504,-0.4338269714642764,0.012805127921609117,70.48177995353485,-6.573570484889248,64.65026609065667,74.45623790821094,3.2649198372881254,7.592271400701605,0.21231125264350906,6.4073723460633305,0.06545450496288092
2034-10-01,Kasese,10529.614022288868,0.827247341034288,19.0,0.0,1.0,0.1098988295973021,1.0000305189751728,3.999954221537241,0.1699,30.0781,0.200000000000001,30.100000000000016,0.0035941188654461487,0.0008647342799940168,-0.0026372380270042566,290.1158377675363,1.0,0.0001921992146983309,295.3764169001842,295.9136586857957,295.91001919125273,295.9282606187788,295.8369828428234,0.41054371708499243,0.40595790844728824,0.38848039613637164,0.38340767312082386,89413.3945,296.7825836692485,-0.4148249715029031,-0.022971741790532862,91.55138509916212,-6.746874712625193,73.85062888165663,75.68567539997167,4.201628388023224,8.503765116081079,0.5072150166609616,6.611839403354355,0.23615006092860172
2034-11-01,Kasese,10529.614022288868,0.827247341034288,19.0,0.0,1.0,0.1098988295973021,1.0000305189751728,3.999954221537241,0.1699,30.0781,0.200000000000001,30.100000000000016,0.004284168385106733,0.0012773150749627474,-0.002759201663611927,290.4188420334584,1.0,0.00021895565753730643,295.1017773971112,295.6773178692521,295.69561370974753,295.79704176777994,295.82513018118493,0.4243982793615888,0.41938014083549735,0.3935711952547179,0.38491488269380575,89413.3945,296.5563182060935,-0.4122661974729432,-0.1034450721892528,100.41126494318837,-6.722920547568216,87.8469467349429,76.21946911500227,4.619591998876328,8.677451168694201,1.022136608502552,6.9450935405740895,0.5990288606631613
2034-12-01,Kasese,10529.614022288868,0.827247341034288,19.0,0.0,1.0,0.1098988295973021,1.0000305189751728,3.999954221537241,0.1699,30.0781,0.200000000000001,30.100000000000016,0.00447131495474839,0.0015552178410624855,-0.0028348721189864396,290.5130839446879,1.0,0.0002274674287440616,294.91640765864963,295.4894608904453,295.5106103094741,295.6283595155002,295.7555694619619,0.4299909585018424,0.4268471498640214,0.39873550579084344,0.3871018740287182,89413.3945,296.4878370902739,-0.4075096247872278,-0.2155187620994302,92.56228774867037,-6.8791892461845725,95.08198868564534,77.0839198857123,4.264131373004036,8.17495572955285,1.289746721708293,7.137077544395102,0.7359826021068057
2035-01-01,Kasese,10529.614022288868,0.827247341034288,19.0,0.0,1.0,0.1098988295973021,1.0000305189751728,3.999954221537241,0.1699,30.0781,0.200000000000001,30.100000000000016,0.003977736700439751,0.001475456986659694,-0.0028001103776738047,290.35410627212065,1.0,0.0002077292310439471,295.1069313124212,295.64328386670513,295.6234513345897,295.63161906074134,295.67344992580865,0.42115448503912994,0.4220441427263674,0.39917016502688857,0.38791456128772367,89413.3945,296.76793444565465,-0.3683184955000047,-0.2943830421361866,71.39756179088562,-6.936329049605631,88.36133130003334,78.16490847490293,3.2784038526023838,7.196091631865085,1.1034384509359507,7.005287298501646,0.5829405819913157
2035-02-01,Kasese,10529.614022288868,0.827247341034288,19.0,0.0,1.0,0.1098988295973021,1.0000305189751728,3.999954221537241,0.1699,30.0781,0.200000000000001,30.100000000000016,0.0032585661763153387,0.0011185025773628075,-0.002646308230568861,290.07376963968954,1.0,0.00017420077365574389,295.73428203782123,296.22257875311016,296.14457728613576,295.9585887851976,295.68263305235706,0.4017249919322647,0.40547333703956934,0.3933672856579964,0.38668917892719695,89413.3945,297.3220566242842,-0.3236898405094964,-0.31013381724254946,54.896125430386526,-6.6768768902792,73.43929791501525,77.63858907399369,2.5411964368337183,6.798626642505465,0.647000765026569,6.566528459492477,0.2773125029308556
2035-03-01,Kasese,10529.614022288868,0.827247341034288,19.0,0.0,1.0,0.1098988295973021,1.0000305189751728,3.999954221537241,0.1699,30.0781,0.200000000000001,30.100000000000016,0.003524220909170442,0.001056534617284048,-0.002595032842176765,290.1329298617234,1.0,0.00017174460729220224,296.04216908705365,296.55085287356616,296.480691400764,296.28978363951563,295.8248734990866,0.39913759729312254,0.4009057468874351,0.389633492358372,0.3848517535670875,89413.3945,297.5376715804678,-0.3050749049581916,-0.24638480866666335,58.80368643502563,-6.647005778232916,62.24806346810018,75.78421146048034,2.7335270839538075,7.142861178624623,0.7229606465718904,6.434001871822891,0.33738490030043927
2035-04-01,Kasese,10529.614022288868,0.827247341034288,19.0,0.0,1.0,0.1098988295973021,1.0000305189751728,3.999954221537241,0.1699,30.0781,0.200000000000001,30.100000000000016,0.004370640320460508,0.0014128548097135107,-0.0027002943350600225,290.4203170468953,1.0,0.00020175341203876136,295.89004854301766,296.4428884282511,296.4147211444829,296.3455732355989,295.9912193801097,0.4105960064056234,0.4094198323383364,0.39314599288037866,0.3849936320000438,89413.3945,297.4044703396532,-0.34806128762943817,-0.14838649115783084,81.94940782056939,-6.547176969509462,65.93885849428818,74.37339964942144,3.8052102701276076,8.434508829158212,1.4044407865000037,6.686986089415446,0.7793578180901783
2035-05-01,Kasese,10529.614022288868,0.827247341034288,19.0,0.0,1.0,0.1098988295973021,1.0000305189751728,3.999954221537241,0.1699,30.0781,0.200000000000001,30.100000000000016,0.005005580532432933,0.0018280923282122383,-0.002883861400853454,290.76432514013516,1.0,0.00023325720988650721,295.3433315697169,295.94302805744246,295.96666623967553,296.0844635808728,296.0540169459708,0.42840274202654216,0.426164108036088,0.40237987359991195,0.38671027543760705,89413.3945,297.0498975824566,-0.3878328511767466,-0.03994302457757445,95.50420102212786,-6.713606843985484,79.62663820883569,73.56523555795224,4.39933887551843,8.868920173968405,1.9332922650213582,7.144688597948388,1.1200553274998388
2035-06-01,Kasese,10529.614022288868,0.827247341034288,19.0,0.0,1.0,0.1098988295973021,1.0000305189751728,3.999954221537241,0.1699,30.0781,0.200000000000001,30.100000000000016,0.0047427584067452075,0.0018865824399964095,-0.0028720676806087675,290.6236169105203,1.0,0.00023166435951540697,295.0606573530603,295.6421951784532,295.6724453633996,295.8228296488444,295.98778194645723,0.428563648221127,0.4296514478651475,0.4072952892856318,0.3885910758099875,89413.3945,296.90656963916075,-0.40095030504631296,0.03008454813085511,88.20031931357637,-6.399282240227243,89.3195958669712,72.5966501327954,4.0779270936617795,8.493234951781421,1.930822740647052,7.260174411699972,1.145242434230555
2035-07-01,Kasese,10529.614022288868,0.827247341034288,19.0,0.0,1.0,0.1098988295973021,1.0000305189751728,3.999954221537241,0.1699,30.0781,0.200000000000001,30.100000000000016,0.0036423451079078367,0.0014238235616743549,-0.0027001454845899425,290.0422360834976,1.0,0.00019492173097109032,295.0981331806717,295.6352831376764,295.6412345733037,295.72275516310384,295.87111780070376,0.4124160820028307,0.41872610770345525,0.40462200190462133,0.3886668041014943,89413.3945,296.94392908139724,-0.421931823086795,0.04350630885797224,64.71674468621514,-6.491317752019256,83.34728546417703,71.51471157061634,3.0292981648682282,7.2937746869219735,1.138342693346975,6.939512035898379,0.685615980590585
2035-08-01,Kasese,10529.614022288868,0.827247341034288,19.0,0.0,1.0,0.1098988295973021,1.0000305189751728,3.999954221537241,0.1699,30.0781,0.200000000000001,30.100000000000016,0.0030264126313729804,0.0009407414181290427,-0.002551816569559793,289.66316908675077,1.0,0.00016987939972982642,295.2744301005742,295.7764848713766,295.7650722595756,295.7810741228337,295.8006389226753,0.4005313326650131,0.40563312114831934,0.396412168396556,0.38701687835896287,89413.3945,296.9551380208491,-0.42844452930062266,0.030083079263483636,57.59473972631582,-6.609493204778636,70.56389857578652,72.17263318786873,2.7086925046917067,7.106974052476905,0.5428541818377594,6.599645896363204,0.28766775050682514
2035-09-01,Kasese,10529.614022288868,0.827247341034288,19.0,0.0,1.0,0.1098988295973021,1.0000305189751728,3.999954221537241,0.1699,30.0781,0.200000000000001,30.100000000000016,0.0028238958713226697,0.0006502621617549739,-0.0025358596987676003,289.6408429479241,1.0,0.00016505620725782875,295.4344375342402,295.9315852626578,295.90084741107086,295.86890173029695,295.7824309461076,0.3970489949609428,0.3992507321964959,0.39053863570947306,0.38501972761284525,89413.3945,296.94257347280836,-0.44076589251263765,0.007477734068484062,69.10372760154002,-6.95147373757541,64.63975061128723,74.15664418438747,3.1972521042099196,7.656956454242739,0.18563829722703976,6.432255703205118,0.05906398825826107
2035-10-01,Kasese,10529.614022288868,0.827247341034288,19.0,0.0,1.0,0.1098988295973021,1.0000305189751728,3.999954221537241,0.1699,30.0781,0.200000000000001,30.100000000000016,0.0035630750683261435,0.0008287258201457242,-0.0026358889440474148,290.08570093936567,1.0,0.00019200172305205868,295.33849254781575,295.87219556772226,295.8725704785274,295.89925165997323,295.80446614693244,0.41083893482090894,0.4067098997872489,0.3897610868662973,0.3842987741480897,89413.3945,296.7279624986814,-0.4137229103592011,-0.02563746869510693,90.1959973608217,-6.920717621843228,73.30571920932204,75.55590016407315,4.1553423377410565,8.532230298991022,0.4881874600767626,6.6444900323294975,0.21119496222140813
2035-11-01,Kasese,10529.614022288868,0.827247341034288,19.0,0.0,1.0,0.1098988295973021,1.0000305189751728,3.999954221537241,0.1699,30.0781,0.200000000000001,30.100000000000016,0.004246215352249872,0.0012409370618121857,-0.002751358821354437,290.39964422066845,1.0,0.00021897269410846147,295.0698646937498,295.64827456466065,295.6638340900911,295.76684791595943,295.79246559070583,0.4245285101844769,0.41968758084166674,0.3948061063543146,0.385612441736576,89413.3945,296.50603949264706,-0.4107427151432503,-0.10188001419682587,100.80114799924887,-6.678691083814627,87.43331154595576,76.29125381184383,4.651298471188304,8.659474770720523,0.9763720625467606,6.981339030884623,0.5613924728949743
2035-12-01,Kasese,10529.614022288868,0.827247341034288,19.0,0.0,1.0,0.1098988295973021,1.0000305189751728,3.999954221537241,0.1699,30.0781,0.200000000000001,30.100000000000016,0.004480412975264583,0.0015566558934274975,-0.0028311000976446155,290.513465004382,1.0,0.00022868528730164727,294.8645930256744,295.44534368683304,295.47132558664083,295.59036203516047,295.7215806381153,0.4316249579648654,0.42825573608146544,0.3997718608342404,0.38794982315269166,89413.3945,296.4303746689709,-0.3989691721099266,-0.2046652997102738,92.14930100407155,-6.768780550628793,94.8862496478766,76.70739446493816,4.268349384859804,8.139366457948755,1.2886505932553964,7.187335690012421,0.7140525149103866
2036-01-01,Kasese,10529.614022288868,0.827247341034288,19.0,0.0,1.0,0.1098988295973021,1.0000305189751728,3.999954221537241,0.1699,30.0781,0.200000000000001,30.100000000000016,0.003968430011593668,0.0014783338603497024,-0.00279847282003969,290.3845971782457,1.0,0.00020776649204791323,295.06570749105134,295.60727368187025,295.5863740260955,295.590052858815,295.6375168615877,0.423038355802305,0.4238717627836653,0.3999543467295376,0.38889197376855184,89413.3945,296.73208162195397,-0.3605906705118222,-0.28691099747260423,71.5812484253543,-6.659345730079398,88.5743295299785,77.6568187710548,3.3266708689197473,7.184848231107338,1.0815048882771288,7.064606346939197,0.566042710011272
2036-02-01,Kasese,10529.614022288868,0.827247341034288,19.0,0.0,1.0,0.1098988295973021,1.0000305189751728,3.999954221537241,0.1699,30.0781,0.200000000000001,30.100000000000016,0.0032393660666827097,0.0011193667161306252,-0.0026403787579005362,290.10019060765126,1.0,0.00017395711200035948,295.71764059980325,296.1937139034587,296.12875584688487,295.92846558941443,295.6475009291135,0.4027919935154755,0.4065264825896245,0.39375640284191665,0.3879028995630678,89413.3945,297.29886789213396,-0.3214737845912458,-0.3074268050832049,54.943834609377944,-6.793206986536788,73.75809907406433,77.1053917039825,2.5609950049479253,6.844264475105445,0.6185199150006806,6.60095583828615,0.2642818803203805
2036-03-01,Kasese,10529.614022288868,0.827247341034288,19.0,0.0,1.0,0.1098988295973021,1.0000305189751728,3.999954221537241,0.1699,30.0781,0.200000000000001,30.100000000000016,0.003380811422554768,0.0009583779175113249,-0.0025699778934437363,290.1779979072091,1.0,0.000168967486050106,296.1190737485477,296.61017674505365,296.54282821847954,296.31229446786796,295.7892973045368,0.39691717849131075,0.39702947832699986,0.3882776731730863,0.38633415596445436,89413.3945,297.58987138692254,-0.30546362633319374,-0.2424190269689225,60.66565057291572,-6.664705989996011,63.01935054618775,75.3379088605047,2.8325829139613616,7.279560013515817,0.5177972233208271,6.413923741818148,0.2071646514430967
2036-04-01,Kasese,10529.614022288868,0.827247341034288,19.0,0.0,1.0,0.1098988295973021,1.0000305189751728,3.999954221537241,0.1699,30.0781,0.200000000000001,30.100000000000016,0.004356623239583264,0.0013632689282047858,-0.002688785041505142,290.54722225168695,1.0,0.00020576688018568285,295.9038762046503,296.45574696550017,296.43943321532777,296.3562706191188,295.9567446909603,0.4107419055667086,0.4080013976333427,0.39072006380670793,0.38643304679878376,89413.3945,297.3971512893921,-0.346533686045219,-0.13269848753019,85.06086708891617,-6.617808424523193,67.18295745826384,74.11509505389905,3.947117239297029,8.554163472981005,1.2192540323494698,6.669980761675794,0.7042607749135404
2036-05-01,Kasese,10529.614022288868,0.827247341034288,19.0,0.0,1.0,0.1098988295973021,1.0000305189751728,3.999954221537241,0.1699,30.0781,0.200000000000001,30.100000000000016,0.0051523303483668815,0.0019046451211374214,-0.002879872314858402,290.89018898736873,1.0,0.00023689862675116665,295.34281491822236,295.94993066291556,295.9778017503075,296.06963564103233,296.01671172782716,0.4289221125740468,0.4268019444098565,0.4020747451771763,0.3882342454186283,89413.3945,297.02921291113574,-0.382532372088747,-0.03816911570159361,97.89238969214885,-6.684887834343276,80.89316660888137,73.36738385718446,4.5353074082347264,8.981510662354689,2.0602133840803467,7.163416052492238,1.2358894914658494
2036-06-01,Kasese,10529.614022288868,0.827247341034288,19.0,0.0,1.0,0.1098988295973021,1.0000305189751728,3.999954221537241,0.1699,30.0781,0.200000000000001,30.100000000000016,0.00462926773721322,0.0018666396250235414,-0.0028857659782552327,290.5612007979603,1.0,0.00022578435827708056,295.00796886251607,295.5934454973048,295.63916677978045,295.7840945932052,295.95258287366215,0.4274646821484442,0.4320711024301041,0.40941782099806695,0.3895815037602295,89413.3945,296.87658649917444,-0.4261012291292192,0.009815067687581669,85.61611152992481,-7.012751442972122,89.4224573360985,72.6410893953287,3.956859568554934,8.539614350228222,1.8968381486277082,7.270878383213742,1.1606836996924494
2036-07-01,Kasese,10529.614022288868,0.827247341034288,19.0,0.0,1.0,0.1098988295973021,1.0000305189751728,3.999954221537241,0.1699,30.0781,0.200000000000001,30.100000000000016,0.0035474168070793242,0.0013722311658526923,-0.002693125356122844,289.9282883518885,1.0,0.0001903958865629483,295.0557787300299,295.5894930751129,295.6126254903908,295.69634852166155,295.8441490708198,0.41100885913997937,0.41844936678237526,0.40742456092047813,0.3892104992833773,89413.3945,296.89904594495965,-0.4313152900210573,0.02562536137305349,61.61509537887779,-7.065146602767832,82.11304617926919,71.27274719756626,2.8684536422461924,7.312562377655605,1.1396964467026625,6.963213405618539,0.6594664071579733
2036-08-01,Kasese,10529.614022288868,0.827247341034288,19.0,0.0,1.0,0.1098988295973021,1.0000305189751728,3.999954221537241,0.1699,30.0781,0.200000000000001,30.100000000000016,0.002814101066918697,0.0008067200248677662,-0.002534720493449027,289.5838633243306,1.0,0.00016674038449382333,295.23709722744087,295.73460635548287,295.74306551965543,295.75869464558605,295.77000317634435,0.39893455594529525,0.40372250432818685,0.3978946437108967,0.3874058598558783,89413.3945,296.91072913821114,-0.43514370823082404,0.03202104911649655,57.95646114875448,-6.892838576989529,69.07876970075598,71.85624947466862,2.6893306558781074,7.058968626466534,0.27494613455322836,6.609382300327556,0.09462045536187313
2036-09-01,Kasese,10529.614022288868,0.827247341034288,19.0,0.0,1.0,0.1098988295973021,1.0000305189751728,3.999954221537241,0.1699,30.0781,0.200000000000001,30.100000000000016,0.003008458599305992,0.0007108256624500095,-0.0025283488209930545,289.74577655521415,1.0,0.00017550288450630328,295.343607519818,295.8472815469145,295.84444316846333,295.8249761650057,295.7536023432153,0.4010073571074377,0.40074440593788263,0.39122707307103477,0.3859367100689009,89413.3945,296.81068735458615,-0.409483128823493,0.028065456355097055,72.05798744331061,-6.825862138438322,64.45724486259283,73.67470551867439,3.3666023195690697,7.504538006963505,0.22772424213774364,6.511053652253994,0.057351921780299554
2036-10-01,Kasese,10529.614022288868,0.827247341034288,19.0,0.0,1.0,0.1098988295973021,1.0000305189751728,3.999954221537241,0.1699,30.0781,0.200000000000001,30.100000000000016,0.0036065779308903805,0.0008946838330382497,-0.002636288404458915,290.15966973180116,1.0,0.00019371088100253082,295.32867543127145,295.8563777001596,295.86416445280264,295.8637012223351,295.7625238142263,0.41247552816469363,0.40851735742949313,0.3903969033626695,0.38577113028958854,89413.3945,296.71175167492777,-0.404355703730142,-0.012136657367980613,92.55002447062628,-6.974833834600449,74.39911331075531,75.01023308671658,4.279124357746078,8.451541907172206,0.4735961075823332,6.684014140266974,0.2328304156471602
2036-11-01,Kasese,10529.614022288868,0.827247341034288,19.0,0.0,1.0,0.1098988295973021,1.0000305189751728,3.999954221537241,0.1699,30.0781,0.200000000000001,30.100000000000016,0.004311485342263484,0.0013049402712230899,-0.002766213323546051,290.4758768797344,1.0,0.00021898492656851018,295.03362192960213,295.60134027588606,295.63181839687826,295.7284602325007,295.75228858335,0.4275345866499631,0.42290942158242023,0.3953822655848849,0.3873079921574962,89413.3945,296.47756914155,-0.4032808726722094,-0.09987376872710381,98.4811301908881,-7.2402934259487735,88.18916360936147,75.29821389430964,4.555179274713314,8.695917845697721,1.0346209264060475,7.016099152041792,0.5928186769061868
2036-12-01,Kasese,10529.614022288868,0.827247341034288,19.0,0.0,1.0,0.1098988295973021,1.0000305189751728,3.999954221537241,0.1699,30.0781,0.200000000000001,30.100000000000016,0.00436394812835855,0.001530196716190867,-0.002828087794970298,290.53415282783106,1.0,0.0002231802309555489,294.87373701045664,295.4441138555903,295.45840736560956,295.56935893315904,295.68201458342986,0.43036787927445247,0.42809105418450105,0.40059910871659404,0.3890372683902959,89413.3945,296.43307960708836,-0.41320122392328446,-0.23030906649359104,92.11931629023927,-6.948844242608942,95.02594193398664,76.70440491929857,4.262158783980553,8.292688035044256,1.2424750759350536,7.180595059286175,0.7039610345730022
2037-01-01,Kasese,10529.614022288868,0.827247341034288,19.0,0.0,1.0,0.1098988295973021,1.0000305189751728,3.999954221537241,0.1699,30.0781,0.200000000000001,30.100000000000016,0.00390975118469819,0.001442716526973053,-0.002787918187898166,290.30569192307973,1.0,0.00020627794529271522,295.04027010267004,295.5825380020609,295.5612009916886,295.5731685471664,295.61046891961064,0.42117217307935095,0.4225445455454862,0.40189067061656436,0.389422349802137,89413.3945,296.67673223949924,-0.3753510255053847,-0.3049897411075581,70.46631996339912,-7.078173717162627,87.69220542035133,78.04375822798255,3.2277699122694394,7.263896422677694,1.0856121901190117,7.05624487557023,0.5522980117887112
2037-02-01,Kasese,10529.614022288868,0.827247341034288,19.0,0.0,1.0,0.1098988295973021,1.0000305189751728,3.999954221537241,0.1699,30.0781,0.200000000000001,30.100000000000016,0.0031942481888917276,0.0011009323405099362,-0.0026408720026485713,290.00846984443126,1.0,0.00017446083160971653,295.64469374731055,296.1307410160179,296.0496050099331,295.8730938717924,295.62331796459904,0.40298642948945246,0.40796318609417587,0.39736973175097806,0.38819009697417145,89413.3945,297.2136902560016,-0.3280822282694799,-0.31250878575008073,54.7843754991542,-7.022653753365198,72.72477424132266,77.38222658617457,2.5130823817758494,6.756752844797558,0.6174961939195084,6.6669870992199405,0.24451762284037448
2037-03-01,Kasese,10529.614022288868,0.827247341034288,19.0,0.0,1.0,0.1098988295973021,1.0000305189751728,3.999954221537241,0.1699,30.0781,0.200000000000001,30.100000000000016,0.0034962453326686503,0.001027372231381029,-0.0025839108235494817,290.11147505472667,1.0,0.0001731634121304002,295.994943836794,296.49389976672165,296.4225508353555,296.22605845308226,295.7639463828086,0.4005702274051904,0.4022397297293924,0.392437803198254,0.386734485416417,89413.3945,297.4730451702466,-0.30100626284327886,-0.2290573150052331,58.83390222055385,-7.013841883796499,61.67021640815714,74.85294732079423,2.6820895554295983,7.115054310177851,0.6503512159899686,6.517422466659422,0.2750464566323529
2037-04-01,Kasese,10529.614022288868,0.827247341034288,19.0,0.0,1.0,0.1098988295973021,1.0000305189751728,3.999954221537241,0.1699,30.0781,0.200000000000001,30.100000000000016,0.004395250542417599,0.0014066785968555179,-0.00270061414259792,290.5264737624171,1.0,0.0002053797310158764,295.8077788202904,296.35282917566286,296.32748487862494,296.2696707933024,295.92358126422437,0.4141612699660813,0.41293620653019875,0.3948770125849528,0.3872284825357908,89413.3945,297.31083768115997,-0.339503364646518,-0.13173720498050231,83.79322807483554,-6.980734173693501,66.23511072747013,73.35456607878733,3.8503896556858304,8.425820171198344,1.3051147149559785,6.7867998747583025,0.7332905913788071
2037-05-01,Kasese,10529.614022288868,0.827247341034288,19.0,0.0,1.0,0.1098988295973021,1.0000305189751728,3.999954221537241,0.1699,30.0781,0.200000000000001,30.100000000000016,0.005086103810696172,0.0018590928848298376,-0.002877166270317869,290.855935546349,1.0,0.00023570641644239668,295.30362502460054,295.89764800904766,295.92413306226746,296.0396462991896,295.985641469217,0.42967811241505466,0.4277249935897205,0.4038370328349596,0.38905455355397905,89413.3945,296.9872236882466,-0.383327064289178,-0.037615896686685586,97.14221646773639,-7.0534165790623975,80.43757391531867,72.94726064454942,4.4698242798758665,8.917334317931967,1.9764698019044848,7.200354086306976,1.175690728230145
2037-06-01,Kasese,10529.614022288868,0.827247341034288,19.0,0.0,1.0,0.1098988295973021,1.0000305189751728,3.999954221537241,0.1699,30.0781,0.200000000000001,30.100000000000016,0.00465604069126872,0.0018569894201611028,-0.002877727129634043,290.5901142526565,1.0,0.00022770166868163285,294.991364487563,295.56557561117194,295.6003087767561,295.7610064470986,295.9205287307141,0.42861199597839117,0.4323681132008221,0.4105380584835523,0.3906648388717287,89413.3945,296.8401558626734,-0.41674094875726175,0.018001200571718643,86.47760255228457,-7.308303443661518,89.41395970536752,72.16332031758388,3.9711169638569483,8.497918500021152,1.8778726149931746,7.315266245501891,1.1283905080098215
2037-07-01,Kasese,10529.614022288868,0.827247341034288,19.0,0.0,1.0,0.1098988295973021,1.0000305189751728,3.999954221537241,0.1699,30.0781,0.200000000000001,30.100000000000016,0.0035765356799531828,0.001375134252425448,-0.002696490443492352,289.972335155502,1.0,0.0001919417775462838,295.0358021172653,295.56809730545825,295.5773950726127,295.66787192516364,295.80878594967317,0.41211543564185155,0.41990957019145325,0.40816025216324037,0.39046317243915674,89413.3945,296.86996166468555,-0.4257754997736662,0.033890071963748436,62.53300244860099,-7.16248647508845,82.45080613206498,70.89703376165342,2.9044643604716955,7.277256246353665,1.1082136228473185,7.003485327310462,0.6463309021807977
2037-08-01,Kasese,10529.614022288868,0.827247341034288,19.0,0.0,1.0,0.1098988295973021,1.0000305189751728,3.999954221537241,0.1699,30.0781,0.200000000000001,30.100000000000016,0.0028775677975197353,0.0008396930239488619,-0.0025386429350156632,289.61548506490595,1.0,0.00016811093331781804,295.21884890318853,295.7221667070872,295.7083501248262,295.72937774489543,295.7347144504342,0.40022128861850703,0.40596905034267,0.3989955905102149,0.3886619518781651,89413.3945,296.88216739147356,-0.43075009627590727,0.0339030992611276,57.81645629045496,-7.111966860372604,69.42005255627149,71.57784065601892,2.682054384097779,7.057741588326308,0.330346316722128,6.6635459855687635,0.1441099871362251
2037-09-01,Kasese,10529.614022288868,0.827247341034288,19.0,0.0,1.0,0.1098988295973021,1.0000305189751728,3.999954221537241,0.1699,30.0781,0.200000000000001,30.100000000000016,0.0029308431613292835,0.0006783716507399888,-0.0025280725343504265,289.71435705729914,1.0,0.0001721890014288788,295.3399451819127,295.8428797489667,295.81879238972414,295.8085445305481,295.7170620228255,0.400548997293749,0.40172781072995284,0.39249094058845974,0.38707766384739556,89413.3945,296.8069306182776,-0.4175242643599885,0.024021808877442884,71.03511764332369,-7.22106095269546,64.36495648008992,73.52283006167222,3.3072505426394674,7.548297030685279,0.19043891163051574,6.541307663058607,0.059510903035583346
2037-10-01,Kasese,10529.614022288868,0.827247341034288,19.0,0.0,1.0,0.1098988295973021,1.0000305189751728,3.999954221537241,0.1699,30.0781,0.200000000000001,30.100000000000016,0.003560700649818156,0.000860024546498786,-0.002632757330737001,290.1392304503604,1.0,0.00019321508028217395,295.2938330994378,295.8250000436399,295.8166803206238,295.8401928657462,295.73062913351947,0.41278699205474984,0.4092100260597417,0.391850366338522,0.38655481501715033,89413.3945,296.66621774872897,-0.40635397145117547,-0.01502078654444054,91.64455211389343,-7.32235299860062,73.95198009312773,74.93343739833527,4.2405810416852425,8.459944808536386,0.4468716781651856,6.7232226662036565,0.22148127094022999
2037-11-01,Kasese,10529.614022288868,0.827247341034288,19.0,0.0,1.0,0.1098988295973021,1.0000305189751728,3.999954221537241,0.1699,30.0781,0.200000000000001,30.100000000000016,0.004266603450044194,0.0012740799990380346,-0.0027572995611929354,290.45569934897725,1.0,0.000218814022665538,295.0047328207761,295.56903592707016,295.59696182633314,295.699644184132,295.7208115263798,0.42716725386239524,0.42279300632568445,0.3968187854556035,0.3881368396141908,89413.3945,296.43276437845566,-0.4042248989041896,-0.10005839736887158,99.21155137323142,-7.345700634546566,87.64974959936245,75.30460745692478,4.590362783859533,8.692523320123788,0.9815132657007178,7.041290195030381,0.581696802657579
2037-12-01,Kasese,10529.614022288868,0.827247341034288,19.0,0.0,1.0,0.1098988295973021,1.0000305189751728,3.999954221537241,0.1699,30.0781,0.200000000000001,30.100000000000016,0.004386702773244126,0.001528791958462749,-0.0028286861761486447,290.53285097643237,1.0,0.00022509072259811972,294.8280838206101,295.39896256461594,295.4248291000932,295.5305215651305,295.6489122817716,0.43143431101516594,0.4290876784882303,0.4018935986994703,0.39005458598302584,89413.3945,296.37802030616,-0.40553941236797836,-0.22181982235643363,92.4184392908913,-7.170129493653511,94.4609784083354,76.25123546234505,4.262065638106352,8.241352263846077,1.2143893413444085,7.216791264421301,0.704806480848832
2038-01-01,Kasese,10529.614022288868,0.827247341034288,19.0,0.0,1.0,0.1098988295973021,1.0000305189751728,3.999954221537241,0.1699,30.0781,0.200000000000001,30.100000000000016,0.003929380658561391,0.001450707914867311,-0.0027889995688292796,290.3445569323562,1.0,0.00020654951570673173,295.0037269460308,295.54599717260436,295.5342545940842,295.53524692777205,295.574604510899,0.42250507104147433,0.42384766403408153,0.40283604938410034,0.39073656381798466,89413.3945,296.6436848991427,-0.36685055816409023,-0.29887446501109804,70.77870516783594,-7.2091099759289685,87.49145092546917,77.47722194005787,3.2592861506534105,7.24497510745491,1.0514934696946243,7.085977036187367,0.557204555817218
2038-02-01,Kasese,10529.614022288868,0.827247341034288,19.0,0.0,1.0,0.1098988295973021,1.0000305189751728,3.999954221537241,0.1699,30.0781,0.200000000000001,30.100000000000016,0.0032047880882638026,0.001101164615667383,-0.002640343032368393,290.0542793631962,1.0,0.00017405006448550212,295.62260796792975,296.11136444715305,296.03614306188496,295.84974056792345,295.5834579501307,0.40398324026380905,0.40838567911253115,0.39762123084256057,0.38940151032974196,89413.3945,297.18926306572627,-0.3201813345661751,-0.30918294025168186,54.59853550599178,-7.236705850448245,72.76739967177639,76.82703668117637,2.5285839734023754,6.76997123842444,0.5835402634231955,6.678150544671819,0.24849045368682302
2038-03-01,Kasese,10529.614022288868,0.827247341034288,19.0,0.0,1.0,0.1098988295973021,1.0000305189751728,3.999954221537241,0.1699,30.0781,0.200000000000001,30.100000000000016,0.003474980832210649,0.0010293652760246556,-0.002587168772919314,290.1336446541241,1.0,0.0001725388751023074,295.95084159410357,296.45542018871,296.39085641136927,296.1967393157447,295.730421331591,0.401398084597101,0.40343408272471953,0.3934513691808382,0.38791677777289735,89413.3945,297.4307682634207,-0.2976418716040185,-0.23542572811805026,58.318007390776415,-7.309675882179406,61.92430077022697,74.74643053345885,2.7085815211867654,7.111422515207859,0.6423089550546731,6.538524254402499,0.2987067766244584
2038-04-01,Kasese,10529.614022288868,0.827247341034288,19.0,0.0,1.0,0.1098988295973021,1.0000305189751728,3.999954221537241,0.1699,30.0781,0.200000000000001,30.100000000000016,0.004325769553186343,0.0013910497671833246,-0.002701256657954097,290.4847045604477,1.0,0.00020385781291642522,295.7852334818661,296.33325697735563,296.31039774298137,296.24604762011853,295.89350269347636,0.4136870261135211,0.4129412982609568,0.39628574794521754,0.388253191621367,89413.3945,297.2814433248224,-0.3389797668069597,-0.13701177661551658,82.57978033697982,-7.381026140116199,66.076168671948,73.31356457123478,3.8241765499153604,8.409531598143865,1.3024502929420017,6.807820503570015,0.7442809227350818
2038-05-01,Kasese,10529.614022288868,0.827247341034288,19.0,0.0,1.0,0.1098988295973021,1.0000305189751728,3.999954221537241,0.1699,30.0781,0.200000000000001,30.100000000000016,0.004990022199343468,0.0018188882022815822,-0.0028823307673185943,290.8181638581442,1.0,0.000235093322931434,295.2550018302804,295.8585713345714,295.8874170007576,296.00537447501296,295.9567055661612,0.43017837699830147,0.4286771134751645,0.40567652246003405,0.39010640617606146,89413.3945,296.935908497989,-0.3814788470659014,-0.03572160318430994,95.89393667598705,-7.428414813925844,79.86919293675844,72.745641653173,4.41935934910249,8.877817285277816,1.9246534985941242,7.244749461842962,1.134246167761791
2038-06-01,Kasese,10529.614022288868,0.827247341034288,19.0,0.0,1.0,0.1098988295973021,1.0000305189751728,3.999954221537241,0.1699,30.0781,0.200000000000001,30.100000000000016,0.004652698710085039,0.001853500363053309,-0.0028743467993463654,290.62003012041737,1.0,0.00023043028579471236,294.95294559227995,295.5386050303791,295.5740900800481,295.7334343067956,295.88867042803156,0.4298950730611491,0.43242426996141736,0.4115435890310226,0.39159808078130426,89413.3945,296.7857065783345,-0.40508835108137314,0.02697074357255425,87.00292814636957,-7.4251276002150215,89.19970498912726,71.80280433805491,4.023138581475211,8.489441916683235,1.8651333325547597,7.359512028720957,1.1165994992216588
2038-07-01,Kasese,10529.614022288868,0.827247341034288,19.0,0.0,1.0,0.1098988295973021,1.0000305189751728,3.999954221537241,0.1699,30.0781,0.200000000000001,30.100000000000016,0.0035756023614616013,0.001376541919798615,-0.0026971894507895576,290.01201448696133,1.0,0.00019448357047688214,295.0001616093164,295.5369276675649,295.5477719352134,295.6400192330191,295.77417091759804,0.4137063714983493,0.4208283809873976,0.40905869076082757,0.3915846959208287,89413.3945,296.8189602703445,-0.42042179421838277,0.04112663641696019,63.36842447298747,-7.409159918778026,82.64625482309707,70.59294793511373,2.9770499990817254,7.274873283832162,1.0976230483587919,7.037340545203925,0.6566569102380028
2038-08-01,Kasese,10529.614022288868,0.827247341034288,19.0,0.0,1.0,0.1098988295973021,1.0000305189751728,3.999954221537241,0.1699,30.0781,0.200000000000001,30.100000000000016,0.002923297244970709,0.0008778253265624378,-0.0025414287740541295,289.6481595133268,1.0,0.0001702769550281206,295.1876196264977,295.68566339740215,295.67052145843684,295.6948043395098,295.70247070151385,0.40176973054366005,0.40740352426253407,0.4002264498230573,0.389863443996778,89413.3945,296.83034487629817,-0.4263064640238962,0.03493821521059289,57.69171655667026,-7.527552253307391,69.69457471407573,71.29206831711883,2.702145250570331,7.0645144349959095,0.40099152261194787,6.698892057760712,0.20758369576800076
2038-09-01,Kasese,10529.614022288868,0.827247341034288,19.0,0.0,1.0,0.1098988295973021,1.0000305189751728,3.999954221537241,0.1699,30.0781,0.200000000000001,30.100000000000016,0.0028440012139335172,0.0006550238793082765,-0.0025300423018787886,289.679756372402,1.0,0.0001699153074832167,295.33015980757574,295.83013758092875,295.79578676493355,295.7764638601821,295.6852741281925,0.40007810722184023,0.40224244598246145,0.39384822591257834,0.38810058536464304,89413.3945,296.79164695015703,-0.4256013747123902,0.01803183032362175,70.09759351868213,-7.58064480365451,64.00366696116312,73.26305522001141,3.255570057261856,7.583489828279845,0.16171191343688382,6.549580269500081,0.04377666968402318
2038-10-01,Kasese,10529.614022288868,0.827247341034288,19.0,0.0,1.0,0.1098988295973021,1.0000305189751728,3.999954221537241,0.1699,30.0781,0.200000000000001,30.100000000000016,0.003527600910225085,0.0008387875977420569,-0.002631314224302205,290.12011560373776,1.0,0.00019347540211290558,295.25504078342766,295.79305764298556,295.7758072312982,295.8056952189013,295.701528312755,0.4131911558254828,0.40966055908066146,0.3930531279505871,0.3874857292295338,89413.3945,296.6159663512996,-0.4056265743803771,-0.018643976641663982,90.88620570681125,-7.5509184557736395,73.29493037043112,74.6512245662978,4.187617581331027,8.490753578650219,0.4402589125786571,6.750653654567515,0.19657512816004008
2038-11-01,Kasese,10529.614022288868,0.827247341034288,19.0,0.0,1.0,0.1098988295973021,1.0000305189751728,3.999954221537241,0.1699,30.0781,0.200000000000001,30.100000000000016,0.004228064903819263,0.0012444289758169222,-0.0027520795261673243,290.4312082639604,1.0,0.00021981634016573194,294.9754263073531,295.5486500319601,295.5712108360486,295.67248641826035,295.68859030245574,0.42723543732984837,0.4228067094695435,0.3980823894331084,0.3889317834733815,89413.3945,296.39399388497344,-0.40353403979312824,-0.1001474707855095,99.75310950163045,-7.296347696497658,87.36811359296439,75.16202376669709,4.613492612156175,8.672368996248716,0.9575571971448262,7.079374347765956,0.5423553065651173
2038-12-01,Kasese,10529.614022288868,0.827247341034288,19.0,0.0,1.0,0.1098988295973021,1.0000305189751728,3.999954221537241,0.1699,30.0781,0.200000000000001,30.100000000000016,0.004411057814741783,0.0015204769737971332,-0.0028261021040103707,290.5309039853434,1.0,0.00022776124573199364,294.78440398816275,295.3589324922357,295.38501961239837,295.4986466234238,295.6179997891627,0.4329593554267712,0.4303935795790519,0.4032093248420554,0.39109177343848023,89413.3945,296.3275072119657,-0.39916529180522936,-0.21102855435752818,91.89555045330287,-7.178603023675069,94.81922790226753,75.8650944580038,4.243698012252607,8.197258933017435,1.232597420362265,7.280412301661138,0.6836496727179124
2039-01-01,Kasese,10529.614022288868,0.827247341034288,19.0,0.0,1.0,0.1098988295973021,1.0000305189751728,3.999954221537241,0.1699,30.0781,0.200000000000001,30.100000000000016,0.003922455432406725,0.0014386600116268813,-0.0027879331048476157,290.37258973291233,1.0,0.0002078792252064594,294.97073840550155,295.5112807098787,295.4954785011227,295.5003630093942,295.540045810953,0.42403625209764023,0.4255576779088568,0.4038692841516321,0.3918780028256872,89413.3945,296.60421461586475,-0.360692541478353,-0.28930206113973744,70.87550393724241,-7.150496040993114,88.03932863003551,76.938750219422,3.265680861070225,7.234677936543389,1.0525979865717265,7.15352924617947,0.5312662966863196
2039-02-01,Kasese,10529.614022288868,0.827247341034288,19.0,0.0,1.0,0.1098988295973021,1.0000305189751728,3.999954221537241,0.1699,30.0781,0.200000000000001,30.100000000000016,0.0031908200777840527,0.0010756731824718294,-0.0026344481368216935,290.08792260943574,1.0,0.0001745143607050221,295.59659620790916,296.0928375890964,296.00961302683424,295.82593711493917,295.5480445699671,0.4044101158375463,0.4092040852656074,0.3981727411730824,0.3907300428391278,89413.3945,297.16424384196915,-0.3161806186896514,-0.30436026815774353,54.507974619342264,-7.333454004092707,73.21361904884604,76.3638689149479,2.518642073809721,6.834188325763615,0.5964579225873213,6.718322282436644,0.2266029916623351
2039-03-01,Kasese,10529.614022288868,0.827247341034288,19.0,0.0,1.0,0.1098988295973021,1.0000305189751728,3.999954221537241,0.1699,30.0781,0.200000000000001,30.100000000000016,0.003453354937934624,0.0010125965811652196,-0.0025853068713153665,290.1476559180744,1.0,0.00017205477016621603,295.9110684467475,296.4175604200363,296.3467928250314,296.16614690886263,295.69301083882317,0.40160540695895436,0.404683487063702,0.3947389824896561,0.38894408919539397,89413.3945,297.3766071000896,-0.29850587376453874,-0.24074164105244503,58.3776183560117,-7.630073689938864,61.84661126424413,74.64313495504275,2.7063080128543215,7.171726714526732,0.6621661940787823,6.58130468739948,0.29438977257851134
2039-04-01,Kasese,10529.614022288868,0.827247341034288,19.0,0.0,1.0,0.1098988295973021,1.0000305189751728,3.999954221537241,0.1699,30.0781,0.200000000000001,30.100000000000016,0.0042951356217895515,0.0013663307723908384,-0.002693770239110691,290.43963276155415,1.0,0.00020242151761379717,295.7565647223325,296.31037455286264,296.2827996593035,296.22661254558943,295.8537946086339,0.4129690452170048,0.41325227629272304,0.3982879854474048,0.3889565618147533,89413.3945,297.2491592206578,-0.34073930619689524,-0.14342913273435287,81.72282590082436,-7.891095785503919,65.53222744576829,73.10362845303172,3.7831559049791506,8.447874163102457,1.328518372180337,6.836545129397016,0.7309445105007907
2039-05-01,Kasese,10529.614022288868,0.827247341034288,19.0,0.0,1.0,0.1098988295973021,1.0000305189751728,3.999954221537241,0.1699,30.0781,0.200000000000001,30.100000000000016,0.004934366689666206,0.0017799533631477108,-0.0028792311958074986,290.7833263893667,1.0,0.0002341025237105251,295.2099883690515,295.8125632989774,295.8414631846089,295.96968887749085,295.9211019351407,0.4307561304500429,0.4299752978557257,0.4073447939958897,0.3905748258633577,89413.3945,296.8867077982772,-0.38044528978878384,-0.03597326686823729,95.22181589157628,-7.862600025590656,79.16428969328885,72.30327521057474,4.38108196001741,8.876572499438858,1.8666320544048691,7.290061337768569,1.0717387628012391
2039-06-01,Kasese,10529.614022288868,0.827247341034288,19.0,0.0,1.0,0.1098988295973021,1.0000305189751728,3.999954221537241,0.1699,30.0781,0.200000000000001,30.100000000000016,0.00467792189460581,0.0018423555506861004,-0.0028619401231481773,290.64148285710115,1.0,0.00023263244054499694,294.9237026156875,295.5183803869194,295.5440097090816,295.7053626709508,295.8476001484899,0.43107848233843016,0.43324257214650275,0.4119962752994753,0.3924929253268999,89413.3945,296.7457455376959,-0.3932867578224057,0.032610158363289586,88.0680351391566,-7.400575122951955,88.89590678944471,71.3274078804729,4.0724929932914185,8.491965886116814,1.8667080006193266,7.397106362874708,1.089027161846612
2039-07-01,Kasese,10529.614022288868,0.827247341034288,19.0,0.0,1.0,0.1098988295973021,1.0000305189751728,3.999954221537241,0.1699,30.0781,0.200000000000001,30.100000000000016,0.0035944698656100705,0.001376546843194908,-0.0026911786108280516,290.055784899619,1.0,0.00019577781709345643,294.966767629438,295.50962102701254,295.5132555929726,295.60368179718654,295.7330452140195,0.41486371454167764,0.4223431662506521,0.409258022977272,0.39273599857322566,89413.3945,296.77996632977994,-0.4142155501058517,0.04702708368707787,64.71284875065693,-7.243953150106772,82.85726394242967,70.34956650813044,3.022685082933668,7.292353897245668,1.1018082571665369,7.059985249542341,0.6520573414799088
2039-08-01,Kasese,10529.614022288868,0.827247341034288,19.0,0.0,1.0,0.1098988295973021,1.0000305189751728,3.999954221537241,0.1699,30.0781,0.200000000000001,30.100000000000016,0.0029678154152370877,0.0008982456967308216,-0.0025453461755770945,289.67508076219843,1.0,0.000170855599372242,295.1481390021889,295.6515563568597,295.6392819589885,295.65927711885826,295.65961596519804,0.4031531249228433,0.4092896108455941,0.4012010107593194,0.39108802426483646,89413.3945,296.7879565726974,-0.42105324446432624,0.03583822184469174,57.69799760121464,-7.545238092837483,70.1196745483258,70.98657023273807,2.708381204325851,7.083555880933158,0.49686923367839037,6.725035655195982,0.2701462157983675
2039-09-01,Kasese,10529.614022288868,0.827247341034288,19.0,0.0,1.0,0.1098988295973021,1.0000305189751728,3.999954221537241,0.1699,30.0781,0.200000000000001,30.100000000000016,0.00275301833068568,0.0006163080397234822,-0.0025314826571481435,289.6547915426012,1.0,0.0001661225892397656,295.3045895673636,295.79673757733536,295.7805971573901,295.74389677595394,295.64355793399204,0.39967417242487624,0.4028917153297522,0.39549675485281827,0.3890887843751926,89413.3945,296.7781887049276,-0.43221287148897175,0.011651356172142725,69.27559264576776,-7.763788562365588,64.17212087885224,72.92175950568121,3.2050314071649235,7.6207471541689555,0.13445246096911725,6.5659606035332585,0.0469083261424558
2039-10-01,Kasese,10529.614022288868,0.827247341034288,19.0,0.0,1.0,0.1098988295973021,1.0000305189751728,3.999954221537241,0.1699,30.0781,0.200000000000001,30.100000000000016,0.0034956203609490637,0.000794868662867926,-0.002631813299970784,290.1004737629707,1.0,0.00019294936378468812,295.2119859886096,295.7371458820538,295.74868792022687,295.77013184323255,295.66283463770395,0.413705824974139,0.41020452980388256,0.39473656491963466,0.3882700746613392,89413.3945,296.56117250278686,-0.406334340068289,-0.022090749436468448,90.17511616532143,-7.902201103303305,72.83295007491279,74.3193182854082,4.1568484564901595,8.46645759399738,0.42030885871819307,6.787108909404136,0.18559638931864245
2039-11-01,Kasese,10529.614022288868,0.827247341034288,19.0,0.0,1.0,0.1098988295973021,1.0000305189751728,3.999954221537241,0.1699,30.0781,0.200000000000001,30.100000000000016,0.004185880552786622,0.0012123054323486854,-0.002742983367177173,290.4139806249372,1.0,0.00022000095984399108,294.9435780294212,295.5093158647985,295.53829872518514,295.63931418780845,295.6518891282372,0.42732879633300874,0.4230368650038116,0.39984255352028675,0.38971548406708284,89413.3945,296.3414741474062,-0.40342498008948685,-0.09977491371458291,100.53463606300271,-7.617678495266819,86.84976118876408,75.04093498098358,4.644307289751986,8.63748635110929,0.911549594244837,7.117342856318358,0.5240966110409631
2039-12-01,Kasese,10529.614022288868,0.827247341034288,19.0,0.0,1.0,0.1098988295973021,1.0000305189751728,3.999954221537241,0.1699,30.0781,0.200000000000001,30.100000000000016,0.0044335095865472044,0.0015196088844850978,-0.0028228435150066725,290.5297422965736,1.0,0.00022976501666618888,294.7413833381701,295.3151071813309,295.3402310051268,295.464812169228,295.58245702702965,0.43419931890055713,0.4315871149199762,0.40473634047455903,0.3918998269664044,89413.3945,296.2618629995422,-0.3916678779856764,-0.20184654199507923,91.71687412585986,-7.752800087342429,94.2883180914717,75.43666717050122,4.253000976291891,8.148370545492549,1.2228023104423877,7.316754653360078,0.6725185880065894
2040-01-01,Kasese,10529.614022288868,0.827247341034288,19.0,0.0,1.0,0.1098988295973021,1.0000305189751728,3.999954221537241,0.1699,30.0781,0.200000000000001,30.100000000000016,0.003915118010688667,0.0014483617469768257,-0.002787291789079035,290.4006696959172,1.0,0.0002090843065251586,294.93723595259024,295.47766416626314,295.45316690824717,295.4641147672158,295.5036097648362,0.4254550400609401,0.42720667955825126,0.4048527121508609,0.3929020663801019,89413.3945,296.56300257422555,-0.3543841846905568,-0.2831033161463348,71.1763339354814,-7.662607978115074,88.15525635639385,76.39310178665102,3.3053378678390146,7.231843464040989,1.0118737732701517,7.191881980561433,0.5338305248304027
2040-02-01,Kasese,10529.614022288868,0.827247341034288,19.0,0.0,1.0,0.1098988295973021,1.0000305189751728,3.999954221537241,0.1699,30.0781,0.200000000000001,30.100000000000016,0.0032003863618028238,0.0010755616548174536,-0.0026319570212302514,290.1189192392523,1.0,0.00017544161419614124,295.5848058453834,296.0763561609978,295.9878759995006,295.80162015021784,295.51293927366123,0.40512105403558646,0.40967358665817216,0.39861099172732556,0.39176945211127084,89413.3945,297.13074236876383,-0.31373210978094285,-0.3035548526012139,54.57579906130574,-7.777361996141532,73.2917002213454,75.87823255780167,2.5336253468772045,6.8712225661102435,0.5450252199887212,6.734857577346529,0.2249693976628769
2040-03-01,Kasese,10529.614022288868,0.827247341034288,19.0,0.0,1.0,0.1098988295973021,1.0000305189751728,3.999954221537241,0.1699,30.0781,0.200000000000001,30.100000000000016,0.003335277129429605,0.0009124465868009618,-0.002561425925077658,290.19409776040294,1.0,0.00017034841007962246,295.9936345349858,296.4882718003732,296.4070228877349,296.1875428408824,295.65443123734934,0.3993559266226891,0.40040594024868614,0.39298067753516347,0.3901639939491499,89413.3945,297.4237637821912,-0.29755250753967316,-0.23700777153800698,60.230709731066305,-7.725590178415303,62.413227084916606,74.14959153462952,2.8061726575168167,7.282465883026089,0.4473240535545184,6.552574127297817,0.171243008624311
2040-04-01,Kasese,10529.614022288868,0.827247341034288,19.0,0.0,1.0,0.1098988295973021,1.0000305189751728,3.999954221537241,0.1699,30.0781,0.200000000000001,30.100000000000016,0.004306981192683641,0.0013134735656458243,-0.002677789584137749,290.565370808251,1.0,0.00020688553755887444,295.77597901852215,296.3310359575598,296.3062379397015,296.2353252455105,295.81998472355065,0.41327381152929904,0.41128103059696447,0.3954693518720682,0.39019080828235025,89413.3945,297.2325288094317,-0.3368929482378302,-0.12745661279311618,84.50634059731375,-7.606812199857191,66.52678051973344,72.98173831813979,3.920450834602761,8.549402729077668,1.149317625751394,6.817624884290043,0.6583097986778489
2040-05-01,Kasese,10529.614022288868,0.827247341034288,19.0,0.0,1.0,0.1098988295973021,1.0000305189751728,3.999954221537241,0.1699,30.0781,0.200000000000001,30.100000000000016,0.00507845766122069,0.0018586616311847143,-0.002869471407459837,290.9000514606976,1.0,0.00023727213248941358,295.2144762405457,295.8089792432739,295.8447993113354,295.95548329908956,295.880620375046,0.43134529492104107,0.4301119496385846,0.4069036835267031,0.39214592993194475,89413.3945,296.8695038253541,-0.3741524844416217,-0.034366071836199885,97.24785474971951,-7.613930192861335,80.17063186498368,72.25437719647805,4.517570750376766,8.965794107922264,2.003284711620883,7.307558406053804,1.1912292092949053
2040-06-01,Kasese,10529.614022288868,0.827247341034288,19.0,0.0,1.0,0.1098988295973021,1.0000305189751728,3.999954221537241,0.1699,30.0781,0.200000000000001,30.100000000000016,0.004561327266751884,0.0018246076784257722,-0.002877406328484426,290.57258359780144,1.0,0.00022632417671625637,294.8743808926626,295.4590164820859,295.50619234670404,295.6657704441627,295.81701296307057,0.42992865027490174,0.4350790500435946,0.41432338758098913,0.3936106096041252,89413.3945,296.72213214654477,-0.41921079477314144,0.012510854111546827,85.07734802987336,-7.892639491018471,88.84164908934201,71.51636618459871,3.922532610597687,8.506836777995744,1.8548075338077206,7.412158305491649,1.1081793230966417
2040-07-01,Kasese,10529.614022288868,0.827247341034288,19.0,0.0,1.0,0.1098988295973021,1.0000305189751728,3.999954221537241,0.1699,30.0781,0.200000000000001,30.100000000000016,0.003478762754632672,0.0013325627427640948,-0.0026916948267033916,289.93629742360366,1.0,0.00019109200912654915,294.9296931279221,295.4617913279874,295.48693324069785,295.5779515267257,295.7053236288932,0.41317760685752364,0.4218022812549161,0.41215178135116837,0.39333435169683334,89413.3945,296.74759012111355,-0.4238982937136624,0.028773026420139357,61.19634052874821,-7.91095252306409,81.51060763383522,70.13445400810568,2.8386274134367038,7.273569673412585,1.0963665267365672,7.096783779430363,0.621112533043104
2040-08-01,Kasese,10529.614022288868,0.827247341034288,19.0,0.0,1.0,0.1098988295973021,1.0000305189751728,3.999954221537241,0.1699,30.0781,0.200000000000001,30.100000000000016,0.002750880620486775,0.0007627855407440568,-0.002530533809951853,289.59600531054843,1.0,0.000167975059033813,295.1180749730136,295.61967556536956,295.61898013113426,295.6371046359562,295.6310416927358,0.401319023373029,0.4073581114641489,0.40254056947644323,0.39128999700663125,89413.3945,296.7588326495746,-0.4277500553603535,0.03632243489342409,57.56886436662952,-7.589221857443198,68.63882939080285,70.83145417740265,2.6744822027855135,7.016812258900882,0.2324362563200247,6.745015256419403,0.06379391800639958
2040-09-01,Kasese,10529.614022288868,0.827247341034288,19.0,0.0,1.0,0.1098988295973021,1.0000305189751728,3.999954221537241,0.1699,30.0781,0.200000000000001,30.100000000000016,0.002939476715020064,0.0006650460263546132,-0.0025236183291246746,289.7504882630665,1.0,0.0001767162244607593,295.22444362910437,295.7318552121448,295.71194906346204,295.70959450813683,295.6107922618767,0.40351747994240655,0.4045092141205773,0.39607040587175685,0.38974959599117304,89413.3945,296.6584069619972,-0.4016519840576845,0.03412539968872965,71.51825429525229,-7.4238284517252495,63.98580931663006,72.64777533603858,3.380213747434835,7.497493905169854,0.17621730713770165,6.647091717746434,0.03384353901217179
2040-10-01,Kasese,10529.614022288868,0.827247341034288,19.0,0.0,1.0,0.1098988295973021,1.0000305189751728,3.999954221537241,0.1699,30.0781,0.200000000000001,30.100000000000016,0.003537857816116293,0.000844524192615523,-0.0026279497572611853,290.1651656638907,1.0,0.00019534079098639052,295.1987940771465,295.7356242363589,295.7280550248981,295.7410707715557,295.62295745517855,0.41532417575322644,0.411998227173991,0.39541470639021825,0.38958148182449165,89413.3945,296.55764003974036,-0.39635829887216295,-0.006122123707554381,91.96384235942897,-7.548860639833857,74.00677678120034,73.91401934485317,4.294543829816745,8.463895344614881,0.4120567713450187,6.82488462292822,0.18970136934511064
2040-11-01,Kasese,10529.614022288868,0.827247341034288,19.0,0.0,1.0,0.1098988295973021,1.0000305189751728,3.999954221537241,0.1699,30.0781,0.200000000000001,30.100000000000016,0.004253695008921505,0.0012640580273040446,-0.0027589373679571434,290.47774545647826,1.0,0.0002206521719471209,294.89725106300085,295.4722728060072,295.502281593225,295.6056581394759,295.6142868067272,0.4300243101803753,0.4261314685916698,0.4002671740035455,0.39139490436623864,89413.3945,296.31891791774035,-0.3954421515200095,-0.09406279461419369,97.89377187135284,-7.87062513513774,87.58979604290373,74.05852362594806,4.572146884396268,8.728839031384554,0.9595493651938712,7.147611489165253,0.5480387885640532
2040-12-01,Kasese,10529.614022288868,0.827247341034288,19.0,0.0,1.0,0.1098988295973021,1.0000305189751728,3.999954221537241,0.1699,30.0781,0.200000000000001,30.100000000000016,0.004305974576850602,0.0014822182768367503,-0.0028218087694296466,290.5406537002047,1.0,0.0002244032083028798,294.7360755082812,295.31125198715955,295.338940743873,295.44186185028235,295.55027890426226,0.43256256608912985,0.4313776791780426,0.4053432661355894,0.39317738001507946,89413.3945,296.27495563609614,-0.40394710287589614,-0.2263433856270415,91.87689793377132,-7.8098145107879375,94.45506288585057,75.39624163572506,4.261071765163261,8.315692373405236,1.1603084453968302,7.317750533192865,0.6659650901073538
2041-01-01,Kasese,10529.614022288868,0.827247341034288,19.0,0.0,1.0,0.1098988295973021,1.0000305189751728,3.999954221537241,0.1699,30.0781,0.200000000000001,30.100000000000016,0.0038446976936286903,0.0013945038488855064,-0.00278201002635226,290.31642364545934,1.0,0.00020710299847994935,294.9050280939561,295.44949573350203,295.43959325691367,295.45350618661746,295.47563716860185,0.4234242319836125,0.42580433677987534,0.4064859465990047,0.39354402393998883,89413.3945,296.5211184297693,-0.36651667835085616,-0.3018910655658385,69.89292178412035,-8.116817238406782,87.10088799241173,76.83640509183395,3.219878704046994,7.256123059511183,1.0013382368337238,7.197609299585796,0.521948478703082
2041-02-01,Kasese,10529.614022288868,0.827247341034288,19.0,0.0,1.0,0.1098988295973021,1.0000305189751728,3.999954221537241,0.1699,30.0781,0.200000000000001,30.100000000000016,0.0031158276531535714,0.001054327461043789,-0.0026368665726291744,290.0209739994289,1.0,0.00017504472359758136,295.5063052749892,295.99978677786794,295.92309332955733,295.755348269863,295.4827483295988,0.40574162234453653,0.4112866630361867,0.4019640481928441,0.3921349500115441,89413.3945,297.061197640694,-0.32155999210207514,-0.3081152387346678,54.05283830701927,-8.08915420712067,72.29734147227431,76.1765807885633,2.5031737559184193,6.710652121394586,0.5283791072388158,6.813359187021841,0.20908905168669203
2041-03-01,Kasese,10529.614022288868,0.827247341034288,19.0,0.0,1.0,0.1098988295973021,1.0000305189751728,3.999954221537241,0.1699,30.0781,0.200000000000001,30.100000000000016,0.0034187588545596197,0.0009918508617965394,-0.0025794852198716676,290.1206695602825,1.0,0.00017405816124875314,295.85925053000744,296.3668048588388,296.29817263068253,296.10784922194716,295.61978606421843,0.4035093403435231,0.4054908144438139,0.3971860445285018,0.390745610500558,89413.3945,297.3163326294755,-0.2951454132464003,-0.22545596640678456,57.946556429364904,-8.006113325946686,61.32225639176239,73.80876373977556,2.6789341501002224,7.076395413814942,0.56977604923211,6.665018770459553,0.23871218936965102
2041-04-01,Kasese,10529.614022288868,0.827247341034288,19.0,0.0,1.0,0.1098988295973021,1.0000305189751728,3.999954221537241,0.1699,30.0781,0.200000000000001,30.100000000000016,0.004317553675029216,0.0013764775931714966,-0.0026965870774637375,290.5322596723255,1.0,0.00020622605960273857,295.66940845145047,296.22414144391047,296.20355963411686,296.14394113416375,295.78370246490437,0.4168969101633186,0.41630816142541577,0.3997488309208346,0.3912047326082469,89413.3945,297.150622348767,-0.333516309963273,-0.1276557354579711,83.01137328411828,-7.794196021858752,65.80103520538505,72.37085268385232,3.8593978075560016,8.419793151512534,1.2354508837065157,6.928517783946531,0.700154054198073
2041-05-01,Kasese,10529.614022288868,0.827247341034288,19.0,0.0,1.0,0.1098988295973021,1.0000305189751728,3.999954221537241,0.1699,30.0781,0.200000000000001,30.100000000000016,0.005008308117259632,0.0018345859123059772,-0.0028690277912497334,290.85818553795394,1.0,0.00023707534269891116,295.1707348076637,295.7701577333116,295.80151787032855,295.90887931231237,295.8500627894743,0.4321611233927598,0.43122982357753603,0.4088902734074742,0.39304237316473484,89413.3945,296.8232322802325,-0.3746460937923383,-0.03411949570946001,96.36917425510597,-7.793874670064266,79.83294434875869,71.99531158227727,4.466056330944341,8.95226684787105,1.924391498088167,7.345344481519909,1.1451793210241543
2041-06-01,Kasese,10529.614022288868,0.827247341034288,19.0,0.0,1.0,0.1098988295973021,1.0000305189751728,3.999954221537241,0.1699,30.0781,0.200000000000001,30.100000000000016,0.004570381627807609,0.0018370216532806384,-0.002869625870228065,290.5951381291288,1.0,0.0002294802371150822,294.8528438422871,295.4314082165932,295.4701204402006,295.63262075623226,295.7863746751264,0.43124199287902565,0.43563126586023637,0.4154604704536373,0.39464308180423124,89413.3945,296.67575479021264,-0.40844886081343423,0.023989625326212127,85.63492389719097,-8.045019713747863,88.77195993412556,71.114834609422,3.969589249308198,8.533562375657388,1.8210001998399925,7.448406841177015,1.0941987978962475
2041-07-01,Kasese,10529.614022288868,0.827247341034288,19.0,0.0,1.0,0.1098988295973021,1.0000305189751728,3.999954221537241,0.1699,30.0781,0.200000000000001,30.100000000000016,0.0034891630548287062,0.0013464830889636551,-0.0026849588028338522,289.9782097217348,1.0,0.00019354049233452422,294.9023351374775,295.4340028148138,295.44603074348765,295.5449229952991,295.67278126139627,0.4145209138456985,0.4228302504648965,0.41305896061734776,0.39449873754360154,89413.3945,296.7074313506238,-0.41859888360483133,0.0389683112539317,61.68289669209091,-7.952209725269388,81.76438638227611,69.78969351422677,2.9166290705525575,7.309020209836246,1.0599756840188141,7.138725737690688,0.6209157141391585
2041-08-01,Kasese,10529.614022288868,0.827247341034288,19.0,0.0,1.0,0.1098988295973021,1.0000305189751728,3.999954221537241,0.1699,30.0781,0.200000000000001,30.100000000000016,0.0028033823688380817,0.0008041304887026489,-0.0025273574696217972,289.63106696763066,1.0,0.00016886655165027843,295.0827365412674,295.5818090579732,295.5805443533352,295.60949575101745,295.59939463953987,0.4024809322972817,0.4088560433030571,0.4038393394887951,0.39263557534502125,89413.3945,296.7174207451081,-0.4231957917283588,0.039612366300688984,57.204198060948904,-8.034968992792198,68.84471743521773,70.45261517463754,2.6959404262323203,7.05354278197115,0.27415167738555135,6.789331092096798,0.12517256497537765
2041-09-01,Kasese,10529.614022288868,0.827247341034288,19.0,0.0,1.0,0.1098988295973021,1.0000305189751728,3.999954221537241,0.1699,30.0781,0.200000000000001,30.100000000000016,0.002858574054088876,0.0006341017459663181,-0.002517749973759809,289.7353254521139,1.0,0.0001728781141287237,295.2036460995501,295.70504832446005,295.69417771834696,295.6863600829183,295.5816582914631,0.40251185472500656,0.40472418845350694,0.3974129819413454,0.39096723185022486,89413.3945,296.645651353387,-0.4092996751455962,0.02822205866850462,70.39360474707388,-7.9838393673042445,63.742458261716344,72.33905679027043,3.31953051070033,7.537392150547525,0.11559961532197681,6.664302258441736,0.03433412722408893
2041-10-01,Kasese,10529.614022288868,0.827247341034288,19.0,0.0,1.0,0.1098988295973021,1.0000305189751728,3.999954221537241,0.1699,30.0781,0.200000000000001,30.100000000000016,0.003508740620249288,0.0008229034571448304,-0.002623217223820132,290.16172279134094,1.0,0.00019456645333707452,295.158810842748,295.6895438170777,295.6956858578347,295.72082990176415,295.5944961588629,0.4151709199833673,0.4124130920562985,0.3966235019059982,0.3906507459817237,89413.3945,296.50735443150114,-0.39725222584671266,-0.010784752941339718,91.05395898603784,-8.159656938811922,73.41793581107278,73.67220853037423,4.2328903806527824,8.436379885768472,0.36745215051454844,6.845496729579345,0.17585447637118104
2041-11-01,Kasese,10529.614022288868,0.827247341034288,19.0,0.0,1.0,0.1098988295973021,1.0000305189751728,3.999954221537241,0.1699,30.0781,0.200000000000001,30.100000000000016,0.004209766766113889,0.0012349456853100107,-0.002749961835529989,290.4728626529456,1.0,0.00022056366269639834,294.8728976283512,295.4389227358924,295.47284658191535,295.5809794372558,295.5816019645353,0.429612558102297,0.42611743423089204,0.4016632682259104,0.3923415169925832,89413.3945,296.27698537948527,-0.39552754524715494,-0.09556870713633725,98.45247995445875,-8.256184557855873,87.18688043585269,74.09720266250477,4.571574610024884,8.686255956623837,0.9113107585711112,7.174199996344734,0.5270119606466587
2041-12-01,Kasese,10529.614022288868,0.827247341034288,19.0,0.0,1.0,0.1098988295973021,1.0000305189751728,3.999954221537241,0.1699,30.0781,0.200000000000001,30.100000000000016,0.004332926699851215,0.0014831855038067371,-0.002819463606822834,290.53994716058156,1.0,0.00022652194426267015,294.7012440548224,295.26416066104224,295.30208715759596,295.41359392835653,295.51279495159633,0.4339719364688883,0.4327056873841488,0.40666875452347356,0.3942455436331895,89413.3945,296.22238959897044,-0.3978259001864049,-0.21641733431298793,91.61618712265954,-8.148994618340724,94.17781426894179,75.0675184826418,4.24224115091355,8.242934024193879,1.1603027111064652,7.3584226229206955,0.6543835622851418
2042-01-01,Kasese,10529.614022288868,0.827247341034288,19.0,0.0,1.0,0.1098988295973021,1.0000305189751728,3.999954221537241,0.1699,30.0781,0.200000000000001,30.100000000000016,0.0038582758846586744,0.0013973842897820686,-0.002782644696900942,290.3470459354769,1.0,0.00020802935235284244,294.88072568833445,295.4109967714865,295.4071843294775,295.4164500607623,295.43563283982076,0.42487573430396647,0.4277308428912831,0.40763467415109567,0.39465910168790436,89413.3945,296.481174567469,-0.3600486000489023,-0.2930242910028334,70.1195928546574,-8.059810844962966,87.16899018876211,76.28677458834478,3.2408968964215874,7.228184590179256,0.9998153296567721,7.230294400367813,0.5128632131380496
2042-02-01,Kasese,10529.614022288868,0.827247341034288,19.0,0.0,1.0,0.1098988295973021,1.0000305189751728,3.999954221537241,0.1699,30.0781,0.200000000000001,30.100000000000016,0.0031403710994929827,0.0010428096800524343,-0.0026332551209226965,290.0569469254918,1.0,0.0001755375073111564,295.4976020898138,295.97614058222274,295.90946955629437,295.7283334850125,295.44700262450414,0.40627932886112533,0.41224389384964083,0.4025419171165716,0.39336149545608823,89413.3945,297.02644931168237,-0.3160465886958673,-0.30510153463757617,54.117855737579106,-8.115575153933575,72.46993006502186,75.62405864539964,2.5070154574044596,6.7434041409370025,0.5248715631325483,6.819027600202367,0.19961134746104178
2042-03-01,Kasese,10529.614022288868,0.827247341034288,19.0,0.0,1.0,0.1098988295973021,1.0000305189751728,3.999954221537241,0.1699,30.0781,0.200000000000001,30.100000000000016,0.003417292299685948,0.000976899087272055,-0.002577771501780816,290.14215875219674,1.0,0.00017379172237035368,295.8295635821316,296.3234336896841,296.2591728940802,296.07325199399514,295.589730983174,0.403364416251977,0.40724457747717674,0.3983279775939148,0.3916684899552639,89413.3945,297.2577953417485,-0.2940765549244038,-0.23217198496169475,58.13223005934292,-8.176247910630709,61.53877121484144,73.56824971318595,2.6843891156234627,7.082328329483265,0.5814558414000236,6.683101850874234,0.23821727551640492
2042-04-01,Kasese,10529.614022288868,0.827247341034288,19.0,0.0,1.0,0.1098988295973021,1.0000305189751728,3.999954221537241,0.1699,30.0781,0.200000000000001,30.100000000000016,0.004283160531788923,0.0013407969697483198,-0.002692354111440077,290.4943808614991,1.0,0.00020458128490870837,295.6572946880456,296.19720890286476,296.18155268249603,296.1199620135838,295.75639507223224,0.4155897805207472,0.4165483772817618,0.40133758189957325,0.39202950250279,89413.3945,297.11024941737065,-0.333718924497177,-0.1328421791259021,82.23487150568734,-8.192982646673906,65.57102037969337,72.09171642723689,3.800935330818342,8.3994842764339,1.246520046856349,6.946306056861918,0.6870219027727066
2042-05-01,Kasese,10529.614022288868,0.827247341034288,19.0,0.0,1.0,0.1098988295973021,1.0000305189751728,3.999954221537241,0.1699,30.0781,0.200000000000001,30.100000000000016,0.00493742262983579,0.0017721563532070476,-0.002873420819222698,290.82448196953374,1.0,0.00023551548305053363,295.13300493957854,295.71689515924044,295.7582075697803,295.8747474140343,295.81798149999935,0.43231633962267096,0.4322721795007127,0.41060340491937936,0.3937561409162715,89413.3945,296.7765914964736,-0.37377551781668633,-0.032557027747301896,95.67373588549954,-8.009537288231124,79.35262033135193,71.47556640922497,4.421654061755832,8.875496190885888,1.8597138014158185,7.38530240400765,1.0768688674543374
2042-06-01,Kasese,10529.614022288868,0.827247341034288,19.0,0.0,1.0,0.1098988295973021,1.0000305189751728,3.999954221537241,0.1699,30.0781,0.200000000000001,30.100000000000016,0.0045918448610210725,0.0018038321166868683,-0.0028658210717937642,290.6177641833411,1.0,0.0002307230313907026,294.82823130331127,295.3981468718412,295.44906883734285,295.60434604555337,295.74972581352654,0.432200475447784,0.43606135335578333,0.4163881388117055,0.3956195236222995,89413.3945,296.6334204401241,-0.39716227929982556,0.031280389834301876,86.73162105067725,-7.955365041571279,88.63617114957033,70.54353247152372,4.024521837256681,8.475249818812207,1.807989350509417,7.485276125245452,1.068303728339283
2042-07-01,Kasese,10529.614022288868,0.827247341034288,19.0,0.0,1.0,0.1098988295973021,1.0000305189751728,3.999954221537241,0.1699,30.0781,0.200000000000001,30.100000000000016,0.003506527817576056,0.001330307705200582,-0.002685838092124902,290.0161466808849,1.0,0.00019470187625132796,294.87183942404016,295.396520821949,295.41676585284785,295.51108035783744,295.633762370589,0.4161454476153607,0.424480823043546,0.4138645140674278,0.39556043761992893,89413.3945,296.66731674130773,-0.41341341398124015,0.0444244745370077,63.3917201327335,-8.027009164805792,82.18011094972972,69.42393130303591,2.9657281331276635,7.2599088996719905,1.051559991310213,7.163043774443879,0.6194991010829815
2042-08-01,Kasese,10529.614022288868,0.827247341034288,19.0,0.0,1.0,0.1098988295973021,1.0000305189751728,3.999954221537241,0.1699,30.0781,0.200000000000001,30.100000000000016,0.0028485505164046626,0.0008336156655319743,-0.002532218317306671,289.65360059748986,1.0,0.00017056061774690627,295.0488275177716,295.54408523155433,295.54221025145466,295.5705865750031,295.5601635749244,0.4039750124310741,0.410817608977505,0.40513885355625456,0.39393603674484345,89413.3945,296.6696201296931,-0.4182882537475303,0.04004637849103986,57.39636952564132,-8.153294406215641,69.30631000148036,70.10246891199381,2.6805051049199378,7.04384566945491,0.36853468437732656,6.822234174660856,0.19174651780288096
2042-09-01,Kasese,10529.614022288868,0.827247341034288,19.0,0.0,1.0,0.1098988295973021,1.0000305189751728,3.999954221537241,0.1699,30.0781,0.200000000000001,30.100000000000016,0.00276815132962061,0.0006139344144934779,-0.0025234503950081794,289.6960752627482,1.0,0.00017044362179134267,295.19272328396255,295.683197405282,295.6625847256773,295.6508403933421,295.53963006012424,0.4023569373736202,0.40548523617055315,0.39904214900905804,0.3920380149433711,89413.3945,296.62549932049,-0.4181405865831227,0.022130168229992433,69.74358413833964,-8.44308113860374,63.74739152604523,72.03895993536453,3.2319277500479218,7.596576624991035,0.12115504367596158,6.686681105648436,0.035356211486577666
2042-10-01,Kasese,10529.614022288868,0.827247341034288,19.0,0.0,1.0,0.1098988295973021,1.0000305189751728,3.999954221537241,0.1699,30.0781,0.200000000000001,30.100000000000016,0.0034653074594677828,0.0007996925149482557,-0.0026245288625511083,290.13108253040514,1.0,0.0001941455920380729,295.1183795967159,295.6492749292545,295.6496789821174,295.6792578954282,295.55644979323824,0.4154540534335829,0.4129128195371263,0.39803731185837027,0.39138408589127005,89413.3945,296.4523927344102,-0.39880633622550204,-0.014433743689285643,90.39499367684014,-8.407002512170676,72.93770785830209,73.3847207213317,4.183545811822775,8.51284185186407,0.3817812796677964,6.89535519308541,0.1675735986807069
2042-11-01,Kasese,10529.614022288868,0.827247341034288,19.0,0.0,1.0,0.1098988295973021,1.0000305189751728,3.999954221537241,0.1699,30.0781,0.200000000000001,30.100000000000016,0.004168851968623841,0.0012001479429630847,-0.0027452112658629137,290.4413934573461,1.0,0.0002206877748680002,294.83811616260783,295.4066500292236,295.4359829554558,295.5458199285412,295.54796969961996,0.42956726711385135,0.42629792861980215,0.40292735542958164,0.3928311608145166,89413.3945,296.2282181030729,-0.3972353137081282,-0.09563919072799239,99.64346003300743,-8.375690575855684,86.96010416941539,73.96916062652559,4.59824854428674,8.692225023067257,0.9032194057417952,7.2239751992398284,0.5017264611883122
2042-12-01,Kasese,10529.614022288868,0.827247341034288,19.0,0.0,1.0,0.1098988295973021,1.0000305189751728,3.999954221537241,0.1699,30.0781,0.200000000000001,30.100000000000016,0.004346462589808714,0.0014740782157990362,-0.0028177102696485498,290.5372874730886,1.0,0.00022876729190648366,294.64623296442846,295.22376271254006,295.25198905136136,295.3739391647107,295.4813595289578,0.4352554616698721,0.43396478340497796,0.40791270883389424,0.39491701923401107,89413.3945,296.16439806260286,-0.3909326062094753,-0.20781382523412617,91.72464085296095,-8.193641270670211,94.25218155253425,74.73521532006171,4.248648291331936,8.193313117384472,1.1760017035793051,7.418371418497498,0.6381627001792171
2043-01-01,Kasese,10529.614022288868,0.827247341034288,19.0,0.0,1.0,0.1098988295973021,1.0000305189751728,3.999954221537241,0.1699,30.0781,0.200000000000001,30.100000000000016,0.0038435061119924106,0.0013926173666091654,-0.002781753253138649,290.37514799661193,1.0,0.00020912777530941748,294.8374674085381,295.373714702692,295.3642853429989,295.37822855534915,295.4023653917913,0.4263434422822027,0.4289005826653071,0.40849956559854245,0.3957719574161243,89413.3945,296.4411910424364,-0.3543733523129082,-0.28607382654875063,70.67168007372469,-8.153781604675196,87.51689063866836,75.88092210085371,3.261400483288492,7.1935761837936,0.9871832965566071,7.293115278295999,0.5059453129850877
2043-02-01,Kasese,10529.614022288868,0.827247341034288,19.0,0.0,1.0,0.1098988295973021,1.0000305189751728,3.999954221537241,0.1699,30.0781,0.200000000000001,30.100000000000016,0.0031150942712635733,0.0010379006627477241,-0.00262864784914218,290.093750442867,1.0,0.0001760197367702489,295.47306924128526,295.95637133957626,295.88289776884955,295.7022711123993,295.40826971314203,0.4068246718020516,0.41246263628209,0.4027549662454433,0.3944640707321427,89413.3945,296.99991992300585,-0.31101294174448246,-0.3014978264114592,54.072357550199605,-8.046766338673018,72.62469239585947,75.28370258563027,2.5327506899728816,6.7981192198887515,0.5111216084799941,6.860883082088602,0.19549163699387875
2043-03-01,Kasese,10529.614022288868,0.827247341034288,19.0,0.0,1.0,0.1098988295973021,1.0000305189751728,3.999954221537241,0.1699,30.0781,0.200000000000001,30.100000000000016,0.003384028488836919,0.0009791744227850565,-0.0025817933615159116,290.15714794340886,1.0,0.00017368079038117355,295.77849174370766,296.27873346284997,296.2214143251303,296.0405991592749,295.55375333692314,0.4040622666190166,0.407836961632935,0.3990953563280712,0.3928300363605676,89413.3945,297.21118513560265,-0.2936877092188933,-0.23796374496272485,58.061331296825955,-8.130951647408809,61.237007827538385,73.52804132086091,2.7187359287366384,7.115694478894544,0.5751297062138279,6.722077264344551,0.25632197194109685
2043-04-01,Kasese,10529.614022288868,0.827247341034288,19.0,0.0,1.0,0.1098988295973021,1.0000305189751728,3.999954221537241,0.1699,30.0781,0.200000000000001,30.100000000000016,0.004229480245079784,0.001328891845493516,-0.002689440756089255,290.45447121268995,1.0,0.000203732485906085,295.6259404223423,296.1742596530464,296.159689551912,296.09783850952,295.7187787904918,0.4153016444600898,0.4166896597538193,0.4027883830214051,0.3928927925298897,89413.3945,297.0828599542899,-0.33312695111155016,-0.13921709411094244,81.186166857559,-8.392857069766741,65.0058603550875,71.94831392991452,3.7905028122725306,8.41420376794229,1.2473361464820343,6.969492108397708,0.6859644305980823
2043-05-01,Kasese,10529.614022288868,0.827247341034288,19.0,0.0,1.0,0.1098988295973021,1.0000305189751728,3.999954221537241,0.1699,30.0781,0.200000000000001,30.100000000000016,0.00488068455936616,0.0017442093550145074,-0.002874546597743758,290.80146002695085,1.0,0.00023490415372200927,295.075878208588,295.67410452165433,295.71955855916525,295.84246786411387,295.7851304712154,0.43333147103096453,0.4333425778240576,0.4121718698064137,0.3944732444604863,89413.3945,296.7254587499651,-0.3720976727052076,-0.03151524007608523,94.45196969814123,-8.360594247299082,78.56948060916652,71.23841967605654,4.381397157059769,8.836077665309032,1.7973551034951782,7.424429702399036,1.024424365931578
2043-06-01,Kasese,10529.614022288868,0.827247341034288,19.0,0.0,1.0,0.1098988295973021,1.0000305189751728,3.999954221537241,0.1699,30.0781,0.200000000000001,30.100000000000016,0.0046287235549983385,0.0018019784896024396,-0.0028594308387511007,290.6599021054246,1.0,0.00023292867653447108,294.7960175159605,295.3776171860842,295.42589720953987,295.5792942248483,295.714425576639,0.43356394750793287,0.43668431682394476,0.417350579973424,0.39627336008860387,89413.3945,296.5879521004671,-0.3851126163967555,0.038172716026590746,87.02989643360411,-8.083017179646909,88.50315060702394,70.16000312050785,4.052378068218824,8.458084316428538,1.7999261193917666,7.5395326237521525,1.0467749396086197
2043-07-01,Kasese,10529.614022288868,0.827247341034288,19.0,0.0,1.0,0.1098988295973021,1.0000305189751728,3.999954221537241,0.1699,30.0781,0.200000000000001,30.100000000000016,0.0035460527557380395,0.0013410174599729947,-0.002688588410592776,290.06979161901796,1.0,0.00019639673824051908,294.8362783928017,295.3628750945888,295.39075213388145,295.47947504014775,295.59821661003434,0.4176946992208399,0.4257843718865753,0.4148154810868047,0.3964905909464395,89413.3945,296.62338827979346,-0.40705852222054584,0.051434619343544354,63.79717857740366,-7.98953812026907,82.65077019053183,69.13837873357181,3.0102137516940153,7.26057089414369,1.0559118501544233,7.2139385162564205,0.6171324809516342
2043-08-01,Kasese,10529.614022288868,0.827247341034288,19.0,0.0,1.0,0.1098988295973021,1.0000305189751728,3.999954221537241,0.1699,30.0781,0.200000000000001,30.100000000000016,0.0029043792449750124,0.0008645800717059549,-0.0025399509683168217,289.6922331810015,1.0,0.00017163230452163145,295.0112745483131,295.5092694201208,295.5094156982232,295.53138419501187,295.5275494782191,0.40573654723746716,0.4126235096854856,0.406507389692447,0.39513225207080566,89413.3945,296.6323780878657,-0.41332942782132304,0.03960946631916389,57.005929992504264,-8.439869383393061,69.94558505986247,69.65494808311273,2.6868238357959924,7.06254131649093,0.4445709484130807,6.875340352805556,0.25497335910174224
2043-09-01,Kasese,10529.614022288868,0.827247341034288,19.0,0.0,1.0,0.1098988295973021,1.0000305189751728,3.999954221537241,0.1699,30.0781,0.200000000000001,30.100000000000016,0.002700070328442423,0.0005757592871063898,-0.002522955459672622,289.6662376849986,1.0,0.00016731792865746416,295.16369539568865,295.66390689771634,295.6492095405617,295.6173705065812,295.51211895844534,0.4022231189186465,0.4060829698952064,0.40028128311261274,0.39314326954259143,89413.3945,296.622678429191,-0.42536272137434644,0.016061622212574355,68.61485981897165,-8.782612113951052,63.79350998159856,71.67943546120507,3.180209079504953,7.625834365270979,0.09955102942608006,6.7149768594603225,0.03976641580091277
2043-10-01,Kasese,10529.614022288868,0.827247341034288,19.0,0.0,1.0,0.1098988295973021,1.0000305189751728,3.999954221537241,0.1699,30.0781,0.200000000000001,30.100000000000016,0.0034406187539113976,0.0007548906161983851,-0.0026237765040076923,290.1152255772916,1.0,0.00019395195780299904,295.06581275176717,295.61302037740774,295.61892605596853,295.6447008872449,295.5341544297089,0.41601012101475504,0.41330069848517,0.39941651351583934,0.3923099584892092,89413.3945,296.40724442270215,-0.3982274743552409,-0.018859694563813253,89.50867935826801,-8.72750694947173,72.3247390677136,73.03892879626365,4.139403227541219,8.51475453086592,0.3655516688073192,6.92446225723501,0.16376740100128892
2043-11-01,Kasese,10529.614022288868,0.827247341034288,19.0,0.0,1.0,0.1098988295973021,1.0000305189751728,3.999954221537241,0.1699,30.0781,0.200000000000001,30.100000000000016,0.004136225743830119,0.0011648546327506593,-0.0027394275566760187,290.42782149792475,1.0,0.00022077238716967972,294.8035408199407,295.3853061842462,295.4166064693888,295.5189923709774,295.5202207081683,0.42945263487478996,0.42649476416403825,0.40428764020006325,0.3934936124938986,89413.3945,296.19692693838533,-0.3966033371655837,-0.09600195988310507,99.95798341119517,-8.469298142742737,86.36308770014254,73.80316240754547,4.62518238444324,8.675200585525575,0.8708633516263721,7.255283746021148,0.48557947697861764
2043-12-01,Kasese,10529.614022288868,0.827247341034288,19.0,0.0,1.0,0.1098988295973021,1.0000305189751728,3.999954221537241,0.1699,30.0781,0.200000000000001,30.100000000000016,0.004370959297579452,0.0014817687622292093,-0.0028203147587665886,290.5468877365674,1.0,0.00023039014801651148,294.60671944291545,295.1832117555551,295.2146328606412,295.34282459744014,295.4479779541285,0.43656776563055383,0.43532007959262914,0.4094546749193542,0.3957623779427372,89413.3945,296.120652350947,-0.38486814300078254,-0.1985355534207732,91.16300121910378,-8.537281944281412,93.89658324577681,74.25861435944796,4.231774686252582,8.149370300184804,1.1741167750477446,7.450997877846732,0.6261366905178348
2044-01-01,Kasese,10529.614022288868,0.827247341034288,19.0,0.0,1.0,0.1098988295973021,1.0000305189751728,3.999954221537241,0.1699,30.0781,0.200000000000001,30.100000000000016,0.0038570962119764546,0.00140488961635295,-0.0027860358516808258,290.41656325259936,1.0,0.00020978922196816696,294.8076109676743,295.34302493955397,295.32656568533025,295.3413256782258,295.36211340124225,0.42769452648305534,0.43100604952075466,0.40965453817524256,0.396754516867901,89413.3945,296.4205090836966,-0.35061824230344074,-0.27857652463978816,70.78729936145929,-8.542158848610159,87.6663293088177,75.3261615427618,3.2623025201322187,7.187250019300983,0.9611182311080105,7.327471827298864,0.5021357053174588
2044-02-01,Kasese,10529.614022288868,0.827247341034288,19.0,0.0,1.0,0.1098988295973021,1.0000305189751728,3.999954221537241,0.1699,30.0781,0.200000000000001,30.100000000000016,0.003129969851518949,0.001037397059232992,-0.0026284085743683537,290.1307445498597,1.0,0.00017622395402215957,295.45509705871785,295.9423507016518,295.86152606543845,295.6756670508133,295.3706475065872,0.4075514232911382,0.41324028496795834,0.4037093259784224,0.3958426007946016,89413.3945,296.97429318197675,-0.31022385749939524,-0.2988435632399529,54.03172877205643,-8.569646585693263,72.78293706224564,74.82518996480887,2.5079131822383753,6.834688786670715,0.4824903584374516,6.871551348388351,0.1977589183022378
2044-03-01,Kasese,10529.614022288868,0.827247341034288,19.0,0.0,1.0,0.1098988295973021,1.0000305189751728,3.999954221537241,0.1699,30.0781,0.200000000000001,30.100000000000016,0.00327001663332711,0.0008736534861095062,-0.0025570889332899222,290.1993087575767,1.0,0.00017112533424834292,295.85875538722894,296.3583788800772,296.2798600193461,296.06402608707094,295.5140345718108,0.4018675799527318,0.4038952648296355,0.3981187623643314,0.39425604140102694,89413.3945,297.2661758947286,-0.2940163914924574,-0.2330706553347052,59.848449577503004,-8.37912831015653,61.95032763338153,73.04162262547949,2.7885425044341683,7.2766146079695675,0.37350991389719984,6.689522809662776,0.14822498669981274
2044-04-01,Kasese,10529.614022288868,0.827247341034288,19.0,0.0,1.0,0.1098988295973021,1.0000305189751728,3.999954221537241,0.1699,30.0781,0.200000000000001,30.100000000000016,0.0042410951973228354,0.0012807101488484676,-0.002672136880082595,290.5666362381957,1.0,0.0002076540496912882,295.64474759564433,296.1976881613768,296.17645513591225,296.11125145554075,295.68698247922686,0.41583995779691435,0.41485954758862226,0.40058184703944627,0.39448165880678276,89413.3945,297.06933764065803,-0.3303057739355553,-0.12565276179395854,83.96516518924544,-8.440415026455383,66.16631867676954,71.87073940845755,3.9189092162118246,8.561508660656497,1.0658166211118492,6.949992098596019,0.6213189471542058
2044-05-01,Kasese,10529.614022288868,0.827247341034288,19.0,0.0,1.0,0.1098988295973021,1.0000305189751728,3.999954221537241,0.1699,30.0781,0.200000000000001,30.100000000000016,0.00500980803517118,0.0018269784918192606,-0.00286200755976402,290.90202796332034,1.0,0.00023848597980608127,295.0852528559042,295.67591272468593,295.71529635532437,295.8307040566026,295.7500090292351,0.4341126518807739,0.43387276483178,0.41030674245872994,0.39630472046381016,89413.3945,296.7041554250504,-0.3660305104190364,-0.03175233903461938,96.95287615826608,-8.333806129976479,79.96789240389418,71.08251638181018,4.505528485063941,8.989650025840241,1.9245732145464285,7.4400415542960365,1.15304619759277
2044-06-01,Kasese,10529.614022288868,0.827247341034288,19.0,0.0,1.0,0.1098988295973021,1.0000305189751728,3.999954221537241,0.1699,30.0781,0.200000000000001,30.100000000000016,0.004496106517298497,0.0017926904402595439,-0.002868196032580206,290.5812339219878,1.0,0.00022762233043740156,294.7517577334065,295.32504820565464,295.3759787228087,295.5378836214421,295.6868942333797,0.4324937586980035,0.43889736946088265,0.4177769903707156,0.39776968684491787,89413.3945,296.5540870961513,-0.41045108109892103,0.01650634681456824,84.51835419261693,-8.773575175294893,88.51701919557563,70.33413661662193,3.921124178610714,8.526103068609652,1.7702571257327462,7.5472235629859945,1.0709492323077383
2044-07-01,Kasese,10529.614022288868,0.827247341034288,19.0,0.0,1.0,0.1098988295973021,1.0000305189751728,3.999954221537241,0.1699,30.0781,0.200000000000001,30.100000000000016,0.0034168088570933216,0.0012939449789442466,-0.0026809590183592504,289.9508586724438,1.0,0.0001925878300866504,294.80537627823804,295.33110086451853,295.35461651565066,295.44900119567893,295.57096538218684,0.4158931291206404,0.4253606905877281,0.41555548294391587,0.39732204312875474,89413.3945,296.58757510159586,-0.41550361835902866,0.033955284332846225,60.59724292540432,-8.776969900365065,81.11345350691552,68.88296848435158,2.836872435555214,7.291069589916965,1.024948323076592,7.241060545353515,0.5978552718533453
2044-08-01,Kasese,10529.614022288868,0.827247341034288,19.0,0.0,1.0,0.1098988295973021,1.0000305189751728,3.999954221537241,0.1699,30.0781,0.200000000000001,30.100000000000016,0.002711711075668846,0.0007278578348924805,-0.0025205831157472207,289.610042652706,1.0,0.0001691363203366451,294.9935181878343,295.4852151713317,295.486085109517,295.5098098293047,295.4968430197732,0.40402815713550205,0.41070629249939067,0.4075585658514483,0.3953608308740811,89413.3945,296.60283193510276,-0.41962365741247337,0.04092400121809805,56.77731753337307,-8.803180428592297,68.16687863132843,69.60720554875665,2.6615447952105007,7.022805902236787,0.1472923356358219,6.882567002689192,0.04869273245267341
2044-09-01,Kasese,10529.614022288868,0.827247341034288,19.0,0.0,1.0,0.1098988295973021,1.0000305189751728,3.999954221537241,0.1699,30.0781,0.200000000000001,30.100000000000016,0.0028910549313825398,0.0006267878145633311,-0.0025140032167186503,289.7659992046343,1.0,0.00017760466808523488,295.09451760591634,295.59580588138954,295.58071621475324,295.5785178827444,295.4762081325675,0.40607887798875275,0.40752322872596264,0.4008855077998665,0.39383957122286817,89413.3945,296.49687525572244,-0.394108511284432,0.038602727061413294,71.01481389885713,-8.661999149993965,63.72314521222511,71.40055207254206,3.346832333481535,7.4899090818527645,0.10294712696892994,6.785348996367161,0.01696465536187744
2044-10-01,Kasese,10529.614022288868,0.827247341034288,19.0,0.0,1.0,0.1098988295973021,1.0000305189751728,3.999954221537241,0.1699,30.0781,0.200000000000001,30.100000000000016,0.0034833310003180803,0.0008160664881313277,-0.0026192989619691787,290.1828383418431,1.0,0.00019567075449519514,295.07810974255034,295.6016838989694,295.60136939227675,295.6170369050734,295.4906546299256,0.4178289746601691,0.4151004939882285,0.40024456309802786,0.3936002294988353,89413.3945,296.39614258440696,-0.38907282551941136,-0.001249384504200234,91.79740419021869,-8.647770754206915,73.74191909176973,72.66950974025272,4.252586292696026,8.439757731529893,0.34146458125899065,6.9578188234656,0.1562520757101293
2044-11-01,Kasese,10529.614022288868,0.827247341034288,19.0,0.0,1.0,0.1098988295973021,1.0000305189751728,3.999954221537241,0.1699,30.0781,0.200000000000001,30.100000000000016,0.004186359819216259,0.0012225702095312644,-0.0027507911425182253,290.4974649516825,1.0,0.00022098722445788212,294.77795459708585,295.3409522635945,295.3725681989839,295.4858394564837,295.4821627274858,0.432474892139239,0.42934401280041906,0.40509795626289513,0.39539887046788696,89413.3945,296.19228386822755,-0.38865404815228843,-0.08951229648729087,97.87774050978703,-8.891654373992354,87.22526402655926,72.86300043157259,4.531843629542273,8.688009053949834,0.9044245320478407,7.290148722287436,0.4971836311083808
2044-12-01,Kasese,10529.614022288868,0.827247341034288,19.0,0.0,1.0,0.1098988295973021,1.0000305189751728,3.999954221537241,0.1699,30.0781,0.200000000000001,30.100000000000016,0.004247796913812612,0.0014366904144276797,-0.0028133449818377714,290.5541815063915,1.0,0.00022523508770343472,294.6193901387926,295.175990165919,295.2142570168712,295.32869795133,295.4143190252291,0.4353573257107257,0.4347708524650922,0.4102956630504715,0.3972465569764734,89413.3945,296.15083894343087,-0.39718820802126453,-0.2208913964473256,91.62190734855368,-8.635031951775657,93.95136994699537,74.25054406932578,4.231637341590037,8.276995058883074,1.1043442505355812,7.451170124801478,0.6150862965026037
2045-01-01,Kasese,10529.614022288868,0.827247341034288,19.0,0.0,1.0,0.1098988295973021,1.0000305189751728,3.999954221537241,0.1699,30.0781,0.200000000000001,30.100000000000016,0.00380481905471714,0.0013455317794775232,-0.002774656691728456,290.3317534734906,1.0,0.0002078298653453356,294.7827245794054,295.3126046593152,295.31251832379684,295.3340351021869,295.3404549017212,0.4261214828628421,0.42914565780455255,0.41150754680937496,0.3977123500612922,89413.3945,296.3875921962247,-0.3608819740830796,-0.29668996237371786,69.4942425078264,-8.805758933893562,86.39354480279606,75.7353468982884,3.2061928068067123,7.229875377487609,0.9495377509127808,7.327354165450352,0.47579887615435174
2045-02-01,Kasese,10529.614022288868,0.827247341034288,19.0,0.0,1.0,0.1098988295973021,1.0000305189751728,3.999954221537241,0.1699,30.0781,0.200000000000001,30.100000000000016,0.0030827577830771988,0.0010075074267401304,-0.0026297191811311253,290.0399840569235,1.0,0.00017589358018353638,295.3772987863728,295.86547821792124,295.7987822466652,295.63023370527134,295.35010520604277,0.40830006322871704,0.41489389577052904,0.40696324354124297,0.39622800056816826,89413.3945,296.8816462959706,-0.31823287071254497,-0.3046034655425278,53.667737058745466,-8.839153201040721,71.6538704099637,75.03934551369527,2.494494656366535,6.733060232427789,0.4721247576410315,6.9330364400831455,0.16958225139486247
2045-03-01,Kasese,10529.614022288868,0.827247341034288,19.0,0.0,1.0,0.1098988295973021,1.0000305189751728,3.999954221537241,0.1699,30.0781,0.200000000000001,30.100000000000016,0.003377143665536897,0.0009488980331418193,-0.0025744111314972037,290.1451833178328,1.0,0.00017465028433251816,295.7313851789681,296.23136995610236,296.16650770998996,295.9863987193143,295.48946568338397,0.40588832661885105,0.40917037048853916,0.40207876442921603,0.3946970515507515,89413.3945,297.13743536274495,-0.2907781469019127,-0.22184694030633892,57.67647464834255,-9.043188669969394,60.75395201682753,72.60406409477595,2.6738909163997207,7.106309977410675,0.5099524181153114,6.7916528710529604,0.1912307073263003
2045-04-01,Kasese,10529.614022288868,0.827247341034288,19.0,0.0,1.0,0.1098988295973021,1.0000305189751728,3.999954221537241,0.1699,30.0781,0.200000000000001,30.100000000000016,0.004261138910770282,0.0013301503928356106,-0.002691595574366356,290.5497690011067,1.0,0.00020669787025172693,295.5418365498854,296.0904465641315,296.07600165389914,296.02582197153737,295.64893720762245,0.419257929514436,0.4203044676274241,0.4046068459485163,0.39506568635346123,89413.3945,296.9753486637439,-0.3270775702116328,-0.12395098016225779,82.43425830378372,-8.868548060081606,65.48695632141845,71.0835624895388,3.8483841232788536,8.430616444979828,1.156430573740401,7.057903276495714,0.642240315432226
2045-05-01,Kasese,10529.614022288868,0.827247341034288,19.0,0.0,1.0,0.1098988295973021,1.0000305189751728,3.999954221537241,0.1699,30.0781,0.200000000000001,30.100000000000016,0.0049431023562083315,0.001787563344207187,-0.002866137355122361,290.8738586818378,1.0,0.00023719752469188694,295.0416608780882,295.63333270566767,295.67649180614,295.7919101442257,295.71264319600994,0.43452877285527985,0.4350923111584986,0.41229467314424867,0.3969209873901165,89413.3945,296.65739566412316,-0.36607852558183923,-0.030019920834428393,95.94596760913471,-8.856644860376944,79.4457002999473,70.69190394650776,4.457273601767179,8.9195830747948,1.8340641556115607,7.482414322232038,1.0844037148198107
2045-06-01,Kasese,10529.614022288868,0.827247341034288,19.0,0.0,1.0,0.1098988295973021,1.0000305189751728,3.999954221537241,0.1699,30.0781,0.200000000000001,30.100000000000016,0.004503780855925458,0.0017851255222345386,-0.002864190664996383,290.6066995996991,1.0,0.00022973083411855755,294.71775634503234,295.30404437253065,295.3472981249412,295.50978919215686,295.6498855817368,0.4335189375370314,0.43955665550929823,0.4189335523739994,0.398478593209232,89413.3945,296.50638531365166,-0.39989408634807483,0.02633429220671782,85.22519462451554,-8.794418988417336,88.31679729301005,69.86378992951087,3.9626645528967326,8.489051385603572,1.7341275446736442,7.5848066071620615,1.0368401509419176
2045-07-01,Kasese,10529.614022288868,0.827247341034288,19.0,0.0,1.0,0.1098988295973021,1.0000305189751728,3.999954221537241,0.1699,30.0781,0.200000000000001,30.100000000000016,0.0034432971942291997,0.0012938524296315496,-0.002679255894732695,289.99115297442586,1.0,0.00019417679039390444,294.76852305087453,295.30599983062376,295.3176566178281,295.41935524507755,295.5400819727818,0.41709299010243767,0.42673064152984713,0.416459793146486,0.39838471405408943,89413.3945,296.5390860856178,-0.4103374767443168,0.04180246081247984,61.44905673566951,-8.889297204751495,81.27453586427836,68.56972014867041,2.8925534002413045,7.261773968457632,1.0039384343812943,7.271171138939496,0.5858305428359919
2045-08-01,Kasese,10529.614022288868,0.827247341034288,19.0,0.0,1.0,0.1098988295973021,1.0000305189751728,3.999954221537241,0.1699,30.0781,0.200000000000001,30.100000000000016,0.002775562738368421,0.0007564007552369297,-0.0025226928612203992,289.6382261309927,1.0,0.0001698640293735866,294.9464136526555,295.45456464142484,295.4422712892037,295.47920761136555,295.465302400878,0.4050764813206271,0.41259718606825396,0.40881587336059383,0.39663333655626326,89413.3945,296.5516653668292,-0.4139026907135978,0.043747218274616834,56.64312864017598,-8.844621607885095,68.53575131135493,69.31134282128316,2.6667916881095373,7.040223884273954,0.23643000073838047,6.9225516196381465,0.10895221280964502
2045-09-01,Kasese,10529.614022288868,0.827247341034288,19.0,0.0,1.0,0.1098988295973021,1.0000305189751728,3.999954221537241,0.1699,30.0781,0.200000000000001,30.100000000000016,0.0028468861025926127,0.0005939974639279981,-0.00251361374301764,289.73967320989254,1.0,0.00017378625469183237,295.0752342936943,295.58052199804587,295.560932279985,295.55732752607565,295.4423868473181,0.40511981750098286,0.40861869760955444,0.4023007941880568,0.39494379696098386,89413.3945,296.48291751249263,-0.400433063852653,0.03313210197972419,69.86403363113837,-8.90969325894144,63.47540947918568,71.16440794075544,3.2870378853063973,7.544211849599314,0.08308804824820913,6.808873237801634,0.016928382798560637
2045-10-01,Kasese,10529.614022288868,0.827247341034288,19.0,0.0,1.0,0.1098988295973021,1.0000305189751728,3.999954221537241,0.1699,30.0781,0.200000000000001,30.100000000000016,0.0034645193416664908,0.0007822676518936144,-0.002617851326365314,290.1682507570611,1.0,0.00019496534289203122,295.02482189973455,295.56158421081085,295.56585389271993,295.5890034817675,295.45582503168913,0.4173764459022094,0.41620586982317187,0.40141854772211044,0.39448163608719394,89413.3945,296.3452287833157,-0.3884353629944739,-0.006469739764543174,90.70527704296869,-8.860636421279214,73.2462785635229,72.44769492808008,4.223689567299034,8.487670895790727,0.32342147980593405,6.991500045989667,0.14539505275959366
2045-11-01,Kasese,10529.614022288868,0.827247341034288,19.0,0.0,1.0,0.1098988295973021,1.0000305189751728,3.999954221537241,0.1699,30.0781,0.200000000000001,30.100000000000016,0.004145519904422647,0.0011934087552502189,-0.002744980903193261,290.4846106196462,1.0,0.00022094142507875193,294.745032552073,295.3140000941226,295.34761257813483,295.4574247383355,295.44429526122696,0.43195660074420933,0.42999229289720714,0.40637051723452006,0.39597581987277036,89413.3945,296.15654840197914,-0.38711886091349795,-0.09271406812340266,98.28240108018814,-8.889055492192592,86.97537285189792,72.8545687461762,4.579208112118216,8.700270487142719,0.86151349177602,7.319684968751204,0.4831114033186891
2045-12-01,Kasese,10529.614022288868,0.827247341034288,19.0,0.0,1.0,0.1098988295973021,1.0000305189751728,3.999954221537241,0.1699,30.0781,0.200000000000001,30.100000000000016,0.004256948543274129,0.001444014467359826,-0.002815258463926253,290.55719414597525,1.0,0.0002271792528972984,294.56753270396706,295.13577656335315,295.1714256419744,295.28747960228685,295.37702287600945,0.43646184837962015,0.4363037111269226,0.411369254865889,0.39794945095679385,89413.3945,296.1020803120667,-0.38892762824755,-0.21518483857506157,91.33978290493127,-8.804438586105102,94.00524907019717,73.86270200567158,4.253077202415549,8.258894906538996,1.1051660819215376,7.492853299822847,0.6134529615353209
2046-01-01,Kasese,10529.614022288868,0.827247341034288,19.0,0.0,1.0,0.1098988295973021,1.0000305189751728,3.999954221537241,0.1699,30.0781,0.200000000000001,30.100000000000016,0.0037801923563266578,0.001354335963778511,-0.0027805681417651176,290.36137517072194,1.0,0.000209337434659541,294.7460472711536,295.27900077325233,295.2764398334646,295.2902945964811,295.30012619500536,0.42770513673320903,0.43102431092731264,0.4124542008857159,0.39852981807254934,89413.3945,296.36502812523173,-0.35418251539976703,-0.2913438516689491,69.86668658229276,-8.956551407712041,86.88097799074346,75.168149847995,3.2252114168681274,7.220688360283643,0.9312037583178782,7.373905712895343,0.48498629157428796
2046-02-01,Kasese,10529.614022288868,0.827247341034288,19.0,0.0,1.0,0.1098988295973021,1.0000305189751728,3.999954221537241,0.1699,30.0781,0.200000000000001,30.100000000000016,0.003063583427929432,0.0010006603472185382,-0.0026309124145370015,290.06758158737176,1.0,0.00017690583320955288,295.3579729021573,295.8419798558227,295.78288398342164,295.60175356625473,295.31222205790135,0.40906082644653025,0.415485938340128,0.407231641531936,0.3972659980830107,89413.3945,296.86738275726344,-0.3129328481412555,-0.30174411544582297,53.68997855802653,-9.178482743521569,71.86689215232222,74.49201463299005,2.4913544307832862,6.748962323761972,0.45655048150563865,6.963854068659185,0.1746422505723159
2046-03-01,Kasese,10529.614022288868,0.827247341034288,19.0,0.0,1.0,0.1098988295973021,1.0000305189751728,3.999954221537241,0.1699,30.0781,0.200000000000001,30.100000000000016,0.0033464272837641176,0.0009375255667523477,-0.0025802867417920746,290.15004149314217,1.0,0.00017487260246907207,295.68852992576376,296.188341384806,296.1292104290098,295.9529550729018,295.4555832176888,0.40626219720670487,0.41026918969744824,0.40302792579386026,0.3957273737073841,89413.3945,297.1008753645894,-0.29075277283222983,-0.22757964142942042,57.70819015234639,-9.332529341562669,60.85465422844826,72.45871503248578,2.6738768398195014,7.099786829540085,0.5188586628786821,6.827272239571006,0.21683461247697475
2046-04-01,Kasese,10529.614022288868,0.827247341034288,19.0,0.0,1.0,0.1098988295973021,1.0000305189751728,3.999954221537241,0.1699,30.0781,0.200000000000001,30.100000000000016,0.004221138661747506,0.001313372805179203,-0.0026927320654187574,290.50605078156093,1.0,0.00020561098080144161,295.5221030852135,296.07165419530514,296.0480462018223,296.0009786359039,295.6163759621849,0.4186228092304889,0.42020003360774266,0.4059122623757885,0.39604533551061455,89413.3945,296.94897785976445,-0.3275154368854958,-0.1300547308180829,81.77451012275527,-9.39343140655213,64.95314045926217,70.9904424064495,3.808333909134406,8.431018595856722,1.1803816979754964,7.089160841611982,0.6538052946945464
2046-05-01,Kasese,10529.614022288868,0.827247341034288,19.0,0.0,1.0,0.1098988295973021,1.0000305189751728,3.999954221537241,0.1699,30.0781,0.200000000000001,30.100000000000016,0.004892487290978835,0.0017485003027534127,-0.0028703635467644505,290.84040465338154,1.0,0.000236799512237299,294.99762477576974,295.59731104961537,295.61800609215237,295.7530957394837,295.67906113777514,0.43488223328678943,0.43583400636345254,0.4138267720030509,0.3977796929216308,89413.3945,296.6081194423435,-0.36465438188644633,-0.0285886601914431,95.20868789681862,-9.17181220685097,78.9845316286118,70.36663715901835,4.412366903572763,8.922624004138838,1.790050308145806,7.523649776526637,1.0433261343513207
2046-06-01,Kasese,10529.614022288868,0.827247341034288,19.0,0.0,1.0,0.1098988295973021,1.0000305189751728,3.999954221537241,0.1699,30.0781,0.200000000000001,30.100000000000016,0.004540035888225749,0.0017732170334620594,-0.002859003079160559,290.64460948043734,1.0,0.0002322561741776517,294.6951525979426,295.27614965982025,295.3084613563776,295.48039114780664,295.61197483032214,0.4346504949003595,0.4398678181549704,0.41950928171232055,0.3993722320911086,89413.3945,296.4666075136518,-0.3882866207593639,0.035149752022376225,86.11403474381304,-9.071307319288817,88.22695470836754,69.396861270603,3.989845708633309,8.502395599316124,1.74255630092451,7.629668541795944,1.0312525152720096
2046-07-01,Kasese,10529.614022288868,0.827247341034288,19.0,0.0,1.0,0.1098988295973021,1.0000305189751728,3.999954221537241,0.1699,30.0781,0.200000000000001,30.100000000000016,0.003459302396663095,0.001295602345609415,-0.0026792940804991356,290.035741861152,1.0,0.00019594791445682737,294.7339488881807,295.267166946607,295.2833062663685,295.3891192837724,295.49730856383843,0.4183294124943244,0.42784185761863475,0.41695258437531485,0.39936486308301467,89413.3945,296.50148258243695,-0.4036650153228707,0.05008449702685153,62.44212508219872,-8.943476135631085,81.6534511889206,68.26246610677383,2.937704030450845,7.2907211194368315,1.0146621578736303,7.3030319320791515,0.594281833054438
2046-08-01,Kasese,10529.614022288868,0.827247341034288,19.0,0.0,1.0,0.1098988295973021,1.0000305189751728,3.999954221537241,0.1699,30.0781,0.200000000000001,30.100000000000016,0.0027980580573930256,0.0007885086317748852,-0.002527707244170154,289.6727664768055,1.0,0.00017143924400486588,294.9191851505405,295.40884398999293,295.409609590655,295.4482333668282,295.4250189627946,0.4067207916892798,0.4143521252829312,0.4095505780703876,0.3977469339218793,89413.3945,296.5131914515949,-0.4089634143007664,0.043453857647042134,56.63592164632689,-9.10952690650875,68.85829680933277,68.95460797040899,2.656936760157627,7.06851299195185,0.3209537458325812,6.960517054682824,0.1773886838405402
2046-09-01,Kasese,10529.614022288868,0.827247341034288,19.0,0.0,1.0,0.1098988295973021,1.0000305189751728,3.999954221537241,0.1699,30.0781,0.200000000000001,30.100000000000016,0.002722662242172068,0.0005641037886762826,-0.0025166526192908485,289.70975563603673,1.0,0.00017111211027191905,295.0600468737198,295.5534980465217,295.54401197365024,295.5262039145789,295.40715885129765,0.405055480122676,0.4090572881999795,0.403404657616006,0.3959647436895293,89413.3945,296.4715864274412,-0.40874283219682406,0.02576617280778833,69.17491937288628,-9.078527047039545,63.366305609284815,70.88556698683833,3.2209572252638807,7.590358862947025,0.06360906650076963,6.821063438785786,0.020722408993115116
2046-10-01,Kasese,10529.614022288868,0.827247341034288,19.0,0.0,1.0,0.1098988295973021,1.0000305189751728,3.999954221537241,0.1699,30.0781,0.200000000000001,30.100000000000016,0.0034151225996906613,0.0007405452580140909,-0.00262056223642379,290.1535840672307,1.0,0.00019489712639827322,294.9924085923055,295.5201883596594,295.52591005877906,295.5581027686667,295.4258178243358,0.4180686960996414,0.4164725595962835,0.40271026830317275,0.39535307472520703,89413.3945,296.2997420559339,-0.3902344265749566,-0.011106545652648682,90.0872870165003,-9.197343497036757,72.66351543431766,72.17876927795858,4.157311449463068,8.482743052582512,0.29543331902530773,7.0220384089669965,0.1380062210624103
2046-11-01,Kasese,10529.614022288868,0.827247341034288,19.0,0.0,1.0,0.1098988295973021,1.0000305189751728,3.999954221537241,0.1699,30.0781,0.200000000000001,30.100000000000016,0.004107363747699614,0.0011480960939206466,-0.002740191571295164,290.4630534340244,1.0,0.0002213017371791553,294.7103941651069,295.28056331349853,295.3199711684715,295.4260502760031,295.4125819838542,0.432082470510895,0.4297472368724699,0.4076558554975161,0.39679344510555487,89413.3945,296.1265369721653,-0.3889657796035304,-0.09135289241130688,99.04319137578256,-8.988329977956807,86.52771622353588,72.72281455449162,4.585003483945826,8.661827883326469,0.8238272255390354,7.3554428102572205,0.46122632178314515
2046-12-01,Kasese,10529.614022288868,0.827247341034288,19.0,0.0,1.0,0.1098988295973021,1.0000305189751728,3.999954221537241,0.1699,30.0781,0.200000000000001,30.100000000000016,0.0042873119834815725,0.0014368095119332736,-0.0028161466925799333,290.5570047032122,1.0,0.00022905366425662508,294.52113538045796,295.101397117327,295.12954573305177,295.2490560992466,295.3423550080781,0.43768577199670894,0.43730738504468886,0.41283020663690734,0.3989360111605809,89413.3945,296.058738806126,-0.38318211688223247,-0.20401087853034414,91.06317976253956,-9.258358783243748,93.70720104667988,73.46637457981815,4.238816333142506,8.184292053620092,1.09618503871023,7.544998677703041,0.5997716328806015
2047-01-01,Kasese,10529.614022288868,0.827247341034288,19.0,0.0,1.0,0.1098988295973021,1.0000305189751728,3.999954221537241,0.1699,30.0781,0.200000000000001,30.100000000000016,0.003787250030650915,0.0013635964342718094,-0.0027789296779599276,290.39043011347843,1.0,0.00020958449564252186,294.70464754373484,295.25191743185377,295.2360856568173,295.24954608777745,295.2658533785547,0.4287928089686661,0.43251816811572974,0.4134026957606484,0.39966622390813084,89413.3945,296.3354369005811,-0.34954946388732716,-0.2829010133618555,69.99529502903447,-9.235625529768399,87.05497594905138,74.57164354361696,3.2597879725470738,7.196930417705416,0.9134482290695609,7.421279673766638,0.48248782081130637
2047-02-01,Kasese,10529.614022288868,0.827247341034288,19.0,0.0,1.0,0.1098988295973021,1.0000305189751728,3.999954221537241,0.1699,30.0781,0.200000000000001,30.100000000000016,0.0030719700908838003,0.0010078089534906864,-0.002627545186078153,290.1057373335075,1.0,0.00017644097993031578,295.3378239439333,295.8292427897403,295.75094647185716,295.5714004451263,295.277654318723,0.4091243219187408,0.41601241573066794,0.40784074960811073,0.3985522067072181,89413.3945,296.83675534896383,-0.30838076687990706,-0.29828133823415254,53.58171160745969,-9.440828447894658,72.24554295623052,73.93122308823752,2.5160517148126647,6.800912961390824,0.44284385486135586,6.983145374983259,0.17577177602043392
2047-03-01,Kasese,10529.614022288868,0.827247341034288,19.0,0.0,1.0,0.1098988295973021,1.0000305189751728,3.999954221537241,0.1699,30.0781,0.200000000000001,30.100000000000016,0.0033388921952994892,0.0009363808269821439,-0.0025770680116513926,290.1650248849792,1.0,0.00017418419040017745,295.6475680491032,296.1480199594791,296.0863358046592,295.9148647755847,295.4241149838967,0.4063437753119059,0.4115430819334966,0.40415792867135364,0.39692305708932013,89413.3945,297.05118907614786,-0.29103615202293076,-0.23422009359385942,57.49024676717895,-9.454022023756238,61.06075480385115,72.20952413850613,2.6911065665000464,7.1270791957227315,0.5091977699414889,6.852957939236009,0.23514927475051114
2047-04-01,Kasese,10529.614022288868,0.827247341034288,19.0,0.0,1.0,0.1098988295973021,1.0000305189751728,3.999954221537241,0.1699,30.0781,0.200000000000001,30.100000000000016,0.004182388661078063,0.0012861553032246153,-0.00268717061873964,290.46071762535666,1.0,0.0002045722624533417,295.4973417805722,296.0436082043472,296.0352716830893,295.9721367822942,295.58616538335906,0.4177984997426843,0.4199527884836869,0.4076590762425223,0.3970734220205787,89413.3945,296.92121223915393,-0.32838773984992525,-0.13619206002014655,80.68772464192692,-9.42343358064791,64.65091522127844,70.67250306034413,3.7516141394132148,8.438931549364192,1.182117226062192,7.108011182438385,0.6462999898377604
2047-05-01,Kasese,10529.614022288868,0.827247341034288,19.0,0.0,1.0,0.1098988295973021,1.0000305189751728,3.999954221537241,0.1699,30.0781,0.200000000000001,30.100000000000016,0.00481791210413303,0.0016966752803435163,-0.0028707632561099645,290.80774562173195,1.0,0.00023596673928166756,294.94816890584985,295.54923791775735,295.5923452334475,295.7209573210178,295.64849275727966,0.43563565819276673,0.43662755674093184,0.41567744150564384,0.39869873515537874,89413.3945,296.56924244046985,-0.36448111736128314,-0.02822662662051595,94.24234428738714,-9.311385014639464,78.29998738996473,69.95466595256049,4.338695315035721,8.868529226015399,1.7303851103294103,7.5574240978076785,0.9789469675442927
2047-06-01,Kasese,10529.614022288868,0.827247341034288,19.0,0.0,1.0,0.1098988295973021,1.0000305189751728,3.999954221537241,0.1699,30.0781,0.200000000000001,30.100000000000016,0.004562756636870008,0.0017581093660416888,-0.0028563956257908734,290.6669628714864,1.0,0.00023448004587445456,294.6650069837568,295.24362644225334,295.2977350399811,295.4570664605312,295.5778049460739,0.43612087098914903,0.43991063989961005,0.4206197638100193,0.40043551452855214,89413.3945,296.42703235940155,-0.37759196655785804,0.041792578885799375,86.94688407561155,-8.824168704105935,88.09681546504385,68.91546445435611,4.022335768131383,8.5017682680325,1.729887835579886,7.669591358501012,1.0080456064573762
2047-07-01,Kasese,10529.614022288868,0.827247341034288,19.0,0.0,1.0,0.1098988295973021,1.0000305189751728,3.999954221537241,0.1699,30.0781,0.200000000000001,30.100000000000016,0.003476222695533065,0.0012939724442117319,-0.002680779436056402,290.0831566917889,1.0,0.00019760737025101066,294.7054158563048,295.2355900153697,295.25811805789,295.3587722486654,295.46234996614373,0.4199769603637882,0.42891357786638734,0.4178020584931445,0.40057850598024247,89413.3945,296.4625036054065,-0.3987606134535329,0.05616104379182605,63.70368867354981,-9.014591384335413,82.10513071016204,67.95105277197685,2.984873696367305,7.283551521875459,1.007880936575314,7.3367975281659215,0.596894891370127
2047-08-01,Kasese,10529.614022288868,0.827247341034288,19.0,0.0,1.0,0.1098988295973021,1.0000305189751728,3.999954221537241,0.1699,30.0781,0.200000000000001,30.100000000000016,0.0028451094572211635,0.0008265522067814943,-0.0025288065973262806,289.7013074063489,1.0,0.0001726878730989547,294.88373765795205,295.3792226513603,295.38121201546784,295.41055135535953,295.3876052751877,0.40813557976389664,0.41583696122500985,0.4107016270137726,0.39913845059235026,89413.3945,296.46814857019695,-0.4050586175547646,0.043516602121590885,56.70926081805745,-9.283801171891238,69.27584816651915,68.55169524265173,2.6766482630520496,7.081342579196959,0.3943663906293759,7.002247567489191,0.2477438577337324
2047-09-01,Kasese,10529.614022288868,0.827247341034288,19.0,0.0,1.0,0.1098988295973021,1.0000305189751728,3.999954221537241,0.1699,30.0781,0.200000000000001,30.100000000000016,0.002631656202109215,0.0005400505196657687,-0.002512935576630851,289.685725057044,1.0,0.00016811416453564823,295.03986462221116,295.53619356759026,295.51648118519614,295.4986165240387,295.37075975314576,0.404324349908763,0.40941787536377555,0.4047187291323538,0.39725349648827407,89413.3945,296.45541891417935,-0.41635694370108006,0.019222275051993917,68.22209394800579,-9.61738563800315,63.27524321472057,70.57522777725042,3.172232262760899,7.6274055826925276,0.044600280809481474,6.837100335752441,0.022281599626776782
2047-10-01,Kasese,10529.614022288868,0.827247341034288,19.0,0.0,1.0,0.1098988295973021,1.0000305189751728,3.999954221537241,0.1699,30.0781,0.200000000000001,30.100000000000016,0.0033788064473343504,0.0007223772541883498,-0.0026146358337205268,290.13764099103423,1.0,0.00019478438295986614,294.94311134556233,295.4787802873779,295.48330272470804,295.5269937751812,295.39122790525283,0.41813855259679134,0.41687227318215286,0.4041866493327079,0.3965633647407823,89413.3945,296.24171816758366,-0.3895011479797231,-0.01573206544292775,89.22657362562215,-9.439298801396037,71.99519668847235,72.00002588579265,4.129478303429533,8.503351801478624,0.2842375637315033,7.050056936602779,0.12902274331277544
2047-11-01,Kasese,10529.614022288868,0.827247341034288,19.0,0.0,1.0,0.1098988295973021,1.0000305189751728,3.999954221537241,0.1699,30.0781,0.200000000000001,30.100000000000016,0.004070971381344155,0.00112859819712946,-0.002732999822732748,290.44855820530637,1.0,0.0002216947141847476,294.67554932281763,295.2440823402435,295.2784399445084,295.39840181125646,295.3825809818008,0.43168813256077493,0.4297805891059014,0.4093098414953955,0.39786214170019707,89413.3945,296.08672455309454,-0.3868822609193337,-0.09310239241196978,99.48287836445905,-9.190613752488979,86.22061245472294,72.75810590484805,4.615288758766709,8.644487635197684,0.7848240343851156,7.386030306771343,0.4414325074050504
2047-12-01,Kasese,10529.614022288868,0.827247341034288,19.0,0.0,1.0,0.1098988295973021,1.0000305189751728,3.999954221537241,0.1699,30.0781,0.200000000000001,30.100000000000016,0.0043097079829064345,0.001443867451163374,-0.0028157246817698905,290.5523767784293,1.0,0.00023098786520838824,294.47568312457526,295.04822323949014,295.07991097730377,295.22090835102927,295.3163378863187,0.43891366913611535,0.43858366816924343,0.414571141648042,0.40012536242398616,89413.3945,296.0121937825779,-0.37483017412019054,-0.19519068403624243,91.00581579237353,-9.410199733249165,93.75650372574582,73.10562385702745,4.2267408536002185,8.118742746906387,1.098830079604742,7.590710260107216,0.5883221510692658
2048-01-01,Kasese,10529.614022288868,0.827247341034288,19.0,0.0,1.0,0.1098988295973021,1.0000305189751728,3.999954221537241,0.1699,30.0781,0.200000000000001,30.100000000000016,0.00378810279514198,0.0013676641107275166,-0.002781090659582782,290.4105547158112,1.0,0.0002100112041078608,294.6777271990367,295.2053194503339,295.19109658613695,295.2205192411149,295.24066742670215,0.4303608066322826,0.43441503496253714,0.4146718603448339,0.401219446760476,89413.3945,296.31247538087104,-0.34316573511887816,-0.2754765605355985,70.44150561075844,-9.409737864118672,87.46794006631113,74.00186132772497,3.2796444735475165,7.176930728202836,0.8936560320936492,7.466458052287759,0.48158100738326715
2048-02-01,Kasese,10529.614022288868,0.827247341034288,19.0,0.0,1.0,0.1098988295973021,1.0000305189751728,3.999954221537241,0.1699,30.0781,0.200000000000001,30.100000000000016,0.003064391431744046,0.0009989359311556466,-0.002624471371340113,290.13197665473194,1.0,0.00017670387483196043,295.32731104485356,295.8073005240881,295.7266666184964,295.55639239852934,295.2495699528676,0.410081527927483,0.41715448661463067,0.4085002404763789,0.4000756595507533,89413.3945,296.81349088890556,-0.3035537018721153,-0.2959557772842233,53.952676352215065,-9.434635447678886,72.47796424569107,73.46486194243737,2.5161047048962257,6.8463231781581415,0.4346523536362834,7.005250072970416,0.17077205974903642
2048-03-01,Kasese,10529.614022288868,0.827247341034288,19.0,0.0,1.0,0.1098988295973021,1.0000305189751728,3.999954221537241,0.1699,30.0781,0.200000000000001,30.100000000000016,0.0032072265348888785,0.0008372762656158325,-0.0025526360955642645,290.2145090065134,1.0,0.00017205923628420503,295.7301843422815,296.220231340672,296.14710089319624,295.94069023203895,295.3858298845187,0.40440232701109613,0.4075324112137649,0.402816050560653,0.3983901977807278,89413.3945,297.1043645514558,-0.28787696893854253,-0.22966023786632161,59.59760490079526,-9.073068646336386,61.56551787988068,71.7725354114582,2.7867324596254215,7.294077100404056,0.33635362917998707,6.8173790728468715,0.11643002745476116
2048-04-01,Kasese,10529.614022288868,0.827247341034288,19.0,0.0,1.0,0.1098988295973021,1.0000305189751728,3.999954221537241,0.1699,30.0781,0.200000000000001,30.100000000000016,0.004186443540984955,0.0012379426516360619,-0.0026720318707943148,290.58750629599007,1.0,0.00020876097040274273,295.51248311246576,296.068695557233,296.04755525919023,295.9874698841019,295.5479559894402,0.418258581599155,0.418512373037679,0.4052847117747423,0.3983726128697292,89413.3945,296.90749922401534,-0.32186290557990443,-0.12031371536427053,83.91717473197143,-9.08864211946447,65.61323031511704,70.66419893484068,3.8894731610554243,8.590577388810422,1.0223880026783674,7.084188086720661,0.5763696476596836
2048-05-01,Kasese,10529.614022288868,0.827247341034288,19.0,0.0,1.0,0.1098988295973021,1.0000305189751728,3.999954221537241,0.1699,30.0781,0.200000000000001,30.100000000000016,0.004955617231636012,0.0017902290578259087,-0.002862494000449412,290.9248762850677,1.0,0.00023943455293613556,294.9537347863979,295.5572039442457,295.5853155163214,295.7035187470313,295.60922357823046,0.4365741084028895,0.437323345388087,0.4134335709598816,0.4001913652492933,89413.3945,296.542714512834,-0.358066320996294,-0.026289298385596415,96.57112185039928,-9.256685886702304,79.44368771834293,69.91593297324233,4.4779658118984615,8.985642459520996,1.8641704714120502,7.5822272272613525,1.1074921719458564
2048-06-01,Kasese,10529.614022288868,0.827247341034288,19.0,0.0,1.0,0.1098988295973021,1.0000305189751728,3.999954221537241,0.1699,30.0781,0.200000000000001,30.100000000000016,0.004426489079747558,0.00175224490638,-0.0028680984651056965,290.59600063242425,1.0,0.00022817095864658237,294.6184441803768,295.20864464859255,295.24455611450225,295.42094425203726,295.5479036860741,0.4349518913411014,0.442554341255684,0.4198962903164627,0.401619960311252,89413.3945,296.39552047390424,-0.4027874225979858,0.02132633423249621,84.2576897535664,-9.74772278945195,88.00591060540516,69.15718529688654,3.8920538807946166,8.522433106281143,1.6921076497247105,7.688449959836844,1.0254456745859373
2048-07-01,Kasese,10529.614022288868,0.827247341034288,19.0,0.0,1.0,0.1098988295973021,1.0000305189751728,3.999954221537241,0.1699,30.0781,0.200000000000001,30.100000000000016,0.003344632777419225,0.0012596333674470327,-0.002674667474518491,289.96414831890985,1.0,0.00019308040913758749,294.6712738169456,295.20951021435945,295.22523826519404,295.331819704941,295.433085310969,0.4183022777669018,0.4289031218820207,0.4177273088192068,0.40122199796549957,89413.3945,296.42503385410845,-0.407760085873464,0.036238042421044066,60.17878041362948,-9.68010773453186,80.77012775244684,67.77993698363213,2.8179078024042266,7.270058901401204,0.9716100408154013,7.378975160966117,0.5655060543810149
2048-08-01,Kasese,10529.614022288868,0.827247341034288,19.0,0.0,1.0,0.1098988295973021,1.0000305189751728,3.999954221537241,0.1699,30.0781,0.200000000000001,30.100000000000016,0.0026419272009691533,0.0006829320525728739,-0.002514685725911252,289.6217046881409,1.0,0.0001692202243313843,294.8559985276692,295.3577980288656,295.3558274549607,295.39520913013683,295.3588160371171,0.4063952128564738,0.4143522790753736,0.4113990117448687,0.3992277557378139,89413.3945,296.43444857688434,-0.41161046755761105,0.044581202181115415,56.638529117735594,-9.415210539684475,67.60638285524719,68.4894040710473,2.645761159118768,7.019225864591209,0.1012922742427604,7.022551065810934,0.03278271363679792
2048-09-01,Kasese,10529.614022288868,0.827247341034288,19.0,0.0,1.0,0.1098988295973021,1.0000305189751728,3.999954221537241,0.1699,30.0781,0.200000000000001,30.100000000000016,0.002830494804591702,0.0005810081296825459,-0.0025081480490635557,289.7847210720452,1.0,0.0001781916764081882,294.9620111318631,295.461798557341,295.4562884642991,295.4597888868355,295.3373448158178,0.4085983845756486,0.41126268390330595,0.40580060551987357,0.39776232162521596,89413.3945,296.3376117523556,-0.3854157420924504,0.04141825145200612,70.66627538463014,-9.28790099512461,62.9262628968638,70.27754254373582,3.325499196052378,7.494927157566671,0.06832816062806783,6.92529392770347,0.0013337018527543505
2048-10-01,Kasese,10529.614022288868,0.827247341034288,19.0,0.0,1.0,0.1098988295973021,1.0000305189751728,3.999954221537241,0.1699,30.0781,0.200000000000001,30.100000000000016,0.0034176857549011916,0.000767015298013948,-0.002615126958581937,290.19638436313477,1.0,0.00019640025490726102,294.94361398626614,295.47009734740146,295.4688801334211,295.49753948788543,295.3494220013601,0.4201708709071599,0.41894537741291654,0.4051278935758498,0.39761945803747833,89413.3945,296.23644559421695,-0.3804214738205928,0.0021291300696146495,91.21430806214927,-9.27131766826435,72.98215394032097,71.56813593621496,4.239267894456222,8.447186149258009,0.2789594920841319,7.095570314684807,0.12881820593259308
2048-11-01,Kasese,10529.614022288868,0.827247341034288,19.0,0.0,1.0,0.1098988295973021,1.0000305189751728,3.999954221537241,0.1699,30.0781,0.200000000000001,30.100000000000016,0.0041174064442821845,0.00117553473820907,-0.002745010895919317,290.5106439876411,1.0,0.00022174827595657955,294.63972054871874,295.21244690504705,295.24106102447604,295.365204989628,295.3416870411146,0.4348941987295576,0.4331193876177988,0.4098828234391542,0.39949189919457506,89413.3945,296.0908000745879,-0.37947814032943666,-0.08784915761400136,97.4015350433172,-9.546156935321887,86.76922642440269,71.71754838099893,4.518665136485592,8.698946081633899,0.8437832279351646,7.426232359571492,0.45665978741217517
2048-12-01,Kasese,10529.614022288868,0.827247341034288,19.0,0.0,1.0,0.1098988295973021,1.0000305189751728,3.999954221537241,0.1699,30.0781,0.200000000000001,30.100000000000016,0.004185234772577844,0.0013990733375029783,-0.0028077455237574913,290.5685070634286,1.0,0.00022575078448877235,294.4798532143384,295.04926191116505,295.0746084120503,295.2089531242807,295.28551912963843,0.4377882605843932,0.4383112794509745,0.41485332836107397,0.40133161244643273,89413.3945,296.03851500912793,-0.38863995215374225,-0.218644365712414,91.14974516117451,-9.370453122160097,93.66226272384853,73.07663445014403,4.232110064353324,8.285736225165266,1.0454206760256028,7.589970817261985,0.5719944033728157
2049-01-01,Kasese,10529.614022288868,0.827247341034288,19.0,0.0,1.0,0.1098988295973021,1.0000305189751728,3.999954221537241,0.1699,30.0781,0.200000000000001,30.100000000000016,0.0037293104751665138,0.0013062888278691364,-0.002769096238421899,290.34661130241466,1.0,0.00020887910427307325,294.6489353519482,295.1867969694466,295.1771282380716,295.215299229814,295.22613421427997,0.4282240277867582,0.43281248467013994,0.4161511073709146,0.40171768638449445,89413.3945,296.2858413285398,-0.3546756205087596,-0.29310509386505035,69.16958595653635,-9.602749822204721,86.26919300546429,74.35752589894149,3.1920820101301306,7.209580294687497,0.8918663598142814,7.4665694430132605,0.444509899292977
2049-02-01,Kasese,10529.614022288868,0.827247341034288,19.0,0.0,1.0,0.1098988295973021,1.0000305189751728,3.999954221537241,0.1699,30.0781,0.200000000000001,30.100000000000016,0.00300610876462199,0.0009703633561329376,-0.002623204374163641,290.0498954948513,1.0,0.00017701787859993178,295.24994087845903,295.73215940064,295.6599698403692,295.51630868903453,295.2330541451033,0.41029729392565795,0.41812743605692365,0.41160744642025665,0.40023383253676004,89413.3945,296.7315031481274,-0.315404695593942,-0.2994289436251893,52.99275044756971,-9.503232333468372,71.4784869194185,73.70161244851937,2.477001612394606,6.696292876602134,0.4173629159353469,7.0680529911476375,0.14456612707920544
2049-03-01,Kasese,10529.614022288868,0.827247341034288,19.0,0.0,1.0,0.1098988295973021,1.0000305189751728,3.999954221537241,0.1699,30.0781,0.200000000000001,30.100000000000016,0.003300394508356157,0.0009010887076066205,-0.0025672742708727583,290.14641738830323,1.0,0.0001758254764744077,295.60009479938145,296.0979730631274,296.0276218858617,295.8664081623165,295.3635007413864,0.4076201831979189,0.4125646839007889,0.406859060997024,0.3987748924680526,89413.3945,296.98960142671405,-0.28783206174405385,-0.21579948174602517,56.94069095552848,-9.469730194046896,60.54523749262321,71.29740577801363,2.6471054886343786,7.065014058874702,0.4512120512245299,6.924155269355725,0.17431158969514673
2049-04-01,Kasese,10529.614022288868,0.827247341034288,19.0,0.0,1.0,0.1098988295973021,1.0000305189751728,3.999954221537241,0.1699,30.0781,0.200000000000001,30.100000000000016,0.0042007426935412725,0.0012878617507865264,-0.002687677512060454,290.56084311317977,1.0,0.0002075111118739078,295.40434981177964,295.9507690593152,295.93527907881685,295.90356705107905,295.5118535009848,0.42153374565698387,0.423331221785924,0.40925350253457005,0.3992002446296324,89413.3945,296.82556964028595,-0.322031009610764,-0.11973032472492416,81.87707546873894,-9.332956920715313,65.02243781703993,69.88458479225461,3.821059721719287,8.409239195810853,1.1078358622786562,7.19531149516963,0.6122796534358824
2049-05-01,Kasese,10529.614022288868,0.827247341034288,19.0,0.0,1.0,0.1098988295973021,1.0000305189751728,3.999954221537241,0.1699,30.0781,0.200000000000001,30.100000000000016,0.004881669334010553,0.0017452088983137349,-0.0028632794415666706,290.890874845182,1.0,0.00023834961294513617,294.9068877381967,295.4946544424195,295.53809661218344,295.66473258357564,295.5751549594274,0.43708980503932704,0.43833107566720236,0.4153705306962617,0.40105349165285015,89413.3945,296.50563593858595,-0.3576625135087941,-0.026021093838201528,95.63769487041289,-9.46160869937829,78.97210454307402,69.52645839552078,4.426249203014041,8.926850042531244,1.7841751707901514,7.625379781621867,1.0492173500400879
2049-06-01,Kasese,10529.614022288868,0.827247341034288,19.0,0.0,1.0,0.1098988295973021,1.0000305189751728,3.999954221537241,0.1699,30.0781,0.200000000000001,30.100000000000016,0.004445408838485504,0.001741607142299674,-0.0028623093577042906,290.6292352852004,1.0,0.00023064427770129694,294.59367644812363,295.16352238230166,295.2177559558948,295.38428392965415,295.5107531290425,0.43617304091278863,0.4427872766108405,0.4207468174225697,0.4026283414711617,89413.3945,296.3606138255462,-0.39154395220144217,0.029534671623117514,84.94644910509687,-9.741886361090396,87.83907102698542,68.64532624342719,3.928368549494412,8.494660064461607,1.6920024393212583,7.735335698853504,0.9972962767085479
2049-07-01,Kasese,10529.614022288868,0.827247341034288,19.0,0.0,1.0,0.1098988295973021,1.0000305189751728,3.999954221537241,0.1699,30.0781,0.200000000000001,30.100000000000016,0.003365502234779555,0.001258491081457307,-0.0026756684626052032,290.0106677486414,1.0,0.00019491100770339175,294.6503572688201,295.17000375313756,295.1943560712016,295.29319528514657,295.39888562341474,0.4194981913071851,0.4300129516274831,0.41832944215243834,0.40243528808294826,89413.3945,296.3915953292781,-0.4019261589851168,0.045420661244490325,61.47056654201126,-9.854907797023488,80.856558759523,67.36038982279798,2.8695218424292945,7.280164335798863,0.9783016130223895,7.4241267382955956,0.5593282129678122
2049-08-01,Kasese,10529.614022288868,0.827247341034288,19.0,0.0,1.0,0.1098988295973021,1.0000305189751728,3.999954221537241,0.1699,30.0781,0.200000000000001,30.100000000000016,0.0026785495692936375,0.0007190288376354989,-0.002517170769496592,289.65526821258624,1.0,0.00017094309947359416,294.8356195890257,295.32311927658316,295.32133986842246,295.35630150648063,295.32454554277814,0.40744599461818454,0.41601002327973985,0.41217722209190666,0.4007595933914856,89413.3945,296.39979776588,-0.406577536375551,0.047100056735115865,56.5770389760213,-9.739530453663093,68.03749682732168,68.05784237870951,2.657078122933657,7.046102286640571,0.1956233427013531,7.073873709423562,0.09449270709779607
2049-09-01,Kasese,10529.614022288868,0.827247341034288,19.0,0.0,1.0,0.1098988295973021,1.0000305189751728,3.999954221537241,0.1699,30.0781,0.200000000000001,30.100000000000016,0.0027319380712654377,0.0005661753629924799,-0.00250654846054661,289.74897220474173,1.0,0.0001745572180894179,294.95228027446046,295.4503104454794,295.4307333035218,295.433367745489,295.3034751188358,0.40773683061509775,0.4118220225041933,0.40692119118093467,0.39901285337620446,89413.3945,296.32508708573056,-0.3939607854462462,0.03596005921396652,69.98330770376943,-9.77453185916053,63.00714484029141,69.96469373727889,3.28123108639261,7.543797905154981,0.037340349547940264,6.947908345760112,0.0038425349825308617
2049-10-01,Kasese,10529.614022288868,0.827247341034288,19.0,0.0,1.0,0.1098988295973021,1.0000305189751728,3.999954221537241,0.1699,30.0781,0.200000000000001,30.100000000000016,0.0033779955195275472,0.0007414995434629877,-0.002611267017466301,290.17626043936775,1.0,0.0001961693980171024,294.9016437696678,295.4392903588404,295.43011965419396,295.4652915198748,295.3157331189228,0.42013246307784374,0.4193976843610612,0.4061129603138199,0.39858579489515705,89413.3945,296.1805906425445,-0.38200246465941784,-0.0017032366693829372,90.32307908514322,-9.728686649048797,72.71437098207615,71.32802993640132,4.2070500136554765,8.469548160509987,0.26417471412813087,7.129913218866089,0.12110141932378632
2049-11-01,Kasese,10529.614022288868,0.827247341034288,19.0,0.0,1.0,0.1098988295973021,1.0000305189751728,3.999954221537241,0.1699,30.0781,0.200000000000001,30.100000000000016,0.004082443035366836,0.001152710233856165,-0.002737120284441044,290.4887389886831,1.0,0.00022190134742630587,294.61294450125007,295.1884230000587,295.21304719402843,295.3306778982441,295.30489043838946,0.43462921049019637,0.4331187991644825,0.4111006277732138,0.4000785482565607,89413.3945,296.0466600880549,-0.3812125810959314,-0.08704957242235462,97.93070222409438,-9.7570049263255,86.41253670619005,71.62317360622018,4.5586057284718295,8.688594761376871,0.804352219737153,7.451621550929441,0.44307767328812625
2049-12-01,Kasese,10529.614022288868,0.827247341034288,19.0,0.0,1.0,0.1098988295973021,1.0000305189751728,3.999954221537241,0.1699,30.0781,0.200000000000001,30.100000000000016,0.004205198668813429,0.001395885069429393,-0.0028057055713493115,290.5673359221766,1.0,0.00022822335514613085,294.4385323687958,295.015495075949,295.03907518503235,295.1718262249522,295.25991609643347,0.4390351814381932,0.43943984828844257,0.41620628800621856,0.40206791230650984,89413.3945,295.99096605287036,-0.38270139763169403,-0.20859585596356492,90.84835695162099,-9.47350776519604,93.49336490871434,72.64821744346871,4.2377946202503445,8.248851371584557,1.0480613799685738,7.631848674626487,0.5709701608037415
2050-01-01,Kasese,10529.614022288868,0.827247341034288,19.0,0.0,1.0,0.1098988295973021,1.0000305189751728,3.999954221537241,0.1699,30.0781,0.200000000000001,30.100000000000016,0.0037332460432476025,0.0013073145325001676,-0.0027660942736954866,290.3727024946297,1.0,0.0002092010111039573,294.6133707251591,295.1547855745537,295.14488254985685,295.17936332168557,295.2111728423759,0.4300552534788043,0.43434403834422314,0.417361791650619,0.4027144014962218,89413.3945,296.2559009551342,-0.3500785637681376,-0.287106765368802,69.28661969699583,-9.67912958473798,86.57358592244206,73.90900183194081,3.2210458986878816,7.223427337737715,0.8667262184826577,7.5061632685089625,0.453711276462486
2050-02-01,Kasese,10529.614022288868,0.827247341034288,19.0,0.0,1.0,0.1098988295973021,1.0000305189751728,3.999954221537241,0.1699,30.0781,0.200000000000001,30.100000000000016,0.003017996743271363,0.0009582423840348223,-0.0026178296573050354,290.0843748376533,1.0,0.00017640372573525629,295.2245130628781,295.7216356367585,295.6432128675897,295.49007013946147,295.22336308795786,0.4113796228779507,0.41863419242019867,0.41227309973894366,0.4014013661509797,89413.3945,296.70564235934995,-0.31058556604315984,-0.29787120302748304,53.15563052928218,-9.628421504978395,71.83329257854528,73.30402461464455,2.4827509462617194,6.757481686679324,0.40521357058710383,7.0977998155013475,0.14630096169359683
2050-03-01,Kasese,10529.614022288868,0.827247341034288,19.0,0.0,1.0,0.1098988295973021,1.0000305189751728,3.999954221537241,0.1699,30.0781,0.200000000000001,30.100000000000016,0.0032988584664221964,0.0008916933307570593,-0.0025651641608881045,290.164584106486,1.0,0.00017485188254277121,295.55697447276583,296.06064494628305,295.99196541716054,295.82839149397574,295.3425753336894,0.4083850303717047,0.41361888242395684,0.40797180487506113,0.3998155761378339,89413.3945,296.9401927913718,-0.28812138123176867,-0.22351782629229341,57.18581829465267,-9.791659042065444,60.69026053917468,71.1828534200627,2.663190818595435,7.0990349577197,0.45819787975827975,6.958717212181516,0.19204035026806762
2050-04-01,Kasese,10529.614022288868,0.827247341034288,19.0,0.0,1.0,0.1098988295973021,1.0000305189751728,3.999954221537241,0.1699,30.0781,0.200000000000001,30.100000000000016,0.004155038451400372,0.0012655596925738022,-0.0026802260161005605,290.5164184979981,1.0,0.00020650704449581334,295.3909538458411,295.9300891929002,295.91600943479307,295.8781838254428,295.48129993578584,0.42080148663177086,0.423226578184902,0.4107378098519568,0.4000459470840268,89413.3945,296.7919256036151,-0.32214323072912876,-0.12421117506599466,81.33539023090252,-9.663802211858735,64.68481141855078,69.64125849733342,3.7923698142872766,8.415392727325516,1.1171046904690223,7.221666189040435,0.6160878141596878
2050-05-01,Kasese,10529.614022288868,0.827247341034288,19.0,0.0,1.0,0.1098988295973021,1.0000305189751728,3.999954221537241,0.1699,30.0781,0.200000000000001,30.100000000000016,0.00481480216953314,0.0016971368801585937,-0.0028591986043414387,290.8553511942343,1.0,0.00023771507292268842,294.8687308602637,295.44799461248067,295.491852068229,295.63584240648737,295.5426269230655,0.43717235747676414,0.4391640141770921,0.41699105436476985,0.40183442080899656,89413.3945,296.45181810271976,-0.3562477833090835,-0.022302537359514384,94.79740628954295,-9.95228131526074,78.49586150296072,69.08580307499916,4.400431753498972,8.87400577466636,1.7245610704471421,7.658260026960484,1.0027492961903477
2050-06-01,Kasese,10529.614022288868,0.827247341034288,19.0,0.0,1.0,0.1098988295973021,1.0000305189751728,3.999954221537241,0.1699,30.0781,0.200000000000001,30.100000000000016,0.004467361065067723,0.0017293855979192273,-0.002852907145790591,290.6589147233249,1.0,0.00023265914455149057,294.5668475521268,295.1326976089901,295.1885719397735,295.36608539866086,295.47399563248007,0.4369286937021948,0.44295307224699965,0.4214427199066196,0.4035604167796761,89413.3945,296.31241112754134,-0.3805719355681388,0.039212593737594344,85.84092829358512,-9.886351511319685,87.77413598678903,68.24249345683263,3.990988688089555,8.459226079035995,1.6725182445231654,7.772853827780767,0.9865822562426271
2050-07-01,Kasese,10529.614022288868,0.827247341034288,19.0,0.0,1.0,0.1098988295973021,1.0000305189751728,3.999954221537241,0.1699,30.0781,0.200000000000001,30.100000000000016,0.0033898835378212283,0.0012539371301374185,-0.0026715465001626013,290.05723031304984,1.0,0.00019637088114684417,294.6060521390511,295.134197102295,295.1577611835376,295.2667975795817,295.3560734737411,0.42075029367076683,0.4311623377463107,0.41896487144717426,0.4036571827969051,89413.3945,296.3468847469773,-0.3961817175212135,0.053080835355001264,62.29907975058459,-9.954587472660299,81.31580411268571,67.08104385653012,2.939358797938061,7.249660733464238,0.9681122307181483,7.447623065285334,0.562534792351007
2050-08-01,Kasese,10529.614022288868,0.827247341034288,19.0,0.0,1.0,0.1098988295973021,1.0000305189751728,3.999954221537241,0.1699,30.0781,0.200000000000001,30.100000000000016,0.0027351997286601953,0.0007460522875696687,-0.0025183663424026277,289.68392659201663,1.0,0.0001720000345766095,294.7880906960668,295.28190732149835,295.28500831922406,295.321726948242,295.28467958269084,0.408880992504511,0.41767550517187174,0.4130953084364189,0.40204922724748254,89413.3945,296.3540775256647,-0.40188585119934944,0.04665832635881673,56.427254989659424,-9.939449812310146,68.3990965336168,67.71811837083824,2.660278051097062,7.048171812926019,0.2819909930265602,7.105179137258678,0.16130737112489638
2050-09-01,Kasese,10529.614022288868,0.827247341034288,19.0,0.0,1.0,0.1098988295973021,1.0000305189751728,3.999954221537241,0.1699,30.0781,0.200000000000001,30.100000000000016,0.002660489407591444,0.0005255578095767851,-0.002504840257397209,289.7184104336381,1.0,0.0001722145946611789,294.928420012043,295.4194770252773,295.40767739086556,295.4002505195984,295.26904375456434,0.40730474540449507,0.4125638639003301,0.4084281776859462,0.4000953166970274,89413.3945,296.30916552938396,-0.4002628287069013,0.03072840927562448,68.73666141898248,-9.943063532156264,62.880571463066154,69.58522210412573,3.2117660098187204,7.5743731065515645,0.026154979107700167,6.9570660070339025,0.0066943116219868775
2050-10-01,Kasese,10529.614022288868,0.827247341034288,19.0,0.0,1.0,0.1098988295973021,1.0000305189751728,3.999954221537241,0.1699,30.0781,0.200000000000001,30.100000000000016,0.0033505073177398878,0.0007107059409663666,-0.002610639301714027,290.1542778460395,1.0,0.00019623032113939276,294.858263729135,295.3848123366092,295.3937760010712,295.4366755766803,295.2885509890437,0.4201417488423426,0.4199599800219093,0.40765378734248653,0.39928172603924533,89413.3945,296.13384424815575,-0.381217703284531,-0.00471438423608269,89.33335608236068,-9.9272334254338,71.90113015043856,70.90722968644111,4.144963334040491,8.480178331191182,0.24563880975025368,7.154236192985397,0.11552357094496385
2050-11-01,Kasese,10529.614022288868,0.827247341034288,19.0,0.0,1.0,0.1098988295973021,1.0000305189751728,3.999954221537241,0.1699,30.0781,0.200000000000001,30.100000000000016,0.004033930013857329,0.0011276842755670094,-0.0027309272515424914,290.46789313958294,1.0,0.00022245161517851905,294.5763180587757,295.1523466356205,295.1923559142161,295.30278020931365,295.27628443567255,0.43433832758061275,0.43320495003015463,0.4127038441434901,0.40063240780524717,89413.3945,296.0170175661479,-0.37991665497689614,-0.08626610284681883,98.3463950391427,-9.875608529665671,86.0494839804707,71.43813601789283,4.563229522964382,8.66660544208427,0.7521052052299457,7.483746784095686,0.4200104436621344
2050-12-01,Kasese,10529.614022288868,0.827247341034288,19.0,0.0,1.0,0.1098988295973021,1.0000305189751728,3.999954221537241,0.1699,30.0781,0.200000000000001,30.100000000000016,0.004214286466679506,0.0014039012752170437,-0.002806560498195896,290.5612797843426,1.0,0.00023017997510061742,294.38638484703165,294.96870150775436,295.00371470613214,295.15569229126953,295.24133930865304,0.4402553885283875,0.4406443280549422,0.4173709748939629,0.40275433615368805,89413.3945,295.9553463535171,-0.3752657196896727,-0.1981131451633522,90.54354157746093,-10.038623299395452,93.35506402606556,72.18136027044244,4.2116386985910435,8.201959467999577,1.0217473800421066,7.676072936854019,0.5590789447664234
